start,end,label,Loudness_sma3,alphaRatio_sma3,hammarbergIndex_sma3,slope0-500_sma3,slope500-1500_sma3,spectralFlux_sma3,mfcc1_sma3,mfcc2_sma3,mfcc3_sma3,mfcc4_sma3,F0semitoneFrom27.5Hz_sma3nz,jitterLocal_sma3nz,shimmerLocaldB_sma3nz,HNRdBACF_sma3nz,logRelF0-H1-H2_sma3nz,logRelF0-H1-A3_sma3nz,F1frequency_sma3nz,F1bandwidth_sma3nz,F1amplitudeLogRelF0_sma3nz,F2frequency_sma3nz,F2bandwidth_sma3nz,F2amplitudeLogRelF0_sma3nz,F3frequency_sma3nz,F3bandwidth_sma3nz,F3amplitudeLogRelF0_sma3nz,original_start,original_end
0 days 00:00:00,0 days 00:00:00.025011338,answer1,0.29144618,-7.274179,12.507976,0.021414483,-0.019811545,0.015861182,12.879367,4.931457,-2.1513498,-8.943224,0.0,0.0,0.0,0.0,0.0,0.0,765.2019,1450.3153,-201.0,1734.1625,1081.4355,-201.0,2651.0403,729.811,-201.0,0 days 00:00:06.806806807,0 days 00:00:06.831818145
0 days 00:00:00.010000,0 days 00:00:00.035011338,answer1,0.2886739,-8.896005,16.305923,0.01890019,-0.013347156,0.040501583,14.264705,7.6024146,-1.7445427,-5.861999,0.0,0.0,0.0,0.0,0.0,0.0,800.2637,1422.1201,-201.0,1797.6875,1085.1927,-201.0,2727.4773,706.4043,-201.0,0 days 00:00:06.816806807,0 days 00:00:06.841818145
0 days 00:00:00.020000,0 days 00:00:00.045011338,answer1,0.28168157,-10.637773,19.249819,0.018432183,-0.010020834,0.05751021,15.594566,10.170044,-1.0613852,-2.5973027,0.0,0.0,0.0,0.0,0.0,0.0,826.7596,1498.942,-201.0,1793.2081,1136.8163,-201.0,2740.5674,775.70776,-201.0,0 days 00:00:06.826806807,0 days 00:00:06.851818145
0 days 00:00:00.030000,0 days 00:00:00.055011338,answer1,0.28106713,-11.739507,20.458897,0.019285107,-0.010349566,0.05915293,16.742601,10.997089,-1.1979333,-2.3122118,0.0,0.0,0.0,0.0,0.0,0.0,894.6577,1437.9926,-201.0,1943.6781,1103.8408,-201.0,3038.918,1403.2072,-201.0,0 days 00:00:06.836806807,0 days 00:00:06.861818145
0 days 00:00:00.040000,0 days 00:00:00.065011338,answer1,0.26734293,-11.024228,18.838263,0.0151788825,-0.013782617,0.046782076,15.78083,9.12645,-1.9022611,-2.3361027,0.0,0.0,0.0,0.0,0.0,0.0,879.6252,1439.9727,-201.0,1914.9229,1148.4974,-201.0,3007.9492,1419.1313,-201.0,0 days 00:00:06.846806807,0 days 00:00:06.871818145
0 days 00:00:00.050000,0 days 00:00:00.075011338,answer1,0.28411075,-8.1286955,14.349246,0.018370897,-0.015148141,0.049345832,14.567506,3.5471249,-0.9649616,-4.3832874,0.0,0.0,0.0,0.0,0.0,0.0,854.4733,1404.2928,-201.0,1954.3395,1043.7954,-201.0,3060.8484,1271.2406,-201.0,0 days 00:00:06.856806807,0 days 00:00:06.881818145
0 days 00:00:00.060000,0 days 00:00:00.085011338,answer1,0.28472307,-8.1038265,12.829261,0.02898114,-0.016895527,0.04756092,14.61299,3.4688404,-1.3381218,-5.4851403,0.0,0.0,0.0,0.0,0.0,0.0,833.97974,1325.1609,-201.0,1885.2133,978.87256,-201.0,2750.2087,714.6995,-201.0,0 days 00:00:06.866806807,0 days 00:00:06.891818145
0 days 00:00:00.070000,0 days 00:00:00.095011338,answer1,0.29024974,-8.1935005,13.534753,0.04279874,-0.014253669,0.04691489,15.841483,3.1324718,-2.1543005,-7.007546,0.0,0.0,0.0,0.0,0.0,0.0,823.7297,1264.9463,-201.0,1912.5708,902.9046,-201.0,2796.1426,815.80695,-201.0,0 days 00:00:06.876806807,0 days 00:00:06.901818145
0 days 00:00:00.080000,0 days 00:00:00.105011338,answer1,0.267893,-10.73378,17.699638,0.044551145,-0.014764839,0.047607973,17.510935,7.855746,-2.8568103,-6.056452,0.0,0.0,0.0,0.0,0.0,0.0,843.02246,1210.8926,-201.0,1864.0223,935.0612,-201.0,2767.6047,835.87354,-201.0,0 days 00:00:06.886806807,0 days 00:00:06.911818145
0 days 00:00:00.090000,0 days 00:00:00.115011338,answer1,0.27013037,-11.228734,18.586071,0.03659757,-0.014011611,0.045668583,18.062563,7.625021,-3.4431274,-6.2590804,0.0,0.0,0.0,0.0,0.0,0.0,842.6241,1216.4524,-201.0,1862.7178,972.89325,-201.0,2784.6853,832.6838,-201.0,0 days 00:00:06.896806807,0 days 00:00:06.921818145
0 days 00:00:00.100000,0 days 00:00:00.125011338,answer1,0.27338472,-10.063242,15.601978,0.01997059,-0.018641092,0.050282326,16.588877,7.5013313,1.2394928,-9.211776,0.0,0.0,0.0,0.0,0.0,0.0,830.58417,1286.9376,-201.0,1800.5518,991.9168,-201.0,2704.0881,745.804,-201.0,0 days 00:00:06.906806807,0 days 00:00:06.931818145
0 days 00:00:00.110000,0 days 00:00:00.135011338,answer1,0.314083,-8.559356,14.612958,0.015486006,-0.01855286,0.056096826,15.535296,4.4567103,4.39698,-12.77552,0.0,0.0,0.0,0.0,0.0,0.0,800.4222,1252.2097,-201.0,1821.0898,905.33124,-201.0,2710.1165,777.6319,-201.0,0 days 00:00:06.916806807,0 days 00:00:06.941818145
0 days 00:00:00.120000,0 days 00:00:00.145011338,answer1,0.3725544,-7.0271945,14.564397,0.022305468,-0.01615007,0.06710058,13.599389,2.8779705,7.7147174,-15.343212,0.0,0.0,0.0,0.0,0.0,0.0,825.67,1214.7184,-201.0,1858.3522,891.7419,-201.0,2729.68,777.4275,-201.0,0 days 00:00:06.926806807,0 days 00:00:06.951818145
0 days 00:00:00.130000,0 days 00:00:00.155011338,answer1,0.4652408,-7.4020333,15.944957,0.033312306,-0.01573975,0.093671285,13.908462,0.92575,6.176623,-17.580454,0.0,0.0,0.0,0.0,0.0,0.0,868.88214,1084.4866,-201.0,1968.7412,817.4131,-201.0,2760.1638,984.96826,-201.0,0 days 00:00:06.936806807,0 days 00:00:06.961818145
0 days 00:00:00.140000,0 days 00:00:00.165011338,answer1,0.52022016,-7.2578235,14.653919,0.02827476,-0.018154977,0.09796531,12.7033615,2.0694666,7.16495,-18.263512,0.0,0.0,0.0,0.0,0.0,0.0,905.8225,982.6545,-201.0,2011.4486,737.76465,-201.0,2831.3152,1013.21234,-201.0,0 days 00:00:06.946806807,0 days 00:00:06.971818145
0 days 00:00:00.150000,0 days 00:00:00.175011338,answer1,0.53126323,-4.9541125,9.621384,0.018442677,-0.020242425,0.12367525,10.239017,0.26666737,8.418286,-17.433252,0.0,0.0,0.0,0.0,0.0,0.0,880.8703,1159.2445,-201.0,1930.6849,733.92725,-201.0,2822.255,1002.1905,-201.0,0 days 00:00:06.956806807,0 days 00:00:06.981818145
0 days 00:00:00.160000,0 days 00:00:00.185011338,answer1,0.5192004,-2.2680032,5.021958,0.013170361,-0.014692343,0.10947297,7.7434387,-1.25478,10.21255,-12.283302,0.0,0.0,0.0,0.0,0.0,0.0,828.7688,1224.8912,-201.0,1821.856,716.5949,-201.0,2790.5164,744.94086,-201.0,0 days 00:00:06.966806807,0 days 00:00:06.991818145
0 days 00:00:00.170000,0 days 00:00:00.195011338,answer1,0.6449184,1.5629334,2.2151144,0.013549961,-2.773727e-05,0.19410734,7.8458676,-9.930432,3.6193008,-3.8415062,0.0,0.0,0.0,0.0,0.0,0.0,636.597,1341.2856,-201.0,1647.1622,1044.4711,-138.04488,2525.9385,823.7583,-139.17293,0 days 00:00:06.976806807,0 days 00:00:07.001818145
0 days 00:00:00.180000,0 days 00:00:00.205011338,answer1,0.74027795,-1.9918667,8.3668165,0.018664178,0.0035029098,0.29008347,13.328136,-8.742127,-0.66205525,0.4103,37.91575,0.0,0.0,3.9842174,-3.893093,4.2415075,663.14764,1197.1647,0.0,1710.296,1134.1637,-77.08979,2482.9255,906.3249,-78.21784,0 days 00:00:06.986806807,0 days 00:00:07.011818145
0 days 00:00:00.190000,0 days 00:00:00.215011338,answer1,1.0517465,-6.210219,13.865384,0.027962236,-0.009500996,0.6330785,18.675756,-7.8811774,1.8249184,-5.267268,37.8703,0.0,0.0,5.224274,-5.636501,5.004435,672.5262,1140.8595,-4.125478,1787.0646,1050.5077,-15.840745,2632.3772,996.46234,-17.274015,0 days 00:00:06.996806807,0 days 00:00:07.021818145
0 days 00:00:00.200000,0 days 00:00:00.225011338,answer1,1.356163,-11.4365425,17.88522,0.042819615,-0.02901382,0.84893703,21.19195,-1.9228338,11.08553,-18.538538,37.786213,0.054839976,3.0364575,7.6937966,-8.119162,6.0034995,812.81134,1039.9559,-3.3791974,1951.8477,696.3671,-18.70201,2827.9563,857.469,-17.50186,0 days 00:00:07.006806807,0 days 00:00:07.031818145
0 days 00:00:00.210000,0 days 00:00:00.235011338,answer1,1.7287097,-11.81042,16.118532,0.059175532,-0.042165156,0.8758516,20.108088,-0.8781576,18.356108,-32.40295,37.56056,0.04582653,2.3775036,8.7629175,-8.971691,5.2012324,730.73834,1115.708,-2.624163,1997.734,630.66266,-21.597467,2810.765,867.16943,-16.797087,0 days 00:00:07.016806807,0 days 00:00:07.041818145
0 days 00:00:00.220000,0 days 00:00:00.245011338,answer1,1.8533112,-11.10014,15.03196,0.065268375,-0.041652415,0.67933464,18.436495,0.89670706,20.401556,-37.962887,37.385784,0.034327168,1.6249099,9.44856,-7.9460144,3.726948,715.90204,1076.9652,-4.466905,2002.4326,559.41583,-24.660583,2703.2317,771.688,-16.139868,0 days 00:00:07.026806807,0 days 00:00:07.051818145
0 days 00:00:00.230000,0 days 00:00:00.255011337,answer1,1.7415167,-11.712741,15.237236,0.0633035,-0.038082305,0.5825939,17.616522,5.406399,22.704254,-36.802826,37.246387,0.013361272,0.5575922,9.68711,-5.2444835,4.119651,726.9085,1020.616,-8.559453,2039.1791,490.33008,-28.1178,2713.4133,756.3992,-17.923586,0 days 00:00:07.036806807,0 days 00:00:07.061818144
0 days 00:00:00.240000,0 days 00:00:00.265011338,answer1,1.4850502,-13.984676,18.396448,0.055454373,-0.033591617,0.5886991,18.266918,8.525941,24.773674,-32.274372,37.055603,0.0056585353,0.41284022,9.865954,-0.31585756,6.185868,818.5898,1019.4709,-17.212326,2103.6943,399.49698,-28.301725,2792.3503,1076.7339,-20.754255,0 days 00:00:07.046806807,0 days 00:00:07.071818145
0 days 00:00:00.250000,0 days 00:00:00.275011338,answer1,1.1736335,-16.78278,21.713968,0.056555077,-0.029818045,0.5606108,18.497818,12.061287,26.47165,-27.256353,36.84562,0.004316076,0.6630094,9.820659,4.8990645,11.239871,901.6507,1119.5546,-28.286644,2174.4075,478.23404,-33.948288,2948.5596,1614.3793,-25.210783,0 days 00:00:07.056806807,0 days 00:00:07.081818145
0 days 00:00:00.260000,0 days 00:00:00.285011338,answer1,0.9420995,-19.021826,24.462494,0.059421074,-0.033633154,0.413777,19.425783,15.768321,26.949242,-24.682524,36.663425,0.0107631,0.9416413,9.845798,8.468921,15.707185,898.6351,1282.3341,-30.11766,2159.59,713.89044,-36.421024,2885.3408,1692.2383,-27.939255,0 days 00:00:07.066806807,0 days 00:00:07.091818145
0 days 00:00:00.270000,0 days 00:00:00.295011338,answer1,0.8108408,-20.390661,25.79531,0.056594554,-0.03591369,0.2794549,20.797882,18.0407,27.45275,-18.617281,36.567173,0.019939048,0.84773254,9.453214,11.213276,17.76943,903.10767,1459.4673,-31.453833,2126.0657,838.7107,-39.84607,3040.0764,1876.9186,-28.221193,0 days 00:00:07.076806807,0 days 00:00:07.101818145
0 days 00:00:00.280000,0 days 00:00:00.305011338,answer1,0.7692538,-20.607555,25.699495,0.057842765,-0.034998108,0.19498058,20.946646,20.508532,27.987883,-14.778396,36.329075,0.02240161,0.54735,9.17601,14.450841,17.428259,695.764,1524.1538,-20.195215,1969.2594,1034.2535,-39.76532,2795.8445,1378.084,-26.27777,0 days 00:00:07.086806807,0 days 00:00:07.111818145
0 days 00:00:00.290000,0 days 00:00:00.315011338,answer1,0.7635638,-19.430109,24.454844,0.055042595,-0.035038635,0.21898387,19.84349,22.372917,27.131119,-17.010656,36.08429,0.022258626,0.47438034,8.56439,14.7567835,15.781756,669.3845,1519.2963,-19.47632,2068.6062,772.5888,-38.37592,2867.1008,1667.4769,-23.606428,0 days 00:00:07.096806807,0 days 00:00:07.121818145
0 days 00:00:00.300000,0 days 00:00:00.325011338,answer1,0.76187706,-18.043976,22.330793,0.054825198,-0.030883076,0.22854118,18.793396,23.241468,25.541395,-21.36763,35.82364,0.021902971,0.4247438,8.381965,13.938512,15.160904,481.35733,1370.2611,-11.562688,1835.6133,836.7104,-39.910152,2613.7737,996.9758,-23.318901,0 days 00:00:07.106806807,0 days 00:00:07.131818145
0 days 00:00:00.310000,0 days 00:00:00.335011338,answer1,0.695841,-17.825485,22.867752,0.04013225,-0.031431194,0.24081922,19.688643,22.738836,23.655325,-22.733912,35.844498,0.02088142,0.591471,7.913063,11.279107,14.145829,625.4827,1455.1256,-16.941025,1908.5887,1064.4364,-39.14767,2613.5088,945.7883,-24.596521,0 days 00:00:07.116806807,0 days 00:00:07.141818145
0 days 00:00:00.320000,0 days 00:00:00.345011338,answer1,0.6074514,-18.477987,23.71283,0.039506655,-0.028185675,0.21046752,19.98339,20.315382,19.613348,-18.439651,36.280907,0.015375399,0.716393,7.1759276,10.335984,14.163208,717.88727,1345.3153,-21.033073,1877.2819,1208.7758,-37.86993,2718.5771,800.16284,-25.650377,0 days 00:00:07.126806807,0 days 00:00:07.151818145
0 days 00:00:00.330000,0 days 00:00:00.355011338,answer1,0.5050139,-17.862236,23.554949,0.040279232,-0.027783042,0.25136688,19.83988,17.324635,14.154324,-13.842796,36.56296,0.0074869543,0.9772376,6.5990877,9.358831,13.845559,862.58124,1336.3839,-84.80068,1979.7837,1181.2383,-90.78634,2796.4656,795.9748,-84.485146,0 days 00:00:07.136806807,0 days 00:00:07.161818145
0 days 00:00:00.340000,0 days 00:00:00.365011338,answer1,0.48589054,-11.785309,19.151665,0.04176418,-0.02144818,0.2537751,19.459757,6.6409163,4.5813346,-6.072031,0.0,0.0,0.0,0.0,0.0,0.0,929.83325,1185.3187,-143.9256,1933.897,950.07697,-144.16895,2924.4104,986.59784,-142.29547,0 days 00:00:07.146806807,0 days 00:00:07.171818145
0 days 00:00:00.350000,0 days 00:00:00.375011338,answer1,0.47591665,-6.6833224,15.166897,0.038835105,-0.013317426,0.21775152,19.457193,-3.097761,1.2002958,3.017268,0.0,0.0,0.0,0.0,0.0,0.0,923.7585,1353.9054,-201.0,1768.3307,1132.6866,-201.0,2752.1033,876.45,-201.0,0 days 00:00:07.156806807,0 days 00:00:07.181818145
0 days 00:00:00.360000,0 days 00:00:00.385011338,answer1,0.5165134,-1.4560486,11.891858,0.035652295,-0.0063381684,0.15987018,17.835855,-11.6522875,1.7092257,12.536939,0.0,0.0,0.0,0.0,0.0,0.0,981.5157,1524.7125,-201.0,1688.1802,1122.1627,-201.0,2741.3223,1007.8411,-201.0,0 days 00:00:07.166806807,0 days 00:00:07.191818145
0 days 00:00:00.370000,0 days 00:00:00.395011338,answer1,0.5513316,-1.0300664,11.040421,0.023928748,-0.003860088,0.122228146,16.023531,-12.674286,6.815426,17.256775,0.0,0.0,0.0,0.0,0.0,0.0,997.90106,1457.2733,-201.0,1684.9911,1188.3993,-201.0,2683.0264,868.0894,-201.0,0 days 00:00:07.176806807,0 days 00:00:07.201818145
0 days 00:00:00.380000,0 days 00:00:00.405011338,answer1,0.652473,-3.041069,14.060222,0.023134561,-0.008227586,0.1970443,20.062193,-12.466728,6.0860004,14.668895,0.0,0.0,0.0,0.0,0.0,0.0,987.59296,1370.5406,-134.92686,1697.6924,1161.0737,-140.06851,2697.4238,786.09344,-142.66086,0 days 00:00:07.186806807,0 days 00:00:07.211818145
0 days 00:00:00.390000,0 days 00:00:00.415011338,answer1,0.85669786,-6.7540474,16.215418,0.027374506,-0.014667668,0.38100088,26.387772,-11.347104,2.58799,4.0563645,34.37035,0.0,0.0,5.262142,-1.784892,22.337393,843.0044,1230.028,-67.84086,1754.9507,1144.5863,-79.58407,2777.7317,718.4614,-84.027245,0 days 00:00:07.196806807,0 days 00:00:07.221818145
0 days 00:00:00.400000,0 days 00:00:00.425011338,answer1,1.1054051,-10.87564,19.226465,0.04506536,-0.023471551,0.49017343,33.031048,-8.893489,-2.6997662,-8.808471,34.427876,0.0,0.0,6.2069144,-1.3512341,21.918945,623.3106,1551.3729,0.15582085,1539.6198,1347.6958,-14.491988,2676.9304,814.2524,-23.057907,0 days 00:00:07.206806807,0 days 00:00:07.231818145
0 days 00:00:00.410000,0 days 00:00:00.435011338,answer1,1.3343118,-12.35673,19.795973,0.054412205,-0.026795544,0.56800646,35.484707,-8.886966,-6.7337365,-18.841574,34.57633,0.0,0.9448947,7.7003427,-0.123691164,26.733683,621.6193,1529.3374,1.1533836,1653.0557,1294.5885,-15.220717,2915.0332,932.3047,-24.97376,0 days 00:00:07.216806807,0 days 00:00:07.241818145
0 days 00:00:00.420000,0 days 00:00:00.445011338,answer1,1.5072321,-13.228938,21.089165,0.06691736,-0.02737444,0.56073385,35.875294,-9.486314,-7.44878,-21.642235,34.946037,0.01112492,0.87640524,7.699331,2.205773,26.194046,705.61957,1449.1627,-0.95056725,1686.4047,1265.7546,-16.470936,2841.25,981.1882,-22.757477,0 days 00:00:07.226806807,0 days 00:00:07.251818145
0 days 00:00:00.430000,0 days 00:00:00.455011338,answer1,1.636563,-14.1904,21.314997,0.081057474,-0.029348215,0.75380087,34.72188,-10.628282,-2.5490866,-24.043543,35.396038,0.011573409,0.7254131,7.925846,4.983874,26.165749,853.6931,1310.6453,-6.911585,1979.5502,901.7496,-20.12309,3041.166,1462.4506,-22.286886,0 days 00:00:07.236806807,0 days 00:00:07.261818145
0 days 00:00:00.440000,0 days 00:00:00.465011338,answer1,1.7055722,-15.466446,20.772276,0.08527168,-0.029695464,0.7922797,32.797253,-8.8425,7.794763,-24.763872,35.679806,0.01341747,0.4908423,7.978762,8.098811,23.69316,811.4406,1360.9463,-9.298638,1920.7427,915.8181,-22.929123,2800.1418,1390.0414,-19.655336,0 days 00:00:07.246806807,0 days 00:00:07.271818145
0 days 00:00:00.450000,0 days 00:00:00.475011338,answer1,1.631128,-17.35163,21.84575,0.08512717,-0.032019053,0.79125166,31.738745,-5.67819,15.884811,-26.401901,35.72191,0.012729022,0.3473777,6.450956,11.431935,26.18834,659.3326,1584.3173,-6.3283677,1674.1022,1142.25,-20.417131,2570.7927,1454.9183,-22.409208,0 days 00:00:07.256806807,0 days 00:00:07.281818145
0 days 00:00:00.460000,0 days 00:00:00.485011338,answer1,1.4331306,-18.92726,23.054884,0.09008273,-0.033606872,0.8577914,31.471827,0.45213667,20.493364,-26.425482,35.6364,0.012858339,0.45308584,5.2884326,13.222711,28.783932,651.95917,1558.7289,-68.36404,1704.1488,1078.6718,-81.85705,2739.3438,993.38043,-83.84913,0 days 00:00:07.266806807,0 days 00:00:07.291818145
0 days 00:00:00.470000,0 days 00:00:00.495011338,answer1,1.1540393,-19.19695,22.722649,0.08842075,-0.036592156,0.93597454,30.092176,5.5093493,21.3832,-26.20389,0.0,0.0,0.0,0.0,0.0,0.0,654.5809,1507.0695,-133.04768,1719.1552,1023.2419,-139.25378,2745.485,964.3376,-142.90398,0 days 00:00:07.276806807,0 days 00:00:07.301818145
0 days 00:00:00.480000,0 days 00:00:00.505011338,answer1,0.8999428,-18.801805,21.676458,0.08574969,-0.03740621,0.9104433,28.521378,9.326957,19.348608,-25.613886,0.0,0.0,0.0,0.0,0.0,0.0,590.5142,1560.9857,-201.0,1698.4731,939.48663,-201.0,2774.6658,899.24786,-201.0,0 days 00:00:07.286806807,0 days 00:00:07.311818145
0 days 00:00:00.490000,0 days 00:00:00.515011338,answer1,0.714392,-17.925333,21.113386,0.07723882,-0.031545207,0.62856984,26.32239,10.680843,15.576642,-19.29402,0.0,0.0,0.0,0.0,0.0,0.0,453.93814,1698.1322,-201.0,1383.9564,1548.2784,-201.0,2373.6707,735.09283,-201.0,0 days 00:00:07.296806807,0 days 00:00:07.321818145
0 days 00:00:00.500000,0 days 00:00:00.525011338,answer1,0.6425397,-16.0726,20.636932,0.071110174,-0.020931602,0.40474555,24.473494,9.09604,9.607304,-11.98727,0.0,0.0,0.0,0.0,0.0,0.0,560.68164,1754.0101,-201.0,1446.9386,1642.2012,-201.0,2445.0505,710.9319,-201.0,0 days 00:00:07.306806807,0 days 00:00:07.331818145
0 days 00:00:00.510000,0 days 00:00:00.535011338,answer1,0.56973577,-15.566329,20.253801,0.06119719,-0.013979294,0.27009508,22.860113,10.6898,8.331262,-5.943081,0.0,0.0,0.0,0.0,0.0,0.0,790.2507,1631.6948,-201.0,1659.5806,1641.652,-201.0,2589.0193,639.5567,-201.0,0 days 00:00:07.316806807,0 days 00:00:07.341818145
0 days 00:00:00.520000,0 days 00:00:00.545011338,answer1,0.49165213,-14.566485,20.149849,0.059373867,-0.013983299,0.21383673,20.907906,10.95615,5.0438833,-8.147412,0.0,0.0,0.0,0.0,0.0,0.0,731.03955,1630.8285,-201.0,1654.64,1314.683,-201.0,2537.258,886.3587,-201.0,0 days 00:00:07.326806807,0 days 00:00:07.351818145
0 days 00:00:00.530000,0 days 00:00:00.555011338,answer1,0.37914667,-14.739453,19.635015,0.06268494,-0.022024544,0.15392695,19.185833,14.095935,5.355334,-10.1358795,0.0,0.0,0.0,0.0,0.0,0.0,512.9811,1721.3724,-201.0,1574.4901,1364.7661,-201.0,2458.9597,1124.0519,-201.0,0 days 00:00:07.336806807,0 days 00:00:07.361818145
0 days 00:00:00.540000,0 days 00:00:00.565011338,answer1,0.31867263,-13.270162,19.037077,0.057971954,-0.019219358,0.119660854,17.58642,14.116123,3.8472106,-6.9627876,0.0,0.0,0.0,0.0,0.0,0.0,624.1465,1669.9668,-201.0,1546.7228,2054.7986,-201.0,2437.4841,1171.4429,-201.0,0 days 00:00:07.346806807,0 days 00:00:07.371818145
0 days 00:00:00.550000,0 days 00:00:00.575011338,answer1,0.2846847,-13.156124,17.928736,0.037625913,-0.017447112,0.06518708,16.964127,16.051052,5.7976327,-3.481739,0.0,0.0,0.0,0.0,0.0,0.0,830.4217,1587.9486,-201.0,1711.3457,2026.2125,-201.0,2567.6174,950.9809,-201.0,0 days 00:00:07.356806807,0 days 00:00:07.381818145
0 days 00:00:00.560000,0 days 00:00:00.585011338,answer1,0.27662656,-13.535832,19.087229,0.018705877,-0.010937247,0.049854945,17.5294,16.490408,5.6774898,-3.8344796,0.0,0.0,0.0,0.0,0.0,0.0,959.51434,1371.2573,-201.0,1743.0743,1828.5682,-201.0,2616.0837,746.5278,-201.0,0 days 00:00:07.366806807,0 days 00:00:07.391818145
0 days 00:00:00.570000,0 days 00:00:00.595011338,answer1,0.26559857,-13.447823,20.12355,0.007370593,-0.012349579,0.048854668,16.887817,15.846774,3.8944705,-4.58402,0.0,0.0,0.0,0.0,0.0,0.0,837.4663,1349.0114,-201.0,1829.5616,1095.7123,-201.0,2670.953,803.0945,-201.0,0 days 00:00:07.376806807,0 days 00:00:07.401818145
0 days 00:00:00.580000,0 days 00:00:00.605011338,answer1,0.26057646,-12.839711,19.419802,0.0037201561,-0.0123954965,0.052796096,17.063065,13.935608,1.4427009,-3.9774926,0.0,0.0,0.0,0.0,0.0,0.0,820.2547,1221.4957,-201.0,1858.6285,962.62714,-201.0,2720.7493,778.0058,-201.0,0 days 00:00:07.386806807,0 days 00:00:07.411818145
0 days 00:00:00.590000,0 days 00:00:00.615011338,answer1,0.24902509,-12.123688,18.382355,0.0067101526,-0.013475354,0.051234588,16.993118,11.700688,-1.407827,-3.521184,0.0,0.0,0.0,0.0,0.0,0.0,841.2753,1324.1844,-201.0,1858.2592,1099.4823,-201.0,2745.3845,803.9753,-201.0,0 days 00:00:07.396806807,0 days 00:00:07.421818145
0 days 00:00:00.600000,0 days 00:00:00.625011338,answer1,0.25208715,-12.386218,17.391014,0.018310761,-0.015688414,0.050327826,17.700815,11.78733,-0.41473314,-5.6884036,0.0,0.0,0.0,0.0,0.0,0.0,916.73193,1352.3867,-201.0,1953.3502,1035.2532,-201.0,2928.8145,1107.56,-201.0,0 days 00:00:07.406806807,0 days 00:00:07.431818145
0 days 00:00:00.610000,0 days 00:00:00.635011338,answer1,0.26467407,-12.78341,18.037155,0.02623794,-0.018293835,0.046135724,18.209269,11.8879175,1.0130887,-6.1693788,0.0,0.0,0.0,0.0,0.0,0.0,1047.706,1402.6635,-201.0,2136.0342,964.76044,-201.0,3395.4363,1252.2845,-201.0,0 days 00:00:07.416806807,0 days 00:00:07.441818145
0 days 00:00:00.620000,0 days 00:00:00.645011338,answer1,0.28011078,-13.2718725,19.094316,0.031910114,-0.020160437,0.046962906,17.390326,13.25995,3.0349483,-5.29676,0.0,0.0,0.0,0.0,0.0,0.0,1031.3102,1406.7705,-201.0,2088.9246,980.53973,-201.0,3337.912,1237.6606,-201.0,0 days 00:00:07.426806807,0 days 00:00:07.451818145
0 days 00:00:00.630000,0 days 00:00:00.655011338,answer1,0.27815834,-12.056221,17.676952,0.027980251,-0.02163204,0.05522487,15.485837,12.068748,2.023567,-6.9810715,0.0,0.0,0.0,0.0,0.0,0.0,957.4524,1282.5592,-201.0,2008.4043,934.4915,-201.0,3183.1106,840.16095,-201.0,0 days 00:00:07.436806807,0 days 00:00:07.461818145
0 days 00:00:00.640000,0 days 00:00:00.665011338,answer1,0.27446333,-10.3196745,15.602035,0.028954843,-0.018985542,0.05345115,13.962928,9.975389,-0.69866633,-9.762459,0.0,0.0,0.0,0.0,0.0,0.0,629.12726,1510.9092,-201.0,1603.108,1197.8234,-201.0,2564.0117,705.8154,-201.0,0 days 00:00:07.446806807,0 days 00:00:07.471818145
0 days 00:00:00.650000,0 days 00:00:00.675011338,answer1,0.32479456,-8.393546,16.501356,0.023161529,-0.016403137,0.08533546,15.798286,3.256938,-7.7814045,-10.964546,0.0,0.0,0.0,0.0,0.0,0.0,465.49484,1562.5001,-201.0,1439.8717,1202.7052,-201.0,2499.4424,724.9886,-201.0,0 days 00:00:07.456806807,0 days 00:00:07.481818145
0 days 00:00:00.660000,0 days 00:00:00.685011338,answer1,0.4109311,-6.1908183,17.050808,0.02863329,-0.0117277345,0.09818572,19.108223,-3.67033,-15.222354,-10.168644,0.0,0.0,0.0,0.0,0.0,0.0,534.7297,1561.341,-201.0,1495.374,1301.1644,-201.0,2545.5618,1071.7345,-201.0,0 days 00:00:07.466806807,0 days 00:00:07.491818145
0 days 00:00:00.670000,0 days 00:00:00.695011338,answer1,0.47223845,-4.831825,19.23931,0.03354534,-0.005530158,0.13253258,21.84138,-6.3473077,-19.12111,-6.682974,0.0,0.0,0.0,0.0,0.0,0.0,785.43134,1207.1615,-201.0,1781.361,1125.91,-201.0,2808.325,1333.705,-201.0,0 days 00:00:07.476806807,0 days 00:00:07.501818145
0 days 00:00:00.680000,0 days 00:00:00.705011338,answer1,0.4536594,-3.945276,17.6662,0.03934413,-0.0023606233,0.120128304,21.537384,-3.9935343,-18.222017,-5.158675,0.0,0.0,0.0,0.0,0.0,0.0,953.5037,1225.7246,-201.0,1880.043,1157.6364,-201.0,2886.9148,1270.3462,-201.0,0 days 00:00:07.486806807,0 days 00:00:07.511818145
0 days 00:00:00.690000,0 days 00:00:00.715011338,answer1,0.4039639,-4.7355533,16.745222,0.03349873,-0.0033254835,0.106159545,19.893911,-1.2504219,-14.894647,-4.4155746,0.0,0.0,0.0,0.0,0.0,0.0,897.42334,1232.8727,-201.0,1804.0063,1054.9568,-201.0,2841.8645,964.63916,-201.0,0 days 00:00:07.496806807,0 days 00:00:07.521818145
0 days 00:00:00.700000,0 days 00:00:00.725011338,answer1,0.3804103,-4.6355767,14.854034,0.03190437,-0.0017947657,0.078609906,16.561277,-0.14362426,-15.803861,-3.9497566,0.0,0.0,0.0,0.0,0.0,0.0,746.0623,1282.8523,-201.0,1643.043,1108.8524,-201.0,2662.1448,834.83575,-201.0,0 days 00:00:07.506806807,0 days 00:00:07.531818145
0 days 00:00:00.710000,0 days 00:00:00.735011338,answer1,0.40966105,-3.4308903,11.27465,0.016726155,-0.003990063,0.07167075,9.154507,2.5480597,-14.73619,-1.242989,0.0,0.0,0.0,0.0,0.0,0.0,600.35004,1238.9342,-201.0,1523.2485,1140.8844,-201.0,2461.4749,957.9121,-201.0,0 days 00:00:07.516806807,0 days 00:00:07.541818145
0 days 00:00:00.720000,0 days 00:00:00.745011338,answer1,0.4719096,-0.69387054,7.084486,0.008323654,-0.004294002,0.068664126,1.0856676,5.280179,-11.236996,0.963473,0.0,0.0,0.0,0.0,0.0,0.0,471.8623,1228.6522,-201.0,1410.4819,1234.9442,-201.0,2307.3308,1070.3639,-201.0,0 days 00:00:07.526806807,0 days 00:00:07.551818145
0 days 00:00:00.730000,0 days 00:00:00.755011338,answer1,0.56192964,-2.0449955,6.1576066,0.014413342,-0.014884256,0.11956742,-0.37492672,9.62098,-5.2450914,-0.46488777,0.0,0.0,0.0,0.0,0.0,0.0,496.80582,1268.5385,-201.0,1499.4249,1104.2823,-201.0,2376.8389,1057.1106,-201.0,0 days 00:00:07.536806807,0 days 00:00:07.561818145
0 days 00:00:00.740000,0 days 00:00:00.765011338,answer1,0.7283669,-7.609099,10.777139,0.041016843,-0.025736555,0.33480346,8.960277,11.939563,-2.1163082,-3.9455993,0.0,0.0,0.0,0.0,0.0,0.0,662.83905,1167.2446,-134.63698,1744.2822,949.552,-141.8165,2742.1511,957.60126,-143.24379,0 days 00:00:07.546806807,0 days 00:00:07.571818145
0 days 00:00:00.750000,0 days 00:00:00.775011338,answer1,0.9488311,-13.72581,17.043964,0.065721974,-0.03578045,0.5629759,22.041962,10.531553,-3.8389199,-8.076214,31.154505,0.0,0.0,2.495306,3.3646488,27.609879,747.4101,1370.4937,-66.70816,1966.4102,869.85156,-81.15574,3013.588,1951.8828,-84.26499,0 days 00:00:07.556806807,0 days 00:00:07.581818145
0 days 00:00:00.760000,0 days 00:00:00.785011338,answer1,1.1424705,-15.91286,21.957323,0.06411549,-0.03965379,0.63438636,30.563454,5.0003686,-6.687814,-10.123792,31.105324,0.0,0.0,2.4008853,6.6080537,27.128061,796.5322,1387.2183,1.798141,1976.8906,950.6834,-17.756273,3017.5183,1953.2262,-24.720808,0 days 00:00:07.566806807,0 days 00:00:07.591818145
0 days 00:00:00.770000,0 days 00:00:00.795011338,answer1,1.1384195,-13.156766,23.948416,0.050019365,-0.03005783,0.60877204,32.81119,-2.3938713,-10.465999,-4.5313597,31.022663,0.0,1.1973498,3.1759753,9.250921,26.104961,654.56836,1408.6543,-64.56489,1836.5243,999.15155,-76.93978,2931.4338,2090.263,-82.47703,0 days 00:00:07.576806807,0 days 00:00:07.601818145
0 days 00:00:00.780000,0 days 00:00:00.805011338,answer1,1.0052825,-10.543807,25.167212,0.03778067,-0.018581213,0.4832275,32.688557,-3.7106035,-13.099277,0.7829792,0.0,0.0,0.0,0.0,0.0,0.0,671.836,1270.462,-132.4937,1659.1373,1001.5008,-137.60054,2779.953,898.7673,-141.45583,0 days 00:00:07.586806807,0 days 00:00:07.611818145
0 days 00:00:00.790000,0 days 00:00:00.815011338,answer1,0.9091453,-7.821529,24.676117,0.03469972,-0.010074546,0.48311248,33.627247,-5.3464584,-16.658005,2.5656545,0.0,0.0,0.0,0.0,0.0,0.0,669.3768,1367.7079,-201.0,1576.3981,1039.5288,-201.0,2763.5735,746.5888,-201.0,0 days 00:00:07.596806807,0 days 00:00:07.621818145
0 days 00:00:00.800000,0 days 00:00:00.825011338,answer1,0.9300011,-7.071098,25.49911,0.039508715,-0.008788581,0.42742953,35.099754,-5.124327,-20.796389,-3.6779544,0.0,0.0,0.0,0.0,0.0,0.0,655.092,1412.236,-201.0,1506.4854,1052.1117,-201.0,2639.765,585.26215,-201.0,0 days 00:00:07.606806807,0 days 00:00:07.631818145
0 days 00:00:00.810000,0 days 00:00:00.835011338,answer1,1.0008184,-7.9490166,27.21695,0.038982358,-0.013185005,0.47703925,37.021793,-2.6807213,-21.66696,-11.023553,0.0,0.0,0.0,0.0,0.0,0.0,535.5821,1420.6078,-136.59299,1387.2446,1123.5514,-135.77196,2600.4836,667.3286,-143.26527,0 days 00:00:07.616806807,0 days 00:00:07.641818145
0 days 00:00:00.820000,0 days 00:00:00.845011338,answer1,1.0766516,-8.570422,29.805464,0.039604053,-0.014309282,0.508575,37.02202,-1.2600096,-19.920176,-14.95116,29.26176,0.0,0.0,-0.08668533,12.68759,34.21746,613.5857,1763.8881,-69.71641,1281.4806,1274.3516,-69.6903,2571.244,810.7578,-85.48629,0 days 00:00:07.626806807,0 days 00:00:07.651818145
0 days 00:00:00.830000,0 days 00:00:00.855011338,answer1,1.1349474,-8.908858,30.74732,0.046905577,-0.014037748,0.5002803,37.910664,-0.269852,-17.861433,-15.551946,29.659393,0.0,3.314149,1.1534603,12.2588625,34.844296,715.5737,1851.3062,-1.3713576,1331.8652,1273.0743,-6.197848,2652.2937,849.28485,-27.599258,0 days 00:00:07.636806807,0 days 00:00:07.661818145
0 days 00:00:00.840000,0 days 00:00:00.865011338,answer1,1.1442995,-10.229378,32.47023,0.0500209,-0.011649373,0.5282728,37.76619,-1.3495198,-15.95224,-13.95567,30.230062,0.11576053,3.2327871,3.1918743,10.701169,34.627,700.83575,1952.0404,3.432967,1345.8706,1326.5482,-8.744159,2685.3772,932.6516,-26.997503,0 days 00:00:07.646806807,0 days 00:00:07.671818145
0 days 00:00:00.850000,0 days 00:00:00.875011338,answer1,1.1279994,-13.085013,32.713043,0.05727754,-0.017218763,0.4781653,39.123394,0.9395194,-15.129848,-14.930976,30.683962,0.09450383,2.6162446,4.3966184,9.428776,33.76309,653.9358,1560.5509,3.024662,1492.5109,1192.3788,-13.748141,2767.5496,876.3677,-27.29365,0 days 00:00:07.656806807,0 days 00:00:07.681818145
0 days 00:00:00.860000,0 days 00:00:00.885011338,answer1,1.0962635,-15.733047,32.71446,0.05857077,-0.024133308,0.45386878,40.519897,2.8542767,-12.787792,-13.91038,30.799543,0.04326075,1.7871312,5.0110345,10.407245,34.07307,670.3295,1460.6381,-0.9757023,1565.2086,1178.2805,-17.230612,2805.5774,924.6899,-29.327139,0 days 00:00:07.666806807,0 days 00:00:07.691818145
0 days 00:00:00.870000,0 days 00:00:00.895011338,answer1,1.0204748,-18.550138,34.33016,0.06534565,-0.030396668,0.42972288,42.607986,7.1650367,-9.126269,-11.420391,30.876337,0.021446845,0.89123225,5.461043,10.968063,38.44412,810.49384,1492.1166,-5.996858,1744.2855,1241.9415,-21.430305,2980.4248,1032.5979,-34.570053,0 days 00:00:07.676806807,0 days 00:00:07.701818145
0 days 00:00:00.880000,0 days 00:00:00.905011338,answer1,0.8997016,-21.724783,38.304302,0.058734164,-0.0326011,0.39997137,44.05717,12.042343,-3.8473241,-6.8854694,30.965797,0.008552432,0.9803969,6.564577,11.274785,42.775925,805.3994,1414.8287,-8.967916,1836.4032,1167.0016,-25.819687,3052.7825,1124.5205,-39.14864,0 days 00:00:07.686806807,0 days 00:00:07.711818145
0 days 00:00:00.890000,0 days 00:00:00.915011338,answer1,0.76261085,-26.19417,40.983997,0.055237215,-0.03594304,0.36269858,43.461853,18.696638,3.0534732,-5.5506063,31.096857,0.008420158,0.9939229,7.260202,8.78559,45.561275,652.5218,1615.1249,-5.621414,1812.2256,1355.7085,-29.749664,3068.836,1249.8307,-42.43898,0 days 00:00:07.696806807,0 days 00:00:07.721818145
0 days 00:00:00.900000,0 days 00:00:00.925011338,answer1,0.7218855,-28.353643,39.898388,0.047891658,-0.039239164,0.24207145,43.11208,21.4786,6.370377,-5.220804,31.258493,0.00890274,1.4043201,7.137486,5.2120147,44.360676,596.36926,1619.3414,-2.8451931,1832.393,1243.1218,-30.909744,3079.2854,1142.7324,-42.762043,0 days 00:00:07.706806807,0 days 00:00:07.731818145
0 days 00:00:00.910000,0 days 00:00:00.935011338,answer1,0.7624313,-27.559547,34.76566,0.045983717,-0.044953357,0.33855805,42.07761,20.322119,5.325708,-5.717546,31.400946,0.0075532165,0.9306824,6.7729726,0.024616083,39.401047,577.7421,1606.2373,-0.9024152,1811.193,1157.4562,-29.624002,3052.1296,1178.832,-40.153606,0 days 00:00:07.716806807,0 days 00:00:07.741818145
0 days 00:00:00.920000,0 days 00:00:00.945011338,answer1,0.8720059,-24.605162,31.16855,0.041434474,-0.04981659,0.39023864,41.28586,15.711797,1.7901939,-8.704589,31.428083,0.011471839,0.9931383,6.4149194,-4.1354184,34.38012,634.84906,1492.39,-1.0117277,1898.4081,1018.80273,-28.372683,3159.655,1176.8844,-37.112278,0 days 00:00:07.726806807,0 days 00:00:07.751818145
0 days 00:00:00.930000,0 days 00:00:00.955011338,answer1,0.995347,-21.430593,28.850645,0.04350109,-0.051287234,0.49594918,40.379173,10.306806,0.4064122,-13.579371,31.282478,0.008717152,0.829099,6.664823,-4.376397,27.681341,687.733,1338.8129,-1.4515654,1924.8173,975.6718,-28.728601,3158.6436,1210.7188,-30.693567,0 days 00:00:07.736806807,0 days 00:00:07.761818145
0 days 00:00:00.940000,0 days 00:00:00.965011338,answer1,1.0399235,-19.893698,27.006357,0.052435134,-0.0492529,0.42230055,37.79497,9.099631,5.0628724,-20.2343,31.123247,0.0058341883,1.1014713,6.8345795,-2.653424,24.800123,701.5373,1364.374,-0.36498109,1947.1328,1070.1803,-29.73658,3222.8174,1189.2437,-27.01703,0 days 00:00:07.746806807,0 days 00:00:07.771818145
0 days 00:00:00.950000,0 days 00:00:00.975011338,answer1,1.0138522,-18.98683,24.04377,0.054324705,-0.048692867,0.36448875,35.38219,10.1536875,13.286964,-24.676981,31.046873,0.00060972554,1.12144,7.007014,-1.1746991,22.039597,792.1093,1301.5272,-1.4202929,1953.3312,1052.7808,-30.101862,3166.1047,1146.2944,-23.432344,0 days 00:00:07.756806807,0 days 00:00:07.781818145
0 days 00:00:00.960000,0 days 00:00:00.985011338,answer1,0.9620626,-18.664192,20.81267,0.050784722,-0.049395442,0.26032177,33.192707,12.95548,19.786211,-26.490973,31.05459,0.009095597,0.55336714,7.373312,0.5970192,19.360199,749.27094,1375.7064,-3.721341,2123.9502,776.6629,-26.311102,3230.6409,2336.9343,-20.778267,0 days 00:00:07.766806807,0 days 00:00:07.791818145
0 days 00:00:00.970000,0 days 00:00:01.000997732,answer1,0.9268853,-18.758005,19.799,0.04084444,-0.050531972,0.20127738,33.004066,14.274426,22.523176,-26.436592,31.037405,0.007463343,0.73735076,7.1590877,0.65907955,19.374022,710.9561,1424.319,-4.0747356,2051.259,796.44525,-26.785223,3416.7478,1997.8148,-20.65931,0 days 00:00:07.776806807,0 days 00:00:07.807804539
0 days 00:00:00,0 days 00:00:00.025011338,answer2,0.61624384,-1.0814439,10.311782,0.022094347,-0.010260732,0.051335294,4.0736547,2.537878,4.796979,11.38947,0.0,0.0,0.0,0.0,0.0,0.0,584.69775,1207.5999,-201.0,1545.2285,768.5192,-201.0,2553.346,855.38885,-201.0,0 days 00:00:13.313313313,0 days 00:00:13.338324651
0 days 00:00:00.010000,0 days 00:00:00.035011338,answer2,0.5846885,-0.41738978,8.273957,0.02303013,-0.010203197,0.08365915,3.135806,3.4571416,4.095112,12.66961,0.0,0.0,0.0,0.0,0.0,0.0,490.9346,1324.1398,-201.0,1511.2832,780.5223,-201.0,2546.7878,828.7839,-201.0,0 days 00:00:13.323313313,0 days 00:00:13.348324651
0 days 00:00:00.020000,0 days 00:00:00.045011338,answer2,0.5380643,-0.16618033,6.292894,0.013159453,-0.01045664,0.11936409,2.7157657,4.315361,4.6987762,17.518131,0.0,0.0,0.0,0.0,0.0,0.0,730.7193,1392.3854,-201.0,1580.4889,1062.3757,-201.0,2629.3792,761.33936,-201.0,0 days 00:00:13.333313313,0 days 00:00:13.358324651
0 days 00:00:00.030000,0 days 00:00:00.055011338,answer2,0.5097604,0.98320705,7.26329,0.016134614,-0.008674361,0.098685086,2.6248026,1.8760141,1.694747,17.306816,0.0,0.0,0.0,0.0,0.0,0.0,800.91943,1348.0258,-201.0,1681.4077,1375.2179,-201.0,2641.157,859.4392,-201.0,0 days 00:00:13.343313313,0 days 00:00:13.368324651
0 days 00:00:00.040000,0 days 00:00:00.065011338,answer2,0.50753194,1.044934,8.574647,0.016644144,-0.004003732,0.09748741,4.3280463,-1.1018109,0.509777,16.22258,0.0,0.0,0.0,0.0,0.0,0.0,820.13184,1426.2374,-201.0,1678.3583,1503.1035,-201.0,2661.1848,927.65063,-201.0,0 days 00:00:13.353313313,0 days 00:00:13.378324651
0 days 00:00:00.050000,0 days 00:00:00.075011338,answer2,0.53435576,3.6262095,11.608345,0.025342518,0.0067409626,0.12012297,5.939196,-5.560202,-2.286514,15.459867,0.0,0.0,0.0,0.0,0.0,0.0,748.45013,1238.434,-201.0,1728.0664,1295.4307,-201.0,2674.2395,847.74347,-201.0,0 days 00:00:13.363313313,0 days 00:00:13.388324651
0 days 00:00:00.060000,0 days 00:00:00.085011338,answer2,0.55393636,3.2019784,13.980916,0.023312552,0.010826506,0.13313596,9.5445595,-7.160909,-1.102698,14.290009,0.0,0.0,0.0,0.0,0.0,0.0,692.37744,1120.7836,-201.0,1669.2588,951.8955,-201.0,2704.1145,693.4941,-201.0,0 days 00:00:13.373313313,0 days 00:00:13.398324651
0 days 00:00:00.070000,0 days 00:00:00.095011338,answer2,0.51570517,-0.72529,17.594385,0.024461346,0.0060417405,0.15336318,11.730141,-2.7494705,1.5410013,13.6435995,0.0,0.0,0.0,0.0,0.0,0.0,923.7172,885.8293,-139.86945,1824.0693,844.13385,-142.75969,2792.007,516.9513,-145.08208,0 days 00:00:13.383313313,0 days 00:00:13.408324651
0 days 00:00:00.080000,0 days 00:00:00.105011338,answer2,0.4763337,-8.791518,21.795013,0.022862403,-0.002255339,0.15441114,14.286883,5.016311,3.9410985,8.245811,37.440228,0.0,2.2942104,7.235156,-6.535037,11.70468,1009.424,1266.8776,-82.500175,1775.3647,1167.2603,-85.21667,2825.117,728.8872,-90.61356,0 days 00:00:13.393313313,0 days 00:00:13.418324651
0 days 00:00:00.090000,0 days 00:00:00.115011338,answer2,0.48878703,-15.593173,28.20742,0.013573972,-0.010357073,0.19043219,16.249287,11.99561,5.1029577,5.823439,37.256847,0.064235196,2.3493068,7.8162856,-9.085593,9.664431,979.41486,1487.0734,-21.53467,1759.3033,1195.305,-28.692062,2930.9607,878.9319,-36.238277,0 days 00:00:13.403313313,0 days 00:00:13.428324651
0 days 00:00:00.100000,0 days 00:00:00.125011338,answer2,0.54668766,-18.874523,30.525467,0.0037474844,-0.0104124,0.21591143,16.520452,14.1154175,7.2868743,6.3387923,36.976627,0.055514753,1.84939,9.076466,-8.7147875,8.781959,972.09686,1558.5687,-23.712984,1775.8131,1246.597,-30.611135,2925.3398,910.9436,-37.16331,0 days 00:00:13.413313313,0 days 00:00:13.438324651
0 days 00:00:00.110000,0 days 00:00:00.135011338,answer2,0.59128076,-20.844889,32.253963,0.00945392,-0.015043502,0.20454884,16.612715,14.980971,8.946902,7.362589,36.94861,0.043601368,1.167643,9.080682,-5.6024556,9.787198,920.27466,1302.5905,-23.428642,1906.3607,948.8492,-32.007244,3029.1223,961.4914,-37.76382,0 days 00:00:13.423313313,0 days 00:00:13.448324651
0 days 00:00:00.120000,0 days 00:00:00.145011338,answer2,0.70303077,-18.683805,31.156984,0.024021855,-0.007826346,0.2202118,17.710281,10.775353,5.4660144,9.539868,37.03211,0.03000033,0.5946636,8.290154,-2.1375358,12.0224905,952.3498,1155.505,-29.323877,1977.8158,859.02277,-31.57885,3043.5637,899.3658,-37.408398,0 days 00:00:13.433313313,0 days 00:00:13.458324651
0 days 00:00:00.130000,0 days 00:00:00.155011338,answer2,0.8197646,-15.459926,31.160309,0.039347857,-0.00024158631,0.2052008,20.479786,6.143055,-1.999269,9.863574,37.15193,0.02105006,0.6720314,7.9954515,-2.9827785,9.511065,1023.263,1093.6987,-29.469492,2000.5317,1410.3441,-32.605824,2928.875,991.9958,-35.43995,0 days 00:00:13.443313313,0 days 00:00:13.468324651
0 days 00:00:00.140000,0 days 00:00:00.165011338,answer2,0.8495245,-14.478459,29.998693,0.033385243,0.009313768,0.24622428,21.739664,4.0679083,-4.730488,12.896941,37.18782,0.025268085,1.3938284,8.203898,-4.630984,8.2337,1032.0482,1074.372,-28.449654,2012.7347,1379.1525,-33.545895,2982.173,993.6607,-34.087658,0 days 00:00:13.453313313,0 days 00:00:13.478324651
0 days 00:00:00.150000,0 days 00:00:00.175011338,answer2,0.80501795,-16.818752,31.281885,0.033221144,0.004242495,0.21690597,23.290245,7.502238,-4.1135716,10.182,37.12228,0.025332572,1.1892949,7.6733527,-3.7730381,10.478951,1030.7424,1054.9048,-23.937483,2025.4176,1389.9742,-35.835346,2946.6394,1035.5472,-33.5115,0 days 00:00:13.463313313,0 days 00:00:13.488324651
0 days 00:00:00.160000,0 days 00:00:00.185011338,answer2,0.81409043,-18.767374,33.171696,0.03572136,-0.0074018515,0.30229256,26.01505,11.165317,-5.091401,1.8588842,37.077606,0.03238733,1.2229128,6.842972,-2.8807878,15.057436,823.54205,1231.7715,-82.7441,1841.7975,892.78204,-91.129616,3007.986,910.5501,-90.47283,0 days 00:00:13.473313313,0 days 00:00:13.498324651
0 days 00:00:00.170000,0 days 00:00:00.195011338,answer2,0.88369614,-17.745323,33.854923,0.046875667,-0.017710803,0.32210562,30.110413,11.882538,-9.514581,-6.954766,0.0,0.0,0.0,0.0,0.0,0.0,775.0734,1242.1328,-141.41756,1824.7247,864.3335,-146.33644,2986.2014,787.5896,-145.69313,0 days 00:00:13.483313313,0 days 00:00:13.508324651
0 days 00:00:00.180000,0 days 00:00:00.205011338,answer2,0.9971113,-15.777744,33.039944,0.051157665,-0.021461422,0.41955557,33.066334,10.050316,-12.995433,-13.425374,0.0,0.0,0.0,0.0,0.0,0.0,618.6352,1489.2106,-201.0,1599.0143,986.64777,-201.0,2872.4875,660.7222,-201.0,0 days 00:00:13.493313313,0 days 00:00:13.518324651
0 days 00:00:00.190000,0 days 00:00:00.215011338,answer2,1.0662017,-14.241656,31.357971,0.050033376,-0.021654883,0.4852612,34.108475,10.261376,-12.88853,-17.40165,0.0,0.0,0.0,0.0,0.0,0.0,595.56305,1471.7812,-201.0,1555.2465,1014.6511,-201.0,2839.345,797.251,-201.0,0 days 00:00:13.503313313,0 days 00:00:13.528324651
0 days 00:00:00.200000,0 days 00:00:00.225011338,answer2,1.1902418,-12.890546,29.00386,0.059134196,-0.022422625,0.6200182,35.101883,9.675426,-13.923256,-24.162992,0.0,0.0,0.0,0.0,0.0,0.0,464.23306,1665.8785,-136.616,1329.0399,1174.2413,-140.56316,2631.459,677.2022,-146.56383,0 days 00:00:13.513313313,0 days 00:00:13.538324651
0 days 00:00:00.210000,0 days 00:00:00.235011338,answer2,1.2077886,-13.419709,28.510504,0.052450415,-0.022797467,0.6623842,35.21051,11.55656,-12.496086,-27.679764,32.635986,0.0,0.99916816,0.5427678,0.45577478,27.851902,612.3758,1436.8702,-71.2069,1683.0219,1039.398,-83.13082,3045.0808,913.3493,-89.79059,0 days 00:00:13.523313313,0 days 00:00:13.548324651
0 days 00:00:00.220000,0 days 00:00:00.245011338,answer2,1.1954354,-12.47466,26.889389,0.05283911,-0.022259124,0.73857063,34.480038,8.264684,-13.980472,-27.907684,33.245834,0.13856955,1.3465582,-0.030511657,-0.72426414,25.087936,608.43115,1400.3066,-7.066281,1666.9414,1002.6722,-19.095549,3069.1387,771.71075,-32.16997,0 days 00:00:13.533313313,0 days 00:00:13.558324651
0 days 00:00:00.230000,0 days 00:00:00.255011337,answer2,1.2068201,-10.489391,27.382624,0.057725642,-0.021734217,0.72729015,33.90771,5.0778556,-14.365939,-29.610983,34.00337,0.18386024,1.5846195,0.31277552,-2.1441824,21.700592,582.18835,1255.0216,-7.697683,1640.8373,931.26324,-15.49994,3026.1875,874.9199,-30.062895,0 days 00:00:13.543313313,0 days 00:00:13.568324650
0 days 00:00:00.240000,0 days 00:00:00.265011338,answer2,1.2470379,-7.8388004,27.304636,0.06278772,-0.018649917,0.71247387,33.49188,1.4398359,-15.967145,-28.853659,34.684544,0.21658595,2.019335,2.4741967,-1.943411,21.015043,523.5408,1444.628,-7.797343,1319.4543,1062.3588,-8.074988,2602.9905,626.6137,-29.605711,0 days 00:00:13.553313313,0 days 00:00:13.578324651
0 days 00:00:00.250000,0 days 00:00:00.275011338,answer2,1.3026658,-7.0463786,28.742716,0.065564565,-0.013496645,0.58855855,33.964405,0.5555184,-14.788726,-30.04566,34.891525,0.13255243,1.4094115,5.2370706,-0.57180506,21.459497,534.5213,1511.6342,-5.9487805,1358.6039,1086.4824,-6.386067,2654.0596,739.6167,-28.201605,0 days 00:00:13.563313313,0 days 00:00:13.588324651
0 days 00:00:00.260000,0 days 00:00:00.285011338,answer2,1.3128409,-7.517714,28.641626,0.052698027,-0.008629669,0.57298476,33.853634,-1.2040998,-15.226293,-31.493011,35.11386,0.04553278,1.1743336,6.7059326,-0.12513836,21.492676,537.00665,1496.5436,-1.6671153,1361.6095,1094.425,-3.1916618,2727.9094,687.6033,-23.953117,0 days 00:00:13.573313313,0 days 00:00:13.598324651
0 days 00:00:00.270000,0 days 00:00:00.295011338,answer2,1.3184704,-8.101209,28.528387,0.06201771,-0.008359225,0.56588775,33.132103,-4.468842,-17.82937,-39.84981,35.449635,0.014174459,0.83346003,5.1499686,-0.9867422,22.528524,418.92343,1622.557,-0.5296795,1322.5219,1153.2563,-3.092181,2777.7297,760.7302,-23.058203,0 days 00:00:13.583313313,0 days 00:00:13.608324651
0 days 00:00:00.280000,0 days 00:00:00.305011338,answer2,1.3397393,-8.395614,27.937647,0.063392825,-0.0120711215,0.7270837,33.478428,-6.3812184,-19.507704,-41.543034,35.845478,0.009384733,1.0640221,2.1621563,-2.6202192,23.287954,518.72565,1569.9447,-0.6780295,1378.4508,1098.195,-7.6074557,2777.5613,622.3657,-25.255966,0 days 00:00:13.593313313,0 days 00:00:13.618324651
0 days 00:00:00.290000,0 days 00:00:00.315011338,answer2,1.3735929,-8.250528,29.021688,0.073178045,-0.01625603,0.7449662,35.59298,-6.1815877,-18.823519,-39.88794,32.441025,0.16345428,0.89805466,-0.7948548,-0.022459984,26.307867,515.18695,1599.9093,2.724933,1368.8809,1071.6863,-3.040639,2767.554,571.87616,-22.599548,0 days 00:00:13.603313313,0 days 00:00:13.628324651
0 days 00:00:00.300000,0 days 00:00:00.325011338,answer2,1.4273211,-6.9598618,28.69967,0.06444689,-0.017337175,0.857727,38.33408,-6.309815,-17.109446,-31.695381,28.94642,0.16171065,0.9215538,-1.0529699,1.4899598,26.415985,651.6522,1422.7933,8.926619,1436.5521,1005.53754,1.3768193,2756.6357,569.5002,-18.14123,0 days 00:00:13.613313313,0 days 00:00:13.638324651
0 days 00:00:00.310000,0 days 00:00:00.335011338,answer2,1.4231049,-5.9498353,29.745165,0.058119044,-0.015296937,0.7527645,39.209213,-7.439352,-16.95993,-30.211416,25.45166,0.17770575,0.88445616,-0.69989735,3.6703036,25.832388,451.35568,1765.6476,15.128677,1256.7885,1333.7303,12.128991,2410.7808,817.9018,-11.530712,0 days 00:00:13.623313313,0 days 00:00:13.648324651
0 days 00:00:00.320000,0 days 00:00:00.345011338,answer2,1.4156996,-5.7153454,28.776636,0.043295566,-0.016209694,0.7284293,38.488163,-8.402907,-16.231628,-29.864065,25.8797,0.020990299,0.7333824,-0.59590614,4.3594584,25.03749,453.98184,1748.2474,0.0,1267.195,1352.6913,9.900716,2392.0208,914.0164,-12.650447,0 days 00:00:13.633313313,0 days 00:00:13.658324651
0 days 00:00:00.330000,0 days 00:00:00.355011338,answer2,1.383163,-6.111756,28.310524,0.04304787,-0.020279229,0.6970053,38.066822,-7.725668,-15.433736,-33.017193,26.356344,0.024975026,0.57427245,-0.53896385,7.9659057,27.844122,338.2687,1921.2583,13.865901,1205.5776,1396.9047,12.55379,2338.0938,947.4507,-12.614193,0 days 00:00:13.643313313,0 days 00:00:13.668324651
0 days 00:00:00.340000,0 days 00:00:00.365011338,answer2,1.3605719,-7.070912,28.73252,0.042580713,-0.023871811,0.6596599,39.10937,-6.0222707,-14.717633,-34.15582,26.794914,0.0153153315,0.9452214,-1.3694139,10.605878,33.119354,380.29675,1748.0355,13.339993,1286.7738,1191.5726,9.743493,2606.8635,963.3123,-17.371138,0 days 00:00:13.653313313,0 days 00:00:13.678324651
0 days 00:00:00.350000,0 days 00:00:00.375011338,answer2,1.3235784,-7.6663337,29.831354,0.05662556,-0.025424942,0.75705034,41.214794,-4.588572,-16.844904,-35.005604,27.556707,0.02249302,1.4518305,-1.4330087,10.7931185,37.57448,360.94797,1806.5596,11.844567,1264.3312,1199.4167,10.256653,2566.4805,1034.7686,-21.297882,0 days 00:00:13.663313313,0 days 00:00:13.688324651
0 days 00:00:00.360000,0 days 00:00:00.385011338,answer2,1.2353792,-7.887777,29.875206,0.06617933,-0.024980403,0.70776623,41.455696,-3.7468536,-21.53187,-36.150043,32.901928,0.35131872,2.5379636,-1.1274883,8.77691,39.432102,405.94693,1768.9756,5.0230412,1283.4498,1171.0552,-1.1895212,2680.5042,1111.6636,-31.259295,0 days 00:00:13.673313313,0 days 00:00:13.698324651
0 days 00:00:00.370000,0 days 00:00:00.395011338,answer2,1.0806254,-9.108341,31.460419,0.06681812,-0.021587446,0.76549166,41.177372,-0.82476807,-25.187677,-35.26029,38.13361,0.67565936,3.1711187,2.5727613,7.778042,40.59239,621.20087,1613.3477,-2.954691,1404.3262,1115.1318,-8.572047,2837.2708,1058.0829,-37.865845,0 days 00:00:13.683313313,0 days 00:00:13.708324651
0 days 00:00:00.380000,0 days 00:00:00.405011338,answer2,0.9211398,-10.658412,34.331787,0.05567245,-0.02048281,0.56107885,39.481907,1.4378072,-28.543085,-33.919193,42.874058,0.6767904,3.3830388,6.434292,7.408236,41.89529,828.934,1540.3187,-8.95144,1784.7236,1309.8331,-27.703547,3084.6082,1331.7832,-45.535305,0 days 00:00:13.693313313,0 days 00:00:13.718324651
0 days 00:00:00.390000,0 days 00:00:00.415011338,answer2,0.7861972,-13.322894,38.710545,0.051030446,-0.021437643,0.46360326,38.96001,4.7254148,-29.69562,-31.03003,42.95738,0.34999672,2.604337,8.332247,7.4659142,41.676487,935.5056,1342.6466,-10.9770355,2022.889,1366.1129,-34.977875,3155.9539,1387.5287,-45.187607,0 days 00:00:13.703313313,0 days 00:00:13.728324651
0 days 00:00:00.400000,0 days 00:00:00.425011338,answer2,0.6840907,-14.00573,39.646152,0.051463556,-0.025162578,0.33261883,36.96698,7.5288606,-28.461897,-29.877,43.03582,0.024995083,2.0043685,8.590005,7.401676,42.151024,954.71136,1185.1512,-74.09536,2219.0176,1398.7362,-96.74613,3246.0217,1426.9191,-97.2616,0 days 00:00:13.713313313,0 days 00:00:13.738324651
0 days 00:00:00.410000,0 days 00:00:00.435011338,answer2,0.5272434,-13.403073,36.178696,0.046203017,-0.024581233,0.35166773,32.905827,10.27321,-24.87475,-25.106514,0.0,0.0,0.0,0.0,0.0,0.0,917.14185,1195.9135,-137.2732,2003.5868,1292.6627,-147.69319,3089.2595,1101.6432,-147.99382,0 days 00:00:13.723313313,0 days 00:00:13.748324651
0 days 00:00:00.420000,0 days 00:00:00.445011338,answer2,0.39872718,-12.422547,31.22912,0.031931385,-0.020846665,0.2617982,27.125275,11.897647,-18.918669,-20.58061,0.0,0.0,0.0,0.0,0.0,0.0,935.6687,1209.115,-201.0,1922.3373,1570.6647,-201.0,2929.7864,1023.5048,-201.0,0 days 00:00:13.733313313,0 days 00:00:13.758324651
0 days 00:00:00.430000,0 days 00:00:00.455011338,answer2,0.3315167,-10.873704,27.095299,0.021993993,-0.016776359,0.16938454,23.671867,11.076836,-15.832988,-14.436928,0.0,0.0,0.0,0.0,0.0,0.0,921.5551,1194.5804,-201.0,1869.0538,1474.94,-201.0,2878.6218,970.2922,-201.0,0 days 00:00:13.743313313,0 days 00:00:13.768324651
0 days 00:00:00.440000,0 days 00:00:00.465011338,answer2,0.31468728,-8.92213,23.318277,0.016622102,-0.014676601,0.0752286,20.563644,9.044084,-13.347801,-12.756909,0.0,0.0,0.0,0.0,0.0,0.0,916.118,1169.6268,-201.0,1884.443,1476.7826,-201.0,2816.972,885.5085,-201.0,0 days 00:00:13.753313313,0 days 00:00:13.778324651
0 days 00:00:00.450000,0 days 00:00:00.475011338,answer2,0.31552085,-8.000725,20.684967,0.021512603,-0.014810234,0.063865684,19.157259,7.7577376,-11.065686,-11.304253,0.0,0.0,0.0,0.0,0.0,0.0,918.2128,1174.2432,-201.0,1977.0988,1103.1613,-201.0,3061.551,1345.6995,-201.0,0 days 00:00:13.763313313,0 days 00:00:13.788324651
0 days 00:00:00.460000,0 days 00:00:00.485011338,answer2,0.3053931,-8.871421,18.989923,0.026932642,-0.01754094,0.06596178,17.374838,7.6347084,-8.504167,-12.48043,0.0,0.0,0.0,0.0,0.0,0.0,902.873,1213.414,-201.0,1916.695,1080.7997,-201.0,2931.5247,1183.9142,-201.0,0 days 00:00:13.773313313,0 days 00:00:13.798324651
0 days 00:00:00.470000,0 days 00:00:00.495011338,answer2,0.2958892,-10.592838,19.861647,0.036818247,-0.0208422,0.055935342,16.984354,9.25995,-7.1739717,-12.6499405,0.0,0.0,0.0,0.0,0.0,0.0,917.7059,1245.951,-201.0,1931.5231,1003.35175,-201.0,2972.618,1204.0592,-201.0,0 days 00:00:13.783313313,0 days 00:00:13.808324651
0 days 00:00:00.480000,0 days 00:00:00.505011338,answer2,0.27980044,-10.938182,20.60377,0.026583737,-0.017627003,0.059612125,16.560467,10.692258,-3.9762642,-10.270659,0.0,0.0,0.0,0.0,0.0,0.0,893.4007,1206.9211,-201.0,1805.5625,1006.9318,-201.0,2793.0803,673.0726,-201.0,0 days 00:00:13.793313313,0 days 00:00:13.818324651
0 days 00:00:00.490000,0 days 00:00:00.515011338,answer2,0.25996795,-9.813041,19.012632,0.036043275,-0.012886436,0.05703107,15.044284,9.244129,-4.0102,-7.8278027,0.0,0.0,0.0,0.0,0.0,0.0,964.23364,1209.14,-201.0,1966.7982,991.34357,-201.0,3175.6494,1144.1865,-201.0,0 days 00:00:13.803313313,0 days 00:00:13.828324651
0 days 00:00:00.500000,0 days 00:00:00.525011338,answer2,0.2445625,-8.901406,18.377304,0.03194317,-0.0065024607,0.049820725,15.00512,7.561113,-4.082964,-5.140884,0.0,0.0,0.0,0.0,0.0,0.0,958.9971,1226.7239,-201.0,1981.4385,1086.8329,-201.0,3173.7102,1288.5585,-201.0,0 days 00:00:13.813313313,0 days 00:00:13.838324651
0 days 00:00:00.510000,0 days 00:00:00.535011338,answer2,0.2348857,-8.164882,17.850306,0.035992753,-0.0055706985,0.040563922,15.417956,6.3892517,-5.519459,-4.837593,0.0,0.0,0.0,0.0,0.0,0.0,965.3934,1219.7181,-201.0,1989.1593,1202.6597,-201.0,3083.7576,1299.1974,-201.0,0 days 00:00:13.823313313,0 days 00:00:13.848324651
0 days 00:00:00.520000,0 days 00:00:00.545011338,answer2,0.22921796,-8.488702,18.11854,0.021731237,-0.0057917344,0.032607105,16.181831,6.2954144,-3.6249182,-5.3678055,0.0,0.0,0.0,0.0,0.0,0.0,873.8743,1303.359,-201.0,1840.089,1282.3263,-201.0,2704.3523,986.01056,-201.0,0 days 00:00:13.833313313,0 days 00:00:13.858324651
0 days 00:00:00.530000,0 days 00:00:00.555011338,answer2,0.22999139,-8.83974,18.282364,0.015392528,-0.010959047,0.03633453,16.698427,5.9582276,-3.5001974,-8.174436,0.0,0.0,0.0,0.0,0.0,0.0,878.95996,1292.7809,-201.0,1861.8291,1172.9791,-201.0,2724.704,827.18866,-201.0,0 days 00:00:13.843313313,0 days 00:00:13.868324651
0 days 00:00:00.540000,0 days 00:00:00.565011338,answer2,0.22663657,-9.107596,18.473215,0.015391321,-0.017061302,0.035728008,17.341871,5.385486,-4.0466413,-7.518414,0.0,0.0,0.0,0.0,0.0,0.0,900.264,1467.0306,-201.0,1885.4061,1162.4432,-201.0,2780.1829,815.86115,-201.0,0 days 00:00:13.853313313,0 days 00:00:13.878324651
0 days 00:00:00.550000,0 days 00:00:00.575011338,answer2,0.2311099,-10.317523,18.959387,0.014003608,-0.020055158,0.04296744,19.269419,7.114151,-4.5901046,-5.8794885,0.0,0.0,0.0,0.0,0.0,0.0,928.3416,1459.7843,-201.0,1898.7969,1196.3726,-201.0,2882.0964,809.7913,-201.0,0 days 00:00:13.863313313,0 days 00:00:13.888324651
0 days 00:00:00.560000,0 days 00:00:00.585011338,answer2,0.2246958,-11.731135,20.406387,0.015936144,-0.019287907,0.04480161,19.67182,9.171165,-2.2633078,-5.1208234,0.0,0.0,0.0,0.0,0.0,0.0,900.86426,1433.0231,-201.0,1880.0415,1161.5579,-201.0,2900.246,903.21924,-201.0,0 days 00:00:13.873313313,0 days 00:00:13.898324651
0 days 00:00:00.570000,0 days 00:00:00.595011338,answer2,0.23934849,-13.746058,22.173393,0.015308979,-0.016164461,0.056302857,21.454912,10.644125,-0.45746362,-5.9358935,0.0,0.0,0.0,0.0,0.0,0.0,861.0762,1216.0103,-201.0,1878.2955,1040.6307,-201.0,2877.6804,935.38477,-201.0,0 days 00:00:13.883313313,0 days 00:00:13.908324651
0 days 00:00:00.580000,0 days 00:00:00.605011338,answer2,0.3214698,-8.756811,17.293547,0.019215105,-0.01350903,0.08679551,18.970396,3.9018962,11.839959,-6.884407,0.0,0.0,0.0,0.0,0.0,0.0,848.5166,1114.7275,-201.0,1870.4183,873.6489,-201.0,2794.1018,751.4372,-201.0,0 days 00:00:13.893313313,0 days 00:00:13.918324651
0 days 00:00:00.590000,0 days 00:00:00.615011338,answer2,0.44440413,-1.6093324,6.8202167,0.011502345,-0.009647715,0.113816105,16.10658,-4.9446826,23.290976,-5.976565,0.0,0.0,0.0,0.0,0.0,0.0,884.74835,1163.3898,-201.0,1839.9326,792.20215,-201.0,2769.2039,742.2862,-201.0,0 days 00:00:13.903313313,0 days 00:00:13.928324651
0 days 00:00:00.600000,0 days 00:00:00.625011338,answer2,0.525122,5.693249,-3.7751687,0.015722262,-0.009260092,0.1343869,10.824336,-11.958061,32.435116,-9.104667,0.0,0.0,0.0,0.0,0.0,0.0,858.3818,1382.6554,-201.0,1748.7238,924.57074,-201.0,2664.3164,811.50507,-201.0,0 days 00:00:13.913313313,0 days 00:00:13.938324651
0 days 00:00:00.610000,0 days 00:00:00.635011338,answer2,0.4864664,3.9886348,-4.016516,0.015613911,-0.011991422,0.12740782,11.354488,-9.903798,26.914461,-11.014424,0.0,0.0,0.0,0.0,0.0,0.0,957.63055,1497.0853,-201.0,1839.839,989.9255,-201.0,2725.6833,896.2649,-201.0,0 days 00:00:13.923313313,0 days 00:00:13.948324651
0 days 00:00:00.620000,0 days 00:00:00.645011338,answer2,0.41345635,-0.3987043,0.9914384,0.035260323,-0.016531894,0.10704102,13.124181,-5.390324,17.322113,-14.822314,0.0,0.0,0.0,0.0,0.0,0.0,933.6072,1366.899,-201.0,1925.849,919.90326,-201.0,2755.2058,838.39923,-201.0,0 days 00:00:13.933313313,0 days 00:00:13.958324651
0 days 00:00:00.630000,0 days 00:00:00.655011338,answer2,0.35660228,-4.3347416,6.1220994,0.03920417,-0.021799691,0.08572239,14.538849,-1.3191127,9.991542,-15.675212,0.0,0.0,0.0,0.0,0.0,0.0,970.97064,1184.1764,-201.0,2068.051,738.37445,-201.0,2899.235,703.8996,-201.0,0 days 00:00:13.943313313,0 days 00:00:13.968324651
0 days 00:00:00.640000,0 days 00:00:00.665011338,answer2,0.39224648,-2.9786828,4.238491,0.036074493,-0.019868381,0.0739112,11.157307,-0.73081416,11.165368,-14.136131,0.0,0.0,0.0,0.0,0.0,0.0,914.7452,1135.0653,-201.0,1991.9779,736.65137,-201.0,2823.368,780.12775,-201.0,0 days 00:00:13.953313313,0 days 00:00:13.978324651
0 days 00:00:00.650000,0 days 00:00:00.675011338,answer2,0.4019668,-1.3627167,3.1009238,0.025850946,-0.014897392,0.077015035,5.8617377,2.148358,11.65976,-11.872165,0.0,0.0,0.0,0.0,0.0,0.0,919.5635,1251.9464,-201.0,1987.1202,924.4697,-201.0,2786.923,904.242,-201.0,0 days 00:00:13.963313313,0 days 00:00:13.988324651
0 days 00:00:00.660000,0 days 00:00:00.685011338,answer2,0.46925247,2.4238293,-0.5235257,0.017921587,-0.008765608,0.07993024,-2.461414,6.8828087,9.926058,-13.376427,0.0,0.0,0.0,0.0,0.0,0.0,910.7918,1161.4639,-201.0,1977.2422,833.6292,-201.0,2767.2546,968.40045,-201.0,0 days 00:00:13.973313313,0 days 00:00:13.998324651
0 days 00:00:00.670000,0 days 00:00:00.695011338,answer2,0.51913863,3.755579,-0.6521061,0.02544424,-0.010449484,0.08311655,-8.032051,14.183311,4.7013965,-18.21158,0.0,0.0,0.0,0.0,0.0,0.0,920.7505,1143.8109,-201.0,2046.373,810.565,-201.0,2800.5828,1125.9198,-201.0,0 days 00:00:13.983313313,0 days 00:00:14.008324651
0 days 00:00:00.680000,0 days 00:00:00.705011338,answer2,0.57736665,5.5406837,-2.134935,0.030620052,-0.016500311,0.08619726,-11.712319,16.260717,4.890823,-23.668528,0.0,0.0,0.0,0.0,0.0,0.0,882.7869,1098.4729,-201.0,2007.0914,632.3195,-201.0,2799.1318,1025.4374,-201.0,0 days 00:00:13.993313313,0 days 00:00:14.018324651
0 days 00:00:00.690000,0 days 00:00:00.715011338,answer2,0.5850104,2.970666,1.7545172,0.03291977,-0.016551988,0.103102185,-9.110038,18.037348,10.264873,-23.894424,0.0,0.0,0.0,0.0,0.0,0.0,907.26544,1185.423,-142.55104,2018.3402,613.57654,-144.21729,2906.3184,1243.7296,-141.52795,0 days 00:00:14.003313313,0 days 00:00:14.028324651
0 days 00:00:00.700000,0 days 00:00:00.725011338,answer2,0.6566053,-4.058323,10.055664,0.04324614,-0.025193617,0.28255758,-2.8282664,22.431307,13.089454,-25.188713,37.155647,0.0,0.0,5.016261,8.189228,17.084858,886.7405,1190.7306,-85.39381,2041.7085,558.9782,-87.94462,2897.1934,1260.9222,-84.6193,0 days 00:00:14.013313313,0 days 00:00:14.038324651
0 days 00:00:00.710000,0 days 00:00:00.735011338,answer2,0.8619488,-13.328194,20.504316,0.06025927,-0.03489286,0.6463351,7.474729,26.96585,14.545322,-26.558538,36.96738,0.0,0.0,5.634126,7.753029,18.71522,887.06696,1133.6943,-23.875486,2101.396,570.97546,-31.945734,2919.2803,1304.6183,-28.132753,0 days 00:00:14.023313313,0 days 00:00:14.048324651
0 days 00:00:00.720000,0 days 00:00:00.745011338,answer2,1.0016176,-20.222742,27.440485,0.07433619,-0.04675064,0.8123682,16.095037,26.425451,14.78616,-26.985086,36.70526,0.030621823,3.1754322,7.1533012,6.7953773,21.116083,863.3919,1254.9,-28.181929,2107.7097,708.79364,-31.937426,2964.4675,1265.254,-31.61316,0 days 00:00:14.033313313,0 days 00:00:14.058324651
0 days 00:00:00.730000,0 days 00:00:00.755011338,answer2,0.98594075,-22.48095,30.270308,0.06404191,-0.046483606,0.7399823,20.296385,21.85258,16.83814,-21.553915,36.624786,0.033059705,2.252648,8.826522,6.142454,20.339912,845.5594,1363.7068,-25.784418,2068.8354,735.94727,-32.326054,3240.554,1958.3627,-33.25542,0 days 00:00:14.043313313,0 days 00:00:14.068324651
0 days 00:00:00.740000,0 days 00:00:00.765011338,answer2,0.8590267,-22.857475,31.11149,0.04646301,-0.040655825,0.43064252,20.904856,19.817167,19.891504,-16.181086,36.7633,0.031916585,1.5679361,10.001365,5.564119,21.2553,877.94073,1494.8901,-32.678593,2017.0795,790.4505,-32.93018,3375.6309,1894.6373,-36.377644,0 days 00:00:14.053313313,0 days 00:00:14.078324651
0 days 00:00:00.750000,0 days 00:00:00.775011338,answer2,0.8154766,-24.312693,32.36929,0.04242429,-0.039451,0.37390575,21.989355,19.883535,18.941381,-14.005757,37.004528,0.024122624,0.83537465,10.39773,3.9085855,22.22985,887.4334,1471.0952,-32.03568,1996.8119,787.18195,-33.733578,3443.5986,1870.359,-40.80785,0 days 00:00:14.063313313,0 days 00:00:14.088324651
0 days 00:00:00.760000,0 days 00:00:00.785011338,answer2,0.8330273,-25.31949,32.714188,0.043970045,-0.035067476,0.37881574,22.189798,19.58316,19.70767,-12.7653885,37.066166,0.015147251,1.0172476,10.613484,-0.8190816,19.098017,980.69305,1537.6149,-37.933704,2041.1636,788.858,-32.926914,3512.5342,1054.1456,-43.270527,0 days 00:00:14.073313313,0 days 00:00:14.098324651
0 days 00:00:00.770000,0 days 00:00:00.795011338,answer2,0.86154515,-25.470613,32.009228,0.039289176,-0.03204048,0.33407953,21.661179,18.272585,20.69654,-8.9052515,37.14166,0.010505642,0.7106697,10.87036,-4.5360713,13.773575,1015.48535,1457.9692,-39.492382,2080.3225,751.0423,-32.635292,3602.7727,1154.4944,-43.11168,0 days 00:00:14.083313313,0 days 00:00:14.108324651
0 days 00:00:00.780000,0 days 00:00:00.805011338,answer2,0.8735184,-25.348299,31.523703,0.024672396,-0.0287986,0.27308154,20.32245,17.542784,24.231901,-6.734774,37.329746,0.008519932,0.5325232,11.102585,-4.3349395,14.765717,1079.4868,1364.9224,-42.71874,2134.9944,772.2767,-34.79935,3574.629,1206.1847,-44.00646,0 days 00:00:14.093313313,0 days 00:00:14.118324651
0 days 00:00:00.790000,0 days 00:00:00.815011338,answer2,0.8961205,-26.92784,34.66029,0.020369021,-0.030681768,0.27462414,22.013788,18.642832,23.558348,-10.64946,37.615444,0.0061520953,0.29860598,11.149951,-2.01419,18.031548,1103.4675,1311.9926,-45.27154,2158.4824,883.23,-39.55381,3552.8425,1183.7338,-43.18841,0 days 00:00:14.103313313,0 days 00:00:14.128324651
0 days 00:00:00.800000,0 days 00:00:00.825011338,answer2,0.93621665,-28.77056,37.32194,0.023580221,-0.035050046,0.34941426,24.945303,20.035135,22.704544,-18.288412,37.92344,0.0062694326,0.2938058,11.154906,-0.24407578,22.365585,1047.1095,1310.8046,-37.368786,2087.8484,986.51434,-40.23779,3298.3103,1039.043,-43.225327,0 days 00:00:14.113313313,0 days 00:00:14.138324651
0 days 00:00:00.810000,0 days 00:00:00.835011338,answer2,0.991384,-28.967096,37.121933,0.028737837,-0.0389978,0.31566134,27.378464,20.747618,21.852852,-24.7438,38.08494,0.006055415,0.29732,11.3261385,-1.7451057,19.243734,948.58673,1314.619,-27.594736,1963.5518,1015.0376,-38.947445,3052.4727,841.2133,-39.23646,0 days 00:00:14.123313313,0 days 00:00:14.148324651
0 days 00:00:00.820000,0 days 00:00:00.845011338,answer2,1.0241163,-26.90957,32.598675,0.029549276,-0.037570562,0.29859284,27.289164,18.90516,21.916628,-29.294043,38.104717,0.0067178286,0.30391493,11.501259,-4.72051,15.103763,853.71454,1245.5703,-22.49997,1878.1317,1134.1232,-37.578915,2772.0508,882.6421,-36.94334,0 days 00:00:14.133313313,0 days 00:00:14.158324651
0 days 00:00:00.830000,0 days 00:00:00.855011338,answer2,1.00602,-24.867569,29.239904,0.028591307,-0.032520648,0.28796986,25.930319,15.761215,22.402414,-30.328796,38.039722,0.0037226218,0.3729293,11.639741,-7.1399155,10.68765,874.75934,1222.6473,-21.77801,1963.0166,1028.8912,-35.98285,2961.3918,1044.2166,-34.22467,0 days 00:00:14.143313313,0 days 00:00:14.168324651
0 days 00:00:00.840000,0 days 00:00:00.865011338,answer2,0.97735935,-24.175291,29.009468,0.029210353,-0.022885116,0.27449882,26.176096,12.151123,20.371119,-27.405205,37.963074,0.0037959234,0.42404947,11.565509,-7.5764537,11.337739,925.1335,1233.3428,-26.732887,2057.7058,949.1856,-34.8866,3255.4583,1098.3219,-34.77698,0 days 00:00:14.153313313,0 days 00:00:14.178324651
0 days 00:00:00.850000,0 days 00:00:00.875011338,answer2,0.96120197,-24.535955,30.743576,0.03557374,-0.020275887,0.1861604,27.622065,8.878228,15.662079,-23.637949,37.914433,0.0023902627,0.3789141,11.466778,-6.177424,15.72612,919.6236,1243.7064,-27.298239,2069.17,830.21466,-33.481106,3337.1543,1096.0155,-37.263058,0 days 00:00:14.163313313,0 days 00:00:14.188324651
0 days 00:00:00.860000,0 days 00:00:00.885011338,answer2,0.93500215,-24.918028,32.671406,0.037925433,-0.017605828,0.16175653,30.335669,7.0995445,10.321151,-17.26317,37.923603,0.0030149936,0.23829693,11.423279,-4.787977,20.635645,936.8765,1261.8756,-26.908434,2074.6016,905.0146,-34.987663,3369.7434,1110.2134,-40.393337,0 days 00:00:14.173313313,0 days 00:00:14.198324651
0 days 00:00:00.870000,0 days 00:00:00.895011338,answer2,0.900305,-24.281418,34.08299,0.042099964,-0.017404461,0.18397675,32.28123,6.1319976,4.555231,-15.021834,38.01157,0.003683238,0.21773732,11.50312,-3.8290398,23.99533,935.4372,1258.2926,-27.388763,2092.0076,1021.82306,-36.770603,3252.3547,1126.0426,-42.62855,0 days 00:00:14.183313313,0 days 00:00:14.208324651
0 days 00:00:00.880000,0 days 00:00:00.905011338,answer2,0.84730715,-22.962488,35.539898,0.039143298,-0.014473818,0.21181162,34.42126,6.745716,1.7779427,-12.665029,38.20674,0.00360924,0.40144882,11.424193,-2.7039592,24.993696,970.51825,1204.9878,-24.802038,2191.4104,1138.5297,-38.32074,3227.087,1318.2711,-42.897217,0 days 00:00:14.193313313,0 days 00:00:14.218324651
0 days 00:00:00.890000,0 days 00:00:00.915011338,answer2,0.7963049,-22.614418,37.82529,0.03491534,-0.016889347,0.2175597,35.860897,9.252889,0.10784217,-16.339346,38.473454,0.00428666,0.39881548,11.52839,-1.619984,27.9914,965.12286,1187.174,-24.564177,2181.037,1154.4935,-39.67543,3150.7244,1206.8485,-44.573086,0 days 00:00:14.203313313,0 days 00:00:14.228324651
0 days 00:00:00.900000,0 days 00:00:00.925011338,answer2,0.7652562,-22.044235,38.362835,0.03448317,-0.023767574,0.24782562,36.58844,12.389759,-0.9060803,-22.076012,38.70355,0.0069328374,0.5091016,11.565048,-0.4481214,29.744299,948.8531,1099.5431,-17.420038,2169.4753,1024.9962,-40.43268,3160.9177,1130.8663,-44.14504,0 days 00:00:14.213313313,0 days 00:00:14.238324651
0 days 00:00:00.910000,0 days 00:00:00.935011338,answer2,0.77112633,-21.057365,37.607018,0.0364025,-0.02974204,0.22604038,36.89435,13.47575,-2.7964308,-30.03038,38.842316,0.008393203,0.4333273,11.715749,0.518239,30.196207,905.4827,1055.8184,-12.079165,2115.3699,891.659,-39.75863,3300.0823,1023.8431,-41.75713,0 days 00:00:14.223313313,0 days 00:00:14.248324651
0 days 00:00:00.920000,0 days 00:00:00.945011338,answer2,0.7954007,-18.768066,35.401302,0.043542955,-0.031844765,0.19701858,37.288387,13.53921,-7.1283946,-35.158707,38.866848,0.007882358,0.43234363,11.776391,0.9056816,30.194544,951.88654,1438.873,-12.581565,1823.4921,1087.9819,-31.680405,3097.7175,990.92725,-39.707626,0 days 00:00:14.233313313,0 days 00:00:14.258324651
0 days 00:00:00.930000,0 days 00:00:00.955011338,answer2,0.80137324,-17.256111,34.863293,0.037334558,-0.032455325,0.12774928,38.718754,12.805031,-9.380761,-37.609894,38.850327,0.0037418727,0.31443706,11.672859,0.45325676,29.790228,947.7576,1463.6758,-11.207955,1814.2549,1124.7512,-32.85968,3101.362,1003.7944,-38.382126,0 days 00:00:14.243313313,0 days 00:00:14.268324651
0 days 00:00:00.940000,0 days 00:00:00.965011338,answer2,0.7920502,-16.459906,35.20444,0.029933259,-0.03405034,0.12716831,39.70137,12.978507,-10.686008,-38.948914,38.822937,0.0020371582,0.25690925,11.538291,-0.21126302,31.906952,943.532,1433.2697,-10.353213,1782.7808,1070.2615,-34.203182,3004.4622,832.14044,-40.308628,0 days 00:00:14.253313313,0 days 00:00:14.278324651
0 days 00:00:00.950000,0 days 00:00:00.975011338,answer2,0.7901971,-16.129229,35.334408,0.025196977,-0.03446037,0.11597093,39.94676,12.250361,-10.816161,-38.53301,38.802845,0.0007210556,0.28655383,11.327763,-0.63158274,31.750801,892.6219,1017.0108,-7.752993,2076.5437,862.7785,-43.527943,3222.6477,883.67334,-40.135376,0 days 00:00:14.263313313,0 days 00:00:14.288324651
0 days 00:00:00.960000,0 days 00:00:00.985011338,answer2,0.79120564,-15.583188,35.280033,0.034699704,-0.03511518,0.14057498,38.479748,10.881387,-13.266946,-39.083027,38.797955,0.0025931483,0.6099076,11.669778,-0.94691163,29.391968,402.80112,1710.2206,0.0,1427.599,1084.4498,-24.178339,2733.5505,709.26154,-35.943703,0 days 00:00:14.273313313,0 days 00:00:14.298324651
0 days 00:00:00.970000,0 days 00:00:01.000997732,answer2,0.7868636,-15.336121,34.94714,0.04222889,-0.03655973,0.14546894,37.15087,10.044652,-15.357413,-38.98463,38.813374,0.0015664896,0.7478395,11.717414,-0.83473206,29.694124,175.69849,2033.0094,0.0,1118.2926,1170.7632,-13.417629,2514.824,672.8655,-35.82641,0 days 00:00:14.283313313,0 days 00:00:14.314311045
0 days 00:00:00,0 days 00:00:00.025011338,answer3,0.29219833,-11.838138,16.891169,0.034554187,-0.025944695,0.016917171,21.973555,8.543927,-5.3528576,-17.626513,0.0,0.0,0.0,0.0,0.0,0.0,893.414,1123.8916,-201.0,1984.1631,1007.55444,-201.0,2797.3318,1247.4537,-201.0,0 days 00:00:20.653987321,0 days 00:00:20.678998659
0 days 00:00:00.010000,0 days 00:00:00.035011338,answer3,0.28881928,-11.060287,15.892181,0.038402334,-0.022581747,0.03261711,21.070967,7.698012,-3.732921,-17.31318,0.0,0.0,0.0,0.0,0.0,0.0,925.8078,1171.5299,-201.0,2052.1868,1201.8905,-201.0,2764.0417,1347.0988,-201.0,0 days 00:00:20.663987321,0 days 00:00:20.688998659
0 days 00:00:00.020000,0 days 00:00:00.045011338,answer3,0.27990863,-9.20147,15.518216,0.0319328,-0.019132672,0.051974237,18.387756,6.0806236,-3.56545,-15.661479,0.0,0.0,0.0,0.0,0.0,0.0,967.63947,1215.2465,-201.0,2118.1978,1133.2759,-201.0,2850.909,1284.2648,-201.0,0 days 00:00:20.673987321,0 days 00:00:20.698998659
0 days 00:00:00.030000,0 days 00:00:00.055011338,answer3,0.27498624,-7.4296494,15.757743,0.03162351,-0.015694378,0.046697896,17.200201,2.4477258,-6.0099397,-12.740216,0.0,0.0,0.0,0.0,0.0,0.0,949.279,1200.679,-201.0,1988.7134,1197.2571,-201.0,2726.6235,771.8513,-201.0,0 days 00:00:20.683987321,0 days 00:00:20.708998659
0 days 00:00:00.040000,0 days 00:00:00.065011338,answer3,0.26490647,-6.756842,17.584295,0.02177952,-0.017684462,0.046230275,16.340021,2.691898,-8.060159,-12.524798,0.0,0.0,0.0,0.0,0.0,0.0,938.2669,1184.0469,-201.0,2018.0983,1020.1665,-201.0,2805.8533,929.0928,-201.0,0 days 00:00:20.693987321,0 days 00:00:20.718998659
0 days 00:00:00.050000,0 days 00:00:00.075011338,answer3,0.26505533,-7.5063996,18.60063,0.020284258,-0.01816054,0.043302026,17.643293,4.6056857,-6.350746,-11.051631,0.0,0.0,0.0,0.0,0.0,0.0,892.1667,1077.1116,-201.0,1975.813,986.232,-201.0,2779.952,1005.62695,-201.0,0 days 00:00:20.703987321,0 days 00:00:20.728998659
0 days 00:00:00.060000,0 days 00:00:00.085011338,answer3,0.26311788,-8.342475,17.90562,0.013889904,-0.018752886,0.049439114,17.337822,6.3174057,-4.7094555,-9.092856,0.0,0.0,0.0,0.0,0.0,0.0,889.1329,1296.4093,-201.0,1987.6647,1182.355,-201.0,2743.1223,1809.1217,-201.0,0 days 00:00:20.713987321,0 days 00:00:20.738998659
0 days 00:00:00.070000,0 days 00:00:00.095011338,answer3,0.26410186,-8.22058,17.639898,0.008313556,-0.015408367,0.049108967,17.932474,6.258329,-4.4610934,-6.698936,0.0,0.0,0.0,0.0,0.0,0.0,889.4379,1304.4437,-201.0,1936.2189,1211.4073,-201.0,2752.4753,1589.415,-201.0,0 days 00:00:20.723987321,0 days 00:00:20.748998659
0 days 00:00:00.080000,0 days 00:00:00.105011338,answer3,0.25683895,-7.480247,16.50885,0.008288664,-0.012429952,0.04734103,18.165491,5.2772665,-5.630884,-7.7094646,0.0,0.0,0.0,0.0,0.0,0.0,908.3735,1401.3724,-201.0,2006.5162,1254.3241,-201.0,3002.987,2485.117,-201.0,0 days 00:00:20.733987321,0 days 00:00:20.758998659
0 days 00:00:00.090000,0 days 00:00:00.115011338,answer3,0.25107414,-7.1081033,17.340658,0.0138822915,-0.012516014,0.042902123,18.873087,6.342804,-4.389416,-8.092702,0.0,0.0,0.0,0.0,0.0,0.0,918.8299,1163.8828,-201.0,2035.6617,1041.2582,-201.0,3043.5144,1763.8419,-201.0,0 days 00:00:20.743987321,0 days 00:00:20.768998659
0 days 00:00:00.100000,0 days 00:00:00.125011338,answer3,0.25144652,-8.324151,17.155664,0.023760622,-0.01533175,0.042589884,18.9447,7.244498,-2.8109474,-9.1039,0.0,0.0,0.0,0.0,0.0,0.0,1006.04865,1165.4937,-201.0,2158.4233,886.1906,-201.0,3376.7078,1877.1979,-201.0,0 days 00:00:20.753987321,0 days 00:00:20.778998659
0 days 00:00:00.110000,0 days 00:00:00.135011338,answer3,0.24802864,-9.0232315,17.49684,0.022546822,-0.019991048,0.044672206,17.394247,8.137248,-2.5564346,-10.140782,0.0,0.0,0.0,0.0,0.0,0.0,963.98334,1220.1989,-201.0,2066.3582,936.1595,-201.0,3086.7617,1021.1702,-201.0,0 days 00:00:20.763987321,0 days 00:00:20.788998659
0 days 00:00:00.120000,0 days 00:00:00.145011338,answer3,0.24784882,-9.754272,17.22655,0.018220028,-0.023126334,0.043474223,17.51943,7.4542956,-4.5608406,-9.510953,0.0,0.0,0.0,0.0,0.0,0.0,802.1946,1408.8156,-201.0,1811.0729,1117.8944,-201.0,2885.449,1078.097,-201.0,0 days 00:00:20.773987321,0 days 00:00:20.798998659
0 days 00:00:00.130000,0 days 00:00:00.155011338,answer3,0.24502684,-8.88341,16.8398,0.007467438,-0.025491709,0.04438759,17.443504,7.081444,-5.3597703,-8.327863,0.0,0.0,0.0,0.0,0.0,0.0,690.6082,1488.0741,-201.0,1774.1322,1249.4796,-201.0,2398.7578,1481.9551,-201.0,0 days 00:00:20.783987321,0 days 00:00:20.808998659
0 days 00:00:00.140000,0 days 00:00:00.165011338,answer3,0.24984391,-10.38586,18.53768,0.0121205,-0.02811856,0.046004105,19.371202,9.386306,-3.693341,-6.7164264,0.0,0.0,0.0,0.0,0.0,0.0,730.83154,1493.9857,-201.0,1829.4564,1305.0934,-201.0,2452.6997,1621.7754,-201.0,0 days 00:00:20.793987321,0 days 00:00:20.818998659
0 days 00:00:00.150000,0 days 00:00:00.175011338,answer3,0.25122705,-11.756738,20.16147,0.011675812,-0.029669857,0.04771843,19.493008,11.088441,-1.6643168,-7.2332954,0.0,0.0,0.0,0.0,0.0,0.0,860.08417,1421.2465,-201.0,2006.9506,1177.0936,-201.0,2651.9207,1458.9791,-201.0,0 days 00:00:20.803987321,0 days 00:00:20.828998659
0 days 00:00:00.160000,0 days 00:00:00.185011338,answer3,0.25748858,-14.37457,22.595459,0.025536092,-0.033341438,0.05074739,20.019651,14.033057,-0.009918283,-9.885569,0.0,0.0,0.0,0.0,0.0,0.0,846.73193,1427.6415,-201.0,1830.1777,1328.8518,-201.0,2639.6372,1035.5259,-201.0,0 days 00:00:20.813987321,0 days 00:00:20.838998659
0 days 00:00:00.170000,0 days 00:00:00.195011338,answer3,0.25762177,-14.606572,21.861269,0.024440343,-0.028741566,0.047451276,19.987875,14.398621,-0.026344517,-11.870978,0.0,0.0,0.0,0.0,0.0,0.0,684.3641,1400.9644,-201.0,1654.7217,1326.605,-201.0,2550.18,953.53125,-201.0,0 days 00:00:20.823987321,0 days 00:00:20.848998659
0 days 00:00:00.180000,0 days 00:00:00.205011338,answer3,0.28272545,-13.148056,21.472303,0.02905917,-0.020231912,0.05133606,19.680218,11.794624,-2.4808488,-13.541553,0.0,0.0,0.0,0.0,0.0,0.0,701.9492,1350.2572,-201.0,1658.7529,1288.454,-201.0,2532.042,961.4209,-201.0,0 days 00:00:20.833987321,0 days 00:00:20.858998659
0 days 00:00:00.190000,0 days 00:00:00.215011338,answer3,0.38689235,-9.439722,18.27838,0.030202514,-0.009445619,0.078881,17.388216,7.3969574,-7.4309382,-17.178015,0.0,0.0,0.0,0.0,0.0,0.0,595.0462,1537.9381,-201.0,1572.6425,1114.0719,-201.0,2635.598,791.7627,-201.0,0 days 00:00:20.843987321,0 days 00:00:20.868998659
0 days 00:00:00.200000,0 days 00:00:00.225011338,answer3,0.4526826,-7.9587684,16.657543,0.03882783,-0.010217888,0.1050709,15.29176,7.2336583,-7.6789703,-17.754435,0.0,0.0,0.0,0.0,0.0,0.0,756.7929,1664.8081,-201.0,1609.311,1118.4233,-201.0,2652.9749,624.94617,-201.0,0 days 00:00:20.853987321,0 days 00:00:20.878998659
0 days 00:00:00.210000,0 days 00:00:00.235011338,answer3,0.48328337,-6.5434585,12.659434,0.038912278,-0.011093743,0.12461237,12.984899,8.71003,-4.7026553,-13.13149,0.0,0.0,0.0,0.0,0.0,0.0,876.7935,2659.7654,-201.0,1422.1537,1155.8663,-201.0,2619.5837,547.9556,-201.0,0 days 00:00:20.863987321,0 days 00:00:20.888998659
0 days 00:00:00.220000,0 days 00:00:00.245011338,answer3,0.42200896,-4.8079224,10.837532,0.030276565,-0.013874143,0.10606045,11.567192,9.552883,-3.0182266,-4.2836432,0.0,0.0,0.0,0.0,0.0,0.0,856.998,2524.365,-201.0,1427.9801,1086.0698,-201.0,2654.1934,500.9263,-201.0,0 days 00:00:20.873987321,0 days 00:00:20.898998659
0 days 00:00:00.230000,0 days 00:00:00.255011337,answer3,0.39129612,-3.481488,10.07396,0.028398685,-0.009196422,0.08923135,10.213086,6.2987323,-5.6177526,-1.1416034,0.0,0.0,0.0,0.0,0.0,0.0,861.64874,2408.9534,-201.0,1476.482,1023.12506,-201.0,2688.6248,532.9129,-201.0,0 days 00:00:20.883987321,0 days 00:00:20.908998658
0 days 00:00:00.240000,0 days 00:00:00.265011338,answer3,0.3728849,-3.096157,10.532397,0.028408214,-0.006627834,0.07198709,9.812699,5.3913445,-7.125317,-3.5494664,0.0,0.0,0.0,0.0,0.0,0.0,565.16846,1580.9408,-201.0,1475.6088,1086.2719,-201.0,2559.6516,792.2258,-201.0,0 days 00:00:20.893987321,0 days 00:00:20.918998659
0 days 00:00:00.250000,0 days 00:00:00.275011338,answer3,0.35348955,-6.96944,12.838267,0.03207082,-0.0025466124,0.07502674,11.634746,8.982438,-4.0470867,-5.458351,0.0,0.0,0.0,0.0,0.0,0.0,535.9308,1647.1088,-201.0,1495.6426,1351.96,-201.0,2248.9873,1363.2655,-201.0,0 days 00:00:20.903987321,0 days 00:00:20.928998659
0 days 00:00:00.260000,0 days 00:00:00.285011338,answer3,0.34520277,-9.264226,16.097862,0.021731498,-0.004066871,0.07678497,13.948532,11.403297,0.559665,-1.2402676,0.0,0.0,0.0,0.0,0.0,0.0,557.97034,1588.181,-201.0,1547.9545,1409.4541,-201.0,2235.4038,1465.4296,-201.0,0 days 00:00:20.913987321,0 days 00:00:20.938998659
0 days 00:00:00.270000,0 days 00:00:00.295011338,answer3,0.33018383,-13.362012,20.823097,0.016455708,-0.010518751,0.09833642,17.38817,14.759774,6.0916405,3.680764,0.0,0.0,0.0,0.0,0.0,0.0,588.74005,1423.2089,-201.0,1631.7814,1259.2661,-201.0,2371.7832,1280.0255,-201.0,0 days 00:00:20.923987321,0 days 00:00:20.948998659
0 days 00:00:00.280000,0 days 00:00:00.305011338,answer3,0.3337383,-17.441938,26.784678,0.011641942,-0.013625308,0.1654924,21.13304,17.639107,11.860644,6.6865754,0.0,0.0,0.0,0.0,0.0,0.0,559.6204,1323.1532,-201.0,1628.9062,1081.0873,-201.0,2630.8206,829.8913,-201.0,0 days 00:00:20.933987321,0 days 00:00:20.958998659
0 days 00:00:00.290000,0 days 00:00:00.315011338,answer3,0.3475958,-21.895449,31.984167,0.020846188,-0.017491294,0.17448783,25.245087,21.441397,14.04024,4.127134,0.0,0.0,0.0,0.0,0.0,0.0,491.5892,1402.2227,-201.0,1563.2428,1023.7744,-201.0,2642.1057,691.0747,-201.0,0 days 00:00:20.943987321,0 days 00:00:20.968998659
0 days 00:00:00.300000,0 days 00:00:00.325011338,answer3,0.34768,-24.08371,35.42863,0.022712335,-0.016806796,0.21204035,27.23375,23.12893,12.5028925,1.5913635,0.0,0.0,0.0,0.0,0.0,0.0,630.9739,1522.076,-201.0,1668.7279,1260.1171,-201.0,2644.088,780.82745,-201.0,0 days 00:00:20.953987321,0 days 00:00:20.978998659
0 days 00:00:00.310000,0 days 00:00:00.335011338,answer3,0.35003543,-22.438913,34.279423,0.027222805,-0.021989852,0.15948787,28.038025,20.360308,8.303147,-4.1715455,0.0,0.0,0.0,0.0,0.0,0.0,674.6292,1513.5482,-136.59834,1600.305,1384.5582,-145.39722,2590.6604,813.1982,-147.21806,0 days 00:00:20.963987321,0 days 00:00:20.988998659
0 days 00:00:00.320000,0 days 00:00:00.345011338,answer3,0.3727034,-22.61791,34.63988,0.032752026,-0.0235701,0.25679544,28.880957,20.242977,6.9044914,-7.098846,35.413597,0.0,4.167936,7.708111,15.864759,36.77216,683.32324,1434.2303,-78.96637,1650.8965,1360.5084,-92.521385,2589.8206,866.9449,-96.60819,0 days 00:00:20.973987321,0 days 00:00:20.998998659
0 days 00:00:00.330000,0 days 00:00:00.355011338,answer3,0.44340166,-23.967842,36.862797,0.046550736,-0.020315979,0.32235086,31.880121,21.48052,5.34808,-9.354075,35.55172,0.047541313,3.8790896,8.341522,16.472527,37.068066,537.46136,1361.8649,-14.5106,1489.7007,1251.1857,-33.866474,2527.5872,840.96436,-44.70572,0 days 00:00:20.983987321,0 days 00:00:21.008998659
0 days 00:00:00.340000,0 days 00:00:00.365011338,answer3,0.5261112,-25.43516,38.999878,0.059761554,-0.01718944,0.346205,34.518764,23.706503,4.4012785,-10.557309,35.88604,0.033959087,2.414911,9.350823,18.15005,35.82298,712.2216,1254.743,-19.505943,1757.0575,1052.64,-34.77333,2794.0466,869.38055,-42.588757,0 days 00:00:20.993987321,0 days 00:00:21.018998659
0 days 00:00:00.350000,0 days 00:00:00.375011338,answer3,0.6621217,-23.24204,36.280704,0.072065115,-0.013696034,0.34751597,34.643314,18.935778,6.757198,-16.905468,36.130558,0.016565,1.5677737,9.752023,17.26344,30.874367,569.70245,1328.3724,-10.549287,1561.3877,1073.4325,-28.247965,2742.0159,865.8896,-35.55643,0 days 00:00:21.003987321,0 days 00:00:21.028998659
0 days 00:00:00.360000,0 days 00:00:00.385011338,answer3,0.78532815,-21.480614,31.265768,0.07421146,-0.018133974,0.31405357,33.67189,15.057036,11.675168,-23.51113,36.369106,0.013488621,0.65082186,10.015298,18.275192,31.16429,569.12286,1763.1835,-7.583378,1408.9481,1358.319,-30.391678,2749.4158,746.3059,-32.880444,0 days 00:00:21.013987321,0 days 00:00:21.038998659
0 days 00:00:00.370000,0 days 00:00:00.395011338,answer3,0.86557084,-21.909815,30.765638,0.07614855,-0.02066216,0.3383893,33.496586,14.159488,13.832288,-27.983805,36.559048,0.0130891865,0.5958999,10.261407,19.67067,33.910503,386.2075,1854.6222,0.015462637,1227.5776,1558.6725,-30.712748,2540.113,874.6934,-33.636,0 days 00:00:21.023987321,0 days 00:00:21.048998659
0 days 00:00:00.380000,0 days 00:00:00.405011338,answer3,0.90184146,-22.141708,32.265656,0.06932995,-0.022014514,0.2806271,34.85207,15.599156,10.693965,-28.385641,36.731884,0.009674566,0.5809782,10.394633,19.467455,34.611324,587.60284,1833.999,0.0,1537.9066,1607.1908,-33.7569,2821.577,1053.2181,-34.02615,0 days 00:00:21.033987321,0 days 00:00:21.058998659
0 days 00:00:00.390000,0 days 00:00:00.415011338,answer3,0.9886779,-20.758728,32.22782,0.073935695,-0.019672306,0.23992723,33.96996,12.066981,8.66784,-31.759056,36.943806,0.004735331,0.4576081,10.4558325,17.328676,32.00443,550.7083,1507.5082,-18.337612,1647.4491,1338.9365,-30.64316,2821.1482,1057.1953,-32.209362,0 days 00:00:21.043987321,0 days 00:00:21.068998659
0 days 00:00:00.400000,0 days 00:00:00.425011338,answer3,1.0444413,-20.005505,29.762995,0.0744332,-0.020601096,0.28200832,33.284744,8.265278,8.262086,-35.41875,37.140675,0.004598846,0.26598278,10.671165,14.913241,31.210318,540.6887,1527.7062,0.0,1522.3676,1277.4585,-27.048864,2765.9485,781.0381,-32.205936,0 days 00:00:21.053987321,0 days 00:00:21.078998659
0 days 00:00:00.410000,0 days 00:00:00.435011338,answer3,1.056407,-21.936884,29.532196,0.07322028,-0.025316,0.27002332,33.202324,8.71317,8.721564,-39.96696,37.3168,0.00634116,0.32453355,10.925586,13.751564,36.276352,523.2591,1637.1942,0.0,1491.7006,1317.2411,-32.08679,2711.801,852.6514,-37.810627,0 days 00:00:21.063987321,0 days 00:00:21.088998659
0 days 00:00:00.420000,0 days 00:00:00.445011338,answer3,1.0136646,-25.251192,32.20407,0.0699401,-0.029059008,0.29622322,34.89546,14.240407,3.9397018,-39.286404,37.505035,0.005542289,0.4759284,11.098357,13.5019045,40.726933,702.48846,1557.6166,-19.801146,1847.3229,1323.5892,-41.043766,3008.8523,1313.6545,-42.576733,0 days 00:00:21.073987321,0 days 00:00:21.098998659
0 days 00:00:00.430000,0 days 00:00:00.455011338,answer3,1.0207015,-27.417618,36.197525,0.061568376,-0.030879928,0.29396534,36.35792,20.697792,-0.5921669,-38.604843,37.714016,0.00521797,0.43614635,11.109389,14.259116,42.574856,845.1037,1666.6053,-18.534483,1946.9584,1435.08,-44.8616,3133.6887,1454.2635,-44.113537,0 days 00:00:21.083987321,0 days 00:00:21.108998659
0 days 00:00:00.440000,0 days 00:00:00.465011338,answer3,1.0696144,-28.687769,37.42,0.05903481,-0.03342979,0.367875,36.3354,23.747223,-4.325916,-35.754986,37.93768,0.0055343728,0.42373124,11.051003,15.513164,39.53242,771.86273,1565.8765,-16.206612,1923.6632,1352.515,-45.78792,3092.2693,1299.8475,-40.225864,0 days 00:00:21.093987321,0 days 00:00:21.118998659
0 days 00:00:00.450000,0 days 00:00:00.475011338,answer3,1.0967034,-29.588068,37.270966,0.056576084,-0.034558993,0.38254607,35.969707,25.567434,-2.7177975,-36.99655,38.135628,0.0055731186,0.40537593,11.070648,16.623865,38.4379,640.8521,1543.3535,-11.263008,1702.0767,1414.2959,-41.796204,2887.944,1084.3433,-38.707077,0 days 00:00:21.103987321,0 days 00:00:21.128998659
0 days 00:00:00.460000,0 days 00:00:00.485011338,answer3,1.1040508,-29.383972,36.09445,0.057425056,-0.034457073,0.42536536,33.8997,23.84906,0.863261,-35.227543,38.37347,0.006283323,0.43144348,11.0501585,16.827501,37.592495,622.104,1338.1439,-12.037089,1871.8828,1180.4283,-41.68777,2982.669,1101.9398,-38.432117,0 days 00:00:21.113987321,0 days 00:00:21.138998659
0 days 00:00:00.470000,0 days 00:00:00.495011338,answer3,1.0513126,-27.413475,35.2086,0.05392288,-0.03378704,0.51186615,32.238274,22.262869,2.1037662,-30.972006,38.56843,0.004677716,0.5541494,11.113888,16.470758,38.71054,622.6234,1375.0728,-12.306598,1746.9277,1209.7935,-32.637012,2853.5671,1033.4509,-40.17641,0 days 00:00:21.123987321,0 days 00:00:21.148998659
0 days 00:00:00.480000,0 days 00:00:00.505011338,answer3,1.0352196,-24.415117,34.35622,0.05138214,-0.0372489,0.5439219,30.361952,19.618013,-0.2948455,-23.744194,38.644154,0.01037228,0.5820196,11.075353,16.651186,37.813797,642.49414,1386.812,-11.935075,1739.5885,1006.27264,-28.326317,2923.1338,841.2468,-38.908146,0 days 00:00:21.133987321,0 days 00:00:21.158998659
0 days 00:00:00.490000,0 days 00:00:00.515011338,answer3,1.0523025,-22.405396,31.940521,0.059114605,-0.04125711,0.4399207,27.789206,16.782892,0.31167665,-22.863005,38.56055,0.011692751,0.6610871,11.087857,17.278849,33.391254,534.62787,1380.8541,-8.740913,1616.9951,996.03766,-23.362581,2859.9324,884.7287,-33.74953,0 days 00:00:21.143987321,0 days 00:00:21.168998659
0 days 00:00:00.500000,0 days 00:00:00.525011338,answer3,1.0786704,-20.893324,27.662867,0.059100192,-0.041126605,0.32883522,24.99156,15.554695,7.370937,-26.924997,38.417492,0.011686392,0.46897045,11.165138,17.216845,26.729368,539.80664,1233.723,0.0,1643.433,817.14667,-25.216866,2855.2097,766.9651,-27.784798,0 days 00:00:21.153987321,0 days 00:00:21.178998659
0 days 00:00:00.510000,0 days 00:00:00.535011338,answer3,1.0404187,-19.760406,24.287802,0.055038005,-0.039532237,0.34601727,21.806776,16.478415,17.957352,-32.306683,38.281113,0.006270819,0.45436582,11.265857,16.200598,21.665789,484.17,1347.9323,-19.722775,1558.3099,1109.6499,-28.60819,2651.169,818.5418,-25.438639,0 days 00:00:21.163987321,0 days 00:00:21.188998659
0 days 00:00:00.520000,0 days 00:00:00.545011338,answer3,0.99345016,-18.289389,22.007803,0.04070813,-0.033581797,0.38472804,19.491915,17.298864,25.452272,-31.051783,38.190426,0.0034231655,0.5827545,11.307167,16.19488,21.250029,431.9004,1483.7609,0.0,1516.0568,1232.3282,-33.05956,2486.7485,784.71436,-27.732264,0 days 00:00:21.173987321,0 days 00:00:21.198998659
0 days 00:00:00.530000,0 days 00:00:00.555011338,answer3,0.96716565,-18.461123,22.586828,0.04407196,-0.02993623,0.3776683,17.95217,19.380655,28.979963,-30.329031,38.119595,0.0024324895,0.5744592,11.20961,18.85533,23.741217,257.46786,1692.5023,0.0,1373.3126,1452.6168,-38.287888,2365.7253,852.2596,-31.403357,0 days 00:00:21.183987321,0 days 00:00:21.208998659
0 days 00:00:00.540000,0 days 00:00:00.565011338,answer3,0.9828426,-19.453943,23.35012,0.050358146,-0.027166223,0.30037296,17.693682,20.567892,32.119965,-28.466095,38.01318,0.0021349238,0.53299665,10.877747,23.046066,26.760214,269.5516,1626.9014,0.0,1432.4742,1403.8893,-42.18421,2393.0361,865.64813,-34.378872,0 days 00:00:21.193987321,0 days 00:00:21.218998659
0 days 00:00:00.550000,0 days 00:00:00.575011338,answer3,0.9468754,-21.5576,25.849289,0.059350938,-0.030004658,0.28572008,19.097921,23.70494,33.525467,-28.80716,37.831318,0.0022631667,0.37310258,10.34798,25.85157,26.923784,450.15976,1475.6495,0.0,1570.6904,1273.4247,-46.024246,2533.6895,720.1563,-34.746838,0 days 00:00:21.203987321,0 days 00:00:21.228998659
0 days 00:00:00.560000,0 days 00:00:00.585011338,answer3,0.8359172,-23.289108,27.944845,0.055719625,-0.031805914,0.36464915,21.1113,25.302317,33.223434,-25.710108,37.743977,0.006068118,0.63887876,9.415832,26.410965,25.119476,630.5948,1299.9381,-35.05256,1823.4447,1079.1586,-45.82277,2740.795,957.94305,-33.623943,0 days 00:00:21.213987321,0 days 00:00:21.238998659
0 days 00:00:00.570000,0 days 00:00:00.595011338,answer3,0.658892,-23.221022,28.302567,0.04723605,-0.034723576,0.52078813,22.338942,25.734207,28.583673,-24.201654,37.76403,0.008110143,0.97552127,8.532107,23.122244,22.981369,804.41656,1427.8649,-31.36777,2032.2568,1368.6295,-42.137554,2775.9744,1089.4229,-31.226896,0 days 00:00:21.223987321,0 days 00:00:21.248998659
0 days 00:00:00.580000,0 days 00:00:00.605011338,answer3,0.49070382,-20.184465,24.725183,0.038996436,-0.032317705,0.5182332,20.832623,22.334017,22.756395,-22.365377,37.81442,0.017627612,1.6979908,6.96122,18.960127,23.17373,843.6277,1715.6703,-26.200903,2042.3375,1765.0624,-36.46435,2674.1416,1276.2142,-30.41451,0 days 00:00:21.233987321,0 days 00:00:21.258998659
0 days 00:00:00.590000,0 days 00:00:00.615011338,answer3,0.38073397,-17.223288,21.470129,0.033026766,-0.031819317,0.3589113,20.017073,18.07955,16.04334,-20.066652,37.819565,0.019786617,2.0757728,6.3154507,15.425305,24.539726,860.049,1714.938,-81.54548,1958.999,1816.2059,-89.02677,2593.7341,1020.64105,-87.621765,0 days 00:00:21.243987321,0 days 00:00:21.268998659
0 days 00:00:00.600000,0 days 00:00:00.625011338,answer3,0.32898018,-15.775661,20.782095,0.030273063,-0.028179511,0.13674931,20.406572,14.75722,10.558327,-17.306736,0.0,0.0,0.0,0.0,0.0,0.0,716.30707,1558.9655,-140.54608,1752.4176,1396.1527,-144.39471,2630.8855,2099.5234,-143.80566,0 days 00:00:21.253987321,0 days 00:00:21.278998659
0 days 00:00:00.610000,0 days 00:00:00.635011338,answer3,0.30457643,-16.208887,22.648605,0.026841631,-0.024557292,0.058752343,21.812632,13.973198,7.294008,-12.630814,0.0,0.0,0.0,0.0,0.0,0.0,818.1821,1410.2236,-201.0,1949.3223,1024.1499,-201.0,3152.93,2080.0774,-201.0,0 days 00:00:21.263987321,0 days 00:00:21.288998659
0 days 00:00:00.620000,0 days 00:00:00.645011338,answer3,0.27523547,-13.995439,21.441553,0.025316762,-0.020173939,0.066424616,20.048563,11.593159,3.651036,-10.558866,0.0,0.0,0.0,0.0,0.0,0.0,799.417,1627.8192,-201.0,1924.2928,1164.8912,-201.0,3100.573,2185.9595,-201.0,0 days 00:00:21.273987321,0 days 00:00:21.298998659
0 days 00:00:00.630000,0 days 00:00:00.655011338,answer3,0.2509314,-11.710743,19.820457,0.025261821,-0.015139987,0.061613996,17.633097,9.50512,0.5678794,-5.6704636,0.0,0.0,0.0,0.0,0.0,0.0,922.44745,1557.0167,-201.0,2143.3962,1057.0676,-201.0,3174.3103,1252.2856,-201.0,0 days 00:00:21.283987321,0 days 00:00:21.308998659
0 days 00:00:00.640000,0 days 00:00:00.665011338,answer3,0.23660862,-8.843684,16.800089,0.011439974,-0.00999758,0.058839142,14.92323,7.054357,-1.2651447,-3.27666,0.0,0.0,0.0,0.0,0.0,0.0,805.2749,1504.0894,-201.0,1926.3698,1109.131,-201.0,2747.7559,1113.3127,-201.0,0 days 00:00:21.293987321,0 days 00:00:21.318998659
0 days 00:00:00.650000,0 days 00:00:00.675011338,answer3,0.2530531,-9.020351,16.811934,0.004845623,-0.00826416,0.040904112,15.320743,8.219538,-0.43965998,-0.7976069,0.0,0.0,0.0,0.0,0.0,0.0,775.1088,1420.4972,-201.0,2010.9574,1115.3146,-201.0,2780.5496,1300.7538,-201.0,0 days 00:00:21.303987321,0 days 00:00:21.328998659
0 days 00:00:00.660000,0 days 00:00:00.685011338,answer3,0.29199758,-7.009297,13.991848,0.008526251,-0.008373777,0.04666282,11.439284,6.858709,-1.1886677,-3.0902722,0.0,0.0,0.0,0.0,0.0,0.0,831.3457,1478.2784,-201.0,1945.1381,1307.4166,-201.0,2663.4219,1114.1732,-201.0,0 days 00:00:21.313987321,0 days 00:00:21.338998659
0 days 00:00:00.670000,0 days 00:00:00.695011338,answer3,0.35520753,-5.0171027,11.963546,0.025018005,-0.010898835,0.053160276,7.887251,7.0164247,-1.9579039,-2.5591202,0.0,0.0,0.0,0.0,0.0,0.0,695.1626,1422.7672,-201.0,1772.8954,1350.9923,-201.0,2442.5862,1268.5211,-201.0,0 days 00:00:21.323987321,0 days 00:00:21.348998659
0 days 00:00:00.680000,0 days 00:00:00.705011338,answer3,0.5380134,-6.8888144,12.955855,0.043315455,-0.021449795,0.25304428,10.043454,6.8664017,-0.0022131603,-5.49095,0.0,0.0,0.0,0.0,0.0,0.0,610.58594,1308.381,-201.0,1626.3749,1205.9258,-201.0,2388.3196,1185.8671,-201.0,0 days 00:00:21.333987321,0 days 00:00:21.358998659
0 days 00:00:00.690000,0 days 00:00:00.715011338,answer3,0.70201564,-11.467049,17.531473,0.051598173,-0.034379918,0.33831513,15.865577,9.247893,2.4269977,-6.470139,0.0,0.0,0.0,0.0,0.0,0.0,518.88025,1280.5192,-201.0,1572.1976,973.26416,-201.0,2494.6062,1070.1251,-201.0,0 days 00:00:21.343987321,0 days 00:00:21.368998659
0 days 00:00:00.700000,0 days 00:00:00.725011338,answer3,0.7775366,-16.598059,21.847391,0.051204145,-0.04355303,0.5307751,22.278154,13.05281,5.2384467,-6.6974463,0.0,0.0,0.0,0.0,0.0,0.0,641.0004,1300.9838,-201.0,1740.9176,833.13574,-201.0,2726.1572,916.83746,-201.0,0 days 00:00:21.353987321,0 days 00:00:21.378998659
0 days 00:00:00.710000,0 days 00:00:00.735011338,answer3,0.7976992,-16.399641,21.954462,0.04944734,-0.045221675,0.45013586,22.094015,14.230198,4.140289,-5.2313113,0.0,0.0,0.0,0.0,0.0,0.0,736.3753,1308.8497,-137.25436,1828.3765,761.7624,-137.88565,2847.5994,824.6128,-142.5533,0 days 00:00:21.363987321,0 days 00:00:21.388998659
0 days 00:00:00.720000,0 days 00:00:00.745011338,answer3,0.8821933,-12.818226,18.295435,0.045544103,-0.038604308,0.4739314,20.930637,11.929193,4.458678,1.6916447,32.001717,0.0,1.8197544,1.6990571,-6.4160566,9.854996,639.5437,1237.2994,-73.39979,1724.1481,779.25195,-79.34619,2698.3806,896.5837,-80.26328,0 days 00:00:21.373987321,0 days 00:00:21.398998659
0 days 00:00:00.730000,0 days 00:00:00.755011338,answer3,0.97839427,-12.307266,19.026995,0.048668075,-0.039402064,0.4083171,21.22722,11.447731,4.980905,2.640066,31.93014,0.070856184,1.3796511,2.989125,-5.7287583,13.697784,621.7513,1255.3793,-11.580825,1705.9061,800.988,-19.915606,2664.0847,895.15796,-23.433516,0 days 00:00:21.383987321,0 days 00:00:21.408998659
0 days 00:00:00.740000,0 days 00:00:00.765011338,answer3,0.934983,-13.940343,21.088228,0.043400835,-0.036163744,0.36755255,22.143007,14.909986,6.008674,5.005222,31.707085,0.07734526,0.6036677,4.878668,-4.135081,17.879267,542.1439,1240.3074,-11.43499,1655.9843,913.6353,-25.101942,2617.6035,1056.9686,-27.925636,0 days 00:00:21.393987321,0 days 00:00:21.418998659
0 days 00:00:00.750000,0 days 00:00:00.775011338,answer3,0.753807,-18.712446,26.327642,0.03665042,-0.03718973,0.36070004,23.731833,21.9348,8.170531,3.309456,31.57898,0.061731394,0.58988374,5.7569547,-4.156963,23.058298,610.96515,1449.0621,-13.164966,1762.2876,949.8499,-26.022194,2831.3264,1046.3658,-36.79024,0 days 00:00:21.403987321,0 days 00:00:21.428998659
0 days 00:00:00.760000,0 days 00:00:00.785011338,answer3,0.58866876,-20.170176,27.70652,0.029877054,-0.03361341,0.29485834,24.076326,23.064949,8.356616,4.1943974,31.443487,0.04134613,1.2615117,5.7017074,-4.113974,23.805029,631.31464,1332.4672,-14.729012,1777.2411,864.59644,-27.752645,2889.162,1130.5099,-38.95828,0 days 00:00:21.413987321,0 days 00:00:21.438998659
0 days 00:00:00.770000,0 days 00:00:00.795011338,answer3,0.45840144,-19.92726,27.523954,0.022539148,-0.033737227,0.26021713,23.32701,23.073519,9.110615,5.224071,31.381552,0.026881749,1.3481487,5.094507,-4.5946274,22.942377,631.2754,1345.3701,-13.407889,1791.0482,779.4123,-25.553003,3011.2273,998.1015,-37.255157,0 days 00:00:21.423987321,0 days 00:00:21.448998659
0 days 00:00:00.780000,0 days 00:00:00.805011338,answer3,0.38080922,-18.398085,24.347223,0.010091562,-0.032796703,0.18351857,23.624062,19.632664,7.012394,4.9227614,31.29601,0.030447861,1.7274127,4.7243695,-3.9585416,24.298178,658.35016,1202.3741,-75.53249,1785.1503,711.88824,-83.17221,2972.7695,909.91754,-90.68057,0 days 00:00:21.433987321,0 days 00:00:21.458998659
0 days 00:00:00.790000,0 days 00:00:00.815011338,answer3,0.32756892,-15.758353,19.066826,0.0060751513,-0.034542892,0.13692169,22.769318,16.897446,4.115634,2.725381,0.0,0.0,0.0,0.0,0.0,0.0,620.09436,1287.2396,-135.78741,1758.2384,721.85834,-140.87234,2956.623,914.99384,-145.3423,0 days 00:00:21.443987321,0 days 00:00:21.468998659
0 days 00:00:00.800000,0 days 00:00:00.825011338,answer3,0.29328987,-13.76155,15.351837,0.0006304982,-0.033877134,0.09493799,20.599066,14.320558,0.30945238,-1.8070089,0.0,0.0,0.0,0.0,0.0,0.0,732.27313,1298.047,-201.0,1796.7728,764.712,-201.0,2823.2988,840.8564,-201.0,0 days 00:00:21.453987321,0 days 00:00:21.478998659
0 days 00:00:00.810000,0 days 00:00:00.835011338,answer3,0.2854018,-13.289001,17.064112,0.0075210244,-0.03247941,0.07102909,18.08959,15.246974,-4.2132454,-4.96755,0.0,0.0,0.0,0.0,0.0,0.0,658.9392,1304.7445,-201.0,1764.8027,928.8999,-201.0,2805.8953,1115.8252,-201.0,0 days 00:00:21.463987321,0 days 00:00:21.488998659
0 days 00:00:00.820000,0 days 00:00:00.845011338,answer3,0.2983074,-13.1202,18.938148,0.009967438,-0.02737311,0.05447312,13.962395,18.65212,-9.531681,-8.930957,0.0,0.0,0.0,0.0,0.0,0.0,573.49475,1418.4819,-201.0,1568.828,1265.3948,-201.0,2565.515,1182.3784,-201.0,0 days 00:00:21.473987321,0 days 00:00:21.498998659
0 days 00:00:00.830000,0 days 00:00:00.855011338,answer3,0.3506274,-11.828595,19.081192,0.015276794,-0.025091087,0.060195345,10.023036,20.543015,-12.944034,-8.349835,0.0,0.0,0.0,0.0,0.0,0.0,536.3771,1484.0111,-201.0,1575.8317,1382.4154,-201.0,2543.174,1241.6484,-201.0,0 days 00:00:21.483987321,0 days 00:00:21.508998659
0 days 00:00:00.840000,0 days 00:00:00.865011338,answer3,0.3885413,-9.825431,15.832493,0.025364539,-0.026210248,0.06240678,6.727169,19.518045,-11.20668,-10.4391165,0.0,0.0,0.0,0.0,0.0,0.0,640.8304,1454.2744,-201.0,1589.0537,1321.0366,-201.0,2437.5525,1021.5135,-201.0,0 days 00:00:21.493987321,0 days 00:00:21.518998659
0 days 00:00:00.850000,0 days 00:00:00.875011338,answer3,0.4009066,-8.2443695,11.905477,0.024975255,-0.029651916,0.066030055,6.8503265,15.805413,-4.619869,-7.495684,0.0,0.0,0.0,0.0,0.0,0.0,636.07355,1235.9542,-201.0,1726.3789,941.2373,-201.0,2638.0625,805.7453,-201.0,0 days 00:00:21.503987321,0 days 00:00:21.528998659
0 days 00:00:00.860000,0 days 00:00:00.885011338,answer3,0.42973506,-11.175934,12.960442,0.030817868,-0.034731425,0.16558959,12.571706,15.9620905,5.4669995,-4.317566,0.0,0.0,0.0,0.0,0.0,0.0,543.4096,1282.7633,-136.11678,1676.692,771.6306,-143.03874,2705.5984,842.35205,-143.69136,0 days 00:00:21.513987321,0 days 00:00:21.538998659
0 days 00:00:00.870000,0 days 00:00:00.895011338,answer3,0.53541046,-14.545611,16.62336,0.035847485,-0.03949337,0.2838081,20.388535,16.127441,12.621623,-1.3324577,31.977951,0.0,4.7510815,5.2910376,-1.2248081,24.84093,515.96924,1285.9794,-74.89385,1694.6367,679.7061,-85.181946,2751.2136,775.41504,-87.78821,0 days 00:00:21.523987321,0 days 00:00:21.548998659
0 days 00:00:00.880000,0 days 00:00:00.905011338,answer3,0.6748545,-19.549921,23.313934,0.046888947,-0.042824175,0.38419738,28.378504,17.346972,18.58976,-2.0731692,31.799461,0.035019007,3.6377869,5.485517,-1.5663162,27.512583,533.76416,1434.3003,-9.670907,1838.974,828.8313,-29.114395,3064.2432,1680.3207,-34.267002,0 days 00:00:21.533987321,0 days 00:00:21.558998659
0 days 00:00:00.890000,0 days 00:00:00.915011338,answer3,0.7468607,-21.237267,27.295328,0.051356077,-0.040477846,0.35103452,31.987114,15.978122,20.436527,-3.7495115,31.33995,0.02997339,2.8523352,5.693512,-0.42467627,29.364662,613.4023,1314.5526,-16.489847,1873.0162,810.8415,-31.105997,3031.7314,1547.0239,-37.225964,0 days 00:00:21.543987321,0 days 00:00:21.568998659
0 days 00:00:00.900000,0 days 00:00:00.925011338,answer3,0.67091435,-23.771357,31.52699,0.041831966,-0.036029015,0.36224782,33.627747,17.201998,21.365906,-1.1351205,31.12378,0.03463358,0.99531704,5.227183,0.8900924,29.78673,622.3903,1369.25,-18.429564,1888.94,890.69385,-33.379642,3045.2283,1609.3741,-39.341045,0 days 00:00:21.553987321,0 days 00:00:21.578998659
0 days 00:00:00.910000,0 days 00:00:00.935011338,answer3,0.5446809,-24.85866,33.33369,0.03651003,-0.032140043,0.3612846,33.023613,19.457382,19.473106,2.648749,31.064331,0.022621369,0.9766784,4.9294186,0.026605288,28.285273,714.9372,1319.8556,-24.553102,1855.3794,836.7718,-33.70491,2765.6145,915.30536,-39.797176,0 days 00:00:21.563987321,0 days 00:00:21.588998659
0 days 00:00:00.920000,0 days 00:00:00.945011338,answer3,0.42157578,-24.843157,33.136692,0.029315129,-0.028578162,0.32608315,31.93679,20.400236,15.72995,6.40188,31.233017,0.028138755,1.479685,4.554047,-3.5138457,27.554901,691.6473,1389.6504,-18.293468,1847.085,880.86786,-32.716183,2835.6335,966.97565,-40.9343,0 days 00:00:21.573987321,0 days 00:00:21.598998659
0 days 00:00:00.930000,0 days 00:00:00.955011338,answer3,0.35352483,-21.909933,28.842102,0.02560801,-0.026724173,0.24640115,27.921646,19.890898,11.926876,3.7679756,31.286528,0.034414724,1.9947548,4.264953,-6.042503,27.2202,697.86163,1335.1489,-77.57667,1840.4381,838.1147,-88.29932,2864.1326,877.908,-94.72236,0 days 00:00:21.583987321,0 days 00:00:21.608998659
0 days 00:00:00.940000,0 days 00:00:00.965011338,answer3,0.30753586,-18.544415,24.155478,0.016253265,-0.021938184,0.16205181,24.406288,18.0464,8.8034115,1.6583939,0.0,0.0,0.0,0.0,0.0,0.0,602.7908,1332.6698,-136.67607,1783.1671,851.3968,-144.04161,2908.6035,942.47266,-147.78743,0 days 00:00:21.593987321,0 days 00:00:21.618998659
0 days 00:00:00.950000,0 days 00:00:00.975011338,answer3,0.28262,-15.191176,20.928072,0.013364206,-0.022075778,0.124679774,21.345505,14.510972,6.373299,-0.77655584,0.0,0.0,0.0,0.0,0.0,0.0,573.8928,1282.7577,-201.0,1782.3687,895.517,-201.0,2902.5828,1119.268,-201.0,0 days 00:00:21.603987321,0 days 00:00:21.628998659
0 days 00:00:00.960000,0 days 00:00:00.985011338,answer3,0.32352996,-10.706604,16.18157,0.017893724,-0.016487474,0.07827779,17.580957,9.132149,11.102516,-3.3406546,0.0,0.0,0.0,0.0,0.0,0.0,478.543,1312.9775,-201.0,1761.5961,931.3743,-201.0,2964.237,1361.9596,-201.0,0 days 00:00:21.613987321,0 days 00:00:21.638998659
0 days 00:00:00.970000,0 days 00:00:01.000997732,answer3,0.3757415,-6.99564,13.416996,0.025373088,-0.014993403,0.06793708,14.502736,4.302553,16.800333,-6.4618454,0.0,0.0,0.0,0.0,0.0,0.0,842.4323,1100.2997,-201.0,1879.7495,772.1938,-201.0,2745.7463,831.53046,-201.0,0 days 00:00:21.623987321,0 days 00:00:21.654985053
0 days 00:00:00,0 days 00:00:00.025011338,answer4,0.3975564,-5.3903465,18.052513,0.024918316,-0.012475715,0.029383749,20.400967,7.659804,-6.559513,-14.068474,0.0,0.0,0.0,0.0,0.0,0.0,639.625,1389.6118,-201.0,1616.7255,1129.3745,-201.0,2842.0234,1183.941,-201.0,0 days 00:00:28.194861528,0 days 00:00:28.219872866
0 days 00:00:00.010000,0 days 00:00:00.035011338,answer4,0.36282888,-7.724298,18.372498,0.027645836,-0.014206196,0.049931675,20.768707,9.365684,-3.533067,-11.17775,0.0,0.0,0.0,0.0,0.0,0.0,595.1909,1501.16,-201.0,1583.0137,1141.1075,-201.0,2851.5002,1165.878,-201.0,0 days 00:00:28.204861528,0 days 00:00:28.229872866
0 days 00:00:00.020000,0 days 00:00:00.045011338,answer4,0.3212584,-9.755731,20.302069,0.020437952,-0.010494708,0.07631674,20.280767,11.041134,0.03357665,-7.638307,0.0,0.0,0.0,0.0,0.0,0.0,730.42694,1490.2246,-201.0,1700.5908,1125.4824,-201.0,2959.9678,1065.168,-201.0,0 days 00:00:28.214861528,0 days 00:00:28.239872866
0 days 00:00:00.030000,0 days 00:00:00.055011338,answer4,0.3050661,-9.992325,21.131239,0.021984665,-0.0057245395,0.065074064,19.38939,9.094524,1.3977919,-6.2701263,0.0,0.0,0.0,0.0,0.0,0.0,673.2619,1397.2648,-201.0,1621.2206,1124.0361,-201.0,2550.428,1207.9373,-201.0,0 days 00:00:28.224861528,0 days 00:00:28.249872866
0 days 00:00:00.040000,0 days 00:00:00.065011338,answer4,0.30548763,-8.25455,20.159437,0.022591358,0.0005766532,0.06338159,17.737162,7.102964,0.9156618,-6.8790736,0.0,0.0,0.0,0.0,0.0,0.0,956.6473,1265.0787,-201.0,1709.2999,1566.6495,-201.0,2665.8767,1081.194,-201.0,0 days 00:00:28.234861528,0 days 00:00:28.259872866
0 days 00:00:00.050000,0 days 00:00:00.075011338,answer4,0.3205674,-6.969965,17.825354,0.027599039,-0.0010886769,0.05074532,16.972578,5.769152,-1.0095786,-8.232762,0.0,0.0,0.0,0.0,0.0,0.0,818.2458,1305.7855,-201.0,1597.1273,1563.6063,-201.0,2638.8035,1075.8372,-201.0,0 days 00:00:28.244861528,0 days 00:00:28.269872866
0 days 00:00:00.060000,0 days 00:00:00.085011338,answer4,0.3536775,-6.530108,14.72643,0.027435416,-0.00069591,0.058650244,14.8847685,6.2847614,0.7662161,-8.8168545,0.0,0.0,0.0,0.0,0.0,0.0,821.3514,1312.9824,-201.0,1542.0934,1600.257,-201.0,2559.5479,776.8046,-201.0,0 days 00:00:28.254861528,0 days 00:00:28.279872866
0 days 00:00:00.070000,0 days 00:00:00.095011338,answer4,0.39127448,-7.2528586,12.9449835,0.020496527,-0.0036872802,0.06560203,13.704189,8.807635,3.7372653,-7.802342,0.0,0.0,0.0,0.0,0.0,0.0,807.2732,1163.6315,-201.0,1872.7743,850.3655,-201.0,2975.0574,908.1004,-201.0,0 days 00:00:28.264861528,0 days 00:00:28.289872866
0 days 00:00:00.080000,0 days 00:00:00.105011338,answer4,0.4551359,-10.661479,14.905742,0.01807279,-0.0058180713,0.17373435,15.561641,11.984398,10.418153,-5.1406193,0.0,0.0,0.0,0.0,0.0,0.0,786.02606,1192.5741,-201.0,1866.7124,847.84814,-201.0,2992.2644,786.47894,-201.0,0 days 00:00:28.274861528,0 days 00:00:28.299872866
0 days 00:00:00.090000,0 days 00:00:00.115011338,answer4,0.53925055,-14.739937,20.068922,0.023750642,-0.010006313,0.30471835,19.178759,15.061282,17.094963,-3.005697,0.0,0.0,0.0,0.0,0.0,0.0,849.6081,1191.714,-145.13818,1969.0729,727.83844,-144.32098,3390.7576,884.6629,-145.18575,0 days 00:00:28.284861528,0 days 00:00:28.309872866
0 days 00:00:00.100000,0 days 00:00:00.125011338,answer4,0.611159,-19.080849,26.602837,0.0335694,-0.015527819,0.34180066,22.526041,18.203583,20.579767,-5.9327374,34.60317,0.0,2.3610706,8.685181,14.572874,23.408497,894.60675,1279.5128,-89.41158,1951.9268,833.65234,-87.97996,3371.507,727.1867,-88.36548,0 days 00:00:28.294861528,0 days 00:00:28.319872866
0 days 00:00:00.110000,0 days 00:00:00.135011338,answer4,0.66722447,-20.779676,29.614273,0.045881703,-0.016009983,0.29957062,22.117798,21.378271,22.314056,-10.997532,34.60375,0.036256246,1.8858165,8.750515,17.125849,22.79805,1129.534,1153.0284,-34.040707,2271.593,774.9034,-30.835169,3632.6182,1023.2674,-31.220688,0 days 00:00:28.304861528,0 days 00:00:28.329872866
0 days 00:00:00.120000,0 days 00:00:00.145011338,answer4,0.7057853,-21.535889,29.774017,0.047522884,-0.016623989,0.22336741,21.739443,24.02999,23.395515,-13.911926,34.58755,0.028402789,1.3908253,9.075524,21.564299,22.104881,1173.3038,1273.2638,-34.947388,2291.3586,816.57745,-28.902098,3566.2468,964.82153,-30.056986,0 days 00:00:28.314861528,0 days 00:00:28.339872866
0 days 00:00:00.130000,0 days 00:00:00.155011338,answer4,0.7533929,-21.310854,27.992996,0.055574577,-0.010031052,0.19030945,20.58549,25.13326,27.681076,-12.624541,34.55627,0.021702686,1.0314734,9.306418,24.321287,21.953943,1127.1963,1296.2119,-35.482586,2247.3948,830.72784,-26.128029,3568.3557,989.24677,-29.850584,0 days 00:00:28.324861528,0 days 00:00:28.349872866
0 days 00:00:00.140000,0 days 00:00:00.165011338,answer4,0.7807004,-20.707815,25.37737,0.05616961,-0.01131276,0.14547892,19.58565,26.712013,30.625717,-12.160001,34.528034,0.014999486,0.85133123,9.488984,25.891891,22.048815,1194.2954,1313.9056,-35.98082,2296.9424,688.2464,-24.536215,3747.2458,770.8918,-29.86439,0 days 00:00:28.334861528,0 days 00:00:28.359872866
0 days 00:00:00.150000,0 days 00:00:00.175011338,answer4,0.7918269,-20.52045,24.446083,0.056661665,-0.012383749,0.10381347,18.205063,29.306334,31.741972,-12.707829,34.540165,0.010819872,0.4651363,9.544243,28.20341,21.397324,1199.1255,1348.782,-37.200665,2292.207,638.48804,-25.783018,3727.3574,719.6182,-28.959394,0 days 00:00:28.344861528,0 days 00:00:28.369872866
0 days 00:00:00.160000,0 days 00:00:00.185011338,answer4,0.8008972,-20.584091,24.894691,0.046029806,-0.016454391,0.11682602,17.135462,31.631384,31.855844,-13.715721,34.601467,0.0013456955,0.29729286,9.534039,27.654749,19.993662,916.96515,1455.1542,-38.088104,1999.021,779.53076,-33.26386,3310.8125,675.197,-26.949303,0 days 00:00:28.354861528,0 days 00:00:28.379872866
0 days 00:00:00.170000,0 days 00:00:00.195011338,answer4,0.844399,-20.266363,24.293344,0.04507327,-0.016403494,0.15414584,16.624056,32.353786,32.787136,-13.538241,34.674458,0.0021854162,0.35149166,9.60884,24.856375,17.370142,646.4222,1503.7476,0.0,1782.9762,1572.8998,-40.172092,2797.473,620.18646,-23.426493,0 days 00:00:28.364861528,0 days 00:00:28.389872866
0 days 00:00:00.180000,0 days 00:00:00.205011338,answer4,0.9138131,-19.243265,22.250914,0.048961353,-0.020647319,0.17277133,16.24157,33.253124,34.503895,-14.763107,34.743923,0.003725764,0.48992434,9.670365,19.758202,18.544691,367.92422,1578.2504,-4.86421,1394.5116,1972.0011,-45.070114,2290.7737,709.62286,-23.779955,0 days 00:00:28.374861528,0 days 00:00:28.399872866
0 days 00:00:00.190000,0 days 00:00:00.215011338,answer4,1.0137852,-17.575136,19.565073,0.057504077,-0.024317214,0.17824091,16.318026,32.841915,36.02538,-19.078253,34.807076,0.0037359481,0.5195555,9.656535,16.310463,17.665653,519.75256,1483.3854,-9.3935375,1666.514,1618.5582,-40.05238,2509.8245,996.77246,-22.406832,0 days 00:00:28.384861528,0 days 00:00:28.409872866
0 days 00:00:00.200000,0 days 00:00:00.225011338,answer4,1.0819491,-17.306181,19.417337,0.06672118,-0.026018424,0.16870743,16.322405,33.13408,35.863636,-22.465937,34.864216,0.0027530154,0.43834648,9.619868,14.16476,19.470114,498.6202,1447.5863,-9.052417,1601.5367,1077.422,-38.607685,2561.0942,995.2544,-23.870173,0 days 00:00:28.394861528,0 days 00:00:28.419872866
0 days 00:00:00.210000,0 days 00:00:00.235011338,answer4,1.1227707,-18.5783,21.553194,0.06595755,-0.02406654,0.17098449,16.675653,33.227688,31.159042,-22.09288,34.91242,0.0018324209,0.3018382,9.561467,12.176884,18.698574,508.35855,1349.7651,-8.7669115,1678.8564,1276.56,-37.986675,2600.5437,807.2553,-22.813128,0 days 00:00:28.404861528,0 days 00:00:28.429872866
0 days 00:00:00.220000,0 days 00:00:00.245011338,answer4,1.139567,-19.810081,23.947983,0.06308291,-0.026758827,0.1868975,16.637709,33.952892,26.954956,-21.03044,34.995716,0.0021394761,0.26556057,9.509594,10.429504,20.115982,478.12265,1388.7129,-6.949078,1665.2256,1518.3724,-35.575733,2397.841,704.4448,-24.160082,0 days 00:00:28.414861528,0 days 00:00:28.439872866
0 days 00:00:00.230000,0 days 00:00:00.255011337,answer4,1.16867,-20.186766,24.315155,0.058590367,-0.028870046,0.21075134,16.587044,32.157623,22.799612,-18.50062,35.10268,0.0016947878,0.21282999,9.562101,9.086863,23.273773,598.3929,1465.079,-9.894317,1881.222,1237.5262,-29.157572,2706.0154,1448.144,-27.568628,0 days 00:00:28.424861528,0 days 00:00:28.449872865
0 days 00:00:00.240000,0 days 00:00:00.265011338,answer4,1.1729459,-19.593735,23.187601,0.05835836,-0.029861966,0.21309376,16.620028,29.54841,22.49775,-16.318052,35.241207,0.0037506775,0.2616514,9.645325,8.385628,21.059416,569.6475,1663.042,-12.929228,1800.6786,1316.5356,-27.26961,2664.3066,1542.1383,-25.625137,0 days 00:00:28.434861528,0 days 00:00:28.459872866
0 days 00:00:00.250000,0 days 00:00:00.275011338,answer4,1.1793436,-18.704378,20.857538,0.06369444,-0.028100641,0.2200209,17.161882,25.348892,21.099365,-13.660054,35.341908,0.0039657415,0.23591292,9.648571,7.7786555,19.304398,496.7649,1656.8334,0.0,1568.6342,1638.5702,-30.432083,2554.492,1328.1686,-23.961557,0 days 00:00:28.444861528,0 days 00:00:28.469872866
0 days 00:00:00.260000,0 days 00:00:00.285011338,answer4,1.1713691,-18.11144,19.729605,0.06253179,-0.03159279,0.21384956,17.817621,22.550156,19.87869,-16.06524,35.361767,0.0049950755,0.39283672,9.468113,6.874443,15.379582,506.04868,1539.1654,-6.811495,1496.4012,1808.8281,-33.461994,2312.679,645.19434,-19.676004,0 days 00:00:28.454861528,0 days 00:00:28.479872866
0 days 00:00:00.270000,0 days 00:00:00.295011338,answer4,1.1844133,-17.525248,19.236898,0.06641589,-0.035043057,0.27433804,18.261126,19.475801,16.44536,-20.398083,35.248005,0.003737753,0.3456014,9.0763235,5.6928716,18.79516,789.8941,1378.2789,-14.341029,1865.8525,1240.6471,-28.68007,2808.5574,656.6528,-22.227957,0 days 00:00:28.464861528,0 days 00:00:28.489872866
0 days 00:00:00.280000,0 days 00:00:00.305011338,answer4,1.1601964,-17.627188,20.681517,0.06037138,-0.03795749,0.28700873,18.37378,19.669615,15.005569,-20.00234,35.12707,0.004498568,0.62385345,8.928886,4.472378,21.42341,973.501,1507.1309,-22.149931,2096.8157,849.5284,-25.839518,3307.0554,708.2198,-24.03053,0 days 00:00:28.474861528,0 days 00:00:28.499872866
0 days 00:00:00.290000,0 days 00:00:00.315011338,answer4,1.1301798,-17.636047,22.241,0.061960686,-0.03781076,0.27923432,18.187887,21.584291,13.07679,-21.215378,35.08643,0.007189371,0.61557585,8.798889,3.0606165,22.374456,981.0757,1514.3794,-26.68882,2138.206,818.42645,-26.12588,3330.8467,807.8426,-24.849741,0 days 00:00:28.484861528,0 days 00:00:28.509872866
0 days 00:00:00.300000,0 days 00:00:00.325011338,answer4,1.1080683,-17.519201,22.842896,0.059684534,-0.036678743,0.22006929,18.063835,24.296059,13.934405,-23.583075,35.175476,0.007845999,0.59133345,8.904057,1.8669857,20.167944,839.436,1394.8207,-18.75192,2122.1763,691.7803,-26.469553,3089.3743,1125.2562,-23.41333,0 days 00:00:28.494861528,0 days 00:00:28.519872866
0 days 00:00:00.310000,0 days 00:00:00.335011338,answer4,1.1005715,-17.25464,22.666162,0.062496837,-0.03406525,0.2141732,18.071684,25.1211,14.735333,-28.060669,35.280285,0.0075006527,0.4146026,8.964783,1.243922,17.876406,811.64923,1220.338,-16.365828,2139.9807,772.7482,-25.019045,2699.761,2175.712,-22.145746,0 days 00:00:28.504861528,0 days 00:00:28.529872866
0 days 00:00:00.320000,0 days 00:00:00.345011338,answer4,1.0969944,-16.358889,21.401335,0.05330575,-0.034507003,0.19692416,18.175852,23.587538,17.45677,-27.93315,35.365154,0.0049731326,0.31413174,9.150024,1.0589808,15.239285,806.1233,1143.9232,-10.917489,2118.3171,633.46826,-20.327713,2745.6345,2046.1611,-20.327713,0 days 00:00:28.514861528,0 days 00:00:28.539872866
0 days 00:00:00.330000,0 days 00:00:00.355011338,answer4,1.084353,-15.376599,19.662245,0.047643214,-0.034914862,0.16913205,18.561277,20.712221,18.76651,-25.591848,35.40753,0.0050921985,0.29374638,9.380093,0.5138038,14.201665,793.6923,1139.577,-10.819572,2067.5,581.99384,-17.799437,2786.2883,1874.3685,-19.737352,0 days 00:00:28.524861528,0 days 00:00:28.549872866
0 days 00:00:00.340000,0 days 00:00:00.365011338,answer4,1.079933,-14.707748,17.165854,0.0529976,-0.034201015,0.1360889,19.117348,18.070349,16.808012,-23.31901,35.42621,0.003958694,0.24565792,9.56268,0.08029286,14.710254,749.17365,1103.2842,-5.8213983,2024.1976,428.43198,-15.749303,2960.8281,1055.4536,-20.451359,0 days 00:00:28.534861528,0 days 00:00:28.559872866
0 days 00:00:00.350000,0 days 00:00:00.375011338,answer4,1.0693067,-14.409825,15.19443,0.06129952,-0.031320654,0.11759001,19.721746,16.512121,14.319392,-20.033056,35.41473,0.0027509283,0.31530127,9.558263,0.57228917,13.6282425,741.0627,1168.8527,-6.4442496,2039.5743,481.08765,-14.798149,2902.388,1311.0116,-19.500204,0 days 00:00:28.544861528,0 days 00:00:28.569872866
0 days 00:00:00.360000,0 days 00:00:00.385011338,answer4,1.0402898,-14.442436,14.501437,0.06327128,-0.02910628,0.13926595,20.040535,15.870452,12.634429,-17.015638,35.39832,0.0021491477,0.28245512,9.473483,2.789634,12.043027,621.9295,1268.4557,-6.644133,1802.3365,843.37964,-20.578781,2596.9788,1148.9647,-17.980661,0 days 00:00:28.554861528,0 days 00:00:28.579872866
0 days 00:00:00.370000,0 days 00:00:00.395011338,answer4,0.98338336,-14.812488,15.334743,0.057986695,-0.027221674,0.16058786,19.664019,15.972989,12.786195,-12.540166,35.38373,0.0026561443,0.26200286,9.545268,6.8132744,14.810959,707.18695,1386.1239,-11.187378,1814.3024,922.87225,-22.122757,2808.5134,965.5014,-20.55758,0 days 00:00:28.564861528,0 days 00:00:28.589872866
0 days 00:00:00.380000,0 days 00:00:00.405011338,answer4,0.9199547,-15.670204,17.268827,0.056022365,-0.024215937,0.16498516,19.175058,15.857745,14.243721,-10.503053,35.37064,0.0024480692,0.40841866,9.478141,11.054527,17.091246,712.36505,1370.9766,-15.084816,1791.0546,890.1253,-24.059229,2858.3125,805.0117,-22.494057,0 days 00:00:28.574861528,0 days 00:00:28.599872866
0 days 00:00:00.390000,0 days 00:00:00.415011338,answer4,0.86713415,-16.91467,19.312115,0.060348045,-0.024482677,0.15149431,18.56508,17.414602,18.092443,-9.239132,35.332596,0.0011109032,0.5766368,9.2162,13.103761,21.858908,756.1882,1431.482,-14.696358,1997.0275,605.60095,-20.610777,3138.822,1072.4125,-26.873259,0 days 00:00:28.584861528,0 days 00:00:28.609872866
0 days 00:00:00.400000,0 days 00:00:00.425011338,answer4,0.8103582,-18.502672,21.252527,0.064031094,-0.025442505,0.15389763,19.38973,19.364748,18.150068,-10.690666,35.28637,0.0029975295,0.5108177,8.595722,12.019439,20.22214,684.21564,1292.7511,-12.814914,1985.5718,557.18585,-22.684586,2875.4521,1209.0292,-25.149984,0 days 00:00:28.594861528,0 days 00:00:28.619872866
0 days 00:00:00.410000,0 days 00:00:00.435011338,answer4,0.7158549,-19.735899,23.885,0.061689038,-0.023832455,0.22080861,20.49124,21.035479,14.567494,-7.7091985,35.28833,0.0062696575,0.6029208,7.849648,9.108471,21.931978,686.34735,1442.5321,-9.968261,1974.3253,809.13983,-27.089254,2774.3623,1308.6376,-26.924139,0 days 00:00:28.604861528,0 days 00:00:28.629872866
0 days 00:00:00.420000,0 days 00:00:00.445011338,answer4,0.5935796,-19.418676,25.276054,0.048570488,-0.022383695,0.2723358,19.529013,22.060308,6.9868484,-4.4265075,35.33053,0.007521434,1.0324407,6.0318913,6.329514,19.04722,630.44415,1534.7218,-12.587425,1694.9879,1216.0734,-26.987635,2529.9734,1034.6519,-24.198664,0 days 00:00:28.614861528,0 days 00:00:28.639872866
0 days 00:00:00.430000,0 days 00:00:00.455011338,answer4,0.47983587,-16.62,23.964155,0.031540483,-0.021187583,0.2617475,16.145058,20.521444,0.12826507,0.53383714,35.37014,0.007459175,1.5470763,4.990859,5.05389,18.474934,641.91223,1650.5688,0.0,1644.5962,1395.9989,-85.6115,2464.7522,970.60156,-82.82253,0 days 00:00:28.624861528,0 days 00:00:28.649872866
0 days 00:00:00.440000,0 days 00:00:00.465011338,answer4,0.41454458,-13.50459,21.602516,0.019308904,-0.022255572,0.17209212,13.045245,19.27117,-5.7326283,3.358117,0.0,0.0,0.0,0.0,0.0,0.0,694.16376,1543.5214,-201.0,1669.5162,1219.8877,-141.2878,2764.6494,985.9822,-141.12933,0 days 00:00:28.634861528,0 days 00:00:28.659872866
0 days 00:00:00.450000,0 days 00:00:00.475011338,answer4,0.37910977,-11.298833,18.508116,0.01494513,-0.022944504,0.094933264,11.089066,18.29082,-10.791766,3.1257632,0.0,0.0,0.0,0.0,0.0,0.0,816.05493,1474.4615,-201.0,1846.4838,1008.32275,-201.0,2896.304,1025.3586,-201.0,0 days 00:00:28.644861528,0 days 00:00:28.669872866
0 days 00:00:00.460000,0 days 00:00:00.485011338,answer4,0.3711909,-11.737755,18.052288,0.016989112,-0.025558017,0.05637278,10.955436,18.851519,-13.885293,-1.7822169,0.0,0.0,0.0,0.0,0.0,0.0,805.6734,1455.4282,-201.0,1805.3502,988.56635,-201.0,2904.4814,940.3107,-201.0,0 days 00:00:28.654861528,0 days 00:00:28.679872866
0 days 00:00:00.470000,0 days 00:00:00.495011338,answer4,0.35871843,-11.548083,17.543419,0.02172331,-0.026006162,0.059678257,11.278714,17.524023,-13.393791,-3.7598448,0.0,0.0,0.0,0.0,0.0,0.0,790.3471,1693.7386,-201.0,1733.7622,1282.8431,-201.0,2693.2625,820.66705,-201.0,0 days 00:00:28.664861528,0 days 00:00:28.689872866
0 days 00:00:00.480000,0 days 00:00:00.505011338,answer4,0.35022804,-10.6171255,18.020308,0.022196656,-0.018917667,0.060376372,11.66153,15.164165,-10.661159,0.9929943,0.0,0.0,0.0,0.0,0.0,0.0,854.3345,2304.0579,-201.0,1626.0895,1363.8744,-201.0,2613.8784,857.9673,-201.0,0 days 00:00:28.674861528,0 days 00:00:28.699872866
0 days 00:00:00.490000,0 days 00:00:00.515011338,answer4,0.33387256,-9.179879,18.78058,0.03067193,-0.012068248,0.060663696,11.655025,13.287624,-8.822442,8.032458,0.0,0.0,0.0,0.0,0.0,0.0,948.34503,2257.1794,-201.0,1702.4696,1669.8148,-201.0,2571.2214,1031.7701,-201.0,0 days 00:00:28.684861528,0 days 00:00:28.709872866
0 days 00:00:00.500000,0 days 00:00:00.525011338,answer4,0.3226268,-8.731823,18.714287,0.0323903,-0.0065535703,0.062019076,10.716236,13.359683,-6.355999,11.297914,0.0,0.0,0.0,0.0,0.0,0.0,1069.5667,2060.9583,-201.0,1813.5731,1693.6388,-201.0,2604.7605,1042.4133,-201.0,0 days 00:00:28.694861528,0 days 00:00:28.719872866
0 days 00:00:00.510000,0 days 00:00:00.535011338,answer4,0.3323802,-8.302078,17.771614,0.03754923,-0.00840294,0.057551328,9.305194,13.782249,-3.2804024,5.8621125,0.0,0.0,0.0,0.0,0.0,0.0,890.18085,1381.1625,-201.0,1808.8677,1629.7181,-201.0,2539.0105,1134.5865,-201.0,0 days 00:00:28.704861528,0 days 00:00:28.729872866
0 days 00:00:00.520000,0 days 00:00:00.545011338,answer4,0.38366213,-6.329075,13.777434,0.03245086,-0.005906885,0.06546975,6.79044,13.648903,5.130277,-0.63953525,0.0,0.0,0.0,0.0,0.0,0.0,941.27606,1395.4725,-201.0,1816.9795,1932.5387,-201.0,2523.875,1032.187,-201.0,0 days 00:00:28.714861528,0 days 00:00:28.739872866
0 days 00:00:00.530000,0 days 00:00:00.555011338,answer4,0.43479267,-3.57471,8.388429,0.020444991,-0.0097606545,0.07470557,3.8378973,12.063107,9.442871,-8.143059,0.0,0.0,0.0,0.0,0.0,0.0,837.20404,1480.6967,-201.0,1806.7373,1745.5182,-201.0,2543.5002,1031.247,-201.0,0 days 00:00:28.724861528,0 days 00:00:28.749872866
0 days 00:00:00.540000,0 days 00:00:00.565011338,answer4,0.4624121,-1.8035002,4.3948264,0.023405924,-0.012433491,0.083822645,3.3299465,8.386552,12.398793,-11.779714,0.0,0.0,0.0,0.0,0.0,0.0,1070.7667,1493.0625,-201.0,2054.5786,1672.0785,-201.0,2753.9062,912.7549,-201.0,0 days 00:00:28.734861528,0 days 00:00:28.759872866
0 days 00:00:00.550000,0 days 00:00:00.575011338,answer4,0.47992668,-5.776528,8.698997,0.027699264,-0.01904528,0.1565519,7.537924,9.582284,13.08759,-10.70943,0.0,0.0,0.0,0.0,0.0,0.0,961.47266,1562.0175,-141.56624,2032.5321,1048.9362,-141.9351,2806.7375,1007.2956,-143.27419,0 days 00:00:28.744861528,0 days 00:00:28.769872866
0 days 00:00:00.560000,0 days 00:00:00.585011338,answer4,0.68067056,-11.500153,14.951055,0.0563293,-0.030651614,0.4528282,15.243796,9.867135,12.451671,-10.200969,36.0768,0.0,0.0,5.8247166,6.1501145,25.865406,901.84015,1392.2627,-77.111534,1958.8959,874.52637,-81.11864,2770.6335,957.27655,-86.10064,0 days 00:00:28.754861528,0 days 00:00:28.779872866
0 days 00:00:00.570000,0 days 00:00:00.595011338,answer4,0.90380496,-16.576101,23.364195,0.06769239,-0.037894305,0.6208375,22.261541,11.696324,10.285724,-8.335496,35.906635,0.0,4.4162426,6.856346,5.128489,25.216013,687.42267,1265.2827,-11.135558,1825.8354,769.36505,-20.48545,2758.08,943.4095,-28.097061,0 days 00:00:28.764861528,0 days 00:00:28.789872866
0 days 00:00:00.580000,0 days 00:00:00.605011338,answer4,1.1016811,-17.275967,25.31434,0.07636697,-0.04391985,0.59944624,26.250204,9.42459,5.1877007,-9.543794,35.573025,0.036882658,3.0748882,8.205882,4.030618,26.360586,627.60406,1150.5277,-6.1886926,1765.1691,636.3575,-19.39197,2845.9333,701.4924,-29.547073,0 days 00:00:28.774861528,0 days 00:00:28.799872866
0 days 00:00:00.590000,0 days 00:00:00.615011338,answer4,1.0738763,-17.176836,27.579384,0.067088075,-0.036947004,0.3947369,27.405617,10.363511,2.3691113,-8.463761,35.319103,0.02677493,1.4801198,8.577195,6.387838,27.258383,617.70685,1169.7286,-8.893617,1715.4487,642.18555,-21.063673,2902.8723,641.38275,-30.792574,0 days 00:00:28.784861528,0 days 00:00:28.809872866
0 days 00:00:00.600000,0 days 00:00:00.625011338,answer4,0.96781063,-18.240076,28.99238,0.06622194,-0.03305588,0.31038556,27.066309,13.351094,4.0203185,-4.859733,35.203068,0.012465152,0.648726,7.9091516,8.390172,29.914383,596.19977,1235.0212,-9.431413,1687.8375,704.5088,-26.304361,2879.181,824.6198,-33.98637,0 days 00:00:28.794861528,0 days 00:00:28.819872866
0 days 00:00:00.610000,0 days 00:00:00.635011338,answer4,0.8093293,-19.495354,30.86077,0.06163736,-0.030753335,0.37072825,26.675638,17.449738,3.7793853,-2.6132877,35.249416,0.006289677,0.6867008,6.715128,8.707562,29.59667,540.3481,1516.9681,-10.218073,1668.2285,851.8543,-29.446009,2902.8108,944.83856,-33.618824,0 days 00:00:28.804861528,0 days 00:00:28.829872866
0 days 00:00:00.620000,0 days 00:00:00.645011338,answer4,0.65701205,-19.303625,30.259985,0.063062854,-0.027733808,0.3838419,24.209929,19.647049,4.0847955,-0.78673553,35.33162,0.00615478,0.6332549,5.999279,7.180459,29.781563,582.13837,1630.7881,0.0,1722.078,940.6131,-88.59077,2872.513,934.55145,-89.54688,0 days 00:00:28.814861528,0 days 00:00:28.839872866
0 days 00:00:00.630000,0 days 00:00:00.655011338,answer4,0.52561575,-16.77952,26.346064,0.056194928,-0.024673792,0.36914492,22.298515,17.92521,0.5517375,-0.6235785,0.0,0.0,0.0,0.0,0.0,0.0,729.3245,1691.5787,-201.0,1760.3281,945.3301,-143.98326,2961.0264,731.37427,-144.35666,0 days 00:00:28.824861528,0 days 00:00:28.849872866
0 days 00:00:00.640000,0 days 00:00:00.665011338,answer4,0.4244655,-14.597957,23.56179,0.042935286,-0.019414006,0.25723884,19.894989,15.351837,-0.15515947,1.6475452,0.0,0.0,0.0,0.0,0.0,0.0,691.8471,1400.7646,-201.0,1710.4453,879.8625,-201.0,2852.3086,780.7259,-201.0,0 days 00:00:28.834861528,0 days 00:00:28.859872866
0 days 00:00:00.650000,0 days 00:00:00.675011338,answer4,0.3873129,-12.523782,20.496931,0.048505705,-0.01802496,0.15434037,19.047247,11.4226,1.3962196,-0.34690204,0.0,0.0,0.0,0.0,0.0,0.0,504.61157,1469.7373,-201.0,1535.4502,1091.3773,-201.0,2647.582,895.7087,-201.0,0 days 00:00:28.844861528,0 days 00:00:28.869872866
0 days 00:00:00.660000,0 days 00:00:00.685011338,answer4,0.4192053,-10.7847595,18.035606,0.04297654,-0.015561174,0.090096734,17.384722,8.448243,6.179775,-3.505411,0.0,0.0,0.0,0.0,0.0,0.0,518.87427,1388.4521,-201.0,1610.0658,1095.4169,-201.0,2556.4973,967.04736,-201.0,0 days 00:00:28.854861528,0 days 00:00:28.879872866
0 days 00:00:00.670000,0 days 00:00:00.695011338,answer4,0.50449336,-6.193258,11.970599,0.04443392,-0.01413693,0.09937524,13.414592,1.8848867,11.685535,-7.6638274,0.0,0.0,0.0,0.0,0.0,0.0,543.53436,1392.213,-201.0,1594.9355,1228.2435,-201.0,2436.409,1027.7644,-201.0,0 days 00:00:28.864861528,0 days 00:00:28.889872866
0 days 00:00:00.680000,0 days 00:00:00.705011338,answer4,0.5829563,-3.2656403,8.498583,0.036453154,-0.011149902,0.10333207,10.744774,-2.4105232,12.036574,-8.827819,0.0,0.0,0.0,0.0,0.0,0.0,750.1744,1153.7155,-201.0,1775.9966,973.05664,-201.0,2611.4216,980.26465,-201.0,0 days 00:00:28.874861528,0 days 00:00:28.899872866
0 days 00:00:00.690000,0 days 00:00:00.715011338,answer4,0.6638985,-1.2763616,5.401427,0.046408772,-0.009970321,0.12583311,9.762021,-6.3657184,10.394374,-9.947274,0.0,0.0,0.0,0.0,0.0,0.0,791.2298,1125.8936,-201.0,1805.9775,962.4531,-201.0,2666.3428,874.3007,-201.0,0 days 00:00:28.884861528,0 days 00:00:28.909872866
0 days 00:00:00.700000,0 days 00:00:00.725011338,answer4,0.6985615,-1.9185015,4.832376,0.04842897,-0.008292311,0.13329586,10.923581,-6.002004,10.163064,-9.535661,0.0,0.0,0.0,0.0,0.0,0.0,739.0578,1269.0367,-201.0,1712.6786,977.62616,-201.0,2596.2488,781.07184,-201.0,0 days 00:00:28.894861528,0 days 00:00:28.919872866
0 days 00:00:00.710000,0 days 00:00:00.735011338,answer4,0.70928246,-2.2610419,6.066152,0.038348857,-0.007452088,0.14420374,10.989404,-4.1699758,13.629445,-7.2501655,0.0,0.0,0.0,0.0,0.0,0.0,718.65216,1270.4532,-201.0,1689.6241,924.68097,-201.0,2603.6184,729.791,-201.0,0 days 00:00:28.904861528,0 days 00:00:28.929872866
0 days 00:00:00.720000,0 days 00:00:00.745011338,answer4,0.6689148,-2.763346,8.730073,0.016618537,-0.0049471506,0.13575016,10.355212,-2.6344404,15.065663,-3.9655905,0.0,0.0,0.0,0.0,0.0,0.0,688.6809,1267.8553,-201.0,1662.9413,950.08936,-201.0,2588.7654,747.62726,-201.0,0 days 00:00:28.914861528,0 days 00:00:28.939872866
0 days 00:00:00.730000,0 days 00:00:00.755011338,answer4,0.64716405,-3.1286736,9.897417,0.015992053,-0.0064539914,0.13292752,10.735423,-2.0745976,16.13912,-3.5998077,0.0,0.0,0.0,0.0,0.0,0.0,842.0335,1271.8912,-201.0,1838.9349,999.70624,-201.0,2690.9905,889.2829,-201.0,0 days 00:00:28.924861528,0 days 00:00:28.949872866
0 days 00:00:00.740000,0 days 00:00:00.765011338,answer4,0.61408186,-2.6711347,9.738973,0.026032502,-0.0037787938,0.12203741,10.915526,-4.4668093,15.510017,-3.765253,0.0,0.0,0.0,0.0,0.0,0.0,864.76465,1238.2577,-201.0,1875.724,1001.5969,-201.0,2705.2004,887.0046,-201.0,0 days 00:00:28.934861528,0 days 00:00:28.959872866
0 days 00:00:00.750000,0 days 00:00:00.775011338,answer4,0.5812888,-3.5370615,9.2036295,0.036848474,-0.005549779,0.109395355,12.78883,-4.3017993,15.080792,-5.570694,0.0,0.0,0.0,0.0,0.0,0.0,860.0943,1214.9977,-201.0,1833.6093,943.23145,-201.0,2651.5745,867.67676,-201.0,0 days 00:00:28.944861528,0 days 00:00:28.969872866
0 days 00:00:00.760000,0 days 00:00:00.785011338,answer4,0.5210641,-4.049646,10.792773,0.041705023,-0.005783055,0.09086296,13.791858,-4.6042943,13.873581,-4.0785594,0.0,0.0,0.0,0.0,0.0,0.0,902.0781,1015.57635,-201.0,1865.9965,739.22736,-201.0,2752.7766,624.93915,-201.0,0 days 00:00:28.954861528,0 days 00:00:28.979872866
0 days 00:00:00.770000,0 days 00:00:00.795011338,answer4,0.4908607,-6.4638367,12.340331,0.036299217,-0.011788021,0.08664775,16.488031,-1.294226,14.573733,-3.6748407,0.0,0.0,0.0,0.0,0.0,0.0,971.9079,1358.8251,-201.0,1826.0518,925.13007,-201.0,2716.976,945.26215,-201.0,0 days 00:00:28.964861528,0 days 00:00:28.989872866
0 days 00:00:00.780000,0 days 00:00:00.805011338,answer4,0.47551998,-7.551647,13.621091,0.029550882,-0.016512208,0.09028926,17.756401,-0.19226043,13.508842,-5.506613,0.0,0.0,0.0,0.0,0.0,0.0,808.8964,1547.5712,-201.0,1648.2295,1221.6968,-201.0,2494.1047,1147.2003,-201.0,0 days 00:00:28.974861528,0 days 00:00:28.999872866
0 days 00:00:00.790000,0 days 00:00:00.815011338,answer4,0.4594878,-9.418029,16.20735,0.020184077,-0.01792361,0.09812811,19.324999,2.37793,13.169459,-7.4103255,0.0,0.0,0.0,0.0,0.0,0.0,688.52954,1762.5758,-201.0,1636.8916,1327.2021,-201.0,2476.397,1266.2314,-201.0,0 days 00:00:28.984861528,0 days 00:00:29.009872866
0 days 00:00:00.800000,0 days 00:00:00.825011338,answer4,0.4156573,-9.180961,16.233362,0.02226106,-0.019488333,0.09488732,18.297838,2.5000956,9.9456835,-9.33144,0.0,0.0,0.0,0.0,0.0,0.0,445.02527,1607.7627,-201.0,1597.1979,1225.6738,-201.0,2443.6804,1086.4042,-201.0,0 days 00:00:28.994861528,0 days 00:00:29.019872866
0 days 00:00:00.810000,0 days 00:00:00.835011338,answer4,0.3848238,-8.351989,14.771195,0.030611938,-0.021379659,0.086975664,15.322886,2.3564012,3.474478,-10.622926,0.0,0.0,0.0,0.0,0.0,0.0,664.207,1487.5687,-201.0,1923.6647,907.62946,-201.0,2992.286,1089.7792,-201.0,0 days 00:00:29.004861528,0 days 00:00:29.029872866
0 days 00:00:00.820000,0 days 00:00:00.845011338,answer4,0.42576906,-5.9185195,10.396272,0.033778872,-0.02322557,0.080943815,9.952928,1.998309,-2.2906895,-10.301965,0.0,0.0,0.0,0.0,0.0,0.0,594.951,1538.1188,-201.0,1857.9907,1644.4033,-201.0,2659.2773,1201.7661,-201.0,0 days 00:00:29.014861528,0 days 00:00:29.039872866
0 days 00:00:00.830000,0 days 00:00:00.855011338,answer4,0.496814,-4.2967687,9.095398,0.02426371,-0.019994728,0.08751213,6.338854,3.7355025,-3.4789188,-1.6525351,0.0,0.0,0.0,0.0,0.0,0.0,608.2154,1492.6367,-136.06538,1754.2845,1728.3566,-138.77602,2552.3225,1248.6465,-141.558,0 days 00:00:29.024861528,0 days 00:00:29.049872866
0 days 00:00:00.840000,0 days 00:00:00.865011338,answer4,0.57996076,-6.158975,13.147656,0.022386877,-0.013297138,0.1643834,8.341638,7.9370384,2.058571,5.5318522,32.545105,0.0,0.0,2.6142867,-1.1092751,20.2458,687.84717,2048.3772,-77.057076,1444.9781,1872.3541,-79.7677,2168.006,1136.6112,-83.94607,0 days 00:00:29.034861528,0 days 00:00:29.059872866
0 days 00:00:00.850000,0 days 00:00:00.875011338,answer4,0.67345387,-11.302662,19.807596,0.028649407,-0.017239433,0.3200036,16.564085,12.44312,3.6777194,3.6682632,32.461117,0.0,0.0,3.7489316,-3.2495205,22.481361,713.05646,1883.6056,-11.268387,1400.8285,1075.3605,-19.914293,2484.2998,915.20245,-27.14154,0 days 00:00:29.044861528,0 days 00:00:29.069872866
0 days 00:00:00.860000,0 days 00:00:00.885011338,answer4,0.8015979,-17.683947,27.440332,0.044219732,-0.032129493,0.47584692,25.599257,15.275083,2.917715,-10.287731,32.26173,0.0,0.0,5.9184623,-6.6068873,28.60853,807.14215,1876.0035,-11.295166,1502.1515,1057.1534,-24.409937,2624.284,707.7282,-32.552258,0 days 00:00:29.054861528,0 days 00:00:29.079872866
0 days 00:00:00.870000,0 days 00:00:00.895011338,answer4,0.9125626,-22.056747,32.636066,0.04733761,-0.042352825,0.5187118,32.786903,17.75355,0.2799631,-22.629229,32.00565,0.039512664,2.650117,6.932369,-8.52763,31.69629,524.8962,1260.0377,-5.00239,1594.1615,1045.3438,-23.764425,2681.7766,762.0417,-35.955444,0 days 00:00:29.064861528,0 days 00:00:29.089872866
0 days 00:00:00.880000,0 days 00:00:00.905011338,answer4,0.9932912,-23.268072,36.37819,0.048548494,-0.04401457,0.4246622,36.48511,17.998123,-1.0610695,-28.895998,31.770288,0.03220394,1.9294974,7.3025055,-8.903295,35.63079,624.43524,1301.5875,-6.595016,1632.3612,1091.1307,-23.576044,2712.8525,718.35114,-40.657852,0 days 00:00:29.074861528,0 days 00:00:29.099872866
0 days 00:00:00.890000,0 days 00:00:00.915011338,answer4,1.0014781,-23.081629,36.764683,0.044478267,-0.038453694,0.35695282,39.702286,18.596886,-3.0177383,-30.735855,31.572504,0.015976656,1.0848464,7.449756,-8.13042,35.446136,528.7812,1321.8901,-4.4984326,1503.1522,1180.3552,-22.745142,2676.8506,944.1774,-41.228306,0 days 00:00:29.084861528,0 days 00:00:29.109872866
0 days 00:00:00.900000,0 days 00:00:00.925011338,answer4,0.95209664,-22.8395,35.477318,0.049255133,-0.03825805,0.3487843,40.35596,19.454782,-2.8368587,-28.990038,31.353895,0.009852611,0.62681645,7.342438,-6.2561874,35.515705,530.32416,1371.7196,-3.8760102,1496.1097,1254.9081,-24.906479,2643.9202,1029.6442,-41.937515,0 days 00:00:29.094861528,0 days 00:00:29.119872866
0 days 00:00:00.910000,0 days 00:00:00.935011338,answer4,0.8418326,-23.77967,34.817028,0.051356185,-0.037696734,0.36196014,40.034473,21.523325,-0.017484507,-25.526878,31.11641,0.0074175918,0.87122107,7.10595,-3.6875465,34.71906,432.0442,1511.9672,-3.3812094,1348.6134,1446.6553,-26.854445,2511.829,1259.9064,-41.787815,0 days 00:00:29.104861528,0 days 00:00:29.129872866
0 days 00:00:00.920000,0 days 00:00:00.945011338,answer4,0.7481602,-24.464594,33.953793,0.048315182,-0.03702298,0.3309239,37.928936,23.693277,3.3383987,-23.299294,30.946833,0.0069776624,0.83908206,6.758106,-2.4468374,35.57291,550.3555,1459.7661,-6.022049,1450.8086,1297.3593,-32.01069,2562.0408,995.50104,-42.806133,0 days 00:00:29.114861528,0 days 00:00:29.139872866
0 days 00:00:00.930000,0 days 00:00:00.955011338,answer4,0.7124488,-25.43688,34.51721,0.053469185,-0.038810108,0.29693988,37.28151,26.879013,3.2776,-24.185923,30.84828,0.006829116,0.6858597,6.6653976,-2.7642772,36.44243,648.1617,1568.9824,-7.6341767,1646.4191,1440.6298,-36.037273,2724.173,1207.445,-43.266598,0 days 00:00:29.124861528,0 days 00:00:29.149872866
0 days 00:00:00.940000,0 days 00:00:00.965011338,answer4,0.7077778,-26.173265,33.745274,0.050157234,-0.041008975,0.24684326,36.603218,28.373476,4.7200217,-25.526558,30.83502,0.006186046,0.39214385,6.799338,-4.026753,36.351837,744.1094,1487.5719,-8.013653,1981.5167,1461.4028,-40.665188,2977.4453,1442.5609,-42.479336,0 days 00:00:29.134861528,0 days 00:00:29.159872866
0 days 00:00:00.950000,0 days 00:00:00.975011338,answer4,0.68714684,-26.843786,34.341534,0.056925908,-0.042861205,0.22578974,37.36366,28.244715,5.578575,-24.634592,30.834822,0.008352226,0.3403244,6.8209853,-4.738508,36.094284,722.2399,1594.1635,-8.065835,2162.5654,1705.319,-40.602272,3088.3606,1941.1571,-41.88277,0 days 00:00:29.144861528,0 days 00:00:29.169872866
0 days 00:00:00.960000,0 days 00:00:00.985011338,answer4,0.6325583,-25.522589,34.20791,0.045428853,-0.03906394,0.22414696,37.274204,24.256058,7.336347,-18.300753,30.579481,0.009372101,0.516264,5.376641,-4.2173967,32.78686,678.1998,1349.7777,-5.4500175,2155.1716,1134.3148,-38.30369,3515.2043,2143.637,-37.940647,0 days 00:00:29.154861528,0 days 00:00:29.179872866
0 days 00:00:00.970000,0 days 00:00:01.000997732,answer4,0.57686275,-24.061823,34.55975,0.04211135,-0.034186903,0.27649382,37.625317,21.623856,6.0685234,-12.853509,30.540976,0.0113809155,0.6434949,4.8172574,-3.5951436,31.328796,776.44305,1353.4098,-8.139369,2260.5156,964.9821,-37.96849,3750.13,1676.2192,-36.29287,0 days 00:00:29.164861528,0 days 00:00:29.195859260
0 days 00:00:00,0 days 00:00:00.025011338,answer5,0.35634592,-4.6029315,8.68167,0.0335423,-0.000961738,0.020441884,16.22555,-1.981329,2.2230911,11.850342,0.0,0.0,0.0,0.0,0.0,0.0,1044.079,936.18475,-201.0,2044.5492,887.4931,-201.0,2909.4912,1814.587,-201.0,0 days 00:00:41.307974641,0 days 00:00:41.332985979
0 days 00:00:00.010000,0 days 00:00:00.035011338,answer5,0.37478268,-3.319461,8.024837,0.029675802,-0.0026661993,0.043623466,15.099277,-4.583098,3.8137436,11.556155,0.0,0.0,0.0,0.0,0.0,0.0,1057.6793,977.5212,-201.0,2063.077,975.75635,-201.0,2793.0042,1898.2164,-201.0,0 days 00:00:41.317974641,0 days 00:00:41.342985979
0 days 00:00:00.020000,0 days 00:00:00.045011338,answer5,0.3920071,-2.165186,6.2110844,0.033308044,-0.004077359,0.065587245,14.023486,-7.4080048,4.4446654,7.7137504,0.0,0.0,0.0,0.0,0.0,0.0,1067.3032,1138.7548,-201.0,2090.2505,1118.6816,-201.0,2677.5789,1966.289,-201.0,0 days 00:00:41.327974641,0 days 00:00:41.352985979
0 days 00:00:00.030000,0 days 00:00:00.055011338,answer5,0.41721877,-0.19134589,1.7195038,0.022840941,-0.0037637223,0.069728285,13.391404,-10.040214,3.7944324,9.572869,0.0,0.0,0.0,0.0,0.0,0.0,1007.0274,1073.4845,-201.0,1944.7965,1102.838,-201.0,2773.673,1048.8071,-201.0,0 days 00:00:41.337974641,0 days 00:00:41.362985979
0 days 00:00:00.040000,0 days 00:00:00.065011338,answer5,0.47584343,-0.11269776,3.0647857,0.019129165,-0.00027551907,0.08999596,12.610288,-10.659301,6.727799,9.109912,0.0,0.0,0.0,0.0,0.0,0.0,1046.0626,1228.7491,-201.0,1901.2865,1383.1562,-201.0,2747.7922,1004.9334,-201.0,0 days 00:00:41.347974641,0 days 00:00:41.372985979
0 days 00:00:00.050000,0 days 00:00:00.075011338,answer5,0.575061,0.8868305,3.9634297,0.011607709,0.0008236803,0.10989573,11.512505,-10.993359,12.42867,10.626105,0.0,0.0,0.0,0.0,0.0,0.0,1072.1144,1205.5956,-201.0,1766.3789,1469.0615,-201.0,2712.762,831.83014,-201.0,0 days 00:00:41.357974641,0 days 00:00:41.382985979
0 days 00:00:00.060000,0 days 00:00:00.085011338,answer5,0.66944045,2.2010992,6.6191916,0.01668637,0.005208068,0.13230233,9.23487,-11.74211,16.787964,11.468902,0.0,0.0,0.0,0.0,0.0,0.0,1113.2703,1227.7369,-201.0,1787.5103,1622.8434,-201.0,2725.5393,807.2097,-201.0,0 days 00:00:41.367974641,0 days 00:00:41.392985979
0 days 00:00:00.070000,0 days 00:00:00.095011338,answer5,0.7367467,3.753808,6.5861683,0.02380029,0.003702674,0.13290477,7.3903084,-11.059352,17.347961,12.621548,0.0,0.0,0.0,0.0,0.0,0.0,1120.291,1128.4894,-201.0,1763.5723,1700.3561,-201.0,2733.8643,766.05493,-201.0,0 days 00:00:41.377974641,0 days 00:00:41.402985979
0 days 00:00:00.080000,0 days 00:00:00.105011338,answer5,0.79004306,4.5448203,5.6564527,0.026050413,0.002613173,0.15140784,4.7817154,-10.557361,16.985888,12.560418,0.0,0.0,0.0,0.0,0.0,0.0,1108.4868,968.05804,-201.0,1910.1875,1675.8365,-201.0,2755.1982,837.71075,-201.0,0 days 00:00:41.387974641,0 days 00:00:41.412985979
0 days 00:00:00.090000,0 days 00:00:00.115011338,answer5,0.8373712,2.9748795,6.5794854,0.024658015,0.00080492283,0.17526029,4.443724,-8.357169,18.47238,11.773227,0.0,0.0,0.0,0.0,0.0,0.0,1154.5594,869.2802,-201.0,1821.4176,2325.355,-201.0,2670.7805,836.9795,-201.0,0 days 00:00:41.397974641,0 days 00:00:41.422985979
0 days 00:00:00.100000,0 days 00:00:00.125011338,answer5,0.88359267,-0.6861944,9.226045,0.016267812,-0.0022517703,0.23716033,6.978105,-5.0866027,17.19645,8.911722,0.0,0.0,0.0,0.0,0.0,0.0,895.37933,1066.0732,-138.52971,1694.6831,2095.8748,-139.81075,2451.6804,1051.7418,-138.76686,0 days 00:00:41.407974641,0 days 00:00:41.432985979
0 days 00:00:00.110000,0 days 00:00:00.135011338,answer5,0.99079543,-4.042514,15.595319,0.008774433,-0.0069091693,0.29048654,10.929341,-2.4734132,15.500197,9.871376,32.891125,0.0,0.9207313,2.7406428,0.49599838,1.3762684,702.06903,1283.6348,-76.40364,1539.9053,1873.5021,-77.31509,2436.6575,1012.04517,-78.47564,0 days 00:00:41.417974641,0 days 00:00:41.442985979
0 days 00:00:00.120000,0 days 00:00:00.145011338,answer5,1.0582987,-6.723272,19.037832,0.004801474,-0.013778648,0.3274846,12.566463,0.13256963,10.111054,7.255215,33.36983,0.098559946,1.3975815,2.8356304,-2.4152195,1.0564461,558.91724,1455.8495,-15.632001,1548.645,1033.7556,-15.699246,2494.0947,992.11035,-17.53906,0 days 00:00:41.427974641,0 days 00:00:41.452985979
0 days 00:00:00.130000,0 days 00:00:00.155011338,answer5,1.1522744,-6.8447423,18.386297,0.01644782,-0.020079086,0.34039843,12.250755,0.093423955,7.062803,5.6616607,34.008236,0.08107111,1.7194433,3.9284108,-6.2062564,2.4735565,704.89594,1298.1396,-17.459955,1669.3146,821.6403,-15.07954,2703.0637,667.7176,-19.695091,0 days 00:00:41.437974641,0 days 00:00:41.462985979
0 days 00:00:00.140000,0 days 00:00:00.165011338,answer5,1.1632978,-8.151198,17.211,0.026924351,-0.020791596,0.3536022,12.0639715,2.502217,3.3425786,4.1303973,34.558456,0.051765233,1.2526551,5.246319,-7.4301796,2.972737,674.7597,1282.4806,-18.329844,1671.2894,846.8477,-16.801996,2649.6184,823.9983,-19.90967,0 days 00:00:41.447974641,0 days 00:00:41.472985979
0 days 00:00:00.150000,0 days 00:00:00.175011338,answer5,1.2351143,-8.86647,17.687338,0.030771455,-0.022048602,0.35683694,13.3404665,4.336703,0.89028805,3.5745668,34.768036,0.03676377,0.8911789,6.860995,-8.333247,4.460064,709.84015,1301.0977,-17.361214,1757.7894,889.2746,-18.967102,2704.5354,1118.1547,-21.602163,0 days 00:00:41.457974641,0 days 00:00:41.482985979
0 days 00:00:00.160000,0 days 00:00:00.185011338,answer5,1.2713932,-11.140965,20.836813,0.02193869,-0.02167297,0.37867284,14.40219,7.67202,-0.21373183,1.4864861,34.826775,0.024405947,1.0792936,7.691179,-10.2955675,5.951818,694.90326,1376.903,-17.107237,1801.8893,932.9668,-21.16936,2698.412,1284.3896,-24.013624,0 days 00:00:41.467974641,0 days 00:00:41.492985979
0 days 00:00:00.170000,0 days 00:00:00.195011338,answer5,1.3194431,-12.929004,22.32077,0.022163443,-0.023203507,0.35049936,15.141186,9.889326,0.05172658,-2.7528389,34.738274,0.019070804,1.2862755,7.674864,-12.282048,6.05907,810.5832,1300.8872,-13.187641,1898.3951,876.95087,-21.863358,2759.2727,1156.4584,-24.566175,0 days 00:00:41.477974641,0 days 00:00:41.502985979
0 days 00:00:00.180000,0 days 00:00:00.205011338,answer5,1.3757133,-13.180591,21.680418,0.026978327,-0.025501436,0.39269543,15.101991,8.704187,1.4386107,-5.8636756,34.31943,0.013700875,0.8816323,6.9593863,-13.630391,6.572162,771.8116,1292.0526,-10.718867,1844.2084,840.6348,-20.780222,2685.1995,889.89014,-24.8302,0 days 00:00:41.487974641,0 days 00:00:41.512985979
0 days 00:00:00.190000,0 days 00:00:00.215011338,answer5,1.4260659,-12.462842,19.049034,0.029329062,-0.029876778,0.47234178,14.454014,7.4679885,0.8450935,-10.061459,33.871937,0.014979036,0.43782786,5.9840794,-14.334567,4.612149,775.9341,1160.8048,-4.927115,1847.6698,743.16113,-18.628946,2725.5715,742.717,-20.52662,0 days 00:00:41.497974641,0 days 00:00:41.522985979
0 days 00:00:00.200000,0 days 00:00:00.225011338,answer5,1.4806108,-11.324997,17.652933,0.022821167,-0.03520216,0.5580905,13.907356,4.613134,-1.765613,-15.716088,33.48525,0.014583538,0.2600537,4.97658,-13.692477,5.844017,771.563,1229.0106,-1.771195,1843.2358,790.63983,-17.475847,2727.6514,703.2807,-16.628267,0 days 00:00:41.507974641,0 days 00:00:41.532985979
0 days 00:00:00.210000,0 days 00:00:00.235011338,answer5,1.4102546,-11.389028,17.061468,0.02314265,-0.038063306,0.5715011,14.219899,5.1728725,-5.2701716,-24.129997,33.272774,0.013657369,0.55067253,4.3238044,-10.906971,9.076365,812.19995,1215.053,2.357088,1935.0132,917.1716,-17.138266,2748.2043,721.05804,-13.231986,0 days 00:00:41.517974641,0 days 00:00:41.542985979
0 days 00:00:00.220000,0 days 00:00:00.245011338,answer5,1.2768105,-12.662778,19.403124,0.03437359,-0.039415006,0.4599906,15.958446,5.8401847,-8.054027,-27.962698,33.035828,0.012789498,1.2735342,3.9446583,-7.160457,13.566795,826.3559,1226.8164,2.7599027,1922.3223,976.56616,-18.982416,2730.0234,694.2161,-13.37634,0 days 00:00:41.527974641,0 days 00:00:41.552985979
0 days 00:00:00.230000,0 days 00:00:00.255011337,answer5,1.083107,-13.191315,19.992914,0.036551725,-0.03920684,0.41761777,18.562017,8.314642,-8.029033,-25.419962,32.734356,0.007508274,1.2963555,3.8426669,-4.217645,16.554094,854.54706,1141.2043,-0.011029403,1917.3799,982.54834,-19.985,2713.5706,652.545,-15.8135605,0 days 00:00:41.537974641,0 days 00:00:41.562985978
0 days 00:00:00.240000,0 days 00:00:00.265011338,answer5,0.9687171,-14.702441,20.334723,0.03756836,-0.040523082,0.32154068,21.533617,10.715812,-5.902448,-19.764795,32.2458,0.011930113,1.6754087,2.7875397,-2.8274946,18.081915,839.8594,1152.2866,-4.2089057,1992.7938,748.78735,-21.488981,2836.6816,1262.7767,-18.822441,0 days 00:00:41.547974641,0 days 00:00:41.572985979
0 days 00:00:00.250000,0 days 00:00:00.275011338,answer5,0.8995554,-13.590899,19.892227,0.03517073,-0.038127854,0.34518346,23.923555,12.694501,-3.0150836,-14.04298,31.989075,0.012769751,1.3187685,2.2357104,-2.4024506,18.608212,882.94965,1256.174,-71.29979,2154.761,907.9113,-81.4028,2830.5518,1897.7076,-80.64731,0 days 00:00:41.557974641,0 days 00:00:41.582985979
0 days 00:00:00.260000,0 days 00:00:00.285011338,answer5,0.8734599,-12.282822,20.77543,0.034863565,-0.037627418,0.3457732,25.430033,12.227849,-1.996282,-14.694183,0.0,0.0,0.0,0.0,0.0,0.0,902.70087,1463.1879,-136.86055,2064.7966,1124.4227,-141.63252,2847.7815,1873.4838,-141.63252,0 days 00:00:41.567974641,0 days 00:00:41.592985979
0 days 00:00:00.270000,0 days 00:00:00.295011338,answer5,0.81690806,-7.8659225,21.405672,0.029024914,-0.03394871,0.4199582,24.404661,8.638847,-4.7393203,-12.348163,0.0,0.0,0.0,0.0,0.0,0.0,901.4266,1419.526,-201.0,1868.0814,1299.395,-201.0,2719.0002,1220.8998,-201.0,0 days 00:00:41.577974641,0 days 00:00:41.602985979
0 days 00:00:00.280000,0 days 00:00:00.305011338,answer5,0.74506027,-4.904696,20.664572,0.022071607,-0.028109714,0.3646967,22.92396,4.07159,-8.07817,-12.745476,0.0,0.0,0.0,0.0,0.0,0.0,876.83795,1307.1956,-201.0,1750.5045,1248.5746,-201.0,2724.378,689.5457,-201.0,0 days 00:00:41.587974641,0 days 00:00:41.612985979
0 days 00:00:00.290000,0 days 00:00:00.315011338,answer5,0.64837015,-3.9348614,20.335464,0.029809564,-0.025306838,0.2718569,20.696173,2.0336637,-13.288834,-11.359033,0.0,0.0,0.0,0.0,0.0,0.0,631.93835,1370.7045,-201.0,1668.6855,1191.9059,-201.0,2669.7383,813.3128,-201.0,0 days 00:00:41.597974641,0 days 00:00:41.622985979
0 days 00:00:00.300000,0 days 00:00:00.325011338,answer5,0.5724156,-5.1089573,20.116127,0.031684868,-0.023608088,0.16917066,20.11923,2.1482882,-13.515506,-10.9348755,0.0,0.0,0.0,0.0,0.0,0.0,633.72205,1356.6329,-201.0,1666.8408,1147.0504,-201.0,2672.276,758.14014,-201.0,0 days 00:00:41.607974641,0 days 00:00:41.632985979
0 days 00:00:00.310000,0 days 00:00:00.335011338,answer5,0.5152654,-6.9890175,20.539274,0.030642027,-0.023241192,0.12653197,20.197878,3.525832,-10.438433,-8.200399,0.0,0.0,0.0,0.0,0.0,0.0,631.8992,1520.0209,-201.0,1694.1017,1162.6534,-201.0,2664.928,1301.345,-201.0,0 days 00:00:41.617974641,0 days 00:00:41.642985979
0 days 00:00:00.320000,0 days 00:00:00.345011338,answer5,0.4657161,-7.864996,20.336971,0.030104319,-0.017840553,0.116058886,19.049007,3.9163141,-6.969334,-6.073652,0.0,0.0,0.0,0.0,0.0,0.0,1023.7544,1273.7711,-139.68153,2115.6638,987.09076,-140.00511,3203.5183,2729.6946,-142.02206,0 days 00:00:41.627974641,0 days 00:00:41.652985979
0 days 00:00:00.330000,0 days 00:00:00.355011338,answer5,0.46890196,-10.238543,21.2967,0.037040412,-0.019487632,0.12978344,18.757874,3.7869549,-6.110822,-11.395925,41.720806,0.0,1.7329556,2.926237,12.054903,22.227352,1008.9411,1295.2832,-74.55132,2146.6506,994.86444,-77.24749,3177.8252,2767.3809,-78.74946,0 days 00:00:41.637974641,0 days 00:00:41.662985979
0 days 00:00:00.340000,0 days 00:00:00.365011338,answer5,0.50582045,-10.1536045,19.709633,0.03766551,-0.025891477,0.13622288,16.808123,2.3729396,-5.634119,-16.580019,41.651325,0.056724332,1.9627327,2.7550604,11.616704,20.803162,1032.1422,1374.2047,-7.9509444,2094.6594,971.0046,-10.871128,3240.8782,2120.4534,-14.553905,0 days 00:00:41.647974641,0 days 00:00:41.672985979
0 days 00:00:00.350000,0 days 00:00:00.375011338,answer5,0.5860511,-9.338809,18.338053,0.03499381,-0.031915944,0.14118208,14.354561,-0.32277617,-4.1150846,-20.019135,41.5928,0.0477967,1.9803085,2.538746,11.4113,17.753584,710.9275,1390.3177,-3.4041157,1754.6221,934.27374,-5.2445474,2733.9268,632.03906,-11.025449,0 days 00:00:41.657974641,0 days 00:00:41.682985979
0 days 00:00:00.360000,0 days 00:00:00.385011338,answer5,0.66114295,-5.612284,15.490527,0.02870587,-0.02736223,0.14634563,12.036919,-4.205197,-1.8692039,-15.290871,41.55557,0.028370691,1.5584177,2.2921448,10.293677,17.493792,554.2872,1406.6852,0.0,1619.1993,852.9074,-6.7633514,2686.187,657.5994,-12.500546,0 days 00:00:41.667974641,0 days 00:00:41.692985979
0 days 00:00:00.370000,0 days 00:00:00.395011338,answer5,0.7255711,-4.6115785,15.659543,0.025273703,-0.022595843,0.15401131,11.184666,-5.394839,-1.8808314,-11.758935,41.577164,0.031837165,1.1264833,2.2318637,10.070362,17.263298,450.49533,1352.5951,0.0,1531.9669,756.585,-73.13972,2621.2002,695.9505,-76.6961,0 days 00:00:41.677974641,0 days 00:00:41.702985979
0 days 00:00:00.380000,0 days 00:00:00.405011338,answer5,0.76353854,-5.155586,14.654103,0.010846903,-0.021926291,0.18035519,12.73346,-2.5258868,-0.20387204,-8.165174,0.0,0.0,0.0,0.0,0.0,0.0,483.1202,1465.2594,-201.0,1501.3779,1182.7279,-139.76118,2360.4885,954.14484,-139.2025,0 days 00:00:41.687974641,0 days 00:00:41.712985979
0 days 00:00:00.390000,0 days 00:00:00.415011338,answer5,0.82958984,-8.93344,17.1576,0.010464632,-0.02956838,0.27776727,15.43148,4.6325994,2.33714,-8.350308,0.0,0.0,0.0,0.0,0.0,0.0,530.6496,1458.5148,-137.25078,1587.391,1239.9435,-141.87712,2413.9128,1006.96686,-145.54742,0 days 00:00:41.697974641,0 days 00:00:41.722985979
0 days 00:00:00.400000,0 days 00:00:00.425011338,answer5,0.93835217,-12.452733,18.993773,0.012451927,-0.03551737,0.3730259,18.96153,11.537956,3.1486158,-10.912727,31.95377,0.0,0.0,4.4260015,-1.5491638,24.738342,540.3866,1342.4985,-72.44041,1666.056,1236.0502,-83.833824,2556.027,1092.3932,-90.61033,0 days 00:00:41.707974641,0 days 00:00:41.732985979
0 days 00:00:00.410000,0 days 00:00:00.435011338,answer5,1.056871,-15.779149,22.924753,0.02797083,-0.04284217,0.4004815,22.762817,15.430301,3.8560975,-14.499419,31.922094,0.0,1.938297,4.027637,-2.3707817,23.851019,634.2309,1267.9733,-8.802094,1811.4183,896.7969,-25.499323,2961.087,968.7629,-35.566055,0 days 00:00:41.717974641,0 days 00:00:41.742985979
0 days 00:00:00.420000,0 days 00:00:00.445011338,answer5,1.0709904,-18.023565,24.282412,0.033015564,-0.04547218,0.34877887,24.701538,19.112753,2.8477395,-15.57029,31.831213,0.024027437,1.479907,3.6668952,-1.9104093,20.805841,734.5776,1270.7609,-11.192044,1876.6998,920.4969,-26.18818,2961.945,1028.0302,-33.366932,0 days 00:00:41.727974641,0 days 00:00:41.752985979
0 days 00:00:00.430000,0 days 00:00:00.455011338,answer5,0.94190925,-19.261906,25.228437,0.029300442,-0.04709084,0.35781956,25.175537,20.279894,6.2107315,-10.911667,31.759724,0.024027437,0.662952,3.0421262,-1.2605786,18.971264,767.86035,1253.3485,-76.0024,1890.101,886.9379,-84.231476,2963.7168,1046.929,-88.30402,0 days 00:00:41.737974641,0 days 00:00:41.762985979
0 days 00:00:00.440000,0 days 00:00:00.465011338,answer5,0.7465792,-19.791224,26.050308,0.0061601917,-0.042303145,0.3681933,24.015778,20.194122,10.83619,-6.276678,0.0,0.0,0.0,0.0,0.0,0.0,772.2281,1206.0616,-139.64072,1879.8187,777.4329,-142.56598,2888.1477,959.3681,-143.3483,0 days 00:00:41.747974641,0 days 00:00:41.772985979
0 days 00:00:00.450000,0 days 00:00:00.475011338,answer5,0.5732169,-18.959959,26.351465,-0.006743642,-0.03621921,0.3526946,23.067421,18.054617,11.66656,-6.0041504,0.0,0.0,0.0,0.0,0.0,0.0,709.24164,1244.9104,-201.0,1877.8861,750.3113,-201.0,2990.2373,936.64606,-201.0,0 days 00:00:41.757974641,0 days 00:00:41.782985979
0 days 00:00:00.460000,0 days 00:00:00.485011338,answer5,0.46381578,-17.341272,23.498457,-0.011921949,-0.031434532,0.25265038,21.856087,15.485249,8.205665,-8.732716,0.0,0.0,0.0,0.0,0.0,0.0,604.7411,1379.9948,-201.0,1618.2784,1081.5807,-201.0,2655.611,922.25385,-201.0,0 days 00:00:41.767974641,0 days 00:00:41.792985979
0 days 00:00:00.470000,0 days 00:00:00.495011338,answer5,0.3928068,-15.774058,20.353218,0.00019486807,-0.02944053,0.16706209,21.839407,14.1758995,2.9800549,-8.661195,0.0,0.0,0.0,0.0,0.0,0.0,614.2681,1396.0035,-201.0,1638.7181,1159.7949,-201.0,2611.4678,1026.8158,-201.0,0 days 00:00:41.777974641,0 days 00:00:41.802985979
0 days 00:00:00.480000,0 days 00:00:00.505011338,answer5,0.34697714,-13.939094,16.943216,0.012409025,-0.02607902,0.098382615,21.681839,11.583913,0.9513412,-6.7775364,0.0,0.0,0.0,0.0,0.0,0.0,531.70416,1693.3815,-201.0,1377.847,1475.9086,-201.0,2316.3542,1113.4673,-201.0,0 days 00:00:41.787974641,0 days 00:00:41.812985979
0 days 00:00:00.490000,0 days 00:00:00.515011338,answer5,0.32101938,-13.2730665,16.868935,0.02712217,-0.026109561,0.06377885,21.65977,11.377603,2.4211137,-4.4160714,0.0,0.0,0.0,0.0,0.0,0.0,648.0078,1491.6791,-201.0,1631.2555,1114.5691,-201.0,2546.5476,1064.747,-201.0,0 days 00:00:41.797974641,0 days 00:00:41.822985979
0 days 00:00:00.500000,0 days 00:00:00.525011338,answer5,0.31606174,-11.692325,16.26664,0.030494412,-0.018831879,0.06487407,19.38805,11.645264,0.14648168,-1.4341387,0.0,0.0,0.0,0.0,0.0,0.0,672.801,1440.474,-201.0,1603.1713,1103.496,-201.0,2561.8608,944.2241,-201.0,0 days 00:00:41.807974641,0 days 00:00:41.832985979
0 days 00:00:00.510000,0 days 00:00:00.535011338,answer5,0.33630976,-10.191868,15.753673,0.020580864,-0.015710354,0.05841142,14.364105,13.308291,-0.34081438,3.1398308,0.0,0.0,0.0,0.0,0.0,0.0,850.10443,1149.2573,-201.0,1866.6483,841.8909,-201.0,2775.8672,757.5809,-201.0,0 days 00:00:41.817974641,0 days 00:00:41.842985979
0 days 00:00:00.520000,0 days 00:00:00.545011338,answer5,0.37158763,-8.951671,15.030235,0.02038046,-0.013382657,0.06327328,10.372429,14.055939,-3.1409552,3.5632696,0.0,0.0,0.0,0.0,0.0,0.0,848.61426,1265.2765,-201.0,1883.9694,923.6612,-201.0,2752.6936,865.3887,-201.0,0 days 00:00:41.827974641,0 days 00:00:41.852985979
0 days 00:00:00.530000,0 days 00:00:00.555011338,answer5,0.43382683,-11.4269,18.290028,0.029281914,-0.02071058,0.13558574,11.21387,17.112051,-2.5376937,4.8135076,0.0,0.0,0.0,0.0,0.0,0.0,688.08057,1294.8717,-201.0,1753.7025,868.0557,-145.11328,2671.7998,876.0847,-144.27634,0 days 00:00:41.837974641,0 days 00:00:41.862985979
0 days 00:00:00.540000,0 days 00:00:00.565011338,answer5,0.5905138,-16.95352,23.17623,0.049162682,-0.030939167,0.40664372,17.73074,20.202278,-2.9184377,-1.0594736,36.07715,0.0,0.0,6.291255,8.677219,30.966764,540.7872,1327.0243,0.0,1735.566,903.65717,-87.89408,2843.7393,1250.1855,-89.21174,0 days 00:00:41.847974641,0 days 00:00:41.872985979
0 days 00:00:00.550000,0 days 00:00:00.575011338,answer5,0.74123335,-21.6242,29.424097,0.057766456,-0.0344895,0.5258213,23.76579,21.986223,-1.4128383,-5.5694366,35.963352,0.0,4.518132,7.228321,7.0337243,28.919968,381.51334,1364.9388,-2.5865316,1562.1371,990.6325,-32.769726,2825.8079,1197.9254,-31.659697,0 days 00:00:41.857974641,0 days 00:00:41.882985979
0 days 00:00:00.560000,0 days 00:00:00.585011338,answer5,0.8876999,-22.986609,30.056566,0.07624122,-0.036267176,0.50043124,27.245237,19.411285,0.84716576,-14.599109,35.779346,0.06740953,3.3099604,8.635911,4.049366,28.582228,522.20886,1336.6714,0.0,1723.7006,999.60736,-29.408676,2982.3037,1283.0503,-32.312656,0 days 00:00:41.867974641,0 days 00:00:41.892985979
0 days 00:00:00.570000,0 days 00:00:00.595011338,answer5,0.9328024,-21.160135,27.191492,0.07304909,-0.03408699,0.27032208,27.235062,15.1482725,3.3413522,-16.156984,35.726887,0.04728912,1.6455201,9.2419195,1.7903544,27.652323,639.12604,1234.6617,-7.116897,1780.7905,838.5739,-27.186453,2929.3,1128.1449,-33.02798,0 days 00:00:41.877974641,0 days 00:00:41.902985979
0 days 00:00:00.580000,0 days 00:00:00.605011338,answer5,0.97411966,-19.871668,23.524353,0.06789079,-0.035943687,0.21570005,26.264917,13.289796,7.9949365,-15.857704,35.742546,0.013367997,0.7213008,9.215328,0.3466824,25.64559,784.49756,1110.2892,-7.8956065,1952.9261,608.3938,-23.567629,3079.2332,1136.7465,-33.19451,0 days 00:00:41.887974641,0 days 00:00:41.912985979
0 days 00:00:00.590000,0 days 00:00:00.615011338,answer5,0.97886413,-19.655249,22.979515,0.055514853,-0.037153747,0.20240085,24.539553,14.283866,10.447147,-14.777043,35.751705,0.005180621,0.5076592,8.7430525,-0.76096964,24.342117,778.1853,1110.8269,-9.548796,1964.2476,540.74384,-26.530077,3100.2913,1102.8561,-34.651882,0 days 00:00:41.897974641,0 days 00:00:41.922985979
0 days 00:00:00.600000,0 days 00:00:00.625011338,answer5,0.9055701,-20.719793,25.731646,0.05629632,-0.039474968,0.25588432,23.316872,16.77272,12.138629,-13.165409,35.742023,0.0063125803,0.5198392,8.210506,-3.0315692,20.249594,775.3183,1101.2721,-11.023422,1946.6378,569.09686,-29.169022,2988.2625,967.6094,-34.304585,0 days 00:00:41.907974641,0 days 00:00:41.932985979
0 days 00:00:00.610000,0 days 00:00:00.635011338,answer5,0.76093835,-21.431532,27.830591,0.04678714,-0.035591006,0.33935753,22.143997,17.551172,8.750291,-8.720583,35.693348,0.015734969,0.6864915,7.545159,-4.9589567,20.588717,801.9619,1079.0446,-14.07396,1965.5509,610.082,-30.435148,3013.9248,917.17194,-36.368053,0 days 00:00:41.917974641,0 days 00:00:41.942985979
0 days 00:00:00.620000,0 days 00:00:00.645011338,answer5,0.61723644,-19.87947,27.410894,0.039917395,-0.030850897,0.38208333,20.575758,17.124542,6.269718,-5.604538,35.606647,0.022773815,1.4956611,6.148144,-4.5228114,18.228632,779.2834,1213.4257,-13.180145,1958.5659,835.1286,-28.41709,2863.6396,1025.6587,-32.678005,0 days 00:00:41.927974641,0 days 00:00:41.952985979
0 days 00:00:00.630000,0 days 00:00:00.655011338,answer5,0.5160108,-16.845282,24.067993,0.027909413,-0.028554043,0.32523343,17.006493,17.248484,4.2058024,-1.5517163,35.55958,0.028938636,2.003131,5.4130135,-3.5152168,18.266754,749.26874,1366.222,-76.10685,1929.398,944.0042,-85.219574,2816.1348,1086.1901,-87.37457,0 days 00:00:41.937974641,0 days 00:00:41.962985979
0 days 00:00:00.640000,0 days 00:00:00.665011338,answer5,0.4693835,-13.210236,20.144197,0.033310954,-0.02242841,0.1871597,13.479199,16.74711,2.9009018,0.35485363,0.0,0.0,0.0,0.0,0.0,0.0,569.8743,1703.5184,-136.90529,1730.9686,1459.4352,-142.69661,2492.1833,1311.7867,-142.69661,0 days 00:00:41.947974641,0 days 00:00:41.972985979
0 days 00:00:00.650000,0 days 00:00:00.675011338,answer5,0.42234704,-11.389314,17.60504,0.025512436,-0.018355241,0.111135356,11.324159,15.729436,2.2413027,4.5604672,0.0,0.0,0.0,0.0,0.0,0.0,659.82227,1693.8086,-201.0,1703.1567,1585.9916,-201.0,2488.4172,1196.0963,-201.0,0 days 00:00:41.957974641,0 days 00:00:41.982985979
0 days 00:00:00.660000,0 days 00:00:00.685011338,answer5,0.401579,-10.603715,17.201456,0.024443878,-0.01253068,0.07912571,11.18768,13.500107,2.8805172,5.616491,0.0,0.0,0.0,0.0,0.0,0.0,767.0288,1588.5675,-201.0,1785.7411,1592.0707,-201.0,2649.2432,1432.9274,-201.0,0 days 00:00:41.967974641,0 days 00:00:41.992985979
0 days 00:00:00.670000,0 days 00:00:00.695011338,answer5,0.39888832,-10.030015,16.463116,0.021246942,-0.014732304,0.0719459,11.036735,12.448106,2.0806656,4.831371,0.0,0.0,0.0,0.0,0.0,0.0,782.1434,1400.0625,-201.0,1808.3126,1251.0848,-201.0,2708.5134,1280.0707,-201.0,0 days 00:00:41.977974641,0 days 00:00:42.002985979
0 days 00:00:00.680000,0 days 00:00:00.705011338,answer5,0.4154748,-8.535195,14.543466,0.029428488,-0.01387824,0.07258781,10.232321,10.064071,-0.09862169,0.8070836,0.0,0.0,0.0,0.0,0.0,0.0,768.9492,1305.9756,-201.0,1800.9337,1103.9585,-201.0,2735.4167,1241.5225,-201.0,0 days 00:00:41.987974641,0 days 00:00:42.012985979
0 days 00:00:00.690000,0 days 00:00:00.715011338,answer5,0.4469479,-7.0538287,12.126702,0.03619907,-0.014206323,0.07721607,8.30354,6.65295,-2.5861611,-3.8221104,0.0,0.0,0.0,0.0,0.0,0.0,758.7104,1345.2728,-201.0,1683.1945,1054.1063,-201.0,2599.138,876.00616,-201.0,0 days 00:00:41.997974641,0 days 00:00:42.022985979
0 days 00:00:00.700000,0 days 00:00:00.725011338,answer5,0.48282447,-6.0328746,11.902381,0.040241063,-0.0136039695,0.07156884,7.462334,2.0679383,-1.497025,-6.954695,0.0,0.0,0.0,0.0,0.0,0.0,1009.4484,1270.1293,-201.0,1826.2711,1094.0629,-201.0,2706.9023,829.0915,-201.0,0 days 00:00:42.007974641,0 days 00:00:42.032985979
0 days 00:00:00.710000,0 days 00:00:00.735011338,answer5,0.5295104,-5.61768,12.341657,0.035757758,-0.014217387,0.07844105,7.9940267,-0.75347376,0.9313833,-7.9297633,0.0,0.0,0.0,0.0,0.0,0.0,1051.4154,1186.1572,-201.0,1960.288,1127.3143,-201.0,2680.0156,1007.0881,-201.0,0 days 00:00:42.017974641,0 days 00:00:42.042985979
0 days 00:00:00.720000,0 days 00:00:00.745011338,answer5,0.5495909,-4.5585685,11.760232,0.02422695,-0.010776903,0.08188986,9.940412,-2.8735473,3.2075157,-5.510876,0.0,0.0,0.0,0.0,0.0,0.0,1104.4501,1155.668,-201.0,2187.5862,1238.8306,-201.0,2650.04,1544.2188,-201.0,0 days 00:00:42.027974641,0 days 00:00:42.052985979
0 days 00:00:00.730000,0 days 00:00:00.755011338,answer5,0.56793433,-3.0522919,9.42718,0.020707706,-0.0055738506,0.095249735,11.742785,-4.8267236,3.0230417,-1.6271195,0.0,0.0,0.0,0.0,0.0,0.0,1131.6249,1170.3401,-201.0,2314.9514,1134.4052,-201.0,3201.3662,1927.9125,-201.0,0 days 00:00:42.037974641,0 days 00:00:42.062985979
0 days 00:00:00.740000,0 days 00:00:00.765011338,answer5,0.553646,-1.8665379,8.3943205,0.018597657,-0.0010872544,0.094781734,12.419498,-7.0833073,3.1968057,4.1137495,0.0,0.0,0.0,0.0,0.0,0.0,1135.5231,1179.2552,-141.70172,2260.2498,1094.8911,-139.82072,3325.3682,1760.4653,-141.69394,0 days 00:00:42.047974641,0 days 00:00:42.072985979
0 days 00:00:00.750000,0 days 00:00:00.775011338,answer5,0.57741237,-3.6331728,12.580396,0.026533348,0.0027629777,0.14684683,14.603135,-5.3537183,2.3969145,7.697389,38.93055,0.0,0.0,2.6024156,18.835472,17.31877,874.09204,1359.4302,-112.05258,1898.6963,1131.5275,-82.36163,3217.0417,1327.1686,-83.33764,0 days 00:00:42.057974641,0 days 00:00:42.082985979
0 days 00:00:00.760000,0 days 00:00:00.785011338,answer5,0.69075435,-8.87659,18.655993,0.042540055,-0.0022066096,0.37887967,16.849215,-0.35044846,10.955615,6.6569886,38.46733,0.0,0.0,3.955045,20.592073,17.842531,590.46686,1366.7402,0.0,1641.5814,1110.4424,-24.721937,2570.4172,886.2376,-25.389917,0 days 00:00:42.067974641,0 days 00:00:42.092985979
0 days 00:00:00.770000,0 days 00:00:00.795011338,answer5,0.8443799,-14.199897,24.342138,0.05819443,-0.007965825,0.478657,18.203325,7.7955475,18.289413,1.3655996,37.63997,0.0,0.0,6.302788,21.869827,15.814902,332.57202,1520.4957,0.0,1461.3024,1053.9438,-29.642044,2391.515,920.8709,-24.224524,0 days 00:00:42.077974641,0 days 00:00:42.102985979
0 days 00:00:00.780000,0 days 00:00:00.805011338,answer5,1.0,-16.010283,22.908104,0.069205426,-0.012115986,0.49748895,16.4157,10.365926,26.291212,-4.1428075,37.201077,0.0,3.3529406,8.243828,22.40892,13.3053465,355.11887,1401.8461,0.0,1570.7925,895.64764,-29.491999,2489.4429,814.5485,-21.034546,0 days 00:00:42.087974641,0 days 00:00:42.112985979
0 days 00:00:00.790000,0 days 00:00:00.815011338,answer5,1.0580972,-14.782416,19.88231,0.069249995,-0.009536938,0.3227706,15.054867,9.862444,25.313765,-6.017965,36.98203,0.041093268,2.3667908,9.000058,20.67227,10.066101,348.06393,1458.6537,-7.9648056,1523.146,1005.471,-28.305777,2424.8047,901.15704,-17.409082,0 days 00:00:42.097974641,0 days 00:00:42.122985979
0 days 00:00:00.800000,0 days 00:00:00.825011338,answer5,1.0902796,-13.365891,16.551048,0.068905436,-0.0045982497,0.2758679,14.396615,7.4757733,25.204046,-5.5203996,36.8624,0.030478084,0.9023673,8.91645,19.554167,10.614074,337.45203,1506.1683,0.0,1457.1124,1062.1945,-25.564613,2408.7666,839.0752,-17.058765,0 days 00:00:42.107974641,0 days 00:00:42.132985979
0 days 00:00:00.810000,0 days 00:00:00.835011338,answer5,1.1214628,-12.8192215,16.934464,0.07139646,-0.004351347,0.263531,14.346105,7.2970543,25.480295,-10.051363,36.701077,0.014325063,0.38381386,8.852328,19.547523,12.31112,480.8994,1546.4872,0.0,1525.3368,1110.9143,-26.571192,2422.9617,885.5617,-16.88515,0 days 00:00:42.117974641,0 days 00:00:42.142985979
0 days 00:00:00.820000,0 days 00:00:00.845011338,answer5,1.1593044,-12.399629,16.618637,0.070040725,-0.008568263,0.25010228,13.719238,8.391713,26.052263,-17.50506,36.545017,0.012523539,0.6580606,9.129416,19.607622,13.735596,604.8465,1585.482,-22.504696,1708.2964,995.3706,-28.965197,2536.0708,837.625,-16.5241,0 days 00:00:42.127974641,0 days 00:00:42.152985979
0 days 00:00:00.830000,0 days 00:00:00.855011338,answer5,1.1551592,-12.31146,16.209059,0.07000273,-0.011477585,0.23498635,14.086777,8.811446,26.48591,-21.079676,36.44107,0.010654434,0.6121325,9.475208,19.758219,14.04948,721.5054,1572.6674,-22.26317,1901.9916,824.1181,-31.046564,2647.0146,896.2757,-16.086254,0 days 00:00:42.137974641,0 days 00:00:42.162985979
0 days 00:00:00.840000,0 days 00:00:00.865011338,answer5,1.1051773,-13.042256,16.176184,0.070260845,-0.011505026,0.19165985,15.726104,8.502301,25.908249,-17.37269,36.413742,0.009187834,0.70364,9.495992,21.334574,15.798515,561.71313,1492.2035,-14.8835945,1759.431,837.04834,-32.60278,2605.1628,884.30835,-17.732172,0 days 00:00:42.147974641,0 days 00:00:42.172985979
0 days 00:00:00.850000,0 days 00:00:00.875011338,answer5,1.0151558,-15.030635,18.704317,0.06657419,-0.0070580593,0.17350562,18.500551,9.104266,24.419844,-10.058768,36.467564,0.003597983,0.48835865,9.4636545,24.870987,17.796518,459.70663,1357.9,-8.610992,1570.7765,868.659,-30.35663,2554.115,801.33984,-19.816118,0 days 00:00:42.157974641,0 days 00:00:42.182985979
0 days 00:00:00.860000,0 days 00:00:00.885011338,answer5,0.9666278,-16.579987,20.454113,0.06942243,-0.007495197,0.15755223,20.697824,9.260163,22.944412,-7.1019826,36.54691,0.0047178273,0.5463157,9.507882,26.03568,19.355673,376.29968,1302.9469,-2.026428,1409.2565,1044.1443,-31.039972,2448.5344,703.0179,-21.411484,0 days 00:00:42.167974641,0 days 00:00:42.192985979
0 days 00:00:00.870000,0 days 00:00:00.895011338,answer5,0.9342737,-17.389168,20.605247,0.06739513,-0.012880303,0.17683406,21.926163,10.262276,23.0948,-10.162435,36.53822,0.006520393,0.45688263,9.561779,24.777117,18.763126,380.5201,1281.3138,0.0,1422.2103,1119.9845,-31.909315,2410.181,592.1648,-20.789267,0 days 00:00:42.177974641,0 days 00:00:42.202985979
0 days 00:00:00.880000,0 days 00:00:00.905011338,answer5,0.93551916,-16.01197,18.64759,0.07744952,-0.014226132,0.21983905,20.899035,9.814255,24.836874,-14.59816,36.42625,0.0083667515,0.32134238,9.565932,22.745035,16.739403,476.24,1324.0345,-13.5561075,1630.2858,907.7251,-34.54499,2527.9236,659.72345,-18.618792,0 days 00:00:42.187974641,0 days 00:00:42.212985979
0 days 00:00:00.890000,0 days 00:00:00.915011338,answer5,0.9376499,-14.33657,16.21984,0.07539583,-0.013915953,0.23170288,19.965921,10.063117,27.364603,-16.719284,36.254086,0.009050553,0.5328228,9.508876,22.767603,14.347819,574.4282,1264.9536,-17.569052,1807.2465,618.49854,-35.861656,2687.3704,682.0136,-16.27534,0 days 00:00:42.197974641,0 days 00:00:42.222985979
0 days 00:00:00.900000,0 days 00:00:00.925011338,answer5,0.9585757,-12.630893,14.964559,0.07760031,-0.011425848,0.23722608,19.255539,9.388509,29.594763,-15.965154,36.123795,0.007603608,0.57356435,9.456431,22.269571,13.132454,718.5283,1324.8761,-25.771887,1962.8193,382.95898,-33.425674,2803.9172,845.3203,-15.342781,0 days 00:00:42.207974641,0 days 00:00:42.232985979
0 days 00:00:00.910000,0 days 00:00:00.935011338,answer5,0.9826875,-12.307815,14.713351,0.07206176,-0.014513783,0.19069713,19.656485,9.183517,32.19897,-15.19011,36.020355,0.008334832,0.6844663,9.320548,20.502424,13.876069,714.8604,1297.0111,-24.45584,1946.85,378.50977,-32.258606,2791.414,822.7622,-16.537497,0 days 00:00:42.217974641,0 days 00:00:42.242985979
0 days 00:00:00.920000,0 days 00:00:00.945011338,answer5,0.9940035,-13.162351,16.542128,0.07262056,-0.016331866,0.17635942,20.30953,8.51522,34.03125,-15.173266,35.932743,0.007739129,0.45748293,9.35052,18.686897,15.047681,711.0909,1366.4541,-23.232355,1934.4458,435.87692,-30.169983,2762.5938,847.6719,-18.30115,0 days 00:00:42.227974641,0 days 00:00:42.252985979
0 days 00:00:00.930000,0 days 00:00:00.955011338,answer5,0.96973276,-14.786774,18.389208,0.07651978,-0.015717493,0.16231263,20.9536,9.332986,34.606335,-15.661568,35.865932,0.0071310434,0.6044874,9.601522,17.502989,16.695002,558.16656,1375.0685,-16.258553,1906.662,815.77435,-30.219536,2556.9502,805.4487,-20.894701,0 days 00:00:42.237974641,0 days 00:00:42.262985979
0 days 00:00:00.940000,0 days 00:00:00.965011338,answer5,0.93078965,-15.741033,20.083883,0.07138354,-0.014823109,0.17506897,21.033964,9.361407,35.62273,-15.7165985,35.827015,0.004429868,0.7203724,9.841363,16.851397,17.579473,458.27048,1424.6139,-11.069207,1889.3055,1274.6838,-30.865555,2341.8728,833.5662,-22.685553,0 days 00:00:42.247974641,0 days 00:00:42.272985979
0 days 00:00:00.950000,0 days 00:00:00.975011338,answer5,0.8811216,-16.418915,20.582281,0.070734955,-0.015125666,0.15605037,21.811455,9.738387,35.28252,-16.143219,35.814087,0.0030126877,0.8451269,9.987585,16.332407,18.252838,363.75034,1442.537,-5.6415653,1871.3309,1704.3334,-31.309694,2122.2927,853.7966,-23.894403,0 days 00:00:42.257974641,0 days 00:00:42.282985979
0 days 00:00:00.960000,0 days 00:00:00.985011338,answer5,0.82996225,-16.993332,21.245722,0.06674761,-0.01245382,0.14951858,23.424438,8.446635,33.09693,-12.44592,35.732006,0.003916154,0.3667778,9.771407,16.770914,17.283592,867.46893,1565.2467,-24.901596,1943.912,1114.1455,-30.128876,2981.0066,3769.0437,-23.581606,0 days 00:00:42.267974641,0 days 00:00:42.292985979
0 days 00:00:00.970000,0 days 00:00:01.000997732,answer5,0.7934806,-17.920692,21.821482,0.07207828,-0.00962076,0.13003822,25.402964,7.6050324,29.941818,-9.200508,35.711033,0.0045052934,0.26501384,9.747702,16.951092,15.885005,1080.3496,1561.4492,-34.18455,2311.856,564.3019,-26.206537,3444.1282,5233.491,-22.164183,0 days 00:00:42.277974641,0 days 00:00:42.308972373
0 days 00:00:00,0 days 00:00:00.025011338,answer6,0.69090766,2.9108508,-1.9331865,0.035555076,-0.0041343966,0.039018422,-0.33612797,-5.474376,-0.2359972,-13.324348,0.0,0.0,0.0,0.0,0.0,0.0,970.36005,1233.5425,-201.0,1981.5114,1139.7887,-201.0,2773.5918,914.4749,-201.0,0 days 00:01:04.264264264,0 days 00:01:04.289275602
0 days 00:00:00.010000,0 days 00:00:00.035011338,answer6,0.6560754,1.5600408,1.4432153,0.025487686,-0.0037587204,0.07515684,0.17247514,-4.3288493,0.14073186,-12.872651,0.0,0.0,0.0,0.0,0.0,0.0,803.1206,1187.0687,-201.0,1880.7657,1090.2999,-201.0,2708.156,942.3896,-201.0,0 days 00:01:04.274264264,0 days 00:01:04.299275602
0 days 00:00:00.020000,0 days 00:00:00.045011338,answer6,0.6242666,0.3699262,3.9507046,0.025533319,-0.006746633,0.10311043,0.46967855,-0.9709204,1.4162679,-11.774104,0.0,0.0,0.0,0.0,0.0,0.0,630.47943,1110.8467,-201.0,1718.0586,1066.7347,-201.0,2540.1995,1007.23517,-201.0,0 days 00:01:04.284264264,0 days 00:01:04.309275602
0 days 00:00:00.030000,0 days 00:00:00.055011338,answer6,0.65742254,-2.7091916,6.8769813,0.031407386,-0.016987767,0.13779943,3.2928162,3.1267328,0.26736072,-15.185791,0.0,0.0,0.0,0.0,0.0,0.0,637.14966,1103.7177,-201.0,1715.2848,1045.5732,-201.0,2563.217,1043.0553,-201.0,0 days 00:01:04.294264264,0 days 00:01:04.319275602
0 days 00:00:00.040000,0 days 00:00:00.065011338,answer6,0.7044937,-7.0717444,11.913933,0.04531847,-0.025249677,0.22365005,9.83406,9.855149,1.5747867,-16.38037,0.0,0.0,0.0,0.0,0.0,0.0,769.72485,1093.5956,-201.0,1883.778,909.51373,-201.0,2870.5198,1339.2974,-201.0,0 days 00:01:04.304264264,0 days 00:01:04.329275602
0 days 00:00:00.050000,0 days 00:00:00.075011338,answer6,0.74481314,-12.936915,18.768328,0.03179603,-0.033455055,0.30922472,17.377504,14.989139,3.8222618,-18.310349,0.0,0.0,0.0,0.0,0.0,0.0,895.09015,1095.7465,-135.98761,2104.5537,770.7629,-141.28941,3186.097,1307.0995,-142.05731,0 days 00:01:04.314264264,0 days 00:01:04.339275602
0 days 00:00:00.060000,0 days 00:00:00.085011338,answer6,0.7833155,-15.309615,22.391668,0.022354886,-0.03514955,0.30801186,20.951912,16.187897,9.55666,-19.630402,32.70967,0.0,2.1998334,6.733316,-1.5538464,13.609154,737.2043,1125.8033,-71.62632,2044.2582,819.7193,-86.23105,3146.8447,1447.1378,-82.8767,0 days 00:01:04.324264264,0 days 00:01:04.349275602
0 days 00:00:00.070000,0 days 00:00:00.095011338,answer6,0.8140762,-16.1225,22.798162,0.012220629,-0.040354427,0.2405731,21.273626,17.148268,14.545039,-22.615622,32.638,0.071310215,1.799168,6.8300214,-1.8603348,15.108205,691.65015,1212.8153,-6.254187,2070.0205,849.24286,-28.5683,2910.9807,1596.2607,-25.213957,0 days 00:01:04.334264264,0 days 00:01:04.359275602
0 days 00:00:00.080000,0 days 00:00:00.105011338,answer6,0.8450575,-16.820189,23.596811,0.016968591,-0.039677143,0.19179125,21.969666,18.109499,15.30045,-23.368196,32.496704,0.051065627,0.75129056,7.2920995,-2.2691092,18.622011,596.7691,1321.671,-6.585666,2061.3064,1004.48584,-32.434906,2874.3708,2176.3308,-28.3263,0 days 00:01:04.344264264,0 days 00:01:04.369275602
0 days 00:00:00.090000,0 days 00:00:00.115011338,answer6,0.82597613,-19.473846,26.0609,0.016740447,-0.042833608,0.16121472,23.782919,21.94827,11.9365225,-24.172838,32.411938,0.01773646,0.668968,7.4082584,-2.3797321,21.649588,656.5694,1361.1183,-5.5850005,2172.0786,910.24585,-31.026178,3052.7012,2303.5085,-31.100624,0 days 00:01:04.354264264,0 days 00:01:04.379275602
0 days 00:00:00.100000,0 days 00:00:00.125011338,answer6,0.81686527,-21.260826,28.260569,0.01503824,-0.041561235,0.14047436,25.658281,23.291265,9.3106,-23.529078,32.365,0.00801826,0.57238173,7.748979,-2.03308,23.386526,676.66986,1278.6865,-5.402309,2172.7666,912.49005,-31.839895,3166.4944,2127.046,-32.322357,0 days 00:01:04.364264264,0 days 00:01:04.389275602
0 days 00:00:00.110000,0 days 00:00:00.135011338,answer6,0.80945367,-21.131586,27.747755,0.02301608,-0.042136174,0.1314915,26.068995,21.847788,9.155806,-24.137655,32.312344,0.007500857,0.51817375,7.6827607,-1.1450772,23.214752,760.34735,1229.1919,-4.7533236,2191.1768,869.04144,-31.20592,2973.4954,1761.1761,-31.674751,0 days 00:01:04.374264264,0 days 00:01:04.399275602
0 days 00:00:00.120000,0 days 00:00:00.145011338,answer6,0.8053692,-20.5589,27.692747,0.023706751,-0.036919255,0.13688786,26.365705,19.90593,9.026368,-23.090113,32.193314,0.0065300446,0.8020943,7.7154503,0.38342047,22.637772,785.15155,1169.3324,-5.882154,2086.3125,850.8345,-32.36735,2832.963,1487.524,-30.706459,0 days 00:01:04.384264264,0 days 00:01:04.409275602
0 days 00:00:00.130000,0 days 00:00:00.155011338,answer6,0.7861517,-20.166487,26.585302,0.019227851,-0.03543242,0.16185607,26.667917,18.891825,10.232789,-22.306185,31.986252,0.004596144,0.8178645,7.470018,2.9797294,24.197502,811.20874,1242.2797,-10.983975,2100.9988,824.6206,-32.51592,3060.8982,1208.6346,-32.00076,0 days 00:01:04.394264264,0 days 00:01:04.419275602
0 days 00:00:00.140000,0 days 00:00:00.165011338,answer6,0.74058604,-21.00358,28.465942,0.010260963,-0.033460274,0.18454574,27.500305,19.641127,12.884845,-17.289936,31.688505,0.0053655193,0.8457872,7.3262076,6.119639,24.407629,839.326,1306.8192,-17.433043,2111.303,791.3247,-32.66885,3175.5496,1514.7568,-32.15369,0 days 00:01:04.404264264,0 days 00:01:04.429275602
0 days 00:00:00.150000,0 days 00:00:00.175011338,answer6,0.6991811,-21.862587,29.5739,0.016715301,-0.034308307,0.19769634,27.352064,21.334139,17.112196,-12.472404,31.337769,0.008104312,0.6596805,7.0888824,10.155314,26.020111,881.15356,1297.4664,-23.08204,2193.3792,721.334,-30.608198,3378.0566,1680.4904,-34.151905,0 days 00:01:04.414264264,0 days 00:01:04.439275602
0 days 00:00:00.160000,0 days 00:00:00.185011338,answer6,0.6763734,-21.79447,29.875288,0.0171888,-0.029865349,0.19757353,26.551992,21.433931,19.072556,-8.952123,30.99025,0.009892652,0.6529189,6.7783065,12.703064,24.568884,871.2002,1266.4031,-23.657675,2153.0051,702.75616,-30.311127,3257.6677,1889.4149,-33.24454,0 days 00:01:04.424264264,0 days 00:01:04.449275602
0 days 00:00:00.170000,0 days 00:00:00.195011338,answer6,0.68285275,-21.69465,29.734407,0.023815572,-0.03111863,0.17957334,25.605352,22.131454,16.980337,-10.509841,30.729439,0.009900586,0.77762455,6.600022,13.306965,24.98996,849.5848,1208.6276,-22.24755,2154.3308,670.4385,-29.536253,3450.5012,1642.9916,-33.266895,0 days 00:01:04.434264264,0 days 00:01:04.459275602
0 days 00:00:00.180000,0 days 00:00:00.205011338,answer6,0.68589115,-20.7231,29.072266,0.024645783,-0.03242138,0.17881297,25.791845,19.833372,14.9677515,-11.635418,30.612274,0.009728915,0.8390906,6.3450723,13.267417,24.333939,812.4414,1248.0138,-16.883635,2084.53,711.91473,-29.087242,3346.8096,1415.4688,-31.464806,0 days 00:01:04.444264264,0 days 00:01:04.469275602
0 days 00:00:00.190000,0 days 00:00:00.215011338,answer6,0.6776008,-19.676262,27.843164,0.03564866,-0.030593058,0.1720804,25.40716,16.97029,16.906143,-10.82422,30.642473,0.010632206,1.4111196,6.2199597,14.525116,22.07287,794.09344,1273.0391,-13.478299,2028.6539,857.30475,-29.138277,3060.7205,1258.14,-28.57608,0 days 00:01:04.454264264,0 days 00:01:04.479275602
0 days 00:00:00.200000,0 days 00:00:00.225011338,answer6,0.64933354,-18.087517,25.882416,0.025781507,-0.024539718,0.15657987,25.05056,13.612034,19.310873,-8.901881,30.746943,0.011937301,1.5331906,6.11233,14.866493,21.724943,852.4834,1320.9438,-14.167465,2031.3278,852.1179,-28.176582,3236.9883,1052.5132,-29.241348,0 days 00:01:04.464264264,0 days 00:01:04.489275602
0 days 00:00:00.210000,0 days 00:00:00.235011338,answer6,0.60724187,-16.844538,24.783226,0.02314505,-0.016751299,0.15328224,23.754288,11.232463,20.541048,-5.484019,30.819166,0.010334716,1.5812216,5.8800063,14.69117,19.331703,923.32513,1283.289,-20.204016,2102.8127,893.6094,-27.55078,3217.8796,1436.1981,-29.497162,0 days 00:01:04.474264264,0 days 00:01:04.499275602
0 days 00:00:00.220000,0 days 00:00:00.245011338,answer6,0.57718676,-15.919754,25.401703,0.011351392,-0.009580184,0.15020238,23.138098,8.276571,19.61424,1.5622735,30.838388,0.010387615,1.1462367,5.8188934,13.150795,20.567844,1026.977,1179.5035,-83.48672,2179.0872,928.55566,-84.49728,3298.1633,1754.6808,-88.439964,0 days 00:01:04.484264264,0 days 00:01:04.509275602
0 days 00:00:00.230000,0 days 00:00:00.255011337,answer6,0.54624516,-15.490136,26.56637,0.011641417,-0.0025953057,0.1454793,22.295847,7.3594117,18.887428,6.1669846,0.0,0.0,0.0,0.0,0.0,0.0,1051.3687,1089.5297,-143.08852,2203.3347,1013.53076,-142.55885,2850.1572,2182.177,-144.07736,0 days 00:01:04.494264264,0 days 00:01:04.519275601
0 days 00:00:00.240000,0 days 00:00:00.265011338,answer6,0.51503444,-13.914707,25.279951,0.008533373,-0.0032063492,0.177965,20.550398,6.645595,16.817636,4.809412,0.0,0.0,0.0,0.0,0.0,0.0,1022.38794,1148.2429,-201.0,2145.8691,1036.3785,-201.0,2769.9395,2006.3024,-201.0,0 days 00:01:04.504264264,0 days 00:01:04.529275602
0 days 00:00:00.250000,0 days 00:00:00.275011338,answer6,0.48426095,-12.84029,23.782288,0.013682742,-0.010081172,0.1571824,19.666338,7.7368064,14.372925,-2.774625,0.0,0.0,0.0,0.0,0.0,0.0,958.1429,1202.3912,-201.0,2020.9694,999.42267,-201.0,2728.007,1553.3754,-201.0,0 days 00:01:04.514264264,0 days 00:01:04.539275602
0 days 00:00:00.260000,0 days 00:00:00.285011338,answer6,0.46783498,-10.470073,20.83107,0.017220335,-0.012629899,0.14517294,17.777313,6.5489287,13.110076,-6.741716,0.0,0.0,0.0,0.0,0.0,0.0,732.0716,1395.5292,-201.0,1682.4135,1136.6414,-201.0,2554.2422,1110.8047,-201.0,0 days 00:01:04.524264264,0 days 00:01:04.549275602
0 days 00:00:00.270000,0 days 00:00:00.295011338,answer6,0.48823568,-8.371074,17.277586,0.02290987,-0.009279359,0.09181396,16.3617,4.0737367,12.746952,-8.892116,0.0,0.0,0.0,0.0,0.0,0.0,710.98,1314.7117,-201.0,1630.9567,1077.5851,-201.0,2516.714,863.7942,-201.0,0 days 00:01:04.534264264,0 days 00:01:04.559275602
0 days 00:00:00.280000,0 days 00:00:00.305011338,answer6,0.5002543,-5.983752,13.851082,0.024848333,-0.0056250095,0.090433605,13.653302,1.3134457,11.884216,-8.803777,0.0,0.0,0.0,0.0,0.0,0.0,712.4506,1407.4574,-201.0,1572.9551,1080.7924,-201.0,2502.0671,857.9009,-201.0,0 days 00:01:04.544264264,0 days 00:01:04.569275602
0 days 00:00:00.290000,0 days 00:00:00.315011338,answer6,0.50785244,-4.485341,10.507055,0.024378806,-0.0076212264,0.09925755,12.043115,-0.24558859,12.279278,-10.74577,0.0,0.0,0.0,0.0,0.0,0.0,773.22363,1408.6183,-201.0,1689.6315,957.70215,-201.0,2649.0007,728.9226,-201.0,0 days 00:01:04.554264264,0 days 00:01:04.579275602
0 days 00:00:00.300000,0 days 00:00:00.325011338,answer6,0.49728838,-4.517646,9.592587,0.017409634,-0.007676737,0.08988792,11.287951,1.4831476,12.688146,-11.360747,0.0,0.0,0.0,0.0,0.0,0.0,776.6443,1445.5055,-201.0,1680.002,1030.4347,-201.0,2631.5989,706.59,-201.0,0 days 00:01:04.564264264,0 days 00:01:04.589275602
0 days 00:00:00.310000,0 days 00:00:00.335011338,answer6,0.48204985,-4.9581065,9.901879,0.015318766,-0.0066677923,0.08434895,11.596588,3.3509147,13.055314,-10.786766,0.0,0.0,0.0,0.0,0.0,0.0,765.70636,1295.2275,-201.0,1738.2545,966.239,-201.0,2649.2734,669.98553,-201.0,0 days 00:01:04.574264264,0 days 00:01:04.599275602
0 days 00:00:00.320000,0 days 00:00:00.345011338,answer6,0.46988067,-4.487639,9.834086,0.011948087,-0.007346665,0.07395813,11.515775,2.6249099,12.410634,-9.902974,0.0,0.0,0.0,0.0,0.0,0.0,839.99384,1158.4596,-201.0,1769.6698,907.8422,-201.0,2668.9426,618.32697,-201.0,0 days 00:01:04.584264264,0 days 00:01:04.609275602
0 days 00:00:00.330000,0 days 00:00:00.355011338,answer6,0.44215432,-4.4304714,9.74245,0.00998651,-0.00815962,0.06658799,11.276565,1.9661185,12.46185,-6.5656266,0.0,0.0,0.0,0.0,0.0,0.0,843.3936,1102.3182,-201.0,1778.8815,828.27704,-201.0,2685.9963,604.09247,-201.0,0 days 00:01:04.594264264,0 days 00:01:04.619275602
0 days 00:00:00.340000,0 days 00:00:00.365011338,answer6,0.41544747,-4.699801,9.403246,0.0060659964,-0.013624375,0.069730334,11.315933,2.3077507,12.244344,-3.8081071,0.0,0.0,0.0,0.0,0.0,0.0,721.1404,1190.4681,-201.0,1700.2716,877.0203,-201.0,2645.9182,893.9975,-201.0,0 days 00:01:04.604264264,0 days 00:01:04.629275602
0 days 00:00:00.350000,0 days 00:00:00.375011338,answer6,0.40598133,-7.658303,13.342206,0.012628533,-0.013566352,0.07971056,12.640114,6.933937,9.569173,-4.63913,0.0,0.0,0.0,0.0,0.0,0.0,733.11835,1202.9188,-201.0,1737.1656,931.9187,-201.0,2658.3108,942.3465,-201.0,0 days 00:01:04.614264264,0 days 00:01:04.639275602
0 days 00:00:00.360000,0 days 00:00:00.385011338,answer6,0.4730518,-12.276853,18.89359,0.023413027,-0.023516035,0.19536722,16.011475,12.104477,11.011823,-9.501091,0.0,0.0,0.0,0.0,0.0,0.0,713.76636,1368.0511,-201.0,1724.1166,1067.3959,-201.0,2657.0696,931.9432,-201.0,0 days 00:01:04.624264264,0 days 00:01:04.649275602
0 days 00:00:00.370000,0 days 00:00:00.395011338,answer6,0.5706791,-15.814868,23.508133,0.028315907,-0.029181564,0.2660894,19.48858,15.705726,12.619336,-16.346634,0.0,0.0,0.0,0.0,0.0,0.0,786.4881,1414.3956,-201.0,1868.9838,1105.091,-201.0,2652.4543,892.06934,-201.0,0 days 00:01:04.634264264,0 days 00:01:04.659275602
0 days 00:00:00.380000,0 days 00:00:00.405011338,answer6,0.6044993,-18.186434,25.315924,0.029307947,-0.033704594,0.31571007,22.902304,17.77396,17.5587,-15.01702,0.0,0.0,0.0,0.0,0.0,0.0,649.7679,1465.1738,-201.0,1709.3252,1241.9799,-201.0,2542.7854,867.34717,-201.0,0 days 00:01:04.644264264,0 days 00:01:04.669275602
0 days 00:00:00.390000,0 days 00:00:00.415011338,answer6,0.5503673,-18.664003,27.328873,0.017140178,-0.030050317,0.25267434,25.001577,17.117567,16.236547,-10.0057,0.0,0.0,0.0,0.0,0.0,0.0,809.31976,1549.5498,-201.0,1889.0455,1291.6431,-201.0,2890.638,1097.2758,-201.0,0 days 00:01:04.654264264,0 days 00:01:04.679275602
0 days 00:00:00.400000,0 days 00:00:00.425011338,answer6,0.45272252,-18.2998,29.244242,0.011125515,-0.022120379,0.22088604,26.373583,14.553573,12.5249815,-1.1627113,0.0,0.0,0.0,0.0,0.0,0.0,697.7044,1627.7789,-201.0,1674.149,1347.0369,-201.0,2831.3162,919.6241,-201.0,0 days 00:01:04.664264264,0 days 00:01:04.689275602
0 days 00:00:00.410000,0 days 00:00:00.435011338,answer6,0.39808795,-15.854907,28.984343,0.004812705,-0.016055776,0.18262891,26.664347,10.175733,6.5272365,0.8491678,0.0,0.0,0.0,0.0,0.0,0.0,702.15845,1714.9619,-201.0,1677.3712,1411.9922,-201.0,2739.2605,1220.5299,-201.0,0 days 00:01:04.674264264,0 days 00:01:04.699275602
0 days 00:00:00.420000,0 days 00:00:00.445011338,answer6,0.3512499,-13.4975815,25.991049,-0.007387938,-0.013557923,0.1391897,25.70369,6.8909984,3.1480217,1.5783864,0.0,0.0,0.0,0.0,0.0,0.0,422.62985,1583.485,-201.0,1376.5228,1372.8368,-201.0,2320.263,1120.8153,-201.0,0 days 00:01:04.684264264,0 days 00:01:04.709275602
0 days 00:00:00.430000,0 days 00:00:00.455011338,answer6,0.31561068,-11.31229,20.84702,-0.008474318,-0.011539072,0.10579605,23.695936,5.3094783,-1.597022,-0.015988743,0.0,0.0,0.0,0.0,0.0,0.0,576.2463,1448.6337,-201.0,1515.8485,1297.8489,-201.0,2450.821,1151.1731,-201.0,0 days 00:01:04.694264264,0 days 00:01:04.719275602
0 days 00:00:00.440000,0 days 00:00:00.465011338,answer6,0.2932908,-10.847089,18.783308,-0.0058580576,-0.013605066,0.074027486,21.2493,6.2343965,-4.8353105,-0.89201975,0.0,0.0,0.0,0.0,0.0,0.0,717.8081,1386.2616,-201.0,1666.4507,1124.7734,-201.0,2699.7715,811.6912,-201.0,0 days 00:01:04.704264264,0 days 00:01:04.729275602
0 days 00:00:00.450000,0 days 00:00:00.475011338,answer6,0.28758052,-9.313151,17.938179,0.0052414644,-0.010705722,0.06341078,18.420721,7.830189,-8.984117,0.014570236,0.0,0.0,0.0,0.0,0.0,0.0,658.3874,1688.3756,-201.0,1634.9307,1241.9855,-201.0,2662.219,1023.5589,-201.0,0 days 00:01:04.714264264,0 days 00:01:04.739275602
0 days 00:00:00.460000,0 days 00:00:00.485011338,answer6,0.3072141,-9.097537,17.294188,0.008515816,-0.010402142,0.04969268,14.876573,11.548148,-10.45282,-0.34814736,0.0,0.0,0.0,0.0,0.0,0.0,478.4869,1849.8878,-201.0,1425.6644,1311.733,-201.0,2540.691,946.5495,-201.0,0 days 00:01:04.724264264,0 days 00:01:04.749275602
0 days 00:00:00.470000,0 days 00:00:00.495011338,answer6,0.35376525,-7.1881504,13.310867,0.0021489533,-0.009425842,0.051889148,10.548591,11.388569,-8.600373,-2.0582898,0.0,0.0,0.0,0.0,0.0,0.0,467.55478,1876.8545,-201.0,1438.5441,1301.0425,-201.0,2551.9277,985.81903,-201.0,0 days 00:01:04.734264264,0 days 00:01:04.759275602
0 days 00:00:00.480000,0 days 00:00:00.505011338,answer6,0.4096004,-5.508829,8.270697,0.008062351,-0.011833962,0.056694854,6.7563825,11.72467,-3.6601613,-7.878996,0.0,0.0,0.0,0.0,0.0,0.0,674.9693,1584.9083,-201.0,1603.347,1237.2448,-201.0,2626.508,702.73566,-201.0,0 days 00:01:04.744264264,0 days 00:01:04.769275602
0 days 00:00:00.490000,0 days 00:00:00.515011338,answer6,0.44772378,-3.9946709,7.2069473,0.0067118523,-0.014541682,0.059348404,5.41789,9.232639,2.6852386,-12.227978,0.0,0.0,0.0,0.0,0.0,0.0,723.65405,1450.789,-201.0,1696.3109,1208.7733,-201.0,2639.6414,704.5932,-201.0,0 days 00:01:04.754264264,0 days 00:01:04.779275602
0 days 00:00:00.500000,0 days 00:00:00.525011338,answer6,0.45766792,-5.9308715,11.027408,0.019465474,-0.014506931,0.08170998,8.493779,10.299085,6.3818,-14.375438,0.0,0.0,0.0,0.0,0.0,0.0,587.6616,1425.4537,-134.85841,1542.4196,1327.839,-144.59528,2442.318,1053.3682,-146.82878,0 days 00:01:04.764264264,0 days 00:01:04.789275602
0 days 00:00:00.510000,0 days 00:00:00.535011338,answer6,0.5230534,-12.258872,19.118744,0.03455459,-0.017824525,0.2873738,15.462848,13.642379,12.58685,-15.391057,34.754528,0.0,0.0,3.917945,21.22328,29.686096,649.0759,1566.6588,-79.372025,1570.765,1629.98,-90.52709,2491.0137,1506.5543,-87.98559,0 days 00:01:04.774264264,0 days 00:01:04.799275602
0 days 00:00:00.520000,0 days 00:00:00.545011338,answer6,0.65087223,-16.32628,22.98545,0.052057903,-0.019290837,0.38566747,19.489029,17.412508,21.902315,-17.58996,34.426453,0.0,3.476881,4.232706,18.319963,24.08316,668.87006,1638.4932,-16.7815,1660.8641,1708.6318,-34.951252,2529.0413,1675.5446,-25.516375,0 days 00:01:04.784264264,0 days 00:01:04.809275602
0 days 00:00:00.530000,0 days 00:00:00.555011338,answer6,0.8063738,-15.480254,19.988474,0.0606184,-0.01873787,0.48934326,19.06084,16.841404,31.33613,-21.968187,33.90552,0.06503175,3.007363,4.623883,13.9148445,15.216344,658.11664,1562.0919,-15.256405,1670.044,1627.5034,-32.802914,2547.7053,1386.6381,-15.124467,0 days 00:01:04.794264264,0 days 00:01:04.819275602
0 days 00:00:00.540000,0 days 00:00:00.565011338,answer6,0.8908503,-10.086692,13.238246,0.06508043,-0.017334733,0.34765303,14.515083,12.565717,34.090157,-26.85852,33.555267,0.053131197,3.0759277,4.949938,11.389595,10.879825,424.03323,1392.4683,-2.3607814,1477.5924,1252.2338,-28.518898,2378.3665,951.21014,-9.069495,0 days 00:01:04.804264264,0 days 00:01:04.829275602
0 days 00:00:00.550000,0 days 00:00:00.575011338,answer6,0.89050037,-7.105349,9.797276,0.07090516,-0.017018674,0.2826212,11.859292,10.194683,34.007812,-27.426031,33.385464,0.035980873,1.5878681,5.2294326,11.589351,14.897538,367.13785,1349.3411,3.7558117,1375.4125,1257.6539,-25.088797,2224.6123,853.4431,-11.1417265,0 days 00:01:04.814264264,0 days 00:01:04.839275602
0 days 00:00:00.560000,0 days 00:00:00.585011338,answer6,0.83433264,-7.8643875,12.016942,0.07128917,-0.021058388,0.19779015,11.8529005,10.366012,31.27973,-27.260733,33.3105,0.037422348,1.002772,5.6647263,13.137364,17.653929,357.4172,1364.0645,4.9306455,1406.3575,1228.111,-25.667246,2264.056,833.2635,-12.723282,0 days 00:01:04.824264264,0 days 00:01:04.849275602
0 days 00:00:00.570000,0 days 00:00:00.595011338,answer6,0.76909775,-9.176505,14.283671,0.059059273,-0.02212322,0.15587056,13.245252,12.3929825,30.3659,-24.974,33.267048,0.029144863,0.3644829,5.62338,14.828435,19.02748,541.2342,1356.3599,-1.5886685,1685.1725,992.68634,-23.380922,2452.4197,1073.4105,-13.404822,0 days 00:01:04.834264264,0 days 00:01:04.859275602
0 days 00:00:00.580000,0 days 00:00:00.605011338,answer6,0.7147698,-9.381618,14.827038,0.045602243,-0.02759101,0.14162399,14.758812,12.057971,29.435333,-24.758675,33.19118,0.017727084,0.674383,5.606519,17.112139,15.233911,669.4078,1322.6305,-7.9036927,1857.0922,629.555,-23.958033,2673.7168,1027.8907,-9.271709,0 days 00:01:04.844264264,0 days 00:01:04.869275602
0 days 00:00:00.590000,0 days 00:00:00.615011338,answer6,0.6607557,-9.008846,13.346757,0.036905788,-0.023295164,0.12976258,15.362674,11.786889,28.938906,-20.382296,33.09967,0.01019217,0.9350702,5.641508,19.077776,14.023341,884.3384,1274.3262,-16.446909,2031.4901,282.85147,-25.620073,2912.1582,1116.1678,-9.6548,0 days 00:01:04.854264264,0 days 00:01:04.879275602
0 days 00:00:00.600000,0 days 00:00:00.625011338,answer6,0.59941405,-10.604729,13.744468,0.032682482,-0.023763323,0.15708308,16.93207,12.341405,28.713099,-15.935809,32.92452,0.011468294,1.128927,5.6231866,17.544874,14.843829,876.513,1352.884,-19.019724,2059.1475,399.1404,-26.984848,2832.489,1203.2885,-14.597679,0 days 00:01:04.864264264,0 days 00:01:04.889275602
0 days 00:00:00.610000,0 days 00:00:00.635011338,answer6,0.5460083,-13.899887,17.343452,0.033975806,-0.020952791,0.18085916,19.09867,14.802628,26.569605,-11.173564,32.82551,0.011638557,1.2035489,5.5027466,13.034252,16.53552,1018.39844,1388.8275,-26.419113,2107.018,1675.3135,-28.379066,2700.0515,1177.0677,-22.093155,0 days 00:01:04.874264264,0 days 00:01:04.899275602
0 days 00:00:00.620000,0 days 00:00:00.645011338,answer6,0.5161054,-15.937596,20.315104,0.030438088,-0.02548454,0.18693809,20.580994,16.670126,25.896997,-10.082776,32.55837,0.007391861,1.1134952,5.0558543,9.545793,14.89977,972.99835,1321.8059,-26.659277,2118.6067,1853.354,-24.102804,2594.4539,1072.7019,-24.102804,0 days 00:01:04.884264264,0 days 00:01:04.909275602
0 days 00:00:00.630000,0 days 00:00:00.655011338,answer6,0.5092582,-15.331577,20.443727,0.03170682,-0.022656865,0.15667006,20.709528,14.616975,23.283468,-8.157107,32.71536,0.01875137,1.1950595,4.480518,10.354686,16.478426,982.5024,1186.0536,-28.23468,2102.43,1736.2604,-22.961523,2956.9111,1057.442,-26.89946,0 days 00:01:04.894264264,0 days 00:01:04.919275602
0 days 00:00:00.640000,0 days 00:00:00.665011338,answer6,0.48048267,-13.668223,19.71676,0.028714249,-0.01582951,0.14230348,19.370438,11.687642,23.995325,-6.351782,33.30656,0.02198101,1.3018275,3.8291016,11.16916,15.66612,911.6992,1235.1217,-24.392357,2024.7281,637.2305,-23.079315,3039.5403,1168.93,-24.680689,0 days 00:01:04.904264264,0 days 00:01:04.929275602
0 days 00:00:00.650000,0 days 00:00:00.675011338,answer6,0.4701283,-13.930717,20.41376,0.03862984,-0.016609916,0.14227639,20.061357,10.785937,19.628107,-6.448826,34.221165,0.047434483,1.3593535,3.5073097,9.077352,21.17706,960.9441,1349.5497,-26.783785,2052.3757,753.8526,-26.88111,3076.9973,1138.4421,-29.346548,0 days 00:01:04.914264264,0 days 00:01:04.939275602
0 days 00:00:00.660000,0 days 00:00:00.685011338,answer6,0.48102394,-16.364258,25.175537,0.04424839,-0.024984524,0.18360929,22.040518,12.721158,14.154834,-6.6543865,34.498516,0.052454103,1.5264782,3.8722916,3.7951927,22.525454,915.0767,1381.525,-20.75136,1985.556,850.36035,-27.955927,2835.532,962.13446,-29.747992,0 days 00:01:04.924264264,0 days 00:01:04.949275602
0 days 00:00:00.670000,0 days 00:00:00.695011338,answer6,0.5514898,-17.896074,27.629786,0.05145863,-0.034945507,0.2189762,24.749725,14.119544,5.0237923,-9.092492,34.283253,0.069662444,1.0109944,4.8527503,-1.8599199,25.369047,883.68945,1318.391,-13.700108,2041.3375,918.3995,-24.46463,3004.1428,1085.8256,-33.373573,0 days 00:01:04.934264264,0 days 00:01:04.959275602
0 days 00:00:00.680000,0 days 00:00:00.705011338,answer6,0.62985307,-18.14717,27.752054,0.046521276,-0.04174706,0.24163954,25.808935,13.25874,-0.8081865,-9.229808,33.86515,0.045705166,0.68732744,5.6242948,-6.881616,21.8301,776.946,1364.8138,-3.509367,1951.9293,934.90674,-19.221891,2936.8186,1461.3442,-30.203241,0 days 00:01:04.944264264,0 days 00:01:04.969275602
0 days 00:00:00.690000,0 days 00:00:00.715011338,answer6,0.7049775,-16.319445,26.069468,0.043744534,-0.042057317,0.22918372,24.887533,10.000542,-5.421683,-12.2632,33.60366,0.029729469,0.32187358,5.656481,-9.231906,19.775497,663.4261,1343.3895,-1.6296293,1827.9092,1036.1129,-16.155306,2942.7852,1453.692,-27.202576,0 days 00:01:04.954264264,0 days 00:01:04.979275602
0 days 00:00:00.700000,0 days 00:00:00.725011338,answer6,0.71978384,-15.745892,25.316147,0.03204175,-0.04411425,0.21964507,23.577652,8.110251,-9.4781,-15.123382,33.307194,0.008911587,0.40823194,5.271444,-7.5421185,18.695635,546.8051,1378.5308,-0.70054483,1731.9707,1084.8784,-17.123129,2795.5098,1523.8231,-24.181608,0 days 00:01:04.964264264,0 days 00:01:04.989275602
0 days 00:00:00.710000,0 days 00:00:00.735011338,answer6,0.70999384,-15.627468,24.393835,0.023110481,-0.039626796,0.21949582,22.823822,8.740303,-8.935191,-18.2637,33.048965,0.010107398,1.0183302,4.9647737,-4.6341434,20.562365,568.70953,1322.2338,-1.1442794,1706.4673,1152.4271,-20.968895,2745.169,1196.8276,-23.972406,0 days 00:01:04.974264264,0 days 00:01:04.999275602
0 days 00:00:00.720000,0 days 00:00:00.745011338,answer6,0.6830247,-16.597273,22.55307,0.020884173,-0.039458144,0.19930206,22.865356,10.933804,-6.59762,-22.718407,32.79283,0.01123217,1.0480623,4.322954,-3.8695872,22.598455,709.88696,1349.9661,-0.6403832,1923.21,1049.8967,-24.674036,3011.0857,1256.0155,-26.300089,0 days 00:01:04.984264264,0 days 00:01:05.009275602
0 days 00:00:00.730000,0 days 00:00:00.755011338,answer6,0.68038553,-17.398918,21.795113,0.03181501,-0.037141297,0.20030403,23.878502,14.07269,-1.3479528,-24.200632,32.492046,0.012656205,1.1828274,3.8982418,-5.64818,23.041666,798.1624,1269.3705,-4.1899595,2037.5258,922.12286,-27.095398,3135.39,1162.3131,-28.908667,0 days 00:01:04.994264264,0 days 00:01:05.019275602
0 days 00:00:00.740000,0 days 00:00:00.765011338,answer6,0.6393675,-17.78657,23.769506,0.03222025,-0.03490086,0.19570667,24.8272,15.378501,2.834958,-20.64588,32.154705,0.012502012,0.98291606,3.9217036,-6.7005806,22.215881,701.5915,1317.2291,-6.9375615,1954.6709,1366.7614,-26.96752,2972.4417,1241.536,-31.494574,0 days 00:01:05.004264264,0 days 00:01:05.029275602
0 days 00:00:00.750000,0 days 00:00:00.775011338,answer6,0.5568239,-17.217047,27.080679,0.026269376,-0.027581923,0.2123463,25.511957,15.396426,4.6689286,-11.03143,32.03156,0.014025878,1.1812577,4.4201093,-4.684338,20.451681,683.83325,1400.1556,-11.397625,1883.209,1411.5695,-29.504076,2794.1887,1313.6605,-32.250195,0 days 00:01:05.014264264,0 days 00:01:05.039275602
0 days 00:00:00.760000,0 days 00:00:00.785011338,answer6,0.4772955,-16.515245,29.819868,0.010913644,-0.022603855,0.17220385,26.292253,13.310494,2.854973,-2.8294866,32.011173,0.0146596525,1.323145,4.7068195,-2.8482642,19.273165,702.3658,1433.4435,-74.663414,1735.1168,1524.0713,-86.52301,2651.6858,1079.3091,-88.2904,0 days 00:01:05.024264264,0 days 00:01:05.049275602
0 days 00:00:00.770000,0 days 00:00:00.795011338,answer6,0.43377784,-14.727336,29.600393,0.0029695407,-0.016192835,0.14040777,26.334864,10.574706,-1.6498829,3.029865,0.0,0.0,0.0,0.0,0.0,0.0,837.7495,1331.6583,-139.32953,1816.4886,1012.64307,-144.83488,2865.722,920.74316,-145.00697,0 days 00:01:05.034264264,0 days 00:01:05.059275602
0 days 00:00:00.780000,0 days 00:00:00.805011338,answer6,0.42619428,-12.258761,24.337585,0.008323021,-0.011761705,0.1308801,24.98366,7.265512,-5.305057,3.9504778,0.0,0.0,0.0,0.0,0.0,0.0,976.95624,1264.6844,-201.0,1937.4883,1053.6368,-201.0,3114.4568,1139.5934,-201.0,0 days 00:01:05.044264264,0 days 00:01:05.069275602
0 days 00:00:00.790000,0 days 00:00:00.815011338,answer6,0.40995684,-10.975235,20.265474,0.017299868,-0.010214386,0.12807618,22.765028,6.206726,-5.7834783,2.3188198,0.0,0.0,0.0,0.0,0.0,0.0,993.41034,1303.9618,-201.0,1987.2406,1070.8263,-201.0,3118.1575,1205.1401,-201.0,0 days 00:01:05.054264264,0 days 00:01:05.079275602
0 days 00:00:00.800000,0 days 00:00:00.825011338,answer6,0.41868952,-10.814842,18.467422,0.025096595,-0.012623314,0.12108865,21.032267,6.232223,-5.057632,-0.84193546,0.0,0.0,0.0,0.0,0.0,0.0,786.9075,1578.8291,-201.0,1839.2184,1229.627,-201.0,3032.3494,1336.0958,-201.0,0 days 00:01:05.064264264,0 days 00:01:05.089275602
0 days 00:00:00.810000,0 days 00:00:00.835011338,answer6,0.41583788,-10.726413,19.057842,0.02613878,-0.012669441,0.104163356,19.31494,6.3906198,-3.7391331,-3.4709718,0.0,0.0,0.0,0.0,0.0,0.0,483.19632,1673.3021,-201.0,1441.1422,1302.7567,-201.0,2431.0774,926.43726,-201.0,0 days 00:01:05.074264264,0 days 00:01:05.099275602
0 days 00:00:00.820000,0 days 00:00:00.845011338,answer6,0.4160935,-9.447743,16.37205,0.028247064,-0.009956006,0.104504846,18.19206,5.1448283,-3.5007105,-4.000587,0.0,0.0,0.0,0.0,0.0,0.0,322.40762,1709.2609,-201.0,1265.6304,1340.8704,-201.0,2289.265,1001.94086,-201.0,0 days 00:01:05.084264264,0 days 00:01:05.109275602
0 days 00:00:00.830000,0 days 00:00:00.855011338,answer6,0.4035193,-7.4521766,12.855884,0.034065787,-0.005644715,0.0945172,16.491522,4.110413,-4.0837994,-2.586274,0.0,0.0,0.0,0.0,0.0,0.0,557.52246,1460.118,-201.0,1525.8971,1388.097,-201.0,2332.3984,1060.44,-201.0,0 days 00:01:05.094264264,0 days 00:01:05.119275602
0 days 00:00:00.840000,0 days 00:00:00.865011338,answer6,0.4038805,-7.098412,11.842941,0.032349724,-0.0034868522,0.07559288,15.011828,5.148663,-2.0913503,-1.0059618,0.0,0.0,0.0,0.0,0.0,0.0,769.32684,1293.6895,-201.0,1755.5557,1313.21,-201.0,2525.0183,991.3105,-201.0,0 days 00:01:05.104264264,0 days 00:01:05.129275602
0 days 00:00:00.850000,0 days 00:00:00.875011338,answer6,0.40652648,-6.6250157,12.734012,0.030891811,-0.0026998494,0.06305513,13.796674,6.003531,-2.700957,1.6730051,0.0,0.0,0.0,0.0,0.0,0.0,971.50586,1132.5796,-201.0,2026.7013,1203.832,-201.0,2791.1785,1154.9908,-201.0,0 days 00:01:05.114264264,0 days 00:01:05.139275602
0 days 00:00:00.860000,0 days 00:00:00.885011338,answer6,0.4412391,-11.241905,18.061083,0.039469536,-0.009667871,0.15871288,17.020102,10.771889,-0.22416417,1.2485665,0.0,0.0,0.0,0.0,0.0,0.0,746.4849,1366.5918,-201.0,1704.3613,1181.9829,-201.0,2608.1956,1169.7631,-201.0,0 days 00:01:05.124264264,0 days 00:01:05.149275602
0 days 00:00:00.870000,0 days 00:00:00.895011338,answer6,0.5446147,-16.171381,21.749361,0.06019385,-0.018135078,0.3038306,22.128975,14.173957,3.5496252,-0.043821335,0.0,0.0,0.0,0.0,0.0,0.0,659.8901,1498.9556,-139.1255,1732.7716,1124.9572,-141.45183,2773.998,1341.8241,-144.3244,0 days 00:01:05.134264264,0 days 00:01:05.159275602
0 days 00:00:00.880000,0 days 00:00:00.905011338,answer6,0.6353903,-19.702806,23.678785,0.0697545,-0.023762686,0.3962728,26.220589,16.816668,9.910237,-1.0539076,33.90957,0.0,5.2527895,3.1801941,10.197281,25.730234,600.8166,1686.1862,-77.793976,1676.4847,1025.3724,-82.57165,2821.5461,1223.9353,-85.67047,0 days 00:01:05.144264264,0 days 00:01:05.169275602
0 days 00:00:00.890000,0 days 00:00:00.915011338,answer6,0.68097216,-18.435404,22.224417,0.06301978,-0.024034789,0.37219396,25.496172,15.148003,13.363605,-3.9205468,33.676407,0.0,4.51461,3.1796532,8.452287,24.327368,782.7006,1435.403,-14.517913,1910.7484,729.9244,-23.192118,3052.1042,1039.5286,-25.162292,0 days 00:01:05.154264264,0 days 00:01:05.179275602
0 days 00:00:00.900000,0 days 00:00:00.925011338,answer6,0.67514825,-15.771604,20.419565,0.056870554,-0.024114916,0.28272223,23.270266,12.667384,13.589524,-8.874859,33.223083,0.010093094,3.3315687,3.8058937,5.5990157,20.701822,665.33234,1544.1573,-8.003445,1726.0986,916.252,-22.901304,2830.7656,807.45654,-19.56021,0 days 00:01:05.164264264,0 days 00:01:05.189275602
0 days 00:00:00.910000,0 days 00:00:00.935011338,answer6,0.7034444,-14.596282,19.395815,0.05536511,-0.027863503,0.23759012,21.492632,10.927246,13.618205,-16.681133,32.927113,0.03062407,1.89408,4.7303166,5.408238,22.69931,474.25345,1623.5791,-3.5024567,1580.2455,1170.1298,-22.926203,2619.3694,657.35516,-19.30977,0 days 00:01:05.174264264,0 days 00:01:05.199275602
0 days 00:00:00.920000,0 days 00:00:00.945011338,answer6,0.73787403,-14.880595,19.707848,0.0603456,-0.029258989,0.20591371,21.6213,10.192117,13.61248,-19.804457,32.846897,0.0361318,1.0874064,5.7252107,6.7263207,25.206758,475.20084,1795.2789,0.0,1587.1117,1265.0385,-22.173676,2676.4739,834.79266,-21.696838,0 days 00:01:05.184264264,0 days 00:01:05.209275602
0 days 00:00:00.930000,0 days 00:00:00.955011338,answer6,0.7400265,-15.443919,20.451616,0.050485343,-0.027846774,0.18575639,22.547613,10.234028,13.101117,-15.810447,32.874302,0.048477076,0.7792763,6.148163,7.5624895,28.643208,620.14996,1645.6484,-106.8254,1705.5592,1087.518,-82.01266,2738.909,860.174,-83.97452,0 days 00:01:05.194264264,0 days 00:01:05.219275602
0 days 00:00:00.940000,0 days 00:00:00.965011338,answer6,0.71528715,-15.893333,21.741262,0.049147803,-0.020046504,0.20140184,23.152178,10.215325,11.442523,-10.930743,0.0,0.0,0.0,0.0,0.0,0.0,805.7658,1437.1901,-138.21693,1817.7201,858.8719,-140.86794,2822.742,799.1541,-142.87889,0 days 00:01:05.204264264,0 days 00:01:05.229275602
0 days 00:00:00.950000,0 days 00:00:00.975011338,answer6,0.6870486,-15.3368635,19.879366,0.050920222,-0.01930529,0.25175372,22.323082,9.29966,12.351977,-10.079331,0.0,0.0,0.0,0.0,0.0,0.0,796.01953,1275.7244,-201.0,1793.5448,772.3821,-201.0,2786.4922,582.70184,-201.0,0 days 00:01:05.214264264,0 days 00:01:05.239275602
0 days 00:00:00.960000,0 days 00:00:00.985011338,answer6,0.6523833,-16.149857,20.098831,0.053192884,-0.023455413,0.29396957,22.140928,12.145659,15.248038,-11.254781,0.0,0.0,0.0,0.0,0.0,0.0,798.5822,1235.1833,-201.0,1801.276,725.84174,-201.0,2800.4973,535.2577,-201.0,0 days 00:01:05.224264264,0 days 00:01:05.249275602
0 days 00:00:00.970000,0 days 00:00:01.000997732,answer6,0.62700135,-17.075787,20.300123,0.050726037,-0.031478137,0.31106398,22.648903,15.13089,18.957521,-12.112679,0.0,0.0,0.0,0.0,0.0,0.0,839.24316,1127.508,-201.0,1764.3721,734.71857,-201.0,2779.4763,481.24487,-201.0,0 days 00:01:05.234264264,0 days 00:01:05.265261996
0 days 00:00:00,0 days 00:00:00.025011338,answer7,0.58322614,-17.539362,32.3783,0.031778123,-0.01780331,0.15176073,28.411211,8.851395,0.19674242,-6.987335,0.0,0.0,0.0,0.0,0.0,0.0,909.94604,1303.4082,-201.0,2082.6838,1561.5238,-201.0,2640.1226,1030.9104,-201.0,0 days 00:01:19.546212880,0 days 00:01:19.571224218
0 days 00:00:00.010000,0 days 00:00:00.035011338,answer7,0.5538206,-13.642404,28.274628,0.029955903,-0.0127200065,0.20536111,25.49233,7.280399,-1.6127106,-4.487975,0.0,0.0,0.0,0.0,0.0,0.0,659.3538,1468.5358,-201.0,1743.2661,1338.2163,-201.0,2625.9304,887.79865,-201.0,0 days 00:01:19.556212880,0 days 00:01:19.581224218
0 days 00:00:00.020000,0 days 00:00:00.045011338,answer7,0.510444,-10.163441,24.93383,0.028309597,-0.005674573,0.24970824,21.02392,5.965572,-1.7344884,-0.7512226,0.0,0.0,0.0,0.0,0.0,0.0,686.554,1397.5529,-201.0,1625.5518,1123.5597,-201.0,2769.9434,830.123,-201.0,0 days 00:01:19.566212880,0 days 00:01:19.591224218
0 days 00:00:00.030000,0 days 00:00:00.055011338,answer7,0.46986616,-10.005534,24.996468,0.021936089,-0.0079802815,0.119204156,18.461313,7.066296,-0.9769427,-0.03919212,0.0,0.0,0.0,0.0,0.0,0.0,608.4102,1586.5131,-201.0,1579.2557,1110.8462,-201.0,2776.7673,847.55634,-201.0,0 days 00:01:19.576212880,0 days 00:01:19.601224218
0 days 00:00:00.040000,0 days 00:00:00.065011338,answer7,0.4488264,-11.485019,26.863424,0.02050376,-0.010067896,0.109390765,18.85016,7.028071,0.64841694,1.2006798,0.0,0.0,0.0,0.0,0.0,0.0,828.9431,1476.4486,-201.0,1710.3329,1084.0385,-201.0,2822.9512,791.87103,-201.0,0 days 00:01:19.586212880,0 days 00:01:19.611224218
0 days 00:00:00.050000,0 days 00:00:00.075011338,answer7,0.46046093,-11.602428,25.18872,0.01012781,-0.015525608,0.09709353,19.763334,6.107979,2.3499336,4.127646,0.0,0.0,0.0,0.0,0.0,0.0,806.1137,1625.3414,-201.0,1636.8955,1141.5557,-201.0,2701.3728,770.13727,-201.0,0 days 00:01:19.596212880,0 days 00:01:19.621224218
0 days 00:00:00.060000,0 days 00:00:00.085011338,answer7,0.48336732,-9.059707,20.094526,0.0064454935,-0.014498753,0.121620715,18.248743,3.0067365,1.4393473,8.721608,0.0,0.0,0.0,0.0,0.0,0.0,734.5629,1465.105,-201.0,1581.8335,1194.9423,-201.0,2557.6194,940.2466,-201.0,0 days 00:01:19.606212880,0 days 00:01:19.631224218
0 days 00:00:00.070000,0 days 00:00:00.095011338,answer7,0.5303099,-5.1108794,14.103107,0.0042908783,-0.010802805,0.112295985,14.375382,-0.1657815,1.1935792,12.553737,0.0,0.0,0.0,0.0,0.0,0.0,845.12177,1326.9181,-201.0,1769.9974,1224.5231,-201.0,2624.697,1053.5936,-201.0,0 days 00:01:19.616212880,0 days 00:01:19.641224218
0 days 00:00:00.080000,0 days 00:00:00.105011338,answer7,0.55670977,-2.2997692,10.415938,0.016266393,-0.003012194,0.112333804,11.2439375,-2.6162179,-1.6412792,13.211621,0.0,0.0,0.0,0.0,0.0,0.0,690.26685,1232.1903,-201.0,1662.6315,1232.8042,-201.0,2427.1335,1137.1129,-201.0,0 days 00:01:19.626212880,0 days 00:01:19.651224218
0 days 00:00:00.090000,0 days 00:00:00.115011338,answer7,0.57597107,-0.8323086,7.570906,0.015799625,-0.00021157425,0.09845725,9.697024,-4.071322,-0.6172773,12.352178,0.0,0.0,0.0,0.0,0.0,0.0,868.01825,1174.1359,-201.0,1811.778,1222.6552,-201.0,2582.3137,1068.9906,-201.0,0 days 00:01:19.636212880,0 days 00:01:19.661224218
0 days 00:00:00.100000,0 days 00:00:00.125011338,answer7,0.5551763,-0.65078586,7.0216355,0.015351848,0.0017269041,0.09858576,8.895363,-2.8318546,-1.3644323,11.822534,0.0,0.0,0.0,0.0,0.0,0.0,809.9826,1209.5074,-201.0,1721.5332,1331.1959,-201.0,2498.1301,1159.6005,-201.0,0 days 00:01:19.646212880,0 days 00:01:19.671224218
0 days 00:00:00.110000,0 days 00:00:00.135011338,answer7,0.53719705,0.0023190628,7.568788,0.015203625,0.0017239829,0.100189276,8.257596,-2.3280861,-1.5898403,9.239099,0.0,0.0,0.0,0.0,0.0,0.0,995.8149,1146.081,-201.0,1854.3682,1357.359,-201.0,2711.5974,950.5637,-201.0,0 days 00:01:19.656212880,0 days 00:01:19.681224218
0 days 00:00:00.120000,0 days 00:00:00.145011338,answer7,0.5100614,-0.4078244,9.460797,0.020851446,0.0060499045,0.1025452,8.757554,-1.1842967,-1.578159,7.010962,0.0,0.0,0.0,0.0,0.0,0.0,997.17944,1075.9128,-201.0,1816.7797,1330.6334,-201.0,2725.6814,784.2163,-201.0,0 days 00:01:19.666212880,0 days 00:01:19.691224218
0 days 00:00:00.130000,0 days 00:00:00.155011338,answer7,0.48202407,-0.80028373,8.958988,0.030703897,0.0052791187,0.0919418,9.84176,-2.9865963,1.4272331,1.3008533,0.0,0.0,0.0,0.0,0.0,0.0,977.84015,1079.874,-201.0,1736.931,1171.371,-201.0,2748.5723,553.1976,-201.0,0 days 00:01:19.676212880,0 days 00:01:19.701224218
0 days 00:00:00.140000,0 days 00:00:00.165011338,answer7,0.453663,-1.9559216,8.362937,0.03427881,0.0016108762,0.07729613,11.454597,-2.68443,5.1747293,-1.5360821,0.0,0.0,0.0,0.0,0.0,0.0,937.3184,1152.8959,-201.0,1748.9121,1055.2401,-201.0,2746.9724,624.4383,-201.0,0 days 00:01:19.686212880,0 days 00:01:19.711224218
0 days 00:00:00.150000,0 days 00:00:00.175011338,answer7,0.44102812,-3.5608947,9.194392,0.026090147,-0.0064047254,0.06590583,12.482894,-1.2513591,9.31457,-4.3980427,0.0,0.0,0.0,0.0,0.0,0.0,754.03253,1219.228,-201.0,1677.2412,955.4932,-201.0,2693.8398,742.55585,-201.0,0 days 00:01:19.696212880,0 days 00:01:19.721224218
0 days 00:00:00.160000,0 days 00:00:00.185011338,answer7,0.44095686,-3.7689502,10.068124,0.016183406,-0.008114056,0.06562952,12.822888,-1.3669251,10.853268,-5.0535693,0.0,0.0,0.0,0.0,0.0,0.0,702.45184,1391.7933,-201.0,1696.268,1012.9909,-201.0,2711.7224,787.60846,-201.0,0 days 00:01:19.706212880,0 days 00:01:19.731224218
0 days 00:00:00.170000,0 days 00:00:00.195011338,answer7,0.44487002,-4.2125473,10.533065,0.004456707,-0.009127431,0.06907917,12.7070875,-1.7443458,11.249271,-6.95447,0.0,0.0,0.0,0.0,0.0,0.0,719.9089,1542.8927,-201.0,1677.5455,1175.6285,-201.0,2691.8782,834.9235,-201.0,0 days 00:01:19.716212880,0 days 00:01:19.741224218
0 days 00:00:00.180000,0 days 00:00:00.205011338,answer7,0.444345,-4.5280004,11.870683,0.0067102886,-0.011171989,0.07223392,13.440533,-2.051389,10.032826,-7.6226096,0.0,0.0,0.0,0.0,0.0,0.0,819.1958,1562.9955,-201.0,1728.129,1149.8094,-201.0,2743.539,715.532,-201.0,0 days 00:01:19.726212880,0 days 00:01:19.751224218
0 days 00:00:00.190000,0 days 00:00:00.215011338,answer7,0.4210054,-4.044883,11.096402,0.013844061,-0.012358491,0.07939888,12.317891,-2.5236819,5.735571,-5.765883,0.0,0.0,0.0,0.0,0.0,0.0,709.6281,1407.3639,-201.0,1639.9369,1110.5708,-201.0,2712.7473,1168.8862,-201.0,0 days 00:01:19.736212880,0 days 00:01:19.761224218
0 days 00:00:00.200000,0 days 00:00:00.225011338,answer7,0.46778324,-1.812552,14.815167,0.021043578,-0.0074882,0.12606862,14.48105,-5.318619,-3.5283546,-4.946772,0.0,0.0,0.0,0.0,0.0,0.0,538.6508,1372.0376,-201.0,1542.1188,1047.9819,-201.0,2643.1895,1269.9702,-201.0,0 days 00:01:19.746212880,0 days 00:01:19.771224218
0 days 00:00:00.210000,0 days 00:00:00.235011338,answer7,0.5716986,2.0408943,17.830782,0.035283837,0.0030177932,0.18260749,17.047087,-9.399594,-13.996259,-4.9130874,0.0,0.0,0.0,0.0,0.0,0.0,571.1155,1500.2291,-201.0,1492.0659,1272.7762,-201.0,2643.3916,1340.5648,-201.0,0 days 00:01:19.756212880,0 days 00:01:19.781224218
0 days 00:00:00.220000,0 days 00:00:00.245011338,answer7,0.67428464,0.13504188,24.263231,0.046055835,0.0008432322,0.28266695,23.63373,-5.5803514,-18.93514,-9.087794,0.0,0.0,0.0,0.0,0.0,0.0,719.68066,1444.6744,-201.0,1569.2119,1280.6688,-201.0,2644.4207,845.63226,-201.0,0 days 00:01:19.766212880,0 days 00:01:19.791224218
0 days 00:00:00.230000,0 days 00:00:00.255011337,answer7,0.86122274,-3.796367,27.293955,0.06362268,-0.010553951,0.5179508,29.837898,-2.333564,-18.442123,-15.938751,0.0,0.0,0.0,0.0,0.0,0.0,942.2905,1321.165,-127.56491,1941.5748,1130.6088,-134.86891,3083.1309,794.5192,-136.50996,0 days 00:01:19.776212880,0 days 00:01:19.801224217
0 days 00:00:00.240000,0 days 00:00:00.265011338,answer7,1.1276103,-8.843036,28.67703,0.069675826,-0.023816576,0.73048276,34.782665,-2.7131875,-14.608167,-20.912691,24.765232,0.0,0.0,1.3046675,9.3511915,35.025604,800.1662,1337.2782,-54.596363,1860.4635,1095.488,-63.617767,3044.8425,870.3435,-71.4618,0 days 00:01:19.786212880,0 days 00:01:19.811224218
0 days 00:00:00.250000,0 days 00:00:00.275011338,answer7,1.4400784,-10.162837,28.931984,0.066537835,-0.026680393,0.8260804,37.603745,-8.50928,-8.89734,-21.535744,24.775812,0.0,1.5248016,0.8795077,9.372341,33.488857,810.50616,1559.2518,17.041637,1848.1464,1306.421,5.286928,3042.7969,1068.7098,-6.0836015,0 days 00:01:19.796212880,0 days 00:01:19.821224218
0 days 00:00:00.260000,0 days 00:00:00.285011338,answer7,1.5520667,-9.622768,27.946096,0.057363525,-0.023275502,0.7266497,37.715008,-12.974917,-3.0647614,-17.234846,28.330704,0.010417626,1.0711643,0.64103603,-0.49335542,22.353607,739.4931,1465.652,7.9509254,1604.9639,1305.2471,0.44862494,2712.719,983.571,-13.107113,0 days 00:01:19.806212880,0 days 00:01:19.831224218
0 days 00:00:00.270000,0 days 00:00:00.295011338,answer7,1.5049473,-8.638943,27.112732,0.03992729,-0.021505443,0.6909148,36.8773,-14.098432,-1.9104056,-14.564529,31.913004,0.28960475,1.2254242,0.46967545,-6.9533525,15.444781,892.91266,1361.1615,-1.4400797,1779.8037,1252.2091,-8.7874775,2716.1533,1092.0215,-20.252302,0 days 00:01:19.816212880,0 days 00:01:19.841224218
0 days 00:00:00.280000,0 days 00:00:00.305011338,answer7,1.3381056,-8.914474,27.023638,0.036940902,-0.023524597,0.6775101,36.816944,-13.271614,-4.784991,-13.371491,35.347775,0.29042998,1.7608023,0.63617307,-16.497581,7.915603,808.519,1275.0062,-8.615936,1797.6815,1049.5001,-15.922002,2830.554,1019.75244,-30.18365,0 days 00:01:19.826212880,0 days 00:01:19.851224218
0 days 00:00:00.290000,0 days 00:00:00.315011338,answer7,1.1591369,-10.522483,28.017973,0.021973237,-0.027463181,0.61753917,36.095818,-9.013375,-7.153076,-10.7006,35.18849,0.31568798,2.924926,0.5861981,-16.300879,9.285073,803.7522,1374.543,-10.552404,1812.9061,1004.1787,-16.812057,3093.713,1104.8812,-32.78194,0 days 00:01:19.836212880,0 days 00:01:19.861224218
0 days 00:00:00.300000,0 days 00:00:00.325011338,answer7,0.9555347,-13.411682,31.43628,0.02948994,-0.027561113,0.48618415,35.66512,-3.6703446,-6.0886135,-7.8581824,35.06347,0.04860932,2.733647,1.0676867,-18.91357,7.282043,806.16815,1289.2135,-11.689492,1834.6797,880.7869,-18.972359,3268.3801,993.42236,-34.538555,0 days 00:01:19.846212880,0 days 00:01:19.871224218
0 days 00:00:00.310000,0 days 00:00:00.335011338,answer7,0.85756975,-14.076595,32.35432,0.025640512,-0.026394911,0.4448392,34.223587,-0.19527847,-3.5856543,-6.66457,35.033253,0.05989258,3.0685246,2.331865,-18.177048,6.980259,869.4155,1220.9205,-17.064377,1877.7563,838.7087,-20.19445,3338.913,1079.5028,-33.761677,0 days 00:01:19.856212880,0 days 00:01:19.881224218
0 days 00:00:00.320000,0 days 00:00:00.345011338,answer7,0.79965496,-13.571078,32.271107,0.037846982,-0.020773208,0.3863125,32.804413,-0.32547918,-1.4675161,-6.262709,35.000732,0.039772097,2.4883535,4.5897183,-16.054445,8.618407,880.0251,1194.4102,-16.25976,1880.6825,874.67773,-20.35276,3101.531,942.4815,-33.523525,0 days 00:01:19.866212880,0 days 00:01:19.891224218
0 days 00:00:00.330000,0 days 00:00:00.355011338,answer7,0.80389833,-11.97825,31.628271,0.03455527,-0.02111295,0.31805268,32.131237,-0.72413903,-2.0509138,-8.049178,34.826878,0.04214115,1.9003549,6.0182137,-14.563722,10.451821,883.9902,1134.0404,-16.037916,1872.3732,867.92114,-21.28311,3114.125,856.9974,-34.7308,0 days 00:01:19.876212880,0 days 00:01:19.901224218
0 days 00:00:00.340000,0 days 00:00:00.365011338,answer7,0.7582367,-12.677024,32.139797,0.019550003,-0.022582715,0.24621455,30.57177,-0.47045866,-1.2900413,-8.824009,34.56606,0.030152075,1.3390547,6.9399924,-14.997536,9.979293,883.2087,1066.17,-11.990598,1866.8351,857.3538,-26.308624,3042.504,687.7156,-35.420963,0 days 00:01:19.886212880,0 days 00:01:19.911224218
0 days 00:00:00.350000,0 days 00:00:00.375011338,answer7,0.709856,-14.79569,30.794867,0.009133428,-0.03205597,0.22832827,29.13816,1.2873474,0.24909894,-12.361529,34.258297,0.031514477,1.2198237,6.988709,-15.041183,9.387139,860.4597,1043.9452,-11.349677,1921.9468,805.7041,-28.326124,3184.7747,967.79584,-34.880276,0 days 00:01:19.896212880,0 days 00:01:19.921224218
0 days 00:00:00.360000,0 days 00:00:00.385011338,answer7,0.6405184,-16.938911,28.406199,0.007854848,-0.035411425,0.22530091,27.734924,3.065686,2.8930104,-10.210281,34.05656,0.02127648,1.2949184,6.933369,-14.504819,8.773288,839.61523,1068.6654,-9.337407,1919.8706,825.9411,-27.466446,2986.544,963.02374,-31.954895,0 days 00:01:19.906212880,0 days 00:01:19.931224218
0 days 00:00:00.370000,0 days 00:00:00.395011338,answer7,0.61651564,-17.716957,26.617369,0.02150479,-0.03898625,0.19849323,27.18467,5.9512935,3.7510788,-10.602005,33.90212,0.022018338,1.2932874,6.3152843,-13.794072,9.854045,822.7989,1104.9524,-6.8480496,1919.4906,793.6213,-23.468596,2901.5662,946.5366,-29.709885,0 days 00:01:19.916212880,0 days 00:01:19.941224218
0 days 00:00:00.380000,0 days 00:00:00.405011338,answer7,0.5931793,-17.805315,25.948578,0.020097224,-0.039743464,0.19062798,26.158041,7.232778,2.9024718,-10.564395,33.74466,0.013527703,0.92418987,5.571844,-13.66473,8.315056,794.12177,1101.4009,-4.4990926,1854.2653,822.27325,-22.799608,2708.4333,684.43475,-25.825663,0 days 00:01:19.926212880,0 days 00:01:19.951224218
0 days 00:00:00.390000,0 days 00:00:00.415011338,answer7,0.57022214,-17.49688,24.323725,0.018603286,-0.044375733,0.17727995,25.261587,8.467475,2.8661196,-15.739699,33.61679,0.009827328,1.321933,4.903628,-13.773419,7.2481065,733.52045,1237.5219,-3.2117462,1905.2109,1094.4756,-23.467422,2703.5322,833.50977,-24.043646,0 days 00:01:19.936212880,0 days 00:01:19.961224218
0 days 00:00:00.400000,0 days 00:00:00.425011338,answer7,0.5250468,-16.308603,22.686615,0.007511862,-0.040553007,0.1457803,23.853937,8.342475,0.94274527,-17.146097,33.49533,0.0072423164,1.4828874,4.989777,-13.117064,6.8380914,636.25745,1342.4785,-2.0386732,1692.9263,1419.955,-24.066603,2590.9685,827.98663,-22.26712,0 days 00:01:19.946212880,0 days 00:01:19.971224218
0 days 00:00:00.410000,0 days 00:00:00.435011338,answer7,0.48723972,-16.065025,21.589401,0.011967309,-0.03913148,0.11370864,23.907053,9.823127,1.1833986,-19.391249,33.479313,0.0066810525,2.2019424,4.759732,-13.159919,8.708703,625.3046,1396.2559,-2.292238,1755.6152,1433.3247,-24.235117,2618.1272,976.7039,-22.881487,0 days 00:01:19.956212880,0 days 00:01:19.981224218
0 days 00:00:00.420000,0 days 00:00:00.445011338,answer7,0.4641874,-16.391548,22.534286,0.012002278,-0.036273222,0.096194394,24.268158,11.276063,0.44087386,-22.168432,33.508266,0.004092535,2.1067789,4.911432,-13.247985,10.20465,684.3355,1276.1735,-2.8479862,1736.7899,1200.8912,-25.8358,2665.1685,817.94476,-23.099615,0 days 00:01:19.966212880,0 days 00:01:19.991224218
0 days 00:00:00.430000,0 days 00:00:00.455011338,answer7,0.44738063,-17.670092,22.904688,0.015963608,-0.040156502,0.079828806,25.284355,12.091611,2.446657,-24.946325,33.603832,0.004238132,1.9836642,4.8240395,-12.020839,11.959798,775.9694,1179.89,-5.5357018,1966.543,994.67145,-27.997795,2724.2788,824.3952,-23.963058,0 days 00:01:19.976212880,0 days 00:01:20.001224218
0 days 00:00:00.440000,0 days 00:00:00.465011338,answer7,0.4410223,-18.539728,23.757471,0.013549912,-0.03863978,0.095105864,26.55755,12.617291,2.9334195,-22.96282,33.68837,0.006253204,1.4717237,5.2703776,-10.521695,12.4367285,783.93317,1174.3698,-8.238902,1885.5416,1106.1708,-30.609482,2696.5713,600.15765,-24.609299,0 days 00:01:19.986212880,0 days 00:01:20.011224218
0 days 00:00:00.450000,0 days 00:00:00.475011338,answer7,0.42449486,-19.403471,24.457985,0.0082935775,-0.037550557,0.087720074,26.90191,13.332225,4.0815997,-17.862654,33.71032,0.0054644323,1.2369152,5.4844384,-8.339382,13.545802,780.363,1186.9375,-10.805466,1858.1885,1095.2656,-32.208694,2704.2297,551.338,-25.72746,0 days 00:01:19.996212880,0 days 00:01:20.021224218
0 days 00:00:00.460000,0 days 00:00:00.485011338,answer7,0.42207167,-19.109865,24.93632,0.009623894,-0.032988448,0.08949232,27.352102,13.01844,4.183721,-12.766301,33.741123,0.007849575,1.1435431,5.499994,-8.065375,10.958015,715.2891,1427.4044,-10.475281,1781.4053,1732.8809,-33.296158,2648.0176,686.1867,-24.887756,0 days 00:01:20.006212880,0 days 00:01:20.031224218
0 days 00:00:00.470000,0 days 00:00:00.495011338,answer7,0.41969895,-18.233202,24.054993,0.016473358,-0.03274141,0.07778396,26.028374,13.5495615,7.7383094,-12.253871,33.73577,0.0073709404,1.1792618,5.4228697,-8.376098,9.225395,715.2491,1395.4618,-73.72092,1902.8024,1454.1875,-89.411865,2705.4924,934.2486,-83.15845,0 days 00:01:20.016212880,0 days 00:01:20.041224218
0 days 00:00:00.480000,0 days 00:00:00.505011338,answer7,0.42018092,-16.731834,22.269903,0.026813796,-0.032453287,0.103892736,25.123413,12.587597,8.938611,-11.456455,0.0,0.0,0.0,0.0,0.0,0.0,754.98065,1536.171,-136.56053,1994.1835,1530.1918,-145.32823,2711.0444,1002.79144,-141.46864,0 days 00:01:20.026212880,0 days 00:01:20.051224218
0 days 00:00:00.490000,0 days 00:00:00.515011338,answer7,0.4041213,-16.56767,22.160248,0.02966793,-0.030578034,0.10532939,23.937973,14.753428,11.282333,-8.463577,0.0,0.0,0.0,0.0,0.0,0.0,665.3776,1374.627,-201.0,1875.7798,842.49786,-201.0,2678.902,875.8696,-201.0,0 days 00:01:20.036212880,0 days 00:01:20.061224218
0 days 00:00:00.500000,0 days 00:00:00.525011338,answer7,0.37313986,-16.758287,23.085938,0.024279943,-0.02851859,0.10531384,24.135422,15.801066,9.863606,-5.15442,0.0,0.0,0.0,0.0,0.0,0.0,718.90674,1404.4916,-201.0,1854.299,1165.4958,-201.0,2564.3835,697.03424,-201.0,0 days 00:01:20.046212880,0 days 00:01:20.071224218
0 days 00:00:00.510000,0 days 00:00:00.535011338,answer7,0.32969677,-18.06299,25.356054,0.019626172,-0.026071742,0.09424254,23.616411,18.797989,8.736243,-4.221504,0.0,0.0,0.0,0.0,0.0,0.0,689.57416,1251.809,-201.0,1829.1027,1030.0547,-201.0,2583.6902,804.79706,-201.0,0 days 00:01:20.056212880,0 days 00:01:20.081224218
0 days 00:00:00.520000,0 days 00:00:00.545011338,answer7,0.35524473,-12.710075,18.7595,0.012155929,-0.025058301,0.11043858,20.09292,12.024051,13.65459,-5.7603097,0.0,0.0,0.0,0.0,0.0,0.0,728.92065,1262.3287,-201.0,1840.3478,1160.1322,-201.0,2576.8313,1033.4736,-201.0,0 days 00:01:20.066212880,0 days 00:01:20.091224218
0 days 00:00:00.530000,0 days 00:00:00.555011338,answer7,0.44302297,-5.372907,10.315177,0.019607006,-0.020318886,0.122133456,14.835858,3.3539627,21.987371,-7.659655,0.0,0.0,0.0,0.0,0.0,0.0,926.4741,1208.674,-201.0,1836.7935,1238.7705,-201.0,2706.8408,1103.497,-201.0,0 days 00:01:20.076212880,0 days 00:01:20.101224218
0 days 00:00:00.540000,0 days 00:00:00.565011338,answer7,0.48155165,1.3582851,0.90176946,0.015183416,-0.013840386,0.1382456,10.107601,-4.367685,29.756592,-8.990132,0.0,0.0,0.0,0.0,0.0,0.0,987.27594,1217.4015,-201.0,1775.9258,1207.6354,-201.0,2697.408,1005.9101,-201.0,0 days 00:01:20.086212880,0 days 00:01:20.111224218
0 days 00:00:00.550000,0 days 00:00:00.575011338,answer7,0.44732726,0.027687231,0.9939515,0.013839286,-0.0154615315,0.1196416,10.486595,-2.4463484,26.502356,-10.851432,0.0,0.0,0.0,0.0,0.0,0.0,1118.1543,1170.7474,-201.0,1982.9585,1038.0367,-201.0,2833.7236,863.41016,-201.0,0 days 00:01:20.096212880,0 days 00:01:20.121224218
0 days 00:00:00.560000,0 days 00:00:00.585011338,answer7,0.3660634,-3.408018,3.457343,0.0033290407,-0.016738782,0.09465668,12.913104,0.7989848,21.146795,-8.541575,0.0,0.0,0.0,0.0,0.0,0.0,756.1585,1295.8815,-201.0,1717.8988,1001.73334,-201.0,2586.1194,928.45166,-201.0,0 days 00:01:20.106212880,0 days 00:01:20.131224218
0 days 00:00:00.570000,0 days 00:00:00.595011338,answer7,0.33939132,-6.0918446,6.616964,0.004930846,-0.020541882,0.062086374,15.160867,2.2217293,16.904049,-6.571975,0.0,0.0,0.0,0.0,0.0,0.0,761.07245,1466.39,-201.0,1731.1338,1338.3405,-201.0,2477.963,1014.63605,-201.0,0 days 00:01:20.116212880,0 days 00:01:20.141224218
0 days 00:00:00.580000,0 days 00:00:00.605011338,answer7,0.3303291,-7.510075,9.492175,0.0052108057,-0.023051217,0.054431196,16.50715,2.4975152,15.270019,-7.234197,0.0,0.0,0.0,0.0,0.0,0.0,628.25726,1481.3099,-201.0,1533.8336,1509.7347,-201.0,2300.4875,1124.8427,-201.0,0 days 00:01:20.126212880,0 days 00:01:20.151224218
0 days 00:00:00.590000,0 days 00:00:00.615011338,answer7,0.31358957,-9.626145,13.965556,0.00068455486,-0.026462773,0.058845628,17.894903,4.750639,10.434316,-9.445284,0.0,0.0,0.0,0.0,0.0,0.0,621.54877,1518.0801,-201.0,1475.7754,1517.355,-201.0,2250.4824,1039.847,-201.0,0 days 00:01:20.136212880,0 days 00:01:20.161224218
0 days 00:00:00.600000,0 days 00:00:00.625011338,answer7,0.29533207,-10.638847,15.432788,-0.0027556021,-0.029391056,0.06636425,18.564713,5.745752,5.717796,-11.594693,0.0,0.0,0.0,0.0,0.0,0.0,472.7771,1410.2007,-201.0,1469.0638,1267.1832,-201.0,2348.0515,1080.7719,-201.0,0 days 00:01:20.146212880,0 days 00:01:20.171224218
0 days 00:00:00.610000,0 days 00:00:00.635011338,answer7,0.28122187,-11.901653,17.321821,0.003498871,-0.027933454,0.06782599,19.007746,8.454268,3.533949,-11.382327,0.0,0.0,0.0,0.0,0.0,0.0,597.1252,1332.1069,-201.0,1653.5293,1075.7777,-201.0,2514.885,927.48846,-201.0,0 days 00:01:20.156212880,0 days 00:01:20.181224218
0 days 00:00:00.620000,0 days 00:00:00.645011338,answer7,0.2753069,-12.212933,17.701563,0.0109241875,-0.024603391,0.06282238,19.657547,8.504359,1.2347667,-11.676635,0.0,0.0,0.0,0.0,0.0,0.0,755.3799,1172.9894,-201.0,1941.2267,888.0446,-201.0,2835.4531,1066.4524,-201.0,0 days 00:01:20.166212880,0 days 00:01:20.191224218
0 days 00:00:00.630000,0 days 00:00:00.655011338,answer7,0.28495845,-13.216434,20.742582,0.015510175,-0.02364084,0.061392426,21.86294,9.769641,0.8432913,-9.287748,0.0,0.0,0.0,0.0,0.0,0.0,718.2204,1215.7098,-201.0,1841.5724,1088.9926,-201.0,2737.7976,1237.8833,-201.0,0 days 00:01:20.176212880,0 days 00:01:20.201224218
0 days 00:00:00.640000,0 days 00:00:00.665011338,answer7,0.28233126,-13.466699,21.781778,0.019285735,-0.022386486,0.0582784,22.477514,10.124532,-1.3326435,-7.3838573,0.0,0.0,0.0,0.0,0.0,0.0,716.51245,1431.2301,-201.0,1760.1998,1292.2399,-201.0,2701.0476,1238.6368,-201.0,0 days 00:01:20.186212880,0 days 00:01:20.211224218
0 days 00:00:00.650000,0 days 00:00:00.675011338,answer7,0.27552056,-12.891975,21.169706,0.013252518,-0.0222286,0.057238635,21.628714,11.133484,0.18076248,-4.3493676,0.0,0.0,0.0,0.0,0.0,0.0,722.0078,1545.7479,-201.0,1714.8099,1569.4751,-201.0,2561.3948,1085.6729,-201.0,0 days 00:01:20.196212880,0 days 00:01:20.221224218
0 days 00:00:00.660000,0 days 00:00:00.685011338,answer7,0.26591513,-11.0544815,18.700136,0.012580074,-0.0194163,0.048083633,19.20443,10.168923,-0.42618057,-2.821728,0.0,0.0,0.0,0.0,0.0,0.0,678.2804,1647.9249,-201.0,1630.236,1508.1718,-201.0,2508.334,884.89667,-201.0,0 days 00:01:20.206212880,0 days 00:01:20.231224218
0 days 00:00:00.670000,0 days 00:00:00.695011338,answer7,0.25858384,-11.065667,18.207184,-0.00017613918,-0.01229326,0.051437248,18.709925,9.582747,3.1044512,3.3571777,0.0,0.0,0.0,0.0,0.0,0.0,832.185,1535.8268,-201.0,1519.5587,2348.8418,-201.0,2503.0742,1015.13654,-201.0,0 days 00:01:20.216212880,0 days 00:01:20.241224218
0 days 00:00:00.680000,0 days 00:00:00.705011338,answer7,0.25795528,-11.935321,17.146002,-0.0024744205,-0.016203033,0.051717337,19.249075,9.859956,2.9260972,4.387073,0.0,0.0,0.0,0.0,0.0,0.0,807.7386,1464.4664,-201.0,1502.8613,2101.4434,-201.0,2515.5251,986.30206,-201.0,0 days 00:01:20.226212880,0 days 00:01:20.251224218
0 days 00:00:00.690000,0 days 00:00:00.715011338,answer7,0.2561306,-14.200779,19.848402,-0.00903855,-0.019130377,0.0545785,20.712227,12.400973,3.2441463,3.9945078,0.0,0.0,0.0,0.0,0.0,0.0,938.158,1366.6552,-201.0,1641.1051,1989.0819,-201.0,2644.681,888.5284,-201.0,0 days 00:01:20.236212880,0 days 00:01:20.261224218
0 days 00:00:00.700000,0 days 00:00:00.725011338,answer7,0.2731696,-12.695507,17.613308,0.0036423702,-0.026767844,0.053233754,19.125967,11.7604475,3.5470169,-4.2816463,0.0,0.0,0.0,0.0,0.0,0.0,656.04486,1368.5106,-201.0,1679.1332,1111.5,-201.0,2629.4453,1182.3501,-201.0,0 days 00:01:20.246212880,0 days 00:01:20.271224218
0 days 00:00:00.710000,0 days 00:00:00.735011338,answer7,0.28606355,-10.584947,16.771994,0.003402686,-0.022744363,0.05507693,16.607048,9.741685,7.844377,-7.1904273,0.0,0.0,0.0,0.0,0.0,0.0,664.0174,1359.8711,-201.0,1718.3052,1058.4557,-201.0,2682.8242,1161.0155,-201.0,0 days 00:01:20.256212880,0 days 00:01:20.281224218
0 days 00:00:00.720000,0 days 00:00:00.745011338,answer7,0.30946314,-8.462498,12.770157,0.01294902,-0.019371442,0.06054977,13.74628,8.852246,12.750211,-8.992832,0.0,0.0,0.0,0.0,0.0,0.0,500.52676,1473.1035,-201.0,1544.0043,1174.8563,-201.0,2488.1848,1260.4688,-201.0,0 days 00:01:20.266212880,0 days 00:01:20.291224218
0 days 00:00:00.730000,0 days 00:00:00.755011338,answer7,0.35262465,-7.2264056,10.292464,0.015831515,-0.018430509,0.06477394,10.434202,12.819009,12.411876,-10.803963,0.0,0.0,0.0,0.0,0.0,0.0,628.3146,1461.319,-201.0,1709.798,1074.5751,-201.0,2578.801,858.62695,-201.0,0 days 00:01:20.276212880,0 days 00:01:20.301224218
0 days 00:00:00.740000,0 days 00:00:00.765011338,answer7,0.42889166,-3.567646,4.490396,0.01206543,-0.017897783,0.08135834,4.7629523,16.974361,12.846778,-13.807629,0.0,0.0,0.0,0.0,0.0,0.0,503.33643,1488.6134,-201.0,1533.7886,1243.695,-201.0,2429.945,984.5267,-201.0,0 days 00:01:20.286212880,0 days 00:01:20.311224218
0 days 00:00:00.750000,0 days 00:00:00.775011338,answer7,0.5083416,0.1521883,0.05826215,0.0058350586,-0.016142242,0.08823081,-1.5598478,19.903574,12.679835,-15.895889,0.0,0.0,0.0,0.0,0.0,0.0,550.51953,1409.7719,-201.0,1539.9503,1245.9442,-201.0,2441.02,958.12286,-201.0,0 days 00:01:20.296212880,0 days 00:01:20.321224218
0 days 00:00:00.760000,0 days 00:00:00.785011338,answer7,0.5580716,2.151631,-0.3369209,0.008887015,-0.011924375,0.097780086,-5.034253,19.079062,14.903023,-14.000743,0.0,0.0,0.0,0.0,0.0,0.0,601.93585,1284.9431,-201.0,1538.6484,1083.1656,-201.0,2456.337,970.9607,-201.0,0 days 00:01:20.306212880,0 days 00:01:20.331224218
0 days 00:00:00.770000,0 days 00:00:00.795011338,answer7,0.5237263,0.5523426,2.0728562,0.022240272,-0.008783338,0.093300164,-4.346591,18.296476,12.9156,-10.683857,0.0,0.0,0.0,0.0,0.0,0.0,724.0322,1462.0009,-201.0,1659.0898,1007.2674,-201.0,2564.2024,916.812,-201.0,0 days 00:01:20.316212880,0 days 00:01:20.341224218
0 days 00:00:00.780000,0 days 00:00:00.805011338,answer7,0.5292079,-6.637858,11.15228,0.041075204,-0.014232402,0.23080637,3.2261803,21.576117,16.384092,-10.972752,0.0,0.0,0.0,0.0,0.0,0.0,978.01056,1465.2845,-144.76503,1844.9706,1058.5262,-146.55846,2721.806,918.07715,-142.82231,0 days 00:01:20.326212880,0 days 00:01:20.351224218
0 days 00:00:00.790000,0 days 00:00:00.815011338,answer7,0.6644227,-12.638789,16.07701,0.0512898,-0.02466581,0.46014538,10.821793,24.900047,22.264978,-17.224693,35.211678,0.0,0.0,5.164707,16.618998,20.014954,894.60126,1450.536,-82.73673,1864.0851,967.9322,-88.97769,2704.378,862.8955,-80.64828,0 days 00:01:20.336212880,0 days 00:01:20.361224218
0 days 00:00:00.800000,0 days 00:00:00.825011338,answer7,0.8724654,-15.83039,19.52653,0.06618071,-0.034068156,0.595465,15.873128,25.7134,31.35869,-25.144098,34.89709,0.0,0.0,5.08688,14.451416,18.135942,844.8242,1284.6997,-19.73965,1926.2548,704.83887,-31.48432,2754.7,855.41144,-19.071747,0 days 00:01:20.346212880,0 days 00:01:20.371224218
0 days 00:00:00.810000,0 days 00:00:00.835011338,answer7,0.9991279,-12.427509,15.421188,0.06778687,-0.038097855,0.5757587,15.075603,19.645994,34.72526,-27.296738,34.35763,0.0,3.4731088,4.892247,7.9362183,12.156678,754.3933,1214.5516,-13.735115,1957.8851,390.4672,-29.173447,2791.7366,844.9184,-15.658897,0 days 00:01:20.356212880,0 days 00:01:20.381224218
0 days 00:00:00.820000,0 days 00:00:00.845011338,answer7,0.9534764,-9.82965,14.035599,0.06501942,-0.03945178,0.41042432,14.19714,14.870515,32.746655,-25.414322,33.827194,0.020642536,2.6864693,3.9848053,2.69215,10.419936,767.46173,1283.2655,-11.4543,1919.942,404.16953,-26.816874,2789.1174,842.4672,-14.901391,0 days 00:01:20.366212880,0 days 00:01:20.391224218
0 days 00:00:00.830000,0 days 00:00:00.855011338,answer7,0.8574753,-10.291748,13.603364,0.06032507,-0.045316387,0.34530142,15.767613,14.179898,26.759506,-24.323004,33.432186,0.018187853,1.1528993,3.2844553,0.6614907,10.690427,786.47705,1253.563,-9.723606,1932.5055,494.24634,-24.738747,2767.6924,885.2504,-13.801362,0 days 00:01:20.376212880,0 days 00:01:20.401224218
0 days 00:00:00.840000,0 days 00:00:00.865011338,answer7,0.76440173,-11.155984,14.371796,0.056711998,-0.046900645,0.27410895,16.331347,15.79606,22.413923,-27.896795,33.16571,0.014962622,1.1464463,2.7317123,3.540393,14.903901,762.92267,1189.9867,-8.194719,1970.9279,518.72003,-23.972357,2784.2295,883.7795,-14.06445,0 days 00:01:20.386212880,0 days 00:01:20.411224218
0 days 00:00:00.850000,0 days 00:00:00.875011338,answer7,0.69831103,-11.929756,14.13596,0.047543436,-0.043990057,0.23877762,17.17634,18.155136,22.435648,-30.258032,33.120785,0.013763558,1.6231576,2.4237487,5.3736496,19.233198,592.62665,1344.5134,-8.2557535,1836.451,898.44354,-28.157305,2641.5198,944.87494,-18.011503,0 days 00:01:20.396212880,0 days 00:01:20.421224218
0 days 00:00:00.860000,0 days 00:00:00.885011338,answer7,0.6681738,-11.82974,15.515668,0.04583845,-0.039422225,0.20445307,16.840483,19.096903,25.10581,-33.213017,33.161057,0.015153949,2.0989275,3.432626,5.560499,19.79222,613.2244,1325.4039,0.0,1865.0953,855.29816,-27.767862,2830.9954,1009.4886,-19.571985,0 days 00:01:20.406212880,0 days 00:01:20.431224218
0 days 00:00:00.870000,0 days 00:00:00.895011338,answer7,0.67539746,-12.592858,16.21731,0.04407391,-0.03685114,0.1863073,17.80922,19.181128,25.508467,-34.969265,33.1647,0.026619898,2.8443215,4.8441358,5.063477,19.496613,440.08435,1548.3949,-11.828849,1650.4072,1177.5333,-26.15788,2652.931,1059.3505,-19.379625,0 days 00:01:20.416212880,0 days 00:01:20.441224218
0 days 00:00:00.880000,0 days 00:00:00.905011338,answer7,0.7087955,-14.081368,17.401419,0.042150605,-0.03768814,0.1945197,20.047064,17.828297,22.265099,-35.306995,33.048203,0.030540237,2.5835922,6.534283,5.2259154,19.600946,636.5232,1388.0435,0.0,1851.4712,859.2554,-22.13812,2884.4724,1343.7153,-18.581768,0 days 00:01:20.426212880,0 days 00:01:20.451224218
0 days 00:00:00.890000,0 days 00:00:00.915011338,answer7,0.70983475,-16.107819,19.290398,0.035360977,-0.040727008,0.18659902,22.572632,18.215889,20.764679,-32.58983,32.883266,0.028613927,1.9927573,7.230085,5.0102706,23.05242,492.21497,1587.1581,-5.817956,1550.4039,1253.4387,-23.93574,2559.113,1129.1805,-21.941544,0 days 00:01:20.436212880,0 days 00:01:20.461224218
0 days 00:00:00.900000,0 days 00:00:00.925011338,answer7,0.7043271,-17.949286,20.260551,0.02345975,-0.042363524,0.16288377,25.074133,20.521044,19.070696,-31.055391,32.706505,0.015216525,1.1044973,7.6241517,4.0725083,26.871977,668.54736,1437.8668,-8.472397,1889.1718,1669.8877,-26.681147,2605.6174,996.1496,-27.07797,0 days 00:01:20.446212880,0 days 00:01:20.471224218
0 days 00:00:00.910000,0 days 00:00:00.935011338,answer7,0.71726197,-18.86875,21.55574,0.023440199,-0.044788163,0.17657577,25.893188,23.79151,19.96517,-31.620642,32.565662,0.008068429,0.7422518,7.6781936,2.2938857,27.417257,545.8095,1616.8214,-5.830593,1631.2682,2536.125,-26.634903,2326.3372,792.04755,-29.0505,0 days 00:01:20.456212880,0 days 00:01:20.481224218
0 days 00:00:00.920000,0 days 00:00:00.945011338,answer7,0.7813646,-18.683516,22.681074,0.023892552,-0.04237209,0.17942257,25.842096,24.251429,19.968922,-32.32163,32.453804,0.0075819176,0.8913271,7.790132,-0.27165446,25.625757,560.9239,1510.1195,-7.438591,1665.544,2428.403,-24.954622,2383.4587,770.4681,-28.866999,0 days 00:01:20.466212880,0 days 00:01:20.491224218
0 days 00:00:00.930000,0 days 00:00:00.955011338,answer7,0.8453687,-18.307478,23.608795,0.025533572,-0.04306594,0.21545118,25.29802,25.057653,21.151022,-34.380882,32.376682,0.008057935,0.81811166,7.940918,-3.1386373,22.107199,558.5849,1502.3257,-8.545098,1685.9863,1682.6205,-23.908295,2441.7754,1454.2877,-27.029394,0 days 00:01:20.476212880,0 days 00:01:20.501224218
0 days 00:00:00.940000,0 days 00:00:00.965011338,answer7,0.88632315,-17.851686,22.750452,0.022333756,-0.04454437,0.18024911,24.907875,25.255693,23.10798,-36.578503,32.329395,0.01051638,0.67931706,8.119073,-5.1595545,20.550217,673.95355,1391.3427,-13.178609,2053.7878,866.427,-26.296957,2558.7175,1994.915,-26.618212,0 days 00:01:20.486212880,0 days 00:01:20.511224218
0 days 00:00:00.950000,0 days 00:00:00.975011338,answer7,0.9082559,-17.522749,20.368753,0.026114762,-0.0485602,0.18006487,24.837366,26.34072,26.325506,-40.017834,32.307434,0.010668973,0.25801584,8.038595,-5.859965,19.90214,803.5573,1367.2994,-17.100801,2442.3623,642.7556,-28.71084,2581.4626,2751.3528,-26.337019,0 days 00:01:20.496212880,0 days 00:01:20.521224218
0 days 00:00:00.960000,0 days 00:00:00.985011338,answer7,0.9177544,-17.325344,18.982931,0.030979717,-0.050176214,0.1636707,24.78888,26.457449,30.987282,-40.768524,32.2267,0.005146293,0.44136488,7.7746334,-3.1374404,18.37171,544.61914,1314.7582,-1.5845562,1945.86,734.6497,-26.162323,3396.738,1898.8824,-21.551674,0 days 00:01:20.506212880,0 days 00:01:20.531224218
0 days 00:00:00.970000,0 days 00:00:01.001020408,answer7,0.9191806,-17.155607,18.79415,0.03482231,-0.049085498,0.16932012,24.652594,26.118658,33.4408,-40.152836,32.200367,0.005152436,0.63545144,7.7641087,-2.3931134,18.09458,608.269,1414.0297,-0.05253434,2179.7942,542.3459,-19.87163,3873.1824,2537.036,-20.540228,0 days 00:01:20.516212880,0 days 00:01:20.547233288
0 days 00:00:00,0 days 00:00:00.025011338,answer8,0.7447843,-11.035205,27.90085,0.024115963,-0.041462887,0.05537854,34.969753,13.380164,-5.2928925,-25.23762,20.976217,0.0,0.22217618,-0.14391047,23.687296,31.738047,246.27539,1816.5079,20.62104,1086.5925,1159.5673,13.245187,2425.7527,690.06323,-7.1700974,0 days 00:01:29.155822489,0 days 00:01:29.180833827
0 days 00:00:00.010000,0 days 00:00:00.035011338,answer8,0.7253406,-13.023046,27.304628,0.026999936,-0.042279642,0.14751102,33.532265,13.396466,-6.8244896,-25.004425,21.392057,0.0,0.3285347,-0.44818366,18.630457,32.72183,373.34338,1770.7233,16.569157,1095.213,1554.5189,10.748959,2426.9905,892.74677,-10.925685,0 days 00:01:29.165822489,0 days 00:01:29.190833827
0 days 00:00:00.020000,0 days 00:00:00.045011338,answer8,0.7038432,-13.3627405,27.363802,0.03587539,-0.041001853,0.25748906,32.28986,13.492592,-10.603645,-23.50946,21.856705,0.037110426,0.5425871,-0.69414455,12.235072,33.384212,444.61575,1654.4961,9.992431,1160.018,1536.8876,7.353267,2503.1204,884.3023,-15.480832,0 days 00:01:29.175822489,0 days 00:01:29.200833827
0 days 00:00:00.030000,0 days 00:00:00.055011338,answer8,0.67811537,-12.791638,26.786966,0.03786008,-0.03880902,0.2719455,31.307007,13.773135,-13.164277,-22.828377,22.042915,0.037110426,0.7027926,-0.4450605,7.875802,32.799896,694.00665,1592.1284,-60.96636,1610.7084,1532.6271,-62.79951,3057.7883,1071.9038,-78.86892,0 days 00:01:29.185822489,0 days 00:01:29.210833827
0 days 00:00:00.040000,0 days 00:00:00.065011338,answer8,0.64987797,-10.388775,26.770136,0.0427953,-0.036981855,0.25301644,30.798376,12.437157,-14.267123,-20.99587,0.0,0.0,0.0,0.0,0.0,0.0,584.34686,2678.3835,-97.8684,1639.5892,1204.7921,-68.59085,3121.964,996.23016,-84.700905,0 days 00:01:29.195822489,0 days 00:01:29.220833827
0 days 00:00:00.050000,0 days 00:00:00.075011338,answer8,0.6220476,-10.331969,27.803202,0.0402236,-0.035801385,0.20822866,29.671942,11.229355,-15.131477,-22.072878,35.791817,0.0,0.0,3.4846745,-0.8420737,25.535515,741.9422,2824.5996,0.0,1663.232,1354.2482,-75.84347,3122.5593,1031.5227,-89.28141,0 days 00:01:29.205822489,0 days 00:01:29.230833827
0 days 00:00:00.060000,0 days 00:00:00.085011338,answer8,0.61155796,-13.019696,29.17031,0.045744892,-0.037844226,0.21272053,28.836218,10.391197,-12.139671,-22.287737,35.988132,0.0,1.6955155,4.651155,-1.0781432,24.751902,668.55585,2792.388,-10.305732,1432.8145,1356.9764,-19.63967,2670.5566,728.6921,-33.540756,0 days 00:01:29.215822489,0 days 00:01:29.240833827
0 days 00:00:00.070000,0 days 00:00:00.095011338,answer8,0.60760474,-15.9650545,32.333187,0.055024803,-0.03684481,0.18722422,28.049429,10.496453,-10.440644,-21.979593,36.333237,0.02609134,1.6101812,6.4439387,-1.4275588,23.85608,876.2426,1463.3802,-12.142022,1746.169,1226.1779,-27.104921,2796.9065,751.69135,-34.15138,0 days 00:01:29.225822489,0 days 00:01:29.250833827
0 days 00:00:00.080000,0 days 00:00:00.105011338,answer8,0.5841426,-17.507774,31.897745,0.060078412,-0.03398234,0.19449054,26.136007,9.898312,-5.64632,-18.750626,36.70454,0.024432717,1.3679591,6.6022663,-1.4518629,22.384909,869.0849,1192.9213,-13.295146,1937.704,1054.4539,-29.835077,2858.6575,832.48236,-34.122513,0 days 00:01:29.235822489,0 days 00:01:29.260833827
0 days 00:00:00.090000,0 days 00:00:00.115011338,answer8,0.55350447,-17.084352,31.10998,0.06545981,-0.02895837,0.15218078,23.46042,9.219783,-4.8683143,-14.45992,36.872326,0.028299695,1.2123636,5.595394,-3.033672,18.645353,857.86224,1119.69,-13.044816,1918.5049,946.40063,-26.652075,2956.5803,865.50006,-32.748646,0 days 00:01:29.245822489,0 days 00:01:29.270833827
0 days 00:00:00.100000,0 days 00:00:00.125011338,answer8,0.52601475,-15.984745,28.871096,0.057505596,-0.030035416,0.1465161,20.481348,8.916379,-2.9538765,-11.434044,36.95704,0.028529648,1.098789,4.9979706,-3.9394407,15.557673,726.4211,1227.5806,-74.77328,1798.7792,941.18726,-82.94546,2925.84,877.3638,-87.77136,0 days 00:01:29.255822489,0 days 00:01:29.280833827
0 days 00:00:00.110000,0 days 00:00:00.135011338,answer8,0.5133946,-14.172313,27.410189,0.060321223,-0.035339598,0.12584668,18.19152,8.608374,-3.4561083,-8.502696,0.0,0.0,0.0,0.0,0.0,0.0,728.0151,1265.6464,-137.79823,1775.4481,911.91705,-141.6132,2895.0496,770.804,-143.88548,0 days 00:01:29.265822489,0 days 00:01:29.290833827
0 days 00:00:00.120000,0 days 00:00:00.145011338,answer8,0.48333097,-10.8878355,22.174139,0.04897992,-0.03508042,0.13750164,15.072624,8.029822,-1.8299462,-8.064756,0.0,0.0,0.0,0.0,0.0,0.0,704.64575,1311.2617,-201.0,1764.1249,885.483,-201.0,2794.9902,779.3784,-201.0,0 days 00:01:29.275822489,0 days 00:01:29.300833827
0 days 00:00:00.130000,0 days 00:00:00.155011338,answer8,0.46269634,-10.380414,19.75615,0.045098156,-0.030321682,0.15929288,13.177829,9.805477,0.9235074,-5.1472197,0.0,0.0,0.0,0.0,0.0,0.0,698.81476,1257.2549,-143.76604,1722.5282,824.13153,-143.8562,2751.5203,763.9074,-144.98831,0 days 00:01:29.285822489,0 days 00:01:29.310833827
0 days 00:00:00.140000,0 days 00:00:00.165011338,answer8,0.48911533,-14.308391,22.00606,0.025876692,-0.02813258,0.28561458,14.34129,12.182491,5.9124947,-5.0393586,37.06729,0.0,0.0,8.948333,-16.324688,3.1585894,746.9873,1318.4952,-84.50702,1754.3519,877.6211,-87.96996,2860.005,1024.9598,-90.20414,0 days 00:01:29.295822489,0 days 00:01:29.320833827
0 days 00:00:00.150000,0 days 00:00:00.175011338,answer8,0.5754989,-20.463877,29.750006,0.021470806,-0.028657794,0.36964536,17.496035,15.086853,8.54575,-5.908127,37.026356,0.0,3.1080031,9.406021,-17.081484,4.469897,762.43414,1257.8706,-21.69184,1844.3555,843.6923,-31.615778,2957.4543,1105.1088,-35.951496,0 days 00:01:29.305822489,0 days 00:01:29.330833827
0 days 00:00:00.160000,0 days 00:00:00.185011338,answer8,0.6798632,-24.130615,34.868103,0.014487125,-0.030548861,0.3578464,20.848267,15.326505,6.40588,-8.932595,36.918552,0.018968638,2.4054158,10.130511,-17.613626,6.2690234,930.18805,1259.9281,-18.954908,1987.6569,971.70557,-33.57735,3055.3386,1091.7826,-36.90358,0 days 00:01:29.315822489,0 days 00:01:29.340833827
0 days 00:00:00.170000,0 days 00:00:00.195011338,answer8,0.73936063,-24.60657,36.221615,0.025683248,-0.029150063,0.21265514,21.680304,14.840042,2.5323052,-11.331004,36.7453,0.015842473,1.4534074,10.244044,-14.532241,8.427194,862.1763,1105.5194,-15.393565,1967.1486,863.84644,-33.21954,2945.291,856.6193,-35.362263,0 days 00:01:29.325822489,0 days 00:01:29.350833827
0 days 00:00:00.180000,0 days 00:00:00.205011338,answer8,0.7547682,-23.802366,34.26611,0.02507017,-0.027285924,0.15436035,21.901419,14.174392,1.5315255,-11.296494,36.549374,0.0059077106,0.46864974,10.222526,-11.9939575,8.386751,882.78644,1188.8959,-17.81186,1941.4738,969.2524,-32.778267,2969.002,801.93915,-32.706303,0 days 00:01:29.335822489,0 days 00:01:29.360833827
0 days 00:00:00.190000,0 days 00:00:00.215011338,answer8,0.75744396,-22.275307,31.597116,0.025664886,-0.026618848,0.1610455,21.382833,12.325919,4.380415,-11.27802,36.409176,0.010693344,0.24328911,10.137883,-11.806302,5.591472,836.95636,1128.118,-14.500999,1895.9325,844.43506,-31.169718,2856.904,725.94525,-29.403246,0 days 00:01:29.345822489,0 days 00:01:29.370833827
0 days 00:00:00.200000,0 days 00:00:00.225011338,answer8,0.7685194,-20.735918,28.145426,0.0142667135,-0.027201673,0.17295809,21.510756,10.295938,7.5045815,-10.0532675,36.33623,0.009792152,0.2575309,10.257637,-12.909046,4.9230156,877.5459,1232.4474,-16.173767,1917.9619,936.9594,-31.14968,2990.0957,814.6414,-29.132927,0 days 00:01:29.355822489,0 days 00:01:29.380833827
0 days 00:00:00.210000,0 days 00:00:00.235011338,answer8,0.7891261,-19.925188,25.96849,0.0136148585,-0.033036113,0.14067672,21.456049,8.791782,10.122493,-12.574562,36.309383,0.009648525,0.48892608,10.181474,-12.642333,5.360859,877.7596,1200.2461,-15.629848,1971.5326,919.29156,-30.51005,2945.4226,788.80865,-28.45252,0 days 00:01:29.365822489,0 days 00:01:29.390833827
0 days 00:00:00.220000,0 days 00:00:00.245011338,answer8,0.8063442,-20.539404,25.58407,0.014653704,-0.034860175,0.1309313,21.953102,10.582394,9.603597,-14.730588,36.225918,0.0052959,0.5632015,10.185907,-11.809181,6.7300797,882.59,1253.997,-18.070238,2025.2588,890.33954,-28.810339,3124.4773,945.81445,-28.197412,0 days 00:01:29.375822489,0 days 00:01:29.400833827
0 days 00:00:00.230000,0 days 00:00:00.255011337,answer8,0.8702652,-19.797884,24.772842,0.027318627,-0.034770776,0.14088245,21.21955,10.520261,11.451451,-16.437456,36.080887,0.004884655,0.6312213,9.945808,-12.642077,3.5979195,840.0119,1162.1755,-14.5242,2031.0619,806.3921,-26.837936,2968.7708,893.54095,-24.729485,0 days 00:01:29.385822489,0 days 00:01:29.410833826
0 days 00:00:00.240000,0 days 00:00:00.265011338,answer8,0.9903286,-18.150782,23.295662,0.02965954,-0.03662775,0.20674424,20.296717,8.019223,11.579018,-16.096888,35.9017,0.0046908236,0.5087283,9.797164,-15.172688,0.70512265,755.2961,1241.8817,-9.795633,2000.7959,708.1299,-24.396393,2954.2146,1081.6666,-22.441874,0 days 00:01:29.395822489,0 days 00:01:29.420833827
0 days 00:00:00.250000,0 days 00:00:00.275011338,answer8,1.1354781,-16.356926,20.96002,0.030450083,-0.03893857,0.26451698,19.29286,5.26156,10.999616,-16.270365,35.74408,0.005878171,0.57763547,9.459733,-17.3439,-0.97208977,731.155,1219.5778,-4.42922,1938.6989,732.05963,-24.954308,2757.263,917.4511,-20.801033,0 days 00:01:29.405822489,0 days 00:01:29.430833827
0 days 00:00:00.260000,0 days 00:00:00.285011338,answer8,1.2355143,-16.425104,19.913168,0.02578438,-0.04059918,0.2932191,20.578392,4.912499,7.472521,-16.422392,35.59052,0.004614156,0.63694936,9.001264,-17.3506,5.821028,733.6174,1376.0375,-7.2903314,2016.2349,692.8086,-24.016212,3232.2292,1029.2902,-26.417427,0 days 00:01:29.415822489,0 days 00:01:29.440833827
0 days 00:00:00.270000,0 days 00:00:00.295011338,answer8,1.1907003,-17.926369,22.197668,0.026975915,-0.04006362,0.31967017,22.313713,8.303066,4.487142,-17.742386,35.244984,0.0047636647,0.58072984,7.9336715,-15.247097,7.224858,783.38055,1267.3826,-11.353317,2083.7292,693.1084,-24.030296,3199.3389,1254.6758,-26.431509,0 days 00:01:29.425822489,0 days 00:01:29.450833827
0 days 00:00:00.280000,0 days 00:00:00.305011338,answer8,1.067534,-17.571093,21.868002,0.02697429,-0.03948415,0.42354703,23.472551,8.804007,5.0462794,-14.9903,34.859657,0.0043457584,0.5329866,6.4533157,-13.87418,6.4662113,816.9637,1348.4774,-14.44663,2167.6804,678.656,-20.396597,3266.176,1916.1378,-25.12384,0 days 00:01:29.435822489,0 days 00:01:29.460833827
0 days 00:00:00.290000,0 days 00:00:00.315011338,answer8,0.9244825,-16.424059,20.300547,0.024040876,-0.042730223,0.45818147,22.339777,9.300392,5.950936,-13.558082,34.4593,0.010891129,0.79568464,5.000564,-14.319249,-1.1830444,706.3233,1252.1785,-17.237185,1942.1132,1042.769,-23.00857,2637.7314,1791.3676,-18.91408,0 days 00:01:29.445822489,0 days 00:01:29.470833827
0 days 00:00:00.300000,0 days 00:00:00.325011338,answer8,0.8027428,-14.476555,17.522423,0.022349551,-0.04343589,0.42186508,20.193613,8.150073,7.80353,-9.671671,34.322517,0.02153419,0.7863006,4.8862233,-14.790992,-2.3634129,705.5444,1236.3334,-16.713789,1844.8877,1071.4215,-23.408264,2585.7803,1371.8275,-18.56118,0 days 00:01:29.455822489,0 days 00:01:29.480833827
0 days 00:00:00.310000,0 days 00:00:00.335011338,answer8,0.7064921,-14.534064,18.363348,0.013690214,-0.040916175,0.2542338,19.113867,9.437886,9.086201,-8.212209,34.30251,0.043986768,1.5663075,5.7781672,-14.081132,0.40478516,670.66284,1129.111,-18.368345,1774.8324,1015.36383,-26.060514,2526.1914,690.41095,-20.81079,0 days 00:01:29.465822489,0 days 00:01:29.490833827
0 days 00:00:00.320000,0 days 00:00:00.345011338,answer8,0.6069389,-15.98219,21.157951,0.011762147,-0.037274174,0.18205146,19.450127,12.274246,10.178791,-9.135222,34.352535,0.040744774,1.4120394,6.4602885,-12.155168,4.355033,763.1856,1060.6014,-11.753644,1943.191,608.939,-24.906942,2696.9675,726.74756,-22.061033,0 days 00:01:29.475822489,0 days 00:01:29.500833827
0 days 00:00:00.330000,0 days 00:00:00.355011338,answer8,0.5611955,-17.380854,22.143305,0.0162185,-0.038087133,0.13734819,21.553764,14.683525,8.955522,-11.428952,34.257145,0.033359133,1.7670869,5.585401,-10.709767,6.4498887,799.94257,1157.794,-12.018861,2008.5098,712.65283,-24.104004,2767.4856,726.1445,-22.010687,0 days 00:01:29.485822489,0 days 00:01:29.510833827
0 days 00:00:00.340000,0 days 00:00:00.365011338,answer8,0.5005067,-16.85491,20.858856,0.02699328,-0.04343279,0.17441797,22.12528,14.483418,7.9119363,-15.148674,34.001827,0.012739771,1.0704293,3.5618627,-9.385642,7.676977,815.3328,1173.1815,-10.9482155,2057.0828,720.34955,-25.095346,2803.3855,911.9238,-20.389406,0 days 00:01:29.495822489,0 days 00:01:29.520833827
0 days 00:00:00.350000,0 days 00:00:00.375011338,answer8,0.4500978,-15.884471,19.522276,0.0333248,-0.045131266,0.1736992,22.059082,13.056218,5.1042867,-16.48192,33.813225,0.013224196,1.1066209,2.3547013,-8.206419,8.012808,715.11127,1308.221,-76.60488,1866.6974,1310.8943,-82.81153,2628.6533,842.82,-79.796265,0 days 00:01:29.505822489,0 days 00:01:29.530833827
0 days 00:00:00.360000,0 days 00:00:00.385011338,answer8,0.38560605,-13.904061,17.353687,0.023590708,-0.039826423,0.16797392,20.983717,11.189797,5.3813076,-13.823086,0.0,0.0,0.0,0.0,0.0,0.0,573.72076,1312.1466,-138.46944,1826.482,1716.4355,-143.07732,2375.7766,952.8284,-140.06206,0 days 00:01:29.515822489,0 days 00:01:29.540833827
0 days 00:00:00.370000,0 days 00:00:00.395011338,answer8,0.35045147,-14.489053,17.566143,0.022129446,-0.03493349,0.11372268,20.87161,12.731374,5.3465023,-10.898562,0.0,0.0,0.0,0.0,0.0,0.0,654.9361,1526.2155,-201.0,1843.1713,1826.2106,-201.0,2668.0867,882.05176,-201.0,0 days 00:01:29.525822489,0 days 00:01:29.550833827
0 days 00:00:00.380000,0 days 00:00:00.405011338,answer8,0.32620436,-14.973317,18.58962,0.019405406,-0.033245016,0.096449286,21.925516,13.814967,6.4562526,-7.8941784,0.0,0.0,0.0,0.0,0.0,0.0,573.33966,1738.4564,-201.0,1703.6381,1534.166,-201.0,2621.759,996.0825,-201.0,0 days 00:01:29.535822489,0 days 00:01:29.560833827
0 days 00:00:00.390000,0 days 00:00:00.415011338,answer8,0.37194204,-12.748094,17.191399,0.019347182,-0.03107228,0.089071445,20.553019,10.258727,11.81263,-10.892399,0.0,0.0,0.0,0.0,0.0,0.0,678.8784,1642.548,-201.0,1671.7026,1068.79,-201.0,2828.7092,862.31885,-201.0,0 days 00:01:29.545822489,0 days 00:01:29.570833827
0 days 00:00:00.400000,0 days 00:00:00.425011338,answer8,0.41972986,-6.7571845,11.149478,0.019124169,-0.026202261,0.09899307,16.335587,2.095068,16.931225,-15.45943,0.0,0.0,0.0,0.0,0.0,0.0,390.3007,1649.9912,-201.0,1406.6826,1229.5631,-201.0,2317.752,885.42,-201.0,0 days 00:01:29.555822489,0 days 00:01:29.580833827
0 days 00:00:00.410000,0 days 00:00:00.435011338,answer8,0.43957424,-1.3954145,3.7202594,0.0047514904,-0.022119084,0.100764625,12.734482,-3.8142617,23.284645,-18.265688,0.0,0.0,0.0,0.0,0.0,0.0,547.9195,1465.585,-201.0,1730.002,975.12866,-201.0,2609.574,811.9736,-201.0,0 days 00:01:29.565822489,0 days 00:01:29.590833827
0 days 00:00:00.420000,0 days 00:00:00.445011338,answer8,0.38275924,-0.9345622,2.7611609,0.007529303,-0.018899037,0.08687883,11.647385,-3.0107143,21.498838,-16.049381,0.0,0.0,0.0,0.0,0.0,0.0,592.993,1531.5228,-201.0,1777.432,1019.04865,-201.0,2621.324,936.58887,-201.0,0 days 00:01:29.575822489,0 days 00:01:29.600833827
0 days 00:00:00.430000,0 days 00:00:00.455011338,answer8,0.32715282,-4.5753055,7.263334,-0.00095061056,-0.01730034,0.06767825,14.600862,1.852602,16.58362,-11.218169,0.0,0.0,0.0,0.0,0.0,0.0,839.13794,1385.7435,-201.0,2039.1416,888.9677,-201.0,2852.9326,853.34247,-201.0,0 days 00:01:29.585822489,0 days 00:01:29.610833827
0 days 00:00:00.440000,0 days 00:00:00.465011338,answer8,0.2941624,-6.7504044,10.650975,0.005942863,-0.016474286,0.051572893,15.462379,4.845984,11.72807,-7.1875215,0.0,0.0,0.0,0.0,0.0,0.0,745.6453,1352.4803,-201.0,1790.0594,1058.2573,-201.0,2622.9563,874.49146,-201.0,0 days 00:01:29.595822489,0 days 00:01:29.620833827
0 days 00:00:00.450000,0 days 00:00:00.475011338,answer8,0.28361216,-8.275804,11.830556,0.011274896,-0.017413326,0.04364483,16.057919,6.719751,7.2834,-7.171098,0.0,0.0,0.0,0.0,0.0,0.0,770.6679,1436.7284,-201.0,1717.257,1399.0215,-201.0,2520.6763,861.0537,-201.0,0 days 00:01:29.605822489,0 days 00:01:29.630833827
0 days 00:00:00.460000,0 days 00:00:00.485011338,answer8,0.26718313,-9.2160845,12.085313,0.011885454,-0.01871015,0.04013813,16.033379,8.7725725,5.186893,-6.588869,0.0,0.0,0.0,0.0,0.0,0.0,745.1121,1453.0043,-201.0,1684.1334,1461.4283,-201.0,2454.2449,994.23956,-201.0,0 days 00:01:29.615822489,0 days 00:01:29.640833827
0 days 00:00:00.470000,0 days 00:00:00.495011338,answer8,0.2500702,-9.898458,13.158605,0.015630292,-0.01684017,0.040292013,15.7556305,9.192041,0.4454991,-8.90755,0.0,0.0,0.0,0.0,0.0,0.0,709.2925,1738.4232,-201.0,1644.5558,1690.6066,-201.0,2356.57,1292.2513,-201.0,0 days 00:01:29.625822489,0 days 00:01:29.650833827
0 days 00:00:00.480000,0 days 00:00:00.505011338,answer8,0.2343751,-10.173793,14.704661,0.008789885,-0.016026972,0.037965324,16.632282,8.901333,-0.6961341,-9.098908,0.0,0.0,0.0,0.0,0.0,0.0,698.5366,1681.6416,-201.0,1710.5781,1400.8221,-201.0,2453.9243,1230.6864,-201.0,0 days 00:01:29.635822489,0 days 00:01:29.660833827
0 days 00:00:00.490000,0 days 00:00:00.515011338,answer8,0.22932422,-10.239301,16.353273,0.0090965135,-0.014120474,0.03692862,16.644453,8.359163,-0.21412818,-7.626512,0.0,0.0,0.0,0.0,0.0,0.0,710.16187,1580.3442,-201.0,1686.6654,1328.1764,-201.0,2481.7766,1079.1903,-201.0,0 days 00:01:29.645822489,0 days 00:01:29.670833827
0 days 00:00:00.500000,0 days 00:00:00.525011338,answer8,0.22765069,-10.337078,17.731157,0.0060467045,-0.011630912,0.033302937,17.823973,9.057719,0.53571135,-3.7109482,0.0,0.0,0.0,0.0,0.0,0.0,917.7727,1295.1732,-201.0,1927.2316,1262.6664,-201.0,2720.3113,786.26276,-201.0,0 days 00:01:29.655822489,0 days 00:01:29.680833827
0 days 00:00:00.510000,0 days 00:00:00.535011338,answer8,0.22453706,-10.781161,18.156313,0.008665585,-0.011210352,0.036063075,17.467457,9.463784,-1.1614702,-2.51408,0.0,0.0,0.0,0.0,0.0,0.0,893.9055,1210.1996,-201.0,1940.4059,1177.7328,-201.0,2804.8987,973.7305,-201.0,0 days 00:01:29.665822489,0 days 00:01:29.690833827
0 days 00:00:00.520000,0 days 00:00:00.545011338,answer8,0.22897673,-10.727849,17.800858,0.006551452,-0.012003794,0.04102355,18.261122,9.172854,-2.7935312,-2.6022146,0.0,0.0,0.0,0.0,0.0,0.0,750.2154,1395.2697,-201.0,1758.0968,1494.5143,-201.0,2632.6946,1062.999,-201.0,0 days 00:01:29.675822489,0 days 00:01:29.700833827
0 days 00:00:00.530000,0 days 00:00:00.555011338,answer8,0.22255379,-11.769302,19.149147,0.0084462995,-0.014735677,0.043553833,18.16553,10.131395,-3.4870727,-4.003977,0.0,0.0,0.0,0.0,0.0,0.0,726.48676,1281.1962,-201.0,1762.7086,1235.2571,-201.0,2649.4707,1016.4202,-201.0,0 days 00:01:29.685822489,0 days 00:01:29.710833827
0 days 00:00:00.540000,0 days 00:00:00.565011338,answer8,0.22412758,-12.603955,21.520014,0.008575342,-0.016055124,0.038600877,19.319511,11.401207,-3.8549652,-4.0239873,0.0,0.0,0.0,0.0,0.0,0.0,720.72076,1318.5995,-201.0,1691.0312,1295.6616,-201.0,2564.485,779.80273,-201.0,0 days 00:01:29.695822489,0 days 00:01:29.720833827
0 days 00:00:00.550000,0 days 00:00:00.575011338,answer8,0.21810561,-13.48394,22.643877,0.012509074,-0.01984124,0.034963585,19.251547,12.585856,-3.1379664,-4.990855,0.0,0.0,0.0,0.0,0.0,0.0,849.8208,1201.6631,-201.0,1822.3026,974.8757,-201.0,2731.956,652.571,-201.0,0 days 00:01:29.705822489,0 days 00:01:29.730833827
0 days 00:00:00.560000,0 days 00:00:00.585011338,answer8,0.2241025,-13.429034,21.882296,0.01563339,-0.020453611,0.03616987,19.276901,12.577614,-3.072443,-5.6724777,0.0,0.0,0.0,0.0,0.0,0.0,847.3316,1244.9777,-201.0,1781.1869,1038.8881,-201.0,2698.5842,617.3603,-201.0,0 days 00:01:29.715822489,0 days 00:01:29.740833827
0 days 00:00:00.570000,0 days 00:00:00.595011338,answer8,0.24008076,-12.854244,21.321915,0.023974264,-0.017255599,0.04279174,18.791113,11.424275,-3.3960836,-5.2921805,0.0,0.0,0.0,0.0,0.0,0.0,814.8215,1349.894,-201.0,1753.9943,1219.4292,-201.0,2648.2576,724.74634,-201.0,0 days 00:01:29.725822489,0 days 00:01:29.750833827
0 days 00:00:00.580000,0 days 00:00:00.605011338,answer8,0.27146396,-11.27922,20.117256,0.035771932,-0.0131047815,0.048150912,18.881163,8.866921,-6.076342,-8.483192,0.0,0.0,0.0,0.0,0.0,0.0,811.5498,1445.8439,-201.0,1731.8857,1402.9502,-201.0,2646.2214,768.25464,-201.0,0 days 00:01:29.735822489,0 days 00:01:29.760833827
0 days 00:00:00.590000,0 days 00:00:00.615011338,answer8,0.30094826,-9.261668,18.65944,0.052109096,-0.010595322,0.052128766,17.866243,5.1449275,-8.364852,-10.59732,0.0,0.0,0.0,0.0,0.0,0.0,652.77673,1595.6245,-201.0,1602.7787,1481.0109,-201.0,2598.0461,896.0666,-201.0,0 days 00:01:29.745822489,0 days 00:01:29.770833827
0 days 00:00:00.600000,0 days 00:00:00.625011338,answer8,0.31806043,-8.495178,16.53612,0.045692164,-0.012262706,0.05386808,18.222504,3.792364,-9.918809,-10.866658,0.0,0.0,0.0,0.0,0.0,0.0,550.60645,1574.4917,-201.0,1511.9186,1389.3187,-201.0,2624.0881,945.73114,-201.0,0 days 00:01:29.755822489,0 days 00:01:29.780833827
0 days 00:00:00.610000,0 days 00:00:00.635011338,answer8,0.30343184,-8.628921,16.882648,0.036907125,-0.01340317,0.053555984,17.422104,4.563414,-9.264247,-8.851094,0.0,0.0,0.0,0.0,0.0,0.0,564.3894,1462.3633,-201.0,1542.2158,1298.0543,-201.0,2595.1428,928.75977,-201.0,0 days 00:01:29.765822489,0 days 00:01:29.790833827
0 days 00:00:00.620000,0 days 00:00:00.645011338,answer8,0.298075,-10.699399,19.570951,0.025761902,-0.013663173,0.058885995,19.037779,7.086907,-6.1658826,-6.1903863,0.0,0.0,0.0,0.0,0.0,0.0,600.3603,1381.7227,-201.0,1553.9932,1324.0673,-201.0,2536.3625,911.6004,-201.0,0 days 00:01:29.775822489,0 days 00:01:29.800833827
0 days 00:00:00.630000,0 days 00:00:00.655011338,answer8,0.3572073,-12.986466,26.020803,0.0480905,-0.0070429486,0.17856443,22.029558,6.9405994,-2.9635146,-3.8093598,0.0,0.0,0.0,0.0,0.0,0.0,785.8857,1295.582,-201.0,1767.5331,1262.4742,-201.0,2680.303,880.2587,-201.0,0 days 00:01:29.785822489,0 days 00:01:29.810833827
0 days 00:00:00.640000,0 days 00:00:00.665011338,answer8,0.41590926,-14.555888,30.633875,0.066480376,-0.000286574,0.20613916,25.990744,7.2386355,-2.3618765,-1.6416346,0.0,0.0,0.0,0.0,0.0,0.0,810.5464,1621.703,-201.0,1630.1265,1257.4867,-201.0,2691.481,842.0762,-201.0,0 days 00:01:29.795822489,0 days 00:01:29.820833827
0 days 00:00:00.650000,0 days 00:00:00.675011338,answer8,0.44718912,-14.704929,32.0704,0.07304156,0.0048217406,0.24433906,27.752335,7.702685,-0.6266957,1.1394749,0.0,0.0,0.0,0.0,0.0,0.0,1060.6,1486.5616,-201.0,1985.9038,1081.5155,-201.0,3225.9705,894.003,-201.0,0 days 00:01:29.805822489,0 days 00:01:29.830833827
0 days 00:00:00.660000,0 days 00:00:00.685011338,answer8,0.38476896,-14.105142,29.7963,0.056621287,0.0016910309,0.15013345,24.94951,10.154323,-1.0411426,1.9329786,0.0,0.0,0.0,0.0,0.0,0.0,1069.9766,1448.7233,-201.0,1999.816,1105.5339,-201.0,3272.9924,1327.1139,-201.0,0 days 00:01:29.815822489,0 days 00:01:29.840833827
0 days 00:00:00.670000,0 days 00:00:00.695011338,answer8,0.33772936,-15.182205,29.664183,0.039387707,-0.0033698145,0.1262575,21.804113,11.9561615,-0.16911717,3.0795696,0.0,0.0,0.0,0.0,0.0,0.0,1050.5356,1117.4868,-141.047,2132.992,1071.7386,-141.70244,3266.867,1358.0106,-149.18935,0 days 00:01:29.825822489,0 days 00:01:29.850833827
0 days 00:00:00.680000,0 days 00:00:00.705011338,answer8,0.4111314,-17.496597,33.6094,0.034265313,-0.008561873,0.30982807,23.833221,12.829623,1.0283413,2.3801744,38.298927,0.0,0.9095746,8.641082,5.806136,31.046734,772.4886,1222.844,-111.070496,1780.9781,1087.9093,-82.45414,2811.3132,1331.859,-97.86804,0 days 00:01:29.835822489,0 days 00:01:29.860833827
0 days 00:00:00.690000,0 days 00:00:00.715011338,answer8,0.621886,-19.785833,37.33107,0.04299952,-0.011735362,0.6461868,28.777151,10.863689,4.076342,0.025586048,38.326824,0.085001096,2.0066507,9.071517,5.6344075,29.306818,870.32025,1184.2773,0.0,1957.8164,1007.5966,-29.669886,2989.9563,991.0691,-44.977024,0 days 00:01:29.845822489,0 days 00:01:29.870833827
0 days 00:00:00.700000,0 days 00:00:00.725011338,answer8,0.8806443,-21.426468,39.931595,0.053735573,-0.009194464,0.9007141,34.18344,8.850628,8.186326,-1.9553865,38.371525,0.061863605,2.401005,10.363835,6.216955,29.65191,693.90454,1196.4062,-26.877266,1801.9098,908.6434,-33.65115,2962.8352,945.8281,-45.75481,0 days 00:01:29.855822489,0 days 00:01:29.880833827
0 days 00:00:00.710000,0 days 00:00:00.735011338,answer8,0.98932284,-24.409742,40.871845,0.05671357,-0.012048106,0.73101574,36.07873,8.51419,11.686261,-3.2464666,38.433434,0.037921097,2.3340034,10.902776,8.773835,30.514107,680.493,1208.9713,0.0,1808.5482,945.84845,-40.493343,2945.9119,948.0937,-46.416443,0 days 00:01:29.865822489,0 days 00:01:29.890833827
0 days 00:00:00.720000,0 days 00:00:00.745011338,answer8,0.9549065,-28.447556,43.272034,0.04297213,-0.017176667,0.4574217,37.71814,13.382281,14.865354,-3.0252888,38.505466,0.014583863,1.0233691,11.482544,13.62659,34.652485,595.43134,1445.7125,0.0,1571.1211,1146.1891,-41.7155,2704.0608,941.9733,-49.463398,0 days 00:01:29.875822489,0 days 00:01:29.900833827
0 days 00:00:00.730000,0 days 00:00:00.755011338,answer8,0.8504153,-31.862143,44.89742,0.036860276,-0.02681972,0.29930303,38.54183,17.978495,15.752037,-3.9174464,38.581932,0.012786302,0.52928334,11.508107,16.768866,36.104004,537.48486,1655.8696,-51.43104,1698.2355,1319.4974,-43.773197,2843.0437,1211.8867,-50.36581,0 days 00:01:29.885822489,0 days 00:01:29.910833827
0 days 00:00:00.740000,0 days 00:00:00.765011338,answer8,0.76404303,-32.093594,46.633183,0.030016467,-0.030403912,0.3780323,37.995884,20.641077,15.01526,-3.2363682,38.671566,0.013386168,0.387956,11.424764,16.591234,34.899044,855.1951,1685.3657,0.0,1884.0117,1705.393,-41.617493,3035.9797,1315.7211,-50.664112,0 days 00:01:29.895822489,0 days 00:01:29.920833827
0 days 00:00:00.750000,0 days 00:00:00.775011338,answer8,0.67708516,-30.391668,45.398834,0.03358143,-0.029523244,0.4505917,34.38135,19.599157,13.14016,-0.6648323,38.85481,0.009440871,0.562452,11.019596,13.897003,29.43049,889.59766,1499.9554,-43.827972,2106.7107,1787.4144,-40.770233,2998.8486,1634.7474,-48.098812,0 days 00:01:29.905822489,0 days 00:01:29.930833827
0 days 00:00:00.760000,0 days 00:00:00.785011338,answer8,0.5804007,-28.046013,42.896915,0.028275559,-0.026534548,0.5097658,29.62072,18.59114,11.392479,2.1764457,39.036816,0.008860878,0.8781471,9.825591,11.473384,24.142881,1115.6962,1444.4215,-39.466267,2086.074,1811.2799,-37.526413,2882.9531,1393.777,-44.82704,0 days 00:01:29.915822489,0 days 00:01:29.940833827
0 days 00:00:00.770000,0 days 00:00:00.795011338,answer8,0.48200163,-23.366346,36.575706,0.028746476,-0.01885422,0.52650326,24.186798,16.212948,7.3035355,3.3687868,39.155285,0.008276328,1.1026511,9.143528,10.829077,20.889267,1031.389,1505.166,-91.2705,1947.6602,1540.559,-92.08823,2719.6924,1224.4623,-95.188416,0 days 00:01:29.925822489,0 days 00:01:29.950833827
0 days 00:00:00.780000,0 days 00:00:00.805011338,answer8,0.40930367,-17.463339,29.546333,0.023661358,-0.0119182505,0.39777157,19.992805,13.001035,3.6541135,3.576068,0.0,0.0,0.0,0.0,0.0,0.0,1055.0889,1463.7826,-144.24762,1873.9772,1202.0406,-144.49757,3132.5457,829.5117,-147.59776,0 days 00:01:29.935822489,0 days 00:01:29.960833827
0 days 00:00:00.790000,0 days 00:00:00.815011338,answer8,0.36644027,-12.236697,24.884062,0.013306335,-0.0074358024,0.23808931,16.678288,9.723461,0.57113355,5.5504594,0.0,0.0,0.0,0.0,0.0,0.0,1210.4316,1250.3268,-201.0,2178.8652,1140.5868,-201.0,3639.5945,946.73065,-201.0,0 days 00:01:29.945822489,0 days 00:01:29.970833827
0 days 00:00:00.800000,0 days 00:00:00.825011338,answer8,0.35006687,-9.318049,22.377022,-0.003095179,-0.007817884,0.09405371,14.7507515,8.033356,-1.2242985,5.8135695,0.0,0.0,0.0,0.0,0.0,0.0,981.1203,1185.2949,-201.0,2106.8562,995.72833,-201.0,3592.5208,947.6104,-201.0,0 days 00:01:29.955822489,0 days 00:01:29.980833827
0 days 00:00:00.810000,0 days 00:00:00.835011338,answer8,0.35151315,-7.8019886,20.142889,-0.011287704,-0.006226474,0.060401782,13.929435,6.911468,-1.9939613,5.175928,0.0,0.0,0.0,0.0,0.0,0.0,935.94824,1306.8116,-201.0,1982.2233,1755.5248,-201.0,3035.4941,957.3339,-201.0,0 days 00:01:29.965822489,0 days 00:01:29.990833827
0 days 00:00:00.820000,0 days 00:00:00.845011338,answer8,0.35280928,-7.5617156,18.540169,-0.0019765086,-0.0063128495,0.06327171,13.992989,7.010508,-2.0897284,3.3582535,0.0,0.0,0.0,0.0,0.0,0.0,609.2316,1502.4713,-201.0,1570.1891,1765.4178,-201.0,2457.5132,946.9788,-201.0,0 days 00:01:29.975822489,0 days 00:01:30.000833827
0 days 00:00:00.830000,0 days 00:00:00.855011338,answer8,0.36009252,-8.164622,16.076807,0.013518433,-0.0075643323,0.058488015,13.111447,9.2317505,0.753334,2.9371092,0.0,0.0,0.0,0.0,0.0,0.0,623.7115,1462.7936,-201.0,1582.191,1785.3672,-201.0,2424.7869,913.2575,-201.0,0 days 00:01:29.985822489,0 days 00:01:30.010833827
0 days 00:00:00.840000,0 days 00:00:00.865011338,answer8,0.35876146,-8.322024,14.657009,0.023436407,-0.011631441,0.06553375,11.535065,10.4041,1.8313628,2.188221,0.0,0.0,0.0,0.0,0.0,0.0,518.232,1580.6935,-201.0,1427.9668,1232.0658,-201.0,2379.4824,966.28925,-201.0,0 days 00:01:29.995822489,0 days 00:01:30.020833827
0 days 00:00:00.850000,0 days 00:00:00.875011338,answer8,0.35964897,-8.025471,13.50351,0.027215352,-0.012371351,0.06717285,10.091516,10.468218,3.478195,1.7547661,0.0,0.0,0.0,0.0,0.0,0.0,706.7238,1468.2274,-201.0,1569.6862,1182.2242,-201.0,2454.0793,851.79913,-201.0,0 days 00:01:30.005822489,0 days 00:01:30.030833827
0 days 00:00:00.860000,0 days 00:00:00.885011338,answer8,0.3597391,-7.7978425,14.16447,0.026522128,-0.0058958563,0.057715144,9.940319,8.300902,2.811505,4.2482505,0.0,0.0,0.0,0.0,0.0,0.0,901.81836,1416.6439,-201.0,1719.4982,1220.7399,-201.0,2573.6416,887.87286,-201.0,0 days 00:01:30.015822489,0 days 00:01:30.040833827
0 days 00:00:00.870000,0 days 00:00:00.895011338,answer8,0.3661797,-8.389483,16.170677,0.029880514,-0.002986419,0.04852971,10.713989,8.299636,4.030321,2.6602077,0.0,0.0,0.0,0.0,0.0,0.0,940.0073,1173.0015,-201.0,1816.8911,1077.07,-201.0,2668.4373,740.2085,-201.0,0 days 00:01:30.025822489,0 days 00:01:30.050833827
0 days 00:00:00.880000,0 days 00:00:00.905011338,answer8,0.35898677,-7.7700744,16.270693,0.03521286,-0.0020010562,0.04896031,9.848382,7.823706,1.5970653,-0.015899181,0.0,0.0,0.0,0.0,0.0,0.0,922.5267,1252.6764,-201.0,1855.4108,1189.2035,-201.0,2672.5984,816.12964,-201.0,0 days 00:01:30.035822489,0 days 00:01:30.060833827
0 days 00:00:00.890000,0 days 00:00:00.915011338,answer8,0.34242523,-7.0063496,15.612862,0.043976646,-0.006918721,0.054814924,9.041725,8.185635,0.6100289,-3.6962907,0.0,0.0,0.0,0.0,0.0,0.0,854.0027,2030.2692,-201.0,1691.4463,1251.5348,-201.0,2608.3762,807.1567,-201.0,0 days 00:01:30.045822489,0 days 00:01:30.070833827
0 days 00:00:00.900000,0 days 00:00:00.925011338,answer8,0.32136825,-6.9063087,15.659579,0.03965641,-0.007126946,0.055557627,9.21495,8.8362875,0.41929898,-0.60597277,0.0,0.0,0.0,0.0,0.0,0.0,879.7413,2130.301,-201.0,1726.6699,1395.1984,-201.0,2576.3547,1004.0061,-201.0,0 days 00:01:30.055822489,0 days 00:01:30.080833827
0 days 00:00:00.910000,0 days 00:00:00.935011338,answer8,0.31443492,-6.8935294,15.678872,0.021697106,-0.005659761,0.052148025,10.525414,8.3188505,3.4691458,3.4772518,0.0,0.0,0.0,0.0,0.0,0.0,906.076,1978.3063,-201.0,1723.7133,1248.3699,-201.0,2633.3167,979.62085,-201.0,0 days 00:01:30.065822489,0 days 00:01:30.090833827
0 days 00:00:00.920000,0 days 00:00:00.945011338,answer8,0.3244772,-7.120605,15.906081,0.009464186,-0.006924197,0.053902417,12.244967,7.1685143,2.393592,3.521901,0.0,0.0,0.0,0.0,0.0,0.0,985.3724,1244.8336,-201.0,1941.4702,1205.1971,-201.0,2762.7986,939.0485,-201.0,0 days 00:01:30.075822489,0 days 00:01:30.100833827
0 days 00:00:00.930000,0 days 00:00:00.955011338,answer8,0.32683527,-7.4433494,15.103011,0.012117413,-0.009602922,0.05556896,12.336131,6.38454,-0.19713418,-1.6004572,0.0,0.0,0.0,0.0,0.0,0.0,973.2466,1244.8824,-201.0,1987.61,1150.3601,-201.0,2746.508,950.1709,-201.0,0 days 00:01:30.085822489,0 days 00:01:30.110833827
0 days 00:00:00.940000,0 days 00:00:00.965011338,answer8,0.32257453,-7.4552417,14.111038,0.03048379,-0.008780119,0.052361503,12.231476,6.3204994,-3.4678237,-3.7524383,0.0,0.0,0.0,0.0,0.0,0.0,981.2083,1325.9261,-201.0,1988.831,1262.7637,-201.0,2695.0237,984.438,-201.0,0 days 00:01:30.095822489,0 days 00:01:30.120833827
0 days 00:00:00.950000,0 days 00:00:00.975011338,answer8,0.30980048,-7.341245,12.677059,0.03219873,-0.008369801,0.046657715,10.783784,7.342775,-3.477471,-5.458952,0.0,0.0,0.0,0.0,0.0,0.0,963.46533,1338.3488,-201.0,1952.4515,1307.43,-201.0,2620.8918,1064.4489,-201.0,0 days 00:01:30.105822489,0 days 00:01:30.130833827
0 days 00:00:00.960000,0 days 00:00:00.985011338,answer8,0.303592,-7.733721,13.578994,0.025920054,-0.006805482,0.048414666,10.847135,9.324634,-0.3275849,-1.3936208,0.0,0.0,0.0,0.0,0.0,0.0,961.0115,1346.7896,-201.0,1866.7865,1335.9764,-201.0,2663.1897,926.1983,-201.0,0 days 00:01:30.115822489,0 days 00:01:30.140833827
0 days 00:00:00.970000,0 days 00:00:01.000997732,answer8,0.30259266,-8.768044,15.186244,0.015172676,-0.009092157,0.049918115,11.212532,11.75492,2.3798304,-0.5369217,0.0,0.0,0.0,0.0,0.0,0.0,787.15356,1693.7949,-201.0,1609.6693,1446.3295,-201.0,2437.067,1189.9437,-201.0,0 days 00:01:30.125822489,0 days 00:01:30.156820221
0 days 00:00:00,0 days 00:00:00.025011338,answer9,1.1129085,-3.1600373,7.936134,0.0718267,-0.0052271527,0.1317435,16.107092,-12.310332,-2.7323406,-0.003095587,0.0,0.0,0.0,0.0,0.0,0.0,977.27783,1025.6523,-201.0,1886.1552,976.64746,-201.0,2871.2246,1084.4252,-201.0,0 days 00:01:43.436770103,0 days 00:01:43.461781441
0 days 00:00:00.010000,0 days 00:00:00.035011338,answer9,1.1625811,-1.3429412,6.6980686,0.06347885,-0.0018680693,0.23393172,11.570449,-12.088077,0.44946423,0.46334672,0.0,0.0,0.0,0.0,0.0,0.0,1003.9996,1102.6771,-201.0,1940.3859,1064.7212,-201.0,2864.7483,1015.81665,-201.0,0 days 00:01:43.446770103,0 days 00:01:43.471781441
0 days 00:00:00.020000,0 days 00:00:00.045011338,answer9,1.2159873,0.5865796,6.2532864,0.051028505,0.0034244694,0.3373057,6.5264325,-12.660113,1.310876,0.6252984,0.0,0.0,0.0,0.0,0.0,0.0,1027.6366,1199.0243,-201.0,1997.8959,1277.3092,-201.0,2788.7087,1046.082,-201.0,0 days 00:01:43.456770103,0 days 00:01:43.481781441
0 days 00:00:00.030000,0 days 00:00:00.055011338,answer9,1.304309,0.70572805,6.7594547,0.05377372,0.0058062454,0.3002498,5.5473657,-13.677265,-0.12507813,-1.6235824,0.0,0.0,0.0,0.0,0.0,0.0,1076.5717,1155.358,-201.0,2177.4739,1613.2047,-201.0,2704.2517,1116.7194,-201.0,0 days 00:01:43.466770103,0 days 00:01:43.491781441
0 days 00:00:00.040000,0 days 00:00:00.065011338,answer9,1.3085642,0.19341876,7.145199,0.05075504,0.0033011334,0.30813372,6.200907,-13.798591,1.3468574,-3.2501526,0.0,0.0,0.0,0.0,0.0,0.0,1068.9559,1077.4877,-201.0,2155.6077,1543.1652,-201.0,2671.0198,1022.9012,-201.0,0 days 00:01:43.476770103,0 days 00:01:43.501781441
0 days 00:00:00.050000,0 days 00:00:00.075011338,answer9,1.2952561,-0.11065319,7.403971,0.051302347,0.0034134712,0.30310583,7.552236,-13.546313,4.0950775,-2.3087432,0.0,0.0,0.0,0.0,0.0,0.0,1049.4998,1054.6288,-201.0,2105.3113,1430.2933,-201.0,2697.0242,903.71387,-201.0,0 days 00:01:43.486770103,0 days 00:01:43.511781441
0 days 00:00:00.060000,0 days 00:00:00.085011338,answer9,1.2189511,-1.2473856,8.142181,0.05008105,-0.00021909534,0.30976358,8.200249,-12.362985,1.6905947,-3.3063374,0.0,0.0,0.0,0.0,0.0,0.0,996.05493,1138.5708,-201.0,1954.286,1090.6665,-201.0,2843.5586,759.4385,-201.0,0 days 00:01:43.496770103,0 days 00:01:43.521781441
0 days 00:00:00.070000,0 days 00:00:00.095011338,answer9,1.1497526,-1.557435,8.317551,0.041680966,-0.0002746994,0.29785693,9.498023,-10.462226,-0.019538006,-0.83032376,0.0,0.0,0.0,0.0,0.0,0.0,1005.14746,1127.9811,-201.0,2003.039,1089.4486,-201.0,2891.9465,1094.2754,-201.0,0 days 00:01:43.506770103,0 days 00:01:43.531781441
0 days 00:00:00.080000,0 days 00:00:00.105011338,answer9,1.0951316,-1.627247,8.213984,0.036553238,-0.0014875265,0.2760978,10.939224,-10.03374,-0.9169621,-1.5128593,0.0,0.0,0.0,0.0,0.0,0.0,985.0071,1132.7965,-201.0,1997.5385,1119.1344,-201.0,2828.9912,1149.6722,-201.0,0 days 00:01:43.516770103,0 days 00:01:43.541781441
0 days 00:00:00.090000,0 days 00:00:00.115011338,answer9,1.0333065,-0.77914184,7.887674,0.034996256,0.001556073,0.26038554,11.767661,-10.658031,0.027441025,1.9714994,0.0,0.0,0.0,0.0,0.0,0.0,811.32245,1198.2189,-201.0,1790.7347,1215.2404,-201.0,2600.8455,1335.8822,-201.0,0 days 00:01:43.526770103,0 days 00:01:43.551781441
0 days 00:00:00.100000,0 days 00:00:00.125011338,answer9,1.0178828,-0.6398143,8.069537,0.04772134,-0.00020687158,0.25654864,12.81997,-13.6157875,-3.6675508,0.49754763,0.0,0.0,0.0,0.0,0.0,0.0,832.7588,1453.8652,-201.0,1597.2168,1367.3795,-201.0,2488.4724,1106.4714,-201.0,0 days 00:01:43.536770103,0 days 00:01:43.561781441
0 days 00:00:00.110000,0 days 00:00:00.135011338,answer9,0.98273593,-0.2662766,6.6622086,0.055112243,-0.00020965065,0.2731022,13.515923,-15.778062,-5.806475,1.8335457,0.0,0.0,0.0,0.0,0.0,0.0,838.1626,1451.0435,-201.0,1574.4062,1338.0104,-201.0,2482.0437,1059.9235,-201.0,0 days 00:01:43.546770103,0 days 00:01:43.571781441
0 days 00:00:00.120000,0 days 00:00:00.145011338,answer9,0.992553,-0.25219005,7.51779,0.067871176,-0.0026891932,0.26766255,14.957362,-17.14119,-6.928427,0.4657588,0.0,0.0,0.0,0.0,0.0,0.0,805.031,1555.5264,-201.0,1544.6104,1400.8905,-201.0,2424.216,1061.5983,-201.0,0 days 00:01:43.556770103,0 days 00:01:43.581781441
0 days 00:00:00.130000,0 days 00:00:00.155011338,answer9,0.94168234,-0.5547249,9.070492,0.06201442,-0.00075619615,0.23781228,16.315924,-16.74123,-5.6458263,0.28211355,0.0,0.0,0.0,0.0,0.0,0.0,813.4587,1388.3922,-201.0,1776.5225,1306.2145,-201.0,2617.6082,2661.4314,-201.0,0 days 00:01:43.566770103,0 days 00:01:43.591781441
0 days 00:00:00.140000,0 days 00:00:00.165011338,answer9,0.8781481,-1.7280935,12.226189,0.05438839,-0.0038678173,0.20642953,17.72627,-14.515648,-5.523275,-0.76078445,0.0,0.0,0.0,0.0,0.0,0.0,862.0358,1459.5687,-201.0,1795.9062,1452.578,-201.0,2656.2708,2689.3403,-201.0,0 days 00:01:43.576770103,0 days 00:01:43.601781441
0 days 00:00:00.150000,0 days 00:00:00.175011338,answer9,0.8275134,-3.004886,14.94978,0.042070616,-0.0031034995,0.21338435,19.08771,-11.243095,-5.3623576,1.4205335,0.0,0.0,0.0,0.0,0.0,0.0,1010.79596,1315.0812,-201.0,1968.9196,1327.3566,-201.0,2881.122,2605.783,-201.0,0 days 00:01:43.586770103,0 days 00:01:43.611781441
0 days 00:00:00.160000,0 days 00:00:00.185011338,answer9,0.8024144,-4.3113823,17.223654,0.035369273,-0.0046203174,0.21912126,19.789963,-8.685552,-6.4757752,1.7509613,0.0,0.0,0.0,0.0,0.0,0.0,929.9785,1312.7057,-201.0,1841.483,1293.1293,-201.0,2736.4412,1083.7833,-201.0,0 days 00:01:43.596770103,0 days 00:01:43.621781441
0 days 00:00:00.170000,0 days 00:00:00.195011338,answer9,0.8327424,-6.1796517,20.102072,0.0371602,-0.0063865273,0.26205915,21.501978,-6.217257,-8.923198,0.9877513,0.0,0.0,0.0,0.0,0.0,0.0,679.991,1593.4297,-139.32355,1615.2196,1308.5651,-141.55434,2568.302,1191.6951,-142.84734,0 days 00:01:43.606770103,0 days 00:01:43.631781441
0 days 00:00:00.180000,0 days 00:00:00.205011338,answer9,0.8534128,-8.762202,22.494986,0.03912578,-0.011535957,0.26561072,23.342613,-4.2656937,-10.830151,-1.7911874,35.848648,0.0,0.0,2.8015528,-6.4019365,13.546921,729.59296,1593.2555,-77.54721,1671.6595,1313.1051,-84.22482,2757.6785,1333.1118,-85.786835,0 days 00:01:43.616770103,0 days 00:01:43.641781441
0 days 00:00:00.190000,0 days 00:00:00.215011338,answer9,0.8999831,-11.533463,24.160028,0.049699545,-0.016733458,0.29892603,23.169846,0.34895816,-6.8710747,-6.725664,36.527203,0.14337718,0.74714184,2.46401,-5.0275846,11.891566,694.5275,1762.5829,-14.04837,1675.4183,1402.7759,-25.751299,2791.9675,1424.1998,-25.907907,0 days 00:01:43.626770103,0 days 00:01:43.651781441
0 days 00:00:00.200000,0 days 00:00:00.225011338,answer9,1.04672,-11.735722,21.62069,0.05050583,-0.022679418,0.3872598,18.631037,3.3209016,-1.3352407,-14.976314,37.6633,0.14337718,0.74714184,2.4450734,-1.4280754,11.742512,844.8968,1406.169,-13.674682,1871.9921,1096.0885,-26.73704,2958.7656,1183.1383,-24.185457,0 days 00:01:43.636770103,0 days 00:01:43.661781441
0 days 00:00:00.210000,0 days 00:00:00.235011338,answer9,1.2176782,-9.753482,17.530737,0.047330145,-0.020650087,0.41113743,12.744311,4.7944436,2.5623112,-20.951086,39.14711,0.1456918,1.0706897,3.1059,0.7250109,9.956454,875.0964,1351.7079,-13.573321,1943.9443,1062.6754,-25.178835,2810.253,1202.8151,-22.804764,0 days 00:01:43.646770103,0 days 00:01:43.671781441
0 days 00:00:00.220000,0 days 00:00:00.245011338,answer9,1.3087318,-8.235932,15.121933,0.040648285,-0.013758088,0.46550655,8.75266,2.9865456,1.7758709,-21.65371,40.080204,0.10496209,1.0137644,4.6470394,3.290939,9.704196,955.8428,1156.885,-16.581892,2093.216,943.79877,-23.963812,2764.5496,1586.1748,-22.995148,0 days 00:01:43.656770103,0 days 00:01:43.681781441
0 days 00:00:00.230000,0 days 00:00:00.255011337,answer9,1.2962308,-9.091793,17.270315,0.04285839,-0.0072237235,0.4451038,9.354126,0.9867592,0.2743504,-17.330345,41.078136,0.067135185,1.2646044,5.517052,0.32797495,10.110421,1020.8703,1077.6449,-16.030039,2195.84,926.4368,-25.089167,2897.2317,1923.2466,-25.812485,0 days 00:01:43.666770103,0 days 00:01:43.691781440
0 days 00:00:00.240000,0 days 00:00:00.265011338,answer9,1.2643672,-10.458947,19.081049,0.06032425,-0.008064945,0.46724188,10.215877,-1.4341942,0.037687346,-16.127382,41.344612,0.025542261,1.038014,5.7614794,0.06456661,9.583489,998.8174,1004.26294,-77.90774,2137.9768,828.9375,-83.97689,2897.5784,1760.1766,-84.253685,0 days 00:01:43.676770103,0 days 00:01:43.701781441
0 days 00:00:00.250000,0 days 00:00:00.275011338,answer9,1.2226971,-10.122323,18.79863,0.07055518,-0.012358762,0.4861641,12.420957,-2.4761484,-0.41611934,-17.640997,0.0,0.0,0.0,0.0,0.0,0.0,952.3528,1051.5826,-138.39801,2012.3726,913.4156,-143.66542,2812.418,1274.4594,-143.94223,0 days 00:01:43.686770103,0 days 00:01:43.711781441
0 days 00:00:00.260000,0 days 00:00:00.285011338,answer9,1.1163411,-8.906899,16.156425,0.07777957,-0.013031811,0.41073644,13.145608,-2.6309602,-0.6831825,-20.222773,0.0,0.0,0.0,0.0,0.0,0.0,994.366,1223.5673,-201.0,1910.894,2218.8606,-201.0,2569.583,1084.249,-201.0,0 days 00:01:43.696770103,0 days 00:01:43.721781441
0 days 00:00:00.270000,0 days 00:00:00.295011338,answer9,0.9945507,-6.838094,13.144948,0.06432716,-0.010653577,0.36079213,13.620551,-2.3244905,0.37414613,-17.83978,0.0,0.0,0.0,0.0,0.0,0.0,1023.3183,1349.6929,-201.0,1938.2461,2328.8462,-201.0,2626.288,928.81616,-201.0,0 days 00:01:43.706770103,0 days 00:01:43.731781441
0 days 00:00:00.280000,0 days 00:00:00.305011338,answer9,0.9520139,-6.7462254,12.872566,0.06718644,-0.013055441,0.27676782,14.145871,-3.159169,0.74055916,-16.61429,0.0,0.0,0.0,0.0,0.0,0.0,1092.9111,1384.8983,-201.0,1972.1074,2256.6238,-201.0,2760.8733,748.63544,-201.0,0 days 00:01:43.716770103,0 days 00:01:43.741781441
0 days 00:00:00.290000,0 days 00:00:00.315011338,answer9,0.93017274,-7.0565925,15.026387,0.06619354,-0.0137934275,0.27771178,16.424566,-3.5611122,0.27472997,-12.565597,0.0,0.0,0.0,0.0,0.0,0.0,808.86835,1460.2015,-201.0,1792.2972,1100.0214,-201.0,2715.0479,670.94507,-201.0,0 days 00:01:43.726770103,0 days 00:01:43.751781441
0 days 00:00:00.300000,0 days 00:00:00.325011338,answer9,0.9393117,-8.187913,17.594667,0.07261839,-0.016634634,0.2884079,18.4453,-5.638017,-3.8280284,-13.200806,0.0,0.0,0.0,0.0,0.0,0.0,817.1221,1440.5175,-137.12756,1739.2081,1184.9532,-140.2581,2702.0479,968.48175,-143.05159,0 days 00:01:43.736770103,0 days 00:01:43.761781441
0 days 00:00:00.310000,0 days 00:00:00.335011338,answer9,0.9079705,-8.182871,17.703249,0.06224796,-0.014782083,0.2712626,19.126951,-5.9176993,-5.273791,-11.351807,41.661713,0.0,0.0,1.0411181,6.4446406,24.007862,755.3027,1741.7682,-72.64538,1615.5521,1229.9073,-78.7055,2693.0789,1217.1694,-84.35419,0 days 00:01:43.746770103,0 days 00:01:43.771781441
0 days 00:00:00.320000,0 days 00:00:00.345011338,answer9,0.91134983,-7.86632,15.982722,0.05939692,-0.015900142,0.24822761,17.899506,-7.2528367,-8.148572,-10.784771,41.71278,0.046138324,1.4149904,1.34829,7.9258704,22.749437,984.8974,1612.2833,-8.492218,1841.4791,1247.1705,-17.667086,2838.6619,1360.4818,-23.315786,0 days 00:01:43.756770103,0 days 00:01:43.781781441
0 days 00:00:00.330000,0 days 00:00:00.355011338,answer9,0.9079616,-7.930022,15.319725,0.04989476,-0.015427279,0.26198667,17.083765,-7.149933,-10.694969,-9.190467,41.73869,0.05329871,1.065417,1.1240678,9.340144,23.206114,965.3088,1661.1241,-8.85241,1840.1813,1195.1884,-18.61672,2797.3125,1281.5536,-22.718378,0 days 00:01:43.766770103,0 days 00:01:43.791781441
0 days 00:00:00.340000,0 days 00:00:00.365011338,answer9,0.92161614,-6.9090133,14.319996,0.05255328,-0.011823092,0.2628857,16.48586,-8.844772,-15.393355,-7.191227,42.18306,0.05767421,1.1502439,2.6190643,11.521225,22.285685,1021.69403,1308.2311,-11.849976,2012.6475,1185.666,-20.718147,2742.8274,1885.0887,-23.73332,0 days 00:01:43.776770103,0 days 00:01:43.801781441
0 days 00:00:00.350000,0 days 00:00:00.375011338,answer9,0.9846085,-8.187022,17.72018,0.054763213,-0.010588542,0.42882594,18.436422,-7.2016563,-17.105972,-8.775162,42.380367,0.0463513,1.6488675,4.574179,11.353742,22.999865,1061.0394,1195.2798,-14.414939,2075.4473,1148.35,-23.254362,3039.4844,1923.4606,-27.179947,0 days 00:01:43.786770103,0 days 00:01:43.811781441
0 days 00:00:00.360000,0 days 00:00:00.385011338,answer9,1.2198675,-9.841554,21.396255,0.0645107,-0.0075356476,0.6593675,20.762959,-8.835602,-15.074901,-15.170693,42.472248,0.03427147,2.2934282,6.4590473,10.581475,21.224464,935.55396,1427.9166,-13.349369,1934.0594,1210.5563,-22.40635,2925.5383,1800.5702,-28.008562,0 days 00:01:43.796770103,0 days 00:01:43.821781441
0 days 00:00:00.370000,0 days 00:00:00.395011338,answer9,1.4750094,-11.605573,24.98001,0.068665065,-0.008531612,0.887646,23.162727,-9.940326,-9.973557,-20.572636,41.64439,0.021536842,2.2834876,6.279799,9.439209,18.617775,924.4611,1537.2516,-13.033324,1902.0654,1301.4506,-22.220034,3056.835,2325.7297,-26.570284,0 days 00:01:43.806770103,0 days 00:01:43.831781441
0 days 00:00:00.380000,0 days 00:00:00.405011338,answer9,1.6850013,-9.979786,24.343277,0.072650366,-0.0034938015,0.95487386,22.578032,-14.155083,-6.451484,-23.782393,40.650333,0.016633393,1.7206669,4.2656894,7.5298553,17.63104,938.716,1608.2623,-12.699753,1775.9933,2059.8943,-20.884642,2662.88,2190.1687,-27.222504,0 days 00:01:43.816770103,0 days 00:01:43.841781441
0 days 00:00:00.390000,0 days 00:00:00.415011338,answer9,1.6795963,-8.488675,23.433264,0.07115542,-0.0053411652,0.90886885,23.42605,-14.272536,-5.825189,-21.92908,39.263775,0.0516225,2.0958297,2.678302,3.2761269,14.720489,1057.3354,1327.5267,-14.337382,1911.7802,1976.8046,-21.31405,2918.1887,2371.5535,-25.345276,0 days 00:01:43.826770103,0 days 00:01:43.851781441
0 days 00:00:00.400000,0 days 00:00:00.425011338,answer9,1.7157469,-7.945538,22.068487,0.06690254,-0.0062677935,0.91170216,24.399559,-14.557887,-4.6655245,-21.949305,38.16913,0.0939849,2.7606354,2.552633,-4.0893974,13.100423,983.46436,1278.6783,-11.490166,1805.2577,1905.0582,-20.995728,2745.4785,1054.6855,-26.782446,0 days 00:01:43.836770103,0 days 00:01:43.861781441
0 days 00:00:00.410000,0 days 00:00:00.435011338,answer9,1.6800232,-8.985158,22.029266,0.05666844,-0.0058418033,0.8155782,24.2911,-11.408565,-3.0586853,-18.847631,37.39098,0.12693441,2.4654157,3.9381154,-7.794607,9.137202,918.15753,1395.9883,-13.717266,1778.5317,1268.8824,-18.677101,2797.7341,1059.2645,-25.244287,0 days 00:01:43.846770103,0 days 00:01:43.871781441
0 days 00:00:00.420000,0 days 00:00:00.445011338,answer9,1.6574887,-10.397209,22.040794,0.060715687,-0.00477697,0.7584123,24.272766,-8.283584,-0.5022363,-13.450607,37.10192,0.085614584,1.6023079,5.221081,-6.163712,8.376611,676.86566,1541.3925,-14.48617,1577.693,1276.1376,-18.656199,2541.3857,910.1878,-27.090723,0 days 00:01:43.856770103,0 days 00:01:43.881781441
0 days 00:00:00.430000,0 days 00:00:00.455011338,answer9,1.5295483,-12.508704,23.624033,0.06345855,-0.0030780341,0.64948314,23.341461,-4.287283,1.1297737,-4.52367,37.069057,0.06024822,0.6907413,5.735718,-2.817174,8.546823,717.0599,1397.69,0.0,1632.3529,1116.5356,-78.61202,2734.7637,904.0109,-84.77429,0 days 00:01:43.866770103,0 days 00:01:43.891781441
0 days 00:00:00.440000,0 days 00:00:00.465011338,answer9,1.3992215,-13.112237,23.339666,0.0677585,-0.008855556,0.87808245,24.477533,-3.229514,-0.45526457,0.82119054,0.0,0.0,0.0,0.0,0.0,0.0,711.7701,1324.3848,-201.0,1674.816,977.5079,-140.76823,2777.4277,821.91675,-143.252,0 days 00:01:43.876770103,0 days 00:01:43.901781441
0 days 00:00:00.450000,0 days 00:00:00.475011338,answer9,1.332425,-12.204587,21.147383,0.06401201,-0.011802842,0.77268404,24.539484,-2.9149525,-2.0247586,3.8088224,0.0,0.0,0.0,0.0,0.0,0.0,923.9536,1161.0292,-201.0,1902.7845,916.01984,-201.0,2874.2117,1019.75195,-201.0,0 days 00:01:43.886770103,0 days 00:01:43.911781441
0 days 00:00:00.460000,0 days 00:00:00.485011338,answer9,1.3148204,-10.119573,18.988106,0.058675032,-0.013669689,0.73736376,24.31012,-2.654773,-4.223547,4.0152607,0.0,0.0,0.0,0.0,0.0,0.0,915.325,1173.8184,-201.0,1912.2504,952.46014,-201.0,2904.4678,1195.091,-201.0,0 days 00:01:43.896770103,0 days 00:01:43.921781441
0 days 00:00:00.470000,0 days 00:00:00.495011338,answer9,1.3992438,-9.315099,20.011301,0.05471617,-0.012392151,0.692023,24.87417,-2.0739715,-4.850498,-0.15941668,0.0,0.0,0.0,0.0,0.0,0.0,905.5241,1336.5417,-137.28404,1820.3785,1053.5514,-137.88216,2852.6614,1237.4745,-140.98535,0 days 00:01:43.906770103,0 days 00:01:43.931781441
0 days 00:00:00.480000,0 days 00:00:00.505011338,answer9,1.4665523,-10.732512,23.758621,0.054964814,-0.01045419,0.88118976,26.583025,0.5088136,-3.8939526,-3.653394,30.714163,0.0,0.0,3.4700422,18.793762,32.654137,962.1243,1286.0621,-72.499146,1888.563,1074.4955,-78.818596,3146.5413,1036.2501,-83.8778,0 days 00:01:43.916770103,0 days 00:01:43.941781441
0 days 00:00:00.490000,0 days 00:00:00.515011338,answer9,1.5552703,-12.316861,28.712845,0.05458511,-0.011506719,0.9875612,29.993189,1.8860105,-5.3325887,-8.230725,30.220896,0.0,0.2480683,2.3260486,20.627045,32.044758,926.5615,1422.3472,-6.441185,1775.1416,1187.7075,-14.606202,2924.614,816.7241,-24.305895,0 days 00:01:43.926770103,0 days 00:01:43.951781441
0 days 00:00:00.500000,0 days 00:00:00.525011338,answer9,1.5554647,-12.896187,29.723013,0.051765293,-0.01235792,0.92346996,31.706942,0.92729324,-4.700869,-8.416696,29.460052,0.0,0.24806829,0.93675834,21.38943,32.20005,935.5555,1315.8348,-3.2396765,1865.1045,1117.7773,-11.004047,2989.0852,779.84735,-23.68367,0 days 00:01:43.936770103,0 days 00:01:43.961781441
0 days 00:00:00.510000,0 days 00:00:00.535011338,answer9,1.4432983,-11.020055,29.047445,0.043496788,-0.012244076,0.89082295,30.913658,-2.623581,-8.656653,-9.972892,29.168524,0.0,0.46625027,-1.2422452,19.827827,29.82907,731.12115,1576.4674,-4.0539594,1644.578,1267.2764,-5.1211185,2690.8525,1000.457,-21.17813,0 days 00:01:43.946770103,0 days 00:01:43.971781441
0 days 00:00:00.520000,0 days 00:00:00.545011338,answer9,1.275644,-10.487812,27.34506,0.042033006,-0.010949542,0.87121034,30.178198,-3.9324834,-9.870809,-11.160203,29.495844,0.04723212,1.0299774,-0.32515216,17.911818,28.887024,625.97955,1675.0619,-7.9371715,1602.7015,1246.4912,-6.3553767,2717.248,1042.019,-21.726715,0 days 00:01:43.956770103,0 days 00:01:43.981781441
0 days 00:00:00.530000,0 days 00:00:00.555011338,answer9,1.0704013,-11.381222,26.90513,0.041645363,-0.012156193,0.71824455,29.419418,-1.0956545,-7.8799496,-9.745507,29.823462,0.044845734,1.5937046,0.71669835,17.021906,26.69398,638.90985,2106.8438,-10.478976,1444.2247,1398.8745,-11.675906,2614.0652,1131.3478,-22.888954,0 days 00:01:43.966770103,0 days 00:01:43.991781441
0 days 00:00:00.540000,0 days 00:00:00.565011338,answer9,0.9356346,-12.5844145,25.620924,0.03462234,-0.01121192,0.53656256,29.13658,2.4208734,-2.2604535,-5.694039,29.929998,0.04501393,1.9563589,2.6438456,18.866371,24.380087,646.7094,2080.9263,-15.532962,1406.745,1421.2412,-15.028836,2514.6743,1247.1185,-23.784582,0 days 00:01:43.976770103,0 days 00:01:44.001781441
0 days 00:00:00.550000,0 days 00:00:00.575011338,answer9,0.8349688,-12.866878,24.967367,0.019371368,-0.01055183,0.3798503,28.215006,3.606087,2.3677773,0.069093384,29.786833,0.047484413,1.9649136,2.5710983,19.026768,22.570198,578.69073,2109.862,-77.70771,1328.3497,1517.7115,-78.00697,2427.0652,1326.5353,-82.80791,0 days 00:01:43.986770103,0 days 00:01:44.011781441
0 days 00:00:00.560000,0 days 00:00:00.585011338,answer9,0.9323346,-9.203165,17.50517,0.010428288,-0.008097134,0.3388451,20.968554,4.3206115,5.638738,-1.4990892,0.0,0.0,0.0,0.0,0.0,0.0,557.8249,1609.2365,-142.08336,1520.9312,1350.4156,-139.40645,2558.5771,1337.2079,-142.28253,0 days 00:01:43.996770103,0 days 00:01:44.021781441
0 days 00:00:00.570000,0 days 00:00:00.595011338,answer9,1.296291,-3.0390494,7.716905,0.017218266,-0.0059443642,0.46761593,10.302218,4.241541,8.260655,-4.6122265,0.0,0.0,0.0,0.0,0.0,0.0,770.238,1350.0746,-201.0,1677.2148,1294.6144,-201.0,2626.0352,951.8377,-201.0,0 days 00:01:44.006770103,0 days 00:01:44.031781441
0 days 00:00:00.580000,0 days 00:00:00.605011338,answer9,1.6758913,2.8510158,-2.181936,0.037557546,-0.005117042,0.5313187,-0.55898684,6.196711,8.667674,-9.435749,0.0,0.0,0.0,0.0,0.0,0.0,1072.2675,1105.8497,-201.0,1900.4203,1657.8579,-201.0,2663.9163,940.94366,-201.0,0 days 00:01:44.016770103,0 days 00:01:44.041781441
0 days 00:00:00.590000,0 days 00:00:00.615011338,answer9,1.8575678,4.502055,-4.1250725,0.04912127,-0.0068408125,0.5819444,-3.9321213,4.1791224,5.0759335,-10.841287,0.0,0.0,0.0,0.0,0.0,0.0,1151.4651,1150.3124,-201.0,1924.3903,1920.3253,-201.0,2605.6418,954.4982,-201.0,0 days 00:01:44.026770103,0 days 00:01:44.051781441
0 days 00:00:00.600000,0 days 00:00:00.625011338,answer9,1.7892884,3.4691694,-2.1237788,0.05319126,-0.0077996994,0.49177372,-3.9767904,2.636903,-0.6613768,-12.731231,0.0,0.0,0.0,0.0,0.0,0.0,1065.4644,1400.2894,-201.0,1889.4222,1907.0054,-201.0,2598.5195,995.6316,-201.0,0 days 00:01:44.036770103,0 days 00:01:44.061781441
0 days 00:00:00.610000,0 days 00:00:00.635011338,answer9,1.6639261,2.0819652,1.615716,0.049345646,-0.0059149493,0.48200142,-2.994993,-0.7270856,-2.892227,-11.958954,0.0,0.0,0.0,0.0,0.0,0.0,1019.24786,1390.4528,-201.0,1912.7972,1552.4824,-201.0,2613.9563,1049.611,-201.0,0 days 00:01:44.046770103,0 days 00:01:44.071781441
0 days 00:00:00.620000,0 days 00:00:00.645011338,answer9,1.5755363,1.0522494,4.1796966,0.058311135,-0.005641254,0.42653108,-2.0780954,-2.7594242,-4.812553,-13.793065,0.0,0.0,0.0,0.0,0.0,0.0,994.147,1253.9023,-201.0,2038.8989,1214.0243,-201.0,2546.7048,1366.9169,-201.0,0 days 00:01:44.056770103,0 days 00:01:44.081781441
0 days 00:00:00.630000,0 days 00:00:00.655011338,answer9,1.4750894,0.13766342,6.0446687,0.060165,-0.005210091,0.39216828,-0.26700845,-4.8666515,-4.4609756,-14.315018,0.0,0.0,0.0,0.0,0.0,0.0,1030.4806,1052.9597,-201.0,2076.5354,1116.5626,-201.0,2589.7659,1323.373,-201.0,0 days 00:01:44.066770103,0 days 00:01:44.091781441
0 days 00:00:00.640000,0 days 00:00:00.665011338,answer9,1.3520118,0.70853233,5.296446,0.06288717,-0.0028808464,0.35002318,-0.22519362,-7.468909,-5.755483,-16.277607,0.0,0.0,0.0,0.0,0.0,0.0,1002.2566,1050.5651,-201.0,2109.9902,1021.1066,-201.0,2638.6233,1346.7028,-201.0,0 days 00:01:44.076770103,0 days 00:01:44.101781441
0 days 00:00:00.650000,0 days 00:00:00.675011338,answer9,1.2253752,-0.12798889,7.8899713,0.04544266,0.0007653157,0.31956056,1.5529412,-7.732406,-4.3086333,-12.823825,0.0,0.0,0.0,0.0,0.0,0.0,1001.31006,1087.9525,-201.0,2023.278,1067.6029,-201.0,2810.3547,949.6875,-201.0,0 days 00:01:44.086770103,0 days 00:01:44.111781441
0 days 00:00:00.660000,0 days 00:00:00.685011338,answer9,1.0852724,-0.97685504,10.3040495,0.039505232,-0.0011680726,0.29340643,3.173125,-6.8610454,-3.5753841,-11.546929,0.0,0.0,0.0,0.0,0.0,0.0,1020.5505,1070.5518,-201.0,2048.288,1142.7245,-201.0,2790.9775,976.93134,-201.0,0 days 00:01:44.096770103,0 days 00:01:44.121781441
0 days 00:00:00.670000,0 days 00:00:00.695011338,answer9,0.9926587,-2.2006066,12.354825,0.03781076,-0.005871871,0.25574315,5.5165505,-5.918522,-3.5414984,-10.402996,0.0,0.0,0.0,0.0,0.0,0.0,1005.5336,1135.3986,-201.0,1966.5458,1153.0968,-201.0,2800.4827,840.86346,-201.0,0 days 00:01:44.106770103,0 days 00:01:44.131781441
0 days 00:00:00.680000,0 days 00:00:00.705011338,answer9,0.95119524,-2.921594,11.112488,0.05095391,-0.006202318,0.2563929,7.930715,-3.1275997,-3.089671,-9.8610115,0.0,0.0,0.0,0.0,0.0,0.0,929.82544,1479.4379,-201.0,1778.268,1273.319,-201.0,2654.0044,853.07007,-201.0,0 days 00:01:44.116770103,0 days 00:01:44.141781441
0 days 00:00:00.690000,0 days 00:00:00.715011338,answer9,0.9562343,-5.83991,12.858209,0.06180765,-0.0073645413,0.31158826,12.70197,0.9696531,-0.6419174,-7.2130723,0.0,0.0,0.0,0.0,0.0,0.0,862.0801,1923.2584,-137.0778,1628.1842,1316.3109,-138.57246,2651.9817,783.6008,-142.31367,0 days 00:01:44.126770103,0 days 00:01:44.151781441
0 days 00:00:00.700000,0 days 00:00:00.725011338,answer9,1.0040897,-10.056977,17.974058,0.06718183,-0.011894662,0.39752015,19.402212,5.3368306,1.1184844,-6.2222753,30.526249,0.0,0.0,0.46993342,-3.9618027,23.635511,671.24005,1985.8912,-105.1167,1478.3356,1286.7388,-76.99294,2575.9148,808.63995,-82.74442,0 days 00:01:44.136770103,0 days 00:01:44.161781441
0 days 00:00:00.710000,0 days 00:00:00.735011338,answer9,1.046197,-12.405324,23.028887,0.07061546,-0.01512807,0.4567543,24.150358,5.9520755,2.0317125,-6.1170907,30.056208,0.0,0.0,0.103354275,-1.3470432,24.226366,679.8532,1825.1168,0.0,1561.5541,1229.4512,-13.605961,2651.2004,780.9739,-22.329735,0 days 00:01:44.146770103,0 days 00:01:44.171781441
0 days 00:00:00.720000,0 days 00:00:00.745011338,answer9,1.0371863,-12.738846,25.457087,0.06954668,-0.016012425,0.50915504,26.249731,4.08213,-1.0349779,-8.570632,29.662525,0.0,1.6159799,-0.24557635,0.6119685,24.385208,532.21533,1615.1903,-102.75731,1477.3251,1314.5107,-76.03351,2391.1177,1033.6852,-81.01606,0 days 00:01:44.156770103,0 days 00:01:44.181781441
0 days 00:00:00.730000,0 days 00:00:00.755011338,answer9,1.0087461,-11.572533,23.849335,0.071095936,-0.013959889,0.488973,26.471369,0.92714787,-4.4567094,-8.7804,0.0,0.0,0.0,0.0,0.0,0.0,689.262,1557.9584,-135.50487,1585.5428,1305.8684,-137.61302,2418.2727,969.56635,-140.58531,0 days 00:01:44.166770103,0 days 00:01:44.191781441
0 days 00:00:00.740000,0 days 00:00:00.765011338,answer9,0.9402029,-10.473296,23.699923,0.06211539,-0.016358534,0.4616512,25.616898,-1.1178147,-9.696019,-7.977156,0.0,0.0,0.0,0.0,0.0,0.0,513.01025,1509.3452,-201.0,1460.2998,1252.8768,-201.0,2326.3875,1086.8986,-201.0,0 days 00:01:44.176770103,0 days 00:01:44.201781441
0 days 00:00:00.750000,0 days 00:00:00.775011338,answer9,0.87304974,-7.8905473,21.316317,0.050072704,-0.013300374,0.37218806,23.462257,-4.939976,-11.957532,-4.442757,0.0,0.0,0.0,0.0,0.0,0.0,715.028,1339.3883,-201.0,1659.9884,1088.7386,-201.0,2599.8225,856.0115,-201.0,0 days 00:01:44.186770103,0 days 00:01:44.211781441
0 days 00:00:00.760000,0 days 00:00:00.785011338,answer9,0.79483837,-4.9508843,18.040003,0.03861041,-0.00820172,0.30494407,21.318758,-6.915058,-13.464183,0.20020358,0.0,0.0,0.0,0.0,0.0,0.0,751.0533,1313.1499,-201.0,1695.8988,1109.9429,-201.0,2649.405,872.64874,-201.0,0 days 00:01:44.196770103,0 days 00:01:44.221781441
0 days 00:00:00.770000,0 days 00:00:00.795011338,answer9,0.7714033,-2.9885318,14.174939,0.04041295,-0.0026898726,0.23417646,20.192934,-8.762169,-12.49426,2.3489435,0.0,0.0,0.0,0.0,0.0,0.0,1005.35333,1405.0239,-201.0,1767.0933,1421.7578,-201.0,2661.8132,843.88574,-201.0,0 days 00:01:44.206770103,0 days 00:01:44.231781441
0 days 00:00:00.780000,0 days 00:00:00.805011338,answer9,0.809933,-2.9379828,12.1551285,0.053130653,-0.0023895313,0.19011845,19.640821,-9.222926,-11.274609,0.13626623,0.0,0.0,0.0,0.0,0.0,0.0,1012.883,1338.1344,-201.0,1787.5778,1412.2445,-201.0,2695.686,960.6482,-201.0,0 days 00:01:44.216770103,0 days 00:01:44.241781441
0 days 00:00:00.790000,0 days 00:00:00.815011338,answer9,0.863571,-3.6127617,11.755919,0.058036987,-0.005334832,0.18659627,19.230873,-10.0286,-9.498942,-3.4240818,0.0,0.0,0.0,0.0,0.0,0.0,995.0114,1406.9242,-201.0,1765.9989,1429.8649,-201.0,2664.2136,969.98315,-201.0,0 days 00:01:44.226770103,0 days 00:01:44.251781441
0 days 00:00:00.800000,0 days 00:00:00.825011338,answer9,0.8834123,-4.519169,14.100281,0.07063671,-0.0054561314,0.21340442,18.32548,-12.622314,-8.454364,-6.146646,0.0,0.0,0.0,0.0,0.0,0.0,1052.9948,1245.0117,-201.0,1685.6138,1654.2767,-201.0,2656.0554,914.1011,-201.0,0 days 00:01:44.236770103,0 days 00:01:44.261781441
0 days 00:00:00.810000,0 days 00:00:00.835011338,answer9,0.85558146,-4.5040803,15.342223,0.062055137,-0.003908172,0.22973947,18.335342,-14.172259,-7.9042535,-3.959153,0.0,0.0,0.0,0.0,0.0,0.0,1077.5896,1247.5931,-201.0,1686.8016,1662.607,-201.0,2685.302,1043.4995,-201.0,0 days 00:01:44.246770103,0 days 00:01:44.271781441
0 days 00:00:00.820000,0 days 00:00:00.845011338,answer9,0.7903941,-4.8194275,17.513124,0.06133656,-0.000566773,0.23468168,18.548859,-14.697799,-6.6866956,-3.4620695,0.0,0.0,0.0,0.0,0.0,0.0,1157.805,1200.2196,-201.0,1783.3275,1620.1997,-201.0,2762.6091,987.74835,-201.0,0 days 00:01:44.256770103,0 days 00:01:44.281781441
0 days 00:00:00.830000,0 days 00:00:00.855011338,answer9,0.74764365,-4.7019525,15.479981,0.047742944,-0.0014271052,0.19409554,19.335524,-12.879974,-5.6357784,-1.8078314,0.0,0.0,0.0,0.0,0.0,0.0,1095.8464,1165.7319,-201.0,2040.1182,1100.8994,-201.0,2790.675,1320.0931,-201.0,0 days 00:01:44.266770103,0 days 00:01:44.291781441
0 days 00:00:00.840000,0 days 00:00:00.865011338,answer9,0.72294456,-4.039593,13.796283,0.04958819,0.0012955071,0.18640347,19.395006,-12.341411,-6.616047,0.34137186,0.0,0.0,0.0,0.0,0.0,0.0,1073.4484,1123.88,-201.0,2081.8562,1037.7809,-201.0,2816.8887,1351.3048,-201.0,0 days 00:01:44.276770103,0 days 00:01:44.301781441
0 days 00:00:00.850000,0 days 00:00:00.875011338,answer9,0.7249144,-2.6435895,11.255139,0.055662528,0.002828231,0.1759745,19.199934,-12.931064,-9.424334,2.7254448,0.0,0.0,0.0,0.0,0.0,0.0,1002.11115,1098.6967,-201.0,1993.276,1073.1322,-201.0,2721.0886,1411.6105,-201.0,0 days 00:01:44.286770103,0 days 00:01:44.311781441
0 days 00:00:00.860000,0 days 00:00:00.885011338,answer9,0.7581608,-0.4785873,8.323072,0.053192895,0.0056348816,0.17814267,17.638227,-15.031616,-10.963286,5.4169526,0.0,0.0,0.0,0.0,0.0,0.0,983.43207,1031.0374,-201.0,1921.3871,1052.4229,-201.0,2828.173,1210.3604,-201.0,0 days 00:01:44.296770103,0 days 00:01:44.321781441
0 days 00:00:00.870000,0 days 00:00:00.895011338,answer9,0.8482087,0.6451872,5.4567733,0.052995894,0.004640422,0.18213229,15.878016,-16.580307,-8.3381815,4.6480412,0.0,0.0,0.0,0.0,0.0,0.0,973.3776,1056.4325,-201.0,1890.6997,1148.8066,-201.0,2698.302,1049.9541,-201.0,0 days 00:01:44.306770103,0 days 00:01:44.331781441
0 days 00:00:00.880000,0 days 00:00:00.905011338,answer9,1.025834,1.1729995,2.8400154,0.04429606,0.0022936265,0.2298981,13.316714,-18.619827,-5.047363,0.8542498,0.0,0.0,0.0,0.0,0.0,0.0,991.48065,1092.3271,-201.0,1922.2782,1133.1743,-201.0,2750.343,1096.3729,-201.0,0 days 00:01:44.316770103,0 days 00:01:44.341781441
0 days 00:00:00.890000,0 days 00:00:00.915011338,answer9,1.2397517,1.4002053,1.4123665,0.053743046,-0.0004659389,0.31373167,11.668342,-22.25125,-5.139508,-4.072565,0.0,0.0,0.0,0.0,0.0,0.0,758.83856,1285.1434,-201.0,1698.4468,1236.8823,-201.0,2485.6804,1050.4799,-201.0,0 days 00:01:44.326770103,0 days 00:01:44.351781441
0 days 00:00:00.900000,0 days 00:00:00.925011338,answer9,1.3966312,-0.42773023,4.159496,0.06413015,-0.006808141,0.38240564,11.883351,-22.495026,-8.279992,-9.521187,0.0,0.0,0.0,0.0,0.0,0.0,770.11914,1426.7314,-201.0,1739.193,1233.9784,-201.0,2469.2654,1306.7571,-201.0,0 days 00:01:44.336770103,0 days 00:01:44.361781441
0 days 00:00:00.910000,0 days 00:00:00.935011338,answer9,1.4442495,-1.6880379,6.339854,0.07864671,-0.0069563873,0.4109008,11.960725,-21.027353,-11.390945,-9.724827,0.0,0.0,0.0,0.0,0.0,0.0,791.1082,1576.4865,-201.0,1847.9125,1323.1737,-201.0,2498.6445,1438.8627,-201.0,0 days 00:01:44.346770103,0 days 00:01:44.371781441
0 days 00:00:00.920000,0 days 00:00:00.945011338,answer9,1.4403692,-3.73754,9.566726,0.072865725,-0.010119911,0.46676376,14.896228,-15.406716,-9.769268,-5.9967523,0.0,0.0,0.0,0.0,0.0,0.0,832.40765,1429.7881,-201.0,1907.9313,1206.2067,-201.0,2599.358,1352.9742,-201.0,0 days 00:01:44.356770103,0 days 00:01:44.381781441
0 days 00:00:00.930000,0 days 00:00:00.955011338,answer9,1.3809189,-3.567807,10.344035,0.054072827,-0.005956939,0.48691705,16.76861,-12.403061,-6.955708,1.2487317,0.0,0.0,0.0,0.0,0.0,0.0,792.09186,1291.0859,-201.0,1833.206,1109.2527,-201.0,2651.5652,1013.5544,-201.0,0 days 00:01:44.366770103,0 days 00:01:44.391781441
0 days 00:00:00.940000,0 days 00:00:00.965011338,answer9,1.3321649,-4.3119526,12.363858,0.044772048,-0.004617871,0.49439934,19.626722,-9.706906,-0.47631374,6.9206734,0.0,0.0,0.0,0.0,0.0,0.0,734.8096,1144.8895,-201.0,1701.6681,1033.2179,-201.0,2618.7903,893.6377,-201.0,0 days 00:01:44.376770103,0 days 00:01:44.401781441
0 days 00:00:00.950000,0 days 00:00:00.975011338,answer9,1.2655278,-5.6563287,14.447705,0.04471342,-0.0034409796,0.47335243,20.633934,-7.7033978,4.546334,8.823371,0.0,0.0,0.0,0.0,0.0,0.0,885.5654,1188.7593,-201.0,1837.9823,1061.8857,-201.0,2743.7712,926.1927,-201.0,0 days 00:01:44.386770103,0 days 00:01:44.411781441
0 days 00:00:00.960000,0 days 00:00:00.985011338,answer9,1.236473,-7.663366,16.969446,0.058104604,-0.0026966194,0.49437603,22.298645,-5.197841,9.847591,8.29634,0.0,0.0,0.0,0.0,0.0,0.0,891.2409,1246.7045,-201.0,1846.8857,1115.6526,-201.0,2756.3645,975.1286,-201.0,0 days 00:01:44.396770103,0 days 00:01:44.421781441
0 days 00:00:00.970000,0 days 00:00:01.000997732,answer9,1.2168299,-9.113566,18.874567,0.061130077,-0.0032469227,0.5362311,23.659533,-3.2587802,11.901465,7.509424,0.0,0.0,0.0,0.0,0.0,0.0,342.28946,1740.1908,-201.0,1234.1923,1495.307,-201.0,2018.903,1244.2253,-201.0,0 days 00:01:44.406770103,0 days 00:01:44.437767835
0 days 00:00:00,0 days 00:00:00.025011338,answer10,0.6124213,-2.9143693,15.066048,0.047333315,0.005964548,0.044659887,17.853113,-8.250224,-6.805491,1.3576983,0.0,0.0,0.0,0.0,0.0,0.0,1028.1416,1192.5713,-201.0,2024.7853,1538.7709,-201.0,2606.3318,1424.0728,-201.0,0 days 00:01:57.017017017,0 days 00:01:57.042028355
0 days 00:00:00.010000,0 days 00:00:00.035011338,answer10,0.5935773,-4.3894105,14.128936,0.042283732,0.0021398119,0.09153873,17.75586,-6.395052,-6.4152884,1.0136975,0.0,0.0,0.0,0.0,0.0,0.0,932.47,1356.1381,-201.0,1870.3116,1504.3345,-201.0,2595.3284,1169.3308,-201.0,0 days 00:01:57.027017017,0 days 00:01:57.052028355
0 days 00:00:00.020000,0 days 00:00:00.045011338,answer10,0.5584999,-5.6472397,13.535213,0.026238948,-0.004663122,0.13089126,16.915377,-4.6173997,-4.5168734,-1.4972458,0.0,0.0,0.0,0.0,0.0,0.0,770.2211,1623.6383,-201.0,1695.564,1481.3431,-201.0,2589.4866,892.0733,-201.0,0 days 00:01:57.037017017,0 days 00:01:57.062028355
0 days 00:00:00.030000,0 days 00:00:00.055011338,answer10,0.5215611,-6.1534286,13.232602,0.028828174,-0.0146673,0.12506016,14.977796,-2.4288154,-4.9236407,-4.990113,0.0,0.0,0.0,0.0,0.0,0.0,704.6639,1601.1488,-201.0,1649.2666,1156.202,-201.0,2594.1614,754.9956,-201.0,0 days 00:01:57.047017017,0 days 00:01:57.072028355
0 days 00:00:00.040000,0 days 00:00:00.065011338,answer10,0.52640533,-4.823396,13.690926,0.022136018,-0.012579553,0.11738066,14.72318,-2.8732271,-4.9304256,-2.4140809,0.0,0.0,0.0,0.0,0.0,0.0,746.1954,1541.3921,-201.0,1701.8392,1140.5957,-201.0,2628.2432,730.4715,-201.0,0 days 00:01:57.057017017,0 days 00:01:57.082028355
0 days 00:00:00.050000,0 days 00:00:00.075011338,answer10,0.5617787,-4.020325,14.005649,0.027771434,-0.007323845,0.11681577,16.017792,-2.501659,-5.863399,3.9053488,0.0,0.0,0.0,0.0,0.0,0.0,970.4336,1373.6235,-201.0,1886.8174,1305.0981,-201.0,2655.6711,762.3632,-201.0,0 days 00:01:57.067017017,0 days 00:01:57.092028355
0 days 00:00:00.060000,0 days 00:00:00.085011338,answer10,0.57663393,-3.5881488,15.7790985,0.020287612,0.0019021081,0.12221386,17.599241,-3.0017157,-6.4676805,9.4507265,0.0,0.0,0.0,0.0,0.0,0.0,956.46185,1408.1603,-201.0,1887.4443,1364.2418,-201.0,2685.691,804.38165,-201.0,0 days 00:01:57.077017017,0 days 00:01:57.102028355
0 days 00:00:00.070000,0 days 00:00:00.095011338,answer10,0.5907192,-5.77317,19.252172,0.02178701,-0.0005632734,0.14143991,19.803766,-1.2249784,-3.000518,10.753978,0.0,0.0,0.0,0.0,0.0,0.0,959.12085,1377.1554,-138.8286,1843.8544,1318.2471,-140.92375,2654.503,743.878,-142.66795,0 days 00:01:57.087017017,0 days 00:01:57.112028355
0 days 00:00:00.080000,0 days 00:00:00.105011338,answer10,0.6306748,-8.577193,23.287275,0.026388248,-0.0033090247,0.19335718,22.567223,0.97377396,-0.047196627,9.997159,31.88385,0.0,0.0,4.7220063,3.802906,20.829855,942.1425,1320.7242,-76.6412,1842.1699,1213.1178,-80.75158,2963.8801,992.6489,-87.248375,0 days 00:01:57.097017017,0 days 00:01:57.122028355
0 days 00:00:00.090000,0 days 00:00:00.115011338,answer10,0.7477067,-10.016885,25.09273,0.020920264,-0.0076099113,0.2459393,26.539772,1.1224788,-0.11109034,8.604899,31.875875,0.0,1.5352254,4.5577354,4.0077796,20.898176,957.5161,1273.8651,-11.69192,1833.5619,1199.9567,-19.457115,2925.7422,966.8462,-29.939621,0 days 00:01:57.107017017,0 days 00:01:57.132028355
0 days 00:00:00.100000,0 days 00:00:00.125011338,answer10,0.89532834,-11.23145,26.744162,0.01974386,-0.011586052,0.29775238,29.747673,1.2985382,-2.1242638,4.8491864,31.943718,0.032923892,1.6472176,4.4756923,4.45768,23.584793,816.0749,1292.4224,-11.086648,1768.4813,1249.9486,-18.975912,2881.7366,1290.8668,-31.621607,0 days 00:01:57.117017017,0 days 00:01:57.142028355
0 days 00:00:00.110000,0 days 00:00:00.135011338,answer10,1.0362735,-11.12087,27.960695,0.017775517,-0.0140497675,0.29954204,32.01157,0.07368853,-5.919056,0.3710707,32.106506,0.02953135,1.7029052,3.931302,3.9356725,24.322058,580.41626,1330.6854,-9.876434,1504.2704,1174.1908,-17.870245,2521.7883,1083.7688,-32.364246,0 days 00:01:57.127017017,0 days 00:01:57.152028355
0 days 00:00:00.120000,0 days 00:00:00.145011338,answer10,1.1617177,-10.978076,29.809546,0.028539417,-0.014729318,0.32282296,32.368366,0.32316402,-8.161404,-5.6545987,32.35787,0.0371275,1.3636702,3.7642462,2.5107553,24.43511,458.44424,1275.8682,-10.716949,1438.7579,1169.869,-15.891589,2560.4502,1191.9233,-32.641304,0 days 00:01:57.137017017,0 days 00:01:57.162028355
0 days 00:00:00.130000,0 days 00:00:00.155011338,answer10,1.321433,-8.643636,28.09053,0.032873187,-0.011224394,0.34767637,31.031546,-1.864963,-10.654991,-9.064658,32.604122,0.047759324,1.462443,3.8645914,0.2090265,20.162994,473.81058,1251.6334,-8.366048,1410.9637,1168.1396,-11.440484,2630.1035,1076.9115,-28.320015,0 days 00:01:57.147017017,0 days 00:01:57.172028355
0 days 00:00:00.140000,0 days 00:00:00.165011338,answer10,1.5697311,-6.064362,24.763115,0.035472672,-0.009227497,0.44971904,25.7512,-3.86996,-12.655061,-12.841954,32.850185,0.05607483,1.4619254,2.5782907,-2.9945686,10.591506,471.02176,1266.0833,-8.479313,1409.7876,1152.0892,-6.274475,2613.8235,1043.2465,-19.728516,0 days 00:01:57.157017017,0 days 00:01:57.182028355
0 days 00:00:00.150000,0 days 00:00:00.175011338,answer10,1.9237849,-3.5245495,17.481993,0.041442186,-0.006851137,0.6433335,16.13325,-6.3109517,-11.794847,-15.142573,32.96827,0.05662041,1.2827768,2.0034235,-4.56324,5.2002687,457.26755,1323.4135,-72.58807,1371.419,1216.9082,-69.5476,2536.5063,1065.7036,-76.76021,0 days 00:01:57.167017017,0 days 00:01:57.192028355
0 days 00:00:00.160000,0 days 00:00:00.185011338,answer10,2.216469,-1.6567003,10.1589,0.04203929,-0.005974239,0.7778754,6.4566784,-4.8666234,-12.453849,-16.266092,0.0,0.0,0.0,0.0,0.0,0.0,688.63574,1886.982,-137.71565,1337.2811,1492.9775,-134.55615,2462.7004,1002.4294,-137.73155,0 days 00:01:57.177017017,0 days 00:01:57.202028355
0 days 00:00:00.170000,0 days 00:00:00.195011338,answer10,2.2656367,-1.041148,5.889342,0.04242827,-0.0008726367,0.8796139,0.3451484,-2.0162346,-6.4896064,-10.657191,0.0,0.0,0.0,0.0,0.0,0.0,857.7866,1693.3961,-201.0,1541.7782,1352.5146,-201.0,2573.5671,961.501,-201.0,0 days 00:01:57.187017017,0 days 00:01:57.212028355
0 days 00:00:00.180000,0 days 00:00:00.205011338,answer10,2.0952103,-2.2592547,6.6001487,0.040065046,-0.002029543,0.73927975,0.63808227,3.3038628,-2.2524784,-8.1863785,0.0,0.0,0.0,0.0,0.0,0.0,1014.4965,1620.2876,-201.0,1708.6558,1271.7611,-201.0,2652.6575,844.87726,-201.0,0 days 00:01:57.197017017,0 days 00:01:57.222028355
0 days 00:00:00.190000,0 days 00:00:00.215011338,answer10,1.7841104,-3.8460362,9.523316,0.045008272,-0.0030215674,0.6858278,2.0161467,6.073166,3.6748822,-4.896935,0.0,0.0,0.0,0.0,0.0,0.0,921.2149,982.99005,-201.0,1908.923,865.66486,-201.0,2743.1252,740.43744,-201.0,0 days 00:01:57.207017017,0 days 00:01:57.232028355
0 days 00:00:00.200000,0 days 00:00:00.225011338,answer10,1.5461596,-4.157847,10.0299425,0.0431892,-0.0063379924,0.5446053,3.311734,6.1259685,1.9813246,-7.1202354,0.0,0.0,0.0,0.0,0.0,0.0,900.8159,1005.6678,-201.0,1896.002,841.0503,-201.0,2719.5713,705.721,-201.0,0 days 00:01:57.217017017,0 days 00:01:57.242028355
0 days 00:00:00.210000,0 days 00:00:00.235011338,answer10,1.3471103,-3.5301483,8.554109,0.045589834,-0.002185194,0.45913628,3.676674,4.4744225,2.1436431,-8.179679,0.0,0.0,0.0,0.0,0.0,0.0,935.4006,984.74146,-201.0,1957.499,885.1314,-201.0,2747.407,835.60614,-201.0,0 days 00:01:57.227017017,0 days 00:01:57.252028355
0 days 00:00:00.220000,0 days 00:00:00.245011338,answer10,1.2348862,-3.1172512,8.1292515,0.043568406,-0.0051305178,0.3777803,4.622457,2.8085282,0.03439037,-11.57069,0.0,0.0,0.0,0.0,0.0,0.0,946.4157,987.61475,-201.0,1976.9303,948.5566,-201.0,2759.7324,980.23553,-201.0,0 days 00:01:57.237017017,0 days 00:01:57.262028355
0 days 00:00:00.230000,0 days 00:00:00.255011337,answer10,1.1607398,-4.5735373,8.848096,0.05129919,-0.008086394,0.323066,7.2697434,2.6654084,1.0604782,-12.735226,0.0,0.0,0.0,0.0,0.0,0.0,970.6218,1259.7274,-201.0,1880.4259,1089.0006,-201.0,2750.463,1000.41046,-201.0,0 days 00:01:57.247017017,0 days 00:01:57.272028354
0 days 00:00:00.240000,0 days 00:00:00.265011338,answer10,1.0653175,-5.4401145,9.665343,0.04524594,-0.0106035285,0.3181362,8.412572,3.3496628,1.3415285,-10.937102,0.0,0.0,0.0,0.0,0.0,0.0,988.3304,1259.793,-201.0,1898.4518,1040.3903,-201.0,2811.342,1146.8105,-201.0,0 days 00:01:57.257017017,0 days 00:01:57.282028355
0 days 00:00:00.250000,0 days 00:00:00.275011338,answer10,0.96623594,-5.2850266,8.871806,0.050018284,-0.009397521,0.29383376,8.892039,3.1794767,0.7260671,-9.015499,0.0,0.0,0.0,0.0,0.0,0.0,942.5725,1555.6469,-201.0,1815.0436,1148.8762,-201.0,2799.054,1055.1324,-201.0,0 days 00:01:57.267017017,0 days 00:01:57.292028355
0 days 00:00:00.260000,0 days 00:00:00.285011338,answer10,0.85101765,-4.4099984,8.599418,0.043239683,-0.0075468053,0.25325474,8.427914,2.8354585,-1.9238586,-8.431182,0.0,0.0,0.0,0.0,0.0,0.0,955.48444,1357.7773,-201.0,1922.465,1112.827,-201.0,2848.3584,1030.7838,-201.0,0 days 00:01:57.277017017,0 days 00:01:57.302028355
0 days 00:00:00.270000,0 days 00:00:00.295011338,answer10,0.77029705,-4.0725822,10.547465,0.05208257,-0.008577592,0.22570203,9.698409,-0.2908531,-7.5318565,-8.196225,0.0,0.0,0.0,0.0,0.0,0.0,1038.2871,1529.5264,-201.0,1874.4032,1388.0143,-201.0,2803.132,777.2537,-201.0,0 days 00:01:57.287017017,0 days 00:01:57.312028355
0 days 00:00:00.280000,0 days 00:00:00.305011338,answer10,0.7374061,-3.9224072,12.282329,0.051589403,-0.0071839467,0.16649596,10.445138,-3.4527674,-12.588886,-8.185332,0.0,0.0,0.0,0.0,0.0,0.0,1080.7295,1287.953,-201.0,1862.5521,1279.8165,-201.0,2790.0833,700.2236,-201.0,0 days 00:01:57.297017017,0 days 00:01:57.322028355
0 days 00:00:00.290000,0 days 00:00:00.315011338,answer10,0.7127197,-3.5068676,13.743813,0.05373626,-0.009258522,0.1440322,10.141654,-5.3140707,-15.425735,-7.9240403,0.0,0.0,0.0,0.0,0.0,0.0,1038.6925,1295.8644,-201.0,1784.396,1237.0948,-201.0,2731.8254,672.5981,-201.0,0 days 00:01:57.307017017,0 days 00:01:57.332028355
0 days 00:00:00.300000,0 days 00:00:00.325011338,answer10,0.6898987,-3.0044787,12.50375,0.058109686,-0.008619157,0.13622986,9.015309,-4.8161044,-13.579072,-7.9637628,0.0,0.0,0.0,0.0,0.0,0.0,917.72314,1200.4087,-201.0,1754.7352,971.0263,-201.0,2712.2756,607.1289,-201.0,0 days 00:01:57.317017017,0 days 00:01:57.342028355
0 days 00:00:00.310000,0 days 00:00:00.335011338,answer10,0.645899,-2.821718,11.657641,0.051401693,-0.005815713,0.12121841,8.035431,-3.4756844,-10.687935,-5.7350717,0.0,0.0,0.0,0.0,0.0,0.0,924.9484,1259.5985,-201.0,1830.3065,991.2464,-201.0,2760.5742,606.643,-201.0,0 days 00:01:57.327017017,0 days 00:01:57.352028355
0 days 00:00:00.320000,0 days 00:00:00.345011338,answer10,0.6156917,-2.9446504,11.074779,0.049502313,-0.0008660522,0.119421035,9.168233,-2.7963154,-8.251491,-4.2575665,0.0,0.0,0.0,0.0,0.0,0.0,970.25757,1270.8276,-201.0,1902.2998,1220.2452,-201.0,2750.4893,724.15063,-201.0,0 days 00:01:57.337017017,0 days 00:01:57.362028355
0 days 00:00:00.330000,0 days 00:00:00.355011338,answer10,0.5934022,-3.2653382,11.214124,0.038514245,0.00013631575,0.10980173,10.984719,-3.337351,-8.958148,-4.307158,0.0,0.0,0.0,0.0,0.0,0.0,981.2431,1292.9858,-201.0,1899.951,1320.0643,-201.0,2802.2078,887.7967,-201.0,0 days 00:01:57.347017017,0 days 00:01:57.372028355
0 days 00:00:00.340000,0 days 00:00:00.365011338,answer10,0.59376335,-4.3998094,11.808124,0.037088227,-0.0022472271,0.113143474,14.327919,-2.6705112,-8.474589,-2.6003113,0.0,0.0,0.0,0.0,0.0,0.0,990.19336,1230.4243,-201.0,1871.6066,1334.0962,-201.0,2798.032,988.007,-201.0,0 days 00:01:57.357017017,0 days 00:01:57.382028355
0 days 00:00:00.350000,0 days 00:00:00.375011338,answer10,0.58297867,-4.157167,10.559833,0.03279589,-0.0050835363,0.123281874,15.615283,-4.4209785,-11.293789,-1.4601153,0.0,0.0,0.0,0.0,0.0,0.0,795.58154,1313.6375,-201.0,1662.4938,1253.1068,-201.0,2628.402,1068.7881,-201.0,0 days 00:01:57.367017017,0 days 00:01:57.392028355
0 days 00:00:00.360000,0 days 00:00:00.385011338,answer10,0.5605321,-4.4868507,9.72082,0.03625088,-0.0066926056,0.12093747,16.532728,-4.082166,-11.740968,-0.084080614,0.0,0.0,0.0,0.0,0.0,0.0,494.26245,1515.1329,-201.0,1425.8192,1256.1245,-201.0,2336.87,1059.7437,-201.0,0 days 00:01:57.377017017,0 days 00:01:57.402028355
0 days 00:00:00.370000,0 days 00:00:00.395011338,answer10,0.5415107,-3.731469,8.300349,0.034267116,-0.004128549,0.11352023,16.83914,-4.951085,-13.084911,1.9505163,0.0,0.0,0.0,0.0,0.0,0.0,351.83755,1658.103,-201.0,1204.0267,1631.3197,-201.0,2027.9316,1180.9393,-201.0,0 days 00:01:57.387017017,0 days 00:01:57.412028355
0 days 00:00:00.380000,0 days 00:00:00.405011338,answer10,0.52191234,-5.636308,10.490181,0.03867058,-0.0029302249,0.10575638,17.948156,-1.1626725,-9.47774,5.794384,0.0,0.0,0.0,0.0,0.0,0.0,524.04694,1554.318,-201.0,1384.1963,1511.5814,-201.0,2218.807,1030.2528,-201.0,0 days 00:01:57.397017017,0 days 00:01:57.422028355
0 days 00:00:00.390000,0 days 00:00:00.415011338,answer10,0.5138953,-6.570992,13.5137,0.042698577,0.0009119478,0.10307864,18.187307,0.8556452,-10.51873,10.62773,0.0,0.0,0.0,0.0,0.0,0.0,829.4783,1307.7706,-201.0,1622.986,1517.6104,-201.0,2387.5117,1028.2814,-201.0,0 days 00:01:57.407017017,0 days 00:01:57.432028355
0 days 00:00:00.400000,0 days 00:00:00.425011338,answer10,0.49712357,-7.410385,16.694395,0.040993355,-0.0041664597,0.1202736,17.885078,1.7925271,-11.42641,10.880498,0.0,0.0,0.0,0.0,0.0,0.0,980.7253,1112.949,-201.0,1930.75,1100.7046,-201.0,2863.2324,1178.9777,-201.0,0 days 00:01:57.417017017,0 days 00:01:57.442028355
0 days 00:00:00.410000,0 days 00:00:00.435011338,answer10,0.50518906,-5.897919,15.8045225,0.035685133,-0.008209725,0.12004915,17.889791,-2.3100617,-16.142614,10.0319605,0.0,0.0,0.0,0.0,0.0,0.0,795.1579,1206.5594,-201.0,1812.2277,1127.345,-201.0,2774.7188,1401.307,-201.0,0 days 00:01:57.427017017,0 days 00:01:57.452028355
0 days 00:00:00.420000,0 days 00:00:00.445011338,answer10,0.51990664,-4.2656503,12.784118,0.021456055,-0.011842114,0.13028295,17.68103,-6.5246735,-18.661816,8.161439,0.0,0.0,0.0,0.0,0.0,0.0,600.5779,1283.6371,-201.0,1665.9779,1149.692,-201.0,2666.2307,1446.5104,-201.0,0 days 00:01:57.437017017,0 days 00:01:57.462028355
0 days 00:00:00.430000,0 days 00:00:00.455011338,answer10,0.5263644,-2.8505323,11.889594,0.02282308,-0.0067882086,0.12019352,18.741806,-7.6514378,-21.87136,9.384469,0.0,0.0,0.0,0.0,0.0,0.0,369.1993,1487.9229,-201.0,1382.937,1253.5748,-201.0,2315.3535,1166.8702,-201.0,0 days 00:01:57.447017017,0 days 00:01:57.472028355
0 days 00:00:00.440000,0 days 00:00:00.465011338,answer10,0.5155762,-2.3638103,10.178124,0.025844747,-0.0037687758,0.12313712,18.810423,-5.6950307,-21.069956,13.67263,0.0,0.0,0.0,0.0,0.0,0.0,532.35846,1539.4414,-201.0,1484.6605,1379.4034,-201.0,2380.3828,1022.1844,-201.0,0 days 00:01:57.457017017,0 days 00:01:57.482028355
0 days 00:00:00.450000,0 days 00:00:00.475011338,answer10,0.5330244,-2.7023804,9.925939,0.033111382,-0.006501989,0.124873914,20.137815,-4.5641265,-17.21578,17.090183,0.0,0.0,0.0,0.0,0.0,0.0,676.8549,1516.6544,-201.0,1605.7378,1241.751,-201.0,2522.7607,940.10846,-201.0,0 days 00:01:57.467017017,0 days 00:01:57.492028355
0 days 00:00:00.460000,0 days 00:00:00.485011338,answer10,0.56508094,-3.0550492,7.720186,0.03554818,-0.010208978,0.12884039,19.799652,-6.5341587,-13.024662,16.035774,0.0,0.0,0.0,0.0,0.0,0.0,883.3906,1405.0607,-201.0,1791.5132,1188.4819,-201.0,2640.5122,914.1828,-201.0,0 days 00:01:57.477017017,0 days 00:01:57.502028355
0 days 00:00:00.470000,0 days 00:00:00.495011338,answer10,0.6339223,-3.179683,9.532514,0.04681924,-0.013402184,0.13841516,18.962566,-9.618693,-11.272022,7.250871,0.0,0.0,0.0,0.0,0.0,0.0,918.06836,1276.9825,-201.0,1798.5259,1062.9528,-201.0,2640.7336,896.7856,-201.0,0 days 00:01:57.487017017,0 days 00:01:57.512028355
0 days 00:00:00.480000,0 days 00:00:00.505011338,answer10,0.6733791,-3.4670007,10.714643,0.048356134,-0.011986195,0.1481352,16.84359,-8.153771,-7.197227,-0.59939766,0.0,0.0,0.0,0.0,0.0,0.0,948.1953,1239.7848,-201.0,1803.2426,1126.5614,-201.0,2621.2703,876.153,-201.0,0 days 00:01:57.497017017,0 days 00:01:57.522028355
0 days 00:00:00.490000,0 days 00:00:00.515011338,answer10,0.7101044,-4.2126603,12.093834,0.04924704,-0.009584269,0.16291636,16.049505,-5.411,-4.910774,-3.8140342,0.0,0.0,0.0,0.0,0.0,0.0,975.9074,1133.4264,-201.0,1884.7196,1089.8202,-201.0,2709.9775,1113.1898,-201.0,0 days 00:01:57.507017017,0 days 00:01:57.532028355
0 days 00:00:00.500000,0 days 00:00:00.525011338,answer10,0.72801083,-4.8140225,12.963783,0.03663174,-0.00883865,0.1728803,16.1576,-3.0849075,-2.4258823,-3.7327404,0.0,0.0,0.0,0.0,0.0,0.0,773.98456,1206.916,-201.0,1695.2858,1112.5455,-201.0,2531.294,1116.1351,-201.0,0 days 00:01:57.517017017,0 days 00:01:57.542028355
0 days 00:00:00.510000,0 days 00:00:00.535011338,answer10,0.7526496,-5.116068,15.000862,0.032547757,-0.008463213,0.18719636,17.653605,-4.249935,-5.5622673,-3.7548077,0.0,0.0,0.0,0.0,0.0,0.0,587.93536,1428.7651,-201.0,1549.0679,1229.0552,-201.0,2405.6387,1260.1598,-201.0,0 days 00:01:57.527017017,0 days 00:01:57.552028355
0 days 00:00:00.520000,0 days 00:00:00.545011338,answer10,0.7847629,-5.2806435,17.111979,0.036457825,-0.010233033,0.1887688,17.731249,-5.525271,-6.6606317,-6.347797,0.0,0.0,0.0,0.0,0.0,0.0,657.7939,1389.0775,-201.0,1682.1547,1118.6417,-201.0,2746.5781,1060.722,-201.0,0 days 00:01:57.537017017,0 days 00:01:57.562028355
0 days 00:00:00.530000,0 days 00:00:00.555011338,answer10,0.7884162,-5.2643704,17.970655,0.04743537,-0.007934411,0.18802296,17.021248,-7.576613,-10.195996,-10.9473,0.0,0.0,0.0,0.0,0.0,0.0,860.95703,1341.2994,-201.0,1851.6508,1171.0537,-201.0,2935.3008,1020.33636,-201.0,0 days 00:01:57.547017017,0 days 00:01:57.572028355
0 days 00:00:00.540000,0 days 00:00:00.565011338,answer10,0.8119964,-5.094516,17.515001,0.057757806,-0.006691622,0.1912939,16.815287,-8.785714,-12.833828,-11.772382,0.0,0.0,0.0,0.0,0.0,0.0,776.6717,1307.087,-201.0,1816.9922,1016.6138,-201.0,3005.1199,855.8553,-201.0,0 days 00:01:57.557017017,0 days 00:01:57.582028355
0 days 00:00:00.550000,0 days 00:00:00.575011338,answer10,0.77204055,-4.9168324,16.149408,0.05597624,-0.004399423,0.20962457,17.13473,-7.9007735,-12.174136,-11.105809,0.0,0.0,0.0,0.0,0.0,0.0,682.5695,1337.009,-201.0,1609.2871,1093.715,-201.0,2620.1726,752.3499,-201.0,0 days 00:01:57.567017017,0 days 00:01:57.592028355
0 days 00:00:00.560000,0 days 00:00:00.585011338,answer10,0.7273369,-5.8741946,17.45362,0.053554226,-0.006788995,0.20180152,19.646477,-4.4639783,-8.306237,-8.154743,0.0,0.0,0.0,0.0,0.0,0.0,659.5975,1293.2379,-201.0,1627.873,1002.01514,-201.0,2642.4402,745.0352,-201.0,0 days 00:01:57.577017017,0 days 00:01:57.602028355
0 days 00:00:00.570000,0 days 00:00:00.595011338,answer10,0.6459892,-5.5846233,18.470053,0.05201712,-0.003752508,0.18120618,20.12108,-3.0893755,-6.277435,-5.681784,0.0,0.0,0.0,0.0,0.0,0.0,921.9363,1059.4862,-201.0,1812.5358,976.378,-201.0,2715.5488,712.4393,-201.0,0 days 00:01:57.587017017,0 days 00:01:57.612028355
0 days 00:00:00.580000,0 days 00:00:00.605011338,answer10,0.60644317,-6.1905026,20.401587,0.05361947,-0.003088761,0.14514048,21.257288,-3.0296535,-6.35045,-3.773919,0.0,0.0,0.0,0.0,0.0,0.0,954.43896,1224.9093,-201.0,1784.0142,1175.0729,-201.0,2707.7961,707.9046,-201.0,0 days 00:01:57.597017017,0 days 00:01:57.622028355
0 days 00:00:00.590000,0 days 00:00:00.615011338,answer10,0.58860755,-5.088337,18.873976,0.057680592,0.0002591285,0.141903,20.572243,-6.0383186,-8.204419,-1.0308881,0.0,0.0,0.0,0.0,0.0,0.0,959.8508,1191.5599,-201.0,1769.1791,1155.1451,-201.0,2695.0276,629.48236,-201.0,0 days 00:01:57.607017017,0 days 00:01:57.632028355
0 days 00:00:00.600000,0 days 00:00:00.625011338,answer10,0.5834035,-5.089247,16.789291,0.05390739,-0.0036421446,0.14533918,21.705896,-7.282928,-6.7276874,1.2824537,0.0,0.0,0.0,0.0,0.0,0.0,984.69037,1353.4286,-201.0,1707.8766,1292.8016,-201.0,2698.1162,666.5727,-201.0,0 days 00:01:57.617017017,0 days 00:01:57.642028355
0 days 00:00:00.610000,0 days 00:00:00.635011338,answer10,0.60603863,-3.9085038,13.456092,0.064345576,-0.007012531,0.15540372,22.366064,-10.787254,-9.763264,1.782452,0.0,0.0,0.0,0.0,0.0,0.0,774.3557,1346.942,-201.0,1563.3408,1218.1454,-201.0,2522.3518,773.8845,-201.0,0 days 00:01:57.627017017,0 days 00:01:57.652028355
0 days 00:00:00.620000,0 days 00:00:00.645011338,answer10,0.608574,-4.134476,10.702258,0.053578276,-0.010917778,0.15753815,23.42478,-10.049056,-9.14065,4.1265545,0.0,0.0,0.0,0.0,0.0,0.0,780.76776,1478.2467,-201.0,1590.9633,1291.2533,-201.0,2520.2236,823.7264,-201.0,0 days 00:01:57.637017017,0 days 00:01:57.662028355
0 days 00:00:00.630000,0 days 00:00:00.655011338,answer10,0.6096938,-4.51047,10.423655,0.05957066,-0.010639463,0.15509361,23.091398,-9.84348,-10.322967,2.4208817,0.0,0.0,0.0,0.0,0.0,0.0,776.53107,1304.664,-201.0,1689.2115,1125.4716,-201.0,2600.4182,895.54584,-201.0,0 days 00:01:57.647017017,0 days 00:01:57.672028355
0 days 00:00:00.640000,0 days 00:00:00.665011338,answer10,0.7232768,-2.448241,11.565598,0.051051784,-0.007729344,0.22503023,22.180887,-12.290432,-9.652768,2.6744766,0.0,0.0,0.0,0.0,0.0,0.0,972.29254,1269.3539,-201.0,1852.2101,1183.7919,-201.0,2763.3662,961.977,-201.0,0 days 00:01:57.657017017,0 days 00:01:57.682028355
0 days 00:00:00.650000,0 days 00:00:00.675011338,answer10,1.0316218,0.72093874,13.717393,0.05944101,-0.0012529297,0.38066497,20.472147,-17.268122,-12.888228,1.250796,0.0,0.0,0.0,0.0,0.0,0.0,968.0871,1221.3074,-201.0,1821.6154,1162.5016,-201.0,2765.3118,958.8558,-201.0,0 days 00:01:57.667017017,0 days 00:01:57.692028355
0 days 00:00:00.660000,0 days 00:00:00.685011338,answer10,1.2737888,4.2426076,14.257258,0.047662675,0.005219862,0.5018496,18.230143,-21.171371,-12.519223,4.048334,0.0,0.0,0.0,0.0,0.0,0.0,765.9004,1370.5396,-201.0,1613.3691,1229.9459,-201.0,2617.4631,961.0737,-201.0,0 days 00:01:57.677017017,0 days 00:01:57.702028355
0 days 00:00:00.670000,0 days 00:00:00.695011338,answer10,1.3949571,5.513602,13.009782,0.040909667,0.008659898,0.5269864,15.714213,-22.66842,-9.283445,5.4955735,0.0,0.0,0.0,0.0,0.0,0.0,830.04004,1311.369,-136.08107,1556.7584,1639.3275,-135.05446,2593.9573,923.7254,-140.62115,0 days 00:01:57.687017017,0 days 00:01:57.712028355
0 days 00:00:00.680000,0 days 00:00:00.705011338,answer10,1.5318841,3.4006622,12.090732,0.041020665,0.007370156,0.6704245,17.42438,-22.64544,-5.97687,3.453204,38.47821,0.0,0.0,0.22740746,-3.3747149,19.792809,869.82764,1175.2622,-71.14329,1740.5197,1521.9288,-75.874855,2936.9375,1144.4473,-84.21078,0 days 00:01:57.697017017,0 days 00:01:57.722028355
0 days 00:00:00.690000,0 days 00:00:00.715011338,answer10,1.8775779,0.3735787,13.274976,0.05579707,0.0036798825,0.9286987,21.404905,-23.547037,-8.37624,-4.1110826,37.996998,0.0,1.2387555,-0.13558345,-5.019661,18.063482,890.9041,1144.7858,-5.7851315,1758.1348,1564.5894,-11.41368,2879.999,1303.5933,-23.720894,0 days 00:01:57.707017017,0 days 00:01:57.732028355
0 days 00:00:00.700000,0 days 00:00:00.725011338,answer10,2.323726,-3.8455515,17.195013,0.070329286,-0.00075016497,1.4003948,27.256655,-23.188135,-13.425694,-14.240494,37.0885,0.040749837,1.4283762,0.66650254,-5.7427807,16.289299,635.4904,1155.8418,-4.220923,1678.3154,1009.6717,-9.902425,2832.2449,1216.6469,-20.47701,0 days 00:01:57.717017017,0 days 00:01:57.742028355
0 days 00:00:00.710000,0 days 00:00:00.735011338,answer10,2.7795296,-2.569828,17.87384,0.07442673,-0.00017387995,1.8653647,29.170256,-28.434013,-14.855682,-17.529959,36.216354,0.037558,1.2131897,-1.2358848,-3.9857967,9.204969,434.18454,1465.4536,-2.6048844,1399.1366,1198.3358,-0.96840113,2429.6016,1033.7788,-11.809854,0 days 00:01:57.727017017,0 days 00:01:57.752028355
0 days 00:00:00.720000,0 days 00:00:00.745011338,answer10,3.3943977,-0.23083186,16.293245,0.07502879,0.0017246488,2.3816683,28.501106,-34.86833,-11.659923,-20.558624,34.740128,0.034366164,0.61876196,-7.94265,-3.3384056,2.5543582,563.8917,1582.8363,6.1242027,1488.5186,1243.4126,8.288289,2554.704,766.31573,-2.9135659,0 days 00:01:57.737017017,0 days 00:01:57.762028355
0 days 00:00:00.730000,0 days 00:00:00.755011338,answer10,4.203216,1.7291139,14.3006525,0.074522875,0.0043674926,3.0458317,26.342634,-42.78235,-6.927687,-23.747177,32.604294,0.031174324,0.024334041,-9.312269,-3.2195454,-0.45907307,790.7388,1541.2427,-60.35893,1726.9718,1466.6989,-59.1685,2580.3147,843.28094,-66.53629,0 days 00:01:57.747017017,0 days 00:01:57.772028355
0 days 00:00:00.740000,0 days 00:00:00.765011338,answer10,4.194286,-0.2974205,16.093977,0.07332619,0.0034582305,3.4730294,24.84835,-41.165424,-6.554541,-28.216127,29.81777,0.031174324,0.024334041,-8.445758,0.0,0.0,778.91943,1373.315,-57.922405,1701.9076,1411.9244,-55.2131,2595.207,1280.2462,-63.698124,0 days 00:01:57.757017017,0 days 00:01:57.782028355
0 days 00:00:00.750000,0 days 00:00:00.775011338,answer10,3.5695188,-2.6144335,17.420166,0.06161822,0.0026501054,3.2305224,23.365755,-38.557217,-10.7028475,-28.855646,28.42371,0.031174324,0.024334041,-2.1777053,-1.6718731,1.5520694,911.7151,1163.3949,-132.00966,1969.7628,1142.3462,-128.93097,3093.8948,1329.7042,-133.0843,0 days 00:01:57.767017017,0 days 00:01:57.792028355
0 days 00:00:00.760000,0 days 00:00:00.785011338,answer10,2.5264897,-3.1050367,16.80762,0.058302116,0.0017949041,2.4329906,23.059626,-33.312267,-10.8649435,-23.862799,0.0,0.0,0.0,0.0,0.0,0.0,912.03973,1182.583,-132.00966,2021.6693,890.6426,-128.93097,3372.451,1813.229,-133.0843,0 days 00:01:57.777017017,0 days 00:01:57.802028355
0 days 00:00:00.770000,0 days 00:00:00.795011338,answer10,1.943031,-2.7585557,14.036548,0.047127318,0.0022217638,1.4627846,21.393545,-31.42565,-9.681947,-20.046959,0.0,0.0,0.0,0.0,0.0,0.0,890.3206,1282.5319,-201.0,2034.932,940.9222,-201.0,3319.679,2147.5168,-201.0,0 days 00:01:57.787017017,0 days 00:01:57.812028355
0 days 00:00:00.780000,0 days 00:00:00.805011338,answer10,1.5796663,-2.159805,13.5437155,0.042466197,0.0031293295,0.9656685,20.33866,-29.258171,-8.424396,-16.498938,0.0,0.0,0.0,0.0,0.0,0.0,921.42847,1318.7042,-201.0,2056.2703,1003.0213,-201.0,3338.2878,2154.3245,-201.0,0 days 00:01:57.797017017,0 days 00:01:57.822028355
0 days 00:00:00.790000,0 days 00:00:00.815011338,answer10,1.2724432,-1.8970739,14.243421,0.021577535,0.002383808,0.6042153,19.381277,-25.514242,-11.218436,-12.667793,0.0,0.0,0.0,0.0,0.0,0.0,701.1408,1308.2793,-201.0,1805.6138,1081.7074,-201.0,3040.4846,1600.7432,-201.0,0 days 00:01:57.807017017,0 days 00:01:57.832028355
0 days 00:00:00.800000,0 days 00:00:00.825011338,answer10,1.0564243,-1.40838,13.482396,0.012040856,0.0016265735,0.48682427,18.74237,-22.122438,-12.19485,-10.590304,0.0,0.0,0.0,0.0,0.0,0.0,730.6477,1254.3724,-201.0,1793.9409,1135.1404,-201.0,3045.0361,827.78204,-201.0,0 days 00:01:57.817017017,0 days 00:01:57.842028355
0 days 00:00:00.810000,0 days 00:00:00.835011338,answer10,0.9242611,-1.228889,12.341362,0.014099769,-0.00014977828,0.3408971,19.046764,-19.015686,-12.428811,-10.954095,0.0,0.0,0.0,0.0,0.0,0.0,593.3494,1361.7845,-201.0,1544.7231,1385.5585,-201.0,2544.3967,762.70435,-201.0,0 days 00:01:57.827017017,0 days 00:01:57.852028355
0 days 00:00:00.820000,0 days 00:00:00.845011338,answer10,0.83038694,-2.4194162,11.153,0.01881938,-0.0027267847,0.29822826,19.450747,-16.175879,-10.702626,-11.667645,0.0,0.0,0.0,0.0,0.0,0.0,734.07495,1464.0258,-201.0,1636.4264,1503.3809,-201.0,2564.55,738.08124,-201.0,0 days 00:01:57.837017017,0 days 00:01:57.862028355
0 days 00:00:00.830000,0 days 00:00:00.855011338,answer10,0.7683901,-4.2412972,12.33607,0.03782296,-0.006059482,0.19751513,20.429771,-12.665703,-12.077782,-11.23328,0.0,0.0,0.0,0.0,0.0,0.0,730.23395,1537.374,-201.0,1625.1627,1557.0939,-201.0,2465.2908,1145.18,-201.0,0 days 00:01:57.847017017,0 days 00:01:57.872028355
0 days 00:00:00.840000,0 days 00:00:00.865011338,answer10,0.7112542,-5.2599144,14.415386,0.044099238,-0.007658228,0.18286942,20.276892,-9.267526,-11.770028,-7.030145,0.0,0.0,0.0,0.0,0.0,0.0,779.4454,1439.9648,-201.0,1661.8883,1888.6533,-201.0,2396.2405,1188.9487,-201.0,0 days 00:01:57.857017017,0 days 00:01:57.882028355
0 days 00:00:00.850000,0 days 00:00:00.875011338,answer10,0.67634696,-6.344898,17.50058,0.054888636,-0.006691711,0.14980604,19.601698,-5.845215,-13.158303,-3.791755,0.0,0.0,0.0,0.0,0.0,0.0,844.3665,1375.5397,-201.0,1695.2438,1950.539,-201.0,2407.4587,1296.9772,-201.0,0 days 00:01:57.867017017,0 days 00:01:57.892028355
0 days 00:00:00.860000,0 days 00:00:00.885011338,answer10,0.6643619,-6.5911965,19.934668,0.047133684,-0.005492047,0.14659356,19.812574,-4.2181134,-11.807716,0.30712008,0.0,0.0,0.0,0.0,0.0,0.0,999.04474,1384.5358,-201.0,1772.2988,1865.1611,-201.0,2578.1296,872.5571,-201.0,0 days 00:01:57.877017017,0 days 00:01:57.902028355
0 days 00:00:00.870000,0 days 00:00:00.895011338,answer10,0.6307568,-7.5617356,19.60528,0.041922044,-0.006813949,0.1484697,20.620691,-3.0187905,-8.582036,1.6873432,0.0,0.0,0.0,0.0,0.0,0.0,720.39453,1562.755,-201.0,1541.9678,1447.5104,-201.0,2431.9944,939.74506,-201.0,0 days 00:01:57.887017017,0 days 00:01:57.912028355
0 days 00:00:00.880000,0 days 00:00:00.905011338,answer10,0.61043936,-7.2452025,17.356186,0.044983428,-0.007227275,0.14918226,21.12361,-4.6291423,-7.7804675,-0.33959007,0.0,0.0,0.0,0.0,0.0,0.0,673.1216,1491.5785,-201.0,1540.8722,1157.1444,-201.0,2494.6396,756.69366,-201.0,0 days 00:01:57.897017017,0 days 00:01:57.922028355
0 days 00:00:00.890000,0 days 00:00:00.915011338,answer10,0.6007282,-7.342562,17.003637,0.052009597,-0.007683039,0.14720319,21.140142,-6.2186913,-7.5863595,-2.849657,0.0,0.0,0.0,0.0,0.0,0.0,687.35675,1326.4681,-201.0,1615.5337,1024.3348,-201.0,2546.0125,692.5695,-201.0,0 days 00:01:57.907017017,0 days 00:01:57.932028355
0 days 00:00:00.900000,0 days 00:00:00.925011338,answer10,0.60479754,-7.1009803,16.865759,0.052188665,-0.00882078,0.14694338,21.477701,-6.440569,-7.8201604,-1.3748366,0.0,0.0,0.0,0.0,0.0,0.0,923.0391,1205.4213,-201.0,1800.976,986.6609,-201.0,2759.7256,570.4164,-201.0,0 days 00:01:57.917017017,0 days 00:01:57.942028355
0 days 00:00:00.910000,0 days 00:00:00.935011338,answer10,0.578204,-6.4893413,17.153954,0.045874476,-0.008211161,0.15309906,20.572176,-6.10577,-8.151904,-0.46280646,0.0,0.0,0.0,0.0,0.0,0.0,977.37726,1190.9885,-201.0,1819.5508,1206.2306,-201.0,2732.628,697.8254,-201.0,0 days 00:01:57.927017017,0 days 00:01:57.952028355
0 days 00:00:00.920000,0 days 00:00:00.945011338,answer10,0.55623984,-5.9163737,14.712638,0.046584796,-0.0094885975,0.13867466,18.823133,-5.819195,-8.326759,-0.6559687,0.0,0.0,0.0,0.0,0.0,0.0,904.3261,1441.793,-201.0,1748.8331,1304.6171,-201.0,2661.81,858.9919,-201.0,0 days 00:01:57.937017017,0 days 00:01:57.962028355
0 days 00:00:00.930000,0 days 00:00:00.955011338,answer10,0.5300698,-5.651072,13.085015,0.056746867,-0.009185922,0.12537266,15.918655,-6.7988915,-10.296155,-3.9100168,0.0,0.0,0.0,0.0,0.0,0.0,957.2722,1440.6118,-201.0,1848.7969,1316.1641,-201.0,2750.7087,832.5049,-201.0,0 days 00:01:57.947017017,0 days 00:01:57.972028355
0 days 00:00:00.940000,0 days 00:00:00.965011338,answer10,0.5167974,-4.5948834,11.163257,0.060575593,-0.009294521,0.1046725,14.050331,-8.005042,-9.152413,-2.499578,0.0,0.0,0.0,0.0,0.0,0.0,985.14795,1535.4515,-201.0,1888.18,1173.0839,-201.0,2814.2512,715.9743,-201.0,0 days 00:01:57.957017017,0 days 00:01:57.982028355
0 days 00:00:00.950000,0 days 00:00:00.975011338,answer10,0.5315304,-2.663335,10.435023,0.05365537,-0.0067000235,0.110566474,13.980827,-10.335679,-10.562661,1.0150604,0.0,0.0,0.0,0.0,0.0,0.0,1133.1984,1330.6019,-201.0,2025.598,1119.1967,-201.0,2912.8613,554.1617,-201.0,0 days 00:01:57.967017017,0 days 00:01:57.992028355
0 days 00:00:00.960000,0 days 00:00:00.985011338,answer10,0.57171065,-1.5025558,10.321922,0.050424542,-0.00713653,0.11365992,15.793961,-12.148949,-9.635664,3.4467497,0.0,0.0,0.0,0.0,0.0,0.0,1161.0244,1287.9524,-201.0,2029.0668,1096.9133,-201.0,2890.0696,536.3894,-201.0,0 days 00:01:57.977017017,0 days 00:01:58.002028355
0 days 00:00:00.970000,0 days 00:00:01.000997732,answer10,0.61173874,-1.8842912,11.109948,0.05193923,-0.008814476,0.11891386,17.882215,-12.91317,-9.454247,4.0074673,0.0,0.0,0.0,0.0,0.0,0.0,1013.1157,1087.3711,-201.0,1794.7295,1192.7612,-201.0,2730.519,761.9305,-201.0,0 days 00:01:57.987017017,0 days 00:01:58.018014749
