start,end,label,Loudness_sma3,alphaRatio_sma3,hammarbergIndex_sma3,slope0-500_sma3,slope500-1500_sma3,spectralFlux_sma3,mfcc1_sma3,mfcc2_sma3,mfcc3_sma3,mfcc4_sma3,F0semitoneFrom27.5Hz_sma3nz,jitterLocal_sma3nz,shimmerLocaldB_sma3nz,HNRdBACF_sma3nz,logRelF0-H1-H2_sma3nz,logRelF0-H1-A3_sma3nz,F1frequency_sma3nz,F1bandwidth_sma3nz,F1amplitudeLogRelF0_sma3nz,F2frequency_sma3nz,F2bandwidth_sma3nz,F2amplitudeLogRelF0_sma3nz,F3frequency_sma3nz,F3bandwidth_sma3nz,F3amplitudeLogRelF0_sma3nz,original_start,original_end
0 days 00:00:00,0 days 00:00:00.025011338,answer2 ,0.33735645,-8.323323,20.569899,-0.018723823,-0.011578858,0.03212763,25.445395,1.7001476,-2.1399775,1.2301453,0.0,0.0,0.0,0.0,0.0,0.0,601.02936,1660.4532,-201.0,1614.7148,1414.4688,-201.0,2449.743,1449.7223,-201.0,0 days 00:00:10.443777110,0 days 00:00:10.468788448
0 days 00:00:00.010000,0 days 00:00:00.035011338,answer2 ,0.32772323,-10.226326,21.345526,-0.0196442,-0.014519944,0.054550085,24.621504,3.7306805,2.6126628,0.93544436,0.0,0.0,0.0,0.0,0.0,0.0,608.8912,1606.5167,-201.0,1673.1271,1438.7109,-201.0,2462.4773,2118.8215,-201.0,0 days 00:00:10.453777110,0 days 00:00:10.478788448
0 days 00:00:00.020000,0 days 00:00:00.045011338,answer2 ,0.33473077,-10.761551,22.565512,-0.015529428,-0.0147824185,0.08474401,23.98054,3.173192,2.3831391,-2.9872017,0.0,0.0,0.0,0.0,0.0,0.0,603.61395,1412.7416,-201.0,1683.6201,1286.497,-201.0,2474.7473,2029.472,-201.0,0 days 00:00:10.463777110,0 days 00:00:10.488788448
0 days 00:00:00.030000,0 days 00:00:00.055011338,answer2 ,0.34701613,-10.781059,22.4997,-0.016351957,-0.015762536,0.070792876,23.216776,2.126843,0.9495769,-6.072247,0.0,0.0,0.0,0.0,0.0,0.0,442.06882,1383.4366,-201.0,1429.2479,1319.1783,-201.0,2352.6943,1781.8495,-201.0,0 days 00:00:10.473777110,0 days 00:00:10.498788448
0 days 00:00:00.040000,0 days 00:00:00.065011338,answer2 ,0.37188962,-8.595914,21.825727,-0.011175205,-0.014536482,0.07087524,23.034685,-1.3859009,-3.1461446,-6.497416,0.0,0.0,0.0,0.0,0.0,0.0,435.73178,1310.1476,-201.0,1454.0107,1134.5214,-201.0,2481.793,1158.3525,-201.0,0 days 00:00:10.483777110,0 days 00:00:10.508788448
0 days 00:00:00.050000,0 days 00:00:00.075011338,answer2 ,0.37081513,-7.9205394,18.646229,-0.012069705,-0.016101437,0.06256899,22.221674,-1.8124866,-2.485998,-3.9346492,0.0,0.0,0.0,0.0,0.0,0.0,431.24023,1407.3517,-201.0,1450.5958,1218.568,-201.0,2471.458,1173.3954,-201.0,0 days 00:00:10.493777110,0 days 00:00:10.518788448
0 days 00:00:00.060000,0 days 00:00:00.085011338,answer2 ,0.35420504,-7.4393287,16.56458,-0.013281229,-0.013318316,0.074074775,22.056412,-0.9375708,-0.61162573,-1.523252,0.0,0.0,0.0,0.0,0.0,0.0,387.60092,1486.6426,-201.0,1357.5857,1068.5646,-201.0,2520.2488,874.91974,-201.0,0 days 00:00:10.503777110,0 days 00:00:10.528788448
0 days 00:00:00.070000,0 days 00:00:00.095011338,answer2 ,0.33817017,-8.105564,15.991254,-0.011188242,-0.013336126,0.075616516,21.405602,1.3390783,2.51213,-0.8418834,0.0,0.0,0.0,0.0,0.0,0.0,563.6591,1484.0292,-201.0,1420.695,1233.5405,-201.0,2440.7642,755.1885,-201.0,0 days 00:00:10.513777110,0 days 00:00:10.538788448
0 days 00:00:00.080000,0 days 00:00:00.105011338,answer2 ,0.33448124,-9.008131,18.511866,-0.014513734,-0.012634278,0.076004945,20.884035,3.3186734,5.6456065,0.61346054,0.0,0.0,0.0,0.0,0.0,0.0,765.57,1534.6561,-201.0,1546.2023,1754.2142,-201.0,2416.2292,812.8177,-201.0,0 days 00:00:10.523777110,0 days 00:00:10.548788448
0 days 00:00:00.090000,0 days 00:00:00.115011338,answer2 ,0.37926686,-9.175707,19.648222,-0.0114919385,-0.010514922,0.07723122,19.627394,3.8809814,9.034427,3.8883142,0.0,0.0,0.0,0.0,0.0,0.0,1065.7582,1356.4996,-201.0,1962.1635,1668.5128,-201.0,2999.2605,1459.3701,-201.0,0 days 00:00:10.533777110,0 days 00:00:10.558788448
0 days 00:00:00.100000,0 days 00:00:00.125011338,answer2 ,0.40949145,-9.051301,18.58768,-0.022857381,-0.0070217964,0.087618165,19.335428,3.9110649,8.011122,5.910317,0.0,0.0,0.0,0.0,0.0,0.0,892.43243,1378.506,-201.0,1851.7969,1573.3442,-201.0,2994.0476,1445.4579,-201.0,0 days 00:00:10.543777110,0 days 00:00:10.568788448
0 days 00:00:00.110000,0 days 00:00:00.135011338,answer2 ,0.48344207,-11.999106,19.95117,-0.011248355,-0.004051334,0.23137897,21.75743,7.004414,11.791703,10.751503,0.0,0.0,0.0,0.0,0.0,0.0,683.79694,1443.4209,-201.0,1739.6224,1162.3613,-201.0,2938.0144,1659.7129,-201.0,0 days 00:00:10.553777110,0 days 00:00:10.578788448
0 days 00:00:00.120000,0 days 00:00:00.145011338,answer2 ,0.576945,-15.289082,21.426481,0.0013600042,-0.008401762,0.3519663,24.669624,11.112382,16.162119,12.418094,0.0,0.0,0.0,0.0,0.0,0.0,714.2097,1406.3099,-144.05086,1757.1309,1201.0991,-141.84846,2843.2058,1056.2853,-143.16508,0 days 00:00:10.563777110,0 days 00:00:10.588788448
0 days 00:00:00.130000,0 days 00:00:00.155011338,answer2 ,0.6905547,-18.235449,23.647528,0.012351919,-0.011019233,0.46215856,26.26771,13.998042,24.007196,19.622812,29.47303,0.0,2.5691721,4.2915,11.582323,22.599655,688.44745,1355.087,-78.29634,1748.5726,1123.7482,-82.41357,2771.6758,1049.7687,-84.366394,0 days 00:00:10.573777110,0 days 00:00:10.598788448
0 days 00:00:00.140000,0 days 00:00:00.165011338,answer2 ,0.7821843,-18.217459,23.537642,0.013573994,-0.014509852,0.42052814,26.927896,13.492749,25.853172,23.422022,29.722044,0.061011016,2.0078628,4.9151225,11.5884285,24.615637,677.31903,1175.507,-12.401004,1747.5936,904.5427,-23.580162,2820.2676,749.93555,-28.020256,0 days 00:00:10.583777110,0 days 00:00:10.608788448
0 days 00:00:00.150000,0 days 00:00:00.175011338,answer2 ,0.83008045,-19.002398,24.060873,0.008925979,-0.015157387,0.36490265,27.77497,13.193717,29.3523,26.028212,29.968752,0.06810426,1.5231904,5.589395,12.044236,26.242004,671.64404,1207.816,-14.4134245,1690.5967,830.8005,-23.748232,2812.575,683.6556,-29.963417,0 days 00:00:10.593777110,0 days 00:00:10.618788448
0 days 00:00:00.160000,0 days 00:00:00.185011338,answer2 ,0.8576655,-19.74527,24.329775,0.009888922,-0.015735036,0.32609817,29.338434,13.209897,33.43738,23.86973,29.750147,0.038734015,1.3825094,5.5340047,10.510484,26.660215,668.3629,1231.5485,-14.768813,1727.8711,920.142,-27.86263,2749.83,714.41986,-30.737015,0 days 00:00:10.603777110,0 days 00:00:10.628788448
0 days 00:00:00.170000,0 days 00:00:00.195011338,answer2 ,0.84015656,-19.768608,23.80834,0.009562877,-0.016253768,0.32104596,29.400248,13.524081,38.449165,20.140738,29.313753,0.041855264,1.1198006,4.882864,10.109063,27.154093,919.56525,1359.5812,-23.598791,2009.3561,964.49396,-28.887014,3184.1243,983.653,-31.915644,0 days 00:00:10.613777110,0 days 00:00:10.638788448
0 days 00:00:00.180000,0 days 00:00:00.205011338,answer2 ,0.7485141,-19.81346,25.007193,0.0069576805,-0.016570522,0.36639106,29.774033,12.810334,37.761555,17.508995,29.068186,0.021637522,0.6025608,4.7382627,10.014704,26.12568,586.0419,1507.5742,-78.5355,1752.6647,1118.4663,-87.87048,2735.7598,1089.4434,-87.807396,0 days 00:00:10.623777110,0 days 00:00:10.648788448
0 days 00:00:00.190000,0 days 00:00:00.215011338,answer2 ,0.61977494,-18.116455,25.634253,0.008625492,-0.012126483,0.43857774,28.368568,9.888982,32.591877,15.916199,0.0,0.0,0.0,0.0,0.0,0.0,797.8626,1419.311,-143.93465,1907.2983,1053.6615,-143.19098,2907.473,1115.6854,-145.83249,0 days 00:00:10.633777110,0 days 00:00:10.658788448
0 days 00:00:00.200000,0 days 00:00:00.225011338,answer2 ,0.49558994,-16.536505,24.707016,0.009278917,-0.012418139,0.37970755,27.923346,7.093889,25.88215,15.453515,0.0,0.0,0.0,0.0,0.0,0.0,542.19995,1347.5934,-201.0,1650.7474,1047.288,-201.0,2476.622,907.35223,-201.0,0 days 00:00:10.643777110,0 days 00:00:10.668788448
0 days 00:00:00.210000,0 days 00:00:00.235011338,answer2 ,0.40961346,-15.054885,23.490118,0.0054346994,-0.011591447,0.28600392,26.068626,5.297674,20.933466,14.048602,0.0,0.0,0.0,0.0,0.0,0.0,548.06506,1359.4198,-201.0,1621.6344,1000.3716,-201.0,2459.968,992.5351,-201.0,0 days 00:00:10.653777110,0 days 00:00:10.678788448
0 days 00:00:00.220000,0 days 00:00:00.245011338,answer2 ,0.38426945,-13.306576,20.55418,0.00629073,-0.013661307,0.16210905,25.315641,4.1367764,15.375916,10.558064,0.0,0.0,0.0,0.0,0.0,0.0,359.86795,1597.8688,-201.0,1391.976,1206.7158,-201.0,2308.822,1046.9331,-201.0,0 days 00:00:10.663777110,0 days 00:00:10.688788448
0 days 00:00:00.230000,0 days 00:00:00.255011337,answer2 ,0.41892585,-8.827697,14.77629,0.00027298552,-0.008648972,0.14236711,20.622622,-1.0353374,15.169507,7.808275,0.0,0.0,0.0,0.0,0.0,0.0,578.59033,1553.0201,-201.0,1556.749,1224.016,-201.0,2461.525,1083.656,-201.0,0 days 00:00:10.673777110,0 days 00:00:10.698788447
0 days 00:00:00.240000,0 days 00:00:00.265011338,answer2 ,0.5480084,-2.800935,6.041807,0.0038129233,-0.006708329,0.15704133,15.278411,-6.1708283,17.95006,4.958597,0.0,0.0,0.0,0.0,0.0,0.0,911.55566,1448.0219,-201.0,1770.8066,1536.6815,-201.0,2649.5244,993.3897,-201.0,0 days 00:00:10.683777110,0 days 00:00:10.708788448
0 days 00:00:00.250000,0 days 00:00:00.275011338,answer2 ,0.73549706,1.6602644,-0.9600889,0.003006458,-0.0067570894,0.19515844,10.257542,-8.886094,25.666758,5.399014,0.0,0.0,0.0,0.0,0.0,0.0,1158.5902,1021.2815,-201.0,2156.7783,1312.3527,-201.0,2853.824,1242.7448,-201.0,0 days 00:00:10.693777110,0 days 00:00:10.718788448
0 days 00:00:00.260000,0 days 00:00:00.285011338,answer2 ,0.8428147,3.0394948,-2.1928911,0.0063149333,-0.0072808634,0.24076664,8.158875,-8.782811,26.646646,5.519201,0.0,0.0,0.0,0.0,0.0,0.0,944.3555,1165.8685,-201.0,1951.2646,1354.9911,-201.0,2694.287,1260.6302,-201.0,0 days 00:00:10.703777110,0 days 00:00:10.728788448
0 days 00:00:00.270000,0 days 00:00:00.295011338,answer2 ,0.90215427,-1.3578161,3.9157953,0.012827106,-0.008390385,0.4128305,11.4453,-3.266532,28.2199,10.140372,0.0,0.0,0.0,0.0,0.0,0.0,608.25476,1226.9286,-134.52171,1725.1774,968.9985,-142.03822,2634.985,1231.427,-141.72835,0 days 00:00:10.713777110,0 days 00:00:10.738788448
0 days 00:00:00.280000,0 days 00:00:00.305011338,answer2 ,0.9936507,-8.2940445,12.802749,0.019114679,-0.010452256,0.8194499,17.124043,3.0940464,28.78447,19.618944,31.009033,0.0,0.0,5.34978,18.968298,24.355785,313.025,1540.5072,-67.44802,1400.2245,942.346,-85.133415,2453.617,988.16425,-83.6852,0 days 00:00:10.723777110,0 days 00:00:10.748788448
0 days 00:00:00.290000,0 days 00:00:00.315011338,answer2 ,1.1558628,-17.19316,22.045446,0.023642585,-0.016359208,1.1401376,23.446955,14.695432,30.14505,28.275595,31.025833,0.0,0.0,6.0083814,19.523462,27.685263,614.7221,2007.649,-10.677334,1491.331,1047.6576,-26.122293,2753.9814,1077.1129,-27.915312,0 days 00:00:10.733777110,0 days 00:00:10.758788448
0 days 00:00:00.300000,0 days 00:00:00.325011338,answer2 ,1.3764623,-20.118563,23.74811,0.026913254,-0.01828052,1.0938482,26.930681,17.478071,26.832376,33.240902,31.034128,0.0,3.050825,6.886215,19.409775,31.473913,729.6534,2566.1956,-18.236258,1617.7467,1070.7051,-25.648096,3058.5703,1157.4261,-30.885809,0 days 00:00:10.743777110,0 days 00:00:10.768788448
0 days 00:00:00.310000,0 days 00:00:00.335011338,answer2 ,1.5595857,-20.679115,25.274431,0.033678655,-0.018750876,0.7397447,27.945045,18.07598,22.42306,28.40075,30.875,0.009038662,2.2013993,6.7013016,16.97171,30.766058,1059.1237,2635.0679,-26.773825,1815.5677,1161.1216,-24.838226,3497.712,1141.0581,-30.385641,0 days 00:00:10.753777110,0 days 00:00:10.778788448
0 days 00:00:00.320000,0 days 00:00:00.345011338,answer2 ,1.6220717,-19.809488,23.942698,0.04361087,-0.017707108,0.73983735,27.951166,16.137524,24.862741,21.733278,30.535492,0.008026539,0.7541545,6.353185,12.365214,29.199091,736.8543,2252.945,-18.17345,1901.3954,950.6211,-28.97912,3570.4973,1061.8983,-30.66558,0 days 00:00:10.763777110,0 days 00:00:10.788788448
0 days 00:00:00.330000,0 days 00:00:00.355011338,answer2 ,1.5040888,-20.312218,26.330803,0.047662374,-0.0189799,0.9953533,27.996859,16.74262,27.582823,15.006294,30.02469,0.0090582045,0.5483737,6.0322533,8.88841,26.450068,628.0114,1726.0736,-11.795879,1750.833,1119.1957,-34.76338,3108.4436,983.2744,-29.91607,0 days 00:00:10.773777110,0 days 00:00:10.798788448
0 days 00:00:00.340000,0 days 00:00:00.365011338,answer2 ,1.2937573,-22.093004,27.694384,0.046140254,-0.01576457,1.0942186,28.999216,18.440939,31.774652,14.783296,29.63005,0.015504509,1.024593,5.915085,8.543407,29.998178,554.47723,1578.3109,-15.152401,1753.2516,1071.5038,-37.43562,3023.9502,1023.1845,-34.543034,0 days 00:00:10.783777110,0 days 00:00:10.808788448
0 days 00:00:00.350000,0 days 00:00:00.375011338,answer2 ,1.1417718,-24.755407,33.060467,0.04043601,-0.014057084,0.8424807,31.47841,21.088837,29.56973,16.703455,29.32376,0.022164242,1.4839121,5.8947334,9.947655,32.026726,595.6059,1344.5138,-18.630182,1691.2295,1184.8689,-38.743946,2658.9841,1230.9835,-36.373676,0 days 00:00:10.793777110,0 days 00:00:10.818788448
0 days 00:00:00.360000,0 days 00:00:00.385011338,answer2 ,1.045393,-28.041193,36.192616,0.036518786,-0.009759154,0.5729687,33.879295,25.102243,27.121368,20.647581,29.115961,0.023236642,1.2156535,6.026713,10.996311,39.04573,879.4827,1359.3068,-29.404375,1939.9117,1202.1947,-39.12871,3022.704,1408.2037,-42.56348,0 days 00:00:10.803777110,0 days 00:00:10.828788448
0 days 00:00:00.370000,0 days 00:00:00.395011338,answer2 ,0.96360344,-30.321732,40.278862,0.032957345,-0.011045132,0.55335426,35.71912,28.21752,24.312311,20.845331,28.925682,0.0206937,0.7219599,6.271068,11.547275,43.34004,645.7191,1434.2682,-17.299517,1747.8446,1253.2148,-39.12763,2791.4934,1401.525,-45.360477,0 days 00:00:10.813777110,0 days 00:00:10.838788448
0 days 00:00:00.380000,0 days 00:00:00.405011338,answer2 ,0.894593,-31.561163,41.681076,0.030110873,-0.01430023,0.6108368,37.252224,30.03472,22.148344,20.354057,28.81691,0.017556263,0.59182215,6.498572,11.700722,47.59207,721.0887,1480.8334,-21.393677,1754.547,1181.8365,-37.95933,2895.3416,1044.1415,-47.46367,0 days 00:00:10.823777110,0 days 00:00:10.848788448
0 days 00:00:00.390000,0 days 00:00:00.415011338,answer2 ,0.8672691,-31.497446,43.66182,0.029197231,-0.016182842,0.5120985,37.55042,31.272367,20.132277,18.32886,28.876451,0.010551511,0.6226907,6.68487,11.7396965,49.106243,727.8989,1426.924,-18.824755,1823.521,1265.0276,-38.360092,2898.588,1174.7704,-47.62997,0 days 00:00:10.833777110,0 days 00:00:10.858788448
0 days 00:00:00.400000,0 days 00:00:00.425011338,answer2 ,0.8712844,-31.068243,43.33742,0.028047299,-0.016014984,0.40485978,37.963474,32.337677,17.182322,16.97818,29.106764,0.007279881,0.49103913,6.359398,12.158585,45.98631,766.5664,1500.8778,-23.768381,1773.1132,1487.216,-35.801254,2811.5808,1084.3994,-44.975346,0 days 00:00:10.843777110,0 days 00:00:10.868788448
0 days 00:00:00.410000,0 days 00:00:00.435011338,answer2 ,0.97363967,-28.065775,40.463993,0.027616993,-0.011585661,0.4138987,36.97949,26.599722,19.816912,14.150027,29.504318,0.0045872442,0.26413092,5.6386986,11.543694,40.86116,908.6094,1607.9801,-25.603617,1878.6929,1661.4667,-35.66421,2987.3574,1283.3301,-41.83041,0 days 00:00:10.853777110,0 days 00:00:10.878788448
0 days 00:00:00.420000,0 days 00:00:00.445011338,answer2 ,1.1721889,-23.75129,35.81415,0.032205928,-0.007736623,0.6632364,34.2609,20.011763,22.6074,9.473823,29.899485,0.009297482,0.2917583,5.5942764,9.65863,31.742325,610.6718,1584.8693,-17.935043,1565.4604,1365.1174,-28.507978,2707.4275,976.65594,-35.42534,0 days 00:00:10.863777110,0 days 00:00:10.888788448
0 days 00:00:00.430000,0 days 00:00:00.455011338,answer2 ,1.3940163,-19.336561,31.301687,0.03510058,-0.0051707756,0.74909,30.89264,15.26714,21.807573,3.776261,30.21544,0.01818136,0.8118345,6.000234,6.597552,26.1536,570.1263,1474.5634,-15.878726,1554.1405,1073.9789,-24.407234,2700.9023,918.8242,-32.25861,0 days 00:00:10.873777110,0 days 00:00:10.898788448
0 days 00:00:00.440000,0 days 00:00:00.465011338,answer2 ,1.599534,-16.07572,29.405396,0.034311928,-0.0036177707,0.7037284,28.6538,15.407478,12.573109,3.451744,30.394648,0.020786779,0.71257406,6.7713037,4.4157147,23.055346,300.08035,1392.1886,-7.263911,1296.7772,852.57715,-17.234247,2449.0293,691.30255,-30.533617,0 days 00:00:10.883777110,0 days 00:00:10.908788448
0 days 00:00:00.450000,0 days 00:00:00.475011338,answer2 ,1.7477798,-14.4854555,29.200884,0.030410161,-0.00390798,0.49847507,28.117836,16.248508,3.0031483,4.815781,30.506693,0.01919506,0.9241547,6.9899583,3.1183918,21.666208,325.37912,1324.1522,0.0,1268.7662,842.4156,-15.328818,2429.9216,606.2203,-29.397902,0 days 00:00:10.893777110,0 days 00:00:10.918788448
0 days 00:00:00.460000,0 days 00:00:00.485011338,answer2 ,1.8723193,-13.189453,28.351624,0.027995273,-0.0045736944,0.42847994,28.753883,13.673671,-2.4181054,7.464667,30.523737,0.010769643,0.45810342,7.169,2.4783816,19.565153,348.88806,1318.9972,-7.9923644,1281.9451,878.94403,-15.085763,2451.0437,617.1879,-26.751833,0 days 00:00:10.903777110,0 days 00:00:10.928788448
0 days 00:00:00.470000,0 days 00:00:00.495011338,answer2 ,1.9172617,-12.742644,25.682142,0.029623643,-0.003648706,0.3839451,28.87053,11.217213,-2.4520853,7.8228736,30.466278,0.0060949805,0.39218298,7.122829,2.7821617,16.628933,410.27518,1315.1938,-8.644241,1337.3707,977.291,-15.406959,2481.5413,646.88354,-23.159765,0 days 00:00:10.913777110,0 days 00:00:10.938788448
0 days 00:00:00.480000,0 days 00:00:00.505011338,answer2 ,1.8877907,-12.650589,22.284836,0.029755153,-0.0032057092,0.40403163,28.921318,9.514345,1.0346931,7.973642,30.294052,0.003282129,0.2490623,6.7682176,5.0121403,16.521616,409.18686,1425.8961,-10.832479,1352.972,1061.3446,-16.70147,2516.9954,651.508,-22.341955,0 days 00:00:10.923777110,0 days 00:00:10.948788448
0 days 00:00:00.490000,0 days 00:00:00.515011338,answer2 ,1.7405872,-13.722569,22.354668,0.025698172,-0.0030004308,0.48591253,28.30651,11.517563,4.438584,9.059104,29.927856,0.0030718122,0.20890261,6.191484,7.4290824,19.890455,387.75674,1422.4985,-9.372061,1321.5151,1012.3167,-20.037355,2474.3538,563.4251,-25.027601,0 days 00:00:10.933777110,0 days 00:00:10.958788448
0 days 00:00:00.500000,0 days 00:00:00.525011338,answer2 ,1.5144781,-16.75611,25.565168,0.022943772,-0.0039700246,0.5788942,28.736734,17.031553,7.1560345,11.221038,29.406305,0.0061443145,0.5376634,5.4462037,9.3276205,25.051844,355.692,1351.3495,-6.8096046,1289.1515,930.08026,-22.920237,2420.3184,540.91876,-28.962717,0 days 00:00:10.943777110,0 days 00:00:10.968788448
0 days 00:00:00.510000,0 days 00:00:00.535011338,answer2 ,1.2847099,-19.923647,29.919367,0.023173407,-0.0051178825,0.6262693,30.053902,21.917936,8.501373,13.791542,28.70711,0.013887639,0.47165704,4.2888026,9.267545,30.819359,323.98636,1342.3785,-2.078735,1276.4264,914.37524,-25.02349,2372.3125,574.38837,-32.898094,0 days 00:00:10.953777110,0 days 00:00:10.978788448
0 days 00:00:00.520000,0 days 00:00:00.545011338,answer2 ,1.0822531,-22.770247,33.71756,0.02989746,-0.0028884888,0.7177892,31.056116,25.034079,11.309025,15.261051,28.36496,0.018526286,0.65910244,3.6820726,9.110064,33.142696,606.19385,1399.4803,-67.704094,1659.0897,1113.944,-83.63378,2788.8633,866.278,-89.79922,0 days 00:00:10.963777110,0 days 00:00:10.988788448
0 days 00:00:00.530000,0 days 00:00:00.555011338,answer2 ,0.9123695,-21.513746,32.347996,0.03340685,-0.0005859486,0.8748166,29.79608,22.2177,12.031281,14.2070055,0.0,0.0,0.0,0.0,0.0,0.0,554.49274,1519.0951,-133.95055,1676.1737,1186.399,-142.46992,2791.013,975.2358,-145.88222,0 days 00:00:10.973777110,0 days 00:00:10.998788448
0 days 00:00:00.540000,0 days 00:00:00.565011338,answer2 ,0.74925274,-18.8666,31.090607,0.027211616,0.0025528185,0.8292945,27.574926,19.122622,10.486648,12.879387,0.0,0.0,0.0,0.0,0.0,0.0,555.62646,1575.2305,-201.0,1669.9512,1192.3799,-201.0,2829.1653,993.94073,-201.0,0 days 00:00:10.983777110,0 days 00:00:11.008788448
0 days 00:00:00.550000,0 days 00:00:00.575011338,answer2 ,0.6362793,-15.05262,26.806486,0.017333196,-0.00042257845,0.62731797,25.023003,14.175808,6.5516567,11.4325285,0.0,0.0,0.0,0.0,0.0,0.0,545.2789,1499.0719,-201.0,1660.6842,986.5009,-201.0,2923.2664,978.18634,-201.0,0 days 00:00:10.993777110,0 days 00:00:11.018788448
0 days 00:00:00.560000,0 days 00:00:00.585011338,answer2 ,0.6063035,-11.921871,26.506819,0.0074943076,0.0019555974,0.32330927,23.808289,11.9588995,1.3359046,14.566897,0.0,0.0,0.0,0.0,0.0,0.0,806.1845,1420.1816,-201.0,1858.3229,1043.3567,-201.0,3103.8438,886.25275,-201.0,0 days 00:00:11.003777110,0 days 00:00:11.028788448
0 days 00:00:00.570000,0 days 00:00:00.595011338,answer2 ,0.61083513,-10.372815,23.038877,0.006121656,0.00014961076,0.23642509,21.20273,9.390356,1.5678054,17.71116,0.0,0.0,0.0,0.0,0.0,0.0,1013.7067,1253.4034,-201.0,2021.4142,1025.3129,-201.0,3195.5242,822.3074,-201.0,0 days 00:00:11.013777110,0 days 00:00:11.038788448
0 days 00:00:00.580000,0 days 00:00:00.605011338,answer2 ,0.8317836,-3.698878,13.719193,0.0031736493,0.004399841,0.28938305,15.327607,-0.033610027,7.0886326,18.630938,0.0,0.0,0.0,0.0,0.0,0.0,975.82306,1155.7908,-201.0,1969.191,1129.2264,-201.0,2878.9558,716.618,-201.0,0 days 00:00:11.023777110,0 days 00:00:11.048788448
0 days 00:00:00.590000,0 days 00:00:00.615011338,answer2 ,1.0006093,1.3756102,3.5128314,-0.005076407,0.0044396836,0.32672945,8.241521,-6.972309,18.0366,13.493049,0.0,0.0,0.0,0.0,0.0,0.0,786.0275,1357.958,-201.0,1679.709,1086.7487,-201.0,2635.2927,855.164,-201.0,0 days 00:00:11.033777110,0 days 00:00:11.058788448
0 days 00:00:00.600000,0 days 00:00:00.625011338,answer2 ,1.0580736,4.351208,-1.0965937,-0.020099705,0.009489651,0.39473733,4.2681427,-10.11035,23.992384,10.02255,0.0,0.0,0.0,0.0,0.0,0.0,836.03876,1258.536,-201.0,1863.6279,1097.1317,-201.0,2574.5823,1274.9657,-201.0,0 days 00:00:11.043777110,0 days 00:00:11.068788448
0 days 00:00:00.610000,0 days 00:00:00.635011338,answer2 ,0.8833916,1.213483,3.0385787,-0.027684385,0.0064219236,0.3006835,5.6143775,-3.9238083,24.15254,4.6181436,0.0,0.0,0.0,0.0,0.0,0.0,822.3797,1229.3099,-201.0,1770.6338,1095.3546,-201.0,2486.0981,1201.6312,-201.0,0 days 00:00:11.053777110,0 days 00:00:11.078788448
0 days 00:00:00.620000,0 days 00:00:00.645011338,answer2 ,0.69468117,-2.088393,7.7759647,-0.029186368,0.005828569,0.23160411,8.422417,-0.5824198,20.097393,3.65886,0.0,0.0,0.0,0.0,0.0,0.0,998.635,991.89484,-201.0,2029.7655,1202.4945,-201.0,2642.2168,1141.5336,-201.0,0 days 00:00:11.063777110,0 days 00:00:11.088788448
0 days 00:00:00.630000,0 days 00:00:00.655011338,answer2 ,0.5900159,-4.035713,10.427679,-0.025858626,-0.0017877301,0.14977169,10.37339,1.9041702,16.969,2.6521091,0.0,0.0,0.0,0.0,0.0,0.0,1013.5334,1178.4355,-201.0,1955.5411,1396.8114,-201.0,2700.7644,824.8242,-201.0,0 days 00:00:11.073777110,0 days 00:00:11.098788448
0 days 00:00:00.640000,0 days 00:00:00.665011338,answer2 ,0.5379834,-6.8210664,14.660085,-0.015533051,0.0009324749,0.14884205,13.087296,4.591828,13.802994,7.6976585,0.0,0.0,0.0,0.0,0.0,0.0,999.6329,1282.9283,-201.0,1936.952,1391.2946,-201.0,2727.8582,795.8357,-201.0,0 days 00:00:11.083777110,0 days 00:00:11.108788448
0 days 00:00:00.650000,0 days 00:00:00.675011338,answer2 ,0.5356248,-11.367061,20.65869,-0.018018816,-0.00022818171,0.22445552,17.206884,9.306962,13.444873,12.559514,0.0,0.0,0.0,0.0,0.0,0.0,1159.6176,1295.1017,-201.0,2222.264,1342.4315,-201.0,3212.4915,939.62274,-201.0,0 days 00:00:11.093777110,0 days 00:00:11.118788448
0 days 00:00:00.660000,0 days 00:00:00.685011338,answer2 ,0.5688156,-14.998833,26.879883,-0.008174657,0.0014328622,0.28182054,22.719423,11.826652,13.452876,12.519624,0.0,0.0,0.0,0.0,0.0,0.0,898.68854,1321.2147,-135.95541,1982.8862,1151.9496,-139.73706,3128.6702,889.2707,-144.25435,0 days 00:00:11.103777110,0 days 00:00:11.128788448
0 days 00:00:00.670000,0 days 00:00:00.695011338,answer2 ,0.6047189,-16.688095,29.979332,-0.009575261,-0.0013181111,0.32814062,27.112558,12.882301,13.318538,12.842555,27.853432,0.0,0.6199781,3.6988492,4.649508,28.175833,905.2243,1394.5612,-75.569084,1900.9557,1332.6868,-82.22636,3062.4324,922.2534,-87.913025,0 days 00:00:11.113777110,0 days 00:00:11.138788448
0 days 00:00:00.680000,0 days 00:00:00.705011338,answer2 ,0.63957596,-18.114899,30.995615,0.0039939103,-0.0048039225,0.30900317,29.621008,14.961658,14.060287,11.650344,27.70636,0.038651902,0.90613574,3.555896,4.688908,32.48596,795.21533,1301.2145,-15.816518,1765.264,1103.9257,-25.947989,2923.8665,706.94257,-33.914387,0 days 00:00:11.123777110,0 days 00:00:11.148788448
0 days 00:00:00.690000,0 days 00:00:00.715011338,answer2 ,0.6460123,-19.632181,31.075705,0.010766973,-0.0059824903,0.32324597,29.48857,18.204462,14.104846,12.668729,27.524002,0.03786446,1.2156211,3.7314265,5.0007954,37.754868,1086.098,1421.0228,-20.606133,2026.3922,1217.5466,-28.40021,3289.2068,885.4424,-35.145016,0 days 00:00:11.133777110,0 days 00:00:11.158788448
0 days 00:00:00.700000,0 days 00:00:00.725011338,answer2 ,0.6699944,-21.781652,32.389355,0.021119358,-0.0065076384,0.3492808,28.527018,20.728247,15.38625,11.331801,27.154373,0.03127194,1.9036838,3.2748,3.6977854,39.8848,854.91974,1496.0162,-11.879922,1953.7041,1108.0734,-26.08787,3226.8215,957.8716,-34.988686,0 days 00:00:11.143777110,0 days 00:00:11.168788448
0 days 00:00:00.710000,0 days 00:00:00.735011338,answer2 ,0.67884344,-22.39769,33.64149,0.02908467,-0.0059484555,0.326753,28.467169,21.437735,13.414173,11.549012,26.879889,0.031314936,1.8996534,3.5297964,2.5500958,37.492313,603.6253,1617.4987,-6.94873,1648.3213,1242.7908,-22.958673,2826.2,1076.1273,-31.878693,0 days 00:00:11.153777110,0 days 00:00:11.178788448
0 days 00:00:00.720000,0 days 00:00:00.745011338,answer2 ,0.71447855,-22.124313,32.918972,0.037195545,-0.0031821076,0.2932227,29.455774,20.187708,12.465538,13.008027,26.545675,0.022179745,1.7406082,2.9225118,1.3775531,33.258904,315.08646,1554.7057,0.0,1344.8661,1244.0236,-23.207788,2402.125,954.95,-29.059034,0 days 00:00:11.163777110,0 days 00:00:11.188788448
0 days 00:00:00.730000,0 days 00:00:00.755011338,answer2 ,0.7383809,-22.274567,30.73409,0.03517044,-0.004163861,0.2789607,30.625383,20.239687,14.183102,13.380492,26.237953,0.015458564,1.7262977,2.7585323,-0.5250001,28.361715,333.16275,1520.6002,2.1604037,1355.5421,1245.7721,-23.613283,2440.5696,980.4077,-26.469778,0 days 00:00:11.173777110,0 days 00:00:11.198788448
0 days 00:00:00.740000,0 days 00:00:00.765011338,answer2 ,0.78039503,-20.204676,26.712463,0.028190093,-0.000118050106,0.38619015,29.204138,16.690514,19.621971,12.617383,26.143852,0.012584823,1.3297995,2.4533446,-2.7653828,24.894072,357.23117,1559.4434,3.4104097,1453.1274,1342.598,-20.82968,2450.738,936.5911,-24.249046,0 days 00:00:11.183777110,0 days 00:00:11.208788448
0 days 00:00:00.750000,0 days 00:00:00.775011338,answer2 ,0.84039396,-18.52227,25.970573,0.023612915,0.00063483487,0.44632968,27.55226,14.330777,20.637878,11.919885,26.076391,0.018594142,1.3077974,2.813839,-5.8037553,21.107122,356.75427,1404.4644,5.5101466,1480.7008,1115.794,-16.930847,2495.4348,808.47125,-21.400732,0 days 00:00:11.193777110,0 days 00:00:11.218788448
0 days 00:00:00.760000,0 days 00:00:00.785011338,answer2 ,0.8977975,-16.26726,24.630013,0.021322424,0.0043177377,0.44479236,22.858988,13.131282,20.36455,12.201434,25.969162,0.016529884,0.7808916,2.864006,-8.626025,19.26785,346.18253,1369.8724,6.498384,1454.8817,975.5393,-15.336873,2473.285,688.46136,-21.395493,0 days 00:00:11.203777110,0 days 00:00:11.228788448
0 days 00:00:00.770000,0 days 00:00:00.795011338,answer2 ,0.9543255,-16.494032,25.549154,0.02821322,0.001172538,0.3739765,20.811605,15.761762,17.012835,12.0102,25.733398,0.018451072,1.2156564,2.6977024,-11.328991,14.744377,344.13705,1282.6227,5.5245385,1337.9403,885.4704,-19.366615,2377.6033,758.19116,-20.548828,0 days 00:00:11.213777110,0 days 00:00:11.238788448
0 days 00:00:00.780000,0 days 00:00:00.805011338,answer2 ,0.94508916,-15.451878,23.190165,0.019132739,-0.0009831692,0.39822778,18.024338,15.669038,18.339869,15.200269,25.60871,0.014220622,1.0352974,2.4561129,-12.643042,13.795356,331.00754,1356.3074,-64.10623,1389.3184,934.3813,-81.82705,2353.0876,930.00616,-81.731834,0 days 00:00:11.223777110,0 days 00:00:11.248788448
0 days 00:00:00.790000,0 days 00:00:00.815011338,answer2 ,0.9136741,-13.556762,20.960752,0.010131131,-0.0025623196,0.40825263,17.224337,13.714437,17.264177,18.55813,0.0,0.0,0.0,0.0,0.0,0.0,345.92862,1311.3876,-133.00371,1395.786,884.3309,-142.83858,2327.121,950.4507,-140.82397,0 days 00:00:11.233777110,0 days 00:00:11.258788448
0 days 00:00:00.800000,0 days 00:00:00.825011338,answer2 ,0.8579461,-9.968467,16.019747,-0.003101296,-0.0050508794,0.40752152,15.303084,9.23207,17.642408,23.387093,0.0,0.0,0.0,0.0,0.0,0.0,303.62674,1424.1562,-201.0,1392.7847,847.1297,-201.0,2319.867,888.84033,-201.0,0 days 00:00:11.243777110,0 days 00:00:11.268788448
0 days 00:00:00.810000,0 days 00:00:00.835011338,answer2 ,0.84700626,-8.259788,12.8081665,-0.007078515,-0.0061455206,0.34614825,14.581914,8.035442,19.154984,25.548574,0.0,0.0,0.0,0.0,0.0,0.0,631.27094,1137.3463,-201.0,1652.1084,871.834,-201.0,2729.748,795.16187,-201.0,0 days 00:00:11.253777110,0 days 00:00:11.278788448
0 days 00:00:00.820000,0 days 00:00:00.845011338,answer2 ,0.80477685,-7.234614,9.799493,0.0033067297,-0.00870753,0.34599888,13.935867,7.967336,20.402727,25.877558,0.0,0.0,0.0,0.0,0.0,0.0,610.411,1181.3159,-201.0,1670.6006,870.4048,-201.0,2714.6611,876.8309,-201.0,0 days 00:00:11.263777110,0 days 00:00:11.288788448
0 days 00:00:00.830000,0 days 00:00:00.855011338,answer2 ,0.799063,-8.769626,10.099832,0.009756415,-0.0069340677,0.35393822,15.51788,10.248815,21.400627,26.261293,0.0,0.0,0.0,0.0,0.0,0.0,649.33356,1104.5958,-201.0,1691.4008,939.6027,-201.0,2718.9045,931.64355,-201.0,0 days 00:00:11.273777110,0 days 00:00:11.298788448
0 days 00:00:00.840000,0 days 00:00:00.865011338,answer2 ,0.7782343,-8.41808,9.887314,0.01542925,-0.004678319,0.3619361,15.586625,10.326256,20.607239,25.93926,0.0,0.0,0.0,0.0,0.0,0.0,347.6899,1343.9541,-201.0,1411.3257,935.507,-201.0,2260.4626,1022.60345,-201.0,0 days 00:00:11.283777110,0 days 00:00:11.308788448
0 days 00:00:00.850000,0 days 00:00:00.875011338,answer2 ,0.739299,-9.846186,12.949443,0.009999064,-0.006687712,0.30309263,17.207293,11.910083,21.07694,28.25559,0.0,0.0,0.0,0.0,0.0,0.0,696.3154,1230.9856,-201.0,1694.6722,1108.2285,-201.0,2676.1887,1482.001,-201.0,0 days 00:00:11.293777110,0 days 00:00:11.318788448
0 days 00:00:00.860000,0 days 00:00:00.885011338,answer2 ,0.6608271,-10.8784075,14.672595,-0.0006151311,-0.007137386,0.2528261,17.551764,13.17117,19.946709,28.562387,0.0,0.0,0.0,0.0,0.0,0.0,887.61847,1355.7526,-201.0,1849.1357,1108.7838,-201.0,2846.0168,1634.1163,-201.0,0 days 00:00:11.303777110,0 days 00:00:11.328788448
0 days 00:00:00.870000,0 days 00:00:00.895011338,answer2 ,0.59475917,-13.508166,17.747108,-0.0015635345,-0.014331192,0.20796461,18.722105,15.857106,20.943125,26.232233,0.0,0.0,0.0,0.0,0.0,0.0,899.85944,1330.2188,-201.0,1895.0157,1092.5499,-201.0,2882.7083,1622.6903,-201.0,0 days 00:00:11.313777110,0 days 00:00:11.338788448
0 days 00:00:00.880000,0 days 00:00:00.905011338,answer2 ,0.58315355,-13.275453,17.32266,-0.0071601137,-0.016117783,0.20513512,17.158464,15.110623,24.034277,21.562841,0.0,0.0,0.0,0.0,0.0,0.0,570.7547,1388.9696,-201.0,1630.5186,855.21045,-201.0,2537.2874,1083.8016,-201.0,0 days 00:00:11.323777110,0 days 00:00:11.348788448
0 days 00:00:00.890000,0 days 00:00:00.915011338,answer2 ,0.58421886,-9.892885,15.580218,-0.0055318363,-0.0138519155,0.19300723,12.364299,11.025981,28.874613,17.648565,0.0,0.0,0.0,0.0,0.0,0.0,630.1777,1169.8308,-201.0,1629.0277,972.4133,-201.0,2512.927,896.4346,-201.0,0 days 00:00:11.333777110,0 days 00:00:11.358788448
0 days 00:00:00.900000,0 days 00:00:00.925011338,answer2 ,0.6226422,-4.384234,9.732432,-0.010707642,-0.0056905006,0.17925006,7.640721,4.697455,29.435946,12.396073,0.0,0.0,0.0,0.0,0.0,0.0,882.2109,1125.2872,-201.0,1795.7797,1151.2545,-201.0,2678.4966,814.0129,-201.0,0 days 00:00:11.343777110,0 days 00:00:11.368788448
0 days 00:00:00.910000,0 days 00:00:00.935011338,answer2 ,0.6767548,-1.2345371,6.2348022,-0.0069558863,-0.0015849968,0.16234113,5.038372,0.81885624,27.743418,6.279194,0.0,0.0,0.0,0.0,0.0,0.0,1186.0284,1049.433,-201.0,1822.5065,1869.6986,-201.0,2686.4202,834.3557,-201.0,0 days 00:00:11.353777110,0 days 00:00:11.378788448
0 days 00:00:00.920000,0 days 00:00:00.945011338,answer2 ,0.7462306,1.1169008,2.405316,-0.001440539,-0.0049174903,0.15181719,4.0454373,-1.3828188,25.620054,-1.4685282,0.0,0.0,0.0,0.0,0.0,0.0,1212.9642,1067.7968,-201.0,1925.5112,1728.9283,-201.0,2778.129,782.6748,-201.0,0 days 00:00:11.363777110,0 days 00:00:11.388788448
0 days 00:00:00.930000,0 days 00:00:00.955011338,answer2 ,0.7603114,1.0958358,2.5575402,-0.0026719905,-0.00676339,0.15293743,3.574868,-0.7426693,25.0627,-3.141834,0.0,0.0,0.0,0.0,0.0,0.0,1214.6659,1082.8193,-201.0,2017.9926,1619.0052,-201.0,2812.3484,1144.4474,-201.0,0 days 00:00:11.373777110,0 days 00:00:11.398788448
0 days 00:00:00.940000,0 days 00:00:00.965011338,answer2 ,0.76894665,2.0525877,1.8514986,-0.0025456871,-0.0079255765,0.1514977,2.9944837,-1.2854108,25.156134,-2.2804663,0.0,0.0,0.0,0.0,0.0,0.0,902.111,1314.0668,-201.0,1956.2614,1096.8159,-201.0,2710.9875,1388.8925,-201.0,0 days 00:00:11.383777110,0 days 00:00:11.408788448
0 days 00:00:00.950000,0 days 00:00:00.975011338,answer2 ,0.74814874,0.44719568,4.18608,-0.017991994,-0.0077305376,0.15912782,3.2805803,0.044109184,27.072601,2.4806783,0.0,0.0,0.0,0.0,0.0,0.0,608.9477,1504.9733,-201.0,1704.1403,1131.4777,-201.0,2473.6648,1643.327,-201.0,0 days 00:00:11.393777110,0 days 00:00:11.418788448
0 days 00:00:00.960000,0 days 00:00:00.985011338,answer2 ,0.74120456,-0.3615456,5.4691253,-0.020704323,-0.00916164,0.15574387,4.7702026,-0.75514776,25.907618,3.498478,0.0,0.0,0.0,0.0,0.0,0.0,330.00427,1694.2084,-201.0,1388.8984,1149.0632,-201.0,2238.35,1528.3966,-201.0,0 days 00:00:11.403777110,0 days 00:00:11.428788448
0 days 00:00:00.970000,0 days 00:00:01.000997732,answer2 ,0.72177476,-1.2466594,6.1837497,-0.027906792,-0.008375563,0.15607078,5.9763303,-1.1666393,24.594736,4.4358582,0.0,0.0,0.0,0.0,0.0,0.0,381.02933,1377.3365,-201.0,1398.9224,614.05225,-201.0,2419.5847,767.1502,-201.0,0 days 00:00:11.413777110,0 days 00:00:11.444774842
0 days 00:00:00,0 days 00:00:00.025011338,answer3 ,0.4771318,-19.904648,33.453896,0.02733245,-0.018897817,0.07821514,28.771803,9.335532,7.460739,0.021552721,0.0,0.0,0.0,0.0,0.0,0.0,507.17017,1495.9926,-201.0,1572.3983,1075.4893,-201.0,2655.5393,1113.6251,-201.0,0 days 00:00:14.180847514,0 days 00:00:14.205858852
0 days 00:00:00.010000,0 days 00:00:00.035011338,answer3 ,0.4365213,-16.361115,28.014397,0.0302053,-0.016881218,0.15622573,26.543615,6.762865,4.1706877,1.1666111,0.0,0.0,0.0,0.0,0.0,0.0,834.46906,1357.8362,-201.0,1874.3256,987.2277,-201.0,3100.1729,1087.4004,-201.0,0 days 00:00:14.190847514,0 days 00:00:14.215858852
0 days 00:00:00.020000,0 days 00:00:00.045011338,answer3 ,0.39299512,-14.0108185,24.517649,0.032134835,-0.014592182,0.18155724,24.584389,6.266456,1.3686432,0.62877375,0.0,0.0,0.0,0.0,0.0,0.0,1047.3765,1319.1453,-201.0,1969.6436,975.96954,-201.0,3217.9875,953.8006,-201.0,0 days 00:00:14.200847514,0 days 00:00:14.225858852
0 days 00:00:00.030000,0 days 00:00:00.055011338,answer3 ,0.37638935,-12.974761,23.256042,0.042228073,-0.014170117,0.13243543,22.502707,6.9963765,-0.7828019,-2.452809,0.0,0.0,0.0,0.0,0.0,0.0,993.8503,1493.7965,-201.0,1962.8812,1008.17096,-201.0,3184.845,1013.34937,-201.0,0 days 00:00:14.210847514,0 days 00:00:14.235858852
0 days 00:00:00.040000,0 days 00:00:00.065011338,answer3 ,0.3925815,-13.426224,24.71695,0.03328423,-0.010429982,0.10020238,22.710205,9.192002,-0.13801341,-1.445419,0.0,0.0,0.0,0.0,0.0,0.0,712.26263,2840.3792,-201.0,1588.8424,1097.6251,-201.0,2745.843,875.5503,-201.0,0 days 00:00:14.220847514,0 days 00:00:14.245858852
0 days 00:00:00.050000,0 days 00:00:00.075011338,answer3 ,0.41144386,-13.260539,24.704248,0.029334912,-0.008294937,0.115026325,22.93101,11.131602,-1.6130751,2.4741337,0.0,0.0,0.0,0.0,0.0,0.0,521.3244,2958.076,-201.0,1431.0585,1272.5133,-201.0,2425.2766,1099.1787,-201.0,0 days 00:00:14.230847514,0 days 00:00:14.255858852
0 days 00:00:00.060000,0 days 00:00:00.085011338,answer3 ,0.44231465,-12.807513,25.570343,0.013009391,-0.0042574215,0.13893189,23.51666,13.437009,-1.2622447,11.148517,0.0,0.0,0.0,0.0,0.0,0.0,387.12805,2759.627,-201.0,1267.4537,1199.6318,-201.0,2305.8477,919.1883,-201.0,0 days 00:00:14.240847514,0 days 00:00:14.265858852
0 days 00:00:00.070000,0 days 00:00:00.095011338,answer3 ,0.4656856,-15.150252,27.613922,0.010120303,-0.004234379,0.19060814,24.320505,17.530891,-0.3613429,16.123178,0.0,0.0,0.0,0.0,0.0,0.0,610.54254,1441.3989,-143.5541,1498.3887,1674.7086,-146.20065,2307.2559,975.74365,-144.75606,0 days 00:00:14.250847514,0 days 00:00:14.275858852
0 days 00:00:00.080000,0 days 00:00:00.105011338,answer3 ,0.50647765,-17.583887,29.742334,0.00857985,-0.0035195567,0.2249043,25.08777,20.04025,2.8380315,19.96971,29.10819,0.0,0.0,5.1367188,12.029912,36.13864,912.763,1228.9574,-86.539734,1905.7007,1379.5299,-90.351715,2925.741,779.0057,-92.38938,0 days 00:00:14.260847514,0 days 00:00:14.285858852
0 days 00:00:00.090000,0 days 00:00:00.115011338,answer3 ,0.5510702,-20.71697,30.985388,0.0131942555,-0.0019727608,0.28857532,27.396582,21.93004,7.020909,23.420465,29.215899,0.0,2.3197389,5.219133,11.464786,34.887676,1069.4788,1514.1973,-29.256195,2001.1908,1657.9828,-34.28953,2954.6042,872.108,-37.53853,0 days 00:00:14.270847514,0 days 00:00:14.295858852
0 days 00:00:00.100000,0 days 00:00:00.125011338,answer3 ,0.63837236,-22.651154,32.15504,0.015879454,-0.0023737587,0.3773973,28.48848,23.927172,8.651237,25.144606,29.484749,0.022384174,2.3658197,5.686865,11.164573,35.689175,944.718,1643.167,-29.30645,1980.2925,1092.4163,-33.888718,3150.0068,940.0503,-39.341736,0 days 00:00:14.280847514,0 days 00:00:14.305858852
0 days 00:00:00.110000,0 days 00:00:00.135011338,answer3 ,0.7456644,-24.045935,33.910355,0.012381549,-0.002339939,0.4735076,30.094885,25.450544,10.057057,26.544212,30.020836,0.021540051,2.149206,5.5579777,11.807368,32.926563,618.5607,1862.8795,-20.534845,1602.9331,1317.334,-29.99742,2762.916,1056.3716,-36.84138,0 days 00:00:14.290847514,0 days 00:00:14.315858852
0 days 00:00:00.120000,0 days 00:00:00.145011338,answer3 ,0.9610011,-22.320213,33.82027,0.020147577,-0.004409166,0.6582648,29.906572,23.599192,9.653757,26.57981,30.414185,0.0267422,2.1963303,5.14872,12.4219675,31.178534,462.68213,1566.0288,-11.603993,1532.6007,1090.681,-23.885992,2726.8767,1007.3343,-34.52505,0 days 00:00:14.300847514,0 days 00:00:14.325858852
0 days 00:00:00.130000,0 days 00:00:00.155011338,answer3 ,1.2823986,-18.508566,31.929811,0.029050872,-0.004867313,0.70207053,29.7736,18.294668,6.038364,27.932821,30.575554,0.02561829,1.9069389,5.11627,11.59232,22.303045,324.43713,1692.89,-3.1748073,1404.0986,1259.1919,-15.598224,2317.7458,1790.0742,-25.477852,0 days 00:00:14.310847514,0 days 00:00:14.335858852
0 days 00:00:00.140000,0 days 00:00:00.165011338,answer3 ,1.6836628,-12.978049,26.95669,0.037792247,-0.0043702475,0.8432165,27.502436,10.9050665,1.3114446,29.68467,30.502129,0.02464641,1.484178,4.873909,8.861629,19.20038,640.60333,1411.5282,-4.896544,1789.1797,1084.5043,-13.757146,2725.3687,1733.1407,-23.600183,0 days 00:00:14.320847514,0 days 00:00:14.345858852
0 days 00:00:00.150000,0 days 00:00:00.175011338,answer3 ,2.2034883,-8.203065,21.498636,0.043380797,-0.0021506874,0.93965244,25.137945,2.9382908,-2.0313196,29.055994,30.35668,0.022234773,1.1578776,4.0046697,3.9895155,10.522861,597.90594,1665.4521,-6.1664114,1752.0194,1135.4598,-12.726067,2705.1726,1733.1573,-19.196749,0 days 00:00:14.330847514,0 days 00:00:14.355858852
0 days 00:00:00.160000,0 days 00:00:00.185011338,answer3 ,2.4996884,-4.7868333,17.41118,0.041337516,-0.004014542,1.2060496,22.39965,-3.625188,-1.6417624,28.190422,30.121527,0.016681714,1.0397662,3.6271267,0.26888195,8.573852,630.55084,1481.3053,0.0,1704.3331,1049.8568,-11.247359,2867.8887,937.2578,-21.334984,0 days 00:00:14.340847514,0 days 00:00:14.365858852
0 days 00:00:00.170000,0 days 00:00:00.195011338,answer3 ,2.5774682,-3.4597015,15.795833,0.037947077,-0.0062459037,1.1872278,21.261457,-6.363588,1.2831413,28.163874,29.832644,0.011807173,1.6183993,3.6738224,-0.4132525,3.267092,349.41248,1596.2311,-14.031684,1304.2657,1098.5763,-8.505943,2323.2966,926.25366,-17.281818,0 days 00:00:14.350847514,0 days 00:00:14.375858852
0 days 00:00:00.180000,0 days 00:00:00.205011338,answer3 ,2.3626244,-3.9779663,17.611856,0.022897243,-0.008011011,1.0627416,21.317541,-4.6702437,3.574995,30.967318,29.609037,0.008090385,1.8418664,4.582146,1.681106,9.41352,673.8562,1223.4076,-16.88698,1679.4293,1085.4531,-9.974106,2775.7063,1243.5577,-21.510569,0 days 00:00:14.360847514,0 days 00:00:14.385858852
0 days 00:00:00.190000,0 days 00:00:00.215011338,answer3 ,2.2968142,-3.8200996,16.612612,0.0145908175,-0.010127735,0.87295556,21.660608,-4.015695,9.440965,31.842844,29.4685,0.007385323,1.8686843,4.285169,4.535471,10.96471,614.4723,1304.182,-18.209585,1654.7181,1003.95807,-13.603588,2743.837,1169.4777,-20.513334,0 days 00:00:14.370847514,0 days 00:00:14.395858852
0 days 00:00:00.200000,0 days 00:00:00.225011338,answer3 ,2.196699,-4.099832,14.955611,0.0055956207,-0.011761907,0.91367245,20.59854,-3.1926079,16.187735,33.995426,29.338013,0.008793711,0.96730953,4.2242064,5.6754155,17.326754,873.3112,1106.0594,0.0,1966.2545,985.9821,-15.831684,3276.3425,1421.0254,-25.099695,0 days 00:00:14.380847514,0 days 00:00:14.405858852
0 days 00:00:00.210000,0 days 00:00:00.235011338,answer3 ,2.057053,-4.767342,13.584199,0.012149415,-0.010724936,0.91201764,20.46491,-2.0239823,19.859632,39.258823,29.173386,0.0023010417,0.8597834,4.313791,5.913568,21.70432,872.8672,1055.997,-24.58516,1937.5537,915.26324,-16.166882,3399.7559,1365.0397,-27.155268,0 days 00:00:14.390847514,0 days 00:00:14.415858852
0 days 00:00:00.220000,0 days 00:00:00.245011338,answer3 ,1.7916883,-6.3942523,14.447545,0.024914255,-0.0043023657,0.8187671,21.10515,1.6054702,17.910326,45.6084,28.981049,0.005833268,1.0839134,4.1850295,5.004705,24.775972,902.0633,999.3298,-16.473738,1973.3395,925.44025,-16.357315,3414.0537,1384.7003,-27.596582,0 days 00:00:14.400847514,0 days 00:00:14.425858852
0 days 00:00:00.230000,0 days 00:00:00.255011337,answer3 ,1.6363186,-7.4162574,14.994441,0.040909637,0.00033955614,0.63928574,23.607805,2.7285063,15.338688,46.548615,28.695084,0.0049291295,1.2126174,4.1905484,4.798041,19.98556,565.63727,1271.859,-12.089965,1669.4546,838.59076,-18.525076,2898.5852,1081.3744,-20.465065,0 days 00:00:14.410847514,0 days 00:00:14.435858851
0 days 00:00:00.240000,0 days 00:00:00.265011338,answer3 ,1.4549767,-9.329473,16.482748,0.041613225,-0.003210204,0.55021316,24.493256,5.9516296,16.390276,41.48421,28.322016,0.009080373,0.9781089,3.5872767,5.080914,16.855001,242.55647,1521.9893,0.0,1377.9279,785.8084,-18.59115,2369.2258,1064.2811,-15.930783,0 days 00:00:14.420847514,0 days 00:00:14.445858852
0 days 00:00:00.250000,0 days 00:00:00.275011338,answer3 ,1.2609543,-11.08836,18.942633,0.03480262,-0.0095944265,0.52040124,24.56131,8.31263,20.856445,34.447704,27.695587,0.018900702,0.9890723,2.6417341,3.6065195,19.794703,265.07864,1462.2816,0.7603979,1440.0531,782.6746,-16.583897,2451.414,1150.4022,-18.907661,0 days 00:00:14.430847514,0 days 00:00:14.455858852
0 days 00:00:00.260000,0 days 00:00:00.285011338,answer3 ,1.0560899,-11.587817,21.177309,0.029509172,-0.018765623,0.6004524,23.385622,9.965823,21.935709,27.694876,27.38337,0.0264384,1.2308255,1.7413058,2.6380215,23.570383,325.94714,1417.3477,-66.493065,1484.0732,806.1545,-76.51077,2570.653,1131.0073,-82.250694,0 days 00:00:14.440847514,0 days 00:00:14.465858852
0 days 00:00:00.270000,0 days 00:00:00.295011338,answer3 ,0.9161903,-10.592023,20.842794,0.026623266,-0.018289803,0.5482498,22.839842,6.700533,19.359343,21.16289,0.0,0.0,0.0,0.0,0.0,0.0,347.9279,1440.4681,-134.07677,1465.8955,942.0192,-137.84602,2426.675,1204.7299,-142.07127,0 days 00:00:14.450847514,0 days 00:00:14.475858852
0 days 00:00:00.280000,0 days 00:00:00.305011338,answer3 ,0.7845369,-10.953865,22.721764,0.013962912,-0.015064679,0.4730926,23.376623,4.325256,14.336806,17.09891,0.0,0.0,0.0,0.0,0.0,0.0,615.28754,1356.3065,-201.0,1625.7928,1275.001,-201.0,2513.5964,1301.246,-201.0,0 days 00:00:14.460847514,0 days 00:00:14.485858852
0 days 00:00:00.290000,0 days 00:00:00.315011338,answer3 ,0.6922512,-11.872716,24.357733,-0.0004419256,-0.012373383,0.34127954,24.78821,5.059507,6.9519563,11.977822,0.0,0.0,0.0,0.0,0.0,0.0,657.0891,1348.4303,-201.0,1654.9755,1349.1865,-201.0,2561.8413,1374.3925,-201.0,0 days 00:00:14.470847514,0 days 00:00:14.495858852
0 days 00:00:00.300000,0 days 00:00:00.325011338,answer3 ,0.6345732,-11.797437,24.421028,-0.0068605556,-0.009345897,0.29621655,23.93566,5.9815516,2.8648446,8.799244,0.0,0.0,0.0,0.0,0.0,0.0,824.6214,1293.6307,-201.0,1768.9569,1310.0518,-201.0,2769.696,1032.6827,-201.0,0 days 00:00:14.480847514,0 days 00:00:14.505858852
0 days 00:00:00.310000,0 days 00:00:00.335011338,answer3 ,0.6493683,-8.762525,19.662256,-0.0026001036,-0.009427891,0.2522761,20.537058,3.2155664,3.65781,7.479845,0.0,0.0,0.0,0.0,0.0,0.0,724.48895,1384.9741,-201.0,1683.0021,1054.2565,-201.0,2755.8408,815.9506,-201.0,0 days 00:00:14.490847514,0 days 00:00:14.515858852
0 days 00:00:00.320000,0 days 00:00:00.345011338,answer3 ,0.7226367,-4.0848517,12.780768,0.011401343,0.001087696,0.2167209,14.33298,-2.6818826,9.879814,15.39305,0.0,0.0,0.0,0.0,0.0,0.0,935.0735,1234.2303,-201.0,1911.857,1035.0138,-201.0,2845.6836,752.3554,-201.0,0 days 00:00:14.500847514,0 days 00:00:14.525858852
0 days 00:00:00.330000,0 days 00:00:00.355011338,answer3 ,0.7874357,-0.9157664,7.9373417,0.011469838,0.0016086925,0.2031373,9.95165,-5.9376636,16.578377,22.296339,0.0,0.0,0.0,0.0,0.0,0.0,996.3742,980.6843,-201.0,1986.2343,1070.473,-201.0,2839.7786,802.0306,-201.0,0 days 00:00:14.510847514,0 days 00:00:14.535858852
0 days 00:00:00.340000,0 days 00:00:00.365011338,answer3 ,0.8336265,-0.0042544603,5.015141,0.012349825,-0.0018990372,0.19734454,9.794342,-6.605461,16.442112,23.475212,0.0,0.0,0.0,0.0,0.0,0.0,796.2723,1097.7653,-201.0,1829.3041,1019.834,-201.0,2721.2795,838.1079,-201.0,0 days 00:00:14.520847514,0 days 00:00:14.545858852
0 days 00:00:00.350000,0 days 00:00:00.375011338,answer3 ,0.7633169,-1.3552364,5.754275,-0.0085419,-0.012618442,0.1950617,11.607842,-5.5427856,15.416794,18.635818,0.0,0.0,0.0,0.0,0.0,0.0,578.9266,1175.9174,-201.0,1551.5659,1017.7688,-201.0,2499.2695,936.20917,-201.0,0 days 00:00:14.530847514,0 days 00:00:14.555858852
0 days 00:00:00.360000,0 days 00:00:00.385011338,answer3 ,0.69519085,-3.180707,7.9792457,-0.016895046,-0.017625973,0.17555909,14.86748,-5.017349,11.71238,14.367635,0.0,0.0,0.0,0.0,0.0,0.0,374.7321,1417.1606,-201.0,1385.9307,986.49774,-201.0,2476.1294,1352.9896,-201.0,0 days 00:00:14.540847514,0 days 00:00:14.565858852
0 days 00:00:00.370000,0 days 00:00:00.395011338,answer3 ,0.65771013,-2.3958275,8.895439,-0.024872743,-0.018547004,0.1687329,14.915776,-6.584724,11.500474,14.951282,0.0,0.0,0.0,0.0,0.0,0.0,417.30444,1255.6498,-201.0,1396.4574,960.258,-201.0,2455.7156,1358.2183,-201.0,0 days 00:00:14.550847514,0 days 00:00:14.575858852
0 days 00:00:00.380000,0 days 00:00:00.405011338,answer3 ,0.69326574,-0.83253604,7.7960334,-0.018514732,-0.016704759,0.17237575,13.529697,-9.192933,10.622417,16.051905,0.0,0.0,0.0,0.0,0.0,0.0,674.0782,1172.7012,-201.0,1682.534,962.98096,-201.0,2676.607,1245.4198,-201.0,0 days 00:00:14.560847514,0 days 00:00:14.585858852
0 days 00:00:00.390000,0 days 00:00:00.415011338,answer3 ,0.80675936,2.0505466,3.6250346,-0.01690163,-0.011348496,0.20056522,9.731566,-10.882576,12.846283,17.163887,0.0,0.0,0.0,0.0,0.0,0.0,887.37335,983.0212,-201.0,1879.152,960.0044,-201.0,2754.4797,831.9052,-201.0,0 days 00:00:14.570847514,0 days 00:00:14.595858852
0 days 00:00:00.400000,0 days 00:00:00.425011338,answer3 ,0.95328635,3.655996,-0.8520301,-0.010749572,-0.00889564,0.24290378,6.0127826,-10.849659,13.049123,15.688384,0.0,0.0,0.0,0.0,0.0,0.0,1119.662,900.76685,-201.0,2164.0166,1130.8844,-201.0,2871.967,934.07745,-201.0,0 days 00:00:14.580847514,0 days 00:00:14.605858852
0 days 00:00:00.410000,0 days 00:00:00.435011338,answer3 ,1.1026835,5.1619277,-3.9029186,0.0004007475,-0.004988287,0.24760695,3.6032317,-10.311503,12.149932,14.957044,0.0,0.0,0.0,0.0,0.0,0.0,1082.5015,967.20245,-201.0,2108.348,1251.1627,-201.0,2817.1133,959.2288,-201.0,0 days 00:00:14.590847514,0 days 00:00:14.615858852
0 days 00:00:00.420000,0 days 00:00:00.445011338,answer3 ,1.1776319,6.4350514,-5.8650527,0.006442381,-0.00824052,0.25202104,1.2693061,-10.122047,8.288333,12.917218,0.0,0.0,0.0,0.0,0.0,0.0,1104.7975,1009.79614,-201.0,2057.057,1374.3947,-201.0,2722.8235,997.14923,-201.0,0 days 00:00:14.600847514,0 days 00:00:14.625858852
0 days 00:00:00.430000,0 days 00:00:00.455011338,answer3 ,1.1796455,7.0803447,-5.6630707,0.0016739676,-0.005524855,0.25875363,-0.34526062,-10.618008,5.796282,13.380059,0.0,0.0,0.0,0.0,0.0,0.0,1076.9652,927.03876,-201.0,1975.9261,1215.8463,-201.0,2721.888,843.3344,-201.0,0 days 00:00:14.610847514,0 days 00:00:14.635858852
0 days 00:00:00.440000,0 days 00:00:00.465011338,answer3 ,1.109738,6.7906537,-4.5234284,-0.0053050467,-0.0050925217,0.2823963,-1.2850904,-9.417091,4.247457,12.209119,0.0,0.0,0.0,0.0,0.0,0.0,1028.1387,1031.2872,-201.0,1879.84,1389.901,-201.0,2608.931,923.63525,-201.0,0 days 00:00:14.620847514,0 days 00:00:14.645858852
0 days 00:00:00.450000,0 days 00:00:00.475011338,answer3 ,1.0365423,6.0532207,-3.0512564,-0.0042941947,-0.0029349464,0.25978503,-1.506261,-8.376461,4.4187665,11.608726,0.0,0.0,0.0,0.0,0.0,0.0,988.6136,1139.1339,-201.0,1867.8766,1357.3242,-201.0,2641.7168,931.4218,-201.0,0 days 00:00:14.630847514,0 days 00:00:14.655858852
0 days 00:00:00.460000,0 days 00:00:00.485011338,answer3 ,0.9883154,5.418837,-2.957681,-0.0016115851,-0.0056271427,0.23466645,-0.74573404,-6.5120177,7.1987147,10.5807495,0.0,0.0,0.0,0.0,0.0,0.0,1098.7516,1114.5469,-201.0,2033.1713,1338.172,-201.0,2965.9395,1176.2743,-201.0,0 days 00:00:14.640847514,0 days 00:00:14.665858852
0 days 00:00:00.470000,0 days 00:00:00.495011338,answer3 ,0.977874,4.8925266,-2.1335056,0.0013702838,-0.009521876,0.20930941,-0.52412015,-6.90596,7.0635834,8.648847,0.0,0.0,0.0,0.0,0.0,0.0,899.4468,1087.811,-201.0,1888.1007,1076.6442,-201.0,2871.4753,1210.4073,-201.0,0 days 00:00:14.650847514,0 days 00:00:14.675858852
0 days 00:00:00.480000,0 days 00:00:00.505011338,answer3 ,0.9757512,3.4436169,-0.36930665,-0.0022878165,-0.010484931,0.21431406,0.52591926,-4.508694,7.8753266,9.12927,0.0,0.0,0.0,0.0,0.0,0.0,724.7172,1035.4789,-201.0,1749.6813,948.7322,-201.0,2768.5127,1251.5714,-201.0,0 days 00:00:14.660847514,0 days 00:00:14.685858852
0 days 00:00:00.490000,0 days 00:00:00.515011338,answer3 ,0.94011587,1.6286212,3.6514845,-0.0043744924,-0.0113312425,0.19761491,1.0954221,-1.2642173,7.766374,10.410863,0.0,0.0,0.0,0.0,0.0,0.0,413.69974,1256.3323,-201.0,1419.2094,968.9683,-201.0,2342.9521,1307.369,-201.0,0 days 00:00:14.670847514,0 days 00:00:14.695858852
0 days 00:00:00.500000,0 days 00:00:00.525011338,answer3 ,0.8969669,0.46369016,4.563694,-0.007367952,-0.011082898,0.18512245,2.1219206,1.3492163,8.254598,11.637317,0.0,0.0,0.0,0.0,0.0,0.0,454.09555,1200.1517,-201.0,1442.5576,1009.3847,-201.0,2347.03,1339.9823,-201.0,0 days 00:00:14.680847514,0 days 00:00:14.705858852
0 days 00:00:00.510000,0 days 00:00:00.535011338,answer3 ,0.8673809,1.007043,5.3480415,-0.008128391,-0.0077513834,0.17812979,1.5672857,-0.6201126,9.343757,10.368101,0.0,0.0,0.0,0.0,0.0,0.0,577.403,1321.5953,-201.0,1498.4468,1158.0946,-201.0,2420.1838,1227.6735,-201.0,0 days 00:00:14.690847514,0 days 00:00:14.715858852
0 days 00:00:00.520000,0 days 00:00:00.545011338,answer3 ,0.84923095,1.4560455,3.5944235,-0.004974483,-0.007199911,0.1659715,1.9395461,-3.2999306,8.042537,5.375807,0.0,0.0,0.0,0.0,0.0,0.0,584.49506,1285.9451,-201.0,1492.709,1218.222,-201.0,2357.1968,1104.1906,-201.0,0 days 00:00:14.700847514,0 days 00:00:14.725858852
0 days 00:00:00.530000,0 days 00:00:00.555011338,answer3 ,0.8451286,2.0316703,3.3228233,-0.0026308105,-0.009519226,0.15848695,1.8544617,-6.8942513,5.3208313,0.971482,0.0,0.0,0.0,0.0,0.0,0.0,564.1849,1240.1676,-201.0,1519.8468,1072.1754,-201.0,2472.3464,933.40753,-201.0,0 days 00:00:14.710847514,0 days 00:00:14.735858852
0 days 00:00:00.540000,0 days 00:00:00.565011338,answer3 ,0.7983323,0.6412559,3.5826817,0.00064553967,-0.016505338,0.15010156,3.8260367,-5.5137067,3.1425533,-1.6402546,0.0,0.0,0.0,0.0,0.0,0.0,400.2117,1203.4591,-201.0,1436.9342,978.95905,-201.0,2344.424,1079.331,-201.0,0 days 00:00:14.720847514,0 days 00:00:14.745858852
0 days 00:00:00.550000,0 days 00:00:00.575011338,answer3 ,0.7656839,0.29948398,4.873256,-0.009806618,-0.015313551,0.1461309,4.129433,-5.613606,2.3385265,0.3304472,0.0,0.0,0.0,0.0,0.0,0.0,403.4689,1258.7399,-201.0,1470.9352,962.10284,-201.0,2402.9792,1566.973,-201.0,0 days 00:00:14.730847514,0 days 00:00:14.755858852
0 days 00:00:00.560000,0 days 00:00:00.585011338,answer3 ,0.7359419,0.35674012,5.5159855,-0.011770525,-0.0100999735,0.14594014,4.3551617,-4.0881367,4.2928123,6.0344386,0.0,0.0,0.0,0.0,0.0,0.0,461.43433,1328.3917,-201.0,1504.5348,1051.8444,-201.0,2428.2861,1545.6709,-201.0,0 days 00:00:14.740847514,0 days 00:00:14.765858852
0 days 00:00:00.570000,0 days 00:00:00.595011338,answer3 ,0.7512253,1.8904796,6.6691833,-0.01327204,-0.0074540004,0.1430585,3.3228216,-6.350757,2.2412136,9.23281,0.0,0.0,0.0,0.0,0.0,0.0,504.22836,1263.0809,-201.0,1535.9893,1038.7448,-201.0,2568.318,1509.9175,-201.0,0 days 00:00:14.750847514,0 days 00:00:14.775858852
0 days 00:00:00.580000,0 days 00:00:00.605011338,answer3 ,0.7506973,2.691306,6.0857716,0.00021863682,-0.0057682353,0.14063649,2.8717594,-7.8495545,-0.38379923,10.433522,0.0,0.0,0.0,0.0,0.0,0.0,507.5884,1240.066,-201.0,1520.1674,1063.1919,-201.0,2656.1409,934.66315,-201.0,0 days 00:00:14.760847514,0 days 00:00:14.785858852
0 days 00:00:00.590000,0 days 00:00:00.615011338,answer3 ,0.74021703,2.8205478,7.868183,0.0028172538,-0.008190384,0.13743941,3.2784836,-8.743218,-2.9165008,8.813767,0.0,0.0,0.0,0.0,0.0,0.0,727.13116,1266.0293,-201.0,1676.4365,1185.5192,-201.0,2722.1917,951.5837,-201.0,0 days 00:00:14.770847514,0 days 00:00:14.795858852
0 days 00:00:00.600000,0 days 00:00:00.625011338,answer3 ,0.7174036,1.8463129,8.39479,0.0006589017,-0.0062496015,0.134501,4.411922,-8.288813,-3.1588898,10.243657,0.0,0.0,0.0,0.0,0.0,0.0,735.08124,1251.5466,-201.0,1701.2255,1151.5488,-201.0,2681.5518,898.481,-201.0,0 days 00:00:14.780847514,0 days 00:00:14.805858852
0 days 00:00:00.610000,0 days 00:00:00.635011338,answer3 ,0.6941943,0.4004773,8.998689,-0.0051000775,-0.0084937485,0.13305181,6.346395,-6.859299,-3.9780703,9.897166,0.0,0.0,0.0,0.0,0.0,0.0,755.64923,1220.3619,-201.0,1754.809,1156.4884,-201.0,2666.2114,886.53595,-201.0,0 days 00:00:14.790847514,0 days 00:00:14.815858852
0 days 00:00:00.620000,0 days 00:00:00.645011338,answer3 ,0.6717594,-0.95352453,8.816199,-0.016993923,-0.006629485,0.13302353,8.114136,-4.943896,-2.904082,13.661629,0.0,0.0,0.0,0.0,0.0,0.0,475.7964,1324.7202,-201.0,1484.1099,1174.1711,-201.0,2407.4158,1063.6543,-201.0,0 days 00:00:14.800847514,0 days 00:00:14.825858852
0 days 00:00:00.630000,0 days 00:00:00.655011338,answer3 ,0.65169924,-1.4476501,8.4494505,-0.023009459,-0.0078589795,0.124518715,10.012223,-4.9744887,-3.139929,14.776807,0.0,0.0,0.0,0.0,0.0,0.0,499.45584,1341.4667,-201.0,1494.8766,1170.174,-201.0,2425.4426,981.3574,-201.0,0 days 00:00:14.810847514,0 days 00:00:14.835858852
0 days 00:00:00.640000,0 days 00:00:00.665011338,answer3 ,0.653698,-1.9586529,11.854324,-0.019370325,-0.007867873,0.14137761,12.505276,-5.230743,-1.5743937,16.702126,0.0,0.0,0.0,0.0,0.0,0.0,490.77515,1378.1987,-201.0,1452.9121,1116.5873,-201.0,2429.5657,924.1072,-201.0,0 days 00:00:14.820847514,0 days 00:00:14.845858852
0 days 00:00:00.650000,0 days 00:00:00.675011338,answer3 ,0.70634204,-4.337206,16.268671,-0.01640898,-0.011399582,0.19760448,16.254423,-3.777305,0.86822027,16.073378,0.0,0.0,0.0,0.0,0.0,0.0,598.7142,1391.0143,-137.40358,1556.1891,948.3584,-136.66112,2659.6338,700.57983,-141.33336,0 days 00:00:14.830847514,0 days 00:00:14.855858852
0 days 00:00:00.660000,0 days 00:00:00.685011338,answer3 ,0.91098076,-5.383245,19.97235,-0.014930134,-0.014106698,0.33902434,20.47135,-5.1011987,1.8535675,16.208239,31.582783,0.0,1.9529338,3.7653491,4.1888876,9.85953,570.11755,1386.0565,-76.23349,1517.1478,924.8828,-72.488914,2645.4785,773.5791,-81.582054,0 days 00:00:14.840847514,0 days 00:00:14.865858852
0 days 00:00:00.670000,0 days 00:00:00.695011338,answer3 ,1.2197001,-5.289444,21.929003,-0.014924298,-0.011499186,0.48480392,23.722567,-7.570024,0.6173069,16.060564,31.524796,0.023277692,2.4793007,4.3623633,5.4166293,10.76592,674.57025,1382.3275,-11.727479,1578.2426,962.758,-8.135888,2635.8906,786.1141,-21.389091,0 days 00:00:14.850847514,0 days 00:00:14.875858852
0 days 00:00:00.680000,0 days 00:00:00.705011338,answer3 ,1.5701133,-3.509363,20.6079,-0.0063913935,-0.010649369,0.5132949,26.574537,-13.428721,-1.5424448,13.451259,31.488794,0.017758032,2.8394156,5.2502837,7.320433,11.930963,677.564,1203.7705,-10.241549,1615.8789,930.1154,-7.8475614,2617.89,775.687,-20.488207,0 days 00:00:14.860847514,0 days 00:00:14.885858852
0 days 00:00:00.690000,0 days 00:00:00.715011338,answer3 ,1.8028288,-2.8541543,19.633368,0.006206913,-0.008718704,0.5080395,28.401733,-16.490332,-1.144251,11.554611,31.626516,0.011947062,1.935555,5.379514,7.1465774,8.1162195,719.63257,1634.438,-5.91902,1394.6383,1266.587,-6.282383,2394.4915,851.72345,-15.747871,0 days 00:00:14.870847514,0 days 00:00:14.895858852
0 days 00:00:00.700000,0 days 00:00:00.725011338,answer3 ,1.956256,-3.078208,17.972044,0.0029511927,-0.012474686,0.55593085,29.658957,-19.303814,0.820642,9.27424,31.930527,0.0078544365,0.9332039,4.5255704,4.709661,6.720167,671.9165,1642.4935,-4.863322,1382.2736,1203.7186,-6.765629,2420.508,790.4544,-14.93636,0 days 00:00:14.880847514,0 days 00:00:14.905858852
0 days 00:00:00.710000,0 days 00:00:00.735011338,answer3 ,2.0676882,-4.0056696,15.11115,-0.0020867714,-0.014137939,0.76257294,29.584322,-20.764091,3.4874256,4.4634056,32.38203,0.007916166,0.52478683,3.65024,0.43362013,4.1818104,627.2129,1679.0348,-3.8585813,1388.4482,1221.3168,-7.3773065,2426.8584,838.77686,-13.292296,0 days 00:00:14.890847514,0 days 00:00:14.915858852
0 days 00:00:00.720000,0 days 00:00:00.745011338,answer3 ,2.1637328,-5.1641045,12.870136,-0.009835343,-0.020222321,0.9114804,28.82487,-20.849844,6.173458,-1.91235,32.944218,0.011462259,0.36000744,2.8723345,-3.6844444,6.5454717,613.5367,1219.0203,-2.6561308,1685.3301,841.92865,-10.443717,2702.3352,658.58716,-15.348491,0 days 00:00:14.900847514,0 days 00:00:14.925858852
0 days 00:00:00.730000,0 days 00:00:00.755011338,answer3 ,2.1662061,-6.087175,11.077309,2.9640894e-06,-0.02534683,1.0346818,27.336535,-19.769182,8.891906,-8.734065,33.588215,0.014752447,0.5126937,3.2577717,-5.9605327,7.462045,621.64557,1242.8265,0.35217443,1711.4603,812.9533,-11.624789,2705.3054,678.3255,-13.585338,0 days 00:00:14.910847514,0 days 00:00:14.935858852
0 days 00:00:00.740000,0 days 00:00:00.765011338,answer3 ,2.0975423,-6.793869,13.692967,0.01411479,-0.029400334,0.99263877,24.853506,-16.839804,10.053089,-15.913449,34.23567,0.020988517,0.63770443,3.5767148,-5.6047587,10.135085,582.0711,1311.868,0.9126429,1713.5826,771.17944,-14.822907,2687.8875,672.08215,-13.457641,0 days 00:00:14.920847514,0 days 00:00:14.945858852
0 days 00:00:00.750000,0 days 00:00:00.775011338,answer3 ,1.9984778,-7.8636894,15.255726,0.0335791,-0.03089147,0.89697593,23.599405,-13.655705,13.870921,-22.272263,34.85792,0.020838097,0.58810997,4.5472693,-2.5888228,14.189301,527.9202,1354.9645,0.72179675,1703.3634,794.8671,-17.505476,2642.4873,759.8625,-15.55647,0 days 00:00:14.930847514,0 days 00:00:14.955858852
0 days 00:00:00.760000,0 days 00:00:00.785011338,answer3 ,1.9138266,-9.506427,17.651644,0.046967432,-0.030287394,0.8589118,22.649446,-8.643767,18.316898,-25.847115,35.461685,0.018172884,0.49731627,5.5232368,3.705129,17.637865,436.6793,1429.7291,-1.5112833,1726.4886,932.8029,-21.257305,2590.9407,927.8562,-19.149149,0 days 00:00:14.940847514,0 days 00:00:14.965858852
0 days 00:00:00.770000,0 days 00:00:00.795011338,answer3 ,1.7955271,-10.762195,17.37028,0.05937675,-0.025879955,0.82643825,20.965528,-2.7759793,24.57678,-25.728388,35.9883,0.015103293,0.8686939,6.9427376,13.7916975,19.030615,400.74588,1415.2032,-1.7982721,1725.6539,1050.424,-23.192383,2528.5251,1014.978,-20.828886,0 days 00:00:14.950847514,0 days 00:00:14.975858852
0 days 00:00:00.780000,0 days 00:00:00.805011338,answer3 ,1.6507927,-12.110115,18.209997,0.059123773,-0.02264595,0.73927045,18.60327,4.012579,29.569954,-25.601873,36.37981,0.015207551,0.9276195,8.221889,20.961115,18.739746,400.35422,1355.7247,-1.9737736,1698.4738,988.992,-24.462107,2529.0544,906.5162,-20.713518,0 days 00:00:14.960847514,0 days 00:00:14.985858852
0 days 00:00:00.790000,0 days 00:00:00.815011338,answer3 ,1.4719511,-12.786551,18.186848,0.052358717,-0.020836204,0.5738979,16.632524,9.278167,33.68387,-27.57923,36.542896,0.012839039,0.80203336,9.002322,26.884516,16.62403,386.62393,1225.5775,-2.5924838,1607.2339,907.863,-25.978182,2505.882,706.64844,-19.21651,0 days 00:00:14.970847514,0 days 00:00:14.995858852
0 days 00:00:00.800000,0 days 00:00:00.825011338,answer3 ,1.3035725,-13.534233,18.653513,0.04173557,-0.020860218,0.4133744,16.630547,11.657735,36.600998,-29.401957,36.48869,0.007989803,0.74297446,8.990445,24.00228,15.246655,381.7488,1182.4362,-2.9295712,1543.1569,878.9639,-29.223124,2516.0608,584.38965,-19.61167,0 days 00:00:14.980847514,0 days 00:00:15.005858852
0 days 00:00:00.810000,0 days 00:00:00.835011338,answer3 ,1.1106219,-14.258128,18.673388,0.030013628,-0.019817755,0.39943388,17.344946,13.12492,37.92496,-28.197462,36.263527,0.0030313914,0.8179631,8.610446,22.866594,14.130397,385.81445,1511.1202,0.0,1603.5977,1055.3204,-32.524067,2527.9675,587.0366,-20.359138,0 days 00:00:14.990847514,0 days 00:00:15.015858852
0 days 00:00:00.820000,0 days 00:00:00.845011338,answer3 ,0.96161526,-15.48174,20.234854,0.022704318,-0.016276974,0.31705055,18.4075,14.322789,39.772266,-25.080496,35.80198,0.0036571666,1.1083826,7.6067886,20.131113,14.874911,444.9624,1617.3646,-17.286854,1702.2012,1034.9608,-34.247517,2588.7273,574.647,-21.418541,0 days 00:00:15.000847514,0 days 00:00:15.025858852
0 days 00:00:00.830000,0 days 00:00:00.855011338,answer3 ,0.8903429,-15.328494,19.802656,0.019089807,-0.018438408,0.33502236,19.136536,15.330391,41.054794,-24.504969,35.5495,0.0045579374,0.8359337,7.2011642,21.444519,15.826917,468.3832,1640.2179,-78.52457,1800.7838,945.0847,-89.88492,2643.4314,585.73627,-81.68294,0 days 00:00:15.010847514,0 days 00:00:15.035858852
0 days 00:00:00.840000,0 days 00:00:00.865011338,answer3 ,0.83897924,-12.987213,17.79659,0.0242695,-0.019375095,0.41122308,17.15017,15.044148,40.108738,-26.419182,0.0,0.0,0.0,0.0,0.0,0.0,558.54846,1653.6617,-142.98958,1769.1971,909.1836,-145.30264,2661.7678,586.2029,-141.38745,0 days 00:00:15.020847514,0 days 00:00:15.045858852
0 days 00:00:00.850000,0 days 00:00:00.875011338,answer3 ,0.7492099,-11.000755,15.025882,0.026478685,-0.023362307,0.4547088,15.478194,15.039483,37.57304,-27.639175,0.0,0.0,0.0,0.0,0.0,0.0,488.42172,1626.236,-201.0,1684.9838,1022.93317,-201.0,2610.699,551.1663,-201.0,0 days 00:00:15.030847514,0 days 00:00:15.055858852
0 days 00:00:00.860000,0 days 00:00:00.885011338,answer3 ,0.6212775,-10.808454,14.778483,0.019571438,-0.020994201,0.3929313,14.999382,15.401801,33.323715,-24.281174,0.0,0.0,0.0,0.0,0.0,0.0,411.41284,1760.6698,-201.0,1580.7432,1137.2162,-201.0,2587.745,505.83618,-201.0,0 days 00:00:15.040847514,0 days 00:00:15.065858852
0 days 00:00:00.870000,0 days 00:00:00.895011338,answer3 ,0.5237792,-11.971641,14.390644,0.015625648,-0.018846855,0.25164136,16.136984,16.351053,30.976122,-17.995956,0.0,0.0,0.0,0.0,0.0,0.0,523.4575,1485.3783,-201.0,1685.0542,1289.5295,-201.0,2567.2908,502.5608,-201.0,0 days 00:00:15.050847514,0 days 00:00:15.075858852
0 days 00:00:00.880000,0 days 00:00:00.905011338,answer3 ,0.47352853,-12.378858,15.895602,0.008809637,-0.015730167,0.19574596,16.79305,14.650323,22.574778,-9.078377,0.0,0.0,0.0,0.0,0.0,0.0,676.9681,1503.5363,-201.0,1773.9438,1215.3481,-201.0,2673.383,689.03827,-201.0,0 days 00:00:15.060847514,0 days 00:00:15.085858852
0 days 00:00:00.890000,0 days 00:00:00.915011338,answer3 ,0.4475203,-11.044285,16.24425,0.0065134317,-0.011329609,0.16981892,15.691382,12.4290695,16.020418,0.67289764,0.0,0.0,0.0,0.0,0.0,0.0,1037.101,1214.4299,-201.0,2085.8887,1076.9381,-201.0,3111.5322,867.896,-201.0,0 days 00:00:15.070847514,0 days 00:00:15.095858852
0 days 00:00:00.900000,0 days 00:00:00.925011338,answer3 ,0.47187677,-8.318414,16.785805,0.0010657635,-0.0054612276,0.14193411,13.379768,7.395483,9.372456,6.3176856,0.0,0.0,0.0,0.0,0.0,0.0,1030.816,1284.5397,-201.0,2108.83,1083.3734,-201.0,3165.0598,1016.2195,-201.0,0 days 00:00:15.080847514,0 days 00:00:15.105858852
0 days 00:00:00.910000,0 days 00:00:00.935011338,answer3 ,0.58807653,-4.789245,12.709445,-0.0015907736,0.0017645381,0.119809896,9.656196,4.645006,10.861491,6.7501693,0.0,0.0,0.0,0.0,0.0,0.0,1120.6002,1114.7161,-201.0,2223.3079,1078.7228,-201.0,3368.8118,1391.2949,-201.0,0 days 00:00:15.090847514,0 days 00:00:15.115858852
0 days 00:00:00.920000,0 days 00:00:00.945011338,answer3 ,0.6946952,-1.9092917,9.618655,0.0024591666,0.0038581507,0.12951677,6.1918354,1.7149905,10.94025,3.5326064,0.0,0.0,0.0,0.0,0.0,0.0,1054.9637,1134.6539,-201.0,2099.4014,1194.7286,-201.0,3032.959,1673.965,-201.0,0 days 00:00:15.100847514,0 days 00:00:15.125858852
0 days 00:00:00.930000,0 days 00:00:00.955011338,answer3 ,0.7057455,-0.6948013,7.597834,0.007619355,0.0029343485,0.14256988,4.091005,1.1884804,9.389678,2.0784447,0.0,0.0,0.0,0.0,0.0,0.0,827.30664,1218.8812,-201.0,1833.9967,1101.4286,-201.0,2836.213,1765.4122,-201.0,0 days 00:00:15.110847514,0 days 00:00:15.135858852
0 days 00:00:00.940000,0 days 00:00:00.965011338,answer3 ,0.6500812,-0.54044276,7.4493957,0.010670555,0.0044363835,0.12894739,4.513079,-0.25082853,6.523579,3.7921188,0.0,0.0,0.0,0.0,0.0,0.0,795.97906,1147.1615,-201.0,1742.1986,1038.8434,-201.0,2633.59,1358.7705,-201.0,0 days 00:00:15.120847514,0 days 00:00:15.145858852
0 days 00:00:00.950000,0 days 00:00:00.975011338,answer3 ,0.5999969,-1.591282,7.7470984,0.002487013,0.0033455053,0.12688899,6.837012,0.32829592,3.5913916,6.971174,0.0,0.0,0.0,0.0,0.0,0.0,759.4527,1099.6421,-201.0,1689.939,981.3483,-201.0,2600.1248,1034.4264,-201.0,0 days 00:00:15.130847514,0 days 00:00:15.155858852
0 days 00:00:00.960000,0 days 00:00:00.985011338,answer3 ,0.5906752,-3.6261644,10.729281,-0.0073661893,0.0054712915,0.12229886,9.625609,2.2484517,6.2195764,10.270434,0.0,0.0,0.0,0.0,0.0,0.0,984.1169,784.2835,-201.0,1919.2252,826.6218,-201.0,2824.05,910.9158,-201.0,0 days 00:00:15.140847514,0 days 00:00:15.165858852
0 days 00:00:00.970000,0 days 00:00:01.000997732,answer3 ,0.57688725,-5.232618,13.571134,-0.013709922,0.0034031018,0.12475842,11.1847,4.4123435,8.801253,11.221795,0.0,0.0,0.0,0.0,0.0,0.0,962.4401,1147.5034,-201.0,1996.1777,1122.8442,-201.0,2667.5234,1369.5856,-201.0,0 days 00:00:15.150847514,0 days 00:00:15.181845246
0 days 00:00:00,0 days 00:00:00.025011338,answer4 ,0.30139348,-15.447942,24.60464,-0.006976021,-0.0121012,0.024670303,22.250298,14.024472,7.4215646,6.0319295,0.0,0.0,0.0,0.0,0.0,0.0,343.3933,1712.6176,-201.0,1455.9508,1320.931,-201.0,2445.671,1218.1129,-201.0,0 days 00:00:19.419419419,0 days 00:00:19.444430757
0 days 00:00:00.010000,0 days 00:00:00.035011338,answer4 ,0.30291626,-14.34489,24.732864,-0.009099688,-0.01282308,0.0561062,21.381952,13.53983,5.9028053,5.3490925,0.0,0.0,0.0,0.0,0.0,0.0,353.43802,1714.621,-201.0,1444.8951,1280.9386,-201.0,2460.8748,1236.3844,-201.0,0 days 00:00:19.429419419,0 days 00:00:19.454430757
0 days 00:00:00.020000,0 days 00:00:00.045011338,answer4 ,0.30943394,-13.296542,23.817163,-0.009630202,-0.01397746,0.077783294,21.091942,12.59243,3.7878768,3.2328074,0.0,0.0,0.0,0.0,0.0,0.0,364.81226,1850.8969,-201.0,1345.255,1336.1556,-201.0,2429.5618,1156.2097,-201.0,0 days 00:00:19.439419419,0 days 00:00:19.464430757
0 days 00:00:00.030000,0 days 00:00:00.055011338,answer4 ,0.32044762,-12.310905,20.857208,-0.013408641,-0.016301306,0.082434505,21.212997,10.705742,1.1360356,-0.2737511,0.0,0.0,0.0,0.0,0.0,0.0,408.37585,1929.4274,-201.0,1314.3226,1365.1927,-201.0,2431.9045,861.7197,-201.0,0 days 00:00:19.449419419,0 days 00:00:19.474430757
0 days 00:00:00.040000,0 days 00:00:00.065011338,answer4 ,0.33172727,-11.780751,19.882622,-0.0032768308,-0.01947563,0.08078154,21.73713,8.373593,-2.674575,-3.6348474,0.0,0.0,0.0,0.0,0.0,0.0,573.3975,1775.2524,-201.0,1485.6982,1307.0054,-201.0,2515.6628,799.9455,-201.0,0 days 00:00:19.459419419,0 days 00:00:19.484430757
0 days 00:00:00.050000,0 days 00:00:00.075011338,answer4 ,0.33434388,-10.101591,18.74755,0.007489158,-0.019324007,0.07791672,20.266163,5.7606893,-7.441152,-4.153441,0.0,0.0,0.0,0.0,0.0,0.0,736.8816,1562.2723,-201.0,1705.2539,1217.3666,-201.0,2628.4473,828.2503,-201.0,0 days 00:00:19.469419419,0 days 00:00:19.494430757
0 days 00:00:00.060000,0 days 00:00:00.085011338,answer4 ,0.33356807,-9.645736,18.589231,0.00669504,-0.015301901,0.07993874,18.959524,5.1188974,-7.1405787,-2.281657,0.0,0.0,0.0,0.0,0.0,0.0,676.0837,1334.0455,-201.0,1607.1908,1069.3204,-201.0,2564.8674,695.427,-201.0,0 days 00:00:19.479419419,0 days 00:00:19.504430757
0 days 00:00:00.070000,0 days 00:00:00.095011338,answer4 ,0.3291101,-10.415866,20.67336,-0.009605856,-0.010712904,0.07700919,18.621895,6.169927,-3.1640186,5.13036,0.0,0.0,0.0,0.0,0.0,0.0,685.8864,1483.8141,-201.0,1540.1465,1067.7273,-201.0,2584.1416,680.6028,-201.0,0 days 00:00:19.489419419,0 days 00:00:19.514430757
0 days 00:00:00.080000,0 days 00:00:00.105011338,answer4 ,0.33091193,-12.445653,22.174547,-0.019559653,-0.016160801,0.09939108,20.666658,8.856964,2.0708323,6.832306,0.0,0.0,0.0,0.0,0.0,0.0,684.772,1415.8002,-201.0,1566.8959,981.9322,-201.0,2624.1235,637.0432,-201.0,0 days 00:00:19.499419419,0 days 00:00:19.524430757
0 days 00:00:00.090000,0 days 00:00:00.115011338,answer4 ,0.32057348,-12.691154,23.803688,-0.021697735,-0.019290043,0.09881872,20.511955,9.802782,1.4077697,6.8877425,0.0,0.0,0.0,0.0,0.0,0.0,742.3181,1631.9766,-201.0,1623.42,1033.4293,-201.0,2699.7922,656.9082,-201.0,0 days 00:00:19.509419419,0 days 00:00:19.534430757
0 days 00:00:00.100000,0 days 00:00:00.125011338,answer4 ,0.3160591,-11.613877,22.820852,-0.010317219,-0.01988752,0.09887132,19.684477,9.7285185,1.8248259,5.700643,0.0,0.0,0.0,0.0,0.0,0.0,739.268,1451.6836,-201.0,1668.1459,986.3477,-201.0,2664.4026,626.94635,-201.0,0 days 00:00:19.519419419,0 days 00:00:19.544430757
0 days 00:00:00.110000,0 days 00:00:00.135011338,answer4 ,0.32787314,-10.309703,23.635763,-0.0011216924,-0.012517609,0.08452495,18.646338,9.298158,-1.502183,7.1374836,0.0,0.0,0.0,0.0,0.0,0.0,624.4611,1427.6338,-201.0,1552.5023,1027.3949,-201.0,2589.0227,701.94824,-201.0,0 days 00:00:19.529419419,0 days 00:00:19.554430757
0 days 00:00:00.120000,0 days 00:00:00.145011338,answer4 ,0.45105135,-8.711537,23.55819,0.021614894,-0.010673846,0.14902389,20.24964,8.64988,-5.640162,3.8414528,0.0,0.0,0.0,0.0,0.0,0.0,788.18524,1309.8602,-201.0,1537.5656,1510.6403,-201.0,2573.3735,734.404,-201.0,0 days 00:00:19.539419419,0 days 00:00:19.564430757
0 days 00:00:00.130000,0 days 00:00:00.155011338,answer4 ,0.56800574,-6.9665656,22.646036,0.03216266,-0.0055159717,0.17973556,22.496183,5.5749106,-9.816145,1.7040806,0.0,0.0,0.0,0.0,0.0,0.0,823.7449,1258.8048,-201.0,1585.6534,1574.2062,-201.0,2624.2659,759.81055,-201.0,0 days 00:00:19.549419419,0 days 00:00:19.574430757
0 days 00:00:00.140000,0 days 00:00:00.165011338,answer4 ,0.6932997,-5.166159,20.457886,0.024272772,-0.0003555411,0.23025878,22.483908,1.1124407,-8.182576,1.131989,0.0,0.0,0.0,0.0,0.0,0.0,835.15625,1270.4419,-201.0,1586.1498,1640.6322,-201.0,2577.4062,1080.171,-201.0,0 days 00:00:19.559419419,0 days 00:00:19.584430757
0 days 00:00:00.150000,0 days 00:00:00.175011338,answer4 ,0.75569797,-3.7208939,15.7278595,0.0071884636,0.0051569534,0.21693444,20.945383,-2.866606,-4.6288714,4.788143,0.0,0.0,0.0,0.0,0.0,0.0,652.9006,1373.6616,-201.0,1474.7343,1299.4388,-201.0,2510.53,1081.0599,-201.0,0 days 00:00:19.569419419,0 days 00:00:19.594430757
0 days 00:00:00.160000,0 days 00:00:00.185011338,answer4 ,0.8907377,-3.1185386,11.223208,-0.0010265141,0.0016198377,0.26137367,19.209988,-2.6701992,-4.175733,3.9537668,0.0,0.0,0.0,0.0,0.0,0.0,719.5623,1362.1891,-136.59181,1623.2084,1122.8751,-140.76413,2817.9983,1224.0869,-142.99785,0 days 00:00:19.579419419,0 days 00:00:19.604430757
0 days 00:00:00.170000,0 days 00:00:00.195011338,answer4 ,1.014842,-4.0098724,9.779156,0.004635246,-0.0040622004,0.31591192,19.129002,1.0170498,-4.3143086,3.7696388,30.766747,0.0,1.9187965,0.7687341,6.212016,23.001286,900.38617,1285.099,-73.50599,1915.7275,834.40497,-80.26745,3264.8,884.0959,-84.42385,0 days 00:00:19.589419419,0 days 00:00:19.614430757
0 days 00:00:00.180000,0 days 00:00:00.205011338,answer4 ,1.127752,-6.532276,14.086415,0.009119745,-0.007047216,0.36712492,19.5888,6.275076,-6.0012245,4.0181212,30.986261,0.019143675,1.7788486,0.7751832,7.850666,21.96348,779.9986,1436.8217,-9.7589855,1928.3076,818.2404,-16.659285,3307.3623,900.1224,-26.161058,0 days 00:00:19.599419419,0 days 00:00:19.624430757
0 days 00:00:00.190000,0 days 00:00:00.215011338,answer4 ,1.2755133,-7.931544,20.22972,0.009293144,-0.0057736277,0.52519417,21.519453,8.648732,-7.5180817,6.2350364,31.677473,0.017984657,2.176809,1.3707852,11.33762,19.295286,700.196,1546.8618,0.0,1703.9307,1079.2782,-16.69942,2948.582,731.86395,-24.0747,0 days 00:00:19.609419419,0 days 00:00:19.634430757
0 days 00:00:00.200000,0 days 00:00:00.225011338,answer4 ,1.4493283,-6.594913,22.201126,0.01525488,-0.0017801434,0.6716868,24.271927,7.0864797,-9.813292,6.3101697,32.385937,0.059697036,1.0708815,1.9512115,14.110372,20.356325,680.4439,1491.778,-10.832773,1723.3107,1152.8142,-19.419388,2954.6902,838.69336,-24.226393,0 days 00:00:19.619419419,0 days 00:00:19.644430757
0 days 00:00:00.210000,0 days 00:00:00.235011338,answer4 ,1.580308,-5.480135,22.420929,0.02168194,-0.002945564,0.77334976,26.368261,6.2546883,-10.92282,2.9934824,33.040882,0.081144035,1.030829,3.9956293,15.295123,22.636337,975.3952,1205.3899,-8.756832,1841.861,1424.4493,-22.281961,2979.182,803.6823,-23.4534,0 days 00:00:19.629419419,0 days 00:00:19.654430757
0 days 00:00:00.220000,0 days 00:00:00.245011338,answer4 ,1.6128999,-6.0147214,22.42085,0.03456953,-0.00418063,0.7878607,27.853994,8.255987,-12.217144,-1.5320868,33.287308,0.0838343,1.2001723,6.0655646,15.262446,30.110237,1044.7196,1045.8394,-4.736463,2122.449,1120.3173,-22.816755,3362.9622,841.10034,-27.60256,0 days 00:00:19.639419419,0 days 00:00:19.664430757
0 days 00:00:00.230000,0 days 00:00:00.255011337,answer4 ,1.5986274,-9.254155,25.880318,0.03966147,-0.008084363,0.69941664,27.637566,12.36836,-12.20231,-4.9969616,33.396255,0.037383735,1.3258766,7.4836984,15.890377,31.314606,742.0718,1294.937,-5.0119066,1721.7787,1201.9274,-16.549715,2926.9111,641.1215,-26.154686,0 days 00:00:19.649419419,0 days 00:00:19.674430756
0 days 00:00:00.240000,0 days 00:00:00.265011338,answer4 ,1.6932869,-11.422854,27.339712,0.0457816,-0.0053705056,0.6775603,27.106901,11.641071,-10.267151,-4.0680423,33.33086,0.014553185,0.96323425,7.740736,17.42867,32.997528,477.4083,1398.046,0.0,1621.0201,800.53107,-13.723228,2889.991,633.7411,-26.066107,0 days 00:00:19.659419419,0 days 00:00:19.684430757
0 days 00:00:00.250000,0 days 00:00:00.275011338,answer4 ,1.7522101,-13.920555,29.254492,0.052863672,-0.006170428,0.65046364,26.234922,9.811793,-5.2031984,-1.5726932,33.175632,0.0076690414,0.8728264,7.7317214,19.677887,32.839092,454.9155,1406.8878,0.0,1496.0504,958.61816,-16.363085,2764.0137,746.54266,-25.018831,0 days 00:00:19.669419419,0 days 00:00:19.694430757
0 days 00:00:00.260000,0 days 00:00:00.285011338,answer4 ,1.7858394,-15.912857,30.478567,0.04984939,-0.0015150864,0.7222784,26.856857,8.284561,1.2991133,3.5851994,32.893097,0.009341674,0.7708575,7.5629783,23.034235,34.7194,559.61383,1308.183,-6.8152847,1567.0316,983.0787,-20.60819,2784.1934,819.42676,-27.637306,0 days 00:00:19.679419419,0 days 00:00:19.704430757
0 days 00:00:00.270000,0 days 00:00:00.295011338,answer4 ,1.6249825,-18.984568,33.070225,0.042019706,0.00047332933,0.8062226,28.162401,12.233144,5.787107,9.024333,32.51646,0.00891048,0.76283115,7.6312866,24.934553,37.438725,515.3344,1306.4545,-6.8152847,1594.9644,978.95996,-24.971403,2806.4727,857.3593,-32.452953,0 days 00:00:19.689419419,0 days 00:00:19.714430757
0 days 00:00:00.280000,0 days 00:00:00.305011338,answer4 ,1.444462,-20.902494,34.91597,0.026720637,0.0045545828,0.8859949,30.131607,16.226892,9.351012,16.642466,32.127422,0.011339909,0.4197338,7.5799675,25.032066,37.20684,275.1277,1458.146,0.0,1331.7483,977.1663,-27.078903,2520.5896,716.7193,-35.044376,0 days 00:00:19.699419419,0 days 00:00:19.724430757
0 days 00:00:00.290000,0 days 00:00:00.315011338,answer4 ,1.2486569,-23.078512,36.362213,0.024115605,0.004837912,0.77370125,31.395693,20.915573,11.86951,21.642654,31.656885,0.012543075,0.7752184,7.3281097,23.494482,39.014774,245.47748,1491.2485,-1.132412,1334.8834,987.74945,-29.998026,2545.909,738.7906,-39.14945,0 days 00:00:19.709419419,0 days 00:00:19.734430757
0 days 00:00:00.300000,0 days 00:00:00.325011338,answer4 ,1.1077098,-24.822523,38.987713,0.031518567,0.0044348775,0.7352483,33.387695,23.200134,14.644385,26.449905,31.120665,0.011448331,1.010214,6.447813,20.168385,39.7917,324.69168,1343.7897,-2.2567184,1352.1881,938.7723,-33.57371,2570.1375,748.94507,-42.048412,0 days 00:00:19.719419419,0 days 00:00:19.744430757
0 days 00:00:00.310000,0 days 00:00:00.335011338,answer4 ,0.97345763,-26.956945,41.188175,0.036794078,0.0035386037,0.73376393,33.859676,25.398798,18.326937,26.831873,30.16059,0.010303291,1.0986501,4.9281154,16.574148,40.356155,580.50024,1336.8776,-12.654258,1630.9059,1067.122,-34.341248,2804.7375,941.64874,-43.31969,0 days 00:00:19.729419419,0 days 00:00:19.754430757
0 days 00:00:00.320000,0 days 00:00:00.345011338,answer4 ,0.8541743,-27.46506,41.957237,0.038106445,-0.002417478,0.9443731,34.208767,25.513586,18.740652,25.3301,29.27594,0.0069381497,0.97177535,3.2329006,13.875705,41.625458,665.38196,1396.0082,-19.582628,1728.9059,1070.4288,-34.841568,2852.1418,905.9912,-42.49489,0 days 00:00:19.739419419,0 days 00:00:19.764430757
0 days 00:00:00.330000,0 days 00:00:00.355011338,answer4 ,0.7694685,-26.185104,41.017567,0.03319368,-0.0058902,0.92418265,33.553783,24.260864,16.839226,17.889595,28.686226,0.0069381497,0.9717754,2.2211096,13.303677,41.30548,642.5795,1555.7266,-85.08085,1699.869,1184.6083,-90.47474,2851.1042,952.5484,-93.90464,0 days 00:00:19.749419419,0 days 00:00:19.774430757
0 days 00:00:00.340000,0 days 00:00:00.365011338,answer4 ,0.6925873,-22.863478,36.67369,0.021338297,-0.008344074,0.87978816,30.487219,21.219707,15.9900465,11.035717,0.0,0.0,0.0,0.0,0.0,0.0,362.09863,1650.0541,-141.62556,1440.7432,1114.2777,-144.62079,2626.9202,876.1665,-147.02858,0 days 00:00:19.759419419,0 days 00:00:19.784430757
0 days 00:00:00.350000,0 days 00:00:00.375011338,answer4 ,0.8039003,-16.236914,27.990911,0.01223785,0.00021361187,0.6900479,23.176653,16.107252,17.663244,4.5088143,0.0,0.0,0.0,0.0,0.0,0.0,558.7852,1453.8461,-201.0,1658.7363,1123.994,-201.0,2583.1633,1893.1361,-201.0,0 days 00:00:19.769419419,0 days 00:00:19.794430757
0 days 00:00:00.360000,0 days 00:00:00.385011338,answer4 ,0.88275915,-9.977086,17.35493,-0.0040007564,0.0011204485,0.5783878,14.162182,12.652219,20.208338,4.2852864,0.0,0.0,0.0,0.0,0.0,0.0,858.66644,1269.7146,-201.0,1983.7217,1143.2275,-201.0,2664.9058,1914.1139,-201.0,0 days 00:00:19.779419419,0 days 00:00:19.804430757
0 days 00:00:00.370000,0 days 00:00:00.395011338,answer4 ,0.94763476,-6.4138017,11.157008,-0.0076422594,0.001297696,0.3657312,8.368023,11.790301,21.23683,7.3312683,0.0,0.0,0.0,0.0,0.0,0.0,872.614,1251.4379,-201.0,1978.3402,1097.3513,-201.0,2612.8079,1896.9805,-201.0,0 days 00:00:19.789419419,0 days 00:00:19.814430757
0 days 00:00:00.380000,0 days 00:00:00.405011338,answer4 ,0.8473576,-6.7722893,11.319272,-0.0041897325,-0.001655199,0.29684722,7.2679443,13.101863,19.68844,15.921603,0.0,0.0,0.0,0.0,0.0,0.0,611.28424,1407.3047,-201.0,1685.0889,1087.7852,-201.0,2614.0352,919.51044,-201.0,0 days 00:00:19.799419419,0 days 00:00:19.824430757
0 days 00:00:00.390000,0 days 00:00:00.415011338,answer4 ,0.7945609,-7.3286567,12.334723,0.0052931984,0.0011694295,0.23594598,9.263081,12.42997,16.24644,22.696678,0.0,0.0,0.0,0.0,0.0,0.0,456.26132,2034.7432,-201.0,1414.858,1058.1387,-201.0,2520.8054,835.3206,-201.0,0 days 00:00:19.809419419,0 days 00:00:19.834430757
0 days 00:00:00.400000,0 days 00:00:00.425011338,answer4 ,0.7875369,-5.4353504,10.73594,0.019371234,0.008155495,0.24028021,10.582415,9.249157,9.62687,28.310038,0.0,0.0,0.0,0.0,0.0,0.0,459.47208,1969.5638,-201.0,1409.68,982.7752,-201.0,2508.882,750.42456,-201.0,0 days 00:00:19.819419419,0 days 00:00:19.844430757
0 days 00:00:00.410000,0 days 00:00:00.435011338,answer4 ,0.753529,-4.843895,10.048746,0.013498229,0.0105420165,0.21216647,10.917721,7.7285504,5.18276,31.64673,0.0,0.0,0.0,0.0,0.0,0.0,436.12503,2002.8654,-201.0,1367.9877,914.4622,-201.0,2446.489,745.4089,-201.0,0 days 00:00:19.829419419,0 days 00:00:19.854430757
0 days 00:00:00.420000,0 days 00:00:00.445011338,answer4 ,0.72847074,-2.896618,9.985812,-0.0041990653,0.010975939,0.21301073,9.082775,5.368893,6.0864983,33.39876,0.0,0.0,0.0,0.0,0.0,0.0,604.3343,1286.0991,-201.0,1672.4409,775.2465,-201.0,2921.5676,987.73956,-201.0,0 days 00:00:19.839419419,0 days 00:00:19.864430757
0 days 00:00:00.430000,0 days 00:00:00.455011338,answer4 ,0.7799301,-1.8584207,10.412421,-0.025178289,0.0060303877,0.20867908,6.4601474,2.586378,10.307149,32.015663,0.0,0.0,0.0,0.0,0.0,0.0,860.35614,1034.067,-201.0,2005.291,821.66754,-201.0,3046.3867,1752.5404,-201.0,0 days 00:00:19.849419419,0 days 00:00:19.874430757
0 days 00:00:00.440000,0 days 00:00:00.465011338,answer4 ,0.86679417,0.34360576,9.162259,-0.032520816,0.0032084465,0.1951319,3.795657,0.03694113,13.54813,27.229612,0.0,0.0,0.0,0.0,0.0,0.0,1113.8517,760.6181,-201.0,2216.8796,1020.2988,-201.0,3089.0676,1795.2827,-201.0,0 days 00:00:19.859419419,0 days 00:00:19.884430757
0 days 00:00:00.450000,0 days 00:00:00.475011338,answer4 ,0.89515543,1.0287589,7.7352386,-0.024440529,-0.0035969906,0.20896535,1.1396066,1.1743842,15.166669,16.557756,0.0,0.0,0.0,0.0,0.0,0.0,844.322,925.6223,-201.0,1897.1459,1101.1874,-201.0,2588.9434,1625.4967,-201.0,0 days 00:00:19.869419419,0 days 00:00:19.894430757
0 days 00:00:00.460000,0 days 00:00:00.485011338,answer4 ,0.7919014,-0.08068403,7.9019084,-0.020293904,-0.003627252,0.18746136,-0.1808265,6.6613603,16.961721,9.449069,0.0,0.0,0.0,0.0,0.0,0.0,846.029,1168.1459,-201.0,1683.8501,1241.1259,-201.0,2537.118,894.6264,-201.0,0 days 00:00:19.879419419,0 days 00:00:19.904430757
0 days 00:00:00.470000,0 days 00:00:00.495011338,answer4 ,0.668114,-0.97490543,8.470649,-0.011548318,-0.0036046207,0.16444552,-0.27937874,10.644958,15.146922,6.1278167,0.0,0.0,0.0,0.0,0.0,0.0,882.13214,1273.625,-201.0,1630.3019,1497.2738,-201.0,2537.2327,895.31494,-201.0,0 days 00:00:19.889419419,0 days 00:00:19.914430757
0 days 00:00:00.480000,0 days 00:00:00.505011338,answer4 ,0.6085672,-1.6151139,8.481614,-0.008075877,-0.0014649424,0.13532577,0.9054205,9.8494425,10.953926,5.204126,0.0,0.0,0.0,0.0,0.0,0.0,894.96844,1295.2582,-201.0,1669.6162,1546.6852,-201.0,2518.8423,964.1123,-201.0,0 days 00:00:19.899419419,0 days 00:00:19.924430757
0 days 00:00:00.490000,0 days 00:00:00.515011338,answer4 ,0.60226995,-1.3437294,7.298143,-0.0033572514,-0.007912031,0.11815661,1.1224827,9.363239,8.65977,2.8484347,0.0,0.0,0.0,0.0,0.0,0.0,1021.38763,1388.299,-201.0,1732.63,1705.8436,-201.0,2629.7913,1068.4507,-201.0,0 days 00:00:19.909419419,0 days 00:00:19.934430757
0 days 00:00:00.500000,0 days 00:00:00.525011338,answer4 ,0.6361889,-0.09767441,4.523358,-0.0052979966,-0.0138116805,0.12308618,0.099535264,7.39554,10.8558,-1.7465005,0.0,0.0,0.0,0.0,0.0,0.0,772.5927,1388.2113,-201.0,1598.4496,1267.4121,-201.0,2531.76,1076.7802,-201.0,0 days 00:00:19.919419419,0 days 00:00:19.944430757
0 days 00:00:00.510000,0 days 00:00:00.535011338,answer4 ,0.6755269,0.1951735,4.163817,0.0014610644,-0.012722634,0.12292942,-1.2587751,8.474728,14.053387,-1.6237379,0.0,0.0,0.0,0.0,0.0,0.0,983.60516,1345.6139,-201.0,1743.4408,1262.274,-201.0,2690.051,952.99316,-201.0,0 days 00:00:19.929419419,0 days 00:00:19.954430757
0 days 00:00:00.520000,0 days 00:00:00.545011338,answer4 ,0.7164907,1.78802,2.2695756,-0.0019095704,-0.0062552406,0.14560002,-2.833985,6.7501645,15.233498,0.5210616,0.0,0.0,0.0,0.0,0.0,0.0,856.3908,1163.7789,-201.0,1744.2306,1087.1984,-201.0,2620.6785,839.39453,-201.0,0 days 00:00:19.939419419,0 days 00:00:19.964430757
0 days 00:00:00.530000,0 days 00:00:00.555011338,answer4 ,0.7601506,2.3108072,1.3733636,0.001320302,-0.00479318,0.144212,-3.6028512,6.7192616,16.002684,2.2021725,0.0,0.0,0.0,0.0,0.0,0.0,792.3186,1332.9259,-201.0,1702.568,1111.792,-201.0,2585.7031,866.20966,-201.0,0 days 00:00:19.949419419,0 days 00:00:19.974430757
0 days 00:00:00.540000,0 days 00:00:00.565011338,answer4 ,0.77821106,3.9967747,-1.8442677,-0.011906679,-0.0053205327,0.1500442,-4.9501987,7.0228996,15.297265,2.0515156,0.0,0.0,0.0,0.0,0.0,0.0,500.29355,1747.7719,-201.0,1455.5752,1358.3195,-201.0,2221.7627,1140.3005,-201.0,0 days 00:00:19.959419419,0 days 00:00:19.984430757
0 days 00:00:00.550000,0 days 00:00:00.575011338,answer4 ,0.8007894,3.2240398,-1.8381811,-0.008452321,-0.008074191,0.15099059,-3.9905646,8.65554,15.83434,0.6782921,0.0,0.0,0.0,0.0,0.0,0.0,262.00626,1905.4453,-201.0,1291.805,1332.0055,-201.0,2093.454,1342.9816,-201.0,0 days 00:00:19.969419419,0 days 00:00:19.994430757
0 days 00:00:00.560000,0 days 00:00:00.585011338,answer4 ,0.81327933,2.725672,-0.42298603,-0.017517114,-0.0059521287,0.1700077,-3.1536372,7.664679,15.297862,2.632846,0.0,0.0,0.0,0.0,0.0,0.0,555.27826,1716.2648,-201.0,1572.2843,1510.4564,-201.0,2316.1335,1321.3737,-201.0,0 days 00:00:19.979419419,0 days 00:00:20.004430757
0 days 00:00:00.570000,0 days 00:00:00.595011338,answer4 ,0.8208044,3.0428226,0.5304239,-0.016909081,-0.0084898295,0.16803549,-2.2589166,4.0156627,14.94992,4.06426,0.0,0.0,0.0,0.0,0.0,0.0,823.15106,1188.9531,-201.0,1819.9132,1334.6138,-201.0,2613.5974,1117.5742,-201.0,0 days 00:00:19.989419419,0 days 00:00:20.014430757
0 days 00:00:00.580000,0 days 00:00:00.605011338,answer4 ,0.8373182,4.1897044,0.84174746,-0.018243361,-0.007658893,0.17124073,-2.2454026,1.0968149,13.950381,5.1116796,0.0,0.0,0.0,0.0,0.0,0.0,1067.5095,948.6121,-201.0,1979.1674,1474.421,-201.0,2738.0496,896.88885,-201.0,0 days 00:00:19.999419419,0 days 00:00:20.024430757
0 days 00:00:00.590000,0 days 00:00:00.615011338,answer4 ,0.8349592,5.6574445,-1.0308741,-0.0074047935,-0.0044768206,0.17362137,-3.6404667,-1.0542157,11.751152,1.5869474,0.0,0.0,0.0,0.0,0.0,0.0,1083.7911,920.5491,-201.0,1954.7267,1549.8789,-201.0,2661.4568,976.22784,-201.0,0 days 00:00:20.009419419,0 days 00:00:20.034430757
0 days 00:00:00.600000,0 days 00:00:00.625011338,answer4 ,0.83647805,6.1734924,-3.1938305,-0.012517606,0.00013085881,0.17686228,-4.8479996,-0.20949496,12.239387,0.8225081,0.0,0.0,0.0,0.0,0.0,0.0,897.70087,940.33734,-201.0,1754.0386,1408.9741,-201.0,2522.2856,923.23737,-201.0,0 days 00:00:20.019419419,0 days 00:00:20.044430757
0 days 00:00:00.610000,0 days 00:00:00.635011338,answer4 ,0.8196481,6.314068,-4.9492726,-0.011061933,-0.0020198436,0.17383802,-5.702557,0.4937265,11.820994,-1.4769543,0.0,0.0,0.0,0.0,0.0,0.0,662.68805,1183.9855,-201.0,1539.6309,1173.4657,-201.0,2421.6487,894.54987,-201.0,0 days 00:00:20.029419419,0 days 00:00:20.054430757
0 days 00:00:00.620000,0 days 00:00:00.645011338,answer4 ,0.8269376,6.1729894,-4.101616,-0.01542224,-0.005849531,0.16479969,-5.4429984,2.1446764,12.721057,0.3242782,0.0,0.0,0.0,0.0,0.0,0.0,647.457,1164.5465,-201.0,1590.3203,1042.3506,-201.0,2482.24,903.9145,-201.0,0 days 00:00:20.039419419,0 days 00:00:20.064430757
0 days 00:00:00.630000,0 days 00:00:00.655011338,answer4 ,0.84107727,5.101978,-2.8641775,-0.004301875,-0.014421036,0.16264875,-3.5347235,3.4117386,11.528859,-0.5275663,0.0,0.0,0.0,0.0,0.0,0.0,665.2153,1277.4169,-201.0,1589.3843,1128.582,-201.0,2509.8867,1021.92773,-201.0,0 days 00:00:20.049419419,0 days 00:00:20.074430757
0 days 00:00:00.640000,0 days 00:00:00.665011338,answer4 ,0.8646345,4.623041,-1.9371357,-0.0011684388,-0.015684677,0.16172303,-2.735445,2.8751767,10.018973,-0.0020114183,0.0,0.0,0.0,0.0,0.0,0.0,905.0034,1150.32,-201.0,1813.146,1282.3126,-201.0,2660.201,1102.3334,-201.0,0 days 00:00:20.059419419,0 days 00:00:20.084430757
0 days 00:00:00.650000,0 days 00:00:00.675011338,answer4 ,0.8382659,3.5148447,-2.2782896,-0.0007304402,-0.020503314,0.1609096,-1.3106589,4.232376,10.417807,-2.7282028,0.0,0.0,0.0,0.0,0.0,0.0,652.21155,1398.2521,-201.0,1505.2235,1231.3766,-201.0,2446.2734,1078.5321,-201.0,0 days 00:00:20.069419419,0 days 00:00:20.094430757
0 days 00:00:00.660000,0 days 00:00:00.685011338,answer4 ,0.80736476,2.8745327,-0.7783739,-0.0023615395,-0.015776759,0.15235,-1.4334103,3.7380989,9.5363655,-3.4340465,0.0,0.0,0.0,0.0,0.0,0.0,896.7708,1304.3107,-201.0,1857.0039,1181.9937,-201.0,2695.2573,1413.3359,-201.0,0 days 00:00:20.079419419,0 days 00:00:20.104430757
0 days 00:00:00.670000,0 days 00:00:00.695011338,answer4 ,0.7974531,2.3996427,-0.30225375,-0.0011023688,-0.013244532,0.14463651,-0.8838176,3.9161236,10.247875,-3.25792,0.0,0.0,0.0,0.0,0.0,0.0,901.709,1232.892,-201.0,1908.1597,1119.7367,-201.0,2719.2976,1431.7368,-201.0,0 days 00:00:20.089419419,0 days 00:00:20.114430757
0 days 00:00:00.680000,0 days 00:00:00.705011338,answer4 ,0.8027465,3.4746487,-0.08278141,0.00023112578,-0.0067474134,0.14489333,-1.2873704,0.96434784,10.240397,-0.8986127,0.0,0.0,0.0,0.0,0.0,0.0,1144.4469,991.46893,-201.0,2148.5232,1255.1041,-201.0,2910.1506,1362.272,-201.0,0 days 00:00:20.099419419,0 days 00:00:20.124430757
0 days 00:00:00.690000,0 days 00:00:00.715011338,answer4 ,0.7899484,4.8594747,-2.3911173,0.0012505784,-0.0053270427,0.14410858,-1.9610238,-0.3796939,12.860761,-0.5495944,0.0,0.0,0.0,0.0,0.0,0.0,1097.608,961.418,-201.0,2120.6768,1328.1261,-201.0,2789.0469,1304.9105,-201.0,0 days 00:00:20.109419419,0 days 00:00:20.134430757
0 days 00:00:00.700000,0 days 00:00:00.725011338,answer4 ,0.7461321,5.2130957,-3.8035583,-0.003569545,-0.006223406,0.15323125,-1.8675078,-0.84209543,14.0382,-1.7957249,0.0,0.0,0.0,0.0,0.0,0.0,1070.8961,1074.7147,-201.0,2056.878,1461.0693,-201.0,2731.6213,1258.815,-201.0,0 days 00:00:20.119419419,0 days 00:00:20.144430757
0 days 00:00:00.710000,0 days 00:00:00.735011338,answer4 ,0.71837837,4.176677,-2.8653631,-0.0077995434,-0.008381897,0.14529896,-0.6530189,-0.46767083,14.076089,-3.792703,0.0,0.0,0.0,0.0,0.0,0.0,1028.0537,1211.1268,-201.0,1971.6719,1271.2671,-201.0,2750.2783,1168.6976,-201.0,0 days 00:00:20.129419419,0 days 00:00:20.154430757
0 days 00:00:00.720000,0 days 00:00:00.745011338,answer4 ,0.6864633,2.763181,1.1093924,-0.018045887,-0.0047770147,0.14334954,1.2956707,-1.0827715,15.038895,-1.4297673,0.0,0.0,0.0,0.0,0.0,0.0,1000.7773,1119.6251,-201.0,1951.5646,1219.351,-201.0,2693.9727,1121.0942,-201.0,0 days 00:00:20.139419419,0 days 00:00:20.164430757
0 days 00:00:00.730000,0 days 00:00:00.755011338,answer4 ,0.6646766,1.8193945,3.7529347,-0.017608294,-0.0042039948,0.12503307,3.4420195,-3.4323623,14.445088,-1.4902602,0.0,0.0,0.0,0.0,0.0,0.0,1098.1808,1024.214,-201.0,2137.041,967.4283,-201.0,3182.7805,1215.3038,-201.0,0 days 00:00:20.149419419,0 days 00:00:20.174430757
0 days 00:00:00.740000,0 days 00:00:00.765011338,answer4 ,0.62004626,0.92534447,5.1926517,-0.014068265,-0.0018035229,0.12634367,5.880012,-4.7309093,14.603635,2.6636505,0.0,0.0,0.0,0.0,0.0,0.0,1162.7332,988.6756,-201.0,2245.0847,1107.3348,-201.0,3200.656,1254.4608,-201.0,0 days 00:00:20.159419419,0 days 00:00:20.184430757
0 days 00:00:00.750000,0 days 00:00:00.775011338,answer4 ,0.57197815,-1.361021,6.657079,0.0025386282,-0.00472868,0.11851293,9.606366,-3.5590122,13.128945,1.828744,0.0,0.0,0.0,0.0,0.0,0.0,1161.963,1609.2584,-201.0,1957.3667,1174.8242,-201.0,3187.2383,900.16254,-201.0,0 days 00:00:20.169419419,0 days 00:00:20.194430757
0 days 00:00:00.760000,0 days 00:00:00.785011338,answer4 ,0.516858,-2.8603218,9.298652,0.008611773,-0.0053156186,0.108645566,12.558022,-2.4620118,12.251782,3.3835547,0.0,0.0,0.0,0.0,0.0,0.0,842.4721,1752.8309,-201.0,1576.374,1294.2272,-201.0,2499.7732,895.7776,-201.0,0 days 00:00:20.179419419,0 days 00:00:20.204430757
0 days 00:00:00.770000,0 days 00:00:00.795011338,answer4 ,0.46523175,-4.6032357,10.261242,0.0069175395,-0.006651998,0.08868208,14.644315,-0.6721101,11.215751,1.149923,0.0,0.0,0.0,0.0,0.0,0.0,560.3191,1965.2399,-201.0,1327.9689,1231.6576,-201.0,2362.2002,943.9367,-201.0,0 days 00:00:20.189419419,0 days 00:00:20.214430757
0 days 00:00:00.780000,0 days 00:00:00.805011338,answer4 ,0.4253858,-4.6436234,12.98648,-0.007960564,-0.0054866285,0.08283731,15.009376,-1.4001245,7.5345054,2.3740776,0.0,0.0,0.0,0.0,0.0,0.0,367.42175,1629.8301,-201.0,1290.0519,1265.1982,-201.0,2209.5007,1135.2744,-201.0,0 days 00:00:20.199419419,0 days 00:00:20.224430757
0 days 00:00:00.790000,0 days 00:00:00.815011338,answer4 ,0.38462305,-6.865417,16.517153,-0.02012732,-0.008117932,0.082701944,16.032015,0.26466918,5.843901,2.1564834,0.0,0.0,0.0,0.0,0.0,0.0,395.90012,1602.228,-201.0,1335.1813,1240.7231,-201.0,2340.4,992.0478,-201.0,0 days 00:00:20.209419419,0 days 00:00:20.234430757
0 days 00:00:00.800000,0 days 00:00:00.825011338,answer4 ,0.3579953,-7.980051,19.372011,-0.016647602,-0.009068773,0.08581094,17.293716,0.7074315,3.9587605,2.1502838,0.0,0.0,0.0,0.0,0.0,0.0,449.19812,1340.7302,-201.0,1381.3398,1129.7714,-201.0,2365.8228,893.491,-201.0,0 days 00:00:20.219419419,0 days 00:00:20.244430757
0 days 00:00:00.810000,0 days 00:00:00.835011338,answer4 ,0.35101214,-9.62122,18.204323,-0.013534379,-0.01120152,0.076454945,18.991264,3.4354045,7.0117545,3.79551,0.0,0.0,0.0,0.0,0.0,0.0,403.52798,1377.3978,-201.0,1401.4917,1024.2837,-201.0,2466.6882,754.6473,-201.0,0 days 00:00:20.229419419,0 days 00:00:20.254430757
0 days 00:00:00.820000,0 days 00:00:00.845011338,answer4 ,0.3445283,-9.937522,16.753063,-0.010742239,-0.0069488026,0.08166412,18.593094,5.065455,8.466368,8.230575,0.0,0.0,0.0,0.0,0.0,0.0,367.66565,1424.4819,-201.0,1397.0953,1016.70135,-201.0,2443.7312,828.6619,-201.0,0 days 00:00:20.239419419,0 days 00:00:20.264430757
0 days 00:00:00.830000,0 days 00:00:00.855011338,answer4 ,0.3324599,-11.334203,18.259157,-0.025691306,-0.0065332823,0.08272919,17.81588,7.088337,9.317363,12.784205,0.0,0.0,0.0,0.0,0.0,0.0,564.2875,1523.3945,-201.0,1536.6793,1208.2985,-201.0,2548.8418,1032.4728,-201.0,0 days 00:00:20.249419419,0 days 00:00:20.274430757
0 days 00:00:00.840000,0 days 00:00:00.865011338,answer4 ,0.3179117,-11.929332,19.800623,-0.024796585,-0.00611097,0.09111381,17.263487,8.246308,9.087917,11.523067,0.0,0.0,0.0,0.0,0.0,0.0,584.6257,1442.6569,-201.0,1518.1407,1227.6327,-201.0,2485.3484,1091.1776,-201.0,0 days 00:00:20.259419419,0 days 00:00:20.284430757
0 days 00:00:00.850000,0 days 00:00:00.875011338,answer4 ,0.30931637,-10.671005,19.34573,-0.022597382,-0.009283331,0.08290428,16.725725,7.3507667,6.6626315,6.2476597,0.0,0.0,0.0,0.0,0.0,0.0,693.8267,1465.0197,-201.0,1610.4185,1235.6676,-201.0,2561.6992,1050.0964,-201.0,0 days 00:00:20.269419419,0 days 00:00:20.294430757
0 days 00:00:00.860000,0 days 00:00:00.885011338,answer4 ,0.3142821,-9.573058,18.602514,-0.012190805,-0.0109611,0.073659,16.83122,7.7313,6.226757,2.288152,0.0,0.0,0.0,0.0,0.0,0.0,771.313,1358.4008,-201.0,1792.6469,1015.5666,-201.0,2958.2083,1011.8247,-201.0,0 days 00:00:20.279419419,0 days 00:00:20.304430757
0 days 00:00:00.870000,0 days 00:00:00.895011338,answer4 ,0.3136089,-9.4938,18.97284,-0.0036075504,-0.01151659,0.06324302,17.06721,8.139743,5.8735313,1.7102361,0.0,0.0,0.0,0.0,0.0,0.0,767.6247,1433.9169,-201.0,1829.6484,1063.8276,-201.0,3012.217,1388.3854,-201.0,0 days 00:00:20.289419419,0 days 00:00:20.314430757
0 days 00:00:00.880000,0 days 00:00:00.905011338,answer4 ,0.31516486,-9.431442,18.408192,0.0014647241,-0.0089840675,0.06032555,17.773521,7.7912374,5.9256096,4.3361373,0.0,0.0,0.0,0.0,0.0,0.0,706.9334,1346.4203,-201.0,1747.292,1099.7299,-201.0,2938.196,1408.3241,-201.0,0 days 00:00:20.299419419,0 days 00:00:20.324430757
0 days 00:00:00.890000,0 days 00:00:00.915011338,answer4 ,0.32719615,-12.4891815,22.114616,0.007912163,-0.008987687,0.12132231,19.928717,9.628445,7.0643044,5.6972923,0.0,0.0,0.0,0.0,0.0,0.0,686.6839,1356.2455,-201.0,1733.3369,1162.2518,-201.0,2851.659,1353.1227,-201.0,0 days 00:00:20.309419419,0 days 00:00:20.334430757
0 days 00:00:00.900000,0 days 00:00:00.925011338,answer4 ,0.3585982,-16.08695,26.229319,0.0125833005,-0.010569856,0.16950727,22.379051,11.27798,7.384043,4.6698337,0.0,0.0,0.0,0.0,0.0,0.0,663.6971,1349.5765,-201.0,1732.0121,1074.212,-201.0,2921.9739,789.70294,-201.0,0 days 00:00:20.319419419,0 days 00:00:20.344430757
0 days 00:00:00.910000,0 days 00:00:00.935011338,answer4 ,0.42949486,-21.903816,34.000584,0.020012112,-0.0116623975,0.31968784,27.274439,15.7734995,11.739853,4.4521565,0.0,0.0,0.0,0.0,0.0,0.0,938.41425,1358.9598,-201.0,2056.8123,1024.3783,-201.0,3333.278,838.94214,-201.0,0 days 00:00:20.329419419,0 days 00:00:20.354430757
0 days 00:00:00.920000,0 days 00:00:00.945011338,answer4 ,0.44448045,-22.518225,34.746784,0.022657156,-0.011604766,0.4197947,28.219786,16.738792,12.079356,3.1453393,0.0,0.0,0.0,0.0,0.0,0.0,887.179,1508.7167,-201.0,2012.0131,1423.4292,-201.0,2961.6746,993.05695,-201.0,0 days 00:00:20.339419419,0 days 00:00:20.364430757
0 days 00:00:00.930000,0 days 00:00:00.955011338,answer4 ,0.50200534,-24.705912,36.830967,0.020223387,-0.014164078,0.6589826,31.335123,19.12934,13.472851,4.014362,0.0,0.0,0.0,0.0,0.0,0.0,1134.9738,1477.5126,-201.0,2282.3398,1797.8365,-201.0,2966.1692,1256.6697,-201.0,0 days 00:00:20.349419419,0 days 00:00:20.374430757
0 days 00:00:00.940000,0 days 00:00:00.965011338,answer4 ,0.67897576,-23.654535,34.75902,0.0325513,-0.015749378,0.9651143,33.602757,15.689754,13.9627075,2.5084493,0.0,0.0,0.0,0.0,0.0,0.0,1049.054,1539.2596,-201.0,2218.1545,2187.277,-201.0,2580.8105,1417.5874,-201.0,0 days 00:00:20.359419419,0 days 00:00:20.384430757
0 days 00:00:00.950000,0 days 00:00:00.975011338,answer4 ,0.9833849,-23.139776,31.645485,0.0463369,-0.018348245,1.015649,37.730328,9.528881,16.006365,-1.3681206,35.681072,0.0,0.0,7.2005982,11.3627825,22.57019,830.9465,2381.9075,0.0,1984.682,1324.293,-33.263905,3191.8232,1211.0673,-32.31953,0 days 00:00:20.369419419,0 days 00:00:20.394430757
0 days 00:00:00.960000,0 days 00:00:00.985011338,answer4 ,1.2744242,-20.862755,27.361887,0.06260184,-0.015395119,1.0508236,38.610786,1.5820683,16.302542,-6.6362414,35.933292,0.12895077,1.4719005,8.664486,13.862731,20.491734,850.9106,2263.5369,-27.621233,2060.4304,1099.715,-33.10271,3375.197,1033.2164,-28.883043,0 days 00:00:20.379419419,0 days 00:00:20.404430757
0 days 00:00:00.970000,0 days 00:00:01.000997732,answer4 ,1.4056996,-20.673485,25.677269,0.06373154,-0.014091712,0.9166069,38.113773,-1.3184067,15.202558,-10.440011,36.1656,0.12895077,1.4719005,8.982022,14.6965475,17.78225,1135.796,1122.7981,-27.621233,2383.8997,807.7595,-37.38869,3695.5496,797.4162,-26.209435,0 days 00:00:20.389419419,0 days 00:00:20.420417151
0 days 00:00:00,0 days 00:00:00.025011338,answer5 ,0.31448612,-10.241702,22.790827,-0.023344582,-0.010895133,0.026633346,22.204287,2.567366,2.6455686,6.926193,0.0,0.0,0.0,0.0,0.0,0.0,634.2405,1289.9503,-201.0,1729.2164,944.69824,-201.0,2955.9026,1020.32355,-201.0,0 days 00:00:33.266599933,0 days 00:00:33.291611271
0 days 00:00:00.010000,0 days 00:00:00.035011338,answer5 ,0.34020153,-9.971834,20.67787,-0.029279077,-0.00872499,0.052473277,21.827347,1.4095703,3.670088,7.747093,0.0,0.0,0.0,0.0,0.0,0.0,810.6572,1340.9458,-201.0,1869.7072,1137.6051,-201.0,3012.0046,1071.286,-201.0,0 days 00:00:33.276599933,0 days 00:00:33.301611271
0 days 00:00:00.020000,0 days 00:00:00.045011338,answer5 ,0.36434188,-9.4981575,20.227629,-0.0382181,-0.0069255736,0.090278536,21.429205,0.4372798,4.14657,7.0258107,0.0,0.0,0.0,0.0,0.0,0.0,952.5695,1310.6821,-201.0,2019.0873,1236.6865,-201.0,3066.6943,1057.1162,-201.0,0 days 00:00:33.286599933,0 days 00:00:33.311611271
0 days 00:00:00.030000,0 days 00:00:00.055011338,answer5 ,0.36435184,-8.654087,20.579016,-0.036507465,-0.0022239592,0.09647877,20.244696,0.07308284,4.063911,7.655805,0.0,0.0,0.0,0.0,0.0,0.0,885.5684,1279.8768,-201.0,1852.9933,1236.7716,-201.0,2753.376,833.9634,-201.0,0 days 00:00:33.296599933,0 days 00:00:33.321611271
0 days 00:00:00.040000,0 days 00:00:00.065011338,answer5 ,0.35436437,-8.033798,21.112503,-0.033175003,-0.0048761326,0.099022895,20.621702,0.37870547,0.43576846,3.700916,0.0,0.0,0.0,0.0,0.0,0.0,750.8753,1214.0563,-201.0,1724.7383,1181.4204,-201.0,2735.8347,874.39923,-201.0,0 days 00:00:33.306599933,0 days 00:00:33.331611271
0 days 00:00:00.050000,0 days 00:00:00.075011338,answer5 ,0.34775844,-8.428837,19.831224,-0.022122478,-0.008609011,0.08571681,21.53047,1.2652972,-2.0332446,3.3242779,0.0,0.0,0.0,0.0,0.0,0.0,750.4707,1355.6399,-201.0,1655.1918,1288.2573,-201.0,2689.695,856.6416,-201.0,0 days 00:00:33.316599933,0 days 00:00:33.341611271
0 days 00:00:00.060000,0 days 00:00:00.085011338,answer5 ,0.358193,-9.628636,18.88762,-0.015651355,-0.014738947,0.08532664,23.070154,3.1243498,-1.4260339,2.9184387,0.0,0.0,0.0,0.0,0.0,0.0,590.8299,1338.2195,-201.0,1509.184,1238.5656,-201.0,2568.0986,868.79816,-201.0,0 days 00:00:33.326599933,0 days 00:00:33.351611271
0 days 00:00:00.070000,0 days 00:00:00.095011338,answer5 ,0.36470807,-11.528141,18.032402,-0.0097140325,-0.012689718,0.0888438,22.440596,6.5113425,3.8964322,6.53293,0.0,0.0,0.0,0.0,0.0,0.0,538.2827,1411.8629,-201.0,1451.7936,1154.5095,-201.0,2517.6003,652.03937,-201.0,0 days 00:00:33.336599933,0 days 00:00:33.361611271
0 days 00:00:00.080000,0 days 00:00:00.105011338,answer5 ,0.38332948,-11.171204,14.178936,-0.0077344757,-0.015662797,0.09522488,19.210434,8.942929,8.843391,6.7638593,0.0,0.0,0.0,0.0,0.0,0.0,557.6564,1430.5677,-201.0,1484.3822,1106.9513,-201.0,2516.796,652.1604,-201.0,0 days 00:00:33.346599933,0 days 00:00:33.371611271
0 days 00:00:00.090000,0 days 00:00:00.115011338,answer5 ,0.42114457,-8.853911,11.027705,-0.0029811275,-0.012774099,0.08985821,14.2515335,9.950094,8.993087,7.348158,0.0,0.0,0.0,0.0,0.0,0.0,532.8964,1531.8685,-201.0,1493.068,1162.8822,-201.0,2497.3145,1184.9364,-201.0,0 days 00:00:33.356599933,0 days 00:00:33.381611271
0 days 00:00:00.100000,0 days 00:00:00.125011338,answer5 ,0.46226513,-8.270062,11.0323305,0.0010523227,-0.017505849,0.10242716,12.199475,11.44382,5.763085,7.5471854,0.0,0.0,0.0,0.0,0.0,0.0,525.6733,1776.2773,-201.0,1547.1085,1290.6378,-201.0,2501.8005,1256.0571,-201.0,0 days 00:00:33.366599933,0 days 00:00:33.391611271
0 days 00:00:00.110000,0 days 00:00:00.135011338,answer5 ,0.4925189,-7.546458,11.748599,-0.00035730624,-0.013230682,0.11508887,10.296051,11.683061,2.8629153,11.199641,0.0,0.0,0.0,0.0,0.0,0.0,505.5056,1909.1229,-201.0,1519.903,1301.6123,-201.0,2522.9688,1293.8624,-201.0,0 days 00:00:33.376599933,0 days 00:00:33.401611271
0 days 00:00:00.120000,0 days 00:00:00.145011338,answer5 ,0.52965665,-8.236362,13.282809,-0.0064034723,-0.014245653,0.12027358,9.651613,13.669015,2.4583757,14.299118,0.0,0.0,0.0,0.0,0.0,0.0,508.3704,1943.899,-201.0,1535.2235,1280.6804,-201.0,2586.6877,776.90753,-201.0,0 days 00:00:33.386599933,0 days 00:00:33.411611271
0 days 00:00:00.130000,0 days 00:00:00.155011338,answer5 ,0.5608942,-7.4828706,12.31974,-0.008294412,-0.009443041,0.11208138,7.2292657,14.388272,3.752554,16.432358,0.0,0.0,0.0,0.0,0.0,0.0,722.43243,1718.1001,-201.0,1625.4376,1261.3511,-201.0,2625.711,781.91284,-201.0,0 days 00:00:33.396599933,0 days 00:00:33.421611271
0 days 00:00:00.140000,0 days 00:00:00.165011338,answer5 ,0.6168957,-7.7466145,12.843356,0.0039271167,-0.010495895,0.124558926,6.190161,14.937171,3.4609597,13.441349,0.0,0.0,0.0,0.0,0.0,0.0,570.0659,1533.375,-201.0,1562.2378,1108.3229,-201.0,2617.0605,694.93634,-201.0,0 days 00:00:33.406599933,0 days 00:00:33.431611271
0 days 00:00:00.150000,0 days 00:00:00.175011338,answer5 ,0.65542984,-8.232181,12.612058,0.0039360556,-0.012272385,0.159019,6.3388305,15.176109,5.192179,12.245408,0.0,0.0,0.0,0.0,0.0,0.0,817.54175,1394.6796,-201.0,1682.4735,1193.4545,-201.0,2640.4487,713.3366,-201.0,0 days 00:00:33.416599933,0 days 00:00:33.441611271
0 days 00:00:00.160000,0 days 00:00:00.185011338,answer5 ,0.6936672,-8.646537,12.580447,0.01753656,-0.01473176,0.20362985,7.1928496,15.401235,3.1382525,9.886636,0.0,0.0,0.0,0.0,0.0,0.0,601.4909,1412.8344,-201.0,1565.9111,1120.0421,-201.0,2520.1785,990.1204,-201.0,0 days 00:00:33.426599933,0 days 00:00:33.451611271
0 days 00:00:00.170000,0 days 00:00:00.195011338,answer5 ,0.6995619,-10.676964,13.997645,0.022775551,-0.01213085,0.20887287,8.868009,18.596342,4.697204,12.434142,0.0,0.0,0.0,0.0,0.0,0.0,568.83575,1546.6089,-201.0,1554.232,1247.0841,-201.0,2595.9924,1074.8424,-201.0,0 days 00:00:33.436599933,0 days 00:00:33.461611271
0 days 00:00:00.180000,0 days 00:00:00.205011338,answer5 ,0.7385066,-11.230008,16.037909,0.038730923,-0.008811559,0.26903692,10.8624,18.90816,4.9468455,17.163275,0.0,0.0,0.0,0.0,0.0,0.0,312.97137,1632.8434,-132.95035,1410.4258,1103.4962,-139.58516,2573.8193,1674.107,-143.1197,0 days 00:00:33.446599933,0 days 00:00:33.471611271
0 days 00:00:00.190000,0 days 00:00:00.215011338,answer5 ,0.79228216,-14.542005,20.734589,0.03557406,-0.008911472,0.39505085,13.698521,22.238058,9.186288,20.3855,31.716953,0.0,0.0,4.580801,22.950966,30.684406,222.30719,1690.3755,-98.92553,1395.8949,1061.714,-80.36252,2689.898,1410.2072,-85.85256,0 days 00:00:33.456599933,0 days 00:00:33.481611271
0 days 00:00:00.200000,0 days 00:00:00.225011338,answer5 ,0.8238926,-16.998205,25.52505,0.033586133,-0.0095409565,0.4586402,17.588846,23.448523,9.249613,25.450218,31.588175,0.0,2.3255372,4.8358226,24.727486,31.588842,248.28096,1467.8853,0.0,1390.0895,901.867,-20.743914,2589.8733,1321.117,-30.019842,0 days 00:00:33.466599933,0 days 00:00:33.491611271
0 days 00:00:00.210000,0 days 00:00:00.235011338,answer5 ,0.8079689,-19.963186,29.401415,0.030401856,-0.0069564837,0.3951281,20.658392,25.693586,7.656714,26.248613,31.231339,0.055315822,1.7081064,4.824808,25.438498,33.056553,254.2285,1328.1327,-0.33065677,1392.3966,793.218,-21.915796,2605.8342,637.80695,-32.72293,0 days 00:00:33.476599933,0 days 00:00:33.501611271
0 days 00:00:00.220000,0 days 00:00:00.245011338,answer5 ,0.75910616,-19.94895,31.15705,0.028246507,-0.002981053,0.26550227,22.573751,24.836473,6.2113533,27.20671,31.078722,0.055315822,2.0152586,4.7456512,26.642414,34.154446,632.29004,1103.836,-67.220436,1761.1869,804.64325,-81.13843,2943.9211,671.1608,-89.990074,0 days 00:00:33.486599933,0 days 00:00:33.511611271
0 days 00:00:00.230000,0 days 00:00:00.255011337,answer5 ,0.7248818,-17.911173,30.748236,0.026131662,0.000490817,0.32649443,22.673254,23.28057,4.4279494,24.332907,0.0,0.0,0.0,0.0,0.0,0.0,654.6174,1250.8956,-134.18573,1773.0542,875.10205,-140.75703,2977.6736,692.13824,-145.8228,0 days 00:00:33.496599933,0 days 00:00:33.521611270
0 days 00:00:00.240000,0 days 00:00:00.265011338,answer5 ,0.6829145,-16.838722,29.801262,0.03239805,-0.0018871428,0.41048703,21.037067,21.22036,2.0281408,19.057917,0.0,0.0,0.0,0.0,0.0,0.0,947.48975,1186.2478,-201.0,2122.443,917.8405,-201.0,3361.092,806.858,-201.0,0 days 00:00:33.506599933,0 days 00:00:33.531611271
0 days 00:00:00.250000,0 days 00:00:00.275011338,answer5 ,0.63363093,-15.47236,28.010727,0.036827963,-0.003959203,0.46735153,18.821508,20.16063,-0.42185685,16.826391,0.0,0.0,0.0,0.0,0.0,0.0,600.3442,1349.8984,-201.0,1747.1539,830.7596,-201.0,2999.3972,703.845,-201.0,0 days 00:00:33.516599933,0 days 00:00:33.541611271
0 days 00:00:00.260000,0 days 00:00:00.285011338,answer5 ,0.57792777,-15.9215,27.456732,0.044910014,-0.0042311284,0.34297752,17.747658,20.667967,-2.9679139,14.21251,0.0,0.0,0.0,0.0,0.0,0.0,573.8433,1235.757,-201.0,1729.0287,781.0402,-201.0,2966.1582,757.4197,-201.0,0 days 00:00:33.526599933,0 days 00:00:33.551611271
0 days 00:00:00.270000,0 days 00:00:00.295011338,answer5 ,0.51005346,-14.28719,26.139244,0.03154136,-0.002870415,0.27785707,17.503809,20.826942,-5.414943,15.445369,0.0,0.0,0.0,0.0,0.0,0.0,197.83813,1604.6246,-201.0,1341.1743,959.9891,-201.0,2466.366,858.3657,-201.0,0 days 00:00:33.536599933,0 days 00:00:33.561611271
0 days 00:00:00.280000,0 days 00:00:00.305011338,answer5 ,0.47341332,-13.091194,25.149437,0.023237795,-0.0022366415,0.19047284,17.612726,18.752375,-6.6132736,15.690427,0.0,0.0,0.0,0.0,0.0,0.0,534.33655,1562.5668,-201.0,1478.8055,1351.0223,-201.0,2504.8381,1093.0446,-201.0,0 days 00:00:33.546599933,0 days 00:00:33.571611271
0 days 00:00:00.290000,0 days 00:00:00.315011338,answer5 ,0.44972494,-10.912563,23.414467,0.00801309,-0.0054928674,0.17181623,17.568426,13.949521,-6.956556,15.690988,0.0,0.0,0.0,0.0,0.0,0.0,768.1138,1691.9691,-201.0,1583.8182,1553.0248,-201.0,2529.6194,1249.8555,-201.0,0 days 00:00:33.556599933,0 days 00:00:33.581611271
0 days 00:00:00.300000,0 days 00:00:00.325011338,answer5 ,0.4387102,-10.179328,23.383139,0.0122735845,-0.0069984943,0.11716368,18.333694,11.055476,-6.7145505,16.202387,0.0,0.0,0.0,0.0,0.0,0.0,1080.2314,1612.7783,-201.0,1718.0084,1568.7197,-201.0,2731.2053,1311.4147,-201.0,0 days 00:00:33.566599933,0 days 00:00:33.591611271
0 days 00:00:00.310000,0 days 00:00:00.335011338,answer5 ,0.40955386,-9.882363,23.206015,0.013546743,-0.004978864,0.094955064,18.991077,9.760938,-6.4438305,17.462395,0.0,0.0,0.0,0.0,0.0,0.0,1141.8662,1453.7643,-201.0,1952.544,1261.1129,-201.0,3074.659,1198.377,-201.0,0 days 00:00:33.576599933,0 days 00:00:33.601611271
0 days 00:00:00.320000,0 days 00:00:00.345011338,answer5 ,0.38480723,-10.313077,23.291443,0.015576199,-0.0030606715,0.09470174,19.189692,11.363221,-4.901182,18.750158,0.0,0.0,0.0,0.0,0.0,0.0,919.94653,1434.5502,-201.0,1834.0922,1161.0018,-201.0,3027.7097,1078.4067,-201.0,0 days 00:00:33.586599933,0 days 00:00:33.611611271
0 days 00:00:00.330000,0 days 00:00:00.355011338,answer5 ,0.38415274,-11.933526,23.158264,0.020564701,-0.00069095014,0.13208346,18.918034,12.4292345,-2.713412,15.616536,0.0,0.0,0.0,0.0,0.0,0.0,886.91797,1363.1317,-201.0,1865.6556,1165.4772,-201.0,2924.93,1076.9125,-201.0,0 days 00:00:33.596599933,0 days 00:00:33.621611271
0 days 00:00:00.340000,0 days 00:00:00.365011338,answer5 ,0.38064814,-12.483754,22.210333,0.023010215,-0.0046003773,0.14878672,19.657011,11.911445,-1.2342408,12.7890625,0.0,0.0,0.0,0.0,0.0,0.0,878.7671,1520.4176,-201.0,1838.1328,1261.4515,-201.0,3076.1106,1211.5558,-201.0,0 days 00:00:33.606599933,0 days 00:00:33.631611271
0 days 00:00:00.350000,0 days 00:00:00.375011338,answer5 ,0.3778431,-12.009395,22.69139,0.025970869,-0.00483909,0.1289743,19.947609,9.887503,-0.98883706,11.707879,0.0,0.0,0.0,0.0,0.0,0.0,1115.7477,1460.8062,-201.0,2010.3385,1361.0284,-201.0,3137.0027,1520.0848,-201.0,0 days 00:00:33.616599933,0 days 00:00:33.641611271
0 days 00:00:00.360000,0 days 00:00:00.385011338,answer5 ,0.3738965,-12.056535,23.844812,0.017127024,-0.006234721,0.11315239,21.621279,9.339633,-1.0720794,10.699504,0.0,0.0,0.0,0.0,0.0,0.0,896.1032,1510.4985,-201.0,1859.9347,1288.9482,-201.0,3109.9167,1527.107,-201.0,0 days 00:00:33.626599933,0 days 00:00:33.651611271
0 days 00:00:00.370000,0 days 00:00:00.395011338,answer5 ,0.4007117,-14.45699,26.903854,0.017537715,-0.004294622,0.1464218,22.164148,12.008418,-0.45987177,10.01762,0.0,0.0,0.0,0.0,0.0,0.0,797.06757,1458.7045,-201.0,1750.1332,1221.2195,-201.0,2820.4128,1484.9442,-201.0,0 days 00:00:33.636599933,0 days 00:00:33.661611271
0 days 00:00:00.380000,0 days 00:00:00.405011338,answer5 ,0.42253706,-18.842688,30.661118,0.018755412,-0.0021440738,0.16017373,22.522232,17.043623,1.0871757,9.301581,0.0,0.0,0.0,0.0,0.0,0.0,786.5498,1727.6315,-201.0,1765.0,1187.7385,-201.0,3154.8308,1552.2982,-201.0,0 days 00:00:33.646599933,0 days 00:00:33.671611271
0 days 00:00:00.390000,0 days 00:00:00.415011338,answer5 ,0.45225582,-21.092302,32.533253,0.027413964,0.0001461942,0.16118787,22.52402,19.290428,1.9665939,10.794576,0.0,0.0,0.0,0.0,0.0,0.0,1101.417,1492.6772,-201.0,2121.1365,1032.2296,-201.0,3551.6975,1315.3473,-201.0,0 days 00:00:33.656599933,0 days 00:00:33.681611271
0 days 00:00:00.400000,0 days 00:00:00.425011338,answer5 ,0.4450859,-21.215744,34.082363,0.023261493,-0.0014845924,0.16677165,23.889791,19.061323,1.8910738,9.1412,0.0,0.0,0.0,0.0,0.0,0.0,863.6364,1584.0199,-201.0,1895.3105,1074.8959,-201.0,3238.1653,1216.0122,-201.0,0 days 00:00:33.666599933,0 days 00:00:33.691611271
0 days 00:00:00.410000,0 days 00:00:00.435011338,answer5 ,0.43634892,-19.542799,32.579132,0.023956046,-0.00431201,0.18310766,24.551775,15.951314,1.9933087,5.6598697,0.0,0.0,0.0,0.0,0.0,0.0,588.897,1369.7975,-201.0,1671.6725,970.8348,-201.0,2769.1982,798.6319,-201.0,0 days 00:00:33.676599933,0 days 00:00:33.701611271
0 days 00:00:00.420000,0 days 00:00:00.445011338,answer5 ,0.42217603,-19.557648,32.828022,0.030229941,-0.008649056,0.20043893,25.076889,15.448723,4.297621,2.357121,0.0,0.0,0.0,0.0,0.0,0.0,601.4036,1383.0531,-201.0,1685.6656,1053.6539,-201.0,2766.1074,825.4642,-201.0,0 days 00:00:33.686599933,0 days 00:00:33.711611271
0 days 00:00:00.430000,0 days 00:00:00.455011338,answer5 ,0.41018572,-19.01424,31.126776,0.032863934,-0.006214183,0.18655477,23.993387,15.906997,6.2791038,2.4193695,0.0,0.0,0.0,0.0,0.0,0.0,596.5534,1382.0057,-201.0,1719.2969,988.0247,-201.0,2856.259,843.0988,-201.0,0 days 00:00:33.696599933,0 days 00:00:33.721611271
0 days 00:00:00.440000,0 days 00:00:00.465011338,answer5 ,0.3952497,-19.319471,30.188507,0.028478289,-0.0056950413,0.19359873,24.808334,17.274607,8.995065,4.858928,0.0,0.0,0.0,0.0,0.0,0.0,608.99335,1394.8619,-201.0,1762.8165,997.8696,-201.0,2962.8167,906.94293,-201.0,0 days 00:00:33.706599933,0 days 00:00:33.731611271
0 days 00:00:00.450000,0 days 00:00:00.475011338,answer5 ,0.36423966,-17.485434,27.801485,0.013114129,-0.0052040853,0.15701668,24.323008,16.49848,11.01294,9.610065,0.0,0.0,0.0,0.0,0.0,0.0,276.81152,1597.3618,-201.0,1438.1637,1018.10254,-201.0,2615.4563,1048.5751,-201.0,0 days 00:00:33.716599933,0 days 00:00:33.741611271
0 days 00:00:00.460000,0 days 00:00:00.485011338,answer5 ,0.33971834,-16.899565,26.463018,0.012660029,-0.010468922,0.11364343,24.222473,15.700424,11.415741,9.929268,0.0,0.0,0.0,0.0,0.0,0.0,319.22946,1665.4528,-201.0,1533.8729,1047.4551,-201.0,2693.2356,1191.5791,-201.0,0 days 00:00:33.726599933,0 days 00:00:33.751611271
0 days 00:00:00.470000,0 days 00:00:00.495011338,answer5 ,0.3278246,-15.902999,26.363108,0.009242061,-0.009652259,0.0867792,23.764807,14.042804,11.193077,8.426711,0.0,0.0,0.0,0.0,0.0,0.0,561.44385,1696.9541,-201.0,1598.1224,1097.4244,-201.0,2731.1404,1083.9454,-201.0,0 days 00:00:33.736599933,0 days 00:00:33.761611271
0 days 00:00:00.480000,0 days 00:00:00.505011338,answer5 ,0.3261591,-15.697421,25.861387,0.006206641,-0.009636982,0.09479004,24.554644,12.931569,10.968608,6.3907886,0.0,0.0,0.0,0.0,0.0,0.0,605.3006,1542.9962,-201.0,1582.674,1043.538,-201.0,2693.846,1022.44403,-201.0,0 days 00:00:33.746599933,0 days 00:00:33.771611271
0 days 00:00:00.490000,0 days 00:00:00.515011338,answer5 ,0.32499197,-15.384557,25.244501,0.010223945,-0.008165306,0.107282855,25.45852,11.465065,10.999919,6.6633363,0.0,0.0,0.0,0.0,0.0,0.0,721.6136,1716.6224,-201.0,1512.361,1157.547,-201.0,2569.6438,848.7492,-201.0,0 days 00:00:33.756599933,0 days 00:00:33.781611271
0 days 00:00:00.500000,0 days 00:00:00.525011338,answer5 ,0.31768075,-15.811181,25.249876,0.013206438,-0.008764128,0.11833056,25.190142,12.833556,11.162501,8.576495,0.0,0.0,0.0,0.0,0.0,0.0,815.7788,1589.8022,-201.0,1796.339,1060.9221,-201.0,3133.6445,2028.8838,-201.0,0 days 00:00:33.766599933,0 days 00:00:33.791611271
0 days 00:00:00.510000,0 days 00:00:00.535011338,answer5 ,0.31182328,-16.32585,26.000574,0.013321734,-0.007559873,0.10492579,24.383017,14.02316,10.983051,9.146864,0.0,0.0,0.0,0.0,0.0,0.0,965.3765,1950.3903,-201.0,1828.4076,1218.7584,-201.0,3159.3582,2051.2024,-201.0,0 days 00:00:33.776599933,0 days 00:00:33.801611271
0 days 00:00:00.520000,0 days 00:00:00.545011338,answer5 ,0.3137709,-16.23693,27.382156,0.0042470046,-0.005739977,0.10698231,23.324106,14.369256,11.183872,9.5547285,0.0,0.0,0.0,0.0,0.0,0.0,1167.0947,1532.1332,-201.0,2188.8574,1039.4318,-201.0,3707.5176,2060.72,-201.0,0 days 00:00:33.786599933,0 days 00:00:33.811611271
0 days 00:00:00.530000,0 days 00:00:00.555011338,answer5 ,0.32588053,-17.032934,27.50572,0.007289874,-0.007991038,0.11474252,24.357948,13.592238,9.368447,5.922482,0.0,0.0,0.0,0.0,0.0,0.0,1078.3162,1501.2523,-201.0,2126.716,1007.6035,-201.0,3556.8027,1277.3989,-201.0,0 days 00:00:33.796599933,0 days 00:00:33.821611271
0 days 00:00:00.540000,0 days 00:00:00.565011338,answer5 ,0.31828308,-16.537432,26.94548,0.008524787,-0.01198789,0.1285419,24.280783,12.950692,7.409184,3.4271705,0.0,0.0,0.0,0.0,0.0,0.0,1049.6836,1379.3643,-201.0,2164.6995,972.18097,-201.0,3564.579,1207.1434,-201.0,0 days 00:00:33.806599933,0 days 00:00:33.831611271
0 days 00:00:00.550000,0 days 00:00:00.575011338,answer5 ,0.30559972,-16.774714,26.46189,-0.0010386886,-0.010891345,0.12817983,24.371992,13.10517,8.460763,8.113203,0.0,0.0,0.0,0.0,0.0,0.0,954.2845,2545.407,-201.0,1772.6006,1063.3917,-201.0,3116.3977,1341.0593,-201.0,0 days 00:00:33.816599933,0 days 00:00:33.841611271
0 days 00:00:00.560000,0 days 00:00:00.585011338,answer5 ,0.28584012,-15.235326,25.40565,-0.018709162,-0.007564767,0.10053555,22.343119,12.715726,10.269344,13.489423,0.0,0.0,0.0,0.0,0.0,0.0,725.1446,2719.04,-201.0,1446.7601,1253.8391,-201.0,2553.2683,1134.2223,-201.0,0 days 00:00:33.826599933,0 days 00:00:33.851611271
0 days 00:00:00.570000,0 days 00:00:00.595011338,answer5 ,0.29316995,-16.446234,26.768469,-0.02279356,-0.003935211,0.10901358,22.992659,15.395439,9.848382,16.848986,0.0,0.0,0.0,0.0,0.0,0.0,603.63043,2495.3748,-201.0,1367.794,1188.7167,-201.0,2506.04,1216.3622,-201.0,0 days 00:00:33.836599933,0 days 00:00:33.861611271
0 days 00:00:00.580000,0 days 00:00:00.605011338,answer5 ,0.30969515,-16.88464,26.435385,-0.016189925,-0.006164077,0.10325798,22.677767,17.380495,8.551688,13.0253935,0.0,0.0,0.0,0.0,0.0,0.0,376.54874,1463.0887,-201.0,1451.7235,1139.3462,-201.0,2511.3428,1274.6953,-201.0,0 days 00:00:33.846599933,0 days 00:00:33.871611271
0 days 00:00:00.590000,0 days 00:00:00.615011338,answer5 ,0.32488555,-18.210909,27.656174,-0.012406585,-0.007664624,0.12131276,23.175598,20.415636,6.8853974,11.904563,0.0,0.0,0.0,0.0,0.0,0.0,752.4365,1255.8639,-201.0,1862.7316,1142.0005,-201.0,3020.4275,1272.0919,-201.0,0 days 00:00:33.856599933,0 days 00:00:33.881611271
0 days 00:00:00.600000,0 days 00:00:00.625011338,answer5 ,0.33714733,-17.861673,27.570053,-0.0040868986,-0.009684206,0.11482322,22.63414,19.818733,6.4489994,9.832353,0.0,0.0,0.0,0.0,0.0,0.0,920.88947,1414.1781,-201.0,1978.7661,1225.1467,-201.0,3151.0588,1231.8098,-201.0,0 days 00:00:33.866599933,0 days 00:00:33.891611271
0 days 00:00:00.610000,0 days 00:00:00.635011338,answer5 ,0.3455844,-17.368042,29.555237,0.0008586431,-0.0074348156,0.12510206,24.272585,19.626497,3.1796095,10.398777,0.0,0.0,0.0,0.0,0.0,0.0,894.53564,1442.3516,-201.0,1871.6084,1214.591,-201.0,3135.0715,1009.33514,-201.0,0 days 00:00:33.876599933,0 days 00:00:33.901611271
0 days 00:00:00.620000,0 days 00:00:00.645011338,answer5 ,0.34564316,-16.215322,28.389925,0.007825545,-0.0090175485,0.12348955,24.675781,17.2032,3.027857,10.311302,0.0,0.0,0.0,0.0,0.0,0.0,529.85986,1603.4987,-201.0,1504.3082,1213.2084,-201.0,2631.0486,927.55304,-201.0,0 days 00:00:33.886599933,0 days 00:00:33.911611271
0 days 00:00:00.630000,0 days 00:00:00.655011338,answer5 ,0.35029957,-15.141875,26.574778,0.0054833866,-0.010216463,0.10978044,23.91594,15.607959,3.338712,13.210658,0.0,0.0,0.0,0.0,0.0,0.0,366.11374,1524.7842,-201.0,1367.055,1220.536,-201.0,2415.9197,961.1472,-201.0,0 days 00:00:33.896599933,0 days 00:00:33.921611271
0 days 00:00:00.640000,0 days 00:00:00.665011338,answer5 ,0.34514067,-14.406703,23.415304,0.0067554773,-0.011679973,0.10762539,21.310936,13.735232,3.9713218,10.739924,0.0,0.0,0.0,0.0,0.0,0.0,548.2315,1420.0518,-201.0,1520.7666,1189.3815,-201.0,2416.814,888.4582,-201.0,0 days 00:00:33.906599933,0 days 00:00:33.931611271
0 days 00:00:00.650000,0 days 00:00:00.675011338,answer5 ,0.35522112,-15.773938,23.518785,0.0066214553,-0.013282824,0.10703162,21.240828,15.803655,3.639124,9.5019045,0.0,0.0,0.0,0.0,0.0,0.0,859.3738,1399.0348,-201.0,1898.1787,1116.039,-201.0,2999.6248,1002.2217,-201.0,0 days 00:00:33.916599933,0 days 00:00:33.941611271
0 days 00:00:00.660000,0 days 00:00:00.685011338,answer5 ,0.35247815,-16.877718,24.819677,0.0029250502,-0.011863686,0.12988275,20.930183,18.573467,5.084307,6.766557,0.0,0.0,0.0,0.0,0.0,0.0,835.8535,1426.2096,-201.0,1954.7728,1071.9725,-201.0,3146.6125,1005.257,-201.0,0 days 00:00:33.926599933,0 days 00:00:33.951611271
0 days 00:00:00.670000,0 days 00:00:00.695011338,answer5 ,0.39663324,-18.006323,26.696558,0.0018805299,-0.012709384,0.1552945,19.116144,22.296804,9.700763,9.082359,0.0,0.0,0.0,0.0,0.0,0.0,1051.4194,1392.4316,-201.0,2298.4329,1146.456,-201.0,3617.1248,1154.8619,-201.0,0 days 00:00:33.936599933,0 days 00:00:33.961611271
0 days 00:00:00.680000,0 days 00:00:00.705011338,answer5 ,0.516398,-15.587756,24.515488,0.012684502,-0.011598072,0.16177441,12.404231,25.958048,11.762921,8.597088,0.0,0.0,0.0,0.0,0.0,0.0,969.66943,1378.4775,-201.0,2103.3916,1208.5084,-201.0,3219.3386,1162.2681,-201.0,0 days 00:00:33.946599933,0 days 00:00:33.971611271
0 days 00:00:00.690000,0 days 00:00:00.715011338,answer5 ,0.60080767,-13.439397,19.861956,0.019701736,-0.0077191326,0.15832128,6.563807,28.556093,10.753052,11.958287,0.0,0.0,0.0,0.0,0.0,0.0,1174.7062,1247.3141,-201.0,2223.695,1099.1674,-201.0,3278.0266,1030.6704,-201.0,0 days 00:00:33.956599933,0 days 00:00:33.981611271
0 days 00:00:00.700000,0 days 00:00:00.725011338,answer5 ,0.60771513,-12.882626,17.16648,0.009458774,-0.0074596344,0.1533628,4.21596,31.337591,8.542114,14.534617,0.0,0.0,0.0,0.0,0.0,0.0,975.9504,1442.8829,-201.0,1897.4562,1058.2955,-201.0,2874.908,1068.0221,-201.0,0 days 00:00:33.966599933,0 days 00:00:33.991611271
0 days 00:00:00.710000,0 days 00:00:00.735011338,answer5 ,0.5301433,-14.278497,17.810326,-0.003978102,-0.01235821,0.15176237,6.174834,31.684546,9.567664,17.904715,0.0,0.0,0.0,0.0,0.0,0.0,753.0085,1409.0127,-201.0,1744.2108,893.9463,-201.0,2825.0686,786.2277,-201.0,0 days 00:00:33.976599933,0 days 00:00:34.001611271
0 days 00:00:00.720000,0 days 00:00:00.745011338,answer5 ,0.53100926,-15.664497,19.651522,-0.007323666,-0.018539788,0.20092322,8.932055,30.644457,15.561038,18.236258,0.0,0.0,0.0,0.0,0.0,0.0,538.6745,1507.9913,-201.0,1662.7949,874.5166,-201.0,2754.8848,766.75464,-201.0,0 days 00:00:33.986599933,0 days 00:00:34.011611271
0 days 00:00:00.730000,0 days 00:00:00.755011338,answer5 ,0.59273094,-14.791373,19.123865,0.0015596951,-0.019987125,0.21445756,9.237597,27.93982,19.902132,17.046213,0.0,0.0,0.0,0.0,0.0,0.0,339.0358,1421.044,-134.95317,1588.8658,690.5053,-145.9091,2672.9353,604.5811,-141.45062,0 days 00:00:33.996599933,0 days 00:00:34.021611271
0 days 00:00:00.740000,0 days 00:00:00.765011338,answer5 ,0.71610445,-15.188206,19.75704,0.017089434,-0.0068092924,0.34110323,11.24953,24.461882,20.649328,17.29486,34.68124,0.0,2.1934137,6.1197166,30.183655,21.711868,507.6913,1356.3448,-76.75637,1738.109,660.54517,-86.71045,2804.6406,774.8569,-82.493904,0 days 00:00:34.006599933,0 days 00:00:34.031611271
0 days 00:00:00.750000,0 days 00:00:00.775011338,answer5 ,0.8125631,-16.061117,21.115633,0.02661215,-0.007324087,0.3877841,13.143968,23.360764,20.493929,14.552701,34.483097,0.06259126,2.2638247,6.686114,31.18728,24.297983,625.27954,1268.0323,-20.800985,1805.0746,577.4449,-34.205975,2839.4758,743.5485,-25.29709,0 days 00:00:34.016599933,0 days 00:00:34.041611271
0 days 00:00:00.760000,0 days 00:00:00.785011338,answer5 ,0.8985488,-18.693403,22.820719,0.037476096,-0.008545399,0.4577932,16.519478,24.223932,20.636337,14.587524,34.115856,0.04553303,1.6969649,7.7330666,34.79764,27.927954,652.16675,1255.151,-19.930323,1878.7778,663.768,-30.846909,2899.5803,929.7454,-28.056396,0 days 00:00:34.026599933,0 days 00:00:34.051611271
0 days 00:00:00.770000,0 days 00:00:00.795011338,answer5 ,0.9215092,-20.722664,23.997902,0.03580236,-0.019307805,0.42375466,18.979792,25.859724,23.971237,14.538888,33.63708,0.021170864,1.4545913,8.122639,31.521255,31.088959,673.0847,1475.4296,-21.819468,1851.4287,765.25507,-32.978962,2929.1963,981.47363,-31.369482,0 days 00:00:34.036599933,0 days 00:00:34.061611271
0 days 00:00:00.780000,0 days 00:00:00.805011338,answer5 ,0.9128325,-23.715746,26.84558,0.03326781,-0.020802462,0.43584764,21.94899,29.210709,24.132257,17.702105,33.20817,0.013860218,0.79049045,8.336421,31.135666,30.797348,497.114,1741.9863,-16.16227,1849.222,1101.5072,-27.805939,2899.446,1721.0869,-30.888803,0 days 00:00:34.046599933,0 days 00:00:34.071611271
0 days 00:00:00.790000,0 days 00:00:00.815011338,answer5 ,0.9364225,-24.731047,27.532553,0.030197687,-0.017714491,0.46129885,23.679346,30.700193,24.773123,21.059294,32.94511,0.0138065,0.6123321,8.173654,30.018793,33.775436,582.2686,2021.2933,0.0,1864.5323,1148.6765,-27.14926,3050.6873,1689.8862,-33.201107,0 days 00:00:34.056599933,0 days 00:00:34.081611271
0 days 00:00:00.800000,0 days 00:00:00.825011338,answer5 ,1.0010866,-25.129725,27.135656,0.027933182,-0.019024095,0.5055527,25.311142,31.667862,23.825686,23.93984,32.891205,0.01429531,0.51693183,8.266878,32.289165,37.059494,469.72925,1869.1143,-30.03973,1889.43,1045.3789,-24.624008,2925.177,1843.3369,-35.439503,0 days 00:00:34.066599933,0 days 00:00:34.091611271
0 days 00:00:00.810000,0 days 00:00:00.835011338,answer5 ,1.0655719,-23.902624,24.423243,0.030874556,-0.01741487,0.45233753,26.62004,28.831247,22.909744,27.209505,33.04906,0.010816809,0.60936683,8.348309,31.93515,36.985332,581.834,1651.6427,-19.204252,1953.7833,891.9621,-23.9369,2733.8699,1541.4297,-34.752396,0 days 00:00:34.076599933,0 days 00:00:34.101611271
0 days 00:00:00.820000,0 days 00:00:00.845011338,answer5 ,1.0462316,-24.729935,25.914175,0.037204243,-0.017865539,0.42224637,29.14006,26.99134,21.763107,27.878242,33.305805,0.008944175,0.61125886,8.608519,31.948492,39.391872,542.6384,1628.5043,-18.862093,1933.9098,905.09515,-25.145477,2731.7566,1538.8007,-36.630714,0 days 00:00:34.086599933,0 days 00:00:34.111611271
0 days 00:00:00.830000,0 days 00:00:00.855011338,answer5 ,0.9694943,-24.922285,27.58281,0.04221837,-0.013390958,0.43036819,30.889627,23.676023,18.872622,27.109144,33.57813,0.006089684,0.5191329,8.540226,32.895046,39.210476,508.9855,1658.1537,-19.543182,1894.2572,905.221,-26.30291,2991.986,1315.4069,-36.183857,0 days 00:00:34.096599933,0 days 00:00:34.121611271
0 days 00:00:00.840000,0 days 00:00:00.865011338,answer5 ,0.87986225,-25.169226,29.306463,0.0452211,-0.00839587,0.47560927,32.094944,20.346552,17.655424,24.075945,33.91345,0.007060085,0.4915026,8.459266,33.75798,44.93549,514.8029,1633.519,-19.965666,1842.527,749.0816,-26.028791,3342.6472,1017.1379,-42.33135,0 days 00:00:34.106599933,0 days 00:00:34.131611271
0 days 00:00:00.850000,0 days 00:00:00.875011338,answer5 ,0.8079304,-23.268625,27.001402,0.046858728,-0.008230194,0.5533435,32.059452,16.10392,15.886559,20.212053,34.237057,0.00842809,0.6874807,8.513165,38.52949,38.042744,484.64615,1412.7222,-9.232859,1710.6068,1824.714,-28.530289,2878.9792,873.71387,-35.857937,0 days 00:00:34.116599933,0 days 00:00:34.141611271
0 days 00:00:00.860000,0 days 00:00:00.885011338,answer5 ,0.7548292,-22.818207,26.096184,0.047851842,-0.011337205,0.42466354,31.312193,15.972733,17.71673,17.325006,34.461308,0.014654167,1.0103316,8.521989,38.31234,39.074345,511.52393,1380.9955,-8.823228,1727.1359,1796.3727,-30.108412,2740.3616,983.28143,-36.697056,0 days 00:00:34.126599933,0 days 00:00:34.151611271
0 days 00:00:00.870000,0 days 00:00:00.895011338,answer5 ,0.7439432,-21.905668,24.748215,0.053232938,-0.011819073,0.3740003,29.430908,16.46444,17.187311,15.781624,34.376377,0.012638385,1.0284246,7.946363,41.957333,32.574543,483.83463,1351.5747,-7.830623,1662.3414,2005.8798,-31.609957,2427.7034,1026.3206,-29.204649,0 days 00:00:34.136599933,0 days 00:00:34.161611271
0 days 00:00:00.880000,0 days 00:00:00.905011338,answer5 ,0.7551608,-22.318693,25.400642,0.04638724,-0.009904913,0.31307796,27.737574,19.26126,16.649975,18.889807,33.93854,0.011162381,0.7882094,6.4018636,36.511227,34.10309,469.0996,1393.6171,-7.2794595,1649.8584,1183.3748,-28.200449,2542.3914,1158.0477,-30.18203,0 days 00:00:34.146599933,0 days 00:00:34.171611271
0 days 00:00:00.890000,0 days 00:00:00.915011338,answer5 ,0.75618744,-21.67628,25.221968,0.04497816,-0.008527902,0.4205302,25.065796,21.231558,13.432624,23.417404,33.649837,0.004752224,0.46819502,5.4466524,37.96606,28.246037,359.3652,1423.548,-64.36431,1496.3105,1321.7814,-85.05674,2278.888,1033.4899,-83.19501,0 days 00:00:34.156599933,0 days 00:00:34.181611271
0 days 00:00:00.900000,0 days 00:00:00.925011338,answer5 ,0.7045386,-19.769934,23.534796,0.03027626,-0.010043538,0.55355877,20.480902,24.171377,10.349942,28.668783,0.0,0.0,0.0,0.0,0.0,0.0,320.3633,1498.5044,-132.75667,1407.3281,1186.9601,-142.19391,2327.7336,950.62573,-142.90453,0 days 00:00:34.166599933,0 days 00:00:34.191611271
0 days 00:00:00.910000,0 days 00:00:00.935011338,answer5 ,0.63589567,-18.539862,23.834696,0.03263446,-0.011134535,0.49077657,15.455714,25.263023,6.40274,23.544428,0.0,0.0,0.0,0.0,0.0,0.0,369.40027,2075.035,-201.0,1497.1158,978.21136,-201.0,2434.6985,971.33563,-201.0,0 days 00:00:34.176599933,0 days 00:00:34.201611271
0 days 00:00:00.920000,0 days 00:00:00.945011338,answer5 ,0.57137185,-16.50873,21.736826,0.022537926,-0.014199622,0.4051126,11.416654,26.74923,4.14575,18.418705,0.0,0.0,0.0,0.0,0.0,0.0,415.0361,1991.4374,-201.0,1469.9813,985.17505,-201.0,2391.241,983.5013,-201.0,0 days 00:00:34.186599933,0 days 00:00:34.211611271
0 days 00:00:00.930000,0 days 00:00:00.955011338,answer5 ,0.5336407,-16.371378,21.832718,0.01562638,-0.014210793,0.21622401,11.401259,26.526604,1.7775208,14.287011,0.0,0.0,0.0,0.0,0.0,0.0,353.0775,2106.6309,-201.0,1431.7158,1126.7607,-201.0,2375.8909,928.40356,-201.0,0 days 00:00:34.196599933,0 days 00:00:34.221611271
0 days 00:00:00.940000,0 days 00:00:00.965011338,answer5 ,0.5028686,-15.442054,19.290573,0.007770188,-0.013298714,0.15566207,13.263898,25.939438,1.7738281,18.86982,0.0,0.0,0.0,0.0,0.0,0.0,418.7311,1602.0458,-201.0,1463.3365,1147.2125,-201.0,2372.5117,850.1126,-201.0,0 days 00:00:34.206599933,0 days 00:00:34.231611271
0 days 00:00:00.950000,0 days 00:00:00.975011338,answer5 ,0.45647523,-14.725983,17.501097,0.0056602987,-0.005744101,0.11886928,15.604939,21.570993,0.11954296,21.464752,0.0,0.0,0.0,0.0,0.0,0.0,545.0155,1760.5516,-201.0,1613.5049,1131.2261,-201.0,2503.4827,825.3461,-201.0,0 days 00:00:34.216599933,0 days 00:00:34.241611271
0 days 00:00:00.960000,0 days 00:00:00.985011338,answer5 ,0.44670132,-15.110046,17.526405,0.017158406,-0.004608012,0.14914039,17.530027,19.322151,-1.7485026,20.897303,0.0,0.0,0.0,0.0,0.0,0.0,769.60504,1738.3893,-201.0,1780.9652,1062.2555,-201.0,2604.8916,908.1719,-201.0,0 days 00:00:34.226599933,0 days 00:00:34.251611271
0 days 00:00:00.970000,0 days 00:00:01.000997732,answer5 ,0.44795072,-15.444049,18.162323,0.022374935,-0.0050679957,0.18762021,18.597132,17.846987,-4.3866334,18.606853,0.0,0.0,0.0,0.0,0.0,0.0,891.8234,1514.505,-201.0,1844.8588,1117.1941,-201.0,2794.514,1242.9329,-201.0,0 days 00:00:34.236599933,0 days 00:00:34.267597665
0 days 00:00:00,0 days 00:00:00.025011338,answer6 ,0.3277917,-10.601331,19.502474,-0.009042951,-0.00927746,0.020316646,20.797953,7.494166,0.5200518,2.923679,0.0,0.0,0.0,0.0,0.0,0.0,409.65378,1837.7437,-201.0,1214.9196,1595.6256,-201.0,2152.4238,1093.2594,-201.0,0 days 00:00:41.541541542,0 days 00:00:41.566552880
0 days 00:00:00.010000,0 days 00:00:00.035011338,answer6 ,0.33716488,-10.823047,19.183636,-0.017981594,-0.008453416,0.055077177,20.538918,6.115776,0.74750704,3.7174842,0.0,0.0,0.0,0.0,0.0,0.0,440.35156,1695.0018,-201.0,1250.7875,1539.1334,-201.0,2212.8752,1013.337,-201.0,0 days 00:00:41.551541542,0 days 00:00:41.576552880
0 days 00:00:00.020000,0 days 00:00:00.045011338,answer6 ,0.34646705,-10.374448,18.476595,-0.018891575,-0.00851648,0.090529226,19.628916,4.1623807,0.19379997,2.4328775,0.0,0.0,0.0,0.0,0.0,0.0,545.63336,1510.5018,-201.0,1428.6381,1293.3029,-201.0,2390.7336,867.559,-201.0,0 days 00:00:41.561541542,0 days 00:00:41.586552880
0 days 00:00:00.030000,0 days 00:00:00.055011338,answer6 ,0.34916416,-10.267828,19.54172,-0.022675378,-0.009679755,0.0996682,18.739996,4.5607533,0.7013716,0.99058485,0.0,0.0,0.0,0.0,0.0,0.0,752.80176,1501.7041,-201.0,1596.2578,2031.4701,-201.0,2439.6575,892.7637,-201.0,0 days 00:00:41.571541542,0 days 00:00:41.596552880
0 days 00:00:00.040000,0 days 00:00:00.065011338,answer6 ,0.3541337,-10.279362,19.796928,-0.013681331,-0.014347549,0.09724704,18.639948,6.4082203,1.7821239,0.14108682,0.0,0.0,0.0,0.0,0.0,0.0,831.0085,1442.0372,-201.0,1764.5363,1809.9357,-201.0,2586.861,847.5725,-201.0,0 days 00:00:41.581541542,0 days 00:00:41.606552880
0 days 00:00:00.050000,0 days 00:00:00.075011338,answer6 ,0.35960436,-10.752913,21.12692,-0.012715246,-0.015217665,0.08990371,19.072641,8.879928,1.9454616,2.7438014,0.0,0.0,0.0,0.0,0.0,0.0,772.5127,1491.2169,-201.0,1753.6761,1882.6787,-201.0,2590.6677,988.9035,-201.0,0 days 00:00:41.591541542,0 days 00:00:41.616552880
0 days 00:00:00.060000,0 days 00:00:00.085011338,answer6 ,0.36662403,-10.770218,21.636637,-0.018077536,-0.015505717,0.08453897,19.433811,8.336792,2.5723927,5.3311787,0.0,0.0,0.0,0.0,0.0,0.0,550.6939,1554.2324,-201.0,1572.2074,1124.7528,-201.0,2561.3196,992.4844,-201.0,0 days 00:00:41.601541542,0 days 00:00:41.626552880
0 days 00:00:00.070000,0 days 00:00:00.095011338,answer6 ,0.36241007,-9.5745735,20.674196,-0.027077874,-0.012045898,0.07327344,18.494577,6.3671017,0.92095584,7.219255,0.0,0.0,0.0,0.0,0.0,0.0,464.7427,1560.7394,-201.0,1497.8868,1171.1442,-201.0,2544.884,994.0113,-201.0,0 days 00:00:41.611541542,0 days 00:00:41.636552880
0 days 00:00:00.080000,0 days 00:00:00.105011338,answer6 ,0.3551174,-9.536695,20.193598,-0.025672426,-0.008038443,0.070965074,17.589193,6.451866,3.1860168,9.479249,0.0,0.0,0.0,0.0,0.0,0.0,594.0063,1370.538,-201.0,1561.7485,1073.504,-201.0,2584.8777,799.1616,-201.0,0 days 00:00:41.621541542,0 days 00:00:41.646552880
0 days 00:00:00.090000,0 days 00:00:00.115011338,answer6 ,0.35052642,-8.806549,18.477669,-0.01267084,-0.0076567065,0.08763745,15.980632,5.8261085,0.67935675,4.3179936,0.0,0.0,0.0,0.0,0.0,0.0,609.32623,1279.5011,-201.0,1597.2812,1052.5231,-201.0,2659.6514,720.2661,-201.0,0 days 00:00:41.631541542,0 days 00:00:41.656552880
0 days 00:00:00.100000,0 days 00:00:00.125011338,answer6 ,0.37236354,-7.170431,15.914688,0.004162204,-0.002781081,0.092065625,15.555085,4.4382715,1.8705868,3.5579789,0.0,0.0,0.0,0.0,0.0,0.0,805.40234,1152.4409,-201.0,1768.0977,1301.7378,-201.0,2618.2578,773.4131,-201.0,0 days 00:00:41.641541542,0 days 00:00:41.666552880
0 days 00:00:00.110000,0 days 00:00:00.135011338,answer6 ,0.3931744,-5.1918063,12.534495,0.007601923,-0.0033532332,0.08602417,15.04335,0.9437645,2.4825754,0.058436513,0.0,0.0,0.0,0.0,0.0,0.0,864.1829,1249.5791,-201.0,1704.8087,1570.7373,-201.0,2571.3958,844.2225,-201.0,0 days 00:00:41.651541542,0 days 00:00:41.676552880
0 days 00:00:00.120000,0 days 00:00:00.145011338,answer6 ,0.42013195,-5.5781627,12.649383,0.003269592,-0.0031926713,0.079671495,16.058044,1.1266874,8.524203,2.3017502,0.0,0.0,0.0,0.0,0.0,0.0,833.3193,1419.2653,-201.0,1723.2227,1572.169,-201.0,2640.1072,957.2241,-201.0,0 days 00:00:41.661541542,0 days 00:00:41.686552880
0 days 00:00:00.130000,0 days 00:00:00.155011338,answer6 ,0.4336737,-6.018044,13.305707,-0.007250365,-0.003466712,0.087551646,14.925796,1.1633408,12.570882,0.7498017,0.0,0.0,0.0,0.0,0.0,0.0,884.16943,1417.6328,-201.0,1877.9463,1196.662,-201.0,3182.2148,1132.4528,-201.0,0 days 00:00:41.671541542,0 days 00:00:41.696552880
0 days 00:00:00.140000,0 days 00:00:00.165011338,answer6 ,0.46359494,-5.273854,11.621696,-0.014073352,-0.0047339024,0.10515145,13.099419,0.4975686,15.441879,-0.18494375,0.0,0.0,0.0,0.0,0.0,0.0,665.31305,1512.6722,-201.0,1800.5106,963.4699,-201.0,3177.9092,1122.4038,-201.0,0 days 00:00:41.681541542,0 days 00:00:41.706552880
0 days 00:00:00.150000,0 days 00:00:00.175011338,answer6 ,0.4803489,-4.26479,10.32726,-0.014538277,-0.0026721181,0.105752796,10.315213,-0.08719087,19.419853,0.02198269,0.0,0.0,0.0,0.0,0.0,0.0,649.2584,1473.3827,-201.0,1752.293,913.7137,-201.0,3044.6072,1003.28253,-201.0,0 days 00:00:41.691541542,0 days 00:00:41.716552880
0 days 00:00:00.160000,0 days 00:00:00.185011338,answer6 ,0.4960301,-3.5098717,8.379991,-0.014751743,-0.0073100454,0.10596519,9.285708,-1.1452562,21.082268,-3.6118329,0.0,0.0,0.0,0.0,0.0,0.0,419.98477,1538.5093,-201.0,1466.751,1008.5734,-201.0,2581.788,774.6242,-201.0,0 days 00:00:41.701541542,0 days 00:00:41.726552880
0 days 00:00:00.170000,0 days 00:00:00.195011338,answer6 ,0.5127659,-2.756881,7.5018005,-0.013129489,-0.0068321466,0.09952986,8.895954,-2.1091957,21.13061,-6.2673836,0.0,0.0,0.0,0.0,0.0,0.0,416.47205,1418.4823,-201.0,1449.893,1007.4077,-201.0,2486.1062,901.2261,-201.0,0 days 00:00:41.711541542,0 days 00:00:41.736552880
0 days 00:00:00.180000,0 days 00:00:00.205011338,answer6 ,0.52279055,-1.8898681,5.4542294,-0.017399082,-0.007666606,0.101400636,8.157674,-1.3621315,21.522545,-8.204517,0.0,0.0,0.0,0.0,0.0,0.0,778.7109,1787.4496,-201.0,1470.778,1151.4554,-201.0,2536.7786,950.41504,-201.0,0 days 00:00:41.721541542,0 days 00:00:41.746552880
0 days 00:00:00.190000,0 days 00:00:00.215011338,answer6 ,0.55166715,-2.4486454,5.93824,-0.014175575,-0.008921025,0.10997805,7.684309,2.1743085,22.19696,-7.2776885,0.0,0.0,0.0,0.0,0.0,0.0,745.68805,1797.5607,-201.0,1465.2284,1104.4027,-201.0,2517.2405,958.1862,-201.0,0 days 00:00:41.731541542,0 days 00:00:41.756552880
0 days 00:00:00.200000,0 days 00:00:00.225011338,answer6 ,0.599811,-1.4756651,4.6626115,-0.019731196,-0.006295415,0.12731965,5.119427,3.9060946,23.628317,-5.270374,0.0,0.0,0.0,0.0,0.0,0.0,807.603,1891.1903,-201.0,1547.765,1064.2007,-201.0,2625.751,821.5324,-201.0,0 days 00:00:41.741541542,0 days 00:00:41.766552880
0 days 00:00:00.210000,0 days 00:00:00.235011338,answer6 ,0.6659062,-1.1023872,3.8704703,-0.018341199,-0.008644294,0.13459586,4.25119,4.590349,22.531397,-6.3144193,0.0,0.0,0.0,0.0,0.0,0.0,495.92264,1488.0195,-201.0,1580.9297,1050.1598,-201.0,2607.3098,892.486,-201.0,0 days 00:00:41.751541542,0 days 00:00:41.776552880
0 days 00:00:00.220000,0 days 00:00:00.245011338,answer6 ,0.71750784,0.3259026,2.1164405,-0.01441227,-0.0064322636,0.13873638,2.6445363,2.9146025,22.222723,-7.6245933,0.0,0.0,0.0,0.0,0.0,0.0,489.6874,1479.2842,-201.0,1469.2743,1098.8102,-201.0,2453.0547,897.51483,-201.0,0 days 00:00:41.761541542,0 days 00:00:41.786552880
0 days 00:00:00.230000,0 days 00:00:00.255011337,answer6 ,0.78188115,0.8236547,1.5466471,-0.0067536216,-0.0077344202,0.14256974,2.6833165,1.0301571,21.070171,-9.427693,0.0,0.0,0.0,0.0,0.0,0.0,410.89127,1460.1841,-201.0,1378.8071,1153.833,-201.0,2323.6438,1058.5809,-201.0,0 days 00:00:41.771541542,0 days 00:00:41.796552879
0 days 00:00:00.240000,0 days 00:00:00.265011338,answer6 ,0.83097345,2.1619232,1.9289147,-0.0039170547,-0.0045686285,0.15093713,0.9338589,-1.234374,20.549746,-10.291689,0.0,0.0,0.0,0.0,0.0,0.0,641.03546,1334.9886,-201.0,1565.2362,1057.9152,-201.0,2463.761,896.2033,-201.0,0 days 00:00:41.781541542,0 days 00:00:41.806552880
0 days 00:00:00.250000,0 days 00:00:00.275011338,answer6 ,0.8704796,3.009168,1.5148848,-0.00910334,-0.0008015072,0.16191508,0.51505584,-2.6161397,21.316307,-8.804295,0.0,0.0,0.0,0.0,0.0,0.0,852.23456,1251.403,-201.0,1821.084,1059.6372,-201.0,2682.7498,877.86816,-201.0,0 days 00:00:41.791541542,0 days 00:00:41.816552880
0 days 00:00:00.260000,0 days 00:00:00.285011338,answer6 ,0.84483546,2.6084597,2.9714162,-0.010418482,-0.002515565,0.15880834,1.3002402,-1.9471604,23.420858,-8.015868,0.0,0.0,0.0,0.0,0.0,0.0,1069.5405,965.1091,-201.0,2078.2,1009.43,-201.0,2867.033,833.65674,-201.0,0 days 00:00:41.801541542,0 days 00:00:41.826552880
0 days 00:00:00.270000,0 days 00:00:00.295011338,answer6 ,0.78004426,1.4269477,3.299156,-0.010702625,-0.0022038324,0.15976226,3.0761604,-1.5702082,24.355698,-4.974294,0.0,0.0,0.0,0.0,0.0,0.0,1093.868,914.4053,-201.0,2119.8506,1032.0054,-201.0,2860.4395,870.5623,-201.0,0 days 00:00:41.811541542,0 days 00:00:41.836552880
0 days 00:00:00.280000,0 days 00:00:00.305011338,answer6 ,0.6925481,0.9542466,3.9518135,-0.008655197,-2.0862868e-05,0.13879451,3.4571373,-1.873618,25.829325,-3.5500457,0.0,0.0,0.0,0.0,0.0,0.0,1103.8909,967.54443,-201.0,2114.6277,1097.5094,-201.0,2873.5955,888.0325,-201.0,0 days 00:00:41.821541542,0 days 00:00:41.846552880
0 days 00:00:00.290000,0 days 00:00:00.315011338,answer6 ,0.620287,-0.9298064,4.968057,-0.0031651575,0.0006006025,0.12589674,5.6370606,-1.1034495,23.58767,-3.8701286,0.0,0.0,0.0,0.0,0.0,0.0,1080.245,1129.2501,-201.0,2044.4384,1153.064,-201.0,2823.6484,839.3378,-201.0,0 days 00:00:41.831541542,0 days 00:00:41.856552880
0 days 00:00:00.300000,0 days 00:00:00.325011338,answer6 ,0.5802387,-1.7557836,5.9194508,0.0035088889,-0.00199143,0.10149706,7.067879,-1.2096426,21.458914,-5.548701,0.0,0.0,0.0,0.0,0.0,0.0,775.07886,1328.2808,-201.0,1774.4008,1145.6508,-201.0,2670.0645,882.7175,-201.0,0 days 00:00:41.841541542,0 days 00:00:41.866552880
0 days 00:00:00.310000,0 days 00:00:00.335011338,answer6 ,0.54944605,-4.0038185,7.5160127,0.0012393569,-0.007699181,0.09849521,10.617404,-0.075992145,16.303896,-3.0885446,0.0,0.0,0.0,0.0,0.0,0.0,547.15686,1382.1964,-201.0,1519.5453,1020.4453,-201.0,2473.1511,794.2168,-201.0,0 days 00:00:41.851541542,0 days 00:00:41.876552880
0 days 00:00:00.320000,0 days 00:00:00.345011338,answer6 ,0.4949459,-4.9580183,9.8956585,0.0028884783,-0.010793512,0.10404118,11.453176,0.48465893,13.483935,-3.2933254,0.0,0.0,0.0,0.0,0.0,0.0,538.27374,1434.5098,-201.0,1530.5817,1003.44305,-201.0,2524.9502,774.3571,-201.0,0 days 00:00:41.861541542,0 days 00:00:41.886552880
0 days 00:00:00.330000,0 days 00:00:00.355011338,answer6 ,0.44896856,-6.7579675,13.145955,-0.008289124,-0.012284913,0.11092054,13.88671,2.6323273,10.217029,-0.5385847,0.0,0.0,0.0,0.0,0.0,0.0,689.8582,1378.5035,-201.0,1608.0433,970.62225,-201.0,2619.8357,700.92725,-201.0,0 days 00:00:41.871541542,0 days 00:00:41.896552880
0 days 00:00:00.340000,0 days 00:00:00.365011338,answer6 ,0.40967825,-7.9739633,16.211796,-0.0077130026,-0.012082039,0.10033193,14.453729,4.548542,7.6506877,-1.2252992,0.0,0.0,0.0,0.0,0.0,0.0,726.23004,1414.2303,-201.0,1721.2865,1204.6208,-201.0,2581.466,1059.2357,-201.0,0 days 00:00:41.881541542,0 days 00:00:41.906552880
0 days 00:00:00.350000,0 days 00:00:00.375011338,answer6 ,0.38983122,-8.972268,18.099968,-0.013328201,-0.006418454,0.079635,15.845046,6.8881946,6.895143,5.894299,0.0,0.0,0.0,0.0,0.0,0.0,810.76154,1432.629,-201.0,1866.0975,1916.2754,-201.0,2490.6797,1342.262,-201.0,0 days 00:00:41.891541542,0 days 00:00:41.916552880
0 days 00:00:00.360000,0 days 00:00:00.385011338,answer6 ,0.3851781,-8.29655,17.022705,-0.0036255599,7.21789e-05,0.066509195,15.19391,6.641645,6.626814,8.801886,0.0,0.0,0.0,0.0,0.0,0.0,953.81854,1352.3295,-201.0,1863.2767,2248.8657,-201.0,2442.6206,1444.9655,-201.0,0 days 00:00:41.901541542,0 days 00:00:41.926552880
0 days 00:00:00.370000,0 days 00:00:00.395011338,answer6 ,0.38914612,-9.274277,17.667746,-0.0073698,0.0030039295,0.09690853,16.361273,7.54377,7.7850976,13.059196,0.0,0.0,0.0,0.0,0.0,0.0,1166.9823,1378.5303,-201.0,2058.52,2133.6638,-201.0,2712.1477,1712.5677,-201.0,0 days 00:00:41.911541542,0 days 00:00:41.936552880
0 days 00:00:00.380000,0 days 00:00:00.405011338,answer6 ,0.38921443,-10.039706,19.118269,-0.013569071,0.0012220106,0.11329078,16.317522,8.038058,9.593091,10.897447,0.0,0.0,0.0,0.0,0.0,0.0,1080.5726,1550.7897,-201.0,1811.9586,1543.3466,-201.0,2731.9885,1449.9615,-201.0,0 days 00:00:41.921541542,0 days 00:00:41.946552880
0 days 00:00:00.390000,0 days 00:00:00.415011338,answer6 ,0.3763053,-12.388565,22.043295,-0.023037449,-0.005375832,0.13073975,18.11537,10.729053,9.8632765,7.5713825,0.0,0.0,0.0,0.0,0.0,0.0,1061.2456,1687.2003,-201.0,1865.3643,1633.5028,-201.0,2770.5369,1461.1622,-201.0,0 days 00:00:41.931541542,0 days 00:00:41.956552880
0 days 00:00:00.400000,0 days 00:00:00.425011338,answer6 ,0.35693064,-12.2874565,21.487106,-0.022204354,-0.010008406,0.11000816,18.004723,11.5252075,9.718937,1.8296447,0.0,0.0,0.0,0.0,0.0,0.0,942.7231,1743.173,-201.0,1789.3529,1645.7491,-201.0,2671.9524,1180.5333,-201.0,0 days 00:00:41.941541542,0 days 00:00:41.966552880
0 days 00:00:00.410000,0 days 00:00:00.435011338,answer6 ,0.3453134,-11.046098,20.915514,-0.014934443,-0.012431807,0.10270146,19.154818,10.459217,5.852381,-0.9651782,0.0,0.0,0.0,0.0,0.0,0.0,927.6787,1628.3213,-201.0,1837.3475,1584.523,-201.0,2717.2537,1139.7009,-201.0,0 days 00:00:41.951541542,0 days 00:00:41.976552880
0 days 00:00:00.420000,0 days 00:00:00.445011338,answer6 ,0.33480752,-9.504672,20.424463,-0.011892703,-0.008374835,0.08480716,19.635967,8.225519,4.6022663,-1.2544023,0.0,0.0,0.0,0.0,0.0,0.0,866.32,1477.3936,-201.0,1943.9497,1269.066,-201.0,2803.012,1277.597,-201.0,0 days 00:00:41.961541542,0 days 00:00:41.986552880
0 days 00:00:00.430000,0 days 00:00:00.455011338,answer6 ,0.33653855,-9.4408045,20.480272,-0.009943668,-0.0058904346,0.07426455,20.812378,7.5055747,3.23102,0.83450836,0.0,0.0,0.0,0.0,0.0,0.0,737.6465,1422.6393,-201.0,1704.018,1250.3473,-201.0,2673.7058,996.78705,-201.0,0 days 00:00:41.971541542,0 days 00:00:41.996552880
0 days 00:00:00.440000,0 days 00:00:00.465011338,answer6 ,0.3432909,-10.521527,19.602896,-0.007592524,-0.0052371607,0.07705776,21.2676,9.388027,1.7715341,-1.5202876,0.0,0.0,0.0,0.0,0.0,0.0,568.3225,1431.2863,-201.0,1518.0361,1240.2144,-201.0,2501.8704,1076.0094,-201.0,0 days 00:00:41.981541542,0 days 00:00:42.006552880
0 days 00:00:00.450000,0 days 00:00:00.475011338,answer6 ,0.34805715,-11.414592,19.362951,-0.015501319,-0.008887776,0.08451545,21.292564,9.49768,0.26826486,-3.029869,0.0,0.0,0.0,0.0,0.0,0.0,512.2802,1543.7568,-201.0,1365.3119,1205.5966,-201.0,2388.844,844.18604,-201.0,0 days 00:00:41.991541542,0 days 00:00:42.016552880
0 days 00:00:00.460000,0 days 00:00:00.485011338,answer6 ,0.33738002,-10.963932,19.856077,-0.018872961,-0.011135117,0.08913944,20.51835,8.121247,-1.5520543,-4.5196757,0.0,0.0,0.0,0.0,0.0,0.0,576.06635,1600.1758,-201.0,1472.9042,1334.1317,-201.0,2432.4634,917.0965,-201.0,0 days 00:00:42.001541542,0 days 00:00:42.026552880
0 days 00:00:00.470000,0 days 00:00:00.495011338,answer6 ,0.32295468,-11.200929,20.544462,-0.03014029,-0.013835813,0.08328182,20.425163,7.33129,1.0422082,-0.32699648,0.0,0.0,0.0,0.0,0.0,0.0,723.7526,1474.7294,-201.0,1690.5785,1211.4575,-201.0,2651.173,936.52295,-201.0,0 days 00:00:42.011541542,0 days 00:00:42.036552880
0 days 00:00:00.480000,0 days 00:00:00.505011338,answer6 ,0.31858674,-10.847237,21.577547,-0.028141856,-0.014012844,0.08147096,21.054586,6.38882,1.222103,2.3291318,0.0,0.0,0.0,0.0,0.0,0.0,741.70624,1360.225,-201.0,1720.7748,1113.7544,-201.0,2703.3845,870.8671,-201.0,0 days 00:00:42.021541542,0 days 00:00:42.046552880
0 days 00:00:00.490000,0 days 00:00:00.515011338,answer6 ,0.3166972,-11.07166,21.388214,-0.023590876,-0.013539578,0.07105548,22.233084,5.9748015,2.0100253,4.059738,0.0,0.0,0.0,0.0,0.0,0.0,711.7214,1414.5894,-201.0,1681.8942,1275.2886,-201.0,2602.6892,1182.6737,-201.0,0 days 00:00:42.031541542,0 days 00:00:42.056552880
0 days 00:00:00.500000,0 days 00:00:00.525011338,answer6 ,0.3152479,-11.7298765,22.079788,-0.021851212,-0.013133657,0.0691636,23.137522,5.203508,2.1956089,4.852255,0.0,0.0,0.0,0.0,0.0,0.0,685.7405,1573.3784,-201.0,1672.5181,1416.0023,-201.0,2548.0308,1223.909,-201.0,0 days 00:00:42.041541542,0 days 00:00:42.066552880
0 days 00:00:00.510000,0 days 00:00:00.535011338,answer6 ,0.2992624,-12.945418,21.825293,-0.03151106,-0.014975141,0.065659754,22.88074,6.5457034,5.4005685,6.9054704,0.0,0.0,0.0,0.0,0.0,0.0,693.8414,1644.9955,-201.0,1668.559,1465.8724,-201.0,2522.2874,1294.3329,-201.0,0 days 00:00:42.051541542,0 days 00:00:42.076552880
0 days 00:00:00.520000,0 days 00:00:00.545011338,answer6 ,0.295778,-12.720108,21.822,-0.032845393,-0.013593023,0.08139312,21.828669,6.949154,6.0601907,6.128408,0.0,0.0,0.0,0.0,0.0,0.0,817.425,1526.8105,-201.0,1795.5983,1123.809,-201.0,2793.8867,1047.851,-201.0,0 days 00:00:42.061541542,0 days 00:00:42.086552880
0 days 00:00:00.530000,0 days 00:00:00.555011338,answer6 ,0.29830453,-11.801906,21.11492,-0.021956243,-0.013487332,0.074525245,21.324793,6.5775,4.301191,3.5221605,0.0,0.0,0.0,0.0,0.0,0.0,700.354,1536.0065,-201.0,1706.4093,1126.8605,-201.0,2775.818,998.09845,-201.0,0 days 00:00:42.071541542,0 days 00:00:42.096552880
0 days 00:00:00.540000,0 days 00:00:00.565011338,answer6 ,0.31071413,-9.981224,19.403215,-0.0019030854,-0.013302934,0.07351266,20.9672,5.6314416,0.9557533,0.9731315,0.0,0.0,0.0,0.0,0.0,0.0,612.2666,1731.7242,-201.0,1728.7968,1193.634,-201.0,2796.3877,1377.9966,-201.0,0 days 00:00:42.081541542,0 days 00:00:42.106552880
0 days 00:00:00.550000,0 days 00:00:00.575011338,answer6 ,0.3265547,-10.6042185,20.32891,0.006858431,-0.01389679,0.080846824,21.269426,6.4946036,2.1660116,3.435623,0.0,0.0,0.0,0.0,0.0,0.0,460.45676,1782.1068,-201.0,1562.3936,1301.2928,-201.0,2577.865,1348.5355,-201.0,0 days 00:00:42.091541542,0 days 00:00:42.116552880
0 days 00:00:00.560000,0 days 00:00:00.585011338,answer6 ,0.33973864,-10.2004795,19.88289,0.009623982,-0.014000134,0.09341964,20.369486,6.1123123,1.7341324,2.9445612,0.0,0.0,0.0,0.0,0.0,0.0,614.54645,1783.0702,-201.0,1573.312,1303.7003,-201.0,2604.0513,1259.3751,-201.0,0 days 00:00:42.101541542,0 days 00:00:42.126552880
0 days 00:00:00.570000,0 days 00:00:00.595011338,answer6 ,0.34383693,-9.869798,20.70315,0.013529445,-0.011280076,0.09270203,19.318392,6.047877,0.8630748,1.2261397,0.0,0.0,0.0,0.0,0.0,0.0,564.2497,1566.4801,-201.0,1449.0172,1232.2676,-201.0,2515.2356,848.3555,-201.0,0 days 00:00:42.111541542,0 days 00:00:42.136552880
0 days 00:00:00.580000,0 days 00:00:00.605011338,answer6 ,0.33769086,-7.736057,18.965994,0.014457051,-0.009202794,0.07670834,18.2209,3.113671,-2.5339262,-3.5059712,0.0,0.0,0.0,0.0,0.0,0.0,825.50214,1443.4742,-201.0,1456.4072,2905.2676,-201.0,2519.5764,814.84033,-201.0,0 days 00:00:42.121541542,0 days 00:00:42.146552880
0 days 00:00:00.590000,0 days 00:00:00.615011338,answer6 ,0.3309511,-8.558913,19.605026,0.0050369706,-0.008809411,0.08099379,18.772064,4.882518,0.6109244,-2.579357,0.0,0.0,0.0,0.0,0.0,0.0,826.74756,1359.0225,-201.0,1505.6813,2862.1677,-201.0,2489.0266,789.084,-201.0,0 days 00:00:42.131541542,0 days 00:00:42.156552880
0 days 00:00:00.600000,0 days 00:00:00.625011338,answer6 ,0.32516703,-9.649142,19.686,-0.0018911678,-0.01083272,0.08435767,19.808172,5.6520886,4.097526,0.71781754,0.0,0.0,0.0,0.0,0.0,0.0,925.82416,1551.2334,-201.0,1593.7861,2945.8274,-201.0,2535.4426,925.9568,-201.0,0 days 00:00:42.141541542,0 days 00:00:42.166552880
0 days 00:00:00.610000,0 days 00:00:00.635011338,answer6 ,0.3211769,-11.190105,21.132288,-0.0026657386,-0.01612555,0.08841711,20.667685,7.496849,8.799371,4.7137065,0.0,0.0,0.0,0.0,0.0,0.0,657.108,1616.7057,-201.0,1586.6324,1256.7843,-201.0,2446.8157,1050.7051,-201.0,0 days 00:00:42.151541542,0 days 00:00:42.176552880
0 days 00:00:00.620000,0 days 00:00:00.645011338,answer6 ,0.30906507,-10.979004,20.835012,0.0011780709,-0.014678282,0.068748534,20.169266,6.3616614,10.819743,6.865744,0.0,0.0,0.0,0.0,0.0,0.0,483.37363,1592.0197,-201.0,1471.7792,1132.4868,-201.0,2402.926,1052.2618,-201.0,0 days 00:00:42.161541542,0 days 00:00:42.186552880
0 days 00:00:00.630000,0 days 00:00:00.655011338,answer6 ,0.3008032,-11.455601,20.25511,-0.0023127648,-0.01569515,0.070157945,20.139818,5.79481,11.367825,4.970125,0.0,0.0,0.0,0.0,0.0,0.0,388.40552,1364.257,-201.0,1411.437,1046.991,-201.0,2345.9531,952.84424,-201.0,0 days 00:00:42.171541542,0 days 00:00:42.196552880
0 days 00:00:00.640000,0 days 00:00:00.665011338,answer6 ,0.28870597,-11.305079,19.175016,-0.010100805,-0.012605816,0.06433099,20.150846,5.09292,10.29108,3.8546572,0.0,0.0,0.0,0.0,0.0,0.0,392.1932,1370.4053,-201.0,1413.0338,1015.64874,-201.0,2447.8574,766.53436,-201.0,0 days 00:00:42.181541542,0 days 00:00:42.206552880
0 days 00:00:00.650000,0 days 00:00:00.675011338,answer6 ,0.2919766,-10.978663,18.220438,-0.016150238,-0.011788671,0.06744785,20.739645,4.1379004,7.6418796,2.5532207,0.0,0.0,0.0,0.0,0.0,0.0,408.49097,1345.9375,-201.0,1381.3462,1082.47,-201.0,2371.7532,830.0164,-201.0,0 days 00:00:42.191541542,0 days 00:00:42.216552880
0 days 00:00:00.660000,0 days 00:00:00.685011338,answer6 ,0.29214728,-11.385835,19.914354,-0.02404247,-0.00887356,0.06410271,21.55774,4.5932527,6.207358,3.2187765,0.0,0.0,0.0,0.0,0.0,0.0,392.64127,1388.0361,-201.0,1325.7201,1145.7372,-201.0,2316.1077,834.6963,-201.0,0 days 00:00:42.201541542,0 days 00:00:42.226552880
0 days 00:00:00.670000,0 days 00:00:00.695011338,answer6 ,0.29868647,-13.162389,22.07768,-0.027715147,-0.01030257,0.071014315,23.115232,7.0748444,6.1495795,3.0033312,0.0,0.0,0.0,0.0,0.0,0.0,377.08835,1437.4108,-201.0,1283.2496,1163.298,-201.0,2299.0354,826.7398,-201.0,0 days 00:00:42.211541542,0 days 00:00:42.236552880
0 days 00:00:00.680000,0 days 00:00:00.705011338,answer6 ,0.3024117,-14.432892,23.104727,-0.030877845,-0.01253385,0.08060617,23.982475,8.558673,7.774321,4.1664624,0.0,0.0,0.0,0.0,0.0,0.0,381.4069,1511.6113,-201.0,1307.4545,1238.7789,-201.0,2328.0847,805.6772,-201.0,0 days 00:00:42.221541542,0 days 00:00:42.246552880
0 days 00:00:00.690000,0 days 00:00:00.715011338,answer6 ,0.30198178,-14.665101,23.006372,-0.020530965,-0.014378309,0.08192429,23.747843,10.024884,9.760889,3.6049528,0.0,0.0,0.0,0.0,0.0,0.0,389.4745,1520.9565,-201.0,1341.747,1240.958,-201.0,2379.8103,1210.6133,-201.0,0 days 00:00:42.231541542,0 days 00:00:42.256552880
0 days 00:00:00.700000,0 days 00:00:00.725011338,answer6 ,0.30513728,-13.158231,20.725937,-0.01970117,-0.011177556,0.076083384,22.603905,8.087628,9.505105,4.4203143,0.0,0.0,0.0,0.0,0.0,0.0,398.27612,1458.5094,-201.0,1338.5399,1226.5883,-201.0,2301.8281,1258.0353,-201.0,0 days 00:00:42.241541542,0 days 00:00:42.266552880
0 days 00:00:00.710000,0 days 00:00:00.735011338,answer6 ,0.3045349,-11.68156,20.317694,-0.0038864557,-0.0064248047,0.066164635,21.216648,7.111366,8.608387,4.2322783,0.0,0.0,0.0,0.0,0.0,0.0,388.74796,1463.974,-201.0,1286.3701,1220.4683,-201.0,2241.6035,1295.8431,-201.0,0 days 00:00:42.251541542,0 days 00:00:42.276552880
0 days 00:00:00.720000,0 days 00:00:00.745011338,answer6 ,0.30812958,-10.6119,19.986895,0.0028645268,-0.00090046815,0.058127474,19.69507,6.2419434,8.532672,7.7216372,0.0,0.0,0.0,0.0,0.0,0.0,701.62396,1486.2186,-201.0,1293.2894,1742.0426,-201.0,2304.0828,1097.7695,-201.0,0 days 00:00:42.261541542,0 days 00:00:42.286552880
0 days 00:00:00.730000,0 days 00:00:00.755011338,answer6 ,0.31689176,-9.660606,20.033854,0.0060054325,-0.0034167937,0.064361416,18.361616,5.3178763,8.041195,5.4448714,0.0,0.0,0.0,0.0,0.0,0.0,898.27264,1605.3451,-201.0,1432.103,1854.4097,-201.0,2466.715,1081.5653,-201.0,0 days 00:00:42.271541542,0 days 00:00:42.296552880
0 days 00:00:00.740000,0 days 00:00:00.765011338,answer6 ,0.33560404,-8.528477,18.17388,-0.0022673684,-0.005617292,0.06438188,16.532396,3.9718015,7.3183665,3.9914885,0.0,0.0,0.0,0.0,0.0,0.0,1097.206,1546.7651,-201.0,1664.7941,1834.7604,-201.0,2681.7292,1118.2749,-201.0,0 days 00:00:42.281541542,0 days 00:00:42.306552880
0 days 00:00:00.750000,0 days 00:00:00.775011338,answer6 ,0.351753,-7.4604726,16.959679,-0.013630572,-0.009390483,0.06879819,14.492269,1.3103031,4.6501765,-0.932187,0.0,0.0,0.0,0.0,0.0,0.0,796.47345,1403.847,-201.0,1680.0702,1190.8833,-201.0,2638.403,912.94165,-201.0,0 days 00:00:42.291541542,0 days 00:00:42.316552880
0 days 00:00:00.760000,0 days 00:00:00.785011338,answer6 ,0.3591974,-8.188934,16.512068,-0.024199666,-0.010355447,0.07401111,13.063613,3.7717667,6.5874443,1.6166273,0.0,0.0,0.0,0.0,0.0,0.0,670.81915,1359.6776,-201.0,1691.9204,1064.5846,-201.0,2644.4973,909.22577,-201.0,0 days 00:00:42.301541542,0 days 00:00:42.326552880
0 days 00:00:00.770000,0 days 00:00:00.795011338,answer6 ,0.35816073,-9.0959635,17.59867,-0.027956923,-0.015111491,0.082437076,13.219293,4.959595,7.3030524,2.2932541,0.0,0.0,0.0,0.0,0.0,0.0,606.0328,1362.2625,-201.0,1649.9541,962.92865,-201.0,2639.7852,804.3382,-201.0,0 days 00:00:42.311541542,0 days 00:00:42.336552880
0 days 00:00:00.780000,0 days 00:00:00.805011338,answer6 ,0.37378153,-10.055678,17.448511,-0.022831522,-0.015764669,0.08684028,14.603127,7.2153945,7.7626553,4.9699807,0.0,0.0,0.0,0.0,0.0,0.0,738.8865,1366.494,-201.0,1839.329,890.37946,-201.0,2855.8284,1113.7999,-201.0,0 days 00:00:42.321541542,0 days 00:00:42.346552880
0 days 00:00:00.790000,0 days 00:00:00.815011338,answer6 ,0.3763175,-8.796131,16.544603,-0.008234122,-0.012820053,0.086140364,14.808594,5.4525337,5.6998696,4.928969,0.0,0.0,0.0,0.0,0.0,0.0,780.9434,1491.2084,-201.0,1839.0219,910.1343,-201.0,2863.0918,1237.6031,-201.0,0 days 00:00:42.331541542,0 days 00:00:42.356552880
0 days 00:00:00.800000,0 days 00:00:00.825011338,answer6 ,0.38322434,-8.102244,14.112493,-0.0036052193,-0.0065227826,0.077312596,14.908829,5.0364285,5.569856,3.5293198,0.0,0.0,0.0,0.0,0.0,0.0,852.507,1439.3135,-201.0,1927.7985,993.21875,-201.0,2903.336,1565.7777,-201.0,0 days 00:00:42.341541542,0 days 00:00:42.366552880
0 days 00:00:00.810000,0 days 00:00:00.835011338,answer6 ,0.38163853,-5.6417193,11.348592,-0.0022012477,-0.0014567279,0.06942779,12.627464,2.6104841,9.359014,2.976217,0.0,0.0,0.0,0.0,0.0,0.0,886.7487,1433.152,-201.0,1841.4945,1119.018,-201.0,2743.6223,1237.2054,-201.0,0 days 00:00:42.351541542,0 days 00:00:42.376552880
0 days 00:00:00.820000,0 days 00:00:00.845011338,answer6 ,0.40556118,-6.0339336,11.8224535,-0.008513838,-0.0012782936,0.06989645,11.903358,3.1148179,13.385203,1.8157665,0.0,0.0,0.0,0.0,0.0,0.0,961.8802,1149.3446,-201.0,1896.1675,1045.946,-201.0,2779.2197,1056.735,-201.0,0 days 00:00:42.361541542,0 days 00:00:42.386552880
0 days 00:00:00.830000,0 days 00:00:00.855011338,answer6 ,0.45477486,-4.739173,10.577788,-0.013615507,-0.007482371,0.08863894,9.651028,3.9383867,17.90299,-1.316733,0.0,0.0,0.0,0.0,0.0,0.0,775.32294,1270.1339,-201.0,1734.3802,1030.8737,-201.0,2679.747,727.58295,-201.0,0 days 00:00:42.371541542,0 days 00:00:42.396552880
0 days 00:00:00.840000,0 days 00:00:00.865011338,answer6 ,0.54420346,-3.5338395,8.493528,-0.015689855,-0.012931708,0.11185638,7.718179,4.7395134,20.981775,-4.637909,0.0,0.0,0.0,0.0,0.0,0.0,560.17255,1462.3661,-201.0,1628.0148,961.5037,-201.0,2676.3708,778.0372,-201.0,0 days 00:00:42.381541542,0 days 00:00:42.406552880
0 days 00:00:00.850000,0 days 00:00:00.875011338,answer6 ,0.64873487,0.40983954,2.2150967,-0.019128151,-0.01088633,0.12667006,3.4831533,2.0950687,22.776306,-6.397364,0.0,0.0,0.0,0.0,0.0,0.0,409.10867,1440.8096,-201.0,1502.1099,935.3558,-201.0,2571.1492,837.10156,-201.0,0 days 00:00:42.391541542,0 days 00:00:42.416552880
0 days 00:00:00.860000,0 days 00:00:00.885011338,answer6 ,0.77759105,2.694147,-0.5283962,-0.018501276,-0.008968167,0.14939769,0.28209528,0.5416521,23.953512,-5.310254,0.0,0.0,0.0,0.0,0.0,0.0,396.99634,1479.8356,-201.0,1459.191,911.23486,-201.0,2565.5159,861.4302,-201.0,0 days 00:00:42.401541542,0 days 00:00:42.426552880
0 days 00:00:00.870000,0 days 00:00:00.895011338,answer6 ,0.88147825,4.5899563,-2.1579542,-0.0076655825,-0.007347642,0.17736524,-2.0714858,-1.5123049,22.809418,-6.4952273,0.0,0.0,0.0,0.0,0.0,0.0,691.4406,1371.9697,-201.0,1653.7367,1067.3912,-201.0,2648.6643,783.19385,-201.0,0 days 00:00:42.411541542,0 days 00:00:42.436552880
0 days 00:00:00.880000,0 days 00:00:00.905011338,answer6 ,0.9338314,5.1684165,-0.6401318,0.0057287454,-0.009027607,0.18363117,-2.6044645,-1.820355,23.874847,-6.5987525,0.0,0.0,0.0,0.0,0.0,0.0,923.47437,1327.6703,-201.0,1855.0966,1282.891,-201.0,2779.6794,774.8301,-201.0,0 days 00:00:42.421541542,0 days 00:00:42.446552880
0 days 00:00:00.890000,0 days 00:00:00.915011338,answer6 ,0.9037361,6.7190843,2.1149108,0.018813692,-0.007445305,0.18911834,-2.907731,-5.130467,20.907637,-5.935381,0.0,0.0,0.0,0.0,0.0,0.0,1170.2472,1074.0562,-201.0,2007.1473,1633.5697,-201.0,2786.9768,825.9995,-201.0,0 days 00:00:42.431541542,0 days 00:00:42.456552880
0 days 00:00:00.900000,0 days 00:00:00.925011338,answer6 ,0.82513314,5.203812,5.0104766,0.01077932,-0.0064836517,0.18174638,-0.73038274,-4.4617925,23.243914,-0.52322865,0.0,0.0,0.0,0.0,0.0,0.0,1173.1056,882.7669,-201.0,2119.508,1514.1498,-201.0,2949.2761,1310.0529,-201.0,0 days 00:00:42.441541542,0 days 00:00:42.466552880
0 days 00:00:00.910000,0 days 00:00:00.935011338,answer6 ,0.7492711,0.7675498,9.80314,0.005652809,-0.010838079,0.20449167,3.9477422,-0.78502446,21.973112,3.0538895,0.0,0.0,0.0,0.0,0.0,0.0,903.30133,1040.514,-201.0,1883.3121,1305.2924,-201.0,2806.3975,1342.4124,-201.0,0 days 00:00:42.451541542,0 days 00:00:42.476552880
0 days 00:00:00.920000,0 days 00:00:00.945011338,answer6 ,0.6926171,-5.057306,14.247002,0.00066836475,-0.011750442,0.18075292,8.608765,5.862499,21.69242,7.6003737,0.0,0.0,0.0,0.0,0.0,0.0,639.5795,1247.74,-201.0,1701.8204,954.17285,-201.0,2733.612,1293.9005,-201.0,0 days 00:00:42.461541542,0 days 00:00:42.486552880
0 days 00:00:00.930000,0 days 00:00:00.955011338,answer6 ,0.67298406,-10.534142,20.748993,0.0033452462,-0.009907481,0.22297783,12.476642,13.441606,17.00979,13.76513,0.0,0.0,0.0,0.0,0.0,0.0,695.19336,1380.3615,-201.0,1734.8961,1048.6615,-201.0,3003.4387,1460.4937,-201.0,0 days 00:00:42.471541542,0 days 00:00:42.496552880
0 days 00:00:00.940000,0 days 00:00:00.965011338,answer6 ,0.68852043,-13.92614,23.553278,0.0037140294,-0.0031591568,0.2769207,13.788536,18.919727,16.129564,20.727427,0.0,0.0,0.0,0.0,0.0,0.0,955.9648,1243.041,-201.0,2016.5023,1016.3243,-201.0,3421.17,1392.4141,-201.0,0 days 00:00:42.481541542,0 days 00:00:42.506552880
0 days 00:00:00.950000,0 days 00:00:00.975011338,answer6 ,0.7571449,-16.826843,24.75801,0.008088441,-0.0035271712,0.36517105,16.438498,22.91421,16.514235,26.719835,0.0,0.0,0.0,0.0,0.0,0.0,1226.6942,1092.0875,-201.0,2295.1172,970.09186,-201.0,3832.8206,1353.8765,-201.0,0 days 00:00:42.491541542,0 days 00:00:42.516552880
0 days 00:00:00.960000,0 days 00:00:00.985011338,answer6 ,0.8435364,-17.645643,22.751038,0.0148262335,-0.008967767,0.33860862,17.900469,24.058798,18.346388,26.838697,0.0,0.0,0.0,0.0,0.0,0.0,1157.6111,1049.0991,-201.0,2199.4934,832.87445,-201.0,3649.8684,732.98553,-201.0,0 days 00:00:42.501541542,0 days 00:00:42.526552880
0 days 00:00:00.970000,0 days 00:00:01.001020408,answer6 ,0.91355014,-17.6456,21.513731,0.025127133,-0.015170187,0.28510323,19.16113,24.28688,18.349775,25.209982,0.0,0.0,0.0,0.0,0.0,0.0,379.68567,1142.8359,-201.0,1424.5723,766.01465,-201.0,2428.5227,596.0958,-201.0,0 days 00:00:42.511541542,0 days 00:00:42.542561950
0 days 00:00:00,0 days 00:00:00.025011338,answer7 ,0.3687741,-3.0675542,17.69263,-0.020084908,-0.0010154957,0.035636734,23.11529,-6.530172,11.132382,24.532213,0.0,0.0,0.0,0.0,0.0,0.0,627.55707,1811.811,-201.0,1375.2413,1273.7865,-201.0,2329.755,1336.0464,-201.0,0 days 00:00:59.659659660,0 days 00:00:59.684670998
0 days 00:00:00.010000,0 days 00:00:00.035011338,answer7 ,0.38025782,-3.8282564,19.798168,-0.028794603,-0.0033902524,0.06573015,24.028452,-5.368416,8.2018585,21.707214,0.0,0.0,0.0,0.0,0.0,0.0,754.97943,1711.4137,-201.0,1493.7023,1122.1932,-201.0,2567.9734,1035.1711,-201.0,0 days 00:00:59.669659660,0 days 00:00:59.694670998
0 days 00:00:00.020000,0 days 00:00:00.045011338,answer7 ,0.39489082,-5.2084928,20.23863,-0.033122163,-0.0051448843,0.09299996,25.31465,-4.350878,6.063421,19.215721,0.0,0.0,0.0,0.0,0.0,0.0,923.00366,1970.0518,-201.0,1534.7413,1075.5942,-201.0,2753.0671,902.31903,-201.0,0 days 00:00:59.679659660,0 days 00:00:59.704670998
0 days 00:00:00.030000,0 days 00:00:00.055011338,answer7 ,0.39240012,-5.549045,19.072695,-0.033639867,-0.006111471,0.094261326,24.026396,-4.452629,6.2825255,19.521217,0.0,0.0,0.0,0.0,0.0,0.0,673.2695,1816.415,-201.0,1505.3475,1018.0591,-201.0,2611.026,905.86505,-201.0,0 days 00:00:59.689659660,0 days 00:00:59.714670998
0 days 00:00:00.040000,0 days 00:00:00.065011338,answer7 ,0.39461124,-6.1010222,17.365637,-0.026971577,-0.0053497027,0.093024455,23.58294,-4.6246552,6.9869657,20.827774,0.0,0.0,0.0,0.0,0.0,0.0,804.4951,1661.6713,-201.0,1737.4423,1203.2421,-201.0,2990.485,1401.8217,-201.0,0 days 00:00:59.699659660,0 days 00:00:59.724670998
0 days 00:00:00.050000,0 days 00:00:00.075011338,answer7 ,0.39071217,-5.871134,17.807898,-0.031496722,-0.007041047,0.10204386,22.471014,-5.1641216,5.799746,21.41063,0.0,0.0,0.0,0.0,0.0,0.0,658.766,1197.8873,-201.0,1709.8842,1037.9957,-201.0,2939.0242,1261.5607,-201.0,0 days 00:00:59.709659660,0 days 00:00:59.734670998
0 days 00:00:00.060000,0 days 00:00:00.085011338,answer7 ,0.3886826,-4.469135,17.759659,-0.031104958,-0.0062574185,0.08891425,20.856365,-6.286366,3.3330796,20.427134,0.0,0.0,0.0,0.0,0.0,0.0,713.83014,1131.4176,-201.0,1774.1927,1192.1055,-201.0,2797.4631,1683.9082,-201.0,0 days 00:00:59.719659660,0 days 00:00:59.744670998
0 days 00:00:00.070000,0 days 00:00:00.095011338,answer7 ,0.39875147,-4.0193925,17.226042,-0.031913947,-0.009316933,0.09123028,20.569735,-5.9121165,1.6265392,18.741272,0.0,0.0,0.0,0.0,0.0,0.0,550.88306,1333.6903,-201.0,1502.2345,1022.9074,-201.0,2360.0422,1195.9462,-201.0,0 days 00:00:59.729659660,0 days 00:00:59.754670998
0 days 00:00:00.080000,0 days 00:00:00.105011338,answer7 ,0.4153342,-4.7444806,17.407562,-0.02046577,-0.012019332,0.09015415,20.655195,-3.956652,2.0657027,16.57834,0.0,0.0,0.0,0.0,0.0,0.0,540.783,1497.3296,-201.0,1531.6826,1245.0815,-201.0,2226.388,1655.4268,-201.0,0 days 00:00:59.739659660,0 days 00:00:59.764670998
0 days 00:00:00.090000,0 days 00:00:00.115011338,answer7 ,0.43685484,-5.966048,19.649847,-0.01739994,-0.008558827,0.107019424,21.232456,-1.3744255,3.125475,16.75094,0.0,0.0,0.0,0.0,0.0,0.0,477.17313,1485.9508,-201.0,1454.3851,1019.6529,-201.0,2368.9,1145.8289,-201.0,0 days 00:00:59.749659660,0 days 00:00:59.774670998
0 days 00:00:00.100000,0 days 00:00:00.125011338,answer7 ,0.44836316,-5.9472947,20.843552,-0.0104170805,-0.005389763,0.11064931,20.802519,-1.070709,3.5031292,17.22553,0.0,0.0,0.0,0.0,0.0,0.0,489.8409,1638.6904,-201.0,1419.0106,1105.3497,-201.0,2369.1055,1207.794,-201.0,0 days 00:00:59.759659660,0 days 00:00:59.784670998
0 days 00:00:00.110000,0 days 00:00:00.135011338,answer7 ,0.4596931,-4.1691113,16.860016,-0.0005954181,-0.0020048658,0.11803406,18.80263,-3.1866293,1.4092144,16.027489,0.0,0.0,0.0,0.0,0.0,0.0,773.7266,1515.5508,-201.0,1358.966,1983.9926,-201.0,2511.4285,814.4033,-201.0,0 days 00:00:59.769659660,0 days 00:00:59.794670998
0 days 00:00:00.120000,0 days 00:00:00.145011338,answer7 ,0.46561846,-5.157433,14.318074,0.0040005096,-0.008016165,0.14500241,19.603224,-2.3122947,3.9991045,17.050213,0.0,0.0,0.0,0.0,0.0,0.0,822.42365,1553.2065,-136.8232,1404.2382,2104.948,-138.1711,2534.029,842.79517,-143.05048,0 days 00:00:59.779659660,0 days 00:00:59.804670998
0 days 00:00:00.130000,0 days 00:00:00.155011338,answer7 ,0.48065257,-8.656688,16.734562,0.0030554158,-0.009171455,0.18525709,21.902117,1.5045999,8.711184,18.659697,26.59711,0.0,0.0,2.3852704,9.1812105,28.837435,682.5347,1326.5537,-67.81708,1363.4409,1923.3099,-77.69688,2480.1934,760.94434,-83.7821,0 days 00:00:59.789659660,0 days 00:00:59.814670998
0 days 00:00:00.140000,0 days 00:00:00.165011338,answer7 ,0.5163248,-13.102208,24.261597,-4.3359273e-06,-0.0041531883,0.24693996,26.156118,6.0989175,14.976979,25.383217,26.563654,0.0,2.6540513,2.8533576,9.038003,29.144953,615.2631,1545.0897,-6.349398,1414.2993,1033.7982,-14.782299,2490.8145,715.3337,-24.062643,0 days 00:00:59.799659660,0 days 00:00:59.824670998
0 days 00:00:00.150000,0 days 00:00:00.175011338,answer7 ,0.54969543,-15.233508,28.524557,0.004101614,0.0024315792,0.23234713,28.366491,7.4620376,15.728547,26.977928,26.501757,0.027979074,2.0082903,3.346194,8.534169,32.990788,865.5705,1432.8219,-8.741776,1698.2758,1076.5021,-18.375078,2876.8972,892.71387,-26.725973,0 days 00:00:59.809659660,0 days 00:00:59.834670998
0 days 00:00:00.160000,0 days 00:00:00.185011338,answer7 ,0.5907746,-14.625221,28.609407,0.0055755186,0.0069722584,0.2118843,29.250105,6.133293,12.855033,27.069536,26.61038,0.030847222,1.5636047,3.5629892,7.572289,35.98232,1145.3877,1329.0299,-16.748207,2016.4337,1248.2062,-21.266563,3339.0364,1159.5444,-31.682953,0 days 00:00:59.819659660,0 days 00:00:59.844670998
0 days 00:00:00.170000,0 days 00:00:00.195011338,answer7 ,0.6053781,-14.000725,27.964355,0.004456083,0.0030191932,0.16984706,30.005661,5.993113,9.786674,23.906343,26.5711,0.031407498,0.4969093,3.2234938,5.811211,32.725407,898.4361,1354.5355,-13.398545,1982.8711,1421.6211,-23.210485,3097.932,1398.9266,-32.092033,0 days 00:00:59.829659660,0 days 00:00:59.854670998
0 days 00:00:00.180000,0 days 00:00:00.205011338,answer7 ,0.62011486,-13.305176,27.020256,0.0014253521,-0.0024542331,0.17221718,30.87942,5.47811,6.780337,19.317976,26.384344,0.025255024,0.53320855,3.080739,4.474124,26.324806,824.29834,1429.6998,-13.383431,1764.4115,1483.5062,-22.675856,2746.1038,1210.7286,-29.061148,0 days 00:00:59.839659660,0 days 00:00:59.864670998
0 days 00:00:00.190000,0 days 00:00:00.215011338,answer7 ,0.60294676,-14.274558,26.144302,-0.0052985777,-0.0122911865,0.17048399,30.07876,7.0903,5.795548,17.713156,26.042519,0.015247765,0.33762705,2.8331072,2.3333986,19.549658,591.01935,1688.6187,-9.819655,1462.6738,1533.1729,-19.581614,2304.7803,965.3929,-25.004936,0 days 00:00:59.849659660,0 days 00:00:59.874670998
0 days 00:00:00.200000,0 days 00:00:00.225011338,answer7 ,0.5838571,-15.036014,25.803686,-0.013127923,-0.011891433,0.17965825,29.019712,8.257888,5.5592275,19.803047,25.710775,0.018871965,0.6068333,2.560574,-0.055900734,19.79811,570.627,1580.3358,-10.95562,1457.4941,1236.4723,-19.536148,2511.6292,704.9654,-27.545471,0 days 00:00:59.859659660,0 days 00:00:59.884670998
0 days 00:00:00.210000,0 days 00:00:00.235011338,answer7 ,0.5645712,-15.527629,27.298088,-0.022104608,-0.014169899,0.16683279,28.28803,9.2366495,4.7886167,23.584497,25.530178,0.015777482,0.49741688,2.2329824,-2.2123773,19.2985,380.4203,1531.3701,-72.75515,1407.695,1060.941,-79.30691,2541.6584,831.51447,-85.86256,0 days 00:00:59.869659660,0 days 00:00:59.894670998
0 days 00:00:00.220000,0 days 00:00:00.245011338,answer7 ,0.5602177,-14.668568,28.852,-0.027087754,-0.011820003,0.18499708,27.43833,9.220862,2.580815,22.96659,0.0,0.0,0.0,0.0,0.0,0.0,381.1722,1313.0546,-137.31862,1422.9498,906.44745,-139.98389,2550.6655,947.02423,-144.23016,0 days 00:00:59.879659660,0 days 00:00:59.904670998
0 days 00:00:00.230000,0 days 00:00:00.255011337,answer7 ,0.5675389,-13.887169,29.24279,-0.03504185,-0.01691631,0.17632848,26.531654,8.148786,-2.25055,18.735422,0.0,0.0,0.0,0.0,0.0,0.0,451.18262,1136.7406,-201.0,1470.2411,949.36865,-201.0,2551.0535,1007.41626,-201.0,0 days 00:00:59.889659660,0 days 00:00:59.914670997
0 days 00:00:00.240000,0 days 00:00:00.265011338,answer7 ,0.55511934,-12.691113,27.705523,-0.03282562,-0.015779644,0.20730783,25.776789,7.233295,-4.861976,15.677432,0.0,0.0,0.0,0.0,0.0,0.0,489.02075,1285.7921,-201.0,1482.9869,1121.2845,-201.0,2509.506,997.79395,-201.0,0 days 00:00:59.899659660,0 days 00:00:59.924670998
0 days 00:00:00.250000,0 days 00:00:00.275011338,answer7 ,0.54041964,-12.91761,26.488115,-0.02830658,-0.015324843,0.21646611,26.31825,6.698183,-4.710292,12.843147,0.0,0.0,0.0,0.0,0.0,0.0,495.96573,1385.832,-201.0,1500.143,1283.7814,-201.0,2474.0159,1066.6915,-201.0,0 days 00:00:59.909659660,0 days 00:00:59.934670998
0 days 00:00:00.260000,0 days 00:00:00.285011338,answer7 ,0.5143091,-13.047519,26.538946,-0.02086824,-0.015214455,0.21377856,27.575155,6.846583,-2.069386,12.007751,0.0,0.0,0.0,0.0,0.0,0.0,470.94775,1553.1234,-201.0,1479.9818,1332.7275,-201.0,2501.4707,1123.1371,-201.0,0 days 00:00:59.919659660,0 days 00:00:59.944670998
0 days 00:00:00.270000,0 days 00:00:00.295011338,answer7 ,0.50353,-14.271987,27.585962,-0.015264097,-0.014140486,0.18262278,27.661932,7.9166546,2.24777,9.70265,0.0,0.0,0.0,0.0,0.0,0.0,428.8018,1439.9268,-201.0,1464.1378,1199.0477,-201.0,2547.822,1051.8658,-201.0,0 days 00:00:59.929659660,0 days 00:00:59.954670998
0 days 00:00:00.280000,0 days 00:00:00.305011338,answer7 ,0.48764873,-15.804751,29.538904,-0.010461896,-0.012328424,0.15368861,27.826967,9.150879,4.7959275,9.338712,0.0,0.0,0.0,0.0,0.0,0.0,549.8552,1440.9542,-201.0,1669.8236,1189.6111,-201.0,2699.074,1205.5143,-201.0,0 days 00:00:59.939659660,0 days 00:00:59.964670998
0 days 00:00:00.290000,0 days 00:00:00.315011338,answer7 ,0.46677092,-16.45985,29.692362,-0.008050197,-0.010177731,0.15915185,26.750868,10.475311,6.2073026,8.16813,0.0,0.0,0.0,0.0,0.0,0.0,606.1992,1372.8568,-201.0,1778.526,1133.6157,-201.0,2881.4016,1222.3993,-201.0,0 days 00:00:59.949659660,0 days 00:00:59.974670998
0 days 00:00:00.300000,0 days 00:00:00.325011338,answer7 ,0.45058212,-16.411055,29.84813,-0.013307139,-0.01263288,0.15714145,27.303335,10.622326,4.463629,9.066493,0.0,0.0,0.0,0.0,0.0,0.0,750.2933,1503.4551,-201.0,1928.212,1332.852,-201.0,2991.2268,1462.7245,-201.0,0 days 00:00:59.959659660,0 days 00:00:59.984670998
0 days 00:00:00.310000,0 days 00:00:00.335011338,answer7 ,0.4712093,-15.668926,26.943018,-0.010171825,-0.01722492,0.17764354,28.213057,9.097764,2.334706,7.11828,0.0,0.0,0.0,0.0,0.0,0.0,736.17676,1526.4567,-201.0,1860.1332,1482.4459,-201.0,2867.3672,1263.0348,-201.0,0 days 00:00:59.969659660,0 days 00:00:59.994670998
0 days 00:00:00.320000,0 days 00:00:00.345011338,answer7 ,0.48978233,-15.132771,26.348215,-0.01312272,-0.01620646,0.15635227,29.295176,6.900745,1.5888115,8.174011,0.0,0.0,0.0,0.0,0.0,0.0,727.7185,1491.0431,-201.0,1851.7065,1460.399,-201.0,2803.3113,1299.2651,-201.0,0 days 00:00:59.979659660,0 days 00:01:00.004670998
0 days 00:00:00.330000,0 days 00:00:00.355011338,answer7 ,0.52121633,-14.652583,25.985361,0.0023309838,-0.012966112,0.17922504,29.517899,5.5888886,-0.84379363,5.558985,0.0,0.0,0.0,0.0,0.0,0.0,747.482,1348.0769,-201.0,1823.2588,1247.0038,-201.0,2746.2566,978.64594,-201.0,0 days 00:00:59.989659660,0 days 00:01:00.014670998
0 days 00:00:00.340000,0 days 00:00:00.365011338,answer7 ,0.50556725,-12.708865,25.570093,0.0065625557,-0.010952336,0.17273308,28.099989,3.665571,-1.485189,5.6909466,0.0,0.0,0.0,0.0,0.0,0.0,754.8897,1257.056,-201.0,1767.4072,939.594,-201.0,2813.2156,777.94385,-201.0,0 days 00:00:59.999659660,0 days 00:01:00.024670998
0 days 00:00:00.350000,0 days 00:00:00.375011338,answer7 ,0.47516623,-11.961501,23.939758,0.005038424,-0.009914532,0.1688329,26.278524,2.900098,0.74195796,1.9669129,0.0,0.0,0.0,0.0,0.0,0.0,725.5693,1201.8022,-201.0,1679.3187,947.4567,-201.0,2676.261,631.73065,-201.0,0 days 00:01:00.009659660,0 days 00:01:00.034670998
0 days 00:00:00.360000,0 days 00:00:00.385011338,answer7 ,0.4425582,-12.134013,21.923311,0.0026263203,-0.012269437,0.1602611,25.763481,2.6599998,4.5713124,0.5495307,0.0,0.0,0.0,0.0,0.0,0.0,706.20074,1198.4164,-201.0,1632.0538,1002.79834,-201.0,2606.6533,641.85126,-201.0,0 days 00:01:00.019659660,0 days 00:01:00.044670998
0 days 00:00:00.370000,0 days 00:00:00.395011338,answer7 ,0.41000795,-11.880562,22.006157,-0.0074853487,-0.010517899,0.1520547,24.394087,2.935896,7.6439767,1.035374,0.0,0.0,0.0,0.0,0.0,0.0,596.0618,1218.0732,-201.0,1562.0072,1045.9419,-201.0,2567.72,727.4956,-201.0,0 days 00:01:00.029659660,0 days 00:01:00.054670998
0 days 00:00:00.380000,0 days 00:00:00.405011338,answer7 ,0.38903213,-11.318798,21.477625,-0.0014667525,-0.00986877,0.13970332,23.472427,2.705427,7.4241548,2.1506538,0.0,0.0,0.0,0.0,0.0,0.0,686.89233,1474.6586,-201.0,1723.8906,1218.5709,-201.0,2548.8777,992.2907,-201.0,0 days 00:01:00.039659660,0 days 00:01:00.064670998
0 days 00:00:00.390000,0 days 00:00:00.415011338,answer7 ,0.36369762,-11.442716,21.705536,-0.010719345,-0.00961787,0.12780537,22.315361,3.9620945,9.456908,3.6169217,0.0,0.0,0.0,0.0,0.0,0.0,549.45294,1389.8678,-201.0,1630.6637,1112.1864,-201.0,2511.3962,986.82404,-201.0,0 days 00:01:00.049659660,0 days 00:01:00.074670998
0 days 00:00:00.400000,0 days 00:00:00.425011338,answer7 ,0.34757948,-12.891112,22.711365,-0.019818114,-0.012014583,0.11675695,22.566565,4.6927285,9.9711485,5.8343186,0.0,0.0,0.0,0.0,0.0,0.0,536.5698,1403.6205,-201.0,1610.5641,1128.036,-201.0,2475.0293,1070.2343,-201.0,0 days 00:01:00.059659660,0 days 00:01:00.084670998
0 days 00:00:00.410000,0 days 00:00:00.435011338,answer7 ,0.34412476,-13.385674,21.80367,-0.022700787,-0.014344572,0.13486461,22.784538,6.0149136,9.239053,6.685192,0.0,0.0,0.0,0.0,0.0,0.0,600.03735,1164.1421,-201.0,1603.1791,915.79865,-201.0,2731.6238,941.6683,-201.0,0 days 00:01:00.069659660,0 days 00:01:00.094670998
0 days 00:00:00.420000,0 days 00:00:00.445011338,answer7 ,0.32403138,-12.488997,21.669641,-0.022032708,-0.011077485,0.11102721,22.2292,5.597149,7.347624,7.953859,0.0,0.0,0.0,0.0,0.0,0.0,896.3034,1276.9218,-201.0,1974.6989,1450.3174,-201.0,2750.8167,1081.004,-201.0,0 days 00:01:00.079659660,0 days 00:01:00.104670998
0 days 00:00:00.430000,0 days 00:00:00.455011338,answer7 ,0.31202957,-12.240306,20.488525,-0.0066664717,-0.0105911195,0.08682098,22.332464,7.523335,4.3294945,4.0870614,0.0,0.0,0.0,0.0,0.0,0.0,883.36945,1349.6221,-201.0,1938.524,1565.5718,-201.0,2692.538,1129.1372,-201.0,0 days 00:01:00.089659660,0 days 00:01:00.114670998
0 days 00:00:00.440000,0 days 00:00:00.465011338,answer7 ,0.2988342,-12.425521,21.423958,-0.0094288215,-0.014891396,0.061775625,22.52654,8.244706,3.8846025,1.3456873,0.0,0.0,0.0,0.0,0.0,0.0,810.78046,1533.5585,-201.0,1918.5967,1635.6952,-201.0,2567.0522,1199.0892,-201.0,0 days 00:01:00.099659660,0 days 00:01:00.124670998
0 days 00:00:00.450000,0 days 00:00:00.475011338,answer7 ,0.29134095,-11.587845,20.274927,-0.00984411,-0.01650681,0.059542347,21.491577,6.917991,2.108412,-0.3363769,0.0,0.0,0.0,0.0,0.0,0.0,483.87112,1780.2504,-201.0,1440.666,1455.0743,-201.0,2330.0908,1271.7836,-201.0,0 days 00:01:00.109659660,0 days 00:01:00.134670998
0 days 00:00:00.460000,0 days 00:00:00.485011338,answer7 ,0.286487,-11.8435135,21.248665,-0.017079214,-0.016909024,0.062562674,21.166513,6.7488723,5.57908,1.0501378,0.0,0.0,0.0,0.0,0.0,0.0,499.2673,1720.3336,-201.0,1499.0015,1406.9069,-201.0,2430.1895,1384.6144,-201.0,0 days 00:01:00.119659660,0 days 00:01:00.144670998
0 days 00:00:00.470000,0 days 00:00:00.495011338,answer7 ,0.28665602,-12.48088,22.035858,-0.014026026,-0.012788497,0.07281655,21.58827,7.3862743,7.7744994,4.036182,0.0,0.0,0.0,0.0,0.0,0.0,663.7076,1781.8541,-201.0,1496.4594,1629.5082,-201.0,2416.3962,1165.2495,-201.0,0 days 00:01:00.129659660,0 days 00:01:00.154670998
0 days 00:00:00.480000,0 days 00:00:00.505011338,answer7 ,0.29282996,-13.335919,21.516378,-0.016082013,-0.013899789,0.08669847,22.509058,8.8368,9.18588,6.220309,0.0,0.0,0.0,0.0,0.0,0.0,683.4439,1527.3741,-201.0,1571.1613,1354.132,-201.0,2590.8164,969.01807,-201.0,0 days 00:01:00.139659660,0 days 00:01:00.164670998
0 days 00:00:00.490000,0 days 00:00:00.515011338,answer7 ,0.30015254,-13.800578,21.82396,-0.012141635,-0.012605064,0.09535825,23.191889,10.503422,6.6517353,8.722774,0.0,0.0,0.0,0.0,0.0,0.0,951.76935,1470.0978,-201.0,1831.8359,1223.9833,-201.0,2994.666,832.395,-201.0,0 days 00:01:00.149659660,0 days 00:01:00.174670998
0 days 00:00:00.500000,0 days 00:00:00.525011338,answer7 ,0.30042064,-13.427272,20.327398,-0.016718958,-0.015211537,0.095418304,22.020073,10.792152,6.1022506,9.693195,0.0,0.0,0.0,0.0,0.0,0.0,689.3926,1260.5946,-201.0,1688.0719,946.35455,-201.0,2901.7588,835.56757,-201.0,0 days 00:01:00.159659660,0 days 00:01:00.184670998
0 days 00:00:00.510000,0 days 00:00:00.535011338,answer7 ,0.3039724,-14.225487,21.238525,-0.022203118,-0.015848888,0.09181071,20.522795,12.212834,6.3071246,11.134925,0.0,0.0,0.0,0.0,0.0,0.0,629.8062,1410.0472,-201.0,1666.9554,1014.5054,-201.0,2860.5828,859.2019,-201.0,0 days 00:01:00.169659660,0 days 00:01:00.194670998
0 days 00:00:00.520000,0 days 00:00:00.545011338,answer7 ,0.30713257,-13.31305,20.47955,-0.023846624,-0.016154261,0.085927464,18.672733,11.358574,6.7637234,10.432424,0.0,0.0,0.0,0.0,0.0,0.0,373.17746,1641.0889,-201.0,1417.2378,1209.5011,-201.0,2472.858,814.7532,-201.0,0 days 00:01:00.179659660,0 days 00:01:00.204670998
0 days 00:00:00.530000,0 days 00:00:00.555011338,answer7 ,0.3184161,-14.367709,22.40716,-0.021468906,-0.01442437,0.085135914,19.244366,13.241597,4.844565,11.721931,0.0,0.0,0.0,0.0,0.0,0.0,360.34793,1654.4628,-201.0,1438.0677,1224.6171,-201.0,2440.2722,850.61615,-201.0,0 days 00:01:00.189659660,0 days 00:01:00.214670998
0 days 00:00:00.540000,0 days 00:00:00.565011338,answer7 ,0.31542742,-14.709713,23.053337,-0.007990594,-0.014449249,0.09824628,20.74474,14.475391,4.876038,9.905939,0.0,0.0,0.0,0.0,0.0,0.0,422.93906,1482.8506,-201.0,1507.7272,1182.4943,-201.0,2490.0916,906.12604,-201.0,0 days 00:01:00.199659660,0 days 00:01:00.224670998
0 days 00:00:00.550000,0 days 00:00:00.575011338,answer7 ,0.30166245,-15.694145,24.00357,-0.004304364,-0.015114747,0.09616089,22.52114,15.507736,4.877764,9.776976,0.0,0.0,0.0,0.0,0.0,0.0,407.74643,1391.6945,-201.0,1535.792,1205.0002,-201.0,2409.6096,1119.4215,-201.0,0 days 00:01:00.209659660,0 days 00:01:00.234670998
0 days 00:00:00.560000,0 days 00:00:00.585011338,answer7 ,0.28132752,-14.409233,22.983095,-0.0037062578,-0.016623558,0.08970904,21.872477,13.61755,3.6245754,6.0310593,0.0,0.0,0.0,0.0,0.0,0.0,388.19485,1560.7697,-201.0,1468.7858,1257.5884,-201.0,2451.0344,1095.2147,-201.0,0 days 00:01:00.219659660,0 days 00:01:00.244670998
0 days 00:00:00.570000,0 days 00:00:00.595011338,answer7 ,0.27785036,-14.831563,22.567404,-0.0087336665,-0.02120251,0.0839958,22.656328,13.511838,2.5156178,3.2315302,0.0,0.0,0.0,0.0,0.0,0.0,406.83252,1658.1748,-201.0,1407.1348,1418.722,-201.0,2426.2664,1061.6205,-201.0,0 days 00:01:00.229659660,0 days 00:01:00.254670998
0 days 00:00:00.580000,0 days 00:00:00.605011338,answer7 ,0.27888778,-14.538345,22.737707,-0.013762961,-0.020458093,0.093760245,22.95283,12.842143,2.5139482,-0.041299183,0.0,0.0,0.0,0.0,0.0,0.0,390.13052,1584.869,-201.0,1310.5219,1291.6932,-201.0,2454.6238,795.6719,-201.0,0 days 00:01:00.239659660,0 days 00:01:00.264670998
0 days 00:00:00.590000,0 days 00:00:00.615011338,answer7 ,0.28798813,-15.825274,24.834063,-0.009497949,-0.018687611,0.102204226,24.600492,13.378209,3.8094559,0.18513672,0.0,0.0,0.0,0.0,0.0,0.0,545.65344,1442.9908,-201.0,1434.8179,1217.6454,-201.0,2546.7156,724.79865,-201.0,0 days 00:01:00.249659660,0 days 00:01:00.274670998
0 days 00:00:00.600000,0 days 00:00:00.625011338,answer7 ,0.28423202,-15.132385,27.042894,-0.011339013,-0.014222431,0.097859025,24.356049,11.922818,4.482902,3.8371046,0.0,0.0,0.0,0.0,0.0,0.0,524.6762,1355.0245,-201.0,1489.1992,1016.87445,-201.0,2583.7996,742.5796,-201.0,0 days 00:01:00.259659660,0 days 00:01:00.284670998
0 days 00:00:00.610000,0 days 00:00:00.635011338,answer7 ,0.28943923,-14.385731,25.439669,-0.008049465,-0.011134744,0.08259846,24.070208,10.720296,4.714266,7.6937714,0.0,0.0,0.0,0.0,0.0,0.0,526.10614,1396.8477,-201.0,1464.7344,1090.1832,-201.0,2425.5183,928.33563,-201.0,0 days 00:01:00.269659660,0 days 00:01:00.294670998
0 days 00:00:00.620000,0 days 00:00:00.645011338,answer7 ,0.2826647,-13.362081,22.604044,-0.010840447,-0.014582838,0.07178562,23.144302,9.648343,4.3075047,9.046859,0.0,0.0,0.0,0.0,0.0,0.0,404.28833,1378.5756,-201.0,1414.4492,1155.0681,-201.0,2303.3657,1053.7443,-201.0,0 days 00:01:00.279659660,0 days 00:01:00.304670998
0 days 00:00:00.630000,0 days 00:00:00.655011338,answer7 ,0.2777322,-13.125569,20.538908,-0.013197866,-0.019364633,0.06183223,21.533579,10.558398,3.346531,9.087686,0.0,0.0,0.0,0.0,0.0,0.0,428.94934,1390.7023,-201.0,1437.6698,1235.1246,-201.0,2327.6604,1054.2671,-201.0,0 days 00:01:00.289659660,0 days 00:01:00.314670998
0 days 00:00:00.640000,0 days 00:00:00.665011338,answer7 ,0.27174094,-13.058757,18.937962,-0.011245648,-0.026697269,0.069477856,18.451893,13.014506,1.6387368,8.83485,0.0,0.0,0.0,0.0,0.0,0.0,478.92813,1384.543,-201.0,1611.606,1094.7617,-201.0,2547.282,989.7767,-201.0,0 days 00:01:00.299659660,0 days 00:01:00.324670998
0 days 00:00:00.650000,0 days 00:00:00.675011338,answer7 ,0.27978507,-13.805045,19.290264,-0.019409642,-0.025105909,0.07705497,16.688074,16.956831,2.1683588,10.6483965,0.0,0.0,0.0,0.0,0.0,0.0,491.9973,1474.0809,-201.0,1665.0775,2547.339,-201.0,2299.0146,1089.8896,-201.0,0 days 00:01:00.309659660,0 days 00:01:00.334670998
0 days 00:00:00.660000,0 days 00:00:00.685011338,answer7 ,0.29583877,-14.448791,19.409536,-0.024328703,-0.020146495,0.08556795,16.812296,17.993422,4.0081105,11.212245,0.0,0.0,0.0,0.0,0.0,0.0,666.7706,1519.2513,-201.0,1806.4645,2757.623,-201.0,2310.8342,1140.5931,-201.0,0 days 00:01:00.319659660,0 days 00:01:00.344670998
0 days 00:00:00.670000,0 days 00:00:00.695011338,answer7 ,0.3056443,-15.372264,22.17054,-0.034256205,-0.018101363,0.07760123,18.007116,17.776808,7.7396545,11.963365,0.0,0.0,0.0,0.0,0.0,0.0,632.94385,1505.629,-201.0,1745.93,3013.0676,-201.0,2033.5275,1307.8756,-201.0,0 days 00:01:00.329659660,0 days 00:01:00.354670998
0 days 00:00:00.680000,0 days 00:00:00.705011338,answer7 ,0.3080053,-15.994858,24.057123,-0.028111154,-0.017260442,0.07503282,19.534616,16.89895,8.935416,12.840413,0.0,0.0,0.0,0.0,0.0,0.0,607.37885,1408.1002,-201.0,1693.0377,1508.2115,-201.0,2290.89,1190.9789,-201.0,0 days 00:01:00.339659660,0 days 00:01:00.364670998
0 days 00:00:00.690000,0 days 00:00:00.715011338,answer7 ,0.3043587,-16.247734,25.534067,-0.02330439,-0.0197722,0.085984856,20.116167,16.394102,7.7128873,10.934081,0.0,0.0,0.0,0.0,0.0,0.0,446.9645,1421.3824,-201.0,1563.6444,1283.2505,-201.0,2309.794,1075.1913,-201.0,0 days 00:01:00.349659660,0 days 00:01:00.374670998
0 days 00:00:00.700000,0 days 00:00:00.725011338,answer7 ,0.30613923,-15.994537,25.892561,-0.016114205,-0.0132548325,0.10638372,21.110174,15.665423,6.041515,11.035863,0.0,0.0,0.0,0.0,0.0,0.0,454.8726,1410.9276,-201.0,1539.1432,1071.4865,-201.0,2548.7048,781.00726,-201.0,0 days 00:01:00.359659660,0 days 00:01:00.384670998
0 days 00:00:00.710000,0 days 00:00:00.735011338,answer7 ,0.3130567,-15.14372,24.043266,-0.01099747,-0.012324375,0.11464244,22.371834,13.945351,3.9174469,7.8018117,0.0,0.0,0.0,0.0,0.0,0.0,459.2189,1510.6285,-201.0,1492.743,1160.1221,-201.0,2551.1995,729.0628,-201.0,0 days 00:01:00.369659660,0 days 00:01:00.394670998
0 days 00:00:00.720000,0 days 00:00:00.745011338,answer7 ,0.3507749,-17.867203,25.491495,-0.0078027043,-0.012538579,0.23279105,24.856504,14.8944025,7.844419,7.518437,0.0,0.0,0.0,0.0,0.0,0.0,726.31274,1444.8912,-201.0,1737.9886,1033.8507,-201.0,2899.6064,754.8884,-201.0,0 days 00:01:00.379659660,0 days 00:01:00.404670998
0 days 00:00:00.730000,0 days 00:00:00.755011338,answer7 ,0.4775443,-21.77578,29.368942,0.003511463,-0.017400768,0.51636213,30.048813,13.601155,9.463376,5.5754476,0.0,0.0,0.0,0.0,0.0,0.0,997.47003,1393.021,-201.0,2036.5435,1040.1699,-201.0,3278.1213,850.86523,-201.0,0 days 00:01:00.389659660,0 days 00:01:00.414670998
0 days 00:00:00.740000,0 days 00:00:00.765011338,answer7 ,0.60645217,-23.869186,35.09225,0.020576444,-0.018235726,0.73221993,34.802944,10.838647,11.816563,4.8545637,0.0,0.0,0.0,0.0,0.0,0.0,1283.6722,1316.931,-142.41725,2404.8157,957.91534,-145.87762,3833.3313,975.27246,-149.24799,0 days 00:01:00.399659660,0 days 00:01:00.424670998
0 days 00:00:00.750000,0 days 00:00:00.775011338,answer7 ,0.75313777,-22.057625,36.42908,0.03372006,-0.013873252,0.724237,38.195377,4.781118,9.762313,3.1945465,38.338867,0.0,1.5986421,8.815611,1.4436874,26.639452,941.76447,1361.0642,-113.12587,2086.0105,1013.1639,-87.49671,3449.0789,958.07153,-95.35482,0 days 00:01:00.409659660,0 days 00:01:00.434670998
0 days 00:00:00.760000,0 days 00:00:00.785011338,answer7 ,0.84465,-20.60605,35.58089,0.033146597,-0.009212877,0.6068631,37.844578,1.5763394,11.480907,-1.4215056,38.33353,0.07401094,1.5349585,9.346339,0.13889758,21.026262,905.80664,1301.6748,0.0,2087.6033,962.4738,-31.48815,3462.4314,938.43475,-37.8317,0 days 00:01:00.419659660,0 days 00:01:00.444670998
0 days 00:00:00.770000,0 days 00:00:00.795011338,answer7 ,0.9547041,-20.599802,32.02025,0.022148924,-0.0117054805,0.4675713,36.411076,0.04916701,16.133524,-6.1522,38.34518,0.05978472,1.5237621,10.46506,-2.4386806,12.533417,921.48755,1258.2548,-27.179886,2109.5952,922.44745,-29.965546,3362.3506,893.9631,-31.003492,0 days 00:01:00.429659660,0 days 00:01:00.454670998
0 days 00:00:00.780000,0 days 00:00:00.805011338,answer7 ,1.0494173,-20.816399,28.669783,0.017992878,-0.0155489445,0.39092514,34.098743,-0.62002116,19.857903,-11.378381,38.35933,0.03746463,0.8943589,10.876701,-5.053122,6.5505633,1175.9318,1259.2496,-28.608133,2398.0122,1111.1309,-30.396631,3557.135,1352.0719,-26.601486,0 days 00:01:00.439659660,0 days 00:01:00.464670998
0 days 00:00:00.790000,0 days 00:00:00.815011338,answer7 ,1.115985,-20.32252,25.727995,0.018173888,-0.0189911,0.26097137,32.79984,-1.1927801,22.17012,-13.18366,38.399456,0.016803281,0.63993007,11.108907,-5.998179,6.281201,1139.0372,1358.7487,-29.531275,2313.286,1133.6532,-28.921362,3546.0251,1334.3092,-27.00235,0 days 00:01:00.449659660,0 days 00:01:00.474670998
0 days 00:00:00.800000,0 days 00:00:00.825011338,answer7 ,1.1244063,-21.041136,27.298485,0.017271932,-0.018041791,0.20336585,32.091892,-0.7223053,20.249529,-14.317746,38.407124,0.007557781,0.43262556,11.20799,-5.0688386,8.143609,1005.26044,1388.6727,-25.546371,2121.0823,1167.6299,-29.015615,3285.9226,1301.4258,-28.341377,0 days 00:01:00.459659660,0 days 00:01:00.484670998
0 days 00:00:00.810000,0 days 00:00:00.835011338,answer7 ,1.094068,-21.649237,28.256102,0.022991776,-0.017249579,0.24703227,32.35283,0.046430107,19.28404,-16.013876,38.361134,0.0055669216,0.37669197,11.347333,-2.1110775,11.587471,988.90765,1316.4413,-26.08342,2052.7297,1082.6113,-30.837812,3262.9543,923.73224,-29.310163,0 days 00:01:00.469659660,0 days 00:01:00.494670998
0 days 00:00:00.820000,0 days 00:00:00.845011338,answer7 ,1.0267671,-22.628164,29.653189,0.020791817,-0.019978156,0.24025221,33.33188,2.061482,18.929968,-18.161737,38.262543,0.0059147887,0.3827205,11.4041605,2.1013744,15.956294,936.8391,1266.267,-22.494364,2032.5424,971.2863,-31.490606,3211.4304,1030.2596,-30.648062,0 days 00:01:00.479659660,0 days 00:01:00.504670998
0 days 00:00:00.830000,0 days 00:00:00.855011338,answer7 ,0.9611545,-23.213419,30.56379,0.01622884,-0.020065995,0.26401207,34.42452,4.7661505,19.358782,-16.384462,38.155163,0.006764747,0.43431878,11.444843,7.7633567,21.702156,985.1713,1256.7712,-29.108587,2117.798,1030.0161,-33.994724,3272.5583,1213.0226,-33.802395,0 days 00:01:00.489659660,0 days 00:01:00.514670998
0 days 00:00:00.840000,0 days 00:00:00.865011338,answer7 ,0.8751412,-25.306486,34.90558,0.014603965,-0.021183567,0.20937817,35.627247,9.243808,18.96154,-10.641473,38.06862,0.0067652054,0.42316595,11.161098,12.816857,28.06488,751.508,1367.6104,-27.124994,1989.5933,1031.6426,-35.173035,3128.1672,1391.1881,-38.73194,0 days 00:01:00.499659660,0 days 00:01:00.524670998
0 days 00:00:00.850000,0 days 00:00:00.875011338,answer7 ,0.81325674,-27.837889,39.069195,0.011440723,-0.022079252,0.20458813,36.819107,13.805102,18.501944,-5.325288,37.97902,0.005421286,0.3288022,11.140896,15.662525,31.951757,777.37445,1385.148,0.0,1959.3838,1150.295,-38.31751,3004.2402,1289.0256,-42.18929,0 days 00:01:00.509659660,0 days 00:01:00.534670998
0 days 00:00:00.860000,0 days 00:00:00.885011338,answer7 ,0.77317256,-29.904669,41.691376,0.015190016,-0.023995196,0.22647078,37.592403,17.231052,17.5382,-5.076121,37.88872,0.006367337,0.3816483,11.076363,16.190224,33.40183,463.46786,1629.683,-42.744606,1752.3365,1269.7792,-38.60941,2913.1807,1296.7212,-43.892075,0 days 00:01:00.519659660,0 days 00:01:00.544670998
0 days 00:00:00.870000,0 days 00:00:00.895011338,answer7 ,0.7550792,-31.147856,43.425953,0.022711381,-0.025451245,0.21055518,38.677513,18.63151,16.046358,-6.2260094,37.758472,0.00900044,0.40067232,11.104359,16.268156,33.52856,653.20135,1549.1229,0.0,1904.4873,1225.7485,-40.781265,3085.1047,1193.478,-44.596905,0 days 00:01:00.529659660,0 days 00:01:00.554670998
0 days 00:00:00.880000,0 days 00:00:00.905011338,answer7 ,0.7289004,-31.461584,43.051,0.023251742,-0.024960943,0.1981733,39.362675,18.231264,14.840009,-5.711845,37.614304,0.007984788,0.33634773,10.974196,16.462309,34.22398,607.1331,1640.8926,-28.433506,1946.7465,1239.165,-41.72323,3172.044,1473.682,-45.743923,0 days 00:01:00.539659660,0 days 00:01:00.564670998
0 days 00:00:00.890000,0 days 00:00:00.915011338,answer7 ,0.70594424,-31.458002,43.501984,0.016655033,-0.021662047,0.16592857,40.44763,18.12311,13.439178,-2.2503757,37.471165,0.007395314,0.28333476,10.865631,17.007565,35.888218,999.54364,1570.2393,-32.53142,2237.7927,1187.8346,-44.073498,3452.7004,1454.369,-47.465954,0 days 00:01:00.549659660,0 days 00:01:00.574670998
0 days 00:00:00.900000,0 days 00:00:00.925011338,answer7 ,0.67603874,-31.31442,43.163013,0.007952766,-0.017402798,0.1725986,39.80808,18.838448,14.085983,-1.493092,37.360172,0.0062287673,0.43447843,10.708473,18.605108,36.29355,1067.62,1636.897,-35.748688,2200.0703,1253.1866,-43.11223,3454.8337,1395.7555,-47.496807,0 days 00:01:00.559659660,0 days 00:01:00.584670998
0 days 00:00:00.910000,0 days 00:00:00.935011338,answer7 ,0.6515377,-31.173996,44.19481,0.017537573,-0.016413586,0.1674806,38.732777,19.693464,13.288554,-1.3535916,37.312733,0.0066103917,0.42811552,10.504712,21.118359,34.80058,1121.8203,1767.8818,-39.574482,2130.5945,1402.1543,-42.235718,3348.0554,1245.2068,-46.0247,0 days 00:01:00.569659660,0 days 00:01:00.594670998
0 days 00:00:00.920000,0 days 00:00:00.945011338,answer7 ,0.60119385,-30.893778,43.161148,0.028544918,-0.01858489,0.2379332,36.83021,19.76724,16.727863,-2.9579027,37.2667,0.006962965,0.59603107,10.199227,22.306517,33.29253,896.2609,1765.0919,-38.9981,1964.5309,1352.5199,-39.803715,3057.2327,1443.1058,-45.53296,0 days 00:01:00.579659660,0 days 00:01:00.604670998
0 days 00:00:00.930000,0 days 00:00:00.955011338,answer7 ,0.5267269,-30.128647,42.83923,0.02916147,-0.020660967,0.28940147,35.555424,19.473581,17.97401,1.6778358,37.268864,0.009760866,0.69194025,9.342506,24.111496,32.870983,949.08527,1823.2235,0.0,1922.0875,1496.6556,-38.988777,3079.5168,1532.025,-45.850666,0 days 00:01:00.589659660,0 days 00:01:00.614670998
0 days 00:00:00.940000,0 days 00:00:00.965011338,answer7 ,0.45445323,-28.889254,41.7061,0.023612896,-0.01635443,0.3051718,34.807964,20.159435,17.955778,6.155309,37.27017,0.013935153,1.0104104,8.529044,25.170488,33.760323,1022.9349,1752.3243,-38.373222,1873.555,1591.6434,-38.05624,3102.5107,1508.916,-47.159313,0 days 00:01:00.599659660,0 days 00:01:00.624670998
0 days 00:00:00.950000,0 days 00:00:00.975011338,answer7 ,0.38990068,-26.734205,40.33729,0.0261942,-0.011829834,0.27571237,32.418724,19.585962,17.096346,8.107134,37.30775,0.016766174,1.122647,7.7721343,27.167694,34.034264,1227.4589,1727.5394,-38.373222,1828.8529,1770.9053,-37.339027,3201.0564,1261.8452,-46.969646,0 days 00:01:00.609659660,0 days 00:01:00.634670998
0 days 00:00:00.960000,0 days 00:00:00.985011338,answer7 ,0.346359,-23.623121,36.146637,0.022698544,-0.0069136177,0.22985941,29.476145,17.68811,16.595058,7.4255295,0.0,0.0,0.0,0.0,0.0,0.0,597.0306,1396.209,-201.0,1836.5651,1281.6978,-201.0,2790.881,1445.7328,-201.0,0 days 00:01:00.619659660,0 days 00:01:00.644670998
0 days 00:00:00.970000,0 days 00:00:01.001020408,answer7 ,0.30650404,-20.983532,32.937824,0.01929482,-0.00571162,0.22528327,26.162233,14.877495,17.59624,6.5070615,0.0,0.0,0.0,0.0,0.0,0.0,388.84616,1415.5673,-201.0,1655.1207,1356.4171,-201.0,2557.963,1498.1324,-201.0,0 days 00:01:00.629659660,0 days 00:01:00.660680068
