start,end,label,Loudness_sma3,alphaRatio_sma3,hammarbergIndex_sma3,slope0-500_sma3,slope500-1500_sma3,spectralFlux_sma3,mfcc1_sma3,mfcc2_sma3,mfcc3_sma3,mfcc4_sma3,F0semitoneFrom27.5Hz_sma3nz,jitterLocal_sma3nz,shimmerLocaldB_sma3nz,HNRdBACF_sma3nz,logRelF0-H1-H2_sma3nz,logRelF0-H1-A3_sma3nz,F1frequency_sma3nz,F1bandwidth_sma3nz,F1amplitudeLogRelF0_sma3nz,F2frequency_sma3nz,F2bandwidth_sma3nz,F2amplitudeLogRelF0_sma3nz,F3frequency_sma3nz,F3bandwidth_sma3nz,F3amplitudeLogRelF0_sma3nz,original_start,original_end
0 days 00:00:00,0 days 00:00:00.025011338,answer1,0.2138613,-14.933782,22.931671,-0.011006281,-0.025412736,0.015029109,21.535929,11.677666,7.87183,5.1420326,0.0,0.0,0.0,0.0,0.0,0.0,1193.3143,1475.0631,-201.0,2196.7844,1600.4369,-201.0,3553.2136,1116.5714,-201.0,0 days 00:00:07.040373707,0 days 00:00:07.065385045
0 days 00:00:00.010000,0 days 00:00:00.035011338,answer1,0.21739626,-14.885787,22.659433,0.0020151117,-0.021971026,0.033982452,21.535278,11.940845,6.5937047,0.080382824,0.0,0.0,0.0,0.0,0.0,0.0,1039.1703,1370.4648,-201.0,2027.9576,1485.6439,-201.0,3097.8945,1012.01434,-201.0,0 days 00:00:07.050373707,0 days 00:00:07.075385045
0 days 00:00:00.020000,0 days 00:00:00.045011338,answer1,0.22127706,-14.412693,21.728798,0.0033796772,-0.015745124,0.045044374,21.55716,11.385114,4.845115,-1.2307096,0.0,0.0,0.0,0.0,0.0,0.0,760.549,1433.9047,-201.0,1721.7965,1604.3813,-201.0,2512.5586,980.71,-201.0,0 days 00:00:07.060373707,0 days 00:00:07.085385045
0 days 00:00:00.030000,0 days 00:00:00.055011338,answer1,0.22408547,-13.202149,20.8695,0.004032766,-0.017215416,0.04409649,20.163101,10.897071,3.9006193,-3.5513923,0.0,0.0,0.0,0.0,0.0,0.0,705.7215,1460.6222,-201.0,1702.6378,1277.4349,-201.0,2611.2498,1023.13495,-201.0,0 days 00:00:07.070373707,0 days 00:00:07.095385045
0 days 00:00:00.040000,0 days 00:00:00.065011338,answer1,0.22037089,-11.844892,19.518583,-0.0012656505,-0.014833197,0.038974393,18.83035,10.464028,3.4241025,-0.24820606,0.0,0.0,0.0,0.0,0.0,0.0,707.0595,1587.3073,-201.0,1639.9702,1427.3042,-201.0,2521.8232,1116.19,-201.0,0 days 00:00:07.080373707,0 days 00:00:07.105385045
0 days 00:00:00.050000,0 days 00:00:00.075011338,answer1,0.21537952,-10.326199,18.206236,-0.0024783853,-0.014489577,0.04003076,16.773222,9.639416,3.7747562,-0.044336636,0.0,0.0,0.0,0.0,0.0,0.0,698.2813,1454.7394,-201.0,1593.3105,1281.9867,-201.0,2437.7927,1097.6444,-201.0,0 days 00:00:07.090373707,0 days 00:00:07.115385045
0 days 00:00:00.060000,0 days 00:00:00.085011338,answer1,0.22297542,-10.373015,17.44461,-0.011894015,-0.011208184,0.049733665,16.855688,8.825939,7.15707,3.3924096,0.0,0.0,0.0,0.0,0.0,0.0,570.67487,1423.8345,-201.0,1473.3481,1287.5054,-201.0,2376.882,1074.788,-201.0,0 days 00:00:07.100373707,0 days 00:00:07.125385045
0 days 00:00:00.070000,0 days 00:00:00.095011338,answer1,0.24242719,-10.166658,13.951098,-0.013808657,-0.016372,0.054831877,17.63178,7.7637954,9.410749,1.6646309,0.0,0.0,0.0,0.0,0.0,0.0,548.35736,1356.1005,-201.0,1534.0433,1092.5828,-201.0,2437.3535,978.1265,-201.0,0 days 00:00:07.110373707,0 days 00:00:07.135385045
0 days 00:00:00.080000,0 days 00:00:00.105011338,answer1,0.2555535,-9.559677,10.8285675,-0.0047606323,-0.016856259,0.061452355,18.233377,6.789353,11.852225,2.513418,0.0,0.0,0.0,0.0,0.0,0.0,759.5804,1450.3136,-201.0,1772.3177,997.56055,-201.0,2697.905,884.71356,-201.0,0 days 00:00:07.120373707,0 days 00:00:07.145385045
0 days 00:00:00.090000,0 days 00:00:00.115011338,answer1,0.26078644,-9.029519,9.832868,0.0077109956,-0.020481514,0.055001408,18.926409,5.9049683,9.752353,1.433147,0.0,0.0,0.0,0.0,0.0,0.0,869.5037,1518.7367,-201.0,1948.8317,916.44824,-201.0,2968.2751,1136.8701,-201.0,0 days 00:00:07.130373707,0 days 00:00:07.155385045
0 days 00:00:00.100000,0 days 00:00:00.125011338,answer1,0.25720406,-9.847487,14.034593,0.015562841,-0.016289735,0.05099799,18.798414,6.8510666,7.9965186,1.4437046,0.0,0.0,0.0,0.0,0.0,0.0,724.53107,1569.7035,-201.0,1827.7354,1031.8148,-201.0,2908.5144,1196.2496,-201.0,0 days 00:00:07.140373707,0 days 00:00:07.165385045
0 days 00:00:00.110000,0 days 00:00:00.135011338,answer1,0.25837708,-11.970799,18.744684,0.011238196,-0.016894711,0.04834633,20.132841,8.830749,5.3041744,-0.50141376,0.0,0.0,0.0,0.0,0.0,0.0,503.6516,1488.2269,-201.0,1640.7515,1080.6373,-201.0,2774.4102,1223.5502,-201.0,0 days 00:00:07.150373707,0 days 00:00:07.175385045
0 days 00:00:00.120000,0 days 00:00:00.145011338,answer1,0.26803133,-11.003288,18.949883,0.007737407,-0.012673612,0.047596693,17.003935,8.974418,7.073025,1.5452557,0.0,0.0,0.0,0.0,0.0,0.0,578.5114,1429.514,-201.0,1681.6,1262.1055,-201.0,2582.8057,1001.57275,-201.0,0 days 00:00:07.160373707,0 days 00:00:07.185385045
0 days 00:00:00.130000,0 days 00:00:00.155011338,answer1,0.3127748,-9.974448,17.86292,-0.01062344,-0.012625887,0.06344307,14.244803,8.062717,11.955238,5.4436135,0.0,0.0,0.0,0.0,0.0,0.0,770.48456,1372.018,-201.0,1789.5098,1212.9429,-201.0,2634.3608,941.2419,-201.0,0 days 00:00:07.170373707,0 days 00:00:07.195385045
0 days 00:00:00.140000,0 days 00:00:00.165011338,answer1,0.35208145,-8.430374,17.064972,-0.009851952,-0.016474541,0.06766672,11.141049,7.2605042,16.477127,6.9945984,0.0,0.0,0.0,0.0,0.0,0.0,808.2391,1434.6803,-201.0,1877.8033,1172.4686,-201.0,2691.8408,924.6147,-201.0,0 days 00:00:07.180373707,0 days 00:00:07.205385045
0 days 00:00:00.150000,0 days 00:00:00.175011338,answer1,0.35957634,-9.130964,18.119696,-0.020187909,-0.014615171,0.07693189,10.840034,6.828811,17.716614,11.0963545,0.0,0.0,0.0,0.0,0.0,0.0,785.2697,1372.9015,-201.0,1773.7432,1038.8418,-201.0,2647.566,850.6802,-201.0,0 days 00:00:07.190373707,0 days 00:00:07.215385045
0 days 00:00:00.160000,0 days 00:00:00.185011338,answer1,0.34313083,-11.587186,21.600721,-0.0140621485,-0.0129556125,0.07893067,13.239772,9.863819,15.215653,10.987496,0.0,0.0,0.0,0.0,0.0,0.0,774.4521,1411.2759,-201.0,1790.278,1068.1061,-201.0,2673.6638,871.23016,-201.0,0 days 00:00:07.200373707,0 days 00:00:07.225385045
0 days 00:00:00.170000,0 days 00:00:00.195011338,answer1,0.32262325,-13.436104,22.733109,-0.0170538,-0.007370353,0.09042567,15.289205,11.677602,14.124013,13.114213,0.0,0.0,0.0,0.0,0.0,0.0,887.0599,1344.7954,-201.0,1814.5177,1052.6151,-201.0,2681.304,851.63995,-201.0,0 days 00:00:07.210373707,0 days 00:00:07.235385045
0 days 00:00:00.180000,0 days 00:00:00.205011338,answer1,0.3107996,-13.056121,21.327074,0.01518103,-0.01094244,0.1059408,16.223183,11.387581,8.898929,5.22142,0.0,0.0,0.0,0.0,0.0,0.0,887.7089,1302.1471,-201.0,1857.5321,1002.3038,-201.0,2720.596,822.2251,-201.0,0 days 00:00:07.220373707,0 days 00:00:07.245385045
0 days 00:00:00.190000,0 days 00:00:00.215011338,answer1,0.2911538,-11.365784,18.154364,0.032504108,-0.012108624,0.09080136,15.68597,9.964504,6.3377833,2.2321184,0.0,0.0,0.0,0.0,0.0,0.0,898.6092,1289.5272,-201.0,1857.4777,1027.6124,-201.0,2680.348,829.0712,-201.0,0 days 00:00:07.230373707,0 days 00:00:07.255385045
0 days 00:00:00.200000,0 days 00:00:00.225011338,answer1,0.28826988,-11.961436,19.422525,0.048821554,-0.01842923,0.09455726,16.43824,12.27415,5.393292,-0.8567887,0.0,0.0,0.0,0.0,0.0,0.0,729.95514,1360.6707,-201.0,1794.7303,1103.0985,-201.0,2657.015,1005.76056,-201.0,0 days 00:00:07.240373707,0 days 00:00:07.265385045
0 days 00:00:00.210000,0 days 00:00:00.235011338,answer1,0.28119478,-13.334824,22.379023,0.02349005,-0.014214553,0.07383618,16.920118,15.354871,9.423001,5.352385,0.0,0.0,0.0,0.0,0.0,0.0,797.9917,1527.3639,-201.0,1852.3605,1291.0426,-201.0,2598.5532,1396.3105,-201.0,0 days 00:00:07.250373707,0 days 00:00:07.275385045
0 days 00:00:00.220000,0 days 00:00:00.245011338,answer1,0.2783475,-13.50192,22.311089,0.013675253,-0.013155638,0.07895694,17.364092,15.212522,9.318534,5.931835,0.0,0.0,0.0,0.0,0.0,0.0,811.20245,1457.9269,-201.0,1867.9386,1276.6,-201.0,2658.9766,1384.8574,-201.0,0 days 00:00:07.260373707,0 days 00:00:07.285385045
0 days 00:00:00.230000,0 days 00:00:00.255011337,answer1,0.27697977,-12.4802885,20.564337,-0.0011799013,-0.007806484,0.063903466,17.349905,11.723384,7.187144,9.748379,0.0,0.0,0.0,0.0,0.0,0.0,1001.53217,1315.1378,-201.0,1951.6178,1177.9252,-201.0,2778.5752,1185.6776,-201.0,0 days 00:00:07.270373707,0 days 00:00:07.295385044
0 days 00:00:00.240000,0 days 00:00:00.265011338,answer1,0.29330984,-11.538627,17.880814,0.00029304004,-0.010981057,0.07198381,18.862093,8.443425,4.3762455,5.387598,0.0,0.0,0.0,0.0,0.0,0.0,956.647,1360.8844,-201.0,1887.2599,1067.6816,-201.0,2895.5671,754.6268,-201.0,0 days 00:00:07.280373707,0 days 00:00:07.305385045
0 days 00:00:00.250000,0 days 00:00:00.275011338,answer1,0.3242376,-9.949511,16.259651,-0.00097220164,-0.00860772,0.06889536,19.701462,5.581644,2.6282794,5.765987,0.0,0.0,0.0,0.0,0.0,0.0,899.70557,1653.4424,-201.0,1848.4136,1179.8739,-201.0,2908.8977,1072.2639,-201.0,0 days 00:00:07.290373707,0 days 00:00:07.315385045
0 days 00:00:00.260000,0 days 00:00:00.285011338,answer1,0.35359898,-8.558379,15.070976,0.003413096,-0.008581804,0.07420202,18.863365,4.753391,2.4029982,1.5325254,0.0,0.0,0.0,0.0,0.0,0.0,657.76166,1934.2642,-201.0,1650.8594,1338.0914,-201.0,2671.6829,1162.3668,-201.0,0 days 00:00:07.300373707,0 days 00:00:07.325385045
0 days 00:00:00.270000,0 days 00:00:00.295011338,answer1,0.36932123,-6.768575,14.387052,0.008108775,-0.0064466856,0.06544348,16.782042,3.835963,2.5892992,1.7851838,0.0,0.0,0.0,0.0,0.0,0.0,627.21246,1787.1191,-201.0,1627.7369,1293.3768,-201.0,2623.5164,1272.3682,-201.0,0 days 00:00:07.310373707,0 days 00:00:07.335385045
0 days 00:00:00.280000,0 days 00:00:00.305011338,answer1,0.37072113,-6.890808,14.846046,0.0105589675,-0.011726503,0.06995425,14.78854,4.430157,4.8131413,-0.1438675,0.0,0.0,0.0,0.0,0.0,0.0,665.39355,1521.433,-201.0,1635.4674,1129.4231,-201.0,2599.2832,939.5813,-201.0,0 days 00:00:07.320373707,0 days 00:00:07.345385045
0 days 00:00:00.290000,0 days 00:00:00.315011338,answer1,0.39638552,-4.8221955,11.652358,0.013145699,-0.011591341,0.06797433,12.01183,2.0535197,7.2174354,-3.0519822,0.0,0.0,0.0,0.0,0.0,0.0,956.71234,1301.7802,-201.0,1887.1793,1068.4235,-201.0,2819.386,843.2375,-201.0,0 days 00:00:07.330373707,0 days 00:00:07.355385045
0 days 00:00:00.300000,0 days 00:00:00.325011338,answer1,0.43723652,-4.6128087,10.028492,0.016600547,-0.015042417,0.07794202,11.804825,-0.5674899,6.2997417,-5.7075596,0.0,0.0,0.0,0.0,0.0,0.0,955.56,1261.1725,-201.0,1873.9755,1024.8546,-201.0,2822.0144,711.383,-201.0,0 days 00:00:07.340373707,0 days 00:00:07.365385045
0 days 00:00:00.310000,0 days 00:00:00.335011338,answer1,0.4718894,-3.2831135,7.638544,0.008439116,-0.0107538095,0.08416605,9.995203,-1.6783457,7.676712,-2.4589002,0.0,0.0,0.0,0.0,0.0,0.0,757.08685,1422.1451,-201.0,1715.7994,1175.4028,-201.0,2582.5076,857.2137,-201.0,0 days 00:00:07.350373707,0 days 00:00:07.375385045
0 days 00:00:00.320000,0 days 00:00:00.345011338,answer1,0.46536675,-3.0854893,7.502559,0.00084216613,-0.010893636,0.08779365,9.322637,-1.4092798,2.3449764,0.28286216,0.0,0.0,0.0,0.0,0.0,0.0,665.81665,1378.6105,-201.0,1652.5829,1061.0101,-201.0,2541.9077,861.42334,-201.0,0 days 00:00:07.360373707,0 days 00:00:07.385385045
0 days 00:00:00.330000,0 days 00:00:00.355011338,answer1,0.43200374,-2.4128075,6.5848274,-0.0006800399,-0.0063677994,0.07755373,8.071002,-0.35713437,0.45013508,0.808918,0.0,0.0,0.0,0.0,0.0,0.0,658.29474,1357.6332,-201.0,1661.9932,1036.6989,-201.0,2544.862,881.9357,-201.0,0 days 00:00:07.370373707,0 days 00:00:07.395385045
0 days 00:00:00.340000,0 days 00:00:00.365011338,answer1,0.39983746,-3.710656,8.907324,0.017647685,-0.010047476,0.0712597,9.921056,-1.1741225,-2.9428895,-4.27858,0.0,0.0,0.0,0.0,0.0,0.0,891.065,1220.2953,-201.0,1847.5797,1019.4372,-201.0,2747.7249,769.13104,-201.0,0 days 00:00:07.380373707,0 days 00:00:07.405385045
0 days 00:00:00.350000,0 days 00:00:00.375011338,answer1,0.3733983,-4.9989333,11.162648,0.019476013,-0.0111127915,0.06653759,12.92018,-1.660293,-1.2766064,-3.49982,0.0,0.0,0.0,0.0,0.0,0.0,764.04034,1266.5985,-201.0,1697.0566,1139.8263,-201.0,2528.573,905.16925,-201.0,0 days 00:00:07.390373707,0 days 00:00:07.415385045
0 days 00:00:00.360000,0 days 00:00:00.385011338,answer1,0.34714186,-6.5679817,14.850067,0.014012705,-0.010746591,0.06785445,15.487554,1.0855304,1.1620914,-1.2934638,0.0,0.0,0.0,0.0,0.0,0.0,599.3777,1472.4307,-201.0,1523.3398,1265.0713,-201.0,2462.4631,909.8597,-201.0,0 days 00:00:07.400373707,0 days 00:00:07.425385045
0 days 00:00:00.370000,0 days 00:00:00.395011338,answer1,0.33369645,-7.74414,15.652404,0.0076192785,-0.011666539,0.06492195,17.387182,3.244262,3.047943,0.5794263,0.0,0.0,0.0,0.0,0.0,0.0,430.8522,1532.8467,-201.0,1421.7418,1331.7098,-201.0,2425.3767,904.9439,-201.0,0 days 00:00:07.410373707,0 days 00:00:07.435385045
0 days 00:00:00.380000,0 days 00:00:00.405011338,answer1,0.32813445,-8.342789,16.314777,0.012305801,-0.00901238,0.06335381,18.071836,4.018208,3.0472882,0.3907518,0.0,0.0,0.0,0.0,0.0,0.0,634.7592,1549.1934,-201.0,1635.6401,1384.9502,-201.0,2624.9465,868.19476,-201.0,0 days 00:00:07.420373707,0 days 00:00:07.445385045
0 days 00:00:00.390000,0 days 00:00:00.415011338,answer1,0.34731197,-9.762931,17.468575,0.016880916,-0.011280138,0.07368586,19.688408,4.0272145,4.079381,1.2001255,0.0,0.0,0.0,0.0,0.0,0.0,954.4677,1469.9545,-201.0,1950.9205,1466.5226,-201.0,3094.1042,1172.5438,-201.0,0 days 00:00:07.430373707,0 days 00:00:07.455385045
0 days 00:00:00.400000,0 days 00:00:00.425011338,answer1,0.3610587,-8.83076,18.548197,0.012646773,-0.005643042,0.082453735,19.702837,2.3993003,3.9567277,2.9177303,0.0,0.0,0.0,0.0,0.0,0.0,1112.3209,1402.2604,-201.0,2020.5336,1411.6685,-201.0,3090.8723,1168.2568,-201.0,0 days 00:00:07.440373707,0 days 00:00:07.465385045
0 days 00:00:00.410000,0 days 00:00:00.435011338,answer1,0.36558297,-9.390307,18.336134,0.01486807,-0.005630683,0.08897307,19.172148,2.7108326,5.8185334,0.16704957,0.0,0.0,0.0,0.0,0.0,0.0,1111.3754,1360.2236,-201.0,1979.2526,1431.6793,-201.0,3069.6619,1144.3783,-201.0,0 days 00:00:07.450373707,0 days 00:00:07.475385045
0 days 00:00:00.420000,0 days 00:00:00.445011338,answer1,0.3601786,-8.21452,16.19368,0.015314735,-0.005133949,0.08257852,18.09657,1.2726874,4.2275014,-1.8696532,0.0,0.0,0.0,0.0,0.0,0.0,777.64746,1465.9658,-201.0,1647.8369,1414.2535,-201.0,2538.771,900.3748,-201.0,0 days 00:00:07.460373707,0 days 00:00:07.485385045
0 days 00:00:00.430000,0 days 00:00:00.455011338,answer1,0.34719846,-8.703141,15.070653,0.0089979125,-0.007061854,0.076399796,17.896967,2.793969,4.9358964,-2.2218688,0.0,0.0,0.0,0.0,0.0,0.0,587.4011,1514.2457,-201.0,1479.3169,1348.6152,-201.0,2432.715,854.7048,-201.0,0 days 00:00:07.470373707,0 days 00:00:07.495385045
0 days 00:00:00.440000,0 days 00:00:00.465011338,answer1,0.34672487,-8.560525,16.50376,0.0011351559,-0.005853539,0.07206222,19.197096,3.3046389,5.0234666,1.8243017,0.0,0.0,0.0,0.0,0.0,0.0,369.63876,1512.7339,-201.0,1295.7451,1139.9305,-201.0,2368.5771,722.16864,-201.0,0 days 00:00:07.480373707,0 days 00:00:07.505385045
0 days 00:00:00.450000,0 days 00:00:00.475011338,answer1,0.34340405,-9.028893,16.14672,0.0017854167,-0.008268658,0.073492505,19.30526,3.3950596,6.304644,0.16603136,0.0,0.0,0.0,0.0,0.0,0.0,404.3546,1455.0435,-201.0,1305.3634,1251.6273,-201.0,2272.797,901.9128,-201.0,0 days 00:00:07.490373707,0 days 00:00:07.515385045
0 days 00:00:00.460000,0 days 00:00:00.485011338,answer1,0.37440908,-8.2243,14.564439,0.011527628,-0.011573724,0.08236136,18.09387,2.2590485,9.383696,-3.913192,0.0,0.0,0.0,0.0,0.0,0.0,580.4041,1406.8701,-201.0,1491.5151,1169.532,-201.0,2439.7234,858.27783,-201.0,0 days 00:00:07.500373707,0 days 00:00:07.525385045
0 days 00:00:00.470000,0 days 00:00:00.495011338,answer1,0.38410524,-8.870315,13.918457,0.016654033,-0.014443532,0.08291117,17.798706,2.1977475,10.605794,-8.085717,0.0,0.0,0.0,0.0,0.0,0.0,780.5319,1409.486,-201.0,1688.767,1325.3134,-201.0,2494.6018,967.59686,-201.0,0 days 00:00:07.510373707,0 days 00:00:07.535385045
0 days 00:00:00.480000,0 days 00:00:00.505011338,answer1,0.40514633,-9.086722,15.674279,0.019821836,-0.0151977865,0.088579975,18.568048,1.9096223,9.392057,-7.0135407,0.0,0.0,0.0,0.0,0.0,0.0,928.9665,1360.036,-201.0,1823.5543,1121.1786,-201.0,2685.045,761.5252,-201.0,0 days 00:00:07.520373707,0 days 00:00:07.545385045
0 days 00:00:00.490000,0 days 00:00:00.515011338,answer1,0.38953185,-10.02938,16.75086,0.013402942,-0.014676899,0.08659455,20.315094,2.540008,5.3180866,-4.3273377,0.0,0.0,0.0,0.0,0.0,0.0,735.8963,1432.687,-201.0,1653.0566,1184.6597,-201.0,2570.924,825.70416,-201.0,0 days 00:00:07.530373707,0 days 00:00:07.555385045
0 days 00:00:00.500000,0 days 00:00:00.525011338,answer1,0.3913145,-10.682563,17.11754,0.00972481,-0.01947722,0.09045007,21.032816,4.1984267,3.7877266,-3.244073,0.0,0.0,0.0,0.0,0.0,0.0,538.48773,1512.1097,-201.0,1429.8688,1194.1636,-201.0,2408.7766,900.42755,-201.0,0 days 00:00:07.540373707,0 days 00:00:07.565385045
0 days 00:00:00.510000,0 days 00:00:00.535011338,answer1,0.37602606,-11.947255,17.520117,0.0041523194,-0.020254802,0.08891065,21.10387,6.896269,5.685987,-4.4365993,0.0,0.0,0.0,0.0,0.0,0.0,408.63882,1583.4198,-201.0,1411.6699,1241.0968,-201.0,2376.3838,937.45087,-201.0,0 days 00:00:07.550373707,0 days 00:00:07.575385045
0 days 00:00:00.520000,0 days 00:00:00.545011338,answer1,0.36584592,-10.9873495,16.84569,0.0148645295,-0.017776579,0.09176817,19.997505,5.4761176,4.8934417,-5.638607,0.0,0.0,0.0,0.0,0.0,0.0,581.15656,1517.8549,-201.0,1603.5845,1210.836,-201.0,2489.5107,944.60516,-201.0,0 days 00:00:07.560373707,0 days 00:00:07.585385045
0 days 00:00:00.530000,0 days 00:00:00.555011338,answer1,0.3561734,-10.075015,16.581253,0.02323781,-0.012084412,0.088883154,19.958826,4.456879,4.6589985,-5.799355,0.0,0.0,0.0,0.0,0.0,0.0,550.1457,1572.8241,-201.0,1615.6119,1144.1254,-201.0,2550.8955,863.96,-201.0,0 days 00:00:07.570373707,0 days 00:00:07.595385045
0 days 00:00:00.540000,0 days 00:00:00.565011338,answer1,0.35428062,-8.352596,15.12387,0.016815865,-0.008928764,0.08569256,19.71714,2.8100684,2.6746988,-3.906746,0.0,0.0,0.0,0.0,0.0,0.0,503.26904,1526.357,-201.0,1469.6469,1140.2728,-201.0,2394.298,929.27374,-201.0,0 days 00:00:07.580373707,0 days 00:00:07.605385045
0 days 00:00:00.550000,0 days 00:00:00.575011338,answer1,0.3668473,-8.960087,16.873732,0.0034613423,-0.008461171,0.082651064,21.020788,4.1195664,2.2996938,-3.1690185,0.0,0.0,0.0,0.0,0.0,0.0,545.92834,1544.0067,-201.0,1560.3451,1172.5114,-201.0,2760.1667,1124.7286,-201.0,0 days 00:00:07.590373707,0 days 00:00:07.615385045
0 days 00:00:00.560000,0 days 00:00:00.585011338,answer1,0.37096348,-8.451175,15.430356,-0.003015807,-0.010570803,0.09002734,20.118624,3.1847162,1.0532018,-5.141472,0.0,0.0,0.0,0.0,0.0,0.0,577.208,1498.7955,-201.0,1558.7108,1290.8838,-201.0,2740.709,1108.3602,-201.0,0 days 00:00:07.600373707,0 days 00:00:07.625385045
0 days 00:00:00.570000,0 days 00:00:00.595011338,answer1,0.37128425,-7.4247537,14.707252,0.004766168,-0.010175782,0.082481526,18.92563,1.4559584,-0.3034866,-6.4038835,0.0,0.0,0.0,0.0,0.0,0.0,590.2814,1459.2969,-201.0,1565.9469,1278.2894,-201.0,2761.6912,1093.9961,-201.0,0 days 00:00:07.610373707,0 days 00:00:07.635385045
0 days 00:00:00.580000,0 days 00:00:00.605011338,answer1,0.35154557,-7.488381,13.743354,0.0062767467,-0.007963411,0.07632017,18.136396,1.9266148,1.4376684,-4.5886,0.0,0.0,0.0,0.0,0.0,0.0,656.1037,1416.04,-201.0,1625.8652,1180.6696,-201.0,2894.532,906.79047,-201.0,0 days 00:00:07.620373707,0 days 00:00:07.645385045
0 days 00:00:00.590000,0 days 00:00:00.615011338,answer1,0.35296392,-7.9508743,15.942546,0.0124046365,-0.0067274193,0.068340935,19.115986,1.9837786,2.2109463,-2.9077752,0.0,0.0,0.0,0.0,0.0,0.0,812.26514,1376.2694,-201.0,1746.336,1061.4729,-201.0,2994.7676,840.77734,-201.0,0 days 00:00:07.630373707,0 days 00:00:07.655385045
0 days 00:00:00.600000,0 days 00:00:00.625011338,answer1,0.3545785,-9.105909,17.50385,0.018755054,-0.0072374158,0.069326036,20.261093,3.9104843,2.5081298,-3.9744232,0.0,0.0,0.0,0.0,0.0,0.0,1109.3671,1380.0714,-201.0,2111.6565,1578.0277,-201.0,3151.8254,791.9389,-201.0,0 days 00:00:07.640373707,0 days 00:00:07.665385045
0 days 00:00:00.610000,0 days 00:00:00.635011338,answer1,0.35944435,-8.887033,17.72941,0.019887703,-0.009892924,0.07739451,19.944036,3.2147665,0.3048526,-6.380262,0.0,0.0,0.0,0.0,0.0,0.0,985.71954,1342.1027,-201.0,1934.1693,1607.819,-201.0,2650.1414,698.42267,-201.0,0 days 00:00:07.650373707,0 days 00:00:07.675385045
0 days 00:00:00.620000,0 days 00:00:00.645011338,answer1,0.35738066,-9.297164,17.40513,0.013168774,-0.009048053,0.07779727,20.067606,4.7398334,0.021943092,-5.8003364,0.0,0.0,0.0,0.0,0.0,0.0,1023.3423,1389.701,-201.0,2033.274,1727.3871,-201.0,2704.7366,747.50543,-201.0,0 days 00:00:07.660373707,0 days 00:00:07.685385045
0 days 00:00:00.630000,0 days 00:00:00.655011338,answer1,0.3512752,-9.263268,17.066866,0.0048419484,-0.007899725,0.0880892,19.698248,3.8771732,0.32125577,-2.5988538,0.0,0.0,0.0,0.0,0.0,0.0,983.52216,1322.2667,-201.0,1962.691,2101.6511,-201.0,2632.21,774.3632,-201.0,0 days 00:00:07.670373707,0 days 00:00:07.695385045
0 days 00:00:00.640000,0 days 00:00:00.665011338,answer1,0.35350084,-9.100749,16.997194,0.01295159,-0.008217501,0.08359601,19.641714,3.3687904,-0.69458777,-2.99166,0.0,0.0,0.0,0.0,0.0,0.0,1060.6073,1444.4951,-201.0,1952.639,2381.029,-201.0,2597.1729,880.2539,-201.0,0 days 00:00:07.680373707,0 days 00:00:07.705385045
0 days 00:00:00.650000,0 days 00:00:00.675011338,answer1,0.34230816,-8.892045,16.76609,0.02415976,-0.009182864,0.08169634,18.502497,3.0644302,-0.19981448,-5.041802,0.0,0.0,0.0,0.0,0.0,0.0,822.3779,1545.3439,-201.0,1747.0165,2376.7703,-201.0,2452.779,1238.7365,-201.0,0 days 00:00:07.690373707,0 days 00:00:07.715385045
0 days 00:00:00.660000,0 days 00:00:00.685011338,answer1,0.33181986,-8.618462,16.356695,0.01931447,-0.009449912,0.074182004,18.177038,3.4715948,0.64188695,-7.523909,0.0,0.0,0.0,0.0,0.0,0.0,771.2388,1597.7955,-201.0,1682.7037,1618.005,-201.0,2542.2034,1252.7805,-201.0,0 days 00:00:07.700373707,0 days 00:00:07.725385045
0 days 00:00:00.670000,0 days 00:00:00.695011338,answer1,0.32339332,-8.84906,15.547727,0.017559342,-0.005897563,0.06796551,18.43981,4.733236,3.6485481,-5.6705327,0.0,0.0,0.0,0.0,0.0,0.0,806.78,1408.8302,-201.0,1837.6605,1262.3251,-201.0,2900.863,1228.7594,-201.0,0 days 00:00:07.710373707,0 days 00:00:07.735385045
0 days 00:00:00.680000,0 days 00:00:00.705011338,answer1,0.32113478,-8.455358,14.214879,0.0056971796,-0.0034778118,0.0666639,18.667498,4.421024,3.908191,-3.9691048,0.0,0.0,0.0,0.0,0.0,0.0,1053.3597,1217.3018,-201.0,2075.8894,1297.9774,-201.0,2992.8652,1025.9697,-201.0,0 days 00:00:07.720373707,0 days 00:00:07.745385045
0 days 00:00:00.690000,0 days 00:00:00.715011338,answer1,0.34006897,-9.344045,14.840355,0.019571098,-0.003920714,0.0685207,20.420563,3.9995124,5.180217,-2.6886578,0.0,0.0,0.0,0.0,0.0,0.0,1047.855,1303.4136,-201.0,2106.7239,1229.9663,-201.0,3013.5508,1008.84125,-201.0,0 days 00:00:07.730373707,0 days 00:00:07.755385045
0 days 00:00:00.700000,0 days 00:00:00.725011338,answer1,0.34226742,-10.013589,18.109514,0.02455467,-0.00708818,0.074902125,21.073114,3.480278,3.1959295,-5.173186,0.0,0.0,0.0,0.0,0.0,0.0,723.76715,1552.9742,-201.0,1773.662,1351.496,-201.0,2588.1885,968.88275,-201.0,0 days 00:00:07.740373707,0 days 00:00:07.765385045
0 days 00:00:00.710000,0 days 00:00:00.735011338,answer1,0.34662655,-11.060269,22.372515,0.035813306,-0.005809855,0.08701221,22.166914,3.3767464,2.8160496,-4.3979597,0.0,0.0,0.0,0.0,0.0,0.0,713.2282,1547.1836,-201.0,1691.4867,1324.1691,-201.0,2571.0334,827.64996,-201.0,0 days 00:00:07.750373707,0 days 00:00:07.775385045
0 days 00:00:00.720000,0 days 00:00:00.745011338,answer1,0.33486795,-11.6978655,24.411547,0.030573344,-0.005124744,0.08657237,21.876963,5.4343076,1.6857896,-5.0690465,0.0,0.0,0.0,0.0,0.0,0.0,807.5378,1406.1562,-201.0,1842.7675,1243.3213,-201.0,2917.0762,997.5244,-201.0,0 days 00:00:07.760373707,0 days 00:00:07.785385045
0 days 00:00:00.730000,0 days 00:00:00.755011338,answer1,0.34094176,-13.272883,24.308023,0.027125835,-0.011561394,0.08157437,23.261955,7.5474353,2.2351475,-6.537309,0.0,0.0,0.0,0.0,0.0,0.0,1034.6268,1229.9805,-201.0,2077.1348,1126.1901,-201.0,3218.716,1114.3911,-201.0,0 days 00:00:07.770373707,0 days 00:00:07.795385045
0 days 00:00:00.740000,0 days 00:00:00.765011338,answer1,0.3361775,-13.654103,22.538153,0.024679868,-0.020218546,0.07147785,22.544397,8.259258,3.3768508,-11.198329,0.0,0.0,0.0,0.0,0.0,0.0,1014.8393,1296.3507,-201.0,2138.1963,1007.19403,-201.0,3311.367,1090.0251,-201.0,0 days 00:00:07.780373707,0 days 00:00:07.805385045
0 days 00:00:00.750000,0 days 00:00:00.775011338,answer1,0.31778076,-12.729004,20.316593,0.026933262,-0.022860235,0.07035599,20.394638,7.2749424,5.2156196,-12.284042,0.0,0.0,0.0,0.0,0.0,0.0,911.7739,1297.442,-201.0,1966.5643,1025.7828,-201.0,2923.1077,944.4863,-201.0,0 days 00:00:07.790373707,0 days 00:00:07.815385045
0 days 00:00:00.760000,0 days 00:00:00.785011338,answer1,0.30402848,-10.585273,19.281916,0.027880857,-0.013958144,0.06458426,18.255842,5.527764,4.972633,-8.618146,0.0,0.0,0.0,0.0,0.0,0.0,949.05664,1252.6908,-201.0,1991.7074,1251.9117,-201.0,2689.469,920.79974,-201.0,0 days 00:00:07.800373707,0 days 00:00:07.825385045
0 days 00:00:00.770000,0 days 00:00:00.795011338,answer1,0.303699,-9.894886,19.27955,0.028717933,-0.005875865,0.06493122,18.941545,5.8116565,3.3580503,-3.5415137,0.0,0.0,0.0,0.0,0.0,0.0,980.1509,1319.5063,-201.0,1836.1666,1355.9845,-201.0,2600.5923,902.80176,-201.0,0 days 00:00:07.810373707,0 days 00:00:07.835385045
0 days 00:00:00.780000,0 days 00:00:00.805011338,answer1,0.31830096,-10.095584,21.025866,0.02179282,-0.003604499,0.06373432,21.427145,6.634317,1.3974041,1.9410343,0.0,0.0,0.0,0.0,0.0,0.0,1035.6357,1800.6715,-201.0,1619.0743,1444.306,-201.0,2575.158,867.3746,-201.0,0 days 00:00:07.820373707,0 days 00:00:07.845385045
0 days 00:00:00.790000,0 days 00:00:00.815011338,answer1,0.3179729,-9.878704,20.860958,0.02438158,-0.0034529825,0.07148424,22.044245,7.3943076,0.7285382,4.212183,0.0,0.0,0.0,0.0,0.0,0.0,1101.165,1881.9237,-201.0,1730.8976,1252.5485,-201.0,3073.9011,855.9495,-201.0,0 days 00:00:07.830373707,0 days 00:00:07.855385045
0 days 00:00:00.800000,0 days 00:00:00.825011338,answer1,0.31517592,-8.3349695,18.536982,0.028831849,-0.0030157326,0.066865,21.160048,5.4921527,-0.25271752,4.3286595,0.0,0.0,0.0,0.0,0.0,0.0,1126.0941,1703.0098,-201.0,1903.4418,1547.355,-201.0,3069.0515,927.79126,-201.0,0 days 00:00:07.840373707,0 days 00:00:07.865385045
0 days 00:00:00.810000,0 days 00:00:00.835011338,answer1,0.3049716,-8.047158,17.09131,0.033419304,-0.0026613371,0.0673363,19.379541,4.829045,-2.212035,-0.9394048,0.0,0.0,0.0,0.0,0.0,0.0,1058.663,1309.232,-201.0,1996.7974,1519.9067,-201.0,3084.4182,842.0198,-201.0,0 days 00:00:07.850373707,0 days 00:00:07.875385045
0 days 00:00:00.820000,0 days 00:00:00.845011338,answer1,0.29693517,-9.274581,17.86347,0.027757257,-0.009879015,0.0633393,19.514168,5.9791045,-1.6652813,-4.269517,0.0,0.0,0.0,0.0,0.0,0.0,908.5617,1545.7511,-201.0,1784.4066,1646.7892,-201.0,2645.7793,918.1231,-201.0,0 days 00:00:07.860373707,0 days 00:00:07.885385045
0 days 00:00:00.830000,0 days 00:00:00.855011338,answer1,0.28579125,-10.83044,19.578444,0.025912741,-0.016923543,0.059688896,18.69182,8.454112,-2.7910662,-7.327945,0.0,0.0,0.0,0.0,0.0,0.0,845.5786,1576.1997,-201.0,1707.5304,1214.6339,-201.0,2688.4373,877.55927,-201.0,0 days 00:00:07.870373707,0 days 00:00:07.895385045
0 days 00:00:00.840000,0 days 00:00:00.865011338,answer1,0.28942958,-12.27182,20.738848,0.02324869,-0.02014024,0.05975549,19.499624,10.724907,-0.3747816,-6.1820564,0.0,0.0,0.0,0.0,0.0,0.0,661.2448,1691.5098,-201.0,1637.6244,1325.1418,-201.0,2527.1025,1331.106,-201.0,0 days 00:00:07.880373707,0 days 00:00:07.905385045
0 days 00:00:00.850000,0 days 00:00:00.875011338,answer1,0.3545518,-9.265803,16.4269,0.01771963,-0.01730688,0.07608033,16.775621,5.4779334,3.669653,-4.3180976,0.0,0.0,0.0,0.0,0.0,0.0,730.5804,2384.1887,-201.0,1488.4923,1402.0797,-201.0,2445.9802,1161.034,-201.0,0 days 00:00:07.890373707,0 days 00:00:07.915385045
0 days 00:00:00.860000,0 days 00:00:00.885011338,answer1,0.4434531,-5.5096087,11.715257,0.006878605,-0.012433455,0.087106705,13.850331,-1.7456561,7.9786053,-3.4454353,0.0,0.0,0.0,0.0,0.0,0.0,559.86115,2506.1648,-201.0,1355.438,1482.0824,-201.0,2344.7,1314.2064,-201.0,0 days 00:00:07.900373707,0 days 00:00:07.925385045
0 days 00:00:00.870000,0 days 00:00:00.895011338,answer1,0.50175136,-2.50348,8.523814,0.01127079,-0.0064949817,0.10484386,10.9798765,-7.241384,11.818763,-2.6563313,0.0,0.0,0.0,0.0,0.0,0.0,755.6343,2376.5027,-201.0,1442.2783,1361.042,-201.0,2484.448,1023.2295,-201.0,0 days 00:00:07.910373707,0 days 00:00:07.935385045
0 days 00:00:00.880000,0 days 00:00:00.905011338,answer1,0.47861207,-3.7199862,10.224948,0.016174346,-0.0028536438,0.09584811,11.752135,-5.9274135,13.152152,-3.9797828,0.0,0.0,0.0,0.0,0.0,0.0,909.05634,1280.7279,-201.0,1842.7677,1093.8934,-201.0,3042.9792,1075.7007,-201.0,0 days 00:00:07.920373707,0 days 00:00:07.945385045
0 days 00:00:00.890000,0 days 00:00:00.915011338,answer1,0.42988113,-4.157185,11.408076,0.019945297,0.0019080527,0.09634759,13.510704,-4.3552494,10.177474,-3.3826036,0.0,0.0,0.0,0.0,0.0,0.0,1093.9342,1149.3588,-201.0,1976.3795,1029.2911,-201.0,3166.1309,870.9473,-201.0,0 days 00:00:07.930373707,0 days 00:00:07.955385045
0 days 00:00:00.900000,0 days 00:00:00.925011338,answer1,0.42143106,-2.8635128,13.056125,0.013431616,0.006145619,0.083451204,15.387932,-4.028003,4.0621953,-0.60233146,0.0,0.0,0.0,0.0,0.0,0.0,1088.665,1041.0846,-201.0,1992.8951,953.6463,-201.0,3221.4773,672.973,-201.0,0 days 00:00:07.940373707,0 days 00:00:07.965385045
0 days 00:00:00.910000,0 days 00:00:00.935011338,answer1,0.3951176,-3.0508492,12.872333,0.01931381,0.003901662,0.09057987,15.874825,-3.3558397,0.61569566,-1.0991257,0.0,0.0,0.0,0.0,0.0,0.0,954.6966,1158.524,-201.0,1755.5991,1102.1742,-201.0,2734.2715,601.5965,-201.0,0 days 00:00:07.950373707,0 days 00:00:07.975385045
0 days 00:00:00.920000,0 days 00:00:00.945011338,answer1,0.35206553,-4.9569936,13.851352,0.011967649,0.00037750308,0.08230687,15.839478,0.81939834,3.8386338,0.08266627,0.0,0.0,0.0,0.0,0.0,0.0,905.67554,1267.9327,-201.0,1674.6605,1160.1478,-201.0,2631.6934,694.3768,-201.0,0 days 00:00:07.960373707,0 days 00:00:07.985385045
0 days 00:00:00.930000,0 days 00:00:00.955011338,answer1,0.28402784,-7.0430775,13.447236,0.02051182,-0.0045272876,0.07442909,14.141637,2.402317,5.7018757,-4.3394485,0.0,0.0,0.0,0.0,0.0,0.0,953.6136,1216.7726,-201.0,1791.8207,1215.9769,-201.0,2666.0918,940.1582,-201.0,0 days 00:00:07.970373707,0 days 00:00:07.995385045
0 days 00:00:00.940000,0 days 00:00:00.965011338,answer1,0.25735128,-7.706574,14.791332,0.012430913,-0.0078095123,0.0544146,14.217853,4.2504005,5.028175,-4.5036817,0.0,0.0,0.0,0.0,0.0,0.0,761.8,1268.5636,-201.0,1630.2133,1245.4137,-201.0,2473.2004,1053.4663,-201.0,0 days 00:00:07.980373707,0 days 00:00:08.005385045
0 days 00:00:00.950000,0 days 00:00:00.975011338,answer1,0.25078866,-10.456702,18.847898,0.013408924,-0.009502896,0.064804085,16.542017,6.5897107,5.4187684,-1.2881788,0.0,0.0,0.0,0.0,0.0,0.0,642.99774,1212.5812,-201.0,1541.3446,1253.878,-201.0,2383.0664,1108.9854,-201.0,0 days 00:00:07.990373707,0 days 00:00:08.015385045
0 days 00:00:00.960000,0 days 00:00:00.985011338,answer1,0.25137037,-12.8791685,21.085579,0.004302975,-0.015688539,0.06620392,18.886412,10.575444,9.560615,0.49170303,0.0,0.0,0.0,0.0,0.0,0.0,414.7355,1345.0133,-201.0,1284.9012,1238.4431,-201.0,2161.8535,1020.1613,-201.0,0 days 00:00:08.000373707,0 days 00:00:08.025385045
0 days 00:00:00.970000,0 days 00:00:01.000997732,answer1,0.24955462,-14.77218,22.888666,0.0044790027,-0.015637688,0.072269164,20.071898,13.312553,12.857625,1.9262177,0.0,0.0,0.0,0.0,0.0,0.0,489.34146,1793.8097,-201.0,1537.7948,1152.547,-201.0,2645.7244,810.0997,-201.0,0 days 00:00:08.010373707,0 days 00:00:08.041371439
0 days 00:00:00,0 days 00:00:00.025011338,answer2,1.8333663,3.4865143,0.0011547357,0.04144801,-0.00915747,0.15345047,-5.3339806,4.070621,5.7101707,1.9799997,0.0,0.0,0.0,0.0,0.0,0.0,1112.8999,1111.4868,-201.0,1948.0721,1455.1112,-201.0,2691.1646,1235.5109,-201.0,0 days 00:00:12.045378712,0 days 00:00:12.070390050
0 days 00:00:00.010000,0 days 00:00:00.035011338,answer2,1.8603991,4.777741,1.8121849,0.038904086,-0.011729524,0.33838394,-7.533137,1.5066007,5.9983287,1.6050383,0.0,0.0,0.0,0.0,0.0,0.0,1112.0503,977.1512,-201.0,1950.4668,1472.5958,-201.0,2673.2683,1202.5831,-201.0,0 days 00:00:12.055378712,0 days 00:00:12.080390050
0 days 00:00:00.020000,0 days 00:00:00.045011338,answer2,1.8202568,3.1719487,6.065183,0.04000167,-0.009465278,0.59787273,-4.058759,0.27371553,7.970644,4.8486514,0.0,0.0,0.0,0.0,0.0,0.0,1088.9025,970.45355,-140.46082,1951.2177,1499.6376,-141.76135,2624.1865,1243.5527,-142.63658,0 days 00:00:12.065378712,0 days 00:00:12.090390050
0 days 00:00:00.030000,0 days 00:00:00.055011338,answer2,1.7410965,-3.2872486,14.148987,0.039967563,-0.008494447,1.0060459,7.195717,1.7701817,9.379806,7.314308,33.109333,0.0,0.0,5.104188,9.604748,23.6246,1120.7573,1045.1593,-80.452484,1835.6498,1508.6953,-82.97132,2695.0283,927.47687,-84.3955,0 days 00:00:12.075378712,0 days 00:00:12.100390050
0 days 00:00:00.040000,0 days 00:00:00.065011338,answer2,1.8196125,-10.588933,21.017391,0.04993474,-0.008241636,1.2615839,20.819775,5.447927,9.013992,6.3617473,33.00072,0.0,0.0,5.944265,8.888621,25.778778,849.58594,1246.3142,-13.66198,1611.2812,1281.5682,-22.656702,2580.805,791.31415,-27.634039,0 days 00:00:12.085378712,0 days 00:00:12.110390050
0 days 00:00:00.050000,0 days 00:00:00.075011338,answer2,1.977169,-15.396652,26.646719,0.05196144,-0.009813988,1.27677,29.994284,8.822322,3.9260733,2.7882473,32.840458,0.005075389,2.1723127,7.301271,7.4279733,28.42953,588.75775,1421.5272,-7.132917,1383.9233,1101.5131,-19.527086,2523.4978,678.5284,-29.097122,0 days 00:00:12.095378712,0 days 00:00:12.120390050
0 days 00:00:00.060000,0 days 00:00:00.085011338,answer2,2.1436992,-15.680275,28.61,0.053737164,-0.014948387,1.002596,33.788395,10.619286,-1.3265289,-0.8922599,32.735046,0.006212412,1.6690431,7.8826156,7.1805186,32.926575,591.7862,1265.4138,-2.9999135,1693.2653,829.79443,-22.109842,2930.1992,765.27826,-32.432648,0 days 00:00:12.105378712,0 days 00:00:12.130390050
0 days 00:00:00.070000,0 days 00:00:00.095011338,answer2,2.287059,-14.115443,30.86943,0.05233046,-0.016349325,0.8676427,35.768585,11.085607,-6.323715,-1.8120456,32.862164,0.0074367593,0.6428327,7.8485093,7.309714,35.09595,806.8713,1273.31,-5.4895806,1942.2026,1233.9531,-24.689903,3120.8457,936.8215,-33.62616,0 days 00:00:12.115378712,0 days 00:00:12.140390050
0 days 00:00:00.080000,0 days 00:00:00.105011338,answer2,2.4515727,-12.118127,31.40474,0.056003273,-0.021536304,1.0292011,36.508514,11.181329,-8.339619,-7.901624,33.217365,0.00595266,0.81764716,7.34119,8.017451,36.51248,1016.76874,1087.245,-10.236512,2228.2249,1245.115,-31.436663,3328.8809,956.82544,-34.65681,0 days 00:00:12.125378712,0 days 00:00:12.150390050
0 days 00:00:00.090000,0 days 00:00:00.115011338,answer2,2.5975027,-10.027245,31.30832,0.056821574,-0.02041479,1.3957738,36.25424,10.569682,-11.633111,-12.286606,33.756607,0.00787582,0.6507269,7.0180087,9.077762,34.167385,1049.576,1079.984,-9.821371,2269.696,1339.7045,-29.817614,3426.7188,1064.9586,-32.543438,0 days 00:00:12.135378712,0 days 00:00:12.160390050
0 days 00:00:00.100000,0 days 00:00:00.125011338,answer2,2.646682,-8.892818,29.152237,0.061696697,-0.014653358,1.8793405,34.348083,9.973811,-12.946182,-15.351704,34.321213,0.012171448,0.5950306,7.2654157,10.665451,32.832645,826.7295,1144.3656,-5.97624,1999.027,944.22003,-23.328344,3310.6365,906.3968,-30.829092,0 days 00:00:12.145378712,0 days 00:00:12.170390050
0 days 00:00:00.110000,0 days 00:00:00.135011338,answer2,2.746458,-9.228872,28.46596,0.06867669,-0.004624383,2.1361945,32.94774,8.144617,-13.746479,-11.814831,34.76677,0.019419128,0.45194376,7.950476,12.5950165,34.255154,869.0915,1137.0851,-5.5761266,2106.988,811.9622,-19.570707,3533.8606,959.675,-31.280886,0 days 00:00:12.155378712,0 days 00:00:12.180390050
0 days 00:00:00.120000,0 days 00:00:00.145011338,answer2,2.8372672,-10.94328,26.999128,0.08373001,0.003569028,1.9702921,31.930029,5.125036,-9.847735,-4.662834,35.024975,0.017427033,0.50491834,8.5964775,14.842323,37.15034,897.31476,1085.6455,-6.967205,2111.5217,781.0046,-17.282984,3398.7478,788.4211,-32.818768,0 days 00:00:12.165378712,0 days 00:00:12.190390050
0 days 00:00:00.130000,0 days 00:00:00.155011338,answer2,2.9400089,-13.413617,26.75699,0.08643016,0.0063945646,1.5102142,30.488993,3.0819986,-3.7605352,3.8932698,35.08756,0.012462877,0.53435606,8.305846,17.02949,35.3054,878.9456,1059.6586,-12.169762,2138.6194,751.73724,-19.666769,3331.8965,816.6189,-29.798643,0 days 00:00:12.175378712,0 days 00:00:12.200390050
0 days 00:00:00.140000,0 days 00:00:00.165011338,answer2,2.9175255,-14.402862,25.362837,0.0888656,1.2971771e-05,1.3631216,26.516012,2.3060143,4.3000097,8.612599,35.0002,0.0060941554,0.5739369,6.797384,17.812721,28.38389,651.223,1232.4596,0.0,1836.0013,875.12384,-16.707329,2914.3577,756.7463,-22.647026,0 days 00:00:12.185378712,0 days 00:00:12.210390050
0 days 00:00:00.150000,0 days 00:00:00.175011338,answer2,2.709801,-12.783394,21.065283,0.087637775,-0.010769869,2.0433707,18.950653,5.491196,9.933122,10.670947,34.916744,0.005001409,0.7005719,5.744822,18.110754,22.656282,337.92496,1473.1938,-98.01757,1488.1,968.0256,-76.82137,2398.125,1491.3837,-78.12808,0 days 00:00:12.195378712,0 days 00:00:12.220390050
0 days 00:00:00.160000,0 days 00:00:00.185011338,answer2,2.3749259,-8.976317,14.884055,0.08113067,-0.017560134,2.2481854,9.576101,11.249607,14.702825,8.952885,0.0,0.0,0.0,0.0,0.0,0.0,356.31418,1485.8314,-132.34505,1549.5197,954.7177,-138.66142,2437.5051,1583.829,-138.4305,0 days 00:00:12.205378712,0 days 00:00:12.230390050
0 days 00:00:00.170000,0 days 00:00:00.195011338,answer2,2.1112058,-2.1644828,7.3612022,0.0659682,-0.017471598,1.9879069,-1.7862753,14.543854,17.726313,8.212461,0.0,0.0,0.0,0.0,0.0,0.0,324.8433,1440.4261,-201.0,1491.4039,850.18964,-201.0,2353.7966,1636.1904,-201.0,0 days 00:00:12.215378712,0 days 00:00:12.240390050
0 days 00:00:00.180000,0 days 00:00:00.205011338,answer2,2.0420287,2.5430527,3.722579,0.050910544,-0.013150596,1.0186853,-10.257861,17.463799,19.313416,1.9594847,0.0,0.0,0.0,0.0,0.0,0.0,629.2412,1320.2682,-201.0,1565.6676,926.2703,-201.0,2543.864,932.2647,-201.0,0 days 00:00:12.225378712,0 days 00:00:12.250390050
0 days 00:00:00.190000,0 days 00:00:00.215011338,answer2,2.167216,7.2421002,0.05785306,0.039800998,-0.007600285,0.71069795,-17.187208,18.480104,19.453804,-0.27513942,0.0,0.0,0.0,0.0,0.0,0.0,941.5765,1170.6068,-201.0,1744.2538,1119.7075,-201.0,2656.5413,868.472,-201.0,0 days 00:00:12.235378712,0 days 00:00:12.260390050
0 days 00:00:00.200000,0 days 00:00:00.225011338,answer2,2.256002,9.398614,-3.7703164,0.039535414,-0.0028764794,0.6795316,-20.93128,20.688852,17.706457,-3.9104555,0.0,0.0,0.0,0.0,0.0,0.0,1233.3221,1030.3802,-201.0,1918.6796,1259.5868,-201.0,2844.4277,812.2277,-201.0,0 days 00:00:12.245378712,0 days 00:00:12.270390050
0 days 00:00:00.210000,0 days 00:00:00.235011338,answer2,2.2941577,12.942662,-8.518857,0.03327918,0.0016891238,0.6898529,-24.389091,19.824623,18.364542,-3.4576619,0.0,0.0,0.0,0.0,0.0,0.0,1230.2977,938.69775,-201.0,2005.5013,1274.3627,-201.0,2910.6692,791.2957,-201.0,0 days 00:00:12.255378712,0 days 00:00:12.280390050
0 days 00:00:00.220000,0 days 00:00:00.245011338,answer2,2.298801,13.838394,-10.217315,0.04041208,-0.00082195597,0.71999127,-24.983637,18.465696,19.532372,-6.511289,0.0,0.0,0.0,0.0,0.0,0.0,1185.7524,822.7237,-201.0,1976.3646,1167.955,-201.0,2872.8293,841.3562,-201.0,0 days 00:00:12.265378712,0 days 00:00:12.290390050
0 days 00:00:00.230000,0 days 00:00:00.255011337,answer2,2.2553446,14.493225,-9.747434,0.039035946,-0.0007172206,0.70896435,-24.94938,17.107262,20.634975,-6.2610583,0.0,0.0,0.0,0.0,0.0,0.0,1187.7286,680.2652,-201.0,2033.5988,1254.9705,-201.0,2838.743,965.0081,-201.0,0 days 00:00:12.275378712,0 days 00:00:12.300390049
0 days 00:00:00.240000,0 days 00:00:00.265011338,answer2,2.236741,13.9022455,-8.612783,0.040777765,-0.0020510193,0.7291431,-24.129461,15.465455,20.663694,-6.5116005,0.0,0.0,0.0,0.0,0.0,0.0,1167.1409,498.68893,-201.0,2029.5624,1189.4418,-201.0,2758.6738,1054.1366,-201.0,0 days 00:00:12.285378712,0 days 00:00:12.310390050
0 days 00:00:00.250000,0 days 00:00:00.275011338,answer2,2.1281297,14.405868,-9.761233,0.037972387,-0.0028796333,0.7285617,-23.218216,12.538096,16.720064,-8.314517,0.0,0.0,0.0,0.0,0.0,0.0,1105.8895,722.989,-201.0,1969.0835,1163.5948,-201.0,2732.0234,1054.7269,-201.0,0 days 00:00:12.295378712,0 days 00:00:12.320390050
0 days 00:00:00.260000,0 days 00:00:00.285011338,answer2,2.0576396,9.150841,-4.558295,0.039003108,-0.008502842,0.8115458,-16.690928,12.85247,17.241976,-8.068479,0.0,0.0,0.0,0.0,0.0,0.0,1156.4917,836.86237,-144.59398,1859.3041,1256.4532,-144.11414,2739.7249,1032.5239,-140.26894,0 days 00:00:12.305378712,0 days 00:00:12.330390050
0 days 00:00:00.270000,0 days 00:00:00.295011338,answer2,2.1772308,-0.7125187,5.1257067,0.05925351,-0.019807605,1.8326565,-5.5837235,14.606412,18.306368,-11.748042,37.932594,0.0,0.0,7.294281,15.511774,15.648769,1085.9155,1109.6001,-89.55157,1821.432,1145.606,-85.71171,2904.7227,961.7163,-83.16503,0 days 00:00:12.315378712,0 days 00:00:12.340390050
0 days 00:00:00.280000,0 days 00:00:00.305011338,answer2,2.547203,-10.822507,16.378942,0.07285587,-0.022614248,2.4956036,6.1254983,15.148252,21.786646,-12.128848,37.75183,0.0,0.0,8.099938,15.4209585,14.836879,825.6724,1288.4371,-33.82735,1760.528,1332.0299,-29.108088,2728.2107,1036.4955,-23.071917,0 days 00:00:12.325378712,0 days 00:00:12.350390050
0 days 00:00:00.290000,0 days 00:00:00.315011338,answer2,2.9773502,-15.386062,19.924856,0.084222935,-0.022363657,2.8045168,13.549336,12.823387,22.049887,-14.898113,37.35145,0.027643448,1.717893,9.348961,15.761536,16.70127,515.397,1610.3412,0.0,1554.298,1461.9103,-30.307085,2485.0195,989.9668,-23.693075,0 days 00:00:12.335378712,0 days 00:00:12.360390050
0 days 00:00:00.300000,0 days 00:00:00.325011338,answer2,3.1941779,-15.515779,19.49545,0.07471765,-0.014740907,2.3049834,17.129217,9.317715,21.915197,-11.447207,36.886463,0.022267496,1.3134627,9.583496,17.504593,15.539722,412.91013,1624.7936,-13.601789,1530.6849,1383.6484,-29.800863,2289.4187,965.3633,-20.39639,0 days 00:00:12.345378712,0 days 00:00:12.370390050
0 days 00:00:00.310000,0 days 00:00:00.335011338,answer2,3.1103773,-15.908513,18.191076,0.07322085,-0.015195246,2.0821528,20.42684,8.15771,21.638092,-8.26708,36.42506,0.014737803,0.5445456,9.5765295,21.362373,19.571714,486.28687,1438.9369,-9.469134,1649.7871,1473.7256,-28.242119,2231.3115,876.5495,-22.327133,0 days 00:00:12.355378712,0 days 00:00:12.380390050
0 days 00:00:00.320000,0 days 00:00:00.345011338,answer2,2.942736,-16.44848,17.934706,0.07451215,-0.01648362,1.9252471,22.518305,7.4736443,22.729362,-5.380297,35.997616,0.012232184,0.34584376,9.707305,25.534775,22.435522,453.0996,1335.7516,-11.708804,1753.2773,1255.1608,-26.009857,2268.6404,753.21356,-23.286354,0 days 00:00:12.365378712,0 days 00:00:12.390390050
0 days 00:00:00.330000,0 days 00:00:00.355011338,answer2,2.6698296,-19.194908,21.777338,0.08575695,-0.016649397,1.7171797,24.794703,9.997655,21.698084,-5.5279975,35.644703,0.011612553,0.36644855,9.647343,26.781973,27.866552,364.1622,1328.6875,0.0,1631.734,1457.312,-29.215864,2172.4563,814.6268,-27.41216,0 days 00:00:12.375378712,0 days 00:00:12.400390050
0 days 00:00:00.340000,0 days 00:00:00.365011338,answer2,2.469909,-22.56207,27.190378,0.08613607,-0.018330919,1.3956708,27.032843,15.048138,19.820494,-9.430472,35.32669,0.010352879,0.26662955,9.590736,24.32145,32.000717,368.16257,1340.7393,1.5841925,1427.2965,1360.5204,-32.1393,2263.659,740.5815,-30.703262,0 days 00:00:12.385378712,0 days 00:00:12.410390050
0 days 00:00:00.350000,0 days 00:00:00.375011338,answer2,2.2423759,-26.94528,33.994766,0.0905176,-0.021940531,1.3638071,30.764343,20.304506,14.695679,-11.505895,35.078438,0.008574675,0.33158347,9.617836,20.17145,37.368664,387.25122,1355.3378,1.6398867,1501.6735,1317.9967,-34.866848,2503.0247,1086.544,-35.72878,0 days 00:00:12.395378712,0 days 00:00:12.420390050
0 days 00:00:00.360000,0 days 00:00:00.385011338,answer2,2.064955,-29.78654,37.982876,0.084768854,-0.028445443,1.1978369,34.95862,23.411682,10.745154,-12.16507,34.886066,0.009437301,0.25377557,9.856458,17.54273,39.752243,375.42093,1481.65,1.5383208,1513.9762,1482.13,-34.43642,2573.7136,1276.4926,-38.04376,0 days 00:00:12.405378712,0 days 00:00:12.430390050
0 days 00:00:00.370000,0 days 00:00:00.395011338,answer2,1.9315586,-31.372805,40.08078,0.08869189,-0.031202212,0.96867293,39.33312,23.067327,7.9097023,-8.008439,34.726185,0.008853848,0.47051263,9.794407,16.192083,39.781334,375.8469,1630.5883,0.0,1712.8403,1495.1582,-32.59773,2837.2454,1572.1973,-38.028015,0 days 00:00:12.415378712,0 days 00:00:12.440390050
0 days 00:00:00.380000,0 days 00:00:00.405011338,answer2,1.8990015,-31.09619,39.23874,0.08614415,-0.0360216,0.7345746,42.018066,21.983938,8.209901,-5.334318,34.537872,0.008042547,0.5043829,9.540176,15.359342,39.008503,393.87143,1589.4542,0.6102097,1761.8716,1490.649,-30.502752,2883.446,1597.6146,-37.91876,0 days 00:00:12.425378712,0 days 00:00:12.450390050
0 days 00:00:00.390000,0 days 00:00:00.415011338,answer2,1.8878123,-30.085184,37.873146,0.08443854,-0.039665997,0.7371087,43.296436,20.752777,9.880591,-0.24819565,34.269714,0.004954872,0.49795356,9.166764,15.160534,38.446712,424.8162,1500.903,0.031088987,1825.79,1517.6729,-29.609018,2815.7422,1645.1312,-38.415623,0 days 00:00:12.435378712,0 days 00:00:12.460390050
0 days 00:00:00.400000,0 days 00:00:00.425011338,answer2,1.8154612,-28.840582,36.06103,0.079375334,-0.042821605,1.0984505,42.13898,20.970007,13.856067,3.3283775,33.906986,0.005027761,0.41608655,8.713002,15.154362,38.51923,394.3922,1454.8442,-1.0199285,1658.649,1472.9564,-28.926092,2647.219,1500.9674,-39.539154,0 days 00:00:12.445378712,0 days 00:00:12.470390050
0 days 00:00:00.410000,0 days 00:00:00.435011338,answer2,1.6674806,-27.672411,35.201553,0.072005704,-0.03978129,1.2666465,40.90715,21.451233,18.042799,7.3936296,33.34283,0.008830868,0.49639702,7.980683,15.924542,38.01659,379.62204,1392.5448,-0.6190594,1554.0614,1360.2458,-32.85535,2524.0203,1229.9396,-38.63565,0 days 00:00:12.455378712,0 days 00:00:12.480390050
0 days 00:00:00.420000,0 days 00:00:00.445011338,answer2,1.4652805,-27.545969,34.443714,0.062830634,-0.03456515,1.5154562,38.691357,22.31954,23.177393,7.7918935,32.758533,0.011091956,0.61997586,6.915289,17.71782,36.61313,701.13007,1551.0409,-11.4568405,1729.3365,1273.9213,-30.225908,2935.3086,1022.4759,-35.86859,0 days 00:00:12.465378712,0 days 00:00:12.490390050
0 days 00:00:00.430000,0 days 00:00:00.455011338,answer2,1.4297513,-25.146233,31.355438,0.059109185,-0.028680777,1.4167424,35.028057,19.750862,23.487625,6.336489,32.133106,0.021240598,0.8148424,5.227204,16.12757,31.980875,1011.6968,1455.7936,-20.29899,2146.2666,1324.0547,-27.485031,3319.7715,1189.0046,-30.80646,0 days 00:00:12.475378712,0 days 00:00:12.500390050
0 days 00:00:00.440000,0 days 00:00:00.465011338,answer2,1.6811308,-19.664776,24.246424,0.05761974,-0.023154842,1.6568183,27.165451,16.081497,23.282415,4.1430526,31.613855,0.018201504,0.7486455,4.5131173,11.008336,23.92578,995.51465,1547.8314,-21.675344,2183.883,1262.9529,-20.974325,3291.9338,1300.3595,-24.127714,0 days 00:00:12.485378712,0 days 00:00:12.510390050
0 days 00:00:00.450000,0 days 00:00:00.475011338,answer2,2.157261,-13.205623,16.844053,0.058455076,-0.021674544,1.4991702,21.066095,10.441949,21.430214,4.9569716,31.206236,0.021511808,0.7413935,4.3724275,3.2289674,14.929779,643.7045,1407.223,-11.209789,1925.1185,1088.8195,-20.759392,2845.9583,1308.7329,-16.867535,0 days 00:00:12.495378712,0 days 00:00:12.520390050
0 days 00:00:00.460000,0 days 00:00:00.485011338,answer2,2.6806116,-9.575242,12.849285,0.06271434,-0.018726045,1.8013617,20.169193,4.7307963,24.253946,7.1738296,30.883804,0.02941603,0.9522708,5.2958107,-2.1252935,9.130838,371.79227,1453.225,-0.4937148,1582.4354,1025.1525,-17.016523,2286.0498,1538.7623,-11.448849,0 days 00:00:12.505378712,0 days 00:00:12.530390050
0 days 00:00:00.470000,0 days 00:00:00.495011338,answer2,3.0170596,-9.659652,13.655747,0.066092305,-0.015565145,1.8386065,24.315195,-0.6859703,25.517319,9.546021,30.611036,0.028887516,1.3722019,5.3084316,-5.745674,6.8561425,402.20474,1423.9419,1.9450942,1574.5317,1039.9369,-15.185207,2266.3398,1360.956,-9.804015,0 days 00:00:12.515378712,0 days 00:00:12.540390050
0 days 00:00:00.480000,0 days 00:00:00.505011338,answer2,3.1595109,-10.505755,13.843147,0.07541251,-0.015289008,1.9475794,28.46453,-3.5690181,25.864885,9.023948,30.161781,0.02628387,1.4881626,4.4033685,-8.548255,9.251758,420.45605,1249.96,3.1133156,1614.3947,848.9445,-15.067758,2383.1182,1370.7643,-14.686696,0 days 00:00:12.525378712,0 days 00:00:12.550390050
0 days 00:00:00.490000,0 days 00:00:00.515011338,answer2,2.9838722,-10.954667,14.853961,0.07257214,-0.020439455,2.0421212,28.840342,-1.8383017,23.000372,8.117956,29.449043,0.009518103,1.2725569,2.9582703,-8.060887,12.035071,400.8225,1126.7402,0.16820908,1592.6215,573.0004,-20.51898,2572.506,1017.3133,-19.92775,0 days 00:00:12.535378712,0 days 00:00:12.560390050
0 days 00:00:00.500000,0 days 00:00:00.525011338,answer2,2.5249708,-12.096551,16.574747,0.06475816,-0.02566958,2.3018515,25.405603,5.5244403,22.798111,6.3756433,29.048916,0.011884812,1.0105674,2.0242662,-7.488325,15.272629,409.98074,1165.7474,-68.2153,1621.106,2090.945,-82.2183,2305.4314,1105.8108,-83.389275,0 days 00:00:12.545378712,0 days 00:00:12.570390050
0 days 00:00:00.510000,0 days 00:00:00.535011338,answer2,2.0514476,-11.608112,17.261665,0.05110256,-0.023725355,2.1322358,18.250273,13.549291,26.37597,5.7714887,0.0,0.0,0.0,0.0,0.0,0.0,412.8185,1238.5883,-135.63557,1586.4261,2278.119,-142.20692,2204.4783,1130.7472,-141.99675,0 days 00:00:12.555378712,0 days 00:00:12.580390050
0 days 00:00:00.520000,0 days 00:00:00.545011338,answer2,1.6568192,-7.8970265,12.142859,0.035658058,-0.017922217,1.7646054,9.459196,18.113945,29.870527,5.388344,0.0,0.0,0.0,0.0,0.0,0.0,405.80396,1282.147,-201.0,1545.0494,2332.902,-201.0,2130.909,1054.4626,-201.0,0 days 00:00:12.565378712,0 days 00:00:12.590390050
0 days 00:00:00.530000,0 days 00:00:00.555011338,answer2,1.4023291,-3.4027593,6.1073585,0.03413802,-0.014840656,1.0060631,3.5423439,18.425508,27.519424,1.1176571,0.0,0.0,0.0,0.0,0.0,0.0,358.22144,1265.988,-201.0,1506.6676,845.1943,-201.0,2338.8083,1043.3721,-201.0,0 days 00:00:12.575378712,0 days 00:00:12.600390050
0 days 00:00:00.540000,0 days 00:00:00.565011338,answer2,1.1587466,0.17054355,0.80649954,0.03786349,-0.015434767,0.6948405,0.19239025,16.532701,22.2092,-0.6170542,0.0,0.0,0.0,0.0,0.0,0.0,341.9402,1252.3248,-201.0,1508.1561,702.2337,-201.0,2383.6074,897.92316,-201.0,0 days 00:00:12.585378712,0 days 00:00:12.610390050
0 days 00:00:00.550000,0 days 00:00:00.575011338,answer2,0.95110416,-0.108943485,1.3902599,0.042006385,-0.017559394,0.3307394,0.087440886,16.88828,17.064848,-0.3383387,0.0,0.0,0.0,0.0,0.0,0.0,462.29028,1918.0275,-201.0,1539.834,823.63055,-201.0,2421.4304,890.4551,-201.0,0 days 00:00:12.595378712,0 days 00:00:12.620390050
0 days 00:00:00.560000,0 days 00:00:00.585011338,answer2,0.82933015,-1.2849197,4.2345634,0.032878567,-0.009791721,0.2387854,0.28284353,15.673954,16.864304,8.19233,0.0,0.0,0.0,0.0,0.0,0.0,776.94745,1898.048,-201.0,1556.6302,1071.4836,-201.0,2510.3318,871.7076,-201.0,0 days 00:00:12.605378712,0 days 00:00:12.630390050
0 days 00:00:00.570000,0 days 00:00:00.595011338,answer2,0.8025796,-0.2526001,3.8557413,0.027683645,-0.0022470036,0.20731695,-1.3200928,13.383591,14.005833,10.263198,0.0,0.0,0.0,0.0,0.0,0.0,1003.3509,1884.8988,-201.0,1684.3156,1301.7445,-201.0,2617.0706,866.8872,-201.0,0 days 00:00:12.615378712,0 days 00:00:12.640390050
0 days 00:00:00.580000,0 days 00:00:00.605011338,answer2,0.84959817,0.07915216,4.834593,0.027762542,0.004250248,0.19378652,-2.610977,11.026017,11.3383,9.991721,0.0,0.0,0.0,0.0,0.0,0.0,1121.4342,1189.7086,-201.0,1793.1403,1325.1387,-201.0,2701.7805,817.6673,-201.0,0 days 00:00:12.625378712,0 days 00:00:12.650390050
0 days 00:00:00.590000,0 days 00:00:00.615011338,answer2,0.945069,2.6892102,1.5319046,0.03606802,0.0032829319,0.20572907,-5.501698,9.773484,9.302667,5.5506654,0.0,0.0,0.0,0.0,0.0,0.0,1062.129,1034.881,-201.0,1929.9581,1152.1812,-201.0,2794.2031,838.7237,-201.0,0 days 00:00:12.635378712,0 days 00:00:12.660390050
0 days 00:00:00.600000,0 days 00:00:00.625011338,answer2,1.0131108,2.8165753,1.6373471,0.029776758,0.00077822554,0.21873908,-5.885252,11.572476,10.544239,3.5591745,0.0,0.0,0.0,0.0,0.0,0.0,1114.501,1032.9586,-201.0,2031.0693,1418.0107,-201.0,2701.4592,988.80664,-201.0,0 days 00:00:12.645378712,0 days 00:00:12.670390050
0 days 00:00:00.610000,0 days 00:00:00.635011338,answer2,1.0979271,5.2005124,-0.3679217,0.027582241,0.0030899358,0.24693859,-8.072724,10.535698,13.866585,2.8154685,0.0,0.0,0.0,0.0,0.0,0.0,1143.9209,1193.5273,-201.0,1941.8164,1469.7064,-201.0,2677.3484,1036.3894,-201.0,0 days 00:00:12.655378712,0 days 00:00:12.680390050
0 days 00:00:00.620000,0 days 00:00:00.645011338,answer2,1.0822334,4.8903847,0.37265372,0.01509283,-0.00023719389,0.25630653,-7.189961,9.634616,12.927349,3.2567616,0.0,0.0,0.0,0.0,0.0,0.0,1143.2042,1228.745,-201.0,1924.3647,1490.2611,-201.0,2650.072,1001.6235,-201.0,0 days 00:00:12.665378712,0 days 00:00:12.690390050
0 days 00:00:00.630000,0 days 00:00:00.655011338,answer2,1.0427302,3.8396263,3.1733687,0.014764905,0.0012894314,0.24736066,-6.0741177,8.109883,12.486518,7.3403773,0.0,0.0,0.0,0.0,0.0,0.0,1115.748,1172.6675,-201.0,1853.3387,1295.3999,-201.0,2733.0732,914.35205,-201.0,0 days 00:00:12.675378712,0 days 00:00:12.700390050
0 days 00:00:00.640000,0 days 00:00:00.665011338,answer2,0.94645566,-2.4086027,8.47453,0.018090567,-0.0028398682,0.318081,0.44837633,13.120132,13.817868,9.538758,0.0,0.0,0.0,0.0,0.0,0.0,1049.7738,1137.8643,-141.06041,1875.7471,1246.0819,-143.72371,2704.9812,847.58154,-144.17192,0 days 00:00:12.685378712,0 days 00:00:12.710390050
0 days 00:00:00.650000,0 days 00:00:00.675011338,answer2,0.95491153,-9.783127,17.462725,0.03604162,-0.008675159,0.48024344,10.865073,17.038671,14.108006,9.032401,29.79491,0.0,3.5892768,3.5396316,-2.0179307,25.735935,824.04083,1195.0735,-75.00793,1719.4059,1178.6646,-84.29493,2603.3394,860.4534,-88.111176,0 days 00:00:12.695378712,0 days 00:00:12.720390050
0 days 00:00:00.660000,0 days 00:00:00.685011338,answer2,1.0190235,-16.11029,25.955584,0.04972881,-0.0153890895,0.5692634,21.793768,20.453592,10.09899,7.427967,29.746012,0.05405845,3.159941,4.09905,-2.2770922,27.4471,593.63275,1263.423,-9.07829,1535.6063,970.6259,-24.229584,2588.7854,836.60516,-33.403152,0 days 00:00:12.705378712,0 days 00:00:12.730390050
0 days 00:00:00.670000,0 days 00:00:00.695011338,answer2,1.1089405,-18.004293,32.25153,0.0536017,-0.022392012,0.5540488,28.582811,20.010674,-0.53612614,6.4646535,29.534632,0.055719797,2.6305485,4.769528,-2.5725496,31.26947,510.4003,1238.0333,-2.7716057,1519.4634,896.7601,-20.41011,2616.9993,783.6745,-37.301434,0 days 00:00:12.715378712,0 days 00:00:12.740390050
0 days 00:00:00.680000,0 days 00:00:00.705011338,answer2,1.1249098,-17.35764,34.640766,0.049183417,-0.022408701,0.46681204,31.247019,19.603773,-9.039437,6.772713,29.308928,0.02724999,1.2588121,4.754254,-1.9378766,33.356487,515.3382,1183.0173,-3.2759006,1473.9381,838.23096,-17.740355,2670.7996,712.2427,-39.258068,0 days 00:00:12.725378712,0 days 00:00:12.750390050
0 days 00:00:00.690000,0 days 00:00:00.715011338,answer2,1.0848622,-15.884398,34.92468,0.046033997,-0.021432182,0.45351246,32.041096,19.720757,-15.73305,8.343738,29.041372,0.026933862,0.5567648,4.352131,-1.1326901,32.647358,610.95013,1271.8125,-3.383826,1522.8842,858.66425,-14.937965,2651.4177,618.5988,-38.021275,0 days 00:00:12.735378712,0 days 00:00:12.760390050
0 days 00:00:00.700000,0 days 00:00:00.725011338,answer2,0.967274,-14.402041,33.46145,0.0498295,-0.018020008,0.4671866,31.927073,18.592516,-16.703411,9.670296,28.890707,0.012242131,0.24647982,3.0928135,-0.14257462,28.709772,508.73758,1174.544,-4.9199257,1431.8143,835.9538,-12.462086,2638.8853,671.88043,-33.941868,0 days 00:00:12.745378712,0 days 00:00:12.770390050
0 days 00:00:00.710000,0 days 00:00:00.735011338,answer2,0.81041,-12.283507,31.274734,0.047894,-0.015162417,0.42933312,29.930048,17.09958,-15.41151,11.177071,28.847763,0.016957872,0.2611403,2.2945619,0.20007014,26.312483,507.2793,1193.397,-70.4681,1429.7535,821.5493,-74.560616,2626.1975,647.103,-88.04598,0 days 00:00:12.755378712,0 days 00:00:12.780390050
0 days 00:00:00.720000,0 days 00:00:00.745011338,answer2,0.6218328,-12.335818,28.657633,0.048852637,-0.015788952,0.3655887,27.12721,15.672175,-11.975568,7.015243,0.0,0.0,0.0,0.0,0.0,0.0,426.5159,1216.6188,-136.28981,1384.1039,946.7593,-137.42834,2554.654,877.0798,-143.99078,0 days 00:00:12.765378712,0 days 00:00:12.790390050
0 days 00:00:00.730000,0 days 00:00:00.755011338,answer2,0.46751443,-11.243705,26.448847,0.037276026,-0.015402429,0.2612572,24.504135,11.948092,-10.604296,3.2030106,0.0,0.0,0.0,0.0,0.0,0.0,419.0162,1266.7676,-201.0,1362.4618,1017.3498,-201.0,2407.6003,966.59,-201.0,0 days 00:00:12.775378712,0 days 00:00:12.800390050
0 days 00:00:00.740000,0 days 00:00:00.765011338,answer2,0.35945335,-10.958463,25.245863,0.02010248,-0.010518392,0.16399775,22.277822,9.738863,-7.4705014,-0.17985873,0.0,0.0,0.0,0.0,0.0,0.0,418.73633,1358.1305,-201.0,1337.0437,1141.4362,-201.0,2273.5168,1165.3267,-201.0,0 days 00:00:12.785378712,0 days 00:00:12.810390050
0 days 00:00:00.750000,0 days 00:00:00.775011338,answer2,0.31061673,-9.96705,23.83529,0.008762675,-0.007274891,0.10209292,21.271309,7.382641,-2.7528484,-1.2285901,0.0,0.0,0.0,0.0,0.0,0.0,390.09464,1270.7046,-201.0,1284.2303,1000.7635,-201.0,2307.7542,879.3447,-201.0,0 days 00:00:12.795378712,0 days 00:00:12.820390050
0 days 00:00:00.760000,0 days 00:00:00.785011338,answer2,0.29343453,-10.152513,21.433052,0.006468017,-0.008338102,0.07429761,20.063799,7.444433,0.31868157,-4.090071,0.0,0.0,0.0,0.0,0.0,0.0,540.9979,1412.8263,-201.0,1404.445,1137.86,-201.0,2444.8872,824.43036,-201.0,0 days 00:00:12.805378712,0 days 00:00:12.830390050
0 days 00:00:00.770000,0 days 00:00:00.795011338,answer2,0.28302905,-10.176614,18.01722,0.009996725,-0.014599718,0.06002469,18.41577,7.303646,0.13624994,-7.0473933,0.0,0.0,0.0,0.0,0.0,0.0,689.2945,1446.271,-201.0,1583.5748,1142.0897,-201.0,2614.2083,709.6779,-201.0,0 days 00:00:12.815378712,0 days 00:00:12.840390050
0 days 00:00:00.780000,0 days 00:00:00.805011338,answer2,0.2755762,-9.284223,16.751982,-0.0015593277,-0.015017067,0.051810313,16.774855,5.663309,-2.7992513,-6.919697,0.0,0.0,0.0,0.0,0.0,0.0,813.7164,1507.8226,-201.0,1737.6166,1224.9531,-201.0,2680.2517,772.7194,-201.0,0 days 00:00:12.825378712,0 days 00:00:12.850390050
0 days 00:00:00.790000,0 days 00:00:00.815011338,answer2,0.27302206,-8.401777,17.998098,-0.012999582,-0.008936054,0.04676023,15.632694,5.0583835,-1.8651576,-2.9451153,0.0,0.0,0.0,0.0,0.0,0.0,836.0562,1377.3448,-201.0,1794.3534,1135.4467,-201.0,2742.7375,718.06055,-201.0,0 days 00:00:12.835378712,0 days 00:00:12.860390050
0 days 00:00:00.800000,0 days 00:00:00.825011338,answer2,0.2857602,-8.693977,20.471846,-0.012323479,-0.00743554,0.049026925,16.362734,5.945665,-0.53101355,-0.9598867,0.0,0.0,0.0,0.0,0.0,0.0,698.8787,1320.5763,-201.0,1657.6719,1098.8458,-201.0,2698.257,670.4013,-201.0,0 days 00:00:12.845378712,0 days 00:00:12.870390050
0 days 00:00:00.810000,0 days 00:00:00.835011338,answer2,0.28132448,-9.368248,22.312021,-0.006595882,-0.005858414,0.048952926,17.096226,7.232076,2.8002126,3.0359356,0.0,0.0,0.0,0.0,0.0,0.0,864.91864,1319.893,-201.0,1861.6943,1107.5205,-201.0,3183.5364,931.757,-201.0,0 days 00:00:12.855378712,0 days 00:00:12.880390050
0 days 00:00:00.820000,0 days 00:00:00.845011338,answer2,0.27517825,-9.647816,23.287493,-0.01493796,-0.008700024,0.048172515,17.58436,7.1647453,2.9459076,4.611321,0.0,0.0,0.0,0.0,0.0,0.0,905.6862,1238.0468,-201.0,1858.1461,1157.7183,-201.0,3148.7107,947.76654,-201.0,0 days 00:00:12.865378712,0 days 00:00:12.890390050
0 days 00:00:00.830000,0 days 00:00:00.855011338,answer2,0.26221588,-9.000028,21.724947,-0.01588187,-0.005477127,0.047463465,17.741302,5.6552815,3.3234606,5.829468,0.0,0.0,0.0,0.0,0.0,0.0,907.9825,1294.5494,-201.0,1885.286,1206.9868,-201.0,3161.9587,1038.5298,-201.0,0 days 00:00:12.875378712,0 days 00:00:12.900390050
0 days 00:00:00.840000,0 days 00:00:00.865011338,answer2,0.2607587,-9.107335,20.18569,-0.01971741,-0.00908655,0.051165547,17.838648,6.4022584,3.2991848,3.977646,0.0,0.0,0.0,0.0,0.0,0.0,748.1492,1366.2407,-201.0,1648.3356,1202.1079,-201.0,2673.293,788.7834,-201.0,0 days 00:00:12.885378712,0 days 00:00:12.910390050
0 days 00:00:00.850000,0 days 00:00:00.875011338,answer2,0.2604796,-10.506742,19.127586,-0.002366933,-0.010972612,0.049524907,18.355013,9.582641,4.9469013,1.6707946,0.0,0.0,0.0,0.0,0.0,0.0,554.4257,1609.7222,-201.0,1559.9116,1191.0581,-201.0,2645.0212,850.16644,-201.0,0 days 00:00:12.895378712,0 days 00:00:12.920390050
0 days 00:00:00.860000,0 days 00:00:00.885011338,answer2,0.2635985,-11.378009,19.64931,-0.0052139773,-0.012537938,0.053990405,16.283413,11.445583,8.395489,4.56593,0.0,0.0,0.0,0.0,0.0,0.0,728.40607,1573.1113,-201.0,1668.5394,1181.5308,-201.0,2722.29,875.10596,-201.0,0 days 00:00:12.905378712,0 days 00:00:12.930390050
0 days 00:00:00.870000,0 days 00:00:00.895011338,answer2,0.27036598,-11.85683,20.281086,-0.0015051687,-0.010313042,0.06029618,15.3266115,13.02283,9.293395,4.8298087,0.0,0.0,0.0,0.0,0.0,0.0,778.1075,1463.8627,-201.0,1774.0892,1151.8741,-201.0,2767.473,895.1691,-201.0,0 days 00:00:12.915378712,0 days 00:00:12.940390050
0 days 00:00:00.880000,0 days 00:00:00.905011338,answer2,0.2666539,-13.111171,20.930431,-0.009188034,-0.010142867,0.059791524,15.88947,14.83318,8.899408,6.1760917,0.0,0.0,0.0,0.0,0.0,0.0,943.4199,1390.8379,-201.0,1983.7965,1065.6826,-201.0,2829.3406,1866.3363,-201.0,0 days 00:00:12.925378712,0 days 00:00:12.950390050
0 days 00:00:00.890000,0 days 00:00:00.915011338,answer2,0.292948,-9.82404,18.825773,0.00018396757,-0.0022518404,0.07112828,16.968801,9.783908,3.0648289,1.1372331,0.0,0.0,0.0,0.0,0.0,0.0,933.2539,1423.6129,-201.0,1983.5938,1115.6595,-201.0,2806.7224,1753.8729,-201.0,0 days 00:00:12.935378712,0 days 00:00:12.960390050
0 days 00:00:00.900000,0 days 00:00:00.925011338,answer2,0.49859312,-4.793218,18.361553,0.010755536,0.00726394,0.19643046,16.395983,-4.1043634,-5.735784,-3.3225367,0.0,0.0,0.0,0.0,0.0,0.0,774.7823,1403.6168,-201.0,1790.1862,1179.7094,-201.0,2657.8772,2073.699,-201.0,0 days 00:00:12.945378712,0 days 00:00:12.970390050
0 days 00:00:00.910000,0 days 00:00:00.935011338,answer2,0.9079857,1.3079787,17.578226,0.03435744,0.018255994,0.41318464,17.574553,-17.421448,-12.561485,-9.059407,0.0,0.0,0.0,0.0,0.0,0.0,750.111,1480.3672,-201.0,1578.0494,1226.1753,-201.0,2623.7634,1010.6228,-201.0,0 days 00:00:12.955378712,0 days 00:00:12.980390050
0 days 00:00:00.920000,0 days 00:00:00.945011338,answer2,1.4775782,1.7834362,17.750612,0.043711256,0.014715017,0.77285737,20.133453,-22.005478,-11.381234,-12.214694,0.0,0.0,0.0,0.0,0.0,0.0,619.0036,1416.3951,-201.0,1459.3672,1223.9679,-201.0,2575.9897,993.153,-201.0,0 days 00:00:12.965378712,0 days 00:00:12.990390050
0 days 00:00:00.930000,0 days 00:00:00.955011338,answer2,1.8865322,2.0891578,14.073274,0.04672362,0.017058656,0.99763966,20.213976,-20.25347,-1.8898538,-11.176746,0.0,0.0,0.0,0.0,0.0,0.0,656.2214,1367.1583,-201.0,1454.6859,1215.3119,-201.0,2631.7441,584.14484,-201.0,0 days 00:00:12.975378712,0 days 00:00:13.000390050
0 days 00:00:00.940000,0 days 00:00:00.965011338,answer2,2.2352798,3.4704297,10.149711,0.034335632,0.020761818,1.0912,15.81309,-21.058641,6.7621536,-7.6321435,0.0,0.0,0.0,0.0,0.0,0.0,539.82166,1114.333,-201.0,1383.0605,1190.4203,-201.0,2554.3376,582.3469,-201.0,0 days 00:00:12.985378712,0 days 00:00:13.010390050
0 days 00:00:00.950000,0 days 00:00:00.975011338,answer2,2.5082636,4.8716984,9.659413,0.033330787,0.025405636,1.2178029,12.870818,-23.352213,9.348677,-3.7640603,0.0,0.0,0.0,0.0,0.0,0.0,532.87885,1038.2666,-201.0,1338.5864,1130.3705,-201.0,2495.9841,565.21857,-201.0,0 days 00:00:12.995378712,0 days 00:00:13.020390050
0 days 00:00:00.960000,0 days 00:00:00.985011338,answer2,2.8088963,3.9081056,11.878566,0.038126346,0.02177191,1.4165277,13.1642885,-23.979528,6.1102843,-5.1137314,0.0,0.0,0.0,0.0,0.0,0.0,526.1721,1020.6884,-201.0,1322.9012,1110.4376,-201.0,2461.8,603.7644,-201.0,0 days 00:00:13.005378712,0 days 00:00:13.030390050
0 days 00:00:00.970000,0 days 00:00:01.000997732,answer2,2.977946,2.136831,14.551384,0.049552307,0.016596675,1.6622144,14.729754,-24.149637,2.384435,-7.6756706,0.0,0.0,0.0,0.0,0.0,0.0,727.85223,1070.3317,-201.0,1686.4742,1085.8917,-201.0,2686.4216,569.56665,-201.0,0 days 00:00:13.015378712,0 days 00:00:13.046376444
0 days 00:00:00,0 days 00:00:00.025011338,answer3,1.9511242,-20.179781,25.706568,0.061775777,-0.024845319,0.23171215,42.333538,4.482557,21.157707,8.297627,30.287964,0.0,1.1245222,6.977695,5.241619,27.400045,232.89665,1612.7189,0.0,1356.5055,1091.4108,-19.230787,2524.0593,1093.3795,-27.803682,0 days 00:00:17.584250918,0 days 00:00:17.609262256
0 days 00:00:00.010000,0 days 00:00:00.035011338,answer3,1.909351,-20.183006,27.276184,0.063928716,-0.028353274,0.4089992,42.321156,6.306898,19.471544,9.252185,30.202082,0.005067574,0.87242264,7.1624703,4.198283,27.690613,311.3972,1450.1622,-3.0221307,1418.8262,1056.9778,-19.027056,2560.7336,1112.8604,-28.781027,0 days 00:00:17.594250918,0 days 00:00:17.619262256
0 days 00:00:00.020000,0 days 00:00:00.045011338,answer3,1.852096,-20.400667,28.902231,0.066601716,-0.029924223,0.55611044,42.350292,8.595487,17.822653,11.665217,30.066519,0.005239953,0.5464194,7.300146,2.8947258,28.373755,377.7396,1284.0865,-2.977894,1457.9427,1000.7515,-19.136658,2540.6084,1033.9121,-30.42766,0 days 00:00:17.604250918,0 days 00:00:17.629262256
0 days 00:00:00.030000,0 days 00:00:00.055011338,answer3,1.8062344,-20.339514,30.45127,0.06317884,-0.030634081,0.46291146,42.262882,10.314679,16.785149,13.231667,29.936361,0.0053958,0.5662468,7.246099,1.9308257,29.118462,388.04956,1204.5848,-4.2314563,1445.9028,909.9848,-19.827787,2580.3423,963.1872,-32.08286,0 days 00:00:17.614250918,0 days 00:00:17.639262256
0 days 00:00:00.040000,0 days 00:00:00.065011338,answer3,1.7429625,-20.949543,31.818064,0.06437751,-0.029112155,0.4021655,42.333008,11.392474,17.768583,12.774856,29.825663,0.0052349656,0.49581084,7.189863,1.1226193,30.439438,435.41125,1321.0603,-4.2678046,1466.4662,948.06586,-20.780092,2534.5442,790.19464,-34.248386,0 days 00:00:17.624250918,0 days 00:00:17.649262256
0 days 00:00:00.050000,0 days 00:00:00.075011338,answer3,1.6774406,-21.793327,33.3586,0.05943167,-0.028611029,0.35397923,41.77103,13.090107,18.53199,8.207679,29.819235,0.005028656,0.45287552,6.8177667,0.25085846,31.016884,444.92114,1300.7876,-4.89014,1472.6578,961.81635,-21.003126,2547.2292,832.59344,-35.656162,0 days 00:00:17.634250918,0 days 00:00:17.659262256
0 days 00:00:00.060000,0 days 00:00:00.085011338,answer3,1.7401438,-20.156925,33.611195,0.05849595,-0.021853074,0.5622017,40.976727,11.783252,14.285544,5.6131186,29.814611,0.0052419943,0.32124805,6.3554807,-0.86566526,28.944841,445.9987,1284.9991,-4.6462092,1476.0464,946.6179,-18.736355,2539.39,846.1878,-34.456715,0 days 00:00:17.644250918,0 days 00:00:17.669262256
0 days 00:00:00.070000,0 days 00:00:00.095011338,answer3,1.9801184,-16.701744,31.968796,0.054737013,-0.01357313,0.8788717,39.967575,8.554881,5.7759414,2.1166868,29.80607,0.0048396694,0.33167425,6.2733445,-1.5877708,26.030762,396.21872,1227.3789,-4.51712,1406.9701,937.695,-15.289005,2511.5999,1069.3003,-32.13565,0 days 00:00:17.654250918,0 days 00:00:17.679262256
0 days 00:00:00.080000,0 days 00:00:00.105011338,answer3,2.2892087,-12.421169,30.432943,0.053992078,-0.0074617625,1.0367559,40.25339,2.3994536,-2.2911968,0.4479448,29.71302,0.014690515,0.44139805,6.5099425,-1.941398,24.008345,397.14453,1296.1252,-4.7214923,1373.0635,965.4085,-12.231369,2532.6619,1178.0421,-30.671234,0 days 00:00:17.664250918,0 days 00:00:17.689262256
0 days 00:00:00.090000,0 days 00:00:00.115011338,answer3,2.4382703,-10.523731,29.76449,0.054700047,-0.007328601,0.87617713,42.164482,-1.9585851,-6.019914,-0.50770783,29.616358,0.014082867,0.6188313,6.8489227,-1.8701625,18.61437,403.57227,1698.556,-5.347732,1211.4376,1408.6844,-10.169091,2275.4531,1305.5992,-25.832262,0 days 00:00:17.674250918,0 days 00:00:17.699262256
0 days 00:00:00.100000,0 days 00:00:00.125011338,answer3,2.4230883,-9.989121,31.335138,0.05261982,-0.008950741,0.63213104,43.636814,-3.7053783,-8.358308,-0.29532644,29.482498,0.013330094,0.6979905,6.643207,-2.2764509,19.264061,405.14804,1672.2744,-6.0971355,1203.4366,1407.7256,-10.28637,2300.8777,1158.4432,-27.63765,0 days 00:00:17.684250918,0 days 00:00:17.709262256
0 days 00:00:00.110000,0 days 00:00:00.135011338,answer3,2.313215,-9.917844,32.5137,0.052401807,-0.008822291,0.60690975,44.497223,-3.3139417,-11.551417,2.776351,29.284052,0.0036233074,0.57327205,6.2469697,-2.918087,18.499344,415.63193,1675.668,-6.6084704,1208.7687,1462.4264,-11.294906,2168.6912,1149.7152,-28.025904,0 days 00:00:17.694250918,0 days 00:00:17.719262256
0 days 00:00:00.120000,0 days 00:00:00.145011338,answer3,2.1555152,-10.256633,33.35251,0.05055137,-0.008539032,0.7449936,43.850845,-1.7260796,-11.21964,3.3074296,28.995955,0.0048634326,0.43160507,5.3271103,-3.2855425,24.190468,419.86264,1349.748,-6.593927,1369.6683,1098.85,-14.417321,2374.805,1189.4786,-34.069935,0 days 00:00:17.704250918,0 days 00:00:17.729262256
0 days 00:00:00.130000,0 days 00:00:00.155011338,answer3,1.938502,-11.289731,33.739044,0.052470636,-0.006551279,0.89832544,42.559803,1.0973274,-9.164929,4.912033,28.552322,0.0063923337,0.48038864,3.8638594,-3.1621826,20.650356,429.56454,1429.7179,-6.051636,1412.4952,1159.802,-16.549078,2313.4548,1445.0101,-29.864176,0 days 00:00:17.714250918,0 days 00:00:17.739262256
0 days 00:00:00.140000,0 days 00:00:00.165011338,answer3,1.7211462,-12.464749,28.870584,0.05103743,-0.009954729,1.0548334,34.761467,8.283348,-1.8967034,1.9817203,28.31229,0.006889519,0.59019625,3.0130615,-2.9383862,19.78884,421.01245,1374.4492,-70.75045,1407.9907,1098.0963,-78.763756,2379.1318,1239.4434,-85.90194,0 days 00:00:17.724250918,0 days 00:00:17.749262256
0 days 00:00:00.150000,0 days 00:00:00.175011338,answer3,1.4756341,-11.417453,21.510729,0.039965626,-0.0131695345,1.1164902,22.67276,16.968775,2.5956228,1.2203472,0.0,0.0,0.0,0.0,0.0,0.0,409.2423,1404.479,-135.72478,1398.3832,1102.6671,-140.05205,2408.3792,952.9741,-141.40541,0 days 00:00:17.734250918,0 days 00:00:17.759262256
0 days 00:00:00.160000,0 days 00:00:00.185011338,answer3,1.2076426,-10.250749,13.995057,0.02461672,-0.022144085,0.91106373,11.900567,23.458933,5.583635,-2.1069555,0.0,0.0,0.0,0.0,0.0,0.0,438.48486,1326.6768,-201.0,1493.2845,1181.7523,-201.0,2445.5754,640.867,-201.0,0 days 00:00:17.744250918,0 days 00:00:17.769262256
0 days 00:00:00.170000,0 days 00:00:00.195011338,answer3,0.9135167,-8.656906,13.210621,0.013674495,-0.022867858,0.61258334,7.667832,23.364447,3.2896736,1.8918847,0.0,0.0,0.0,0.0,0.0,0.0,424.00497,1337.3195,-201.0,1480.9785,1131.097,-201.0,2444.444,564.54974,-201.0,0 days 00:00:17.754250918,0 days 00:00:17.779262256
0 days 00:00:00.180000,0 days 00:00:00.205011338,answer3,0.7119198,-10.891023,17.192673,0.007666579,-0.021258762,0.29292294,9.585548,24.106567,1.5775443,6.8496633,0.0,0.0,0.0,0.0,0.0,0.0,421.20743,1296.845,-201.0,1479.2689,1081.9082,-201.0,2462.501,590.0037,-201.0,0 days 00:00:17.764250918,0 days 00:00:17.789262256
0 days 00:00:00.190000,0 days 00:00:00.215011338,answer3,0.59228486,-11.980737,20.909565,-0.0027812466,-0.015454126,0.2184928,10.7880945,23.698103,-1.4572119,14.348815,0.0,0.0,0.0,0.0,0.0,0.0,390.12402,1387.6227,-201.0,1386.2792,974.6836,-201.0,2520.1213,595.27814,-201.0,0 days 00:00:17.774250918,0 days 00:00:17.799262256
0 days 00:00:00.200000,0 days 00:00:00.225011338,answer3,0.54450285,-13.04182,22.748083,-0.0035842834,-0.012650664,0.16765213,10.034223,26.039955,-1.2825147,15.107671,0.0,0.0,0.0,0.0,0.0,0.0,677.2954,1571.89,-201.0,1604.632,2067.9622,-201.0,2470.8997,867.9917,-201.0,0 days 00:00:17.784250918,0 days 00:00:17.809262256
0 days 00:00:00.210000,0 days 00:00:00.235011338,answer3,0.56175023,-10.665924,21.125734,-0.005896352,-0.014131484,0.14592157,5.326914,24.953787,0.27412048,13.386592,0.0,0.0,0.0,0.0,0.0,0.0,807.61615,1596.1124,-201.0,1724.2734,2004.227,-201.0,2542.7695,865.74756,-201.0,0 days 00:00:17.794250918,0 days 00:00:17.819262256
0 days 00:00:00.220000,0 days 00:00:00.245011338,answer3,0.623364,-7.444139,16.163908,0.004320171,-0.0130523555,0.124610044,0.06989527,24.527594,3.8428333,11.518066,0.0,0.0,0.0,0.0,0.0,0.0,803.18085,1574.1641,-201.0,1685.9083,2103.0012,-201.0,2369.94,1066.0695,-201.0,0 days 00:00:17.804250918,0 days 00:00:17.829262256
0 days 00:00:00.230000,0 days 00:00:00.255011337,answer3,0.81283116,-3.7312882,9.73951,0.015322763,-0.01705796,0.17201859,-3.6379,22.02851,2.4420521,4.6624827,0.0,0.0,0.0,0.0,0.0,0.0,713.27094,1772.0176,-201.0,1575.1875,1074.7188,-201.0,2472.2136,929.7142,-201.0,0 days 00:00:17.814250918,0 days 00:00:17.839262255
0 days 00:00:00.240000,0 days 00:00:00.265011338,answer3,1.1309029,0.8122367,2.74534,0.02396746,-0.018225173,0.24572267,-8.193238,18.598963,0.5036368,-1.2027617,0.0,0.0,0.0,0.0,0.0,0.0,556.0073,1798.2931,-201.0,1461.4459,1215.6683,-201.0,2293.2576,1104.9503,-201.0,0 days 00:00:17.824250918,0 days 00:00:17.849262256
0 days 00:00:00.250000,0 days 00:00:00.275011338,answer3,1.5068527,6.1291122,-3.4500477,0.02559992,-0.017278314,0.3640546,-13.36893,12.006984,-0.66357774,-5.985225,0.0,0.0,0.0,0.0,0.0,0.0,561.2848,1636.232,-201.0,1472.3615,1070.7773,-201.0,2347.7683,1004.0078,-201.0,0 days 00:00:17.834250918,0 days 00:00:17.859262256
0 days 00:00:00.260000,0 days 00:00:00.285011338,answer3,1.6770973,8.029599,-3.9895375,0.011504392,-0.010905925,0.44753098,-13.875606,2.5336106,-3.5817177,-7.013296,0.0,0.0,0.0,0.0,0.0,0.0,631.1247,1165.0453,-201.0,1640.6123,1147.7183,-201.0,2437.343,982.25507,-201.0,0 days 00:00:17.844250918,0 days 00:00:17.869262256
0 days 00:00:00.270000,0 days 00:00:00.295011338,answer3,1.703935,5.8144355,1.3519245,0.0126372455,-0.005864445,0.5627824,-5.124811,-4.4357514,-5.164583,-1.9866219,0.0,0.0,0.0,0.0,0.0,0.0,684.2575,1053.4292,-136.46413,1638.2145,1123.1991,-137.61902,2463.7148,993.48346,-141.04156,0 days 00:00:17.854250918,0 days 00:00:17.879262256
0 days 00:00:00.280000,0 days 00:00:00.305011338,answer3,1.7808952,-1.3041109,11.865977,0.014397229,-0.008155511,0.8571799,8.869884,-5.7135224,-4.7272573,1.6650556,33.030014,0.0,0.0,3.0160046,1.6818557,13.633851,651.3338,1281.5785,-71.550316,1576.8036,1209.3485,-76.962204,2384.514,1028.841,-80.63955,0 days 00:00:17.864250918,0 days 00:00:17.889262256
0 days 00:00:00.290000,0 days 00:00:00.315011338,answer3,2.1609879,-6.1121926,19.613062,0.02716499,-0.01133727,1.2474326,19.812029,-2.2705162,-4.9576445,5.8826566,33.29513,0.0,0.0,4.2345157,1.6349497,15.055717,418.7607,1402.1354,-6.633908,1355.4503,1130.422,-15.067726,2327.67,1099.986,-21.689627,0 days 00:00:17.874250918,0 days 00:00:17.899262256
0 days 00:00:00.300000,0 days 00:00:00.325011338,answer3,2.7001383,-9.078891,22.605408,0.034207568,-0.010134577,1.5783819,23.851282,-0.5623417,-8.607809,2.1149259,33.78243,0.031223219,2.292107,5.841816,1.5565959,14.755815,528.4621,1445.7386,-4.744095,1458.7543,1116.6835,-16.46784,2517.765,923.9021,-20.946676,0 days 00:00:17.884250918,0 days 00:00:17.909262256
0 days 00:00:00.310000,0 days 00:00:00.335011338,answer3,3.3273976,-8.959163,21.454447,0.045086283,-0.0061869025,1.6116151,24.314598,-3.454749,-13.99369,-2.0958583,34.011715,0.02658025,1.8827434,6.783277,1.1161884,14.605679,639.64136,1324.5121,-2.3847072,1610.7496,1090.7369,-14.623333,2758.205,809.93994,-20.354607,0 days 00:00:17.894250918,0 days 00:00:17.919262256
0 days 00:00:00.320000,0 days 00:00:00.345011338,answer3,3.8446324,-7.6988163,19.912825,0.058161136,-0.004441486,1.8628564,23.509138,-6.3906884,-16.204268,-5.368734,34.23444,0.017155148,1.2908522,7.305407,0.50723076,13.672057,784.89966,1371.7437,0.88634175,1742.1295,1100.144,-11.776848,2836.9333,640.1878,-18.406408,0 days 00:00:17.904250918,0 days 00:00:17.929262256
0 days 00:00:00.330000,0 days 00:00:00.355011338,answer3,4.346724,-5.721049,19.440908,0.063033015,-0.0057149194,2.1140862,24.793436,-10.181788,-19.232761,-5.762671,34.474445,0.010499663,0.9200902,7.621212,-0.31478167,14.674899,803.0713,1378.5961,2.9413192,1762.0319,1046.3389,-7.7543926,2835.7175,577.29095,-18.06878,0 days 00:00:17.914250918,0 days 00:00:17.939262256
0 days 00:00:00.340000,0 days 00:00:00.365011338,answer3,4.8682146,-3.5452878,20.637562,0.06516504,-0.004568046,2.4793825,25.188955,-11.661083,-23.760046,-6.205857,34.730858,0.006491409,0.99469924,7.7780166,-1.2984308,14.006347,779.9118,1382.0713,3.0907314,1734.2091,979.7238,-3.63012,2831.9617,534.4466,-16.201344,0 days 00:00:17.924250918,0 days 00:00:17.949262256
0 days 00:00:00.350000,0 days 00:00:00.375011338,answer3,5.254996,-1.8596411,19.324112,0.06408658,-0.00027938583,2.8293629,25.365776,-14.865291,-26.41506,-6.808571,34.961727,0.0069871037,0.8913688,8.078322,-2.163059,12.09776,707.6982,1344.7438,2.5257547,1638.46,928.87646,-0.89301986,2799.12,539.45404,-13.561134,0 days 00:00:17.934250918,0 days 00:00:17.959262256
0 days 00:00:00.360000,0 days 00:00:00.385011338,answer3,5.4151206,-0.7902408,16.994791,0.065206766,0.00086673815,2.7724626,23.6932,-16.26917,-26.980064,-9.012163,35.141853,0.006902845,0.833523,8.539501,-2.6470487,10.189215,695.5386,1393.0446,2.6490116,1620.0289,947.3123,0.8164279,2819.1013,537.57446,-11.242393,0 days 00:00:17.944250918,0 days 00:00:17.969262256
0 days 00:00:00.370000,0 days 00:00:00.395011338,answer3,5.3349547,-0.14239751,15.519723,0.06464091,0.00096337823,2.2564878,22.858871,-17.844442,-26.969002,-10.302853,35.22638,0.007105964,0.6603829,9.0547285,-2.6878119,9.936601,770.5997,1376.3827,3.9016953,1659.6475,940.78143,1.8158015,2849.4045,501.19617,-10.909416,0 days 00:00:17.954250918,0 days 00:00:17.979262256
0 days 00:00:00.380000,0 days 00:00:00.405011338,answer3,5.2610917,0.0016472241,16.022718,0.061614882,0.0010519936,1.4534205,22.562689,-18.371733,-27.823442,-7.988777,35.24824,0.0067884624,0.5930474,9.099021,-2.7989118,9.558375,820.96124,1379.7474,5.104058,1688.3237,992.9729,1.6242679,2822.1921,602.3933,-10.664248,0 days 00:00:17.964250918,0 days 00:00:17.989262256
0 days 00:00:00.390000,0 days 00:00:00.415011338,answer3,5.1929307,-0.6187121,16.01576,0.067617185,0.0018620474,1.1178489,23.229803,-19.120361,-27.092348,-7.7263713,35.253075,0.0038939596,0.4812473,9.180499,-3.1862228,9.101615,847.7608,1383.6637,5.4234085,1707.5629,997.57294,0.6267023,2834.7312,593.7076,-10.372922,0 days 00:00:17.974250918,0 days 00:00:17.999262256
0 days 00:00:00.400000,0 days 00:00:00.425011338,answer3,5.059935,-2.0743372,15.799388,0.07196357,0.0006911768,1.0992047,24.098642,-19.683748,-24.718012,-9.213265,35.247604,0.0029292246,0.48686957,8.889332,-3.546834,10.73585,716.733,1329.6719,3.5688868,1619.6328,1014.1091,-0.57034415,2751.0098,728.7886,-11.821373,0 days 00:00:17.984250918,0 days 00:00:18.009262256
0 days 00:00:00.410000,0 days 00:00:00.435011338,answer3,4.742577,-3.966975,17.197779,0.07554299,-0.0054013245,1.2702127,25.203672,-18.563189,-22.745827,-12.751904,35.203007,0.0017422144,0.6664733,7.776897,-3.0973618,9.566574,562.93604,1500.4662,2.2668774,1419.081,1245.3535,-3.2038536,2459.256,797.19354,-9.658814,0 days 00:00:17.994250918,0 days 00:00:18.019262256
0 days 00:00:00.420000,0 days 00:00:00.445011338,answer3,4.1232867,-6.388275,19.4962,0.07150508,-0.0145366015,1.8368675,27.265032,-16.542658,-18.225943,-13.913918,35.1807,0.0016207588,0.8389841,7.1945214,-0.82636833,13.864619,525.482,1480.8026,0.30471087,1386.0104,1263.4053,-5.0727277,2355.4368,965.56635,-12.495418,0 days 00:00:18.004250918,0 days 00:00:18.029262256
0 days 00:00:00.430000,0 days 00:00:00.455011338,answer3,3.334324,-8.705997,21.31841,0.07604224,-0.019973231,2.2359068,29.145994,-12.971738,-13.078788,-12.355428,35.229134,0.0044996776,1.3868974,7.5331345,3.768317,16.69345,596.4076,1675.4385,-1.7025741,1427.0215,1265.0535,-7.4339385,2352.424,854.50836,-14.0062065,0 days 00:00:18.014250918,0 days 00:00:18.039262256
0 days 00:00:00.440000,0 days 00:00:00.465011338,answer3,2.7105865,-10.719986,22.474297,0.076476045,-0.020124722,2.056118,30.79775,-10.782491,-6.714321,-9.902454,35.34334,0.008092641,1.1566695,8.895358,8.383166,23.084757,594.8803,1502.0511,-1.2038342,1543.1797,999.7929,-8.161204,2559.487,825.94556,-19.898775,0 days 00:00:18.024250918,0 days 00:00:18.049262256
0 days 00:00:00.450000,0 days 00:00:00.475011338,answer3,2.4371161,-11.42091,23.299757,0.0819701,-0.015768083,1.1993091,31.966867,-10.241611,-5.2838855,-5.845328,35.4529,0.009027514,0.94763535,9.655325,11.033585,23.504278,463.07236,1460.8893,-0.3569921,1473.856,941.2575,-9.529262,2531.7454,826.4819,-20.535942,0 days 00:00:18.034250918,0 days 00:00:18.059262256
0 days 00:00:00.460000,0 days 00:00:00.485011338,answer3,2.444472,-11.30099,23.395494,0.07722125,-0.01275383,0.6390899,33.50559,-12.408895,-5.842068,-4.2047124,35.571537,0.0060830633,0.33859468,9.5433,9.625774,23.832596,368.7727,1351.8575,2.7442682,1407.57,946.88983,-9.596255,2469.2969,946.2752,-21.573935,0 days 00:00:18.044250918,0 days 00:00:18.069262256
0 days 00:00:00.470000,0 days 00:00:00.495011338,answer3,2.6387656,-10.0882635,23.400803,0.078657016,-0.013342532,0.73382145,34.174545,-15.050423,-9.955661,-5.2696953,35.683456,0.0033099356,0.47296524,8.873459,5.0620723,21.286913,588.70526,1444.7223,0.0,1654.6884,1238.0137,-10.198327,2380.859,1385.2241,-19.954668,0 days 00:00:18.054250918,0 days 00:00:18.079262256
0 days 00:00:00.480000,0 days 00:00:00.505011338,answer3,3.2190526,-9.1013565,23.87819,0.07338601,-0.012750804,1.6903223,34.004433,-18.47568,-15.078194,-9.273083,35.738327,0.0032743607,0.5884225,8.556564,-0.02345244,20.670439,595.47974,1506.6215,1.1074972,1662.4991,1341.7277,-8.178346,2445.8508,1558.9781,-20.186052,0 days 00:00:18.064250918,0 days 00:00:18.089262256
0 days 00:00:00.490000,0 days 00:00:00.515011338,answer3,3.8556416,-8.583023,25.16934,0.0737355,-0.013938081,2.0472393,32.91494,-19.963522,-20.900494,-12.900603,35.67592,0.0039783427,0.88374346,8.530751,-2.786958,19.06875,742.549,1514.438,2.8155162,1769.5199,1336.2047,-6.5781035,2628.8699,1525.8239,-19.06626,0 days 00:00:18.074250918,0 days 00:00:18.099262256
0 days 00:00:00.500000,0 days 00:00:00.525011338,answer3,4.309683,-8.596003,25.349646,0.06855475,-0.010032262,2.2510884,31.341026,-19.996235,-23.11384,-13.5697565,35.53561,0.0044145617,0.7578902,8.806897,-2.623818,16.392435,538.33734,1507.3844,1.8993362,1441.1562,1280.8439,-5.023457,2521.8933,1137.0459,-16.623034,0 days 00:00:18.084250918,0 days 00:00:18.109262256
0 days 00:00:00.510000,0 days 00:00:00.535011338,answer3,4.3160205,-8.570315,24.616331,0.067240074,-0.0067190514,1.653379,29.29933,-17.774467,-22.82144,-13.0436125,35.38115,0.0050269705,0.6701061,8.892447,-2.2215683,15.600757,632.0557,1492.9634,2.4137466,1488.3053,1200.1149,-5.0733757,2536.3489,859.58575,-16.285309,0 days 00:00:18.094250918,0 days 00:00:18.119262256
0 days 00:00:00.520000,0 days 00:00:00.545011338,answer3,4.109492,-8.260001,24.548233,0.068400025,-0.004070874,1.6621283,28.909796,-16.77344,-20.715551,-13.463608,35.235703,0.0044594337,0.42698905,9.080083,-3.0923214,15.424918,532.5787,1451.6527,-0.36674818,1448.6006,1222.1436,-5.073637,2497.5222,953.68524,-16.760033,0 days 00:00:18.104250918,0 days 00:00:18.129262256
0 days 00:00:00.530000,0 days 00:00:00.555011338,answer3,3.9227378,-8.02121,24.596167,0.0638737,-0.004410153,1.3817445,30.204885,-17.344791,-18.18278,-15.935341,35.1322,0.0043481756,0.53704166,9.090638,-4.731586,18.469664,547.7404,1270.1016,-0.7810982,1547.8936,964.1193,-4.7915177,2798.912,876.1121,-20.219128,0 days 00:00:18.114250918,0 days 00:00:18.139262256
0 days 00:00:00.540000,0 days 00:00:00.565011338,answer3,3.7741954,-8.42667,24.571745,0.06551423,-0.005993528,1.190932,31.70196,-17.37908,-17.27152,-18.23472,35.046642,0.0035311051,0.5803506,8.733123,-5.6032434,20.190567,465.61902,1132.7599,-1.3640738,1498.2886,935.1098,-5.9758744,2767.9875,993.62177,-21.554642,0 days 00:00:18.124250918,0 days 00:00:18.149262256
0 days 00:00:00.550000,0 days 00:00:00.575011338,answer3,3.5371768,-10.488199,25.223778,0.063641526,-0.011039004,1.2502171,33.663727,-15.318976,-14.509407,-20.834005,34.900177,0.0029692845,0.5069817,7.226728,-4.665328,22.664312,438.1638,1184.8187,-0.73516923,1468.1666,1035.79,-8.777682,2724.2659,1219.6808,-23.39948,0 days 00:00:18.134250918,0 days 00:00:18.159262256
0 days 00:00:00.560000,0 days 00:00:00.585011338,answer3,3.0574667,-12.258407,24.72022,0.07018071,-0.018286273,1.800346,33.359806,-10.414654,-10.091534,-18.092964,34.634075,0.003672986,0.524766,5.679708,-0.05446434,26.986153,420.475,1180.2012,-0.3609697,1448.9302,1017.7676,-14.131115,2626.926,1199.5261,-27.347122,0 days 00:00:18.144250918,0 days 00:00:18.169262256
0 days 00:00:00.570000,0 days 00:00:00.595011338,answer3,2.386068,-15.509865,27.976187,0.07745502,-0.021278648,2.18312,34.377953,-3.249047,-3.8422816,-11.327222,34.49365,0.008448674,1.3166986,5.8067765,7.564841,30.638138,545.5696,1227.6622,-6.3897347,1534.4464,1004.60547,-20.888744,2646.6829,1043.1927,-30.855835,0 days 00:00:18.154250918,0 days 00:00:18.179262256
0 days 00:00:00.580000,0 days 00:00:00.605011338,answer3,1.8540636,-19.464605,30.421171,0.080187626,-0.02358316,2.0460384,34.332203,6.0045466,2.0801804,-2.2341917,34.45039,0.0154836355,1.4436755,7.3542314,14.107479,34.24906,553.252,1206.9906,-5.89156,1609.2207,932.3853,-26.859003,2665.113,1387.0153,-33.968582,0 days 00:00:18.164250918,0 days 00:00:18.189262256
0 days 00:00:00.590000,0 days 00:00:00.615011338,answer3,1.6238031,-24.411955,34.727283,0.08232728,-0.025818909,1.3413709,35.90732,13.811195,5.042568,-0.63735247,34.538498,0.021025455,1.4642473,9.070644,16.273325,36.503395,556.73596,1360.2207,-5.271736,1631.4677,1139.183,-29.602182,2758.8137,1508.8998,-35.603092,0 days 00:00:18.174250918,0 days 00:00:18.199262256
0 days 00:00:00.600000,0 days 00:00:00.625011338,answer3,1.6482319,-26.706491,35.916515,0.079476304,-0.030143827,0.7933969,36.66598,17.772617,6.4934106,-2.6671326,34.48884,0.016079979,0.74424464,9.474168,14.968205,38.237293,474.03763,1708.7339,-3.3605423,1788.5795,1318.8784,-29.045416,3054.443,2185.7708,-37.123672,0 days 00:00:18.184250918,0 days 00:00:18.209262256
0 days 00:00:00.610000,0 days 00:00:00.635011338,answer3,1.7359562,-26.43233,35.40129,0.08200773,-0.031050907,0.51388216,36.805424,17.517292,6.723484,-5.022895,34.388428,0.009667589,0.60006034,9.290696,14.14223,37.210983,445.5936,1796.5382,-3.5142758,1747.7897,1497.0205,-26.867455,2995.1199,1705.6558,-36.2511,0 days 00:00:18.194250918,0 days 00:00:18.219262256
0 days 00:00:00.620000,0 days 00:00:00.645011338,answer3,1.8304738,-24.40019,34.023235,0.08001083,-0.028880103,0.50117534,36.34122,14.473511,7.4099536,-3.231078,34.343723,0.003736295,0.510715,8.702964,14.570811,36.518833,449.30518,1714.4496,-2.792382,1787.8688,1354.2589,-23.948118,3010.9602,1701.5541,-34.837055,0 days 00:00:18.204250918,0 days 00:00:18.229262256
0 days 00:00:00.630000,0 days 00:00:00.655011338,answer3,2.1774724,-20.988693,33.37013,0.081632085,-0.025391964,1.0925518,35.685764,8.581719,3.9110138,-2.4515002,34.32932,0.005065315,0.30037263,8.2307825,14.626613,36.025543,610.3443,1408.0547,-3.009971,1729.3383,1329.5282,-18.633211,2903.664,1326.4625,-32.249195,0 days 00:00:18.214250918,0 days 00:00:18.239262256
0 days 00:00:00.640000,0 days 00:00:00.665011338,answer3,2.83553,-17.475903,33.038834,0.08229885,-0.019078327,1.9444618,35.38789,2.7323935,-4.3221836,-3.8796427,34.368607,0.009322267,0.81285286,8.239913,13.938266,37.40553,895.5747,1373.8502,-6.2114716,1801.5155,1340.0398,-12.717769,3054.4785,1247.1764,-31.062141,0 days 00:00:18.224250918,0 days 00:00:18.249262256
0 days 00:00:00.650000,0 days 00:00:00.675011338,answer3,3.641241,-14.108037,31.146742,0.0831716,-0.014327596,2.214244,35.246532,-3.1829338,-13.622101,-4.127364,34.30844,0.010783673,1.0667422,8.5841,13.155029,35.73892,1121.8374,1622.4906,-8.871915,1804.5659,1424.7225,-7.153866,3132.2961,1201.514,-27.768372,0 days 00:00:18.234250918,0 days 00:00:18.259262256
0 days 00:00:00.660000,0 days 00:00:00.685011338,answer3,4.264845,-11.895589,26.675798,0.08045309,-0.012006587,2.0790875,34.190598,-7.1049175,-18.464855,-2.3886366,34.213932,0.009857926,1.2497995,8.833978,12.910447,31.130903,1053.2822,1675.5342,-3.4072464,1709.986,1292.6268,-5.4721694,3049.0125,990.5534,-23.096113,0 days 00:00:18.244250918,0 days 00:00:18.269262256
0 days 00:00:00.670000,0 days 00:00:00.695011338,answer3,4.516704,-10.096034,21.735281,0.07424421,-0.012910203,1.7320853,32.47024,-10.464962,-17.231447,-0.25751302,34.095734,0.0061947764,0.61856794,8.984481,12.466782,25.770622,928.69995,1525.2687,0.5031101,1707.1216,965.83057,-4.270471,3016.751,862.7803,-18.608488,0 days 00:00:18.254250918,0 days 00:00:18.279262256
0 days 00:00:00.680000,0 days 00:00:00.705011338,answer3,4.507234,-8.95749,17.929121,0.07062629,-0.014622879,1.7284797,30.363409,-11.650009,-13.591713,0.19809414,34.006226,0.0044549447,0.49394408,9.061535,11.198848,23.063599,837.362,1221.9935,2.7700176,1777.2474,775.49365,-3.0403748,2996.4797,873.9951,-17.020144,0 days 00:00:18.264250918,0 days 00:00:18.289262256
0 days 00:00:00.690000,0 days 00:00:00.715011338,answer3,4.404836,-7.832873,15.002545,0.062031154,-0.0183444,1.4780983,29.00323,-11.943097,-8.643762,-0.21739537,33.964146,0.0039186855,0.31478912,9.071838,9.175857,22.039246,827.78864,1122.5399,2.310745,1799.7686,692.61285,-1.3483413,2968.1477,851.0164,-16.926565,0 days 00:00:18.274250918,0 days 00:00:18.299262256
0 days 00:00:00.700000,0 days 00:00:00.725011338,answer3,4.303387,-7.121546,14.122501,0.05837162,-0.02042797,1.0984939,27.285704,-10.230987,-7.3074737,0.17518294,33.96285,0.0024426384,0.34949365,8.919549,6.788954,21.143045,824.34686,1137.6215,1.8093172,1808.5443,680.84033,-1.2359253,2960.211,890.4172,-16.593477,0 days 00:00:18.284250918,0 days 00:00:18.309262256
0 days 00:00:00.710000,0 days 00:00:00.735011338,answer3,4.282179,-7.0779552,13.679883,0.053504962,-0.023526654,0.9802594,25.988363,-9.261651,-4.7479815,-1.1065559,33.985188,0.0010927705,0.36370602,8.967414,4.543272,19.891787,788.2049,1250.7133,1.5536284,1794.0934,700.75555,-2.5787354,2921.7683,935.20166,-15.637961,0 days 00:00:18.294250918,0 days 00:00:18.319262256
0 days 00:00:00.720000,0 days 00:00:00.745011338,answer3,4.2054906,-8.259267,14.542417,0.05559476,-0.026944397,0.95475036,24.03885,-6.5000863,-2.5047,-3.3116477,33.9902,0.0008871818,0.34517482,8.707484,3.0335178,17.299166,779.3112,1292.686,0.64059657,1798.0404,739.8706,-4.696096,2852.861,974.6194,-13.297306,0 days 00:00:18.304250918,0 days 00:00:18.329262256
0 days 00:00:00.730000,0 days 00:00:00.755011338,answer3,4.186543,-8.69064,13.309059,0.057439078,-0.03191581,1.0127133,22.526403,-6.0810637,3.4009454,-5.993979,33.95382,0.0007768948,0.5001119,8.262611,2.795309,13.708459,770.10254,1334.1509,-1.1858662,1803.3433,755.53046,-7.2702065,2788.3499,921.1233,-10.195654,0 days 00:00:18.314250918,0 days 00:00:18.339262256
0 days 00:00:00.740000,0 days 00:00:00.765011338,answer3,4.0273805,-8.234944,11.126106,0.06211998,-0.032846842,1.1919917,20.637398,-4.7420735,10.435513,-7.322094,33.89189,0.0011722016,0.4197389,7.5073543,3.9019878,9.889487,770.64453,1408.8336,-4.6578,1811.9658,761.4966,-10.3527355,2736.8877,823.89276,-7.398916,0 days 00:00:18.324250918,0 days 00:00:18.349262256
0 days 00:00:00.750000,0 days 00:00:00.775011338,answer3,3.6930244,-6.69966,8.3181925,0.07047827,-0.030285412,1.4099661,18.930704,-3.689525,18.923296,-6.6330395,33.67828,0.0013715551,0.80901366,5.2523627,5.980387,8.180614,786.8198,1503.206,-9.130309,1821.222,701.3757,-14.256081,2748.1484,836.3663,-6.930166,0 days 00:00:18.334250918,0 days 00:00:18.359262256
0 days 00:00:00.760000,0 days 00:00:00.785011338,answer3,3.023594,-5.9821115,7.4891286,0.07027038,-0.027107785,1.7438082,18.103975,-0.6336768,26.959417,-2.811813,33.14919,0.0020552622,0.96659404,3.5066102,6.801502,8.885919,815.83417,1580.3002,-13.466344,1819.091,637.40094,-17.357573,2745.1882,864.84845,-8.593446,0 days 00:00:18.344250918,0 days 00:00:18.369262256
0 days 00:00:00.770000,0 days 00:00:00.795011338,answer3,2.1405108,-7.545162,8.901139,0.060272742,-0.03107552,1.7245725,18.79545,4.3723264,29.801147,1.2641245,32.809273,0.0023176922,1.2170506,1.8808223,7.249292,9.982384,713.81635,1450.9741,-77.50883,1784.1088,587.94604,-79.709404,2707.4297,801.80255,-73.71659,0 days 00:00:18.354250918,0 days 00:00:18.379262256
0 days 00:00:00.780000,0 days 00:00:00.805011338,answer3,1.3638763,-8.48804,10.723915,0.03906906,-0.034434,1.4338083,19.306204,6.4911065,27.983856,3.2874992,0.0,0.0,0.0,0.0,0.0,0.0,585.6308,1308.9855,-73.60864,1721.6105,640.2237,-76.976814,2685.1616,781.6948,-75.324104,0 days 00:00:18.364250918,0 days 00:00:18.389262256
0 days 00:00:00.790000,0 days 00:00:00.815011338,answer3,0.90263915,-9.544585,13.086944,0.031704064,-0.033972386,0.86680555,19.417528,6.535299,26.571732,4.3345003,33.71195,0.0,0.0,3.0835292,5.3849487,12.298876,411.75488,1298.3169,-68.996895,1652.292,723.97235,-78.422264,2682.693,2206.8857,-77.196144,0 days 00:00:18.374250918,0 days 00:00:18.399262256
0 days 00:00:00.800000,0 days 00:00:00.825011338,answer3,0.7353813,-9.288716,14.231621,0.02931937,-0.028337987,0.41517952,19.361586,4.356788,25.95989,4.002399,33.777905,0.0,0.0,3.7480638,4.9730763,11.794642,385.98975,1290.9037,-3.702761,1602.611,755.8703,-21.055204,2588.6174,2252.2734,-15.497403,0 days 00:00:18.384250918,0 days 00:00:18.409262256
0 days 00:00:00.810000,0 days 00:00:00.835011338,answer3,0.6597679,-10.014141,15.282799,0.041445907,-0.024349838,0.21399982,20.238914,3.2771692,26.518915,3.8033369,33.846733,0.0028113462,0.45668837,4.6923723,5.6049476,12.286017,386.73157,1418.5287,-69.77916,1633.5889,769.1624,-84.51884,2576.7737,2259.4192,-77.96984,0 days 00:00:18.394250918,0 days 00:00:18.419262256
0 days 00:00:00.820000,0 days 00:00:00.845011338,answer3,0.61530536,-9.300691,14.804393,0.03782714,-0.02166561,0.15586828,19.917078,1.5043573,24.292643,9.21384,0.0,0.0,0.0,0.0,0.0,0.0,559.795,1429.2969,-135.70587,1712.5835,701.56537,-143.63295,2636.485,886.8308,-139.30125,0 days 00:00:18.404250918,0 days 00:00:18.429262256
0 days 00:00:00.830000,0 days 00:00:00.855011338,answer3,0.97519755,-5.255962,9.733489,0.05173236,-0.01394873,0.36224166,15.049878,-2.673316,15.123283,12.869682,0.0,0.0,0.0,0.0,0.0,0.0,703.3394,1750.6,-201.0,1707.6652,979.77313,-201.0,2672.3484,1128.7968,-201.0,0 days 00:00:18.414250918,0 days 00:00:18.439262256
0 days 00:00:00.840000,0 days 00:00:00.865011338,answer3,1.2406296,-1.753673,5.208723,0.0453472,-0.010686497,0.503236,8.305473,-1.8227988,8.276641,17.632132,0.0,0.0,0.0,0.0,0.0,0.0,672.8103,1740.5616,-201.0,1579.5238,1103.1713,-201.0,2512.2043,1222.0746,-201.0,0 days 00:00:18.424250918,0 days 00:00:18.449262256
0 days 00:00:00.850000,0 days 00:00:00.875011338,answer3,1.5086962,-2.9359262,5.75435,0.059110243,-0.015509718,0.73629594,8.169696,0.5490616,0.51356983,11.1263,0.0,0.0,0.0,0.0,0.0,0.0,770.1092,1510.9625,-138.92714,1609.3475,1355.8925,-138.09125,2454.4084,1287.9803,-140.78813,0 days 00:00:18.434250918,0 days 00:00:18.459262256
0 days 00:00:00.860000,0 days 00:00:00.885011338,answer3,1.9759089,-6.169088,11.0399065,0.06228004,-0.024383567,1.384488,15.10907,-2.220208,0.053424597,5.4067893,35.238403,0.0,0.0,2.4159265,0.50369024,14.069547,645.0452,1278.7745,-71.83388,1561.1422,1324.666,-74.796745,2328.946,1241.5983,-76.72312,0 days 00:00:18.444250918,0 days 00:00:18.469262256
0 days 00:00:00.870000,0 days 00:00:00.895011338,answer3,2.9178784,-8.434613,15.1758995,0.07912346,-0.027621955,2.2193644,22.421572,-9.190917,-3.335534,-2.5909703,35.034695,0.0,0.0,4.048818,-1.4240137,11.608863,660.73724,1379.9669,-4.1780834,1558.0845,1773.1161,-11.143155,2190.4456,1285.1456,-11.296491,0 days 00:00:18.454250918,0 days 00:00:18.479262256
0 days 00:00:00.880000,0 days 00:00:00.905011338,answer3,4.0528855,-7.2164254,14.318642,0.08193765,-0.026498593,2.7969818,23.949121,-16.801743,-6.067571,-6.0250535,34.63128,0.015237812,1.229694,5.89967,-4.87375,8.695313,530.11383,1673.7905,2.0652897,1467.4033,1630.3555,-9.213578,2191.7888,1099.7241,-7.636635,0 days 00:00:18.464250918,0 days 00:00:18.489262256
0 days 00:00:00.890000,0 days 00:00:00.915011338,answer3,4.582083,-7.4893837,14.038452,0.08299731,-0.029141335,2.6598494,22.236364,-15.826993,-8.128608,-7.2874627,34.351917,0.012873128,1.056461,5.430004,-6.041946,9.025468,652.0772,1701.6895,2.9453335,1568.337,1439.8813,-6.721567,2402.288,863.8527,-8.178256,0 days 00:00:18.474250918,0 days 00:00:18.499262256
0 days 00:00:00.900000,0 days 00:00:00.925011338,answer3,4.453295,-7.6093636,13.963077,0.08410972,-0.033408526,2.8621533,22.931639,-15.003972,-4.7953224,-5.2265005,34.214233,0.019202424,0.83495283,4.4877048,-6.4232078,10.194454,706.23834,1630.8838,-64.71046,1679.4655,869.719,-70.37515,2706.812,655.32227,-73.60488,0 days 00:00:18.484250918,0 days 00:00:18.509262256
0 days 00:00:00.910000,0 days 00:00:00.935011338,answer3,3.414028,-8.77152,14.68132,0.077263676,-0.03647628,3.1291602,24.89112,-9.241887,3.2153027,-1.2539827,0.0,0.0,0.0,0.0,0.0,0.0,636.9494,1607.0475,-133.02669,1703.7782,871.2756,-135.21349,2734.9844,682.238,-137.47662,0 days 00:00:18.494250918,0 days 00:00:18.519262256
0 days 00:00:00.920000,0 days 00:00:00.945011338,answer3,2.2827199,-9.100273,13.681722,0.06331759,-0.03278863,2.7272644,25.39914,-4.9734735,9.493926,0.5941968,0.0,0.0,0.0,0.0,0.0,0.0,563.0439,1530.3671,-201.0,1725.5527,831.1999,-201.0,2760.3047,759.5281,-201.0,0 days 00:00:18.504250918,0 days 00:00:18.529262256
0 days 00:00:00.930000,0 days 00:00:00.955011338,answer3,1.5299009,-9.6157675,13.85091,0.050015107,-0.029666275,1.679686,22.215487,-0.037255526,8.888022,0.18180776,0.0,0.0,0.0,0.0,0.0,0.0,520.9776,1522.1937,-201.0,1739.5713,1533.6704,-201.0,2469.4639,965.06757,-201.0,0 days 00:00:18.514250918,0 days 00:00:18.539262256
0 days 00:00:00.940000,0 days 00:00:00.965011338,answer3,1.4101849,-9.094687,14.120555,0.04250349,-0.02503441,0.7769739,16.131294,4.840538,6.4294505,-2.3047006,0.0,0.0,0.0,0.0,0.0,0.0,476.58508,1487.2174,-201.0,1732.5377,2184.8438,-201.0,2133.4636,1139.8466,-201.0,0 days 00:00:18.524250918,0 days 00:00:18.549262256
0 days 00:00:00.950000,0 days 00:00:00.975011338,answer3,1.4759593,-10.439386,17.424244,0.04663847,-0.024088554,0.7440438,15.738927,7.9837017,5.95707,-0.46932602,0.0,0.0,0.0,0.0,0.0,0.0,441.96094,1541.0492,-201.0,1715.5731,2891.58,-201.0,1805.4574,1242.8765,-201.0,0 days 00:00:18.534250918,0 days 00:00:18.559262256
0 days 00:00:00.960000,0 days 00:00:00.985011338,answer3,1.6518046,-11.134823,18.15043,0.04789271,-0.026525745,0.9850952,20.329622,6.7815285,8.820847,0.07423401,34.10544,0.051773477,2.026796,5.744211,1.1696135,11.711862,421.4077,1223.088,-3.614443,1604.8575,948.51166,-20.93557,2451.4421,1028.0656,-15.326304,0 days 00:00:18.544250918,0 days 00:00:18.569262256
0 days 00:00:00.970000,0 days 00:00:01.000997732,answer3,1.8990707,-11.594838,18.001106,0.05424139,-0.030549278,1.1668068,26.855402,1.0927433,9.419154,0.4858648,34.001095,0.051773477,1.5990118,6.7552295,0.13343334,8.262119,401.58627,1112.5326,-3.1651905,1572.1898,899.1595,-22.685165,2362.95,909.32025,-11.42731,0 days 00:00:18.554250918,0 days 00:00:18.585248650
0 days 00:00:00,0 days 00:00:00.025011338,answer4,1.1428739,-1.9600253,10.144634,0.034725383,-0.012313056,0.107016385,-11.291089,29.675657,17.20387,-10.255177,0.0,0.0,0.0,0.0,0.0,0.0,1023.1994,1241.9746,-201.0,1925.3829,625.98346,-201.0,2896.722,740.2286,-201.0,0 days 00:00:22.489155822,0 days 00:00:22.514167160
0 days 00:00:00.010000,0 days 00:00:00.035011338,answer4,1.059799,-3.6692135,11.8006735,0.03851913,-0.010691614,0.20772891,-8.137025,25.410093,15.750568,-10.742749,0.0,0.0,0.0,0.0,0.0,0.0,1026.152,1176.942,-142.10472,1919.9672,668.9152,-144.76408,2868.3137,733.753,-142.85985,0 days 00:00:22.499155822,0 days 00:00:22.524167160
0 days 00:00:00.020000,0 days 00:00:00.045011338,answer4,1.0998132,-8.846264,16.349985,0.05806671,-0.012081032,0.75264615,-0.3949887,17.037836,12.798928,-12.4876375,43.081398,0.0,0.69180197,9.638243,-2.2631197,2.9838533,1015.8255,1202.2338,-81.596825,1920.984,724.4558,-85.48965,2897.8203,750.95953,-85.09481,0 days 00:00:22.509155822,0 days 00:00:22.534167160
0 days 00:00:00.030000,0 days 00:00:00.055011338,answer4,1.2510643,-13.783208,20.997644,0.06720779,-0.015110709,0.9495611,7.820707,7.252992,11.395965,-11.806798,43.00243,0.0,1.1142435,10.774422,-3.8193314,2.38049,929.41095,1075.0425,-20.410591,1930.8654,676.1566,-26.127077,2860.7307,801.68536,-26.610413,0 days 00:00:22.519155822,0 days 00:00:22.544167160
0 days 00:00:00.040000,0 days 00:00:00.065011338,answer4,1.4325992,-16.290747,24.280497,0.06706869,-0.017777821,0.9553575,14.020661,-1.7832347,9.815787,-8.163917,42.870876,0.021596964,1.0200847,12.366366,-6.287256,3.1788647,941.53735,1181.7731,-17.61879,1896.295,758.7261,-22.574255,2866.695,847.21136,-27.08491,0 days 00:00:22.529155822,0 days 00:00:22.554167160
0 days 00:00:00.050000,0 days 00:00:00.075011338,answer4,1.4317011,-15.91402,25.487509,0.055018675,-0.014027804,0.51026326,16.654795,-6.575606,6.6331716,-4.4405403,42.81772,0.016188743,0.89004475,13.262614,-6.832808,5.584301,956.8836,1167.9882,-15.759677,1835.6226,933.04443,-22.312485,2751.4836,799.1568,-28.176788,0 days 00:00:22.539155822,0 days 00:00:22.564167160
0 days 00:00:00.060000,0 days 00:00:00.085011338,answer4,1.3004411,-16.523457,28.690598,0.0537082,-0.010912418,0.31254014,20.837355,-6.989227,-1.6774443,-3.9645245,42.807354,0.00832606,0.3470471,13.522538,-6.9625688,10.162224,1004.64795,1196.5709,-13.797742,1853.5953,1320.549,-24.09966,2730.3455,903.1512,-30.922537,0 days 00:00:22.549155822,0 days 00:00:22.574167160
0 days 00:00:00.070000,0 days 00:00:00.095011338,answer4,1.1860245,-16.786554,31.294296,0.06205232,-0.006499292,0.2890352,24.197527,-6.782479,-9.444304,-7.668789,42.95637,0.0053768284,0.32785037,13.342067,-7.138382,14.494777,985.61865,1106.7748,-11.959388,1933.9579,1381.7617,-27.174149,2772.2947,993.65265,-33.59255,0 days 00:00:22.559155822,0 days 00:00:22.584167160
0 days 00:00:00.080000,0 days 00:00:00.105011338,answer4,1.2541276,-14.865883,33.42111,0.062825404,-0.0023458928,0.5214401,26.950739,-7.756784,-15.259824,-13.3207655,43.215942,0.0060473704,0.33602747,13.225078,-5.6431375,19.213545,1000.9136,1082.59,-10.889476,2042.9711,1585.7896,-28.71752,2829.7441,1178.5842,-35.746155,0 days 00:00:22.569155822,0 days 00:00:22.594167160
0 days 00:00:00.090000,0 days 00:00:00.115011338,answer4,1.5404767,-11.786866,33.784897,0.061597634,0.0007917462,0.79035616,29.618353,-10.535882,-18.020552,-19.965765,43.46632,0.0071186735,0.75533533,13.172862,-3.2120812,22.65235,1005.40826,1008.5815,-9.894908,2080.8682,1589.955,-27.047966,2910.2542,1166.8417,-35.75934,0 days 00:00:22.579155822,0 days 00:00:22.604167160
0 days 00:00:00.100000,0 days 00:00:00.125011338,answer4,1.9608021,-8.502028,33.08231,0.06334369,0.002594152,0.9613578,31.645945,-15.6744795,-21.181047,-25.839277,43.534878,0.0071441852,0.8179427,13.518368,-1.0385844,25.838083,1043.8407,1039.7535,-8.031056,2035.9391,1774.7421,-23.566397,2971.9797,1110.7428,-34.907722,0 days 00:00:22.589155822,0 days 00:00:22.614167160
0 days 00:00:00.110000,0 days 00:00:00.135011338,answer4,2.366414,-5.937485,31.812113,0.065424465,0.004138328,0.9544472,33.242874,-20.699028,-25.079168,-28.817465,43.484554,0.0059017334,0.86703354,13.688886,-0.8476402,26.024208,1003.1572,1143.514,-5.0971656,1877.3945,1546.5426,-15.649749,2939.3572,1011.47516,-31.969015,0 days 00:00:22.599155822,0 days 00:00:22.624167160
0 days 00:00:00.120000,0 days 00:00:00.145011338,answer4,2.6707885,-3.971125,29.946497,0.062403124,0.0067125666,0.7873191,32.966248,-24.54431,-28.31602,-30.226141,43.40477,0.0044958065,0.5107613,13.70836,-1.7921511,24.806572,961.521,1580.0121,-2.3594387,1653.0294,1386.8008,-9.041106,2935.2334,1098.767,-28.958162,0 days 00:00:22.609155822,0 days 00:00:22.634167160
0 days 00:00:00.130000,0 days 00:00:00.155011338,answer4,2.839983,-2.8718994,27.514315,0.058187783,0.010055225,0.73817545,32.64388,-27.675875,-28.181479,-32.8362,43.315998,0.00337365,0.38746932,13.504647,-2.884311,22.65068,900.95844,1634.4908,-0.5683136,1559.0508,1173.2821,-3.7612019,2809.4854,1036.6991,-26.103304,0 days 00:00:22.619155822,0 days 00:00:22.644167160
0 days 00:00:00.140000,0 days 00:00:00.165011338,answer4,2.8457088,-3.1678917,25.765284,0.057224367,0.007705646,0.6906013,31.860344,-28.132576,-27.056274,-33.035492,43.1935,0.0032414414,0.30824402,13.189761,-3.9531925,21.469345,913.4401,1576.6631,0.46157518,1622.8302,1213.0138,-6.5851655,2930.116,1076.0892,-24.960962,0 days 00:00:22.629155822,0 days 00:00:22.654167160
0 days 00:00:00.150000,0 days 00:00:00.175011338,answer4,2.7491539,-4.2165556,25.330772,0.06332434,0.0026994555,0.77337605,31.685476,-27.209906,-25.265778,-33.639847,43.002567,0.0035314385,0.2565786,12.372635,-3.5188818,23.992353,884.5237,1213.249,0.98317623,1716.5469,1077.0785,-8.324933,2935.4753,885.951,-26.528059,0 days 00:00:22.639155822,0 days 00:00:22.664167160
0 days 00:00:00.160000,0 days 00:00:00.185011338,answer4,2.6628883,-5.8281426,27.16909,0.0641082,-0.0022859492,1.0847822,30.921125,-25.443657,-28.749155,-33.20825,42.694637,0.005233256,0.31396207,11.0762825,-1.209406,28.39035,877.19366,1196.6816,1.7135906,1729.8102,1056.4286,-7.74123,3031.0388,823.94806,-27.886168,0 days 00:00:22.649155822,0 days 00:00:22.674167160
0 days 00:00:00.170000,0 days 00:00:00.195011338,answer4,2.688266,-6.4095054,29.571741,0.061854716,-0.0054482035,1.5407339,31.035563,-26.723387,-30.867117,-31.271955,42.203793,0.007024981,0.3328118,8.815797,3.765644,34.616222,852.2209,1176.1517,0.7798179,1681.2618,919.4499,-4.380097,2931.3997,692.90216,-30.070757,0 days 00:00:22.659155822,0 days 00:00:22.684167160
0 days 00:00:00.180000,0 days 00:00:00.205011338,answer4,2.7507122,-6.9791102,32.92539,0.05172403,-0.007979053,2.2816837,32.198723,-27.262976,-32.087517,-29.096106,41.53601,0.008080305,0.35506818,6.4937596,9.691376,36.984386,1004.5627,1140.8282,-1.7805648,1606.7094,1585.0258,-3.6522286,2914.1516,821.7651,-30.107004,0 days 00:00:22.669155822,0 days 00:00:22.694167160
0 days 00:00:00.190000,0 days 00:00:00.215011338,answer4,2.6925716,-7.814525,32.729366,0.056688357,-0.010630112,2.6492403,34.56321,-24.012838,-27.220602,-24.98104,40.336697,0.008105739,0.38479528,4.130794,22.047485,35.868332,802.0864,1363.9388,-4.0371,1512.0333,1643.4518,-7.8968406,2869.5369,1012.8806,-30.522812,0 days 00:00:22.679155822,0 days 00:00:22.704167160
0 days 00:00:00.200000,0 days 00:00:00.225011338,answer4,2.3466012,-10.374687,29.059145,0.062517405,-0.012609209,2.8171608,35.63432,-16.988897,-14.36676,-22.730751,39.72157,0.00784105,0.43101335,3.2163146,28.105635,33.760548,632.2283,1432.326,0.0,1389.2217,1682.2772,-74.3435,2766.763,962.0401,-86.93882,0 days 00:00:22.689155822,0 days 00:00:22.714167160
0 days 00:00:00.210000,0 days 00:00:00.235011338,answer4,1.8155918,-13.58672,25.708368,0.0781521,-0.015100111,2.2623434,37.210545,-9.064266,-4.410896,-19.049644,0.0,0.0,0.0,0.0,0.0,0.0,378.7186,1613.669,-201.0,1388.61,1003.9168,-139.18518,2675.9333,696.94403,-144.0718,0 days 00:00:22.699155822,0 days 00:00:22.724167160
0 days 00:00:00.220000,0 days 00:00:00.245011338,answer4,1.3197957,-16.463957,26.32116,0.0748646,-0.018428123,1.7674679,37.757446,-2.3632772,1.1782188,-15.865109,0.0,0.0,0.0,0.0,0.0,0.0,503.339,1534.3568,-201.0,1436.736,969.576,-201.0,2591.1262,504.69272,-201.0,0 days 00:00:22.709155822,0 days 00:00:22.734167160
0 days 00:00:00.230000,0 days 00:00:00.255011337,answer4,0.9932917,-17.85827,29.644869,0.07277598,-0.019263806,1.0951916,39.37422,2.7212145,-0.6312242,-11.255464,0.0,0.0,0.0,0.0,0.0,0.0,511.48837,1504.7213,-201.0,1439.4321,961.14435,-201.0,2608.013,576.8291,-201.0,0 days 00:00:22.719155822,0 days 00:00:22.744167159
0 days 00:00:00.240000,0 days 00:00:00.265011338,answer4,0.8377476,-18.699041,28.52568,0.060098797,-0.018577851,0.79789513,39.368374,5.918545,2.7279787,-7.761826,0.0,0.0,0.0,0.0,0.0,0.0,571.95215,1441.96,-201.0,1482.9838,957.86053,-201.0,2631.1562,595.3726,-201.0,0 days 00:00:22.729155822,0 days 00:00:22.754167160
0 days 00:00:00.250000,0 days 00:00:00.275011338,answer4,0.7449298,-19.726072,27.74677,0.05646124,-0.015507504,0.53774434,38.869965,8.347798,6.089292,-2.978692,0.0,0.0,0.0,0.0,0.0,0.0,617.8256,1375.6852,-201.0,1495.6007,929.6807,-201.0,2640.9172,533.35925,-201.0,0 days 00:00:22.739155822,0 days 00:00:22.764167160
0 days 00:00:00.260000,0 days 00:00:00.285011338,answer4,0.7306053,-22.886862,29.031519,0.05608065,-0.018102428,0.50280994,38.292408,12.297671,9.206042,-2.6562319,0.0,0.0,0.0,0.0,0.0,0.0,632.18427,1434.2705,-201.0,1538.0615,1070.5249,-201.0,2665.7136,551.4302,-201.0,0 days 00:00:22.749155822,0 days 00:00:22.774167160
0 days 00:00:00.270000,0 days 00:00:00.295011338,answer4,0.7404843,-25.552254,31.963923,0.05979537,-0.024669861,0.60596853,38.116383,15.990547,9.075135,-4.746618,0.0,0.0,0.0,0.0,0.0,0.0,488.08676,1462.1772,-201.0,1432.7139,1153.5621,-144.20851,2589.953,615.9661,-147.57521,0 days 00:00:22.759155822,0 days 00:00:22.784167160
0 days 00:00:00.280000,0 days 00:00:00.305011338,answer4,0.7690157,-28.102865,34.928516,0.06356364,-0.03013243,0.8946802,39.086163,18.683617,10.629008,-6.2572803,36.516857,0.0,0.0,6.8201876,17.869122,38.006996,645.986,1541.4542,0.0,1705.3824,1198.6696,-91.094696,2941.6125,829.7754,-98.69756,0 days 00:00:22.769155822,0 days 00:00:22.794167160
0 days 00:00:00.290000,0 days 00:00:00.315011338,answer4,0.83440775,-28.43548,36.98117,0.06166218,-0.028425703,1.0717235,40.21522,17.451553,9.886585,-6.0536084,36.651707,0.0,0.0,7.897449,17.708193,40.75017,955.2845,1541.484,-30.308235,2064.7136,1133.8057,-36.814564,3326.1536,963.8511,-50.98665,0 days 00:00:22.779155822,0 days 00:00:22.804167160
0 days 00:00:00.300000,0 days 00:00:00.325011338,answer4,0.9402489,-28.620844,38.890816,0.06020194,-0.023954725,1.0411707,40.73543,16.133091,9.992973,-5.7096486,36.852448,0.0,0.7495327,10.159127,19.06966,37.86745,971.4959,1497.2089,-30.308235,2077.0674,1121.6345,-36.395786,3312.6377,1011.0435,-48.830673,0 days 00:00:22.789155822,0 days 00:00:22.814167160
0 days 00:00:00.310000,0 days 00:00:00.335011338,answer4,1.0394874,-27.922644,37.217224,0.06089778,-0.020615296,0.75016236,41.22727,13.34624,9.710517,-6.496624,36.868214,0.009896378,0.83118105,10.543452,19.055555,39.927067,983.32404,1432.4526,0.0,2116.22,1064.0258,-34.453568,3395.7156,1031.5963,-50.307743,0 days 00:00:22.799155822,0 days 00:00:22.824167160
0 days 00:00:00.320000,0 days 00:00:00.345011338,answer4,1.0842477,-27.13531,35.658115,0.06485678,-0.01636547,0.47832754,41.01148,11.912914,9.601241,-6.4062037,36.944332,0.00907391,0.87606114,10.159759,22.155642,34.799442,846.1658,1377.182,-26.24572,2011.8271,1003.6182,-31.758993,3218.8499,1111.9412,-41.85801,0 days 00:00:22.809155822,0 days 00:00:22.834167160
0 days 00:00:00.330000,0 days 00:00:00.355011338,answer4,1.2878418,-25.271982,32.823353,0.070854016,-0.01734857,0.860266,40.34752,6.4441314,11.168064,-6.945503,37.07475,0.004664172,0.48736647,9.526305,25.39808,38.889843,849.39935,1386.4803,-26.24572,1988.816,992.519,-29.503784,3196.03,1048.1088,-40.26164,0 days 00:00:22.819155822,0 days 00:00:22.844167160
0 days 00:00:00.340000,0 days 00:00:00.365011338,answer4,1.6576236,-23.92298,31.233297,0.07777989,-0.02020702,1.865797,37.875607,1.8249334,12.761683,-13.661092,37.20131,0.008159756,0.7069029,9.427144,27.242228,30.872208,506.20993,1414.834,0.0,1591.0983,1120.5409,-24.6426,2679.9353,862.62616,-26.031275,0 days 00:00:22.829155822,0 days 00:00:22.854167160
0 days 00:00:00.350000,0 days 00:00:00.375011338,answer4,2.0807245,-22.584112,26.908264,0.08431354,-0.027126247,2.0557456,35.322117,-2.045444,15.481552,-23.517136,37.25161,0.007309457,0.95798236,10.051201,26.771454,31.73144,567.5124,1418.1699,0.0,1618.0404,977.1075,-20.02519,2831.4238,626.5864,-23.522757,0 days 00:00:22.839155822,0 days 00:00:22.864167160
0 days 00:00:00.360000,0 days 00:00:00.385011338,answer4,2.3272378,-22.243639,25.269989,0.08532504,-0.028384479,1.6642686,31.938791,-0.28238773,15.995544,-32.28796,37.293346,0.0072396346,0.9499583,10.565356,25.227472,28.61467,575.789,1372.9904,-20.143454,1637.0089,964.0801,-21.580233,2849.2117,568.6918,-20.817122,0 days 00:00:22.849155822,0 days 00:00:22.874167160
0 days 00:00:00.370000,0 days 00:00:00.395011338,answer4,2.2754867,-22.597578,25.104452,0.08163857,-0.031422466,1.0287622,30.285303,5.2833724,16.5899,-36.318134,37.298206,0.0036276116,0.49111208,10.186734,24.540987,29.486176,628.97455,1283.727,0.0,1692.098,1003.1691,-28.838768,2825.1797,664.1022,-24.719606,0 days 00:00:22.859155822,0 days 00:00:22.884167160
0 days 00:00:00.380000,0 days 00:00:00.405011338,answer4,2.0241349,-22.897835,26.762686,0.07744766,-0.03325229,1.5514218,28.453543,11.244275,20.659441,-36.054783,37.254353,0.0025498243,0.37838426,9.294555,24.801924,29.274826,393.18466,1258.493,-0.027792454,1425.5604,1267.923,-37.63371,2386.42,632.7316,-27.58727,0 days 00:00:22.869155822,0 days 00:00:22.894167160
0 days 00:00:00.390000,0 days 00:00:00.415011338,answer4,1.6164693,-22.703596,26.93688,0.0748136,-0.035999503,1.8781224,26.126328,16.901295,24.241936,-30.891047,37.298798,0.004870809,0.92805177,7.4859276,26.272902,27.245096,527.51953,1222.0111,-8.269919,1692.9619,1179.5796,-37.28015,2522.1914,755.1504,-26.17604,0 days 00:00:22.879155822,0 days 00:00:22.904167160
0 days 00:00:00.400000,0 days 00:00:00.425011338,answer4,1.3880543,-18.66688,23.77532,0.0709836,-0.032942772,1.7520396,18.279285,20.390715,25.594772,-20.953825,37.335705,0.010125977,1.5490595,4.6124396,26.867722,22.999586,580.83057,1316.3314,-7.578531,1790.5026,1099.2758,-30.778578,2683.2737,1086.0839,-21.239141,0 days 00:00:22.889155822,0 days 00:00:22.914167160
0 days 00:00:00.410000,0 days 00:00:00.435011338,answer4,1.3790666,-12.761066,17.68809,0.072247766,-0.024448909,1.1637509,6.7803817,23.310308,20.377953,-12.299367,37.41901,0.014366608,1.9733586,2.8704,27.273046,18.10072,563.841,1403.2598,-74.31246,1816.3125,1128.2059,-83.57575,2675.7512,1144.951,-77.04064,0 days 00:00:22.899155822,0 days 00:00:22.924167160
0 days 00:00:00.420000,0 days 00:00:00.445011338,answer4,1.5105577,-5.5614676,10.728198,0.07112969,-0.014113213,0.74035335,-5.2604675,24.293558,13.955983,-9.107673,0.0,0.0,0.0,0.0,0.0,0.0,577.82465,1585.732,-133.06108,1703.8822,1151.5653,-141.83974,2607.9055,1151.9333,-138.33464,0 days 00:00:22.909155822,0 days 00:00:22.934167160
0 days 00:00:00.430000,0 days 00:00:00.455011338,answer4,1.5818831,0.45431137,4.9454064,0.060058516,-0.008278805,0.51554424,-13.629144,24.073128,9.493871,-8.035201,0.0,0.0,0.0,0.0,0.0,0.0,815.79584,1509.5361,-201.0,1844.8984,1355.5605,-201.0,2401.5364,1013.59186,-201.0,0 days 00:00:22.919155822,0 days 00:00:22.944167160
0 days 00:00:00.440000,0 days 00:00:00.465011338,answer4,1.5826435,4.9916873,0.3935341,0.05247459,-0.008817083,0.40114477,-18.628685,25.501112,6.8066735,-9.083287,0.0,0.0,0.0,0.0,0.0,0.0,1020.66534,1399.6147,-201.0,1988.7128,1176.0579,-201.0,2571.5442,972.51385,-201.0,0 days 00:00:22.929155822,0 days 00:00:22.954167160
0 days 00:00:00.450000,0 days 00:00:00.475011338,answer4,1.6423391,6.6890087,-1.1478814,0.04593264,-0.012571531,0.36966324,-19.618744,25.572266,5.9244237,-10.206439,0.0,0.0,0.0,0.0,0.0,0.0,1062.2219,1171.5499,-201.0,2044.5321,1087.2157,-201.0,2639.106,973.98364,-201.0,0 days 00:00:22.939155822,0 days 00:00:22.964167160
0 days 00:00:00.460000,0 days 00:00:00.485011338,answer4,1.7457615,5.8442135,-1.7601429,0.049313575,-0.016736014,0.34971365,-17.795998,25.397444,3.7988396,-13.578664,0.0,0.0,0.0,0.0,0.0,0.0,936.00415,1137.0555,-201.0,1932.3177,813.62164,-201.0,2802.7344,736.19385,-201.0,0 days 00:00:22.949155822,0 days 00:00:22.974167160
0 days 00:00:00.470000,0 days 00:00:00.495011338,answer4,1.8468761,5.858046,-4.176194,0.042814314,-0.021793181,0.41125336,-17.259216,23.652994,0.8276779,-19.225737,0.0,0.0,0.0,0.0,0.0,0.0,915.98895,1170.7987,-201.0,1899.5387,743.86304,-201.0,2767.9963,793.7373,-201.0,0 days 00:00:22.959155822,0 days 00:00:22.984167160
0 days 00:00:00.480000,0 days 00:00:00.505011338,answer4,1.8388227,7.386375,-7.3806763,0.04244868,-0.023785032,0.44292912,-18.573385,22.90979,-3.5166638,-20.149147,0.0,0.0,0.0,0.0,0.0,0.0,904.5757,1331.452,-201.0,1882.8439,860.876,-201.0,2718.5278,877.7622,-201.0,0 days 00:00:22.969155822,0 days 00:00:22.994167160
0 days 00:00:00.490000,0 days 00:00:00.515011338,answer4,1.7800809,10.0589905,-9.905582,0.037665363,-0.020622581,0.46553755,-21.335701,23.132874,-2.7525036,-19.604025,0.0,0.0,0.0,0.0,0.0,0.0,996.5547,1233.4114,-201.0,2009.2506,844.1788,-201.0,2795.3567,1557.036,-201.0,0 days 00:00:22.979155822,0 days 00:00:23.004167160
0 days 00:00:00.500000,0 days 00:00:00.525011338,answer4,1.6641408,11.058457,-9.477778,0.04061689,-0.015364003,0.43745694,-21.493637,21.799337,1.3087665,-18.322495,0.0,0.0,0.0,0.0,0.0,0.0,1035.333,1259.5116,-201.0,1999.6436,933.6297,-201.0,2764.6946,1628.3365,-201.0,0 days 00:00:22.989155822,0 days 00:00:23.014167160
0 days 00:00:00.510000,0 days 00:00:00.535011338,answer4,1.5258417,10.869727,-8.172149,0.036436457,-0.009532329,0.40286592,-19.91609,20.112902,6.7352405,-18.355108,0.0,0.0,0.0,0.0,0.0,0.0,1061.2318,1136.8185,-201.0,2047.0531,858.14056,-201.0,2850.6719,1485.5917,-201.0,0 days 00:00:22.999155822,0 days 00:00:23.024167160
0 days 00:00:00.520000,0 days 00:00:00.545011338,answer4,1.3721117,3.333896,0.41951847,0.03863713,-0.012093681,0.5728402,-12.164712,21.234896,9.53748,-16.262964,0.0,0.0,0.0,0.0,0.0,0.0,1055.1533,1203.0465,-143.9024,1972.9742,834.3843,-142.80788,3111.164,1014.92303,-141.90102,0 days 00:00:23.009155822,0 days 00:00:23.034167160
0 days 00:00:00.530000,0 days 00:00:00.555011338,answer4,1.3688649,-6.311577,11.626289,0.040727023,-0.020032503,0.9014137,-2.1016104,20.607994,11.022068,-12.969441,39.56643,0.0,0.0,9.453213,5.580771,11.291859,1041.5585,1145.0454,-83.41563,2053.2825,725.1533,-85.58246,3451.2883,1308.5464,-83.91036,0 days 00:00:23.019155822,0 days 00:00:23.044167160
0 days 00:00:00.540000,0 days 00:00:00.565011338,answer4,1.4817783,-16.278116,22.731806,0.042293996,-0.026854195,1.1007179,9.065377,19.613863,9.773219,-11.526219,39.60683,0.050364066,2.2042723,10.194916,7.2347856,14.429812,1023.76544,1278.7799,-22.285528,2056.9988,706.5427,-26.645493,3645.4583,1666.8429,-26.167898,0 days 00:00:23.029155822,0 days 00:00:23.054167160
0 days 00:00:00.550000,0 days 00:00:00.575011338,answer4,1.7369446,-18.17942,24.77922,0.04286774,-0.030362962,1.0424765,15.658076,12.311299,6.4104342,-13.156161,39.673588,0.036391895,1.8032227,11.371894,9.833895,18.291504,908.8929,1327.6655,-17.015238,2001.2975,708.2673,-24.95249,3320.5168,1505.1945,-25.472847,0 days 00:00:23.039155822,0 days 00:00:23.064167160
0 days 00:00:00.560000,0 days 00:00:00.585011338,answer4,2.0219257,-17.3572,23.349604,0.033715017,-0.031236364,0.924475,20.899048,4.8045115,3.485329,-16.675186,39.73132,0.019727277,0.8358726,11.600614,10.6789665,22.753578,947.7121,1595.5485,-15.461139,1989.3976,930.33954,-21.183634,3361.8665,1310.764,-25.678612,0 days 00:00:23.049155822,0 days 00:00:23.074167160
0 days 00:00:00.570000,0 days 00:00:00.595011338,answer4,2.3393376,-15.519816,21.059858,0.029984936,-0.03516686,0.8893593,24.544891,-3.0938947,1.9779412,-22.34968,39.735382,0.0050989375,0.80443496,11.418343,8.995788,22.461153,871.5562,1582.0587,-11.402083,1956.1947,968.1418,-18.082344,3234.3406,1171.2145,-23.01031,0 days 00:00:23.059155822,0 days 00:00:23.084167160
0 days 00:00:00.580000,0 days 00:00:00.605011338,answer4,2.5856626,-13.80614,20.223572,0.025340617,-0.037571244,0.92135113,27.419153,-9.903676,0.78658843,-26.79747,39.687668,0.002778439,0.56263226,11.399655,5.3696456,22.226767,865.1787,1614.4984,-7.793097,1925.5275,1028.5248,-15.513955,3186.8428,1185.5847,-22.793077,0 days 00:00:23.069155822,0 days 00:00:23.094167160
0 days 00:00:00.590000,0 days 00:00:00.615011338,answer4,2.65059,-12.475017,20.672226,0.030306607,-0.03465161,1.0154973,28.719551,-14.478314,-1.8135327,-27.392715,39.613087,0.0030588515,0.47422683,11.52446,1.8913174,19.54099,775.33466,1326.5629,-3.5537663,1830.2119,879.158,-14.167537,2798.6077,931.6509,-21.20344,0 days 00:00:23.079155822,0 days 00:00:23.104167160
0 days 00:00:00.600000,0 days 00:00:00.625011338,answer4,2.6229033,-11.8072195,22.129705,0.033438474,-0.032002438,0.92289114,29.285973,-15.789684,-4.8079906,-24.821966,39.536255,0.0025741311,0.35201266,11.693146,0.6571062,20.994926,748.45135,1336.1423,-2.074914,1768.6732,993.3918,-12.875005,2702.2136,885.6372,-23.009615,0 days 00:00:23.089155822,0 days 00:00:23.114167160
0 days 00:00:00.610000,0 days 00:00:00.635011338,answer4,2.5390737,-11.934685,24.046675,0.040114973,-0.030311475,0.87192744,29.540237,-14.582498,-8.507923,-23.652372,39.473526,0.0028344358,0.42855552,11.749698,2.067287,23.731285,726.94415,1366.3138,-2.8991907,1720.8654,987.2949,-12.170532,2718.4517,829.6802,-25.16007,0 days 00:00:23.099155822,0 days 00:00:23.124167160
0 days 00:00:00.620000,0 days 00:00:00.645011338,answer4,2.4193342,-13.021937,25.96401,0.039260905,-0.032794636,0.6183455,30.319101,-11.179379,-10.900453,-23.166372,39.39628,0.0025402626,0.339157,11.607881,5.533434,26.942862,707.10205,1411.6593,-5.895609,1673.8324,982.47577,-12.933381,2734.3274,795.6785,-27.901917,0 days 00:00:23.109155822,0 days 00:00:23.134167160
0 days 00:00:00.630000,0 days 00:00:00.655011338,answer4,2.1671722,-14.969007,28.421171,0.05073014,-0.035403375,0.73475534,31.550238,-7.14947,-10.271716,-23.06495,39.249084,0.0022573918,0.3799093,11.283282,8.759633,30.09465,646.4163,1348.9336,-6.741188,1588.5328,920.21564,-17.108988,2680.842,629.09467,-31.899286,0 days 00:00:23.119155822,0 days 00:00:23.144167160
0 days 00:00:00.640000,0 days 00:00:00.665011338,answer4,1.8250257,-17.943092,31.11851,0.048312888,-0.034650743,0.80056405,33.03629,-1.6890315,-8.069724,-22.21569,39.023884,0.0030461394,0.37103036,10.868629,8.985996,31.198359,651.03253,1340.5219,-9.867288,1585.5741,943.612,-22.280783,2693.9236,591.50336,-35.90273,0 days 00:00:23.129155822,0 days 00:00:23.154167160
0 days 00:00:00.650000,0 days 00:00:00.675011338,answer4,1.4642426,-20.257658,32.96979,0.046405315,-0.029117653,0.95645905,34.574047,3.3434894,-6.0670686,-20.902987,38.850494,0.0038935768,0.6698422,10.757136,8.192374,31.80069,697.53925,1333.379,-12.592674,1727.3546,1051.2733,-31.612146,2845.376,769.1409,-40.024067,0 days 00:00:23.139155822,0 days 00:00:23.164167160
0 days 00:00:00.660000,0 days 00:00:00.685011338,answer4,1.2114276,-22.028547,34.351105,0.031126687,-0.024254864,0.82543087,35.550934,7.706999,-4.846132,-19.549162,39.009922,0.0059569473,0.9119534,10.9050255,6.0930843,30.272003,620.8538,1445.5524,-17.122658,1647.308,1125.0734,-31.77288,2817.0588,829.5297,-39.886257,0 days 00:00:23.149155822,0 days 00:00:23.174167160
0 days 00:00:00.670000,0 days 00:00:00.695011338,answer4,1.2071205,-21.2824,33.781734,0.034634758,-0.019849168,0.7593029,34.67008,6.9563193,-6.6124225,-21.321024,39.28954,0.0083211595,0.9643901,11.135627,4.951822,29.6577,496.91248,1532.4604,0.0,1536.0065,1234.2631,-28.859201,2729.446,948.12897,-37.802143,0 days 00:00:23.159155822,0 days 00:00:23.184167160
0 days 00:00:00.680000,0 days 00:00:00.705011338,answer4,1.4894079,-19.598581,33.508606,0.03165102,-0.021120997,0.7321412,33.862514,3.4850795,-8.675293,-23.717379,39.542717,0.009723146,0.9938982,11.416573,2.6075275,27.105795,470.03433,1569.914,0.0,1404.4886,1241.3954,-18.469225,2610.204,831.2322,-32.227024,0 days 00:00:23.169155822,0 days 00:00:23.194167160
0 days 00:00:00.690000,0 days 00:00:00.715011338,answer4,1.9358207,-15.780304,30.3019,0.031435557,-0.019521909,0.81423426,32.999332,-3.778514,-12.094231,-27.33669,39.538803,0.008134847,0.86362165,11.724411,0.61704874,24.062666,655.8763,1411.3519,-2.1270633,1519.7305,1121.9655,-13.800935,2661.762,722.97235,-27.22609,0 days 00:00:23.179155822,0 days 00:00:23.204167160
0 days 00:00:00.700000,0 days 00:00:00.725011338,answer4,2.3739157,-12.378055,26.504715,0.023592146,-0.018703884,0.79487175,32.80576,-10.412162,-12.823138,-29.19995,39.508278,0.0047470094,0.8123726,11.923238,-0.49975634,20.805517,785.3675,1351.0034,-1.3921174,1612.3881,1017.61786,-9.984534,2756.882,602.11115,-22.697393,0 days 00:00:23.189155822,0 days 00:00:23.214167160
0 days 00:00:00.710000,0 days 00:00:00.735011338,answer4,2.6995125,-9.54201,22.2656,0.022777459,-0.017004527,0.6175631,32.39138,-16.338694,-12.105527,-30.506323,39.486755,0.0023833883,0.53017646,11.93028,-0.888323,19.564726,655.6882,1291.2186,-0.4770398,1531.5883,941.5413,-7.5581436,2745.9583,639.76117,-20.6234,0 days 00:00:23.199155822,0 days 00:00:23.224167160
0 days 00:00:00.720000,0 days 00:00:00.745011338,answer4,2.84436,-8.235631,20.773516,0.025658017,-0.018508418,0.48641947,32.007854,-19.44848,-11.789932,-31.347097,39.487446,0.0024672325,0.3674809,11.777976,-0.4062573,20.594484,649.14056,1298.2303,0.0,1534.2959,928.2133,-6.478161,2743.29,637.6543,-21.022512,0 days 00:00:23.209155822,0 days 00:00:23.234167160
0 days 00:00:00.730000,0 days 00:00:00.755011338,answer4,2.775464,-8.624906,21.52558,0.034156557,-0.020545753,0.47396848,31.968445,-20.008034,-10.815445,-30.314054,39.50546,0.0027522345,0.26088235,11.465927,1.2358037,22.778671,559.7495,1246.289,-0.3967917,1521.8466,900.8156,-7.660778,2716.0305,688.06757,-22.944422,0 days 00:00:23.219155822,0 days 00:00:23.244167160
0 days 00:00:00.740000,0 days 00:00:00.765011338,answer4,2.4845285,-10.430054,23.932886,0.040119532,-0.026923984,0.65311813,32.16067,-16.536673,-9.22481,-27.298243,39.512764,0.0026222628,0.41062042,9.961038,3.208749,25.23371,551.8099,1315.4681,-0.3967917,1537.4581,946.5784,-11.142299,2676.4607,843.09564,-25.946657,0 days 00:00:23.229155822,0 days 00:00:23.254167160
0 days 00:00:00.750000,0 days 00:00:00.775011338,answer4,2.0393047,-13.384158,26.913446,0.04951405,-0.03513153,0.9641058,33.945415,-10.54376,-5.61219,-23.591413,39.45959,0.0024706114,0.64072657,7.878286,3.36746,26.948195,561.63495,1392.3583,0.0,1573.8433,1021.0319,-18.175383,2744.529,939.39667,-29.253782,0 days 00:00:23.239155822,0 days 00:00:23.264167160
0 days 00:00:00.760000,0 days 00:00:00.785011338,answer4,1.4770645,-16.777319,29.562445,0.051710535,-0.038995992,1.1869487,35.621494,-3.5677834,-3.4360685,-19.844206,39.44074,0.012198732,1.2763026,6.786438,2.1781123,28.498484,674.117,1293.16,-4.409206,1653.524,983.012,-20.549223,2792.7236,893.6494,-31.632315,0 days 00:00:23.249155822,0 days 00:00:23.274167160
0 days 00:00:00.770000,0 days 00:00:00.795011338,answer4,1.0076066,-18.24336,29.64826,0.044650286,-0.0402481,1.0551065,35.801228,0.6419074,-4.852616,-17.453913,39.437443,0.020203926,1.742472,7.267901,1.260512,30.085443,808.67706,1247.2474,-2.9672804,1746.555,926.2756,-18.496458,2830.4773,672.22955,-31.792212,0 days 00:00:23.259155822,0 days 00:00:23.284167160
0 days 00:00:00.780000,0 days 00:00:00.805011338,answer4,0.690054,-16.886044,28.869268,0.02337171,-0.03756402,0.70495576,33.717052,1.1264983,-7.3541055,-15.378189,39.51544,0.022306034,1.6412172,7.3040786,2.1724813,29.969019,808.09845,1155.1259,-0.7427986,1732.1185,857.8345,-10.650828,2738.535,623.0664,-28.539335,0 days 00:00:23.269155822,0 days 00:00:23.294167160
0 days 00:00:00.790000,0 days 00:00:00.815011338,answer4,0.5476462,-13.343474,26.932274,0.0002853231,-0.034698557,0.32925606,31.113058,0.069957815,-7.37319,-11.699857,39.55434,0.012988572,1.1445007,6.196483,3.650634,28.093012,686.44214,1189.3452,0.18637091,1637.974,873.7907,-7.680615,2674.9758,691.68036,-25.829512,0 days 00:00:23.279155822,0 days 00:00:23.304167160
0 days 00:00:00.800000,0 days 00:00:00.825011338,answer4,0.45541874,-11.575465,26.102365,-0.00821864,-0.030752433,0.16928889,30.035446,0.7977471,-5.68405,-8.211204,39.554203,0.0061620506,1.1121248,4.184694,2.4817135,25.689695,670.8614,1277.958,-0.6375007,1581.463,882.12695,-8.400451,2678.8594,665.0594,-25.418985,0 days 00:00:23.289155822,0 days 00:00:23.314167160
0 days 00:00:00.810000,0 days 00:00:00.835011338,answer4,0.3995827,-11.560615,26.293833,-0.005038638,-0.025088811,0.11588781,29.490526,3.1771214,-6.1382446,-5.659527,39.51144,0.0072381473,1.1550628,3.1035614,-0.5343006,23.915697,565.80444,1258.9227,-3.0210874,1494.3759,985.4217,-11.590142,2647.9822,763.7171,-27.31463,0 days 00:00:23.299155822,0 days 00:00:23.324167160
0 days 00:00:00.820000,0 days 00:00:00.845011338,answer4,0.37708756,-12.84928,26.963644,0.009060057,-0.025279703,0.08106175,28.597174,4.7640567,-6.3980994,-9.96947,39.468155,0.00903256,1.4430676,2.469944,-3.1617062,23.788246,695.65314,1325.3195,-69.957504,1579.1202,1042.5824,-75.72018,2701.5496,686.6125,-86.19418,0 days 00:00:23.309155822,0 days 00:00:23.334167160
0 days 00:00:00.830000,0 days 00:00:00.855011338,answer4,0.3588678,-13.575776,27.86145,0.020320386,-0.023086404,0.07318751,27.262764,5.064055,-5.711806,-10.843452,0.0,0.0,0.0,0.0,0.0,0.0,633.4119,1275.3619,-136.10582,1649.64,1162.5723,-138.63441,2755.3428,899.1321,-143.60304,0 days 00:00:23.319155822,0 days 00:00:23.344167160
0 days 00:00:00.840000,0 days 00:00:00.865011338,answer4,0.36060274,-11.999209,23.614698,0.017064208,-0.019999115,0.07355476,22.267767,3.3922453,0.7650172,-13.147118,0.0,0.0,0.0,0.0,0.0,0.0,653.9572,1340.598,-201.0,1726.58,1161.685,-201.0,2830.4648,822.3142,-201.0,0 days 00:00:23.329155822,0 days 00:00:23.354167160
0 days 00:00:00.850000,0 days 00:00:00.875011338,answer4,0.49583706,-10.247115,19.213575,0.023170264,-0.021833375,0.17297637,21.292671,0.22972949,2.3922007,-18.31256,0.0,0.0,0.0,0.0,0.0,0.0,493.94162,1547.192,-201.0,1476.4209,1331.651,-201.0,2598.2463,901.61676,-201.0,0 days 00:00:23.339155822,0 days 00:00:23.364167160
0 days 00:00:00.860000,0 days 00:00:00.885011338,answer4,0.73300725,-10.720508,18.373285,0.03948643,-0.024295727,0.45602635,22.650087,-2.0577657,4.6027513,-23.170372,0.0,0.0,0.0,0.0,0.0,0.0,597.5176,1467.1783,-138.88864,1582.0873,1113.6095,-141.65086,2724.0276,876.7339,-144.79875,0 days 00:00:23.349155822,0 days 00:00:23.374167160
0 days 00:00:00.870000,0 days 00:00:00.895011338,answer4,1.2172986,-13.687515,20.307446,0.06744785,-0.031152101,1.1449652,28.589005,-5.1033845,2.808426,-27.840147,39.47762,0.0,0.0,8.599413,14.592947,28.687199,694.1154,1439.4464,-76.226814,1670.1055,1062.9336,-82.47508,2654.4915,955.86163,-85.622986,0 days 00:00:23.359155822,0 days 00:00:23.384167160
0 days 00:00:00.880000,0 days 00:00:00.905011338,answer4,1.6634582,-16.820614,24.491806,0.061392304,-0.03508221,1.5261728,32.722874,-5.2645273,2.9478528,-25.164642,39.349483,0.0,3.6824985,9.020633,16.04178,29.200907,787.6578,1366.5249,-8.250341,1958.5752,1020.951,-23.106054,2883.959,1152.1156,-27.722618,0 days 00:00:23.369155822,0 days 00:00:23.394167160
0 days 00:00:00.890000,0 days 00:00:00.915011338,answer4,1.9760466,-17.302551,24.265282,0.05866465,-0.03966908,1.6613079,34.183468,-6.1533527,2.1990538,-24.866888,39.05328,0.019036172,2.6880379,9.477266,18.512506,30.719843,744.7587,1668.6542,-10.107001,1864.088,1178.8385,-23.476572,2835.755,1152.7292,-28.627481,0 days 00:00:23.379155822,0 days 00:00:23.404167160
0 days 00:00:00.900000,0 days 00:00:00.925011338,answer4,1.8354145,-18.177073,24.681772,0.054634348,-0.038831137,1.4607388,34.604145,-3.8040183,2.9445922,-20.547792,38.67865,0.017518273,1.4573847,8.673418,18.650988,32.72322,711.903,1747.473,-12.75505,1851.6724,1202.8538,-25.445282,2847.9534,1143.3622,-33.14043,0 days 00:00:23.389155822,0 days 00:00:23.414167160
0 days 00:00:00.910000,0 days 00:00:00.935011338,answer4,1.4605471,-19.851473,25.883928,0.06141295,-0.03570167,1.3337871,33.777397,0.6950132,8.246508,-16.737473,38.707607,0.010526066,1.155462,8.908093,16.619932,34.08125,769.7774,1604.297,-19.150377,1873.1552,957.87274,-28.954947,2994.9014,961.3814,-36.6117,0 days 00:00:23.399155822,0 days 00:00:23.424167160
0 days 00:00:00.920000,0 days 00:00:00.945011338,answer4,1.2443553,-21.628859,28.746256,0.056567054,-0.035168428,1.2097406,34.22598,2.473841,10.199559,-20.756845,38.870724,0.016992858,1.4218512,9.456436,12.682801,29.589417,768.2536,1346.7549,-15.674075,1910.6327,898.9239,-29.915487,2896.957,942.2649,-32.58069,0 days 00:00:23.409155822,0 days 00:00:23.434167160
0 days 00:00:00.930000,0 days 00:00:00.955011338,answer4,1.4385605,-21.056877,28.213453,0.04670778,-0.039158836,1.0985922,34.60253,-0.15217511,9.904694,-27.378256,39.153942,0.016188122,1.6951008,10.598503,9.533671,31.949926,872.83417,1390.6813,-15.042046,2031.7489,873.89404,-26.348013,3237.5603,997.691,-33.443283,0 days 00:00:23.419155822,0 days 00:00:23.444167160
0 days 00:00:00.940000,0 days 00:00:00.965011338,answer4,1.7949499,-18.906614,24.047628,0.03958146,-0.042053077,0.9926254,34.73559,-4.66991,7.0241723,-31.666994,39.12344,0.016843406,1.5518388,10.764592,7.438132,33.56293,948.47614,1496.3359,-15.977379,2140.922,968.97565,-21.432833,3394.1155,1077.538,-34.072147,0 days 00:00:23.429155822,0 days 00:00:23.454167160
0 days 00:00:00.950000,0 days 00:00:00.975011338,answer4,2.024457,-16.645887,19.370554,0.033473503,-0.04348572,0.80413985,32.287777,-5.258837,4.4423423,-26.219612,39.08857,0.012068267,1.5786161,11.065368,6.55967,39.141445,1041.9823,1641.4586,-19.062578,2242.8013,996.0297,-18.67637,3669.4521,1116.0381,-39.5993,0 days 00:00:23.439155822,0 days 00:00:23.464167160
0 days 00:00:00.960000,0 days 00:00:00.985011338,answer4,1.9903507,-16.047678,19.145464,0.033719357,-0.041660767,0.6002335,29.494036,-3.20375,3.1767569,-21.415451,38.991158,0.007861861,0.5848966,11.184859,3.7750149,22.909714,804.7961,1205.1,-6.5701737,1881.9799,820.0534,-20.980164,2884.9993,901.33594,-25.704872,0 days 00:00:23.449155822,0 days 00:00:23.474167160
0 days 00:00:00.970000,0 days 00:00:01.000997732,answer4,1.9285573,-16.103043,20.137589,0.038028672,-0.04012322,0.53189504,27.23687,-1.7149948,0.98488647,-18.83542,38.975395,0.007352011,0.34986675,11.053292,3.2072115,18.711782,793.3576,1202.5236,-6.686628,1782.3169,930.6326,-22.08727,2556.1062,648.64014,-22.191198,0 days 00:00:23.459155822,0 days 00:00:23.490153554
0 days 00:00:00,0 days 00:00:00.025011338,answer5,1.382219,-18.567665,21.510416,0.0752274,-0.033728734,0.3497586,34.165844,5.5142517,14.918408,-4.8321743,33.9203,0.0,1.5608515,7.7920146,3.9993408,25.904928,582.3693,1213.1635,-0.07296244,1698.4542,778.6331,-18.780348,2633.3108,599.91724,-23.338272,0 days 00:00:35.168501835,0 days 00:00:35.193513173
0 days 00:00:00.010000,0 days 00:00:00.035011338,answer5,1.611272,-18.261194,22.451637,0.07247781,-0.03328972,0.63284,33.39526,4.2230477,15.610263,-13.06306,33.771328,0.052568324,1.2075926,7.8860383,3.7418358,28.8841,489.79044,1185.955,2.1589112,1616.2598,848.2116,-17.6864,2620.2568,714.2242,-25.405378,0 days 00:00:35.178501835,0 days 00:00:35.203513173
0 days 00:00:00.020000,0 days 00:00:00.045011338,answer5,1.9806331,-17.36157,22.89174,0.06545446,-0.03321891,0.9238818,31.626856,2.9878893,14.514079,-22.537994,33.54077,0.03811938,0.7906127,7.9857635,2.7364197,28.677542,515.78345,1215.7797,1.5017762,1596.3438,919.0537,-16.256609,2625.1123,783.5962,-24.711632,0 days 00:00:35.188501835,0 days 00:00:35.213513173
0 days 00:00:00.030000,0 days 00:00:00.055011338,answer5,2.342962,-15.381503,21.876123,0.07068332,-0.032311823,0.89044875,30.101992,0.36301717,11.105725,-26.293846,33.299465,0.017367255,0.99908406,7.9239774,1.0869154,26.981287,562.0314,1437.6215,1.7359432,1575.1265,965.45087,-13.495834,2685.153,770.4554,-23.070993,0 days 00:00:35.198501835,0 days 00:00:35.223513173
0 days 00:00:00.040000,0 days 00:00:00.065011338,answer5,2.5988612,-13.172565,20.093353,0.07288284,-0.030122181,0.95973635,29.198082,-3.062133,6.0635204,-22.380186,33.103596,0.008780312,0.72377896,7.8458633,-0.014061928,24.03855,646.4923,1634.0044,2.7402656,1655.93,1005.07135,-7.982643,2790.0193,903.41675,-19.162605,0 days 00:00:35.208501835,0 days 00:00:35.233513173
0 days 00:00:00.050000,0 days 00:00:00.075011338,answer5,2.8635397,-10.687801,18.126822,0.07679208,-0.027274856,1.1303777,28.395437,-8.179542,1.2935567,-14.674605,32.971954,0.007857852,0.51628566,7.6074843,0.33111748,24.097628,526.5588,1906.4518,7.106266,1635.1548,1086.5288,-2.0546634,2770.243,1067.2928,-17.319817,0 days 00:00:35.218501835,0 days 00:00:35.243513173
0 days 00:00:00.060000,0 days 00:00:00.085011338,answer5,3.1874762,-8.606613,16.606348,0.07126117,-0.025651114,1.2644119,28.010336,-11.662677,-1.0524359,-7.062203,32.89577,0.0066473,0.5764521,7.544721,1.1582026,22.597311,615.1989,1792.1906,5.001407,1698.9677,986.6993,0.23740053,2810.9219,986.9107,-15.723355,0 days 00:00:35.228501835,0 days 00:00:35.253513173
0 days 00:00:00.070000,0 days 00:00:00.095011338,answer5,3.5122807,-7.6328564,14.797727,0.065193586,-0.027155807,1.4714928,28.155634,-13.491752,1.6545631,-3.6060307,32.847645,0.004776648,0.866646,7.4590926,1.8075142,21.34918,531.6844,1643.023,3.0269616,1640.1318,908.0728,-2.0237796,2727.862,864.81134,-16.410997,0 days 00:00:35.238501835,0 days 00:00:35.263513173
0 days 00:00:00.080000,0 days 00:00:00.105011338,answer5,3.7243707,-8.08678,13.2167845,0.06092673,-0.029311283,1.46486,29.364557,-13.0573015,7.7088795,-3.1673555,32.800045,0.004003041,1.0637354,7.1454663,1.9508322,20.572495,559.03143,1443.0205,0.50576687,1651.4707,843.1342,-5.799576,2747.7883,766.51874,-17.352617,0 days 00:00:35.248501835,0 days 00:00:35.273513173
0 days 00:00:00.090000,0 days 00:00:00.115011338,answer5,3.8113403,-8.578182,10.539487,0.061932653,-0.032759536,1.4146687,29.469564,-12.116295,12.34454,-3.8743973,32.74338,0.0030942222,0.8894298,6.439387,2.180891,19.766132,543.0882,1477.1224,0.18127044,1647.3467,830.82904,-5.7678943,2752.796,828.2144,-15.770184,0 days 00:00:35.258501835,0 days 00:00:35.283513173
0 days 00:00:00.100000,0 days 00:00:00.125011338,answer5,3.8239605,-8.898841,9.072948,0.06927871,-0.033378474,1.3720223,28.613806,-11.474156,15.141,-5.516131,32.706604,0.002446269,0.61375433,5.728723,2.3366659,22.352951,962.6365,1296.4542,-5.729355,2108.4023,972.7285,-8.552675,3253.7031,848.13873,-17.1764,0 days 00:00:35.268501835,0 days 00:00:35.293513173
0 days 00:00:00.110000,0 days 00:00:00.135011338,answer5,3.7565079,-9.9039955,9.708131,0.07946483,-0.034622718,1.6724042,28.49167,-9.11277,16.618141,-5.381748,32.716442,0.0017725717,0.73519653,5.584863,2.2581785,20.649519,1135.5728,1639.4565,-11.34256,2139.382,1088.869,-8.473888,3239.4883,1244.8585,-14.293557,0 days 00:00:35.278501835,0 days 00:00:35.303513173
0 days 00:00:00.120000,0 days 00:00:00.145011338,answer5,3.5646095,-11.509011,12.175784,0.08585769,-0.03267672,1.8451251,28.642395,-6.4450574,17.187738,-4.50789,32.76917,0.0018349212,1.1707003,5.736698,2.5603852,19.514297,1015.7385,1560.1403,-7.073965,2007.1044,1292.389,-13.750752,2981.0645,1313.0916,-11.901528,0 days 00:00:35.288501835,0 days 00:00:35.313513173
0 days 00:00:00.130000,0 days 00:00:00.155011338,answer5,3.4036992,-13.186322,14.311722,0.086917974,-0.034922577,1.63018,29.285324,-3.4583595,19.19648,-3.6793106,32.860764,0.0055128434,1.3235623,5.9584312,3.5544064,15.768281,592.3278,1739.3893,0.67362434,1600.6803,1116.7985,-12.892478,2487.6936,1417.419,-7.4991508,0 days 00:00:35.298501835,0 days 00:00:35.323513173
0 days 00:00:00.140000,0 days 00:00:00.165011338,answer5,3.2655706,-14.016247,15.624846,0.086857565,-0.03438059,1.3157877,29.356218,-2.482235,21.346954,-4.3871217,32.989986,0.007724769,1.2533239,5.7645416,5.370554,17.269035,463.2344,1400.0192,6.5116973,1621.245,919.6735,-15.056595,2508.3699,1042.0665,-8.216788,0 days 00:00:35.308501835,0 days 00:00:35.333513173
0 days 00:00:00.150000,0 days 00:00:00.175011338,answer5,3.054346,-15.569069,18.126684,0.09588011,-0.036156964,1.5855669,28.658615,-0.5308606,21.327698,-9.155566,33.29439,0.011092591,0.66470236,5.446794,8.372379,20.510115,594.9373,1387.1683,-1.8823948,1801.9346,748.1531,-14.37035,2707.8699,1010.3824,-11.773984,0 days 00:00:35.318501835,0 days 00:00:35.343513173
0 days 00:00:00.160000,0 days 00:00:00.185011338,answer5,2.6986485,-17.180979,21.793203,0.10296196,-0.03569699,2.04115,28.040087,1.0354646,20.361528,-14.501115,33.6382,0.011538689,0.63763934,4.891936,13.214456,24.941483,562.75854,1612.0709,-6.3898096,1593.6642,1125.0454,-18.11539,2467.6858,948.05597,-17.22046,0 days 00:00:35.328501835,0 days 00:00:35.353513173
0 days 00:00:00.170000,0 days 00:00:00.195011338,answer5,2.3138297,-18.3231,23.669449,0.108280666,-0.033997893,2.0493035,27.241844,2.147047,20.437752,-17.903036,31.044876,0.11281147,1.0516436,2.9673405,16.010857,27.304562,512.8516,1675.683,0.0,1689.6818,1198.1221,-80.04406,2333.694,1588.639,-80.713875,0 days 00:00:35.338501835,0 days 00:00:35.363513173
0 days 00:00:00.180000,0 days 00:00:00.205011338,answer5,2.0306153,-17.942545,22.735168,0.10357603,-0.031140553,1.723193,27.682709,1.8071986,21.339584,-16.244778,28.199034,0.11341402,1.090809,1.6788512,0.0,0.0,510.2062,1807.8232,-87.271996,1703.7963,1123.0464,-67.92725,2510.9158,1893.2782,-71.869156,0 days 00:00:35.348501835,0 days 00:00:35.373513173
0 days 00:00:00.190000,0 days 00:00:00.215011338,answer5,1.9187841,-17.356651,20.33571,0.10212207,-0.027148634,1.1881274,27.915863,1.5909482,22.006357,-14.9343405,25.256319,0.11347539,0.92610174,0.7734699,-1.9545097,26.702263,691.0198,1689.9786,-50.03271,1986.9183,784.81006,-53.35124,2940.3662,2091.537,-59.952908,0 days 00:00:35.358501835,0 days 00:00:35.383513173
0 days 00:00:00.200000,0 days 00:00:00.225011338,answer5,1.8653058,-16.6193,18.404005,0.09412239,-0.02460655,0.9460199,28.642027,0.95074534,18.833109,-14.066487,25.191545,0.02329948,0.21906054,1.7893515,-1.1731529,26.622766,834.06354,1518.6157,17.202532,1956.0536,698.58936,15.027896,3172.455,1637.6484,4.701387,0 days 00:00:35.368501835,0 days 00:00:35.393513173
0 days 00:00:00.210000,0 days 00:00:00.235011338,answer5,1.8852533,-16.444498,16.723866,0.096527286,-0.023213422,0.6900013,28.585417,0.46717498,16.323296,-15.189545,25.223969,0.024121722,0.84658974,2.3182714,0.89500934,22.10331,833.70294,1396.3854,13.990598,1963.7622,718.8589,10.3503065,3019.9026,1433.5054,5.9220695,0 days 00:00:35.378501835,0 days 00:00:35.403513173
0 days 00:00:00.220000,0 days 00:00:00.245011338,answer5,1.8615521,-15.576099,15.30079,0.098906614,-0.021565014,0.8171194,28.335367,-1.1903163,12.355842,-14.151362,29.280523,0.024943963,1.4741188,3.8731377,5.5729766,18.275064,765.7531,1345.7971,2.4723713,1960.2074,666.8471,-3.0799239,2865.1584,1346.7528,-1.3895229,0 days 00:00:35.388501835,0 days 00:00:35.413513173
0 days 00:00:00.230000,0 days 00:00:00.255011337,answer5,1.8369824,-15.128326,14.349578,0.10654926,-0.021380976,0.8352003,27.952421,-2.279395,9.331086,-15.032448,33.359703,0.12802427,2.3112547,6.021337,9.43591,14.828811,740.9394,1448.288,-0.5371256,1970.7148,725.4939,-8.615528,2757.8572,1454.1226,-3.200283,0 days 00:00:35.398501835,0 days 00:00:35.423513172
0 days 00:00:00.240000,0 days 00:00:00.265011338,answer5,1.8349577,-14.737838,14.718262,0.10396207,-0.023356484,0.753793,28.600113,-3.9223442,7.797159,-15.097809,37.448154,0.12947144,2.37059,8.357147,12.146228,16.062525,580.1678,1502.0684,-9.215792,1786.7275,957.4917,-19.233534,2563.5515,1319.2811,-13.174366,0 days 00:00:35.408501835,0 days 00:00:35.433513173
0 days 00:00:00.250000,0 days 00:00:00.275011338,answer5,1.8555107,-15.906456,15.892212,0.094625324,-0.0258301,0.5697982,29.845291,-3.4676878,8.471794,-17.414162,37.568222,0.12903416,1.829163,9.598266,11.460701,21.727942,654.6108,1530.2806,0.0,1839.1143,979.3747,-18.6466,2835.8948,1465.6019,-19.717133,0 days 00:00:35.418501835,0 days 00:00:35.443513173
0 days 00:00:00.260000,0 days 00:00:00.285011338,answer5,1.843011,-16.67029,17.343184,0.083764605,-0.025792805,0.6255844,30.345556,-2.9674845,9.986037,-18.146477,37.70782,0.013818198,1.0168519,10.108841,11.082826,22.707148,646.1253,1516.162,-11.0985775,1863.4521,942.7244,-21.067053,2909.4119,1561.1527,-22.137583,0 days 00:00:35.428501835,0 days 00:00:35.453513173
0 days 00:00:00.270000,0 days 00:00:00.295011338,answer5,1.823884,-17.693544,18.445002,0.07396758,-0.025953783,0.6761842,31.112738,-2.1670783,9.029925,-17.454819,37.84328,0.011276502,0.8483513,10.237143,11.046341,22.597984,681.5785,1435.7164,-11.0985775,2016.558,720.71454,-21.07983,3079.8398,2061.154,-22.963243,0 days 00:00:35.438501835,0 days 00:00:35.463513173
0 days 00:00:00.280000,0 days 00:00:00.305011338,answer5,1.8471813,-17.748812,18.444193,0.06948977,-0.027991526,0.731231,31.122023,-1.5369533,8.372272,-16.027916,37.935287,0.008066508,0.83020574,10.446117,11.701691,17.80536,653.14276,1288.7858,0.0,1933.9281,752.7783,-23.60649,2719.331,1652.7535,-18.157509,0 days 00:00:35.448501835,0 days 00:00:35.473513173
0 days 00:00:00.290000,0 days 00:00:00.315011338,answer5,1.8794814,-17.756556,18.06086,0.070062354,-0.032018166,0.6286688,31.259089,-1.9923488,7.6554794,-15.875507,37.99262,0.008310872,0.8315067,9.907878,12.52903,17.453392,645.36646,1226.9448,-12.381962,1847.9176,837.41095,-24.677633,2625.1406,1169.518,-17.191553,0 days 00:00:35.458501835,0 days 00:00:35.483513173
0 days 00:00:00.300000,0 days 00:00:00.325011338,answer5,1.9543928,-17.44226,17.731768,0.07274047,-0.037816633,0.61385006,30.145144,-1.6307793,8.199595,-16.339602,38.024944,0.005837094,0.51742405,9.037076,12.775859,18.361582,651.47064,1245.0619,-7.791528,1781.8671,1075.5602,-23.21959,2506.3809,715.05096,-17.507988,0 days 00:00:35.468501835,0 days 00:00:35.493513173
0 days 00:00:00.310000,0 days 00:00:00.335011338,answer5,2.0088856,-17.074247,18.717398,0.07351301,-0.040294234,0.6154514,29.786964,-2.2184248,6.998944,-14.014501,38.099346,0.009964694,0.666051,7.7592506,12.149533,20.591177,541.8222,1270.4615,-3.490797,1740.265,1111.9801,-22.604944,2512.286,901.4915,-19.639723,0 days 00:00:35.478501835,0 days 00:00:35.503513173
0 days 00:00:00.320000,0 days 00:00:00.345011338,answer5,2.1070416,-17.336794,21.313738,0.07587399,-0.043048292,0.6912422,30.106924,-1.8227159,5.371759,-12.790908,38.18703,0.014788508,0.88920075,6.7496514,11.056741,22.511549,541.439,1242.9427,-3.0338774,1715.9756,1076.2909,-23.67131,2521.2295,880.87006,-22.195967,0 days 00:00:35.488501835,0 days 00:00:35.513513173
0 days 00:00:00.330000,0 days 00:00:00.355011338,answer5,2.1485088,-16.783148,23.57045,0.07321324,-0.037111975,0.72946745,31.164328,-2.5172875,3.056225,-10.1426115,38.27046,0.022687266,0.806294,5.7798615,9.111297,23.60695,646.97833,1336.5397,-6.3376713,1715.395,925.26514,-25.087992,2659.5503,820.9157,-24.409872,0 days 00:00:35.498501835,0 days 00:00:35.523513173
0 days 00:00:00.340000,0 days 00:00:00.365011338,answer5,2.277799,-16.365622,24.251444,0.07555929,-0.03169548,0.8989342,31.93461,-2.743706,-1.782339,-9.829429,38.313465,0.03838626,0.7758785,4.177651,6.552601,25.062935,626.6846,1563.54,-9.652099,1609.6981,1224.161,-23.683279,2566.9895,810.0005,-26.853083,0 days 00:00:35.508501835,0 days 00:00:35.533513173
0 days 00:00:00.350000,0 days 00:00:00.375011338,answer5,2.5260794,-14.405976,23.608328,0.07175923,-0.027371803,1.0563587,32.01625,-3.1559327,-5.3243766,-8.140395,36.35608,0.053085744,0.7290344,0.41962114,1.523343,23.600906,637.5119,1665.4781,0.0,1563.9996,1297.8307,-15.007755,2569.4565,888.3022,-24.245323,0 days 00:00:35.518501835,0 days 00:00:35.543513173
0 days 00:00:00.360000,0 days 00:00:00.385011338,answer5,2.8971844,-12.381766,23.382507,0.074857615,-0.023257451,1.2841777,31.180986,-3.9092882,-7.5225453,-9.537135,34.46019,0.064934604,0.7938284,-2.6857674,-1.5077869,23.646765,638.8226,1649.311,4.026954,1548.3998,1272.1284,-7.5267577,2565.6145,886.79974,-22.947828,0 days 00:00:35.528501835,0 days 00:00:35.553513173
0 days 00:00:00.370000,0 days 00:00:00.395011338,answer5,3.171992,-10.893733,23.47825,0.07589216,-0.021726789,1.5620972,30.943443,-5.0025034,-8.048871,-10.091874,32.61727,0.064934604,0.7938284,-4.130468,-2.1331222,19.703718,662.4998,1453.7738,3.3214028,1572.6544,1010.90625,-1.9870154,2675.7627,797.1401,-17.477846,0 days 00:00:35.538501835,0 days 00:00:35.563513173
0 days 00:00:00.380000,0 days 00:00:00.405011338,answer5,3.406332,-10.596047,22.615984,0.071650475,-0.021939969,1.605584,30.624811,-5.86232,-7.7285914,-12.417236,32.69036,0.064934604,0.7938284,-2.7154286,-2.2889178,19.959314,632.4807,1480.6006,4.071214,1589.1398,1017.6755,-2.828675,2708.3933,766.11865,-18.114052,0 days 00:00:35.548501835,0 days 00:00:35.573513173
0 days 00:00:00.390000,0 days 00:00:00.415011338,answer5,3.609664,-10.633943,21.653315,0.072312616,-0.026009811,1.8136803,30.610056,-6.9533916,-5.433771,-13.28582,32.69351,0.064934604,0.7938284,-1.7358497,-2.4658458,20.024147,508.51367,1367.2545,3.1802876,1519.9484,972.38055,-3.9491405,2658.1995,816.7651,-18.186796,0 days 00:00:35.558501835,0 days 00:00:35.583513173
0 days 00:00:00.400000,0 days 00:00:00.425011338,answer5,3.6811168,-10.674847,19.656479,0.06268036,-0.02800318,1.9145781,29.422052,-6.803862,0.19998439,-14.593921,32.639137,0.064934604,0.7938284,-1.4037162,-4.2875395,21.879997,506.60925,1364.799,-64.456474,1530.705,963.7414,-69.82074,2687.3005,839.6369,-80.386086,0 days 00:00:35.568501835,0 days 00:00:35.593513173
0 days 00:00:00.410000,0 days 00:00:00.435011338,answer5,3.4820728,-11.0356245,18.930052,0.07221764,-0.024952928,2.104748,29.102722,-5.685433,5.3825555,-10.724529,0.0,0.0,0.0,0.0,0.0,0.0,707.7473,1193.6459,-133.31995,1734.1786,963.0322,-135.94017,2973.985,825.1071,-141.19043,0 days 00:00:35.578501835,0 days 00:00:35.603513173
0 days 00:00:00.420000,0 days 00:00:00.445011338,answer5,2.926937,-13.450419,18.668806,0.07000825,-0.023695672,2.1816986,29.09822,0.3688968,7.629946,-5.521786,0.0,0.0,0.0,0.0,0.0,0.0,677.7651,1351.1481,-201.0,1722.6178,1121.1332,-201.0,2917.1736,919.0581,-201.0,0 days 00:00:35.588501835,0 days 00:00:35.613513173
0 days 00:00:00.430000,0 days 00:00:00.455011338,answer5,2.3965018,-15.879177,19.05617,0.06992449,-0.02756995,1.831823,31.40992,5.4067407,11.786986,-0.0069972672,0.0,0.0,0.0,0.0,0.0,0.0,754.3244,1447.3788,-140.80583,1931.8187,1343.8447,-139.93958,2741.2227,977.90967,-139.93958,0 days 00:00:35.598501835,0 days 00:00:35.623513173
0 days 00:00:00.440000,0 days 00:00:00.465011338,answer5,1.990975,-17.605198,18.801401,0.05493662,-0.03634851,1.5152532,33.392414,7.943275,14.8768,1.952377,39.024406,0.0,1.1276236,5.3149786,16.65657,13.878599,433.45633,1578.023,-110.70874,1601.4463,1425.7406,-80.88998,2250.403,974.5061,-79.0022,0 days 00:00:35.608501835,0 days 00:00:35.633513173
0 days 00:00:00.450000,0 days 00:00:00.475011338,answer5,1.8398937,-17.597277,17.82331,0.03409023,-0.042503286,0.956428,33.851368,8.204278,18.45373,0.59256744,39.06839,0.052132018,1.5170794,6.1202774,16.777674,14.347117,602.46063,1491.2504,0.0,1832.4584,1303.1611,-20.203691,2356.7756,1032.3882,-18.315912,0 days 00:00:35.618501835,0 days 00:00:35.643513173
0 days 00:00:00.460000,0 days 00:00:00.485011338,answer5,1.8030094,-17.496794,18.248146,0.026136862,-0.039547455,0.6751724,32.79358,7.674211,16.838501,0.23726852,39.151493,0.04749393,1.446994,7.2861743,17.177893,15.400172,617.19116,1500.5835,-20.847126,1809.726,1252.6119,-21.05649,2397.755,1053.9718,-19.16871,0 days 00:00:35.628501835,0 days 00:00:35.653513173
0 days 00:00:00.470000,0 days 00:00:00.495011338,answer5,1.9805652,-16.58758,19.376642,0.02704812,-0.030289104,0.5440865,28.920067,8.0884285,12.269467,1.9671378,39.19934,0.035326567,1.2506021,6.436723,18.138746,16.408672,643.5932,1609.6163,-20.847126,1921.0424,1245.1405,-21.201017,2550.1726,1157.8552,-19.680546,0 days 00:00:35.638501835,0 days 00:00:35.663513173
0 days 00:00:00.480000,0 days 00:00:00.505011338,answer5,2.1727266,-16.508673,20.048403,0.04179891,-0.021771988,0.74461967,26.541811,8.789208,9.891074,4.6635556,39.139374,0.027462931,1.0017298,3.4788601,19.440237,17.02283,511.7443,1517.5228,0.0,1788.4473,1231.0989,-22.420416,2443.8333,1077.7427,-19.726961,0 days 00:00:35.648501835,0 days 00:00:35.673513173
0 days 00:00:00.490000,0 days 00:00:00.515011338,answer5,2.3993282,-15.185104,19.846703,0.052186538,-0.0150116235,1.0903312,26.880945,6.3281403,8.946055,5.741182,36.59766,0.020643389,1.386054,-0.023578485,13.017732,17.615805,334.03586,1526.8408,0.0,1558.4224,1096.4283,-19.512814,2421.1191,993.68365,-18.77362,0 days 00:00:35.658501835,0 days 00:00:35.683513173
0 days 00:00:00.500000,0 days 00:00:00.525011338,answer5,2.5325663,-15.188744,20.176847,0.059720322,-0.012597275,1.3350582,30.759333,4.4585204,9.267136,3.0592184,33.9677,0.01775912,1.5493742,-1.4010139,4.5572696,18.89714,257.3223,1504.0826,0.0,1431.9916,1058.653,-14.366428,2352.2185,973.97784,-19.068888,0 days 00:00:35.668501835,0 days 00:00:35.693513173
0 days 00:00:00.510000,0 days 00:00:00.535011338,answer5,2.722263,-14.750808,22.52707,0.06481128,-0.013348232,1.5916944,35.891506,0.8495252,7.385219,-0.7970085,31.376244,0.01775912,1.5493742,-0.8394068,-5.510878,22.40651,242.43733,1563.7711,0.0,1298.207,1078.0812,-8.782801,2350.1702,825.0056,-22.598383,0 days 00:00:35.678501835,0 days 00:00:35.703513173
0 days 00:00:00.520000,0 days 00:00:00.545011338,answer5,2.8960953,-14.486992,26.67576,0.06629179,-0.015106318,1.6509527,37.954082,1.0808192,5.4611135,-5.6351075,31.13977,0.14330415,1.4683472,-0.35888827,-7.3788676,23.550003,308.42172,1403.527,-2.0861578,1269.5223,991.7458,-6.0185227,2428.1404,727.0581,-24.87422,0 days 00:00:35.688501835,0 days 00:00:35.713513173
0 days 00:00:00.530000,0 days 00:00:00.555011338,answer5,2.8718078,-12.633449,28.098822,0.0718133,-0.014205783,2.3030298,38.986774,1.2278154,4.11612,-7.293522,30.94046,0.14178671,1.1544961,-0.6735936,-8.143015,24.376913,374.74658,1291.8314,-2.0822055,1295.5533,911.3198,-3.8608272,2505.8809,588.4777,-26.45912,0 days 00:00:35.698501835,0 days 00:00:35.723513173
0 days 00:00:00.540000,0 days 00:00:00.565011338,answer5,2.818794,-11.385434,29.820734,0.07084753,-0.009713728,2.4170227,39.81525,2.0774858,3.0521994,-7.8601966,30.747149,0.14853933,1.3118906,-0.8138337,-8.208299,22.351562,386.2301,1275.4083,-2.0826643,1312.3232,871.96857,-2.6874168,2595.2585,557.8731,-24.434227,0 days 00:00:35.708501835,0 days 00:00:35.733513173
0 days 00:00:00.550000,0 days 00:00:00.575011338,answer5,2.6627133,-10.589492,29.683897,0.07550678,-0.0054596686,2.6547713,39.24924,2.9674463,1.9103546,-8.296646,30.604197,0.018077077,1.8228226,-0.3370572,-7.130688,24.628332,377.55173,1285.33,-2.0449185,1296.2177,860.73737,-2.9607735,2581.2766,525.23566,-24.979742,0 days 00:00:35.718501835,0 days 00:00:35.743513173
0 days 00:00:00.560000,0 days 00:00:00.585011338,answer5,2.632089,-12.301354,32.30032,0.07079656,-0.0062767663,2.252231,40.40356,4.851558,2.4685555,-11.497663,30.498808,0.016026907,2.34476,-0.4080567,-7.4629073,27.051764,377.58408,1184.5131,0.0,1275.4103,813.3081,-3.9166117,2517.3145,549.26385,-27.600098,0 days 00:00:35.728501835,0 days 00:00:35.753513173
0 days 00:00:00.570000,0 days 00:00:00.595011338,answer5,2.483342,-12.401756,32.690544,0.071202464,-0.0073410445,2.3900306,39.619648,5.3607426,3.0498924,-13.619391,30.41508,0.005399696,2.2226489,-0.6044214,-5.404364,30.016626,626.3553,1091.2592,-4.6935034,1698.2896,799.69586,-12.711243,2874.18,640.5798,-28.835497,0 days 00:00:35.738501835,0 days 00:00:35.763513173
0 days 00:00:00.580000,0 days 00:00:00.605011338,answer5,2.4635077,-13.694355,32.843395,0.07124123,-0.013116588,2.3434641,41.058216,5.9228587,4.2556186,-16.190634,30.427034,0.005981693,2.5358012,-0.2846587,-7.470945,28.365126,640.3083,1122.9204,-4.3199253,1713.089,861.01807,-13.697865,2854.094,767.236,-29.38679,0 days 00:00:35.748501835,0 days 00:00:35.773513173
0 days 00:00:00.590000,0 days 00:00:00.615011338,answer5,2.3988612,-13.511312,31.934698,0.06679963,-0.015753321,2.1934137,40.558117,4.439835,3.812332,-16.871834,30.475718,0.005104483,2.5103667,0.5632258,-5.664004,28.29026,594.7559,1283.8214,-2.3677707,1691.3351,952.79034,-13.755112,2847.033,855.05664,-27.35977,0 days 00:00:35.758501835,0 days 00:00:35.783513173
0 days 00:00:00.600000,0 days 00:00:00.625011338,answer5,2.431471,-13.91039,32.01161,0.06833384,-0.018701559,1.8658396,41.943584,3.9257202,3.24383,-17.917862,30.606634,0.008731425,2.2622273,1.0711322,-7.200728,27.634521,329.28943,1403.5054,-0.6210788,1229.5616,993.03546,-5.345564,2433.043,790.1838,-28.2556,0 days 00:00:35.768501835,0 days 00:00:35.793513173
0 days 00:00:00.610000,0 days 00:00:00.635011338,answer5,2.3810952,-12.529201,33.12242,0.06775433,-0.018968627,1.6824193,42.411755,3.2125938,0.08718252,-18.543776,30.70661,0.012997854,1.2280458,1.0636276,-4.497153,29.783926,329.8453,1411.8134,0.85476637,1229.1465,980.72394,-4.1355176,2470.346,731.82697,-27.91484,0 days 00:00:35.778501835,0 days 00:00:35.803513173
0 days 00:00:00.620000,0 days 00:00:00.645011338,answer5,2.4188566,-11.770309,32.989456,0.072400145,-0.0188645,1.7088776,43.160137,2.7697945,0.39581332,-18.559237,30.781937,0.024054935,0.9769454,0.9175779,-5.2358875,28.840967,632.1117,1219.0154,0.0,1679.4122,915.7549,-9.768726,2897.626,772.9112,-28.007261,0 days 00:00:35.788501835,0 days 00:00:35.813513173
0 days 00:00:00.630000,0 days 00:00:00.655011338,answer5,2.386204,-10.607956,30.793991,0.072532825,-0.016497323,1.7074422,42.34875,1.2296275,1.6350594,-18.038366,30.773508,0.023797875,1.2184782,0.99185276,-4.443535,26.42177,620.3787,1288.3085,-1.7115605,1704.7451,923.7723,-9.708314,2963.957,762.8457,-24.842577,0 days 00:00:35.798501835,0 days 00:00:35.823513173
0 days 00:00:00.640000,0 days 00:00:00.665011338,answer5,2.418236,-11.037189,28.06459,0.07067722,-0.014297546,1.6043477,42.16548,-0.58733267,4.4183445,-15.69451,30.733307,0.022304542,1.9250771,1.3570043,-4.85241,25.508883,628.44604,1330.1691,1.1562371,1745.307,954.6052,-10.29398,2932.2961,1671.724,-24.04399,0 days 00:00:35.808501835,0 days 00:00:35.833513173
0 days 00:00:00.650000,0 days 00:00:00.675011338,answer5,2.364442,-11.901904,27.205856,0.070486255,-0.012176156,1.322324,41.2421,-1.3879868,5.39271,-12.9131975,30.710657,0.0110496245,1.6839628,2.1628187,-5.1783957,23.943144,363.07373,1394.1927,2.7616374,1320.9976,935.1413,-5.9116817,2537.3794,1519.9193,-22.293844,0 days 00:00:35.818501835,0 days 00:00:35.843513173
0 days 00:00:00.660000,0 days 00:00:00.685011338,answer5,2.3338125,-13.719691,27.842607,0.0715049,-0.012986414,0.94811517,40.812008,-1.9487549,7.3737206,-8.057822,30.663687,0.018913222,1.9978908,3.1585274,-4.9523044,24.45001,395.0183,1352.9012,5.1377873,1342.983,1034.4022,-9.035244,2360.1125,1830.3843,-22.042944,0 days 00:00:35.828501835,0 days 00:00:35.853513173
0 days 00:00:00.670000,0 days 00:00:00.695011338,answer5,2.2486005,-15.4153185,27.605131,0.07753097,-0.011559139,0.75698954,39.71667,-2.1551433,10.709514,-3.1763275,30.644396,0.017953733,1.587729,4.4090533,-5.8411193,22.119768,395.68176,1374.749,5.6124587,1371.8444,1057.0266,-12.08285,2359.5537,2368.0051,-20.126848,0 days 00:00:35.838501835,0 days 00:00:35.863513173
0 days 00:00:00.680000,0 days 00:00:00.705011338,answer5,2.1805828,-16.270895,26.693823,0.0872427,-0.012352198,0.8568453,37.858738,-3.0164125,15.702228,1.2595167,30.579847,0.020364536,1.7471142,5.180275,-4.9507375,20.68746,404.66574,1338.0768,6.563604,1425.3783,1029.3313,-15.713249,2359.1924,2384.673,-17.743391,0 days 00:00:35.848501835,0 days 00:00:35.873513173
0 days 00:00:00.690000,0 days 00:00:00.715011338,answer5,2.1415007,-16.560112,24.15948,0.09247302,-0.013733937,0.97456497,36.269398,-3.3538082,22.953363,2.0398993,30.57432,0.013692632,1.2947481,5.9591064,-3.2981784,20.218935,404.142,1199.2758,5.5898232,1490.7972,808.8162,-18.149946,2493.5886,2096.7585,-16.630262,0 days 00:00:35.858501835,0 days 00:00:35.883513173
0 days 00:00:00.700000,0 days 00:00:00.725011338,answer5,1.981741,-16.872414,22.711035,0.089487106,-0.01892493,1.1003219,35.022633,-1.8727126,29.054388,1.5670246,30.55955,0.012912758,1.0866817,6.4426575,0.26363453,21.771627,415.179,1139.7434,3.1999652,1566.0409,700.0283,-21.96811,2550.7441,675.4328,-17.011,0 days 00:00:35.868501835,0 days 00:00:35.893513173
0 days 00:00:00.710000,0 days 00:00:00.735011338,answer5,1.7699217,-18.124302,22.890032,0.07763416,-0.020205257,0.9842052,35.155354,1.7032198,34.673668,-1.2391222,30.581945,0.011539462,1.1863966,7.0951705,4.379577,23.97524,521.05646,1208.5012,-6.492945,1687.4619,720.51373,-23.93136,2570.9705,713.6413,-18.361336,0 days 00:00:35.878501835,0 days 00:00:35.903513173
0 days 00:00:00.720000,0 days 00:00:00.745011338,answer5,1.5366846,-19.312204,23.884232,0.0699505,-0.019457145,0.7949901,34.166584,6.585064,36.98196,-1.4129833,30.58109,0.009213161,0.9202869,7.5085373,7.8024755,23.976557,491.4248,1421.8588,-6.1474724,1658.5184,1191.848,-28.69908,2431.8794,771.88165,-18.017181,0 days 00:00:35.888501835,0 days 00:00:35.913513173
0 days 00:00:00.730000,0 days 00:00:00.755011338,answer5,1.4719363,-19.055445,23.43086,0.0645229,-0.018064834,0.5081205,31.95954,10.151879,41.886517,-3.4791327,30.598074,0.008332047,0.6923128,7.600164,10.0588255,22.346899,461.7961,1572.4152,-4.447277,1460.2311,1471.356,-30.10327,2259.8494,840.3299,-16.247988,0 days 00:00:35.898501835,0 days 00:00:35.923513173
0 days 00:00:00.740000,0 days 00:00:00.765011338,answer5,1.5045224,-18.498709,21.568588,0.062530726,-0.020961829,0.36908063,30.049929,11.8352165,42.267944,-2.9207354,30.670652,0.0061930493,0.3203561,7.543255,10.73869,24.55422,648.89716,1545.7057,-5.794864,1581.6034,1416.3966,-26.423918,2635.9668,757.4404,-18.203568,0 days 00:00:35.908501835,0 days 00:00:35.933513173
0 days 00:00:00.750000,0 days 00:00:00.775011338,answer5,1.6095076,-18.243103,20.780653,0.06204473,-0.022338837,0.4297986,29.086777,12.209973,41.37578,-3.246589,30.86162,0.0029763456,0.33222452,7.2827644,10.006587,29.774942,856.42285,1470.4716,-16.146439,1783.8431,926.34015,-20.037092,3106.8096,869.5578,-23.36271,0 days 00:00:35.918501835,0 days 00:00:35.943513173
0 days 00:00:00.760000,0 days 00:00:00.785011338,answer5,1.7571167,-18.329367,20.317488,0.060951874,-0.024719471,0.61874056,29.836733,10.391239,37.20689,-0.7010748,31.154749,0.0033607122,0.46011028,7.0992255,7.4014373,28.970833,1009.70953,1498.9269,-25.701118,2045.3158,702.6228,-14.46774,3304.577,1054.9684,-23.026917,0 days 00:00:35.928501835,0 days 00:00:35.953513173
0 days 00:00:00.770000,0 days 00:00:00.795011338,answer5,2.0322716,-16.426727,18.445696,0.058815945,-0.025565319,0.9107334,30.014086,6.4100494,36.304676,0.7728097,31.462814,0.006843613,0.49425983,6.5328717,2.9530582,23.696442,761.0279,1554.3807,-13.806634,1954.558,698.10516,-11.594838,3031.7712,1244.7035,-18.98733,0 days 00:00:35.938501835,0 days 00:00:35.963513173
0 days 00:00:00.780000,0 days 00:00:00.805011338,answer5,2.6100612,-13.509671,14.965042,0.053401273,-0.030558392,1.6665813,30.480436,-1.3369613,35.918224,-3.538696,31.675636,0.009062993,0.5745546,5.616217,-2.5716696,16.244915,583.0159,1498.9586,-5.13047,1851.1367,694.4266,-8.843352,2786.8489,1244.9357,-13.272789,0 days 00:00:35.948501835,0 days 00:00:35.973513173
0 days 00:00:00.790000,0 days 00:00:00.815011338,answer5,3.370999,-11.41943,13.855996,0.05572531,-0.03828634,2.4097078,30.416351,-9.313736,34.845486,-10.619138,31.71808,0.010964449,0.92272854,4.5684648,-7.1682944,12.762207,564.0843,1531.3844,1.1704644,1789.6729,633.99384,-6.1778293,2812.8086,1025.6934,-11.960444,0 days 00:00:35.958501835,0 days 00:00:35.983513173
0 days 00:00:00.800000,0 days 00:00:00.825011338,answer5,3.89732,-10.495069,13.089154,0.05885144,-0.045386177,2.8684816,30.771318,-14.864039,31.605528,-15.793414,31.614958,0.007835332,1.5781428,4.8141656,-8.825586,11.967682,507.29855,1546.2051,-1.9486523,1706.5026,665.03827,-6.730568,2743.9675,967.4847,-13.301262,0 days 00:00:35.968501835,0 days 00:00:35.993513173
0 days 00:00:00.810000,0 days 00:00:00.835011338,answer5,3.9736884,-9.55416,11.910939,0.059932213,-0.045206595,2.9076574,31.126442,-15.901779,23.876966,-10.073827,31.467987,0.01485077,1.8664454,5.2293196,-7.8154655,11.955421,591.4095,1621.9137,-2.8402631,1697.027,753.52057,-6.6567345,2709.9968,818.1619,-14.96915,0 days 00:00:35.978501835,0 days 00:00:36.003513173
0 days 00:00:00.820000,0 days 00:00:00.845011338,answer5,3.8033621,-8.186325,10.715523,0.06231216,-0.038889613,2.3484497,30.838636,-14.07037,15.241979,-1.1943432,31.298208,0.014928468,1.9066176,5.853758,-5.6461663,15.689235,531.5266,1529.995,-1.8927383,1684.2255,808.09326,-6.6743016,2712.8616,762.16235,-19.585974,0 days 00:00:35.988501835,0 days 00:00:36.013513173
0 days 00:00:00.830000,0 days 00:00:00.855011338,answer5,3.6453373,-6.629227,14.180036,0.063519515,-0.027288252,2.0084703,29.875181,-10.639106,5.689257,6.9948134,31.087591,0.016933462,1.1645724,5.3495393,-4.124851,18.703083,673.90955,1595.6611,-2.9242628,1686.1937,889.89795,-6.7392,2735.8552,789.70264,-22.983477,0 days 00:00:35.998501835,0 days 00:00:36.023513173
0 days 00:00:00.840000,0 days 00:00:00.865011338,answer5,3.4781754,-6.516166,18.61503,0.06291025,-0.021096008,1.6261692,28.918945,-6.483057,-0.5207019,10.322079,30.745428,0.009682104,0.99323386,5.019083,-4.168211,21.713928,639.20764,1730.3031,-2.3009007,1652.6598,1008.1517,-8.548739,2695.2986,979.14716,-26.41542,0 days 00:00:36.008501835,0 days 00:00:36.033513173
0 days 00:00:00.850000,0 days 00:00:00.875011338,answer5,3.1534882,-7.844172,22.411736,0.059562612,-0.016433934,1.6898023,30.383848,-2.7239754,-3.5701287,10.950444,30.331984,0.010446195,0.6673684,3.9861457,-5.082712,22.803064,572.8537,1737.2267,-2.9900312,1603.7075,1065.2374,-12.102475,2672.172,1282.0048,-29.10819,0 days 00:00:36.018501835,0 days 00:00:36.043513173
0 days 00:00:00.860000,0 days 00:00:00.885011338,answer5,2.776266,-10.431497,23.083654,0.05737057,-0.020048007,1.792676,29.32431,3.0527356,-3.2173865,6.957352,30.100903,0.011867818,0.93871737,3.5263867,-5.944445,22.914679,510.91235,1683.1012,-67.85735,1587.15,1030.9679,-76.3886,2668.5522,1204.0187,-87.09676,0 days 00:00:36.028501835,0 days 00:00:36.053513173
0 days 00:00:00.870000,0 days 00:00:00.895011338,answer5,2.3378708,-12.897933,23.0913,0.04950957,-0.024085753,1.7824942,24.401405,11.6885805,1.4317064,2.9285629,0.0,0.0,0.0,0.0,0.0,0.0,471.9714,1553.0869,-134.91307,1508.3219,1162.6051,-139.36247,2508.5896,1286.525,-144.42921,0 days 00:00:36.038501835,0 days 00:00:36.063513173
0 days 00:00:00.880000,0 days 00:00:00.905011338,answer5,1.8662571,-13.29966,21.148605,0.03930863,-0.028140523,1.6205631,15.802361,21.296207,6.712509,2.4473095,0.0,0.0,0.0,0.0,0.0,0.0,510.69534,1519.9767,-201.0,1341.0222,1967.5913,-201.0,2218.847,1077.7352,-201.0,0 days 00:00:36.048501835,0 days 00:00:36.073513173
0 days 00:00:00.890000,0 days 00:00:00.915011338,answer5,1.4289575,-10.505123,15.308865,0.02677749,-0.026835382,1.2646784,8.297073,23.687326,6.912567,5.3456955,0.0,0.0,0.0,0.0,0.0,0.0,462.82944,1455.8766,-201.0,1336.8827,1949.6356,-201.0,2181.6316,1146.9907,-201.0,0 days 00:00:36.058501835,0 days 00:00:36.083513173
0 days 00:00:00.900000,0 days 00:00:00.925011338,answer5,1.120642,-8.347396,12.54062,0.023022166,-0.028575039,0.7511248,5.0818315,21.608828,4.0723653,5.7344003,0.0,0.0,0.0,0.0,0.0,0.0,472.19693,1306.5415,-201.0,1400.4803,1688.1942,-201.0,2367.7698,869.07666,-201.0,0 days 00:00:36.068501835,0 days 00:00:36.093513173
0 days 00:00:00.910000,0 days 00:00:00.935011338,answer5,0.9811626,-5.8879113,11.315412,0.028487593,-0.026828201,0.47124574,2.3224564,16.15821,-2.2484004,2.8148034,0.0,0.0,0.0,0.0,0.0,0.0,380.277,1297.0935,-201.0,1548.8438,829.69775,-201.0,2630.059,821.8955,-201.0,0 days 00:00:36.078501835,0 days 00:00:36.103513173
0 days 00:00:00.920000,0 days 00:00:00.945011338,answer5,0.90219516,-6.0705094,12.231965,0.029727167,-0.026094146,0.25575432,1.5858673,16.959345,-0.54034203,2.9822807,0.0,0.0,0.0,0.0,0.0,0.0,531.89716,1527.9429,-201.0,1561.8475,949.11005,-201.0,2629.8152,808.7474,-201.0,0 days 00:00:36.088501835,0 days 00:00:36.113513173
0 days 00:00:00.930000,0 days 00:00:00.955011338,answer5,0.89404434,-4.9596667,11.587395,0.032441046,-0.021288825,0.2289899,0.6078195,16.816628,1.7850928,4.1645617,0.0,0.0,0.0,0.0,0.0,0.0,520.3782,1613.5231,-201.0,1508.611,1086.9031,-201.0,2498.6365,929.1006,-201.0,0 days 00:00:36.098501835,0 days 00:00:36.123513173
0 days 00:00:00.940000,0 days 00:00:00.965011338,answer5,0.9264106,-3.317711,7.2538104,0.027370678,-0.017122801,0.21885143,-0.64253455,16.045273,1.3126987,3.1098702,0.0,0.0,0.0,0.0,0.0,0.0,581.45123,1500.941,-201.0,1444.5343,1139.4769,-201.0,2360.3213,918.39923,-201.0,0 days 00:00:36.108501835,0 days 00:00:36.133513173
0 days 00:00:00.950000,0 days 00:00:00.975011338,answer5,1.0993371,-2.3776114,6.14447,0.034809187,-0.016949058,0.2667531,-0.907895,12.877637,-3.6787093,-3.9979658,0.0,0.0,0.0,0.0,0.0,0.0,417.92578,1246.4447,-201.0,1328.5996,1108.7052,-201.0,2209.3406,910.39575,-201.0,0 days 00:00:36.118501835,0 days 00:00:36.143513173
0 days 00:00:00.960000,0 days 00:00:00.985011338,answer5,1.2401161,-2.7836387,7.2147756,0.038362574,-0.0156200575,0.3588444,0.6907211,10.376465,-4.748221,-4.774099,0.0,0.0,0.0,0.0,0.0,0.0,415.23013,1213.7515,-201.0,1286.5366,1075.863,-201.0,2193.153,838.9808,-201.0,0 days 00:00:36.128501835,0 days 00:00:36.153513173
0 days 00:00:00.970000,0 days 00:00:01.001020408,answer5,1.3525485,-4.6797347,11.691032,0.039088897,-0.016314583,0.43405822,3.8489075,10.229996,-1.1514498,-1.9338793,0.0,0.0,0.0,0.0,0.0,0.0,955.2297,1271.2137,-201.0,1839.8597,1278.101,-201.0,2663.7034,763.2415,-201.0,0 days 00:00:36.138501835,0 days 00:00:36.169522243
0 days 00:00:00,0 days 00:00:00.025011338,answer6,1.2579695,-28.476107,41.55836,0.06150413,-0.01130911,0.09885106,35.1554,11.21539,20.065489,-5.695192,36.348507,0.0,0.43344977,10.592824,15.912434,31.467491,1070.1027,1393.8993,-31.438929,2021.94,1248.4872,-37.51394,3159.4011,1131.0092,-48.33206,0 days 00:00:45.111778445,0 days 00:00:45.136789783
0 days 00:00:00.010000,0 days 00:00:00.035011338,answer6,1.226669,-29.168802,40.187153,0.056128945,-0.0111266775,0.20400624,34.571934,12.615471,20.43648,-5.866842,36.317276,0.0061584604,0.40751782,10.500922,15.367622,30.38076,1057.9064,1438.3931,-31.695534,1997.5576,1265.2687,-37.68236,3173.6165,1088.6637,-48.048656,0 days 00:00:45.121778445,0 days 00:00:45.146789783
0 days 00:00:00.020000,0 days 00:00:00.045011338,answer6,1.1895117,-29.727097,39.023647,0.050476473,-0.011754149,0.29022312,34.36138,12.54172,20.707844,-8.519876,36.26666,0.008610767,0.3684759,10.451597,16.079634,26.97672,1051.4603,1464.7217,-32.570568,2031.3073,1294.4136,-37.727272,3248.702,1146.7109,-45.57942,0 days 00:00:45.131778445,0 days 00:00:45.156789783
0 days 00:00:00.030000,0 days 00:00:00.055011338,answer6,1.1535102,-29.61558,39.150616,0.054703932,-0.010632868,0.33569583,33.2751,12.645181,20.490007,-5.3143363,36.11002,0.011923577,0.43884578,10.449203,17.819792,23.17518,1118.6581,1341.0538,-34.368973,2238.0403,1321.6843,-39.21591,3233.464,1872.5829,-42.303577,0 days 00:00:45.141778445,0 days 00:00:45.166789783
0 days 00:00:00.040000,0 days 00:00:00.065011338,answer6,1.1063312,-29.304335,38.88411,0.047481243,-0.0125733735,0.398896,32.161285,12.378013,21.801666,-3.0281475,35.896664,0.013859737,0.40905377,10.406732,19.459532,24.157694,855.48895,1476.1704,-35.590664,2079.7454,1383.6895,-39.058674,3028.1455,1995.8745,-43.246754,0 days 00:00:45.151778445,0 days 00:00:45.176789783
0 days 00:00:00.050000,0 days 00:00:00.075011338,answer6,1.0764655,-28.81051,37.96855,0.038470026,-0.012242007,0.43499014,31.731337,13.067258,23.037027,-1.3393049,35.650764,0.012964177,0.36201736,10.300206,19.062254,26.444357,851.5083,1457.9293,0.0,2042.9141,1339.4882,-38.432453,2951.5276,1882.9176,-45.002827,0 days 00:00:45.161778445,0 days 00:00:45.186789783
0 days 00:00:00.060000,0 days 00:00:00.085011338,answer6,1.0551938,-28.703238,36.761005,0.033363644,-0.012313067,0.3758277,31.776499,13.205785,23.443342,-2.338733,35.4736,0.0083816135,0.21763997,10.1889715,17.262203,27.471275,789.44385,1441.7539,-33.763096,1873.86,1257.3685,-38.28305,2937.5066,1102.4808,-45.097683,0 days 00:00:45.171778445,0 days 00:00:45.196789783
0 days 00:00:00.070000,0 days 00:00:00.095011338,answer6,1.0449862,-28.526197,35.603428,0.034149818,-0.014258605,0.3517208,32.202015,13.75774,23.43622,-5.6951904,35.34883,0.0063551464,0.1619357,10.088054,17.521269,23.439325,1111.6078,1340.8114,-35.23767,2212.7817,1076.0236,-40.848907,3438.461,1052.6528,-40.122646,0 days 00:00:45.181778445,0 days 00:00:45.206789783
0 days 00:00:00.080000,0 days 00:00:00.105011338,answer6,1.01114,-28.184967,34.275524,0.03851736,-0.016889388,0.3592622,31.618113,14.561825,24.352325,-6.658754,35.202065,0.00520589,0.24800123,9.931369,20.348745,23.502388,1051.9805,1572.5752,-33.564297,2155.7327,1087.6178,-41.22806,3461.843,1161.432,-39.084423,0 days 00:00:45.191778445,0 days 00:00:45.216789783
0 days 00:00:00.090000,0 days 00:00:00.115011338,answer6,0.9650338,-27.599215,32.70672,0.046193853,-0.018755198,0.4541552,31.986532,15.548683,23.592628,-9.293357,35.014023,0.004817489,0.32578018,9.671493,21.199911,25.183405,1045.0625,1746.667,-32.29359,2179.6704,1116.6942,-40.4725,3601.1877,1323.7031,-39.94373,0 days 00:00:45.201778445,0 days 00:00:45.226789783
0 days 00:00:00.100000,0 days 00:00:00.125011338,answer6,0.91689175,-26.78988,30.870016,0.04962397,-0.01878389,0.43623415,31.994669,15.563586,23.8146,-11.827168,34.675976,0.006415615,0.5104955,9.028763,17.561363,26.24536,997.76074,1639.7324,-33.27502,2077.2102,1280.2084,-41.201157,3290.6682,1344.0094,-41.018936,0 days 00:00:45.211778445,0 days 00:00:45.236789783
0 days 00:00:00.110000,0 days 00:00:00.135011338,answer6,0.85326606,-25.999056,28.967361,0.04710856,-0.021329688,0.5222499,31.86326,17.502773,24.441984,-15.928383,34.202057,0.005169411,0.6014488,8.789246,10.677953,26.716757,1020.52277,1427.4943,-34.549915,2149.7825,1223.4572,-42.386932,3316.0042,1280.8552,-42.1698,0 days 00:00:45.221778445,0 days 00:00:45.246789783
0 days 00:00:00.120000,0 days 00:00:00.145011338,answer6,0.75992244,-24.63996,26.941833,0.033066183,-0.022851288,0.53126025,31.230997,18.566149,24.395378,-15.894482,33.8381,0.009957301,0.739785,8.414796,5.640017,18.045065,1031.5844,1370.9518,-33.661995,2192.576,1093.5233,-43.83031,3357.6746,1051.0438,-35.454803,0 days 00:00:45.231778445,0 days 00:00:45.256789783
0 days 00:00:00.130000,0 days 00:00:00.155011338,answer6,0.6894291,-24.031403,25.905275,0.026299953,-0.021003885,0.5447605,30.431677,20.223927,24.921381,-15.2884,33.70834,0.0153681785,0.94505626,8.062047,3.0241253,18.701235,946.8643,1523.0807,-31.256693,2077.2961,1049.6904,-43.479458,3339.993,1085.5708,-38.118053,0 days 00:00:45.241778445,0 days 00:00:45.266789783
0 days 00:00:00.140000,0 days 00:00:00.165011338,answer6,0.65224034,-24.360865,25.976587,0.025837608,-0.0216891,0.41576818,30.575851,20.34089,25.512848,-11.968144,33.47138,0.030359998,1.0020257,6.5490165,5.0531974,19.442911,894.9961,1574.5801,-31.08349,1985.0117,1043.6256,-42.674194,3252.3738,980.3212,-36.824356,0 days 00:00:45.251778445,0 days 00:00:45.276789783
0 days 00:00:00.150000,0 days 00:00:00.175011338,answer6,0.6469808,-24.382177,25.782583,0.030738035,-0.021130657,0.50790447,30.651201,20.24792,26.912498,-11.926898,32.601177,0.040860374,1.0479597,4.833036,8.686912,27.779129,824.6949,1572.9326,-29.203691,1861.7109,1072.1979,-38.85645,3069.178,974.52026,-39.095097,0 days 00:00:45.261778445,0 days 00:00:45.286789783
0 days 00:00:00.160000,0 days 00:00:00.185011338,answer6,0.6144294,-22.639658,23.854332,0.03392161,-0.021674141,0.57220936,30.018305,19.684574,27.285986,-11.812364,31.980534,0.04861778,0.9173114,3.7491484,12.182156,30.339626,688.90094,1575.708,-84.89863,1736.419,1089.6044,-90.56037,2898.285,756.46893,-91.303856,0 days 00:00:45.271778445,0 days 00:00:45.296789783
0 days 00:00:00.170000,0 days 00:00:00.195011338,answer6,0.5499106,-19.820044,21.778513,0.039071582,-0.017137466,0.5978631,29.20427,16.509964,23.69842,-11.048144,0.0,0.0,0.0,0.0,0.0,0.0,559.5987,1621.2303,-142.76364,1593.8102,1204.3734,-145.04079,2735.9785,785.6739,-144.83003,0 days 00:00:45.281778445,0 days 00:00:45.306789783
0 days 00:00:00.180000,0 days 00:00:00.205011338,answer6,0.48639122,-18.174114,22.298162,0.040470824,-0.013836622,0.4004968,27.149515,13.3186655,20.142828,-10.58281,0.0,0.0,0.0,0.0,0.0,0.0,575.6488,1677.0629,-201.0,1467.9355,1349.6,-201.0,2550.703,706.8926,-201.0,0 days 00:00:45.291778445,0 days 00:00:45.316789783
0 days 00:00:00.190000,0 days 00:00:00.215011338,answer6,0.4152123,-17.89239,25.585228,0.03366217,-0.009647875,0.25504568,26.757385,10.920005,15.712838,-5.3563933,0.0,0.0,0.0,0.0,0.0,0.0,517.12604,1669.7534,-201.0,1418.6265,1269.3046,-201.0,2498.4639,773.46075,-201.0,0 days 00:00:45.301778445,0 days 00:00:45.326789783
0 days 00:00:00.200000,0 days 00:00:00.225011338,answer6,0.35637856,-17.222248,28.235971,0.02024054,-0.008198031,0.19602199,25.328135,10.4895735,13.507594,0.7857663,0.0,0.0,0.0,0.0,0.0,0.0,443.21658,1758.4756,-201.0,1347.8348,1287.3457,-201.0,2312.465,871.0218,-201.0,0 days 00:00:45.311778445,0 days 00:00:45.336789783
0 days 00:00:00.210000,0 days 00:00:00.235011338,answer6,0.3753072,-15.985908,28.619864,0.029538231,-0.010054194,0.19953877,25.485804,8.0990925,10.460806,2.334183,0.0,0.0,0.0,0.0,0.0,0.0,244.83159,1763.8473,-201.0,1274.4791,1319.9796,-201.0,2192.2666,1027.7104,-201.0,0 days 00:00:45.321778445,0 days 00:00:45.346789783
0 days 00:00:00.220000,0 days 00:00:00.245011338,answer6,0.4754068,-16.223207,28.64923,0.043834507,-0.014272246,0.29550293,28.151749,6.876142,9.442559,-0.021753153,0.0,0.0,0.0,0.0,0.0,0.0,294.21085,1681.4315,-134.65175,1324.23,1309.4801,-141.48154,2245.7722,1105.5333,-144.32205,0 days 00:00:45.331778445,0 days 00:00:45.356789783
0 days 00:00:00.230000,0 days 00:00:00.255011337,answer6,0.6576605,-17.086554,28.944845,0.05964476,-0.016350487,0.45322287,31.558786,5.399879,10.657878,-4.462581,32.265118,0.0,0.0,3.7381496,3.3334005,28.002968,365.6869,1447.3936,-70.22457,1399.1698,1182.5938,-83.98318,2397.0125,974.32196,-88.89322,0 days 00:00:45.341778445,0 days 00:00:45.366789782
0 days 00:00:00.240000,0 days 00:00:00.265011338,answer6,0.81526154,-20.46494,30.36904,0.053054255,-0.019429782,0.68656206,36.431637,7.6613173,15.515533,-5.618305,32.476948,0.0,0.0,4.6944604,3.1158714,29.323732,560.4782,1309.807,-12.868043,1602.729,966.83527,-30.319925,2741.3508,928.74884,-37.325703,0 days 00:00:45.351778445,0 days 00:00:45.376789783
0 days 00:00:00.250000,0 days 00:00:00.275011338,answer6,0.9109609,-23.678751,32.61302,0.047097605,-0.02385774,0.85246444,38.82448,9.515974,19.293879,-6.636274,33.02261,0.0,1.2982547,6.6165366,4.610457,27.877329,725.16797,1297.2412,-20.397202,1788.7242,1002.2417,-37.82118,2964.7551,1081.0249,-41.467834,0 days 00:00:45.361778445,0 days 00:00:45.386789783
0 days 00:00:00.260000,0 days 00:00:00.285011338,answer6,0.93257195,-27.280304,36.519474,0.0427841,-0.025520876,0.78662056,40.05868,12.783169,20.355434,-7.301969,33.659534,0.02621011,0.9624507,7.62434,8.520638,26.704615,920.2192,1262.3896,-25.298159,2055.557,1045.7402,-42.506836,3226.5742,1248.7224,-42.620785,0 days 00:00:45.371778445,0 days 00:00:45.396789783
0 days 00:00:00.270000,0 days 00:00:00.295011338,answer6,0.8950924,-27.7149,37.780396,0.045521837,-0.022294613,0.71174264,38.75239,12.881555,20.409357,-6.7236695,34.343304,0.025472976,1.1710061,8.593815,15.123378,27.589548,962.7893,1233.0908,-26.660324,2208.6924,1016.68945,-43.206432,3432.3672,1306.6083,-42.425903,0 days 00:00:45.381778445,0 days 00:00:45.406789783
0 days 00:00:00.280000,0 days 00:00:00.305011338,answer6,0.8914717,-26.801651,36.819763,0.049256742,-0.016454207,0.4707823,35.49089,12.709283,19.23634,-6.19515,34.73781,0.02423876,0.4397916,9.203842,17.887077,30.350946,1019.66797,1202.7715,-29.55723,2332.3074,831.86884,-40.986736,3723.4163,1177.9773,-42.350536,0 days 00:00:45.391778445,0 days 00:00:45.416789783
0 days 00:00:00.290000,0 days 00:00:00.315011338,answer6,0.90251905,-25.607283,35.45851,0.055321727,-0.016858013,0.40955672,32.519417,13.226298,18.496439,-6.2714534,34.673687,0.01746338,0.46512318,9.120279,17.61302,30.384378,981.30634,1220.609,-29.414118,2289.1816,806.5537,-40.656063,3551.1511,1188.5845,-41.5152,0 days 00:00:45.401778445,0 days 00:00:45.426789783
0 days 00:00:00.300000,0 days 00:00:00.325011338,answer6,0.91170746,-25.141594,35.046177,0.05575793,-0.019151561,0.31260857,31.1121,14.83817,16.432459,-4.646956,34.242954,0.012437479,0.3881559,8.927115,13.1199875,26.339882,905.6565,1249.7618,-27.101477,2052.1855,931.47687,-38.02052,3127.8818,1013.976,-39.613506,0 days 00:00:45.411778445,0 days 00:00:45.436789783
0 days 00:00:00.310000,0 days 00:00:00.335011338,answer6,0.8631785,-24.271631,36.324474,0.049004283,-0.0172915,0.35436833,30.017351,15.395389,15.9621315,-0.728919,33.738907,0.010890753,0.49936244,8.660759,8.73421,21.444681,944.709,1213.7863,-26.930231,2051.8672,1028.2826,-38.22503,3045.0156,967.2601,-38.40009,0 days 00:00:45.421778445,0 days 00:00:45.446789783
0 days 00:00:00.320000,0 days 00:00:00.345011338,answer6,0.81990576,-23.685562,35.90594,0.03441299,-0.016311891,0.3366853,29.692848,13.679099,15.030332,3.5282452,33.31047,0.015169223,0.56216544,8.613675,4.968287,18.974373,1103.3479,1176.1725,-30.46031,2236.064,995.18134,-37.27725,3427.8438,888.92206,-38.946198,0 days 00:00:45.431778445,0 days 00:00:45.456789783
0 days 00:00:00.330000,0 days 00:00:00.355011338,answer6,0.7878563,-23.630274,36.631958,0.020425273,-0.014296313,0.2703012,28.638113,12.910832,16.817009,5.7247415,32.90121,0.015837098,0.5847959,8.255532,2.8121407,17.662125,1175.748,1122.9105,-31.721262,2354.0547,946.34033,-37.61172,3660.3372,1040.0814,-38.005665,0 days 00:00:45.441778445,0 days 00:00:45.466789783
0 days 00:00:00.340000,0 days 00:00:00.365011338,answer6,0.78785974,-23.196493,35.363327,0.012976289,-0.015702968,0.24670006,28.55903,11.792668,17.151373,7.7414155,32.524227,0.013241734,0.50937146,7.944779,3.3101313,18.561405,1099.9594,1168.6973,-30.091814,2251.7249,1105.3589,-35.24723,3235.2832,1143.7,-36.633457,0 days 00:00:45.451778445,0 days 00:00:45.476789783
0 days 00:00:00.350000,0 days 00:00:00.375011338,answer6,0.78311443,-22.233572,34.551918,0.009748581,-0.013558216,0.28660625,27.464636,12.509335,18.085558,9.47335,32.15148,0.012575656,0.58077335,7.6088276,4.6790004,20.402191,1007.4643,1181.7883,-26.953598,2102.6277,1099.3242,-32.86704,3157.2449,1212.2681,-35.398685,0 days 00:00:45.461778445,0 days 00:00:45.486789783
0 days 00:00:00.360000,0 days 00:00:00.385011338,answer6,0.7631977,-21.22013,33.35945,0.017876206,-0.016533546,0.2935349,26.687193,13.592776,18.302513,8.079673,31.989502,0.014125665,0.5972827,7.521898,6.5708427,22.051138,942.95703,1237.4418,-24.023,2018.5311,1079.6147,-31.92037,2966.3835,1043.4174,-34.52757,0 days 00:00:45.471778445,0 days 00:00:45.496789783
0 days 00:00:00.370000,0 days 00:00:00.395011338,answer6,0.7272465,-20.498884,32.398067,0.022999695,-0.017932579,0.25807592,26.451643,14.12619,17.151972,4.2258754,32.01711,0.016222892,0.7121112,7.417673,10.291444,21.44782,964.1923,1201.3055,-21.80738,2069.369,981.2629,-32.026257,3299.2441,1246.457,-32.754192,0 days 00:00:45.481778445,0 days 00:00:45.506789783
0 days 00:00:00.380000,0 days 00:00:00.405011338,answer6,0.6754086,-20.119276,30.671225,0.028788507,-0.018494403,0.21451402,26.733429,13.270297,16.673002,2.2350414,32.168404,0.01440457,0.766051,7.2460694,10.946713,21.825378,1012.08234,1276.9076,-25.38063,2087.824,985.0164,-32.333668,3376.8992,1185.5973,-33.75815,0 days 00:00:45.491778445,0 days 00:00:45.516789783
0 days 00:00:00.390000,0 days 00:00:00.415011338,answer6,0.63112444,-19.714354,30.371244,0.020893658,-0.016380386,0.17907786,27.44436,11.535251,13.125736,4.0647626,32.332184,0.013305602,0.7540739,6.7073994,9.186595,20.168749,1082.6665,1246.9011,-25.631853,2209.6423,1051.1938,-31.202452,3596.0947,1494.7028,-33.842308,0 days 00:00:45.501778445,0 days 00:00:45.526789783
0 days 00:00:00.400000,0 days 00:00:00.425011338,answer6,0.6074533,-19.354769,30.530754,0.0162331,-0.016408827,0.15516423,27.962036,10.424298,11.906545,4.650162,32.172848,0.011098855,0.978275,6.2700596,5.094172,20.938307,1129.3341,1212.2147,-26.273966,2244.3557,977.18243,-31.352097,3723.8757,1207.5231,-34.78062,0 days 00:00:45.511778445,0 days 00:00:45.536789783
0 days 00:00:00.410000,0 days 00:00:00.435011338,answer6,0.5795963,-18.069685,30.260918,0.009412083,-0.016989108,0.18351741,28.45281,9.227041,9.454693,0.670084,31.945517,0.015076869,1.0226952,5.6733003,4.7195144,21.375425,1039.7106,1293.915,-21.611517,2139.862,1099.0436,-29.794413,3347.2715,1085.6155,-32.758636,0 days 00:00:45.521778445,0 days 00:00:45.546789783
0 days 00:00:00.420000,0 days 00:00:00.445011338,answer6,0.5423782,-16.686594,28.621964,0.010554985,-0.01989183,0.1852536,28.241983,8.868506,7.6773505,-2.3434494,31.648737,0.017610898,1.0794407,4.811999,8.137433,22.515123,945.69727,1309.5074,-16.873335,1989.6304,1014.5352,-29.17283,3105.3308,813.35406,-29.819191,0 days 00:00:45.531778445,0 days 00:00:45.556789783
0 days 00:00:00.430000,0 days 00:00:00.455011338,answer6,0.49327803,-14.76707,25.795126,0.01267565,-0.020322857,0.18575485,27.096182,7.8879714,5.730585,-5.2349644,31.582018,0.017666902,0.95640117,3.418703,11.029635,23.752655,893.7142,1365.5255,-15.241786,1963.8071,938.5205,-26.007906,3027.6965,742.28827,-29.03118,0 days 00:00:45.541778445,0 days 00:00:45.566789783
0 days 00:00:00.440000,0 days 00:00:00.465011338,answer6,0.44268838,-14.055283,23.153076,0.012701683,-0.02141369,0.11870847,25.826675,7.4626555,5.399521,-3.4469635,31.529282,0.016316256,0.9023359,2.554781,12.92415,23.56267,726.64874,1294.7482,-75.608444,1794.7354,944.1189,-83.72952,2869.2004,810.77344,-85.84909,0 days 00:00:45.551778445,0 days 00:00:45.576789783
0 days 00:00:00.450000,0 days 00:00:00.475011338,answer6,0.4035739,-12.941661,21.541746,0.009123172,-0.017898994,0.096960574,24.095655,5.9370885,6.3930182,-1.3796692,0.0,0.0,0.0,0.0,0.0,0.0,616.8879,1306.7128,-140.07207,1674.4557,1047.9517,-141.69373,2761.0344,835.41925,-144.18011,0 days 00:00:45.561778445,0 days 00:00:45.586789783
0 days 00:00:00.460000,0 days 00:00:00.485011338,answer6,0.3698775,-11.603097,20.564486,0.0056133005,-0.0147018945,0.09440276,22.71315,5.310043,6.597557,4.8871007,0.0,0.0,0.0,0.0,0.0,0.0,625.66876,1393.068,-201.0,1461.8306,1354.7992,-201.0,2366.9426,821.3188,-201.0,0 days 00:00:45.571778445,0 days 00:00:45.596789783
0 days 00:00:00.470000,0 days 00:00:00.495011338,answer6,0.34404016,-10.68098,21.957932,0.0034322876,-0.008801871,0.09310973,21.039972,6.019179,5.4219933,7.209046,0.0,0.0,0.0,0.0,0.0,0.0,623.244,1671.305,-201.0,1431.9902,1465.4183,-201.0,2448.9043,880.175,-201.0,0 days 00:00:45.581778445,0 days 00:00:45.606789783
0 days 00:00:00.480000,0 days 00:00:00.505011338,answer6,0.32203534,-11.036794,22.577728,0.008905933,-0.00844799,0.08475989,19.594566,8.468783,4.5177293,7.550122,0.0,0.0,0.0,0.0,0.0,0.0,756.3365,1621.8585,-201.0,1630.2423,1394.4894,-201.0,2566.46,935.42114,-201.0,0 days 00:00:45.591778445,0 days 00:00:45.616789783
0 days 00:00:00.490000,0 days 00:00:00.515011338,answer6,0.3074368,-11.468938,22.487785,0.009104616,-0.006017046,0.074032724,18.962486,9.058544,4.2459435,5.404347,0.0,0.0,0.0,0.0,0.0,0.0,718.95044,1532.434,-201.0,1659.4681,1242.7745,-201.0,2604.508,872.05023,-201.0,0 days 00:00:45.601778445,0 days 00:00:45.626789783
0 days 00:00:00.500000,0 days 00:00:00.525011338,answer6,0.29583454,-11.577695,20.899864,0.012421742,-0.0105869,0.07317575,18.712717,9.038096,4.8713183,4.3057337,0.0,0.0,0.0,0.0,0.0,0.0,747.53424,1396.6971,-201.0,1592.452,1430.5973,-201.0,2421.991,898.14825,-201.0,0 days 00:00:45.611778445,0 days 00:00:45.636789783
0 days 00:00:00.510000,0 days 00:00:00.535011338,answer6,0.3003706,-11.064363,19.254814,0.0074519576,-0.012118667,0.06607484,19.105827,8.002604,6.175897,2.8908784,0.0,0.0,0.0,0.0,0.0,0.0,714.1282,1533.8866,-201.0,1513.9706,1443.3403,-201.0,2418.0425,848.8138,-201.0,0 days 00:00:45.621778445,0 days 00:00:45.646789783
0 days 00:00:00.520000,0 days 00:00:00.545011338,answer6,0.29707062,-11.03502,18.397268,0.0084182955,-0.014324311,0.058514256,18.589499,8.299058,7.1053414,3.5600204,0.0,0.0,0.0,0.0,0.0,0.0,556.09863,1607.2101,-201.0,1479.4331,1492.252,-201.0,2372.2205,1002.1613,-201.0,0 days 00:00:45.631778445,0 days 00:00:45.656789783
0 days 00:00:00.530000,0 days 00:00:00.555011338,answer6,0.2909141,-11.388947,18.539078,0.0030236514,-0.014736928,0.05650178,18.678787,8.938062,6.913151,3.3329582,0.0,0.0,0.0,0.0,0.0,0.0,524.4007,1467.8068,-201.0,1572.2227,1153.8458,-201.0,2510.825,896.50946,-201.0,0 days 00:00:45.641778445,0 days 00:00:45.666789783
0 days 00:00:00.540000,0 days 00:00:00.565011338,answer6,0.27526894,-10.81382,17.512953,0.0042402702,-0.013153176,0.05725463,17.463495,9.436767,5.4799314,1.8678695,0.0,0.0,0.0,0.0,0.0,0.0,392.42056,1507.1215,-201.0,1381.9603,1273.1285,-201.0,2302.8225,959.2575,-201.0,0 days 00:00:45.651778445,0 days 00:00:45.676789783
0 days 00:00:00.550000,0 days 00:00:00.575011338,answer6,0.2610751,-11.464864,17.596712,-0.002019249,-0.018258996,0.05529253,17.056845,11.194192,3.7899234,-2.838009,0.0,0.0,0.0,0.0,0.0,0.0,494.69946,1465.6157,-201.0,1447.6666,1171.6876,-201.0,2377.8298,904.614,-201.0,0 days 00:00:45.661778445,0 days 00:00:45.686789783
0 days 00:00:00.560000,0 days 00:00:00.585011338,answer6,0.2534142,-11.181102,16.916754,0.0043319846,-0.01609372,0.053470086,15.992169,11.81327,4.3729463,-1.7179347,0.0,0.0,0.0,0.0,0.0,0.0,509.78857,1502.2826,-201.0,1443.0869,1331.7324,-201.0,2266.0808,1071.202,-201.0,0 days 00:00:45.671778445,0 days 00:00:45.696789783
0 days 00:00:00.570000,0 days 00:00:00.595011338,answer6,0.25339413,-11.195556,17.766195,0.008923895,-0.016353266,0.05121362,16.25853,11.165051,3.226163,-1.1455258,0.0,0.0,0.0,0.0,0.0,0.0,762.3974,1579.8988,-201.0,1626.9469,1506.0444,-201.0,2441.3545,1119.0128,-201.0,0 days 00:00:45.681778445,0 days 00:00:45.706789783
0 days 00:00:00.580000,0 days 00:00:00.605011338,answer6,0.27243927,-12.471089,20.604776,0.014522274,-0.013309226,0.07375897,18.389723,12.208713,4.642473,2.0993316,0.0,0.0,0.0,0.0,0.0,0.0,647.3547,1644.3153,-201.0,1462.1974,1674.1465,-201.0,2200.5527,1272.18,-201.0,0 days 00:00:45.691778445,0 days 00:00:45.716789783
0 days 00:00:00.590000,0 days 00:00:00.615011338,answer6,0.2884412,-14.027595,21.925959,0.019032478,-0.016569963,0.08348265,20.730944,13.040325,3.277757,-0.13392663,0.0,0.0,0.0,0.0,0.0,0.0,797.73047,1677.5244,-201.0,1638.7213,1494.9738,-201.0,2552.78,1323.3463,-201.0,0 days 00:00:45.701778445,0 days 00:00:45.726789783
0 days 00:00:00.600000,0 days 00:00:00.625011338,answer6,0.30223352,-15.498628,23.542448,0.03393743,-0.017099353,0.094433434,22.300217,13.228089,1.9496979,-2.03533,0.0,0.0,0.0,0.0,0.0,0.0,706.678,1394.2521,-201.0,1696.9147,1100.2433,-201.0,2751.3977,1221.4254,-201.0,0 days 00:00:45.711778445,0 days 00:00:45.736789783
0 days 00:00:00.610000,0 days 00:00:00.635011338,answer6,0.31490883,-13.342814,21.309319,0.043306563,-0.015900033,0.08152305,20.98091,9.279071,-1.2829906,-5.103663,0.0,0.0,0.0,0.0,0.0,0.0,876.519,1335.0183,-201.0,1852.2632,1014.9681,-201.0,2975.446,1088.0978,-201.0,0 days 00:00:45.721778445,0 days 00:00:45.746789783
0 days 00:00:00.620000,0 days 00:00:00.645011338,answer6,0.33384156,-10.256013,20.520826,0.048616316,-0.01641255,0.07699261,19.721985,4.370458,-1.4798666,-3.9054477,0.0,0.0,0.0,0.0,0.0,0.0,685.51776,1256.2181,-201.0,1699.3268,906.6242,-201.0,2765.9426,934.32074,-201.0,0 days 00:00:45.731778445,0 days 00:00:45.756789783
0 days 00:00:00.630000,0 days 00:00:00.655011338,answer6,0.3394527,-7.255918,18.829224,0.03138152,-0.015514591,0.07302224,18.491364,1.3803777,0.22647321,1.1393946,0.0,0.0,0.0,0.0,0.0,0.0,701.15356,1504.4911,-201.0,1649.8619,1026.2426,-201.0,2656.1377,862.8638,-201.0,0 days 00:00:45.741778445,0 days 00:00:45.766789783
0 days 00:00:00.640000,0 days 00:00:00.665011338,answer6,0.34014633,-6.3555317,16.665455,0.02261641,-0.02013445,0.06908349,17.674776,0.5942991,2.46235,3.2528803,0.0,0.0,0.0,0.0,0.0,0.0,568.07306,1425.0675,-201.0,1609.19,988.40643,-201.0,2610.0637,984.2713,-201.0,0 days 00:00:45.751778445,0 days 00:00:45.776789783
0 days 00:00:00.650000,0 days 00:00:00.675011338,answer6,0.32852748,-5.4579673,12.57628,0.0067846063,-0.019292122,0.069167785,16.608948,0.7263722,2.9983082,4.844521,0.0,0.0,0.0,0.0,0.0,0.0,610.29266,1375.0939,-201.0,1647.796,1008.73486,-201.0,2655.7131,974.0452,-201.0,0 days 00:00:45.761778445,0 days 00:00:45.786789783
0 days 00:00:00.660000,0 days 00:00:00.685011338,answer6,0.33210728,-5.932958,11.397969,-0.0018132745,-0.021177446,0.06629142,16.562757,1.1733774,4.1021447,4.2569056,0.0,0.0,0.0,0.0,0.0,0.0,456.55972,1153.5664,-201.0,1570.899,866.33984,-201.0,2606.8018,1100.0726,-201.0,0 days 00:00:45.771778445,0 days 00:00:45.796789783
0 days 00:00:00.670000,0 days 00:00:00.695011338,answer6,0.35500923,-7.5120406,13.1243105,-0.005081621,-0.01943335,0.10229655,17.819845,2.5304003,6.6238685,6.99912,0.0,0.0,0.0,0.0,0.0,0.0,553.3869,1393.0205,-138.5586,1567.5677,849.36273,-145.1512,2633.6628,961.43243,-144.73943,0 days 00:00:45.781778445,0 days 00:00:45.806789783
0 days 00:00:00.680000,0 days 00:00:00.705011338,answer6,0.4375299,-11.752205,17.734179,-0.0017797289,-0.021503853,0.19640441,22.142275,5.4628882,7.345295,9.3222685,32.493855,0.0,0.0,5.669532,12.63952,22.61036,664.81696,1465.7667,-78.46817,1688.6777,900.08075,-85.27701,2733.179,968.2712,-88.96868,0 days 00:00:45.791778445,0 days 00:00:45.816789783
0 days 00:00:00.690000,0 days 00:00:00.715011338,answer6,0.56820816,-15.092761,20.843256,0.00014007441,-0.022733858,0.33798626,26.457705,7.1430345,11.9443865,16.07401,32.288757,0.0,0.0,6.1797867,14.711507,22.475607,837.0396,1589.8307,-19.919653,1801.3947,1003.92456,-24.85407,2784.5554,840.02203,-32.116043,0 days 00:00:45.801778445,0 days 00:00:45.826789783
0 days 00:00:00.700000,0 days 00:00:00.725011338,answer6,0.757536,-15.552325,21.421366,0.006029554,-0.021795398,0.392759,29.292551,5.369042,16.71384,21.054916,31.895685,0.030746853,2.7381592,6.88473,17.576452,21.816965,879.4805,1403.4775,-22.44248,1842.3751,1016.5666,-19.975208,2801.2266,829.0861,-30.801743,0 days 00:00:45.811778445,0 days 00:00:45.836789783
0 days 00:00:00.710000,0 days 00:00:00.735011338,answer6,0.93580866,-14.560103,20.384867,0.0034803867,-0.020642674,0.3923553,28.623657,2.925372,21.919394,25.315979,31.510447,0.02490715,2.3098571,6.765011,17.393946,18.78621,897.32086,1372.4907,-22.559164,1794.6893,915.38727,-18.999437,2772.252,744.60126,-28.80813,0 days 00:00:45.821778445,0 days 00:00:45.846789783
0 days 00:00:00.720000,0 days 00:00:00.745011338,answer6,1.1105922,-12.89232,18.10766,0.0055820043,-0.02016333,0.39895144,27.552217,0.8604706,24.049065,25.07586,31.041845,0.02449019,1.4115949,6.402561,13.668644,16.771097,829.1116,1465.731,-20.111242,1743.2738,836.4131,-20.698746,2732.2136,861.6507,-28.526978,0 days 00:00:45.831778445,0 days 00:00:45.856789783
0 days 00:00:00.730000,0 days 00:00:00.755011338,answer6,1.2110561,-13.147738,17.797125,0.008203434,-0.023236403,0.41477188,26.573706,1.7431089,24.591997,23.703758,30.556963,0.01304539,1.007956,6.206942,8.662913,14.001896,878.27765,1457.3193,-21.897322,1743.2428,836.0805,-22.57705,2765.3652,866.7432,-27.484217,0 days 00:00:45.841778445,0 days 00:00:45.866789783
0 days 00:00:00.740000,0 days 00:00:00.765011338,answer6,1.2939506,-13.738152,19.410856,0.014991861,-0.027919525,0.41558114,25.847122,4.13814,25.54686,18.071547,30.230364,0.015715284,0.731467,6.4834843,3.8385818,11.840526,868.49945,1427.5287,-20.166609,1789.1945,794.38354,-23.889498,2796.991,907.57904,-26.576492,0 days 00:00:45.851778445,0 days 00:00:45.876789783
0 days 00:00:00.750000,0 days 00:00:00.775011338,answer6,1.3599745,-14.557424,20.564215,0.02057044,-0.032987755,0.34402716,24.820322,7.374195,25.462257,11.383573,30.035078,0.01820612,0.65679175,6.6693635,0.8553559,8.74867,867.6712,1215.0011,-18.45852,1838.2539,711.88403,-21.478025,2792.363,791.0029,-24.605255,0 days 00:00:45.861778445,0 days 00:00:45.886789783
0 days 00:00:00.760000,0 days 00:00:00.785011338,answer6,1.4525162,-14.173283,19.541033,0.01956963,-0.034875862,0.33440182,24.542862,8.639769,24.15462,7.9530087,29.860342,0.014359175,0.5619105,6.67597,-0.54741794,8.017243,685.9736,1250.254,-13.876259,1833.7816,541.8046,-23.549164,2793.134,715.9394,-24.315847,0 days 00:00:45.871778445,0 days 00:00:45.896789783
0 days 00:00:00.770000,0 days 00:00:00.795011338,answer6,1.5339817,-13.445625,17.814257,0.01940819,-0.032697454,0.33792353,24.64528,8.077046,24.460924,8.414622,29.689508,0.008563433,0.5302906,6.540673,-0.6353633,9.270078,635.6783,1277.8558,-12.983883,1796.984,500.50833,-24.110842,2763.2537,623.95447,-25.146719,0 days 00:00:45.881778445,0 days 00:00:45.906789783
0 days 00:00:00.780000,0 days 00:00:00.805011338,answer6,1.5343547,-14.81147,20.655828,0.021319523,-0.0314838,0.37901947,24.961853,10.017772,22.595154,8.794854,29.491209,0.008090891,0.49682155,6.557743,-0.35678196,11.482215,639.28076,1263.6165,-13.512208,1790.9459,543.702,-26.683638,2770.0881,588.465,-26.654581,0 days 00:00:45.891778445,0 days 00:00:45.916789783
0 days 00:00:00.790000,0 days 00:00:00.815011338,answer6,1.497043,-16.116251,22.887253,0.019129395,-0.03312373,0.36064243,24.962852,11.855838,21.748865,9.049236,29.27994,0.0069292723,0.35404143,6.4091434,-1.1562933,12.911445,727.0914,1198.5223,-15.6135025,1825.5433,596.74005,-24.090067,2769.877,546.36884,-27.888361,0 days 00:00:45.901778445,0 days 00:00:45.926789783
0 days 00:00:00.800000,0 days 00:00:00.825011338,answer6,1.4292359,-17.002954,24.182343,0.02653189,-0.034901816,0.36966595,25.144287,13.522578,22.130777,9.941343,28.996912,0.0082729375,0.18565953,6.2174377,-3.1088245,12.877322,658.0906,1244.3125,-14.398056,1825.9865,680.83685,-23.785688,2786.8064,819.6805,-28.001436,0 days 00:00:45.911778445,0 days 00:00:45.936789783
0 days 00:00:00.810000,0 days 00:00:00.835011338,answer6,1.3995603,-16.210175,21.365326,0.028720863,-0.03423632,0.36060992,24.761255,13.369286,24.012833,11.745826,28.687922,0.008144048,0.18518008,5.922344,-5.43479,13.161931,557.75934,1263.5137,-12.0638075,1808.6415,637.32404,-21.280413,2800.7637,1030.852,-28.35071,0 days 00:00:45.921778445,0 days 00:00:45.946789783
0 days 00:00:00.820000,0 days 00:00:00.845011338,answer6,1.3308754,-15.851459,19.553125,0.03821833,-0.030163787,0.38530007,24.80812,13.739202,25.015722,14.528216,28.38661,0.011824805,0.2920471,5.829525,-7.8061104,12.88324,551.5295,1327.2986,-12.413386,1788.332,615.3119,-19.052578,2806.1047,1087.9739,-28.322332,0 days 00:00:45.931778445,0 days 00:00:45.956789783
0 days 00:00:00.830000,0 days 00:00:00.855011338,answer6,1.2749766,-15.038518,17.394815,0.03541932,-0.024590073,0.381112,24.762634,13.161361,23.979439,17.417643,28.109423,0.014678831,0.81295794,5.7810054,-10.697769,11.910614,579.09796,1351.016,-17.11515,1769.5797,553.36084,-17.469336,2803.3877,857.15717,-28.751198,0 days 00:00:45.941778445,0 days 00:00:45.966789783
0 days 00:00:00.840000,0 days 00:00:00.865011338,answer6,1.1939441,-15.483551,17.206596,0.033980038,-0.021639274,0.34526154,25.514742,13.012546,21.510527,19.951963,27.888224,0.012461274,0.7961671,5.6916404,-13.855624,10.187247,579.26044,1417.2242,-16.53756,1762.5254,633.27075,-18.398361,2857.254,1047.6124,-29.608095,0 days 00:00:45.951778445,0 days 00:00:45.976789783
0 days 00:00:00.850000,0 days 00:00:00.875011338,answer6,1.1485124,-15.582287,18.138355,0.027359279,-0.019852923,0.28816286,25.95394,12.017137,20.765179,21.879148,27.683802,0.0106567005,0.730905,5.414921,-15.963031,9.33307,485.76566,1423.0693,-12.10162,1752.0924,621.2455,-19.377213,2908.1287,1112.7703,-31.20579,0 days 00:00:45.961778445,0 days 00:00:45.986789783
0 days 00:00:00.860000,0 days 00:00:00.885011338,answer6,1.0843319,-16.603563,19.409096,0.026836561,-0.015976876,0.24834633,26.421545,11.69249,20.284231,22.116896,27.507477,0.010266007,0.4568863,5.2632117,-15.130333,9.57792,458.85974,1426.1442,-6.8907547,1756.7982,634.75604,-24.4644,2913.9236,1160.3436,-31.599009,0 days 00:00:45.971778445,0 days 00:00:45.996789783
0 days 00:00:00.870000,0 days 00:00:00.895011338,answer6,1.009598,-16.49362,19.07777,0.031052085,-0.011561749,0.27474096,26.620285,10.331834,20.999388,23.625198,27.25947,0.013205133,0.51407486,5.1272826,-13.314812,10.33723,589.3469,1444.7963,-12.083402,1789.0732,624.4864,-23.19102,2939.9863,915.4053,-31.438162,0 days 00:00:45.981778445,0 days 00:00:46.006789783
0 days 00:00:00.880000,0 days 00:00:00.905011338,answer6,0.9056082,-16.001017,17.59178,0.02346707,-0.012081914,0.32302535,25.820374,9.942467,22.743738,22.349264,27.00759,0.012562685,0.84303313,5.2179713,-11.517377,10.875226,661.544,1446.891,-18.891727,1793.941,628.961,-22.760313,2879.2656,840.80646,-31.098501,0 days 00:00:45.991778445,0 days 00:00:46.016789783
0 days 00:00:00.890000,0 days 00:00:00.915011338,answer6,0.78788203,-15.487613,17.852875,0.02077772,-0.01312611,0.30577305,24.693956,9.3667,25.29029,22.830063,26.85071,0.008853226,1.0201923,5.001033,-10.292827,10.949832,768.0124,1661.7875,-24.858984,1784.0381,654.8379,-21.697897,2899.6494,965.3708,-31.374506,0 days 00:00:46.001778445,0 days 00:00:46.026789783
0 days 00:00:00.900000,0 days 00:00:00.925011338,answer6,0.6899473,-15.534144,18.816086,0.0067865853,-0.015837325,0.23885661,23.074083,9.915249,27.74872,20.945688,26.740637,0.0074703335,1.350865,4.547806,-7.157028,10.936913,687.90234,1904.8003,-26.505005,1751.4258,649.51044,-22.93572,2858.0598,1061.0553,-31.190203,0 days 00:00:46.011778445,0 days 00:00:46.036789783
0 days 00:00:00.910000,0 days 00:00:00.935011338,answer6,0.6016961,-16.047743,20.058825,0.0018397983,-0.017350009,0.20810764,21.104248,10.183454,29.425583,17.531507,26.72778,0.006818761,1.363292,4.212654,-5.136809,10.999446,776.13995,1942.9932,-84.396515,1753.5347,717.6387,-83.98721,2926.3928,1146.1115,-87.63382,0 days 00:00:46.021778445,0 days 00:00:46.046789783
0 days 00:00:00.920000,0 days 00:00:00.945011338,answer6,0.53138155,-14.903337,18.502855,-0.0015881583,-0.019565718,0.23726197,19.644674,9.413217,30.172174,12.5531845,0.0,0.0,0.0,0.0,0.0,0.0,643.52295,1698.7379,-142.75063,1714.7867,709.77814,-140.82588,2839.8425,1078.2266,-144.26385,0 days 00:00:46.031778445,0 days 00:00:46.056789783
0 days 00:00:00.930000,0 days 00:00:00.955011338,answer6,0.46987733,-12.237134,15.640084,0.00020762284,-0.019346861,0.23953795,18.549341,5.94848,26.595758,8.0868435,0.0,0.0,0.0,0.0,0.0,0.0,688.8696,1413.71,-201.0,1731.2223,784.59,-201.0,2763.2795,954.1702,-201.0,0 days 00:00:46.041778445,0 days 00:00:46.066789783
0 days 00:00:00.940000,0 days 00:00:00.965011338,answer6,0.43738306,-10.250705,12.987885,0.002890394,-0.01515424,0.19669634,19.020073,3.4120035,22.479246,10.496081,0.0,0.0,0.0,0.0,0.0,0.0,513.3864,1337.5157,-201.0,1672.3634,779.8389,-201.0,2633.7297,1076.784,-201.0,0 days 00:00:46.051778445,0 days 00:00:46.076789783
0 days 00:00:00.950000,0 days 00:00:00.975011338,answer6,0.4563578,-8.622932,11.527245,0.001959155,-0.008425494,0.13014632,18.695566,1.982519,14.337196,15.653895,0.0,0.0,0.0,0.0,0.0,0.0,532.12115,1278.329,-201.0,1676.2592,818.288,-201.0,2616.9268,1184.3253,-201.0,0 days 00:00:46.061778445,0 days 00:00:46.086789783
0 days 00:00:00.960000,0 days 00:00:00.985011338,answer6,0.4853063,-8.231931,10.932946,0.009388844,-0.005843627,0.108943135,17.69433,4.023817,10.613179,21.582487,0.0,0.0,0.0,0.0,0.0,0.0,437.52365,1267.405,-201.0,1613.409,769.62604,-201.0,2590.4338,1341.0725,-201.0,0 days 00:00:46.071778445,0 days 00:00:46.096789783
0 days 00:00:00.970000,0 days 00:00:01.000997732,answer6,0.5115203,-7.5629315,10.849293,0.020090299,-0.0050597307,0.10077403,16.303843,5.7550545,5.9445558,22.821932,0.0,0.0,0.0,0.0,0.0,0.0,946.96063,1352.74,-201.0,1897.8981,1184.0786,-201.0,2639.9365,1134.3684,-201.0,0 days 00:00:46.081778445,0 days 00:00:46.112776177
0 days 00:00:00,0 days 00:00:00.025011338,answer7,0.5766283,-2.5013738,12.806255,0.026979553,0.0012093363,0.06565563,14.063251,-0.46580315,2.76544,-2.0988543,0.0,0.0,0.0,0.0,0.0,0.0,964.43604,952.07245,-201.0,2021.4965,916.45526,-201.0,2929.214,1068.628,-201.0,0 days 00:00:52.686019353,0 days 00:00:52.711030691
0 days 00:00:00.010000,0 days 00:00:00.035011338,answer7,0.70712066,-1.9732956,9.988606,0.035903234,-0.004606039,0.12374353,11.210042,-2.7185714,5.1565485,-7.387357,0.0,0.0,0.0,0.0,0.0,0.0,1010.8572,1077.1874,-201.0,2041.1198,1091.918,-201.0,2857.711,1104.3999,-201.0,0 days 00:00:52.696019353,0 days 00:00:52.721030691
0 days 00:00:00.020000,0 days 00:00:00.045011338,answer7,0.8670525,-4.81327,12.1916685,0.051468153,-0.01241308,0.293184,12.756767,-2.66404,5.3017077,-15.123645,0.0,0.0,0.0,0.0,0.0,0.0,1037.393,1290.8574,-140.37837,2006.5029,1408.1855,-144.95276,2763.4648,1053.2114,-144.20209,0 days 00:00:52.706019353,0 days 00:00:52.731030691
0 days 00:00:00.030000,0 days 00:00:00.055011338,answer7,1.0670463,-9.689237,16.755209,0.072339706,-0.013782524,0.68546027,18.046753,-0.37932956,8.287534,-19.6186,36.702385,0.0,0.0,5.2092905,26.728144,28.785378,1047.1349,1366.2363,-79.36487,2051.2012,1313.3678,-84.87712,3012.7004,976.4831,-85.8346,0 days 00:00:52.716019353,0 days 00:00:52.741030691
0 days 00:00:00.040000,0 days 00:00:00.065011338,answer7,1.2548136,-16.16562,22.850046,0.082007766,-0.017758062,1.0084233,25.249893,2.4892194,10.972237,-21.727654,36.53921,0.0,3.2421458,6.5474334,28.02188,27.098463,772.09467,1570.999,-18.547308,1996.4213,1372.2867,-26.775574,2916.6348,1765.4503,-25.9495,0 days 00:00:52.726019353,0 days 00:00:52.751030691
0 days 00:00:00.050000,0 days 00:00:00.075011338,answer7,1.4048004,-18.442568,22.814865,0.07814609,-0.016545596,1.0368172,27.589128,2.9953315,18.400114,-22.435923,36.1899,0.018543033,2.4227939,8.858584,27.695723,24.314812,568.47876,1539.7465,0.0,1893.1344,1245.3429,-26.529982,2838.542,1722.161,-22.885008,0 days 00:00:52.736019353,0 days 00:00:52.761030691
0 days 00:00:00.060000,0 days 00:00:00.085011338,answer7,1.3999287,-18.074755,22.67228,0.07014784,-0.019145334,0.84228754,25.853775,5.195719,24.729063,-26.459105,36.008114,0.015890844,1.4559189,9.624551,22.8983,21.461645,512.038,1668.6733,-10.491823,1880.7153,1344.7534,-27.391205,2541.0554,2121.0183,-21.897766,0 days 00:00:52.746019353,0 days 00:00:52.771030691
0 days 00:00:00.070000,0 days 00:00:00.095011338,answer7,1.38661,-16.71064,21.54677,0.0696683,-0.018647512,0.5579324,24.16273,6.2500253,27.786264,-31.319788,35.88611,0.016828725,0.58985907,9.859191,18.274483,20.480574,726.9966,1467.3932,-14.303172,1917.068,1098.4105,-26.193995,2811.5642,1244.4738,-22.833817,0 days 00:00:52.756019353,0 days 00:00:52.781030691
0 days 00:00:00.080000,0 days 00:00:00.105011338,answer7,1.3922256,-15.884044,21.218315,0.07368907,-0.020545438,0.41174397,22.897467,6.3127594,29.210981,-33.36658,35.8262,0.0072199297,0.46762896,9.982108,16.079374,20.849052,826.2653,1427.2754,-19.76124,2073.6804,786.6413,-23.051573,3063.3967,1548.8853,-23.925394,0 days 00:00:52.766019353,0 days 00:00:52.791030691
0 days 00:00:00.090000,0 days 00:00:00.115011338,answer7,1.4209956,-16.144957,21.454208,0.072207145,-0.02340922,0.21819973,23.724695,5.0536733,27.65473,-33.696487,35.78801,0.0039590844,0.42937246,10.017352,14.439598,22.08875,864.6652,1268.8242,-19.455671,2079.3076,665.47296,-22.707079,3244.2627,1309.984,-25.003832,0 days 00:00:52.776019353,0 days 00:00:52.801030691
0 days 00:00:00.100000,0 days 00:00:00.125011338,answer7,1.4412433,-16.29174,21.610596,0.07417553,-0.027588835,0.19102621,24.942436,3.2666185,25.985483,-31.67498,35.74537,0.0022200178,0.4475256,10.106929,12.393059,24.06384,823.2647,1431.4121,-16.36709,2088.989,689.77313,-22.261246,3267.8743,1765.3597,-26.542406,0 days 00:00:52.786019353,0 days 00:00:52.811030691
0 days 00:00:00.110000,0 days 00:00:00.135011338,answer7,1.4559588,-16.390894,21.932451,0.07057667,-0.032347206,0.21000452,26.00443,2.425263,23.758406,-32.00815,35.721577,0.0019654336,0.35157418,10.126149,10.932752,24.28739,874.2234,1420.0157,-16.73735,2103.2134,712.48175,-21.983788,3391.4695,1791.5482,-26.442383,0 days 00:00:52.796019353,0 days 00:00:52.821030691
0 days 00:00:00.120000,0 days 00:00:00.145011338,answer7,1.4559618,-16.30281,21.822721,0.06968548,-0.035018403,0.17529763,26.024813,3.8690083,20.929861,-31.26284,35.718765,0.002150483,0.34950516,10.164177,10.2311945,22.974953,851.3628,1468.777,-16.650581,2106.2234,849.18195,-21.902529,3093.916,1969.649,-25.0785,0 days 00:00:52.806019353,0 days 00:00:52.831030691
0 days 00:00:00.130000,0 days 00:00:00.155011338,answer7,1.4582859,-16.082642,21.859411,0.060439747,-0.032796036,0.1483558,25.528399,5.883803,20.58863,-30.9245,35.746475,0.002384079,0.26064518,10.076153,10.31877,22.04093,877.4885,1320.4315,-19.230444,2103.3086,761.7573,-21.705652,3138.3418,1576.9667,-24.22915,0 days 00:00:52.816019353,0 days 00:00:52.841030691
0 days 00:00:00.140000,0 days 00:00:00.165011338,answer7,1.4510736,-16.325758,21.457193,0.06193446,-0.030571287,0.16621116,25.243647,7.5093384,20.645048,-30.229324,35.787518,0.0020497113,0.24744393,10.137143,10.721868,21.9349,852.8301,1391.3031,-20.500002,2122.4758,726.00714,-20.790327,3207.7761,1299.8721,-24.396425,0 days 00:00:52.826019353,0 days 00:00:52.851030691
0 days 00:00:00.150000,0 days 00:00:00.175011338,answer7,1.4297854,-16.49129,20.41891,0.063041426,-0.028515944,0.19395411,25.374207,7.2275014,22.858252,-28.313148,35.811516,0.0031099115,0.30241358,10.158989,10.799798,22.80352,875.1326,1360.4794,-22.081457,2115.7097,575.71954,-19.826029,3562.4734,1020.7874,-25.74161,0 days 00:00:52.836019353,0 days 00:00:52.861030691
0 days 00:00:00.160000,0 days 00:00:00.185011338,answer7,1.3929539,-16.77318,19.415287,0.06951355,-0.028238302,0.19630174,25.613493,6.339395,24.142756,-26.055952,35.78976,0.0023613423,0.2022679,10.25575,10.615952,22.87974,869.5659,1542.8187,-23.017265,2145.3337,539.2794,-19.72774,3654.5684,960.9504,-26.1632,0 days 00:00:52.846019353,0 days 00:00:52.871030691
0 days 00:00:00.170000,0 days 00:00:00.195011338,answer7,1.3458805,-17.15051,19.701761,0.06873096,-0.030337647,0.17402871,26.14949,6.3875184,23.815302,-23.55211,35.732285,0.0031569947,0.21802151,10.181069,10.775361,24.20636,870.3144,1429.2627,-22.9928,2123.812,537.3214,-20.065481,3432.0227,1169.8336,-27.22969,0 days 00:00:52.856019353,0 days 00:00:52.881030691
0 days 00:00:00.180000,0 days 00:00:00.205011338,answer7,1.3177572,-17.812248,20.0691,0.072652966,-0.027985075,0.18919303,27.187386,6.428674,21.420969,-20.905985,35.649837,0.0039229332,0.1146999,10.115149,11.369884,22.485998,827.5051,1453.649,-19.522377,2050.518,698.36945,-23.014414,3116.222,1163.7207,-24.63304,0 days 00:00:52.866019353,0 days 00:00:52.891030691
0 days 00:00:00.190000,0 days 00:00:00.215011338,answer7,1.302472,-17.992031,19.514128,0.07225373,-0.028526494,0.23724215,29.10275,5.902292,19.309196,-17.48795,35.56239,0.004952462,0.20601821,9.890513,12.320586,25.193008,845.8823,1313.2252,-19.343842,2032.1914,698.8543,-21.785921,3102.3115,1073.8348,-26.411842,0 days 00:00:52.876019353,0 days 00:00:52.901030691
0 days 00:00:00.200000,0 days 00:00:00.225011338,answer7,1.2791628,-17.729828,17.922861,0.07855332,-0.027020678,0.23448753,31.294119,4.292093,17.442743,-11.015809,35.43572,0.0053008646,0.2198867,9.486771,13.097382,22.217741,702.97174,1533.7129,-12.245801,1665.0358,1363.6844,-23.265406,2767.0137,701.39484,-22.999258,0 days 00:00:52.886019353,0 days 00:00:52.911030691
0 days 00:00:00.210000,0 days 00:00:00.235011338,answer7,1.1944677,-17.39296,17.36062,0.07644292,-0.02639511,0.32380334,32.65115,3.8502991,19.445845,-6.146829,35.233242,0.003436996,0.32327047,9.227664,13.462298,27.86767,653.346,1629.091,-12.968921,1687.995,1250.3844,-21.059546,2922.3328,962.0965,-29.007391,0 days 00:00:52.896019353,0 days 00:00:52.921030691
0 days 00:00:00.220000,0 days 00:00:00.245011338,answer7,1.0078558,-18.865816,20.118124,0.069113486,-0.026336005,0.40476117,33.519325,5.8979263,21.66919,-2.4694035,34.92615,0.004854457,0.60316455,8.763962,11.219447,26.36325,486.52893,1585.444,-7.877374,1552.0123,1702.7135,-28.891756,2410.8213,1001.02704,-29.779486,0 days 00:00:52.906019353,0 days 00:00:52.931030691
0 days 00:00:00.230000,0 days 00:00:00.255011337,answer7,0.79368764,-21.122828,23.932978,0.05267324,-0.027488714,0.49023923,33.018433,10.576459,25.217527,-2.0650113,34.550556,0.006487695,0.9166482,8.723446,7.321878,27.313456,592.16754,1404.1592,-12.14972,1884.1318,1062.5968,-31.51008,2690.9565,1245.127,-34.28564,0 days 00:00:52.916019353,0 days 00:00:52.941030690
0 days 00:00:00.240000,0 days 00:00:00.265011338,answer7,0.6088185,-23.642542,28.341791,0.0365705,-0.030251777,0.4084579,32.28123,15.029508,24.070587,-2.1058738,34.461094,0.0121323215,1.2105747,8.192143,5.4175754,25.152756,664.27374,1325.4325,-16.633062,1895.6764,1140.5524,-35.66983,2632.3176,895.6121,-33.467503,0 days 00:00:52.926019353,0 days 00:00:52.951030691
0 days 00:00:00.250000,0 days 00:00:00.275011338,answer7,0.55172324,-24.055174,30.246765,0.032714725,-0.032752324,0.31805322,31.701204,17.038244,21.758385,-2.6238177,34.924305,0.015043505,1.2709792,7.777003,8.991839,24.082743,760.2757,1408.7357,-20.067606,2094.8435,827.3184,-30.464462,2736.9958,1319.8824,-30.11344,0 days 00:00:52.936019353,0 days 00:00:52.961030691
0 days 00:00:00.260000,0 days 00:00:00.285011338,answer7,0.64814234,-22.502699,28.67029,0.04569572,-0.03317102,0.4408259,31.794199,13.933671,17.809155,-3.094637,35.898415,0.018179765,1.3468393,7.595035,19.25727,28.017065,813.11084,1442.8291,-23.136406,2151.2256,868.62573,-26.182922,2878.7546,1332.5785,-28.98113,0 days 00:00:52.946019353,0 days 00:00:52.971030691
0 days 00:00:00.270000,0 days 00:00:00.295011338,answer7,0.93813497,-20.324759,25.43255,0.062263656,-0.028069427,0.8488386,32.372314,7.592016,15.839152,-0.9925461,36.809673,0.018179765,1.3468393,8.29815,26.682745,29.413504,677.9705,1531.5812,-11.178384,2139.4822,784.6421,-20.153238,3114.132,1512.4355,-26.02146,0 days 00:00:52.956019353,0 days 00:00:52.981030691
0 days 00:00:00.280000,0 days 00:00:00.305011338,answer7,1.343461,-18.80162,21.815346,0.07973084,-0.024663677,1.39004,32.700996,-0.073790394,15.7256975,-3.6340075,37.41818,0.042662475,1.5345116,9.319385,30.321815,28.823763,694.07355,1485.536,-11.519905,2068.2437,769.4673,-16.265945,3187.4336,1273.2941,-22.134169,0 days 00:00:52.966019353,0 days 00:00:52.991030691
0 days 00:00:00.290000,0 days 00:00:00.315011338,answer7,1.7201372,-18.893213,21.09012,0.08313721,-0.024399718,1.614309,32.789795,-4.916521,15.4520235,-8.641929,37.765175,0.038149793,1.6657959,10.080691,27.949606,32.549557,737.2829,1451.6908,-10.66853,2029.4668,734.1314,-15.11636,3261.1904,1154.62,-24.22866,0 days 00:00:52.976019353,0 days 00:00:53.001030691
0 days 00:00:00.300000,0 days 00:00:00.325011338,answer7,1.9326854,-19.800169,21.934183,0.07993052,-0.031377576,1.5382096,32.5647,-4.64173,14.635376,-16.81944,38.128098,0.035448626,1.2977372,10.521295,26.07298,31.235788,704.68634,1489.5687,-19.518044,1758.1991,1193.0306,-18.195168,2793.3718,980.59033,-23.636728,0 days 00:00:52.986019353,0 days 00:00:53.011030691
0 days 00:00:00.310000,0 days 00:00:00.335011338,answer7,1.9882145,-21.05902,24.036749,0.06968362,-0.03819457,1.4330028,31.82448,-1.2477113,14.286819,-21.945854,38.486523,0.0076273675,0.77862024,10.847218,25.231085,32.75031,543.87103,1560.4376,0.0,1601.709,1518.4438,-24.324728,2638.3542,903.50684,-27.404572,0 days 00:00:52.996019353,0 days 00:00:53.021030691
0 days 00:00:00.320000,0 days 00:00:00.345011338,answer7,1.9857345,-21.697609,25.192614,0.059930444,-0.042229142,1.2137316,30.838469,2.280975,15.618228,-25.06494,38.862457,0.009315255,0.27110347,10.821545,23.379562,26.988317,423.82095,1645.9224,0.0,1628.5488,1539.4279,-26.034225,2763.3877,1083.7383,-24.50086,0 days 00:00:53.006019353,0 days 00:00:53.031030691
0 days 00:00:00.330000,0 days 00:00:00.355011338,answer7,1.9701687,-20.53752,23.593008,0.056460667,-0.04340564,1.385107,30.2519,2.4157522,16.05854,-27.198385,39.216476,0.0073772036,0.29248425,11.016067,20.579582,26.134668,547.3818,1546.9056,-7.789404,1943.1901,1060.6929,-23.748102,3233.6182,1458.3135,-25.159243,0 days 00:00:53.016019353,0 days 00:00:53.041030691
0 days 00:00:00.340000,0 days 00:00:00.365011338,answer7,1.9588171,-18.80513,20.40588,0.053209525,-0.042385012,1.0832171,29.74663,1.2632211,12.85492,-28.169565,39.512226,0.0091467,0.46578708,11.382352,16.541224,24.925165,749.0718,1409.859,-9.565158,2143.049,588.9897,-18.472063,3696.114,1333.4341,-24.7072,0 days 00:00:53.026019353,0 days 00:00:53.051030691
0 days 00:00:00.350000,0 days 00:00:00.375011338,answer7,1.976545,-16.802591,17.081667,0.04799959,-0.041438438,0.970818,28.816526,-0.25309527,9.711666,-30.549582,39.68584,0.0079083005,0.544202,11.81057,13.792504,23.412588,815.6805,1375.7509,-13.466972,2136.874,531.3491,-16.311712,3584.029,1117.8573,-23.087057,0 days 00:00:53.036019353,0 days 00:00:53.061030691
0 days 00:00:00.360000,0 days 00:00:00.385011338,answer7,2.0338113,-15.980065,15.731263,0.046932828,-0.041290775,0.45261168,27.485373,-1.6223837,8.04679,-34.37916,39.74193,0.008078293,0.56939167,12.014557,12.044159,20.61375,850.4621,1355.493,-11.916842,2111.1636,753.16144,-18.721384,3258.4705,865.1163,-20.486435,0 days 00:00:53.046019353,0 days 00:00:53.071030691
0 days 00:00:00.370000,0 days 00:00:00.395011338,answer7,2.0805476,-15.746025,16.369188,0.044301618,-0.041659873,0.38103747,26.573524,-2.7103722,8.804821,-37.896328,39.702877,0.004191989,0.45677206,11.979286,11.162982,19.546162,838.33185,1393.066,-11.0791445,2102.3894,1474.1943,-20.159555,2819.8264,831.75433,-19.462324,0 days 00:00:53.056019353,0 days 00:00:53.081030691
0 days 00:00:00.380000,0 days 00:00:00.405011338,answer7,2.0740392,-16.38167,18.098331,0.049054343,-0.040071573,0.39435983,26.80111,-2.77543,8.060761,-38.390953,39.61044,0.0035836175,0.38981092,12.173652,11.230062,19.767517,705.3382,1625.1266,-10.7707,1810.2135,1955.4618,-21.572739,2420.1487,822.0137,-19.384535,0 days 00:00:53.066019353,0 days 00:00:53.091030691
0 days 00:00:00.390000,0 days 00:00:00.415011338,answer7,2.0316226,-17.171598,19.929033,0.052991956,-0.039693877,0.42909542,27.25553,-1.766921,6.3788047,-37.303406,39.479805,0.0033815876,0.3183764,12.063178,12.810684,21.926355,468.38998,1907.1431,0.0,1464.5062,2021.5245,-19.675867,2302.3782,793.75165,-20.902342,0 days 00:00:53.076019353,0 days 00:00:53.101030691
0 days 00:00:00.400000,0 days 00:00:00.425011338,answer7,2.000715,-18.24063,21.51758,0.05810139,-0.039136294,0.50408214,27.36698,0.08909154,3.5795717,-36.463413,39.341854,0.003155523,0.26334354,12.016347,16.110222,23.712103,311.0016,1914.6088,0.0,1124.028,1500.5267,-19.882597,2264.0715,828.40533,-22.129732,0 days 00:00:53.086019353,0 days 00:00:53.111030691
0 days 00:00:00.410000,0 days 00:00:00.435011338,answer7,1.9767727,-19.211935,23.096624,0.060547125,-0.040911075,0.5014443,27.065903,3.0352995,3.6282113,-35.696033,39.18419,0.0027178135,0.27636328,11.781982,19.001154,26.203247,303.3975,1655.0387,0.0,1112.9674,1286.8085,-21.110678,2226.1575,773.9704,-24.443201,0 days 00:00:53.096019353,0 days 00:00:53.121030691
0 days 00:00:00.420000,0 days 00:00:00.445011338,answer7,1.9607196,-20.3988,24.554276,0.05582023,-0.041639697,0.5870802,26.691643,6.220404,4.786431,-35.682606,39.00049,0.0022680347,0.2764111,11.638096,20.876589,28.12922,449.00293,1490.0283,0.0,1381.7915,1805.85,-24.572172,2261.8215,803.9782,-26.502472,0 days 00:00:53.106019353,0 days 00:00:53.131030691
0 days 00:00:00.430000,0 days 00:00:00.455011338,answer7,1.9328636,-20.768015,25.810354,0.050391853,-0.04209574,0.6219546,26.888891,7.754875,8.689733,-32.922806,38.756535,0.0036086785,0.19044815,11.561398,19.832315,29.73848,489.96555,1607.4337,1.1540616,1660.2225,1764.041,-27.524057,2746.0916,924.3369,-28.381584,0 days 00:00:53.116019353,0 days 00:00:53.141030691
0 days 00:00:00.440000,0 days 00:00:00.465011338,answer7,1.9301091,-20.928183,25.530731,0.04691297,-0.04177934,0.70454335,27.6025,7.3453693,10.466304,-31.900955,38.49168,0.004694908,0.11988037,11.313165,18.113728,28.453094,442.33054,1957.8724,1.1540616,1525.1494,1958.2788,-24.073606,2717.9592,884.49506,-26.551256,0 days 00:00:53.126019353,0 days 00:00:53.151030691
0 days 00:00:00.450000,0 days 00:00:00.475011338,answer7,1.9727904,-21.128532,25.084303,0.0528836,-0.04057391,0.83959657,28.989212,6.605407,10.142364,-30.690857,38.20337,0.0059761195,0.19171269,10.869061,16.14591,27.192247,392.1632,1980.9581,0.0,1299.8483,1632.5106,-21.076601,2666.2249,824.9258,-24.169687,0 days 00:00:53.136019353,0 days 00:00:53.161030691
0 days 00:00:00.460000,0 days 00:00:00.485011338,answer7,2.0135334,-21.408142,23.875204,0.06510654,-0.037130933,0.9301567,29.706533,5.948213,8.009862,-31.167145,37.880116,0.005632166,0.2533483,10.381287,15.324086,25.097977,507.93295,1890.9279,0.0,1401.2535,1576.434,-18.053854,2341.1875,1360.8679,-21.199057,0 days 00:00:53.146019353,0 days 00:00:53.171030691
0 days 00:00:00.470000,0 days 00:00:00.495011338,answer7,1.9607567,-21.112486,23.698172,0.07328021,-0.034916602,1.1368207,29.5953,5.3710933,7.031114,-28.70341,37.49423,0.00760608,0.46751165,10.182319,15.00468,26.214758,551.3651,1542.0693,-4.2015676,1768.3397,2118.8276,-24.392622,2275.9756,1398.7235,-22.446253,0 days 00:00:53.156019353,0 days 00:00:53.181030691
0 days 00:00:00.480000,0 days 00:00:00.505011338,answer7,1.814992,-20.380682,24.000437,0.078267835,-0.030616568,1.1378622,28.14936,5.039261,7.9792175,-27.216898,37.065464,0.008600212,0.59794545,10.105588,14.695838,24.828337,674.1489,1384.7812,-6.1775107,2055.5676,1756.1517,-24.112513,2413.9631,1497.7274,-21.239403,0 days 00:00:53.166019353,0 days 00:00:53.191030691
0 days 00:00:00.490000,0 days 00:00:00.515011338,answer7,1.6755024,-18.337957,21.998856,0.08057529,-0.02933584,1.0400239,26.879845,3.1611233,10.511556,-24.58607,36.65597,0.010624158,0.6436805,9.4854,13.179494,21.818274,679.67676,1475.5612,-8.964433,2027.484,1707.756,-21.947876,2534.155,2354.6797,-19.074766,0 days 00:00:53.176019353,0 days 00:00:53.201030691
0 days 00:00:00.500000,0 days 00:00:00.525011338,answer7,1.644,-16.049715,18.90715,0.0773846,-0.028558323,0.78042793,25.637228,1.670777,12.597524,-23.622038,36.196384,0.010385755,0.56002504,8.284019,10.35044,18.949324,802.86334,1510.0431,-12.82273,2029.1986,960.39136,-19.138094,2717.2195,2409.0457,-17.963774,0 days 00:00:53.186019353,0 days 00:00:53.211030691
0 days 00:00:00.510000,0 days 00:00:00.535011338,answer7,1.6513486,-13.877319,17.13951,0.071530156,-0.029811436,0.77660185,24.93968,0.24373567,14.130551,-20.482931,35.697952,0.0082483,0.42289555,6.999887,6.884121,18.690195,902.6683,1612.3976,-15.667844,2075.615,928.79614,-18.05469,3106.4836,2493.721,-19.63819,0 days 00:00:53.196019353,0 days 00:00:53.221030691
0 days 00:00:00.520000,0 days 00:00:00.545011338,answer7,1.8458352,-11.980305,15.764773,0.069727406,-0.025133384,0.790194,22.275827,-0.01569716,12.121606,-17.035933,35.11969,0.013079502,0.5136381,5.8453984,3.9963226,17.704834,872.91064,1649.4774,-13.857711,2043.5814,994.27905,-16.843767,2963.7195,1668.9337,-18.427267,0 days 00:00:53.206019353,0 days 00:00:53.231030691
0 days 00:00:00.530000,0 days 00:00:00.555011338,answer7,2.0361524,-11.063969,14.97089,0.07570486,-0.022971837,0.97311735,20.597776,0.48717213,11.54737,-15.85876,34.43661,0.015433709,0.5812165,5.0429654,1.3052574,16.047419,746.4492,1667.604,-9.944604,1979.3121,1260.8427,-17.575743,2805.2969,1716.733,-14.957085,0 days 00:00:53.216019353,0 days 00:00:53.241030691
0 days 00:00:00.540000,0 days 00:00:00.565011338,answer7,2.2492316,-10.062951,13.926827,0.07425248,-0.025053047,1.1367263,18.002052,1.1474909,12.242887,-18.67618,33.641026,0.02971313,0.8811224,4.453605,-0.74720144,16.963457,722.39136,1637.5265,-8.091867,1973.1481,1239.0957,-15.4734955,2778.113,1980.8983,-13.739285,0 days 00:00:53.226019353,0 days 00:00:53.251030691
0 days 00:00:00.550000,0 days 00:00:00.575011338,answer7,2.1715076,-11.056409,15.311279,0.06686742,-0.032729942,1.2751045,20.510595,1.8159958,13.678966,-19.702213,32.80008,0.039070558,0.71830064,4.870395,-2.7937164,22.854479,648.14386,1738.5433,-0.6567977,1953.8075,1150.023,-17.351095,3195.2922,1502.9613,-19.002815,0 days 00:00:53.236019353,0 days 00:00:53.261030691
0 days 00:00:00.560000,0 days 00:00:00.585011338,answer7,1.99023,-13.132453,19.311495,0.06035502,-0.036743816,1.3008568,23.483263,3.343876,12.05853,-18.713133,32.114597,0.04040234,0.5506707,5.524861,-4.573208,23.604101,601.7886,1824.0386,-2.5704885,1802.6085,1116.6154,-13.673579,3212.0134,1437.1466,-19.746048,0 days 00:00:53.246019353,0 days 00:00:53.271030691
0 days 00:00:00.570000,0 days 00:00:00.595011338,answer7,1.8509264,-15.752838,21.96202,0.06660375,-0.039689913,1.1276537,26.607122,4.68631,11.639343,-17.067358,31.584333,0.035450503,0.17620349,5.9723873,-6.7147307,21.571554,521.67725,1846.2172,0.0,1731.0961,1271.8641,-15.29953,2823.5977,1085.0996,-18.368301,0 days 00:00:53.256019353,0 days 00:00:53.281030691
0 days 00:00:00.580000,0 days 00:00:00.605011338,answer7,1.7821773,-17.545511,24.195015,0.07329055,-0.04163556,1.1185852,27.235428,5.961351,12.637248,-18.804945,31.328735,0.02107621,0.23860073,5.614535,-8.417418,17.201925,505.26053,1587.1752,3.1806908,1660.924,1415.4506,-15.624908,2411.7327,950.948,-14.34079,0 days 00:00:53.266019353,0 days 00:00:53.291030691
0 days 00:00:00.590000,0 days 00:00:00.615011338,answer7,1.7506787,-18.013237,23.60848,0.08271495,-0.042989224,0.96828777,28.052505,4.563552,15.359828,-18.852987,31.338434,0.020834303,0.5615006,3.9128354,-9.101047,18.436714,573.8099,1491.52,6.1029677,1899.4639,970.03876,-15.049705,2752.3577,1307.0045,-15.710168,0 days 00:00:53.276019353,0 days 00:00:53.301030691
0 days 00:00:00.600000,0 days 00:00:00.625011338,answer7,1.647901,-16.759787,21.276634,0.084281586,-0.039949823,1.100437,28.615183,1.0947598,14.646267,-13.774611,32.283348,0.017646415,0.8948304,0.21578789,-6.1451306,16.957228,455.08255,1369.2451,7.451816,1728.7262,902.6985,-12.9839525,2664.722,1281.1748,-15.682918,0 days 00:00:53.286019353,0 days 00:00:53.311030691
0 days 00:00:00.610000,0 days 00:00:00.635011338,answer7,1.6997033,-13.973961,17.750103,0.08071809,-0.03340949,1.1500072,29.823614,-3.1731815,10.780417,-8.256458,33.07535,0.0216494,1.139929,-0.5579898,-0.42093053,18.165016,439.203,1393.0275,3.676239,1601.9359,1101.7838,-8.6086855,2571.5596,1304.7675,-17.54262,0 days 00:00:53.296019353,0 days 00:00:53.321030691
0 days 00:00:00.620000,0 days 00:00:00.645011338,answer7,2.1300137,-9.883434,17.115862,0.08469039,-0.02004022,1.6933767,30.449133,-9.22049,0.19795513,-1.1484791,33.677017,0.0216494,1.139929,1.2726588,5.9590707,16.913912,436.18423,1422.3246,0.26343942,1413.4164,1338.8188,-4.6786194,2377.1453,947.4444,-16.650473,0 days 00:00:53.306019353,0 days 00:00:53.331030691
0 days 00:00:00.630000,0 days 00:00:00.655011338,answer7,2.9235814,-6.2459636,17.189253,0.07912049,-0.010940616,1.9719931,31.735132,-14.55891,-10.704754,6.1269593,33.442745,0.057165235,1.5845474,5.7232037,8.112457,16.996979,582.35284,1473.1185,2.2089338,1511.7167,1344.2214,-1.9714514,2514.2556,828.92633,-15.839295,0 days 00:00:53.316019353,0 days 00:00:53.341030691
0 days 00:00:00.640000,0 days 00:00:00.665011338,answer7,3.747098,-3.5432165,17.577028,0.08354815,-0.0057511567,2.049658,32.293644,-20.748571,-18.323914,13.455807,33.33662,0.053358052,1.8141793,7.49725,6.6969724,10.104017,508.2806,1836.4528,2.9531312,1331.2124,1467.9131,1.448853,2347.1272,876.1684,-8.566624,0 days 00:00:53.326019353,0 days 00:00:53.351030691
0 days 00:00:00.650000,0 days 00:00:00.675011338,answer7,4.3212237,-2.4621093,15.696678,0.07198001,-0.010765184,1.7027401,32.04936,-24.559114,-20.222551,17.84414,33.301918,0.047439393,1.7115005,7.7543635,4.197458,4.0578227,496.1619,1827.6722,0.0,1291.5428,1567.6611,1.2779284,2154.6687,1053.4532,-2.1879456,0 days 00:00:53.336019353,0 days 00:00:53.361030691
0 days 00:00:00.660000,0 days 00:00:00.685011338,answer7,4.5334506,-2.177138,13.894142,0.07172667,-0.014189816,1.3918829,31.523758,-26.808945,-18.393621,18.384361,33.26344,0.006274087,1.0377833,7.400987,2.986084,2.0264132,490.03735,1921.6196,3.8533401,1303.7157,1561.0399,1.6638812,2181.3262,1090.2396,0.32373032,0 days 00:00:53.346019353,0 days 00:00:53.371030691
0 days 00:00:00.670000,0 days 00:00:00.695011338,answer7,4.507716,-2.6015065,10.722777,0.068306416,-0.020419857,1.5958996,29.856384,-25.257828,-12.322368,15.82061,33.169743,0.0032775763,0.5206048,6.9671454,2.7844517,4.396506,556.2285,1516.4137,3.8861916,1537.8805,1192.0939,-2.510153,2456.0762,993.0406,-1.3489541,0 days 00:00:53.356019353,0 days 00:00:53.381030691
0 days 00:00:00.680000,0 days 00:00:00.705011338,answer7,4.218286,-3.2203991,8.066598,0.06312557,-0.024570504,1.7302662,28.064241,-21.45521,-4.6080537,13.026149,33.015545,0.0036164492,0.5309771,6.625623,2.728428,8.010014,610.8638,1562.0908,4.306532,1688.376,950.75165,-5.4041095,2710.2952,816.66864,-3.7715027,0 days 00:00:53.366019353,0 days 00:00:53.391030691
0 days 00:00:00.690000,0 days 00:00:00.715011338,answer7,3.7844265,-5.0082464,7.316007,0.061246336,-0.029037138,1.9396483,27.586878,-15.435788,2.005448,9.202874,32.793915,0.0035488394,0.75594854,6.604161,2.940572,10.599277,615.74945,1484.8834,0.81522226,1722.317,836.65015,-11.096833,2697.705,851.18976,-4.7917466,0 days 00:00:53.376019353,0 days 00:00:53.401030691
0 days 00:00:00.700000,0 days 00:00:00.725011338,answer7,3.2804184,-8.249026,10.554592,0.0571592,-0.030344814,1.758185,27.604767,-8.393977,6.2232804,7.0294,32.49758,0.00631454,0.8443372,6.7310586,3.5337274,15.447055,616.93854,1564.0731,1.8862009,1694.6338,1001.5638,-16.991354,2590.7317,919.04364,-8.568545,0 days 00:00:53.386019353,0 days 00:00:53.411030691
0 days 00:00:00.710000,0 days 00:00:00.735011338,answer7,2.8031864,-12.776154,15.262863,0.06257521,-0.030178824,1.5501903,28.766546,-0.8936019,11.154071,0.11843109,32.191082,0.007979064,0.5886339,7.082302,4.5370593,22.70255,721.48676,1542.0083,-7.355297,1815.2548,914.8836,-18.937988,2899.7424,1266.5441,-15.8053255,0 days 00:00:53.396019353,0 days 00:00:53.421030691
0 days 00:00:00.720000,0 days 00:00:00.745011338,answer7,2.4229393,-16.467619,19.481955,0.06315047,-0.030264273,1.1822993,29.634119,4.425412,18.756302,-7.0747337,31.912756,0.010575834,0.4395735,7.30299,5.392437,27.29194,754.509,1515.2758,-14.02856,1897.9629,872.94415,-20.884703,3141.6406,1438.0875,-21.227003,0 days 00:00:53.406019353,0 days 00:00:53.431030691
0 days 00:00:00.730000,0 days 00:00:00.755011338,answer7,2.1520977,-18.222982,22.422005,0.06294619,-0.031683277,0.9809242,30.561127,7.1479187,27.577728,-15.578374,31.67998,0.0095032705,0.52090365,7.374062,5.969808,27.794085,869.5791,1541.3954,-25.651072,2079.9812,612.8031,-20.146975,3422.4167,1553.9302,-22.920374,0 days 00:00:53.416019353,0 days 00:00:53.441030691
0 days 00:00:00.740000,0 days 00:00:00.765011338,answer7,1.9755064,-17.68386,22.292923,0.05865079,-0.03612287,0.8783912,30.394567,7.2849584,35.54752,-18.410448,31.408981,0.007850562,0.86950874,7.3439565,6.504303,24.399887,831.9615,1453.2103,-27.781843,2031.2139,587.81976,-22.925888,3130.0762,1283.687,-20.254793,0 days 00:00:53.426019353,0 days 00:00:53.451030691
0 days 00:00:00.750000,0 days 00:00:00.775011338,answer7,1.7755982,-17.31864,21.418055,0.057340324,-0.033157308,0.82827,29.428694,8.642345,39.125816,-15.65912,31.167395,0.007184293,0.9104907,7.333086,7.1945176,26.143816,1005.5254,1564.9369,-30.882513,2075.5012,668.2559,-20.85713,3259.6848,1246.4122,-21.711082,0 days 00:00:53.436019353,0 days 00:00:53.461030691
0 days 00:00:00.760000,0 days 00:00:00.785011338,answer7,1.5731153,-17.957788,20.650991,0.05857077,-0.035167377,0.587284,28.692774,12.73697,40.226772,-12.953212,31.00757,0.00953666,0.9488075,7.2820244,7.897476,31.032547,1142.2944,1526.8297,-32.959797,2107.3552,701.68506,-19.462885,3437.8616,964.96454,-25.67309,0 days 00:00:53.446019353,0 days 00:00:53.471030691
0 days 00:00:00.770000,0 days 00:00:00.795011338,answer7,1.3719735,-19.571756,21.968744,0.061558563,-0.029896373,0.39785293,28.674185,16.701292,40.69206,-9.218823,30.995451,0.0098278355,0.70939845,7.427463,8.733941,32.372334,1145.744,1470.5355,-30.429834,2138.9502,708.032,-21.52099,3462.0735,833.6997,-26.165525,0 days 00:00:53.456019353,0 days 00:00:53.481030691
0 days 00:00:00.780000,0 days 00:00:00.805011338,answer7,1.2189794,-21.168852,23.830671,0.05895677,-0.031995807,0.36216512,29.436766,18.775461,38.018505,-8.887618,31.06246,0.00784287,0.61390185,7.552389,10.229857,30.664719,774.7132,1376.973,-16.49174,1898.9629,873.96576,-27.357676,2948.5657,664.25006,-23.970797,0 days 00:00:53.466019353,0 days 00:00:53.491030691
0 days 00:00:00.790000,0 days 00:00:00.815011338,answer7,1.0750972,-22.84453,26.373764,0.051931527,-0.029455656,0.37820223,29.55047,19.96488,33.21171,-4.2998385,31.21137,0.004728878,0.6136237,7.7028656,13.207095,32.511784,777.2539,1294.8984,-17.75556,1953.0215,931.5136,-30.057333,2946.8474,745.6508,-25.516748,0 days 00:00:53.476019353,0 days 00:00:53.501030691
0 days 00:00:00.800000,0 days 00:00:00.825011338,answer7,0.9337434,-25.015734,29.599234,0.041349035,-0.030231573,0.38650975,29.918356,21.066,28.914999,-0.28239217,31.36516,0.004765191,0.8993616,7.564196,16.888906,36.282963,741.8294,1423.792,-20.476648,1866.5083,1096.7539,-29.440092,2886.7048,818.59106,-29.168627,0 days 00:00:53.486019353,0 days 00:00:53.511030691
0 days 00:00:00.810000,0 days 00:00:00.835011338,answer7,0.79649925,-27.265238,34.379086,0.0327705,-0.028852219,0.33941463,30.405457,23.364328,27.106726,2.8808353,31.48968,0.006815877,0.8308983,7.073303,19.558594,39.75134,679.11664,1553.7194,-34.224304,1872.1559,1142.7524,-30.116941,2921.6194,975.851,-33.38618,0 days 00:00:53.496019353,0 days 00:00:53.521030691
0 days 00:00:00.820000,0 days 00:00:00.845011338,answer7,0.6734902,-27.855677,35.404694,0.034595042,-0.026408987,0.41402388,31.475481,23.378296,25.912256,1.1371374,31.64074,0.0073535037,0.8807993,6.1096535,21.165909,37.749447,651.4465,1867.7472,0.0,1806.707,1315.6664,-32.358017,2911.4424,1163.9847,-34.006622,0 days 00:00:53.506019353,0 days 00:00:53.531030691
0 days 00:00:00.830000,0 days 00:00:00.855011338,answer7,0.550168,-26.748962,35.27042,0.028042397,-0.025224516,0.49520716,30.612427,23.729279,22.227272,-0.9552472,31.980246,0.011837705,1.1822511,5.153402,18.899572,33.82748,708.40796,1777.9092,-22.215487,1860.6329,1367.4584,-35.093895,2904.1072,1146.4521,-33.902584,0 days 00:00:53.516019353,0 days 00:00:53.541030691
0 days 00:00:00.840000,0 days 00:00:00.865011338,answer7,0.45893598,-24.404854,31.153595,0.033675287,-0.0262381,0.4236568,29.680656,22.403502,17.824316,-2.3970451,32.29375,0.012318176,2.1756127,4.398014,15.919701,30.81929,770.1135,1837.8507,-15.8994875,1737.0822,1494.9048,-31.433462,2887.0332,986.4246,-33.573933,0 days 00:00:53.526019353,0 days 00:00:53.551030691
0 days 00:00:00.850000,0 days 00:00:00.875011338,answer7,0.4034752,-22.944788,29.90532,0.030682294,-0.026428124,0.2596507,27.934866,22.616365,15.345464,-1.6595896,32.562252,0.018854244,2.2557664,4.780287,13.711517,30.598215,752.9717,1686.7867,-16.67301,1751.9196,1278.85,-31.869658,2891.7532,716.52997,-33.168842,0 days 00:00:53.536019353,0 days 00:00:53.561030691
0 days 00:00:00.860000,0 days 00:00:00.885011338,answer7,0.38998404,-23.022774,29.038996,0.032785404,-0.026951486,0.10782745,27.814316,22.866896,15.415824,-2.1978116,32.48428,0.021213418,1.8099016,5.1202497,12.969613,31.404135,636.8708,1712.7118,-13.946696,1732.9316,1231.9843,-31.39277,2904.4736,879.48975,-32.90359,0 days 00:00:53.546019353,0 days 00:00:53.571030691
0 days 00:00:00.870000,0 days 00:00:00.895011338,answer7,0.37937593,-23.24244,29.617968,0.031476807,-0.02789624,0.09813503,27.659025,23.026937,16.57948,-1.6386671,32.470478,0.02315668,0.9967583,5.3197894,14.058869,29.281609,650.58124,1589.477,-14.007363,1886.6022,1250.1849,-33.900524,2933.5652,986.51666,-30.841734,0 days 00:00:53.556019353,0 days 00:00:53.581030691
0 days 00:00:00.880000,0 days 00:00:00.905011338,answer7,0.36313686,-22.263693,28.627344,0.024129294,-0.027619338,0.10526731,26.27553,22.078989,20.233793,-1.3426431,32.3755,0.022108052,0.8497745,5.0732603,13.238388,25.62381,497.308,1600.623,-72.36516,1860.0332,1418.4692,-89.65631,2526.7556,1209.2076,-85.62922,0 days 00:00:53.566019353,0 days 00:00:53.591030691
0 days 00:00:00.890000,0 days 00:00:00.915011338,answer7,0.33789444,-19.670393,26.480766,0.022222199,-0.024830269,0.11229613,23.893744,19.907774,22.106232,-1.4884135,0.0,0.0,0.0,0.0,0.0,0.0,475.4564,1586.4014,-135.14983,1771.4752,1425.2384,-144.97151,2472.953,1023.79315,-143.05249,0 days 00:00:53.576019353,0 days 00:00:53.601030691
0 days 00:00:00.900000,0 days 00:00:00.925011338,answer7,0.3306053,-16.543314,22.628447,0.011292625,-0.017312054,0.09716594,21.14141,17.035835,25.850328,-0.2537694,0.0,0.0,0.0,0.0,0.0,0.0,499.87827,1629.2096,-201.0,1866.6436,1262.9965,-201.0,2511.0989,1120.0482,-201.0,0 days 00:00:53.586019353,0 days 00:00:53.611030691
0 days 00:00:00.910000,0 days 00:00:00.935011338,answer7,0.39917192,-13.11449,18.607786,0.020355092,-0.006622337,0.13431539,21.620964,10.968243,23.888977,-0.52614784,0.0,0.0,0.0,0.0,0.0,0.0,659.9063,1406.4434,-201.0,1955.499,1023.3996,-201.0,2961.283,1127.9916,-201.0,0 days 00:00:53.596019353,0 days 00:00:53.621030691
0 days 00:00:00.920000,0 days 00:00:00.945011338,answer7,0.48108467,-13.091034,17.977137,0.028806591,-0.0013937053,0.20902608,24.22009,8.567272,25.216803,-0.5187231,0.0,0.0,0.0,0.0,0.0,0.0,873.8654,1333.2891,-201.0,2196.8235,830.66254,-201.0,3378.0518,1348.0516,-201.0,0 days 00:00:53.606019353,0 days 00:00:53.631030691
0 days 00:00:00.930000,0 days 00:00:00.955011338,answer7,0.6547784,-15.180171,22.123491,0.046625603,0.0058664777,0.55708534,28.264633,7.027452,25.596819,-1.4727887,0.0,0.0,0.0,0.0,0.0,0.0,1080.2931,1160.3844,-201.0,2355.4277,557.49664,-201.0,3792.4592,1359.0043,-201.0,0 days 00:00:53.616019353,0 days 00:00:53.641030691
0 days 00:00:00.940000,0 days 00:00:00.965011338,answer7,0.8507716,-16.810385,27.799772,0.058460604,0.00825958,0.74448377,31.904688,8.188239,23.80523,-4.593269,34.972103,0.0,0.0,6.8601913,17.426863,32.105953,1147.6417,989.833,-17.57065,2381.772,614.72815,-33.03417,3531.1758,2142.1326,-38.608044,0 days 00:00:53.626019353,0 days 00:00:53.651030691
0 days 00:00:00.950000,0 days 00:00:00.975011338,answer7,1.0645754,-15.781362,30.769663,0.06464224,0.010143638,0.8252365,34.601402,7.200711,19.552797,-8.772889,35.074806,0.0,0.62946045,8.918765,18.177818,32.756878,914.0925,1160.5537,-11.911977,2008.3741,789.80475,-26.95268,3309.8865,941.5508,-38.240406,0 days 00:00:53.636019353,0 days 00:00:53.661030691
0 days 00:00:00.960000,0 days 00:00:00.985011338,answer7,1.1807142,-13.926066,31.575516,0.06602628,0.0075622536,0.5192323,35.989414,6.1163707,14.615646,-13.325996,35.204273,0.015109264,0.7978862,9.660798,18.317854,30.327835,640.99164,1215.0874,-8.601554,1676.0938,871.1233,-20.45374,2865.1614,1097.6185,-36.152493,0 days 00:00:53.646019353,0 days 00:00:53.671030691
0 days 00:00:00.970000,0 days 00:00:01.000997732,answer7,1.2090183,-13.966767,31.946962,0.059231084,0.004656812,0.32983744,36.484577,5.692009,14.005391,-13.911412,35.253372,0.015109264,1.1347378,9.92583,18.351685,26.41134,376.98755,1319.413,-6.2504673,1276.9977,987.69977,-13.855071,2408.2627,1247.7994,-32.661808,0 days 00:00:53.656019353,0 days 00:00:53.687017085
0 days 00:00:00,0 days 00:00:00.025011338,answer8,0.46775416,-7.710346,8.776492,0.030882427,-0.020255236,0.03590816,13.036827,7.489802,2.1849163,5.045801,0.0,0.0,0.0,0.0,0.0,0.0,471.10266,1694.4453,-201.0,1427.0513,1533.3864,-201.0,2228.583,968.7754,-201.0,0 days 00:01:03.263263263,0 days 00:01:03.288274601
0 days 00:00:00.010000,0 days 00:00:00.035011338,answer8,0.42793003,-11.167817,13.455208,0.023056844,-0.018163055,0.088648796,16.150007,11.487159,5.603529,7.9689574,0.0,0.0,0.0,0.0,0.0,0.0,523.83936,1452.057,-201.0,1606.0488,1170.8713,-201.0,2463.6174,1129.6189,-201.0,0 days 00:01:03.273263263,0 days 00:01:03.298274601
0 days 00:00:00.020000,0 days 00:00:00.045011338,answer8,0.38981733,-17.31143,19.966923,0.020535992,-0.017301591,0.16652761,21.443869,18.400522,10.557229,10.734383,0.0,0.0,0.0,0.0,0.0,0.0,884.56696,1771.3461,-201.0,1888.4707,983.4578,-201.0,3079.2588,1215.6046,-201.0,0 days 00:01:03.283263263,0 days 00:01:03.308274601
0 days 00:00:00.030000,0 days 00:00:00.055011338,answer8,0.4102013,-21.651434,26.106554,0.0257163,-0.023141941,0.22914867,24.61364,24.08677,18.970331,7.224912,0.0,0.0,0.0,0.0,0.0,0.0,736.87274,1865.8917,-135.3437,1807.4443,1154.5221,-147.44173,2998.6882,1299.9362,-144.51799,0 days 00:01:03.293263263,0 days 00:01:03.318274601
0 days 00:00:00.040000,0 days 00:00:00.065011338,answer8,0.45556524,-24.173311,29.35174,0.040138006,-0.027496919,0.254306,27.654257,26.888586,22.903692,0.054492634,31.152222,0.0,0.0,5.352104,2.4017355,30.35403,717.7325,1857.6812,-70.02096,1690.9092,1282.6393,-93.17074,2927.4246,944.1206,-90.25698,0 days 00:01:03.303263263,0 days 00:01:03.328274601
0 days 00:00:00.050000,0 days 00:00:00.075011338,answer8,0.48894855,-25.491682,31.96729,0.049357533,-0.03117383,0.22501187,30.152351,27.40182,24.597603,-3.39742,31.2638,0.0,1.6457086,5.9434686,1.984665,30.694258,570.90826,1400.3369,-14.150495,1654.5889,1175.0033,-40.365177,2756.2742,809.9295,-35.47424,0 days 00:01:03.313263263,0 days 00:01:03.338274601
0 days 00:00:00.060000,0 days 00:00:00.085011338,answer8,0.502706,-28.285027,34.765575,0.051921595,-0.033046294,0.18858774,35.02654,27.19912,21.724236,-2.6062887,31.497131,0.049931094,1.6711969,7.0876465,1.1966882,32.262745,605.03204,1407.7723,-14.751378,1739.8613,1348.6782,-41.351498,2800.9717,980.3108,-37.40897,0 days 00:01:03.323263263,0 days 00:01:03.348274601
0 days 00:00:00.070000,0 days 00:00:00.095011338,answer8,0.5141344,-30.000166,36.430336,0.044527795,-0.03404183,0.15625231,37.782665,27.353735,20.676865,1.182581,31.657145,0.038712095,1.2086489,7.508442,1.3006164,34.31885,723.49054,1373.4458,-21.771452,2045.1937,1156.9014,-42.91928,2835.7937,1363.2252,-38.966778,0 days 00:01:03.333263263,0 days 00:01:03.358274601
0 days 00:00:00.080000,0 days 00:00:00.105011338,answer8,0.5557296,-29.684881,37.411957,0.04243539,-0.033438977,0.17443518,38.89026,26.4115,17.021673,0.39552566,31.89424,0.026851416,0.8245258,7.688083,2.3494084,37.81238,585.4089,1436.6676,-13.234188,2028.9769,1229.5118,-43.78829,2763.6992,1403.3802,-41.861267,0 days 00:01:03.343263263,0 days 00:01:03.368274601
0 days 00:00:00.090000,0 days 00:00:00.115011338,answer8,0.58413285,-29.166052,39.686195,0.042378634,-0.032597423,0.1878597,39.981823,26.969635,12.772244,-1.5711675,32.22977,0.012405022,0.4982605,7.5566382,4.0095625,38.317375,573.87305,1429.3756,-13.341721,1881.9772,1203.7079,-39.746376,2736.1418,1242.1805,-42.70843,0 days 00:01:03.353263263,0 days 00:01:03.378274601
0 days 00:00:00.100000,0 days 00:00:00.125011338,answer8,0.6174739,-27.97494,40.224705,0.039090037,-0.032060966,0.24628043,39.364254,25.629831,9.566726,-3.1886342,32.728306,0.011779464,0.4003469,7.0613303,4.0276833,35.64037,595.5588,1551.8638,-12.637544,1796.7074,1315.1693,-39.81074,3025.4814,1163.8517,-40.831936,0 days 00:01:03.363263263,0 days 00:01:03.388274601
0 days 00:00:00.110000,0 days 00:00:00.135011338,answer8,0.700332,-26.18553,37.91893,0.040746838,-0.037978183,0.3125233,37.893127,23.431854,10.641821,-6.565581,33.24824,0.010033348,0.6294188,6.7664933,3.1168907,31.29088,592.38007,1504.522,-11.761142,1847.9242,1314.3964,-33.667366,3155.6074,1292.1284,-36.516834,0 days 00:01:03.373263263,0 days 00:01:03.398274601
0 days 00:00:00.120000,0 days 00:00:00.145011338,answer8,0.8499438,-23.756762,31.809088,0.05077246,-0.04076353,0.3968648,34.400417,20.642141,12.847588,-7.552511,33.70783,0.020707378,0.9507594,7.0675206,1.5401579,27.425323,545.31836,1681.8553,-14.5635395,1720.2212,1244.939,-30.383743,3010.3066,1287.4037,-31.159372,0 days 00:01:03.383263263,0 days 00:01:03.408274601
0 days 00:00:00.130000,0 days 00:00:00.155011338,answer8,1.1116774,-19.904058,24.793184,0.05991846,-0.039553773,0.47230688,30.114801,16.595642,15.799306,-14.24311,34.04434,0.023121843,1.0520087,7.694201,1.108447,24.029768,518.927,1627.348,0.0,1700.853,1187.0883,-24.214966,2749.5789,1127.5214,-26.10829,0 days 00:01:03.393263263,0 days 00:01:03.418274601
0 days 00:00:00.140000,0 days 00:00:00.165011338,answer8,1.2784591,-18.597618,22.246702,0.06198676,-0.03680229,0.49904594,28.86962,14.622975,15.720288,-18.05697,34.307068,0.022945464,1.0384287,8.568166,0.7890789,26.164297,616.1459,1525.7959,-10.91287,1768.0319,885.71796,-24.356928,2846.0957,1060.0411,-27.45167,0 days 00:01:03.403263263,0 days 00:01:03.428274601
0 days 00:00:00.150000,0 days 00:00:00.175011338,answer8,1.3528713,-18.818777,23.295752,0.06530365,-0.03498744,0.43681028,28.936014,14.657281,12.234245,-23.099709,34.542477,0.014018654,0.5179953,8.864234,0.81294936,29.51444,816.4177,1401.0625,-13.669385,2201.9187,635.9654,-28.274511,3390.9895,1176.8397,-30.757248,0 days 00:01:03.413263263,0 days 00:01:03.438274601
0 days 00:00:00.160000,0 days 00:00:00.185011338,answer8,1.324555,-20.87122,27.690155,0.064046234,-0.038713705,0.38210166,31.712934,17.542732,8.309737,-25.56452,34.766632,0.008343224,0.35091928,9.180228,1.2681651,32.10437,681.32904,1579.2062,-19.614851,1880.1193,798.3079,-27.118082,3323.2458,1051.7552,-33.762573,0 days 00:01:03.423263263,0 days 00:01:03.448274601
0 days 00:00:00.170000,0 days 00:00:00.195011338,answer8,1.3331014,-21.101952,28.771166,0.059323538,-0.03425816,0.39905575,32.35542,17.74777,5.7842603,-25.580877,35.02019,0.0060484987,0.34922662,9.156184,2.4259965,31.264822,702.0024,1698.3175,0.0,1864.4388,943.06964,-27.726875,3294.468,902.5747,-33.484325,0 days 00:01:03.433263263,0 days 00:01:03.458274601
0 days 00:00:00.180000,0 days 00:00:00.205011338,answer8,1.372264,-20.398348,29.289621,0.060394287,-0.03258917,0.42152306,32.90998,14.920636,4.8481317,-23.316917,35.381187,0.0063294643,0.40740597,9.099343,3.6640723,28.935343,542.0808,1818.9916,-12.269146,1468.84,1469.3877,-23.536926,2796.2756,816.44653,-32.170795,0 days 00:01:03.443263263,0 days 00:01:03.468274601
0 days 00:00:00.190000,0 days 00:00:00.215011338,answer8,1.3887691,-19.364449,28.221968,0.06626066,-0.028473416,0.5591796,32.496708,10.733848,3.5873756,-17.932245,35.824078,0.0068130516,0.43726572,9.281184,4.8928685,28.441277,555.9517,1728.6045,-12.269146,1495.8701,1505.4932,-23.618895,2742.962,803.9709,-32.48057,0 days 00:01:03.453263263,0 days 00:01:03.478274601
0 days 00:00:00.200000,0 days 00:00:00.225011338,answer8,1.4040117,-19.086096,29.083673,0.06942918,-0.028045313,0.5443565,31.692543,8.9570675,1.7937943,-14.338605,36.295547,0.012228115,0.28464815,9.305856,6.1481094,26.145493,557.8111,1590.0812,0.0,1426.0991,1573.5629,-25.110098,2551.61,856.48486,-30.184889,0 days 00:01:03.463263263,0 days 00:01:03.488274601
0 days 00:00:00.210000,0 days 00:00:00.235011338,answer8,1.4366994,-19.531485,28.035255,0.06733047,-0.029195637,0.6412528,30.940447,8.10613,1.3921375,-11.494594,36.7,0.011990878,0.37273726,9.658439,7.7250123,26.357635,526.36676,1592.6835,-25.140236,1477.8721,1453.7823,-26.084404,2570.1328,879.6472,-28.970236,0 days 00:01:03.473263263,0 days 00:01:03.498274601
0 days 00:00:00.220000,0 days 00:00:00.245011338,answer8,1.5335041,-20.643755,27.216692,0.075916834,-0.030609906,0.6952417,31.111841,7.351732,0.5536172,-13.881854,37.008686,0.014722041,0.36660132,9.938836,9.259125,27.38714,546.2602,1589.2594,0.0,1779.1924,2179.679,-28.321344,2508.3777,1134.7589,-27.64078,0 days 00:01:03.483263263,0 days 00:01:03.508274601
0 days 00:00:00.230000,0 days 00:00:00.255011337,answer8,1.6468359,-21.210081,26.061861,0.085344076,-0.031348232,0.7839715,30.922655,5.2081165,0.84246635,-18.247164,37.25121,0.009733449,0.48962644,10.42055,10.31758,29.042786,551.3464,1634.9824,-2.3505247,1826.2975,2090.1794,-25.010523,2640.5735,1320.4496,-27.040926,0 days 00:01:03.493263263,0 days 00:01:03.518274600
0 days 00:00:00.240000,0 days 00:00:00.265011338,answer8,1.7780911,-21.350023,26.05674,0.09101618,-0.029065952,0.7617777,31.085485,2.6645164,0.16607809,-21.941442,37.45847,0.008553873,0.42626396,10.802528,10.506021,29.7582,785.4743,1620.4745,-9.003167,2129.874,1741.9658,-24.555496,3159.9766,1374.1182,-26.40801,0 days 00:01:03.503263263,0 days 00:01:03.528274601
0 days 00:00:00.250000,0 days 00:00:00.275011338,answer8,1.9046797,-20.849258,25.806566,0.08168564,-0.026966138,0.68631274,31.800665,0.105899654,0.31274584,-21.456406,37.654163,0.005112954,0.5100263,10.935653,10.331634,28.866852,891.6169,1554.1152,-11.9531355,2170.0305,759.0633,-23.155983,3655.0596,1441.4142,-25.154015,0 days 00:01:03.513263263,0 days 00:01:03.538274601
0 days 00:00:00.260000,0 days 00:00:00.285011338,answer8,2.038042,-20.578074,25.711472,0.07684434,-0.027798286,0.6616609,32.511585,-1.1032977,1.0493029,-20.094536,37.87317,0.0059637963,0.411615,11.114109,10.345552,28.951574,900.52637,1605.3608,-12.245544,2186.8586,723.21893,-23.534866,3748.8115,1289.3876,-25.517227,0 days 00:01:03.523263263,0 days 00:01:03.548274601
0 days 00:00:00.270000,0 days 00:00:00.295011338,answer8,2.1052053,-20.881973,25.841162,0.07556334,-0.031474676,0.73794836,32.62793,-0.73782796,2.8494692,-21.356478,38.091106,0.0051953434,0.33257464,11.3330765,10.828754,30.371971,730.28467,1492.9888,-4.2404323,2133.923,792.8252,-25.149439,3527.239,1527.0011,-27.612204,0 days 00:01:03.533263263,0 days 00:01:03.558274601
0 days 00:00:00.280000,0 days 00:00:00.305011338,answer8,2.157714,-21.41893,26.28948,0.07912708,-0.03584706,0.74807125,31.583502,0.8025356,5.1906123,-23.589327,38.301197,0.0057345573,0.25873008,11.4344225,11.8919935,31.607584,755.5208,1470.0938,-6.0504956,2156.8708,730.2244,-25.742651,3571.9348,1328.0531,-29.594643,0 days 00:01:03.543263263,0 days 00:01:03.568274601
0 days 00:00:00.290000,0 days 00:00:00.315011338,answer8,2.1749055,-22.45429,26.206259,0.07895398,-0.041969758,0.7819116,32.106792,2.1059816,7.2006364,-22.645483,38.49132,0.0050776317,0.27775174,11.451134,13.248548,32.5295,632.0069,1444.9365,-3.02366,2118.5125,787.90894,-25.479147,3519.595,1276.6704,-31.177307,0 days 00:01:03.553263263,0 days 00:01:03.578274601
0 days 00:00:00.300000,0 days 00:00:00.325011338,answer8,2.216222,-22.438108,25.15,0.07449668,-0.045509208,0.72466964,31.950226,2.896829,8.86059,-19.902346,38.672184,0.004598972,0.30718365,11.520939,14.9787245,29.784853,710.61786,1331.4054,-9.08361,2101.8967,688.1884,-24.4536,3359.6738,984.17334,-28.933878,0 days 00:01:03.563263263,0 days 00:01:03.588274601
0 days 00:00:00.310000,0 days 00:00:00.335011338,answer8,2.1837714,-22.438772,24.266981,0.06323505,-0.04625285,0.80180234,32.32119,2.6546357,8.404426,-15.041068,38.844677,0.0039718794,0.31573036,11.727081,17.106398,27.162622,558.0944,1389.8048,-7.709034,1837.1982,1030.8309,-25.411316,2937.667,1019.88086,-27.0077,0 days 00:01:03.573263263,0 days 00:01:03.598274601
0 days 00:00:00.320000,0 days 00:00:00.345011338,answer8,2.1379907,-21.737244,23.433691,0.050627038,-0.044563845,0.7029025,32.18743,1.9581646,9.544186,-12.300052,39.010464,0.004216256,0.26292545,11.781896,17.9661,22.970545,608.335,1346.4679,0.0,1817.8922,1021.1619,-25.138397,2656.999,1115.6661,-23.789246,0 days 00:01:03.583263263,0 days 00:01:03.608274601
0 days 00:00:00.330000,0 days 00:00:00.355011338,answer8,2.102056,-20.906792,23.091986,0.04580294,-0.04351194,0.72409946,32.296047,0.49849415,10.155756,-11.006743,39.184628,0.003829321,0.23801816,11.819489,16.965786,21.398443,566.2354,1452.4648,-10.575588,1817.0186,1090.3583,-26.525095,2645.4358,1239.0109,-22.809443,0 days 00:01:03.593263263,0 days 00:01:03.618274601
0 days 00:00:00.340000,0 days 00:00:00.365011338,answer8,2.089936,-19.708696,21.807558,0.04623687,-0.042065423,0.6881487,32.379444,-1.1395551,10.646825,-12.187617,39.369144,0.004384165,0.34793234,11.858012,14.636429,21.796507,696.0716,1425.6595,-11.459165,2029.8519,819.15985,-23.462778,2862.0947,1427.7104,-23.177658,0 days 00:01:03.603263263,0 days 00:01:03.628274601
0 days 00:00:00.350000,0 days 00:00:00.375011338,answer8,2.1242597,-18.39548,20.175158,0.049420845,-0.041147403,0.7426129,31.876015,-2.938348,9.227634,-17.183023,39.540203,0.004546775,0.2889081,11.997014,12.502975,20.908674,740.30585,1392.9702,-9.141524,2082.3708,747.3225,-22.390757,2898.5369,1954.7399,-22.105637,0 days 00:01:03.613263263,0 days 00:01:03.638274601
0 days 00:00:00.360000,0 days 00:00:00.385011338,answer8,2.1576934,-17.799227,19.333862,0.04467784,-0.041216776,0.67726856,31.449575,-3.6626337,8.168065,-21.881971,39.674183,0.004304674,0.34363595,12.04388,11.157523,20.55627,799.803,1306.2554,-12.676763,2049.8977,773.72437,-21.72772,2868.2332,1713.3002,-22.07551,0 days 00:01:03.623263263,0 days 00:01:03.648274601
0 days 00:00:00.370000,0 days 00:00:00.395011338,answer8,2.2135403,-17.286493,19.832571,0.043348957,-0.040707078,0.5205,30.387253,-3.9115982,8.175151,-26.028177,39.767273,0.00341703,0.20259924,11.67909,9.4596815,17.845337,825.18207,1311.6228,-11.997127,2054.9775,762.89014,-22.294128,3161.7266,2086.092,-20.382782,0 days 00:01:03.633263263,0 days 00:01:03.658274601
0 days 00:00:00.380000,0 days 00:00:00.405011338,answer8,2.198347,-17.386213,20.434046,0.037893288,-0.039843902,0.49994603,29.925604,-1.4867553,8.658141,-25.524248,39.844173,0.0022919683,0.20343304,9.780896,7.3842506,16.750193,832.53174,1365.5717,-11.503647,2031.2015,848.29803,-22.499857,3251.5557,1720.8428,-20.86959,0 days 00:01:03.643263263,0 days 00:01:03.668274601
0 days 00:00:00.390000,0 days 00:00:00.415011338,answer8,2.1381485,-16.849718,20.620695,0.045594107,-0.0361311,0.7240513,29.851946,0.5675834,9.226553,-20.683662,39.907238,0.004556665,0.1854437,6.184799,4.893501,13.957578,849.8362,1332.5565,-10.86499,2123.0422,722.2453,-19.825743,3397.3557,2152.8357,-19.929066,0 days 00:01:03.653263263,0 days 00:01:03.678274601
0 days 00:00:00.400000,0 days 00:00:00.425011338,answer8,2.214524,-15.868889,19.31628,0.052569028,-0.03410701,1.0139691,30.186789,0.8405927,7.871057,-12.284932,37.830265,0.006583908,0.23785973,-0.9246585,2.5989501,13.064808,851.6657,1181.5923,-7.1288924,2074.5105,730.0118,-16.484064,2975.2979,1471.126,-16.9868,0 days 00:01:03.663263263,0 days 00:01:03.688274601
0 days 00:00:00.410000,0 days 00:00:00.435011338,answer8,2.4482913,-14.395782,18.720026,0.06802332,-0.031233596,1.2586622,30.050379,-1.8673824,5.899784,-6.7672563,35.71596,0.008755709,0.28148615,-4.6569877,0.5595086,14.393173,832.25684,1097.0175,-3.0391953,1977.9369,696.7874,-13.527451,2824.3416,1102.835,-15.319367,0 days 00:01:03.673263263,0 days 00:01:03.698274601
0 days 00:00:00.420000,0 days 00:00:00.445011338,answer8,2.7690876,-13.719319,17.597061,0.06382421,-0.032603145,1.2203175,30.438486,-4.2260094,2.7609813,-6.475573,33.599026,0.008755709,0.28148615,-6.3906846,-0.103842415,17.741163,812.5955,1088.472,0.79423904,1867.8473,738.5053,-9.713187,2718.9934,644.26984,-14.744083,0 days 00:01:03.683263263,0 days 00:01:03.708274601
0 days 00:00:00.430000,0 days 00:00:00.455011338,answer8,2.9548385,-13.348334,15.620708,0.06770492,-0.036829054,1.0549008,30.481157,-3.9989803,-0.3421669,-6.577272,33.59679,0.008755709,0.28148615,-4.03211,0.84986526,20.082567,785.7277,1179.5785,0.89900416,1849.0253,725.6729,-7.315328,2777.0579,783.6253,-16.335815,0 days 00:01:03.693263263,0 days 00:01:03.718274601
0 days 00:00:00.440000,0 days 00:00:00.465011338,answer8,3.023277,-12.615437,12.155368,0.06402584,-0.039165795,0.9464243,30.648504,-3.213271,-1.6720997,-2.5596604,33.5652,0.008755709,0.28148615,-3.0023108,2.6927836,19.94578,774.38544,1215.8702,0.19937117,1842.103,682.33124,-5.161401,2807.5422,835.09717,-15.421727,0 days 00:01:03.703263263,0 days 00:01:03.728274601
0 days 00:00:00.450000,0 days 00:00:00.475011338,answer8,3.0061872,-11.744914,10.034562,0.069889136,-0.038273346,0.8696266,30.705719,-3.186781,-1.0804524,2.8345625,33.458252,0.008755709,0.28148615,-1.4205757,3.8838952,18.734816,773.69214,1290.2552,-1.1341318,1838.1403,665.9353,-6.4527397,2804.4426,922.40674,-13.23843,0 days 00:01:03.713263263,0 days 00:01:03.738274601
0 days 00:00:00.460000,0 days 00:00:00.485011338,answer8,2.9332848,-11.873421,11.32933,0.068826966,-0.037874553,1.0471808,31.29647,-3.0038555,3.1811874,3.9154167,33.28621,0.12258669,0.8042732,1.1196167,3.983579,18.523977,785.22687,1251.0885,-3.4907143,1837.1553,631.9839,-9.18023,2754.5693,788.33905,-11.732002,0 days 00:01:03.723263263,0 days 00:01:03.748274601
0 days 00:00:00.470000,0 days 00:00:00.495011338,answer8,2.7407658,-14.498258,15.584957,0.070510276,-0.038541082,1.2205459,31.873316,-0.0019191107,7.774269,-1.3766962,33.098427,0.15193687,1.1444257,4.1426854,4.388719,23.019539,793.8528,1355.4191,-8.264898,1914.2891,632.5222,-12.348706,2933.2893,1054.3944,-14.421962,0 days 00:01:03.733263263,0 days 00:01:03.758274601
0 days 00:00:00.480000,0 days 00:00:00.505011338,answer8,2.4869292,-18.103403,21.09891,0.06803834,-0.040409796,1.3153728,31.288733,5.484169,16.277945,-12.418724,32.949726,0.1719384,1.4207659,6.680384,6.4944177,26.949,678.52783,1470.6187,-2.916033,1925.1094,1243.4257,-17.7874,2739.993,1107.4949,-16.120443,0 days 00:01:03.743263263,0 days 00:01:03.768274601
0 days 00:00:00.490000,0 days 00:00:00.515011338,answer8,2.2485673,-21.031631,24.86331,0.06390706,-0.039897744,1.2679962,30.125826,10.35423,24.721634,-21.451838,32.850735,0.067418106,0.9394193,8.103084,10.536464,30.355112,761.3079,1633.5303,-8.673014,2012.7108,1257.3141,-18.286093,3050.6536,1146.5164,-17.43872,0 days 00:01:03.753263263,0 days 00:01:03.778274601
0 days 00:00:00.500000,0 days 00:00:00.525011338,answer8,2.0734441,-22.620455,27.417038,0.064149044,-0.038535897,1.0704607,29.348976,12.591514,30.68811,-25.414314,32.77436,0.039270055,0.6683039,8.565534,15.388379,31.588614,765.623,1571.9711,-8.705785,2029.1195,1318.6884,-20.266195,2814.2422,1158.9838,-17.08724,0 days 00:01:03.763263263,0 days 00:01:03.788274601
0 days 00:00:00.510000,0 days 00:00:00.535011338,answer8,1.9065037,-24.58315,29.987167,0.06650669,-0.03568113,0.85031873,29.259333,15.477139,32.690235,-23.775513,32.678852,0.017942727,0.30681807,8.596835,19.573774,36.009033,974.80194,1598.6561,-23.728485,2163.8066,711.16376,-17.979021,3387.549,1199.1586,-20.913612,0 days 00:01:03.773263263,0 days 00:01:03.798274601
0 days 00:00:00.520000,0 days 00:00:00.545011338,answer8,1.7338462,-26.714766,32.06756,0.069396,-0.03631336,0.62493426,29.601885,19.382917,34.479904,-21.965937,32.54077,0.0059112203,0.3157482,8.528392,23.129303,37.437122,677.4863,1631.042,-23.58997,1901.5054,998.7905,-25.850708,2970.757,1198.8872,-22.593401,0 days 00:01:03.783263263,0 days 00:01:03.808274601
0 days 00:00:00.530000,0 days 00:00:00.555011338,answer8,1.5840222,-27.999228,33.341717,0.062211376,-0.032806534,0.5315171,29.24043,22.908804,38.518574,-18.112635,32.393497,0.002966104,0.22170217,8.421746,26.790533,39.327633,767.8098,1580.5283,0.0,1929.0527,1002.57404,-29.493933,3291.1455,974.4729,-25.20201,0 days 00:01:03.793263263,0 days 00:01:03.818274601
0 days 00:00:00.540000,0 days 00:00:00.565011338,answer8,1.4430083,-29.147573,33.15735,0.055183392,-0.029025875,0.63952285,29.44721,25.007324,39.01171,-12.055383,32.284576,0.0037057463,0.24020235,8.428072,29.929153,40.07111,775.1289,1390.4095,-34.25235,1914.6068,1087.6943,-34.592636,3160.243,1034.0514,-26.724115,0 days 00:01:03.803263263,0 days 00:01:03.828274601
0 days 00:00:00.550000,0 days 00:00:00.575011338,answer8,1.3092052,-29.501215,33.526794,0.052927315,-0.02105284,0.7594554,29.40206,24.548223,37.612854,-6.659532,32.330982,0.0046968157,0.3231385,8.480216,33.45229,43.325176,1101.769,1237.7229,-34.065193,2251.5427,875.23224,-30.92591,3582.0706,1085.1224,-30.20987,0 days 00:01:03.813263263,0 days 00:01:03.838274601
0 days 00:00:00.560000,0 days 00:00:00.585011338,answer8,1.1648487,-30.716753,35.58338,0.057991907,-0.018281236,0.8070679,30.011175,23.749151,32.808002,-4.265698,32.52096,0.005116953,0.53175336,8.489643,34.10905,44.51726,1157.8999,1301.6643,-35.061127,2335.2158,918.9086,-27.226046,3626.7952,1099.6929,-30.898745,0 days 00:01:03.823263263,0 days 00:01:03.848274601
0 days 00:00:00.570000,0 days 00:00:00.595011338,answer8,1.0778443,-29.75933,34.949596,0.071431965,-0.018505031,0.73057073,29.189705,22.27036,31.101524,-5.280956,32.73102,0.0078719305,0.75773734,8.548715,34.29674,40.18335,912.60114,1342.7783,-18.274351,2038.9225,1020.67316,-27.233557,3264.7761,802.7561,-25.717781,0 days 00:01:03.833263263,0 days 00:01:03.858274601
0 days 00:00:00.580000,0 days 00:00:00.605011338,answer8,0.9699542,-29.37069,33.60667,0.07509475,-0.020956168,0.6428831,28.713156,22.165964,29.70796,-4.59707,32.83978,0.010118929,0.6744382,8.646123,31.953262,39.198658,907.8784,1360.6309,-17.718607,1975.8221,1047.171,-23.42542,3252.6365,774.4167,-24.11228,0 days 00:01:03.843263263,0 days 00:01:03.868274601
0 days 00:00:00.590000,0 days 00:00:00.615011338,answer8,0.8902793,-28.222418,30.717707,0.06880176,-0.02305158,0.54167193,28.299223,21.68592,29.015223,-6.0566316,32.834293,0.00922365,0.7919507,8.720666,31.579407,37.43871,869.4816,1284.6007,-14.62883,1914.8763,1053.4808,-21.209135,3201.4219,834.3867,-22.047102,0 days 00:01:03.853263263,0 days 00:01:03.878274601
0 days 00:00:00.600000,0 days 00:00:00.625011338,answer8,0.8129642,-27.299896,29.49195,0.059748556,-0.020695928,0.47729442,28.035345,19.92346,26.92688,-6.034773,32.798367,0.005879525,0.831258,8.57674,31.788635,36.4302,860.29767,1312.6036,-14.994941,1931.919,1068.3673,-18.688253,3160.931,886.5627,-21.404701,0 days 00:01:03.863263263,0 days 00:01:03.888274601
0 days 00:00:00.610000,0 days 00:00:00.635011338,answer8,0.7649762,-25.823587,28.508093,0.05439345,-0.019743681,0.4071109,27.251127,17.230762,25.469482,-7.7723556,32.777004,0.005077412,0.96649593,8.087509,31.73083,36.970734,785.8799,1358.5455,-11.633246,1934.0934,901.9703,-18.895582,3182.712,986.85913,-23.09407,0 days 00:01:03.873263263,0 days 00:01:03.898274601
0 days 00:00:00.620000,0 days 00:00:00.645011338,answer8,0.69077665,-24.471212,27.354696,0.05833368,-0.01749812,0.38225862,27.068258,16.870768,22.173807,-5.819086,32.812656,0.004528879,0.85926145,7.145037,28.40007,38.910378,823.58417,1402.2178,-10.530571,1944.4664,798.6414,-19.933565,3218.9553,816.0179,-26.922775,0 days 00:01:03.883263263,0 days 00:01:03.908274601
0 days 00:00:00.630000,0 days 00:00:00.655011338,answer8,0.5982871,-23.887434,26.872812,0.06027329,-0.020352691,0.38264093,27.173574,18.609446,18.866686,-5.400224,32.91748,0.0032796536,0.96045476,5.796038,24.810242,43.432293,1135.7582,1497.6932,-23.264673,2224.9087,641.6893,-20.927443,3686.4856,872.7221,-33.729916,0 days 00:01:03.893263263,0 days 00:01:03.918274601
0 days 00:00:00.640000,0 days 00:00:00.665011338,answer8,0.5014466,-22.708633,26.5131,0.060266823,-0.019138156,0.34556594,26.866716,19.703718,12.828429,-4.4133134,33.060463,0.009972055,1.3882326,4.3890905,21.122887,39.20027,943.4358,1463.2051,-13.948594,1941.3408,861.9921,-23.56475,3237.2595,682.84235,-31.41304,0 days 00:01:03.903263263,0 days 00:01:03.928274601
0 days 00:00:00.650000,0 days 00:00:00.675011338,answer8,0.4356382,-21.965647,27.994478,0.056545556,-0.020580309,0.24854584,25.638021,20.419756,9.862614,-4.9340897,32.863754,0.018838972,1.9545466,4.2742705,19.960176,33.037403,659.3848,1534.0621,-4.4526744,1662.7642,1227.6024,-27.15006,2755.6887,819.1262,-27.041199,0 days 00:01:03.913263263,0 days 00:01:03.938274601
0 days 00:00:00.660000,0 days 00:00:00.685011338,answer8,0.44249627,-19.876617,26.597717,0.04754317,-0.021846654,0.18554898,23.435312,19.461515,12.7151575,-6.7942214,32.673435,0.03761019,2.644518,4.5570188,17.679636,26.371542,345.6837,1538.79,4.896773,1316.9313,1404.9457,-26.82131,2281.8032,959.8366,-21.47477,0 days 00:01:03.923263263,0 days 00:01:03.948274601
0 days 00:00:00.670000,0 days 00:00:00.695011338,answer8,0.48352268,-18.440298,24.389694,0.040857714,-0.019415835,0.13755505,21.52894,19.950468,18.266706,-6.294962,32.39405,0.034954753,2.332845,5.28289,16.6492,26.379145,258.41885,1730.8922,4.3403206,1319.7784,1526.1971,-29.235842,2288.7644,993.1714,-22.87554,0 days 00:01:03.933263263,0 days 00:01:03.958274601
0 days 00:00:00.680000,0 days 00:00:00.705011338,answer8,0.510554,-18.45571,22.563486,0.032756366,-0.01988578,0.13624606,21.083128,20.35361,22.570593,-5.5540423,32.240227,0.028917031,1.9466906,5.2627845,14.685547,27.266953,258.42712,1610.2645,0.0,1302.6134,1264.9791,-29.771856,2352.3655,817.8709,-25.673212,0 days 00:01:03.943263263,0 days 00:01:03.968274601
0 days 00:00:00.690000,0 days 00:00:00.715011338,answer8,0.5029292,-19.111666,24.616074,0.02601771,-0.013764565,0.1312206,22.531134,20.056547,20.684036,-1.957301,32.109673,0.0144776665,1.2945775,5.3372564,14.218964,30.350819,331.63077,1663.8212,-101.033516,1431.2303,1240.5029,-86.90481,2448.6287,679.08514,-86.97949,0 days 00:01:03.953263263,0 days 00:01:03.978274601
0 days 00:00:00.700000,0 days 00:00:00.725011338,answer8,0.48253134,-18.7812,25.451399,0.014600254,-0.014775164,0.16303827,22.945692,18.482275,18.976646,-0.7978813,0.0,0.0,0.0,0.0,0.0,0.0,419.3737,1542.5739,-134.35567,1420.3086,1144.9312,-143.75179,2468.3674,660.5393,-144.35225,0 days 00:01:03.963263263,0 days 00:01:03.988274601
0 days 00:00:00.710000,0 days 00:00:00.735011338,answer8,0.49843383,-14.427413,20.262495,0.012252089,-0.014719239,0.18346,21.150213,14.67667,19.855762,-3.5805092,0.0,0.0,0.0,0.0,0.0,0.0,598.1397,1547.0326,-201.0,1669.9984,947.14764,-201.0,2777.7031,1036.914,-201.0,0 days 00:01:03.973263263,0 days 00:01:03.998274601
0 days 00:00:00.720000,0 days 00:00:00.745011338,answer8,0.52223784,-10.463016,14.2785425,0.020645516,-0.01651066,0.18661337,18.910437,9.934985,22.616472,-8.590232,0.0,0.0,0.0,0.0,0.0,0.0,525.7227,1418.2599,-201.0,1572.4174,889.6187,-201.0,2680.698,1083.0524,-201.0,0 days 00:01:03.983263263,0 days 00:01:04.008274601
0 days 00:00:00.730000,0 days 00:00:00.755011338,answer8,0.55235094,-6.551931,9.489366,0.032933306,-0.015586726,0.15594961,18.04428,3.413309,22.515915,-12.483009,0.0,0.0,0.0,0.0,0.0,0.0,746.70197,1264.6691,-201.0,1810.5697,815.21826,-201.0,2797.7832,1172.0695,-201.0,0 days 00:01:03.993263263,0 days 00:01:04.018274601
0 days 00:00:00.740000,0 days 00:00:00.765011338,answer8,0.56338567,-3.9362853,5.718504,0.04276545,-0.012472716,0.14540344,17.533348,-1.7583269,19.226585,-14.36373,0.0,0.0,0.0,0.0,0.0,0.0,786.0694,1206.9166,-201.0,1819.3004,943.4939,-201.0,2723.4053,1091.2925,-201.0,0 days 00:01:04.003263263,0 days 00:01:04.028274601
0 days 00:00:00.750000,0 days 00:00:00.775011338,answer8,0.55481356,-3.3443034,2.7720025,0.03620111,-0.013288868,0.13216281,18.818304,-4.1259856,15.121207,-12.512253,0.0,0.0,0.0,0.0,0.0,0.0,1046.72,1145.4811,-201.0,2164.6072,799.2625,-201.0,3376.4104,1314.882,-201.0,0 days 00:01:04.013263263,0 days 00:01:04.038274601
0 days 00:00:00.760000,0 days 00:00:00.785011338,answer8,0.5286262,-4.089494,1.3136421,0.028506016,-0.011521231,0.12422675,20.370401,-3.774001,11.529023,-10.221778,0.0,0.0,0.0,0.0,0.0,0.0,1113.4015,1229.1969,-201.0,2279.5515,745.45215,-201.0,3548.959,1782.5873,-201.0,0 days 00:01:04.023263263,0 days 00:01:04.048274601
0 days 00:00:00.770000,0 days 00:00:00.795011338,answer8,0.49044237,-5.941593,5.652118,0.025883526,-0.0105544105,0.11404421,20.471464,-3.6543884,6.488941,-11.0012865,0.0,0.0,0.0,0.0,0.0,0.0,1163.4851,1406.3657,-201.0,2064.882,1421.8151,-201.0,3347.33,1567.1976,-201.0,0 days 00:01:04.033263263,0 days 00:01:04.058274601
0 days 00:00:00.780000,0 days 00:00:00.805011338,answer8,0.45250964,-6.1532784,8.029849,0.020863099,-0.009276082,0.10240015,18.923903,-2.5714593,4.0797286,-12.328374,0.0,0.0,0.0,0.0,0.0,0.0,919.7905,1493.2474,-201.0,1715.5576,1613.7804,-201.0,2715.4333,1444.355,-201.0,0 days 00:01:04.043263263,0 days 00:01:04.068274601
0 days 00:00:00.790000,0 days 00:00:00.815011338,answer8,0.4406052,-7.172198,11.929512,0.022078639,-0.010646409,0.10428819,19.057127,-0.873905,0.92403966,-15.764015,0.0,0.0,0.0,0.0,0.0,0.0,639.67316,1441.8486,-201.0,1340.2788,1642.2925,-201.0,2411.4758,787.04565,-201.0,0 days 00:01:04.053263263,0 days 00:01:04.078274601
0 days 00:00:00.800000,0 days 00:00:00.825011338,answer8,0.43973592,-7.2193627,12.489261,0.02042877,-0.010653297,0.10526386,20.155771,-1.1482728,1.0880028,-13.6428175,0.0,0.0,0.0,0.0,0.0,0.0,370.13754,1474.2474,-201.0,1283.6378,1107.8785,-201.0,2402.2708,738.8501,-201.0,0 days 00:01:04.063263263,0 days 00:01:04.088274601
0 days 00:00:00.810000,0 days 00:00:00.835011338,answer8,0.44760838,-8.068877,14.428884,0.026642986,-0.009392402,0.099556245,21.348116,-1.8692514,-0.130928,-13.09875,0.0,0.0,0.0,0.0,0.0,0.0,506.54565,1776.124,-201.0,1322.1874,1176.4974,-201.0,2468.4402,574.633,-201.0,0 days 00:01:04.073263263,0 days 00:01:04.098274601
0 days 00:00:00.820000,0 days 00:00:00.845011338,answer8,0.454957,-8.450696,17.198347,0.031850103,-0.011494796,0.09461498,21.672785,-2.4553723,-1.4397923,-14.39223,0.0,0.0,0.0,0.0,0.0,0.0,711.3483,1818.3126,-201.0,1510.4902,1406.5127,-201.0,2519.2654,716.39276,-201.0,0 days 00:01:04.083263263,0 days 00:01:04.108274601
0 days 00:00:00.830000,0 days 00:00:00.855011338,answer8,0.4626254,-10.371446,18.241196,0.035085823,-0.01795904,0.09724861,21.908865,-1.4263288,-5.2939477,-19.705322,0.0,0.0,0.0,0.0,0.0,0.0,905.9031,1696.3999,-201.0,1833.9054,1323.734,-201.0,2843.0215,1956.3461,-201.0,0 days 00:01:04.093263263,0 days 00:01:04.118274601
0 days 00:00:00.840000,0 days 00:00:00.865011338,answer8,0.46738037,-9.519252,17.051622,0.031732578,-0.019906284,0.113984436,20.745676,-1.9028077,-8.928658,-19.862816,0.0,0.0,0.0,0.0,0.0,0.0,765.39374,1451.402,-201.0,1789.1378,1330.1158,-201.0,2754.9941,2108.1733,-201.0,0 days 00:01:04.103263263,0 days 00:01:04.128274601
0 days 00:00:00.850000,0 days 00:00:00.875011338,answer8,0.45637965,-9.100864,15.190144,0.029903129,-0.021163622,0.113825835,19.72808,-1.5294994,-9.253464,-19.756462,0.0,0.0,0.0,0.0,0.0,0.0,741.77997,1380.7494,-201.0,1829.5348,1210.253,-201.0,2795.2705,2113.1772,-201.0,0 days 00:01:04.113263263,0 days 00:01:04.138274601
0 days 00:00:00.860000,0 days 00:00:00.885011338,answer8,0.4445435,-8.33442,14.499261,0.025751835,-0.017957568,0.102643706,19.24734,-2.241598,-7.4962535,-16.712381,0.0,0.0,0.0,0.0,0.0,0.0,734.0959,1400.4569,-201.0,1720.1093,1241.5737,-201.0,2576.7278,866.0695,-201.0,0 days 00:01:04.123263263,0 days 00:01:04.148274601
0 days 00:00:00.870000,0 days 00:00:00.895011338,answer8,0.42628816,-8.8830805,15.612523,0.02297058,-0.01641191,0.093344994,20.095766,-0.21243174,-5.078963,-14.655215,0.0,0.0,0.0,0.0,0.0,0.0,898.16925,1434.7211,-201.0,1814.0419,1252.2561,-201.0,2650.9124,724.9897,-201.0,0 days 00:01:04.133263263,0 days 00:01:04.158274601
0 days 00:00:00.880000,0 days 00:00:00.905011338,answer8,0.40796497,-9.616948,16.941885,0.02082883,-0.011600661,0.09401587,19.846334,0.9794364,-2.542796,-10.49265,0.0,0.0,0.0,0.0,0.0,0.0,750.9057,1626.9623,-201.0,1615.8636,1344.3313,-201.0,2583.2917,690.48145,-201.0,0 days 00:01:04.143263263,0 days 00:01:04.168274601
0 days 00:00:00.890000,0 days 00:00:00.915011338,answer8,0.4070777,-10.849805,20.041327,0.015224327,-0.0064342325,0.1089223,20.056055,3.9056606,2.5088365,-7.0428557,0.0,0.0,0.0,0.0,0.0,0.0,795.9675,1552.8813,-201.0,1719.9037,1237.4333,-201.0,3018.2148,793.68585,-201.0,0 days 00:01:04.153263263,0 days 00:01:04.178274601
0 days 00:00:00.900000,0 days 00:00:00.925011338,answer8,0.40776655,-11.5125,22.180143,0.018697813,-0.0056080385,0.12524821,19.890076,4.494724,4.7173743,-7.415855,0.0,0.0,0.0,0.0,0.0,0.0,834.8807,2078.2305,-201.0,1630.0068,1178.5967,-201.0,3012.5012,820.4343,-201.0,0 days 00:01:04.163263263,0 days 00:01:04.188274601
0 days 00:00:00.910000,0 days 00:00:00.935011338,answer8,0.41109028,-12.250245,22.203268,0.019834524,-0.0057988097,0.1282282,20.022047,5.203349,6.482729,-7.9783897,0.0,0.0,0.0,0.0,0.0,0.0,1028.0297,1866.1744,-201.0,1928.1744,1171.1342,-201.0,3050.7688,1003.0286,-201.0,0 days 00:01:04.173263263,0 days 00:01:04.198274601
0 days 00:00:00.920000,0 days 00:00:00.945011338,answer8,0.40994218,-11.055686,20.396914,0.018138362,-0.0046805865,0.12319002,20.17824,5.431275,5.8828797,-6.0515137,0.0,0.0,0.0,0.0,0.0,0.0,786.5418,1980.6069,-201.0,1570.3115,1320.9417,-201.0,2416.5752,1015.59576,-201.0,0 days 00:01:04.183263263,0 days 00:01:04.208274601
0 days 00:00:00.930000,0 days 00:00:00.955011338,answer8,0.4204481,-11.216407,19.904425,0.020365423,-0.0051174574,0.115615904,20.53356,5.079838,5.282097,-6.479284,0.0,0.0,0.0,0.0,0.0,0.0,564.9887,1350.0692,-201.0,1558.1273,1231.1924,-201.0,2322.2014,1060.4333,-201.0,0 days 00:01:04.193263263,0 days 00:01:04.218274601
0 days 00:00:00.940000,0 days 00:00:00.965011338,answer8,0.42907998,-9.513321,18.467363,0.024427423,-0.006994728,0.11734011,19.418682,2.0338352,1.3689537,-8.332745,0.0,0.0,0.0,0.0,0.0,0.0,609.9605,1372.141,-201.0,1630.6141,1029.0713,-201.0,2755.2415,1167.769,-201.0,0 days 00:01:04.203263263,0 days 00:01:04.228274601
0 days 00:00:00.950000,0 days 00:00:00.975011338,answer8,0.41224626,-8.729899,16.796759,0.023046358,-0.010740307,0.11015145,17.496279,0.94370013,1.9905723,-7.5878105,0.0,0.0,0.0,0.0,0.0,0.0,879.5258,1256.7021,-201.0,2036.894,916.4594,-201.0,3314.7686,1373.9344,-201.0,0 days 00:01:04.213263263,0 days 00:01:04.238274601
0 days 00:00:00.960000,0 days 00:00:00.985011338,answer8,0.4063878,-7.5869555,15.880296,0.023422634,-0.008196105,0.10375286,16.574913,0.40767112,2.8184614,-3.6123898,0.0,0.0,0.0,0.0,0.0,0.0,1159.8684,1147.7466,-201.0,2445.1792,840.7861,-201.0,3881.129,1596.7357,-201.0,0 days 00:01:04.223263263,0 days 00:01:04.248274601
0 days 00:00:00.970000,0 days 00:00:01.001020408,answer8,0.39969435,-7.5895867,16.19365,0.01978216,-0.0049660797,0.10184577,16.969753,2.0820913,6.3090897,2.0099914,0.0,0.0,0.0,0.0,0.0,0.0,499.21375,1384.8384,-201.0,1650.2928,1183.5878,-201.0,2526.7324,884.6955,-201.0,0 days 00:01:04.233263263,0 days 00:01:04.264283671
0 days 00:00:00,0 days 00:00:00.025011338,answer9,0.25199667,-14.329086,26.308058,0.024157628,-0.019263083,0.018325308,25.7603,9.029944,0.69501895,-1.832108,0.0,0.0,0.0,0.0,0.0,0.0,713.0701,1570.0005,-201.0,1635.3198,1278.9194,-201.0,2656.278,751.0511,-201.0,0 days 00:01:11.304637971,0 days 00:01:11.329649309
0 days 00:00:00.010000,0 days 00:00:00.035011338,answer9,0.25560313,-14.700944,24.990486,0.02862229,-0.021720216,0.040314715,25.50322,9.951812,1.7395655,-3.1057005,0.0,0.0,0.0,0.0,0.0,0.0,582.39764,1586.5582,-201.0,1568.7988,1521.147,-201.0,2384.594,1107.0797,-201.0,0 days 00:01:11.314637971,0 days 00:01:11.339649309
0 days 00:00:00.020000,0 days 00:00:00.045011338,answer9,0.26467308,-15.306743,21.874395,0.030456172,-0.02634837,0.06335446,26.044287,9.903022,1.1382052,-6.035025,0.0,0.0,0.0,0.0,0.0,0.0,603.7522,1580.2123,-201.0,1792.4375,1536.4586,-201.0,2342.717,1603.0424,-201.0,0 days 00:01:11.324637971,0 days 00:01:11.349649309
0 days 00:00:00.030000,0 days 00:00:00.055011338,answer9,0.27028784,-15.243495,22.22641,0.025300028,-0.02474338,0.07197795,26.453827,9.0883255,-0.20885961,-4.7821493,0.0,0.0,0.0,0.0,0.0,0.0,723.9013,1450.9279,-201.0,1866.4584,1422.0267,-201.0,2343.8694,1471.0542,-201.0,0 days 00:01:11.334637971,0 days 00:01:11.359649309
0 days 00:00:00.040000,0 days 00:00:00.065011338,answer9,0.27195087,-16.049547,23.219648,0.017581882,-0.025643656,0.073037244,27.278534,8.723293,0.011930148,-5.1013436,0.0,0.0,0.0,0.0,0.0,0.0,842.5335,1348.0482,-201.0,2044.8107,1216.5602,-201.0,2579.6738,1299.2767,-201.0,0 days 00:01:11.344637971,0 days 00:01:11.369649309
0 days 00:00:00.050000,0 days 00:00:00.075011338,answer9,0.27905363,-15.92957,25.618792,0.012421002,-0.023084482,0.07475147,27.020035,8.416088,2.2810943,-3.2395446,0.0,0.0,0.0,0.0,0.0,0.0,686.3899,1283.017,-201.0,1738.7335,1207.8944,-201.0,2544.9941,897.3784,-201.0,0 days 00:01:11.354637971,0 days 00:01:11.379649309
0 days 00:00:00.060000,0 days 00:00:00.085011338,answer9,0.3049121,-14.563308,23.860092,0.018220963,-0.021879358,0.07318189,26.006218,5.6147285,4.4183106,-4.2723074,0.0,0.0,0.0,0.0,0.0,0.0,673.08325,1359.7318,-201.0,1703.3385,1198.7976,-201.0,2596.9177,849.94604,-201.0,0 days 00:01:11.364637971,0 days 00:01:11.389649309
0 days 00:00:00.070000,0 days 00:00:00.095011338,answer9,0.3369594,-10.917732,18.658712,0.019745957,-0.016130267,0.08031857,24.278082,-0.7380484,2.0849912,-2.8354905,0.0,0.0,0.0,0.0,0.0,0.0,550.8558,1559.9769,-201.0,1429.9088,1377.6509,-201.0,2484.7888,798.4324,-201.0,0 days 00:01:11.374637971,0 days 00:01:11.399649309
0 days 00:00:00.080000,0 days 00:00:00.105011338,answer9,0.3479372,-7.5056095,14.1772375,0.011044162,-0.00999814,0.079878844,22.065104,-5.697649,0.72706795,-0.4168004,0.0,0.0,0.0,0.0,0.0,0.0,694.5909,1600.7335,-201.0,1528.6957,1339.3534,-201.0,2568.6692,769.5952,-201.0,0 days 00:01:11.384637971,0 days 00:01:11.409649309
0 days 00:00:00.090000,0 days 00:00:00.115011338,answer9,0.34445944,-6.4844627,13.580615,-0.0027395606,-0.009520172,0.07278133,21.87026,-7.0700803,1.463378,2.5782928,0.0,0.0,0.0,0.0,0.0,0.0,580.96436,1546.4281,-201.0,1415.1937,1404.153,-201.0,2360.0764,948.28516,-201.0,0 days 00:01:11.394637971,0 days 00:01:11.419649309
0 days 00:00:00.100000,0 days 00:00:00.125011338,answer9,0.33742824,-5.9923058,13.649445,-0.008961874,-0.010070096,0.06463703,20.962612,-6.1856036,3.3348181,3.6411831,0.0,0.0,0.0,0.0,0.0,0.0,562.8247,1416.2557,-201.0,1459.4628,1219.3112,-201.0,2298.159,1062.0016,-201.0,0 days 00:01:11.404637971,0 days 00:01:11.429649309
0 days 00:00:00.110000,0 days 00:00:00.135011338,answer9,0.33270258,-6.4326577,13.143634,-0.0133617995,-0.012825639,0.05786569,20.733772,-5.38676,6.040628,1.6469812,0.0,0.0,0.0,0.0,0.0,0.0,620.4583,1518.0416,-201.0,1389.5498,1297.582,-201.0,2291.7937,1054.5204,-201.0,0 days 00:01:11.414637971,0 days 00:01:11.439649309
0 days 00:00:00.120000,0 days 00:00:00.145011338,answer9,0.32785448,-7.5469956,12.421715,-0.0048313104,-0.011330691,0.061165556,20.532194,-2.7055066,7.403686,-4.56506,0.0,0.0,0.0,0.0,0.0,0.0,706.03143,1589.7539,-201.0,1511.873,1269.0702,-201.0,2463.1707,880.5872,-201.0,0 days 00:01:11.424637971,0 days 00:01:11.449649309
0 days 00:00:00.130000,0 days 00:00:00.155011338,answer9,0.32118043,-8.423207,13.60797,-0.006440545,-0.011450726,0.06316953,20.553171,-0.9362669,9.987667,-6.178641,0.0,0.0,0.0,0.0,0.0,0.0,708.4455,1480.4586,-201.0,1544.7721,1099.669,-201.0,2611.9988,635.77905,-201.0,0 days 00:01:11.434637971,0 days 00:01:11.459649309
0 days 00:00:00.140000,0 days 00:00:00.165011338,answer9,0.31828526,-8.866201,15.579773,0.0021584143,-0.012860286,0.070906244,20.871756,0.7046588,10.202687,-5.541037,0.0,0.0,0.0,0.0,0.0,0.0,495.23788,1297.6313,-201.0,1513.4281,908.09064,-201.0,2562.9304,586.9725,-201.0,0 days 00:01:11.444637971,0 days 00:01:11.469649309
0 days 00:00:00.150000,0 days 00:00:00.175011338,answer9,0.30722213,-8.179891,15.919652,-0.0037633807,-0.015384529,0.06828247,20.202692,-0.78100294,9.975857,-2.390733,0.0,0.0,0.0,0.0,0.0,0.0,408.887,1263.7616,-201.0,1395.159,973.43097,-201.0,2395.8154,815.9031,-201.0,0 days 00:01:11.454637971,0 days 00:01:11.479649309
0 days 00:00:00.160000,0 days 00:00:00.185011338,answer9,0.31003156,-7.9380794,17.132172,-0.004343813,-0.017999932,0.0691214,21.117523,-0.8891537,8.057845,0.11560488,0.0,0.0,0.0,0.0,0.0,0.0,420.34903,1264.1211,-201.0,1401.2306,982.0801,-201.0,2411.033,899.44476,-201.0,0 days 00:01:11.464637971,0 days 00:01:11.489649309
0 days 00:00:00.170000,0 days 00:00:00.195011338,answer9,0.3254628,-7.502108,17.62146,-0.0050677583,-0.017587187,0.06704217,19.943804,-1.8437437,5.4699445,2.4189432,0.0,0.0,0.0,0.0,0.0,0.0,447.0231,1479.3735,-201.0,1463.7646,1043.855,-201.0,2454.4998,1021.62494,-201.0,0 days 00:01:11.474637971,0 days 00:01:11.499649309
0 days 00:00:00.180000,0 days 00:00:00.205011338,answer9,0.35850063,-7.821565,18.282003,0.006025851,-0.016246611,0.07148181,19.707926,-1.93107,3.6162746,2.3387954,0.0,0.0,0.0,0.0,0.0,0.0,598.45026,1474.3389,-201.0,1580.1019,952.8221,-201.0,2623.7253,810.02783,-201.0,0 days 00:01:11.484637971,0 days 00:01:11.509649309
0 days 00:00:00.190000,0 days 00:00:00.215011338,answer9,0.3695229,-8.0092,17.541075,0.011039442,-0.016721914,0.07436806,19.62469,-2.2390797,0.14298487,1.436853,0.0,0.0,0.0,0.0,0.0,0.0,576.1988,1556.8398,-201.0,1587.3463,992.6181,-201.0,2651.3477,835.58746,-201.0,0 days 00:01:11.494637971,0 days 00:01:11.519649309
0 days 00:00:00.200000,0 days 00:00:00.225011338,answer9,0.37474814,-7.539328,16.228092,0.013038463,-0.01821152,0.0774655,21.070086,-1.9312878,-0.12818296,2.6054375,0.0,0.0,0.0,0.0,0.0,0.0,704.5727,1514.1205,-201.0,1647.8834,1089.4938,-201.0,2675.238,758.47217,-201.0,0 days 00:01:11.504637971,0 days 00:01:11.529649309
0 days 00:00:00.210000,0 days 00:00:00.235011338,answer9,0.36383536,-6.153401,14.614619,0.004415642,-0.017511578,0.0761551,20.59364,-1.4891195,2.5390253,8.329947,0.0,0.0,0.0,0.0,0.0,0.0,537.2048,1506.9409,-201.0,1560.9166,1003.8247,-201.0,2613.488,890.06055,-201.0,0 days 00:01:11.514637971,0 days 00:01:11.539649309
0 days 00:00:00.220000,0 days 00:00:00.245011338,answer9,0.3513421,-5.6932197,14.079925,0.00408824,-0.013776171,0.064231984,19.645208,-2.330994,6.907374,10.472464,0.0,0.0,0.0,0.0,0.0,0.0,859.03253,1352.6772,-201.0,1879.9834,962.68585,-201.0,2981.907,1174.5023,-201.0,0 days 00:01:11.524637971,0 days 00:01:11.549649309
0 days 00:00:00.230000,0 days 00:00:00.255011337,answer9,0.34432086,-5.125362,12.55137,0.004734197,-0.011209048,0.05893035,19.71599,-3.9344547,8.775136,12.3231,0.0,0.0,0.0,0.0,0.0,0.0,642.80536,1359.1771,-201.0,1744.4937,893.5562,-201.0,2843.163,1333.0592,-201.0,0 days 00:01:11.534637971,0 days 00:01:11.559649308
0 days 00:00:00.240000,0 days 00:00:00.265011338,answer9,0.3366048,-4.527016,9.347346,0.009263082,-0.012447312,0.058107305,20.38475,-5.536034,9.155107,12.036548,0.0,0.0,0.0,0.0,0.0,0.0,748.0037,1831.7578,-201.0,1783.7037,1040.1761,-201.0,2878.221,1415.9053,-201.0,0 days 00:01:11.544637971,0 days 00:01:11.569649309
0 days 00:00:00.250000,0 days 00:00:00.275011338,answer9,0.3461804,-3.0776336,5.9537735,0.011433229,-0.011883353,0.06539848,19.108107,-6.844336,13.297023,10.603509,0.0,0.0,0.0,0.0,0.0,0.0,770.159,1897.5605,-201.0,1522.6708,1522.0953,-201.0,2474.3284,1278.0477,-201.0,0 days 00:01:11.554637971,0 days 00:01:11.579649309
0 days 00:00:00.260000,0 days 00:00:00.285011338,answer9,0.3352095,-4.61576,7.030024,0.0066408874,-0.01097171,0.066348016,18.596504,-4.6543574,17.35666,8.656234,0.0,0.0,0.0,0.0,0.0,0.0,784.3597,1915.6539,-201.0,1550.015,1547.3573,-201.0,2527.9658,1191.932,-201.0,0 days 00:01:11.564637971,0 days 00:01:11.589649309
0 days 00:00:00.270000,0 days 00:00:00.295011338,answer9,0.31706908,-8.388419,13.760104,0.004033783,-0.011720698,0.07118993,19.624245,1.4884218,16.090004,3.9765663,0.0,0.0,0.0,0.0,0.0,0.0,839.5698,1449.6387,-201.0,1653.5947,1456.581,-201.0,2660.3445,1181.2662,-201.0,0 days 00:01:11.574637971,0 days 00:01:11.599649309
0 days 00:00:00.280000,0 days 00:00:00.305011338,answer9,0.29490718,-13.529103,20.875145,-0.0015563763,-0.016956689,0.08163384,24.33429,8.551141,10.432507,2.950906,0.0,0.0,0.0,0.0,0.0,0.0,689.9079,1446.0028,-201.0,1784.0287,1048.6001,-201.0,2857.4336,1133.8682,-201.0,0 days 00:01:11.584637971,0 days 00:01:11.609649309
0 days 00:00:00.290000,0 days 00:00:00.315011338,answer9,0.28177175,-16.466331,26.941109,-0.0018741573,-0.018244946,0.07554343,28.267393,12.73286,4.8159237,2.237476,0.0,0.0,0.0,0.0,0.0,0.0,905.63336,1242.211,-201.0,1986.8976,937.37744,-201.0,3078.5408,1202.4824,-201.0,0 days 00:01:11.594637971,0 days 00:01:11.619649309
0 days 00:00:00.300000,0 days 00:00:00.325011338,answer9,0.27497247,-17.100954,28.214762,0.00014864064,-0.017163536,0.07718046,29.237127,14.257678,4.6979265,2.220171,0.0,0.0,0.0,0.0,0.0,0.0,736.4336,1437.1261,-201.0,1806.9535,1121.3292,-201.0,2946.1711,1106.0734,-201.0,0 days 00:01:11.604637971,0 days 00:01:11.629649309
0 days 00:00:00.310000,0 days 00:00:00.335011338,answer9,0.2714839,-16.954363,28.279291,0.0011675726,-0.017593859,0.06373091,29.543999,15.146938,3.5282946,1.0937381,0.0,0.0,0.0,0.0,0.0,0.0,567.3362,1616.2738,-201.0,1604.8662,1438.9316,-201.0,2648.7588,1142.4535,-201.0,0 days 00:01:11.614637971,0 days 00:01:11.639649309
0 days 00:00:00.320000,0 days 00:00:00.345011338,answer9,0.26397854,-16.246939,27.444532,0.013429935,-0.020265378,0.08137023,28.157282,15.162927,0.08649365,-4.126218,0.0,0.0,0.0,0.0,0.0,0.0,537.0237,1665.9095,-201.0,1503.4756,1513.2882,-201.0,2515.926,988.82294,-201.0,0 days 00:01:11.624637971,0 days 00:01:11.649649309
0 days 00:00:00.330000,0 days 00:00:00.355011338,answer9,0.2732574,-16.655348,28.049028,0.025308957,-0.02305763,0.08955035,29.14857,15.066953,-0.571577,-3.8822088,0.0,0.0,0.0,0.0,0.0,0.0,754.9009,1477.8353,-201.0,1782.3778,1344.5183,-201.0,2870.786,1050.3811,-201.0,0 days 00:01:11.634637971,0 days 00:01:11.659649309
0 days 00:00:00.340000,0 days 00:00:00.365011338,answer9,0.2893045,-17.817133,30.388758,0.03917618,-0.022495674,0.1061328,29.2379,15.783112,-0.98311394,-3.7197359,0.0,0.0,0.0,0.0,0.0,0.0,763.1121,1458.0485,-201.0,1842.8564,1060.4004,-201.0,3021.2488,973.27655,-201.0,0 days 00:01:11.644637971,0 days 00:01:11.669649309
0 days 00:00:00.350000,0 days 00:00:00.375011338,answer9,0.313596,-19.742178,30.708857,0.042468917,-0.025950255,0.11950624,30.511541,17.197378,2.8917458,-2.1239364,0.0,0.0,0.0,0.0,0.0,0.0,633.9015,1446.4512,-201.0,1751.901,1103.8934,-201.0,2914.972,1106.2811,-201.0,0 days 00:01:11.654637971,0 days 00:01:11.679649309
0 days 00:00:00.360000,0 days 00:00:00.385011338,answer9,0.3180863,-20.693653,31.391266,0.029685965,-0.029688174,0.1324129,31.145838,18.68577,2.2217054,-3.5713933,0.0,0.0,0.0,0.0,0.0,0.0,427.5634,1535.2394,-201.0,1521.4967,1278.913,-201.0,2618.288,1157.687,-201.0,0 days 00:01:11.664637971,0 days 00:01:11.689649309
0 days 00:00:00.370000,0 days 00:00:00.395011338,answer9,0.29929337,-19.946127,30.104897,0.014160561,-0.032100987,0.12624131,30.685776,17.935078,5.0517306,-1.4446982,0.0,0.0,0.0,0.0,0.0,0.0,413.34106,1351.2343,-201.0,1465.2872,1184.7168,-201.0,2533.0017,1028.5769,-201.0,0 days 00:01:11.674637971,0 days 00:01:11.699649309
0 days 00:00:00.380000,0 days 00:00:00.405011338,answer9,0.2865182,-21.512693,34.650402,0.005881096,-0.028349722,0.14893669,31.71935,19.914822,5.9957347,2.1913235,0.0,0.0,0.0,0.0,0.0,0.0,587.62976,1352.9696,-143.68895,1664.9847,1255.7163,-147.91154,2727.3826,1089.3937,-150.01439,0 days 00:01:11.684637971,0 days 00:01:11.709649309
0 days 00:00:00.390000,0 days 00:00:00.415011338,answer9,0.2931449,-24.545366,38.049904,0.0058867433,-0.02596333,0.17828579,33.039715,21.652275,10.604289,6.2578673,31.077127,0.0,2.2250152,5.7375965,16.293781,34.168503,718.2846,1217.1754,-84.44636,1744.3485,1093.9257,-93.39524,2677.0676,852.6592,-98.08025,0 days 00:01:11.694637971,0 days 00:01:11.719649309
0 days 00:00:00.400000,0 days 00:00:00.425011338,answer9,0.3112007,-27.763351,42.398037,0.007436465,-0.02261649,0.18519415,33.768387,25.382544,12.485913,7.2818775,30.695734,0.04106256,2.0026135,5.941887,15.839153,32.101284,707.9445,1357.3231,-26.16954,1714.7074,1221.1073,-40.03158,2685.539,914.52313,-45.688725,0 days 00:01:11.704637971,0 days 00:01:11.729649309
0 days 00:00:00.410000,0 days 00:00:00.435011338,answer9,0.31920537,-28.603643,41.40819,-1.3656914e-05,-0.023017988,0.14365776,32.023922,26.525858,15.202449,7.105642,30.075464,0.04561958,1.4441767,5.8509183,15.816139,24.451319,443.5148,1548.0345,0.0,1562.923,1222.9823,-37.3727,2622.1887,901.2305,-39.052547,0 days 00:01:11.714637971,0 days 00:01:11.739649309
0 days 00:00:00.420000,0 days 00:00:00.445011338,answer9,0.40967107,-22.603683,34.34894,-0.0069899387,-0.023300782,0.11794516,24.10705,24.779778,22.340387,2.206261,29.748306,0.047898095,1.38736,5.5379033,14.844539,20.530132,519.28033,1627.6842,0.0,1634.9716,1348.1582,-91.889,2790.468,952.57587,-90.986694,0 days 00:01:11.724637971,0 days 00:01:11.749649309
0 days 00:00:00.430000,0 days 00:00:00.455011338,answer9,0.66715616,-12.458259,21.82058,-0.013989833,-0.020674393,0.21614772,13.761421,17.86658,30.634848,-3.6591635,0.0,0.0,0.0,0.0,0.0,0.0,812.34766,1437.6387,-201.0,1798.0289,1637.4932,-145.25267,2811.9421,1026.5193,-143.37822,0 days 00:01:11.734637971,0 days 00:01:11.759649309
0 days 00:00:00.440000,0 days 00:00:00.465011338,answer9,0.84389704,-2.7842944,9.774426,-0.01787311,-0.014394586,0.3132971,6.492006,8.091647,30.954483,-9.718352,0.0,0.0,0.0,0.0,0.0,0.0,1084.7617,1281.1078,-201.0,1982.3029,2160.71,-201.0,2596.0515,967.9934,-201.0,0 days 00:01:11.744637971,0 days 00:01:11.769649309
0 days 00:00:00.450000,0 days 00:00:00.475011338,answer9,0.82414335,0.2211392,4.4065433,-0.01606757,-0.0113834655,0.3332405,4.6210747,6.714458,23.322947,-13.642573,0.0,0.0,0.0,0.0,0.0,0.0,882.58954,1241.5957,-201.0,1820.3868,2083.7385,-201.0,2345.6096,1034.4122,-201.0,0 days 00:01:11.754637971,0 days 00:01:11.779649309
0 days 00:00:00.460000,0 days 00:00:00.485011338,answer9,0.68434,-1.2444633,4.5436435,-0.0025464576,-0.017721152,0.25634006,3.5612504,12.727806,14.73034,-18.448332,0.0,0.0,0.0,0.0,0.0,0.0,612.7782,1332.7274,-201.0,1847.2032,1635.7426,-201.0,2363.7021,1481.8698,-201.0,0 days 00:01:11.764637971,0 days 00:01:11.789649309
0 days 00:00:00.470000,0 days 00:00:00.495011338,answer9,0.7036535,-1.402432,4.1562705,0.013460133,-0.025687536,0.2107584,-1.15366,23.558746,14.249104,-19.694542,0.0,0.0,0.0,0.0,0.0,0.0,382.9764,1319.8506,-201.0,1608.3887,1012.8586,-201.0,2375.6965,1397.6632,-201.0,0 days 00:01:11.774637971,0 days 00:01:11.799649309
0 days 00:00:00.480000,0 days 00:00:00.505011338,answer9,0.8971843,-1.5355983,5.0710483,0.03442255,-0.02993079,0.25952968,-5.9031105,28.38656,16.041567,-18.972559,0.0,0.0,0.0,0.0,0.0,0.0,623.02734,1267.4291,-201.0,1795.1904,859.2722,-201.0,2734.4453,1531.3932,-201.0,0 days 00:01:11.784637971,0 days 00:01:11.809649309
0 days 00:00:00.490000,0 days 00:00:00.515011338,answer9,1.1148757,1.6022396,2.0327027,0.048835475,-0.026932454,0.3746847,-10.02152,29.310244,17.927717,-16.590633,0.0,0.0,0.0,0.0,0.0,0.0,598.47705,1272.982,-201.0,1624.7645,933.28485,-201.0,2622.7332,1043.2472,-201.0,0 days 00:01:11.794637971,0 days 00:01:11.819649309
0 days 00:00:00.500000,0 days 00:00:00.525011338,answer9,1.3339998,3.7979202,0.8203054,0.05826916,-0.022991657,0.45453516,-13.256413,26.404,18.707144,-18.071875,0.0,0.0,0.0,0.0,0.0,0.0,550.1777,1320.642,-201.0,1657.0619,760.2386,-201.0,2731.5254,1087.0652,-201.0,0 days 00:01:11.804637971,0 days 00:01:11.829649309
0 days 00:00:00.510000,0 days 00:00:00.535011338,answer9,1.4736291,5.83079,-0.20845246,0.06625973,-0.018421777,0.4759338,-16.04362,23.273417,17.97796,-17.815052,0.0,0.0,0.0,0.0,0.0,0.0,551.25775,1349.812,-201.0,1566.7783,803.21857,-201.0,2533.152,952.9194,-201.0,0 days 00:01:11.814637971,0 days 00:01:11.839649309
0 days 00:00:00.520000,0 days 00:00:00.545011338,answer9,1.4164529,4.3053274,1.7714583,0.065750085,-0.017082453,0.45979849,-16.213793,22.652512,16.96357,-15.284225,0.0,0.0,0.0,0.0,0.0,0.0,845.8606,1292.8553,-201.0,1800.1357,792.0031,-201.0,2767.6992,835.01605,-201.0,0 days 00:01:11.824637971,0 days 00:01:11.849649309
0 days 00:00:00.530000,0 days 00:00:00.555011338,answer9,1.2467979,3.6566274,2.7766712,0.060674597,-0.020319626,0.39510527,-15.4368925,21.52645,14.204559,-10.4335165,0.0,0.0,0.0,0.0,0.0,0.0,1274.9249,1021.61523,-201.0,2054.6045,990.9531,-201.0,3097.389,1018.9373,-201.0,0 days 00:01:11.834637971,0 days 00:01:11.859649309
0 days 00:00:00.540000,0 days 00:00:00.565011338,answer9,1.1097627,3.2313185,2.5681624,0.048249047,-0.01778893,0.3479724,-13.646653,19.804754,15.286029,-5.584765,0.0,0.0,0.0,0.0,0.0,0.0,1261.1118,979.6302,-201.0,2073.2156,1030.2886,-201.0,3058.1855,987.58527,-201.0,0 days 00:01:11.844637971,0 days 00:01:11.869649309
0 days 00:00:00.550000,0 days 00:00:00.575011338,answer9,1.1005201,3.1551936,2.5704422,0.030917354,-0.016743807,0.2999418,-10.838089,16.723856,20.292665,-0.054028828,0.0,0.0,0.0,0.0,0.0,0.0,1324.5405,778.2947,-201.0,2189.4797,1163.2518,-201.0,3287.0293,1264.542,-201.0,0 days 00:01:11.854637971,0 days 00:01:11.879649309
0 days 00:00:00.560000,0 days 00:00:00.585011338,answer9,1.1234244,-1.1162821,6.2441688,0.023077026,-0.014226661,0.4113203,-5.200768,18.60255,31.902246,5.2866406,0.0,0.0,0.0,0.0,0.0,0.0,962.46234,940.96246,-135.26747,1935.4086,905.46906,-145.01434,2948.8398,1118.146,-141.17554,0 days 00:01:11.864637971,0 days 00:01:11.889649309
0 days 00:00:00.570000,0 days 00:00:00.595011338,answer9,1.1654912,-6.7984176,12.026581,0.023528561,-0.018986901,0.59903187,3.0955763,21.765074,38.124615,8.076375,32.400986,0.0,0.0,6.2396173,12.217552,22.431503,905.0967,1046.9703,-78.520515,1955.607,846.46954,-85.40521,3091.1028,1083.9518,-83.337,0 days 00:01:11.874637971,0 days 00:01:11.899649309
0 days 00:00:00.580000,0 days 00:00:00.605011338,answer9,1.2584864,-13.068547,18.829042,0.03621422,-0.025806999,0.7489535,11.62217,23.267952,41.133503,7.5417886,32.42146,0.0,1.2332244,6.781817,13.40226,23.098688,547.9219,1207.0316,-10.504288,1686.9323,522.6591,-25.006271,2734.0168,930.13916,-23.465124,0 days 00:01:11.884637971,0 days 00:01:11.909649309
0 days 00:00:00.590000,0 days 00:00:00.615011338,answer9,1.3714905,-16.832266,22.347816,0.045631558,-0.02604797,0.84223014,18.478104,21.464453,39.382915,5.0896406,32.473095,0.023427581,1.2134676,7.88753,15.496884,26.394875,552.1149,1262.8583,-7.5361676,1746.548,629.3183,-21.056364,2849.207,1219.317,-23.793188,0 days 00:01:11.894637971,0 days 00:01:11.919649309
0 days 00:00:00.600000,0 days 00:00:00.625011338,answer9,1.4535174,-18.942873,24.554804,0.0478939,-0.022422597,0.7203901,22.386133,18.980883,38.845886,3.5814207,32.56471,0.016486408,1.3981203,8.331074,17.480673,27.281633,389.41733,1261.9595,4.7435875,1749.7344,650.26605,-20.94307,2803.0286,1652.5936,-22.538048,0 days 00:01:11.904637971,0 days 00:01:11.929649309
0 days 00:00:00.610000,0 days 00:00:00.635011338,answer9,1.4908623,-20.98024,26.376434,0.044042557,-0.016306266,0.62156576,26.1996,16.053123,37.964252,3.5501697,32.66453,0.011026822,0.99552566,8.581982,18.74293,33.549618,355.88412,1498.0055,5.5910435,1774.5454,874.37946,-22.338675,2937.5676,1968.4205,-27.35115,0 days 00:01:11.914637971,0 days 00:01:11.939649309
0 days 00:00:00.620000,0 days 00:00:00.645011338,answer9,1.4931008,-22.830269,29.020111,0.04668882,-0.016702417,0.43342355,29.07818,14.884098,35.72646,2.148086,32.7619,0.0033133123,0.74806553,8.586534,19.58208,36.7784,735.791,1516.8527,0.0,2011.4069,1189.2228,-24.209549,3207.0527,1752.5248,-29.216764,0 days 00:01:11.924637971,0 days 00:01:11.949649309
0 days 00:00:00.630000,0 days 00:00:00.655011338,answer9,1.4389743,-24.903597,32.256218,0.04848438,-0.022698974,0.41485146,31.719278,14.648494,33.724167,-1.1237011,32.880764,0.0035673555,0.36337814,8.499803,20.352434,39.05081,729.73535,1464.3354,-12.2274,1906.1361,1351.1993,-27.494501,2981.127,1547.7621,-30.119362,0 days 00:01:11.934637971,0 days 00:01:11.959649309
0 days 00:00:00.640000,0 days 00:00:00.665011338,answer9,1.3402973,-26.543165,34.89582,0.0588593,-0.02427446,0.46509185,32.266193,16.523163,29.04184,-2.5568404,33.06231,0.0038150894,0.3087556,8.633725,20.658491,37.833202,1016.93085,1368.9283,-17.262047,2057.7952,1390.5338,-28.746122,3152.9824,1334.7076,-27.856483,0 days 00:01:11.944637971,0 days 00:01:11.969649309
0 days 00:00:00.650000,0 days 00:00:00.675011338,answer9,1.2321997,-27.125586,36.58015,0.067316964,-0.025697023,0.58966774,32.492626,16.375875,22.748693,-3.5581272,33.19519,0.0029715535,0.27048644,8.6901865,20.202246,38.74893,641.9627,1625.6035,-1.4254745,1843.3848,1228.5717,-24.765633,2981.6316,1378.2157,-27.547592,0 days 00:01:11.954637971,0 days 00:01:11.979649309
0 days 00:00:00.660000,0 days 00:00:00.685011338,answer9,1.2187781,-25.126755,35.261665,0.078947835,-0.022649834,0.57781607,32.154858,13.3379135,16.479713,0.46800303,33.145744,0.006007409,0.559804,8.433224,19.730858,40.37981,874.2142,1635.5065,-12.888488,2014.6998,1179.5614,-18.049208,3334.0078,1311.6617,-27.37176,0 days 00:01:11.964637971,0 days 00:01:11.989649309
0 days 00:00:00.670000,0 days 00:00:00.695011338,answer9,1.2379829,-23.886633,34.13923,0.0839256,-0.024199294,0.7193089,33.213207,10.060927,13.178195,1.3309227,32.900646,0.0058518085,0.69890755,8.086521,20.220581,40.318256,726.05054,1630.9242,-13.992564,1829.6027,1054.5984,-13.371961,3029.9583,1021.7827,-24.866507,0 days 00:01:11.974637971,0 days 00:01:11.999649309
0 days 00:00:00.680000,0 days 00:00:00.705011338,answer9,1.2205867,-24.295801,35.6564,0.081873484,-0.020795252,0.66506296,35.06538,8.651911,12.36827,6.075046,32.68781,0.0099346405,0.6914467,7.7984486,22.033957,41.670387,687.20807,1416.7661,-27.421497,1728.1661,1072.9152,-12.040245,2780.6526,995.0283,-24.006754,0 days 00:01:11.984637971,0 days 00:01:12.009649309
0 days 00:00:00.690000,0 days 00:00:00.715011338,answer9,1.132141,-25.760864,39.326996,0.07890526,-0.015916685,0.7315027,36.615353,8.045821,10.333268,7.1847425,32.65823,0.010000906,0.62936157,6.900494,23.263006,44.897144,701.899,1322.1953,0.0,1901.0293,985.4217,-15.269876,2895.2375,956.0518,-25.719742,0 days 00:01:11.994637971,0 days 00:01:12.019649309
0 days 00:00:00.700000,0 days 00:00:00.725011338,answer9,0.98049927,-26.00347,40.573246,0.07997743,-0.0070443605,0.8708439,36.52244,8.330133,6.863142,6.5385685,32.70173,0.013332849,0.52320594,6.3604436,23.921616,47.64597,614.32135,1509.8644,-108.49832,1867.7998,1161.9894,-77.69884,2939.4353,1060.3838,-85.54663,0 days 00:01:12.004637971,0 days 00:01:12.029649309
0 days 00:00:00.710000,0 days 00:00:00.735011338,answer9,0.81059283,-23.487818,38.85001,0.08059698,-0.0067754895,1.0448107,34.443867,7.8209586,0.7054758,2.655667,0.0,0.0,0.0,0.0,0.0,0.0,639.6949,1531.4154,-139.33221,1833.6377,1149.7484,-141.07573,2987.3535,938.49493,-144.34607,0 days 00:01:12.014637971,0 days 00:01:12.039649309
0 days 00:00:00.720000,0 days 00:00:00.745011338,answer9,0.6380332,-21.587725,36.700165,0.078633994,-0.008228637,0.9250982,33.04581,8.837872,-5.598286,-0.7756572,0.0,0.0,0.0,0.0,0.0,0.0,683.545,1611.6748,-201.0,1634.0328,2116.4514,-201.0,2680.632,951.1841,-201.0,0 days 00:01:12.024637971,0 days 00:01:12.049649309
0 days 00:00:00.730000,0 days 00:00:00.755011338,answer9,0.494234,-18.545584,34.942005,0.06657872,-0.013118108,0.5469582,31.126541,8.408142,-12.4727125,-3.4380581,0.0,0.0,0.0,0.0,0.0,0.0,840.29785,1338.2731,-201.0,1761.3413,2012.7765,-201.0,2773.6992,1003.0827,-201.0,0 days 00:01:12.034637971,0 days 00:01:12.059649309
0 days 00:00:00.740000,0 days 00:00:00.765011338,answer9,0.41709045,-16.307508,31.434134,0.05826881,-0.015369709,0.24185358,28.537117,7.6878343,-16.359594,-6.781858,0.0,0.0,0.0,0.0,0.0,0.0,1013.3997,1240.819,-201.0,1900.254,1969.942,-201.0,2943.1716,957.3426,-201.0,0 days 00:01:12.044637971,0 days 00:01:12.069649309
0 days 00:00:00.750000,0 days 00:00:00.775011338,answer9,0.36204886,-14.913312,29.890818,0.053744126,-0.017080704,0.20678721,27.54225,7.753386,-18.173393,-11.291661,0.0,0.0,0.0,0.0,0.0,0.0,915.41284,1244.3134,-201.0,1944.3197,1235.2025,-201.0,3035.9773,1116.5289,-201.0,0 days 00:01:12.054637971,0 days 00:01:12.079649309
0 days 00:00:00.760000,0 days 00:00:00.785011338,answer9,0.34017193,-14.204331,28.88488,0.048272297,-0.015557364,0.12287742,27.944382,7.809998,-13.896881,-9.126172,0.0,0.0,0.0,0.0,0.0,0.0,958.70184,1351.2316,-201.0,1948.619,1532.0068,-201.0,2931.6191,1237.2432,-201.0,0 days 00:01:12.064637971,0 days 00:01:12.089649309
0 days 00:00:00.770000,0 days 00:00:00.795011338,answer9,0.32556775,-14.181117,28.054192,0.040401865,-0.012121909,0.10044202,28.602896,8.2253275,-9.815906,-8.23417,0.0,0.0,0.0,0.0,0.0,0.0,930.3753,1421.774,-201.0,1873.2467,1573.3041,-201.0,2805.1501,1163.7228,-201.0,0 days 00:01:12.074637971,0 days 00:01:12.099649309
0 days 00:00:00.780000,0 days 00:00:00.805011338,answer9,0.31424102,-13.378942,27.143148,0.026564742,-0.010891573,0.08600748,27.67086,6.8448625,-7.27701,-6.6782374,0.0,0.0,0.0,0.0,0.0,0.0,707.39655,1755.7389,-201.0,1567.4722,1674.4576,-201.0,2550.954,1159.0751,-201.0,0 days 00:01:12.084637971,0 days 00:01:12.109649309
0 days 00:00:00.790000,0 days 00:00:00.815011338,answer9,0.3018713,-13.3380785,26.058609,0.0320628,-0.011393503,0.07729295,25.679802,5.234512,-8.903749,-11.124943,0.0,0.0,0.0,0.0,0.0,0.0,668.20575,1706.1183,-201.0,1557.8529,1392.0072,-201.0,2582.2148,912.00507,-201.0,0 days 00:01:12.094637971,0 days 00:01:12.119649309
0 days 00:00:00.800000,0 days 00:00:00.825011338,answer9,0.30547428,-13.152904,27.05588,0.032587048,-0.012935061,0.072705485,26.11254,4.998836,-9.967123,-12.408183,0.0,0.0,0.0,0.0,0.0,0.0,719.99493,1806.9282,-201.0,1481.9238,1596.7045,-201.0,2553.3882,932.84937,-201.0,0 days 00:01:12.104637971,0 days 00:01:12.129649309
0 days 00:00:00.810000,0 days 00:00:00.835011338,answer9,0.29939768,-12.825643,25.523087,0.032816675,-0.012906055,0.06719552,25.829987,6.1183686,-7.3587227,-11.25586,0.0,0.0,0.0,0.0,0.0,0.0,894.9075,1568.2627,-201.0,1645.8021,1376.623,-201.0,2691.1086,625.0994,-201.0,0 days 00:01:12.114637971,0 days 00:01:12.139649309
0 days 00:00:00.820000,0 days 00:00:00.845011338,answer9,0.29659438,-14.032063,26.671837,0.03074594,-0.014440152,0.07367305,27.01683,8.029318,-4.4125285,-8.674115,0.0,0.0,0.0,0.0,0.0,0.0,873.75934,1587.2076,-201.0,1636.3815,1383.7904,-201.0,2755.038,776.5901,-201.0,0 days 00:01:12.124637971,0 days 00:01:12.149649309
0 days 00:00:00.830000,0 days 00:00:00.855011338,answer9,0.28691658,-15.046477,26.108335,0.02681884,-0.018203532,0.07571119,26.759424,9.009735,-1.3886485,-6.067703,0.0,0.0,0.0,0.0,0.0,0.0,856.3867,1453.0254,-201.0,1779.9222,1189.2775,-201.0,2808.86,794.0151,-201.0,0 days 00:01:12.134637971,0 days 00:01:12.159649309
0 days 00:00:00.840000,0 days 00:00:00.865011338,answer9,0.28542295,-16.286257,25.789297,0.03430476,-0.019846765,0.078021325,27.079437,9.66758,0.014448802,-4.5604873,0.0,0.0,0.0,0.0,0.0,0.0,862.52826,1354.8053,-201.0,1831.3351,1116.3778,-201.0,2811.6943,874.1965,-201.0,0 days 00:01:12.144637971,0 days 00:01:12.169649309
0 days 00:00:00.850000,0 days 00:00:00.875011338,answer9,0.2777451,-15.4145,23.76178,0.028891733,-0.017737538,0.075943336,27.32792,9.656446,2.0326107,-1.8782215,0.0,0.0,0.0,0.0,0.0,0.0,717.7383,1380.0143,-201.0,1667.1693,1149.4069,-201.0,2629.4348,829.3413,-201.0,0 days 00:01:12.154637971,0 days 00:01:12.179649309
0 days 00:00:00.860000,0 days 00:00:00.885011338,answer9,0.2657882,-15.48244,24.4459,0.029065887,-0.0135031445,0.07642865,26.780518,11.22022,5.0703807,1.2642978,0.0,0.0,0.0,0.0,0.0,0.0,722.39874,1404.297,-201.0,1636.4384,1146.5116,-201.0,2631.3967,793.437,-201.0,0 days 00:01:12.164637971,0 days 00:01:12.189649309
0 days 00:00:00.870000,0 days 00:00:00.895011338,answer9,0.26028275,-14.949815,23.606043,0.0073207137,-0.013256848,0.07724299,25.473219,11.850483,6.0272546,1.8985001,0.0,0.0,0.0,0.0,0.0,0.0,611.9567,1552.9984,-201.0,1575.1351,1251.2787,-201.0,2582.8445,833.2287,-201.0,0 days 00:01:12.174637971,0 days 00:01:12.199649309
0 days 00:00:00.880000,0 days 00:00:00.905011338,answer9,0.25449678,-14.4507475,22.572268,-0.014586742,-0.015312836,0.072560824,22.410246,12.005969,7.526991,1.3725442,0.0,0.0,0.0,0.0,0.0,0.0,662.4612,1608.4044,-201.0,1784.3529,1397.0585,-201.0,2548.7207,1011.61914,-201.0,0 days 00:01:12.184637971,0 days 00:01:12.209649309
0 days 00:00:00.890000,0 days 00:00:00.915011338,answer9,0.2585013,-13.673709,21.207771,-0.029849937,-0.018753596,0.06332945,20.900267,10.288495,7.3753514,0.5646338,0.0,0.0,0.0,0.0,0.0,0.0,641.48474,1530.5822,-201.0,1822.4834,1318.7618,-201.0,2538.368,1186.8007,-201.0,0 days 00:01:12.194637971,0 days 00:01:12.219649309
0 days 00:00:00.900000,0 days 00:00:00.925011338,answer9,0.2574372,-13.190502,20.467949,-0.024113944,-0.021368364,0.05351399,20.436884,9.277432,8.663989,1.0907754,0.0,0.0,0.0,0.0,0.0,0.0,702.4865,1398.7372,-201.0,1855.4569,1134.0076,-201.0,2583.1028,1034.6797,-201.0,0 days 00:01:12.204637971,0 days 00:01:12.229649309
0 days 00:00:00.910000,0 days 00:00:00.935011338,answer9,0.2596533,-13.05128,19.890755,-0.013669639,-0.019816615,0.04746558,21.358843,9.32451,6.8252983,1.7437013,0.0,0.0,0.0,0.0,0.0,0.0,795.11554,1306.522,-201.0,1856.7404,925.89795,-201.0,2691.5195,978.86115,-201.0,0 days 00:01:12.214637971,0 days 00:01:12.239649309
0 days 00:00:00.920000,0 days 00:00:00.945011338,answer9,0.24966042,-12.524403,18.034552,-0.0060867355,-0.016523527,0.041991767,21.022501,9.608612,5.7404075,1.4179531,0.0,0.0,0.0,0.0,0.0,0.0,790.76636,1289.5043,-201.0,1848.3651,920.1699,-201.0,2652.0867,831.4541,-201.0,0 days 00:01:12.224637971,0 days 00:01:12.249649309
0 days 00:00:00.930000,0 days 00:00:00.955011338,answer9,0.24067728,-12.3140955,17.784676,-0.002149279,-0.015475485,0.040914025,20.777584,10.063281,4.1580825,1.5181088,0.0,0.0,0.0,0.0,0.0,0.0,703.278,1321.3475,-201.0,1716.6842,1131.0117,-201.0,2494.8774,1038.6017,-201.0,0 days 00:01:12.234637971,0 days 00:01:12.259649309
0 days 00:00:00.940000,0 days 00:00:00.965011338,answer9,0.23190157,-12.618476,19.104898,0.0016095104,-0.015365633,0.04049565,20.323498,10.420148,6.0441704,3.1610909,0.0,0.0,0.0,0.0,0.0,0.0,780.64404,1287.674,-201.0,1724.7133,1420.8824,-201.0,2481.3132,982.1966,-201.0,0 days 00:01:12.244637971,0 days 00:01:12.269649309
0 days 00:00:00.950000,0 days 00:00:00.975011338,answer9,0.23579222,-13.145423,20.529203,0.005150467,-0.0143911615,0.04223113,21.230528,10.553599,6.2564945,2.7059908,0.0,0.0,0.0,0.0,0.0,0.0,873.68585,1268.3604,-201.0,1796.8275,1731.6035,-201.0,2468.2976,1098.6311,-201.0,0 days 00:01:12.254637971,0 days 00:01:12.279649309
0 days 00:00:00.960000,0 days 00:00:00.985011338,answer9,0.23431341,-13.310452,21.506622,-0.0035771166,-0.00922922,0.039670605,21.48768,10.280772,5.6414514,3.8419764,0.0,0.0,0.0,0.0,0.0,0.0,1083.8938,1193.9943,-201.0,2012.644,1891.1859,-201.0,2579.4666,1044.6885,-201.0,0 days 00:01:12.264637971,0 days 00:01:12.289649309
0 days 00:00:00.970000,0 days 00:00:01.000997732,answer9,0.23683947,-13.332554,21.546118,-0.01146641,-0.0076673,0.037550587,21.791727,10.379148,3.2947586,2.6544898,0.0,0.0,0.0,0.0,0.0,0.0,523.9509,1533.537,-201.0,1622.3657,1137.6577,-201.0,2616.916,795.80646,-201.0,0 days 00:01:12.274637971,0 days 00:01:12.305635703
0 days 00:00:00,0 days 00:00:00.025011338,answer10,0.52135426,-6.1738677,9.814061,0.029024912,0.0027512743,0.06584205,16.774267,-2.6421912,8.62037,17.866888,0.0,0.0,0.0,0.0,0.0,0.0,499.61264,1275.6138,-201.0,1535.7432,822.3501,-201.0,2500.39,874.10126,-201.0,0 days 00:01:21.581581582,0 days 00:01:21.606592920
0 days 00:00:00.010000,0 days 00:00:00.035011338,answer10,0.59830517,-9.570588,15.15454,0.019132433,-0.0023855125,0.24947953,20.07458,1.0448133,11.457654,20.534143,0.0,0.0,0.0,0.0,0.0,0.0,747.13153,1448.0873,-138.72221,1590.0767,897.638,-142.89648,2615.5862,832.5645,-143.04361,0 days 00:01:21.591581582,0 days 00:01:21.616592920
0 days 00:00:00.020000,0 days 00:00:00.045011338,answer10,0.77081823,-13.187621,21.317429,0.015760807,-0.006900709,0.4241182,24.880522,3.9733555,12.657008,19.901136,32.12747,0.0,3.5940208,6.8134527,11.435506,18.87226,938.43744,1354.0673,-75.12092,1732.7433,972.86786,-83.13463,2728.9434,761.06757,-84.89028,0 days 00:01:21.601581582,0 days 00:01:21.626592920
0 days 00:00:00.030000,0 days 00:00:00.055011338,answer10,1.0246121,-14.693049,24.821787,0.018805847,-0.012541674,0.48951587,30.285784,2.0992336,7.769974,17.26723,32.12359,0.015793638,3.0735857,7.1190925,11.236569,18.444407,949.9384,1411.2974,-10.807239,1743.7006,1062.2809,-21.61769,2826.5828,823.561,-25.554382,0 days 00:01:21.611581582,0 days 00:01:21.636592920
0 days 00:00:00.040000,0 days 00:00:00.065011338,answer10,1.3413996,-13.103412,24.091883,0.02626659,-0.014189944,0.43485427,31.266754,-1.7581455,4.6635675,12.554123,32.11655,0.011796452,2.1283338,7.6235313,10.962466,18.920881,879.12494,1191.1464,-8.339161,1812.3583,1042.1818,-17.301523,2819.2034,909.75604,-24.527384,0 days 00:01:21.621581582,0 days 00:01:21.646592920
0 days 00:00:00.050000,0 days 00:00:00.075011338,answer10,1.6401167,-11.19819,22.175913,0.032888655,-0.015230149,0.39944935,31.01142,-5.4005833,2.2833774,10.97435,32.110096,0.005446602,1.5025531,7.8600287,10.334933,18.76784,807.81104,1352.6143,-6.8595157,1789.3678,1115.747,-14.403968,2815.1804,1207.2128,-23.31647,0 days 00:01:21.631581582,0 days 00:01:21.656592920
0 days 00:00:00.060000,0 days 00:00:00.085011338,answer10,1.8854661,-10.490681,19.919825,0.036179084,-0.016409915,0.38625637,29.888365,-6.296923,1.6393238,8.93741,32.137646,0.004099552,1.0323359,7.71123,9.5281,20.29334,788.55835,1386.3778,-6.5337424,1817.3197,978.96783,-13.664416,2810.8274,951.8758,-24.040071,0 days 00:01:21.641581582,0 days 00:01:21.666592920
0 days 00:00:00.070000,0 days 00:00:00.095011338,answer10,2.0639865,-10.27343,16.950373,0.040028393,-0.018103093,0.43495926,29.90174,-5.757892,-0.14109917,10.120706,32.24521,0.00349515,0.6543775,7.536396,8.549194,20.228638,781.8147,1440.6771,-6.0168195,1858.5531,982.4051,-13.744137,2839.1848,1056.753,-22.717852,0 days 00:01:21.651581582,0 days 00:01:21.676592920
0 days 00:00:00.080000,0 days 00:00:00.105011338,answer10,2.1426342,-10.62692,14.468476,0.03634021,-0.021478599,0.5352269,29.670593,-3.4954996,-1.441115,11.581294,32.439884,0.002387425,0.48953012,7.28641,7.738898,20.714733,840.4777,1358.312,-6.025568,1911.5814,904.6428,-14.178113,2850.695,953.6556,-20.917772,0 days 00:01:21.661581582,0 days 00:01:21.686592920
0 days 00:00:00.090000,0 days 00:00:00.115011338,answer10,2.188607,-11.33488,14.226852,0.042485178,-0.0233426,0.7354947,29.249084,-1.6493353,1.1769668,10.02493,32.64696,0.0045315134,0.5122688,7.4078937,7.468914,23.429506,830.34326,1422.7334,-5.9129333,1904.1359,851.84894,-14.893651,2895.6218,1331.3014,-20.324501,0 days 00:01:21.671581582,0 days 00:01:21.696592920
0 days 00:00:00.100000,0 days 00:00:00.125011338,answer10,2.1328487,-13.42088,16.650175,0.04553835,-0.025696607,0.8600151,29.182611,1.4376073,2.2833605,6.8446994,32.746662,0.0070489165,0.5061876,7.670046,7.605852,23.415636,789.25635,1719.9684,-8.50222,1925.2594,1053.4991,-15.930222,2725.4617,1412.4121,-17.245714,0 days 00:01:21.681581582,0 days 00:01:21.706592920
0 days 00:00:00.110000,0 days 00:00:00.135011338,answer10,2.1096816,-14.9866,18.597805,0.051862877,-0.024780786,0.9032553,29.23523,2.7859428,7.0046406,6.0995374,32.726322,0.007360471,0.4671471,7.8435655,7.7799506,23.741796,748.7104,2004.1523,-13.076114,1854.66,1209.599,-15.788128,2610.9275,1350.7053,-15.682477,0 days 00:01:21.691581582,0 days 00:01:21.716592920
0 days 00:00:00.120000,0 days 00:00:00.145011338,answer10,2.1454856,-16.179066,20.458557,0.05729578,-0.025522992,0.8099828,29.89364,2.6664405,12.395718,3.742543,32.664383,0.0067086746,0.44330636,7.9793262,8.448946,22.145071,599.0108,1964.4062,-7.20476,1780.101,1432.0399,-15.212087,2293.3044,1505.832,-12.771054,0 days 00:01:21.701581582,0 days 00:01:21.726592920
0 days 00:00:00.130000,0 days 00:00:00.155011338,answer10,2.2259817,-16.721888,22.740042,0.06109509,-0.022456953,0.7637594,30.048075,0.24746831,18.254469,-0.62470406,32.7045,0.003932946,0.5247104,7.946261,10.421609,27.55919,826.8781,1584.6025,-9.180098,1914.8047,1219.2625,-15.37912,2811.7576,1335.546,-16.684729,0 days 00:01:21.711581582,0 days 00:01:21.736592920
0 days 00:00:00.140000,0 days 00:00:00.165011338,answer10,2.2331932,-17.832258,26.36783,0.06573409,-0.024155833,0.76404285,29.983627,-0.92037886,21.57139,-6.9764113,32.85052,0.0029789284,0.7647086,7.935799,14.073154,34.78816,1141.844,1228.9606,-8.840172,2240.1865,1254.9601,-16.31875,3393.968,1367.3063,-22.207275,0 days 00:01:21.721581582,0 days 00:01:21.746592920
0 days 00:00:00.150000,0 days 00:00:00.175011338,answer10,2.1301749,-18.58366,28.063257,0.06771175,-0.018537357,0.8527927,29.68646,-2.1937888,19.988283,-8.978826,33.10579,0.0025289138,0.63290167,7.7200904,19.437866,36.22687,1429.1547,1113.5782,-16.028475,2430.754,2581.2444,-14.638691,3508.4202,973.4973,-22.557016,0 days 00:01:21.731581582,0 days 00:01:21.756592920
0 days 00:00:00.160000,0 days 00:00:00.185011338,answer10,1.973136,-17.635775,28.10884,0.067503445,-0.013953489,1.118064,28.23371,-4.353906,19.615091,-3.2690747,33.324997,0.0054825586,0.7407284,7.513353,25.862692,33.63737,1017.1696,1268.5568,-14.5899515,2129.1719,2560.9458,-12.999485,3037.2805,1010.3216,-19.587065,0 days 00:01:21.741581582,0 days 00:01:21.766592920
0 days 00:00:00.170000,0 days 00:00:00.195011338,answer10,1.8513881,-15.631938,26.389654,0.06468091,-0.0007490826,1.1476678,26.324133,-8.117211,18.183788,3.1557522,33.257168,0.009222529,0.8009255,7.225685,29.61732,28.177343,821.52783,1241.5348,0.0,1907.856,2454.9968,-11.404255,2512.955,993.9719,-13.421269,0 days 00:01:21.751581582,0 days 00:01:21.776592920
0 days 00:00:00.180000,0 days 00:00:00.205011338,answer10,1.7375017,-14.2810545,26.203451,0.06310124,0.0015756683,1.1550138,25.814432,-10.234406,17.2283,10.102506,32.90335,0.012570837,0.8049867,7.068888,29.818628,33.6333,845.9427,1120.4175,-7.079821,1961.475,912.04266,-10.914383,3048.6921,1088.1534,-17.91205,0 days 00:01:21.761581582,0 days 00:01:21.786592920
0 days 00:00:00.190000,0 days 00:00:00.215011338,answer10,1.7244816,-14.028911,25.151587,0.056408346,0.006515002,0.9139411,27.561342,-11.499082,13.977014,15.741341,32.407635,0.013337716,0.64146715,6.607586,26.692835,34.59709,1118.0208,1020.62665,-6.7575226,2054.2085,994.8752,-9.131852,3093.2773,986.52814,-18.198584,0 days 00:01:21.771581582,0 days 00:01:21.796592920
0 days 00:00:00.200000,0 days 00:00:00.225011338,answer10,1.7167968,-14.478047,27.053024,0.05941248,0.0019689451,0.8288676,30.712921,-11.030871,9.622539,18.678686,32.018353,0.014726896,0.4636301,5.327686,21.431915,35.37982,1167.7891,1102.7753,-6.377636,2038.2775,1217.3982,-7.0693927,3111.4148,1245.7533,-20.926455,0 days 00:01:21.781581582,0 days 00:01:21.806592920
0 days 00:00:00.210000,0 days 00:00:00.235011338,answer10,1.7279259,-12.246142,25.041595,0.057517488,0.0054228925,1.0990006,31.717676,-12.399853,7.0048466,20.810297,31.529806,0.013127501,0.8491728,2.5561485,16.49515,26.296457,1086.9666,1181.462,-6.0023847,1828.568,1401.7798,-6.1787887,2681.013,1131.5992,-14.443334,0 days 00:01:21.791581582,0 days 00:01:21.816592920
0 days 00:00:00.220000,0 days 00:00:00.245011338,answer10,1.7079281,-9.276904,22.536936,0.066572286,0.0064741764,1.0206009,31.242838,-14.618123,6.168469,21.311148,31.4681,0.013132985,1.2775053,1.0157577,13.836131,22.818047,1130.3563,1067.652,-3.6773624,1926.9291,1460.2931,-2.3113286,2701.2725,1350.5983,-11.440946,0 days 00:01:21.801581582,0 days 00:01:21.826592920
0 days 00:00:00.230000,0 days 00:00:00.255011337,answer10,1.6875397,-5.5916195,18.47003,0.06929032,0.011821598,1.0382528,28.964035,-19.176815,6.169721,21.99823,31.617651,0.012191191,1.3959713,0.092043966,16.530924,18.14022,1048.1586,987.4738,-2.8831117,1863.855,1193.4562,-0.14384453,2681.045,994.47626,-7.1189303,0 days 00:01:21.811581582,0 days 00:01:21.836592919
0 days 00:00:00.240000,0 days 00:00:00.265011338,answer10,1.6800045,-3.333072,16.1716,0.060987417,0.01570731,0.67423105,26.968117,-21.854357,7.383564,22.765818,31.98472,0.018545488,1.3217765,0.20890908,21.152418,17.252684,1002.30743,943.29205,-4.479544,1876.5684,1040.6565,0.11151727,2694.6174,902.66876,-8.539563,0 days 00:01:21.821581582,0 days 00:01:21.846592920
0 days 00:00:00.250000,0 days 00:00:00.275011338,answer10,1.6133457,-2.533076,14.489845,0.044740785,0.016867366,0.6299129,25.01919,-20.848223,11.723063,22.05715,31.985697,0.018325537,1.1341969,-0.59779924,22.287867,14.930942,965.2932,983.8636,-7.2409663,1820.7651,989.5134,-2.599837,2698.638,683.6963,-10.209022,0 days 00:01:21.831581582,0 days 00:01:21.856592920
0 days 00:00:00.260000,0 days 00:00:00.285011338,answer10,1.6665097,-1.1621867,12.17928,0.033464417,0.015442369,0.60555667,24.53334,-20.64186,14.622249,24.561499,31.436705,0.023309648,1.221515,-1.3422647,20.630348,14.145766,943.67377,963.7967,-6.099561,1827.9926,916.60223,-2.5293677,2752.6667,659.14996,-11.449585,0 days 00:01:21.841581582,0 days 00:01:21.866592920
0 days 00:00:00.270000,0 days 00:00:00.295011338,answer10,1.7160186,0.37391686,10.567559,0.02900285,0.013940793,0.63484883,23.829062,-22.520258,12.466453,25.571192,31.048594,0.029777855,1.8779877,-2.524773,16.276373,11.130081,811.93774,1110.4496,-6.090505,1719.7836,1079.7067,-0.83796144,2672.7285,785.5804,-9.025265,0 days 00:01:21.851581582,0 days 00:01:21.876592920
0 days 00:00:00.280000,0 days 00:00:00.305011338,answer10,1.7577595,2.172128,9.465566,0.03531205,0.0136461025,0.6902104,23.240408,-25.755808,7.483894,25.46647,30.816378,0.046097856,2.1891463,-3.4947488,13.539662,6.1897664,671.36993,1169.5009,-8.863117,1612.7363,1250.9918,-0.926708,2476.12,1159.8717,-6.6342196,0 days 00:01:21.861581582,0 days 00:01:21.886592920
0 days 00:00:00.290000,0 days 00:00:00.315011338,answer10,1.710774,2.7940166,9.118137,0.028015345,0.015010771,0.6642463,23.036852,-26.671656,4.0855803,24.481863,31.03421,0.05646151,2.4393938,-3.542114,11.854604,3.890591,635.2924,1291.0107,-12.247536,1591.6234,1362.7389,-3.3145592,2423.1233,1203.2762,-7.6034684,0 days 00:01:21.871581582,0 days 00:01:21.896592920
0 days 00:00:00.300000,0 days 00:00:00.325011338,answer10,1.6881319,1.8177575,9.663194,0.02437084,0.009439298,0.5979957,23.77745,-25.290724,5.603138,24.86435,31.656488,0.06069207,2.0895998,-2.343611,8.424473,3.0823724,727.9798,1245.144,-12.574925,1674.4551,1258.4227,-7.1599274,2487.8477,1117.8889,-9.678684,0 days 00:01:21.881581582,0 days 00:01:21.906592920
0 days 00:00:00.310000,0 days 00:00:00.335011338,answer10,1.7109399,0.55694634,10.888877,0.015740896,0.0043962835,0.597882,24.66887,-23.08618,5.250538,24.018805,32.375965,0.06069207,2.0895998,-1.3093512,2.937804,4.829025,741.1846,1439.4652,-9.085548,1665.7675,1188.6012,-9.852302,2591.8362,840.3462,-13.422627,0 days 00:01:21.891581582,0 days 00:01:21.916592920
0 days 00:00:00.320000,0 days 00:00:00.345011338,answer10,1.7690657,-0.31012908,11.886192,0.020707339,-0.0008474393,0.639001,25.306,-21.328169,3.6109931,22.67833,33.142906,0.06398756,1.7260445,0.63378966,-4.63055,2.6921577,658.6563,1295.3855,-7.0546412,1606.0411,1102.5565,-11.717124,2608.0942,885.58154,-14.315021,0 days 00:01:21.901581582,0 days 00:01:21.926592920
0 days 00:00:00.330000,0 days 00:00:00.355011338,answer10,1.8204079,-0.78070945,13.643682,0.013191264,-0.0011341922,0.7029522,26.670227,-20.543129,-2.5461104,22.297876,33.48995,0.067283064,1.3624891,2.5565062,-9.241563,1.6830305,665.05853,1269.1832,-5.175255,1642.9912,1049.87,-10.901586,2617.0173,884.3154,-15.640157,0 days 00:01:21.911581582,0 days 00:01:21.936592920
0 days 00:00:00.340000,0 days 00:00:00.365011338,answer10,1.9713427,-1.3662853,14.492409,0.010262434,-0.005718444,0.8069299,28.057352,-20.769945,-7.159615,20.67374,33.70895,0.055121392,1.2978253,4.8765736,-10.501576,2.9118404,752.30634,1042.0951,-4.0660415,1743.8458,916.9704,-9.5169735,2715.327,877.988,-16.48461,0 days 00:01:21.921581582,0 days 00:01:21.946592920
0 days 00:00:00.350000,0 days 00:00:00.375011338,answer10,2.076543,-3.7087557,13.961558,0.0057448465,-0.011127747,0.8921075,28.656519,-19.526644,-8.193128,13.699929,33.938477,0.035357088,1.1638489,5.89895,-9.982488,6.5316415,885.6855,1228.7314,-3.0389006,1872.6324,942.8054,-8.605786,2782.0117,738.9351,-17.507412,0 days 00:01:21.931581582,0 days 00:01:21.956592920
0 days 00:00:00.360000,0 days 00:00:00.385011338,answer10,2.1512978,-6.344094,12.363782,0.019948749,-0.022306195,0.83373135,28.320456,-16.453564,-5.8712764,4.478463,34.176327,0.015137202,0.948653,6.498863,-9.172168,8.798348,870.35724,1204.0411,-4.66181,1859.9344,868.53265,-10.718438,2791.408,685.5478,-17.593546,0 days 00:01:21.941581582,0 days 00:01:21.966592920
0 days 00:00:00.370000,0 days 00:00:00.395011338,answer10,2.1230829,-8.671608,13.287361,0.03063977,-0.026883537,0.7565662,27.86946,-12.322448,-3.2733107,-4.3806806,34.464954,0.0073006656,0.73996925,6.7638373,-8.790204,9.199672,899.45465,1289.8741,-6.641546,1917.7435,854.78516,-14.623103,2858.8298,532.5013,-17.978088,0 days 00:01:21.951581582,0 days 00:01:21.976592920
0 days 00:00:00.380000,0 days 00:00:00.405011338,answer10,2.031849,-10.767148,15.529454,0.039455533,-0.030094912,0.7116135,27.649788,-8.004504,-2.3308218,-8.723704,34.886684,0.008453932,0.83667403,6.86836,-6.9163947,12.2478285,822.9859,1271.6787,-7.6583076,1931.025,840.38214,-19.818176,2791.3682,763.751,-21.219965,0 days 00:01:21.961581582,0 days 00:01:21.986592920
0 days 00:00:00.390000,0 days 00:00:00.415011338,answer10,1.8618482,-12.779941,19.47777,0.049067255,-0.030577391,0.85880834,27.297546,-3.4232624,-1.7941303,-13.228946,35.41039,0.009369441,1.0133477,7.753432,-3.4880333,15.230039,822.4759,1380.2291,-7.4366856,2073.0488,926.5713,-23.308279,2738.4417,1241.4421,-24.005049,0 days 00:01:21.971581582,0 days 00:01:21.996592920
0 days 00:00:00.400000,0 days 00:00:00.425011338,answer10,1.66823,-14.644416,22.413294,0.055073444,-0.029197715,0.81488186,26.525072,0.12058488,1.787611,-15.255821,35.93111,0.015797434,0.78839,8.53162,0.88001364,19.925835,812.86597,1365.5092,-12.653785,2144.4875,846.57404,-27.281565,2972.9004,2081.4045,-27.556479,0 days 00:01:21.981581582,0 days 00:01:22.006592920
0 days 00:00:00.410000,0 days 00:00:00.435011338,answer10,1.5170714,-16.191778,25.899445,0.058268324,-0.032042965,0.7081547,26.124655,4.0167184,4.290014,-16.358477,36.37544,0.0139202075,0.65071404,9.242679,6.0638256,20.964994,869.1448,1355.3971,-19.078714,2093.0962,1022.6634,-30.743956,2953.0828,1905.1031,-26.949867,0 days 00:01:21.991581582,0 days 00:01:22.016592920
0 days 00:00:00.420000,0 days 00:00:00.445011338,answer10,1.4457178,-17.878038,26.343317,0.06317882,-0.02945762,0.5439418,25.672447,6.819699,6.40072,-17.7992,36.688065,0.013250177,0.40415168,9.56096,13.0412,27.054182,1055.6797,1497.6577,-24.019302,2234.9268,993.3934,-29.425863,3466.7244,1557.083,-30.64637,0 days 00:01:22.001581582,0 days 00:01:22.026592920
0 days 00:00:00.430000,0 days 00:00:00.455011338,answer10,1.3928345,-19.297606,24.576698,0.07651569,-0.02721482,0.5530536,25.605036,8.788053,7.8856144,-16.35551,36.854664,0.009014473,0.49341178,9.640513,17.986341,26.960016,880.37506,1507.4425,-24.261608,2007.1642,1155.4393,-29.869879,3092.7405,770.8181,-27.863066,0 days 00:01:22.011581582,0 days 00:01:22.036592920
0 days 00:00:00.440000,0 days 00:00:00.465011338,answer10,1.3620929,-19.912855,22.783798,0.080178894,-0.025979817,0.5247419,25.514654,8.7774935,11.691078,-17.498728,36.75285,0.0076094144,0.37567362,9.173758,19.568098,26.49854,783.9372,1528.6158,0.0,1986.706,957.3426,-28.207834,3111.429,756.864,-25.791872,0 days 00:01:22.021581582,0 days 00:01:22.046592920
0 days 00:00:00.450000,0 days 00:00:00.475011338,answer10,1.2852424,-18.837286,20.687777,0.07853375,-0.027134076,0.61862296,25.32734,8.59821,16.711517,-15.670478,36.261295,0.0059037134,0.47643265,8.237172,18.979856,23.66046,538.8362,1386.5394,-18.212307,1742.0343,923.8298,-32.69641,2635.8303,704.62775,-22.779913,0 days 00:01:22.031581582,0 days 00:01:22.056592920
0 days 00:00:00.460000,0 days 00:00:00.485011338,answer10,1.1496226,-19.789106,23.310226,0.06756658,-0.030841902,0.6205985,26.075724,11.617398,17.847063,-16.903976,35.730762,0.007299083,0.6340254,6.714794,18.002008,25.252626,512.9298,1463.6367,-18.212307,1683.4232,995.4429,-31.586271,2594.2598,690.4168,-24.688406,0 days 00:01:22.041581582,0 days 00:01:22.066592920
0 days 00:00:00.470000,0 days 00:00:00.495011338,answer10,1.0291921,-20.95891,24.595055,0.06817504,-0.034141045,0.64925,27.349218,15.69221,19.712908,-19.012045,35.48616,0.020084081,0.7785721,4.6488457,23.982538,26.984184,444.03055,1400.3871,0.0,1546.7596,1120.8822,-32.066296,2515.6277,611.53827,-26.042559,0 days 00:01:22.051581582,0 days 00:01:22.076592920
0 days 00:00:00.480000,0 days 00:00:00.505011338,answer10,0.9255263,-22.622873,26.828825,0.0684202,-0.03575309,0.6500698,27.867807,18.396048,20.434519,-21.109955,35.49656,0.027357005,0.94487965,3.278089,25.941025,26.830456,356.58505,1322.7706,-99.37875,1388.9899,1206.4733,-87.387535,2420.9016,518.65717,-83.84973,0 days 00:01:22.061581582,0 days 00:01:22.086592920
0 days 00:00:00.490000,0 days 00:00:00.515011338,answer10,0.8296816,-21.563406,25.967241,0.070350625,-0.038679104,0.6868851,27.576025,17.359758,19.515903,-20.717937,0.0,0.0,0.0,0.0,0.0,0.0,391.77145,1216.6056,-133.2525,1511.3779,1216.7745,-144.4934,2403.4604,652.4471,-142.0783,0 days 00:01:22.071581582,0 days 00:01:22.096592920
0 days 00:00:00.500000,0 days 00:00:00.525011338,answer10,0.6587069,-18.751322,23.695848,0.068934746,-0.033943575,0.64622587,24.096655,14.717269,13.298486,-18.669245,0.0,0.0,0.0,0.0,0.0,0.0,584.38885,1330.7032,-201.0,1700.1627,1240.5133,-201.0,2533.467,728.61725,-201.0,0 days 00:01:22.081581582,0 days 00:01:22.106592920
0 days 00:00:00.510000,0 days 00:00:00.535011338,answer10,0.52386165,-16.51288,24.332392,0.06558498,-0.028825903,0.42949796,21.23104,12.071443,5.4398236,-16.03589,0.0,0.0,0.0,0.0,0.0,0.0,867.4885,1397.0479,-201.0,2005.7188,1186.8744,-201.0,3020.8054,938.597,-201.0,0 days 00:01:22.091581582,0 days 00:01:22.116592920
0 days 00:00:00.520000,0 days 00:00:00.545011338,answer10,0.46872404,-14.74587,23.561113,0.058425803,-0.02554149,0.22831093,17.400015,12.216779,2.842406,-13.765808,0.0,0.0,0.0,0.0,0.0,0.0,1209.2812,1269.444,-201.0,2281.8286,1016.3383,-201.0,3539.031,907.91846,-201.0,0 days 00:01:22.101581582,0 days 00:01:22.126592920
0 days 00:00:00.530000,0 days 00:00:00.555011338,answer10,0.48161387,-14.235826,22.994608,0.052816678,-0.023914846,0.13862829,15.945832,13.2132845,4.5465107,-11.76712,0.0,0.0,0.0,0.0,0.0,0.0,1115.2732,1318.8933,-201.0,2209.3298,953.81836,-201.0,3467.86,920.1076,-201.0,0 days 00:01:22.111581582,0 days 00:01:22.136592920
0 days 00:00:00.540000,0 days 00:00:00.565011338,answer10,0.47688445,-13.084504,20.256971,0.041908484,-0.025738785,0.13776585,14.482728,15.182747,7.2395854,-10.577644,0.0,0.0,0.0,0.0,0.0,0.0,825.9056,1278.9777,-201.0,1899.9614,958.64575,-201.0,2986.4668,768.7806,-201.0,0 days 00:01:22.121581582,0 days 00:01:22.146592920
0 days 00:00:00.550000,0 days 00:00:00.575011338,answer10,0.44335678,-11.83474,18.549593,0.036876094,-0.022868024,0.12983696,13.11209,15.727875,5.9862084,-10.964189,0.0,0.0,0.0,0.0,0.0,0.0,644.65186,1443.7233,-201.0,1650.4652,1005.5451,-201.0,2610.9446,670.1489,-201.0,0 days 00:01:22.131581582,0 days 00:01:22.156592920
0 days 00:00:00.560000,0 days 00:00:00.585011338,answer10,0.41702223,-9.991855,16.910906,0.028302552,-0.022828177,0.11856723,11.058774,15.024586,2.994258,-10.287034,0.0,0.0,0.0,0.0,0.0,0.0,659.5559,1377.2719,-201.0,1654.8541,1040.2448,-201.0,2608.384,691.1201,-201.0,0 days 00:01:22.141581582,0 days 00:01:22.166592920
0 days 00:00:00.570000,0 days 00:00:00.595011338,answer10,0.41041064,-9.484267,15.569511,0.02627563,-0.021311237,0.083969146,10.139512,15.227475,2.6532462,-7.212379,0.0,0.0,0.0,0.0,0.0,0.0,672.0076,1366.8065,-201.0,1669.8104,1020.1521,-201.0,2634.9568,699.51514,-201.0,0 days 00:01:22.151581582,0 days 00:01:22.176592920
0 days 00:00:00.580000,0 days 00:00:00.605011338,answer10,0.42023233,-9.360031,15.628444,0.025678316,-0.019379487,0.07824928,11.188202,13.803836,4.5641894,-3.2558403,0.0,0.0,0.0,0.0,0.0,0.0,621.7443,1471.2318,-201.0,1620.2594,976.8745,-201.0,2594.2239,719.34735,-201.0,0 days 00:01:22.161581582,0 days 00:01:22.186592920
0 days 00:00:00.590000,0 days 00:00:00.615011338,answer10,0.4153603,-10.017072,17.094961,0.019900903,-0.018492715,0.07941873,12.650523,13.646077,7.669548,1.073784,0.0,0.0,0.0,0.0,0.0,0.0,530.5822,1418.0167,-201.0,1581.3417,853.96344,-201.0,2605.5508,757.81494,-201.0,0 days 00:01:22.171581582,0 days 00:01:22.196592920
0 days 00:00:00.600000,0 days 00:00:00.625011338,answer10,0.40765655,-9.277264,16.975561,0.01619497,-0.013647356,0.08172526,13.493939,10.908877,8.11391,2.7838266,0.0,0.0,0.0,0.0,0.0,0.0,685.7713,1441.6953,-201.0,1685.3257,897.3919,-201.0,2671.8933,772.46906,-201.0,0 days 00:01:22.181581582,0 days 00:01:22.206592920
0 days 00:00:00.610000,0 days 00:00:00.635011338,answer10,0.40741852,-9.178765,17.171118,0.005795781,-0.01583101,0.083969384,13.704059,10.177829,8.2568865,1.0061606,0.0,0.0,0.0,0.0,0.0,0.0,563.42914,1445.973,-201.0,1506.0201,1092.5186,-201.0,2469.821,812.7563,-201.0,0 days 00:01:22.191581582,0 days 00:01:22.216592920
0 days 00:00:00.620000,0 days 00:00:00.645011338,answer10,0.40064338,-8.3839445,15.984567,0.015670728,-0.0147423325,0.08445712,13.97144,7.8170686,4.85393,-2.4196193,0.0,0.0,0.0,0.0,0.0,0.0,685.01056,1421.4149,-201.0,1548.9366,1098.2292,-201.0,2513.0723,732.283,-201.0,0 days 00:01:22.201581582,0 days 00:01:22.226592920
0 days 00:00:00.630000,0 days 00:00:00.655011338,answer10,0.3806481,-7.9716506,14.634906,0.01751344,-0.017794218,0.08595856,13.365556,6.804554,3.0421836,-6.074473,0.0,0.0,0.0,0.0,0.0,0.0,678.2298,1377.5883,-201.0,1555.599,1051.5116,-201.0,2526.71,719.93134,-201.0,0 days 00:01:22.211581582,0 days 00:01:22.236592920
0 days 00:00:00.640000,0 days 00:00:00.665011338,answer10,0.3455589,-7.357492,12.538315,0.021316178,-0.020365713,0.07514704,12.833461,6.251232,1.1583068,-8.744468,0.0,0.0,0.0,0.0,0.0,0.0,686.4912,1350.3575,-201.0,1638.7173,1058.8386,-201.0,2630.6672,769.26636,-201.0,0 days 00:01:22.221581582,0 days 00:01:22.246592920
0 days 00:00:00.650000,0 days 00:00:00.675011338,answer10,0.3143039,-7.946181,13.681277,0.0019040555,-0.023271093,0.061678905,14.038479,7.2963653,2.638427,-7.6896462,0.0,0.0,0.0,0.0,0.0,0.0,710.3697,1356.3213,-201.0,1669.8302,1155.7041,-201.0,2627.2312,841.889,-201.0,0 days 00:01:22.231581582,0 days 00:01:22.256592920
0 days 00:00:00.660000,0 days 00:00:00.685011338,answer10,0.3040131,-8.556283,13.383031,-0.004995469,-0.024693057,0.052795213,15.07651,8.299033,3.0281146,-7.364535,0.0,0.0,0.0,0.0,0.0,0.0,693.01556,1362.9254,-201.0,1666.357,1146.9412,-201.0,2611.8718,850.26416,-201.0,0 days 00:01:22.241581582,0 days 00:01:22.266592920
0 days 00:00:00.670000,0 days 00:00:00.695011338,answer10,0.30709252,-9.0232,14.315848,-0.0069597424,-0.022286838,0.051350113,16.933546,7.743229,1.3571607,-5.3095345,0.0,0.0,0.0,0.0,0.0,0.0,840.9764,1235.5864,-201.0,1838.659,982.64594,-201.0,2725.0947,840.98975,-201.0,0 days 00:01:22.251581582,0 days 00:01:22.276592920
0 days 00:00:00.680000,0 days 00:00:00.705011338,answer10,0.3073987,-9.433383,14.332596,0.008372851,-0.01689014,0.055015206,17.262379,9.035027,-0.09409513,-2.8392928,0.0,0.0,0.0,0.0,0.0,0.0,965.62384,1398.0211,-201.0,1970.0697,1036.1954,-201.0,3072.4863,1037.3842,-201.0,0 days 00:01:22.261581582,0 days 00:01:22.286592920
0 days 00:00:00.690000,0 days 00:00:00.715011338,answer10,0.3067793,-9.445213,16.918646,0.022158623,-0.013088894,0.0642649,17.682253,7.856953,-4.0468206,-2.944566,0.0,0.0,0.0,0.0,0.0,0.0,1026.2408,1523.9175,-201.0,2000.8604,1173.6359,-201.0,3130.5603,981.78174,-201.0,0 days 00:01:22.271581582,0 days 00:01:22.296592920
0 days 00:00:00.700000,0 days 00:00:00.725011338,answer10,0.2911893,-9.178757,18.682434,0.027391002,-0.011755946,0.05793624,16.887323,7.5851874,-4.767344,-3.2466576,0.0,0.0,0.0,0.0,0.0,0.0,1056.4764,1646.0189,-201.0,2057.4626,1281.2423,-201.0,2953.193,1779.9584,-201.0,0 days 00:01:22.281581582,0 days 00:01:22.306592920
0 days 00:00:00.710000,0 days 00:00:00.735011338,answer10,0.28425592,-9.128049,18.556816,0.025037453,-0.014108482,0.054939095,17.28229,5.6616406,-5.278662,-3.7521791,0.0,0.0,0.0,0.0,0.0,0.0,786.2532,1495.581,-201.0,1791.4542,1322.9564,-201.0,2373.98,1790.973,-201.0,0 days 00:01:22.291581582,0 days 00:01:22.316592920
0 days 00:00:00.720000,0 days 00:00:00.745011338,answer10,0.29326692,-10.752057,20.178392,0.014615707,-0.016511492,0.059316825,20.568787,6.7139688,-4.416845,-1.3715664,0.0,0.0,0.0,0.0,0.0,0.0,696.9868,1465.128,-201.0,1715.6558,1312.1322,-201.0,2287.874,1864.3143,-201.0,0 days 00:01:22.301581582,0 days 00:01:22.326592920
0 days 00:00:00.730000,0 days 00:00:00.755011338,answer10,0.31765547,-11.5719185,20.105228,0.013539329,-0.014101188,0.082683496,23.246437,6.5021806,-3.5257387,1.2710391,0.0,0.0,0.0,0.0,0.0,0.0,500.9684,1416.8524,-201.0,1469.5684,1236.9633,-201.0,2378.491,1042.3838,-201.0,0 days 00:01:22.311581582,0 days 00:01:22.336592920
0 days 00:00:00.740000,0 days 00:00:00.765011338,answer10,0.33842698,-11.97189,21.859924,0.023349153,-0.014473237,0.08759906,24.793037,6.058272,-4.503351,-1.7134523,0.0,0.0,0.0,0.0,0.0,0.0,476.00687,1515.5488,-201.0,1418.0488,1234.0737,-201.0,2391.2556,1060.1348,-201.0,0 days 00:01:22.321581582,0 days 00:01:22.346592920
0 days 00:00:00.750000,0 days 00:00:00.775011338,answer10,0.33731756,-11.513856,22.426523,0.035579797,-0.011496752,0.09025165,24.338737,5.7142105,-3.6329644,-2.1734045,0.0,0.0,0.0,0.0,0.0,0.0,607.3462,1544.8434,-201.0,1516.601,1282.7858,-201.0,2461.0535,1008.48755,-201.0,0 days 00:01:22.331581582,0 days 00:01:22.356592920
0 days 00:00:00.760000,0 days 00:00:00.785011338,answer10,0.3341423,-12.004585,23.289228,0.036498576,-0.015002216,0.083702214,24.249495,6.3924885,-2.4414968,-4.0746913,0.0,0.0,0.0,0.0,0.0,0.0,626.4433,1579.31,-201.0,1555.0067,1341.6498,-201.0,2479.2197,1046.4673,-201.0,0 days 00:01:22.341581582,0 days 00:01:22.366592920
0 days 00:00:00.770000,0 days 00:00:00.795011338,answer10,0.33573982,-12.783587,24.016695,0.039360553,-0.013173789,0.09112168,23.71501,7.649092,-0.2861931,-3.675577,0.0,0.0,0.0,0.0,0.0,0.0,851.5069,1406.749,-201.0,1891.0726,1147.8883,-201.0,3032.4036,980.09155,-201.0,0 days 00:01:22.351581582,0 days 00:01:22.376592920
0 days 00:00:00.780000,0 days 00:00:00.805011338,answer10,0.33572245,-12.869769,23.933813,0.028873747,-0.012533136,0.09733951,23.925447,8.537171,1.6111736,-4.1119676,0.0,0.0,0.0,0.0,0.0,0.0,615.9832,1372.0074,-201.0,1675.6676,1072.3964,-201.0,2897.0146,1037.1713,-201.0,0 days 00:01:22.361581582,0 days 00:01:22.386592920
0 days 00:00:00.790000,0 days 00:00:00.815011338,answer10,0.3329113,-12.314392,23.190504,0.030404696,-0.009791912,0.09144,24.306437,8.125875,-0.16269088,-4.8974557,0.0,0.0,0.0,0.0,0.0,0.0,863.0075,1316.7941,-201.0,1893.4979,1210.4733,-201.0,2997.6858,928.9597,-201.0,0 days 00:01:22.371581582,0 days 00:01:22.396592920
0 days 00:00:00.800000,0 days 00:00:00.825011338,answer10,0.33053395,-11.63075,22.508875,0.018275706,-0.009536491,0.08974483,24.774328,7.2003136,-1.3539175,-3.950471,0.0,0.0,0.0,0.0,0.0,0.0,773.1984,1401.1722,-201.0,1714.6674,1274.5986,-201.0,2653.3586,798.7216,-201.0,0 days 00:01:22.381581582,0 days 00:01:22.406592920
0 days 00:00:00.810000,0 days 00:00:00.835011338,answer10,0.33510813,-10.781301,21.60475,0.026192434,-0.014197551,0.07983106,23.902216,4.769918,-4.577238,-7.1546884,0.0,0.0,0.0,0.0,0.0,0.0,759.30493,1537.0903,-201.0,1718.106,1416.7279,-201.0,2626.8574,1289.8276,-201.0,0 days 00:01:22.391581582,0 days 00:01:22.416592920
0 days 00:00:00.820000,0 days 00:00:00.845011338,answer10,0.33732796,-10.944832,20.555786,0.029198358,-0.01827839,0.074359454,23.73877,3.1755543,-6.3716793,-9.523096,0.0,0.0,0.0,0.0,0.0,0.0,524.48804,1551.9086,-201.0,1493.0409,1257.4681,-201.0,2533.063,1294.2963,-201.0,0 days 00:01:22.401581582,0 days 00:01:22.426592920
0 days 00:00:00.830000,0 days 00:00:00.855011338,answer10,0.33142987,-9.918691,17.470621,0.027902046,-0.019578606,0.07167393,22.246778,1.0726537,-7.9926605,-11.124054,0.0,0.0,0.0,0.0,0.0,0.0,389.181,1489.7843,-201.0,1390.819,1241.9996,-201.0,2434.4202,1276.662,-201.0,0 days 00:01:22.411581582,0 days 00:01:22.436592920
0 days 00:00:00.840000,0 days 00:00:00.865011338,answer10,0.32701942,-9.101818,15.441165,0.018645128,-0.01586681,0.06169641,20.586855,0.111683525,-9.649594,-10.398202,0.0,0.0,0.0,0.0,0.0,0.0,419.47525,1302.9093,-201.0,1425.1481,1090.1987,-201.0,2484.2014,770.44946,-201.0,0 days 00:01:22.421581582,0 days 00:01:22.446592920
0 days 00:00:00.850000,0 days 00:00:00.875011338,answer10,0.3414438,-8.0113945,15.193868,0.014660244,-0.0122931,0.06983107,16.876186,3.0688117,-11.128728,-6.8703103,0.0,0.0,0.0,0.0,0.0,0.0,417.3414,1282.269,-201.0,1398.2535,1083.4937,-201.0,2488.366,866.4461,-201.0,0 days 00:01:22.431581582,0 days 00:01:22.456592920
0 days 00:00:00.860000,0 days 00:00:00.885011338,answer10,0.37625775,-8.40691,15.351312,0.019477626,-0.016762909,0.070581496,13.280804,7.903333,-14.573247,-5.67938,0.0,0.0,0.0,0.0,0.0,0.0,566.6889,1459.5323,-201.0,1458.874,1136.3989,-201.0,2552.2688,815.9793,-201.0,0 days 00:01:22.441581582,0 days 00:01:22.466592920
0 days 00:00:00.870000,0 days 00:00:00.895011338,answer10,0.42251638,-7.829226,13.506198,0.025845943,-0.016221339,0.08199134,9.875211,12.5267,-15.746772,-3.9948719,0.0,0.0,0.0,0.0,0.0,0.0,531.08405,1560.6934,-201.0,1384.2749,1201.5762,-201.0,2467.3904,875.99927,-201.0,0 days 00:01:22.451581582,0 days 00:01:22.476592920
0 days 00:00:00.880000,0 days 00:00:00.905011338,answer10,0.4424301,-8.287938,12.73093,0.01972215,-0.015310568,0.090387665,9.637862,15.337407,-14.636798,-1.9809723,0.0,0.0,0.0,0.0,0.0,0.0,720.53705,1591.348,-201.0,1593.4857,1437.4305,-201.0,2489.8274,945.14374,-201.0,0 days 00:01:22.461581582,0 days 00:01:22.486592920
0 days 00:00:00.890000,0 days 00:00:00.915011338,answer10,0.43212783,-7.5683055,13.988629,0.016865417,-0.01093626,0.09334225,10.804021,14.196618,-12.707234,0.07856319,0.0,0.0,0.0,0.0,0.0,0.0,601.4627,1719.0521,-201.0,1562.6549,1519.5288,-201.0,2480.0947,1092.7974,-201.0,0 days 00:01:22.471581582,0 days 00:01:22.496592920
0 days 00:00:00.900000,0 days 00:00:00.925011338,answer10,0.4144071,-7.749611,15.978805,0.018462,-0.011166949,0.08974121,12.512481,10.751853,-11.148872,-0.84156066,0.0,0.0,0.0,0.0,0.0,0.0,833.7056,1617.5748,-201.0,1801.0702,1721.9708,-201.0,2552.6853,1103.3804,-201.0,0 days 00:01:22.481581582,0 days 00:01:22.506592920
0 days 00:00:00.910000,0 days 00:00:00.935011338,answer10,0.40305674,-7.6737504,17.093384,0.027635694,-0.012346181,0.084830016,12.960719,6.3905005,-10.261552,-4.2719884,0.0,0.0,0.0,0.0,0.0,0.0,573.95935,1651.8922,-201.0,1575.9214,1439.081,-201.0,2474.3982,942.8101,-201.0,0 days 00:01:22.491581582,0 days 00:01:22.516592920
0 days 00:00:00.920000,0 days 00:00:00.945011338,answer10,0.40213013,-7.0536823,17.170946,0.022032447,-0.009979076,0.08098335,14.434322,3.873676,-8.0236025,-4.6223006,0.0,0.0,0.0,0.0,0.0,0.0,813.32587,1393.3673,-201.0,1822.6201,1535.3295,-201.0,2525.3542,874.3046,-201.0,0 days 00:01:22.501581582,0 days 00:01:22.526592920
0 days 00:00:00.930000,0 days 00:00:00.955011338,answer10,0.38928255,-6.4965577,17.003603,0.008249958,-0.005163094,0.083911665,15.541641,4.598547,-4.870308,-0.5218951,0.0,0.0,0.0,0.0,0.0,0.0,592.8735,1478.8882,-201.0,1607.8407,1285.8464,-201.0,2497.3252,830.1995,-201.0,0 days 00:01:22.511581582,0 days 00:01:22.536592920
0 days 00:00:00.940000,0 days 00:00:00.965011338,answer10,0.38498965,-4.976543,13.769463,0.0008173338,-0.002179193,0.0756509,16.03198,3.2201488,-2.061131,3.5969296,0.0,0.0,0.0,0.0,0.0,0.0,629.5434,1447.766,-201.0,1581.5106,1302.5087,-201.0,2435.2356,873.31866,-201.0,0 days 00:01:22.521581582,0 days 00:01:22.546592920
0 days 00:00:00.950000,0 days 00:00:00.975011338,answer10,0.3658314,-5.8270087,12.116127,0.0077475347,-0.004622372,0.0705655,15.617061,3.2384956,1.3351017,2.5012429,0.0,0.0,0.0,0.0,0.0,0.0,340.52988,1509.9618,-201.0,1223.0742,1108.6488,-201.0,2231.043,862.23224,-201.0,0 days 00:01:22.531581582,0 days 00:01:22.556592920
0 days 00:00:00.960000,0 days 00:00:00.985011338,answer10,0.36037657,-7.1342773,12.511592,0.0138295805,-0.012807983,0.060029488,16.215555,2.0759401,1.2639796,-1.578386,0.0,0.0,0.0,0.0,0.0,0.0,324.3369,1486.918,-201.0,1193.4396,1095.0531,-201.0,2149.1096,873.8994,-201.0,0 days 00:01:22.541581582,0 days 00:01:22.566592920
0 days 00:00:00.970000,0 days 00:00:01.000997732,answer10,0.34881905,-8.359563,15.031161,0.013574784,-0.017892672,0.05799974,17.012888,1.9951016,0.3596611,-5.540175,0.0,0.0,0.0,0.0,0.0,0.0,1050.5381,1170.9445,-201.0,2147.3904,1085.0195,-201.0,2800.069,2111.312,-201.0,0 days 00:01:22.551581582,0 days 00:01:22.582579314
