start,end,label,Loudness_sma3,alphaRatio_sma3,hammarbergIndex_sma3,slope0-500_sma3,slope500-1500_sma3,spectralFlux_sma3,mfcc1_sma3,mfcc2_sma3,mfcc3_sma3,mfcc4_sma3,F0semitoneFrom27.5Hz_sma3nz,jitterLocal_sma3nz,shimmerLocaldB_sma3nz,HNRdBACF_sma3nz,logRelF0-H1-H2_sma3nz,logRelF0-H1-A3_sma3nz,F1frequency_sma3nz,F1bandwidth_sma3nz,F1amplitudeLogRelF0_sma3nz,F2frequency_sma3nz,F2bandwidth_sma3nz,F2amplitudeLogRelF0_sma3nz,F3frequency_sma3nz,F3bandwidth_sma3nz,F3amplitudeLogRelF0_sma3nz,original_start,original_end
0 days 00:00:00,0 days 00:00:00.020000,answer2,0.3286342,-18.281988,27.321589,0.024685854,-0.012022589,0.081394054,20.744453,13.338557,10.197599,4.3035784,24.659811,0.0,3.3100846,-2.7350662,11.383533,23.38118,826.5725,1250.955,-5.739082,1821.8322,814.5071,-13.562023,3001.8484,452.36475,-16.60454,0 days 00:00:12.066733400,0 days 00:00:12.086733400
0 days 00:00:00.010000,0 days 00:00:00.030000,answer2,0.33599213,-16.427156,26.008957,0.03740419,-0.008358095,0.12494442,19.400978,13.805644,9.55461,2.9817688,24.114698,0.02126677,3.5715406,-2.9025524,-0.30166373,17.201715,815.3309,1194.6344,-4.9838567,1867.6029,735.31793,-12.661239,3013.128,424.0648,-15.597015,0 days 00:00:12.076733400,0 days 00:00:12.096733400
0 days 00:00:00.020000,0 days 00:00:00.040000,answer2,0.33939996,-12.3057165,23.621595,0.072328985,-0.004187392,0.19647183,17.765694,11.777134,4.349284,0.44079265,23.528116,0.021692166,3.8329961,-2.8328533,-9.983004,12.77477,787.70526,1129.0687,-2.0638683,1908.4601,767.71796,-10.149207,2996.3137,460.31674,-13.28621,0 days 00:00:12.086733400,0 days 00:00:12.106733400
0 days 00:00:00.030000,0 days 00:00:00.050000,answer2,0.36089286,-9.001091,20.591934,0.07903632,-0.002059167,0.14815424,15.896179,8.261047,3.6682546,2.1048093,23.450232,0.022542963,3.5326622,-1.9974233,-9.625323,12.351098,1032.7408,900.2517,0.5206394,2199.989,686.66986,-10.422067,3238.1953,427.08524,-8.648357,0 days 00:00:12.096733400,0 days 00:00:12.116733400
0 days 00:00:00.040000,0 days 00:00:00.060000,answer2,0.3544434,-6.27219,18.246851,0.076655984,-0.0019698504,0.13268827,15.418412,3.7014606,0.8786884,0.2787447,23.358162,0.022542963,3.5326622,-1.7089987,-8.018809,13.969778,1020.9927,939.0342,-64.89506,2197.9863,746.0415,-72.388084,3213.717,544.87964,-71.35684,0 days 00:00:12.106733400,0 days 00:00:12.126733400
0 days 00:00:00.050000,0 days 00:00:00.070000,answer2,0.3688338,-6.600391,18.691572,0.07441156,-0.0039655273,0.10806803,15.32621,0.9978838,1.4743727,-1.7276171,0.0,0.0,0.0,0.0,0.0,0.0,1026.8595,958.31976,-132.47552,2181.205,712.61346,-135.96535,3209.6501,556.3018,-135.3686,0 days 00:00:12.116733400,0 days 00:00:12.136733400
0 days 00:00:00.060000,0 days 00:00:00.080000,answer2,0.3501576,-8.176124,19.91163,0.06691317,-0.0019069755,0.12524392,15.863866,1.3972279,1.9164766,-3.988577,0.0,0.0,0.0,0.0,0.0,0.0,778.0473,1263.0203,-128.84038,1861.2905,842.6294,-132.09612,2938.7815,609.1011,-134.4392,0 days 00:00:12.126733400,0 days 00:00:12.146733400
0 days 00:00:00.070000,0 days 00:00:00.090000,answer2,0.35084066,-8.243167,18.400625,0.06544143,-0.0029213012,0.11999994,15.139279,1.401466,1.3528423,-3.496197,13.984489,0.0,0.0,-4.049286,-17.278044,1.3475275,572.7762,1353.0338,-58.79135,1537.3267,1055.7538,-65.38485,2577.3604,674.65784,-68.97749,0 days 00:00:12.136733400,0 days 00:00:12.156733400
0 days 00:00:00.080000,0 days 00:00:00.100000,answer2,0.3487163,-8.977876,16.992973,0.05089724,-0.0021834767,0.11680464,16.036148,2.929821,2.2965724,2.6583817,13.826015,0.0,0.0,-3.6823788,-17.05998,2.7596188,589.95636,1449.1313,7.623464,1510.538,1137.1193,-0.4848412,2564.5251,817.8831,-3.6725178,0 days 00:00:12.146733400,0 days 00:00:12.166733400
0 days 00:00:00.090000,0 days 00:00:00.110000,answer2,0.37651348,-8.256919,15.306946,0.055618983,-0.0077901427,0.11091021,15.253791,2.7163124,1.8803282,2.878088,13.642063,0.0,1.0489874,-2.7582076,-16.408499,6.403198,654.65344,1215.0658,5.438675,1579.0771,1030.0499,-3.244929,2586.0913,751.538,-5.3385067,0 days 00:00:12.156733400,0 days 00:00:12.176733400
0 days 00:00:00.100000,0 days 00:00:00.120000,answer2,0.3898724,-9.812095,18.243732,0.050981212,-0.0049543716,0.14305596,16.551481,4.9363427,7.331247,7.416964,13.5083475,0.0,0.71059066,-2.8923113,-13.6488085,11.489159,886.9541,1050.4323,5.2470055,1901.5438,819.1849,-4.6655498,2932.966,705.26776,-5.731195,0 days 00:00:12.166733400,0 days 00:00:12.186733400
0 days 00:00:00.110000,0 days 00:00:00.130000,answer2,0.37707028,-10.400216,20.760715,0.03579933,-0.009092972,0.13757192,16.651367,6.500183,8.655907,4.898678,13.605252,0.019851413,0.6949358,-2.8655605,-11.67773,14.251964,587.48956,1263.5768,14.541104,1568.2435,907.4082,1.3600019,2623.1575,655.7974,-3.5215263,0 days 00:00:12.176733400,0 days 00:00:12.196733400
0 days 00:00:00.120000,0 days 00:00:00.140000,answer2,0.35649896,-11.730062,22.785177,0.026547732,-0.005395241,0.1309508,18.753006,7.609752,10.976176,7.9145317,13.720918,0.019851413,0.679281,-3.4391048,-10.965833,14.903047,816.385,1260.5398,13.087222,1881.1481,881.8626,3.6137588,2904.004,713.0024,-2.1360147,0 days 00:00:12.186733400,0 days 00:00:12.206733400
0 days 00:00:00.130000,0 days 00:00:00.150000,answer2,0.33571628,-12.739871,23.548754,0.032102,-0.011476062,0.11842197,19.743958,9.629225,7.4281507,4.756041,13.762839,0.0,1.0020229,-3.695257,-10.931671,14.154892,544.8714,1451.209,-56.77013,1542.6237,1000.9118,-61.67689,2582.044,689.35645,-67.205025,0 days 00:00:12.196733400,0 days 00:00:12.216733400
0 days 00:00:00.140000,0 days 00:00:00.160000,answer2,0.31922588,-12.176631,20.769342,0.047802538,-0.0077824406,0.12218889,19.139677,9.0282545,6.764006,7.9913483,0.0,0.0,0.0,0.0,0.0,0.0,865.3034,1185.2877,-132.47905,1879.5776,846.4834,-132.60245,2923.4578,623.6675,-134.71967,0 days 00:00:12.206733400,0 days 00:00:12.226733400
0 days 00:00:00.150000,0 days 00:00:00.170000,answer2,0.30308613,-10.173902,16.8219,0.0574775,-0.012030523,0.12925702,17.549126,6.9656715,3.3239326,6.531198,0.0,0.0,0.0,0.0,0.0,0.0,648.14105,1356.6818,-201.0,1528.8018,1122.2147,-201.0,2558.741,714.55005,-201.0,0 days 00:00:12.216733400,0 days 00:00:12.236733400
0 days 00:00:00.160000,0 days 00:00:00.180000,answer2,0.30309418,-7.6479583,13.604924,0.051779468,-0.012862262,0.116090514,16.894945,2.309975,-1.0284258,3.4855404,0.0,0.0,0.0,0.0,0.0,0.0,897.7466,1351.2042,-201.0,1818.0146,1107.6132,-201.0,2865.4617,696.9619,-201.0,0 days 00:00:12.226733400,0 days 00:00:12.246733400
0 days 00:00:00.170000,0 days 00:00:00.190000,answer2,0.32719895,-6.2213426,14.817683,0.043760452,-0.008781214,0.10899642,16.475649,0.42266536,-4.9014964,-0.80784553,0.0,0.0,0.0,0.0,0.0,0.0,892.0174,1289.0299,-201.0,1861.6484,1083.2162,-201.0,2858.3027,706.8894,-201.0,0 days 00:00:12.236733400,0 days 00:00:12.256733400
0 days 00:00:00.180000,0 days 00:00:00.200000,answer2,0.36007905,-6.5733666,16.70727,0.04795553,-0.0038308983,0.103057265,17.79528,0.5747555,-5.5416675,-2.1863601,0.0,0.0,0.0,0.0,0.0,0.0,1095.2991,1096.4296,-201.0,2176.4016,848.3438,-201.0,3221.0657,586.53876,-201.0,0 days 00:00:12.246733400,0 days 00:00:12.266733400
0 days 00:00:00.190000,0 days 00:00:00.210000,answer2,0.37542596,-6.9011254,16.044462,0.06851035,-0.002100521,0.100420214,17.722393,0.16199975,-4.417989,-1.6893607,0.0,0.0,0.0,0.0,0.0,0.0,788.846,1174.011,-201.0,1888.6606,837.79767,-201.0,2960.2908,628.10785,-201.0,0 days 00:00:12.256733400,0 days 00:00:12.276733400
0 days 00:00:00.200000,0 days 00:00:00.220000,answer2,0.38148448,-6.714544,14.54644,0.07303578,-0.004656657,0.10430145,17.925554,-1.0699729,-3.3165505,-1.5951599,0.0,0.0,0.0,0.0,0.0,0.0,800.27704,1219.2965,-201.0,1874.964,909.02246,-201.0,2971.6008,660.3095,-201.0,0 days 00:00:12.266733400,0 days 00:00:12.286733400
0 days 00:00:00.210000,0 days 00:00:00.230000,answer2,0.3758341,-6.953285,14.973365,0.07516428,-0.0035410647,0.10957434,16.877283,-2.0340233,-3.2059667,-2.5792925,0.0,0.0,0.0,0.0,0.0,0.0,796.7762,1241.0825,-201.0,1889.8082,875.7192,-201.0,2985.5872,645.2439,-201.0,0 days 00:00:12.276733400,0 days 00:00:12.296733400
0 days 00:00:00.220000,0 days 00:00:00.240000,answer2,0.37157476,-7.3487144,15.809403,0.05521531,-0.006281104,0.11633507,16.2452,-0.06969404,0.49992847,-1.5078562,0.0,0.0,0.0,0.0,0.0,0.0,873.9133,1080.9774,-201.0,1945.9965,814.4299,-201.0,3007.3743,665.9056,-201.0,0 days 00:00:12.286733400,0 days 00:00:12.306733400
0 days 00:00:00.230000,0 days 00:00:00.250000,answer2,0.35695305,-7.0164847,14.284545,0.04884095,-0.008458131,0.11009101,14.600598,0.2034982,1.8665247,-4.8455663,0.0,0.0,0.0,0.0,0.0,0.0,571.6259,1200.6238,-201.0,1635.2305,833.3958,-201.0,2678.5562,646.186,-201.0,0 days 00:00:12.296733400,0 days 00:00:12.316733400
0 days 00:00:00.240000,0 days 00:00:00.260000,answer2,0.3516657,-6.7497687,12.670341,0.04560404,-0.012215122,0.0976853,13.683444,1.4523472,6.4775414,-4.401033,0.0,0.0,0.0,0.0,0.0,0.0,345.3361,1237.6592,-201.0,1360.3965,833.59375,-201.0,2404.3682,657.1274,-201.0,0 days 00:00:12.306733400,0 days 00:00:12.326733400
0 days 00:00:00.250000,0 days 00:00:00.270000,answer2,0.34837297,-5.7843003,11.934918,0.048101455,-0.009927465,0.09653857,12.487717,0.5443539,6.8271217,-4.930549,0.0,0.0,0.0,0.0,0.0,0.0,331.2051,1299.797,-201.0,1337.0798,842.17676,-201.0,2400.7131,582.5186,-201.0,0 days 00:00:12.316733400,0 days 00:00:12.336733400
0 days 00:00:00.260000,0 days 00:00:00.280000,answer2,0.3499416,-6.6166954,13.387744,0.052324086,-0.0074103177,0.094701566,13.66093,2.2794971,7.854185,-6.4031177,0.0,0.0,0.0,0.0,0.0,0.0,578.39703,1185.597,-201.0,1703.914,735.335,-201.0,2661.8975,711.31866,-201.0,0 days 00:00:12.326733400,0 days 00:00:12.346733400
0 days 00:00:00.270000,0 days 00:00:00.290000,answer2,0.3370107,-7.949059,14.5777235,0.049926337,-0.010233277,0.085472025,14.358363,4.2141476,6.572806,-10.153134,0.0,0.0,0.0,0.0,0.0,0.0,510.9022,1336.7772,-201.0,1666.5167,892.3628,-201.0,2620.461,712.75665,-201.0,0 days 00:00:12.336733400,0 days 00:00:12.356733400
0 days 00:00:00.280000,0 days 00:00:00.300000,answer2,0.3289083,-9.338741,15.2894745,0.05458452,-0.011147276,0.085044116,16.025238,5.615874,3.5241604,-12.042506,0.0,0.0,0.0,0.0,0.0,0.0,529.3261,1377.7963,-201.0,1614.6699,1055.292,-201.0,2563.299,753.0223,-201.0,0 days 00:00:12.346733400,0 days 00:00:12.366733400
0 days 00:00:00.290000,0 days 00:00:00.310000,answer2,0.3260422,-10.479936,15.798282,0.058818858,-0.016100014,0.09083109,17.518343,6.210682,1.809566,-9.538873,0.0,0.0,0.0,0.0,0.0,0.0,310.2412,1436.4424,-201.0,1257.1104,1171.4845,-201.0,2288.3096,663.39825,-201.0,0 days 00:00:12.356733400,0 days 00:00:12.376733400
0 days 00:00:00.300000,0 days 00:00:00.320000,answer2,0.33576104,-10.971702,17.1802,0.06587693,-0.01903399,0.11022371,19.391787,4.818579,1.5742626,-8.089852,0.0,0.0,0.0,0.0,0.0,0.0,377.85815,1303.8712,-201.0,1276.7062,1105.4933,-201.0,2269.8447,704.08124,-201.0,0 days 00:00:12.366733400,0 days 00:00:12.386733400
0 days 00:00:00.310000,0 days 00:00:00.330000,answer2,0.33225957,-10.484368,18.14959,0.06651998,-0.018082725,0.116770566,18.93537,3.8609543,1.3770151,-6.9243884,0.0,0.0,0.0,0.0,0.0,0.0,365.4415,1286.923,-201.0,1321.4972,1057.8939,-201.0,2258.8523,815.0154,-201.0,0 days 00:00:12.376733400,0 days 00:00:12.396733400
0 days 00:00:00.320000,0 days 00:00:00.340000,answer2,0.31334087,-9.063149,17.237799,0.06968725,-0.019133685,0.11077634,17.44839,2.008166,-0.055256367,-7.7647147,0.0,0.0,0.0,0.0,0.0,0.0,352.52695,1290.7509,-201.0,1313.0272,1003.7426,-201.0,2280.6467,796.3851,-201.0,0 days 00:00:12.386733400,0 days 00:00:12.406733400
0 days 00:00:00.330000,0 days 00:00:00.350000,answer2,0.29836416,-8.032304,16.490385,0.062720135,-0.013751636,0.09741805,16.380842,2.0970745,-1.803719,-4.258581,0.0,0.0,0.0,0.0,0.0,0.0,365.87854,1255.2963,-201.0,1312.1248,956.7818,-201.0,2305.117,801.6491,-201.0,0 days 00:00:12.396733400,0 days 00:00:12.416733400
0 days 00:00:00.340000,0 days 00:00:00.360000,answer2,0.2997283,-7.9848747,16.530832,0.04618011,-0.013027563,0.08171696,16.180067,2.4120796,-2.0019681,-1.1317015,0.0,0.0,0.0,0.0,0.0,0.0,408.5433,1186.1776,-201.0,1344.8275,1028.0812,-201.0,2289.9944,862.33185,-201.0,0 days 00:00:12.406733400,0 days 00:00:12.426733400
0 days 00:00:00.350000,0 days 00:00:00.370000,answer2,0.3205274,-8.0408325,16.837835,0.03112775,-0.011505538,0.08241067,16.888514,2.8056314,-2.868375,-1.5787205,0.0,0.0,0.0,0.0,0.0,0.0,441.1395,1183.7257,-201.0,1356.7628,1165.089,-201.0,2250.0818,954.8633,-201.0,0 days 00:00:12.416733400,0 days 00:00:12.436733400
0 days 00:00:00.360000,0 days 00:00:00.380000,answer2,0.32895687,-7.9415913,17.979567,0.027626703,-0.012267145,0.09020588,17.768457,2.997008,-2.7065847,-5.177986,0.0,0.0,0.0,0.0,0.0,0.0,387.20166,1387.1354,-201.0,1293.8888,1263.9341,-201.0,2230.777,965.5612,-201.0,0 days 00:00:12.426733400,0 days 00:00:12.446733400
0 days 00:00:00.370000,0 days 00:00:00.390000,answer2,0.3302987,-7.990313,18.362885,0.04078909,-0.011482182,0.097138226,18.171347,3.5076342,-0.6470043,-6.424525,0.0,0.0,0.0,0.0,0.0,0.0,325.39526,1457.2686,-201.0,1252.6859,1110.5387,-201.0,2274.4011,837.2867,-201.0,0 days 00:00:12.436733400,0 days 00:00:12.456733400
0 days 00:00:00.380000,0 days 00:00:00.400000,answer2,0.32163036,-8.054628,19.811768,0.047570284,-0.012749567,0.094258465,17.68044,4.534614,0.90196306,-4.109203,0.0,0.0,0.0,0.0,0.0,0.0,526.88544,1412.9482,-201.0,1541.4941,934.05865,-201.0,2631.0847,701.3453,-201.0,0 days 00:00:12.446733400,0 days 00:00:12.466733400
0 days 00:00:00.390000,0 days 00:00:00.410000,answer2,0.3226652,-8.128898,20.927725,0.038786884,-0.009477624,0.0973328,17.409235,4.7365375,-0.22703631,-0.3227009,0.0,0.0,0.0,0.0,0.0,0.0,548.3409,1340.3859,-130.50371,1583.2255,878.30804,-134.6101,2679.8025,789.71063,-137.39012,0 days 00:00:12.456733400,0 days 00:00:12.476733400
0 days 00:00:00.400000,0 days 00:00:00.420000,answer2,0.3323101,-8.194118,21.508202,0.04456541,-0.008707109,0.106571496,18.010063,3.3007069,-5.336384,-4.9440756,24.104551,0.0,0.0,-2.0998607,0.14911747,21.448446,573.4998,1314.1709,-59.271866,1564.8217,937.1086,-68.52327,2676.6453,800.6216,-73.47142,0 days 00:00:12.466733400,0 days 00:00:12.486733400
0 days 00:00:00.410000,0 days 00:00:00.430000,answer2,0.33085564,-9.350834,20.89421,0.04517873,-0.008853582,0.11315694,18.663979,3.5097225,-3.7846944,-7.2100735,22.261759,0.0,0.0,-2.729953,-1.6093241,19.36347,324.4792,1496.6426,11.329735,1237.6378,1124.066,-1.3442308,2330.2522,873.23126,-10.143088,0 days 00:00:12.476733400,0 days 00:00:12.496733400
0 days 00:00:00.420000,0 days 00:00:00.440000,answer2,0.32348242,-9.740524,18.642435,0.07156832,-0.0155101195,0.09624791,18.923424,3.609176,-2.6284707,-11.049878,20.509287,0.0,0.0,-3.794039,-2.9770508,18.1589,577.9409,1371.8707,7.283343,1556.1666,986.61646,-5.2944784,2610.5645,694.43427,-11.8410845,0 days 00:00:12.486733400,0 days 00:00:12.506733400
0 days 00:00:00.430000,0 days 00:00:00.450000,answer2,0.31132227,-10.226802,18.382696,0.080486424,-0.016181812,0.09092411,18.902842,4.611647,-3.1029618,-9.98897,20.3258,0.0,0.0,-4.2550654,-2.2542088,18.029974,760.7739,1317.1826,1.5057011,1855.4594,994.7622,-9.751438,2875.8767,704.79,-14.520657,0 days 00:00:12.496733400,0 days 00:00:12.516733400
0 days 00:00:00.440000,0 days 00:00:00.460000,answer2,0.29752663,-9.767116,18.63888,0.072170265,-0.010774811,0.087703854,18.949495,5.858706,-2.50614,-5.4912624,22.049932,0.0,1.8085585,-3.5713327,-0.16801746,19.95588,1059.8817,1135.5773,-3.8503802,2206.8975,892.3444,-15.208138,3191.2988,619.7651,-16.46033,0 days 00:00:12.506733400,0 days 00:00:12.526733400
0 days 00:00:00.450000,0 days 00:00:00.470000,answer2,0.292869,-10.090486,20.572033,0.053137247,-0.007821969,0.09541557,19.440948,6.4011555,-3.5653858,-2.7187464,23.670424,0.0,1.8085585,-2.1751425,-0.20658453,19.79578,796.74457,1366.0004,-0.32957172,1831.7299,1125.0425,-12.890724,2831.6895,740.40753,-15.329539,0 days 00:00:12.516733400,0 days 00:00:12.536733400
0 days 00:00:00.460000,0 days 00:00:00.480000,answer2,0.28281304,-10.20943,21.137718,0.04172061,-0.011637221,0.08743876,20.277645,6.3601475,0.23963393,-0.10188174,23.683006,0.0,1.8085585,-1.5373148,-3.6906192,17.190552,595.5821,1490.7887,7.7088203,1539.3652,1156.7799,-7.548783,2547.0657,781.1243,-10.416257,0 days 00:00:12.526733400,0 days 00:00:12.546733400
0 days 00:00:00.470000,0 days 00:00:00.490000,answer2,0.28455535,-10.636848,21.361115,0.050991237,-0.017478205,0.08130758,20.910791,4.4570966,-0.46795055,-5.1733546,23.536573,0.0,1.6455139,-1.683329,-8.076541,15.20567,539.05975,1536.8988,10.731023,1510.6342,1121.0604,-3.3983338,2550.1858,863.1507,-8.114024,0 days 00:00:12.536733400,0 days 00:00:12.556733400
0 days 00:00:00.480000,0 days 00:00:00.500000,answer2,0.28243288,-10.485432,20.069677,0.054966524,-0.017855858,0.07101725,20.172325,2.3891098,-1.2259371,-8.345498,20.464315,0.045742773,1.4824691,-2.7915905,-6.9826865,15.1762085,763.347,1274.0624,8.6181965,1856.902,946.9053,-2.5272856,2911.5566,824.1043,-7.979643,0 days 00:00:12.546733400,0 days 00:00:12.566733400
0 days 00:00:00.490000,0 days 00:00:00.510000,answer2,0.28688702,-10.14949,20.736275,0.05079342,-0.01635324,0.06689357,19.78169,2.1837819,-0.94463587,-6.5990047,17.322031,0.04574277,1.3194244,-4.305241,-3.6060708,15.590656,979.8799,1187.3683,2.0209346,2069.0156,891.02325,-4.9402747,3188.0237,723.89325,-10.44518,0 days 00:00:12.556733400,0 days 00:00:12.576733400
0 days 00:00:00.500000,0 days 00:00:00.520000,answer2,0.28623965,-9.66751,20.499125,0.04751863,-0.015397824,0.065715514,20.203674,1.5023837,-2.1697412,-2.3797524,13.790408,0.04574277,1.3194244,-6.0456376,1.0827988,15.51667,771.355,1191.7743,1.7169662,1776.8385,946.41943,-7.846166,2858.097,748.24316,-10.724101,0 days 00:00:12.566733400,0 days 00:00:12.586733400
0 days 00:00:00.510000,0 days 00:00:00.530000,answer2,0.28094354,-9.781142,19.548218,0.03932784,-0.015661066,0.072244845,20.36238,3.2742383,1.9904175,1.9327904,13.156276,0.04574277,1.3194244,-6.284035,1.4231638,14.951501,582.60596,1239.7118,2.246454,1524.4375,1018.0947,-10.491948,2511.652,766.115,-10.633648,0 days 00:00:12.576733400,0 days 00:00:12.596733400
0 days 00:00:00.520000,0 days 00:00:00.540000,answer2,0.2814692,-9.934897,17.115126,0.03758056,-0.018504798,0.07954442,19.785624,3.3687363,0.86944145,0.6823321,12.538442,0.04574277,1.3194244,-5.886706,0.7414492,14.953893,392.07236,1216.4956,4.1878686,1345.9242,1024.7982,-12.593518,2242.9346,820.49884,-10.762471,0 days 00:00:12.586733400,0 days 00:00:12.606733400
0 days 00:00:00.530000,0 days 00:00:00.550000,answer2,0.27900234,-10.036187,16.81058,0.026388591,-0.017443975,0.08322915,19.712027,5.0475173,2.5787532,2.277073,12.419734,0.04574277,1.3194244,-5.5620017,-0.039306164,16.217155,581.9328,1226.474,3.308569,1599.5083,981.00836,-11.940341,2555.5732,764.8706,-11.510709,0 days 00:00:12.596733400,0 days 00:00:12.616733400
0 days 00:00:00.540000,0 days 00:00:00.560000,answer2,0.27827343,-10.553739,16.288134,0.027560765,-0.02260941,0.08396194,20.143991,6.158283,2.435585,1.7360997,14.903684,0.04574277,1.3194244,-4.4575567,-2.0726473,15.148362,577.4793,1344.776,3.2584877,1549.8763,1157.2095,-12.579904,2506.582,759.83716,-12.102639,0 days 00:00:12.606733400,0 days 00:00:12.626733400
0 days 00:00:00.550000,0 days 00:00:00.570000,answer2,0.2715468,-11.907039,17.833,0.031366587,-0.02034933,0.08087585,20.964191,8.3263855,5.6698365,1.2927138,17.37132,0.04574277,1.3194244,-3.8942301,-5.18264,12.392105,547.2685,1466.9945,3.7841828,1528.5333,1231.173,-11.884074,2506.7727,823.84,-11.714105,0 days 00:00:12.616733400,0 days 00:00:12.636733400
0 days 00:00:00.560000,0 days 00:00:00.580000,answer2,0.2716351,-12.907147,17.40877,0.040228393,-0.022304432,0.074237406,21.215597,9.989633,5.887357,-1.6923088,18.104933,0.04574277,1.3194244,-3.307555,-7.3307934,10.169032,552.03973,1431.2782,10.1213045,1531.1699,1203.5834,-5.893579,2496.6208,719.74335,-6.4406204,0 days 00:00:12.626733400,0 days 00:00:12.646733400
0 days 00:00:00.570000,0 days 00:00:00.590000,answer2,0.27243018,-13.003162,19.063723,0.05445969,-0.017297752,0.06493934,20.83991,8.013211,4.962549,-2.2589333,16.31344,0.04574277,1.3194244,-4.0019326,-9.547509,9.235688,764.03174,1335.8555,10.822754,1819.7145,992.81177,-1.3667969,2848.2322,694.7949,-4.1760173,0 days 00:00:12.636733400,0 days 00:00:12.656733400
0 days 00:00:00.580000,0 days 00:00:00.600000,answer2,0.26743332,-11.231044,17.297766,0.0594852,-0.012428931,0.06326069,19.830332,4.2288337,1.0760845,-3.1392403,17.29485,0.04574277,1.3194244,-3.8747265,-6.0663414,14.455739,974.5267,1233.8481,8.564694,2056.002,901.15094,1.4083105,3108.2292,609.63885,-4.2179656,0 days 00:00:12.646733400,0 days 00:00:12.666733400
0 days 00:00:00.590000,0 days 00:00:00.610000,answer2,0.265753,-10.0214,17.564913,0.06746613,-0.008477954,0.06649343,19.022593,0.77643293,1.3529323,-1.825441,19.986824,0.04574277,1.3194244,-2.7990987,-5.5596366,15.487262,783.6189,1350.1836,6.3966866,1796.3866,1054.7324,-2.4334166,2814.8037,847.43475,-6.561512,0 days 00:00:12.656733400,0 days 00:00:12.676733400
0 days 00:00:00.600000,0 days 00:00:00.620000,answer2,0.26564997,-9.571254,18.422104,0.053036913,-0.007542763,0.06877217,19.074608,1.0755532,2.296037,1.3437649,22.6704,0.048021525,1.4712061,-2.081335,-5.095492,15.250775,565.0528,1355.256,9.848016,1556.6119,1031.1224,-2.6000586,2566.514,918.739,-5.458098,0 days 00:00:12.666733400,0 days 00:00:12.686733400
0 days 00:00:00.610000,0 days 00:00:00.630000,answer2,0.28734544,-10.229244,19.63731,0.050103392,-0.013146694,0.08494661,20.66142,2.0732422,4.6063633,0.31587443,22.70003,0.050300274,1.6229874,-3.0754128,-7.3340874,13.327701,640.7762,1516.7579,11.789033,1549.8939,1286.7623,0.31913075,2504.7908,952.9505,-4.957365,0 days 00:00:12.676733400,0 days 00:00:12.696733400
0 days 00:00:00.620000,0 days 00:00:00.640000,answer2,0.30674255,-11.7059355,21.034079,0.08295542,-0.018680235,0.08441871,20.891768,4.162536,2.1865602,-5.913443,22.732521,0.052579027,1.7747691,-3.7945433,-8.38843,12.486664,550.3428,1589.8549,-59.464535,1518.2213,1268.6287,-65.44971,2514.467,897.291,-70.55103,0 days 00:00:12.686733400,0 days 00:00:12.706733400
0 days 00:00:00.630000,0 days 00:00:00.650000,answer2,0.31580916,-9.883711,17.409191,0.111913435,-0.021676317,0.105200924,19.051823,0.8678042,-5.115507,-12.676675,0.0,0.0,0.0,0.0,0.0,0.0,548.5804,1589.8644,-131.95459,1536.8857,1341.5558,-132.1526,2424.5906,1025.5758,-136.59464,0 days 00:00:12.696733400,0 days 00:00:12.716733400
0 days 00:00:00.640000,0 days 00:00:00.660000,answer2,0.3094342,-9.506404,17.138142,0.12493446,-0.020676745,0.095253594,18.044825,1.9214205,-6.758316,-11.301501,0.0,0.0,0.0,0.0,0.0,0.0,284.4208,1426.0049,-201.0,1336.1307,1051.1556,-201.0,2280.3328,1129.6268,-201.0,0 days 00:00:12.706733400,0 days 00:00:12.726733400
0 days 00:00:00.650000,0 days 00:00:00.670000,answer2,0.30688807,-6.4100003,15.752065,0.088994436,-0.01435366,0.09714734,17.376795,0.4881281,-8.805893,-5.4099407,0.0,0.0,0.0,0.0,0.0,0.0,542.1568,1270.3671,-201.0,1569.1592,999.4533,-201.0,2607.9924,1056.3549,-201.0,0 days 00:00:12.716733400,0 days 00:00:12.736733400
0 days 00:00:00.660000,0 days 00:00:00.680000,answer2,0.30689776,-6.3771644,17.110159,0.06856548,-0.008554935,0.08061593,17.148092,3.4491603,-5.414721,-1.0730692,0.0,0.0,0.0,0.0,0.0,0.0,624.4899,1611.8861,-201.0,1357.9808,1104.8975,-201.0,2615.6768,853.02435,-201.0,0 days 00:00:12.726733400,0 days 00:00:12.746733400
0 days 00:00:00.670000,0 days 00:00:00.690000,answer2,0.3084561,-4.8206615,18.001072,0.04012191,-0.008201402,0.06813485,15.994835,2.4821823,-8.066219,0.09397618,0.0,0.0,0.0,0.0,0.0,0.0,680.76544,1591.6686,-201.0,1471.3461,1244.0153,-201.0,2433.3865,1439.6061,-201.0,0 days 00:00:12.736733400,0 days 00:00:12.756733400
0 days 00:00:00.680000,0 days 00:00:00.700000,answer2,0.306712,-5.627807,15.619804,0.032393847,-0.014415489,0.06481734,15.016835,2.1897004,-5.4961457,-1.9405546,0.0,0.0,0.0,0.0,0.0,0.0,525.36206,1589.1088,-201.0,1286.5226,1323.8436,-201.0,2089.9075,1510.6769,-201.0,0 days 00:00:12.746733400,0 days 00:00:12.766733400
0 days 00:00:00.690000,0 days 00:00:00.710000,answer2,0.31822133,-6.660929,15.896294,0.031546317,-0.019307734,0.06357197,15.683127,3.1863525,-7.5522113,-6.6589103,0.0,0.0,0.0,0.0,0.0,0.0,463.85733,1212.0018,-201.0,1447.5619,1227.749,-201.0,2182.3904,1470.4901,-201.0,0 days 00:00:12.756733400,0 days 00:00:12.776733400
0 days 00:00:00.700000,0 days 00:00:00.720000,answer2,0.33038303,-6.9230275,13.750403,0.05224772,-0.015000358,0.062327463,14.7687,2.9527721,-7.588548,-9.608607,0.0,0.0,0.0,0.0,0.0,0.0,398.29147,1327.1973,-201.0,1275.4913,1222.4896,-201.0,2325.6123,783.66473,-201.0,0 days 00:00:12.766733400,0 days 00:00:12.786733400
0 days 00:00:00.710000,0 days 00:00:00.730000,answer2,0.34165034,-7.2321954,15.375526,0.05437483,-0.0074154795,0.06692521,12.870456,4.661265,-8.750163,-10.836365,0.0,0.0,0.0,0.0,0.0,0.0,403.52267,1325.3439,-201.0,1253.714,1222.4862,-201.0,2386.1287,695.7282,-201.0,0 days 00:00:12.776733400,0 days 00:00:12.796733400
0 days 00:00:00.720000,0 days 00:00:00.740000,answer2,0.35001108,-6.9639077,14.8330765,0.068494625,-0.0018840712,0.07914808,11.168258,3.325756,-5.551733,-9.714104,0.0,0.0,0.0,0.0,0.0,0.0,289.13754,1508.856,-201.0,1222.6364,1257.753,-201.0,2319.2786,714.6377,-201.0,0 days 00:00:12.786733400,0 days 00:00:12.806733400
0 days 00:00:00.730000,0 days 00:00:00.750000,answer2,0.3489015,-9.260063,16.306883,0.07839521,-0.005116545,0.105436265,12.558753,5.858107,-1.473282,-7.0250773,0.0,0.0,0.0,0.0,0.0,0.0,209.61818,1595.0758,-201.0,1238.5391,1243.2543,-201.0,2306.3074,707.97784,-201.0,0 days 00:00:12.796733400,0 days 00:00:12.816733400
0 days 00:00:00.740000,0 days 00:00:00.760000,answer2,0.35085034,-11.29599,17.686028,0.074927025,-0.009365284,0.113370545,14.377411,7.3275905,2.189592,-3.8947067,0.0,0.0,0.0,0.0,0.0,0.0,409.304,1557.2906,-201.0,1553.1748,1009.00977,-201.0,2584.4895,758.2439,-201.0,0 days 00:00:12.806733400,0 days 00:00:12.826733400
0 days 00:00:00.750000,0 days 00:00:00.770000,answer2,0.347615,-11.417664,17.872503,0.071682625,-0.009348004,0.13019706,15.744526,7.625709,3.0155518,-0.79385036,0.0,0.0,0.0,0.0,0.0,0.0,803.1503,1275.3248,-201.0,1950.0898,851.15656,-201.0,2970.5188,820.03754,-201.0,0 days 00:00:12.816733400,0 days 00:00:12.836733400
0 days 00:00:00.760000,0 days 00:00:00.780000,answer2,0.34028864,-8.918843,16.305298,0.060348004,-0.007789386,0.12469855,14.450642,4.416755,-0.9535778,-3.398762,0.0,0.0,0.0,0.0,0.0,0.0,897.32355,1097.1774,-201.0,1979.4784,773.59515,-201.0,3036.5417,850.65576,-201.0,0 days 00:00:12.826733400,0 days 00:00:12.846733400
0 days 00:00:00.770000,0 days 00:00:00.790000,answer2,0.33297145,-6.7204113,15.485425,0.07329447,-0.005978238,0.11290568,15.557285,0.6227645,-6.8262067,-5.3656006,0.0,0.0,0.0,0.0,0.0,0.0,887.8641,1130.0892,-201.0,1942.195,918.59644,-201.0,2992.11,904.064,-201.0,0 days 00:00:12.836733400,0 days 00:00:12.856733400
0 days 00:00:00.780000,0 days 00:00:00.800000,answer2,0.3195008,-6.5388813,16.122604,0.067274235,-0.007907088,0.09241181,17.146666,-0.63791674,-10.168414,-5.7767043,0.0,0.0,0.0,0.0,0.0,0.0,788.02924,1272.0863,-131.12488,1804.3043,1018.7315,-134.06013,2901.5984,833.77386,-135.17099,0 days 00:00:12.846733400,0 days 00:00:12.866733400
0 days 00:00:00.790000,0 days 00:00:00.810000,answer2,0.31862035,-7.990397,18.56457,0.07295405,-0.010499907,0.09436824,19.488863,-0.05885045,-8.604751,-3.6758623,23.893343,0.0,0.0,-0.8222301,-7.7128963,18.02951,966.17413,1270.615,-61.076984,1986.0903,994.06464,-67.95161,3088.8113,712.3789,-69.093254,0 days 00:00:12.856733400,0 days 00:00:12.876733400
0 days 00:00:00.800000,0 days 00:00:00.820000,answer2,0.31278834,-9.840687,20.464415,0.08134078,-0.006903382,0.10891787,20.401009,0.5350464,-4.805902,-3.9782784,23.803865,0.0,0.0,-0.6760084,-7.639574,17.471254,973.6507,1221.8927,9.077889,2032.6146,1044.7438,-2.0179863,3054.3164,829.4587,-2.0927505,0 days 00:00:12.866733400,0 days 00:00:12.886733400
0 days 00:00:00.810000,0 days 00:00:00.830000,answer2,0.31270537,-11.929269,23.05548,0.08209325,-0.008681319,0.11977142,21.091421,2.7539666,-1.9892488,-4.510257,23.745686,0.0,1.6631789,-0.34504402,-6.9945707,18.214363,988.71857,1152.7897,-60.79723,2095.3381,1062.7563,-68.95785,3035.8582,914.0361,-67.92176,0 days 00:00:12.876733400,0 days 00:00:12.896733400
0 days 00:00:00.820000,0 days 00:00:00.840000,answer2,0.29943714,-12.600682,22.19629,0.07319716,-0.013170946,0.1192775,20.850323,3.2749684,-0.40203992,-7.047724,0.0,0.0,0.0,0.0,0.0,0.0,1042.8527,1344.8702,-130.84512,2102.682,1280.5536,-135.06639,2970.125,996.47266,-133.9995,0 days 00:00:12.886733400,0 days 00:00:12.906733400
0 days 00:00:00.830000,0 days 00:00:00.850000,answer2,0.287239,-11.651948,20.218687,0.055036873,-0.01997078,0.10662609,19.85218,4.0858026,1.6146399,-4.9220824,0.0,0.0,0.0,0.0,0.0,0.0,814.13257,1454.3296,-130.66289,1840.8185,1226.2927,-135.7454,2791.4739,1087.7965,-138.38904,0 days 00:00:12.896733400,0 days 00:00:12.916733400
0 days 00:00:00.840000,0 days 00:00:00.860000,answer2,0.2779356,-11.440173,20.248655,0.052011073,-0.013939609,0.09922729,18.859018,3.585374,4.3461165,-4.6160316,18.276915,0.0,0.9949948,-4.7410245,-9.304887,14.411419,838.1568,1414.7676,-64.96315,1854.334,1162.3203,-73.474846,2849.541,1011.6613,-76.96601,0 days 00:00:12.906733400,0 days 00:00:12.926733400
0 days 00:00:00.850000,0 days 00:00:00.870000,answer2,0.26611274,-10.618135,19.877714,0.046374697,-0.0040952438,0.09480756,17.546923,4.480628,7.033647,-0.23596144,18.418919,0.0,1.6869751,-5.072478,-9.763915,14.665974,845.77045,1168.0679,2.3370025,1934.6157,1025.4515,-9.132616,2952.052,941.09686,-14.257584,0 days 00:00:12.916733400,0 days 00:00:12.936733400
0 days 00:00:00.860000,0 days 00:00:00.880000,answer2,0.26966208,-10.991554,20.753258,0.045825128,-0.00024801804,0.09586117,18.189262,4.9250016,6.560532,-0.46691212,20.221823,0.13272509,2.3789554,-4.0629725,-7.860502,16.716911,795.86884,1259.272,2.11897,1848.8531,1062.9132,-8.114896,2895.1807,713.5324,-13.470684,0 days 00:00:12.926733400,0 days 00:00:12.946733400
0 days 00:00:00.870000,0 days 00:00:00.890000,answer2,0.27218124,-10.14512,18.702051,0.04289128,-0.0020160924,0.08545949,18.432026,4.9401493,5.894272,0.5022241,21.928574,0.13272509,3.0709355,-2.897515,-6.037325,19.987587,828.571,1267.6039,1.2045022,1871.9818,1043.1013,-6.9478507,2887.8367,732.9919,-14.098737,0 days 00:00:12.936733400,0 days 00:00:12.956733400
0 days 00:00:00.880000,0 days 00:00:00.900000,answer2,0.28789565,-11.019268,20.021616,0.047065098,-0.0070213326,0.08668246,20.15238,5.5213275,4.094236,-0.28356272,23.56531,0.25459298,2.6876507,-1.7652186,-4.4824986,22.312235,797.72626,1374.88,-0.7546601,1787.5591,1041.8911,-7.4752736,2850.5312,738.0959,-15.548836,0 days 00:00:12.946733400,0 days 00:00:12.966733400
0 days 00:00:00.890000,0 days 00:00:00.910000,answer2,0.28651997,-11.875384,22.016312,0.048816767,-0.010902096,0.09542588,20.134577,6.4247346,3.5487545,-0.065111995,23.583633,0.23514096,1.6732699,-2.5531178,-4.9484653,22.586617,1052.1868,1258.0344,-4.9335117,2030.8746,964.9287,-8.261093,3137.4902,671.9374,-16.498703,0 days 00:00:12.956733400,0 days 00:00:12.976733400
0 days 00:00:00.900000,0 days 00:00:00.920000,answer2,0.2741736,-12.622264,23.202295,0.0475942,-0.014296609,0.099450685,20.372828,8.258076,4.04319,2.1180356,23.666498,0.19235514,0.8114888,-2.8301036,-3.9204617,19.47046,769.1912,1363.6238,1.0461785,1742.6622,977.46234,-6.0046163,2860.637,767.31036,-12.3308525,0 days 00:00:12.966733400,0 days 00:00:12.986733400
0 days 00:00:00.910000,0 days 00:00:00.930000,answer2,0.26383194,-11.675548,22.449448,0.04207785,-0.014475754,0.09655794,19.204004,6.114839,2.775014,1.3542713,23.7976,0.04020205,1.2279903,-2.40007,-3.3962977,16.031927,563.4008,1354.4004,7.5765038,1600.3203,976.67944,-3.5797698,2592.1282,1124.6285,-7.144015,0 days 00:00:12.976733400,0 days 00:00:12.996733400
0 days 00:00:00.920000,0 days 00:00:00.940000,answer2,0.25576654,-10.023559,19.13449,0.043711066,-0.010242495,0.07863935,18.545023,4.047023,3.569988,3.7245338,23.935026,0.029368902,2.2755873,-1.4495893,-3.6736228,12.9808,373.73105,1362.4274,13.507583,1445.7487,1066.9286,-2.8266094,2284.163,1453.41,-3.14684,0 days 00:00:12.986733400,0 days 00:00:13.006733400
0 days 00:00:00.930000,0 days 00:00:00.950000,answer2,0.2563641,-8.799744,16.295546,0.057076454,-0.012250821,0.06519046,17.784363,0.9776991,0.13201316,0.4399682,24.006445,0.041869525,3.170585,-1.0483947,-4.4449987,11.833428,404.90683,1367.4336,14.613945,1480.6014,1176.0625,-2.281034,2239.1616,1703.3182,-1.6644825,0 days 00:00:12.996733400,0 days 00:00:13.016733400
0 days 00:00:00.940000,0 days 00:00:00.960000,answer2,0.257441,-9.579382,16.461405,0.056292582,-0.014497374,0.059853982,19.286694,1.2710142,1.0298404,2.5188262,24.048971,0.03234148,1.5884819,-1.46909,-6.091461,17.233917,756.10187,1443.8693,5.050056,1716.8672,897.3083,-5.185274,2833.4016,706.8191,-6.6876183,0 days 00:00:13.006733400,0 days 00:00:13.026733400
0 days 00:00:00.950000,0 days 00:00:01,answer2,0.26162818,-10.8165245,18.767427,0.06425863,-0.015627638,0.066556126,20.03286,1.8820119,0.59389776,-2.0618894,24.101189,0.02757746,0.7974303,-1.7031006,-5.940455,18.680485,1003.2723,1393.435,1.8934447,1931.0404,858.9619,-6.15546,3128.4045,556.26215,-8.542675,0 days 00:00:13.016733400,0 days 00:00:13.066733400
0 days 00:00:00,0 days 00:00:00.020000,answer3,0.81743926,-4.0794168,8.96183,0.054222655,-0.015941478,0.15546168,16.955957,-13.470787,1.7462004,-13.468487,0.0,0.0,0.0,0.0,0.0,0.0,944.6503,1313.4279,-201.0,1815.209,996.89655,-201.0,2844.722,627.132,-201.0,0 days 00:00:21.433767100,0 days 00:00:21.453767100
0 days 00:00:00.010000,0 days 00:00:00.030000,answer3,0.9906233,-2.9465582,7.8872414,0.048048705,-0.010809865,0.3336159,14.931796,-15.09803,0.42362905,-12.749462,0.0,0.0,0.0,0.0,0.0,0.0,927.96533,1208.496,-201.0,1852.2012,888.5455,-201.0,2892.3113,647.22107,-201.0,0 days 00:00:21.443767100,0 days 00:00:21.463767100
0 days 00:00:00.020000,0 days 00:00:00.040000,answer3,1.2379879,-0.54902893,4.180072,0.038993746,-0.0038164167,0.5250772,11.091836,-15.491958,-2.166426,-8.384856,0.0,0.0,0.0,0.0,0.0,0.0,633.4217,1231.017,-201.0,1653.941,1024.5228,-201.0,2540.7627,948.0578,-201.0,0 days 00:00:21.453767100,0 days 00:00:21.473767100
0 days 00:00:00.030000,0 days 00:00:00.050000,answer3,1.3640035,1.3735557,2.4105673,0.033955123,0.0030826132,0.5476826,7.229304,-15.864774,-3.5851972,-4.471163,0.0,0.0,0.0,0.0,0.0,0.0,686.7082,1155.1842,-201.0,1694.9879,1069.3763,-201.0,2562.2578,1059.153,-201.0,0 days 00:00:21.463767100,0 days 00:00:21.483767100
0 days 00:00:00.040000,0 days 00:00:00.060000,answer3,1.4139509,1.2272899,3.1247003,0.037467852,0.0010744026,0.5531358,6.933309,-12.709659,-5.3066134,-3.4208705,0.0,0.0,0.0,0.0,0.0,0.0,406.65372,1250.5835,-201.0,1407.2142,1217.9521,-201.0,2225.362,1152.3832,-201.0,0 days 00:00:21.473767100,0 days 00:00:21.493767100
0 days 00:00:00.050000,0 days 00:00:00.070000,answer3,1.4177216,-0.7008047,7.5564513,0.03502985,-0.0015414563,0.52955806,8.845128,-10.833263,-3.5279148,-5.05953,0.0,0.0,0.0,0.0,0.0,0.0,411.74048,1198.0654,-201.0,1355.5729,1084.7631,-201.0,2270.709,929.9489,-201.0,0 days 00:00:21.483767100,0 days 00:00:21.503767100
0 days 00:00:00.060000,0 days 00:00:00.080000,answer3,1.4179283,-1.5978895,6.769625,0.053702444,-0.0116233975,0.5522513,9.449974,-10.651207,-3.4675987,-9.482484,0.0,0.0,0.0,0.0,0.0,0.0,685.42206,1207.8087,-201.0,1630.266,998.59064,-201.0,2558.9475,868.61957,-201.0,0 days 00:00:21.493767100,0 days 00:00:21.513767100
0 days 00:00:00.070000,0 days 00:00:00.090000,answer3,1.3961121,-0.989346,6.561588,0.06228955,-0.012360976,0.5437479,9.199099,-11.15688,-4.155398,-8.667425,0.0,0.0,0.0,0.0,0.0,0.0,651.4472,1250.7484,-201.0,1596.8164,989.36914,-201.0,2539.346,812.9848,-201.0,0 days 00:00:21.503767100,0 days 00:00:21.523767100
0 days 00:00:00.080000,0 days 00:00:00.100000,answer3,1.3151361,-0.32853967,6.4640985,0.06533437,-0.015405066,0.48797965,8.856231,-10.055288,-6.520655,-9.752009,0.0,0.0,0.0,0.0,0.0,0.0,872.0496,1196.7565,-201.0,1870.2456,855.2505,-201.0,2898.573,671.2288,-201.0,0 days 00:00:21.513767100,0 days 00:00:21.533767100
0 days 00:00:00.090000,0 days 00:00:00.110000,answer3,1.2299752,0.1498561,8.116013,0.051264197,-0.009376995,0.4275477,9.678586,-8.906215,-6.308457,-6.731878,0.0,0.0,0.0,0.0,0.0,0.0,784.74927,1169.6415,-201.0,1827.1517,894.9057,-201.0,2879.7117,613.12463,-201.0,0 days 00:00:21.523767100,0 days 00:00:21.543767100
0 days 00:00:00.100000,0 days 00:00:00.120000,answer3,1.2014338,-0.23293668,7.032432,0.027887382,-0.011360586,0.4302168,9.974378,-9.567723,-4.923267,-7.851663,0.0,0.0,0.0,0.0,0.0,0.0,827.29974,1083.6255,-201.0,1933.5038,952.83453,-201.0,2828.0916,760.8288,-201.0,0 days 00:00:21.533767100,0 days 00:00:21.553767100
0 days 00:00:00.110000,0 days 00:00:00.130000,answer3,1.1328965,-0.4768152,7.0153003,0.029862955,-0.009531908,0.46394458,10.03068,-11.697658,-7.2776413,-7.954881,0.0,0.0,0.0,0.0,0.0,0.0,870.28986,1106.1079,-201.0,1931.1796,1036.032,-201.0,2811.417,766.784,-201.0,0 days 00:00:21.543767100,0 days 00:00:21.563767100
0 days 00:00:00.120000,0 days 00:00:00.140000,answer3,1.0703171,0.22788568,5.416221,0.03917919,-0.007268178,0.45154122,9.306262,-13.695357,-7.6464534,-6.167534,0.0,0.0,0.0,0.0,0.0,0.0,887.25946,1078.9601,-201.0,1930.8256,1040.952,-201.0,2813.222,798.82294,-201.0,0 days 00:00:21.553767100,0 days 00:00:21.573767100
0 days 00:00:00.130000,0 days 00:00:00.150000,answer3,0.9720866,0.67874545,7.222216,0.052389283,-0.00028106556,0.37275472,10.59278,-13.963723,-9.05041,-2.704811,0.0,0.0,0.0,0.0,0.0,0.0,1106.4993,1059.9913,-201.0,2121.3325,947.189,-201.0,3184.534,605.71924,-201.0,0 days 00:00:21.563767100,0 days 00:00:21.583767100
0 days 00:00:00.140000,0 days 00:00:00.160000,answer3,0.9333301,0.5991168,7.170858,0.051392555,-0.0003026662,0.34155512,12.891186,-12.279983,-5.4427257,1.2426503,0.0,0.0,0.0,0.0,0.0,0.0,1062.0009,1038.061,-201.0,2119.4568,949.8347,-201.0,3179.575,672.27594,-201.0,0 days 00:00:21.573767100,0 days 00:00:21.593767100
0 days 00:00:00.150000,0 days 00:00:00.170000,answer3,0.87410897,-1.3068831,9.753998,0.035884704,-0.004095281,0.30726498,15.6577835,-9.568353,-6.1240697,-0.9671994,0.0,0.0,0.0,0.0,0.0,0.0,816.229,1228.0386,-201.0,1844.1377,1021.77344,-201.0,2883.5696,766.5336,-201.0,0 days 00:00:21.583767100,0 days 00:00:21.603767100
0 days 00:00:00.160000,0 days 00:00:00.180000,answer3,0.8212824,-2.4672337,11.309657,0.02285737,-0.005268687,0.28495198,17.337133,-8.030633,-4.6906075,-1.9856972,0.0,0.0,0.0,0.0,0.0,0.0,612.0724,1231.4995,-201.0,1573.2549,1039.1693,-201.0,2586.9768,841.5586,-201.0,0 days 00:00:21.593767100,0 days 00:00:21.613767100
0 days 00:00:00.170000,0 days 00:00:00.190000,answer3,0.76388854,-2.6176884,10.649253,0.023044212,-0.0029923294,0.24624412,16.969738,-9.243,-4.9604115,-4.7020383,0.0,0.0,0.0,0.0,0.0,0.0,389.5918,1295.8738,-201.0,1294.6375,1111.4547,-201.0,2261.5408,947.30927,-201.0,0 days 00:00:21.603767100,0 days 00:00:21.623767100
0 days 00:00:00.180000,0 days 00:00:00.200000,answer3,0.71602887,-2.1731546,9.02813,0.0316641,-0.0048192614,0.21410692,15.619212,-10.381907,-5.1095243,-4.6999793,0.0,0.0,0.0,0.0,0.0,0.0,406.3994,1243.6133,-201.0,1321.0121,1140.0975,-201.0,2248.954,969.48486,-201.0,0 days 00:00:21.613767100,0 days 00:00:21.633767100
0 days 00:00:00.190000,0 days 00:00:00.210000,answer3,0.6752309,-3.7018688,9.260469,0.032568887,-0.009739346,0.2228014,14.867496,-7.9125557,-4.0961595,-5.148083,0.0,0.0,0.0,0.0,0.0,0.0,388.68594,1269.9277,-201.0,1339.1871,1130.4324,-201.0,2263.8284,927.889,-201.0,0 days 00:00:21.623767100,0 days 00:00:21.643767100
0 days 00:00:00.200000,0 days 00:00:00.220000,answer3,0.6266939,-3.683163,11.119583,0.025753513,-0.0072713844,0.21506156,14.196037,-5.3234277,-4.589794,-4.8834014,0.0,0.0,0.0,0.0,0.0,0.0,618.6088,1207.0365,-201.0,1662.8607,966.3521,-201.0,2595.7117,791.27203,-201.0,0 days 00:00:21.633767100,0 days 00:00:21.653767100
0 days 00:00:00.210000,0 days 00:00:00.230000,answer3,0.59319335,-5.235686,12.100955,0.03534506,-0.007529417,0.21869828,13.404201,-0.2874762,-3.143985,-6.2041564,0.0,0.0,0.0,0.0,0.0,0.0,873.67285,1114.8654,-201.0,1978.2994,852.13745,-201.0,2875.0515,683.0357,-201.0,0 days 00:00:21.643767100,0 days 00:00:21.663767100
0 days 00:00:00.220000,0 days 00:00:00.240000,answer3,0.6103305,-4.4968,10.276148,0.06433024,-0.00936446,0.18778157,9.949775,0.29642603,-6.2202296,-9.759786,0.0,0.0,0.0,0.0,0.0,0.0,820.7967,1195.6304,-201.0,1983.0533,811.6257,-201.0,2947.8018,870.0865,-201.0,0 days 00:00:21.653767100,0 days 00:00:21.673767100
0 days 00:00:00.230000,0 days 00:00:00.250000,answer3,0.6200893,-5.463075,9.546036,0.084017746,-0.015979344,0.19137113,7.868691,3.4987671,-4.7257004,-11.808932,0.0,0.0,0.0,0.0,0.0,0.0,606.2058,1190.1481,-201.0,1731.252,899.6871,-201.0,2748.5693,1098.2671,-201.0,0 days 00:00:21.663767100,0 days 00:00:21.683767100
0 days 00:00:00.240000,0 days 00:00:00.260000,answer3,0.61303157,-4.1749973,8.868175,0.07639054,-0.016026538,0.17297363,6.494082,1.6268593,-4.2783914,-7.985735,0.0,0.0,0.0,0.0,0.0,0.0,376.9188,1203.3788,-201.0,1464.8291,914.0566,-201.0,2496.3823,1244.5663,-201.0,0 days 00:00:21.673767100,0 days 00:00:21.693767100
0 days 00:00:00.250000,0 days 00:00:00.270000,answer3,0.5707124,-4.7259727,11.065986,0.075571485,-0.013226148,0.18409705,8.330274,1.7270526,-3.1325035,-8.443933,0.0,0.0,0.0,0.0,0.0,0.0,603.8028,1179.9987,-201.0,1699.726,912.76825,-201.0,2675.244,1027.083,-201.0,0 days 00:00:21.683767100,0 days 00:00:21.703767100
0 days 00:00:00.260000,0 days 00:00:00.280000,answer3,0.55013925,-4.1172166,11.065854,0.07176583,-0.008722436,0.16746788,9.382525,-1.1269459,-3.5558321,-5.3933253,0.0,0.0,0.0,0.0,0.0,0.0,586.67676,1381.3652,-201.0,1587.8086,1103.2125,-201.0,2513.8845,914.72363,-201.0,0 days 00:00:21.693767100,0 days 00:00:21.713767100
0 days 00:00:00.270000,0 days 00:00:00.290000,answer3,0.56183666,-5.5814443,12.780499,0.06761018,-0.012944327,0.17384343,11.200592,1.3380018,-2.49217,-8.897397,0.0,0.0,0.0,0.0,0.0,0.0,577.3043,1357.3446,-201.0,1582.668,1070.8414,-201.0,2545.746,779.50494,-201.0,0 days 00:00:21.703767100,0 days 00:00:21.723767100
0 days 00:00:00.280000,0 days 00:00:00.300000,answer3,0.5393097,-5.2725544,12.646066,0.037536573,-0.013555418,0.16763975,10.480375,3.451535,0.58512706,-4.952646,0.0,0.0,0.0,0.0,0.0,0.0,408.8191,1296.0524,-201.0,1352.1377,1074.4827,-201.0,2350.9004,775.9292,-201.0,0 days 00:00:21.713767100,0 days 00:00:21.733767100
0 days 00:00:00.290000,0 days 00:00:00.310000,answer3,0.51794964,-6.3510976,13.955251,0.030633008,-0.017767629,0.15611924,10.445985,5.2743287,-0.1595254,-8.455425,0.0,0.0,0.0,0.0,0.0,0.0,398.86768,1219.6735,-201.0,1417.1232,978.74493,-201.0,2445.294,834.84863,-201.0,0 days 00:00:21.723767100,0 days 00:00:21.743767100
0 days 00:00:00.300000,0 days 00:00:00.320000,answer3,0.4674817,-5.803686,13.314831,0.035315912,-0.014987141,0.13981618,10.460633,3.000314,-1.6476308,-8.77784,0.0,0.0,0.0,0.0,0.0,0.0,559.19366,1268.2755,-201.0,1610.2733,975.99396,-201.0,2661.7961,878.7277,-201.0,0 days 00:00:21.733767100,0 days 00:00:21.753767100
0 days 00:00:00.310000,0 days 00:00:00.330000,answer3,0.4274534,-7.052096,14.293326,0.03951401,-0.015065472,0.12162074,12.357319,3.9659383,-0.9790012,-6.2706285,0.0,0.0,0.0,0.0,0.0,0.0,541.47565,1287.8657,-132.71101,1597.4318,961.66797,-137.0229,2598.922,933.8079,-137.85048,0 days 00:00:21.743767100,0 days 00:00:21.763767100
0 days 00:00:00.320000,0 days 00:00:00.340000,answer3,0.3982774,-8.251645,15.480136,0.031457055,-0.013933475,0.11644691,14.423032,4.848512,0.5395608,-5.0991397,13.568403,0.0,0.0,-5.4006014,11.561831,15.628094,787.9578,1275.6204,-67.231026,1882.6691,912.2331,-74.022415,2862.0535,847.38385,-73.45048,0 days 00:00:21.753767100,0 days 00:00:21.773767100
0 days 00:00:00.330000,0 days 00:00:00.350000,answer3,0.3732029,-9.102047,16.540428,0.012567428,-0.011675711,0.11936569,15.782562,7.1600685,3.8822107,-3.6935081,13.453007,0.0,0.0,-5.4247317,11.529912,15.254646,822.79486,1335.3447,-1.1593181,1932.2018,889.86237,-10.474402,2911.0945,798.0048,-8.376985,0 days 00:00:21.763767100,0 days 00:00:21.783767100
0 days 00:00:00.340000,0 days 00:00:00.360000,answer3,0.3672776,-8.523276,14.7687,0.0077306363,-0.01247258,0.10847848,15.852375,5.6770444,4.7819333,-7.212833,13.405132,0.0,0.0,-5.17181,12.689675,15.046824,850.36597,1283.689,-69.44831,1964.3462,911.5406,-74.4515,3029.9678,876.4795,-71.526505,0 days 00:00:21.773767100,0 days 00:00:21.793767100
0 days 00:00:00.350000,0 days 00:00:00.370000,answer3,0.35111216,-8.621646,14.902392,0.0028381788,-0.015218009,0.10217041,17.481821,4.9150333,7.5420914,-3.9120839,0.0,0.0,0.0,0.0,0.0,0.0,602.7248,1375.3916,-134.9283,1641.7291,1021.5552,-137.45198,2714.177,1004.3078,-135.9265,0 days 00:00:21.783767100,0 days 00:00:21.803767100
0 days 00:00:00.360000,0 days 00:00:00.380000,answer3,0.3596524,-7.92849,14.479504,0.010798846,-0.011604494,0.09509572,16.197435,3.605677,7.8497443,0.031129202,0.0,0.0,0.0,0.0,0.0,0.0,304.96817,1541.805,-201.0,1339.5658,1131.7737,-201.0,2410.3564,1132.1522,-201.0,0 days 00:00:21.793767100,0 days 00:00:21.813767100
0 days 00:00:00.370000,0 days 00:00:00.390000,answer3,0.38287878,-6.178324,13.686994,0.013908528,-0.003388889,0.09466527,13.304128,2.5010946,10.739591,5.8575554,0.0,0.0,0.0,0.0,0.0,0.0,299.3326,1791.335,-201.0,1310.4784,1117.09,-201.0,2450.0134,1990.9147,-201.0,0 days 00:00:21.803767100,0 days 00:00:21.823767100
0 days 00:00:00.380000,0 days 00:00:00.400000,answer3,0.4223868,-5.2589264,12.313207,0.010937304,0.00093023403,0.11198655,10.809484,2.6201775,11.0627165,9.062111,0.0,0.0,0.0,0.0,0.0,0.0,572.25366,1673.8932,-201.0,1572.0404,1119.9838,-201.0,2717.7,1798.1388,-201.0,0 days 00:00:21.813767100,0 days 00:00:21.833767100
0 days 00:00:00.390000,0 days 00:00:00.410000,answer3,0.47873843,-3.7666376,10.064433,-0.0050681136,-0.0015185862,0.1262079,7.526735,3.6823719,10.824199,10.130577,0.0,0.0,0.0,0.0,0.0,0.0,698.935,1501.5153,-201.0,1609.39,1059.7333,-201.0,2836.384,1769.3917,-201.0,0 days 00:00:21.823767100,0 days 00:00:21.843767100
0 days 00:00:00.400000,0 days 00:00:00.420000,answer3,0.55467623,-3.1506348,9.031619,-0.008824416,-0.0074349525,0.14753018,5.621081,5.0757675,7.9217296,5.5902953,0.0,0.0,0.0,0.0,0.0,0.0,712.8244,1421.88,-201.0,1612.0648,1217.0841,-201.0,2637.5234,891.03564,-201.0,0 days 00:00:21.833767100,0 days 00:00:21.853767100
0 days 00:00:00.410000,0 days 00:00:00.430000,answer3,0.6146225,-0.74345356,6.3141665,0.007873428,-0.008895669,0.15534526,1.4910679,4.8402348,6.5629387,2.1583977,0.0,0.0,0.0,0.0,0.0,0.0,703.65497,1230.5961,-201.0,1674.8441,992.5137,-201.0,2675.8484,907.38873,-201.0,0 days 00:00:21.843767100,0 days 00:00:21.863767100
0 days 00:00:00.420000,0 days 00:00:00.440000,answer3,0.610369,0.3921717,4.0565634,0.05309774,-0.011123399,0.16393737,-0.3774415,4.2040954,5.4067636,-3.8390157,0.0,0.0,0.0,0.0,0.0,0.0,678.8349,1062.403,-201.0,1697.208,804.385,-201.0,2620.68,736.0046,-201.0,0 days 00:00:21.853767100,0 days 00:00:21.873767100
0 days 00:00:00.430000,0 days 00:00:00.450000,answer3,0.5657351,0.49004605,2.5135415,0.09042158,-0.0126091065,0.14801513,0.6118841,1.6343311,3.573459,-5.618837,0.0,0.0,0.0,0.0,0.0,0.0,655.3867,900.15204,-201.0,1725.8237,622.7654,-201.0,2741.616,695.4887,-201.0,0 days 00:00:21.863767100,0 days 00:00:21.883767100
0 days 00:00:00.440000,0 days 00:00:00.460000,answer3,0.5404411,-0.90361816,3.6980283,0.0738238,-0.010805496,0.14086908,2.4674664,2.451306,4.4128537,-4.271518,0.0,0.0,0.0,0.0,0.0,0.0,421.69827,1141.0634,-201.0,1428.4395,774.46924,-201.0,2454.5374,866.86285,-201.0,0 days 00:00:21.873767100,0 days 00:00:21.893767100
0 days 00:00:00.450000,0 days 00:00:00.470000,answer3,0.52314687,-1.0474116,4.815888,0.02467253,-0.008130848,0.14063323,3.5788355,1.1923624,3.8787644,-1.703858,0.0,0.0,0.0,0.0,0.0,0.0,463.54858,1138.8641,-201.0,1433.5709,957.3061,-201.0,2486.3591,861.13544,-201.0,0 days 00:00:21.883767100,0 days 00:00:21.903767100
0 days 00:00:00.460000,0 days 00:00:00.480000,answer3,0.5071328,-1.8316407,7.417769,-0.008422986,-0.0064696744,0.14438349,4.66204,1.6354393,5.5868545,0.07813326,0.0,0.0,0.0,0.0,0.0,0.0,449.16183,1244.1674,-201.0,1405.916,1006.3659,-201.0,2409.643,887.1014,-201.0,0 days 00:00:21.893767100,0 days 00:00:21.913767100
0 days 00:00:00.470000,0 days 00:00:00.490000,answer3,0.48009357,-1.0609398,6.749241,-0.0039313203,-0.010155182,0.13378131,3.8584077,1.6563796,4.268086,-2.7506192,0.0,0.0,0.0,0.0,0.0,0.0,450.78247,1104.8335,-201.0,1438.7881,902.15216,-201.0,2492.7896,727.3033,-201.0,0 days 00:00:21.903767100,0 days 00:00:21.923767100
0 days 00:00:00.480000,0 days 00:00:00.500000,answer3,0.45557287,-2.554732,8.719089,0.024385154,-0.0144831715,0.115804516,5.387821,2.8756876,2.0023854,-3.8542843,0.0,0.0,0.0,0.0,0.0,0.0,336.18246,1309.4144,-201.0,1402.1832,920.2456,-201.0,2355.1294,871.8213,-201.0,0 days 00:00:21.913767100,0 days 00:00:21.933767100
0 days 00:00:00.490000,0 days 00:00:00.510000,answer3,0.42426452,-4.540953,10.455943,0.028008299,-0.016720485,0.11469931,7.0437827,6.3179154,1.9553415,-2.2458894,0.0,0.0,0.0,0.0,0.0,0.0,241.7242,1417.8418,-201.0,1368.2474,976.71027,-201.0,2318.7173,820.7347,-201.0,0 days 00:00:21.923767100,0 days 00:00:21.943767100
0 days 00:00:00.500000,0 days 00:00:00.520000,answer3,0.40036258,-5.0395646,11.085254,0.039449755,-0.015082165,0.105199166,7.8885555,5.562992,2.652625,-1.7542206,0.0,0.0,0.0,0.0,0.0,0.0,204.29645,1495.2598,-201.0,1341.3563,974.5107,-201.0,2217.7458,818.0461,-201.0,0 days 00:00:21.933767100,0 days 00:00:21.953767100
0 days 00:00:00.510000,0 days 00:00:00.530000,answer3,0.39901337,-4.897985,11.966369,0.04078191,-0.009405558,0.096357256,9.639649,2.647374,4.7475543,-1.6579695,0.0,0.0,0.0,0.0,0.0,0.0,240.64238,1529.3892,-201.0,1315.2521,987.1614,-201.0,2263.1533,839.7242,-201.0,0 days 00:00:21.943767100,0 days 00:00:21.963767100
0 days 00:00:00.520000,0 days 00:00:00.540000,answer3,0.39091125,-4.023969,12.894204,0.03665897,-0.00534386,0.08917484,9.55705,-0.4810622,5.129682,-0.60626984,0.0,0.0,0.0,0.0,0.0,0.0,643.30664,1222.606,-201.0,1674.389,922.56854,-201.0,2611.256,834.88983,-201.0,0 days 00:00:21.953767100,0 days 00:00:21.973767100
0 days 00:00:00.530000,0 days 00:00:00.550000,answer3,0.37875667,-4.0398107,13.00002,0.037301075,-0.0075523607,0.08977119,11.070847,-3.3823273,2.2204196,-0.30883273,0.0,0.0,0.0,0.0,0.0,0.0,667.74286,1139.6805,-201.0,1673.9227,919.2138,-201.0,2627.779,860.3284,-201.0,0 days 00:00:21.963767100,0 days 00:00:21.983767100
0 days 00:00:00.540000,0 days 00:00:00.560000,answer3,0.38252077,-4.614,12.854095,0.020946503,-0.008728993,0.094204314,10.886528,-1.0045141,1.521773,1.8905028,0.0,0.0,0.0,0.0,0.0,0.0,719.5293,990.61066,-201.0,1692.606,908.2972,-201.0,2656.1892,744.9712,-201.0,0 days 00:00:21.973767100,0 days 00:00:21.993767100
0 days 00:00:00.550000,0 days 00:00:00.570000,answer3,0.41396177,-4.2829986,10.892937,0.017192515,-0.0152002545,0.09668874,7.352472,4.129721,0.19234507,-0.31169248,0.0,0.0,0.0,0.0,0.0,0.0,426.67554,1060.329,-201.0,1410.2104,788.21747,-201.0,2397.0244,647.73065,-201.0,0 days 00:00:21.983767100,0 days 00:00:22.003767100
0 days 00:00:00.560000,0 days 00:00:00.580000,answer3,0.4685742,-3.9929788,10.663367,0.0044117705,-0.008737843,0.10344567,3.7429774,9.288014,1.4683666,2.11299,0.0,0.0,0.0,0.0,0.0,0.0,652.5805,1066.8823,-201.0,1683.5531,732.91437,-201.0,2709.0066,572.0074,-201.0,0 days 00:00:21.993767100,0 days 00:00:22.013767100
0 days 00:00:00.570000,0 days 00:00:00.590000,answer3,0.5046887,-3.2463882,10.262799,0.010102443,-0.0076819304,0.11205849,1.7167524,10.191438,1.9968439,2.6662188,0.0,0.0,0.0,0.0,0.0,0.0,637.3333,1093.3253,-201.0,1700.993,700.65485,-201.0,2684.0732,609.4777,-201.0,0 days 00:00:22.003767100,0 days 00:00:22.023767100
0 days 00:00:00.580000,0 days 00:00:00.600000,answer3,0.52200705,-1.7567409,7.755899,0.02872291,0.002726718,0.13053465,0.74996024,7.2544913,2.3994572,3.1615736,0.0,0.0,0.0,0.0,0.0,0.0,899.06396,1082.16,-201.0,1914.5474,842.7087,-201.0,2864.1934,660.9749,-201.0,0 days 00:00:22.013767100,0 days 00:00:22.033767100
0 days 00:00:00.590000,0 days 00:00:00.610000,answer3,0.49205294,-2.0488808,7.580305,0.042879254,0.0019528749,0.124811254,0.8507392,6.273668,4.67016,1.4156784,0.0,0.0,0.0,0.0,0.0,0.0,941.0559,990.25665,-201.0,1938.2936,864.0203,-201.0,2819.6497,694.78485,-201.0,0 days 00:00:22.023767100,0 days 00:00:22.043767100
0 days 00:00:00.600000,0 days 00:00:00.620000,answer3,0.45404783,-3.28287,7.963772,0.037812404,-0.004564157,0.13257049,1.998766,7.5098977,6.218994,0.9354584,0.0,0.0,0.0,0.0,0.0,0.0,941.70557,931.98724,-201.0,1965.338,789.5163,-201.0,2843.9324,728.83466,-201.0,0 days 00:00:22.033767100,0 days 00:00:22.053767100
0 days 00:00:00.610000,0 days 00:00:00.630000,answer3,0.41398212,-4.611156,9.412257,0.024021527,-0.011659359,0.10821543,5.799465,6.0531096,4.801461,1.1742117,0.0,0.0,0.0,0.0,0.0,0.0,672.2194,944.6463,-201.0,1704.7455,671.5711,-201.0,2639.116,680.64655,-201.0,0 days 00:00:22.043767100,0 days 00:00:22.063767100
0 days 00:00:00.620000,0 days 00:00:00.640000,answer3,0.3903791,-5.6030655,10.479665,0.009817182,-0.012264463,0.11702746,9.718681,5.6411033,2.1838229,0.6904686,0.0,0.0,0.0,0.0,0.0,0.0,406.59,1118.8052,-201.0,1385.652,851.4295,-201.0,2354.4426,725.12744,-201.0,0 days 00:00:22.053767100,0 days 00:00:22.073767100
0 days 00:00:00.630000,0 days 00:00:00.650000,answer3,0.37822518,-5.1401935,9.530853,0.015394186,-0.010477409,0.10217849,10.907283,3.2888596,1.3253405,-0.86515546,0.0,0.0,0.0,0.0,0.0,0.0,413.9789,1127.8207,-201.0,1382.2633,928.53735,-201.0,2354.222,776.08234,-201.0,0 days 00:00:22.063767100,0 days 00:00:22.083767100
0 days 00:00:00.640000,0 days 00:00:00.660000,answer3,0.38400456,-6.439859,12.807696,0.025213951,-0.00922699,0.12490925,13.3194475,3.1507502,3.4427197,-1.2839708,0.0,0.0,0.0,0.0,0.0,0.0,382.63937,1262.171,-201.0,1361.9156,1012.7485,-140.1425,2347.1345,894.3913,-143.92784,0 days 00:00:22.073767100,0 days 00:00:22.093767100
0 days 00:00:00.650000,0 days 00:00:00.670000,answer3,0.38486087,-6.993233,14.514759,0.03444056,-0.013487399,0.13730817,13.310855,1.7836958,6.180864,-1.0691627,35.397728,0.0,0.0,4.3151655,16.250256,22.56885,362.13318,1273.9193,0.0,1395.7006,892.7783,-80.24157,2365.805,935.51166,-87.01175,0 days 00:00:22.083767100,0 days 00:00:22.103767100
0 days 00:00:00.660000,0 days 00:00:00.680000,answer3,0.40926695,-8.682316,18.284288,0.03886581,-0.0044008815,0.15265207,15.430852,2.710021,7.0220757,2.0049708,35.41115,0.0,0.0,3.9471872,15.890709,22.90508,597.5945,1271.9735,-9.190999,1640.2617,844.9129,-22.276457,2690.499,778.56396,-29.499153,0 days 00:00:22.093767100,0 days 00:00:22.113767100
0 days 00:00:00.670000,0 days 00:00:00.690000,answer3,0.4426619,-10.934331,20.770119,0.04285647,-0.0052711894,0.19033992,16.843046,5.7203293,6.328151,1.2979819,35.066833,0.10636678,1.4131794,2.8911836,16.074938,23.399755,807.1911,1152.0504,-11.980384,1871.3754,819.0049,-24.069147,2932.0203,632.15796,-27.834982,0 days 00:00:22.103767100,0 days 00:00:22.123767100
0 days 00:00:00.680000,0 days 00:00:00.700000,answer3,0.5036709,-11.178134,22.413576,0.049408693,-0.00040646325,0.18518697,19.00144,6.894521,3.0661757,2.6034758,34.641163,0.081743985,1.3829864,1.4567584,17.627737,23.045311,1043.5731,1051.1842,-18.787554,2168.3652,773.21674,-23.693514,3210.1658,608.10504,-25.4019,0 days 00:00:22.113767100,0 days 00:00:22.133767100
0 days 00:00:00.690000,0 days 00:00:00.710000,answer3,0.53449374,-10.957049,22.01571,0.05402599,-0.0047910153,0.22009587,18.623537,7.5809684,1.6822319,1.0034804,34.2514,0.036712546,1.275703,0.5107551,17.959143,22.332724,996.5532,1047.8381,-20.297226,2141.9763,793.89557,-20.985754,3163.2434,699.94476,-23.352137,0 days 00:00:22.123767100,0 days 00:00:22.143767100
0 days 00:00:00.700000,0 days 00:00:00.720000,answer3,0.53966343,-9.290467,19.396374,0.047465403,-0.005415868,0.17366569,16.129692,6.927834,4.148676,3.687411,34.207043,0.025428707,1.1551976,0.23685241,15.66277,22.423594,1134.0024,987.4138,-21.075005,2241.1865,773.4997,-19.741278,3257.1907,755.7307,-23.24085,0 days 00:00:22.133767100,0 days 00:00:22.153767100
0 days 00:00:00.710000,0 days 00:00:00.730000,answer3,0.5145871,-8.900582,17.02549,0.052231457,-0.008206324,0.17409523,13.181874,7.5316544,6.8743706,3.5547369,34.1073,0.029376948,1.2679447,-0.4951286,12.087437,22.029732,1245.313,953.1347,-18.479462,2241.4648,1026.3115,-19.306274,3246.0715,699.5513,-22.773293,0 days 00:00:22.143767100,0 days 00:00:22.163767100
0 days 00:00:00.720000,0 days 00:00:00.740000,answer3,0.4927924,-8.971352,17.126503,0.039777104,-0.013202873,0.12997346,12.301247,8.54851,11.629077,3.1245778,34.026596,0.04055816,1.4764707,-0.9293034,10.048238,22.324709,1025.7845,1026.9404,-79.94576,2022.3613,986.2795,-79.97915,2975.0986,733.5821,-82.33565,0 days 00:00:22.153767100,0 days 00:00:22.173767100
0 days 00:00:00.730000,0 days 00:00:00.750000,answer3,0.47709286,-8.744915,16.096619,0.03316706,-0.017839337,0.12130775,12.60868,8.15582,10.066745,-0.030560175,0.0,0.0,0.0,0.0,0.0,0.0,707.81744,1126.309,-140.31493,1734.7924,1014.1436,-140.28844,2635.4963,839.10065,-141.18326,0 days 00:00:22.163767100,0 days 00:00:22.183767100
0 days 00:00:00.740000,0 days 00:00:00.760000,answer3,0.47850752,-8.397232,16.097435,0.009911492,-0.018490443,0.120350294,13.953629,7.083933,8.797704,-0.638722,0.0,0.0,0.0,0.0,0.0,0.0,363.03305,1299.1738,-201.0,1422.6323,844.05206,-201.0,2434.8845,1047.0532,-201.0,0 days 00:00:22.173767100,0 days 00:00:22.193767100
0 days 00:00:00.750000,0 days 00:00:00.770000,answer3,0.4901242,-7.4250903,14.72749,0.0068921125,-0.012937316,0.12535448,12.441348,5.841352,5.708177,-0.23428933,0.0,0.0,0.0,0.0,0.0,0.0,665.8571,1194.222,-201.0,1705.2103,894.1048,-201.0,2718.457,950.10333,-201.0,0 days 00:00:22.183767100,0 days 00:00:22.203767100
0 days 00:00:00.760000,0 days 00:00:00.780000,answer3,0.49644852,-7.4111085,15.8120775,0.0034503248,-0.0054628174,0.14416526,11.8597975,7.2408047,4.966644,2.9492328,0.0,0.0,0.0,0.0,0.0,0.0,948.26154,1106.7406,-201.0,2023.3773,828.0589,-201.0,3053.2324,881.4737,-201.0,0 days 00:00:22.193767100,0 days 00:00:22.213767100
0 days 00:00:00.770000,0 days 00:00:00.790000,answer3,0.4808103,-7.294098,15.05404,0.025896927,-0.0019708676,0.14499694,10.431578,8.249665,6.488552,5.6604056,0.0,0.0,0.0,0.0,0.0,0.0,889.42065,1213.4738,-201.0,1986.1947,848.9077,-201.0,2944.2578,756.9993,-201.0,0 days 00:00:22.203767100,0 days 00:00:22.223767100
0 days 00:00:00.780000,0 days 00:00:00.800000,answer3,0.4776082,-7.0823026,13.345413,0.029452056,-0.0031697387,0.13195042,10.793628,7.8811965,6.9878983,10.341619,0.0,0.0,0.0,0.0,0.0,0.0,580.6496,1407.4772,-201.0,1685.7838,884.83984,-201.0,2595.5947,979.9993,-201.0,0 days 00:00:22.213767100,0 days 00:00:22.233767100
0 days 00:00:00.790000,0 days 00:00:00.810000,answer3,0.4672478,-4.1666718,8.499887,0.0182881,-0.0026195596,0.13325684,8.462209,3.1329346,9.0961485,10.667825,0.0,0.0,0.0,0.0,0.0,0.0,341.3118,1482.7754,-201.0,1379.223,942.7034,-201.0,2280.6455,1311.3981,-201.0,0 days 00:00:22.223767100,0 days 00:00:22.243767100
0 days 00:00:00.800000,0 days 00:00:00.820000,answer3,0.4784285,-3.826957,7.685711,0.009422944,-0.0044043865,0.13629545,8.276328,1.4984169,11.538203,10.895925,0.0,0.0,0.0,0.0,0.0,0.0,705.9624,1117.0336,-201.0,1714.5747,938.7913,-201.0,2615.5803,1209.4126,-201.0,0 days 00:00:22.233767100,0 days 00:00:22.253767100
0 days 00:00:00.810000,0 days 00:00:00.830000,answer3,0.47428438,-4.2272663,8.574153,0.022377262,-0.0058500916,0.14162706,8.824777,1.5195395,13.5611725,9.281981,0.0,0.0,0.0,0.0,0.0,0.0,680.7712,1061.2562,-201.0,1694.8949,837.81476,-201.0,2635.8625,1044.7633,-201.0,0 days 00:00:22.243767100,0 days 00:00:22.263767100
0 days 00:00:00.820000,0 days 00:00:00.840000,answer3,0.46282592,-5.334849,11.935158,0.041421723,-0.0048005977,0.1337381,10.51342,2.130195,14.115627,11.919379,0.0,0.0,0.0,0.0,0.0,0.0,562.9681,1223.5348,-201.0,1630.3638,806.70734,-201.0,2580.7803,810.81915,-201.0,0 days 00:00:22.253767100,0 days 00:00:22.273767100
0 days 00:00:00.830000,0 days 00:00:00.850000,answer3,0.4443229,-3.83883,10.504491,0.07171661,-0.009091326,0.124693595,11.076439,-1.3861691,10.237348,8.93906,0.0,0.0,0.0,0.0,0.0,0.0,281.4661,1344.8344,-201.0,1357.1582,731.3256,-201.0,2308.4756,996.58887,-201.0,0 days 00:00:22.263767100,0 days 00:00:22.283767100
0 days 00:00:00.840000,0 days 00:00:00.860000,answer3,0.3982307,-3.1825283,9.297742,0.055140276,-0.008971785,0.116861425,11.724007,-3.3184528,5.880608,7.559404,0.0,0.0,0.0,0.0,0.0,0.0,354.92227,1258.3584,-201.0,1396.4147,866.9904,-201.0,2289.8333,1157.6598,-201.0,0 days 00:00:22.273767100,0 days 00:00:22.293767100
0 days 00:00:00.850000,0 days 00:00:00.870000,answer3,0.373924,-4.63367,10.030022,0.054961275,-0.011877331,0.10905386,13.706748,-3.3571136,2.3189328,2.3668847,0.0,0.0,0.0,0.0,0.0,0.0,478.2018,1374.049,-201.0,1277.8671,1316.8412,-201.0,2180.6824,1161.3688,-201.0,0 days 00:00:22.283767100,0 days 00:00:22.303767100
0 days 00:00:00.860000,0 days 00:00:00.880000,answer3,0.34171215,-7.3218,13.300903,0.021729574,-0.008160125,0.09280463,16.33156,-1.2170066,3.5910616,3.891554,0.0,0.0,0.0,0.0,0.0,0.0,732.918,1462.9878,-201.0,1509.2262,1377.6201,-201.0,2468.1418,1078.4648,-201.0,0 days 00:00:22.293767100,0 days 00:00:22.313767100
0 days 00:00:00.870000,0 days 00:00:00.890000,answer3,0.3325425,-8.665139,16.096865,0.038540702,-0.0067988285,0.10890027,18.445004,-1.1124774,3.6009219,-0.38965416,0.0,0.0,0.0,0.0,0.0,0.0,907.5704,1500.0682,-201.0,1706.9794,1344.2751,-201.0,2776.613,929.8139,-201.0,0 days 00:00:22.303767100,0 days 00:00:22.323767100
0 days 00:00:00.880000,0 days 00:00:00.900000,answer3,0.31529385,-8.170404,17.300663,0.060494643,-0.008840088,0.10173475,17.938543,-2.3415756,1.1893406,-3.464365,0.0,0.0,0.0,0.0,0.0,0.0,1107.6637,1220.7155,-201.0,2103.7737,1103.6671,-201.0,3133.3445,1000.6535,-201.0,0 days 00:00:22.313767100,0 days 00:00:22.333767100
0 days 00:00:00.890000,0 days 00:00:00.910000,answer3,0.31006178,-7.1957264,17.156961,0.0689752,-0.009588084,0.11226493,15.441399,-0.6496951,2.1513054,-6.374836,0.0,0.0,0.0,0.0,0.0,0.0,800.1118,1297.5962,-201.0,1852.525,1068.4833,-201.0,2837.3909,1066.1803,-201.0,0 days 00:00:22.323767100,0 days 00:00:22.343767100
0 days 00:00:00.900000,0 days 00:00:00.920000,answer3,0.32760894,-6.095608,15.295245,0.082182765,-0.012418798,0.08905218,12.444194,-0.006712278,3.5553863,-5.058823,0.0,0.0,0.0,0.0,0.0,0.0,589.4102,1374.8627,-201.0,1673.7926,1082.3112,-201.0,2580.8943,1303.151,-201.0,0 days 00:00:22.333767100,0 days 00:00:22.353767100
0 days 00:00:00.910000,0 days 00:00:00.930000,answer3,0.35251436,-6.454188,13.927503,0.05514428,-0.00967966,0.09272615,11.177693,3.3413117,7.3578353,1.2253624,0.0,0.0,0.0,0.0,0.0,0.0,600.4505,1486.5118,-201.0,1650.7388,1026.9382,-201.0,2626.7424,1079.3431,-201.0,0 days 00:00:22.343767100,0 days 00:00:22.363767100
0 days 00:00:00.920000,0 days 00:00:00.940000,answer3,0.3800319,-6.1743913,11.938126,0.057342798,-0.011808798,0.09160823,11.275296,3.1830366,4.3753176,1.6108657,0.0,0.0,0.0,0.0,0.0,0.0,875.6609,1421.3535,-201.0,1908.8502,1077.863,-201.0,2885.6936,923.68256,-201.0,0 days 00:00:22.353767100,0 days 00:00:22.373767100
0 days 00:00:00.930000,0 days 00:00:00.950000,answer3,0.3784907,-6.8416724,13.583013,0.036646236,-0.010993232,0.105565846,12.461619,5.7423034,2.8832123,2.6999137,0.0,0.0,0.0,0.0,0.0,0.0,1128.0674,1393.5358,-201.0,2119.632,1122.7462,-201.0,3140.1506,632.42017,-201.0,0 days 00:00:22.363767100,0 days 00:00:22.383767100
0 days 00:00:00.940000,0 days 00:00:00.960000,answer3,0.36113858,-5.7846584,12.781487,0.047287334,-0.013657664,0.1051524,12.826154,4.198087,1.1733311,-0.7624554,0.0,0.0,0.0,0.0,0.0,0.0,1112.3502,1339.6355,-201.0,2157.1147,1071.5227,-201.0,3147.0986,668.4023,-201.0,0 days 00:00:22.373767100,0 days 00:00:22.393767100
0 days 00:00:00.950000,0 days 00:00:01,answer3,0.3495296,-5.9018006,15.3780775,0.026131688,-0.011279002,0.09985525,12.593394,4.583714,-0.8739911,-0.8597366,0.0,0.0,0.0,0.0,0.0,0.0,885.36957,1367.6611,-201.0,2084.3203,922.5013,-201.0,3121.5188,546.355,-201.0,0 days 00:00:22.383767100,0 days 00:00:22.433767100
0 days 00:00:00,0 days 00:00:00.020000,answer4_other1,0.27213526,-14.546971,22.228882,0.042100567,-0.023483546,0.038346987,28.31243,5.4982243,1.7843027,-5.095156,18.981514,0.0,0.0,-3.1475132,-14.735337,7.5230117,485.7726,1752.5128,2.369427,971.36115,1623.2032,-0.91039056,2144.6633,795.12274,-11.136224,0 days 00:00:33.400400400,0 days 00:00:33.420400400
0 days 00:00:00.010000,0 days 00:00:00.030000,answer4_other1,0.28030798,-13.170709,22.74501,0.035695136,-0.019210847,0.06697831,27.702673,3.3108299,0.75952107,-3.3805754,17.587229,0.0,0.0,-3.2019997,-10.111907,7.596953,445.28604,1496.264,7.6952534,1108.6232,1349.6871,-1.1394523,2179.077,764.565,-7.6919484,0 days 00:00:33.410400400,0 days 00:00:33.430400400
0 days 00:00:00.020000,0 days 00:00:00.040000,answer4_other1,0.28555155,-12.706307,23.106194,0.03427474,-0.017785719,0.0906637,27.336245,2.222151,2.534642,-2.0788374,16.895378,0.0,0.0,-3.1187549,-8.549198,7.071102,645.6922,1341.191,-59.752186,1522.4174,1073.669,-68.38561,2553.2502,736.07794,-71.48326,0 days 00:00:33.420400400,0 days 00:00:33.440400400
0 days 00:00:00.030000,0 days 00:00:00.050000,answer4_other1,0.29458427,-13.424889,23.94227,0.042740274,-0.020702235,0.08892157,27.108847,2.4536488,3.061844,-1.2453784,0.0,0.0,0.0,0.0,0.0,0.0,888.36066,1357.8667,-128.22673,1823.566,1086.8463,-133.9829,2854.2178,728.978,-133.7644,0 days 00:00:33.430400400,0 days 00:00:33.450400400
0 days 00:00:00.040000,0 days 00:00:00.060000,answer4_other1,0.4420005,-11.159442,19.440998,0.054932814,-0.023085078,0.16475749,23.303278,-0.06797012,3.13565,-1.7166458,0.0,0.0,0.0,0.0,0.0,0.0,881.0839,1352.3798,-201.0,1876.6406,1032.3136,-201.0,2913.8357,859.3252,-201.0,0 days 00:00:33.440400400,0 days 00:00:33.460400400
0 days 00:00:00.050000,0 days 00:00:00.070000,answer4_other1,0.53785115,-9.789767,17.12412,0.06099243,-0.02374038,0.21741219,20.311172,-2.2692883,0.77961254,-3.6001348,0.0,0.0,0.0,0.0,0.0,0.0,636.7058,1224.602,-201.0,1659.8662,966.76056,-142.49577,2658.2441,996.721,-143.01808,0 days 00:00:33.450400400,0 days 00:00:33.470400400
0 days 00:00:00.060000,0 days 00:00:00.080000,answer4_other1,0.57091576,-6.5972047,13.690007,0.04680552,-0.023424298,0.28343362,17.300562,-5.4147167,2.1081698,-2.631861,41.217613,0.0,0.0,7.1391287,-2.0768938,9.62007,371.5247,1171.0421,0.0,1411.0244,830.59033,-84.54382,2392.4514,1076.3547,-85.39788,0 days 00:00:33.460400400,0 days 00:00:33.480400400
0 days 00:00:00.070000,0 days 00:00:00.090000,answer4_other1,0.4958079,-8.05487,18.11268,0.043804433,-0.016841685,0.3043287,20.388252,-5.926864,4.6763363,-0.86436033,41.174046,0.03722517,2.6990852,7.779785,-1.3420105,16.492853,643.26355,1100.4651,0.0,1608.9093,1035.7917,-26.372534,2642.832,939.4173,-32.61972,0 days 00:00:33.470400400,0 days 00:00:33.490400400
0 days 00:00:00.080000,0 days 00:00:00.100000,answer4_other1,0.55555576,-9.079282,21.20736,0.048751015,-0.012692876,0.43434247,24.03126,-9.136754,3.897977,-2.7219505,41.015247,0.027553543,2.766596,8.531831,0.64171314,22.556395,874.07,1220.6927,-20.213411,1723.4828,1177.3641,-25.931429,2840.0989,780.92773,-34.63657,0 days 00:00:33.480400400,0 days 00:00:33.500400400
0 days 00:00:00.090000,0 days 00:00:00.110000,answer4_other1,0.6729074,-14.058899,26.758627,0.07300914,-0.017348088,0.46043634,28.242632,-9.492301,2.8242652,-11.57264,40.72388,0.01593231,2.426607,7.957064,3.3298714,27.66877,1044.8549,1151.0239,-17.444902,1873.1625,1176.2144,-23.277725,3017.0745,597.0881,-36.213,0 days 00:00:33.490400400,0 days 00:00:33.510400400
0 days 00:00:00.100000,0 days 00:00:00.120000,answer4_other1,0.80020094,-16.301298,28.560036,0.09024644,-0.029606944,0.5077746,31.219233,-10.66742,-2.5117593,-20.713932,40.366653,0.018227905,1.3960356,6.8998075,7.731665,24.169968,918.49884,1211.4989,-15.140038,1779.1675,942.6426,-21.374655,2930.3762,543.05347,-31.578339,0 days 00:00:33.500400400,0 days 00:00:33.520400400
0 days 00:00:00.110000,0 days 00:00:00.130000,answer4_other1,0.79373074,-16.264187,29.06163,0.09019474,-0.032149483,0.50077325,32.542904,-8.2523775,-1.7150296,-18.481016,40.015915,0.018964693,0.63486016,5.5998154,8.780137,21.975645,694.26935,1159.8041,-17.130264,1668.7982,849.3101,-20.84945,2789.1965,595.6119,-31.839188,0 days 00:00:33.510400400,0 days 00:00:33.530400400
0 days 00:00:00.120000,0 days 00:00:00.140000,answer4_other1,0.7466901,-13.801288,27.069443,0.085180104,-0.020982636,0.5068851,31.296095,-7.1622963,0.44553837,-8.618735,39.852562,0.012459187,0.46272662,5.001372,10.0872135,19.400055,779.86426,1159.4633,0.0,1803.3467,1110.9948,-81.45511,2718.3044,795.4551,-87.88294,0 days 00:00:33.520400400,0 days 00:00:33.540400400
0 days 00:00:00.130000,0 days 00:00:00.150000,answer4_other1,0.6101578,-11.49097,23.140497,0.055643808,-0.0070341714,0.4783571,27.985077,-5.5571365,5.6867623,0.23887396,0.0,0.0,0.0,0.0,0.0,0.0,876.51227,1120.5336,-201.0,1997.8584,1165.4788,-141.52946,2720.801,1303.4814,-145.29578,0 days 00:00:33.530400400,0 days 00:00:33.550400400
0 days 00:00:00.140000,0 days 00:00:00.160000,answer4_other1,0.5348489,-10.154424,21.704271,0.05675034,0.0011471267,0.35595134,26.369072,-5.9180923,7.848429,4.0378375,0.0,0.0,0.0,0.0,0.0,0.0,1126.3894,996.7635,-141.95486,2248.3337,1168.0052,-143.0515,2923.6028,1380.6691,-147.41936,0 days 00:00:33.540400400,0 days 00:00:33.560400400
0 days 00:00:00.150000,0 days 00:00:00.170000,answer4_other1,0.47653332,-8.235711,17.9549,0.039609876,-6.222111e-05,0.31141546,24.32004,-6.3209343,10.461361,2.5613756,42.02591,0.0,0.0,6.2413225,13.070646,21.807339,1133.455,977.3674,-83.957664,2236.361,931.80865,-87.034424,3111.1619,1373.9248,-92.9053,0 days 00:00:33.550400400,0 days 00:00:33.570400400
0 days 00:00:00.160000,0 days 00:00:00.180000,answer4_other1,0.43722412,-9.314589,18.6205,0.046498563,-0.0015828836,0.21321917,25.17896,-4.628919,12.668495,4.372658,41.848057,0.0,0.0,7.423313,14.118207,21.047956,1120.3522,1010.0114,-26.61048,2154.1492,942.8433,-31.110916,3154.7205,1059.3993,-36.663395,0 days 00:00:33.560400400,0 days 00:00:33.580400400
0 days 00:00:00.170000,0 days 00:00:00.190000,answer4_other1,0.43538618,-12.105118,19.833084,0.043354735,-0.002090304,0.30902115,24.781042,-2.110037,14.306305,-1.7038988,41.537083,0.0,2.8318188,9.533675,15.160228,21.097588,1099.4733,1022.17096,-28.521223,2138.8816,1375.498,-33.014404,2965.5977,892.9367,-34.458584,0 days 00:00:33.570400400,0 days 00:00:33.590400400
0 days 00:00:00.180000,0 days 00:00:00.200000,answer4_other1,0.5228822,-17.046362,25.691263,0.053442482,-0.012726266,0.46255484,28.267572,-0.8923673,14.96437,-8.245789,41.417183,0.052120775,2.7314036,10.216938,16.0713,19.799429,1011.32935,1145.8044,-29.382925,2035.1405,1368.9594,-32.492146,2858.5857,778.9802,-33.111053,0 days 00:00:33.580400400,0 days 00:00:33.600400400
0 days 00:00:00.190000,0 days 00:00:00.210000,answer4_other1,0.6342204,-20.035181,29.264473,0.06978058,-0.02171886,0.5325063,28.633902,-0.086301506,14.932599,-20.6503,41.260628,0.04169714,2.1284363,10.026711,18.29584,19.744127,927.2048,1268.8468,-32.55852,2006.5747,1368.5555,-31.49111,2824.8772,714.9002,-34.00681,0 days 00:00:33.590400400,0 days 00:00:33.610400400
0 days 00:00:00.200000,0 days 00:00:00.220000,answer4_other1,0.6816349,-21.1313,29.61885,0.075979255,-0.026884997,0.47679067,28.94742,-1.5411268,15.752064,-22.950394,40.90863,0.02989029,1.5730357,9.062135,19.453115,22.241144,873.11816,1374.332,-34.391205,1922.5192,848.9487,-31.449585,2946.6052,701.3582,-37.179234,0 days 00:00:33.600400400,0 days 00:00:33.620400400
0 days 00:00:00.210000,0 days 00:00:00.230000,answer4_other1,0.6393394,-21.804321,29.712967,0.081549115,-0.02096533,0.32705855,28.793203,1.120876,15.843201,-20.21182,40.4203,0.019032585,0.956955,7.5340133,18.820023,21.100698,888.251,1397.7863,-33.80505,1936.9655,870.196,-31.339752,2954.9502,674.848,-36.085728,0 days 00:00:33.610400400,0 days 00:00:33.630400400
0 days 00:00:00.220000,0 days 00:00:00.240000,answer4_other1,0.548812,-21.143156,29.146141,0.076023936,-0.016183669,0.45640478,28.992002,2.0031087,18.54656,-13.623676,40.11911,0.018123943,0.95992255,6.692712,16.786564,21.969402,694.7065,1444.5001,-87.97665,1702.9791,996.6209,-88.264305,2712.888,645.989,-91.43186,0 days 00:00:33.620400400,0 days 00:00:33.640400400
0 days 00:00:00.230000,0 days 00:00:00.250000,answer4_other1,0.45494604,-20.297525,28.553293,0.046801258,-0.013862424,0.41955647,28.990438,5.0444417,19.31412,-7.9921985,0.0,0.0,0.0,0.0,0.0,0.0,457.20584,1518.3588,-76.045235,1467.7137,1084.3561,-81.60691,2476.6042,675.8327,-81.2584,0 days 00:00:33.630400400,0 days 00:00:33.650400400
0 days 00:00:00.240000,0 days 00:00:00.260000,answer4_other1,0.3719914,-16.987627,26.356825,0.018077668,-0.014548898,0.42118716,26.574556,4.535038,15.686332,-7.5404916,23.160183,0.0,0.0,-1.5230254,-11.48591,15.735514,261.9725,1540.6084,-62.571224,1269.6658,1187.8164,-76.23473,2275.2354,782.0691,-76.761024,0 days 00:00:33.640400400,0 days 00:00:33.660400400
0 days 00:00:00.250000,0 days 00:00:00.270000,answer4_other1,0.35893297,-15.904182,25.439255,-0.007637818,-0.015553963,0.2460237,26.59025,4.412329,11.908175,-4.975402,23.008062,0.0,3.0168004,-1.9339803,-9.483412,17.052954,273.05243,1482.7037,10.147532,1256.4598,1060.3956,-10.454425,2323.7908,735.4756,-12.431022,0 days 00:00:33.650400400,0 days 00:00:33.670400400
0 days 00:00:00.260000,0 days 00:00:00.280000,answer4_other1,0.36943564,-14.370816,23.428629,-0.0031401336,-0.017672973,0.21458155,26.160477,3.040963,8.887845,-6.200567,22.781301,0.016784387,2.8388832,-2.0582814,-5.5042167,20.250486,315.2207,1411.4818,15.211655,1270.2368,1074.4966,-5.9072156,2314.905,756.7071,-10.543048,0 days 00:00:33.660400400,0 days 00:00:33.680400400
0 days 00:00:00.270000,0 days 00:00:00.290000,answer4_other1,0.37051144,-14.32526,22.035889,0.015931034,-0.017660638,0.16635142,25.80654,3.5242703,10.111798,-4.905855,22.585947,0.04179738,1.9905863,-1.796865,-1.410581,22.346855,538.61237,1298.2311,11.503354,1538.5309,961.3221,-3.165066,2569.5447,658.09375,-8.300041,0 days 00:00:33.670400400,0 days 00:00:33.690400400
0 days 00:00:00.280000,0 days 00:00:00.300000,answer4_other1,0.34309205,-12.716965,19.467802,0.029559096,-0.01694969,0.1395828,23.20623,4.054493,10.10257,-6.1697884,22.402954,0.06915165,0.9013212,-1.064421,-0.9278946,23.697706,767.1126,1184.716,5.035524,1838.8839,838.8415,-3.9637108,2848.6062,632.69696,-8.49176,0 days 00:00:33.680400400,0 days 00:00:33.700400400
0 days 00:00:00.290000,0 days 00:00:00.310000,answer4_other1,0.34051976,-11.84801,19.319992,0.033897694,-0.014439587,0.13037927,20.911722,3.8291204,11.637729,-4.3897147,24.417536,0.09182336,0.11045758,0.18320084,5.0923815,26.083847,1012.4029,1128.323,-0.7646119,2127.1062,803.47144,-6.299051,3147.2588,527.3193,-7.9206023,0 days 00:00:33.690400400,0 days 00:00:33.710400400
0 days 00:00:00.300000,0 days 00:00:00.320000,answer4_other1,0.42677346,-11.010924,18.973612,0.02860217,-0.016425692,0.16617584,20.880312,2.1138585,10.657803,-4.3507576,30.503645,0.09182336,0.11045758,3.3265734,10.851026,25.742899,816.6482,1172.9008,-1.8779526,1910.7816,880.5713,-15.677563,2877.0723,748.1927,-14.590885,0 days 00:00:33.700400400,0 days 00:00:33.720400400
0 days 00:00:00.310000,0 days 00:00:00.330000,answer4_other1,0.5295918,-13.611012,21.982498,0.04208045,-0.017342908,0.36362585,23.851732,2.1196606,12.64637,-5.789898,36.604904,0.3945489,0.8464406,6.978564,19.096752,28.437592,811.92914,1211.0931,0.0,1843.1929,946.8513,-22.803919,2839.296,675.18835,-23.562418,0 days 00:00:33.710400400,0 days 00:00:33.730400400
0 days 00:00:00.320000,0 days 00:00:00.340000,answer4_other1,0.66445273,-16.53887,25.04834,0.07579491,-0.02477932,0.5368143,27.637167,0.977715,14.5726,-14.019315,40.483738,0.373176,1.1976724,9.745475,20.155088,29.225119,705.8392,1258.2296,-24.452286,1769.7823,881.50653,-29.778212,2755.5989,715.7642,-33.700024,0 days 00:00:33.720400400,0 days 00:00:33.740400400
0 days 00:00:00.330000,0 days 00:00:00.350000,answer4_other1,0.7748534,-19.856455,27.258444,0.0906489,-0.031685892,0.62668073,31.614546,-0.23249745,17.532656,-20.212458,40.397694,0.35732785,1.4113064,10.328297,20.776548,32.653492,820.7254,1221.0208,-24.469763,1917.3839,709.94696,-27.789618,2987.3562,469.85953,-36.346706,0 days 00:00:33.730400400,0 days 00:00:33.750400400
0 days 00:00:00.340000,0 days 00:00:00.360000,answer4_other1,0.8548848,-20.920195,27.434423,0.095862485,-0.036735047,0.45478967,34.532734,-2.3883426,17.528847,-23.725693,40.32619,0.028384177,0.9314447,10.304475,20.044878,33.60673,760.1636,1182.7417,-24.616262,1899.5006,641.01306,-28.498888,2971.6758,494.34644,-38.178116,0 days 00:00:33.740400400,0 days 00:00:33.760400400
0 days 00:00:00.350000,0 days 00:00:00.370000,answer4_other1,0.8803435,-21.683645,27.325361,0.071622945,-0.03774702,0.3185843,37.289745,-1.4113232,14.867112,-18.030878,40.21654,0.032405313,0.8055022,10.404639,18.436392,30.171616,616.0239,1436.412,-24.663162,1574.9097,936.7292,-28.310486,2669.203,606.1285,-37.00742,0 days 00:00:33.750400400,0 days 00:00:33.770400400
0 days 00:00:00.360000,0 days 00:00:00.380000,answer4_other1,0.81638545,-22.907951,31.641409,0.056948815,-0.03463301,0.2569399,38.99742,1.4077429,11.519058,-13.300008,40.049915,0.027693488,0.90977955,10.983216,15.910199,30.770927,614.83875,1483.2305,0.0,1526.517,1030.6047,-31.799173,2640.5784,693.9826,-41.768665,0 days 00:00:33.760400400,0 days 00:00:33.780400400
0 days 00:00:00.370000,0 days 00:00:00.390000,answer4_other1,0.73517627,-23.97188,35.3281,0.035044078,-0.032960396,0.32897764,39.46664,4.5167117,10.240204,-9.15825,39.815228,0.034022022,1.0959457,11.494672,12.1314745,27.540575,628.33856,1573.3646,-30.917124,1496.5892,1148.0908,-38.953075,2644.0554,733.5747,-44.850605,0 days 00:00:33.770400400,0 days 00:00:33.790400400
0 days 00:00:00.380000,0 days 00:00:00.400000,answer4_other1,0.6108346,-26.558174,39.787354,0.035071846,-0.02912396,0.3540624,38.20401,8.957083,10.906063,-7.3739,39.53263,0.033760738,1.0035414,11.56675,7.9641757,26.136568,852.6119,1427.8099,-32.12799,1922.8873,1083.4631,-46.76355,3135.389,876.8747,-50.300385,0 days 00:00:33.780400400,0 days 00:00:33.800400400
0 days 00:00:00.390000,0 days 00:00:00.410000,answer4_other1,0.51556736,-29.133368,42.60111,0.031724293,-0.024470875,0.3116442,36.86512,11.197307,13.714603,-2.577779,39.218754,0.037569776,1.0817108,10.766629,8.245063,20.022278,880.7517,1703.6113,-35.663364,1904.4752,1223.0977,-49.284435,3131.027,954.1358,-47.44058,0 days 00:00:33.790400400,0 days 00:00:33.810400400
0 days 00:00:00.400000,0 days 00:00:00.420000,answer4_other1,0.45514807,-30.44121,44.085552,0.0454874,-0.019274235,0.30257186,35.470867,13.8137865,15.083598,2.3621979,38.56812,0.04070839,1.0355037,8.719527,7.5768685,17.384108,724.4362,1710.8224,-37.28389,1754.5547,1253.024,-43.27634,2964.8174,1054.0814,-44.269405,0 days 00:00:33.800400400,0 days 00:00:33.820400400
0 days 00:00:00.410000,0 days 00:00:00.430000,answer4_other1,0.41792735,-29.590128,43.637238,0.04857688,-0.016707683,0.33431146,35.10634,13.738116,15.116313,4.251054,37.9326,0.029489875,0.94303036,6.5234814,8.712451,17.755007,466.96204,1741.5947,0.0,1455.7264,1175.3859,-37.20741,2646.5332,1051.6571,-42.220337,0 days 00:00:33.810400400,0 days 00:00:33.830400400
0 days 00:00:00.420000,0 days 00:00:00.440000,answer4_other1,0.3770198,-25.425926,38.822655,0.047488693,-0.016589299,0.46129596,34.12461,13.627202,13.104413,2.9185162,37.630535,0.024374438,1.1332692,5.600313,8.415459,16.099325,505.61215,1503.2266,0.0,1499.626,1227.7363,-32.183044,2633.6233,996.49756,-37.62251,0 days 00:00:33.820400400,0 days 00:00:33.840400400
0 days 00:00:00.430000,0 days 00:00:00.450000,answer4_other1,0.33837357,-23.037893,35.272724,0.04504396,-0.017985966,0.36821553,32.75931,12.221185,11.406437,0.6948156,37.91388,0.019259,1.3235081,5.430055,9.395551,9.772526,724.6831,1415.4775,-30.182085,1735.9906,1146.5323,-29.285309,2892.031,837.2729,-32.25887,0 days 00:00:33.830400400,0 days 00:00:33.850400400
0 days 00:00:00.440000,0 days 00:00:00.460000,answer4_other1,0.32229868,-20.370531,31.375029,0.06278679,-0.019264204,0.28830364,30.376244,9.450997,10.676738,0.43253174,32.008793,0.24298437,1.5030794,3.0369701,-60.06424,-63.57707,1066.6202,1306.4766,-22.89379,1999.7637,1113.9222,-18.483992,3132.1433,654.0307,-18.131357,0 days 00:00:33.840400400,0 days 00:00:33.860400400
0 days 00:00:00.450000,0 days 00:00:00.470000,answer4_other1,0.3114809,-20.77712,31.165323,0.07112684,-0.017949043,0.123258114,28.22911,7.713074,12.8338175,0.034366887,24.455214,0.3087335,1.2093064,-0.10594281,-65.65255,-66.214745,1105.684,1248.234,-13.816197,2100.8015,922.28687,-6.9836063,3295.4368,690.5952,-7.289099,0 days 00:00:33.850400400,0 days 00:00:33.870400400
0 days 00:00:00.460000,0 days 00:00:00.480000,answer4_other1,0.37165475,-13.250871,22.06933,0.060351457,-0.014716457,0.18117456,22.173395,1.984414,18.699926,1.8606573,16.780107,0.4499882,0.91553324,-3.3664238,-68.82294,-62.081203,842.6862,1385.5536,-0.3120562,1898.3217,849.90717,-0.33699378,3004.28,971.133,0.48478332,0 days 00:00:33.860400400,0 days 00:00:33.880400400
0 days 00:00:00.470000,0 days 00:00:00.490000,answer4_other1,0.3806298,-10.598146,17.873976,0.035591066,-0.011586812,0.18849678,20.899885,-0.055032898,21.572638,2.657919,15.482998,0.0,1.3863611,-4.9895883,-1.4559231,10.676427,792.04156,1341.8125,2.7947528,1906.1158,809.49316,-2.9221804,2879.6853,1131.995,-2.2341678,0 days 00:00:33.870400400,0 days 00:00:33.890400400
0 days 00:00:00.480000,0 days 00:00:00.500000,answer4_other1,0.37749067,-6.971254,12.354668,0.01829681,-0.008961647,0.21462826,19.511272,-1.7052078,21.402054,4.5166564,15.562931,0.050411925,1.5854933,-6.059378,-0.14939356,13.88587,501.62857,1504.8326,-63.137268,1613.1581,892.1054,-70.81093,2525.462,1095.919,-70.15134,0 days 00:00:33.880400400,0 days 00:00:33.900400400
0 days 00:00:00.490000,0 days 00:00:00.510000,answer4_other1,0.30999577,-10.752709,16.635675,0.012215116,-0.01618666,0.15399389,23.843523,0.71690017,14.497418,2.4179091,0.0,0.0,0.0,0.0,0.0,0.0,583.7007,1402.439,-133.66559,1574.1362,1129.0555,-136.35551,2473.1638,940.47656,-136.71342,0 days 00:00:33.890400400,0 days 00:00:33.910400400
0 days 00:00:00.500000,0 days 00:00:00.520000,answer4_other1,0.2774522,-9.241645,17.272291,0.011930738,-0.018895233,0.13051344,23.089373,0.6340967,8.071926,-0.3056318,0.0,0.0,0.0,0.0,0.0,0.0,576.42755,1370.0123,-133.84326,1600.3944,1034.0634,-137.55968,2636.5706,713.708,-138.9476,0 days 00:00:33.900400400,0 days 00:00:33.920400400
0 days 00:00:00.510000,0 days 00:00:00.530000,answer4_other1,0.27229843,-10.267276,19.009748,0.028802777,-0.020342886,0.09836572,24.95491,1.1348287,4.94299,-1.9604383,18.329659,0.0,0.0,-5.3869762,-4.3395414,18.005661,626.27545,1285.0819,-62.82117,1597.91,1063.4641,-70.532875,2594.287,721.8735,-73.37424,0 days 00:00:33.910400400,0 days 00:00:33.930400400
0 days 00:00:00.520000,0 days 00:00:00.540000,answer4_other1,0.2730122,-10.634257,20.12471,0.050350964,-0.011675469,0.09967262,25.243996,1.1559798,4.294622,-1.2060195,18.33055,0.0,0.0,-5.9811044,-5.564162,15.801468,581.5072,1358.6998,7.812631,1587.8436,965.3068,-4.638767,2647.0173,743.90533,-7.4791145,0 days 00:00:33.920400400,0 days 00:00:33.940400400
0 days 00:00:00.530000,0 days 00:00:00.550000,answer4_other1,0.27726963,-11.499443,19.479614,0.06178057,-0.012238479,0.086922705,26.225052,0.28541294,5.0070777,0.3177795,18.352562,0.0,0.0,-6.3626122,-7.366623,12.02934,323.63815,1443.0956,-59.344105,1274.8566,1053.4491,-68.0791,2274.7815,817.94086,-69.53152,0 days 00:00:33.930400400,0 days 00:00:33.950400400
0 days 00:00:00.540000,0 days 00:00:00.560000,answer4_other1,0.27595645,-11.320805,20.061768,0.06472931,-0.0131524615,0.09442609,25.39293,-0.39941347,3.951617,1.8721823,0.0,0.0,0.0,0.0,0.0,0.0,299.8251,1491.9066,-130.3662,1279.2394,1023.91864,-135.10588,2291.0098,859.2058,-135.10487,0 days 00:00:33.940400400,0 days 00:00:33.960400400
0 days 00:00:00.550000,0 days 00:00:00.570000,answer4_other1,0.2594407,-10.835998,19.690813,0.052222203,-0.017487155,0.08932016,24.350348,-0.0200394,2.8370838,2.8756883,0.0,0.0,0.0,0.0,0.0,0.0,339.12354,1427.8483,-131.4224,1331.4323,1059.9126,-135.30719,2230.5684,1083.2983,-136.99165,0 days 00:00:33.950400400,0 days 00:00:33.970400400
0 days 00:00:00.560000,0 days 00:00:00.580000,answer4_other1,0.2550048,-11.840904,20.530502,0.039435185,-0.015805835,0.0886861,24.908136,2.4018111,4.593551,3.914978,14.488442,0.0,0.0,-4.802231,3.9038632,13.094084,354.56107,1490.1315,-59.272182,1316.8934,1187.1074,-66.148674,2201.9404,1134.6091,-70.6092,0 days 00:00:33.960400400,0 days 00:00:33.980400400
0 days 00:00:00.570000,0 days 00:00:00.590000,answer4_other1,0.2562296,-12.166509,20.539839,0.040934615,-0.01088787,0.101305805,24.595575,3.6847603,7.47568,3.4425356,15.543857,0.0,0.0,-5.224304,1.971684,13.725048,335.80753,1461.6509,12.830361,1321.4342,1144.3075,4.917446,2214.6514,1091.7362,-4.1332,0 days 00:00:33.970400400,0 days 00:00:33.990400400
0 days 00:00:00.580000,0 days 00:00:00.600000,answer4_other1,0.2617868,-11.99931,19.4587,0.039161604,-0.0059393384,0.09736117,24.510223,3.2658088,10.5301485,4.9781,17.563904,0.0,0.0,-5.1765857,1.5122464,13.255661,261.15918,1560.8643,15.379131,1255.0842,1074.4894,-60.77536,2250.3386,868.3804,-68.14154,0 days 00:00:33.980400400,0 days 00:00:34.000400400
0 days 00:00:00.590000,0 days 00:00:00.610000,answer4_other1,0.32616642,-9.575626,19.735327,0.05027382,0.0039096354,0.14796412,25.458181,-1.3374664,7.916424,6.9751935,19.52335,0.0,0.0,-4.539462,0.0,0.0,506.82193,1355.26,0.0,1574.6425,931.0495,-61.474304,2624.1033,854.0105,-66.03202,0 days 00:00:33.990400400,0 days 00:00:34.010400400
0 days 00:00:00.600000,0 days 00:00:00.620000,answer4_other1,0.39514804,-7.750982,19.697653,0.058030102,0.007690234,0.16537827,27.696917,-5.2881722,3.9860384,9.83505,20.261824,0.0,0.0,-3.41665,-7.332164,15.322978,790.88055,1245.5189,10.1216545,1812.2892,1009.09796,-64.014725,2886.629,865.7344,-64.67948,0 days 00:00:34.000400400,0 days 00:00:34.020400400
0 days 00:00:00.610000,0 days 00:00:00.630000,answer4_other1,0.46638474,-6.920921,21.541948,0.06444348,0.014301832,0.19195904,29.834532,-8.179788,2.299063,11.888789,19.97715,0.0,0.0,-4.548636,-5.227219,16.289148,1090.4122,1035.0682,6.8946233,2110.009,1099.0795,2.826436,3098.0098,889.358,1.9548782,0 days 00:00:34.010400400,0 days 00:00:34.030400400
0 days 00:00:00.620000,0 days 00:00:00.640000,answer4_other1,0.45488957,-7.7056007,20.968874,0.069081716,0.012069948,0.17865603,29.111807,-8.628842,3.9530144,11.135803,24.472345,0.0,0.0,-3.0907145,2.1940937,18.49508,1070.6107,1040.1163,-5.0341816,2049.0642,1177.9637,-8.08475,2950.7903,881.3777,-7.8865395,0 days 00:00:34.020400400,0 days 00:00:34.040400400
0 days 00:00:00.630000,0 days 00:00:00.650000,answer4_other1,0.4217762,-9.165143,19.739105,0.06014827,0.005334009,0.16509841,28.116968,-7.3149414,7.4907928,9.124236,29.11473,0.0,0.0,-0.66337746,11.475413,20.97394,1047.685,1013.97186,-16.92298,2054.3923,1143.5978,-21.068575,2858.0146,928.64496,-16.838753,0 days 00:00:34.030400400,0 days 00:00:34.050400400
0 days 00:00:00.640000,0 days 00:00:00.660000,answer4_other1,0.3995155,-10.439296,17.590635,0.07399831,-0.0013437389,0.17625922,26.932661,-5.595314,11.555912,2.2140467,33.78203,0.0,0.0,3.7966087,18.291698,24.414484,723.70874,1244.409,-25.60475,1745.0172,1071.8218,-29.318771,2664.803,800.24023,-25.832857,0 days 00:00:34.040400400,0 days 00:00:34.060400400
0 days 00:00:00.650000,0 days 00:00:00.670000,answer4_other1,0.38091314,-13.585086,18.735441,0.07527948,-0.0029518649,0.16667204,27.173506,0.78684855,17.554125,3.1781833,33.77691,0.0,0.0,4.933249,19.20929,25.297907,480.5292,1396.3431,0.0,1521.1266,1029.8446,-27.373405,2533.1814,719.35345,-24.894022,0 days 00:00:34.050400400,0 days 00:00:34.070400400
0 days 00:00:00.660000,0 days 00:00:00.680000,answer4_other1,0.3868207,-15.085101,19.925034,0.07791845,-0.002320946,0.15806843,27.804518,3.1069634,20.704638,2.4563653,33.78368,0.040335797,1.0089219,5.112737,19.951088,25.868277,585.6375,1725.438,0.0,1498.7095,1338.4283,-25.824127,2516.5945,698.92285,-24.18987,0 days 00:00:34.060400400,0 days 00:00:34.080400400
0 days 00:00:00.670000,0 days 00:00:00.690000,answer4_other1,0.3854103,-16.617407,22.32611,0.065426715,-0.0033555974,0.12718779,28.76754,4.773609,18.84165,3.4176385,33.830997,0.046651397,0.94195443,5.357561,20.661684,25.685768,1015.5433,1644.1337,-19.164942,1917.0912,1961.3766,-25.78613,2598.8623,816.3018,-23.201162,0 days 00:00:34.070400400,0 days 00:00:34.090400400
0 days 00:00:00.680000,0 days 00:00:00.700000,answer4_other1,0.39383665,-15.7633095,22.875763,0.050062746,-0.0031529944,0.11084684,29.69233,2.3052156,15.57814,3.4382267,33.888783,0.035925984,0.6613657,5.4890556,20.796,28.940176,1258.5594,1561.9164,-18.306677,2179.231,1981.6943,-28.831518,2742.495,931.4112,-25.880701,0 days 00:00:34.080400400,0 days 00:00:34.100400400
0 days 00:00:00.690000,0 days 00:00:00.710000,answer4_other1,0.38813892,-14.627285,22.588943,0.043168355,-0.0012506348,0.12274885,29.142502,1.1673013,12.731251,2.1278756,33.911865,0.030465545,0.5084804,5.376385,19.236315,32.16305,1202.2362,1249.1879,-17.667562,2264.968,1635.172,-28.619242,2840.0657,824.1938,-28.463907,0 days 00:00:34.090400400,0 days 00:00:34.110400400
0 days 00:00:00.700000,0 days 00:00:00.720000,answer4_other1,0.3931848,-13.996633,22.465042,0.049669337,0.0023773685,0.13496064,30.397049,-0.49877527,11.001004,3.640992,33.878754,0.019851469,0.63290477,5.1218944,18.445301,33.284424,817.87787,1301.9994,-17.133076,1852.6436,1042.0424,-28.186838,2767.2043,791.22736,-28.68355,0 days 00:00:34.100400400,0 days 00:00:34.120400400
0 days 00:00:00.710000,0 days 00:00:00.730000,answer4_other1,0.3998973,-14.56276,23.056849,0.08083116,-0.004201745,0.13917439,30.953966,-0.72129196,9.535111,-0.90309197,33.79974,0.030510679,0.8537987,5.1434293,19.255741,32.794125,545.50226,1466.0712,0.0,1579.1471,1078.7555,-24.181793,2619.2114,827.9079,-27.341654,0 days 00:00:34.110400400,0 days 00:00:34.130400400
0 days 00:00:00.720000,0 days 00:00:00.740000,answer4_other1,0.42762208,-15.919309,25.370588,0.09866097,-0.006846299,0.14521861,32.454376,-0.775232,10.317577,-0.4468368,33.707508,0.03378943,0.8907277,5.5606027,20.385834,31.594826,270.79984,1541.2233,0.0,1282.8407,1097.6896,-19.796007,2363.517,961.4524,-25.314514,0 days 00:00:34.120400400,0 days 00:00:34.140400400
0 days 00:00:00.730000,0 days 00:00:00.750000,answer4_other1,0.44149077,-17.126951,26.172827,0.10424828,-0.010282134,0.12505049,32.08286,0.11785591,14.682053,-0.10825729,33.597767,0.041999277,0.7992618,4.41459,19.987356,29.694235,296.0422,1438.972,7.895703,1322.2002,1064.3057,-15.980189,2305.2068,1009.45404,-22.359627,0 days 00:00:34.130400400,0 days 00:00:34.150400400
0 days 00:00:00.740000,0 days 00:00:00.760000,answer4_other1,0.46626973,-16.746977,26.278511,0.098305084,-0.0040459554,0.11969528,31.858526,-0.9199376,15.899976,2.558519,35.56926,0.042099733,0.696285,1.7303864,16.921118,24.699331,287.62924,1395.0785,7.895703,1302.0953,988.92847,-20.009562,2254.7292,938.6768,-24.164377,0 days 00:00:34.140400400,0 days 00:00:34.160400400
0 days 00:00:00.750000,0 days 00:00:00.770000,answer4_other1,0.47949815,-16.174059,25.786835,0.0955771,-0.0011927928,0.08945706,31.160797,-1.235154,15.909865,-0.9969279,37.339626,0.052069914,0.9068952,0.84432316,12.910937,20.383581,536.05133,1292.0477,0.0,1592.9072,940.59186,-25.949554,2544.8179,832.2172,-28.221344,0 days 00:00:34.150400400,0 days 00:00:34.170400400
0 days 00:00:00.760000,0 days 00:00:00.780000,answer4_other1,0.4863062,-16.041521,25.03987,0.099604726,3.4449622e-05,0.14999478,30.563805,-0.121722616,16.08301,-2.4804354,39.14311,0.052069914,0.9068952,2.0626514,8.40722,16.361746,756.10376,1290.0269,-37.41706,1796.7603,929.4661,-33.8121,2788.1477,719.85223,-33.91429,0 days 00:00:34.160400400,0 days 00:00:34.180400400
0 days 00:00:00.770000,0 days 00:00:00.790000,answer4_other1,0.5240213,-17.227322,27.248789,0.0918685,-0.0057165925,0.32954654,31.054838,1.1349164,17.798773,-4.583204,38.939457,0.16513844,2.2079391,5.390818,4.7171974,14.402583,793.88605,1223.5532,-37.41706,1837.5089,890.14874,-30.201942,2873.2742,771.6484,-34.45595,0 days 00:00:34.170400400,0 days 00:00:34.190400400
0 days 00:00:00.780000,0 days 00:00:00.800000,answer4_other1,0.56077236,-17.273087,29.825827,0.0850676,-0.007581331,0.43803057,31.520369,1.3024259,19.474747,-0.18028323,39.008335,0.17314345,2.658829,7.696734,2.0434005,13.442745,534.69226,1316.7571,0.0,1542.6016,852.8623,-32.24246,2661.1902,818.88727,-34.205463,0 days 00:00:34.180400400,0 days 00:00:34.200400400
0 days 00:00:00.790000,0 days 00:00:00.810000,answer4_other1,0.5978959,-16.677713,31.51856,0.0720947,-0.006337601,0.47725406,32.05236,-0.8075331,17.894127,2.1340973,39.098354,0.17193635,2.7124977,9.606296,0.554334,14.271622,274.00946,1372.9799,0.0,1310.1724,784.7437,-32.488544,2479.3682,835.0239,-35.81577,0 days 00:00:34.190400400,0 days 00:00:34.210400400
0 days 00:00:00.800000,0 days 00:00:00.820000,answer4_other1,0.6117349,-16.617287,31.829935,0.057723507,-0.01015183,0.38907787,32.514,-0.76833135,16.551695,2.5576344,39.13325,0.061061993,1.6182404,10.546817,0.112345375,14.642133,278.4294,1387.0834,0.0,1315.2432,799.6436,-35.726604,2554.342,873.18677,-37.569866,0 days 00:00:34.200400400,0 days 00:00:34.220400400
0 days 00:00:00.810000,0 days 00:00:00.830000,answer4_other1,0.62095284,-19.057318,32.560528,0.037917122,-0.013649578,0.41674316,33.480297,-0.33797932,15.198197,3.548973,39.105312,0.040045667,1.2355205,10.030302,-0.44035277,13.418556,266.25668,1478.9272,0.0,1320.6925,908.84247,-33.352238,2494.3264,1095.4857,-38.40784,0 days 00:00:34.210400400,0 days 00:00:34.230400400
0 days 00:00:00.820000,0 days 00:00:00.840000,answer4_other1,0.59929913,-23.193558,36.91666,0.030919624,-0.018377071,0.38641906,34.25201,4.013388,15.433696,1.9551989,39.091904,0.030764364,1.4034022,8.445501,-1.0427641,11.165843,505.16013,1454.4259,0.0,1495.4161,1042.6232,-30.851402,2622.8347,1100.6849,-36.846325,0 days 00:00:34.220400400,0 days 00:00:34.240400400
0 days 00:00:00.830000,0 days 00:00:00.850000,answer4_other1,0.5518591,-25.989914,37.551056,0.035607588,-0.019582333,0.4197807,34.07016,7.2247024,19.237373,1.412693,35.084705,0.17526896,0.93915075,5.2289367,5.8304048,16.535791,691.8505,1453.4735,-15.137484,1692.1671,1100.4196,-24.432554,2630.5925,979.91583,-28.65439,0 days 00:00:34.230400400,0 days 00:00:34.250400400
0 days 00:00:00.840000,0 days 00:00:00.860000,answer4_other1,0.47884846,-22.74386,31.504446,0.043590907,-0.023820281,0.5977891,31.949059,7.127709,20.161541,-4.9029613,31.01362,0.17945279,1.8365697,3.2438688,11.594844,21.49027,719.2869,1377.4318,-15.137484,1700.3258,1055.315,-16.085821,2734.1406,661.8482,-19.901329,0 days 00:00:34.240400400,0 days 00:00:34.260400400
0 days 00:00:00.850000,0 days 00:00:00.870000,answer4_other1,0.4460583,-18.576199,25.740759,0.047310766,-0.024585055,0.5710436,30.911798,3.061828,20.022604,-3.3292768,26.94161,0.17555536,3.0167034,1.688696,17.185295,26.770323,818.4476,1273.5243,0.0,1878.75,992.8174,-8.983619,2827.094,743.08795,-12.06927,0 days 00:00:34.250400400,0 days 00:00:34.270400400
0 days 00:00:00.860000,0 days 00:00:00.880000,answer4_other1,0.42472318,-13.67147,23.16073,0.046285678,-0.015840476,0.45579466,28.462334,-2.4007533,17.077208,0.31975046,26.921364,0.014470786,4.675852,0.75373524,15.159142,25.023092,950.86426,1094.9286,-9.59768,2019.9703,1030.69,-7.499449,2893.539,822.31647,-10.906975,0 days 00:00:34.260400400,0 days 00:00:34.280400400
0 days 00:00:00.870000,0 days 00:00:00.890000,answer4_other1,0.43839383,-11.292915,24.223364,0.046978157,-0.0046636853,0.16222565,27.03195,-6.2928405,17.176704,9.791292,27.072931,0.017452223,3.6627986,-0.699704,14.27412,23.27252,913.30096,1124.0829,-2.4367983,2010.9203,949.2673,-5.7079263,2825.4734,935.335,-10.105618,0 days 00:00:34.270400400,0 days 00:00:34.290400400
0 days 00:00:00.880000,0 days 00:00:00.900000,answer4_other1,0.46497205,-6.67689,21.563082,0.045451313,-0.000889369,0.15796061,24.844793,-10.652231,16.421082,13.39977,27.155762,0.021722114,2.9382248,-1.8032866,13.920874,22.32824,571.40875,1284.7731,-65.3179,1650.0654,880.0839,-70.07951,2563.0393,901.1027,-73.56015,0 days 00:00:34.280400400,0 days 00:00:34.300400400
0 days 00:00:00.890000,0 days 00:00:00.910000,answer4_other1,0.4993895,-1.0577779,19.913435,0.032522645,0.0008176791,0.19958977,23.119509,-16.136633,13.953208,16.249191,0.0,0.0,0.0,0.0,0.0,0.0,282.93625,1386.882,-130.03835,1301.2726,751.91626,-134.77867,2326.9895,894.67255,-137.06563,0 days 00:00:34.290400400,0 days 00:00:34.310400400
0 days 00:00:00.900000,0 days 00:00:00.920000,answer4_other1,0.52382684,1.7407488,18.658653,0.02490632,0.0015062277,0.19228403,21.784065,-19.979254,10.903705,15.188595,0.0,0.0,0.0,0.0,0.0,0.0,346.66934,1283.8527,-201.0,1307.7952,777.5472,-201.0,2290.989,906.76764,-201.0,0 days 00:00:34.300400400,0 days 00:00:34.320400400
0 days 00:00:00.910000,0 days 00:00:00.930000,answer4_other1,0.50232154,0.9710719,15.843625,0.036358718,-0.0001634679,0.21018128,20.09286,-19.734331,7.2712936,7.0237203,0.0,0.0,0.0,0.0,0.0,0.0,415.1547,1167.5698,-201.0,1331.0137,801.02924,-201.0,2285.6704,941.1608,-201.0,0 days 00:00:34.310400400,0 days 00:00:34.330400400
0 days 00:00:00.920000,0 days 00:00:00.940000,answer4_other1,0.4667699,-2.9581604,14.013535,0.04944836,-0.003857433,0.17446457,20.40228,-16.257505,10.261371,2.754799,34.279503,0.0,0.0,1.3572066,7.557505,14.816999,413.8406,1143.6188,-72.40352,1361.836,858.46405,-77.80598,2254.9656,930.1401,-82.28152,0 days 00:00:34.320400400,0 days 00:00:34.340400400
0 days 00:00:00.930000,0 days 00:00:00.950000,answer4_other1,0.42927775,-6.2669387,15.542754,0.056248173,-0.0085129505,0.17428975,22.080568,-10.744069,11.175645,0.59051275,34.28446,0.0,0.0,0.71532434,8.363926,13.888557,397.7279,1167.0939,-6.848006,1363.596,844.8536,-16.38325,2258.722,906.44336,-20.736565,0 days 00:00:34.330400400,0 days 00:00:34.350400400
0 days 00:00:00.940000,0 days 00:00:00.960000,answer4_other1,0.41834477,-8.418878,20.127714,0.039129887,-0.009561352,0.13323252,24.630877,-7.468826,13.864681,5.456818,34.26614,0.0,0.0,0.11210171,9.330716,12.708209,391.59653,1154.4033,-5.2089386,1362.7538,781.0655,-16.652327,2299.4915,885.9633,-17.917147,0 days 00:00:34.340400400,0 days 00:00:34.360400400
0 days 00:00:00.950000,0 days 00:00:01,answer4_other1,0.40298128,-8.447177,19.569212,0.029127816,-0.0088005485,0.1399677,25.339415,-5.7067904,12.632941,6.731813,34.294365,0.0,0.0,-0.56844026,9.9767685,12.031674,395.34207,1173.9635,-4.3334575,1366.3578,826.2358,-16.73182,2283.603,957.17334,-16.365133,0 days 00:00:34.350400400,0 days 00:00:34.400400400
0 days 00:00:00,0 days 00:00:00.020000,answer5_ges,0.30722535,-13.119512,20.942398,0.042599488,-0.018341098,0.023394624,21.202215,8.117905,1.270207,-1.6272646,24.457428,0.0,1.878775,-4.4608197,7.496996,23.962608,713.07733,1470.0956,-4.9272323,1786.708,1081.6688,-12.211095,2826.7976,849.6778,-19.66828,0 days 00:00:44.567233901,0 days 00:00:44.587233901
0 days 00:00:00.010000,0 days 00:00:00.030000,answer5_ges,0.31350163,-12.317315,19.471107,0.039169107,-0.02075199,0.05133541,21.48086,7.441967,0.34467947,-0.73052555,24.379606,0.0,1.878775,-2.615128,5.561289,21.917868,533.50757,1453.6377,-0.75789076,1583.0043,1175.1378,-13.523921,2531.0198,962.0955,-17.2494,0 days 00:00:44.577233901,0 days 00:00:44.597233901
0 days 00:00:00.020000,0 days 00:00:00.040000,answer5_ges,0.33049867,-12.3997755,19.565653,0.031888276,-0.020807236,0.09078983,22.219282,7.526837,0.10495031,2.0012217,24.265673,0.0,2.3138912,-1.1985295,6.2212806,19.592356,346.7191,1419.2998,4.741433,1373.1622,1202.0773,-11.7212305,2245.614,1063.5806,-13.000487,0 days 00:00:44.587233901,0 days 00:00:44.607233901
0 days 00:00:00.030000,0 days 00:00:00.050000,answer5_ges,0.3499335,-12.189935,17.853819,0.0478441,-0.020979872,0.10227098,23.660736,7.2327404,0.11833248,3.667408,24.187904,0.044621997,1.8225731,-1.9147793,8.788434,19.376125,369.01108,1393.5392,4.158057,1355.8276,1225.7023,-8.448626,2196.9714,1022.93475,-10.168912,0 days 00:00:44.597233901,0 days 00:00:44.617233901
0 days 00:00:00.040000,0 days 00:00:00.060000,answer5_ges,0.35442075,-12.014244,18.716265,0.05392207,-0.016561521,0.11457773,22.659563,6.9585004,-0.5742876,2.0442004,24.12851,0.044621997,1.7944722,-2.6340835,10.9371395,18.90252,361.83887,1521.3545,-63.789234,1309.272,1344.1664,-70.01941,2179.5417,1093.9369,-72.15734,0 days 00:00:44.607233901,0 days 00:00:44.627233901
0 days 00:00:00.050000,0 days 00:00:00.070000,answer5_ges,0.34951138,-10.184243,16.80544,0.055802193,-0.015417606,0.10726297,20.835295,4.537685,-2.7893732,-3.188803,0.0,0.0,0.0,0.0,0.0,0.0,589.04706,1563.1583,-133.06651,1551.4902,1278.0924,-134.7057,2532.0237,939.07837,-135.97578,0 days 00:00:44.617233901,0 days 00:00:44.637233901
0 days 00:00:00.060000,0 days 00:00:00.080000,answer5_ges,0.3358283,-9.312547,16.838058,0.03957964,-0.016703121,0.100126594,19.341341,3.3111897,-3.9051058,-6.182667,0.0,0.0,0.0,0.0,0.0,0.0,572.0711,1556.7543,-201.0,1535.6552,1224.4592,-201.0,2545.3845,858.8403,-201.0,0 days 00:00:44.627233901,0 days 00:00:44.647233901
0 days 00:00:00.070000,0 days 00:00:00.090000,answer5_ges,0.3250297,-8.697922,15.374377,0.034843896,-0.017814865,0.08827785,18.19722,2.7342112,-2.408797,-8.343189,0.0,0.0,0.0,0.0,0.0,0.0,596.11914,1396.3177,-201.0,1615.1616,1181.0239,-201.0,2557.5488,770.7172,-201.0,0 days 00:00:44.637233901,0 days 00:00:44.657233901
0 days 00:00:00.080000,0 days 00:00:00.100000,answer5_ges,0.30509102,-8.939193,15.701724,0.04591118,-0.020938888,0.07519246,17.46341,4.1804876,-0.5171241,-8.154706,0.0,0.0,0.0,0.0,0.0,0.0,378.81177,1292.0347,-133.30223,1381.75,1178.496,-136.63097,2266.356,863.8233,-136.75261,0 days 00:00:44.647233901,0 days 00:00:44.667233901
0 days 00:00:00.090000,0 days 00:00:00.110000,answer5_ges,0.31187174,-8.256063,16.632317,0.05258469,-0.019062975,0.079240024,16.509623,2.7255058,1.0379149,-7.4758,22.943134,0.0,0.0,-6.566332,-2.7427807,7.167899,564.5083,1218.2646,-67.25357,1658.2256,1162.1151,-72.49702,2542.795,988.31525,-71.612595,0 days 00:00:44.657233901,0 days 00:00:44.677233901
0 days 00:00:00.100000,0 days 00:00:00.120000,answer5_ges,0.3182346,-8.289082,16.701313,0.04034294,-0.017973231,0.08300814,16.451872,3.8294284,3.2377615,-3.932334,23.311296,0.0,0.0,-6.2269173,-1.7074962,8.223855,561.3001,1192.5098,2.1422539,1619.2982,1005.77246,-6.8903904,2597.9285,931.9476,-6.2501183,0 days 00:00:44.667233901,0 days 00:00:44.687233901
0 days 00:00:00.110000,0 days 00:00:00.130000,answer5_ges,0.36210632,-7.4639716,15.294118,0.02892646,-0.018462464,0.097352736,15.118695,3.7470329,7.259352,-4.3414283,24.051813,0.0,0.0,-6.286493,-6.5463777,3.075784,554.01263,1187.6964,3.4555042,1630.0272,949.541,-4.9130354,2595.8965,844.8638,-4.9255466,0 days 00:00:44.677233901,0 days 00:00:44.697233901
0 days 00:00:00.120000,0 days 00:00:00.140000,answer5_ges,0.37751758,-6.9966655,12.54303,0.032534447,-0.018348403,0.10304514,12.944046,3.965582,8.62659,-7.371198,24.092491,0.0,0.0,-4.9521027,-4.7855034,5.359441,373.29636,1112.9622,-62.59315,1392.2695,786.44037,-69.04698,2363.8186,586.8764,-70.06556,0 days 00:00:44.687233901,0 days 00:00:44.707233901
0 days 00:00:00.130000,0 days 00:00:00.150000,answer5_ges,0.38958803,-5.077123,11.246918,0.046450842,-0.018549783,0.10354405,11.762439,0.49550295,5.323654,-9.998024,0.0,0.0,0.0,0.0,0.0,0.0,358.47086,1115.7365,-131.98897,1386.3159,741.831,-134.65361,2395.615,554.5251,-135.42804,0 days 00:00:44.697233901,0 days 00:00:44.717233901
0 days 00:00:00.140000,0 days 00:00:00.160000,answer5_ges,0.36367473,-4.1568856,10.62323,0.04230507,-0.010492331,0.093868814,10.415222,-0.7553108,3.5444374,-9.116367,0.0,0.0,0.0,0.0,0.0,0.0,364.66965,1145.6342,-201.0,1372.555,797.89185,-201.0,2395.3254,558.28973,-201.0,0 days 00:00:44.707233901,0 days 00:00:44.727233901
0 days 00:00:00.150000,0 days 00:00:00.170000,answer5_ges,0.3388326,-4.8268857,12.084126,0.014297028,-0.010304471,0.0894321,11.064273,1.3742014,5.116426,-5.110291,0.0,0.0,0.0,0.0,0.0,0.0,400.77103,1135.1842,-129.9157,1382.5518,818.23315,-132.7542,2419.5112,609.39136,-134.87665,0 days 00:00:44.717233901,0 days 00:00:44.737233901
0 days 00:00:00.160000,0 days 00:00:00.180000,answer5_ges,0.31804237,-6.958931,14.286244,0.006483425,-0.010420551,0.08060076,11.95349,4.7188272,9.972362,-2.908676,15.079664,0.0,0.0,-5.1615267,-11.1845,9.818661,392.43533,1191.9794,-59.97974,1379.4155,826.25055,-66.22999,2433.157,578.2179,-70.57334,0 days 00:00:44.727233901,0 days 00:00:44.747233901
0 days 00:00:00.170000,0 days 00:00:00.190000,answer5_ges,0.30225718,-7.980141,14.770701,0.016732397,-0.013506241,0.0854621,14.1343355,5.0061526,7.701966,-2.014486,17.604164,0.0,0.0,-4.500479,-6.6859756,12.766537,395.62564,1297.3164,10.247071,1342.3888,990.58026,-0.61411047,2415.8909,662.6248,-6.540109,0 days 00:00:44.737233901,0 days 00:00:44.757233901
0 days 00:00:00.180000,0 days 00:00:00.200000,answer5_ges,0.291517,-9.081356,16.043139,0.039252542,-0.015005854,0.07893353,15.561295,4.7515426,4.005546,-3.4448907,20.109148,0.0,0.0,-3.4541528,-3.9304898,15.963115,661.17255,1382.4418,4.233626,1631.1685,1126.3704,-5.746287,2647.9968,732.98016,-10.15532,0 days 00:00:44.747233901,0 days 00:00:44.767233901
0 days 00:00:00.190000,0 days 00:00:00.210000,answer5_ges,0.2862579,-8.631522,15.02219,0.05031456,-0.014435648,0.08729064,16.015549,4.382299,1.7478112,-2.9488401,22.682547,0.0,0.0,-1.6740249,-3.1865013,17.533463,662.3709,1367.6793,4.8395605,1629.018,1152.8088,-7.8415513,2591.733,769.90424,-11.876523,0 days 00:00:44.757233901,0 days 00:00:44.777233901
0 days 00:00:00.200000,0 days 00:00:00.220000,answer5_ges,0.2814461,-9.917847,17.685356,0.06465021,-0.01335526,0.084566236,17.010891,6.2426057,2.176033,-5.099108,22.667303,0.0,0.0,-1.4978696,-6.1947045,17.313637,922.8843,1214.039,-0.78964406,1991.0122,920.72064,-10.390068,2916.04,665.6599,-13.59801,0 days 00:00:44.767233901,0 days 00:00:44.787233901
0 days 00:00:00.210000,0 days 00:00:00.230000,answer5_ges,0.2863779,-10.256448,18.513891,0.07058455,-0.012306499,0.08147055,18.038027,6.3234463,4.100506,-5.67335,22.671791,0.0,0.5663486,-1.9333798,-7.1666126,17.131248,931.0468,1166.163,-65.8605,1953.3027,953.52606,-73.503685,2924.884,567.41,-76.10615,0 days 00:00:44.777233901,0 days 00:00:44.797233901
0 days 00:00:00.220000,0 days 00:00:00.240000,answer5_ges,0.29153657,-11.466922,21.076773,0.07773671,-0.01170497,0.075346895,19.67288,6.4454703,2.961506,-6.0150533,0.0,0.0,0.0,0.0,0.0,0.0,1117.7919,1105.983,-136.40239,2159.829,893.97485,-137.93263,3183.3113,520.9545,-138.68825,0 days 00:00:44.787233901,0 days 00:00:44.807233901
0 days 00:00:00.230000,0 days 00:00:00.250000,answer5_ges,0.28985354,-11.111629,20.329412,0.06172857,-0.010116018,0.07663388,19.17391,5.306192,3.0571356,-2.500817,0.0,0.0,0.0,0.0,0.0,0.0,1047.5676,1222.2914,-201.0,2080.656,969.8374,-201.0,3120.487,606.519,-201.0,0 days 00:00:44.797233901,0 days 00:00:44.817233901
0 days 00:00:00.240000,0 days 00:00:00.260000,answer5_ges,0.2822276,-9.441215,17.0125,0.054262344,-0.009854849,0.076141916,17.54695,4.0898013,3.4759972,0.031492393,0.0,0.0,0.0,0.0,0.0,0.0,778.2583,1177.6559,-201.0,1832.8539,855.48535,-201.0,2834.913,685.41547,-201.0,0 days 00:00:44.807233901,0 days 00:00:44.827233901
0 days 00:00:00.250000,0 days 00:00:00.270000,answer5_ges,0.28146324,-7.5020947,14.130506,0.0423414,-0.008692558,0.0719999,15.407982,1.7498077,4.2696056,0.3601873,0.0,0.0,0.0,0.0,0.0,0.0,593.08307,1233.5493,-201.0,1615.1332,910.9246,-201.0,2569.5125,723.6325,-201.0,0 days 00:00:44.817233901,0 days 00:00:44.837233901
0 days 00:00:00.260000,0 days 00:00:00.280000,answer5_ges,0.28761294,-6.996212,13.892151,0.041119725,-0.009011387,0.06424968,15.153527,1.0658392,7.6698303,0.10984913,0.0,0.0,0.0,0.0,0.0,0.0,350.0765,1266.9272,-131.86444,1335.7567,900.78955,-137.52824,2298.7922,696.18024,-137.18898,0 days 00:00:44.827233901,0 days 00:00:44.847233901
0 days 00:00:00.270000,0 days 00:00:00.290000,answer5_ges,0.30046627,-7.5583243,14.414322,0.041889146,-0.010658731,0.06444172,15.859501,0.21613576,5.612497,-3.2953815,23.048595,0.0,2.6320176,-2.944476,-2.7623246,17.766224,312.3009,1455.6198,-63.0126,1276.5118,1056.6222,-74.3831,2265.2908,716.13434,-75.65189,0 days 00:00:44.837233901,0 days 00:00:44.857233901
0 days 00:00:00.280000,0 days 00:00:00.300000,answer5_ges,0.30681786,-9.485175,16.721754,0.036768723,-0.013665992,0.07488194,17.390638,2.6393898,6.166393,-5.922549,23.159903,0.0,2.6320176,-3.1457484,-2.2081957,18.685976,509.25626,1469.9662,1.5817772,1539.0516,1008.842,-11.920982,2543.5046,666.8486,-14.757912,0 days 00:00:44.847233901,0 days 00:00:44.867233901
0 days 00:00:00.290000,0 days 00:00:00.310000,answer5_ges,0.31238696,-10.068369,17.893003,0.029627219,-0.009801398,0.0836908,18.205227,3.1981401,4.472779,-2.3891048,23.25697,0.0,2.6320176,-3.1466658,-1.7426852,20.042156,849.0007,1321.6135,-67.55378,1876.5446,1086.8204,-75.39274,2849.1272,768.2725,-78.56893,0 days 00:00:44.857233901,0 days 00:00:44.877233901
0 days 00:00:00.300000,0 days 00:00:00.320000,answer5_ges,0.30566573,-11.289989,19.712063,0.020491011,-0.010134555,0.099796325,19.142471,6.3763604,5.4232774,0.17277752,0.0,0.0,0.0,0.0,0.0,0.0,1086.109,1227.3243,-136.40562,2181.64,937.2236,-138.53789,3159.1348,697.00635,-140.10602,0 days 00:00:44.867233901,0 days 00:00:44.887233901
0 days 00:00:00.310000,0 days 00:00:00.330000,answer5_ges,0.30430636,-10.565562,18.367401,0.02423433,-0.0073168688,0.09837235,18.382393,6.119215,6.2302165,5.3532767,0.0,0.0,0.0,0.0,0.0,0.0,1121.3717,1227.4524,-201.0,2169.2786,954.40326,-201.0,3180.5312,742.46,-201.0,0 days 00:00:44.877233901,0 days 00:00:44.897233901
0 days 00:00:00.320000,0 days 00:00:00.340000,answer5_ges,0.30670837,-10.333607,17.328245,0.03574988,-0.009963019,0.10016761,16.80247,5.74239,5.0095515,0.22733562,0.0,0.0,0.0,0.0,0.0,0.0,1067.2026,1349.1991,-201.0,2098.1252,858.199,-201.0,3186.0908,616.07556,-201.0,0 days 00:00:44.887233901,0 days 00:00:44.907233901
0 days 00:00:00.330000,0 days 00:00:00.350000,answer5_ges,0.3067558,-8.996249,16.90158,0.0368492,-0.0051557273,0.08930051,14.534656,2.8722115,4.901712,1.8564305,0.0,0.0,0.0,0.0,0.0,0.0,1135.7169,1238.7203,-201.0,2106.863,836.5647,-201.0,3224.572,590.4931,-201.0,0 days 00:00:44.897233901,0 days 00:00:44.917233901
0 days 00:00:00.340000,0 days 00:00:00.360000,answer5_ges,0.29569575,-8.094621,16.91199,0.044237614,-0.0024222562,0.09491521,13.996868,2.0609868,2.2198527,0.68623805,0.0,0.0,0.0,0.0,0.0,0.0,1133.0114,1238.1715,-201.0,2086.9988,997.98926,-201.0,3165.6243,588.15643,-201.0,0 days 00:00:44.907233901,0 days 00:00:44.927233901
0 days 00:00:00.350000,0 days 00:00:00.370000,answer5_ges,0.2778035,-7.669657,15.0453825,0.032362603,-0.005986236,0.08350047,15.045262,2.158827,3.3060944,1.9474808,0.0,0.0,0.0,0.0,0.0,0.0,875.1284,1287.7803,-201.0,1806.0065,1121.5194,-201.0,2834.6592,644.18695,-201.0,0 days 00:00:44.917233901,0 days 00:00:44.937233901
0 days 00:00:00.360000,0 days 00:00:00.380000,answer5_ges,0.28372908,-7.0871773,13.592179,0.029490136,-0.008769873,0.0751115,13.985606,4.5099244,3.197943,1.3937145,0.0,0.0,0.0,0.0,0.0,0.0,611.93994,1365.1245,-201.0,1551.4442,1209.6517,-201.0,2521.0176,760.0432,-201.0,0 days 00:00:44.927233901,0 days 00:00:44.947233901
0 days 00:00:00.370000,0 days 00:00:00.390000,answer5_ges,0.30981636,-6.7072053,12.932151,0.030182116,-0.010398685,0.064713396,11.036716,6.920943,8.716305,0.17123537,0.0,0.0,0.0,0.0,0.0,0.0,696.0664,1128.2145,-201.0,1671.108,932.7815,-201.0,2638.3013,699.30536,-201.0,0 days 00:00:44.937233901,0 days 00:00:44.957233901
0 days 00:00:00.380000,0 days 00:00:00.400000,answer5_ges,0.32897112,-6.202102,12.9455385,0.045652222,-0.0070064724,0.07539651,8.87656,8.618005,8.044641,0.70180655,0.0,0.0,0.0,0.0,0.0,0.0,691.35034,1148.5807,-201.0,1714.005,922.6386,-201.0,2763.211,775.98755,-201.0,0 days 00:00:44.947233901,0 days 00:00:44.967233901
0 days 00:00:00.390000,0 days 00:00:00.410000,answer5_ges,0.3155829,-6.332054,13.752154,0.04827799,-0.007849984,0.08004585,9.752942,7.183883,7.454882,-1.5135206,0.0,0.0,0.0,0.0,0.0,0.0,671.457,1189.8209,-201.0,1690.5741,930.3294,-201.0,2770.8633,718.2465,-201.0,0 days 00:00:44.957233901,0 days 00:00:44.977233901
0 days 00:00:00.400000,0 days 00:00:00.420000,answer5_ges,0.28343228,-7.1905136,14.26593,0.042406168,-0.0091310935,0.06809009,12.269371,4.857065,2.7797592,-2.391166,0.0,0.0,0.0,0.0,0.0,0.0,355.22763,1509.1836,-201.0,1311.3209,1188.4105,-201.0,2388.6863,785.6004,-201.0,0 days 00:00:44.967233901,0 days 00:00:44.987233901
0 days 00:00:00.410000,0 days 00:00:00.430000,answer5_ges,0.27404356,-9.576371,17.689896,0.03634951,-0.015498671,0.07659037,16.503462,6.295456,3.6840324,-3.5814793,0.0,0.0,0.0,0.0,0.0,0.0,335.06897,1562.2607,-201.0,1222.0243,1234.7096,-201.0,2261.576,648.23413,-201.0,0 days 00:00:44.977233901,0 days 00:00:44.997233901
0 days 00:00:00.420000,0 days 00:00:00.440000,answer5_ges,0.2714493,-11.844453,18.341454,0.060923103,-0.015018481,0.0885969,19.217527,8.398327,6.3899217,-3.2650783,0.0,0.0,0.0,0.0,0.0,0.0,607.6609,1470.0498,-201.0,1531.3319,1072.722,-201.0,2619.2314,632.24335,-201.0,0 days 00:00:44.987233901,0 days 00:00:45.007233901
0 days 00:00:00.430000,0 days 00:00:00.450000,answer5_ges,0.26825273,-12.433187,19.454138,0.06583206,-0.015453641,0.105109274,20.915258,9.903708,4.9467006,-2.5712802,0.0,0.0,0.0,0.0,0.0,0.0,595.46454,1432.7167,-201.0,1548.5043,981.9834,-201.0,2669.39,725.9925,-201.0,0 days 00:00:44.997233901,0 days 00:00:45.017233901
0 days 00:00:00.440000,0 days 00:00:00.460000,answer5_ges,0.2560505,-11.085959,18.694708,0.075671285,-0.009119532,0.09156471,18.667625,8.228293,3.5313656,0.84235936,0.0,0.0,0.0,0.0,0.0,0.0,587.0184,1349.3855,-201.0,1590.8073,850.38153,-201.0,2680.6484,748.3338,-201.0,0 days 00:00:45.007233901,0 days 00:00:45.027233901
0 days 00:00:00.450000,0 days 00:00:00.470000,answer5_ges,0.2624536,-10.025439,19.122385,0.057396475,-0.012337319,0.07782953,18.694422,5.989081,0.020888409,0.6074508,0.0,0.0,0.0,0.0,0.0,0.0,548.78143,1413.5455,-201.0,1558.7811,922.38135,-201.0,2651.5881,800.1296,-201.0,0 days 00:00:45.017233901,0 days 00:00:45.037233901
0 days 00:00:00.460000,0 days 00:00:00.480000,answer5_ges,0.26104173,-10.466534,19.06875,0.055141415,-0.010073529,0.06759781,19.05177,6.105524,-0.48501262,-1.7627453,0.0,0.0,0.0,0.0,0.0,0.0,562.11835,1397.5674,-201.0,1558.2764,956.4951,-201.0,2676.3762,717.1663,-201.0,0 days 00:00:45.027233901,0 days 00:00:45.047233901
0 days 00:00:00.470000,0 days 00:00:00.490000,answer5_ges,0.27644208,-10.099864,17.95558,0.04494823,-0.010782953,0.06401524,18.668476,6.1421885,-0.2259531,-2.6001213,0.0,0.0,0.0,0.0,0.0,0.0,602.0169,1307.4413,-201.0,1589.1195,937.9355,-201.0,2697.0413,716.49054,-201.0,0 days 00:00:45.037233901,0 days 00:00:45.057233901
0 days 00:00:00.480000,0 days 00:00:00.500000,answer5_ges,0.27438727,-10.004559,16.799849,0.03876898,-0.0068642795,0.05754124,17.259336,8.042947,2.0334563,-2.2931488,0.0,0.0,0.0,0.0,0.0,0.0,587.2997,1319.7501,-201.0,1619.3242,876.76447,-201.0,2686.5166,738.00635,-201.0,0 days 00:00:45.047233901,0 days 00:00:45.067233901
0 days 00:00:00.490000,0 days 00:00:00.510000,answer5_ges,0.28575227,-10.513938,17.758387,0.043827582,-0.013888008,0.0712489,17.468819,8.109947,3.0314462,-1.2906029,0.0,0.0,0.0,0.0,0.0,0.0,598.82294,1246.542,-201.0,1639.1232,846.7168,-201.0,2648.7344,724.5734,-201.0,0 days 00:00:45.057233901,0 days 00:00:45.077233901
0 days 00:00:00.500000,0 days 00:00:00.520000,answer5_ges,0.28000292,-11.448727,18.634352,0.04577573,-0.020071225,0.07904651,19.197374,7.851759,1.1331944,-3.3693068,0.0,0.0,0.0,0.0,0.0,0.0,597.3438,1278.0632,-201.0,1637.8363,923.31323,-201.0,2648.0188,778.6065,-201.0,0 days 00:00:45.067233901,0 days 00:00:45.087233901
0 days 00:00:00.510000,0 days 00:00:00.530000,answer5_ges,0.28568375,-11.8475485,19.094793,0.041961044,-0.025744649,0.089038305,20.888079,7.978237,-1.9614521,-2.9416628,0.0,0.0,0.0,0.0,0.0,0.0,393.3983,1245.6284,-201.0,1329.9393,1094.2949,-201.0,2292.6243,778.94305,-201.0,0 days 00:00:45.077233901,0 days 00:00:45.097233901
0 days 00:00:00.520000,0 days 00:00:00.540000,answer5_ges,0.2883974,-11.771088,18.570772,0.020343138,-0.020542333,0.08571341,20.703192,8.57021,-1.6414924,-0.82781667,0.0,0.0,0.0,0.0,0.0,0.0,587.82623,1267.6345,-201.0,1591.2509,1057.7706,-201.0,2567.0059,743.6977,-201.0,0 days 00:00:45.087233901,0 days 00:00:45.107233901
0 days 00:00:00.530000,0 days 00:00:00.550000,answer5_ges,0.28473106,-12.103061,19.182236,0.017439177,-0.016841952,0.082987554,20.848783,8.676122,0.26573634,0.46313608,0.0,0.0,0.0,0.0,0.0,0.0,579.90576,1266.4287,-201.0,1581.6881,1008.70874,-201.0,2562.325,718.08417,-201.0,0 days 00:00:45.097233901,0 days 00:00:45.117233901
0 days 00:00:00.540000,0 days 00:00:00.560000,answer5_ges,0.28177556,-12.180898,20.285437,0.052612107,-0.02005415,0.08975787,19.096941,8.003499,1.2941331,-2.6294055,0.0,0.0,0.0,0.0,0.0,0.0,562.08496,1219.6447,-201.0,1618.1598,895.51227,-201.0,2612.0579,689.95825,-201.0,0 days 00:00:45.107233901,0 days 00:00:45.127233901
0 days 00:00:00.550000,0 days 00:00:00.570000,answer5_ges,0.27547434,-10.842911,18.156511,0.062130675,-0.023419792,0.08417339,17.439375,6.5922866,1.9331671,-5.456392,0.0,0.0,0.0,0.0,0.0,0.0,364.19382,1267.8917,-201.0,1393.3218,1016.14355,-201.0,2334.8608,857.60077,-201.0,0 days 00:00:45.117233901,0 days 00:00:45.137233901
0 days 00:00:00.560000,0 days 00:00:00.580000,answer5_ges,0.29113233,-9.643077,17.836884,0.05677702,-0.025321394,0.08723874,17.83258,6.6518307,-2.145089,-6.882767,0.0,0.0,0.0,0.0,0.0,0.0,387.1415,1290.7363,-201.0,1441.2759,1148.5334,-201.0,2329.6719,976.7297,-201.0,0 days 00:00:45.127233901,0 days 00:00:45.147233901
0 days 00:00:00.570000,0 days 00:00:00.590000,answer5_ges,0.3066576,-7.657102,16.609291,0.032390922,-0.013985541,0.083525576,18.47088,4.9114184,-2.6659253,-2.8105342,0.0,0.0,0.0,0.0,0.0,0.0,399.11435,1368.314,-201.0,1446.6073,1289.9067,-201.0,2318.9355,1066.0387,-201.0,0 days 00:00:45.137233901,0 days 00:00:45.157233901
0 days 00:00:00.580000,0 days 00:00:00.632947846,answer5_ges,0.34797144,-7.089834,16.461622,0.029939586,-0.012026154,0.09526279,17.320423,5.902947,-3.9634635,-0.96252304,0.0,0.0,0.0,0.0,0.0,0.0,239.07222,1650.8698,-201.0,1165.1785,1173.3104,-201.0,2172.2046,837.81854,-201.0,0 days 00:00:45.147233901,0 days 00:00:45.200181747
0 days 00:00:00,0 days 00:00:00.020000,answer6,0.280314,-8.371793,16.815596,0.048741143,-0.020851618,0.030785643,22.28861,-1.3366262,-4.4139996,-6.1904044,24.104193,0.0,0.0,-1.4908181,-4.7528152,13.643029,404.99734,1542.1519,6.657509,1244.4727,1459.4238,0.34982887,2200.8298,1003.84064,-8.710586,0 days 00:00:52.500500501,0 days 00:00:52.520500501
0 days 00:00:00.010000,0 days 00:00:00.030000,answer6,0.2815771,-8.42751,16.209862,0.05105512,-0.016191386,0.05706973,22.391813,-1.6540257,-4.2942567,-5.3505645,24.239832,0.0,0.0,-2.3798728,-3.1219864,14.9729185,379.43042,1474.9629,9.455063,1245.9905,1299.5991,2.8463917,2194.284,892.1848,-7.1259665,0 days 00:00:52.510500501,0 days 00:00:52.530500501
0 days 00:00:00.020000,0 days 00:00:00.040000,answer6,0.28651685,-8.747013,18.782448,0.046340358,-0.009644828,0.08198888,24.33699,-1.4229017,-5.3850408,-5.017545,24.32538,0.0,3.2844317,-2.7453265,-1.789587,15.6775465,551.9224,1358.1627,-59.272106,1531.8763,1110.6432,-65.20883,2522.2986,767.72076,-70.91686,0 days 00:00:52.520500501,0 days 00:00:52.540500501
0 days 00:00:00.030000,0 days 00:00:00.050000,answer6,0.28217003,-8.6030655,18.75746,0.053005602,-0.012678228,0.07566946,23.75299,-1.1919755,-6.37274,-10.407138,0.0,0.0,0.0,0.0,0.0,0.0,552.4507,1370.7885,-129.47528,1510.7885,1143.1029,-130.44823,2520.8245,809.81494,-135.6245,0 days 00:00:52.530500501,0 days 00:00:52.550500501
0 days 00:00:00.040000,0 days 00:00:00.060000,answer6,0.2758096,-8.602705,19.453852,0.03561013,-0.01654384,0.07893352,24.137802,0.14023648,-5.288203,-10.292735,0.0,0.0,0.0,0.0,0.0,0.0,576.6834,1350.5602,-201.0,1523.5795,1178.1722,-201.0,2564.719,870.0874,-201.0,0 days 00:00:52.540500501,0 days 00:00:52.560500501
0 days 00:00:00.050000,0 days 00:00:00.070000,answer6,0.26862228,-9.762791,17.045528,0.0376467,-0.020144576,0.083072364,23.576986,2.09034,-2.7439585,-6.6898556,0.0,0.0,0.0,0.0,0.0,0.0,598.4383,1402.6348,-201.0,1501.9281,1137.6466,-201.0,2567.9268,859.4826,-201.0,0 days 00:00:52.550500501,0 days 00:00:52.570500501
0 days 00:00:00.060000,0 days 00:00:00.080000,answer6,0.26899296,-10.0418825,15.735526,0.035321858,-0.017134467,0.08019198,23.193253,2.6130512,2.0422516,-2.3810356,0.0,0.0,0.0,0.0,0.0,0.0,824.3123,1353.2401,-201.0,1776.5924,1035.5347,-201.0,2850.7988,732.7002,-201.0,0 days 00:00:52.560500501,0 days 00:00:52.580500501
0 days 00:00:00.070000,0 days 00:00:00.090000,answer6,0.27269217,-10.095439,15.7365265,0.053602982,-0.009955726,0.07668108,21.638916,3.2265034,2.3150296,-1.5308269,0.0,0.0,0.0,0.0,0.0,0.0,1051.1334,1292.6868,-201.0,2107.0295,842.69037,-201.0,3187.2527,641.12036,-201.0,0 days 00:00:52.570500501,0 days 00:00:52.590500501
0 days 00:00:00.080000,0 days 00:00:00.100000,answer6,0.2847472,-9.781837,16.193413,0.050947558,-0.0067245453,0.07776368,20.903482,2.8105297,3.3618777,-3.947304,0.0,0.0,0.0,0.0,0.0,0.0,1094.7965,1242.2369,-133.54596,2166.1973,820.8979,-135.21504,3221.944,597.3538,-137.14317,0 days 00:00:52.580500501,0 days 00:00:52.600500501
0 days 00:00:00.090000,0 days 00:00:00.110000,answer6,0.28626552,-10.402265,17.425049,0.048307214,-0.0043616337,0.095804445,21.014574,4.01094,4.3114223,-2.9540598,14.328201,0.0,0.0,-2.8342385,-8.391262,22.343609,1125.0188,1117.5222,-64.745094,2214.6292,668.08813,-67.593956,3358.834,495.56265,-71.222336,0 days 00:00:52.590500501,0 days 00:00:52.610500501
0 days 00:00:00.100000,0 days 00:00:00.120000,answer6,0.29307982,-12.265099,20.419653,0.050119985,-0.0040975385,0.09559903,23.297235,5.4496975,7.604796,-0.26079535,14.300681,0.0,0.0,-2.5140345,-14.170376,17.129702,1124.0469,1119.3004,5.4770255,2199.419,778.5747,1.1370926,3329.3225,574.6584,-4.228325,0 days 00:00:52.600500501,0 days 00:00:52.620500501
0 days 00:00:00.110000,0 days 00:00:00.130000,answer6,0.2856822,-12.615405,21.577822,0.056171697,-0.005467883,0.104527555,22.582956,6.616759,10.104999,3.3361855,20.580418,0.0,1.6704437,1.0300413,-7.602923,20.230988,859.7535,1187.4414,3.9480097,1930.5875,863.06805,-7.7063785,2969.6396,790.5056,-12.863894,0 days 00:00:52.610500501,0 days 00:00:52.630500501
0 days 00:00:00.120000,0 days 00:00:00.140000,answer6,0.2960234,-15.224888,25.637568,0.05413529,-0.0077930833,0.14980006,24.074371,9.599906,10.090067,3.4455318,26.797104,1.0,1.9822893,4.301237,0.34934393,24.716394,826.4504,1264.2665,-7.4137397,1893.8453,972.9141,-20.280333,2887.8252,799.72003,-23.602158,0 days 00:00:52.620500501,0 days 00:00:52.640500501
0 days 00:00:00.130000,0 days 00:00:00.150000,answer6,0.3156955,-16.773834,27.252792,0.06733524,-0.009287439,0.18035142,25.597578,11.526551,10.440964,2.6214938,33.016468,0.6825359,2.5187612,7.862825,13.834487,35.161892,579.74286,1300.3177,-10.073097,1591.7228,960.8874,-32.556408,2617.36,819.7386,-35.712856,0 days 00:00:52.630500501,0 days 00:00:52.650500501
0 days 00:00:00.140000,0 days 00:00:00.160000,answer6,0.3509983,-20.151419,31.18542,0.07582535,-0.011560827,0.21503705,29.47582,15.346245,11.397368,0.2653389,32.918255,0.35948214,2.5107973,8.647913,14.545371,36.92046,589.8525,1373.2759,-8.400104,1562.3451,1186.7509,-32.5024,2616.6687,880.4453,-35.79843,0 days 00:00:52.640500501,0 days 00:00:52.660500501
0 days 00:00:00.150000,0 days 00:00:00.170000,answer6,0.37892953,-21.75702,31.9396,0.08408142,-0.015778294,0.18716562,30.059576,17.758293,12.996779,0.5706002,32.836254,0.038058966,1.6714873,8.91292,14.708198,36.180508,368.49277,1315.8506,1.0920596,1311.3041,1173.8776,-31.264593,2342.444,921.0347,-35.088444,0 days 00:00:52.650500501,0 days 00:00:52.670500501
0 days 00:00:00.160000,0 days 00:00:00.180000,answer6,0.3987474,-23.118876,32.474094,0.074695386,-0.017907694,0.16406775,30.368042,19.515076,14.540256,-0.054940145,32.795425,0.03188159,1.0375389,8.610709,14.168771,31.799171,589.5175,1467.9772,-9.301312,1610.2303,1147.749,-31.108213,2603.7295,843.81366,-32.537296,0 days 00:00:52.660500501,0 days 00:00:52.680500501
0 days 00:00:00.170000,0 days 00:00:00.190000,answer6,0.4051561,-23.160501,31.92901,0.07815963,-0.021401128,0.13296522,29.157003,20.324827,14.014125,0.8121845,32.84555,0.02501293,0.5935766,7.673847,13.090941,26.667166,584.49634,1391.0988,-12.647526,1581.8322,1009.5257,-31.034735,2580.2236,643.45166,-30.751503,0 days 00:00:52.670500501,0 days 00:00:52.690500501
0 days 00:00:00.180000,0 days 00:00:00.200000,answer6,0.40081754,-21.727333,29.718199,0.069584735,-0.020270424,0.13610741,27.707642,19.15687,16.20754,0.6672475,33.05954,0.015957447,0.87931347,6.562193,12.654183,22.518316,582.55615,1443.9891,-15.898112,1610.3392,1108.1222,-29.24027,2515.526,735.34576,-29.85324,0 days 00:00:52.680500501,0 days 00:00:52.700500501
0 days 00:00:00.190000,0 days 00:00:00.210000,answer6,0.39954543,-20.900019,28.113945,0.06777183,-0.021595752,0.1524707,26.01049,19.075098,18.060295,0.013433377,33.309505,0.022531094,1.1136702,5.1540017,11.87378,21.507357,594.3826,1319.5043,-10.9528885,1608.8766,1034.0394,-28.90135,2503.0232,663.75775,-31.274439,0 days 00:00:52.690500501,0 days 00:00:52.710500501
0 days 00:00:00.200000,0 days 00:00:00.220000,answer6,0.39563194,-18.49349,26.134085,0.05743761,-0.015221422,0.1832581,23.249619,15.292499,17.768309,1.003519,33.458073,0.05208971,0.9293186,3.348791,9.826169,22.042536,528.4936,1410.3922,-12.30705,1605.6503,949.06934,-26.890923,2526.316,669.9554,-33.175266,0 days 00:00:52.700500501,0 days 00:00:52.720500501
0 days 00:00:00.210000,0 days 00:00:00.230000,answer6,0.39103422,-15.335414,23.941086,0.06393394,-0.0131023945,0.17283238,20.062056,10.165533,11.35403,-0.013517261,33.469738,0.073852584,0.92134726,2.2750945,8.176979,22.729006,516.94073,1522.5903,0.0,1507.1622,929.915,-84.97033,2518.847,587.8571,-89.96609,0 days 00:00:52.710500501,0 days 00:00:52.730500501
0 days 00:00:00.220000,0 days 00:00:00.240000,answer6,0.39389458,-13.830808,24.28985,0.054129843,-0.010419103,0.19307704,19.269407,7.6280494,6.749981,3.9616396,0.0,0.0,0.0,0.0,0.0,0.0,265.5974,1576.5948,-201.0,1162.8765,1060.1051,-141.9206,2207.7053,641.50836,-145.97935,0 days 00:00:52.720500501,0 days 00:00:52.740500501
0 days 00:00:00.230000,0 days 00:00:00.250000,answer6,0.3859867,-12.262753,22.435362,0.06549462,-0.0094899265,0.18268788,19.392393,7.049385,2.8395202,4.009484,0.0,0.0,0.0,0.0,0.0,0.0,352.24887,1413.6945,-201.0,1181.414,1026.2369,-201.0,2261.9956,625.1501,-201.0,0 days 00:00:52.730500501,0 days 00:00:52.750500501
0 days 00:00:00.240000,0 days 00:00:00.260000,answer6,0.37589216,-11.581657,20.80091,0.05745405,-0.0087592425,0.17628586,19.19486,7.4869533,1.9490924,4.822254,0.0,0.0,0.0,0.0,0.0,0.0,412.3085,1331.5833,-201.0,1227.5162,1179.0385,-201.0,2285.7327,706.9585,-201.0,0 days 00:00:52.740500501,0 days 00:00:52.760500501
0 days 00:00:00.250000,0 days 00:00:00.270000,answer6,0.37068954,-9.45547,17.146233,0.04350056,-0.0059616403,0.1404391,17.75429,4.548656,0.9611843,6.443316,0.0,0.0,0.0,0.0,0.0,0.0,482.5975,1227.2617,-201.0,1309.9152,1285.4014,-201.0,2328.5059,831.25287,-201.0,0 days 00:00:52.750500501,0 days 00:00:52.770500501
0 days 00:00:00.260000,0 days 00:00:00.280000,answer6,0.39868757,-9.200725,17.305006,0.025783798,-0.0056662983,0.1398084,17.425283,0.25374365,-0.77495545,5.531601,0.0,0.0,0.0,0.0,0.0,0.0,509.8776,1185.4667,-201.0,1354.8971,1409.9515,-201.0,2298.6772,974.52905,-201.0,0 days 00:00:52.760500501,0 days 00:00:52.780500501
0 days 00:00:00.270000,0 days 00:00:00.290000,answer6,0.43570504,-9.831292,18.641886,0.02600746,-0.004909924,0.16114597,19.830761,-0.6300215,-1.8947176,5.2600646,0.0,0.0,0.0,0.0,0.0,0.0,660.89606,1217.37,-134.45518,1656.2015,1294.4595,-140.43199,2557.9976,1000.2961,-139.12752,0 days 00:00:52.770500501,0 days 00:00:52.790500501
0 days 00:00:00.280000,0 days 00:00:00.300000,answer6,0.44893804,-10.35662,19.091917,0.026363185,-0.00848126,0.17070736,20.71829,-0.6008304,-2.51264,2.9490893,30.070076,0.0,0.6565803,-1.2344478,11.017445,14.591797,652.95764,1222.4365,-71.38197,1630.9872,1272.0438,-77.18856,2559.2659,970.4573,-77.79545,0 days 00:00:52.780500501,0 days 00:00:52.800500501
0 days 00:00:00.290000,0 days 00:00:00.310000,answer6,0.44454768,-9.971328,16.716503,0.015348613,-0.007600197,0.13498808,20.691912,1.6476389,0.6983811,4.0511127,30.026718,0.0,1.1988235,-1.5848066,10.825534,15.020085,638.9472,1297.3047,-8.858779,1566.2778,1214.8049,-14.59478,2587.0874,784.712,-17.08391,0 days 00:00:52.790500501,0 days 00:00:52.810500501
0 days 00:00:00.300000,0 days 00:00:00.320000,answer6,0.42944527,-9.502357,15.530091,0.02528225,-0.008434566,0.11192588,19.952034,2.4912994,3.305989,4.361695,25.783173,0.0065545845,1.7410666,-2.2720506,10.522605,15.231929,434.0073,1240.9501,-4.8327007,1271.9215,1087.7158,-10.648975,2368.9456,664.8454,-11.858906,0 days 00:00:52.800500501,0 days 00:00:52.820500501
0 days 00:00:00.310000,0 days 00:00:00.330000,answer6,0.4075214,-9.580825,15.759601,0.03416617,-0.0047603943,0.10442104,20.17985,4.5619864,2.7138202,5.3340964,21.530981,0.17455886,1.6341597,-3.154302,10.01793,13.431508,358.29102,1446.5814,1.6200873,1207.5289,1058.7241,-6.0674896,2369.8286,623.3321,-5.675732,0 days 00:00:52.810500501,0 days 00:00:52.830500501
0 days 00:00:00.320000,0 days 00:00:00.340000,answer6,0.39467987,-10.822276,16.662563,0.03905028,-0.006290292,0.12268711,20.481115,7.170691,5.0407805,5.7832413,17.32647,0.25856102,1.3095847,-3.5886908,9.806041,12.20893,329.96436,1410.5641,-60.903107,1240.3354,943.1219,-68.66128,2380.7185,573.61383,-66.387276,0 days 00:00:52.820500501,0 days 00:00:52.840500501
0 days 00:00:00.330000,0 days 00:00:00.350000,answer6,0.3950781,-9.575154,13.054226,0.019104632,-0.009340688,0.13122195,19.592813,5.618709,5.3666463,7.387918,0.0,0.0,0.0,0.0,0.0,0.0,371.7433,1400.3851,-131.474,1286.8433,1042.1387,-133.1751,2430.8794,622.0311,-133.48476,0 days 00:00:52.830500501,0 days 00:00:52.850500501
0 days 00:00:00.340000,0 days 00:00:00.360000,answer6,0.41988257,-7.7416267,10.292656,0.028341157,-0.013682302,0.14086269,17.826836,1.4983187,5.5837975,5.108087,0.0,0.0,0.0,0.0,0.0,0.0,411.642,1220.4784,-201.0,1364.9354,944.21466,-201.0,2453.6838,637.2217,-201.0,0 days 00:00:52.840500501,0 days 00:00:52.860500501
0 days 00:00:00.350000,0 days 00:00:00.370000,answer6,0.43298432,-6.9197445,11.1822815,0.04636033,-0.018449156,0.15006506,16.88705,-2.0462058,1.267272,1.361828,0.0,0.0,0.0,0.0,0.0,0.0,410.84427,1322.651,-135.80351,1356.8995,1076.9019,-142.50182,2441.4412,767.7978,-143.74019,0 days 00:00:52.850500501,0 days 00:00:52.870500501
0 days 00:00:00.360000,0 days 00:00:00.380000,answer6,0.43974456,-9.843629,17.041105,0.07106912,-0.015616938,0.17768186,17.575731,0.86122894,0.8220067,-1.66465,34.15773,0.0,0.0,0.8428489,15.69655,25.625973,344.79504,1368.5854,-103.20526,1304.7291,976.5273,-84.06599,2394.3433,709.08185,-87.29247,0 days 00:00:52.860500501,0 days 00:00:52.880500501
0 days 00:00:00.370000,0 days 00:00:00.390000,answer6,0.43178537,-13.792121,21.612307,0.06654389,-0.019021263,0.22483282,20.220901,5.992307,3.1336944,-2.5117347,34.185196,0.0,0.0,2.99432,16.477013,28.205313,308.19537,1488.5986,0.0,1234.7451,1073.7178,-25.63148,2333.6794,686.155,-32.15304,0 days 00:00:52.870500501,0 days 00:00:52.890500501
0 days 00:00:00.380000,0 days 00:00:00.400000,answer6,0.43861464,-17.203493,25.290459,0.054395888,-0.014413421,0.2810894,23.679504,11.460034,7.737076,2.2750218,34.212826,0.0,0.0,6.156878,17.865099,32.167484,596.5061,1423.5259,0.0,1626.6832,969.19116,-29.212494,2659.4922,938.1928,-34.486927,0 days 00:00:52.880500501,0 days 00:00:52.900500501
0 days 00:00:00.390000,0 days 00:00:00.410000,answer6,0.4589127,-19.544432,27.066679,0.056372136,-0.013665593,0.31041172,26.77505,13.621606,10.112462,3.241595,34.059868,0.005219258,1.2106335,7.126154,18.561417,31.501383,625.1274,1525.0454,-11.696324,1679.191,1206.3081,-29.594553,2730.6145,1039.4012,-31.590307,0 days 00:00:52.890500501,0 days 00:00:52.910500501
0 days 00:00:00.400000,0 days 00:00:00.420000,answer6,0.49946675,-20.65407,29.32588,0.07509517,-0.0074814074,0.26876613,28.45843,14.485367,10.849666,6.202212,33.52693,0.0043831994,1.4377337,6.3819427,16.202913,29.027933,656.5261,1366.3354,-6.8161607,1732.4203,1098.318,-28.648672,2785.1218,1004.3296,-27.396225,0 days 00:00:52.900500501,0 days 00:00:52.920500501
0 days 00:00:00.410000,0 days 00:00:00.430000,answer6,0.53767675,-20.582617,26.994085,0.10446507,-0.009599804,0.23884834,28.019548,15.055626,9.874193,2.1336179,32.92129,0.02683629,1.9148515,6.3555045,13.269498,26.828987,364.48486,1293.4835,3.2761688,1340.35,1063.0516,-24.309134,2473.9995,588.19446,-23.55282,0 days 00:00:52.910500501,0 days 00:00:52.930500501
0 days 00:00:00.420000,0 days 00:00:00.440000,answer6,0.5957579,-19.661448,26.155014,0.104738176,-0.01499552,0.2977244,27.135015,14.603023,8.620086,0.19259453,32.488583,0.032425564,1.3861246,8.000557,10.835022,28.196249,358.9059,1098.8384,3.743592,1311.8947,786.09576,-23.521835,2427.6147,434.66245,-24.452658,0 days 00:00:52.920500501,0 days 00:00:52.940500501
0 days 00:00:00.430000,0 days 00:00:00.450000,answer6,0.65175945,-20.392668,26.040482,0.1060699,-0.021653524,0.40944514,28.159277,15.60654,8.19968,-5.801239,32.456196,0.045409415,1.8720158,9.804036,11.054761,29.017752,357.0259,1114.5996,3.9140527,1282.6678,812.28436,-24.22316,2435.8865,361.49387,-25.103699,0 days 00:00:52.930500501,0 days 00:00:52.950500501
0 days 00:00:00.440000,0 days 00:00:00.460000,answer6,0.7157728,-21.169577,27.20267,0.09369437,-0.02364078,0.4621071,29.331217,16.165176,11.150767,-6.364109,32.5413,0.027288407,1.3101058,10.495467,11.518987,28.64931,363.10022,1149.2832,3.6347477,1295.5773,898.4461,-24.649645,2436.972,406.7076,-25.014563,0 days 00:00:52.940500501,0 days 00:00:52.960500501
0 days 00:00:00.450000,0 days 00:00:00.470000,answer6,0.77602035,-22.015131,27.212454,0.091110915,-0.024884662,0.4472858,30.946901,16.93698,13.742175,-6.0241323,32.65533,0.022484848,1.6013876,10.344366,12.059917,28.527132,368.00647,1181.4803,3.5609245,1293.1978,966.07574,-25.023834,2444.529,393.078,-24.966208,0 days 00:00:52.950500501,0 days 00:00:52.970500501
0 days 00:00:00.460000,0 days 00:00:00.480000,answer6,0.81692284,-21.931602,25.445993,0.087868065,-0.025897807,0.33297324,29.916359,18.046232,15.821462,-4.8936596,32.79686,0.009347786,0.5932258,9.6476345,12.595978,28.037043,370.44778,1152.5127,3.3057196,1306.6417,964.08057,-26.46235,2422.062,361.467,-24.731323,0 days 00:00:52.960500501,0 days 00:00:52.980500501
0 days 00:00:00.470000,0 days 00:00:00.490000,answer6,0.81552523,-21.853743,25.500023,0.09183299,-0.02652289,0.31632152,29.053299,19.210968,13.61233,-3.6524353,33.08371,0.0026776781,0.84444356,8.122361,14.647003,27.81597,367.46585,1131.7628,2.779478,1300.6056,926.3631,-26.231071,2415.5256,334.4036,-25.03649,0 days 00:00:52.970500501,0 days 00:00:52.990500501
0 days 00:00:00.480000,0 days 00:00:00.500000,answer6,0.7683175,-21.441467,24.734144,0.089327276,-0.025653368,0.33970484,24.919233,22.30062,11.940255,-4.704084,33.32559,0.0012260455,0.79411393,6.7150784,16.55621,27.200094,369.68726,1108.8007,2.2240417,1287.3702,928.1346,-25.636423,2393.5837,311.60318,-24.976053,0 days 00:00:52.980500501,0 days 00:00:53.000500501
0 days 00:00:00.490000,0 days 00:00:00.510000,answer6,0.7070176,-18.535887,23.756653,0.0874725,-0.020287627,0.4546239,20.251757,20.948969,8.952467,-5.747715,33.504,0.00071334414,1.0286101,5.8801827,18.219398,27.331202,371.45303,1115.0,1.9910955,1292.3231,941.9393,-23.815466,2400.237,324.89307,-25.340109,0 days 00:00:52.990500501,0 days 00:00:53.010500501
0 days 00:00:00.500000,0 days 00:00:00.520000,answer6,0.65166885,-15.460439,23.600267,0.085190795,-0.011179205,0.39760193,14.954811,17.677588,7.2915645,-5.876961,34.1563,0.009765138,1.6663094,4.411405,16.369944,27.261826,881.8938,1058.1569,-14.3296995,2020.6533,558.7569,-25.121239,3129.3508,575.19696,-27.506521,0 days 00:00:53.000500501,0 days 00:00:53.020500501
0 days 00:00:00.510000,0 days 00:00:00.566213152,answer6,0.6332842,-13.474904,23.146843,0.10901171,-0.008925618,0.2959027,13.766843,13.897168,4.0662274,-5.7477984,34.192963,0.010541287,2.1052666,4.359098,15.68187,27.086954,1140.8405,1045.4452,-21.882036,2346.635,378.67102,-26.426428,3499.2473,708.7719,-27.841486,0 days 00:00:53.010500501,0 days 00:00:53.066713653
0 days 00:00:00,0 days 00:00:00.020000,answer7_ges,0.31637767,-8.549466,20.06513,0.046269786,-0.01870556,0.028730208,22.892279,1.3573855,-0.64858294,-6.158012,0.0,0.0,0.0,0.0,0.0,0.0,279.91428,1638.9092,-201.0,1188.6942,1164.922,-201.0,2241.057,992.09,-201.0,0 days 00:01:04.667334001,0 days 00:01:04.687334001
0 days 00:00:00.010000,0 days 00:00:00.030000,answer7_ges,0.33330417,-10.45345,20.659954,0.052965283,-0.01874692,0.08289689,23.870008,2.815442,1.3306571,-4.538889,0.0,0.0,0.0,0.0,0.0,0.0,279.5781,1625.1299,-201.0,1205.2705,1184.481,-201.0,2226.7078,953.56964,-201.0,0 days 00:01:04.677334001,0 days 00:01:04.697334001
0 days 00:00:00.020000,0 days 00:00:00.040000,answer7_ges,0.35488376,-12.173164,19.112787,0.06276401,-0.024125809,0.14123382,24.903582,2.348757,0.6744933,-7.7211113,0.0,0.0,0.0,0.0,0.0,0.0,318.1201,1545.4261,-201.0,1246.8707,1304.4535,-201.0,2168.8674,920.013,-201.0,0 days 00:01:04.687334001,0 days 00:01:04.707334001
0 days 00:00:00.030000,0 days 00:00:00.050000,answer7_ges,0.36284456,-12.786182,18.55033,0.07977508,-0.028341183,0.16609056,24.236567,3.1877873,-0.64442515,-12.103766,0.0,0.0,0.0,0.0,0.0,0.0,547.32806,1413.2164,-201.0,1541.0527,1146.0563,-201.0,2521.8103,833.8802,-201.0,0 days 00:01:04.697334001,0 days 00:01:04.717334001
0 days 00:00:00.040000,0 days 00:00:00.060000,answer7_ges,0.3566085,-11.966267,16.77941,0.086016804,-0.028910255,0.14867881,21.932611,2.6410801,-2.3541758,-16.219938,0.0,0.0,0.0,0.0,0.0,0.0,798.3535,1330.3844,-201.0,1846.0221,975.71356,-201.0,2843.7205,763.1848,-201.0,0 days 00:01:04.707334001,0 days 00:01:04.727334001
0 days 00:00:00.050000,0 days 00:00:00.070000,answer7_ges,0.33926204,-10.579679,15.923118,0.07440188,-0.022891387,0.13411205,19.487331,2.835058,-1.6786457,-15.162061,0.0,0.0,0.0,0.0,0.0,0.0,803.31134,1233.7242,-201.0,1846.6998,809.2099,-201.0,2906.6003,648.6514,-201.0,0 days 00:01:04.717334001,0 days 00:01:04.737334001
0 days 00:00:00.060000,0 days 00:00:00.080000,answer7_ges,0.33160308,-10.510726,15.671464,0.06200604,-0.026560908,0.10818958,19.550745,3.6076138,-2.1505356,-14.378942,0.0,0.0,0.0,0.0,0.0,0.0,618.33795,1233.0643,-201.0,1593.3707,995.7658,-201.0,2580.0728,683.4255,-201.0,0 days 00:01:04.727334001,0 days 00:01:04.747334001
0 days 00:00:00.070000,0 days 00:00:00.090000,answer7_ges,0.31629252,-10.061852,14.829666,0.070810534,-0.025375841,0.10595617,18.834642,2.3252537,-4.8258266,-13.110596,0.0,0.0,0.0,0.0,0.0,0.0,420.18393,1230.1012,-130.55142,1308.1266,1287.0977,-136.35104,2252.1855,721.69995,-133.70058,0 days 00:01:04.737334001,0 days 00:01:04.757334001
0 days 00:00:00.080000,0 days 00:00:00.100000,answer7_ges,0.2991425,-9.919126,14.552913,0.06595536,-0.030206844,0.08270765,17.604261,1.8959578,-5.5089602,-11.86842,26.543964,0.0,0.0,-1.552965,9.607368,9.561764,429.45947,1235.7501,-59.92567,1383.6515,1404.0171,-72.22643,2189.1604,877.6677,-67.077896,0 days 00:01:04.747334001,0 days 00:01:04.767334001
0 days 00:00:00.090000,0 days 00:00:00.110000,answer7_ges,0.28450274,-8.8458605,11.263818,0.07439477,-0.030320609,0.07848085,15.190343,-0.5273424,-6.203262,-12.61317,26.465889,0.0,0.0,-1.6545181,10.560653,13.787503,622.79047,1316.7671,6.6074405,1615.61,1191.9408,-6.795278,2543.089,788.2579,-4.5929675,0 days 00:01:04.757334001,0 days 00:01:04.777334001
0 days 00:00:00.100000,0 days 00:00:00.120000,answer7_ges,0.29284382,-9.134915,10.175328,0.050755773,-0.029006734,0.07256354,16.740885,-0.06913161,-4.063277,-10.551293,25.174896,0.0,0.0,-2.4540832,8.876208,18.28311,770.6984,1228.7635,3.3440058,1863.1041,888.75903,-6.414068,2856.592,790.13916,-9.173394,0 days 00:01:04.767334001,0 days 00:01:04.787334001
0 days 00:00:00.110000,0 days 00:00:00.130000,answer7_ges,0.30362672,-9.663266,12.090377,0.048611477,-0.024389604,0.08277123,19.143991,0.3683426,-3.807842,-9.338117,23.908531,0.0,0.0,-3.5245,6.0080986,21.308207,762.5975,1255.7327,1.1074024,1816.9323,797.06854,-4.8162932,2936.7686,795.59766,-11.402519,0 days 00:01:04.777334001,0 days 00:01:04.797334001
0 days 00:00:00.120000,0 days 00:00:00.140000,answer7_ges,0.31721845,-10.4461355,16.179445,0.038149606,-0.022977136,0.0892393,21.442863,1.4274096,-1.8981093,-5.2983565,22.933908,0.0,0.0,-3.8786662,3.3885028,21.689936,561.2692,1149.0319,4.695331,1649.0273,866.69745,-6.5862527,2643.4734,1108.9624,-10.024985,0 days 00:01:04.787334001,0 days 00:01:04.807334001
0 days 00:00:00.130000,0 days 00:00:00.150000,answer7_ges,0.3336283,-11.635784,20.070593,0.05010009,-0.026706278,0.10788364,22.904253,2.8101883,-0.7984695,-3.8161962,23.139053,0.0,0.0,-3.6931305,4.065286,20.96868,388.5939,1340.7672,6.4127064,1391.6588,1164.4557,-7.4141335,2296.8818,1212.5441,-8.993519,0 days 00:01:04.797334001,0 days 00:01:04.817334001
0 days 00:00:00.140000,0 days 00:00:00.160000,answer7_ges,0.35722065,-12.982601,22.016525,0.06672891,-0.025090007,0.10641816,22.512238,6.429655,-0.8655552,-0.93186736,23.25443,0.0,0.0,-4.5375376,4.1731877,19.453531,335.50317,1512.288,7.535342,1316.1232,1239.7441,-10.541103,2231.3323,1140.5189,-9.603274,0 days 00:01:04.807334001,0 days 00:01:04.827334001
0 days 00:00:00.150000,0 days 00:00:00.170000,answer7_ges,0.35962906,-13.958596,23.57731,0.060194608,-0.019408645,0.11259981,21.829123,9.5139475,0.31031355,1.2454622,23.195251,0.0,0.0,-4.721638,3.1139057,16.13298,320.3291,1582.3329,0.0,1251.278,1311.8046,-9.754444,2163.196,938.384,-8.121592,0 days 00:01:04.817334001,0 days 00:01:04.837334001
0 days 00:00:00.160000,0 days 00:00:00.180000,answer7_ges,0.35717463,-13.2930765,22.542837,0.052857768,-0.017616028,0.12136396,20.910704,9.703206,0.3063493,1.3296071,23.042933,0.0,0.0,-4.2595863,2.5798447,16.521002,575.14545,1571.3942,3.891735,1509.0446,1191.3939,-8.5021305,2485.7969,845.9881,-7.63273,0 days 00:01:04.827334001,0 days 00:01:04.847334001
0 days 00:00:00.170000,0 days 00:00:00.190000,answer7_ges,0.35635987,-12.361961,21.341127,0.045336854,-0.023274356,0.14791554,21.010706,6.831015,0.6621198,0.36072326,22.94075,0.0,2.9919333,-3.808876,2.903731,16.652258,616.6765,1362.3047,4.5021367,1585.9985,1026.212,-5.880694,2543.4143,867.05,-6.45837,0 days 00:01:04.837334001,0 days 00:01:04.857334001
0 days 00:00:00.180000,0 days 00:00:00.200000,answer7_ges,0.36774635,-12.572029,20.879421,0.061423678,-0.029094974,0.16272412,21.893332,5.6673584,-2.7116058,-3.3486397,22.806953,0.0,2.9919333,-3.9771013,3.6403036,18.267132,614.20526,1463.8275,-65.143394,1540.0094,1185.024,-70.32855,2479.192,905.00195,-71.80251,0 days 00:01:04.847334001,0 days 00:01:04.867334001
0 days 00:00:00.190000,0 days 00:00:00.210000,answer7_ges,0.36909392,-12.076408,20.401579,0.066767626,-0.028268216,0.14726995,19.813131,5.436291,-3.0910785,-4.434073,0.0,0.0,0.0,0.0,0.0,0.0,359.50784,1319.9723,-132.09235,1317.781,1099.6249,-135.78314,2215.4036,874.40643,-136.04185,0 days 00:01:04.857334001,0 days 00:01:04.877334001
0 days 00:00:00.200000,0 days 00:00:00.220000,answer7_ges,0.3688437,-10.658302,18.162905,0.071913995,-0.020352582,0.14102778,17.302076,6.216211,1.7150854,-2.626951,0.0,0.0,0.0,0.0,0.0,0.0,368.3458,1317.8859,-201.0,1310.3917,1076.3634,-201.0,2234.8572,750.1951,-201.0,0 days 00:01:04.867334001,0 days 00:01:04.887334001
0 days 00:00:00.210000,0 days 00:00:00.230000,answer7_ges,0.3773218,-8.11116,13.882894,0.066448145,-0.011546391,0.12690629,14.184852,5.1324973,8.137859,-2.8263953,0.0,0.0,0.0,0.0,0.0,0.0,366.755,1139.317,-201.0,1360.0145,778.7771,-201.0,2377.116,493.8221,-201.0,0 days 00:01:04.877334001,0 days 00:01:04.897334001
0 days 00:00:00.220000,0 days 00:00:00.240000,answer7_ges,0.38275456,-7.4891853,13.37072,0.059667006,-0.0056838035,0.12502718,14.661,4.717671,12.151371,-3.9654949,0.0,0.0,0.0,0.0,0.0,0.0,631.1954,1073.8795,-201.0,1686.5326,640.5562,-201.0,2692.2966,527.1806,-201.0,0 days 00:01:04.887334001,0 days 00:01:04.907334001
0 days 00:00:00.230000,0 days 00:00:00.250000,answer7_ges,0.38587698,-8.987598,14.886889,0.05834045,-0.008699921,0.115473874,17.111832,4.0741987,9.537406,-7.8360233,0.0,0.0,0.0,0.0,0.0,0.0,618.02423,1126.3182,-201.0,1665.8608,708.1904,-201.0,2686.8572,594.76196,-201.0,0 days 00:01:04.897334001,0 days 00:01:04.917334001
0 days 00:00:00.240000,0 days 00:00:00.260000,answer7_ges,0.38701499,-9.428352,15.680385,0.058018748,-0.010563682,0.11595938,18.562796,1.4653364,5.4772086,-9.691294,0.0,0.0,0.0,0.0,0.0,0.0,634.20087,1179.5459,-201.0,1634.3555,863.07697,-201.0,2647.582,696.1331,-201.0,0 days 00:01:04.907334001,0 days 00:01:04.927334001
0 days 00:00:00.250000,0 days 00:00:00.270000,answer7_ges,0.37214705,-9.208393,16.44592,0.05739266,-0.014167827,0.11172002,18.975126,0.31047592,0.32405186,-10.3587885,0.0,0.0,0.0,0.0,0.0,0.0,363.3901,1291.7694,-131.19914,1272.4303,1023.5427,-138.35591,2342.2776,646.35986,-137.50124,0 days 00:01:04.917334001,0 days 00:01:04.937334001
0 days 00:00:00.260000,0 days 00:00:00.280000,answer7_ges,0.37767246,-8.779455,16.003654,0.058430936,-0.012817885,0.10993122,19.018013,-0.71343213,0.43092313,-12.885117,22.042261,0.0,0.0,-3.6545258,-7.739455,13.256367,382.92264,1370.8066,-63.23995,1293.0233,1269.3414,-75.30199,2284.544,819.4204,-75.5209,0 days 00:01:04.927334001,0 days 00:01:04.947334001
0 days 00:00:00.270000,0 days 00:00:00.290000,answer7_ges,0.37318003,-9.987354,17.248692,0.057807505,-0.0144085465,0.115319975,20.838324,1.5006498,1.2199006,-12.762797,22.148544,0.0,0.0,-3.5056884,-8.015218,15.201981,634.2653,1340.9844,2.6164608,1615.9166,1133.5839,-13.561261,2620.9702,905.6374,-14.78978,0 days 00:01:04.937334001,0 days 00:01:04.957334001
0 days 00:00:00.280000,0 days 00:00:00.300000,answer7_ges,0.3887789,-11.032646,18.706255,0.04902601,-0.01601172,0.12561496,22.723097,2.2387543,3.1053565,-13.97609,22.329153,0.0,0.0,-2.9171615,-8.158176,17.214497,646.003,1338.9076,-67.184395,1620.1393,1167.996,-76.205345,2625.1182,942.47845,-78.28855,0 days 00:01:04.947334001,0 days 00:01:04.967334001
0 days 00:00:00.290000,0 days 00:00:00.310000,answer7_ges,0.37459317,-11.995105,21.643183,0.041309997,-0.020022646,0.117559455,24.720589,4.0975733,2.8559506,-11.616376,0.0,0.0,0.0,0.0,0.0,0.0,630.5204,1404.0542,-135.14359,1592.1544,1155.21,-139.25928,2631.4353,960.00494,-140.26888,0 days 00:01:04.957334001,0 days 00:01:04.977334001
0 days 00:00:00.300000,0 days 00:00:00.320000,answer7_ges,0.3531566,-12.538047,22.974009,0.039660066,-0.02203443,0.11109767,24.875664,4.5214734,2.2124047,-9.943833,0.0,0.0,0.0,0.0,0.0,0.0,352.2222,1487.4196,-201.0,1287.9178,1289.3807,-201.0,2268.7197,1020.2959,-201.0,0 days 00:01:04.967334001,0 days 00:01:04.987334001
0 days 00:00:00.310000,0 days 00:00:00.330000,answer7_ges,0.33234456,-12.478705,22.299322,0.05328855,-0.022937512,0.097572275,25.118189,4.755235,0.8907182,-9.4112015,0.0,0.0,0.0,0.0,0.0,0.0,574.7283,1457.8112,-201.0,1587.8301,1180.225,-201.0,2612.145,935.5246,-201.0,0 days 00:01:04.977334001,0 days 00:01:04.997334001
0 days 00:00:00.320000,0 days 00:00:00.340000,answer7_ges,0.31137356,-12.00533,20.176123,0.04790135,-0.021443924,0.098813444,24.349922,3.8847036,0.0017280182,-7.805525,0.0,0.0,0.0,0.0,0.0,0.0,585.3647,1301.1426,-201.0,1594.2734,989.33887,-201.0,2634.3965,762.9965,-201.0,0 days 00:01:04.987334001,0 days 00:01:05.007334001
0 days 00:00:00.330000,0 days 00:00:00.350000,answer7_ges,0.3078541,-11.690433,19.581642,0.041547365,-0.022231022,0.09400681,25.045416,4.1607985,0.8892839,-5.1161337,0.0,0.0,0.0,0.0,0.0,0.0,802.9475,1216.924,-201.0,1844.2777,831.5039,-201.0,2985.1328,626.95123,-201.0,0 days 00:01:04.997334001,0 days 00:01:05.017334001
0 days 00:00:00.340000,0 days 00:00:00.360000,answer7_ges,0.2910999,-11.600211,18.202751,0.036113832,-0.02113677,0.09751863,24.20698,3.86141,3.137893,-3.4875987,0.0,0.0,0.0,0.0,0.0,0.0,574.394,1216.1338,-201.0,1548.4086,873.22437,-201.0,2653.709,632.38934,-201.0,0 days 00:01:05.007334001,0 days 00:01:05.027334001
0 days 00:00:00.350000,0 days 00:00:00.370000,answer7_ges,0.30454597,-11.387814,17.843733,0.02946417,-0.020073147,0.09851026,24.244783,3.1748855,4.98607,-4.3361573,0.0,0.0,0.0,0.0,0.0,0.0,785.6922,1254.5669,-201.0,1859.4633,829.2241,-201.0,2919.622,675.18463,-201.0,0 days 00:01:05.017334001,0 days 00:01:05.037334001
0 days 00:00:00.360000,0 days 00:00:00.380000,answer7_ges,0.3113144,-10.266363,16.3039,0.025780857,-0.013963516,0.10599882,22.79542,0.9894107,6.080668,-6.0352664,0.0,0.0,0.0,0.0,0.0,0.0,595.1592,1318.9155,-201.0,1595.417,977.8433,-201.0,2625.584,710.38544,-201.0,0 days 00:01:05.027334001,0 days 00:01:05.047334001
0 days 00:00:00.370000,0 days 00:00:00.390000,answer7_ges,0.32615042,-10.820115,16.810865,0.022777135,-0.014013446,0.110600986,23.685953,0.2981759,5.9070773,-6.045419,0.0,0.0,0.0,0.0,0.0,0.0,579.96564,1430.792,-201.0,1578.368,1078.159,-201.0,2610.9219,842.52344,-201.0,0 days 00:01:05.037334001,0 days 00:01:05.057334001
0 days 00:00:00.380000,0 days 00:00:00.400000,answer7_ges,0.31415224,-11.7225065,18.746897,0.0448529,-0.0136212455,0.11446003,23.184797,1.1882226,4.7937016,-5.411602,0.0,0.0,0.0,0.0,0.0,0.0,570.1628,1436.7277,-201.0,1486.4565,1190.479,-201.0,2562.55,817.3367,-201.0,0 days 00:01:05.047334001,0 days 00:01:05.067334001
0 days 00:00:00.390000,0 days 00:00:00.410000,answer7_ges,0.29225913,-11.419391,20.883581,0.048149925,-0.012040231,0.119393945,21.953478,0.6454942,3.4025307,-3.2743285,0.0,0.0,0.0,0.0,0.0,0.0,776.88184,1398.8818,-201.0,1724.8617,1225.6049,-201.0,2737.2822,853.69244,-201.0,0 days 00:01:05.057334001,0 days 00:01:05.077334001
0 days 00:00:00.400000,0 days 00:00:00.420000,answer7_ges,0.278713,-8.826438,19.800005,0.048856076,-0.00976242,0.10664916,18.92628,-1.7700468,-0.26973072,-5.801128,0.0,0.0,0.0,0.0,0.0,0.0,1009.8321,1324.2526,-201.0,1970.2709,1250.3761,-201.0,2937.1707,810.3415,-201.0,0 days 00:01:05.067334001,0 days 00:01:05.087334001
0 days 00:00:00.410000,0 days 00:00:00.466122449,answer7_ges,0.28327093,-7.648926,17.314407,0.032062653,-0.009766256,0.099320315,18.495895,-2.4622033,-0.6024952,-8.728099,0.0,0.0,0.0,0.0,0.0,0.0,294.56882,1518.1788,-201.0,1292.9468,1011.7071,-201.0,2214.7012,997.81366,-201.0,0 days 00:01:05.077334001,0 days 00:01:05.133456450
0 days 00:00:00,0 days 00:00:00.020000,answer8_ges,0.7675778,-9.306296,24.101074,0.10880696,0.004363593,0.0970454,19.826668,0.74944264,-7.283472,-13.367991,43.755306,0.027750984,0.8054444,7.4102454,13.347843,23.2357,1156.6693,925.978,-23.804138,1950.3685,1638.4796,-34.14667,3019.0618,264.32507,-36.03198,0 days 00:01:09,0 days 00:01:09.020000
0 days 00:00:00.010000,0 days 00:00:00.030000,answer8_ges,0.79358226,-9.61969,25.275148,0.11685797,0.0039043936,0.2059042,19.303164,-0.34788033,-9.261106,-16.303587,43.81873,0.027423382,1.0526019,6.2788773,16.192694,23.29751,1163.5096,934.2708,-23.605341,2149.869,1677.4899,-40.225178,3080.925,342.57474,-35.0693,0 days 00:01:09.010000,0 days 00:01:09.030000
0 days 00:00:00.020000,0 days 00:00:00.040000,answer8_ges,0.86358213,-12.601364,28.916214,0.1243876,-0.0025331997,0.5622552,20.873077,0.25353846,-11.588717,-20.658163,43.81947,0.033210292,1.7229608,4.7288585,22.04215,25.088478,1106.0249,1093.665,-27.966848,2144.9668,1451.0323,-40.697903,3203.197,369.4161,-35.37232,0 days 00:01:09.020000,0 days 00:01:09.040000
0 days 00:00:00.030000,0 days 00:00:00.050000,answer8_ges,0.9574067,-12.129491,29.36474,0.14023769,-0.0010690393,0.80289465,21.227224,0.38492405,-16.722855,-23.386385,43.719482,0.018373815,1.2738142,0.6847105,24.3143,27.013735,1031.8212,1161.0093,-31.63601,1930.0297,1417.0343,-35.46557,3204.1213,279.53864,-36.354603,0 days 00:01:09.030000,0 days 00:01:09.050000
0 days 00:00:00.040000,0 days 00:00:00.060000,answer8_ges,1.053938,-11.245395,28.226608,0.1441117,-0.004628867,0.87275887,22.90162,-1.9484833,-21.890846,-26.790182,43.898487,0.024408296,1.1876582,0.6432089,19.759596,28.821451,961.2487,1280.3756,-29.165695,1689.3219,1155.5939,-32.068817,3224.3115,173.28548,-38.22755,0 days 00:01:09.040000,0 days 00:01:09.060000
0 days 00:00:00.050000,0 days 00:00:00.070000,answer8_ges,1.1286944,-7.9154816,26.555443,0.14099926,-0.003944591,0.7886664,24.027502,-5.727938,-26.536972,-26.680725,44.15659,0.027781243,0.6042598,0.56765085,11.086121,28.158684,778.7216,1327.5446,-24.81932,1538.8856,1212.1348,-26.129595,2896.7966,751.3547,-37.72537,0 days 00:01:09.050000,0 days 00:01:09.070000
0 days 00:00:00.060000,0 days 00:00:00.080000,answer8_ges,1.2103804,-7.781395,28.950714,0.14505725,-0.008672104,0.827524,26.6082,-7.1737924,-28.64432,-26.108255,44.313217,0.03242309,0.6170438,3.644026,2.077576,26.54267,838.78925,1404.3966,0.0,1594.881,1316.0065,-26.809448,2929.5413,864.93744,-37.81772,0 days 00:01:09.060000,0 days 00:01:09.080000
0 days 00:00:00.070000,0 days 00:00:00.090000,answer8_ges,1.115871,-7.8150253,29.80987,0.12590484,-0.013770987,1.239626,28.267054,-6.674627,-26.456507,-21.812408,44.14653,0.035876073,0.5430025,4.7371817,-2.5079434,25.266256,857.4362,1412.182,-11.556486,1709.1041,1310.7654,-25.173431,2971.7375,972.9119,-39.58511,0 days 00:01:09.070000,0 days 00:01:09.090000
0 days 00:00:00.080000,0 days 00:00:00.100000,answer8_ges,1.0764962,-9.490733,31.077766,0.12736313,-0.017405948,1.4823803,30.309118,-6.4405823,-23.800133,-22.4346,43.903763,0.035876073,0.5430025,6.6124616,-6.6775856,21.656652,1068.2578,1285.3698,-11.115018,1972.6143,1221.3744,-31.458588,3286.6155,487.79248,-39.449257,0 days 00:01:09.080000,0 days 00:01:09.100000
0 days 00:00:00.090000,0 days 00:00:00.110000,answer8_ges,0.9633061,-10.530765,31.127235,0.1156171,-0.017349107,1.3415765,31.589853,-6.210192,-20.592333,-18.120419,43.846966,0.036498446,0.8539025,7.6982727,-6.2858963,23.572601,1007.3117,1192.1923,-11.538696,2041.5875,1029.1927,-30.56208,3252.6218,670.87103,-41.39719,0 days 00:01:09.090000,0 days 00:01:09.110000
0 days 00:00:00.100000,0 days 00:00:00.120000,answer8_ges,0.95508766,-11.345047,33.40652,0.119570665,-0.013391904,0.97232074,32.924232,-4.216913,-19.328869,-15.82977,43.88281,0.029558925,1.317378,8.273645,-5.911634,25.282286,998.41376,1061.7642,-8.866765,2125.9534,986.4628,-30.053978,3102.9834,1114.4918,-40.060684,0 days 00:01:09.100000,0 days 00:01:09.120000
0 days 00:00:00.110000,0 days 00:00:00.130000,answer8_ges,0.89076155,-10.231322,32.866653,0.12362659,-0.010885281,0.5880717,29.99244,-1.513732,-20.23895,-14.171581,43.97607,0.02597914,1.5417628,8.727555,-5.14181,28.965513,980.937,1006.61786,-5.797994,2158.035,931.8829,-28.192812,3155.2478,1142.8064,-39.90532,0 days 00:01:09.110000,0 days 00:01:09.130000
0 days 00:00:00.120000,0 days 00:00:00.140000,answer8_ges,0.9595031,-9.016789,30.838789,0.13150384,-0.013705864,0.63157064,26.64942,0.17876343,-21.720182,-19.87566,43.98003,0.027413825,1.7139479,9.138596,-6.3274436,28.188223,976.79126,975.58844,-1.7635711,2190.321,841.8018,-26.9478,3215.619,987.0313,-36.279236,0 days 00:01:09.120000,0 days 00:01:09.140000
0 days 00:00:00.130000,0 days 00:00:00.150000,answer8_ges,1.1650263,-5.437941,29.932472,0.13903184,-0.015770474,0.76471394,23.832819,-1.712196,-27.648233,-26.320724,43.93767,0.030133292,1.6330657,8.349797,-5.358282,26.449898,985.2315,1012.29956,-0.653681,2123.0334,881.4568,-25.01705,3353.8953,535.48956,-32.461857,0 days 00:01:09.130000,0 days 00:01:09.150000
0 days 00:00:00.140000,0 days 00:00:00.160000,answer8_ges,1.3831393,-3.039767,29.231909,0.14155546,-0.012372415,0.931876,23.01784,-5.5407605,-31.015762,-30.564245,43.88275,0.024589201,1.6175685,6.647381,-2.7054603,24.909384,991.3135,1034.0026,-1.1136612,2109.8347,1038.3208,-24.70488,3272.9875,506.58847,-28.728506,0 days 00:01:09.140000,0 days 00:01:09.160000
0 days 00:00:00.150000,0 days 00:00:00.170000,answer8_ges,1.456965,-1.2037936,26.320452,0.12534165,-0.0011725907,1.120885,21.49677,-11.046214,-28.266829,-30.141817,43.55429,0.0127466405,1.2556528,4.6227055,-1.2138048,24.96855,707.91693,1254.123,-1.6008651,1766.9684,1110.1827,-17.173689,2915.9404,605.2465,-28.024897,0 days 00:01:09.150000,0 days 00:01:09.170000
0 days 00:00:00.160000,0 days 00:00:00.180000,answer8_ges,1.4314461,-2.4708557,22.935537,0.11532724,0.0003703373,1.1029892,19.672852,-14.980664,-22.606043,-31.137186,43.257755,0.0074118483,1.1311742,2.3101132,-0.9626643,24.123878,758.4761,1222.4996,0.0,1862.9742,933.86523,-19.181452,2923.9932,619.1025,-27.54244,0 days 00:01:09.160000,0 days 00:01:09.180000
0 days 00:00:00.170000,0 days 00:00:00.190000,answer8_ges,1.375,-3.564975,20.585218,0.1043014,-0.0009737645,1.1578664,19.573965,-18.06431,-16.036966,-28.684387,42.986614,0.010594673,1.0669141,-2.3926551,-1.920282,24.333693,752.95703,1252.4252,-2.5265384,1877.6075,887.66095,-19.622675,2911.71,660.97736,-28.713633,0 days 00:01:09.170000,0 days 00:01:09.190000
0 days 00:00:00.180000,0 days 00:00:00.200000,answer8_ges,1.4153404,-5.975324,21.100807,0.10635158,-0.01440439,0.9869919,21.638777,-16.81618,-15.505803,-30.559738,42.17934,0.020646546,0.79166037,-3.2792609,-3.9911816,20.856031,792.74603,1239.4562,-2.5265384,1883.5521,931.2666,-27.921015,2903.738,724.5664,-26.271856,0 days 00:01:09.180000,0 days 00:01:09.200000
0 days 00:00:00.190000,0 days 00:00:00.210000,answer8_ges,1.4037677,-6.835213,21.08806,0.11092516,-0.020350255,0.9728803,23.448969,-16.875988,-15.15124,-28.547888,41.417385,0.026956216,0.8728895,-2.8396845,-5.5572944,20.557604,782.09,1343.5096,0.0,1814.859,1065.6895,-25.192429,2896.579,710.7571,-27.14353,0 days 00:01:09.190000,0 days 00:01:09.210000
0 days 00:00:00.200000,0 days 00:00:00.220000,answer8_ges,1.3675159,-9.018689,22.779615,0.10323443,-0.025886795,0.8918286,24.43131,-13.804337,-17.345911,-30.479767,36.93945,0.02965208,1.0676059,-0.86197,-3.6963074,23.025223,573.8577,1487.2787,0.9799738,1467.3314,1118.482,-9.469708,2580.506,842.3811,-18.080824,0 days 00:01:09.200000,0 days 00:01:09.220000
0 days 00:00:00.210000,0 days 00:00:00.230000,answer8_ges,1.2587782,-11.208244,24.077799,0.106021054,-0.028301733,0.82585555,25.645292,-11.7486725,-17.722443,-30.44943,30.85023,0.026140526,1.5610338,-1.5655614,-6.6256237,21.406122,789.1948,1407.6195,7.4369106,1708.1445,1144.3292,1.6401081,2851.4724,642.6686,-12.236592,0 days 00:01:09.210000,0 days 00:01:09.230000
0 days 00:00:00.220000,0 days 00:00:00.240000,answer8_ges,1.1112075,-12.533825,25.57551,0.1150556,-0.02749951,0.82313234,25.739508,-8.18914,-17.30842,-28.855974,24.678568,0.23361759,1.6528124,-2.6464174,-7.412704,17.780725,750.63477,1556.9633,22.417921,1609.6582,1266.6362,10.64124,2815.0273,661.2171,-4.2447753,0 days 00:01:09.220000,0 days 00:01:09.240000
0 days 00:00:00.230000,0 days 00:00:00.250000,answer8_ges,0.9915981,-11.673398,24.331604,0.11435842,-0.026443431,0.7271592,26.234497,-8.132293,-18.746826,-24.90531,22.208376,0.24097128,1.8753233,-2.9053752,-10.34628,9.378291,751.47235,1525.8285,16.067991,1639.2418,1271.745,5.7574425,2784.5117,681.1191,-3.904835,0 days 00:01:09.230000,0 days 00:01:09.250000
0 days 00:00:00.240000,0 days 00:00:00.260000,answer8_ges,0.83395463,-9.890842,21.64274,0.115291096,-0.026279807,0.6554885,24.371496,-9.5332775,-18.020145,-21.074389,22.257242,0.23481452,2.077036,-3.3582466,-7.0613074,10.720081,742.29266,1519.4142,13.041846,1622.5297,1216.8239,3.937628,2737.9717,749.8997,-4.3442116,0 days 00:01:09.240000,0 days 00:01:09.260000
0 days 00:00:00.250000,0 days 00:00:00.270000,answer8_ges,0.7482676,-10.890129,21.0044,0.089152925,-0.029356131,0.45248508,25.97983,-7.847015,-15.61954,-17.821995,26.50441,0.021180712,2.18697,-3.0344496,-5.0659914,15.444974,540.3457,1497.5477,9.797349,1449.786,1302.6112,-1.9841865,2424.636,1067.878,-8.269431,0 days 00:01:09.250000,0 days 00:01:09.270000
0 days 00:00:00.260000,0 days 00:00:00.280000,answer8_ges,0.64804393,-11.689193,20.056265,0.09359785,-0.03274925,0.38932118,25.859322,-5.304574,-9.992835,-15.587142,30.755356,0.007670227,2.1661713,-1.4482566,-5.218883,21.623644,741.4538,1775.0992,6.974195,1618.9581,1329.6631,-6.9836593,2739.4004,929.6971,-14.607853,0 days 00:01:09.260000,0 days 00:01:09.280000
0 days 00:00:00.270000,0 days 00:00:00.290000,answer8_ges,0.67743653,-11.58525,21.049332,0.09343401,-0.03166589,0.35643885,26.932632,-3.9559567,-8.772205,-12.91775,34.93831,0.007670227,2.1661713,-0.31617045,-4.776201,20.098717,583.97314,1859.6685,6.702746,1480.3398,2291.1165,-6.3555145,2289.9512,1042.4885,-12.445136,0 days 00:01:09.270000,0 days 00:01:09.290000
0 days 00:00:00.280000,0 days 00:00:00.300000,answer8_ges,0.7617424,-9.933783,21.598288,0.10163333,-0.02993893,0.37316632,25.837198,-6.2271523,-10.49006,-13.542499,35.004772,0.3384,1.6895753,0.072204165,-4.7212925,20.431946,765.274,1820.5797,10.0658045,1617.5272,2118.2117,-1.2454287,2544.17,723.4478,-10.491547,0 days 00:01:09.280000,0 days 00:01:09.300000
0 days 00:00:00.290000,0 days 00:00:00.310000,answer8_ges,0.888993,-7.3062396,22.171783,0.093231745,-0.026308954,0.37658814,24.058573,-11.954461,-15.895523,-16.473745,35.175365,0.34643075,1.5641819,0.018760266,-1.8439511,19.294584,800.5291,1494.4987,6.8887844,1633.5858,2047.2369,0.4833943,2550.9583,631.29803,-8.348473,0 days 00:01:09.290000,0 days 00:01:09.310000
0 days 00:00:00.300000,0 days 00:00:00.320000,answer8_ges,0.9520068,-7.120375,23.087923,0.08403363,-0.02050098,0.44560602,22.542997,-13.396138,-18.526218,-19.72248,35.259357,0.34589577,1.1916698,-0.26696968,-1.0352715,21.749628,783.7214,1431.6699,5.8515205,1601.2847,1177.9938,-2.3949244,2751.8386,757.89154,-11.840781,0 days 00:01:09.300000,0 days 00:01:09.320000
0 days 00:00:00.310000,0 days 00:00:00.330000,answer8_ges,0.9594304,-7.582625,22.760351,0.103708625,-0.015853971,0.46760893,21.772425,-14.128795,-19.9507,-22.29508,35.32266,0.014975508,1.3611609,-1.6823992,-0.8496995,19.73892,596.2136,1405.5151,2.9306545,1452.5294,1254.9471,-4.3347874,2522.7102,1006.6758,-11.674695,0 days 00:01:09.310000,0 days 00:01:09.330000
0 days 00:00:00.320000,0 days 00:00:00.340000,answer8_ges,0.9682665,-9.293706,22.438707,0.11030841,-0.019124577,0.55859756,21.498182,-9.917427,-18.178051,-24.634117,35.980915,0.0067542884,1.1794493,-2.376628,-3.5075977,16.794024,368.20346,1303.5557,7.7941155,1307.2212,1143.0238,-2.077544,2300.3293,1141.5057,-6.0234704,0 days 00:01:09.320000,0 days 00:01:09.340000
0 days 00:00:00.330000,0 days 00:00:00.350000,answer8_ges,0.96071225,-8.478366,19.765045,0.12141771,-0.02311869,0.53197664,19.383028,-9.329055,-17.32507,-24.534775,36.708385,0.023167161,1.1656493,-1.4627576,-5.9644713,13.593208,356.47012,1231.0571,0.0,1312.3086,991.6596,0.41212562,2373.9226,991.9909,-0.66545933,0 days 00:01:09.330000,0 days 00:01:09.350000
0 days 00:00:00.340000,0 days 00:00:00.360000,answer8_ges,0.9537948,-6.6527047,16.66258,0.098519914,-0.024077034,0.48987833,14.9366255,-9.205361,-15.582058,-24.321213,37.389065,0.03240696,1.3776913,0.5192604,-9.590421,9.05119,344.24918,1099.6971,0.0,1333.482,825.41406,-0.28994355,2380.4875,794.2885,1.9585695,0 days 00:01:09.340000,0 days 00:01:09.360000
0 days 00:00:00.350000,0 days 00:00:00.370000,answer8_ges,0.88833326,-6.979567,16.536922,0.08236954,-0.026208416,0.42599106,12.320167,-10.420502,-12.974281,-23.897387,37.3814,0.0312672,0.9971903,1.120655,-12.775139,6.7749333,321.1679,1095.0023,0.0,1358.8231,796.70734,-3.9740849,2369.503,764.14215,-1.6807423,0 days 00:01:09.350000,0 days 00:01:09.370000
0 days 00:00:00.360000,0 days 00:00:00.380000,answer8_ges,0.8295998,-8.395219,16.426613,0.047143523,-0.027439306,0.36918464,12.100196,-9.098674,-9.499069,-25.81841,37.394623,0.025758758,0.9226125,0.46551105,-15.0544,4.535562,330.9318,1128.9434,0.0,1377.4395,996.60986,-7.983587,2313.2195,796.5474,-5.7061343,0 days 00:01:09.360000,0 days 00:01:09.380000
0 days 00:00:00.370000,0 days 00:00:00.390000,answer8_ges,0.78616065,-10.775386,18.151688,0.049506437,-0.029143006,0.34002915,13.348175,-6.6794624,-7.7870336,-27.053528,37.3838,0.016769454,1.1097898,0.49768344,-15.6489935,4.4066606,357.3981,1123.7076,0.0,1437.3549,1096.1154,-10.778748,2327.1826,919.5229,-7.6353927,0 days 00:01:09.370000,0 days 00:01:09.390000
0 days 00:00:00.380000,0 days 00:00:00.400000,answer8_ges,0.7464495,-10.583643,16.60736,0.05501921,-0.02860743,0.2818423,14.728917,-3.1891162,-6.4152913,-24.90708,37.30466,0.029867485,1.6916513,1.1472912,-15.528492,6.5637074,395.64465,1235.0524,0.0,1397.2334,1410.3844,-12.617298,2281.4546,914.26764,-10.511352,0 days 00:01:09.380000,0 days 00:01:09.400000
0 days 00:00:00.390000,0 days 00:00:00.410000,answer8_ges,0.73846817,-11.463763,17.61901,0.08347497,-0.029463276,0.28268373,14.153798,0.3989233,-5.95986,-24.711542,37.29786,0.045468017,1.827621,0.8873355,-13.792328,7.4296927,419.6821,1108.035,-3.8409493,1409.5853,1262.6957,-12.956379,2323.7695,712.9627,-11.219132,0 days 00:01:09.390000,0 days 00:01:09.410000
0 days 00:00:00.400000,0 days 00:00:00.420000,answer8_ges,0.73699087,-11.5364275,18.231005,0.07789725,-0.030744642,0.29488817,14.238941,3.521494,-4.2886953,-24.19133,37.367153,0.046966102,1.3845404,-0.67480487,-10.923476,8.323432,431.5695,1119.3213,-3.8403873,1351.2606,1319.8218,-12.81496,2324.3606,524.88275,-12.163819,0 days 00:01:09.400000,0 days 00:01:09.420000
0 days 00:00:00.410000,0 days 00:00:00.430000,answer8_ges,0.7344095,-10.025868,17.694582,0.07185993,-0.02492693,0.3139635,10.706895,4.009628,-4.7714176,-21.84764,37.662045,0.038071547,1.4790872,-1.5795969,-7.28019,8.726834,417.59073,982.20294,-4.1705704,1404.2919,1024.2675,-13.799783,2388.055,504.49536,-11.418948,0 days 00:01:09.410000,0 days 00:01:09.430000
0 days 00:00:00.420000,0 days 00:00:00.440000,answer8_ges,0.7201697,-6.818378,15.026497,0.05474108,-0.016219279,0.26390955,7.6101284,1.978948,-3.675976,-17.79439,37.85634,0.025448456,1.2688688,-1.1077045,-3.0504005,12.5710945,418.58984,1011.5295,0.0,1411.7441,1024.9559,-15.332814,2380.5432,580.5796,-12.683685,0 days 00:01:09.420000,0 days 00:01:09.440000
0 days 00:00:00.430000,0 days 00:00:00.450000,answer8_ges,0.6774009,-4.6988983,12.135621,0.054555368,-0.01481815,0.22813748,5.0387464,0.18460804,-4.3617845,-19.323677,37.86147,0.030770442,1.2299916,0.03784321,1.3224775,16.068707,412.2894,1014.5774,3.7834675,1462.0016,1050.7135,-16.6558,2354.1748,644.7756,-13.458129,0 days 00:01:09.430000,0 days 00:01:09.450000
0 days 00:00:00.440000,0 days 00:00:00.460000,answer8_ges,0.64927715,-5.649298,12.699512,0.06279335,-0.015881738,0.18286385,7.5645466,0.79824513,-2.0146763,-21.859407,37.709965,0.035222463,0.65024537,-0.4447876,2.5317898,17.42496,388.7648,1167.3547,3.7834675,1406.3618,1190.8903,-15.668189,2300.5398,618.226,-13.533008,0 days 00:01:09.440000,0 days 00:01:09.460000
0 days 00:00:00.450000,0 days 00:00:00.470000,answer8_ges,0.5810503,-7.314011,14.501914,0.06789266,-0.019844383,0.1624121,11.165799,1.6571447,-1.8465796,-23.271378,37.575844,0.028978284,0.6949903,-0.97445,3.351007,17.732552,331.41946,1297.5323,0.0,1341.6433,1196.559,-77.24243,2284.4656,551.54956,-76.008644,0 days 00:01:09.450000,0 days 00:01:09.470000
0 days 00:00:00.460000,0 days 00:00:00.480000,answer8_ges,0.544856,-8.901083,16.295492,0.07172025,-0.020469906,0.15423255,15.177213,1.8339256,-0.93013364,-21.112114,0.0,0.0,0.0,0.0,0.0,0.0,324.11688,1317.2051,-201.0,1297.4349,1118.5681,-138.35402,2311.895,512.402,-138.09589,0 days 00:01:09.460000,0 days 00:01:09.480000
0 days 00:00:00.470000,0 days 00:00:00.490000,answer8_ges,0.4980898,-9.205783,16.62944,0.064568646,-0.020265026,0.13991769,16.46842,1.2443767,-3.374613,-20.695915,0.0,0.0,0.0,0.0,0.0,0.0,364.49307,1189.7114,-135.12096,1312.6552,1062.4847,-138.0042,2355.6777,484.65543,-140.72194,0 days 00:01:09.470000,0 days 00:01:09.490000
0 days 00:00:00.480000,0 days 00:00:00.500000,answer8_ges,0.4712907,-8.7861185,16.913797,0.064924985,-0.018606745,0.1490496,18.245699,1.1055924,-6.594279,-21.169733,30.330448,0.0,2.1828895,-1.4316275,8.673029,27.47623,371.24976,1228.1687,-65.854706,1276.3138,1062.5116,-73.74917,2387.6213,496.29385,-81.81942,0 days 00:01:09.480000,0 days 00:01:09.500000
0 days 00:00:00.490000,0 days 00:00:00.510000,answer8_ges,0.4586109,-8.127301,18.803164,0.0731486,-0.012834874,0.15818058,21.880417,2.38649,-9.374444,-16.680483,30.452784,0.0,1.7692989,-1.7153459,9.080504,26.196268,365.66983,1291.3451,4.2439,1237.2179,1028.8749,-6.699306,2399.3093,629.26776,-19.599592,0 days 00:01:09.490000,0 days 00:01:09.510000
0 days 00:00:00.500000,0 days 00:00:00.520000,answer8_ges,0.4515029,-8.126878,20.79052,0.09119203,-0.008671671,0.15984392,24.89797,3.062997,-9.690823,-11.998902,29.86123,0.14795369,1.3557082,-2.874376,11.529247,24.740274,578.06274,1296.981,5.519909,1539.3392,911.64484,-7.5579963,2739.469,631.84906,-14.931033,0 days 00:01:09.500000,0 days 00:01:09.520000
0 days 00:00:00.510000,0 days 00:00:00.530000,answer8_ges,0.46321645,-8.972569,22.50853,0.09420163,-0.006398534,0.16305196,25.216875,2.595811,-6.302088,-9.759405,29.30628,0.1250817,1.139467,-2.5788844,12.99112,21.595617,847.5088,1109.5746,3.3562748,1903.8978,767.0117,-9.175366,3054.8584,559.909,-8.804385,0 days 00:01:09.510000,0 days 00:01:09.530000
0 days 00:00:00.520000,0 days 00:00:00.540000,answer8_ges,0.4637164,-8.732449,18.726746,0.0955381,-0.008025072,0.17524005,21.997309,-0.67039746,-4.5636997,-14.213727,28.827341,0.10594211,1.0558316,-1.4872131,14.3236,22.527533,840.0373,1074.0643,5.4706235,1914.1918,746.7417,-10.479134,3073.152,462.64478,-7.6219516,0 days 00:01:09.520000,0 days 00:01:09.540000
0 days 00:00:00.530000,0 days 00:00:00.550000,answer8_ges,0.46466193,-9.538159,19.35996,0.086463474,-0.008761223,0.21223767,20.128916,-0.5761285,-0.035215378,-14.959802,29.150846,0.10301506,1.1695973,-0.3533114,14.142068,21.872192,819.4875,1039.3143,2.6177988,1889.4332,735.7951,-9.017676,3007.2227,449.94553,-6.942511,0 days 00:01:09.530000,0 days 00:01:09.550000
0 days 00:00:00.540000,0 days 00:00:00.560000,answer8_ges,0.44448623,-9.835361,20.229324,0.09117282,-0.008260592,0.19958198,18.743217,-0.55388886,0.2606912,-14.081651,29.573217,0.09793907,1.2310945,-0.5453737,13.077525,22.310404,831.21783,1029.9392,1.4315566,1903.1636,781.09076,-9.117545,2996.5823,572.46783,-9.472145,0 days 00:01:09.540000,0 days 00:01:09.560000
0 days 00:00:00.550000,0 days 00:00:00.570000,answer8_ges,0.4205296,-9.467159,19.608757,0.08855015,-0.009180584,0.18451498,15.9913025,1.9495627,3.2755117,-14.61855,29.461945,0.07858542,1.231088,-0.08517885,11.959129,21.30184,818.81866,1031.6924,-1.0777769,1910.3115,763.5804,-11.717232,2975.2273,438.04672,-10.972916,0 days 00:01:09.550000,0 days 00:01:09.570000
0 days 00:00:00.560000,0 days 00:00:00.580000,answer8_ges,0.41205168,-8.7756605,15.934314,0.07338454,-0.013005999,0.14357798,14.513644,3.2261724,5.664555,-16.57103,29.239988,0.040345713,1.6919012,0.94811505,11.344401,23.886297,600.5139,1105.1421,4.4164963,1629.2676,811.315,-13.079875,2703.3503,389.7308,-15.229358,0 days 00:01:09.560000,0 days 00:01:09.580000
0 days 00:00:00.570000,0 days 00:00:00.590000,answer8_ges,0.41360387,-8.365744,13.441185,0.06429022,-0.014529907,0.12771213,13.616044,5.0138297,9.138415,-17.542643,28.855265,0.028029485,2.0047896,1.3509637,12.13091,23.952652,306.83185,1268.0419,8.25017,1288.9973,852.6741,-13.26472,2392.1804,289.0891,-15.440318,0 days 00:01:09.570000,0 days 00:01:09.590000
0 days 00:00:00.580000,0 days 00:00:00.600000,answer8_ges,0.4135513,-10.326186,17.111595,0.049983695,-0.017500142,0.100865185,15.516658,7.428272,13.195183,-13.280564,28.95414,0.032591477,1.9250485,0.42007756,13.504113,24.515572,306.36203,1253.6396,0.0,1328.9312,803.9543,-14.262769,2404.498,382.6184,-15.581395,0 days 00:01:09.580000,0 days 00:01:09.600000
0 days 00:00:00.590000,0 days 00:00:00.610000,answer8_ges,0.4415457,-9.589615,16.89612,0.060354292,-0.017198497,0.09478819,13.548904,8.652963,10.717507,-10.644222,29.131714,0.034992814,1.29867,-0.6414991,13.816943,23.336401,300.8807,1320.2621,9.471836,1356.5454,878.3926,-15.777997,2408.8503,477.8584,-14.009618,0 days 00:01:09.590000,0 days 00:01:09.610000
0 days 00:00:00.600000,0 days 00:00:00.620000,answer8_ges,0.4597768,-10.342206,17.446587,0.05415987,-0.0214429,0.12343451,12.449607,11.914821,11.852191,-6.6605,29.301653,0.038908694,0.619344,-1.0710126,13.80579,23.419128,290.24826,1319.3146,-60.685444,1423.8296,820.5024,-78.13093,2442.5554,615.1839,-76.298195,0 days 00:01:09.600000,0 days 00:01:09.620000
0 days 00:00:00.610000,0 days 00:00:00.630000,answer8_ges,0.47324184,-9.062934,15.984225,0.046075314,-0.021722576,0.14912964,11.147526,12.365658,7.2725945,-5.650646,0.0,0.0,0.0,0.0,0.0,0.0,291.81305,1549.268,-130.8109,1414.626,1206.0983,-140.2793,2423.7922,797.43036,-138.05861,0 days 00:01:09.610000,0 days 00:01:09.630000
0 days 00:00:00.620000,0 days 00:00:00.640000,answer8_ges,0.44436538,-9.548621,16.11651,0.041532744,-0.026447095,0.15061873,11.62268,11.034744,4.5209117,-8.683604,0.0,0.0,0.0,0.0,0.0,0.0,283.37677,1641.1827,-201.0,1398.7871,1472.0895,-201.0,2329.6458,884.90656,-201.0,0 days 00:01:09.620000,0 days 00:01:09.640000
0 days 00:00:00.630000,0 days 00:00:00.650000,answer8_ges,0.4132203,-7.6847916,12.752017,0.044044927,-0.027208582,0.12940805,11.224514,8.586165,1.4192672,-11.432958,0.0,0.0,0.0,0.0,0.0,0.0,318.45273,1719.4855,-201.0,1365.3627,1870.7045,-201.0,2208.085,934.0085,-201.0,0 days 00:01:09.630000,0 days 00:01:09.650000
0 days 00:00:00.640000,0 days 00:00:00.660000,answer8_ges,0.38154665,-6.859628,11.689868,0.055881154,-0.023506599,0.09581652,10.644624,5.8904285,0.8405895,-10.231729,0.0,0.0,0.0,0.0,0.0,0.0,315.14496,1636.7797,-201.0,1362.4563,1860.5065,-201.0,2125.6113,887.63745,-201.0,0 days 00:01:09.640000,0 days 00:01:09.660000
0 days 00:00:00.650000,0 days 00:00:00.670000,answer8_ges,0.39420685,-7.9504714,13.837147,0.06938914,-0.018404437,0.13610546,12.847881,6.5113606,2.9447854,-6.071583,16.55454,0.0,0.0,-2.760647,-3.5987823,9.624876,584.802,1330.4987,20.488617,1599.3877,973.92114,8.211061,2603.4502,665.10974,7.997887,0 days 00:01:09.650000,0 days 00:01:09.670000
0 days 00:00:00.660000,0 days 00:00:00.680000,answer8_ges,0.46286765,-10.467303,17.837244,0.07984344,-0.016263934,0.19570513,14.995689,8.390003,6.274075,-3.9489138,16.23945,0.0,0.0,-1.6899595,-7.442245,5.46102,917.2972,1325.8165,14.828492,1889.2808,933.5042,6.8478885,2875.6794,791.54834,7.814682,0 days 00:01:09.660000,0 days 00:01:09.680000
0 days 00:00:00.670000,0 days 00:00:00.690000,answer8_ges,0.57518667,-14.3291235,21.990341,0.09161102,-0.020199485,0.33280537,18.715666,10.051627,11.227418,-6.1152263,16.03684,0.0,2.5640454,-1.0974144,-10.062186,2.638113,1262.8246,1331.4005,5.155807,2164.9417,966.33026,5.5651894,3118.8835,803.35614,6.6436143,0 days 00:01:09.670000,0 days 00:01:09.690000
0 days 00:00:00.680000,0 days 00:00:00.734058957,answer8_ges,0.67542154,-14.366836,21.881212,0.07920008,-0.019319292,0.34216395,19.514252,8.046628,18.457075,-7.360952,15.987994,0.0,2.5640454,-0.045951676,-15.0635195,1.4168034,1357.2844,1311.7723,5.2865405,2207.0024,975.2399,5.140309,3127.8447,866.9175,6.6452065,0 days 00:01:09.680000,0 days 00:01:09.734058957
0 days 00:00:00,0 days 00:00:00.020000,answer9,0.2843851,-10.589133,13.554802,0.03690279,-0.016878845,0.024660429,24.723547,-0.6788575,12.776933,1.0598791,0.0,0.0,0.0,0.0,0.0,0.0,372.31418,1177.0741,-201.0,1358.8351,864.1573,-201.0,2331.7166,721.1829,-201.0,0 days 00:01:20.100100100,0 days 00:01:20.120100100
0 days 00:00:00.010000,0 days 00:00:00.030000,answer9,0.28132638,-9.870189,13.50539,0.03418768,-0.013222411,0.05702536,23.829126,-0.79390097,10.795261,1.6679679,0.0,0.0,0.0,0.0,0.0,0.0,374.19327,1227.7601,-201.0,1343.4048,922.9136,-201.0,2300.2102,800.9443,-201.0,0 days 00:01:20.110100100,0 days 00:01:20.130100100
0 days 00:00:00.020000,0 days 00:00:00.040000,answer9,0.27671513,-9.289221,14.196387,0.0320362,-0.010368219,0.07610885,22.613792,-1.5927283,8.788327,0.26357555,0.0,0.0,0.0,0.0,0.0,0.0,591.8854,1387.7803,-134.65408,1571.2715,985.77423,-137.15028,2555.7551,803.25616,-136.8632,0 days 00:01:20.120100100,0 days 00:01:20.140100100
0 days 00:00:00.030000,0 days 00:00:00.050000,answer9,0.276014,-7.3612347,11.649884,0.037217785,-0.010679148,0.06934779,20.895983,-4.603039,6.271078,-1.7582403,23.790695,0.0,0.0,-2.900322,-9.939326,5.777606,854.86206,1433.6582,-68.082054,1795.1366,965.34186,-72.88402,2843.0566,697.5545,-73.490105,0 days 00:01:20.130100100,0 days 00:01:20.150100100
0 days 00:00:00.040000,0 days 00:00:00.060000,answer9,0.2784554,-7.35689,12.05238,0.065841004,-0.013085816,0.058542047,20.53557,-6.45305,5.7612514,-3.7632906,23.814835,0.0,0.0,-1.7528434,-12.055736,6.210493,1130.4629,1503.8649,-4.905744,2041.899,1023.7873,-9.204061,3097.3118,642.8228,-10.361373,0 days 00:01:20.140100100,0 days 00:01:20.160100100
0 days 00:00:00.050000,0 days 00:00:00.070000,answer9,0.2803965,-8.446183,13.290088,0.06386047,-0.01096575,0.07345283,21.28575,-6.285747,6.4549966,-0.83811456,23.82533,0.0,0.0,0.18589951,-14.545993,8.171254,1124.6041,1473.4922,-6.0080495,2069.0417,1055.0856,-7.8899407,3075.4558,746.1465,-11.217366,0 days 00:01:20.150100100,0 days 00:01:20.170100100
0 days 00:00:00.060000,0 days 00:00:00.080000,answer9,0.28455135,-10.001561,16.508728,0.053749606,-0.008913106,0.085417114,22.200033,-6.445791,8.570557,-0.4580284,23.713888,0.0,0.0,0.74367017,-13.625331,12.189837,1118.4417,1349.1871,-5.2921586,2111.88,995.4421,-7.163978,3113.795,767.6209,-11.516677,0 days 00:01:20.160100100,0 days 00:01:20.180100100
0 days 00:00:00.070000,0 days 00:00:00.090000,answer9,0.2864209,-11.681909,19.699936,0.028668992,-0.008395915,0.08770579,23.537481,-4.162041,9.308358,0.43157136,23.65447,0.0,1.0129205,0.24735671,-11.375628,13.585964,789.9622,1393.5201,0.9577387,1843.5463,992.7976,-4.8125286,2813.1963,835.6863,-8.974086,0 days 00:01:20.170100100,0 days 00:01:20.190100100
0 days 00:00:00.080000,0 days 00:00:00.100000,answer9,0.2855203,-12.026764,20.62922,0.04386529,-0.011370857,0.075797446,23.594316,-2.7305248,9.8473625,-2.313751,23.608585,0.027025962,1.0129205,-0.1487743,-10.43622,14.059292,535.9808,1403.4769,-64.285866,1566.6901,1003.38116,-69.97636,2505.8533,822.7019,-72.25489,0 days 00:01:20.180100100,0 days 00:01:20.200100100
0 days 00:00:00.090000,0 days 00:00:00.110000,answer9,0.28358278,-10.402481,19.851788,0.046226084,-0.010482716,0.06609265,22.583832,-1.5149946,9.47192,0.53602433,0.0,0.0,0.0,0.0,0.0,0.0,265.66397,1471.9838,-131.57379,1285.7217,994.18854,-134.96858,2193.8147,870.5931,-135.32867,0 days 00:01:20.190100100,0 days 00:01:20.210100100
0 days 00:00:00.100000,0 days 00:00:00.120000,answer9,0.27740884,-8.5613985,16.927128,0.043729484,-0.008297981,0.06425437,20.985008,-1.963163,8.019981,1.5957117,0.0,0.0,0.0,0.0,0.0,0.0,313.24045,1368.6172,-135.17924,1305.1852,938.3841,-137.82806,2245.5774,846.98224,-138.16306,0 days 00:01:20.200100100,0 days 00:01:20.220100100
0 days 00:00:00.110000,0 days 00:00:00.130000,answer9,0.26442668,-7.5212293,14.898521,0.034415226,-0.007897428,0.06404594,19.716269,-1.2202302,5.480018,2.157494,23.055748,0.0,0.0,-2.1976376,-5.5095468,14.479748,360.18796,1235.0104,-70.44258,1308.1144,871.498,-76.334526,2292.598,721.9824,-76.28513,0 days 00:01:20.210100100,0 days 00:01:20.230100100
0 days 00:00:00.120000,0 days 00:00:00.140000,answer9,0.2479528,-6.950808,14.622086,0.053130697,-0.007567618,0.06488044,19.252527,-1.4852825,3.654294,3.5962093,23.155014,0.0,0.0,-1.847044,-7.0547233,14.247344,397.1221,1235.5782,-4.816732,1305.324,966.0306,-14.328193,2298.6619,747.3874,-15.102674,0 days 00:01:20.220100100,0 days 00:01:20.240100100
0 days 00:00:00.130000,0 days 00:00:00.150000,answer9,0.24809863,-8.586858,16.808456,0.07102205,-0.009205211,0.06936339,20.47001,-0.5049766,3.4988372,3.0943813,23.334616,0.0,0.0,-1.1365194,-8.868258,13.8875475,662.1985,1234.3483,-70.63749,1587.8485,1010.37445,-77.50013,2552.0334,741.91016,-77.93961,0 days 00:01:20.230100100,0 days 00:01:20.250100100
0 days 00:00:00.140000,0 days 00:00:00.160000,answer9,0.25870982,-9.23751,18.801628,0.06597099,-0.009089916,0.06780165,21.61209,-1.0560876,5.1544175,5.2129517,0.0,0.0,0.0,0.0,0.0,0.0,629.73016,1420.5391,-135.37416,1576.9839,1128.9762,-138.99367,2535.7988,953.696,-139.81755,0 days 00:01:20.240100100,0 days 00:01:20.260100100
0 days 00:00:00.150000,0 days 00:00:00.170000,answer9,0.2813698,-10.84364,19.812353,0.072376445,-0.012091354,0.07501716,23.225977,0.399073,7.317417,3.9658864,0.0,0.0,0.0,0.0,0.0,0.0,608.8868,1377.75,-201.0,1591.3497,1033.2603,-201.0,2549.766,907.4351,-201.0,0 days 00:01:20.250100100,0 days 00:01:20.270100100
0 days 00:00:00.160000,0 days 00:00:00.180000,answer9,0.28946647,-8.400338,18.108507,0.057445224,-0.010617938,0.08056272,21.407806,-1.9672114,8.157033,4.89335,0.0,0.0,0.0,0.0,0.0,0.0,331.6133,1352.7681,-128.48314,1313.6823,893.9524,-134.09526,2316.2537,882.3562,-135.33426,0 days 00:01:20.260100100,0 days 00:01:20.280100100
0 days 00:00:00.170000,0 days 00:00:00.190000,answer9,0.3028534,-6.1399198,15.701879,0.069242425,-0.0129098,0.08056202,19.576353,-3.6605766,8.35326,1.0027455,22.380495,0.0,0.0,-0.7628975,-6.7809467,15.301412,365.49048,1117.3586,-58.905502,1344.6132,692.9875,-67.35967,2368.1255,716.3869,-69.87382,0 days 00:01:20.270100100,0 days 00:01:20.290100100
0 days 00:00:00.180000,0 days 00:00:00.200000,answer9,0.30036983,-6.0723853,16.409357,0.063443355,-0.010509263,0.08412715,18.985703,-4.665487,7.1990776,-1.9014622,24.809958,0.0,0.0,-0.5117508,-1.713817,17.160784,292.78644,1277.6676,12.141746,1299.1034,790.48944,-5.381416,2333.2463,706.08246,-8.849883,0 days 00:01:20.280100100,0 days 00:01:20.300100100
0 days 00:00:00.190000,0 days 00:00:00.210000,answer9,0.31627774,-8.174438,18.913496,0.08054089,-0.0107711265,0.07829884,20.198647,-2.7480195,7.18545,-4.2644672,27.265436,0.0,0.0,-0.07699535,3.808985,19.485855,543.0893,1269.5537,0.0,1557.1964,883.6883,-10.52999,2615.839,625.1709,-14.44637,0 days 00:01:20.290100100,0 days 00:01:20.310100100
0 days 00:00:00.200000,0 days 00:00:00.220000,answer9,0.31263044,-10.63311,21.728172,0.08391025,-0.008726784,0.0841287,22.128714,-0.78623056,6.976851,-0.75579137,29.702036,0.0,1.4486122,0.806228,11.527724,20.132507,507.93546,1420.3705,-5.731111,1542.2853,987.3636,-16.470873,2563.5823,724.88336,-19.537092,0 days 00:01:20.300100100,0 days 00:01:20.320100100
0 days 00:00:00.210000,0 days 00:00:00.230000,answer9,0.3123016,-10.471641,20.810862,0.05960724,-0.009759289,0.08724835,22.48253,0.22786577,6.241038,0.008895357,29.581055,0.0,1.5901023,1.5395918,12.776938,20.299118,608.8538,1251.6508,-6.9076195,1570.9277,976.978,-17.721695,2583.804,726.70465,-19.718332,0 days 00:01:20.310100100,0 days 00:01:20.330100100
0 days 00:00:00.220000,0 days 00:00:00.240000,answer9,0.30410686,-10.436616,19.65951,0.031096302,-0.010645817,0.099896245,23.093863,0.5471385,7.811901,3.4921544,29.405325,0.03199633,1.6589516,1.8500978,12.7382965,20.756224,362.6735,1297.3955,-2.165181,1320.3553,961.9438,-19.577482,2275.704,898.1879,-18.865374,0 days 00:01:20.320100100,0 days 00:01:20.340100100
0 days 00:00:00.230000,0 days 00:00:00.250000,answer9,0.31105685,-10.34868,18.99367,0.01789467,-0.012075958,0.10070231,22.988892,-0.12157331,10.568621,3.308094,29.131834,0.03978363,1.6846801,1.6148553,9.192887,22.030869,360.07358,1253.91,-1.7051163,1319.0598,882.7781,-21.097252,2298.3633,803.0718,-19.679956,0 days 00:01:20.330100100,0 days 00:01:20.350100100
0 days 00:00:00.240000,0 days 00:00:00.260000,answer9,0.3203094,-10.857545,19.81122,0.036312822,-0.013566586,0.08895055,23.545485,-0.16431458,14.157902,5.875032,28.905268,0.034871038,1.6940314,0.7669403,6.5182557,19.962883,338.42807,1250.8519,0.68741846,1341.7386,806.05304,-21.665773,2281.4639,820.91846,-19.275465,0 days 00:01:20.340100100,0 days 00:01:20.360100100
0 days 00:00:00.250000,0 days 00:00:00.270000,answer9,0.31852147,-11.146278,19.48832,0.0614554,-0.014675878,0.07421001,24.314629,0.36596927,14.649726,7.465796,28.667063,0.055508155,1.3702813,0.14971441,5.6779137,18.169027,307.6498,1356.1821,-0.8366087,1367.785,849.3538,-18.93819,2319.3416,998.32227,-19.005636,0 days 00:01:20.350100100,0 days 00:01:20.370100100
0 days 00:00:00.260000,0 days 00:00:00.280000,answer9,0.30989242,-10.473574,18.89656,0.06576202,-0.020574804,0.08675798,24.441465,0.298787,13.070023,8.315248,28.796751,0.07691402,0.928091,-0.16133164,7.941866,17.951162,345.9431,1281.5817,-5.2540812,1396.6313,866.02106,-19.538187,2323.7795,1058.6876,-18.955622,0 days 00:01:20.360100100,0 days 00:01:20.380100100
0 days 00:00:00.270000,0 days 00:00:00.290000,answer9,0.29972824,-9.245271,16.454185,0.06232786,-0.020543324,0.09276023,23.986795,-1.735499,11.5396185,6.4853635,29.157412,0.0922802,1.075339,1.0283456,12.880802,20.107193,343.54688,1405.3177,-4.5235467,1403.8766,998.0579,-21.46628,2310.1526,1249.7295,-20.381119,0 days 00:01:20.370100100,0 days 00:01:20.390100100
0 days 00:00:00.280000,0 days 00:00:00.300000,answer9,0.29095063,-8.926098,15.693233,0.04044814,-0.019768141,0.091530204,22.806976,-1.7678238,13.117634,3.1811426,29.561089,0.08800003,1.6283293,2.0843744,17.101555,21.80433,381.67117,1261.459,-11.425847,1390.245,933.81177,-26.356085,2268.5027,1048.6938,-22.44896,0 days 00:01:20.380100100,0 days 00:01:20.400100100
0 days 00:00:00.290000,0 days 00:00:00.310000,answer9,0.29667482,-10.161038,15.706929,0.029647872,-0.01636658,0.0894314,23.057383,-0.24466896,14.294876,-0.4754541,29.67176,0.050077092,1.9851178,1.7874022,17.188368,20.477753,606.0279,1368.5629,-12.551399,1590.2675,1035.521,-23.275694,2531.733,882.0844,-22.367216,0 days 00:01:20.390100100,0 days 00:01:20.410100100
0 days 00:00:00.300000,0 days 00:00:00.320000,answer9,0.29153794,-11.993034,18.144287,0.01709753,-0.014435068,0.080152035,23.25572,3.0161724,16.209936,0.91304564,29.653526,0.03900957,1.8062363,1.0731429,16.302053,19.894878,527.11304,1443.9987,-79.58759,1552.7855,1014.2386,-81.50651,2522.319,807.27856,-82.1889,0 days 00:01:20.400100100,0 days 00:01:20.420100100
0 days 00:00:00.310000,0 days 00:00:00.330000,answer9,0.27354252,-12.303433,19.461235,0.013585161,-0.011969131,0.10047742,22.70518,3.4125187,16.39795,0.064904295,0.0,0.0,0.0,0.0,0.0,0.0,536.72797,1461.8788,-139.3838,1549.0282,1071.0961,-139.24467,2540.159,814.2027,-141.31311,0 days 00:01:20.410100100,0 days 00:01:20.430100100
0 days 00:00:00.320000,0 days 00:00:00.340000,answer9,0.25873145,-11.089803,17.56079,0.028352583,-0.008188742,0.091887556,22.15483,2.1153333,15.484069,1.2272354,0.0,0.0,0.0,0.0,0.0,0.0,270.43515,1519.4948,-132.66295,1290.0311,1072.496,-135.27216,2220.1672,963.7513,-139.32382,0 days 00:01:20.420100100,0 days 00:01:20.440100100
0 days 00:00:00.330000,0 days 00:00:00.350000,answer9,0.25753543,-10.405568,15.948318,0.04246068,-0.010672652,0.09396818,22.38553,0.73889875,14.161483,-0.44469976,18.471233,0.0,0.0,-3.1238112,6.099249,20.866306,357.44638,1380.8431,-63.92093,1310.4698,1076.9004,-72.24251,2244.3728,868.55084,-77.26167,0 days 00:01:20.430100100,0 days 00:01:20.450100100
0 days 00:00:00.340000,0 days 00:00:00.360000,answer9,0.2658142,-11.007646,16.062164,0.042054508,-0.01727452,0.085860364,23.672266,1.1168145,13.46568,-1.0042197,18.213484,0.0,0.0,-3.2598705,6.8860917,20.633295,352.09134,1396.5663,4.790315,1291.756,1102.8052,-8.717937,2232.9026,792.76935,-14.225918,0 days 00:01:20.440100100,0 days 00:01:20.460100100
0 days 00:00:00.350000,0 days 00:00:00.370000,answer9,0.2594255,-11.3299675,16.933474,0.03103537,-0.019003129,0.08793944,22.67064,2.0223484,13.784169,-1.951756,18.034609,0.0,0.0,-3.6933658,6.6667447,20.229748,360.65475,1439.0815,7.4934983,1280.504,1182.7108,-7.198387,2242.6401,788.46027,-11.487914,0 days 00:01:20.450100100,0 days 00:01:20.470100100
0 days 00:00:00.360000,0 days 00:00:00.380000,answer9,0.25512782,-10.743182,17.234547,0.011858292,-0.013999023,0.08982494,21.602173,2.3750422,12.097774,-2.2670653,17.901754,0.0,1.8035322,-4.160604,7.6961927,20.095768,359.11267,1415.7408,-61.24852,1247.5112,1118.1416,-70.228035,2274.9062,668.29364,-73.55007,0 days 00:01:20.460100100,0 days 00:01:20.480100100
0 days 00:00:00.370000,0 days 00:00:00.390000,answer9,0.25633645,-9.883577,16.892477,0.026821962,-0.009316896,0.07516068,20.7204,1.4229974,9.34906,-1.8255659,0.0,0.0,0.0,0.0,0.0,0.0,342.11978,1430.7168,-129.95976,1252.1786,1068.0963,-133.75261,2285.075,708.1592,-136.58582,0 days 00:01:20.470100100,0 days 00:01:20.490100100
0 days 00:00:00.380000,0 days 00:00:00.400000,answer9,0.26033625,-10.810828,18.50023,0.035313975,-0.008259735,0.07696395,22.117128,1.700342,11.29803,0.64539826,0.0,0.0,0.0,0.0,0.0,0.0,355.0002,1291.5902,-201.0,1303.583,920.1514,-201.0,2320.5967,699.25226,-201.0,0 days 00:01:20.480100100,0 days 00:01:20.500100100
0 days 00:00:00.390000,0 days 00:00:00.410000,answer9,0.26772013,-11.331281,19.202866,0.046316203,-0.011168078,0.074789636,23.226873,1.3791631,15.579089,3.7620585,0.0,0.0,0.0,0.0,0.0,0.0,357.45615,1277.5156,-201.0,1360.8765,889.40356,-201.0,2321.4968,848.30206,-201.0,0 days 00:01:20.490100100,0 days 00:01:20.510100100
0 days 00:00:00.400000,0 days 00:00:00.420000,answer9,0.2707272,-10.056106,17.254375,0.043613125,-0.015449784,0.09058371,23.030787,-0.2635243,13.856544,3.2829387,0.0,0.0,0.0,0.0,0.0,0.0,388.7662,1163.4637,-201.0,1382.1547,870.3262,-201.0,2309.823,844.59625,-201.0,0 days 00:01:20.500100100,0 days 00:01:20.520100100
0 days 00:00:00.410000,0 days 00:00:00.430000,answer9,0.27420092,-8.223781,15.459249,0.038972378,-0.016979614,0.07934528,22.023361,-3.035865,9.933442,2.108513,0.0,0.0,0.0,0.0,0.0,0.0,410.01685,1090.8058,-201.0,1406.9808,839.24634,-201.0,2336.2063,886.0537,-201.0,0 days 00:01:20.510100100,0 days 00:01:20.530100100
0 days 00:00:00.420000,0 days 00:00:00.440000,answer9,0.27434108,-6.960459,14.680836,0.03450097,-0.017464405,0.077074796,21.75052,-5.292956,5.402799,-1.5011921,0.0,0.0,0.0,0.0,0.0,0.0,434.8855,1104.1478,-201.0,1448.747,931.8323,-201.0,2318.1094,1199.7987,-201.0,0 days 00:01:20.520100100,0 days 00:01:20.540100100
0 days 00:00:00.430000,0 days 00:00:00.450000,answer9,0.27759337,-8.108993,16.643726,0.036554083,-0.014997152,0.069577865,22.685675,-3.6086915,9.47395,-0.44833001,0.0,0.0,0.0,0.0,0.0,0.0,422.94116,1167.8871,-201.0,1457.8662,926.059,-201.0,2350.0056,1237.3467,-201.0,0 days 00:01:20.530100100,0 days 00:01:20.550100100
0 days 00:00:00.440000,0 days 00:00:00.460000,answer9,0.28774723,-9.500339,18.342802,0.028373113,-0.00804316,0.08529005,23.438303,-2.2177746,15.33046,4.731592,0.0,0.0,0.0,0.0,0.0,0.0,314.5898,1357.9388,-201.0,1405.6505,926.1844,-201.0,2301.2712,1197.934,-201.0,0 days 00:01:20.540100100,0 days 00:01:20.560100100
0 days 00:00:00.450000,0 days 00:00:00.470000,answer9,0.2845011,-8.59827,17.130812,0.018870935,-0.0038403952,0.11762455,22.274088,-3.1467276,16.689436,6.7477403,0.0,0.0,0.0,0.0,0.0,0.0,319.35852,1275.4178,-140.57668,1350.7178,863.146,-142.79486,2287.538,836.7205,-141.60748,0 days 00:01:20.550100100,0 days 00:01:20.570100100
0 days 00:00:00.460000,0 days 00:00:00.480000,answer9,0.2799277,-7.691032,15.205283,0.01446711,-0.0008674329,0.108055085,20.805616,-4.192531,15.577741,7.59448,30.648685,0.0,0.0,2.4664965,15.634996,20.457222,323.3023,1253.5156,-110.36502,1335.3937,870.2932,-84.45008,2250.2458,790.2763,-83.26172,0 days 00:01:20.560100100,0 days 00:01:20.580100100
0 days 00:00:00.470000,0 days 00:00:00.490000,answer9,0.2687565,-7.043959,16.089544,0.030697336,-0.007304086,0.09301039,19.956316,-2.9235516,10.336097,1.9867941,30.60684,0.0,0.0,2.6469412,17.220795,20.914663,428.0078,1113.9991,0.0,1344.2075,927.59235,-26.656334,2262.3103,760.30634,-24.492414,0 days 00:01:20.570100100,0 days 00:01:20.590100100
0 days 00:00:00.480000,0 days 00:00:00.500000,answer9,0.27260754,-11.088371,20.751154,0.034314286,-0.014566083,0.088886835,22.447374,2.9361522,12.363857,3.6635802,30.472204,0.0,0.0,2.7846272,17.112856,22.613739,374.6566,1273.7584,0.0,1328.4379,988.5335,-26.954958,2264.3894,815.9079,-26.307295,0 days 00:01:20.580100100,0 days 00:01:20.600100100
0 days 00:00:00.490000,0 days 00:00:00.510000,answer9,0.28239033,-13.565682,23.428888,0.034075838,-0.017254045,0.102083325,24.5931,5.150209,14.152866,5.455736,30.351751,0.033808928,2.654646,2.67677,15.253143,21.207924,334.18994,1391.338,-7.2719955,1310.5383,1033.7277,-27.380136,2280.1882,852.39404,-27.010096,0 days 00:01:20.590100100,0 days 00:01:20.610100100
0 days 00:00:00.500000,0 days 00:00:00.520000,answer9,0.29596296,-15.073459,23.046944,0.017083684,-0.014649239,0.10874587,26.819336,4.885527,17.364466,8.4864645,30.291267,0.026852021,2.435704,3.2594445,10.348675,18.792192,286.45242,1508.7738,-8.905946,1309.0322,1057.4977,-27.783854,2284.9836,904.0633,-27.698141,0 days 00:01:20.600100100,0 days 00:01:20.620100100
0 days 00:00:00.510000,0 days 00:00:00.530000,answer9,0.29214358,-14.661252,22.811316,0.0076244506,-0.01050292,0.10566249,26.770945,3.327008,16.754591,10.879216,30.319574,0.057344,2.0799878,4.2496886,8.269493,18.83713,585.9808,1448.3773,-17.459757,1607.2582,1109.4108,-27.468048,2607.3357,1013.4663,-28.900742,0 days 00:01:20.610100100,0 days 00:01:20.630100100
0 days 00:00:00.520000,0 days 00:00:00.540000,answer9,0.285745,-14.561336,24.004807,0.022730932,-0.0116160875,0.101625085,26.429861,4.34913,17.353329,8.997862,30.326532,0.052609283,1.5750699,4.4601746,9.589833,21.491852,839.54395,1311.3129,-20.048006,1905.6885,944.1193,-27.140602,2925.1995,903.9983,-30.13716,0 days 00:01:20.620100100,0 days 00:01:20.640100100
0 days 00:00:00.530000,0 days 00:00:00.550000,answer9,0.27466485,-14.811986,25.519552,0.032025773,-0.020057658,0.0964632,26.33664,6.0546627,15.744748,4.1971946,30.339045,0.06798833,1.11163,3.03996,12.801067,26.111313,1077.2367,1231.8612,-21.464836,2191.325,808.89874,-25.70373,3261.2478,796.25726,-31.502325,0 days 00:01:20.630100100,0 days 00:01:20.650100100
0 days 00:00:00.540000,0 days 00:00:00.560000,answer9,0.27155244,-14.935872,25.176569,0.048773933,-0.018051459,0.081049584,25.390587,7.471958,15.241717,1.1175143,30.072617,0.040111274,1.3989433,0.33790627,13.502444,25.811857,744.5588,1384.0948,-16.74929,1838.339,782.7002,-24.1632,2940.5657,642.20123,-28.223839,0 days 00:01:20.640100100,0 days 00:01:20.660100100
0 days 00:00:00.550000,0 days 00:00:00.570000,answer9,0.267536,-14.970406,24.25447,0.043515783,-0.018856166,0.08217444,25.25837,7.3568683,13.774232,-2.2804968,29.9703,0.03419861,1.147917,-1.2859763,12.849199,25.354885,505.777,1479.0264,0.0,1530.436,953.4739,-82.41024,2618.0544,685.92,-84.63038,0 days 00:01:20.650100100,0 days 00:01:20.670100100
0 days 00:00:00.560000,0 days 00:00:00.580000,answer9,0.27085963,-14.056117,22.839767,0.039756503,-0.013766378,0.08950334,24.898382,5.865427,11.519137,-1.1765993,0.0,0.0,0.0,0.0,0.0,0.0,319.963,1604.7692,-201.0,1192.828,1284.1317,-141.23714,2213.7468,798.48364,-141.34648,0 days 00:01:20.660100100,0 days 00:01:20.680100100
0 days 00:00:00.570000,0 days 00:00:00.590000,answer9,0.2647126,-12.458734,20.80495,0.049828798,-0.018988177,0.097557716,23.730942,3.6530168,11.465953,-3.9222791,0.0,0.0,0.0,0.0,0.0,0.0,362.4684,1465.9144,-201.0,1289.6432,1206.3796,-201.0,2246.6553,887.9681,-201.0,0 days 00:01:20.670100100,0 days 00:01:20.690100100
0 days 00:00:00.580000,0 days 00:00:00.600000,answer9,0.26144364,-11.227619,19.10713,0.05691653,-0.021769946,0.08365318,22.570791,1.5574962,10.039283,-3.6357384,0.0,0.0,0.0,0.0,0.0,0.0,378.66147,1452.9458,-201.0,1336.3893,1225.4673,-201.0,2247.0398,1015.07886,-201.0,0 days 00:01:20.680100100,0 days 00:01:20.700100100
0 days 00:00:00.590000,0 days 00:00:00.610000,answer9,0.25238112,-9.717769,15.996152,0.055392385,-0.019307364,0.077432334,21.29298,-0.6203442,7.5976014,-1.0042167,0.0,0.0,0.0,0.0,0.0,0.0,390.2297,1243.2085,-201.0,1414.1046,1030.4209,-201.0,2296.7957,991.94073,-201.0,0 days 00:01:20.690100100,0 days 00:01:20.710100100
0 days 00:00:00.600000,0 days 00:00:00.620000,answer9,0.24629633,-7.833223,13.667476,0.045932055,-0.013317104,0.05843854,20.723902,-3.0854156,5.1983156,2.6828556,0.0,0.0,0.0,0.0,0.0,0.0,418.22885,1216.7318,-201.0,1379.4336,1061.7687,-201.0,2252.818,942.001,-201.0,0 days 00:01:20.700100100,0 days 00:01:20.720100100
0 days 00:00:00.610000,0 days 00:00:00.630000,answer9,0.23911537,-7.728478,14.176875,0.030242212,-0.008908529,0.06497387,20.951952,-2.617729,2.855521,2.9794743,0.0,0.0,0.0,0.0,0.0,0.0,436.13843,1188.0507,-201.0,1355.976,1085.5658,-201.0,2271.4458,916.8675,-201.0,0 days 00:01:20.710100100,0 days 00:01:20.730100100
0 days 00:00:00.620000,0 days 00:00:00.640000,answer9,0.23780923,-9.853119,18.156654,0.029357756,-0.008586153,0.0711732,22.132034,0.9709878,4.808725,1.8423533,0.0,0.0,0.0,0.0,0.0,0.0,636.45703,1241.0728,-201.0,1598.216,1040.3354,-201.0,2594.5847,837.7055,-201.0,0 days 00:01:20.720100100,0 days 00:01:20.740100100
0 days 00:00:00.630000,0 days 00:00:00.650000,answer9,0.24174337,-10.625869,18.728765,0.020504756,-0.0128849745,0.08590599,22.2512,1.8180504,5.2854095,-2.010062,0.0,0.0,0.0,0.0,0.0,0.0,658.8389,1145.3893,-201.0,1638.0087,1030.0472,-201.0,2664.279,834.2583,-201.0,0 days 00:01:20.730100100,0 days 00:01:20.750100100
0 days 00:00:00.640000,0 days 00:00:00.660000,answer9,0.24911916,-10.598155,18.254692,0.014022916,-0.01346833,0.08447849,22.455305,2.6085308,6.256332,-3.6225684,0.0,0.0,0.0,0.0,0.0,0.0,634.2139,1314.6158,-201.0,1554.289,1120.206,-201.0,2621.7239,756.54034,-201.0,0 days 00:01:20.740100100,0 days 00:01:20.760100100
0 days 00:00:00.650000,0 days 00:00:00.670000,answer9,0.25676095,-9.546846,15.787014,0.023042044,-0.01569838,0.08188546,20.583776,2.2208898,3.9362593,-6.5961432,0.0,0.0,0.0,0.0,0.0,0.0,586.7817,1285.3339,-201.0,1540.7115,1123.151,-201.0,2591.8438,853.0762,-201.0,0 days 00:01:20.750100100,0 days 00:01:20.770100100
0 days 00:00:00.660000,0 days 00:00:00.680000,answer9,0.26934135,-10.227122,16.193335,0.032478362,-0.017463608,0.071649104,19.8799,5.5074997,2.1872742,-7.0852685,0.0,0.0,0.0,0.0,0.0,0.0,566.79614,1310.3556,-201.0,1525.958,1086.4327,-201.0,2570.3542,798.6065,-201.0,0 days 00:01:20.760100100,0 days 00:01:20.780100100
0 days 00:00:00.670000,0 days 00:00:00.690000,answer9,0.2814645,-10.813846,17.063553,0.03561004,-0.018030753,0.07278148,18.655373,7.234326,2.9437351,-4.9270225,0.0,0.0,0.0,0.0,0.0,0.0,575.2404,1199.8187,-131.88377,1593.274,1017.23004,-139.4463,2593.3718,823.28467,-139.47688,0 days 00:01:20.770100100,0 days 00:01:20.790100100
0 days 00:00:00.680000,0 days 00:00:00.700000,answer9,0.2871194,-9.875096,16.703156,0.040086698,-0.018538961,0.07298463,17.652805,6.0199437,2.8023245,-5.5428753,23.46265,0.0,0.0,-1.4093152,-8.361288,15.394562,587.9681,1248.8942,-67.1948,1603.8448,994.6711,-76.53314,2585.3186,824.1796,-78.07778,0 days 00:01:20.780100100,0 days 00:01:20.800100100
0 days 00:00:00.690000,0 days 00:00:00.710000,answer9,0.2959145,-11.489375,17.952614,0.044434894,-0.022421932,0.08855001,20.130177,7.18374,3.4955683,-5.3204007,20.315958,0.0,0.0,-3.0584476,-6.619303,14.9557495,727.26935,1365.3226,0.07911662,1748.041,1004.20856,-11.48322,2809.0994,802.8588,-13.761884,0 days 00:01:20.790100100,0 days 00:01:20.810100100
0 days 00:00:00.700000,0 days 00:00:00.720000,answer9,0.28960976,-12.253987,18.778149,0.05220346,-0.021481426,0.092429884,20.954443,6.7619133,3.161314,-4.9965806,16.520044,0.0,0.0,-4.3742642,-5.264075,15.578488,929.72076,1296.2992,-1.3559343,1972.1844,873.7759,-8.032177,3089.632,673.1634,-12.422901,0 days 00:01:20.800100100,0 days 00:01:20.820100100
0 days 00:00:00.710000,0 days 00:00:00.730000,answer9,0.2776675,-12.914554,19.13054,0.047839615,-0.01623719,0.09605486,20.872868,7.9147916,6.8314805,0.3458376,13.116846,0.0,0.0,-6.0671177,-3.9128559,14.984828,1048.6168,1210.8466,-66.0449,2028.2511,922.14844,-70.945335,3154.164,650.7646,-73.822014,0 days 00:01:20.810100100,0 days 00:01:20.830100100
0 days 00:00:00.720000,0 days 00:00:00.740000,answer9,0.2626431,-11.08879,18.317858,0.036581855,-0.010896161,0.077149935,18.092602,6.646824,6.1508484,2.2824552,0.0,0.0,0.0,0.0,0.0,0.0,916.0366,1327.9736,-133.31882,1799.9019,1188.4482,-135.99525,2859.321,741.1751,-138.13791,0 days 00:01:20.820100100,0 days 00:01:20.840100100
0 days 00:00:00.730000,0 days 00:00:00.750000,answer9,0.26541007,-10.034914,16.956642,0.032713585,-0.012875206,0.07857903,16.928648,6.7658954,3.744587,2.9731815,0.0,0.0,0.0,0.0,0.0,0.0,694.4671,1471.0302,-128.95308,1555.6954,1360.2548,-133.88625,2545.8088,887.24536,-134.41498,0 days 00:01:20.830100100,0 days 00:01:20.850100100
0 days 00:00:00.740000,0 days 00:00:00.760000,answer9,0.27110025,-9.574103,16.478304,0.032817725,-0.01467031,0.067057125,16.848005,6.6468773,-2.844815,0.53172463,17.442135,0.0,0.0,-2.8663788,-6.9526324,6.9748325,409.90976,1555.0619,-58.305878,1237.2306,1467.7549,-66.938354,2182.5818,954.43115,-68.98246,0 days 00:01:20.840100100,0 days 00:01:20.860100100
0 days 00:00:00.750000,0 days 00:00:00.770000,answer9,0.28240556,-9.696259,15.996582,0.04254513,-0.014272906,0.06553803,17.596498,5.1955175,-3.5459983,0.13253321,17.382761,0.0,0.0,-2.7927978,-3.4478424,10.306484,399.3336,1355.8898,12.355198,1286.7444,1226.7015,-0.85900545,2210.0715,865.7391,-3.7503462,0 days 00:01:20.850100100,0 days 00:01:20.870100100
0 days 00:00:00.760000,0 days 00:00:00.780000,answer9,0.27911115,-9.847631,18.186718,0.054803446,-0.011208291,0.07078898,17.520882,4.8347173,-2.7028534,-0.13522327,16.211529,0.0,0.0,-3.295305,0.9515972,15.684329,377.84366,1261.4547,11.788322,1319.1427,1025.6185,-3.4204185,2243.4263,916.90533,-5.113129,0 days 00:01:20.860100100,0 days 00:01:20.880100100
0 days 00:00:00.770000,0 days 00:00:00.790000,answer9,0.279016,-10.995547,21.015848,0.056445103,-0.013232686,0.07446477,19.356314,5.151437,2.2148817,0.62724066,14.634579,0.0,1.0641598,-6.105746,1.0517527,17.566572,611.7158,1237.3463,9.20623,1598.4521,896.5371,-4.9925723,2593.6956,759.5102,-7.6546836,0 days 00:01:20.870100100,0 days 00:01:20.890100100
0 days 00:00:00.780000,0 days 00:00:00.800000,answer9,0.27385655,-12.478749,22.45872,0.057423335,-0.015878765,0.08666464,20.984932,7.5508575,5.61109,1.8048824,16.951345,0.0,1.0641598,-6.5786853,-2.5147274,17.116556,603.50507,1255.744,7.6163707,1635.9116,909.3483,-7.3677087,2589.845,842.7978,-11.401389,0 days 00:01:20.880100100,0 days 00:01:20.900100100
0 days 00:00:00.790000,0 days 00:00:00.810000,answer9,0.27505302,-11.537305,18.228636,0.037511308,-0.016756544,0.08620026,22.731527,4.3954124,6.0382676,3.8452728,20.593575,0.0,1.0641598,-5.6712875,-3.666233,15.16433,689.20044,1439.1512,4.0466313,1510.2358,1299.4482,-7.13547,2493.2812,796.4202,-11.436673,0 days 00:01:20.890100100,0 days 00:01:20.910100100
0 days 00:00:00.800000,0 days 00:00:00.820000,answer9,0.26848164,-10.891248,15.494649,0.027171182,-0.01363762,0.0930663,22.52102,2.1785257,5.04689,3.2271097,24.359634,0.0,1.0641598,-4.134526,-3.3110898,15.075439,417.46826,1463.8195,4.5567355,1227.1859,1289.5844,-5.348143,2162.1091,858.63165,-12.17405,0 days 00:01:20.900100100,0 days 00:01:20.920100100
0 days 00:00:00.810000,0 days 00:00:00.830000,answer9,0.27633807,-9.761561,16.923567,0.030127758,-0.009104902,0.09956547,23.103363,-0.43854392,1.7464589,2.0198338,24.231382,0.0,1.6544548,-4.5745907,-0.4966359,17.20555,682.46954,1435.2106,3.3143985,1475.6588,1251.4569,-6.3525615,2533.5781,731.58136,-12.079102,0 days 00:01:20.910100100,0 days 00:01:20.930100100
0 days 00:00:00.820000,0 days 00:00:00.840000,answer9,0.31763187,-9.297768,19.026367,0.049215827,-0.005932266,0.10990486,24.933615,-1.0980492,-1.5984883,-0.37054348,23.856125,0.40793875,1.6977543,-4.7154503,0.7834222,19.749077,626.015,1245.1942,4.307134,1568.5702,928.37177,-3.8897638,2619.9106,674.7442,-14.005576,0 days 00:01:20.920100100,0 days 00:01:20.940100100
0 days 00:00:00.830000,0 days 00:00:00.850000,answer9,0.36900318,-8.64323,21.469538,0.06928029,-0.0069517773,0.11536977,28.011648,-3.275584,-3.9178617,-1.1690097,23.761114,0.273699,2.7676525,-3.7350547,1.4418688,18.926725,593.51776,1383.2308,5.018106,1532.5121,1000.9245,-4.3137975,2643.1575,741.67975,-12.693416,0 days 00:01:20.930100100,0 days 00:01:20.950100100
0 days 00:00:00.840000,0 days 00:00:00.860000,answer9,0.38844252,-7.247673,17.88752,0.08716083,-0.004693838,0.11758714,29.07876,-5.2685885,-4.6697364,-0.8660411,23.596498,0.034406785,3.247256,-3.7434838,6.1445785,17.387566,264.22827,1525.5128,6.4521346,1187.8932,996.4008,-1.4719301,2272.8203,750.5615,-10.808393,0 days 00:01:20.940100100,0 days 00:01:20.960100100
0 days 00:00:00.850000,0 days 00:00:00.870000,answer9,0.3597809,-6.400203,16.140673,0.08394425,-0.005394379,0.117633946,28.894041,-6.2140746,-2.273764,2.1620016,23.380661,0.0052194665,4.273855,-5.2296963,9.123709,17.953657,267.8268,1616.12,5.7471085,1144.8221,1080.3512,-3.2056437,2235.1006,746.97296,-11.1372,0 days 00:01:20.950100100,0 days 00:01:20.970100100
0 days 00:00:00.860000,0 days 00:00:00.880000,answer9,0.33278856,-7.7710586,16.148062,0.08785804,-0.0073861615,0.13113417,28.497484,-4.170733,0.250742,3.2603753,23.274641,0.021418035,4.106212,-9.2845545,10.329595,18.339857,524.3781,1453.6168,4.0931525,1436.331,1030.1934,-4.7215962,2495.487,705.75775,-11.065998,0 days 00:01:20.960100100,0 days 00:01:20.980100100
0 days 00:00:00.870000,0 days 00:00:00.890000,answer9,0.30708462,-8.367294,17.314863,0.049316738,-0.008407272,0.14808817,27.363646,-4.053035,2.455319,5.973616,23.266218,0.037616607,3.9385688,-12.348496,7.2771606,18.74897,796.19995,1329.3888,2.462489,1739.6012,1037.1368,-5.040178,2784.257,749.3577,-10.994415,0 days 00:01:20.970100100,0 days 00:01:20.990100100
0 days 00:00:00.880000,0 days 00:00:00.900000,answer9,0.31115535,-9.308588,18.601395,0.052303065,-0.00991659,0.14191581,26.77545,-3.5932567,0.79029685,2.364462,23.310446,0.053815175,3.7709255,-14.601764,6.2564874,18.61993,1011.02313,1199.1658,1.896726,2048.24,952.06525,-5.330754,3094.8313,751.84515,-10.389127,0 days 00:01:20.980100100,0 days 00:01:21.000100100
0 days 00:00:00.890000,0 days 00:00:00.910000,answer9,0.3075336,-8.437589,17.212358,0.040526073,-0.009430188,0.12353971,25.006308,-4.847503,-0.7296962,-0.27350172,33.1449,0.29019353,0.978368,1.7769817,23.10515,22.644173,812.4287,1211.7034,5.5201116,1861.6107,990.21436,-7.9331665,2791.3948,901.98584,-8.81017,0 days 00:01:20.990100100,0 days 00:01:21.010100100
0 days 00:00:00.900000,0 days 00:00:00.920000,answer9,0.3328907,-9.807775,19.2662,0.06588453,-0.008262723,0.107436866,24.717428,-4.570744,-0.19672537,-6.7123966,34.010315,0.1736235,1.0205147,1.8209529,19.451841,19.831223,996.7454,1237.433,-3.5011322,2063.483,1093.7965,-14.379718,2951.8047,862.2715,-12.711101,0 days 00:01:21.000100100,0 days 00:01:21.020100100
0 days 00:00:00.910000,0 days 00:00:00.930000,answer9,0.33717313,-10.952015,20.46728,0.0755465,-0.0068098656,0.10301298,22.577372,-2.9442937,3.769591,-8.782315,34.768734,0.053359542,0.9558654,1.0245926,14.249766,19.005936,1036.8141,1122.8652,-8.650464,2115.1453,971.4836,-19.62127,3080.78,830.0373,-18.881714,0 days 00:01:21.010100100,0 days 00:01:21.030100100
0 days 00:00:00.920000,0 days 00:00:00.940000,answer9,0.34410432,-11.095567,21.418816,0.07626132,-0.0031810093,0.12563334,20.97917,-1.8167654,5.9221764,-8.699866,38.50969,0.14442077,1.2717136,0.8041125,6.109299,16.036795,795.91034,1373.973,-14.643315,1808.5778,1057.0243,-23.73158,2825.6453,843.7505,-27.500494,0 days 00:01:21.020100100,0 days 00:01:21.040100100
0 days 00:00:00.930000,0 days 00:00:00.950000,answer9,0.35541728,-11.976085,21.122034,0.082810305,-0.009098438,0.15551637,21.294584,1.5378143,7.472754,-9.469968,41.4939,0.23548199,1.5875616,2.2531135,5.3572807,18.089329,789.6263,1405.2484,0.0,1833.2291,932.86945,-24.706573,2923.3167,778.3615,-31.826956,0 days 00:01:21.030100100,0 days 00:01:21.050100100
0 days 00:00:00.940000,0 days 00:00:00.960000,answer9,0.3650798,-12.49268,21.61355,0.08578417,-0.008269585,0.17465408,22.373268,1.7692713,8.888122,-8.61304,44.572697,0.33023715,2.010206,3.7794063,5.123819,17.396357,704.0689,1485.0778,-22.71032,1743.9873,943.529,-25.99649,2825.2874,677.5656,-33.672134,0 days 00:01:21.040100100,0 days 00:01:21.060100100
0 days 00:00:00.950000,0 days 00:00:01,answer9,0.3697772,-15.1648035,23.891762,0.09406122,-0.01502427,0.16211645,24.12229,3.9201126,9.810887,-11.295835,44.604687,0.33023715,2.010206,5.1046524,7.379167,19.355396,965.509,1247.9103,-22.71032,2087.2234,808.9268,-29.605661,3117.179,663.52094,-34.68655,0 days 00:01:21.050100100,0 days 00:01:21.100100100
0 days 00:00:00,0 days 00:00:00.020000,answer10,0.5865729,-9.582293,15.784291,0.0623868,-0.022040276,0.06976044,14.813855,4.1921043,5.954716,-14.68343,0.0,0.0,0.0,0.0,0.0,0.0,290.9088,1541.456,-201.0,1459.6451,1208.1014,-201.0,2356.2637,1377.6813,-201.0,0 days 00:01:37.066733400,0 days 00:01:37.086733400
0 days 00:00:00.010000,0 days 00:00:00.030000,answer10,0.6310656,-9.038966,14.029232,0.0735469,-0.020643855,0.14516541,12.626649,4.397123,8.256085,-15.981167,0.0,0.0,0.0,0.0,0.0,0.0,628.7502,1213.4032,-201.0,1864.7172,906.46674,-201.0,2615.3809,1303.8064,-201.0,0 days 00:01:37.076733400,0 days 00:01:37.096733400
0 days 00:00:00.020000,0 days 00:00:00.040000,answer10,0.67282087,-6.079716,10.8312025,0.07870006,-0.01785925,0.26488277,9.033957,2.4758022,8.378316,-17.795864,0.0,0.0,0.0,0.0,0.0,0.0,600.5388,1106.151,-201.0,1810.7227,655.38007,-201.0,2691.811,844.3514,-201.0,0 days 00:01:37.086733400,0 days 00:01:37.106733400
0 days 00:00:00.030000,0 days 00:00:00.050000,answer10,0.6357587,-4.7416954,10.636985,0.07000298,-0.012934074,0.25888616,6.7557406,2.222325,5.1090055,-17.756804,0.0,0.0,0.0,0.0,0.0,0.0,578.5189,1196.7533,-201.0,1748.8384,738.97516,-201.0,2640.6711,760.8596,-201.0,0 days 00:01:37.096733400,0 days 00:01:37.116733400
0 days 00:00:00.040000,0 days 00:00:00.060000,answer10,0.5929237,-3.4974473,9.774451,0.069657795,-0.010043715,0.24322468,7.2553215,0.9297645,2.7278984,-16.649643,0.0,0.0,0.0,0.0,0.0,0.0,558.93085,1333.0225,-137.40312,1577.3135,817.1296,-138.18752,2731.302,373.26297,-138.5071,0 days 00:01:37.106733400,0 days 00:01:37.126733400
0 days 00:00:00.050000,0 days 00:00:00.070000,answer10,0.53989923,-5.340893,11.71265,0.069686435,-0.008045168,0.18124153,9.410111,2.6184244,2.0047057,-13.502622,20.91192,0.0,0.0,-1.5836606,-13.446307,9.906023,910.85223,1159.496,-72.04692,1950.1417,891.5496,-75.00251,2954.549,495.8361,-74.1671,0 days 00:01:37.116733400,0 days 00:01:37.136733400
0 days 00:00:00.060000,0 days 00:00:00.080000,answer10,0.48892853,-8.045171,15.438327,0.06279961,-0.009714857,0.16451417,13.033383,6.136492,4.2817073,-9.691442,20.876898,0.0,0.0,-1.61199,-12.554366,11.111923,923.41,1101.6056,3.661268,1970.9786,809.4741,-6.231041,3022.2146,505.7363,-6.556978,0 days 00:01:37.126733400,0 days 00:01:37.146733400
0 days 00:00:00.070000,0 days 00:00:00.090000,answer10,0.4559745,-10.620739,19.63989,0.0502492,-0.014718716,0.16681959,15.171277,7.881842,4.3060565,-7.872209,20.740196,0.0,0.0,-2.0392013,-8.913957,13.584427,587.4429,1225.0806,10.489476,1679.4906,853.9124,-3.2158663,2748.9792,692.25446,-5.169328,0 days 00:01:37.136733400,0 days 00:01:37.156733400
0 days 00:00:00.080000,0 days 00:00:00.100000,answer10,0.46508384,-11.45908,20.214987,0.0496915,-0.019726763,0.16104335,17.914675,5.9463825,7.590155,-9.801846,20.6564,0.0,1.1600821,-3.646003,-1.398379,17.13828,524.20294,1595.4615,12.216575,1533.7125,974.9886,0.5143254,2693.0564,710.4206,-2.3520415,0 days 00:01:37.146733400,0 days 00:01:37.166733400
0 days 00:00:00.090000,0 days 00:00:00.110000,answer10,0.5094208,-10.4432,15.928496,0.06593249,-0.023305027,0.18608259,18.27249,2.1404884,6.9470162,-17.906586,23.717222,0.0050347783,1.2577802,-4.795817,3.9221365,17.31553,680.82996,1691.2902,-1.1668802,1795.1342,1006.2856,-10.11174,2836.66,660.49896,-10.051669,0 days 00:01:37.156733400,0 days 00:01:37.176733400
0 days 00:00:00.100000,0 days 00:00:00.120000,answer10,0.55380327,-9.548047,13.8617735,0.06041902,-0.023790017,0.21459536,18.816465,1.7585993,11.725141,-20.014957,27.77575,0.0050347783,1.4531766,-3.0783575,5.3800044,16.349237,753.24664,1563.2118,-6.191316,1886.0015,1008.7346,-18.41717,2928.0098,616.4808,-14.109811,0 days 00:01:37.166733400,0 days 00:01:37.186733400
0 days 00:00:00.110000,0 days 00:00:00.130000,answer10,0.5912588,-10.868164,14.86953,0.056382667,-0.027189115,0.2664865,19.930525,5.7285256,12.575378,-19.852451,31.897598,0.33668986,1.6302658,-0.53485703,4.6309657,19.58431,542.2216,1362.9855,-7.2294297,1693.5392,1086.4457,-27.423449,2711.82,667.08887,-24.542824,0 days 00:01:37.176733400,0 days 00:01:37.196733400
0 days 00:00:00.120000,0 days 00:00:00.140000,answer10,0.5983456,-12.536344,18.77176,0.04135401,-0.024749557,0.27949938,20.5466,9.252839,17.921705,-14.418736,32.77515,0.38134995,2.6218078,1.1515954,5.4485188,22.313147,399.2855,1242.297,-2.5492675,1462.3936,1143.8954,-26.806158,2491.2646,639.0241,-24.862411,0 days 00:01:37.186733400,0 days 00:01:37.206733400
0 days 00:00:00.130000,0 days 00:00:00.150000,answer10,0.60232216,-14.624015,20.943216,0.049840506,-0.029426793,0.26859912,21.876368,12.750519,20.397818,-15.552185,34.007557,0.42601004,3.61335,0.1443718,8.04849,20.722193,425.9585,1366.5121,-1.557725,1616.3387,1043.0507,-25.628174,2577.5933,639.51654,-22.279917,0 days 00:01:37.196733400,0 days 00:01:37.216733400
0 days 00:00:00.140000,0 days 00:00:00.160000,answer10,0.58262545,-14.880116,20.948912,0.05606395,-0.03133097,0.267184,21.742697,12.619922,21.387955,-19.451155,35.220165,0.13901512,4.427803,-0.20869868,10.526368,16.69326,383.07895,1554.6738,-0.9043646,1499.0385,1164.3068,-23.505508,2545.394,541.43146,-17.93244,0 days 00:01:37.206733400,0 days 00:01:37.226733400
0 days 00:00:00.150000,0 days 00:00:00.170000,answer10,0.6082404,-14.147634,19.33062,0.08116164,-0.030173616,0.25645474,22.887854,9.30536,22.034876,-22.08165,36.47891,0.13901512,4.427803,-0.09891504,13.363289,14.422032,378.1696,1589.328,0.0,1474.5552,1198.7699,-20.561014,2544.2214,585.90717,-15.692555,0 days 00:01:37.216733400,0 days 00:01:37.236733400
0 days 00:00:00.160000,0 days 00:00:00.180000,answer10,0.6538327,-11.982693,15.456127,0.09321428,-0.019080205,0.2707685,22.362707,2.3621922,21.666208,-23.124054,36.229202,0.20902221,2.959389,-0.14829159,16.024757,16.996122,634.7479,1476.9489,0.0,1575.4342,1239.9764,-17.978384,2566.8884,672.6494,-16.974222,0 days 00:01:37.226733400,0 days 00:01:37.246733400
0 days 00:00:00.170000,0 days 00:00:00.190000,answer10,0.71319324,-9.007371,12.127887,0.093816936,-0.006340577,0.2513447,21.741716,-4.218675,24.65626,-20.482536,36.10006,0.24402574,2.225182,-0.91400135,17.540958,17.556213,888.8525,1095.9153,-108.03822,1965.9639,806.95776,-78.00996,2835.574,778.524,-78.04597,0 days 00:01:37.236733400,0 days 00:01:37.256733400
0 days 00:00:00.180000,0 days 00:00:00.200000,answer10,0.737789,-8.619041,11.173476,0.09511885,-0.004078873,0.32187435,22.303087,-6.211555,26.376625,-17.621658,0.0,0.0,0.0,0.0,0.0,0.0,1207.5428,981.6167,-79.78872,2298.2463,626.44525,-79.02748,3108.2888,872.93475,-77.5501,0 days 00:01:37.246733400,0 days 00:01:37.266733400
0 days 00:00:00.190000,0 days 00:00:00.210000,answer10,0.7077001,-6.5679474,9.387661,0.11087302,-0.00643977,0.37486973,21.348494,-7.8025117,27.532354,-16.157465,33.11458,0.0,0.0,-0.037330568,5.10492,6.9181256,1154.2206,992.40936,-80.17876,2210.0032,652.86566,-81.308556,3080.595,861.35645,-78.47259,0 days 00:01:37.256733400,0 days 00:01:37.276733400
0 days 00:00:00.200000,0 days 00:00:00.220000,answer10,0.6627705,-6.5306487,10.559809,0.118194215,-0.0060618427,0.35566732,20.94954,-8.108959,25.895094,-14.048332,32.935604,0.0,0.5473524,1.1913695,6.0598207,5.644872,1165.3818,1029.2499,-19.995848,2228.9358,686.9428,-21.958052,3118.4797,900.14667,-17.20248,0 days 00:01:37.266733400,0 days 00:01:37.286733400
0 days 00:00:00.210000,0 days 00:00:00.230000,answer10,0.6300347,-6.146778,10.639593,0.10331278,-0.010525421,0.27938035,19.861956,-7.8441453,24.174662,-14.680649,32.64819,0.0,0.53906304,3.4119937,8.131011,8.2181635,875.7951,1132.4027,-16.793318,1980.8702,844.3994,-25.883661,2880.4539,1229.2616,-20.857752,0 days 00:01:37.276733400,0 days 00:01:37.296733400
0 days 00:00:00.220000,0 days 00:00:00.240000,answer10,0.60496455,-7.7392898,13.694755,0.07133004,-0.009315776,0.18282513,20.373432,-5.1409173,22.768942,-12.649461,32.292458,0.03484998,0.80701655,4.8664093,9.759265,6.7338204,848.10126,1074.348,-19.40052,2040.9279,822.85126,-26.961634,2881.8079,1208.0057,-20.845306,0 days 00:01:37.286733400,0 days 00:01:37.306733400
0 days 00:00:00.230000,0 days 00:00:00.250000,answer10,0.58218104,-9.625737,15.885198,0.08582776,-0.016613498,0.16919333,21.397429,-1.1828638,24.040024,-14.130138,32.00131,0.032233853,1.0577438,5.2187734,11.714302,8.101986,786.9575,1254.7466,-20.404543,2003.7246,864.2964,-28.098742,2828.7908,1237.102,-22.960932,0 days 00:01:37.296733400,0 days 00:01:37.316733400
0 days 00:00:00.240000,0 days 00:00:00.260000,answer10,0.5494566,-10.96452,18.166882,0.07757256,-0.011822204,0.16152598,20.962824,1.3104364,25.443445,-8.2470255,31.646006,0.031337887,1.215036,4.313008,9.443241,5.0630245,1033.2999,1172.7281,-23.240303,2186.197,919.7779,-25.120642,2982.4783,920.0039,-20.108696,0 days 00:01:37.306733400,0 days 00:01:37.326733400
0 days 00:00:00.250000,0 days 00:00:00.270000,answer10,0.53321123,-11.720589,18.813538,0.07008473,-0.007968295,0.15453106,20.803423,1.6337872,27.01343,-3.454385,31.34346,0.028382456,1.1391038,2.3044026,6.6822014,3.9064667,1033.5912,1109.151,-21.280903,2166.7334,905.9543,-24.666681,2973.955,893.4426,-16.74003,0 days 00:01:37.316733400,0 days 00:01:37.336733400
0 days 00:00:00.260000,0 days 00:00:00.280000,answer10,0.5165394,-11.045532,17.92137,0.029278288,-0.0046358206,0.17870493,20.621824,-0.33403254,27.93725,1.7363139,31.117254,0.02658689,0.90332824,-0.52244514,3.3587112,2.5915914,1135.445,1013.799,-17.87587,2196.9104,937.81494,-22.390482,2998.1604,843.94464,-10.845863,0 days 00:01:37.326733400,0 days 00:01:37.346733400
0 days 00:00:00.270000,0 days 00:00:00.290000,answer10,0.5288181,-9.341095,14.411286,0.036829744,-0.006877733,0.20183055,20.95379,-1.6127135,28.481333,-0.3692732,30.982082,0.025736403,0.8578117,-2.0187252,3.434509,2.7939737,806.7505,1187.7745,-77.4794,1927.4879,813.7332,-82.13264,2833.386,805.9402,-72.369484,0 days 00:01:37.336733400,0 days 00:01:37.356733400
0 days 00:00:00.280000,0 days 00:00:00.300000,answer10,0.5363117,-6.6699395,10.016566,0.053713694,-0.011385237,0.25187397,19.971743,-2.4248192,28.571869,-5.7774696,0.0,0.0,0.0,0.0,0.0,0.0,874.0796,1182.5399,-138.41608,2007.3783,712.8803,-140.51039,2927.4395,894.08295,-135.95135,0 days 00:01:37.346733400,0 days 00:01:37.366733400
0 days 00:00:00.290000,0 days 00:00:00.310000,answer10,0.5425609,-3.9662087,5.4596314,0.0552523,-0.010634709,0.23914307,17.894154,-4.3059077,25.629677,-6.766928,0.0,0.0,0.0,0.0,0.0,0.0,563.5119,1308.2523,-201.0,1684.5894,703.8452,-201.0,2712.9675,867.6015,-201.0,0 days 00:01:37.356733400,0 days 00:01:37.376733400
0 days 00:00:00.300000,0 days 00:00:00.320000,answer10,0.49876833,-2.3816826,4.895773,0.05127129,-0.008706515,0.20265806,15.605637,-6.0092673,24.529161,-4.675754,0.0,0.0,0.0,0.0,0.0,0.0,932.64777,941.6175,-201.0,2043.391,550.4941,-201.0,2999.4043,818.2233,-201.0,0 days 00:01:37.366733400,0 days 00:01:37.386733400
0 days 00:00:00.310000,0 days 00:00:00.330000,answer10,0.4403979,-2.7183151,5.094734,0.046302944,-0.0075149196,0.15153922,15.233401,-5.6075788,19.470781,-1.5499259,0.0,0.0,0.0,0.0,0.0,0.0,599.9252,1168.477,-201.0,1662.8536,710.5488,-201.0,2700.5923,689.37915,-201.0,0 days 00:01:37.376733400,0 days 00:01:37.396733400
0 days 00:00:00.320000,0 days 00:00:00.340000,answer10,0.3858572,-3.1198702,5.1525693,0.056322727,-0.009338296,0.12225028,14.206352,-3.1051185,16.545845,-3.6405106,0.0,0.0,0.0,0.0,0.0,0.0,627.1528,1073.5826,-201.0,1692.6439,720.0603,-201.0,2706.3792,600.69147,-201.0,0 days 00:01:37.386733400,0 days 00:01:37.406733400
0 days 00:00:00.330000,0 days 00:00:00.350000,answer10,0.36007962,-5.447794,7.0057006,0.05934314,-0.012272435,0.11649573,14.984113,1.984754,10.11114,-6.830565,0.0,0.0,0.0,0.0,0.0,0.0,321.29517,1295.6691,-201.0,1334.6058,850.7288,-201.0,2463.2083,559.18,-201.0,0 days 00:01:37.396733400,0 days 00:01:37.416733400
0 days 00:00:00.340000,0 days 00:00:00.360000,answer10,0.3578364,-7.7299514,9.997915,0.052135956,-0.021346854,0.10734347,16.122063,5.9722304,6.764937,-10.852246,0.0,0.0,0.0,0.0,0.0,0.0,338.52646,1386.2167,-201.0,1311.6162,1082.8048,-201.0,2464.3364,666.4978,-201.0,0 days 00:01:37.406733400,0 days 00:01:37.426733400
0 days 00:00:00.350000,0 days 00:00:00.370000,answer10,0.33971977,-10.534379,13.591563,0.04765525,-0.023732044,0.11322671,16.028433,11.863631,5.9955673,-8.420459,0.0,0.0,0.0,0.0,0.0,0.0,333.2485,1430.9772,-201.0,1298.8531,1165.5225,-201.0,2428.3376,675.402,-201.0,0 days 00:01:37.416733400,0 days 00:01:37.436733400
0 days 00:00:00.360000,0 days 00:00:00.380000,answer10,0.31423762,-10.05771,12.697783,0.032990914,-0.023585977,0.10284198,14.4187,12.02116,3.8824625,-6.102905,0.0,0.0,0.0,0.0,0.0,0.0,364.54688,1481.3531,-201.0,1326.1312,1396.6113,-201.0,2309.1162,883.69214,-201.0,0 days 00:01:37.426733400,0 days 00:01:37.446733400
0 days 00:00:00.370000,0 days 00:00:00.390000,answer10,0.29936025,-10.12301,13.349341,0.04542346,-0.017464854,0.09703948,12.715232,13.491673,3.206356,-2.469886,0.0,0.0,0.0,0.0,0.0,0.0,384.9393,1418.4658,-132.2055,1349.5684,1310.1661,-138.02959,2326.5635,811.2225,-138.79268,0 days 00:01:37.436733400,0 days 00:01:37.456733400
0 days 00:00:00.380000,0 days 00:00:00.400000,answer10,0.30443245,-10.125352,15.075305,0.04977402,-0.014272151,0.08550694,12.945076,12.615002,0.9048459,-2.3020337,23.69807,0.0,0.0,-4.223111,-3.9451365,16.298746,625.24725,1341.834,-68.22505,1634.3661,1175.1768,-77.79451,2578.531,846.2436,-76.95969,0 days 00:01:37.446733400,0 days 00:01:37.466733400
0 days 00:00:00.390000,0 days 00:00:00.410000,answer10,0.32084182,-11.66846,17.610472,0.052080017,-0.012760356,0.08746601,14.657341,14.273408,1.834515,-2.4482214,23.405024,0.0,0.0,-3.352209,-4.44926,17.545174,551.57336,1478.538,0.030469498,1537.8164,1083.7968,-12.436718,2605.8997,673.62573,-15.383507,0 days 00:01:37.456733400,0 days 00:01:37.476733400
0 days 00:00:00.400000,0 days 00:00:00.420000,answer10,0.3260143,-11.572787,17.96002,0.037059184,-0.012119367,0.09636902,14.388355,14.560573,2.6516788,-0.8077671,23.244339,0.0,0.0,-2.645509,-5.0483747,18.312136,547.1204,1518.3568,3.251795,1541.0023,1142.6621,-10.510403,2537.467,751.7928,-13.528255,0 days 00:01:37.466733400,0 days 00:01:37.486733400
0 days 00:00:00.410000,0 days 00:00:00.430000,answer10,0.32978833,-12.011153,18.89782,0.03302518,-0.014835049,0.11379055,14.478249,15.366797,1.8380933,-3.611706,22.96274,0.0,0.0,-2.7347267,-4.260657,19.571377,512.2618,1473.1486,6.795561,1553.232,1138.8883,-6.2453637,2556.5256,686.0415,-10.751382,0 days 00:01:37.476733400,0 days 00:01:37.496733400
0 days 00:00:00.420000,0 days 00:00:00.440000,answer10,0.33047864,-11.384358,19.991552,0.055676654,-0.01324414,0.10894567,12.273925,16.410988,-0.10325861,-4.709392,23.034645,0.0,0.0,-3.2968876,-3.662232,19.33805,765.96436,1241.213,-61.45996,1885.1952,969.0376,-71.60316,2855.6003,668.66296,-72.32756,0 days 00:01:37.486733400,0 days 00:01:37.506733400
0 days 00:00:00.430000,0 days 00:00:00.450000,answer10,0.3449876,-11.221213,18.970465,0.074098706,-0.01221972,0.106357835,11.830745,16.268667,-1.2555412,-6.6089725,0.0,0.0,0.0,0.0,0.0,0.0,763.696,1118.1017,-133.47578,1898.7744,791.2717,-136.49988,2929.9834,506.1525,-136.39014,0 days 00:01:37.496733400,0 days 00:01:37.516733400
0 days 00:00:00.440000,0 days 00:00:00.460000,answer10,0.34726214,-9.861469,16.571947,0.07465693,-0.0107122315,0.101934336,10.70045,14.764852,-0.75356174,-3.8931339,0.0,0.0,0.0,0.0,0.0,0.0,549.6192,1211.3402,-201.0,1618.9767,814.49286,-201.0,2694.6785,590.9468,-201.0,0 days 00:01:37.506733400,0 days 00:01:37.526733400
0 days 00:00:00.450000,0 days 00:00:00.470000,answer10,0.35387632,-9.296071,15.621831,0.055324275,-0.010746144,0.11576309,12.728282,10.645373,-0.31220224,-2.7386703,0.0,0.0,0.0,0.0,0.0,0.0,368.80722,1381.1315,-201.0,1314.9271,1083.642,-201.0,2398.012,741.11084,-201.0,0 days 00:01:37.516733400,0 days 00:01:37.536733400
0 days 00:00:00.460000,0 days 00:00:00.480000,answer10,0.3755914,-8.790072,15.596705,0.047721464,-0.01259674,0.1300412,14.877464,5.0074105,-0.594956,-1.8439531,0.0,0.0,0.0,0.0,0.0,0.0,370.62564,1464.7333,-201.0,1296.1672,1215.0151,-201.0,2299.8625,885.5254,-201.0,0 days 00:01:37.526733400,0 days 00:01:37.546733400
0 days 00:00:00.470000,0 days 00:00:00.490000,answer10,0.40717578,-9.093036,16.224066,0.060448706,-0.016400103,0.12634648,17.504843,0.94908905,-1.0134054,-4.8363185,0.0,0.0,0.0,0.0,0.0,0.0,403.93277,1498.087,-129.89479,1271.0084,1425.6222,-136.48857,2221.761,922.14764,-136.89912,0 days 00:01:37.536733400,0 days 00:01:37.556733400
0 days 00:00:00.480000,0 days 00:00:00.500000,answer10,0.50717,-8.295016,14.53177,0.077558495,-0.019177914,0.1745506,18.249407,-2.2223215,1.4861903,-11.062095,32.844048,0.0,0.0,0.46633974,21.847775,20.167135,550.5885,1569.8799,-66.10996,1527.9484,1187.0507,-74.148674,2497.1904,851.3372,-73.207245,0 days 00:01:37.546733400,0 days 00:01:37.566733400
0 days 00:00:00.490000,0 days 00:00:00.510000,answer10,0.6515816,-7.691961,13.819217,0.08715925,-0.01692682,0.27147058,18.475368,-4.99502,3.7314413,-20.172127,32.953823,0.0,0.0,0.4536558,23.26325,20.175077,773.20135,1363.1139,-3.1159048,1853.2828,1033.0538,-12.984935,2733.122,836.55005,-11.108765,0 days 00:01:37.556733400,0 days 00:01:37.576733400
0 days 00:00:00.500000,0 days 00:00:00.520000,answer10,0.81886417,-8.137618,14.361159,0.090587765,-0.013096924,0.3572482,18.508984,-5.4203076,8.43781,-23.523825,33.082836,0.0,2.5885854,0.8309885,25.3975,19.756105,982.4583,1280.4882,-74.221115,2102.3403,853.4116,-77.49636,2971.8386,851.83057,-75.20963,0 days 00:01:37.566733400,0 days 00:01:37.586733400
0 days 00:00:00.510000,0 days 00:00:00.530000,answer10,0.9008517,-8.992166,14.874962,0.093275756,-0.012189821,0.3890413,18.107744,-3.015238,10.680767,-24.8817,0.0,0.0,0.0,0.0,0.0,0.0,767.76154,1157.3955,-138.00594,1884.5406,897.19244,-139.83626,2764.557,715.0371,-138.90152,0 days 00:01:37.576733400,0 days 00:01:37.596733400
0 days 00:00:00.520000,0 days 00:00:00.540000,answer10,0.8995535,-9.395653,15.370299,0.093963765,-0.012130818,0.36012265,17.222597,0.96856326,12.883107,-20.269371,0.0,0.0,0.0,0.0,0.0,0.0,831.0413,1211.8003,-201.0,1905.1465,799.25446,-201.0,2880.3538,655.0682,-201.0,0 days 00:01:37.586733400,0 days 00:01:37.606733400
0 days 00:00:00.530000,0 days 00:00:00.550000,answer10,0.87311745,-8.875323,14.198166,0.100544356,-0.011137861,0.35272336,17.753263,2.676672,12.713567,-18.72447,0.0,0.0,0.0,0.0,0.0,0.0,811.5073,1153.9098,-141.13966,1911.7559,761.6048,-139.29265,2898.385,560.6719,-137.51366,0 days 00:01:37.596733400,0 days 00:01:37.616733400
0 days 00:00:00.540000,0 days 00:00:00.560000,answer10,0.8576107,-7.023247,14.030034,0.096210174,-0.007990547,0.36226702,17.131998,0.38356677,10.40498,-17.043196,37.9506,0.0,0.0,-1.4203634,17.989944,6.322447,1030.3483,993.762,-76.805534,2153.0461,599.04706,-77.01077,3115.123,594.0677,-70.65864,0 days 00:01:37.606733400,0 days 00:01:37.626733400
0 days 00:00:00.550000,0 days 00:00:00.570000,answer10,0.93407506,-5.99617,13.263471,0.111230634,-0.0077564283,0.4407744,16.733934,-4.169869,8.285426,-20.501474,38.058155,0.0,0.0,-1.1840584,19.759075,3.8211586,965.5793,891.4422,-12.499901,2107.996,569.4433,-12.56384,3055.2058,606.8238,-1.8198428,0 days 00:01:37.616733400,0 days 00:01:37.636733400
0 days 00:00:00.560000,0 days 00:00:00.580000,answer10,1.0416013,-3.8301022,9.234154,0.10388717,-0.006219843,0.4898564,14.018802,-7.5178666,10.322602,-19.527117,37.806,0.0,0.0,-0.7609002,21.817049,0.0759027,992.59296,803.85986,-6.456495,2137.9539,485.00876,-8.542119,3072.1729,672.8985,4.6428475,0 days 00:01:37.626733400,0 days 00:01:37.646733400
0 days 00:00:00.570000,0 days 00:00:00.590000,answer10,1.195259,-0.24183178,2.376827,0.09981804,-0.0066360864,0.61030865,11.106197,-12.586773,12.819512,-18.614443,37.557205,0.09527858,2.0816493,-0.5226414,20.402412,-0.8571503,1038.1522,798.13763,-70.79061,2152.0032,548.9831,-70.82399,3027.824,800.35126,-62.21217,0 days 00:01:37.636733400,0 days 00:01:37.656733400
0 days 00:00:00.580000,0 days 00:00:00.600000,answer10,1.250551,0.5907063,0.30338684,0.08659258,-0.006907912,0.6831589,9.705142,-12.7949095,13.0722475,-16.352259,0.0,0.0,0.0,0.0,0.0,0.0,1052.7314,777.2903,-135.09625,2150.6914,591.81915,-135.27092,2986.7112,825.708,-131.05096,0 days 00:01:37.646733400,0 days 00:01:37.666733400
0 days 00:00:00.590000,0 days 00:00:00.610000,answer10,1.2963632,2.060599,-1.2031105,0.083354086,-0.0069968663,0.7425955,10.612874,-13.708981,13.353424,-18.192598,0.0,0.0,0.0,0.0,0.0,0.0,1040.4974,819.36554,-136.0594,2135.6528,614.80316,-139.31425,2957.0369,836.8139,-136.88531,0 days 00:01:37.656733400,0 days 00:01:37.676733400
0 days 00:00:00.600000,0 days 00:00:00.620000,answer10,1.2483072,-0.6745283,0.9625457,0.08495828,-0.005035375,0.71403164,14.654484,-10.220936,14.310773,-15.877303,30.858402,0.0,0.0,-3.5904655,2.1684265,14.224901,1048.9922,804.8904,-71.60529,2188.7156,594.4138,-77.53598,2975.6946,791.7852,-74.006996,0 days 00:01:37.666733400,0 days 00:01:37.686733400
0 days 00:00:00.610000,0 days 00:00:00.630000,answer10,1.1919929,-0.4658637,-0.64137423,0.08410623,-0.0049883365,0.585542,17.328466,-9.0883255,14.910579,-14.993672,30.887789,0.0,0.69974184,-3.156934,2.2055066,14.9472685,1085.7411,887.45734,-7.585934,2269.9788,646.1022,-15.762792,2997.4592,842.79297,-12.233803,0 days 00:01:37.676733400,0 days 00:01:37.696733400
0 days 00:00:00.620000,0 days 00:00:00.640000,answer10,1.0551628,-3.650753,3.493026,0.09310544,-0.0004935895,0.5427117,19.654928,-7.3052335,12.254172,-10.083872,30.893415,0.0,0.75281763,-3.2409933,1.6794249,15.178712,1118.1984,901.3369,-9.255649,2368.2522,732.2889,-16.519129,2998.9705,911.82355,-15.419078,0 days 00:01:37.686733400,0 days 00:01:37.706733400
0 days 00:00:00.630000,0 days 00:00:00.650000,answer10,0.9623955,-4.2525277,4.0275598,0.08898998,-0.0028367797,0.4998484,20.484236,-6.4116187,11.391239,-11.5807905,30.874714,0.13368411,0.7793555,-2.8577762,1.411462,14.832772,1148.3109,977.02997,-73.709755,2434.1738,734.5376,-78.2974,3003.197,1050.0104,-78.2974,0 days 00:01:37.696733400,0 days 00:01:37.716733400
0 days 00:00:00.640000,0 days 00:00:00.660000,answer10,0.83981603,-5.354757,7.05534,0.063145004,-0.0023337652,0.50278175,21.23001,-4.698953,12.499478,-7.2831426,0.0,0.0,0.0,0.0,0.0,0.0,1086.0603,991.716,-137.72911,2347.6555,764.69867,-140.0706,2988.0276,952.07733,-140.0706,0 days 00:01:37.706733400,0 days 00:01:37.726733400
0 days 00:00:00.650000,0 days 00:00:00.670000,answer10,0.75631785,-4.3687725,5.590141,0.034386225,-0.006656984,0.41380286,20.085081,-5.0466437,14.241211,-6.617726,0.0,0.0,0.0,0.0,0.0,0.0,1079.0055,1062.6913,-201.0,2284.0437,790.667,-201.0,2990.2441,874.0874,-201.0,0 days 00:01:37.716733400,0 days 00:01:37.736733400
0 days 00:00:00.660000,0 days 00:00:00.680000,answer10,0.64686674,-3.5377681,8.813262,0.034230914,-0.0015552775,0.30645028,18.562216,-6.6507354,11.178941,-2.0393245,0.0,0.0,0.0,0.0,0.0,0.0,724.17554,1378.6049,-201.0,1812.8473,946.5386,-201.0,2735.8018,760.3394,-201.0,0 days 00:01:37.726733400,0 days 00:01:37.746733400
0 days 00:00:00.670000,0 days 00:00:00.690000,answer10,0.59461063,-2.921209,10.347426,0.034828346,0.0014361562,0.22818637,18.114851,-9.043252,7.0242305,-0.34968293,0.0,0.0,0.0,0.0,0.0,0.0,753.2791,1453.2979,-137.56346,1797.1099,981.5222,-138.07256,2788.533,753.497,-138.64932,0 days 00:01:37.736733400,0 days 00:01:37.756733400
0 days 00:00:00.680000,0 days 00:00:00.700000,answer10,0.55348426,-2.7380917,11.674022,0.05114955,0.0015405063,0.18941486,18.8766,-10.336396,2.5000534,0.7747741,30.63279,0.0,0.0,-2.7318265,-8.316194,12.372595,743.76434,1463.3647,-75.01089,1754.1279,1004.3757,-76.0171,2793.2432,745.6805,-76.31948,0 days 00:01:37.746733400,0 days 00:01:37.766733400
0 days 00:00:00.690000,0 days 00:00:00.710000,answer10,0.56119996,-5.4992867,12.713519,0.04888646,-0.0068255677,0.18275829,20.673784,-7.8069777,3.019564,-0.9901212,32.81069,0.0,0.0,-0.6893261,2.2155323,14.113292,835.64825,1259.7081,-12.016335,1848.1847,1084.7866,-15.778224,2748.752,772.74097,-13.089951,0 days 00:01:37.756733400,0 days 00:01:37.776733400
0 days 00:00:00.700000,0 days 00:00:00.720000,answer10,0.5668826,-7.1057343,13.740087,0.06313391,-0.01058142,0.19036746,21.932653,-5.311886,4.423918,-1.70959,34.938293,0.0,1.2095342,2.4942293,12.182521,18.44931,800.04205,1228.0785,0.0,1784.2806,1048.3186,-15.410619,2707.7576,743.8261,-14.488711,0 days 00:01:37.766733400,0 days 00:01:37.786733400
0 days 00:00:00.710000,0 days 00:00:00.730000,answer10,0.5797273,-9.421922,16.011246,0.06970637,-0.01440635,0.18842371,22.100355,-2.8326807,4.6964307,-5.5424447,37.12103,0.0723382,1.4812322,5.2678666,22.062973,22.977997,976.62775,1231.7191,-16.8435,1714.8213,1448.6055,-14.737229,2720.8337,745.77155,-17.014605,0 days 00:01:37.776733400,0 days 00:01:37.796733400
0 days 00:00:00.720000,0 days 00:00:00.740000,answer10,0.57548815,-9.267304,16.966589,0.073741645,-0.012241338,0.16209663,20.845255,-2.3558612,5.678066,-4.4193406,37.09913,0.064496435,1.5812674,6.7184215,20.685654,24.080713,955.3256,1127.2719,-16.8435,1739.577,1169.817,-15.805865,2801.6501,703.1492,-18.028625,0 days 00:01:37.786733400,0 days 00:01:37.806733400
0 days 00:00:00.730000,0 days 00:00:00.750000,answer10,0.5979633,-9.894582,17.185442,0.07776631,-0.015225288,0.16798733,19.863789,-2.142005,8.363496,-5.4048934,37.11481,0.053717732,1.5569762,7.372643,19.109545,23.304932,754.09344,1120.2466,0.0,1589.5668,1125.899,-18.560858,2567.5808,866.54755,-16.205856,0 days 00:01:37.796733400,0 days 00:01:37.816733400
0 days 00:00:00.740000,0 days 00:00:00.760000,answer10,0.6254631,-10.837105,19.361374,0.07584193,-0.016270583,0.17902128,20.869246,-1.6006159,9.768685,-6.922401,37.159794,0.03673501,1.1251898,7.1810203,17.508179,21.551468,323.09146,1213.5419,0.0,1429.5184,810.5967,-19.789757,2262.3965,964.1631,-12.07096,0 days 00:01:37.806733400,0 days 00:01:37.826733400
0 days 00:00:00.750000,0 days 00:00:00.770000,answer10,0.6391468,-12.137096,21.288038,0.092094086,-0.017746704,0.19997889,22.9089,-2.020087,6.5803394,-8.4662,37.231266,0.02704666,0.88079375,6.167601,16.235092,24.073273,660.0347,1273.3424,0.0,1641.3414,996.958,-13.828879,2549.7883,947.2493,-11.386592,0 days 00:01:37.816733400,0 days 00:01:37.836733400
0 days 00:00:00.760000,0 days 00:00:00.780000,answer10,0.631257,-13.172368,23.512228,0.114932775,-0.021645673,0.17502236,23.35193,-2.1080496,1.3332076,-13.370674,37.27887,0.021499941,1.0981593,4.093712,14.807431,25.078833,980.8137,1341.1984,-11.728897,1919.1567,1224.3534,-8.615058,2752.6057,1039.6035,-9.7976055,0 days 00:01:37.826733400,0 days 00:01:37.846733400
0 days 00:00:00.770000,0 days 00:00:00.790000,answer10,0.5992612,-12.403034,22.940897,0.119627,-0.026185898,0.1873103,21.290804,-1.6907853,-2.08745,-13.388809,37.285965,0.0156931,1.136134,1.1768856,12.69756,27.478678,1287.0531,1227.2987,-10.292272,2192.5579,1064.3022,-3.1563046,3163.7627,947.26544,-10.533238,0 days 00:01:37.836733400,0 days 00:01:37.856733400
0 days 00:00:00.780000,0 days 00:00:00.800000,answer10,0.5832693,-11.306927,22.297401,0.12195482,-0.028252823,0.17565803,18.206722,-3.7943714,-4.9903455,-15.683497,37.27134,0.013665717,1.2429795,-0.5882122,11.382458,26.983894,1286.2114,1108.2085,-72.658966,2249.8596,1029.3503,-68.28743,3158.3743,954.4638,-73.43311,0 days 00:01:37.846733400,0 days 00:01:37.866733400
0 days 00:00:00.790000,0 days 00:00:00.810000,answer10,0.5620171,-8.413425,16.732178,0.106871605,-0.021862246,0.19961624,16.535673,-4.1482444,-3.5859563,-10.308036,0.0,0.0,0.0,0.0,0.0,0.0,1330.3296,1207.1803,-136.473,2112.792,1089.2385,-134.0413,3235.5383,991.67694,-137.79678,0 days 00:01:37.856733400,0 days 00:01:37.876733400
0 days 00:00:00.800000,0 days 00:00:00.820000,answer10,0.5612357,-4.9482093,9.901664,0.1081657,-0.018990746,0.17645855,16.124397,-6.2575736,-1.5133976,-7.1526685,0.0,0.0,0.0,0.0,0.0,0.0,1144.9696,1716.2178,-201.0,1909.0758,1129.4292,-201.0,3062.6387,1011.4357,-201.0,0 days 00:01:37.866733400,0 days 00:01:37.886733400
0 days 00:00:00.810000,0 days 00:00:00.830000,answer10,0.5767812,-3.4775581,4.376848,0.11503566,-0.019807598,0.18787865,16.702927,-5.879486,1.8012418,-6.362259,0.0,0.0,0.0,0.0,0.0,0.0,991.6299,1898.8839,-131.5608,1765.6025,1051.442,-131.56493,3010.1804,1003.1323,-135.37169,0 days 00:01:37.876733400,0 days 00:01:37.896733400
0 days 00:00:00.820000,0 days 00:00:00.840000,answer10,0.60633165,-2.5282073,2.2741244,0.11141782,-0.021980435,0.17965455,16.454508,-8.644549,3.1610317,-8.894038,25.212349,0.0,0.0,-0.85029835,2.733757,13.553268,663.6892,1655.3939,-60.34955,1655.3698,757.67084,-67.33884,2815.0986,974.4859,-69.565895,0 days 00:01:37.886733400,0 days 00:01:37.906733400
0 days 00:00:00.830000,0 days 00:00:00.850000,answer10,0.5917551,-3.1911383,3.692012,0.09977621,-0.022313965,0.1911483,15.603642,-7.976834,2.7813637,-9.097429,25.21354,0.0,1.3671457,0.17930956,2.4997902,14.462829,599.6638,1264.566,12.2703905,1681.1862,828.76495,-2.073456,2532.2307,1900.0514,-4.3005066,0 days 00:01:37.896733400,0 days 00:01:37.916733400
0 days 00:00:00.840000,0 days 00:00:00.860000,answer10,0.56519705,-3.7982967,5.3287253,0.07049689,-0.021930225,0.1777008,15.687607,-5.830759,5.953816,-8.963951,25.223246,0.0,1.6295418,1.6349548,2.1597724,16.376696,447.41785,1072.3,15.9248495,1574.167,770.7684,-7.4861846,2306.242,1866.2041,-5.692587,0 days 00:01:37.906733400,0 days 00:01:37.926733400
0 days 00:00:00.850000,0 days 00:00:00.870000,answer10,0.54474056,-7.302912,11.733205,0.072785355,-0.026793296,0.19696169,17.229181,-2.0009568,7.625048,-12.922612,25.17335,0.008805541,2.2033966,0.6954844,1.92602,17.810232,419.3015,1097.8816,17.303455,1537.1709,771.6141,-5.2787476,2227.4797,1634.3048,-4.087947,0 days 00:01:37.916733400,0 days 00:01:37.936733400
0 days 00:00:00.860000,0 days 00:00:00.880000,answer10,0.56083417,-11.501922,16.629534,0.08885682,-0.02687634,0.20814995,20.674309,0.34873104,10.81382,-16.861488,22.028534,0.006698923,2.7772512,-1.4973307,0.046437263,15.983268,384.24747,970.56866,19.807463,1451.275,692.2856,-2.9580956,2312.1816,672.7898,-2.0618575,0 days 00:01:37.926733400,0 days 00:01:37.946733400
0 days 00:00:00.870000,0 days 00:00:00.890000,answer10,0.5351921,-14.045845,19.829233,0.107665814,-0.028386163,0.25261056,22.516973,1.2342505,10.905388,-17.143644,18.896482,0.0024856876,3.0887098,-3.7930095,-1.8905674,13.256261,367.57712,1042.3004,20.350283,1433.3945,757.81354,-0.6778023,2302.3079,687.66034,-0.6319704,0 days 00:01:37.936733400,0 days 00:01:37.956733400
0 days 00:00:00.880000,0 days 00:00:00.900000,answer10,0.4880837,-15.006111,20.932405,0.10461936,-0.02714705,0.22684132,23.578552,3.1729214,11.65594,-14.350025,15.779131,0.0024856876,3.0887098,-4.7526407,-3.5967174,11.354403,362.04163,1132.493,-52.239582,1435.0054,899.7168,-67.111336,2268.2878,797.56934,-68.04242,0 days 00:01:37.946733400,0 days 00:01:37.966733400
0 days 00:00:00.890000,0 days 00:00:00.910000,answer10,0.44704854,-14.356499,22.490097,0.09547359,-0.026286513,0.19454317,22.816034,3.0385468,8.796888,-10.55572,0.0,0.0,0.0,0.0,0.0,0.0,349.02603,1162.4199,-127.363525,1423.2672,858.06195,-134.69737,2314.175,853.38837,-135.3339,0 days 00:01:37.956733400,0 days 00:01:37.976733400
0 days 00:00:00.900000,0 days 00:00:00.920000,answer10,0.42112646,-12.937924,22.527792,0.07522622,-0.021970453,0.18360393,22.420685,2.3787532,11.0540085,-4.924666,0.0,0.0,0.0,0.0,0.0,0.0,348.81763,1160.4272,-201.0,1419.1699,821.2454,-201.0,2329.5898,869.82184,-201.0,0 days 00:01:37.966733400,0 days 00:01:37.986733400
0 days 00:00:00.910000,0 days 00:00:00.930000,answer10,0.41748556,-11.743347,20.455076,0.08906748,-0.023828492,0.1736335,21.188623,-0.5619329,9.549018,-6.537115,0.0,0.0,0.0,0.0,0.0,0.0,344.35544,1122.7382,-201.0,1402.4303,717.89844,-201.0,2366.8,773.8662,-201.0,0 days 00:01:37.976733400,0 days 00:01:37.996733400
0 days 00:00:00.920000,0 days 00:00:00.940000,answer10,0.41010013,-11.485295,19.185415,0.08062713,-0.023274804,0.20318067,21.049675,-0.8888256,11.671863,-6.4198747,0.0,0.0,0.0,0.0,0.0,0.0,332.9437,1157.089,-201.0,1388.062,748.25836,-201.0,2344.8354,685.19995,-201.0,0 days 00:01:37.986733400,0 days 00:01:38.006733400
0 days 00:00:00.930000,0 days 00:00:00.950000,answer10,0.43517336,-11.610474,18.540485,0.0867647,-0.029421417,0.1940686,20.176668,-0.52032834,9.236571,-13.181579,0.0,0.0,0.0,0.0,0.0,0.0,313.85983,1191.6556,-201.0,1372.7809,770.21436,-201.0,2323.6555,647.4043,-201.0,0 days 00:01:37.996733400,0 days 00:01:38.016733400
0 days 00:00:00.940000,0 days 00:00:00.960000,answer10,0.4523306,-11.3538885,16.519049,0.07082277,-0.026573166,0.20663442,20.619736,0.86904526,9.762802,-11.194138,0.0,0.0,0.0,0.0,0.0,0.0,299.94403,1224.0967,-201.0,1360.1075,765.2932,-201.0,2326.1948,639.2364,-201.0,0 days 00:01:38.006733400,0 days 00:01:38.026733400
0 days 00:00:00.950000,0 days 00:00:01,answer10,0.46458617,-10.131019,14.168655,0.09215433,-0.026394939,0.18911223,17.849882,0.44513413,11.47483,-13.105099,0.0,0.0,0.0,0.0,0.0,0.0,372.9933,1056.8567,-201.0,1415.2562,775.2608,-201.0,2354.6228,661.8435,-201.0,0 days 00:01:38.016733400,0 days 00:01:38.066733400
