start,end,label,Loudness_sma3,alphaRatio_sma3,hammarbergIndex_sma3,slope0-500_sma3,slope500-1500_sma3,spectralFlux_sma3,mfcc1_sma3,mfcc2_sma3,mfcc3_sma3,mfcc4_sma3,F0semitoneFrom27.5Hz_sma3nz,jitterLocal_sma3nz,shimmerLocaldB_sma3nz,HNRdBACF_sma3nz,logRelF0-H1-H2_sma3nz,logRelF0-H1-A3_sma3nz,F1frequency_sma3nz,F1bandwidth_sma3nz,F1amplitudeLogRelF0_sma3nz,F2frequency_sma3nz,F2bandwidth_sma3nz,F2amplitudeLogRelF0_sma3nz,F3frequency_sma3nz,F3bandwidth_sma3nz,F3amplitudeLogRelF0_sma3nz,original_start,original_end
0 days 00:00:00,0 days 00:00:00.100000,answer1,1.0207795,-17.601318,33.53995,-0.008309182,0.007037765,0.014560342,-0.52753246,-10.150497,20.844091,-7.992,0.0,0.0,0.0,0.0,0.0,0.0,992.3989,1160.744,-201.0,1977.6298,1046.4991,-201.0,2788.0774,1572.522,-201.0,0 days 00:00:01.201201201,0 days 00:00:01.301201201
0 days 00:00:00.010000,0 days 00:00:00.110000,answer1,0.98632765,-18.158976,33.432007,-0.008754647,0.007254451,0.02903826,-0.2881504,-9.747479,18.938828,-8.709724,0.0,0.0,0.0,0.0,0.0,0.0,993.5275,1175.3517,-201.0,1982.4125,1019.0078,-201.0,2820.8933,1600.1494,-201.0,0 days 00:00:01.211201201,0 days 00:00:01.311201201
0 days 00:00:00.020000,0 days 00:00:00.120000,answer1,0.9430654,-18.85361,33.812412,-0.009185844,0.0070695723,0.042083573,0.10201159,-9.485528,16.021975,-9.638434,0.0,0.0,0.0,0.0,0.0,0.0,978.5275,1077.0621,-201.0,1984.3003,927.5979,-201.0,2886.4326,1454.4222,-201.0,0 days 00:00:01.221201201,0 days 00:00:01.321201201
0 days 00:00:00.030000,0 days 00:00:00.130000,answer1,0.9079605,-19.423206,35.105793,-0.011926461,0.0060344315,0.037799228,0.50253034,-9.599946,13.31588,-10.169848,0.0,0.0,0.0,0.0,0.0,0.0,955.71466,1039.2428,-201.0,1995.9873,895.649,-201.0,2893.986,1398.4731,-201.0,0 days 00:00:01.231201201,0 days 00:00:01.331201201
0 days 00:00:00.040000,0 days 00:00:00.140000,answer1,0.8685215,-20.082445,36.720463,-0.015916774,0.004696826,0.03412358,0.8166831,-9.389835,11.886029,-9.459044,0.0,0.0,0.0,0.0,0.0,0.0,934.9544,1023.48846,-201.0,2011.2349,868.9705,-201.0,2934.993,1417.222,-201.0,0 days 00:00:01.241201201,0 days 00:00:01.341201201
0 days 00:00:00.050000,0 days 00:00:00.150000,answer1,0.81374234,-21.125555,38.351974,-0.022391988,0.0026634773,0.033320773,0.9137488,-8.1189165,11.36177,-8.174064,0.0,0.0,0.0,0.0,0.0,0.0,938.0274,1089.3971,-201.0,2023.2631,871.4776,-201.0,2966.0244,1515.9951,-201.0,0 days 00:00:01.251201201,0 days 00:00:01.351201201
0 days 00:00:00.060000,0 days 00:00:00.160000,answer1,0.7641938,-22.167854,39.7479,-0.027421659,0.00013174093,0.0354726,0.45355263,-5.40815,11.53278,-7.6602454,0.0,0.0,0.0,0.0,0.0,0.0,950.5379,1180.6326,-201.0,2030.2172,921.5356,-201.0,3051.1719,1626.8458,-201.0,0 days 00:00:01.261201201,0 days 00:00:01.361201201
0 days 00:00:00.070000,0 days 00:00:00.170000,answer1,0.7689929,-22.087915,40.24424,-0.032175716,-0.0026011297,0.040653326,-1.0648594,-2.3139586,12.382839,-9.242599,0.0,0.0,0.0,0.0,0.0,0.0,1034.9312,1363.0978,-201.0,2090.7693,1006.1279,-201.0,3334.1934,1484.5719,-201.0,0 days 00:00:01.271201201,0 days 00:00:01.371201201
0 days 00:00:00.080000,0 days 00:00:00.180000,answer1,0.8445375,-20.627254,39.410397,-0.03329109,-0.0043542534,0.04592198,-3.165844,0.10871784,13.836816,-12.034871,0.0,0.0,0.0,0.0,0.0,0.0,880.52704,1540.0782,-201.0,1910.7803,1202.4216,-201.0,3110.748,1375.7067,-201.0,0 days 00:00:01.281201201,0 days 00:00:01.381201201
0 days 00:00:00.090000,0 days 00:00:00.190000,answer1,0.95675343,-18.524544,37.57468,-0.032621924,-0.0055331043,0.0470302,-5.0766873,1.2174771,15.217511,-14.618823,0.0,0.0,0.0,0.0,0.0,0.0,740.0506,1566.2238,-201.0,1762.598,1235.6455,-201.0,2916.3496,1077.5026,-201.0,0 days 00:00:01.291201201,0 days 00:00:01.391201201
0 days 00:00:00.100000,0 days 00:00:00.200000,answer1,1.0427066,-17.089155,35.927967,-0.029667744,-0.0049687526,0.041613463,-6.0643806,1.2474258,15.843375,-15.572159,0.0,0.0,0.0,0.0,0.0,0.0,515.67975,1603.1998,-201.0,1502.9111,1292.9808,-201.0,2432.681,956.7265,-201.0,0 days 00:00:01.301201201,0 days 00:00:01.401201201
0 days 00:00:00.110000,0 days 00:00:00.210000,answer1,1.0720047,-16.760054,35.107334,-0.027584255,-0.0025172413,0.039107364,-5.9812274,0.116087556,15.203954,-14.604942,0.0,0.0,0.0,0.0,0.0,0.0,532.534,1575.4076,-201.0,1515.126,1276.8004,-201.0,2435.8342,887.6736,-201.0,0 days 00:00:01.311201201,0 days 00:00:01.411201201
0 days 00:00:00.120000,0 days 00:00:00.220000,answer1,1.0576309,-17.159649,35.174713,-0.027854221,0.0026471291,0.04554851,-4.68463,-2.5508327,13.201337,-11.514033,0.0,0.0,0.0,0.0,0.0,0.0,509.0686,1559.4982,-201.0,1481.4375,1253.7972,-201.0,2380.6873,886.05664,-201.0,0 days 00:00:01.321201201,0 days 00:00:01.421201201
0 days 00:00:00.130000,0 days 00:00:00.230000,answer1,1.0318536,-17.546417,36.0725,-0.029419443,0.008989725,0.05415194,-2.4087093,-6.327988,10.581971,-6.962154,0.0,0.0,0.0,0.0,0.0,0.0,518.0487,1432.6073,-201.0,1571.8901,1213.6415,-201.0,2411.8706,1017.9888,-201.0,0 days 00:00:01.331201201,0 days 00:00:01.431201201
0 days 00:00:00.140000,0 days 00:00:00.240000,answer1,1.016548,-17.539751,36.664547,-0.032738473,0.014088817,0.053884316,-0.03444962,-9.84501,8.536413,-2.5907903,0.0,0.0,0.0,0.0,0.0,0.0,631.34235,1199.9501,-201.0,1708.1323,1046.1921,-201.0,2569.1116,998.6408,-201.0,0 days 00:00:01.341201201,0 days 00:00:01.441201201
0 days 00:00:00.150000,0 days 00:00:00.250000,answer1,0.99935216,-17.458408,36.936356,-0.037427437,0.01644594,0.044912327,1.6730022,-11.817886,7.62257,0.3687972,0.0,0.0,0.0,0.0,0.0,0.0,758.07715,1059.1014,-201.0,1844.8795,1000.01385,-201.0,2713.9358,1029.2179,-201.0,0 days 00:00:01.351201201,0 days 00:00:01.451201201
0 days 00:00:00.160000,0 days 00:00:00.260000,answer1,0.95229024,-18.030848,37.055534,-0.04161537,0.016476128,0.039192673,2.548239,-11.915517,7.4057918,1.7590022,0.0,0.0,0.0,0.0,0.0,0.0,876.519,879.6186,-201.0,1927.0394,897.2964,-201.0,2845.7678,930.16876,-201.0,0 days 00:00:01.361201201,0 days 00:00:01.461201201
0 days 00:00:00.170000,0 days 00:00:00.270000,answer1,0.85882545,-19.697456,38.2607,-0.0430475,0.014385785,0.04049696,3.1242874,-10.267173,7.3791428,2.0033734,0.0,0.0,0.0,0.0,0.0,0.0,892.26385,926.7959,-201.0,1956.8628,923.11237,-201.0,2897.4988,1058.9657,-201.0,0 days 00:00:01.371201201,0 days 00:00:01.471201201
0 days 00:00:00.180000,0 days 00:00:00.280000,answer1,0.73937434,-22.266108,39.45521,-0.041843187,0.010298275,0.043998282,3.7148368,-7.16079,7.513607,1.4454637,0.0,0.0,0.0,0.0,0.0,0.0,928.83594,1062.246,-201.0,2017.6157,1017.90106,-201.0,3019.7844,1344.3065,-201.0,0 days 00:00:01.381201201,0 days 00:00:01.481201201
0 days 00:00:00.190000,0 days 00:00:00.290000,answer1,0.63534653,-24.885996,40.024525,-0.040216662,0.005512761,0.040918577,4.27559,-3.5939093,8.058367,0.7061879,0.0,0.0,0.0,0.0,0.0,0.0,948.93756,1216.4731,-201.0,2063.8665,1151.9443,-201.0,3081.5593,1520.3246,-201.0,0 days 00:00:01.391201201,0 days 00:00:01.491201201
0 days 00:00:00.200000,0 days 00:00:00.300000,answer1,0.57284385,-26.705063,39.562008,-0.03959175,0.0017489605,0.03385016,4.6174,-0.656709,9.453303,0.25892544,0.0,0.0,0.0,0.0,0.0,0.0,1002.1189,1415.3268,-201.0,2130.4678,1332.5902,-201.0,3195.1677,1979.4078,-201.0,0 days 00:00:01.401201201,0 days 00:00:01.501201201
0 days 00:00:00.210000,0 days 00:00:00.310000,answer1,0.55666023,-27.204813,38.941345,-0.03852505,0.00027096513,0.028793951,4.608331,0.6430761,11.64008,0.022227705,0.0,0.0,0.0,0.0,0.0,0.0,1025.1794,1522.2041,-201.0,2102.5981,1437.8336,-201.0,3131.5251,1927.9413,-201.0,0 days 00:00:01.411201201,0 days 00:00:01.511201201
0 days 00:00:00.220000,0 days 00:00:00.320000,answer1,0.57055986,-26.687544,38.421925,-0.03789794,-0.00020857174,0.027792312,4.2600994,0.49987468,13.970958,-0.87714213,0.0,0.0,0.0,0.0,0.0,0.0,836.6839,1786.6881,-201.0,1864.2559,1524.5527,-201.0,2955.7615,1769.1393,-201.0,0 days 00:00:01.421201201,0 days 00:00:01.521201201
0 days 00:00:00.230000,0 days 00:00:00.330000,answer1,0.598348,-25.731195,38.118416,-0.03655414,-0.0007688927,0.028248927,3.7261117,-0.4327384,15.541634,-2.7845113,0.0,0.0,0.0,0.0,0.0,0.0,618.14465,1761.2313,-201.0,1583.7657,1391.6191,-201.0,2629.6638,1103.6649,-201.0,0 days 00:00:01.431201201,0 days 00:00:01.531201201
0 days 00:00:00.240000,0 days 00:00:00.340000,answer1,0.6217268,-24.977026,37.929096,-0.0358716,-0.0024243554,0.027088359,3.2031288,-1.2470579,15.9731,-5.347664,0.0,0.0,0.0,0.0,0.0,0.0,419.4004,1702.375,-201.0,1367.7959,1239.6172,-201.0,2423.1218,768.7464,-201.0,0 days 00:00:01.441201201,0 days 00:00:01.541201201
0 days 00:00:00.250000,0 days 00:00:00.350000,answer1,0.62848836,-24.798422,37.981598,-0.034733843,-0.0051175193,0.028095782,2.9093492,-1.3791448,15.627597,-7.652634,0.0,0.0,0.0,0.0,0.0,0.0,446.61752,1458.9025,-201.0,1361.4768,1099.499,-201.0,2374.513,604.6094,-201.0,0 days 00:00:01.451201201,0 days 00:00:01.551201201
0 days 00:00:00.260000,0 days 00:00:00.360000,answer1,0.6167032,-25.211966,38.198307,-0.03231989,-0.007095687,0.028412307,2.9352844,-0.76934725,15.028689,-8.875501,0.0,0.0,0.0,0.0,0.0,0.0,457.5632,1442.7968,-201.0,1373.7231,1145.5448,-201.0,2381.2454,632.35114,-201.0,0 days 00:00:01.461201201,0 days 00:00:01.561201201
0 days 00:00:00.270000,0 days 00:00:00.370000,answer1,0.5935481,-25.957207,38.513584,-0.030751875,-0.008071035,0.028229363,3.1670754,0.16262175,14.358643,-8.9177885,0.0,0.0,0.0,0.0,0.0,0.0,480.76147,1508.244,-201.0,1430.4478,1319.4697,-201.0,2412.0154,804.986,-201.0,0 days 00:00:01.471201201,0 days 00:00:01.571201201
0 days 00:00:00.280000,0 days 00:00:00.380000,answer1,0.56918806,-26.69464,38.785107,-0.027404504,-0.007925532,0.025796464,3.3817132,0.9109311,13.536485,-8.466014,0.0,0.0,0.0,0.0,0.0,0.0,722.2561,1677.4972,-201.0,1746.5973,1417.2135,-201.0,2429.8005,2155.6003,-201.0,0 days 00:00:01.481201201,0 days 00:00:01.581201201
0 days 00:00:00.290000,0 days 00:00:00.390000,answer1,0.54976636,-27.225967,39.073826,-0.023767553,-0.0073819384,0.02444063,3.37404,1.1977748,12.420453,-8.456343,0.0,0.0,0.0,0.0,0.0,0.0,720.6965,1772.9346,-201.0,1758.2422,1475.5472,-201.0,2453.9255,2332.9387,-201.0,0 days 00:00:01.491201201,0 days 00:00:01.591201201
0 days 00:00:00.300000,0 days 00:00:00.400000,answer1,0.5373749,-27.526207,39.36265,-0.018397832,-0.0066351085,0.024220368,3.2210739,1.210153,11.108195,-9.176623,0.0,0.0,0.0,0.0,0.0,0.0,717.3167,1876.4838,-201.0,1721.1039,1561.17,-201.0,2414.2703,2392.6428,-201.0,0 days 00:00:01.501201201,0 days 00:00:01.601201201
0 days 00:00:00.310000,0 days 00:00:00.410000,answer1,0.53359556,-27.5953,39.53336,-0.015105229,-0.0054748617,0.024029398,3.0161679,1.2071034,9.824077,-10.064618,0.0,0.0,0.0,0.0,0.0,0.0,489.67307,1711.4844,-201.0,1505.559,1574.3096,-201.0,2404.0125,1299.172,-201.0,0 days 00:00:01.511201201,0 days 00:00:01.611201201
0 days 00:00:00.320000,0 days 00:00:00.420000,answer1,0.5473007,-27.279663,39.655453,-0.014146266,-0.005022424,0.026344737,2.9193256,1.4620628,9.02604,-10.866146,0.0,0.0,0.0,0.0,0.0,0.0,686.89703,1690.8955,-201.0,1813.6763,1515.1837,-201.0,2902.3943,1407.6019,-201.0,0 days 00:00:01.521201201,0 days 00:00:01.621201201
0 days 00:00:00.330000,0 days 00:00:00.430000,answer1,0.60563827,-26.231073,39.819828,-0.009132084,-0.006627752,0.03657793,3.649605,1.9951121,8.708529,-13.077876,0.0,0.0,0.0,0.0,0.0,0.0,677.0543,1536.5355,-201.0,1867.0283,1297.1918,-201.0,2996.884,1331.6205,-201.0,0 days 00:00:01.531201201,0 days 00:00:01.631201201
0 days 00:00:00.340000,0 days 00:00:00.440000,answer1,0.7454634,-24.129522,39.34732,0.0001015182,-0.011232521,0.066422045,5.6483345,1.9088163,8.871133,-17.190119,0.0,0.0,0.0,0.0,0.0,0.0,666.07446,1589.457,-201.0,1794.0996,1242.6295,-201.0,3001.4746,1231.786,-201.0,0 days 00:00:01.541201201,0 days 00:00:01.641201201
0 days 00:00:00.350000,0 days 00:00:00.450000,answer1,0.9835946,-21.048447,36.693264,0.012799744,-0.016720979,0.11197722,8.61844,0.14252996,8.85078,-22.133484,0.0,0.0,0.0,0.0,0.0,0.0,496.15244,1605.878,-201.0,1468.0454,1398.025,-201.0,2458.2747,1104.877,-201.0,0 days 00:00:01.551201201,0 days 00:00:01.651201201
0 days 00:00:00.360000,0 days 00:00:00.460000,answer1,1.3031956,-17.513117,32.32663,0.02120295,-0.020526748,0.16390519,11.549451,-3.9737084,8.143813,-25.522089,0.0,0.0,0.0,0.0,0.0,0.0,611.8151,1622.8842,-201.0,1381.6416,2164.839,-201.0,2346.152,1130.8802,-201.0,0 days 00:00:01.561201201,0 days 00:00:01.661201201
0 days 00:00:00.370000,0 days 00:00:00.470000,answer1,1.6564878,-14.195308,27.586264,0.026769802,-0.02159445,0.20043878,13.793958,-9.529038,6.4363685,-26.878763,0.0,0.0,0.0,0.0,0.0,0.0,617.8134,1431.876,-201.0,1491.189,1969.4121,-201.0,2431.9285,1234.8186,-201.0,0 days 00:00:01.571201201,0 days 00:00:01.671201201
0 days 00:00:00.380000,0 days 00:00:00.480000,answer1,1.9936523,-11.486188,24.18688,0.029692186,-0.021389952,0.22075792,15.294398,-15.42538,3.8198645,-27.053984,0.0,0.0,0.0,0.0,0.0,0.0,596.8848,1253.356,-201.0,1599.0757,2012.3789,-201.0,2281.4749,1250.4679,-201.0,0 days 00:00:01.581201201,0 days 00:00:01.681201201
0 days 00:00:00.390000,0 days 00:00:00.490000,answer1,2.2665353,-9.505749,21.930006,0.031876903,-0.02099059,0.23053253,16.121576,-20.696169,0.72234607,-26.770864,0.0,0.0,0.0,0.0,0.0,0.0,486.59848,1080.6738,-131.24,1706.2452,1129.6188,-135.75053,2353.0645,1185.1356,-134.76996,0 days 00:00:01.591201201,0 days 00:00:01.691201201
0 days 00:00:00.400000,0 days 00:00:00.500000,answer1,2.4429462,-8.257928,20.658339,0.030349724,-0.019444916,0.24122094,16.566679,-24.82109,-2.495142,-26.040604,37.33861,0.0,0.0,2.846604,4.2752028,11.428911,496.93777,1080.5718,-60.127193,1662.7648,1166.9984,-69.303856,2316.7805,977.15796,-67.74647,0 days 00:00:01.601201201,0 days 00:00:01.701201201
0 days 00:00:00.410000,0 days 00:00:00.510000,answer1,2.5157886,-7.7168612,20.53489,0.026393605,-0.017040627,0.25654438,17.245132,-27.169031,-5.370935,-25.005945,37.163223,0.0,0.0,3.2390492,2.2922077,10.0093775,514.8435,1019.72015,12.60465,1633.7443,857.20465,1.1738459,2543.7297,812.5071,2.5952733,0 days 00:00:01.611201201,0 days 00:00:01.711201201
0 days 00:00:00.420000,0 days 00:00:00.520000,answer1,2.5036964,-7.77636,21.70231,0.021744015,-0.014033366,0.26795968,18.643595,-27.32225,-7.695456,-24.20775,36.81795,0.0,0.0,4.289326,-1.95545,8.0153265,538.6807,1064.0114,14.284963,1644.8549,915.02374,7.362957,2592.193,728.0881,6.2696357,0 days 00:00:01.621201201,0 days 00:00:01.721201201
0 days 00:00:00.430000,0 days 00:00:00.530000,answer1,2.435946,-8.241538,23.749193,0.021394147,-0.012726215,0.27866462,20.691742,-25.38125,-9.449845,-24.103643,36.696808,0.0,3.1308217,5.932305,-5.990763,3.28627,528.08466,1133.0873,12.460529,1553.6881,1124.2413,11.2599325,2428.6248,884.62134,9.17426,0 days 00:00:01.631201201,0 days 00:00:01.731201201
0 days 00:00:00.440000,0 days 00:00:00.540000,answer1,2.3415473,-8.915427,26.356882,0.021279885,-0.012971468,0.28582788,22.823593,-22.179708,-10.573971,-24.55884,36.467045,0.052932583,2.6199667,6.6114726,-7.753506,2.3497121,522.8023,1233.3408,8.226181,1485.3555,1386.4662,6.3998184,2263.5193,1140.2213,5.8764687,0 days 00:00:01.641201201,0 days 00:00:01.741201201
0 days 00:00:00.450000,0 days 00:00:00.550000,answer1,2.2457228,-9.707465,29.03501,0.02118352,-0.014405432,0.2934622,24.534317,-18.75413,-10.870361,-24.775988,36.03806,0.040983684,2.271499,6.4647746,-6.443157,5.492592,493.11667,1302.853,5.0242677,1346.4818,1542.1901,2.4855456,2061.906,1283.6617,-0.4683237,0 days 00:00:01.651201201,0 days 00:00:01.751201201
0 days 00:00:00.460000,0 days 00:00:00.560000,answer1,2.1630409,-10.630213,30.805124,0.019228498,-0.015802564,0.29530343,25.696402,-15.705601,-10.360859,-24.294752,35.55405,0.02259391,1.0959986,5.761906,-3.8947363,11.835071,512.9594,1377.6542,4.27681,1345.8784,1889.695,-1.7214047,1979.1486,1344.9458,-8.266225,0 days 00:00:01.661201201,0 days 00:00:01.761201201
0 days 00:00:00.470000,0 days 00:00:00.570000,answer1,2.0904293,-11.673167,32.077976,0.016160008,-0.017172018,0.2829357,26.410187,-12.997067,-9.2474375,-23.059708,34.986782,0.013475719,0.7741256,5.1192265,-2.3499959,16.97777,523.1164,1358.9232,3.3247185,1402.9336,1727.3066,-3.6926556,2170.1338,1109.3969,-15.136945,0 days 00:00:01.671201201,0 days 00:00:01.771201201
0 days 00:00:00.480000,0 days 00:00:00.580000,answer1,2.0119193,-12.743922,33.062016,0.012880794,-0.018423473,0.26162115,26.724516,-10.29504,-7.769469,-21.368517,34.453033,0.01669617,0.6752362,4.9028816,-2.656514,18.163492,523.2867,1360.7526,0.8110345,1454.5682,1696.2719,-6.9946694,2255.742,1369.3292,-18.836351,0 days 00:00:01.681201201,0 days 00:00:01.781201201
0 days 00:00:00.490000,0 days 00:00:00.590000,answer1,1.9156538,-13.767354,34.145573,0.008725102,-0.019574335,0.23256958,26.617079,-7.5128493,-5.8964515,-19.538126,33.93663,0.017549539,0.73688245,5.3264694,-4.228546,19.222551,495.08102,1272.4526,-2.5477898,1474.3174,1220.7081,-8.955559,2479.213,1162.859,-22.546272,0 days 00:00:01.691201201,0 days 00:00:01.791201201
0 days 00:00:00.500000,0 days 00:00:00.600000,answer1,1.8027171,-14.778592,34.149178,0.0061926506,-0.020140514,0.20878495,26.09687,-4.8029027,-3.4983428,-17.934326,33.602932,0.018465705,0.9763058,5.935089,-6.236239,18.40826,463.35434,1229.5481,-5.2779937,1411.96,1164.3599,-8.8054495,2427.1267,1136.4004,-23.686255,0 days 00:00:01.701201201,0 days 00:00:01.801201201
0 days 00:00:00.510000,0 days 00:00:00.610000,answer1,1.6841923,-15.880664,33.156334,0.0036929308,-0.020441288,0.18962447,25.345835,-2.3177044,-0.62298054,-16.964193,33.361866,0.015091579,0.7448151,5.9684544,-8.042175,18.408922,456.07666,1154.4191,-6.5122566,1411.099,1053.8281,-9.934558,2480.6145,726.0703,-24.921179,0 days 00:00:01.711201201,0 days 00:00:01.811201201
0 days 00:00:00.520000,0 days 00:00:00.620000,answer1,1.5768436,-17.047064,31.974516,0.0013914015,-0.019677943,0.18327336,24.612715,-0.15631314,2.2750204,-16.849977,33.214466,0.01579784,0.86728716,6.1846066,-8.396407,16.643621,451.5222,1123.7236,-7.320658,1420.2281,1059.3307,-16.086546,2464.0554,692.2388,-23.96428,0 days 00:00:01.721201201,0 days 00:00:01.821201201
0 days 00:00:00.530000,0 days 00:00:00.630000,answer1,1.5012516,-18.050737,31.619162,-0.0018994664,-0.018131325,0.17829175,24.042444,1.4324178,4.642912,-17.373194,33.144733,0.011740215,0.4526925,7.284723,-7.2430115,15.653996,455.611,1172.2621,-7.5009513,1438.2924,1123.8246,-21.934717,2465.5781,682.2917,-23.154947,0 days 00:00:01.731201201,0 days 00:00:01.831201201
0 days 00:00:00.540000,0 days 00:00:00.640000,answer1,1.477399,-18.579456,31.389816,-0.007673018,-0.016418274,0.16115756,23.600908,2.082753,6.469793,-18.102297,33.23231,0.011477727,1.1900219,8.9912615,-5.1585255,15.217847,483.18787,1270.652,-6.334057,1527.1862,1223.1017,-26.787252,2503.8757,715.52344,-22.445974,0 days 00:00:01.741201201,0 days 00:00:01.841201201
0 days 00:00:00.550000,0 days 00:00:00.650000,answer1,1.5134634,-18.468397,30.881395,-0.012725626,-0.015352215,0.15541513,23.139505,1.533536,8.01621,-18.964771,33.34961,0.013522327,1.0444173,10.307758,-3.3834438,16.783373,490.5685,1305.674,-4.979632,1584.3213,1234.1505,-27.614851,2528.052,799.3946,-23.51622,0 days 00:00:01.751201201,0 days 00:00:01.851201201
0 days 00:00:00.560000,0 days 00:00:00.660000,answer1,1.594932,-17.865963,29.893143,-0.015727898,-0.015520908,0.17054266,22.657701,0.09327078,9.721511,-20.021135,33.450905,0.0131621165,1.2162825,10.943677,-2.9652872,18.601114,487.06992,1312.5796,-4.6146245,1565.666,1326.7021,-25.755074,2400.4607,979.37616,-24.968954,0 days 00:00:01.761201201,0 days 00:00:01.861201201
0 days 00:00:00.570000,0 days 00:00:00.670000,answer1,1.6911052,-17.10601,28.39974,-0.014791194,-0.016512929,0.20775776,22.20141,-1.6448334,11.701711,-21.390074,33.491123,0.009914908,0.5716915,11.085633,-3.7908652,18.718199,465.03336,1219.4479,-5.0552115,1554.0897,1259.7865,-24.43213,2400.0535,1064.3833,-24.632559,0 days 00:00:01.771201201,0 days 00:00:01.871201201
0 days 00:00:00.580000,0 days 00:00:00.680000,answer1,1.7724138,-16.480104,26.57001,-0.013758253,-0.017531814,0.22731422,21.819532,-3.0129178,13.9542265,-22.891428,33.463356,0.009403312,0.4534335,11.054662,-5.2568073,16.673716,455.10718,1131.0542,-5.3917446,1556.806,1145.2665,-21.944624,2386.3757,1027.1387,-22.06546,0 days 00:00:01.781201201,0 days 00:00:01.881201201
0 days 00:00:00.590000,0 days 00:00:00.690000,answer1,1.8226963,-16.098206,24.773,-0.01284207,-0.018030984,0.21892433,21.431303,-3.6725123,16.113707,-24.519064,33.3837,0.007225806,0.5234507,10.890977,-6.953407,14.335284,449.1685,1072.8873,-5.059006,1560.4694,1021.73193,-21.671333,2429.382,948.13794,-19.394289,0 days 00:00:01.791201201,0 days 00:00:01.891201201
0 days 00:00:00.600000,0 days 00:00:00.700000,answer1,1.8366128,-15.93053,24.031744,-0.013534031,-0.018644506,0.18610336,20.966867,-3.570239,17.749006,-26.132288,33.267056,0.010888805,0.48964977,10.790043,-8.704956,12.407313,439.11777,992.30743,-5.079453,1545.9364,916.26587,-20.714676,2377.286,820.25494,-17.486767,0 days 00:00:01.801201201,0 days 00:00:01.901201201
0 days 00:00:00.610000,0 days 00:00:00.710000,answer1,1.8101454,-15.939949,24.475641,-0.014508628,-0.019394614,0.15882564,20.398338,-2.9520996,18.633871,-27.476303,33.156925,0.007345623,0.72684807,10.9625845,-10.268418,10.71704,434.62564,1020.01495,-5.31748,1480.1309,996.7581,-20.332056,2310.4795,848.22723,-16.034521,0 days 00:00:01.811201201,0 days 00:00:01.911201201
0 days 00:00:00.620000,0 days 00:00:00.720000,answer1,1.7387503,-16.134825,25.26207,-0.014790828,-0.020338317,0.16422445,19.746252,-2.1427138,18.836273,-28.16345,33.076336,0.009529938,0.5507565,11.186086,-11.56907,9.24882,441.6401,976.74097,-5.489281,1569.4545,895.313,-19.345165,2441.058,757.14874,-14.738102,0 days 00:00:01.821201201,0 days 00:00:01.921201201
0 days 00:00:00.630000,0 days 00:00:00.730000,answer1,1.6247697,-16.567556,26.16346,-0.01349245,-0.020521494,0.20480649,19.057001,-1.3333875,18.425154,-27.939482,33.03744,0.0043568877,0.5250963,11.198703,-12.57241,8.665793,448.15076,1000.51434,-5.6264076,1598.3812,885.8851,-18.874659,2516.0574,773.1159,-14.292201,0 days 00:00:01.831201201,0 days 00:00:01.931201201
0 days 00:00:00.640000,0 days 00:00:00.740000,answer1,1.4906478,-17.210356,27.33377,-0.0117069185,-0.020914877,0.24330904,18.491486,-0.64798826,17.239052,-26.8547,33.028076,0.0068218224,0.31026074,10.640898,-13.076308,8.033443,455.24155,974.90576,-5.8212166,1669.0107,786.48706,-18.3089,2632.4656,681.2996,-13.85466,0 days 00:00:01.841201201,0 days 00:00:01.941201201
0 days 00:00:00.650000,0 days 00:00:00.750000,answer1,1.3831115,-17.7395,29.22011,-0.010298413,-0.021460988,0.24875565,18.256573,-0.6422189,14.761077,-25.26789,33.04687,0.004434048,0.276154,9.85802,-12.364903,7.2670517,456.81763,971.47943,-5.6163764,1670.0748,786.02094,-19.140783,2622.7146,676.5677,-12.883428,0 days 00:00:01.851201201,0 days 00:00:01.951201201
0 days 00:00:00.660000,0 days 00:00:00.760000,answer1,1.3457308,-17.713343,31.22906,-0.009910571,-0.021377524,0.22117043,18.436375,-1.9240204,11.064693,-23.584702,33.137234,0.005601021,0.29074144,9.057204,-9.654611,9.057104,468.50504,1024.3505,-2.208091,1678.5951,851.81573,-19.628788,2607.164,701.51105,-13.029438,0 days 00:00:01.861201201,0 days 00:00:01.961201201
0 days 00:00:00.670000,0 days 00:00:00.770000,answer1,1.3902496,-16.944061,32.237446,-0.010294415,-0.02032936,0.18432915,18.844774,-4.6875257,6.73809,-22.195528,32.641018,0.0036730366,0.69783854,8.678832,-7.617889,10.702754,493.41357,1097.847,1.5329169,1708.648,937.85345,-18.776224,2615.7178,746.89795,-13.289807,0 days 00:00:01.871201201,0 days 00:00:01.971201201
0 days 00:00:00.680000,0 days 00:00:00.780000,answer1,1.4903451,-15.684434,32.028324,-0.012933356,-0.018516365,0.15936875,19.108389,-8.415605,2.7883508,-21.320557,32.197155,0.009118386,1.6804523,8.749137,-5.6138597,12.546063,510.53357,1123.9296,3.689518,1685.2155,1014.6232,-17.106798,2607.869,773.70245,-14.470407,0 days 00:00:01.881201201,0 days 00:00:01.981201201
0 days 00:00:00.690000,0 days 00:00:00.790000,answer1,1.6079749,-14.343535,31.207335,-0.0144815715,-0.016993476,0.14736146,18.986427,-12.346925,-0.22866575,-21.054174,31.69287,0.017674675,1.9135882,9.213757,-5.0642223,10.19663,528.4945,1120.6808,1.1318895,1676.7457,1072.9398,-15.314324,2646.9495,785.97626,-14.1289625,0 days 00:00:01.891201201,0 days 00:00:01.991201201
0 days 00:00:00.700000,0 days 00:00:00.800000,answer1,1.7109658,-13.192096,30.440796,-0.015784916,-0.015795624,0.13376999,18.536858,-15.662572,-2.0758572,-21.031797,31.774832,0.02013103,1.9967293,9.561637,-5.586943,6.125866,540.01855,1074.9965,-2.1578467,1668.87,1065.107,-13.839745,2655.6638,767.1633,-13.870655,0 days 00:00:01.901201201,0 days 00:00:02.001201201
0 days 00:00:00.710000,0 days 00:00:00.810000,answer1,1.7764735,-12.347665,29.736155,-0.017066745,-0.01473904,0.12167013,18.042183,-17.623087,-2.7182167,-20.593626,31.786554,0.02264175,1.6116596,9.629405,-7.661696,1.6462097,551.2489,1031.0011,-3.5518377,1692.6698,1048.5651,-11.941959,2659.564,770.2532,-12.859744,0 days 00:00:01.911201201,0 days 00:00:02.011201201
0 days 00:00:00.720000,0 days 00:00:00.820000,answer1,1.794473,-11.8571615,29.260763,-0.016375756,-0.014078106,0.12525237,17.729036,-17.979494,-2.5207856,-19.337757,31.806677,0.017201386,1.4540266,9.548575,-9.35709,-1.5156053,555.15546,982.23676,-2.9229052,1695.6245,963.0293,-9.865167,2644.5183,726.98224,-10.76439,0 days 00:00:01.921201201,0 days 00:00:02.021201201
0 days 00:00:00.730000,0 days 00:00:00.830000,answer1,1.7771934,-11.705715,28.744295,-0.012747706,-0.014653903,0.14814539,17.755217,-17.07891,-2.0232842,-17.513186,31.860342,0.01443758,0.9591282,9.401331,-8.228797,-1.905673,558.8737,978.2591,-2.5021014,1692.985,945.72314,-8.263562,2640.7925,716.1306,-8.825225,0 days 00:00:01.931201201,0 days 00:00:02.031201201
0 days 00:00:00.740000,0 days 00:00:00.840000,answer1,1.7518879,-11.817497,28.126434,-0.006723612,-0.016455382,0.17174186,18.052391,-15.759416,-1.6985074,-16.102646,31.96762,0.008144669,0.9440198,9.226384,-4.7216644,-0.16186984,578.88824,1043.3387,-1.398393,1698.4938,925.3472,-8.212189,2666.9006,662.44684,-7.8448524,0 days 00:00:01.941201201,0 days 00:00:02.041201201
0 days 00:00:00.750000,0 days 00:00:00.850000,answer1,1.7374119,-12.104558,26.995005,-0.003184077,-0.018358039,0.17274712,18.45777,-14.606155,-1.3868126,-15.878131,32.10164,0.0053045177,0.9664112,8.85642,-1.1410236,2.6738904,561.37103,995.805,-2.6821213,1644.3727,917.7276,-9.543626,2612.4558,667.0961,-8.3837,0 days 00:00:01.951201201,0 days 00:00:02.051201201
0 days 00:00:00.760000,0 days 00:00:00.860000,answer1,1.7309774,-12.528548,26.006636,-0.0006090172,-0.01989106,0.15539764,18.804937,-13.683637,-0.69575256,-17.121283,32.20351,0.004931028,1.2001824,7.626971,1.4741265,5.263008,542.6679,961.17426,-3.909352,1616.264,943.062,-9.7199335,2566.6892,721.2422,-9.584899,0 days 00:00:01.961201201,0 days 00:00:02.061201201
0 days 00:00:00.770000,0 days 00:00:00.870000,answer1,1.7165351,-13.105586,25.573523,0.0034192612,-0.020806598,0.14287837,19.08816,-12.564914,0.6255427,-19.386757,32.046146,0.005156558,1.0753245,5.9497685,1.9080018,5.140862,526.16766,948.7378,-7.758637,1642.9784,970.15936,-10.051739,2559.958,792.02216,-10.991497,0 days 00:00:01.971201201,0 days 00:00:02.071201201
0 days 00:00:00.780000,0 days 00:00:00.880000,answer1,1.6833445,-13.8420515,25.997633,0.007855543,-0.021558912,0.14490193,19.371841,-10.858932,2.4650805,-21.708147,31.144676,0.005789491,1.3908367,4.143562,0.21756823,3.7978032,537.14355,1023.23706,-8.418278,1728.7167,1013.10834,-10.684649,2595.8616,872.0391,-11.930908,0 days 00:00:01.981201201,0 days 00:00:02.081201201
0 days 00:00:00.790000,0 days 00:00:00.890000,answer1,1.6328391,-14.664753,27.404379,0.01091864,-0.021649176,0.15078276,19.601713,-8.6994095,4.4884562,-23.255592,30.798903,0.009631231,1.2920146,3.5056221,-0.7307771,1.9505538,536.31305,1068.1036,-7.8529763,1748.8263,1037.2233,-13.48032,2593.7566,859.11066,-10.466702,0 days 00:00:01.991201201,0 days 00:00:02.091201201
0 days 00:00:00.800000,0 days 00:00:00.900000,answer1,1.5732921,-15.436356,28.663553,0.009696645,-0.021528428,0.14437322,19.652672,-6.499579,6.389208,-23.844637,30.473404,0.045106366,0.7863651,3.9165542,-0.9224517,3.9301503,514.1905,1079.5074,-3.9713519,1698.5918,1067.4498,-15.369191,2547.5059,831.7302,-8.75635,0 days 00:00:02.001201201,0 days 00:00:02.101201201
0 days 00:00:00.810000,0 days 00:00:00.910000,answer1,1.5083109,-16.073486,29.075256,0.0060987696,-0.020802498,0.12910794,19.40428,-4.586905,8.040205,-24.001402,30.714476,0.08058149,0.2807155,4.724361,-0.48734322,7.2490106,493.271,1090.0079,0.23399337,1622.5939,1087.9606,-16.454435,2502.718,749.0535,-7.50236,0 days 00:00:02.011201201,0 days 00:00:02.111201201
0 days 00:00:00.820000,0 days 00:00:00.920000,answer1,1.4335939,-16.631172,28.559164,0.00097283674,-0.019472387,0.117837854,18.807516,-2.9843657,9.473907,-24.090185,30.378027,0.11421806,0.0579616,5.59693,-1.5843607,11.920692,476.3025,1096.254,4.9110627,1571.8959,1075.9512,-14.256497,2483.9856,687.967,-8.593989,0 days 00:00:02.021201201,0 days 00:00:02.121201201
0 days 00:00:00.830000,0 days 00:00:00.930000,answer1,1.3412424,-17.298758,28.187445,-0.0017676308,-0.017684788,0.10979864,17.902052,-1.6200131,10.730797,-23.970222,30.215578,0.09549276,0.46447834,6.369499,-2.8921769,14.595787,491.86722,1166.8992,7.8758316,1594.4308,1082.2462,-13.252425,2508.9568,653.9809,-9.612132,0 days 00:00:02.031201201,0 days 00:00:02.131201201
0 days 00:00:00.840000,0 days 00:00:00.940000,answer1,1.2285204,-18.291569,28.714071,-0.002216804,-0.015924497,0.10572212,16.784206,-0.46232638,11.657735,-23.250069,30.202606,0.07676747,0.87099504,7.3419175,-2.936889,13.181972,490.16797,1185.859,9.897634,1599.8452,1086.1167,-11.488452,2504.6016,644.9609,-6.2212257,0 days 00:00:02.041201201,0 days 00:00:02.141201201
0 days 00:00:00.850000,0 days 00:00:00.950000,answer1,1.1021187,-19.705534,30.347382,-0.0010807883,-0.014334798,0.09803363,15.628276,0.51219344,12.068817,-21.834646,30.149551,0.058042157,1.2775118,8.325719,-1.4675746,14.797948,489.15543,1254.2072,10.547076,1571.8448,1145.4196,-11.828197,2492.7957,646.2375,-5.718447,0 days 00:00:02.051201201,0 days 00:00:02.151201201
0 days 00:00:00.860000,0 days 00:00:00.960000,answer1,0.9736708,-21.45643,33.19356,-0.000120238845,-0.013173401,0.086840115,14.598458,1.4231247,11.846772,-20.200327,30.11914,0.04503319,1.3882049,9.141715,1.0331726,13.420653,455.39658,1240.904,10.814941,1481.4125,1147.1674,-11.333365,2433.5862,639.1584,-1.5725392,0 days 00:00:02.061201201,0 days 00:00:02.161201201
0 days 00:00:00.870000,0 days 00:00:00.970000,answer1,0.8541286,-23.357597,35.755695,-0.0011509532,-0.012162472,0.073777534,13.817142,2.45466,11.199825,-18.840822,30.054956,0.03799221,1.1046712,9.611203,3.6858113,17.786434,446.45328,1262.8724,10.269859,1446.6235,1146.8145,-9.517756,2411.1152,668.1429,-3.8307638,0 days 00:00:02.071201201,0 days 00:00:02.171201201
0 days 00:00:00.880000,0 days 00:00:00.980000,answer1,0.7499931,-25.21025,37.489933,-0.0023958602,-0.011844295,0.063836046,13.118454,3.5220711,10.293756,-18.050858,30.034758,0.019223692,1.084138,9.856126,5.012917,18.820063,450.69296,1257.1333,10.591012,1474.3662,1154.0157,-8.201874,2410.6868,766.4733,-3.216133,0 days 00:00:02.081201201,0 days 00:00:02.181201201
0 days 00:00:00.890000,0 days 00:00:00.990000,answer1,0.6679644,-26.732155,38.083385,-0.004002974,-0.011457856,0.0561251,12.19913,4.165858,9.439469,-17.432215,30.00772,0.019327909,0.82141167,9.856966,5.4589424,21.780493,453.02792,1268.0032,-59.90597,1489.659,1145.7421,-71.33504,2426.0,834.99756,-70.787,0 days 00:00:02.091201201,0 days 00:00:02.191201201
0 days 00:00:00.900000,0 days 00:00:01,answer1,0.6209988,-27.620607,38.44683,-0.0039868075,-0.011435311,0.051451836,11.446625,4.376653,8.867836,-17.064142,0.0,0.0,0.0,0.0,0.0,0.0,452.16696,1299.4143,-130.18344,1487.3529,1148.5212,-136.23705,2439.9404,862.98926,-136.01027,0 days 00:00:02.101201201,0 days 00:00:02.201201201
0 days 00:00:00.900000,0 days 00:00:01.001020408,answer1,0.6028948,-27.941427,38.64131,-0.0041656303,-0.01133073,0.048539404,10.969981,4.2703037,8.621974,-16.802296,0.0,0.0,0.0,0.0,0.0,0.0,441.0488,1313.7126,-201.0,1468.86,1098.7358,-201.0,2446.4553,836.3413,-201.0,0 days 00:00:02.101201201,0 days 00:00:02.202221609
0 days 00:00:00,0 days 00:00:00.100000,answer2,1.0719078,-22.589678,36.45812,-0.0023102872,-0.0165473,0.037524454,21.779663,7.5620346,2.666754,-21.437002,29.254196,0.0,0.0,9.502711,-2.568797,17.003084,500.71082,1251.198,-0.11476827,1542.5465,1340.0833,-20.42372,2476.0938,854.18384,-20.538275,0 days 00:00:06.306306306,0 days 00:00:06.406306306
0 days 00:00:00.010000,0 days 00:00:00.110000,answer2,1.1343626,-21.947615,36.090168,-0.0021757914,-0.017874217,0.08091969,22.522955,6.875197,2.376959,-22.176874,29.148293,0.0,0.0,9.552868,-2.4293468,19.130346,505.52493,1240.0294,-0.052043576,1540.1842,1334.3981,-20.042257,2491.293,855.4512,-22.463362,0 days 00:00:06.316306306,0 days 00:00:06.416306306
0 days 00:00:00.020000,0 days 00:00:00.120000,answer2,1.2260326,-21.034689,35.613583,-0.0022189214,-0.019757926,0.12504846,23.541594,5.675669,1.8607415,-23.449987,28.939041,0.0,0.0,9.514636,-2.1888964,20.141733,531.9138,1357.7197,0.16487525,1284.9261,3287.3293,-13.319283,2229.5654,1041.5427,-23.388847,0 days 00:00:06.326306306,0 days 00:00:06.426306306
0 days 00:00:00.030000,0 days 00:00:00.130000,answer2,1.3094617,-20.239828,35.126705,-0.0020176445,-0.021395525,0.1270472,24.278006,4.2566886,1.1514586,-24.925985,28.70458,0.0,0.0,9.13523,-1.9239845,20.807455,520.1333,1282.0573,-0.7560246,1233.1215,3348.987,-12.675778,2175.1047,1114.9702,-24.468225,0 days 00:00:06.336306306,0 days 00:00:06.436306306
0 days 00:00:00.040000,0 days 00:00:00.140000,answer2,1.3766187,-19.608778,34.65309,-0.001444711,-0.022582104,0.127172,24.593435,2.9394007,0.1910177,-26.304441,28.515472,0.047958177,1.9511027,7.904297,-1.3029754,19.818134,520.4885,1362.4038,0.36068323,1223.5148,3371.9685,-11.259921,2220.3254,1093.6874,-23.516825,0 days 00:00:06.346306306,0 days 00:00:06.446306306
0 days 00:00:00.050000,0 days 00:00:00.150000,answer2,1.4232044,-19.201689,34.246826,-0.00018083274,-0.02299233,0.13338521,24.612265,1.9577776,-0.8490171,-27.199701,28.352495,0.03469427,1.5621859,6.205464,0.39541706,19.706182,492.85498,1235.682,2.6733086,1447.5443,1389.6127,-15.458255,2487.59,861.67706,-22.763535,0 days 00:00:06.356306306,0 days 00:00:06.456306306
0 days 00:00:00.060000,0 days 00:00:00.160000,answer2,1.4532518,-19.06671,34.049442,0.0012483408,-0.022255838,0.14784436,24.659555,1.4789416,-1.6162404,-27.33838,29.731695,0.02157362,0.8263282,4.830277,-2.6472304,18.110243,482.65073,1197.9132,6.8411655,1402.068,1270.0614,-13.720894,2502.967,759.1149,-19.433092,0 days 00:00:06.366306306,0 days 00:00:06.466306306
0 days 00:00:00.070000,0 days 00:00:00.170000,answer2,1.4764644,-19.21636,34.008713,0.0017493895,-0.02203241,0.14884822,25.00975,1.5867265,-1.7677321,-26.858727,28.19197,0.008166452,0.78435224,3.8514414,-3.7116673,15.538545,487.98434,1133.4178,7.59891,1420.5659,1255.382,-12.756832,2487.4358,800.38965,-17.92117,0 days 00:00:06.376306306,0 days 00:00:06.476306306
0 days 00:00:00.080000,0 days 00:00:00.180000,answer2,1.5013977,-19.54526,33.85377,0.0015663892,-0.023093903,0.14950146,25.626348,2.1331933,-1.2335234,-26.394445,26.721308,0.09087631,1.4898108,3.6786492,-6.9532094,11.3456955,486.91663,2289.548,5.8778186,1172.3881,1370.109,-7.9669647,2280.9646,1052.9451,-16.375937,0 days 00:00:06.386306306,0 days 00:00:06.486306306
0 days 00:00:00.090000,0 days 00:00:00.190000,answer2,1.528514,-19.871216,33.722134,0.0005142305,-0.025090111,0.14536344,26.257212,2.8252842,-0.21203184,-26.51699,23.742424,0.17358617,2.1952693,3.4166327,-5.238114,10.569832,526.85767,2342.6926,2.3782508,1372.3477,1385.0768,-9.221239,2482.6924,1484.4238,-19.07567,0 days 00:00:06.396306306,0 days 00:00:06.496306306
0 days 00:00:00.100000,0 days 00:00:00.200000,answer2,1.550118,-20.014776,33.75487,-0.0016246239,-0.027457386,0.14610678,26.653666,3.4297154,0.9233251,-27.111298,23.728247,0.25629604,2.900728,3.6934192,-4.1234684,12.802398,614.03107,2382.2102,1.9737695,1492.8344,1362.3755,-11.06646,2509.961,1463.5381,-20.49544,0 days 00:00:06.406306306,0 days 00:00:06.506306306
0 days 00:00:00.110000,0 days 00:00:00.210000,answer2,1.5559613,-19.97158,34.152782,-0.005004439,-0.028705949,0.1426174,26.775934,3.8866775,1.8998991,-27.544136,23.7518,0.17119658,2.1586673,3.8406162,-0.6960749,17.589912,632.9095,1284.295,3.300418,1756.5283,1428.4652,-16.988707,2706.2854,1274.4442,-21.959784,0 days 00:00:06.416306306,0 days 00:00:06.516306306
0 days 00:00:00.120000,0 days 00:00:00.220000,answer2,1.5424137,-19.862938,34.74841,-0.008085408,-0.029088521,0.14581312,26.698206,4.224913,2.5240896,-27.334747,23.814322,0.09059849,1.3359979,3.641142,2.906208,20.20134,659.9811,1361.7252,3.053661,1695.7764,1472.4564,-19.009722,2567.6697,865.2692,-20.686918,0 days 00:00:06.426306306,0 days 00:00:06.526306306
0 days 00:00:00.130000,0 days 00:00:00.230000,answer2,1.5155706,-19.81331,35.30836,-0.009210992,-0.028084418,0.15561688,26.465141,4.4384146,2.719568,-26.578636,23.904795,0.01000037,0.51332855,2.8750827,4.423509,22.408426,582.5279,1358.745,3.3422387,1574.1625,1697.9491,-17.91826,2476.363,941.9785,-21.376749,0 days 00:00:06.436306306,0 days 00:00:06.536306306
0 days 00:00:00.140000,0 days 00:00:00.240000,answer2,1.4863806,-19.827875,35.614326,-0.008230735,-0.02649563,0.15607356,26.085457,4.509235,2.5670872,-25.672255,24.169363,0.011721626,0.8914139,2.1622272,4.3999763,22.13543,602.39435,1381.4594,2.7095973,1564.5638,1971.5186,-17.75204,2436.9924,977.09863,-21.18196,0 days 00:00:06.446306306,0 days 00:00:06.546306306
0 days 00:00:00.150000,0 days 00:00:00.250000,answer2,1.4646168,-19.826872,35.636494,-0.0047787563,-0.025668608,0.14641874,25.633001,4.490339,2.2331917,-24.836573,24.381731,0.007432668,1.568515,2.1549578,3.9824073,22.12214,569.7614,1323.9786,3.526428,1549.9305,1986.5026,-17.491621,2391.9128,1047.8809,-21.198526,0 days 00:00:06.456306306,0 days 00:00:06.556306306
0 days 00:00:00.160000,0 days 00:00:00.260000,answer2,1.4535093,-19.764559,35.44481,-0.00044361348,-0.024341404,0.14126284,25.307825,4.496837,1.9420325,-24.087332,24.52844,0.0031437103,2.245616,2.8994782,3.7742682,21.499384,571.3459,1305.8453,3.0693634,1580.6957,1986.4591,-19.487103,2378.4053,1050.2797,-19.566383,0 days 00:00:06.466306306,0 days 00:00:06.566306306
0 days 00:00:00.170000,0 days 00:00:00.270000,answer2,1.4520565,-19.67568,35.317997,0.002444658,-0.023311595,0.13955598,25.279495,4.5721793,1.8107023,-23.33098,24.46904,0.014071462,2.079409,3.4216588,3.781908,23.091263,566.58844,1291.9202,3.075518,1695.6473,1663.728,-20.716036,2466.966,1082.4624,-19.752016,0 days 00:00:06.476306306,0 days 00:00:06.576306306
0 days 00:00:00.180000,0 days 00:00:00.280000,answer2,1.4572703,-19.623487,35.29672,0.0013657082,-0.021710584,0.13464184,25.528952,4.599043,1.8860153,-22.608103,24.417572,0.026508085,1.6947945,3.6005237,4.434408,24.336466,539.841,1271.7388,3.1985137,1583.6449,1729.6084,-19.535307,2411.0051,1049.536,-20.08773,0 days 00:00:06.486306306,0 days 00:00:06.586306306
0 days 00:00:00.190000,0 days 00:00:00.290000,answer2,1.4660829,-19.624393,35.41403,-0.002302102,-0.021139523,0.11997246,25.827806,4.477663,2.1583955,-22.035683,24.368204,0.03894471,1.3101802,3.5794697,6.079923,25.650053,560.658,1362.1064,3.555003,1615.8439,1555.516,-18.645851,2503.259,981.51953,-20.86573,0 days 00:00:06.496306306,0 days 00:00:06.596306306
0 days 00:00:00.200000,0 days 00:00:00.300000,answer2,1.4772673,-19.60093,35.363693,-0.0055374615,-0.021110674,0.10605973,25.931473,4.2992415,2.456381,-21.696978,24.325293,0.054552853,0.9231188,3.3515193,9.132352,26.013937,543.8825,1338.5269,4.3661246,1563.5952,1620.152,-17.766382,2438.9778,994.2746,-20.649937,0 days 00:00:06.506306306,0 days 00:00:06.606306306
0 days 00:00:00.210000,0 days 00:00:00.310000,answer2,1.4897054,-19.511156,35.045666,-0.00956791,-0.021306694,0.09702611,25.81729,4.2846985,2.5980833,-21.640259,24.297813,0.08485713,0.5868013,2.9004695,12.697869,25.799286,541.7497,1316.2358,5.7906413,1620.6616,1539.9883,-17.81599,2501.472,1077.1162,-19.648117,0 days 00:00:06.516306306,0 days 00:00:06.616306306
0 days 00:00:00.220000,0 days 00:00:00.320000,answer2,1.5046417,-19.37882,34.478317,-0.010462676,-0.022113115,0.09338603,25.622658,4.521954,2.4724033,-21.85553,24.299784,0.11516141,0.25048378,2.2581372,15.74522,24.78029,585.47345,1264.2828,5.2761617,1666.8568,1423.8363,-17.896421,2541.9124,1037.9564,-18.144125,0 days 00:00:06.526306306,0 days 00:00:06.626306306
0 days 00:00:00.230000,0 days 00:00:00.330000,answer2,1.5229651,-19.30324,33.884384,-0.009941291,-0.023188004,0.1112233,25.531754,4.868179,2.2151573,-22.400923,24.304464,0.12209057,0.9120579,1.9148664,17.0332,24.288748,594.5313,1301.3037,5.7413774,1738.7733,1445.1724,-18.3046,2567.8147,1120.1244,-17.604687,0 days 00:00:06.536306306,0 days 00:00:06.636306306
0 days 00:00:00.240000,0 days 00:00:00.340000,answer2,1.54542,-19.33826,33.539867,-0.00589544,-0.02443657,0.13712287,25.605776,5.059838,2.058693,-23.28578,24.31602,0.081292905,1.3144954,1.9793776,16.831373,24.52288,588.72266,1463.248,5.7794456,1568.9579,1572.3759,-13.9526,2410.804,1081.3479,-18.003012,0 days 00:00:06.546306306,0 days 00:00:06.646306306
0 days 00:00:00.250000,0 days 00:00:00.350000,answer2,1.5731739,-19.433146,33.538174,-0.00500467,-0.025617605,0.15849741,25.821274,4.907299,2.0785964,-24.473577,24.303665,0.059032664,1.9849449,2.123622,16.028536,24.808601,520.752,1422.7845,7.771684,1629.2642,1624.5192,-13.875457,2254.0837,1867.9017,-18.180511,0 days 00:00:06.556306306,0 days 00:00:06.656306306
0 days 00:00:00.260000,0 days 00:00:00.360000,answer2,1.6069312,-19.508036,33.883987,-0.003653481,-0.026575333,0.14919059,26.116486,4.4956536,2.175985,-25.83053,24.257833,0.049789634,1.9448401,2.1760657,15.757771,24.868158,497.15732,1482.6357,8.61719,1415.498,1573.5107,-12.546005,2140.2024,1769.2421,-17.730844,0 days 00:00:06.566306306,0 days 00:00:06.666306306
0 days 00:00:00.270000,0 days 00:00:00.370000,answer2,1.6444278,-19.503141,34.343952,-0.0030177122,-0.027181065,0.129417,26.396368,4.112038,2.2486527,-27.070618,24.175417,0.07213753,1.9339014,1.9717203,14.9968,24.98655,502.36877,1339.9912,9.907769,1545.0609,1563.1761,-16.677954,2213.1165,1751.6305,-16.970207,0 days 00:00:06.576306306,0 days 00:00:06.676306306
0 days 00:00:00.280000,0 days 00:00:00.380000,answer2,1.6769797,-19.447905,34.644848,-0.0011471739,-0.026584804,0.11394605,26.565018,3.9741924,2.348875,-27.852873,24.08194,0.056613177,1.7435852,1.5925635,13.904305,25.029633,543.31464,1428.9117,11.220609,1473.3184,1636.8745,-16.261408,2321.3342,1056.9175,-16.221952,0 days 00:00:06.586306306,0 days 00:00:06.686306306
0 days 00:00:00.290000,0 days 00:00:00.390000,answer2,1.6934338,-19.412521,34.517063,-0.0021594837,-0.025125116,0.11263456,26.601774,4.0622263,2.6281586,-27.930391,24.014374,0.035838585,1.6529936,0.94044596,12.386368,25.291132,562.0621,1348.7086,11.883289,1650.1989,1528.8292,-17.371279,2478.875,1051.9962,-16.202122,0 days 00:00:06.596306306,0 days 00:00:06.696306306
0 days 00:00:00.300000,0 days 00:00:00.400000,answer2,1.6885805,-19.467178,34.179432,-0.0046316497,-0.023701899,0.1162706,26.56327,4.269665,3.0615196,-27.313982,24.003937,0.01650376,1.7416282,0.338997,11.574233,26.467026,633.90875,1396.5864,10.919343,1745.6332,1343.2733,-17.4433,2601.2524,973.28,-17.756662,0 days 00:00:06.606306306,0 days 00:00:06.706306306
0 days 00:00:00.310000,0 days 00:00:00.410000,answer2,1.6663014,-19.636953,33.37687,-0.006036956,-0.023348691,0.114661254,26.526894,4.6070924,3.5022042,-26.207785,24.047907,0.01650376,1.7416282,-0.0050336756,11.311246,27.007835,595.0058,1330.088,9.578312,1682.091,1522.7051,-17.190865,2542.9226,1004.69354,-18.954275,0 days 00:00:06.616306306,0 days 00:00:06.716306306
0 days 00:00:00.320000,0 days 00:00:00.420000,answer2,1.6394867,-19.841074,32.54205,-0.0073703583,-0.024079299,0.109222054,26.48047,5.080133,3.7702496,-24.931992,24.111116,0.01650376,1.7416282,0.2422836,11.633639,27.021582,670.41235,1380.7115,6.6620708,1731.265,1502.2872,-16.754839,2581.2568,929.5434,-19.260126,0 days 00:00:06.626306306,0 days 00:00:06.726306306
0 days 00:00:00.330000,0 days 00:00:00.430000,answer2,1.6221181,-19.982283,31.60238,-0.00734075,-0.026043832,0.11672133,26.440474,5.522632,3.9238136,-24.032053,24.147451,0.01650376,1.7416282,0.8332252,12.695115,25.218575,654.92725,1393.003,6.2814636,1824.152,1573.2651,-15.92136,2549.207,1216.7579,-17.370382,0 days 00:00:06.636306306,0 days 00:00:06.736306306
0 days 00:00:00.340000,0 days 00:00:00.440000,answer2,1.6287056,-19.99479,31.205,-0.00890388,-0.027768942,0.13997912,26.457848,5.621496,3.9801712,-24.026163,24.152407,0.01650376,1.7416282,1.5156702,14.150317,23.945837,666.72974,1422.4027,5.865619,1826.8672,2069.0032,-16.637367,2451.2769,1234.174,-15.782956,0 days 00:00:06.646306306,0 days 00:00:06.746306306
0 days 00:00:00.350000,0 days 00:00:00.450000,answer2,1.6635904,-19.913305,31.390823,-0.009426515,-0.028899403,0.1648135,26.61799,5.212244,3.9360225,-24.994577,24.13114,0.01650376,1.7416282,1.9747261,15.933197,23.048193,646.696,1397.6641,5.043732,1934.2816,1976.0781,-15.916076,2453.0715,1755.9789,-14.730984,0 days 00:00:06.656306306,0 days 00:00:06.756306306
0 days 00:00:00.360000,0 days 00:00:00.460000,answer2,1.7166567,-19.782858,31.93856,-0.010864124,-0.029046694,0.16640835,26.840612,4.461503,3.6975462,-26.399496,24.110865,0.01650376,1.7416282,2.2897627,17.292103,22.740896,545.66315,1571.7467,-0.8961008,1583.5386,1998.6095,-11.238137,2286.0671,1530.7714,-14.496558,0 days 00:00:06.666306306,0 days 00:00:06.766306306
0 days 00:00:00.370000,0 days 00:00:00.470000,answer2,1.7642962,-19.60852,32.164593,-0.011198531,-0.029052088,0.14884518,26.94573,3.755778,3.3036373,-27.505356,24.024782,0.01309973,1.460147,2.6315362,17.463022,24.945694,609.3032,1532.0055,-2.340614,1690.852,1293.1343,-11.131686,2460.7087,1446.8057,-17.051603,0 days 00:00:06.676306306,0 days 00:00:06.776306306
0 days 00:00:00.380000,0 days 00:00:00.480000,answer2,1.7850171,-19.378088,32.089554,-0.009947878,-0.029042885,0.14268894,26.79796,3.3587294,2.8780897,-27.894613,23.925606,0.0096957,1.178666,2.8355606,16.088953,26.67582,598.69147,1537.4391,-0.44177437,1632.7075,1607.2343,-13.082967,2388.24,1039.9474,-19.245102,0 days 00:00:06.686306306,0 days 00:00:06.786306306
0 days 00:00:00.390000,0 days 00:00:00.490000,answer2,1.7742459,-19.121511,32.0399,-0.007100159,-0.02867022,0.1570865,26.434996,3.2504187,2.5552223,-27.612188,23.866877,0.0058474313,0.63768977,2.5636177,13.999409,28.2051,664.0103,1307.3536,4.982509,1837.6934,1915.6758,-18.027216,2470.6487,1111.2601,-21.069313,0 days 00:00:06.696306306,0 days 00:00:06.796306306
0 days 00:00:00.400000,0 days 00:00:00.500000,answer2,1.7478479,-18.917624,32.45071,-0.00402007,-0.028446918,0.1872633,26.027822,3.1601346,2.3264935,-27.031464,23.906097,0.004586994,0.55286866,1.9542335,12.63889,26.68798,638.11725,1324.5392,5.729818,1799.4531,1854.7626,-18.278145,2485.417,1105.5892,-19.495033,0 days 00:00:06.706306306,0 days 00:00:06.806306306
0 days 00:00:00.410000,0 days 00:00:00.510000,answer2,1.7289124,-18.838457,33.2794,-0.0032061443,-0.02846919,0.19646947,25.753946,2.8736427,2.0168521,-26.581472,24.00531,0.0065491027,1.1699986,1.5017012,12.565872,26.176981,652.83405,1271.6514,5.386949,1754.3287,1569.0195,-17.343117,2570.2893,987.21436,-18.668417,0 days 00:00:06.716306306,0 days 00:00:06.816306306
0 days 00:00:00.420000,0 days 00:00:00.520000,answer2,1.7286463,-18.883436,33.941624,-0.0037520882,-0.02831469,0.19485323,25.70903,2.4173524,1.5042048,-26.444311,24.112371,0.008935977,1.3854909,1.2640878,12.915637,26.303833,706.8946,1251.328,4.599544,1831.3268,1128.0068,-17.05175,2709.4167,862.3842,-18.42387,0 days 00:00:06.726306306,0 days 00:00:06.826306306
0 days 00:00:00.430000,0 days 00:00:00.530000,answer2,1.73878,-19.012102,34.36939,-0.0059614666,-0.02811411,0.18344522,25.891533,2.0518668,0.9735403,-26.541925,24.261787,0.012139049,1.4263092,1.3416418,12.991239,26.682022,623.14014,1575.2455,1.1296602,1530.7074,1288.4614,-10.859942,2507.8083,951.7822,-18.4571,0 days 00:00:06.736306306,0 days 00:00:06.836306306
0 days 00:00:00.440000,0 days 00:00:00.540000,answer2,1.7431577,-19.138144,34.052464,-0.008537548,-0.027773902,0.18042225,26.134523,2.088958,0.7289477,-26.617853,24.333822,0.012102102,0.843214,1.2985662,12.185384,25.874191,626.2448,1592.1216,1.9456335,1605.4857,1296.1019,-10.357724,2528.132,1207.8573,-17.604254,0 days 00:00:06.746306306,0 days 00:00:06.846306306
0 days 00:00:00.450000,0 days 00:00:00.550000,answer2,1.732901,-19.21488,33.368042,-0.010803903,-0.027871856,0.17183743,26.262047,2.6308262,0.9502142,-26.578882,24.309858,0.016895534,0.8146601,1.9030709,11.53835,24.346178,573.0501,1657.8785,4.155456,1572.4614,1553.8468,-10.718905,2462.0276,1320.8177,-16.458368,0 days 00:00:06.756306306,0 days 00:00:06.856306306
0 days 00:00:00.460000,0 days 00:00:00.560000,answer2,1.7157358,-19.23323,32.55293,-0.012713432,-0.028850084,0.15824279,26.22825,3.5158932,1.3813382,-26.42467,24.224518,0.031379607,0.9899742,2.7880142,12.127991,23.64311,581.5031,1410.4291,5.2123494,1658.3068,1539.9135,-14.828198,2464.8823,1298.6373,-16.492613,0 days 00:00:06.766306306,0 days 00:00:06.866306306
0 days 00:00:00.470000,0 days 00:00:00.570000,answer2,1.7087847,-19.282394,32.332302,-0.012936845,-0.030208593,0.16859762,26.222242,4.394495,1.5813669,-26.496925,24.19459,0.031000786,1.6526076,3.573373,14.240917,24.685364,542.6562,1436.1888,5.95681,1564.7474,1568.311,-15.768252,2443.652,1090.996,-18.490845,0 days 00:00:06.776306306,0 days 00:00:06.876306306
0 days 00:00:00.480000,0 days 00:00:00.580000,answer2,1.7260346,-19.420408,32.717106,-0.010005317,-0.031190624,0.19779615,26.423874,4.937231,1.198248,-27.11117,24.22008,0.03642748,2.139154,3.758278,17.066505,26.178253,535.4033,1432.1569,5.73931,1548.147,1522.1261,-18.254168,2464.072,1063.3541,-20.711409,0 days 00:00:06.786306306,0 days 00:00:06.886306306
0 days 00:00:00.490000,0 days 00:00:00.590000,answer2,1.7644224,-19.65114,33.637974,-0.0052378937,-0.030710904,0.23060374,26.834448,5.0229287,0.3019093,-28.332666,24.208242,0.020216206,0.0,3.3447716,17.760445,27.255272,615.60297,1394.2806,4.6236224,1752.0807,1458.6027,-21.392076,2663.7947,986.8581,-21.994791,0 days 00:00:06.796306306,0 days 00:00:06.896306306
0 days 00:00:00.500000,0 days 00:00:00.600000,answer2,1.8074838,-19.903494,34.481644,-0.00038868422,-0.029469961,0.23463058,27.292099,4.7515073,-0.80514926,-29.766167,24.10929,0.01922658,1.5714169,2.9641068,16.560797,28.009033,662.8788,1453.6869,2.5158174,1774.2379,1686.1074,-20.669855,2613.1318,1054.6396,-22.138855,0 days 00:00:06.806306306,0 days 00:00:06.906306306
0 days 00:00:00.510000,0 days 00:00:00.610000,answer2,1.838617,-20.100655,35.16083,0.0009508379,-0.028338404,0.21585946,27.640112,4.308279,-1.8010422,-30.847198,23.962196,0.0072359624,1.584603,2.3101685,13.967343,28.694231,750.2796,1430.0114,2.1074235,1809.3656,1546.1412,-17.276957,2655.7883,941.77216,-21.615202,0 days 00:00:06.816306306,0 days 00:00:06.916306306
0 days 00:00:00.520000,0 days 00:00:00.620000,answer2,1.8514932,-20.207708,35.42911,0.0002106713,-0.027554333,0.19701485,27.813425,3.8584487,-2.4172118,-31.261398,23.838976,0.009857792,1.6304334,1.8700787,12.123485,30.040634,769.3342,1410.8301,7.64121,1864.7921,1614.7373,-14.521981,2685.6755,1049.8135,-21.668818,0 days 00:00:06.826306306,0 days 00:00:06.926306306
0 days 00:00:00.530000,0 days 00:00:00.630000,answer2,1.849882,-20.19253,35.55513,-0.00318641,-0.027093306,0.1887391,27.820276,3.464182,-2.427019,-31.095324,23.77918,0.011106424,2.1350358,1.5468327,10.923111,29.492111,800.9532,1329.7684,10.720744,1883.3802,1367.7135,-13.873271,2768.6506,918.3091,-20.167852,0 days 00:00:06.836306306,0 days 00:00:06.936306306
0 days 00:00:00.540000,0 days 00:00:00.640000,answer2,1.8418328,-20.090591,35.486183,-0.006355412,-0.026971452,0.19224699,27.704123,3.1604068,-1.8180612,-30.75026,23.756128,0.013879385,2.8377283,1.547176,10.353642,28.702612,781.8908,1316.4327,12.342412,1972.3558,1287.0985,-14.666598,3012.4905,1216.4757,-18.944496,0 days 00:00:06.846306306,0 days 00:00:06.946306306
0 days 00:00:00.550000,0 days 00:00:00.650000,answer2,1.8342673,-19.981544,34.993015,-0.008699387,-0.027969092,0.18721461,27.536743,2.9893486,-0.8160841,-30.678991,23.709486,0.013987228,3.3650777,1.4905907,10.3063545,28.496756,786.5607,1271.6866,12.926452,2003.1715,1093.6183,-15.095924,3104.9763,1348.7789,-18.49492,0 days 00:00:06.856306306,0 days 00:00:06.956306306
0 days 00:00:00.560000,0 days 00:00:00.660000,answer2,1.8315662,-19.932707,33.951187,-0.008762651,-0.02926085,0.19080345,27.316637,3.016894,0.11868163,-30.905756,23.638443,0.012453702,3.1430683,1.7096796,10.507145,29.042204,774.29816,1239.9569,12.784511,1981.3105,1097.8315,-14.713371,3048.0461,1368.3419,-18.654442,0 days 00:00:06.866306306,0 days 00:00:06.966306306
0 days 00:00:00.570000,0 days 00:00:00.670000,answer2,1.8347036,-19.9387,32.69937,-0.006148567,-0.029819006,0.2003033,27.112642,3.2271397,0.67346066,-31.23929,23.575064,0.009081885,2.2776544,2.2460654,10.558628,28.98967,786.35693,1205.8524,12.470712,1959.4791,1105.1012,-13.590893,2824.804,1264.577,-18.181595,0 days 00:00:06.876306306,0 days 00:00:06.976306306
0 days 00:00:00.580000,0 days 00:00:00.680000,answer2,1.843779,-19.889174,31.661963,-0.004276052,-0.028883263,0.22157115,26.994928,3.5015717,0.6520743,-31.373703,23.581863,0.004191656,1.5769998,3.1455414,10.405101,28.491713,793.9727,1177.7443,12.067665,1899.4307,1124.0775,-13.384785,2707.5127,996.6934,-17.698105,0 days 00:00:06.886306306,0 days 00:00:06.986306306
0 days 00:00:00.590000,0 days 00:00:00.690000,answer2,1.8551539,-19.72923,31.08908,-0.001719132,-0.027718646,0.22201508,27.061554,3.7200315,0.24886174,-31.297905,23.660528,0.006645289,1.3161635,4.2117066,10.25093,28.017517,775.68536,1196.7559,11.724758,1980.3365,1191.2762,-13.71801,2705.7942,1173.163,-17.689161,0 days 00:00:06.896306306,0 days 00:00:06.996306306
0 days 00:00:00.600000,0 days 00:00:00.700000,answer2,1.8622037,-19.473724,30.936178,-0.0010309925,-0.027005052,0.2034344,27.262842,3.8265622,-0.18918805,-31.00945,23.773745,0.0075683338,1.3824091,5.077763,10.247653,27.908842,730.50116,1255.4113,10.575883,1995.6254,1330.1761,-14.396228,2744.4353,1322.9017,-18.14475,0 days 00:00:06.906306306,0 days 00:00:07.006306306
0 days 00:00:00.610000,0 days 00:00:00.710000,answer2,1.8562006,-19.204554,30.89948,9.173445e-05,-0.027006358,0.17473339,27.437485,3.8174694,-0.2800201,-30.52855,23.869394,0.010500853,1.3100191,5.1933846,10.354804,28.035309,653.0969,1318.2245,9.829211,1930.0503,1601.3065,-15.1396,2706.825,1495.403,-18.662537,0 days 00:00:06.916306306,0 days 00:00:07.016306306
0 days 00:00:00.620000,0 days 00:00:00.720000,answer2,1.8307244,-18.988724,31.026377,-0.00084278174,-0.027209515,0.1494391,27.440546,3.7375364,0.11020508,-29.861,23.93129,0.0120407045,1.0199525,4.526705,10.728619,29.049759,648.5721,1358.9991,8.897254,1816.7104,1570.6631,-15.664866,2713.2302,1280.2627,-19.958578,0 days 00:00:06.926306306,0 days 00:00:07.026306306
0 days 00:00:00.630000,0 days 00:00:00.730000,answer2,1.7862415,-18.84465,31.398977,-0.002973671,-0.027335746,0.14264251,27.241438,3.6791925,0.83545905,-29.066177,23.95839,0.009543067,0.81595296,3.6536973,11.638084,29.993708,662.2888,1360.1516,8.645137,1705.2374,1458.1885,-15.968098,2631.7942,922.228,-21.16842,0 days 00:00:06.936306306,0 days 00:00:07.036306306
0 days 00:00:00.640000,0 days 00:00:00.740000,answer2,1.729771,-18.766174,31.97911,-0.0060165636,-0.026905997,0.15235962,26.89226,3.7556984,1.7143096,-28.217787,23.96692,0.008835677,0.678263,2.7767003,13.249349,29.096207,665.2629,1361.4728,8.286124,1708.6152,1267.1256,-15.884131,2663.0095,799.8156,-20.47642,0 days 00:00:06.946306306,0 days 00:00:07.046306306
0 days 00:00:00.650000,0 days 00:00:00.750000,answer2,1.6743876,-18.720724,32.377316,-0.0063688676,-0.025883177,0.16934311,26.460869,3.8923194,2.7434921,-27.414742,23.983847,0.0059292805,1.3508486,2.058173,15.723256,29.731209,600.23267,1326.8969,7.578645,1674.6342,1330.9335,-16.426613,2669.922,931.4619,-21.168928,0 days 00:00:06.956306306,0 days 00:00:07.056306306
0 days 00:00:00.660000,0 days 00:00:00.760000,answer2,1.6350235,-18.681364,32.46661,-0.0047689565,-0.02520744,0.17354393,26.007666,3.9694574,3.8610973,-26.8126,24.018587,0.009914767,1.421446,1.618236,18.952217,30.284704,591.486,1332.984,6.207992,1707.9244,1405.6176,-16.636108,2693.8376,1014.626,-21.826063,0 days 00:00:06.966306306,0 days 00:00:07.066306306
0 days 00:00:00.670000,0 days 00:00:00.770000,answer2,1.6199058,-18.655924,32.451378,-0.0019677484,-0.02535779,0.16711627,25.630045,3.9161289,4.7966137,-26.550333,24.08055,0.011979375,1.171571,1.5808245,23.082724,31.410362,651.8069,1309.5988,3.7712772,1751.3253,1293.8793,-18.029657,2715.806,921.49384,-23.17119,0 days 00:00:06.976306306,0 days 00:00:07.076306306
0 days 00:00:00.680000,0 days 00:00:00.780000,answer2,1.6262583,-18.685835,32.77152,-0.0012370277,-0.026064182,0.14966206,25.414648,3.8501346,5.179611,-26.628462,24.164124,0.013143164,0.5522723,1.8151308,23.97497,30.520996,704.5412,1316.9835,2.6868775,1828.3229,1215.3436,-18.861,2714.7551,876.9615,-22.49956,0 days 00:00:06.986306306,0 days 00:00:07.086306306
0 days 00:00:00.690000,0 days 00:00:00.790000,answer2,1.6422081,-18.812517,32.941196,-0.0034241024,-0.026715716,0.13989802,25.409979,3.877613,4.9507003,-26.85039,24.2669,0.010977525,0.56572014,1.9838539,22.206903,29.258936,688.8884,1332.6564,3.295707,1708.9261,1852.4105,-19.935135,2575.4695,901.0908,-21.092878,0 days 00:00:06.996306306,0 days 00:00:07.096306306
0 days 00:00:00.700000,0 days 00:00:00.800000,answer2,1.6564455,-19.019518,32.70243,-0.0074389563,-0.027072072,0.1417947,25.604172,3.9761307,4.400461,-26.981707,24.328955,0.008451457,0.80720735,2.350724,17.767164,28.70723,629.9848,1326.8956,5.5585175,1853.9381,2010.7164,-19.723923,2437.338,1471.1617,-20.16474,0 days 00:00:07.006306306,0 days 00:00:07.106306306
0 days 00:00:00.710000,0 days 00:00:00.810000,answer2,1.6621819,-19.261278,32.02831,-0.010470568,-0.027360095,0.15534545,25.946472,4.082996,3.9315834,-26.900648,24.340134,0.02040101,0.79718155,2.734647,14.799233,27.90919,543.8765,1644.9315,3.7933493,1524.6475,2154.7852,-12.193988,2218.947,1534.5675,-19.28614,0 days 00:00:07.016306306,0 days 00:00:07.116306306
0 days 00:00:00.720000,0 days 00:00:00.820000,answer2,1.6606092,-19.490698,31.526194,-0.010837872,-0.027940357,0.17130679,26.367094,4.2019424,3.7807877,-26.74144,24.29392,0.035054717,0.6326781,3.1154232,13.137113,28.214312,510.28528,1614.3004,4.7573776,1542.148,1656.2954,-10.594794,2252.4563,1529.298,-20.158195,0 days 00:00:07.026306306,0 days 00:00:07.126306306
0 days 00:00:00.730000,0 days 00:00:00.830000,answer2,1.6598548,-19.697456,31.838547,-0.008662975,-0.029384008,0.18515718,26.812895,4.4255958,3.927707,-26.93128,24.233541,0.04938728,0.32112208,3.381069,13.166858,28.542433,527.368,1703.8905,5.269031,1421.4033,1601.4359,-10.147224,2397.619,1033.2002,-21.442541,0 days 00:00:07.036306306,0 days 00:00:07.136306306
0 days 00:00:00.740000,0 days 00:00:00.840000,answer2,1.6708298,-19.861507,32.413437,-0.0059758835,-0.03096646,0.19811602,27.220743,4.7163415,4.028304,-27.801672,24.163393,0.043011498,0.20797472,3.3592007,15.142536,27.797117,553.9169,1344.7959,9.293392,1739.3451,1476.7168,-18.567818,2670.708,1130.6293,-21.464205,0 days 00:00:07.046306306,0 days 00:00:07.146306306
0 days 00:00:00.750000,0 days 00:00:00.850000,answer2,1.6941036,-19.949026,32.85442,-0.0046816,-0.032433856,0.21514378,27.484,4.901372,3.8676178,-29.167322,24.086449,0.03352007,0.36506057,3.1322143,17.55152,27.409056,588.9063,1350.6515,9.726179,1856.3168,1311.3956,-20.434965,2761.2625,1117.9149,-21.386927,0 days 00:00:07.056306306,0 days 00:00:07.156306306
0 days 00:00:00.760000,0 days 00:00:00.860000,answer2,1.7186209,-19.943335,33.019363,-0.0039727506,-0.03269305,0.22466117,27.48883,4.809481,3.4156582,-30.310091,23.993029,0.024221776,0.38290134,2.4151733,18.174824,26.760231,646.6153,1286.271,7.3459663,1852.3125,1263.1251,-21.27604,2769.4456,1042.6956,-20.575716,0 days 00:00:07.066306306,0 days 00:00:07.166306306
0 days 00:00:00.770000,0 days 00:00:00.870000,answer2,1.7309455,-19.854536,33.41621,-0.004879924,-0.031554855,0.2132778,27.23575,4.458441,2.843665,-30.570898,23.865229,0.02130952,0.82681054,1.5440989,16.363634,27.195833,676.89935,1347.2029,6.476082,1832.6515,1448.627,-20.2202,2675.422,884.61237,-20.577536,0 days 00:00:07.076306306,0 days 00:00:07.176306306
0 days 00:00:00.780000,0 days 00:00:00.880000,answer2,1.7262741,-19.721268,33.4941,-0.005744723,-0.030389348,0.18371384,26.844099,4.0216184,2.3343585,-29.886442,23.733194,0.020703128,1.2501236,0.79320925,13.579249,27.163591,720.6133,1325.5392,5.2757635,1815.4049,1426.7816,-19.475353,2671.563,822.87384,-19.828537,0 days 00:00:07.086306306,0 days 00:00:07.186306306
0 days 00:00:00.790000,0 days 00:00:00.890000,answer2,1.7110395,-19.530449,33.18157,-0.008374049,-0.029739946,0.15314797,26.417128,3.6432421,2.0576706,-28.70553,23.597609,0.016616927,2.28508,0.36313775,11.990615,27.382486,648.8296,1315.5479,7.301435,1805.8242,1512.3456,-18.093027,2643.062,1025.2545,-19.088764,0 days 00:00:07.096306306,0 days 00:00:07.196306306
0 days 00:00:00.800000,0 days 00:00:00.900000,answer2,1.6944736,-19.272964,32.3735,-0.01084331,-0.030653873,0.15835966,25.956459,3.358261,2.1094425,-27.674044,23.543228,0.01219933,2.8600626,0.70784855,11.99054,27.88379,688.2127,1270.3392,7.207499,1814.0404,1238.7896,-17.252855,2698.9412,956.7962,-18.571737,0 days 00:00:07.106306306,0 days 00:00:07.206306306
0 days 00:00:00.810000,0 days 00:00:00.910000,answer2,1.6823436,-18.95671,31.578215,-0.012903246,-0.031222573,0.17944647,25.418747,3.1138685,2.284872,-27.262602,23.530396,0.013477466,2.2491002,1.3801827,13.219547,28.589792,612.91675,1226.5544,7.7762604,1787.166,1290.9825,-16.82106,2699.3557,1144.798,-18.640993,0 days 00:00:07.116306306,0 days 00:00:07.216306306
0 days 00:00:00.820000,0 days 00:00:00.920000,answer2,1.6705538,-18.634163,30.68981,-0.012638226,-0.03085562,0.19282758,24.79186,2.8953311,2.2808416,-27.575727,23.531847,0.018363422,1.3127923,1.8045267,14.829681,29.34507,591.77277,1173.7789,6.4411163,1730.5508,1296.115,-15.537337,2668.101,1097.3314,-19.4559,0 days 00:00:07.126306306,0 days 00:00:07.226306306
0 days 00:00:00.830000,0 days 00:00:00.930000,answer2,1.6522199,-18.3467,29.935476,-0.010977277,-0.029404515,0.17726333,24.145845,2.7242634,1.8802236,-28.369642,23.427193,0.023249378,0.37648442,2.0800712,16.191793,28.376627,574.2048,1226.2645,6.588534,1723.0004,1326.6693,-15.201663,2674.3162,1065.122,-19.166582,0 days 00:00:07.136306306,0 days 00:00:07.236306306
0 days 00:00:00.840000,0 days 00:00:00.940000,answer2,1.6274738,-18.1317,29.766703,-0.008729819,-0.027596787,0.1581551,23.624815,2.5652888,1.144629,-29.198034,23.29444,0.017824505,0.7053304,2.5892951,17.076944,26.871832,557.34,1294.3339,5.045149,1586.6982,1390.184,-13.70255,2493.655,1048.8318,-18.53649,0 days 00:00:07.146306306,0 days 00:00:07.246306306
0 days 00:00:00.850000,0 days 00:00:00.950000,answer2,1.6057326,-18.034597,30.494463,-0.007144987,-0.026460806,0.15322648,23.42682,2.297304,0.31238246,-29.605001,23.170303,0.014672946,0.59118074,3.6050453,18.082848,25.062563,565.33514,1357.9618,7.385161,1576.8795,1345.6432,-14.976372,2523.9534,915.4236,-17.390722,0 days 00:00:07.156306306,0 days 00:00:07.256306306
0 days 00:00:00.860000,0 days 00:00:00.960000,answer2,1.5943742,-18.097193,31.93994,-0.006146793,-0.026071897,0.15527302,23.625532,1.8515825,-0.22455661,-29.218325,23.129858,0.011521389,0.47703108,3.9856825,19.018847,24.85044,500.1694,1353.651,6.86441,1421.5602,1474.0435,-11.936311,2348.8826,1159.222,-17.547976,0 days 00:00:07.166306306,0 days 00:00:07.266306306
0 days 00:00:00.870000,0 days 00:00:00.970000,answer2,1.5914702,-18.280365,33.129513,-0.007534769,-0.025480406,0.14835365,24.081535,1.2813774,-0.13167197,-28.049799,23.175919,0.021132251,0.024674682,3.0982714,18.49009,24.462393,504.9292,1412.9618,8.153728,1386.5282,1526.298,-10.170846,2343.0693,1153.284,-17.027884,0 days 00:00:07.176306306,0 days 00:00:07.276306306
0 days 00:00:00.880000,0 days 00:00:00.980000,answer2,1.588679,-18.494951,33.73875,-0.009867441,-0.024880653,0.1333568,24.512436,0.74783516,0.69432646,-26.58227,23.24379,0.01779388,0.48667738,1.9392976,16.639719,24.249445,523.95,1420.2526,7.368056,1438.5522,1667.9321,-7.4866524,2275.0178,1267.4551,-16.171713,0 days 00:00:07.186306306,0 days 00:00:07.286306306
0 days 00:00:00.890000,0 days 00:00:00.990000,answer2,1.5820569,-18.659576,33.511642,-0.013489104,-0.024303349,0.116716646,24.727377,0.38797507,1.9677038,-25.507284,23.313768,0.016190844,0.65085864,1.361873,14.650332,24.51134,634.28687,1439.333,6.260962,1638.8135,1525.0518,-10.098734,2469.3972,1004.40375,-15.543735,0 days 00:00:07.196306306,0 days 00:00:07.296306306
0 days 00:00:00.900000,0 days 00:00:01,answer2,1.5757227,-18.743397,33.308437,-0.015347894,-0.02440573,0.10678536,24.772608,0.22408839,2.9333656,-25.03095,23.31803,0.007250262,0.8244006,1.5289197,13.9474945,25.055872,741.44165,1410.3501,4.721608,1878.0854,1327.9042,-12.583423,2696.4563,789.85236,-15.466182,0 days 00:00:07.206306306,0 days 00:00:07.306306306
0 days 00:00:00.900000,0 days 00:00:01.000997732,answer2,1.5722088,-18.774029,33.163586,-0.0164111,-0.024463518,0.10061344,24.75237,0.19000089,3.4010417,-24.963373,23.321014,0.008985595,0.5265792,1.7620617,13.991283,25.35218,811.44635,1438.3976,2.6309795,1924.9111,1123.8695,-14.593944,2801.9348,645.1003,-15.574208,0 days 00:00:07.206306306,0 days 00:00:07.307304038
0 days 00:00:00,0 days 00:00:00.100000,answer3,1.0395516,-22.752998,35.322292,-0.021453435,-0.009171778,0.054995503,22.885378,13.553307,21.886084,3.896983,24.235046,0.0,1.2006937,5.399236,16.592924,33.12071,1018.93036,1897.2074,-24.902159,2038.7695,1371.3896,-29.432138,3184.444,2387.5112,-29.638353,0 days 00:00:13.213213213,0 days 00:00:13.313213213
0 days 00:00:00.010000,0 days 00:00:00.110000,answer3,0.99468225,-22.922129,35.87001,-0.02609975,-0.009050822,0.12157202,21.329865,13.272366,22.321823,4.138237,24.00804,0.021016154,1.2429805,5.3729606,18.14204,33.18527,722.4074,1952.5795,-24.661312,1837.5197,1416.5063,-27.332586,2857.8535,2107.8672,-28.818361,0 days 00:00:13.223213213,0 days 00:00:13.323213213
0 days 00:00:00.020000,0 days 00:00:00.120000,answer3,0.93640965,-23.138376,36.49539,-0.02901729,-0.008872796,0.18684864,19.040138,12.9351015,22.559378,3.8678882,23.625757,0.023177115,1.5237352,5.3303285,18.577993,31.982597,469.7856,1976.5992,0.0,1655.704,1451.3964,-25.452713,2530.249,1778.567,-27.13558,0 days 00:00:13.233213213,0 days 00:00:13.333213213
0 days 00:00:00.030000,0 days 00:00:00.130000,answer3,0.9138616,-23.1781,36.881145,-0.024686439,-0.008156075,0.18338174,17.479269,12.684635,21.423576,2.1032321,22.970785,0.02406303,2.2396574,5.3744874,15.465885,28.175367,174.95918,2017.0394,3.6221228,1409.1986,1411.2793,-23.752234,2352.7793,1083.4625,-23.961508,0 days 00:00:13.243213213,0 days 00:00:13.343213213
0 days 00:00:00.040000,0 days 00:00:00.140000,answer3,0.95573884,-22.869997,36.95078,-0.013874511,-0.0070197755,0.18335421,17.785341,12.700348,18.855356,-0.64706916,22.27327,0.039124448,2.4393504,7.095553,11.617478,24.233435,321.60596,1822.8212,-3.45201,1451.3024,1540.08,-22.323782,2314.0364,1043.3209,-20.53514,0 days 00:00:13.253213213,0 days 00:00:13.353213213
0 days 00:00:00.050000,0 days 00:00:00.150000,answer3,1.0612475,-22.22061,36.806477,-0.0015655669,-0.0056874733,0.18990786,19.854874,12.879887,15.735372,-3.2769186,21.731253,0.030878568,2.8007753,9.15446,7.4661307,20.486984,368.50107,1658.9567,-6.8952465,1420.9493,1485.9935,-18.696516,2315.4275,945.3079,-16.523874,0 days 00:00:13.263213213,0 days 00:00:13.363213213
0 days 00:00:00.060000,0 days 00:00:00.160000,answer3,1.1980147,-21.47772,36.25185,0.0065705217,-0.0055107125,0.20959449,22.60499,13.117736,13.417041,-4.931055,22.555603,0.022632688,3.1621997,9.437388,4.117639,19.852188,449.40903,1464.5269,-6.033024,1403.5514,1524.3002,-15.051124,2291.4495,999.88104,-14.752122,0 days 00:00:13.273213213,0 days 00:00:13.373213213
0 days 00:00:00.070000,0 days 00:00:00.170000,answer3,1.3294215,-20.968283,35.36467,0.013260362,-0.0067016645,0.22088778,25.001,13.238846,12.246503,-6.1774087,23.494322,0.002761394,3.5623996,7.6197205,1.0944284,22.469362,416.6818,1487.7238,-1.0028139,1439.2788,1458.2477,-14.745646,2334.822,1086.5587,-17.04726,0 days 00:00:13.283213213,0 days 00:00:13.383213213
0 days 00:00:00.080000,0 days 00:00:00.180000,answer3,1.4333094,-20.858042,34.41737,0.016870828,-0.009228762,0.229883,26.843515,13.34203,11.89632,-7.811443,24.422049,0.002761394,3.5623996,5.400087,-0.62318707,26.886421,553.75446,1469.2567,-2.6437726,1585.0436,1439.3048,-16.92166,2421.427,1123.1105,-21.831915,0 days 00:00:13.293213213,0 days 00:00:13.393213213
0 days 00:00:00.090000,0 days 00:00:00.190000,answer3,1.5050405,-21.150808,33.79504,0.019002639,-0.012986344,0.25401405,28.370178,13.647645,12.04507,-10.014019,24.421227,0.002761394,3.5623996,5.1688747,-1.415267,28.980774,680.8535,1596.6191,-7.629644,1855.3864,1903.7227,-21.810053,2455.5398,1150.3136,-25.009699,0 days 00:00:13.303213213,0 days 00:00:13.403213213
0 days 00:00:00.100000,0 days 00:00:00.200000,answer3,1.550735,-21.782557,33.34701,0.018587152,-0.016377345,0.28654084,29.801916,14.267845,12.512242,-12.369729,24.543335,0.028408477,3.4633873,5.5194187,-2.2597773,29.094917,806.9749,1614.3177,-9.58369,2037.4974,1749.1478,-24.500788,2563.8533,1516.4902,-26.231749,0 days 00:00:13.313213213,0 days 00:00:13.413213213
0 days 00:00:00.110000,0 days 00:00:00.210000,answer3,1.5792037,-22.645319,32.901005,0.01740449,-0.018942507,0.32790104,31.138023,15.089589,13.181235,-14.20037,24.724121,0.03284855,2.9177577,5.9085255,-4.518448,27.984526,812.68896,1633.1681,-11.752585,2102.412,1734.809,-27.31341,2684.286,1776.7382,-27.623068,0 days 00:00:13.323213213,0 days 00:00:13.423213213
0 days 00:00:00.120000,0 days 00:00:00.220000,answer3,1.5941762,-23.554056,32.368977,0.014598436,-0.020462858,0.3543097,32.167007,15.8249855,13.939414,-15.06263,24.92048,0.033451106,2.7755318,5.5302944,-6.6800036,28.067202,825.29004,1419.066,-14.236667,2054.407,1171.8932,-29.162735,2825.2998,1746.3231,-30.322771,0 days 00:00:13.333213213,0 days 00:00:13.433213213
0 days 00:00:00.130000,0 days 00:00:00.230000,answer3,1.5962353,-24.220453,31.999872,0.011405508,-0.021470701,0.35352993,32.688587,16.084427,14.540286,-15.167964,25.447245,0.008406583,2.7323182,4.5838428,-5.897239,30.595749,821.35834,1275.3112,-14.247022,1992.6543,1103.4829,-30.224533,2867.1492,1322.2913,-33.24556,0 days 00:00:13.343213213,0 days 00:00:13.443213213
0 days 00:00:00.140000,0 days 00:00:00.240000,answer3,1.5861845,-24.405893,31.921875,0.00822268,-0.022520633,0.33118796,32.662495,15.681252,14.83417,-14.992747,26.063759,0.004569077,3.135722,4.224213,-2.5838487,34.344334,821.0539,1174.6366,-10.251358,1950.3154,1037.839,-30.286402,2787.2617,1037.9442,-34.34307,0 days 00:00:13.353213213,0 days 00:00:13.453213213
0 days 00:00:00.150000,0 days 00:00:00.250000,answer3,1.5680572,-24.029938,32.01295,0.008167092,-0.022906443,0.31135562,32.249996,14.713395,14.80573,-14.564201,26.65551,0.023327922,2.4118955,4.6706257,1.4266237,37.780205,818.2734,1164.3373,-6.6221104,1945.8213,988.30786,-29.013464,2819.0369,1005.0989,-33.767776,0 days 00:00:13.363213213,0 days 00:00:13.463213213
0 days 00:00:00.160000,0 days 00:00:00.260000,answer3,1.5466751,-23.249168,32.364883,0.009208515,-0.02222559,0.31335708,31.769358,13.483306,14.566457,-13.530071,26.936186,0.029298088,1.5937451,5.7301764,4.575712,39.411602,826.95197,1236.5406,-6.1229386,1923.9912,1091.4647,-26.79769,2817.5645,972.19354,-32.406773,0 days 00:00:13.373213213,0 days 00:00:13.473213213
0 days 00:00:00.170000,0 days 00:00:00.270000,answer3,1.5292836,-22.28849,32.855247,0.009607376,-0.020484608,0.3301358,31.505812,12.2527895,14.049926,-11.611123,27.24854,0.045336027,0.9395423,6.3226676,8.285701,39.285427,816.15216,1346.1195,-7.2950263,1927.1757,1156.1234,-24.815847,2866.7961,1066.8812,-30.794,0 days 00:00:13.383213213,0 days 00:00:13.483213213
0 days 00:00:00.180000,0 days 00:00:00.280000,answer3,1.5208505,-21.369383,33.55354,0.00859974,-0.018468559,0.34256396,31.564394,11.135129,13.206662,-8.982007,27.549126,0.030388141,1.1107436,6.176476,10.133637,37.638973,822.7041,1358.5216,-8.58693,1897.6107,1134.4763,-24.047537,2845.7898,937.62476,-30.013435,0 days 00:00:13.393213213,0 days 00:00:13.493213213
0 days 00:00:00.190000,0 days 00:00:00.290000,answer3,1.523131,-20.574238,34.295822,0.007583873,-0.015930966,0.32427236,31.729654,10.100143,12.186028,-5.934566,27.965525,0.034329772,1.6673971,5.6509566,9.103394,33.502975,812.8049,1314.064,-9.459916,1847.622,1011.10004,-24.215624,2816.8806,799.23346,-29.434748,0 days 00:00:13.403213213,0 days 00:00:13.503213213
0 days 00:00:00.200000,0 days 00:00:00.300000,answer3,1.5376478,-19.76751,34.88362,0.007949527,-0.012392469,0.29561424,31.590797,8.927768,11.286664,-2.674229,28.304306,0.017250026,1.4767038,5.304996,7.1054664,31.023163,811.3571,1301.0813,-10.100814,1784.2572,956.5816,-24.909742,2770.1296,711.78986,-30.272093,0 days 00:00:13.413213213,0 days 00:00:13.513213213
0 days 00:00:00.210000,0 days 00:00:00.310000,answer3,1.5709947,-18.60398,35.006275,0.00867327,-0.008054194,0.28271124,30.794878,7.249209,10.532132,0.65231466,28.665625,0.016574813,1.1505488,5.5415654,7.390124,30.811377,660.34015,1456.0498,-10.059689,1659.1991,1062.9601,-24.033712,2716.448,884.25507,-31.407173,0 days 00:00:13.423213213,0 days 00:00:13.523213213
0 days 00:00:00.220000,0 days 00:00:00.320000,answer3,1.6318482,-16.789907,33.797104,0.009655308,-0.004141112,0.30689576,29.266144,4.7819467,9.554785,3.7134533,28.962317,0.015627278,1.382151,5.948963,11.518791,33.797184,506.7559,1510.9235,-5.6732135,1516.4131,1089.1144,-23.479889,2610.2146,973.77106,-32.71979,0 days 00:00:13.433213213,0 days 00:00:13.533213213
0 days 00:00:00.230000,0 days 00:00:00.330000,answer3,1.722767,-14.487405,31.292429,0.010094139,-0.0016579925,0.3402678,27.284033,1.6010814,8.190571,5.918852,29.238863,0.017387955,1.7159971,5.6447334,16.806065,34.946102,355.84512,1598.165,-0.10898352,1382.5905,1185.6036,-22.284254,2467.0085,1072.8436,-31.59092,0 days 00:00:13.443213213,0 days 00:00:13.543213213
0 days 00:00:00.240000,0 days 00:00:00.340000,answer3,1.8418285,-12.20583,28.107157,0.010750609,0.0002444204,0.35509583,25.316246,-1.9692978,6.8881326,6.759199,29.81868,0.01497108,2.0837266,4.469691,21.04432,33.03485,346.681,1460.8983,6.260941,1299.5201,1088.4344,-17.874805,2299.664,951.145,-26.77391,0 days 00:00:13.453213213,0 days 00:00:13.553213213
0 days 00:00:00.250000,0 days 00:00:00.350000,answer3,1.9878778,-10.458371,25.255219,0.011138308,0.0012149807,0.35510108,23.715124,-5.397072,6.5783806,6.146826,30.42215,0.028356858,1.4452286,3.9282405,23.250221,31.929602,616.8195,1362.7079,4.007545,1600.9873,1133.3922,-15.423462,2619.1326,1186.454,-22.944479,0 days 00:00:13.463213213,0 days 00:00:13.563213213
0 days 00:00:00.260000,0 days 00:00:00.360000,answer3,2.155028,-9.376441,23.44222,0.010445777,0.00180167,0.346941,22.55252,-8.198675,7.6520863,4.220051,31.079575,0.04998803,1.2878857,4.1868424,23.35119,28.699064,626.4846,1233.0977,5.8376923,1577.6381,1028.2142,-7.8964405,2542.1729,1068.0513,-17.883795,0 days 00:00:13.473213213,0 days 00:00:13.573213213
0 days 00:00:00.270000,0 days 00:00:00.370000,answer3,2.3224895,-8.79953,22.505144,0.009664249,0.0014640469,0.32735682,21.677797,-9.921688,9.6670685,1.5716319,31.40685,0.06511133,1.7272285,5.260163,23.356308,30.800095,890.1291,1201.1039,3.2152138,1865.7125,1057.4406,-8.021988,2908.5476,1282.5269,-19.61598,0 days 00:00:13.483213213,0 days 00:00:13.583213213
0 days 00:00:00.280000,0 days 00:00:00.380000,answer3,2.4585216,-8.425033,22.34385,0.00783176,0.0007896921,0.30581895,20.882807,-10.446881,11.59941,-1.0081402,31.621323,0.048456695,1.4516896,5.940883,22.597654,25.48435,623.6778,1247.5442,7.520885,1539.4325,998.64886,-3.7454207,2481.8613,1010.75616,-14.97214,0 days 00:00:13.493213213,0 days 00:00:13.593213213
0 days 00:00:00.290000,0 days 00:00:00.390000,answer3,2.5420244,-7.9240265,22.207159,0.0067939735,-0.00050332426,0.2847269,20.137518,-10.008264,12.652274,-2.5158863,31.75035,0.02870734,1.6265825,6.715407,21.546783,24.643799,933.00714,1097.848,1.3267527,1902.1517,1079.8672,-6.946043,2989.7605,1073.9062,-14.629218,0 days 00:00:13.503213213,0 days 00:00:13.603213213
0 days 00:00:00.300000,0 days 00:00:00.400000,answer3,2.577094,-7.059338,22.219316,0.003343369,-0.001297005,0.29181397,19.476398,-9.281747,12.662679,-2.3488877,31.87568,0.062381145,0.7305437,7.63563,19.8602,19.64742,671.1606,1106.837,4.0687633,1636.2134,1034.6969,-8.095534,2619.676,879.39233,-9.88215,0 days 00:00:13.513213213,0 days 00:00:13.613213213
0 days 00:00:00.310000,0 days 00:00:00.410000,answer3,2.5878582,-5.7744565,22.092989,-0.0006372072,-0.0010632505,0.31860313,18.865522,-9.059328,12.265231,-0.44618568,31.993296,0.07642717,1.0644125,8.553693,18.211134,20.528936,624.5028,1202.4584,1.2071624,1647.2314,982.1772,-12.618381,2695.719,956.2334,-10.875073,0 days 00:00:13.523213213,0 days 00:00:13.623213213
0 days 00:00:00.320000,0 days 00:00:00.420000,answer3,2.6023512,-4.193083,21.17391,-0.0037288188,0.00014634484,0.36269104,18.054861,-9.760583,12.255855,2.1839397,32.093533,0.07612592,0.96527773,9.132406,16.66099,20.682024,302.20248,1372.485,0.0,1313.474,845.91974,-15.348163,2237.341,925.0457,-11.457839,0 days 00:00:13.533213213,0 days 00:00:13.633213213
0 days 00:00:00.330000,0 days 00:00:00.430000,answer3,2.6327083,-2.5601153,19.378424,-0.003039912,0.0005639263,0.39230004,16.916365,-11.148526,12.799759,4.033663,32.17461,0.026986944,1.2967606,9.053174,14.765343,20.362541,292.82352,1429.1498,7.449203,1310.4482,838.0749,-16.015287,2259.9539,907.20264,-12.243824,0 days 00:00:13.543213213,0 days 00:00:13.643213213
0 days 00:00:00.340000,0 days 00:00:00.440000,answer3,2.666236,-1.2346002,17.254648,0.001368418,-0.00097254687,0.37832668,15.695413,-12.571136,13.347051,4.1189055,32.308914,0.005807902,1.0801135,8.21532,11.890342,21.530745,583.2166,1187.663,-2.2223456,1564.9486,921.9378,-12.92369,2629.6016,940.3794,-15.347327,0 days 00:00:13.553213213,0 days 00:00:13.653213213
0 days 00:00:00.350000,0 days 00:00:00.450000,answer3,2.675463,-0.6235444,15.883159,0.0073414,-0.0049191196,0.32337487,14.910084,-13.25827,13.631142,2.825353,32.464024,0.0028951364,0.6949838,7.4273567,7.888235,14.813091,585.0077,1257.3287,-5.1631026,1539.4507,966.2715,-12.672982,2600.1265,933.2666,-11.570432,0 days 00:00:13.563213213,0 days 00:00:13.663213213
0 days 00:00:00.360000,0 days 00:00:00.460000,answer3,2.635184,-0.9884426,15.44819,0.013416324,-0.009150426,0.28245035,14.880353,-12.819249,13.837308,0.9421628,32.593952,0.0023439303,0.31079683,7.000912,3.6626403,7.770189,587.60034,1298.2748,-8.440719,1525.869,974.8779,-14.301236,2591.9534,940.73517,-7.8051457,0 days 00:00:13.573213213,0 days 00:00:13.673213213
0 days 00:00:00.370000,0 days 00:00:00.470000,answer3,2.5416553,-2.253639,16.062616,0.019028394,-0.012346152,0.27272454,15.510722,-11.285152,14.273044,-1.1003035,32.631847,0.0050514787,0.47978735,6.52261,1.1455096,-0.81256986,315.41428,1574.974,-1.8783557,1253.0114,934.2049,-17.873613,2170.833,854.41095,-1.4718906,0 days 00:00:13.583213213,0 days 00:00:13.683213213
0 days 00:00:00.380000,0 days 00:00:00.480000,answer3,2.4231873,-3.965258,17.89855,0.022925906,-0.01388624,0.28966773,16.473795,-9.1964445,14.713445,-3.403735,32.613224,0.0073794774,0.59633064,5.360178,-2.9737093,-5.1741624,341.44516,1489.8802,0.0,1282.3345,953.69183,-17.958971,2179.634,888.18555,-2.3245087,0 days 00:00:13.593213213,0 days 00:00:13.693213213
0 days 00:00:00.390000,0 days 00:00:00.490000,answer3,2.3258321,-5.534233,20.491947,0.024904897,-0.015019053,0.28949952,17.504377,-7.1638026,14.989747,-5.7434254,32.311893,0.0067984853,1.5758343,4.05156,0.44923368,-1.1298653,363.9459,1409.2103,-9.053385,1320.3004,944.9754,-16.317465,2221.7422,923.0,-5.9379478,0 days 00:00:13.603213213,0 days 00:00:13.703213213
0 days 00:00:00.400000,0 days 00:00:00.500000,answer3,2.2759078,-6.678967,22.31369,0.0244356,-0.015516814,0.27433994,18.455282,-5.5218368,15.400921,-7.5742836,32.038906,0.0063399933,1.5772206,3.1175869,4.4033947,3.8047168,415.8309,1288.4607,-11.106534,1379.2579,962.5539,-14.97478,2312.926,979.1242,-10.75898,0 days 00:00:13.613213213,0 days 00:00:13.713213213
0 days 00:00:00.410000,0 days 00:00:00.510000,answer3,2.2583463,-7.49427,23.075335,0.02544642,-0.015293092,0.25842628,19.329956,-4.126634,16.546436,-8.19994,31.1864,0.034747567,1.8569255,3.1245797,6.9943366,12.393304,422.9171,1218.7578,-5.770283,1412.9506,886.9178,-9.190088,2379.8975,990.37994,-14.491902,0 days 00:00:13.623213213,0 days 00:00:13.723213213
0 days 00:00:00.420000,0 days 00:00:00.520000,answer3,2.2360673,-8.239131,22.895952,0.02744022,-0.014441923,0.25648394,20.163916,-2.7013566,18.520689,-7.305389,30.443832,0.0352945,1.2354475,2.9108799,2.5690556,12.077336,424.08752,1204.934,-3.9216442,1429.2238,929.47314,-7.1681476,2372.4927,1098.795,-13.429927,0 days 00:00:13.633213213,0 days 00:00:13.733213213
0 days 00:00:00.430000,0 days 00:00:00.530000,answer3,2.1845913,-9.038018,23.177444,0.028854752,-0.013723618,0.26661476,21.051245,-1.1859418,20.657494,-5.1235967,29.478342,0.044690873,0.86970305,3.1909273,-2.6855385,12.497752,414.5793,1166.5249,1.5673741,1424.5255,854.7705,-4.8914256,2354.8306,1064.1963,-13.615916,0 days 00:00:13.643213213,0 days 00:00:13.743213213
0 days 00:00:00.440000,0 days 00:00:00.540000,answer3,2.10095,-9.94965,24.081823,0.0262428,-0.013337194,0.27414444,22.053894,0.22889142,22.010307,-2.335921,28.88225,0.024776442,0.42914155,2.971653,-1.9080871,12.50673,403.39746,1266.2482,0.09707451,1423.9438,908.3786,-10.902537,2358.146,1122.4253,-14.317742,0 days 00:00:13.653213213,0 days 00:00:13.753213213
0 days 00:00:00.450000,0 days 00:00:00.550000,answer3,1.994585,-11.006748,25.837831,0.019050915,-0.013002314,0.2571955,23.146278,1.4331671,22.237776,0.20026612,28.225662,0.03519252,0.069487974,3.5958784,0.6294926,19.192465,384.84775,1398.9994,-3.4716456,1444.6627,898.957,-12.354008,2449.031,1101.7628,-22.034616,0 days 00:00:13.663213213,0 days 00:00:13.763213213
0 days 00:00:00.460000,0 days 00:00:00.560000,answer3,1.8762194,-12.195206,27.45964,0.0122174965,-0.013087374,0.23633276,24.217438,2.502903,21.587614,1.8672994,27.656778,0.036054235,0.42210913,4.1049724,3.7775223,25.018244,483.21146,1728.097,-11.621781,1511.2133,1020.5252,-13.756505,2549.53,1115.3405,-27.17978,0 days 00:00:13.673213213,0 days 00:00:13.773213213
0 days 00:00:00.470000,0 days 00:00:00.570000,answer3,1.7529637,-13.450772,28.61946,0.0072682225,-0.013429792,0.23523712,25.151047,3.5897987,20.632341,2.738344,27.131384,0.036915947,0.7747302,4.596682,6.0805817,31.617655,503.54453,1864.5995,-12.057742,1571.5474,1030.9816,-13.410451,2664.5955,1128.86,-31.912088,0 days 00:00:13.683213213,0 days 00:00:13.783213213
0 days 00:00:00.480000,0 days 00:00:00.580000,answer3,1.6313143,-14.757164,29.413368,0.004280051,-0.013327452,0.25410262,25.959742,4.819506,19.897806,3.4780495,26.776764,0.038327873,0.95947003,4.6056976,8.1748495,33.911686,522.8471,1744.733,-11.886574,1597.7448,951.0379,-13.767476,2753.5012,1096.463,-31.940687,0 days 00:00:13.693213213,0 days 00:00:13.793213213
0 days 00:00:00.490000,0 days 00:00:00.590000,answer3,1.5200148,-16.11912,30.85137,0.0011772742,-0.012849833,0.26097432,26.705757,6.15976,19.72893,4.760368,26.501478,0.031029614,0.6816042,4.012257,10.380096,34.682995,422.1537,1454.297,-7.406939,1575.2648,825.9113,-16.45653,2790.0242,1128.559,-31.709837,0 days 00:00:13.703213213,0 days 00:00:13.803213213
0 days 00:00:00.500000,0 days 00:00:00.600000,answer3,1.4272407,-17.449919,32.914967,-0.0029612344,-0.012080417,0.23810272,27.299408,7.3997397,20.064924,6.6561465,25.617193,0.023731356,0.40373826,3.1126633,9.912868,33.61888,407.51416,1294.3109,-7.104725,1554.3656,781.0191,-17.877407,2774.494,1073.1146,-31.674461,0 days 00:00:13.713213213,0 days 00:00:13.813213213
0 days 00:00:00.510000,0 days 00:00:00.610000,answer3,1.3505241,-18.601837,34.759403,-0.0066909506,-0.01112908,0.19628392,27.460138,8.370963,20.480768,8.677904,24.929544,0.015882887,0.29375374,2.5551534,8.927774,32.906258,454.01697,1486.7709,-10.458352,1566.9912,828.2622,-18.634645,2748.9688,972.21405,-31.953981,0 days 00:00:13.723213213,0 days 00:00:13.823213213
0 days 00:00:00.520000,0 days 00:00:00.620000,answer3,1.2795217,-19.479057,35.99716,-0.011709738,-0.01036344,0.1744407,26.849401,9.033908,20.64406,10.065589,24.159384,0.046058487,0.7306959,2.7208927,8.121821,32.66594,543.153,1721.1586,-14.06068,1597.5048,942.0041,-18.758057,2718.4678,873.2495,-31.779778,0 days 00:00:13.733213213,0 days 00:00:13.833213213
0 days 00:00:00.530000,0 days 00:00:00.630000,answer3,1.2088737,-20.043196,36.30222,-0.01598227,-0.0096149305,0.1813004,25.156067,9.219115,21.057585,9.927829,24.171724,0.07623408,1.167638,3.2297251,10.600124,33.929768,525.85205,1793.9376,-15.428322,1583.6732,981.3906,-18.32949,2712.284,882.87695,-31.069223,0 days 00:00:13.743213213,0 days 00:00:13.843213213
0 days 00:00:00.540000,0 days 00:00:00.640000,answer3,1.1538092,-20.031876,35.90918,-0.019541161,-0.009432442,0.20799573,22.103722,8.357355,22.658066,7.322286,23.980072,0.10640969,1.6045803,3.2552025,13.294617,34.184193,463.25485,1638.0367,-13.208203,1543.0394,973.96173,-18.464752,2657.132,949.2221,-29.755613,0 days 00:00:13.753213213,0 days 00:00:13.853213213
0 days 00:00:00.550000,0 days 00:00:00.650000,answer3,1.1382917,-19.076986,34.904083,-0.022288822,-0.008947662,0.2204334,17.734396,6.087915,25.350677,2.1911783,23.880945,0.07868754,1.8634243,3.3136568,11.823464,31.394028,362.64157,1492.0477,-10.117481,1473.725,966.48895,-19.533339,2548.4072,1040.1053,-26.235184,0 days 00:00:13.763213213,0 days 00:00:13.863213213
0 days 00:00:00.560000,0 days 00:00:00.660000,answer3,1.1784114,-17.160534,32.954483,-0.02462661,-0.008073413,0.20003144,12.541329,2.9880764,27.9526,-4.481059,23.799337,0.06482647,1.9928465,3.2854323,10.818698,29.638117,383.23718,1448.0742,-74.11841,1452.2318,982.6066,-80.27685,2433.3625,974.5283,-83.21182,0 days 00:00:13.773213213,0 days 00:00:13.873213213
0 days 00:00:00.570000,0 days 00:00:00.670000,answer3,1.2634844,-14.794715,30.717062,-0.0245182,-0.008115069,0.16039245,7.4956307,0.23613103,29.466852,-10.601634,0.0,0.0,0.0,0.0,0.0,0.0,419.3879,1388.6569,-137.76404,1472.7725,1003.70044,-141.34319,2376.661,919.04645,-140.75536,0 days 00:00:13.783213213,0 days 00:00:13.883213213
0 days 00:00:00.580000,0 days 00:00:00.680000,answer3,1.3645964,-12.706044,28.489456,-0.02318628,-0.008184178,0.12130628,3.700636,-1.0616107,30.636679,-14.030407,0.0,0.0,0.0,0.0,0.0,0.0,499.22314,1399.0844,-201.0,1577.3286,992.2881,-201.0,2453.112,861.1924,-201.0,0 days 00:00:13.793213213,0 days 00:00:13.893213213
0 days 00:00:00.590000,0 days 00:00:00.690000,answer3,1.4542423,-11.358243,26.787857,-0.02147235,-0.007977639,0.10936644,2.1810915,-0.5611303,32.72382,-13.378009,0.0,0.0,0.0,0.0,0.0,0.0,569.6729,1377.4404,-201.0,1667.0895,874.03613,-201.0,2564.8525,947.674,-201.0,0 days 00:00:13.803213213,0 days 00:00:13.903213213
0 days 00:00:00.600000,0 days 00:00:00.700000,answer3,1.5184288,-10.94883,25.534063,-0.02045706,-0.006919261,0.12543216,3.212535,1.0687498,35.586903,-9.059587,0.0,0.0,0.0,0.0,0.0,0.0,709.02,1374.081,-201.0,1762.0391,766.2303,-201.0,2679.5818,964.32916,-201.0,0 days 00:00:13.813213213,0 days 00:00:13.913213213
0 days 00:00:00.610000,0 days 00:00:00.710000,answer3,1.5594627,-11.387036,24.797394,-0.018487377,-0.0057727285,0.15852618,6.28667,2.6341398,37.67737,-2.8802662,0.0,0.0,0.0,0.0,0.0,0.0,781.52545,1585.7318,-201.0,1759.8632,703.55536,-201.0,2684.9216,1133.44,-201.0,0 days 00:00:13.823213213,0 days 00:00:13.923213213
0 days 00:00:00.620000,0 days 00:00:00.720000,answer3,1.587931,-12.242349,25.146782,-0.015791638,-0.005320057,0.18595605,10.363634,3.2926722,37.68182,2.878088,0.0,0.0,0.0,0.0,0.0,0.0,670.48694,1678.6227,-201.0,1665.4935,803.2387,-201.0,2591.746,1051.0436,-201.0,0 days 00:00:13.833213213,0 days 00:00:13.933213213
0 days 00:00:00.630000,0 days 00:00:00.730000,answer3,1.6148392,-12.940211,26.012674,-0.012874778,-0.0054731946,0.19537632,14.385585,3.1792,36.074802,7.098696,0.0,0.0,0.0,0.0,0.0,0.0,488.40518,1717.9575,-134.22884,1520.8691,856.1069,-140.72398,2485.1965,1018.92303,-136.73567,0 days 00:00:13.843213213,0 days 00:00:13.943213213
0 days 00:00:00.640000,0 days 00:00:00.740000,answer3,1.6405879,-13.21022,26.359613,-0.010404792,-0.0062079527,0.1819518,17.617884,2.7496364,34.154163,9.78817,24.20641,0.0,0.0,4.644887,2.285913,15.429171,333.19565,1419.8208,-66.937195,1396.5795,854.08813,-77.10067,2413.749,854.1027,-75.69936,0 days 00:00:13.853213213,0 days 00:00:13.953213213
0 days 00:00:00.650000,0 days 00:00:00.750000,answer3,1.6498404,-13.215177,26.249086,-0.007219101,-0.0057208673,0.1567434,19.745989,2.1810465,32.65964,11.661575,24.087347,0.0,0.0,4.5765796,2.671581,16.85602,355.3589,1316.4486,0.18180549,1377.1914,846.13947,-12.784771,2385.8496,944.67706,-14.002633,0 days 00:00:13.863213213,0 days 00:00:13.963213213
0 days 00:00:00.660000,0 days 00:00:00.760000,answer3,1.6254047,-13.284928,26.323256,-0.0060895183,-0.0037193438,0.13983117,20.878191,1.5927814,31.164484,13.111886,23.858145,0.0,0.0,4.487559,4.0894356,19.935324,356.58267,1320.481,-0.2447166,1357.3795,901.6216,-14.397634,2310.4722,1025.7928,-16.090605,0 days 00:00:13.873213213,0 days 00:00:13.973213213
0 days 00:00:00.670000,0 days 00:00:00.770000,answer3,1.5643154,-13.587082,27.512405,-0.0065637655,-0.0015071732,0.14455478,21.228216,1.2550117,29.093817,13.9345255,23.735062,0.0,0.0,4.76007,6.7552466,19.545855,336.30896,1405.5934,-2.1933916,1334.7349,963.2962,-16.541988,2246.6565,1117.9252,-14.983998,0 days 00:00:13.883213213,0 days 00:00:13.983213213
0 days 00:00:00.680000,0 days 00:00:00.780000,answer3,1.4806652,-14.161632,29.384848,-0.011228889,-0.00073715206,0.15924662,21.05105,1.4685615,26.51333,13.775252,23.589706,0.0,1.5663861,5.057737,13.064522,23.103662,658.5473,1310.2657,-7.5721364,1714.2607,968.1257,-19.607527,2940.5098,1190.5138,-17.84393,0 days 00:00:13.893213213,0 days 00:00:13.993213213
0 days 00:00:00.690000,0 days 00:00:00.790000,answer3,1.3942877,-15.036441,31.426687,-0.015286404,-0.0014969371,0.16266963,20.729338,2.300573,24.062654,12.5802765,23.446276,0.022871803,1.2777458,5.290109,15.212592,24.18476,640.26294,1422.4996,-8.990946,1722.8647,966.8523,-13.47741,3025.9043,1164.6876,-18.195765,0 days 00:00:13.903213213,0 days 00:00:14.003213213
0 days 00:00:00.700000,0 days 00:00:00.800000,answer3,1.3207322,-16.124207,33.1103,-0.019268632,-0.0022145284,0.14025761,20.568794,3.4270859,22.347132,10.670986,23.24698,0.017803816,1.0512439,5.4146385,20.592585,25.656776,658.91675,1409.8726,-10.794696,1757.6871,948.1276,-10.451985,3089.5715,1166.0946,-19.045687,0 days 00:00:13.913213213,0 days 00:00:14.013213213
0 days 00:00:00.710000,0 days 00:00:00.810000,answer3,1.271112,-17.122316,33.230434,-0.01803276,-0.0023982944,0.111958675,20.61799,4.2775874,21.513855,8.261417,23.176401,0.008899826,0.74560785,5.5090194,17.536873,24.796335,342.87778,1549.4825,-6.9155846,1414.4723,966.87744,-8.981515,2456.1067,1104.0714,-17.683615,0 days 00:00:13.923213213,0 days 00:00:14.023213213
0 days 00:00:00.720000,0 days 00:00:00.820000,answer3,1.2523243,-17.62906,32.10385,-0.016663486,-0.002943278,0.08784512,20.728186,4.305585,21.264202,5.591329,23.11595,0.021631723,1.5235304,5.564762,19.101183,25.651918,374.5013,1464.5062,-4.5226445,1474.815,986.2241,-12.575191,2460.4656,1182.1833,-17.849714,0 days 00:00:13.933213213,0 days 00:00:14.033213213
0 days 00:00:00.730000,0 days 00:00:00.830000,answer3,1.26304,-17.504206,30.10758,-0.015174764,-0.0041837203,0.08206581,20.798132,3.4074771,21.018826,3.06407,23.158308,0.03688031,1.7941052,5.689537,15.923477,25.861273,396.43506,1416.2487,0.22797449,1528.4928,1025.6519,-14.875026,2449.0754,1201.5237,-16.93003,0 days 00:00:13.943213213,0 days 00:00:14.043213213
0 days 00:00:00.740000,0 days 00:00:00.840000,answer3,1.2913822,-16.985556,28.903708,-0.016229875,-0.0064561567,0.084202476,20.80304,1.9628433,20.31339,1.2030568,23.117798,0.043325856,1.9616319,5.8794417,16.912088,26.129622,408.7371,1375.6353,2.6286914,1524.2479,1048.9113,-16.334383,2377.748,1129.2052,-16.279472,0 days 00:00:13.953213213,0 days 00:00:14.053213213
0 days 00:00:00.750000,0 days 00:00:00.850000,answer3,1.3211894,-16.483068,28.640547,-0.018642776,-0.008633143,0.09639037,20.755775,0.6495344,19.045057,0.002745231,22.991064,0.028148783,0.9653795,6.036017,16.141964,26.353846,414.01514,1363.3646,2.178387,1486.9312,1068.6289,-16.098928,2315.7004,1027.0536,-16.517736,0 days 00:00:13.963213213,0 days 00:00:14.063213213
0 days 00:00:00.760000,0 days 00:00:00.860000,answer3,1.3443718,-16.25564,29.519007,-0.019119926,-0.011208137,0.110024005,20.714941,0.048149664,17.418282,-1.2544544,22.805365,0.013904943,0.56287,5.9820313,15.319508,23.683235,425.902,1329.6163,-1.0655016,1465.2579,1054.7563,-16.201462,2316.3281,940.86945,-14.676228,0 days 00:00:13.973213213,0 days 00:00:14.073213213
0 days 00:00:00.770000,0 days 00:00:00.870000,answer3,1.3638363,-16.30604,30.38581,-0.018522553,-0.0135677485,0.12099122,20.751839,0.25045273,15.782257,-3.2432826,22.608599,0.007516286,0.40356985,5.840385,14.6334,20.161121,440.84302,1253.5411,-4.329899,1477.665,1005.9609,-15.146705,2354.3645,937.2321,-11.90021,0 days 00:00:13.983213213,0 days 00:00:14.083213213
0 days 00:00:00.780000,0 days 00:00:00.880000,answer3,1.3883408,-16.472925,30.897127,-0.017205425,-0.015553318,0.11623689,20.96048,0.7956567,14.393059,-5.989765,22.473692,0.019705938,0.5443732,5.6062965,14.349912,17.54627,461.88428,1167.6659,-5.7922187,1527.5653,978.0291,-12.367528,2402.1345,1027.6512,-10.184493,0 days 00:00:13.993213213,0 days 00:00:14.093213213
0 days 00:00:00.790000,0 days 00:00:00.890000,answer3,1.4253458,-16.525747,30.735601,-0.016328579,-0.0164598,0.113115914,21.369883,0.9529658,13.219771,-8.879643,22.344172,0.017616306,0.8533214,5.3205857,15.027352,17.424736,476.54538,1127.6838,-4.834786,1587.8989,981.46924,-10.545488,2439.0317,1201.545,-11.191226,0 days 00:00:14.003213213,0 days 00:00:14.103213213
0 days 00:00:00.800000,0 days 00:00:00.900000,answer3,1.4822073,-16.20621,30.069672,-0.01589098,-0.016468389,0.10983481,21.94782,0.04536323,11.774361,-11.249837,22.242453,0.016968789,0.70906323,5.163226,17.597979,16.743147,494.7124,1151.938,-3.619796,1671.5992,1118.3365,-9.514693,2406.2507,1382.7305,-11.469655,0 days 00:00:14.013213213,0 days 00:00:14.113213213
0 days 00:00:00.810000,0 days 00:00:00.910000,answer3,1.5665776,-15.312062,29.063187,-0.013208861,-0.0151032815,0.12346228,22.569773,-2.1090002,9.614129,-12.820351,22.181648,0.0070598456,0.7739714,5.17144,21.300882,16.982885,512.414,1200.1522,-2.309924,1721.5072,1161.4178,-10.783252,2445.4797,1358.0884,-11.514482,0 days 00:00:14.023213213,0 days 00:00:14.123213213
0 days 00:00:00.820000,0 days 00:00:00.920000,answer3,1.6808052,-13.82207,27.739838,-0.010075897,-0.013299887,0.13696343,23.093122,-5.0620704,7.0076337,-13.719438,22.167639,0.010296042,0.5778909,5.142099,23.593363,17.58864,543.7187,1254.5182,-0.75915116,1747.9244,1207.9696,-11.730232,2455.7058,1211.0875,-11.016388,0 days 00:00:14.033213213,0 days 00:00:14.133213213
0 days 00:00:00.830000,0 days 00:00:00.930000,answer3,1.8173318,-11.992085,26.662025,-0.008199797,-0.011061457,0.15865411,23.4479,-7.955768,4.7122016,-14.14844,22.169333,0.01097224,0.8117964,4.8401628,21.894821,17.954954,545.639,1250.8036,1.3437424,1664.3545,1197.3817,-11.924304,2501.1025,1030.6249,-10.414121,0 days 00:00:14.043213213,0 days 00:00:14.143213213
0 days 00:00:00.840000,0 days 00:00:00.940000,answer3,1.9587427,-10.216458,25.934454,-0.008163032,-0.009723668,0.17594749,23.654505,-10.203324,3.2079604,-14.355958,22.169214,0.008476084,0.91899985,4.1295004,16.888655,17.85223,548.49677,1257.683,2.6166546,1586.0605,1318.8846,-10.670959,2510.738,1005.1857,-10.234496,0 days 00:00:14.053213213,0 days 00:00:14.153213213
0 days 00:00:00.850000,0 days 00:00:00.950000,answer3,2.0873926,-8.784405,25.648552,-0.009236319,-0.008503019,0.18615907,23.782698,-11.789027,2.2270534,-14.578744,22.14451,0.0038798105,0.83860993,2.9969378,11.746387,16.22253,532.468,1236.4669,2.8492634,1483.6289,1421.6527,-7.883114,2484.2637,967.0201,-8.82423,0 days 00:00:14.063213213,0 days 00:00:14.163213213
0 days 00:00:00.860000,0 days 00:00:00.960000,answer3,2.1928833,-7.759747,25.931353,-0.010546446,-0.008246686,0.18930465,23.913324,-12.920863,1.35682,-15.026066,22.074488,0.003156996,0.8159912,1.8299971,9.185731,15.453626,542.1131,1267.0679,2.2109249,1485.069,1490.7828,-5.76676,2530.3867,997.27637,-7.451189,0 days 00:00:14.073213213,0 days 00:00:14.173213213
0 days 00:00:00.870000,0 days 00:00:00.970000,answer3,2.2757525,-7.0439734,25.829378,-0.013424851,-0.0074477685,0.19228196,24.144907,-13.631679,0.6302303,-15.721072,25.272947,0.27098522,0.8806464,1.7898773,5.8806214,11.137256,523.6401,1260.7977,-2.7012494,1434.4681,1444.0426,-5.9084554,2402.1116,1076.5801,-9.129698,0 days 00:00:14.083213213,0 days 00:00:14.183213213
0 days 00:00:00.880000,0 days 00:00:00.980000,answer3,2.3420725,-6.520066,25.528906,-0.016379496,-0.006295115,0.21308903,24.495234,-13.777322,0.36278903,-16.588816,28.508749,0.29081154,1.0198523,2.2023227,3.5559797,8.963975,505.5492,1271.4022,-6.477348,1402.7152,1413.8175,-6.4499016,2306.2747,1233.526,-12.084045,0 days 00:00:14.093213213,0 days 00:00:14.193213213
0 days 00:00:00.890000,0 days 00:00:00.990000,answer3,2.3922892,-6.1517158,25.133326,-0.016333645,-0.0043607983,0.22785534,24.84641,-13.32557,0.6260142,-17.598448,31.789871,0.29999968,1.2181829,2.8168383,1.6688256,3.427268,517.4016,1355.0538,-6.811718,1448.1654,1453.2528,-6.041593,2030.0509,2117.6145,-11.728763,0 days 00:00:14.103213213,0 days 00:00:14.203213213
0 days 00:00:00.900000,0 days 00:00:01,answer3,2.42066,-5.9526024,25.161224,-0.014610413,-0.0030767794,0.23950379,25.060656,-12.813951,0.99536467,-18.329432,31.810656,0.039983395,1.3712229,2.71348,2.5664222,1.1049143,550.3923,1446.2144,-2.787605,1549.2106,1548.1786,-4.421295,1880.7163,2935.1326,-7.6433005,0 days 00:00:14.113213213,0 days 00:00:14.213213213
0 days 00:00:00.900000,0 days 00:00:01.000997732,answer3,2.4308586,-5.8860793,25.310081,-0.01266439,-0.0025008337,0.23511,25.12487,-12.488536,1.2017356,-18.73348,31.822824,0.030069107,1.6373049,2.7257178,3.3839328,-1.822135,580.2338,1524.7198,0.30258536,1640.9833,1617.5303,-3.9671524,1737.1844,3690.3455,-3.9671524,0 days 00:00:14.113213213,0 days 00:00:14.214210945
0 days 00:00:00,0 days 00:00:00.100000,answer4,1.3916236,-10.758155,26.176445,-0.017532535,-0.0042459867,0.02360344,-4.731511,-0.2708235,22.618277,-28.684782,0.0,0.0,0.0,0.0,0.0,0.0,677.5683,1465.4806,-201.0,1593.6869,1298.5238,-201.0,2511.8547,847.76483,-201.0,0 days 00:00:33.366700033,0 days 00:00:33.466700033
0 days 00:00:00.010000,0 days 00:00:00.110000,answer4,1.3853446,-10.828045,25.603674,-0.016679814,-0.004506758,0.04722434,-5.046116,0.1452036,22.143862,-29.47809,0.0,0.0,0.0,0.0,0.0,0.0,767.6328,1443.1051,-201.0,1725.38,1308.1351,-201.0,2547.9277,874.99634,-201.0,0 days 00:00:33.376700033,0 days 00:00:33.476700033
0 days 00:00:00.020000,0 days 00:00:00.120000,answer4,1.3596405,-11.13668,25.15479,-0.016524786,-0.004940161,0.069492705,-5.3001275,0.8453293,21.442072,-30.02741,0.0,0.0,0.0,0.0,0.0,0.0,795.6683,1464.9191,-201.0,1786.6381,1229.2306,-201.0,2597.7861,852.499,-201.0,0 days 00:00:33.386700033,0 days 00:00:33.486700033
0 days 00:00:00.030000,0 days 00:00:00.130000,answer4,1.2954994,-11.935429,25.537771,-0.019485831,-0.0054643527,0.068639904,-5.1850133,1.6316639,20.76992,-29.469223,0.0,0.0,0.0,0.0,0.0,0.0,709.9488,1517.001,-201.0,1757.7832,1130.5905,-201.0,2609.2031,815.01227,-201.0,0 days 00:00:33.396700033,0 days 00:00:33.496700033
0 days 00:00:00.040000,0 days 00:00:00.140000,answer4,1.1804767,-13.425471,26.788504,-0.020421205,-0.00578964,0.06985899,-4.8838425,2.2706785,20.070627,-28.125196,0.0,0.0,0.0,0.0,0.0,0.0,646.46716,1587.0939,-201.0,1662.4408,1184.7361,-201.0,2600.3184,791.9097,-201.0,0 days 00:00:33.406700033,0 days 00:00:33.506700033
0 days 00:00:00.050000,0 days 00:00:00.150000,answer4,1.0235269,-15.80513,28.812622,-0.021059902,-0.0068476363,0.072231285,-3.8460312,2.8496284,19.066984,-26.420237,0.0,0.0,0.0,0.0,0.0,0.0,609.27515,1554.5352,-201.0,1600.7106,1274.7408,-201.0,2548.5105,809.6186,-201.0,0 days 00:00:33.416700033,0 days 00:00:33.516700033
0 days 00:00:00.060000,0 days 00:00:00.160000,answer4,0.87188554,-18.940073,31.59294,-0.018688457,-0.010048636,0.07335487,-0.65587646,3.593481,16.974543,-24.97775,0.0,0.0,0.0,0.0,0.0,0.0,758.86505,1596.9637,-201.0,1794.6422,1244.8097,-201.0,2994.8672,972.6807,-201.0,0 days 00:00:33.426700033,0 days 00:00:33.526700033
0 days 00:00:00.070000,0 days 00:00:00.170000,answer4,0.79641825,-21.741623,35.313496,-0.010350609,-0.014253867,0.07912183,4.975975,4.2230854,13.919883,-22.98594,0.0,0.0,0.0,0.0,0.0,0.0,744.8393,1649.8903,-201.0,1803.6781,1522.585,-201.0,2897.216,1144.6041,-201.0,0 days 00:00:33.436700033,0 days 00:00:33.536700033
0 days 00:00:00.080000,0 days 00:00:00.180000,answer4,0.842328,-22.88945,38.11175,0.0014367299,-0.018050883,0.099453725,11.636024,4.255265,10.764748,-20.567724,0.0,0.0,0.0,0.0,0.0,0.0,667.7764,1945.4258,-201.0,1849.5187,1628.5319,-201.0,2944.9612,1460.7379,-201.0,0 days 00:00:33.446700033,0 days 00:00:33.546700033
0 days 00:00:00.090000,0 days 00:00:00.190000,answer4,0.9989202,-21.97991,39.4335,0.012309142,-0.018736051,0.13372512,17.416412,3.2743845,8.2914505,-17.73315,0.0,0.0,0.0,0.0,0.0,0.0,432.48624,1766.6285,-201.0,1591.5026,1640.1683,-201.0,2440.3967,1361.962,-201.0,0 days 00:00:33.456700033,0 days 00:00:33.556700033
0 days 00:00:00.100000,0 days 00:00:00.200000,answer4,1.2088072,-19.88822,38.695297,0.015946696,-0.017658416,0.16745158,21.57015,1.8858341,6.5841928,-15.6843405,0.0,0.0,0.0,0.0,0.0,0.0,388.2596,1493.6676,-201.0,1561.0992,1112.1351,-201.0,2552.3635,1120.7716,-201.0,0 days 00:00:33.466700033,0 days 00:00:33.566700033
0 days 00:00:00.110000,0 days 00:00:00.210000,answer4,1.4111395,-17.815706,37.11103,0.015120606,-0.015255906,0.1839387,24.543795,0.8420065,5.320361,-14.411003,0.0,0.0,0.0,0.0,0.0,0.0,466.55984,1143.096,-201.0,1570.6774,888.1221,-201.0,2588.1284,746.179,-201.0,0 days 00:00:33.476700033,0 days 00:00:33.576700033
0 days 00:00:00.120000,0 days 00:00:00.220000,answer4,1.5603766,-16.30121,35.1154,0.012849213,-0.013632211,0.17855884,26.494238,0.7168731,4.649399,-13.48821,0.0,0.0,0.0,0.0,0.0,0.0,460.82632,1126.2749,-132.27654,1522.2015,849.55023,-138.6447,2612.1023,670.26855,-139.11975,0 days 00:00:33.486700033,0 days 00:00:33.586700033
0 days 00:00:00.130000,0 days 00:00:00.230000,answer4,1.6316131,-15.458415,33.243084,0.011416159,-0.012734379,0.16396742,27.484705,1.4732113,4.58144,-12.557068,27.271212,0.0,0.0,2.5161846,0.31974506,22.323082,466.0057,1203.0448,-64.248665,1487.9723,948.44586,-74.84819,2604.9294,695.6104,-78.91756,0 days 00:00:33.496700033,0 days 00:00:33.596700033
0 days 00:00:00.140000,0 days 00:00:00.240000,answer4,1.6222239,-15.269622,32.199104,0.0109211365,-0.012190924,0.1587971,27.591736,2.821211,5.1889343,-11.332921,26.744963,0.0,0.0,2.2003982,0.6927833,22.862976,446.03775,1184.2808,3.3904793,1405.6683,979.6955,-10.609757,2545.3933,727.01227,-18.779715,0 days 00:00:33.506700033,0 days 00:00:33.606700033
0 days 00:00:00.150000,0 days 00:00:00.250000,answer4,1.5520945,-15.64914,31.976257,0.010685044,-0.011287303,0.16454965,26.788198,4.4028354,6.7548995,-9.758079,26.189728,0.0,0.0,1.4622527,0.8717523,23.556488,443.54883,1281.941,1.4950333,1397.827,1068.5548,-9.490047,2582.122,794.2581,-21.189701,0 days 00:00:33.516700033,0 days 00:00:33.616700033
0 days 00:00:00.160000,0 days 00:00:00.260000,answer4,1.4601601,-16.327936,32.509277,0.008378261,-0.010237308,0.16820204,24.90299,5.8930054,9.330318,-8.142384,25.098793,0.0,0.0,1.5411364,-0.79446787,20.78569,432.24548,1321.0477,-1.1189662,1364.3271,1129.8105,-11.03291,2494.5579,960.8562,-22.699125,0 days 00:00:33.526700033,0 days 00:00:33.626700033
0 days 00:00:00.170000,0 days 00:00:00.270000,answer4,1.3879613,-16.841124,33.181767,0.0051155104,-0.009299003,0.16087577,21.860678,6.975531,12.316223,-7.0838933,24.531591,0.0,0.0,1.8103628,-0.7450922,20.025091,435.38608,1364.319,-4.4012375,1382.7621,1205.1318,-13.774112,2479.4333,996.3423,-24.968689,0 days 00:00:33.536700033,0 days 00:00:33.636700033
0 days 00:00:00.180000,0 days 00:00:00.280000,answer4,1.3562117,-16.8302,32.573162,0.0003988721,-0.007847611,0.15260428,17.986721,7.346789,14.588584,-7.1759562,23.961607,0.0,2.2903364,2.4605181,0.9432394,19.844233,545.83057,1486.9076,-8.505658,1479.2964,1245.0703,-17.95579,2463.2693,926.2793,-26.00821,0 days 00:00:33.546700033,0 days 00:00:33.646700033
0 days 00:00:00.190000,0 days 00:00:00.290000,answer4,1.3570561,-16.324007,31.024199,-0.0042098644,-0.006204976,0.14491828,13.927978,6.7915206,15.229145,-8.787509,23.87397,0.0,2.032481,3.625571,3.9138558,20.902655,710.2702,1561.6783,-12.578864,1602.4918,1331.859,-19.461823,2553.8723,769.1643,-25.106659,0 days 00:00:33.556700033,0 days 00:00:33.656700033
0 days 00:00:00.200000,0 days 00:00:00.300000,answer4,1.3660755,-15.672683,28.97075,-0.00541836,-0.005208938,0.13398455,10.301053,5.2964363,14.079803,-11.755733,23.815525,0.09115123,1.903553,4.250104,5.0772905,20.523499,722.44476,1509.4059,-76.93574,1605.7335,1269.7521,-80.95906,2562.0742,716.3732,-82.974945,0 days 00:00:33.566700033,0 days 00:00:33.666700033
0 days 00:00:00.210000,0 days 00:00:00.310000,answer4,1.3624883,-15.217461,27.791098,-0.0035864187,-0.005149407,0.11257598,7.482029,3.128556,11.7753525,-15.4058075,0.0,0.0,0.0,0.0,0.0,0.0,636.2309,1349.3514,-139.65935,1549.4498,1215.1127,-140.2524,2539.3474,744.7051,-141.40569,0 days 00:00:33.576700033,0 days 00:00:33.676700033
0 days 00:00:00.220000,0 days 00:00:00.320000,answer4,1.3369185,-15.111688,27.266584,-0.00055892457,-0.0057050674,0.09109189,5.7776933,0.9359684,9.5446825,-18.423899,0.0,0.0,0.0,0.0,0.0,0.0,511.63736,1244.0411,-201.0,1505.478,1124.0537,-201.0,2533.9001,821.9172,-201.0,0 days 00:00:33.586700033,0 days 00:00:33.686700033
0 days 00:00:00.230000,0 days 00:00:00.330000,answer4,1.2970587,-15.41156,27.499208,-0.0016304882,-0.0065820958,0.08497327,6.0088725,0.168316,9.181615,-19.199547,0.0,0.0,0.0,0.0,0.0,0.0,540.1541,1286.2687,-201.0,1559.5996,1207.0565,-201.0,2562.8977,934.4763,-201.0,0 days 00:00:33.596700033,0 days 00:00:33.696700033
0 days 00:00:00.240000,0 days 00:00:00.340000,answer4,1.2728721,-16.06883,28.420265,-0.00407682,-0.008150942,0.10850495,8.840673,1.5371832,10.774479,-18.329315,0.0,0.0,0.0,0.0,0.0,0.0,564.87756,1343.9242,-201.0,1570.5116,1368.1235,-201.0,2528.4998,1080.1471,-201.0,0 days 00:00:33.606700033,0 days 00:00:33.706700033
0 days 00:00:00.250000,0 days 00:00:00.350000,answer4,1.3047806,-16.794638,29.812798,-0.0028852976,-0.011078358,0.16497892,14.05088,4.2133427,12.536654,-17.592245,0.0,0.0,0.0,0.0,0.0,0.0,578.2414,1379.2584,-201.0,1545.1791,1537.7548,-201.0,2457.3193,1127.7474,-201.0,0 days 00:00:33.616700033,0 days 00:00:33.716700033
0 days 00:00:00.260000,0 days 00:00:00.360000,answer4,1.4095894,-17.121767,31.500147,0.00095970434,-0.014647777,0.22802107,20.15204,6.3631287,12.371228,-18.518274,0.0,0.0,0.0,0.0,0.0,0.0,545.78973,1420.0702,-201.0,1473.3431,1622.3799,-201.0,2373.7158,1075.4501,-201.0,0 days 00:00:33.626700033,0 days 00:00:33.726700033
0 days 00:00:00.270000,0 days 00:00:00.370000,answer4,1.563362,-16.860607,33.081623,0.0055699795,-0.018315887,0.26719847,25.518394,7.0773544,10.178145,-20.514805,0.0,0.0,0.0,0.0,0.0,0.0,476.96436,1563.7568,-134.5136,1344.7832,1576.9803,-137.32681,2357.193,911.8332,-139.74055,0 days 00:00:33.636700033,0 days 00:00:33.736700033
0 days 00:00:00.280000,0 days 00:00:00.380000,answer4,1.7148546,-16.267076,33.84933,0.009603293,-0.021711225,0.26721135,29.383005,6.785366,7.352932,-22.368628,26.666348,0.0,0.0,5.537118,0.39436668,19.387714,390.65457,1767.7164,-101.27041,1222.4741,1491.3036,-74.756805,2366.3955,806.1556,-80.25962,0 days 00:00:33.646700033,0 days 00:00:33.746700033
0 days 00:00:00.290000,0 days 00:00:00.390000,answer4,1.8225473,-15.775677,33.851963,0.011491984,-0.024193823,0.25122002,31.80274,6.127317,4.8491836,-23.518911,26.565321,0.0,0.0,4.327705,-0.91298276,21.136637,356.73648,1842.2876,0.0,1128.8164,1399.4989,-13.399167,2382.2737,749.52,-22.038063,0 days 00:00:33.656700033,0 days 00:00:33.756700033
0 days 00:00:00.300000,0 days 00:00:00.400000,answer4,1.8730301,-15.570924,33.526077,0.012490387,-0.026462184,0.24937032,33.107895,5.435877,2.9841328,-23.750051,26.25585,0.0,0.0,2.3820548,-3.635871,23.466843,373.3152,1813.4293,2.2581692,1127.1312,1383.2894,-13.742677,2398.4844,742.9124,-25.681051,0 days 00:00:33.666700033,0 days 00:00:33.766700033
0 days 00:00:00.310000,0 days 00:00:00.410000,answer4,1.876119,-15.560765,33.751392,0.010985603,-0.02749186,0.26051912,33.49661,4.839527,1.800785,-23.068872,25.504923,0.0,0.0,0.85296017,-6.1139793,23.831095,392.35587,1940.2689,2.2071583,1110.711,1462.2653,-12.043475,2436.3704,788.99774,-27.737915,0 days 00:00:33.676700033,0 days 00:00:33.776700033
0 days 00:00:00.320000,0 days 00:00:00.420000,answer4,1.8452517,-15.62346,33.85509,0.008940739,-0.02704466,0.26421922,33.05953,4.374621,1.229703,-21.867075,24.791864,0.0,4.1601105,0.27257338,-6.0700736,23.665688,544.12384,1955.1051,1.0972149,1244.2711,1840.9932,-13.552495,2468.17,860.20685,-27.760778,0 days 00:00:33.686700033,0 days 00:00:33.786700033
0 days 00:00:00.330000,0 days 00:00:00.430000,answer4,1.7833076,-15.746686,33.700333,0.006857961,-0.025130099,0.2524007,31.885742,4.0278287,1.2148623,-20.683237,24.17312,0.0,3.3226678,-0.30243114,-1.1851616,24.31018,566.2988,1843.7958,-0.49826446,1291.9601,1882.6279,-14.698529,2442.719,914.26984,-26.278429,0 days 00:00:33.696700033,0 days 00:00:33.796700033
0 days 00:00:00.340000,0 days 00:00:00.440000,answer4,1.687491,-16.088686,33.144142,0.0038297523,-0.022035638,0.23906307,30.166643,3.8627675,1.8104922,-19.877367,23.874258,0.027955461,2.2874906,-0.08768156,4.772949,26.488321,625.98145,1559.5514,-1.2332374,1448.4326,1822.7802,-17.921423,2464.7163,876.3464,-25.133934,0 days 00:00:33.706700033,0 days 00:00:33.806700033
0 days 00:00:00.350000,0 days 00:00:00.450000,answer4,1.56838,-16.827066,32.760242,0.003129144,-0.019585975,0.23331374,28.213415,4.0488358,3.1281633,-19.626612,23.72966,0.042964,1.9429268,0.17825453,6.5770574,26.207893,509.59085,1405.3077,-0.88542485,1408.6426,1460.4946,-14.897628,2454.841,851.7823,-23.8656,0 days 00:00:33.716700033,0 days 00:00:33.816700033
0 days 00:00:00.360000,0 days 00:00:00.460000,answer4,1.4598589,-17.912134,32.68276,0.00530034,-0.017249083,0.23326288,26.416456,4.5382767,5.1638355,-20.093748,22.955755,0.05573539,2.4358056,0.88323927,6.605856,26.047209,496.177,1328.9563,0.7451956,1435.9414,1338.0419,-13.170611,2481.748,783.5108,-21.674881,0 days 00:00:33.726700033,0 days 00:00:33.826700033
0 days 00:00:00.370000,0 days 00:00:00.470000,answer4,1.4130682,-18.770761,32.855236,0.011106814,-0.016860971,0.22500269,25.05941,4.6832957,7.751732,-21.635284,22.366522,0.06645739,2.5176206,1.62172,5.0384064,24.43155,461.42957,1248.9166,3.6732643,1409.6403,1251.7651,-8.693776,2445.9558,816.7495,-17.384298,0 days 00:00:33.736700033,0 days 00:00:33.836700033
0 days 00:00:00.380000,0 days 00:00:00.480000,answer4,1.4507478,-18.84324,33.311954,0.018777084,-0.018205332,0.20801176,24.286592,3.9923317,10.147661,-24.317453,21.618383,0.059933696,1.9088221,2.3663883,4.709375,24.483839,467.8551,1371.7539,4.53037,1409.3076,1888.297,-5.215185,2212.1326,1032.0778,-12.874626,0 days 00:00:33.746700033,0 days 00:00:33.846700033
0 days 00:00:00.390000,0 days 00:00:00.490000,answer4,1.5457773,-18.088676,33.120052,0.024931313,-0.021082008,0.18180704,23.853872,2.5300624,11.633476,-27.4868,21.466215,0.05341001,1.3000237,2.5923288,1.7768766,22.962046,477.31552,1396.2979,5.1273685,1523.4979,1965.5621,-3.4506643,2294.5906,1114.3242,-9.447548,0 days 00:00:33.756700033,0 days 00:00:33.856700033
0 days 00:00:00.400000,0 days 00:00:00.500000,answer4,1.6353073,-17.085258,32.57586,0.026492609,-0.023125222,0.16783077,23.4106,0.8971863,11.718217,-30.06492,20.859896,0.05341001,1.3000237,1.465706,0.21024227,22.184954,584.91376,1404.7562,5.6147895,1694.445,1954.8164,-3.8874156,2356.8792,1066.986,-8.21193,0 days 00:00:33.766700033,0 days 00:00:33.866700033
0 days 00:00:00.410000,0 days 00:00:00.510000,answer4,1.6691102,-16.443087,31.95394,0.025028482,-0.02425909,0.16923468,22.667593,-0.45199323,10.608331,-31.086042,20.181625,0.05341001,1.3000237,0.28349778,0.039011955,20.155478,658.64996,1283.1115,9.311877,1876.7666,1287.2229,-5.0339694,2632.7864,837.45294,-5.763408,0 days 00:00:33.776700033,0 days 00:00:33.876700033
0 days 00:00:00.420000,0 days 00:00:00.520000,answer4,1.636212,-16.387163,32.209446,0.0211431,-0.023877613,0.17805123,21.73771,-1.2850572,8.657863,-30.437181,19.668043,0.07278151,1.7091312,-0.60644823,0.60866004,17.488707,739.37274,1288.5851,13.444455,1928.4277,1182.5643,-4.901193,2635.096,767.2334,-2.0896509,0 days 00:00:33.786700033,0 days 00:00:33.886700033
0 days 00:00:00.430000,0 days 00:00:00.530000,answer4,1.5594875,-16.839664,32.470173,0.018379768,-0.022919005,0.16598709,21.036545,-1.316114,6.236943,-28.728529,20.0147,0.09215301,2.1182387,0.034340937,1.3991934,14.488617,690.1223,1270.8522,15.968582,1875.3848,1147.937,-2.8190777,2639.9265,758.9282,2.3873475,0 days 00:00:33.796700033,0 days 00:00:33.896700033
0 days 00:00:00.440000,0 days 00:00:00.540000,answer4,1.4734532,-17.562235,32.51147,0.017547367,-0.020628372,0.14959048,20.827782,-0.64358646,3.783719,-27.031046,20.266518,0.11152451,2.5273461,0.22505772,1.841001,13.0502205,629.9136,1254.723,-55.432423,1798.7435,1198.4004,-68.02353,2642.7942,808.8967,-64.03788,0 days 00:00:33.806700033,0 days 00:00:33.906700033
0 days 00:00:00.450000,0 days 00:00:00.550000,answer4,1.3970753,-18.373995,32.319084,0.017870346,-0.01823718,0.124174304,21.025269,0.19539303,1.6452203,-26.113173,0.0,0.0,0.0,0.0,0.0,0.0,657.00555,1349.7059,-128.09364,1830.726,1284.1802,-133.83148,2679.2356,825.51483,-132.42824,0 days 00:00:33.816700033,0 days 00:00:33.916700033
0 days 00:00:00.460000,0 days 00:00:00.560000,answer4,1.3213099,-19.259647,32.55142,0.018747598,-0.016000612,0.11207306,21.177406,0.61167383,-0.020926714,-26.023046,0.0,0.0,0.0,0.0,0.0,0.0,679.32086,1431.6188,-201.0,1829.336,1451.703,-201.0,2665.8958,891.75903,-201.0,0 days 00:00:33.826700033,0 days 00:00:33.926700033
0 days 00:00:00.470000,0 days 00:00:00.570000,answer4,1.2221423,-20.383482,33.200848,0.017650219,-0.014706746,0.10769423,20.824186,0.5476731,-1.2143974,-26.217043,0.0,0.0,0.0,0.0,0.0,0.0,693.7769,1493.2772,-201.0,1811.1945,1508.6929,-201.0,2666.7766,876.3566,-201.0,0 days 00:00:33.836700033,0 days 00:00:33.936700033
0 days 00:00:00.480000,0 days 00:00:00.580000,answer4,1.0856524,-21.901743,34.16372,0.01512434,-0.014087132,0.11534206,19.733965,0.5411758,-1.7029136,-25.953074,0.0,0.0,0.0,0.0,0.0,0.0,602.22797,1387.8698,-201.0,1684.668,1584.0381,-201.0,2576.6511,958.06976,-201.0,0 days 00:00:33.846700033,0 days 00:00:33.946700033
0 days 00:00:00.490000,0 days 00:00:00.590000,answer4,0.9224755,-23.798014,35.22167,0.008087224,-0.013974146,0.120062865,17.954224,1.2402245,-0.8831182,-24.508194,0.0,0.0,0.0,0.0,0.0,0.0,541.1292,1283.6799,-201.0,1606.2203,1512.4938,-201.0,2527.322,977.0119,-201.0,0 days 00:00:33.856700033,0 days 00:00:33.956700033
0 days 00:00:00.500000,0 days 00:00:00.600000,answer4,0.7661033,-25.76108,36.277843,-0.00021246355,-0.014539084,0.10434166,15.802213,2.6594973,1.3242346,-22.102839,0.0,0.0,0.0,0.0,0.0,0.0,514.0037,1215.2839,-201.0,1582.4244,1407.9355,-201.0,2529.8303,1057.2474,-201.0,0 days 00:00:33.866700033,0 days 00:00:33.966700033
0 days 00:00:00.510000,0 days 00:00:00.610000,answer4,0.6530431,-27.267563,37.21194,-0.006097957,-0.015448913,0.0755999,13.82375,4.0428004,3.8975365,-19.536615,0.0,0.0,0.0,0.0,0.0,0.0,494.8854,1226.6273,-201.0,1548.7993,1295.8771,-201.0,2518.0508,1025.1406,-201.0,0 days 00:00:33.876700033,0 days 00:00:33.976700033
0 days 00:00:00.520000,0 days 00:00:00.620000,answer4,0.59486365,-27.99965,37.998734,-0.008837813,-0.015700722,0.048367757,12.288541,4.479838,5.4884734,-17.525343,0.0,0.0,0.0,0.0,0.0,0.0,485.8445,1242.0814,-201.0,1537.3257,1219.6246,-201.0,2527.4797,978.2949,-201.0,0 days 00:00:33.886700033,0 days 00:00:33.986700033
0 days 00:00:00.530000,0 days 00:00:00.630000,answer4,0.5736715,-28.094034,38.50467,-0.009845442,-0.014605455,0.03220549,11.052814,3.8203926,5.719173,-16.05843,0.0,0.0,0.0,0.0,0.0,0.0,476.94315,1264.8771,-201.0,1527.2787,1203.8807,-201.0,2495.138,962.4841,-201.0,0 days 00:00:33.896700033,0 days 00:00:33.996700033
0 days 00:00:00.540000,0 days 00:00:00.640000,answer4,0.56175727,-27.998945,38.694183,-0.010030918,-0.013018177,0.0279688,9.841025,2.6547754,5.3087077,-14.676772,0.0,0.0,0.0,0.0,0.0,0.0,477.58212,1314.2306,-201.0,1514.1918,1197.3099,-201.0,2506.1204,1005.40607,-201.0,0 days 00:00:33.906700033,0 days 00:00:34.006700033
0 days 00:00:00.550000,0 days 00:00:00.650000,answer4,0.5449722,-28.076843,38.74444,-0.010214559,-0.012317325,0.02756689,8.716836,1.7445747,4.996203,-13.263375,0.0,0.0,0.0,0.0,0.0,0.0,472.376,1343.3241,-201.0,1491.8151,1192.6072,-201.0,2493.248,1020.9484,-201.0,0 days 00:00:33.916700033,0 days 00:00:34.016700033
0 days 00:00:00.560000,0 days 00:00:00.660000,answer4,0.5244846,-28.390533,38.660397,-0.010408365,-0.011921453,0.027006872,7.931277,1.3683858,4.8632474,-11.892227,0.0,0.0,0.0,0.0,0.0,0.0,469.84476,1338.6666,-201.0,1466.6694,1128.6268,-201.0,2516.465,968.01825,-201.0,0 days 00:00:33.926700033,0 days 00:00:34.026700033
0 days 00:00:00.570000,0 days 00:00:00.670000,answer4,0.5068292,-28.769165,38.66096,-0.01301654,-0.01183188,0.023743322,7.530562,1.370471,4.7615104,-10.716331,0.0,0.0,0.0,0.0,0.0,0.0,455.09122,1431.0743,-201.0,1446.8217,1180.7943,-201.0,2475.388,981.7036,-201.0,0 days 00:00:33.936700033,0 days 00:00:34.036700033
0 days 00:00:00.580000,0 days 00:00:00.680000,answer4,0.49532804,-29.008766,38.6734,-0.014287804,-0.010832404,0.021385446,7.2444596,1.4201632,4.724804,-9.6609955,0.0,0.0,0.0,0.0,0.0,0.0,466.63733,1523.5343,-201.0,1447.9349,1280.3276,-201.0,2484.7454,1114.6835,-201.0,0 days 00:00:33.946700033,0 days 00:00:34.046700033
0 days 00:00:00.590000,0 days 00:00:00.690000,answer4,0.48975924,-29.018682,38.781178,-0.017525017,-0.009950616,0.02100771,6.858522,1.403997,5.038469,-8.402041,0.0,0.0,0.0,0.0,0.0,0.0,459.35254,1529.9586,-201.0,1435.3784,1268.655,-201.0,2466.3347,1075.8495,-201.0,0 days 00:00:33.956700033,0 days 00:00:34.056700033
0 days 00:00:00.600000,0 days 00:00:00.700000,answer4,0.48745796,-28.870779,38.849285,-0.021874262,-0.008598245,0.021502903,6.1975174,1.2958082,5.6595,-7.1162047,0.0,0.0,0.0,0.0,0.0,0.0,475.81992,1517.105,-201.0,1457.4794,1287.9651,-201.0,2510.7625,1118.9341,-201.0,0 days 00:00:33.966700033,0 days 00:00:34.066700033
0 days 00:00:00.610000,0 days 00:00:00.710000,answer4,0.488,-28.681335,38.894165,-0.028838813,-0.007472088,0.021876434,5.4460855,1.2323155,6.2985215,-6.306061,0.0,0.0,0.0,0.0,0.0,0.0,457.5055,1551.377,-201.0,1450.5104,1221.1779,-201.0,2554.7283,1081.2831,-201.0,0 days 00:00:33.976700033,0 days 00:00:34.076700033
0 days 00:00:00.620000,0 days 00:00:00.720000,answer4,0.4909962,-28.545815,38.95345,-0.032980353,-0.007118557,0.02269197,4.826686,1.2966553,6.6577497,-6.58576,0.0,0.0,0.0,0.0,0.0,0.0,482.59253,1687.5781,-201.0,1457.982,1471.5927,-201.0,2514.9377,1252.9901,-201.0,0 days 00:00:33.986700033,0 days 00:00:34.086700033
0 days 00:00:00.630000,0 days 00:00:00.730000,answer4,0.49576974,-28.507294,38.953236,-0.036182128,-0.007987367,0.024277592,4.5850053,1.6036531,6.8403225,-7.7372794,0.0,0.0,0.0,0.0,0.0,0.0,479.7122,1665.4525,-201.0,1444.3527,1450.6382,-201.0,2478.6187,1186.4272,-201.0,0 days 00:00:33.996700033,0 days 00:00:34.096700033
0 days 00:00:00.640000,0 days 00:00:00.740000,answer4,0.50011605,-28.57097,39.025776,-0.034191992,-0.009136096,0.024162056,4.6918054,2.0243778,7.0308433,-9.021282,0.0,0.0,0.0,0.0,0.0,0.0,487.47134,1642.2589,-201.0,1424.6224,1517.236,-201.0,2401.2498,1108.2303,-201.0,0 days 00:00:34.006700033,0 days 00:00:34.106700033
0 days 00:00:00.650000,0 days 00:00:00.750000,answer4,0.50295264,-28.693495,39.071873,-0.033227775,-0.009410101,0.022185937,5.132673,2.401625,7.2990036,-9.507361,0.0,0.0,0.0,0.0,0.0,0.0,463.3497,1516.9291,-201.0,1421.1997,1290.7368,-201.0,2429.3118,959.1123,-201.0,0 days 00:00:34.016700033,0 days 00:00:34.116700033
0 days 00:00:00.660000,0 days 00:00:00.760000,answer4,0.5036945,-28.816706,39.161236,-0.031938504,-0.008463853,0.019618401,5.7245426,2.4965458,7.376657,-9.229254,0.0,0.0,0.0,0.0,0.0,0.0,448.32632,1718.1996,-201.0,1393.2128,1443.5254,-201.0,2384.1443,1031.5472,-201.0,0 days 00:00:34.026700033,0 days 00:00:34.126700033
0 days 00:00:00.670000,0 days 00:00:00.770000,answer4,0.5019117,-28.905352,39.098774,-0.034425933,-0.0075426404,0.019163495,6.2126565,2.343442,7.245802,-8.628896,0.0,0.0,0.0,0.0,0.0,0.0,631.6225,1753.7607,-201.0,1676.9503,1373.8717,-201.0,2831.6897,1139.9349,-201.0,0 days 00:00:34.036700033,0 days 00:00:34.136700033
0 days 00:00:00.680000,0 days 00:00:00.780000,answer4,0.49712965,-28.9568,38.90668,-0.03989056,-0.0066977474,0.019569768,6.246432,2.1002202,7.107403,-8.3002205,0.0,0.0,0.0,0.0,0.0,0.0,755.33813,1905.416,-201.0,1856.4528,1445.9108,-201.0,3113.338,1395.0326,-201.0,0 days 00:00:34.046700033,0 days 00:00:34.146700033
0 days 00:00:00.690000,0 days 00:00:00.790000,answer4,0.48987558,-28.99852,38.568665,-0.043420177,-0.006418813,0.020749912,5.8341813,2.1468267,7.425898,-8.213067,0.0,0.0,0.0,0.0,0.0,0.0,773.60126,1717.3405,-201.0,1905.0713,1321.5376,-201.0,3174.9414,1357.1766,-201.0,0 days 00:00:34.056700033,0 days 00:00:34.156700033
0 days 00:00:00.700000,0 days 00:00:00.800000,answer4,0.48192668,-29.066315,38.28232,-0.045280725,-0.006163267,0.021337599,5.247577,2.5599422,8.115432,-8.252793,0.0,0.0,0.0,0.0,0.0,0.0,583.87384,1698.4987,-201.0,1632.6178,1371.3475,-201.0,2763.0176,1297.3956,-201.0,0 days 00:00:34.066700033,0 days 00:00:34.166700033
0 days 00:00:00.710000,0 days 00:00:00.810000,answer4,0.47498083,-29.196152,38.26703,-0.04127912,-0.006322706,0.02113909,4.835205,3.1352453,8.712605,-8.224337,0.0,0.0,0.0,0.0,0.0,0.0,687.7954,1575.6561,-201.0,1733.4554,1259.9994,-201.0,2886.215,1051.0975,-201.0,0 days 00:00:34.076700033,0 days 00:00:34.176700033
0 days 00:00:00.720000,0 days 00:00:00.820000,answer4,0.46990955,-29.380243,38.509037,-0.038409963,-0.0071942373,0.021311209,4.7476416,3.589178,8.782983,-8.006439,0.0,0.0,0.0,0.0,0.0,0.0,673.1213,1634.9703,-201.0,1700.3107,1273.3173,-201.0,2865.5322,1035.686,-201.0,0 days 00:00:34.086700033,0 days 00:00:34.186700033
0 days 00:00:00.730000,0 days 00:00:00.830000,answer4,0.46772096,-29.522898,38.864666,-0.035816748,-0.008638708,0.021606708,4.8416533,3.5974178,8.195678,-7.762607,0.0,0.0,0.0,0.0,0.0,0.0,870.5737,1690.213,-201.0,1963.6211,1272.6895,-201.0,3273.6814,1100.1078,-201.0,0 days 00:00:34.096700033,0 days 00:00:34.196700033
0 days 00:00:00.740000,0 days 00:00:00.840000,answer4,0.47101605,-29.521307,39.176407,-0.034647647,-0.010220311,0.022916554,5.1035924,3.1606476,7.120201,-8.109994,0.0,0.0,0.0,0.0,0.0,0.0,530.575,2132.9792,-201.0,1622.2335,1590.3818,-201.0,2832.0212,1301.5331,-201.0,0 days 00:00:34.106700033,0 days 00:00:34.206700033
0 days 00:00:00.750000,0 days 00:00:00.850000,answer4,0.48845378,-29.309084,39.345966,-0.031744365,-0.01181345,0.025500873,6.0104623,2.4156127,5.1278553,-10.57254,0.0,0.0,0.0,0.0,0.0,0.0,649.2864,2202.7625,-201.0,1790.6779,1657.7736,-201.0,3024.1272,1528.0221,-201.0,0 days 00:00:34.116700033,0 days 00:00:34.216700033
0 days 00:00:00.760000,0 days 00:00:00.860000,answer4,0.5417441,-28.718119,39.363968,-0.023239853,-0.015654808,0.040372673,8.366584,1.6986008,1.6400014,-16.35002,0.0,0.0,0.0,0.0,0.0,0.0,456.36154,2035.3268,-201.0,1561.007,1567.709,-201.0,2619.829,1435.5327,-201.0,0 days 00:00:34.126700033,0 days 00:00:34.226700033
0 days 00:00:00.770000,0 days 00:00:00.870000,answer4,0.6701607,-27.26285,39.396954,-0.0072560296,-0.021073187,0.08151408,12.120716,0.8762386,-2.788331,-25.223623,0.0,0.0,0.0,0.0,0.0,0.0,592.17456,1731.6157,-201.0,1567.735,1565.3131,-201.0,2590.2285,1297.4012,-201.0,0 days 00:00:34.136700033,0 days 00:00:34.236700033
0 days 00:00:00.780000,0 days 00:00:00.880000,answer4,0.90074223,-24.704208,39.474854,0.011342199,-0.025996467,0.1512968,16.080896,-0.18679018,-6.434439,-35.220913,0.0,0.0,0.0,0.0,0.0,0.0,497.6639,1415.7363,-201.0,1466.1935,1393.3247,-201.0,2431.0127,1065.3871,-201.0,0 days 00:00:34.146700033,0 days 00:00:34.246700033
0 days 00:00:00.790000,0 days 00:00:00.890000,answer4,1.2304045,-21.407295,38.69251,0.026791776,-0.028052941,0.2368338,19.014498,-1.4339342,-8.21512,-44.20964,0.0,0.0,0.0,0.0,0.0,0.0,532.033,1402.7871,-201.0,1477.598,1658.223,-201.0,2363.2297,1138.2203,-201.0,0 days 00:00:34.156700033,0 days 00:00:34.256700033
0 days 00:00:00.800000,0 days 00:00:00.900000,answer4,1.6054497,-18.308558,36.070564,0.035668347,-0.028468005,0.30831197,20.670172,-2.2997897,-8.448899,-50.84814,0.0,0.0,0.0,0.0,0.0,0.0,544.5075,1174.9413,-201.0,1593.7295,1611.8795,-201.0,2471.26,1232.3021,-201.0,0 days 00:00:34.166700033,0 days 00:00:34.266700033
0 days 00:00:00.810000,0 days 00:00:00.910000,answer4,1.9538201,-16.078516,32.32417,0.039406624,-0.029071758,0.34651867,21.577963,-2.5718708,-8.0472,-54.743973,0.0,0.0,0.0,0.0,0.0,0.0,553.0263,1305.0853,-201.0,1494.9746,1789.3403,-201.0,2461.8694,1175.0006,-201.0,0 days 00:00:34.176700033,0 days 00:00:34.276700033
0 days 00:00:00.820000,0 days 00:00:00.920000,answer4,2.2063315,-14.838315,28.954733,0.038762506,-0.029956862,0.33906198,22.134483,-2.3633645,-7.111765,-55.761356,0.0,0.0,0.0,0.0,0.0,0.0,529.0537,1399.7926,-131.30212,1354.1896,1680.7227,-132.5736,2509.4775,1046.4907,-140.1467,0 days 00:00:34.186700033,0 days 00:00:34.286700033
0 days 00:00:00.830000,0 days 00:00:00.930000,answer4,2.3253255,-14.34994,27.4012,0.032810245,-0.03036318,0.30393174,22.267843,-2.0625765,-5.71875,-54.314434,37.884678,0.0,0.0,3.4504852,1.2622164,27.581963,412.0001,1784.1595,-96.453186,1136.9352,1578.7069,-68.98991,2417.577,864.4077,-81.7604,0 days 00:00:34.196700033,0 days 00:00:34.296700033
0 days 00:00:00.840000,0 days 00:00:00.940000,answer4,2.311096,-14.300247,27.381935,0.023975484,-0.029355874,0.2789819,21.698126,-1.6890388,-3.8821905,-50.96223,38.273914,0.0,0.0,3.446952,0.47389928,23.687483,551.57965,1801.8427,0.0,1389.8617,1517.7212,-12.906753,2486.259,847.8125,-21.603678,0 days 00:00:34.206700033,0 days 00:00:34.306700033
0 days 00:00:00.850000,0 days 00:00:00.950000,answer4,2.195832,-14.403588,28.290167,0.015205335,-0.02706174,0.2835014,20.196415,-1.0515817,-1.5217558,-46.694958,38.897785,0.0,0.9123201,4.207063,1.4752766,24.33935,651.9804,1764.0072,-10.787874,1667.8442,1493.1299,-24.954454,2544.073,985.6242,-26.524027,0 days 00:00:34.216700033,0 days 00:00:34.316700033
0 days 00:00:00.860000,0 days 00:00:00.960000,answer4,2.0228539,-14.451728,29.773527,0.009145456,-0.02399362,0.30990764,17.892015,-0.034596324,1.5764316,-42.511234,39.50526,0.0,0.9123201,6.0377135,3.6312835,24.80604,770.49023,1486.3774,-8.2408905,1933.935,1471.5648,-31.621847,2641.914,1110.9187,-28.969385,0 days 00:00:34.226700033,0 days 00:00:34.326700033
0 days 00:00:00.870000,0 days 00:00:00.970000,answer4,1.8287929,-14.438542,31.086601,0.004146918,-0.02134019,0.31565717,15.11048,1.001917,5.3199162,-39.036552,39.78034,0.0,1.7317606,7.2605457,7.252872,27.84286,624.1784,1400.1927,-4.3800364,1816.1456,1307.181,-28.707922,2624.7542,1091.3105,-30.803728,0 days 00:00:34.236700033,0 days 00:00:34.336700033
0 days 00:00:00.880000,0 days 00:00:00.980000,answer4,1.6442417,-14.48865,31.949518,0.00066053175,-0.020379608,0.28010824,12.288292,1.4227848,9.096504,-36.396214,39.843895,0.010807385,2.141481,7.671543,8.750557,27.519632,524.18994,1310.2103,-68.39027,1716.206,1127.5768,-85.08662,2632.5107,917.52545,-86.73669,0 days 00:00:34.246700033,0 days 00:00:34.346700033
0 days 00:00:00.890000,0 days 00:00:00.990000,answer4,1.5178133,-14.649708,32.030994,0.0046830378,-0.019654246,0.2359295,10.332275,0.7060693,11.081432,-35.307846,0.0,0.0,0.0,0.0,0.0,0.0,509.4209,1239.6273,-134.3413,1684.1686,983.6509,-142.00293,2627.783,785.84564,-142.67761,0 days 00:00:34.256700033,0 days 00:00:34.356700033
0 days 00:00:00.900000,0 days 00:00:01,answer4,1.457048,-14.807446,31.855463,0.011252348,-0.019379156,0.20506336,9.367268,-0.21530847,11.681694,-35.082417,0.0,0.0,0.0,0.0,0.0,0.0,511.42496,1231.7312,-201.0,1691.1909,949.6816,-201.0,2622.1182,795.9004,-201.0,0 days 00:00:34.266700033,0 days 00:00:34.366700033
0 days 00:00:00.900000,0 days 00:00:01.000997732,answer4,1.4482485,-14.876217,31.738298,0.017780295,-0.018514348,0.20340765,9.27741,-0.900209,11.215607,-35.504242,0.0,0.0,0.0,0.0,0.0,0.0,520.2266,1256.4531,-201.0,1701.4235,949.20636,-201.0,2616.457,815.8557,-201.0,0 days 00:00:34.266700033,0 days 00:00:34.367697765
0 days 00:00:00,0 days 00:00:00.100000,answer5,1.0849334,-16.693462,32.325428,-0.014065324,-0.007895044,0.041508276,6.1814404,-2.9701335,27.936539,-9.952947,0.0,0.0,0.0,0.0,0.0,0.0,789.38916,1747.6525,-201.0,1587.3895,1280.1967,-201.0,2610.2417,1838.8057,-201.0,0 days 00:01:05.498832165,0 days 00:01:05.598832165
0 days 00:00:00.010000,0 days 00:00:00.110000,answer5,1.2418315,-14.936923,30.879753,-0.012884964,-0.009381648,0.0877035,5.785607,-1.2201716,29.380365,-10.946899,0.0,0.0,0.0,0.0,0.0,0.0,888.81476,1660.6582,-201.0,1682.2701,1134.7523,-201.0,2706.6433,1719.769,-201.0,0 days 00:01:05.508832165,0 days 00:01:05.608832165
0 days 00:00:00.020000,0 days 00:00:00.120000,answer5,1.4505334,-12.806996,28.697876,-0.011570436,-0.010863028,0.12957542,5.030474,1.8256823,30.856241,-11.928182,0.0,0.0,0.0,0.0,0.0,0.0,873.60175,1557.5961,-201.0,1691.5883,1090.0287,-201.0,2634.9028,1710.6735,-201.0,0 days 00:01:05.518832165,0 days 00:01:05.618832165
0 days 00:00:00.030000,0 days 00:00:00.130000,answer5,1.6023769,-11.588558,27.033052,-0.0104728835,-0.011656656,0.11941156,3.9418201,5.4502373,31.01822,-11.927231,0.0,0.0,0.0,0.0,0.0,0.0,519.8254,1224.4106,-131.96199,1603.8029,889.25195,-140.06544,2371.6326,1057.519,-135.37114,0 days 00:01:05.528832165,0 days 00:01:05.628832165
0 days 00:00:00.040000,0 days 00:00:00.140000,answer5,1.689448,-11.003585,25.712835,-0.008995522,-0.011516623,0.10700044,2.6171544,8.610145,29.92553,-11.494075,32.83313,0.0,0.0,6.9508524,15.890182,12.128973,403.86356,1162.0729,-63.169388,1554.7509,847.33905,-78.38302,2302.9792,1066.5282,-71.25537,0 days 00:01:05.538832165,0 days 00:01:05.638832165
0 days 00:00:00.050000,0 days 00:00:00.150000,answer5,1.7387689,-10.716739,25.373678,-0.006825324,-0.011816277,0.115790226,1.6204629,10.332451,27.181007,-11.856524,32.923824,0.0,0.0,6.6976876,15.863198,12.770137,404.50015,1195.1997,4.9103312,1596.727,782.33185,-17.613234,2402.0083,1009.86053,-7.859806,0 days 00:01:05.548832165,0 days 00:01:05.648832165
0 days 00:00:00.060000,0 days 00:00:00.160000,answer5,1.7965508,-10.572682,25.273422,-0.0047546374,-0.013168267,0.15390757,1.7692665,10.127183,22.82969,-13.841418,33.086094,0.0,0.0,6.32348,15.863486,13.813759,406.38232,1399.6422,2.9938316,1677.2924,811.5618,-17.905958,2510.7864,2167.1133,-10.819926,0 days 00:01:05.558832165,0 days 00:01:05.658832165
0 days 00:00:00.070000,0 days 00:00:00.170000,answer5,1.8996806,-10.723141,25.151999,-0.0022410704,-0.014627456,0.21439959,3.9119148,8.746615,18.171923,-16.563147,33.106136,0.0,0.77715605,6.302219,14.976851,11.668019,614.4196,1437.0194,-6.7480774,1733.1206,892.0813,-18.931023,2613.1282,2152.461,-11.1140585,0 days 00:01:05.568832165,0 days 00:01:05.668832165
0 days 00:00:00.080000,0 days 00:00:00.180000,answer5,2.0419483,-11.345967,24.634766,0.001164582,-0.014791825,0.27486017,7.9143906,6.9479656,14.5666,-18.388216,33.290554,0.09434459,0.7459414,6.1650596,11.394447,8.916301,627.5365,1351.1256,-8.10486,1693.2637,1043.3604,-17.386011,2481.5852,2147.6497,-9.719121,0 days 00:01:05.578832165,0 days 00:01:05.678832165
0 days 00:00:00.090000,0 days 00:00:00.190000,answer5,2.1916454,-12.276604,24.493187,0.005851947,-0.012840781,0.31507412,12.988793,5.0480533,12.618561,-18.49175,33.340137,0.06988158,0.63103503,5.9562507,5.336727,6.138288,645.7534,1157.5518,-7.623684,1669.3883,1077.5953,-15.503494,2433.5015,1048.3693,-6.459933,0 days 00:01:05.588832165,0 days 00:01:05.688832165
0 days 00:00:00.100000,0 days 00:00:00.200000,answer5,2.3196776,-12.987166,24.235487,0.010254401,-0.010907295,0.3184311,17.889769,2.6869345,11.871628,-17.522552,33.274487,0.044484437,0.8625707,5.958284,-1.0639228,8.235598,441.43896,1116.6427,1.4047729,1512.2494,1138.5436,-13.103246,2227.0085,1042.7003,-6.8308244,0 days 00:01:05.598832165,0 days 00:01:05.698832165
0 days 00:00:00.110000,0 days 00:00:00.210000,answer5,2.4199295,-13.082123,23.358025,0.015750952,-0.009374826,0.2921261,21.77006,0.081911884,12.171252,-16.207005,32.98789,0.04925382,0.95819086,5.9615827,-4.4522614,13.47959,434.05957,1137.5908,2.8496017,1481.8187,1042.048,-12.736262,2327.2312,1024.462,-10.629988,0 days 00:01:05.608832165,0 days 00:01:05.708832165
0 days 00:00:00.120000,0 days 00:00:00.220000,answer5,2.489773,-12.604611,21.91509,0.020252151,-0.008792927,0.26297432,24.223143,-2.1727257,13.392868,-14.697543,32.79015,0.06340295,0.97037274,5.7493224,-4.8437843,19.80631,425.38345,1178.7072,3.5637767,1418.7163,1066.6938,-12.519052,2297.4316,1049.8112,-16.242533,0 days 00:01:05.618832165,0 days 00:01:05.718832165
0 days 00:00:00.130000,0 days 00:00:00.230000,answer5,2.5127237,-11.924716,20.793585,0.021491935,-0.00833578,0.24921732,25.350714,-3.783087,15.181844,-13.043794,32.654606,0.07704124,1.2653325,5.154529,-4.540464,22.553635,427.41232,1215.5708,3.9189332,1455.4259,1063.7021,-11.589307,2360.426,1093.0078,-18.634699,0 days 00:01:05.628832165,0 days 00:01:05.728832165
0 days 00:00:00.140000,0 days 00:00:00.240000,answer5,2.4660213,-11.409364,20.85305,0.019141298,-0.008391924,0.26468098,25.451357,-4.658357,17.082384,-11.315541,32.559483,0.060981393,1.6039382,4.0872817,-4.5990205,21.661016,426.51865,1246.0868,3.852547,1458.3322,1078.7357,-9.018795,2350.8884,1095.954,-17.80847,0 days 00:01:05.638832165,0 days 00:01:05.738832165
0 days 00:00:00.150000,0 days 00:00:00.250000,answer5,2.3447912,-11.264258,22.003187,0.013722506,-0.007924406,0.28406134,24.58985,-4.6157355,18.753904,-9.859309,32.534733,0.044481337,1.9172264,2.766279,-5.9845753,18.772383,431.37646,1287.3529,1.6613699,1482.8599,1095.7966,-6.700521,2432.4448,1068.8197,-17.111013,0 days 00:01:05.648832165,0 days 00:01:05.748832165
0 days 00:00:00.160000,0 days 00:00:00.260000,answer5,2.1797683,-11.522853,23.535057,0.008790404,-0.007174107,0.29373696,22.444862,-3.1907437,19.836763,-9.034768,32.675632,0.010595851,2.0353146,2.0979927,-6.893065,19.060278,449.51132,1386.3483,0.6572421,1534.1515,1137.8729,-9.359073,2511.841,1047.1003,-20.652246,0 days 00:01:05.658832165,0 days 00:01:05.758832165
0 days 00:00:00.170000,0 days 00:00:00.270000,answer5,2.018947,-12.021752,24.656733,0.0049364422,-0.0063936263,0.2868516,19.070307,-0.43885478,19.973465,-8.902653,32.871456,0.0093159005,1.4484444,2.7839336,-6.297859,16.871927,441.91446,1387.6556,-2.4068735,1485.3959,1163.849,-14.630416,2426.7744,1031.2361,-21.528013,0 days 00:01:05.668832165,0 days 00:01:05.768832165
0 days 00:00:00.180000,0 days 00:00:00.280000,answer5,1.9008193,-12.482403,25.150553,0.005127104,-0.006888579,0.2681298,15.260016,2.91442,18.952108,-9.157662,33.01624,0.0070759263,1.2433592,4.1783376,-3.6024487,17.413486,509.27115,1496.292,-3.4376829,1546.3885,1071.6088,-19.87002,2476.3992,958.792,-23.289268,0 days 00:01:05.678832165,0 days 00:01:05.778832165
0 days 00:00:00.190000,0 days 00:00:00.290000,answer5,1.8347377,-12.681977,25.350557,0.006053032,-0.007912704,0.23463161,12.093727,5.984163,17.037802,-9.352294,32.96691,0.020895317,1.1655511,4.9830394,-0.58014154,15.91423,492.41968,1424.7023,-5.829897,1540.1058,954.82733,-21.334753,2488.0908,1032.985,-21.933014,0 days 00:01:05.688832165,0 days 00:01:05.788832165
0 days 00:00:00.200000,0 days 00:00:00.300000,answer5,1.8102623,-12.588216,24.849974,0.0059791487,-0.008739847,0.18665099,10.0689745,8.24292,14.741035,-9.7592325,28.579855,0.18062574,1.7048979,4.089131,2.9835098,18.405985,521.5339,1544.1445,3.0690448,1346.1823,2570.0417,-13.3522215,2359.1062,1052.0597,-14.865872,0 days 00:01:05.698832165,0 days 00:01:05.798832165
0 days 00:00:00.210000,0 days 00:00:00.310000,answer5,1.8101726,-12.263625,23.825935,0.0055732895,-0.009041362,0.14686511,8.869051,9.500627,12.778604,-10.718425,24.18947,0.18791379,2.2027528,3.0246146,5.2372003,19.689604,500.58896,1566.0902,5.819828,1347.6847,2603.4314,-5.779077,2338.0254,1111.4364,-6.889099,0 days 00:01:05.708832165,0 days 00:01:05.808832165
0 days 00:00:00.220000,0 days 00:00:00.320000,answer5,1.8197002,-11.793073,22.544981,0.005930348,-0.009202004,0.13022716,7.9575768,9.769966,11.584363,-12.038482,19.801125,0.18783472,1.8824978,2.2020054,6.636913,21.375168,630.0073,1591.3833,9.077455,1429.1322,2653.3958,2.477568,2362.6775,1076.4478,1.0263225,0 days 00:01:05.718832165,0 days 00:01:05.818832165
0 days 00:00:00.230000,0 days 00:00:00.330000,answer5,1.8282461,-11.30833,22.070763,0.004017829,-0.0093541965,0.12481067,7.101525,9.467052,11.296136,-12.89054,19.629992,0.027903141,1.941379,2.1797245,6.774059,22.405273,740.4589,1450.3453,3.5880215,1801.7806,934.47705,1.2238673,2708.8389,1017.7581,-0.7460769,0 days 00:01:05.728832165,0 days 00:01:05.828832165
0 days 00:00:00.240000,0 days 00:00:00.340000,answer5,1.8268633,-11.031129,22.39062,-8.104866e-05,-0.008382227,0.11600944,6.414004,9.236767,11.5437155,-12.748878,19.48824,0.01825733,1.0621448,2.0252082,7.2130013,21.769072,818.20184,1232.0616,3.9949245,1847.7261,817.4563,1.3207194,2761.031,898.29663,-0.86431867,0 days 00:01:05.738832165,0 days 00:01:05.838832165
0 days 00:00:00.250000,0 days 00:00:00.350000,answer5,1.80874,-11.154395,23.22458,-0.004700484,-0.007076139,0.10358608,6.072712,9.4855585,11.700874,-11.935528,19.411968,0.0054448578,1.0855538,1.8464227,7.56029,20.87872,822.37274,1158.1459,-64.300674,1849.2367,721.91406,-66.8,2819.0593,810.3638,-67.65335,0 days 00:01:05.748832165,0 days 00:01:05.848832165
0 days 00:00:00.260000,0 days 00:00:00.360000,answer5,1.770843,-11.724196,24.240341,-0.006124008,-0.006304937,0.09668668,6.167568,10.2181635,11.310805,-11.207919,0.0,0.0,0.0,0.0,0.0,0.0,827.2932,1109.2874,-132.74744,1847.5021,680.1352,-133.50978,2826.1123,770.9321,-133.8899,0 days 00:01:05.758832165,0 days 00:01:05.858832165
0 days 00:00:00.270000,0 days 00:00:00.370000,answer5,1.7169995,-12.645759,25.664183,-0.0059938864,-0.0074323937,0.102324046,6.7745414,11.208707,10.46762,-11.249546,0.0,0.0,0.0,0.0,0.0,0.0,837.5903,1101.5897,-201.0,1864.4479,707.4012,-201.0,2829.429,743.79346,-201.0,0 days 00:01:05.768832165,0 days 00:01:05.868832165
0 days 00:00:00.280000,0 days 00:00:00.380000,answer5,1.6587449,-13.762993,27.620108,-0.0013579772,-0.009806854,0.11107961,8.06192,12.1391535,9.649348,-12.410565,0.0,0.0,0.0,0.0,0.0,0.0,831.14355,1127.5483,-134.05022,1877.942,744.7579,-132.27861,2825.8604,819.8328,-134.60712,0 days 00:01:05.778832165,0 days 00:01:05.878832165
0 days 00:00:00.290000,0 days 00:00:00.390000,answer5,1.6064925,-14.926582,29.309973,0.005803727,-0.012882789,0.12277367,10.100625,12.535762,9.252346,-14.314555,19.779427,0.0,1.3260012,2.3470078,8.889126,22.763988,829.1931,1145.9868,-66.07453,1886.1362,776.7198,-63.97082,2827.0674,849.732,-68.03106,0 days 00:01:05.788832165,0 days 00:01:05.888832165
0 days 00:00:00.300000,0 days 00:00:00.400000,answer5,1.5640707,-15.983129,30.541529,0.012716091,-0.015411474,0.12956843,12.667232,11.841702,9.358547,-16.08291,19.444664,0.0,1.204738,2.5177972,9.373215,22.413122,823.4239,1271.9868,2.5867422,1888.6937,872.47406,2.0844605,2838.3083,852.73615,-1.8087553,0 days 00:01:05.798832165,0 days 00:01:05.898832165
0 days 00:00:00.310000,0 days 00:00:00.410000,answer5,1.5266165,-16.762959,31.614557,0.016463464,-0.017406778,0.12747246,15.182426,9.818735,10.053891,-16.786207,19.14986,0.09724226,1.2116109,2.664735,9.425262,21.986572,732.262,1314.5453,4.132985,1830.4912,944.90424,-2.4528265,2775.6873,724.1733,-2.3711236,0 days 00:01:05.808832165,0 days 00:01:05.908832165
0 days 00:00:00.320000,0 days 00:00:00.420000,answer5,1.4882196,-17.09755,32.998222,0.017460559,-0.018332193,0.11811111,16.940722,6.84714,11.396588,-16.128578,18.740257,0.0937433,1.3943352,2.250085,8.798987,21.587004,603.2453,1311.5015,8.000545,1723.7975,968.31744,-4.9966965,2718.886,675.20483,-2.5338895,0 days 00:01:05.818832165,0 days 00:01:05.918832165
0 days 00:00:00.330000,0 days 00:00:00.430000,answer5,1.4478163,-16.921623,33.554947,0.017152607,-0.01832751,0.11625832,17.302826,3.6300488,13.257356,-14.693444,19.428904,0.090172924,1.6983227,2.040426,8.794826,22.088423,476.6106,1224.9701,11.40524,1604.8033,980.445,-5.299601,2656.7444,770.2579,-3.066449,0 days 00:01:05.828832165,0 days 00:01:05.928832165
0 days 00:00:00.340000,0 days 00:00:00.440000,answer5,1.4056177,-16.382511,33.015385,0.014052816,-0.01714588,0.12516807,16.040262,0.68703204,15.139801,-13.364549,24.128647,0.0867454,1.874174,2.773082,5.685595,20.87966,444.70224,1138.8063,8.642688,1538.3036,952.75,-10.766984,2568.2776,823.76514,-9.068224,0 days 00:01:05.838832165,0 days 00:01:05.938832165
0 days 00:00:00.350000,0 days 00:00:00.450000,answer5,1.3579707,-15.8203745,31.81746,0.008814606,-0.015467833,0.13018909,13.502068,-1.8867817,16.417507,-12.940716,28.9611,0.0867454,1.874174,4.2018166,3.4507062,17.159517,454.28256,1166.2747,2.6868188,1556.0465,955.01074,-15.009519,2547.9316,860.55316,-13.110385,0 days 00:01:05.848832165,0 days 00:01:05.948832165
0 days 00:00:00.360000,0 days 00:00:00.460000,answer5,1.2966739,-15.618027,31.092169,0.003088047,-0.01347435,0.11822759,10.61017,-3.9297912,16.901316,-13.388901,33.02111,0.0867454,1.874174,5.1875253,0.011605263,14.131451,478.50772,1200.877,-69.37916,1597.9374,917.966,-80.761894,2533.4353,813.4697,-78.80012,0 days 00:01:05.858832165,0 days 00:01:05.958832165
0 days 00:00:00.370000,0 days 00:00:00.470000,answer5,1.2171069,-16.001318,31.033195,-0.0029969688,-0.011655293,0.09738279,8.279487,-5.1647077,16.812284,-14.067861,0.0,0.0,0.0,0.0,0.0,0.0,520.7088,1270.025,-135.11263,1667.0132,947.0726,-139.47862,2590.803,816.58844,-138.62886,0 days 00:01:05.868832165,0 days 00:01:05.968832165
0 days 00:00:00.380000,0 days 00:00:00.480000,answer5,1.1257066,-16.944221,31.757666,-0.008209054,-0.010491488,0.079266645,6.901835,-5.4556355,16.399511,-14.254449,0.0,0.0,0.0,0.0,0.0,0.0,540.7806,1333.3601,-201.0,1679.995,1013.9839,-201.0,2582.3564,818.18964,-201.0,0 days 00:01:05.878832165,0 days 00:01:05.978832165
0 days 00:00:00.390000,0 days 00:00:00.490000,answer5,1.0356499,-18.219412,33.136913,-0.010928996,-0.010015708,0.06590181,6.3659286,-4.9664364,15.669201,-13.897137,0.0,0.0,0.0,0.0,0.0,0.0,659.1882,1334.8846,-201.0,1724.8756,1023.7596,-201.0,2610.3982,781.1562,-201.0,0 days 00:01:05.888832165,0 days 00:01:05.988832165
0 days 00:00:00.400000,0 days 00:00:00.500000,answer5,0.95425874,-19.584478,34.93762,-0.010441947,-0.009481857,0.05459244,6.313023,-4.141853,14.487923,-13.432164,0.0,0.0,0.0,0.0,0.0,0.0,651.25903,1356.0557,-201.0,1704.3672,1061.1405,-201.0,2607.5508,810.4099,-201.0,0 days 00:01:05.898832165,0 days 00:01:05.998832165
0 days 00:00:00.410000,0 days 00:00:00.510000,answer5,0.88041896,-20.920046,36.652683,-0.007383771,-0.009024498,0.046490163,6.5787063,-3.531583,12.577834,-13.377834,0.0,0.0,0.0,0.0,0.0,0.0,680.2753,1420.4855,-201.0,1724.0636,1177.0787,-201.0,2615.564,860.4714,-201.0,0 days 00:01:05.908832165,0 days 00:01:06.008832165
0 days 00:00:00.420000,0 days 00:00:00.520000,answer5,0.82662266,-21.860044,37.91995,-0.0055375807,-0.009132314,0.045858026,7.640802,-3.8924472,9.223327,-13.859871,0.0,0.0,0.0,0.0,0.0,0.0,551.39417,1418.9918,-201.0,1618.9603,1209.685,-201.0,2552.4968,857.1912,-201.0,0 days 00:01:05.918832165,0 days 00:01:06.018832165
0 days 00:00:00.430000,0 days 00:00:00.530000,answer5,0.8334341,-21.408762,38.151634,-0.0069378153,-0.009454324,0.059755668,10.135925,-5.5611024,4.830959,-14.491721,0.0,0.0,0.0,0.0,0.0,0.0,531.0229,1384.934,-201.0,1565.0692,1186.1196,-201.0,2536.36,777.4626,-201.0,0 days 00:01:05.928832165,0 days 00:01:06.028832165
0 days 00:00:00.440000,0 days 00:00:00.540000,answer5,0.94243914,-19.108858,36.79912,-0.0062959916,-0.008806723,0.09145046,13.847272,-8.003269,0.7061648,-15.360977,0.0,0.0,0.0,0.0,0.0,0.0,507.11096,1337.7319,-201.0,1510.9834,1147.7072,-201.0,2539.0125,734.5537,-201.0,0 days 00:01:05.938832165,0 days 00:01:06.038832165
0 days 00:00:00.450000,0 days 00:00:00.550000,answer5,1.1539651,-15.527089,34.214615,-0.004342277,-0.0075034164,0.13399543,17.562693,-10.394017,-1.8670549,-16.244547,0.0,0.0,0.0,0.0,0.0,0.0,578.2204,1294.9113,-201.0,1618.0264,1231.2749,-201.0,2579.6438,737.7194,-201.0,0 days 00:01:05.948832165,0 days 00:01:06.048832165
0 days 00:00:00.460000,0 days 00:00:00.560000,answer5,1.4206572,-12.069697,31.09613,0.0013855529,-0.0066181947,0.1694922,20.131762,-12.296841,-2.8760214,-17.179064,0.0,0.0,0.0,0.0,0.0,0.0,626.90894,1253.0684,-201.0,1679.0277,1246.8427,-201.0,2637.5857,706.278,-201.0,0 days 00:01:05.958832165,0 days 00:01:06.058832165
0 days 00:00:00.470000,0 days 00:00:00.570000,answer5,1.6846377,-9.507445,28.833237,0.0037601471,-0.0061495416,0.18203734,21.367798,-13.941415,-2.7536647,-17.54772,0.0,0.0,0.0,0.0,0.0,0.0,695.0694,1180.3846,-201.0,1740.9635,1204.7936,-201.0,2695.4463,636.36255,-201.0,0 days 00:01:05.968832165,0 days 00:01:06.068832165
0 days 00:00:00.480000,0 days 00:00:00.580000,answer5,1.9107894,-7.7620997,27.347519,0.0059153396,-0.0054483735,0.17747964,21.560907,-15.629321,-1.4313377,-17.136122,0.0,0.0,0.0,0.0,0.0,0.0,717.155,1202.644,-135.00734,1708.5889,1132.2821,-138.11601,2737.9258,587.89825,-139.84692,0 days 00:01:05.978832165,0 days 00:01:06.078832165
0 days 00:00:00.490000,0 days 00:00:00.590000,answer5,2.0932758,-6.464297,26.025675,0.0054886057,-0.0036483563,0.17832167,20.936125,-17.526575,1.2280785,-15.75407,32.720497,0.0,0.0,3.3672907,-6.7861814,2.5654602,759.38947,1284.618,-70.20728,1725.0262,1148.8857,-76.76882,2776.1492,577.9024,-77.256615,0 days 00:01:05.988832165,0 days 00:01:06.088832165
0 days 00:00:00.500000,0 days 00:00:00.600000,answer5,2.2458246,-5.3048954,24.712652,0.0052300575,-0.0011529808,0.19690394,19.698435,-19.632046,4.8444448,-13.381386,32.827393,0.0,0.0,3.0941284,-6.7004304,1.7588457,732.67596,1272.9762,-6.083691,1704.6039,1155.0778,-15.202954,2767.2488,568.4663,-15.357868,0 days 00:01:05.998832165,0 days 00:01:06.098832165
0 days 00:00:00.510000,0 days 00:00:00.610000,answer5,2.3884814,-4.256573,23.408312,0.003361672,0.001432771,0.23055334,18.287697,-21.669968,8.613648,-10.5436735,32.981,0.0,0.0,2.5634222,-6.524344,0.24429862,691.679,1213.151,-8.604851,1710.2606,1202.9908,-15.20066,2743.955,615.75653,-15.414497,0 days 00:01:06.008832165,0 days 00:01:06.108832165
0 days 00:00:00.520000,0 days 00:00:00.620000,answer5,2.533163,-3.4457996,22.217165,0.0021533836,0.002489363,0.2591509,17.247114,-23.142296,11.652077,-8.284178,33.985966,0.0,0.0,2.6788776,-0.6904891,2.3615007,622.9739,1095.0779,-9.60734,1619.6484,1274.4331,-11.784687,2532.4485,908.1577,-14.452907,0 days 00:01:06.018832165,0 days 00:01:06.118832165
0 days 00:00:00.530000,0 days 00:00:00.630000,answer5,2.678827,-2.989252,20.991028,-0.00020625419,0.0022402573,0.28231895,16.845139,-23.757048,13.504005,-7.69515,34.935753,0.0,0.0,2.5791748,6.1963286,2.8666239,570.81866,1133.1882,0.0,1524.6129,1333.7606,-8.968892,2361.6328,1171.6166,-12.100934,0 days 00:01:06.028832165,0 days 00:01:06.128832165
0 days 00:00:00.540000,0 days 00:00:00.640000,answer5,2.816866,-2.886051,19.737211,-0.0014129998,0.0012094647,0.30757874,16.855692,-23.63664,14.1365595,-9.237606,36.347736,0.0,0.4130993,1.9766952,11.09653,3.4854019,579.5271,1176.1917,-11.533938,1499.3999,1300.4388,-7.5418677,2336.1865,1174.4385,-9.784696,0 days 00:01:06.038832165,0 days 00:01:06.138832165
0 days 00:00:00.550000,0 days 00:00:00.650000,answer5,2.9407358,-3.0836265,18.511679,-0.0016765542,0.00043977096,0.33948645,16.79091,-23.231245,13.856198,-12.600258,36.88639,0.013680081,0.6304175,1.4371309,11.4484215,3.3741236,669.8813,1311.9269,-11.460063,1599.8622,1310.6251,-8.142202,2460.7678,1195.6141,-10.651816,0 days 00:01:06.048832165,0 days 00:01:06.148832165
0 days 00:00:00.560000,0 days 00:00:00.660000,answer5,3.0543368,-3.5168164,16.98844,-0.0018227734,-0.0007467751,0.36837646,16.402283,-22.935995,13.084695,-16.87027,37.8642,0.08261898,0.59364265,1.691985,8.996048,4.932232,783.9805,1254.8792,-14.928978,1740.5201,1206.5616,-9.117753,2609.1316,969.97235,-13.420705,0 days 00:01:06.058832165,0 days 00:01:06.158832165
0 days 00:00:00.570000,0 days 00:00:00.670000,answer5,3.1653452,-4.044375,15.617366,-0.0024992076,-0.0028994412,0.37038812,15.898464,-22.959806,12.340787,-20.804539,38.472923,0.11815234,1.0713176,2.9652004,7.4846764,7.0520425,852.73834,1194.0688,-11.210879,1797.8153,1125.2521,-10.869031,2626.72,936.88916,-16.740377,0 days 00:01:06.068832165,0 days 00:01:06.168832165
0 days 00:00:00.580000,0 days 00:00:00.680000,answer5,3.2741106,-4.4464417,14.619808,-0.0023806652,-0.004817152,0.34036133,15.611247,-23.362755,11.891488,-23.252584,39.084846,0.11741796,1.0717589,4.28199,5.4357514,9.930886,910.6757,1148.7734,-9.897241,1870.2631,1037.2528,-13.134198,2709.0876,634.4245,-19.998518,0 days 00:01:06.078832165,0 days 00:01:06.178832165
0 days 00:00:00.590000,0 days 00:00:00.690000,answer5,3.3658667,-4.506605,14.229057,-0.0016401681,-0.006915301,0.2966851,15.630313,-24.124651,11.737931,-23.732962,39.37708,0.05432072,1.5823084,5.269406,5.1217146,12.543659,923.083,1116.0049,-9.007264,1886.2406,979.34375,-16.54756,2731.2773,604.5473,-22.035353,0 days 00:01:06.088832165,0 days 00:01:06.188832165
0 days 00:00:00.600000,0 days 00:00:00.700000,answer5,3.4180155,-4.138225,14.005295,-0.0010360221,-0.008112033,0.28197518,15.655094,-25.129156,11.656146,-22.581406,39.649963,0.020627683,1.3905946,5.861548,5.5530543,12.741345,756.88885,1366.7207,-10.847532,1689.2069,1160.6608,-15.307163,2548.973,787.175,-21.27789,0 days 00:01:06.098832165,0 days 00:01:06.198832165
0 days 00:00:00.610000,0 days 00:00:00.710000,answer5,3.411502,-3.4427233,13.803815,-0.001589937,-0.00938499,0.301002,15.368312,-26.104837,11.548341,-20.604116,39.830364,0.021157386,1.5076685,5.9509983,6.1142526,11.302036,566.16943,1476.5283,0.0,1441.8468,1274.6649,-13.302086,2294.7712,983.1184,-19.242403,0 days 00:01:06.108832165,0 days 00:01:06.208832165
0 days 00:00:00.620000,0 days 00:00:00.720000,answer5,3.3359642,-2.6971004,13.75199,-0.002127463,-0.009912001,0.3290031,14.71124,-26.645697,11.482438,-18.47347,39.87057,0.016486427,1.0318242,5.0498877,6.1830316,8.0057535,526.8099,1693.3174,0.0,1421.7592,1409.2731,-10.45008,2323.8413,1031.2164,-15.72776,0 days 00:01:06.118832165,0 days 00:01:06.218832165
0 days 00:00:00.630000,0 days 00:00:00.730000,answer5,3.1876411,-2.2692537,14.097354,-0.0051945294,-0.010303893,0.32859182,13.944016,-26.395615,11.536931,-16.562965,39.871025,0.01912266,0.85295725,3.1594331,6.2940254,4.6325035,569.4953,1507.2574,-10.885788,1484.6354,1378.6825,-10.798058,2310.6777,1088.9314,-12.394828,0 days 00:01:06.128832165,0 days 00:01:06.228832165
0 days 00:00:00.640000,0 days 00:00:00.740000,answer5,2.9706173,-2.4658964,15.281816,-0.007876368,-0.010576311,0.31013045,13.340968,-25.246714,11.396342,-15.177197,39.956867,0.01531425,0.7206602,1.1028062,8.136401,2.2941663,600.82526,1337.9147,-8.166855,1548.236,1336.8203,-10.122272,2328.4905,1111.2218,-8.448144,0 days 00:01:06.138832165,0 days 00:01:06.238832165
0 days 00:00:00.650000,0 days 00:00:00.750000,answer5,2.6993,-3.4466546,17.393888,-0.009426747,-0.010492005,0.28113353,13.087962,-23.212677,10.732997,-14.385428,40.024654,0.01437528,0.8107727,0.018122375,9.185286,1.2988563,551.7603,1170.9438,-70.54188,1528.2389,1258.0037,-72.967026,2308.7002,1125.7616,-71.40778,0 days 00:01:06.148832165,0 days 00:01:06.248832165
0 days 00:00:00.660000,0 days 00:00:00.760000,answer5,2.3991895,-5.1672273,20.313545,-0.008632823,-0.010286496,0.24572301,13.212407,-20.373001,9.582176,-14.08517,0.0,0.0,0.0,0.0,0.0,0.0,593.9284,1162.9225,-134.90967,1627.4174,1149.6129,-136.42146,2506.3718,957.52045,-135.5912,0 days 00:01:06.158832165,0 days 00:01:06.258832165
0 days 00:00:00.670000,0 days 00:00:00.770000,answer5,2.0963686,-7.441433,23.830795,-0.007343048,-0.010213446,0.2069248,13.643958,-17.012445,8.475114,-13.980732,0.0,0.0,0.0,0.0,0.0,0.0,632.5949,1200.8639,-201.0,1718.8842,1046.5629,-201.0,2686.5881,808.70685,-201.0,0 days 00:01:06.168832165,0 days 00:01:06.268832165
0 days 00:00:00.680000,0 days 00:00:00.780000,answer5,1.8061033,-10.033074,27.224066,-0.0066098818,-0.0102140475,0.17042445,14.150414,-13.631898,7.7902617,-13.845512,0.0,0.0,0.0,0.0,0.0,0.0,627.7064,1251.3268,-201.0,1698.4232,1050.6342,-201.0,2647.1086,813.4468,-201.0,0 days 00:01:06.178832165,0 days 00:01:06.278832165
0 days 00:00:00.690000,0 days 00:00:00.790000,answer5,1.5349411,-12.730171,30.427698,-0.006776098,-0.009250662,0.14464588,14.428037,-10.830322,7.396518,-13.416476,0.0,0.0,0.0,0.0,0.0,0.0,605.7985,1277.853,-201.0,1668.997,1086.9127,-201.0,2620.3496,836.24023,-201.0,0 days 00:01:06.188832165,0 days 00:01:06.288832165
0 days 00:00:00.700000,0 days 00:00:00.800000,answer5,1.2904338,-15.342117,33.567608,-0.008721081,-0.007490605,0.12156963,14.265228,-8.853538,6.751491,-12.507592,0.0,0.0,0.0,0.0,0.0,0.0,582.08496,1308.87,-133.93954,1630.6396,1177.0101,-138.19968,2592.4297,912.32745,-138.36722,0 days 00:01:06.198832165,0 days 00:01:06.298832165
0 days 00:00:00.710000,0 days 00:00:00.810000,answer5,1.0908377,-17.60546,36.0654,-0.01447698,-0.005673304,0.10004283,13.799666,-7.618486,5.6107955,-11.266986,40.026585,0.0,0.0,9.806011,13.605888,13.290291,566.00055,1401.857,-67.187065,1529.0316,1345.8485,-73.699715,2532.159,1020.85223,-76.04726,0 days 00:01:06.208832165,0 days 00:01:06.308832165
0 days 00:00:00.720000,0 days 00:00:00.820000,answer5,0.9516941,-19.31227,37.202045,-0.019719312,-0.005048202,0.07885923,13.336216,-6.7793136,4.4413514,-10.167958,40.0319,0.0,0.0,10.853301,11.76685,12.580402,560.7019,1487.4926,-0.7740751,1434.6488,1456.7167,-8.392444,2470.3958,1059.2745,-13.354477,0 days 00:01:06.218832165,0 days 00:01:06.318832165
0 days 00:00:00.730000,0 days 00:00:00.830000,answer5,0.87083715,-20.468164,37.139126,-0.023229137,-0.0059395083,0.057997722,13.115766,-6.0444446,3.8652458,-9.760852,40.023792,0.0,0.345638,12.075123,10.302677,12.229095,577.6829,1547.5249,-67.834526,1355.6272,1622.6019,-71.19277,2411.7698,1061.3188,-75.98726,0 days 00:01:06.228832165,0 days 00:01:06.328832165
0 days 00:00:00.740000,0 days 00:00:00.840000,answer5,0.82376915,-21.355125,37.023,-0.020639466,-0.0074621863,0.04345907,12.971927,-5.274535,3.874511,-10.083328,0.0,0.0,0.0,0.0,0.0,0.0,599.66986,1496.6572,-134.58702,1484.9551,1573.4484,-135.69273,2507.3447,1101.568,-138.30722,0 days 00:01:06.238832165,0 days 00:01:06.338832165
0 days 00:00:00.750000,0 days 00:00:00.850000,answer5,0.77937055,-22.33993,37.345352,-0.016478105,-0.008754324,0.0365788,12.578522,-4.374207,3.9828746,-10.65512,0.0,0.0,0.0,0.0,0.0,0.0,593.34735,1431.0465,-201.0,1562.6952,1485.5763,-201.0,2590.7048,1137.85,-201.0,0 days 00:01:06.248832165,0 days 00:01:06.348832165
0 days 00:00:00.760000,0 days 00:00:00.860000,answer5,0.7212281,-23.627527,37.64267,-0.014448442,-0.009316231,0.03551464,11.761169,-3.140791,4.075687,-10.752372,0.0,0.0,0.0,0.0,0.0,0.0,582.57715,1444.8768,-201.0,1688.8956,1335.62,-201.0,2713.9832,1297.3229,-201.0,0 days 00:01:06.258832165,0 days 00:01:06.358832165
0 days 00:00:00.770000,0 days 00:00:00.870000,answer5,0.65381193,-25.141548,37.818947,-0.016777162,-0.010055804,0.035245247,10.697028,-1.4364234,4.4747615,-10.322216,0.0,0.0,0.0,0.0,0.0,0.0,538.0728,1406.4528,-201.0,1645.3975,1267.6207,-201.0,2642.9392,1340.1522,-201.0,0 days 00:01:06.268832165,0 days 00:01:06.368832165
0 days 00:00:00.780000,0 days 00:00:00.880000,answer5,0.59399676,-26.55041,37.96977,-0.01961908,-0.010449816,0.033193495,9.759478,0.5036239,5.2975664,-9.877973,0.0,0.0,0.0,0.0,0.0,0.0,539.68054,1504.9401,-201.0,1701.1171,1332.3124,-201.0,2741.1453,1659.5497,-201.0,0 days 00:01:06.278832165,0 days 00:01:06.378832165
0 days 00:00:00.790000,0 days 00:00:00.890000,answer5,0.5533305,-27.560425,38.109493,-0.021305019,-0.011220495,0.028334344,9.146235,2.1323216,6.221073,-9.88897,0.0,0.0,0.0,0.0,0.0,0.0,612.24554,1600.1256,-201.0,1859.4326,1322.062,-201.0,3058.837,1626.9064,-201.0,0 days 00:01:06.288832165,0 days 00:01:06.388832165
0 days 00:00:00.800000,0 days 00:00:00.900000,answer5,0.52907413,-28.150091,38.104244,-0.02080108,-0.010995667,0.02363126,8.69538,3.1266277,6.9623246,-10.156529,0.0,0.0,0.0,0.0,0.0,0.0,615.8942,1623.1517,-201.0,1839.1456,1374.2953,-201.0,3071.7266,1558.2523,-201.0,0 days 00:01:06.298832165,0 days 00:01:06.398832165
0 days 00:00:00.810000,0 days 00:00:00.910000,answer5,0.5111449,-28.507647,38.025455,-0.01934187,-0.010117646,0.02081641,8.025806,3.4586074,7.422235,-10.15039,0.0,0.0,0.0,0.0,0.0,0.0,638.03265,1677.2064,-201.0,1879.3691,1409.5668,-201.0,3154.3916,1499.598,-201.0,0 days 00:01:06.308832165,0 days 00:01:06.408832165
0 days 00:00:00.820000,0 days 00:00:00.920000,answer5,0.4939251,-28.79689,38.04246,-0.018703876,-0.007748384,0.021585247,7.0515227,3.4185238,7.725075,-9.486751,0.0,0.0,0.0,0.0,0.0,0.0,764.2966,1684.8583,-201.0,1916.9777,1471.3219,-201.0,3179.466,1497.1285,-201.0,0 days 00:01:06.318832165,0 days 00:01:06.418832165
0 days 00:00:00.830000,0 days 00:00:00.930000,answer5,0.47994423,-29.034521,38.265602,-0.022429513,-0.0056455433,0.02152072,6.108963,3.3296115,8.064406,-8.022382,0.0,0.0,0.0,0.0,0.0,0.0,901.58575,1747.336,-201.0,2121.2952,1435.4457,-201.0,3412.8516,1753.3444,-201.0,0 days 00:01:06.328832165,0 days 00:01:06.428832165
0 days 00:00:00.840000,0 days 00:00:00.940000,answer5,0.47328916,-29.190811,38.719448,-0.028779507,-0.0050460547,0.02050524,5.6550026,3.5042388,8.475081,-6.1469817,0.0,0.0,0.0,0.0,0.0,0.0,1113.5287,1707.5619,-201.0,2326.8486,1376.0342,-201.0,3659.3728,1587.4105,-201.0,0 days 00:01:06.338832165,0 days 00:01:06.438832165
0 days 00:00:00.850000,0 days 00:00:00.950000,answer5,0.47305346,-29.286554,39.129894,-0.03345495,-0.005601671,0.01946605,5.7094035,4.002581,8.862,-4.5056577,0.0,0.0,0.0,0.0,0.0,0.0,1088.9905,1615.8529,-201.0,2323.543,1277.433,-201.0,3635.247,1513.686,-201.0,0 days 00:01:06.348832165,0 days 00:01:06.448832165
0 days 00:00:00.860000,0 days 00:00:00.960000,answer5,0.4751837,-29.356314,39.528492,-0.035790473,-0.0068618297,0.019940281,5.939386,4.6221533,9.063697,-3.6549063,0.0,0.0,0.0,0.0,0.0,0.0,950.5337,1845.6318,-201.0,2085.1106,1639.9445,-201.0,3294.3992,1407.2653,-201.0,0 days 00:01:06.358832165,0 days 00:01:06.458832165
0 days 00:00:00.870000,0 days 00:00:00.970000,answer5,0.4753865,-29.431396,39.866585,-0.035733152,-0.00788179,0.021895153,5.964878,5.085617,9.171845,-3.7077305,0.0,0.0,0.0,0.0,0.0,0.0,803.08466,1919.6898,-201.0,1915.688,1655.4811,-201.0,3030.0547,1509.0298,-201.0,0 days 00:01:06.368832165,0 days 00:01:06.468832165
0 days 00:00:00.880000,0 days 00:00:00.980000,answer5,0.47272435,-29.484247,40.23233,-0.033474322,-0.008553605,0.023069805,5.603102,5.0989738,9.258502,-4.574356,0.0,0.0,0.0,0.0,0.0,0.0,612.4293,2029.7809,-201.0,1659.0245,1851.0775,-201.0,2621.1555,1685.5518,-201.0,0 days 00:01:06.378832165,0 days 00:01:06.478832165
0 days 00:00:00.890000,0 days 00:00:00.990000,answer5,0.46950066,-29.441162,40.419403,-0.030464232,-0.008036924,0.022719642,4.9787326,4.6298404,9.445605,-5.7504005,0.0,0.0,0.0,0.0,0.0,0.0,615.2911,2094.2664,-201.0,1790.9637,2301.3342,-201.0,2518.6116,1780.5884,-201.0,0 days 00:01:06.388832165,0 days 00:01:06.488832165
0 days 00:00:00.900000,0 days 00:00:01,answer5,0.46737692,-29.371544,40.43443,-0.028338825,-0.0071753063,0.021860542,4.4666066,4.1146255,9.58802,-6.6354656,0.0,0.0,0.0,0.0,0.0,0.0,520.67035,2285.9426,-201.0,1750.331,3072.5706,-201.0,2105.87,1848.985,-201.0,0 days 00:01:06.398832165,0 days 00:01:06.498832165
0 days 00:00:00.900000,0 days 00:00:01.000997732,answer5,0.4668833,-29.304388,40.36835,-0.029146412,-0.0065597724,0.020891545,4.2216105,3.8146331,9.701039,-6.9559455,0.0,0.0,0.0,0.0,0.0,0.0,516.45166,2465.1692,-201.0,1859.7584,3712.1267,-201.0,1917.3868,1918.0156,-201.0,0 days 00:01:06.398832165,0 days 00:01:06.499829897
0 days 00:00:00,0 days 00:00:00.100000,answer6,1.4365433,-21.595808,34.954117,0.015428604,-0.014366482,0.09932619,27.875061,12.254876,14.84608,-11.55626,25.867203,0.0,0.91545993,4.6585755,-7.8470016,27.210066,419.78574,1222.1528,8.962389,1524.2054,1174.771,-25.50271,2455.0159,1030.8898,-26.094679,0 days 00:01:20.213546880,0 days 00:01:20.313546880
0 days 00:00:00.010000,0 days 00:00:00.110000,answer6,1.4334522,-21.467117,34.902767,0.016238952,-0.013682081,0.2003455,27.611979,11.882031,14.631332,-10.958926,25.764572,0.061724894,0.5650799,4.797338,-8.245343,26.59433,422.84668,1246.2238,8.626504,1513.5518,1201.1296,-24.671576,2439.53,1017.9671,-26.213171,0 days 00:01:20.223546880,0 days 00:01:20.323546880
0 days 00:00:00.020000,0 days 00:00:00.120000,answer6,1.4348484,-21.344055,34.781914,0.018117368,-0.01298219,0.28057173,27.324537,11.36535,14.257908,-10.476737,25.581848,0.053361256,0.20272584,5.0554786,-9.289948,25.142935,446.6251,1353.6182,1.4186312,1563.6396,1280.0104,-24.14092,2259.8923,2922.1409,-26.349146,0 days 00:01:20.233546880,0 days 00:01:20.333546880
0 days 00:00:00.030000,0 days 00:00:00.130000,answer6,1.4473044,-21.307775,34.63943,0.021136882,-0.0134518845,0.24913107,27.340883,10.930587,13.7148285,-10.780628,25.36206,0.04377691,0.11549165,5.2614927,-11.007842,22.545782,436.31857,1308.5273,1.0020822,1531.5333,1203.0566,-23.150038,2237.303,2818.6785,-25.886435,0 days 00:01:20.243546880,0 days 00:01:20.343546880
0 days 00:00:00.040000,0 days 00:00:00.140000,answer6,1.4671873,-21.276184,34.526794,0.02275227,-0.0139972,0.21576613,27.849533,10.594972,13.069989,-11.837265,25.173513,0.036144465,0.0,5.377706,-13.147263,20.099184,437.80942,1332.7673,1.2934672,1540.627,1268.9768,-23.05242,2223.259,2832.1755,-25.287874,0 days 00:01:20.253546880,0 days 00:01:20.353546880
0 days 00:00:00.050000,0 days 00:00:00.150000,answer6,1.4878129,-21.108358,34.34447,0.021314194,-0.014539026,0.2142986,28.687082,10.324513,12.454013,-13.145694,25.010397,0.024214014,0.45262504,5.426501,-15.137927,17.93578,416.21762,1282.185,8.892581,1479.3207,1303.6235,-22.033655,2374.5647,942.551,-24.181128,0 days 00:01:20.263546880,0 days 00:01:20.363546880
0 days 00:00:00.060000,0 days 00:00:00.160000,answer6,1.5030466,-20.773783,34.24188,0.018247273,-0.015247829,0.234773,29.462906,10.028539,12.16739,-14.226922,24.862284,0.024672836,0.5367915,5.7055726,-15.745598,17.233751,452.92386,1477.6942,5.247568,1406.5399,1956.3198,-20.224583,2292.5002,1068.6582,-23.27575,0 days 00:01:20.273546880,0 days 00:01:20.373546880
0 days 00:00:00.070000,0 days 00:00:00.170000,answer6,1.5137686,-20.349953,34.08827,0.012883608,-0.0157954,0.25861838,29.79576,9.604388,12.258316,-14.800702,24.703812,0.018461915,0.7372337,6.00804,-13.965266,19.065147,573.4647,1486.0143,-0.028885206,1530.1802,1887.2509,-20.490358,2392.6956,1071.8124,-23.65355,0 days 00:01:20.283546880,0 days 00:01:20.383546880
0 days 00:00:00.080000,0 days 00:00:00.180000,answer6,1.5227418,-19.975168,33.657665,0.00845759,-0.015755527,0.25999764,29.62295,9.1080475,12.634964,-14.94527,24.549086,0.029798945,0.8130223,6.3111415,-9.861135,22.400398,710.5603,1445.6146,-5.1949997,1691.693,1734.9113,-21.327162,2532.862,1035.1664,-24.45874,0 days 00:01:20.293546880,0 days 00:01:20.393546880
0 days 00:00:00.090000,0 days 00:00:00.190000,answer6,1.5326986,-19.646164,33.07827,0.0050949436,-0.014406737,0.24146758,29.074133,8.709399,13.123097,-14.853341,24.403948,0.026365029,0.6000224,6.2851386,-4.505633,25.10761,809.18915,1260.4305,-5.1360497,1935.7057,1044.2092,-23.365128,2753.4675,1040.0782,-24.52522,0 days 00:01:20.303546880,0 days 00:01:20.403546880
0 days 00:00:00.100000,0 days 00:00:00.200000,answer6,1.5376524,-19.274773,32.319206,0.005176284,-0.012861284,0.2197339,28.312754,8.497027,13.803047,-14.744901,24.232306,0.023119187,0.6027289,5.721081,0.33699045,27.419394,813.9848,1252.0219,-3.720824,1979.7109,987.21436,-22.448004,2868.9248,1209.7054,-24.71623,0 days 00:01:20.313546880,0 days 00:01:20.413546880
0 days 00:00:00.110000,0 days 00:00:00.210000,answer6,1.5267137,-18.8058,31.715704,0.0070404136,-0.011734717,0.2111361,27.37129,8.384618,14.702817,-14.5771055,24.007921,0.016743535,0.6207649,4.910045,3.06285,28.13672,805.4827,1376.7496,-3.6221511,2016.3359,1009.23224,-21.475233,3134.0305,1546.4591,-24.39537,0 days 00:01:20.323546880,0 days 00:01:20.423546880
0 days 00:00:00.120000,0 days 00:00:00.220000,answer6,1.4895893,-18.363405,31.170967,0.008323325,-0.011158135,0.21284932,26.270262,8.251159,15.680495,-14.135621,23.729395,0.010206043,0.62320304,4.1681843,2.7285645,29.41905,757.9377,1523.2911,-8.518556,1993.2462,1053.4143,-21.159958,3158.1702,1662.375,-25.520157,0 days 00:01:20.333546880,0 days 00:01:20.433546880
0 days 00:00:00.130000,0 days 00:00:00.230000,answer6,1.426344,-18.147339,30.942385,0.0074474723,-0.010571384,0.21292053,25.03485,8.193459,16.393595,-13.116139,23.375452,0.006890007,0.45117822,3.7650554,0.9392604,28.848465,674.6961,1656.2617,-10.472831,1959.5697,1153.3944,-19.934843,3059.7695,1763.1553,-25.239916,0 days 00:01:20.343546880,0 days 00:01:20.443546880
0 days 00:00:00.140000,0 days 00:00:00.240000,answer6,1.346941,-18.281736,31.08143,0.007561419,-0.010007991,0.20595777,23.76642,8.449243,16.649748,-11.417375,22.970854,0.007880926,0.5327255,3.8285322,-0.963275,25.185753,587.94696,1699.6317,-11.83261,1869.6753,1252.8087,-17.633018,2752.0964,1598.1113,-21.712976,0 days 00:01:20.353546880,0 days 00:01:20.453546880
0 days 00:00:00.150000,0 days 00:00:00.250000,answer6,1.2706059,-18.662,31.56492,0.006234303,-0.009419632,0.18749659,22.524832,9.096019,16.406067,-9.248195,22.553467,0.008834134,1.3073567,3.6787536,-2.1320698,22.396685,579.9685,1738.0956,-9.730311,1822.3135,1317.1307,-16.468904,2678.3704,1450.2323,-19.182339,0 days 00:01:20.363546880,0 days 00:01:20.463546880
0 days 00:00:00.160000,0 days 00:00:00.260000,answer6,1.221234,-18.971918,32.063866,0.00486558,-0.008944102,0.15797341,21.321714,9.812427,15.734229,-7.1901784,22.106796,0.009989662,2.0122335,3.3523362,-2.316876,20.585934,550.87683,1795.3304,-8.164855,1599.4203,1703.9478,-14.953209,2402.303,1348.8423,-17.626696,0 days 00:01:20.373546880,0 days 00:01:20.473546880
0 days 00:00:00.170000,0 days 00:00:00.270000,answer6,1.2171792,-18.893087,32.326656,0.0028945424,-0.00788652,0.13897604,20.16049,10.099188,15.010506,-5.9367185,21.490484,0.005634722,2.3973327,2.9140272,1.4551321,24.622587,684.8226,1820.2524,-10.002345,1657.4971,1685.0449,-15.999133,2459.507,1175.5017,-21.271704,0 days 00:01:20.383546880,0 days 00:01:20.483546880
0 days 00:00:00.180000,0 days 00:00:00.280000,answer6,1.2626777,-18.33867,31.772558,0.0035127692,-0.0066762026,0.1505479,19.17808,9.7436905,14.791684,-5.7662168,21.289602,0.03127328,1.6030675,3.1157396,4.3439813,25.523575,607.6225,1783.6029,-6.567047,1547.2731,1681.1808,-16.209106,2410.6685,1080.63,-20.553574,0 days 00:01:20.393546880,0 days 00:01:20.493546880
0 days 00:00:00.190000,0 days 00:00:00.290000,answer6,1.3477111,-17.522802,30.488668,0.005924417,-0.005387913,0.19440567,18.620607,8.818889,15.421811,-6.2750945,21.24603,0.062165394,1.9773928,3.6040754,5.804005,25.824148,568.77496,1708.0558,-2.9560325,1568.1749,1278.3713,-14.922519,2559.8445,867.1797,-18.413225,0 days 00:01:20.403546880,0 days 00:01:20.503546880
0 days 00:00:00.200000,0 days 00:00:00.300000,answer6,1.4548612,-16.774025,28.803366,0.007047074,-0.00435355,0.24332996,18.609423,7.4451137,16.721975,-6.6708603,21.5195,0.093057506,2.351718,4.008245,2.8384705,23.88144,390.42514,1627.9972,4.138124,1409.1705,1288.0687,-12.553149,2451.972,950.0913,-15.194477,0 days 00:01:20.413546880,0 days 00:01:20.513546880
0 days 00:00:00.210000,0 days 00:00:00.310000,answer6,1.5635821,-16.309721,27.374651,0.0072475313,-0.0028020919,0.26866913,19.0233,5.7505193,18.228472,-6.3124676,21.41691,0.07476057,2.4814813,4.1683135,-0.22832663,21.603945,381.60757,1490.9125,8.003995,1362.8263,1199.8071,-8.271608,2353.836,976.2337,-13.937443,0 days 00:01:20.423546880,0 days 00:01:20.523546880
0 days 00:00:00.220000,0 days 00:00:00.320000,answer6,1.6537081,-16.135916,26.827597,0.0072534643,-0.0007106939,0.25396717,19.606365,4.0167527,19.407259,-5.2202835,21.323881,0.060965702,1.3333791,4.263598,-3.3049095,19.188835,396.82925,1351.2872,10.639862,1389.5934,1139.6713,-7.0228004,2338.9133,1011.71826,-13.887214,0 days 00:01:20.433546880,0 days 00:01:20.533546880
0 days 00:00:00.230000,0 days 00:00:00.330000,answer6,1.711883,-16.100737,26.415237,0.008008901,0.0014070425,0.20688742,20.230072,2.5225055,19.875658,-3.8607779,21.270468,0.033423718,0.5629788,4.3549066,-4.8564105,16.538221,387.4044,1227.5724,14.641763,1369.7235,1017.39874,-4.7842336,2263.4397,923.7488,-12.785356,0 days 00:01:20.443546880,0 days 00:01:20.543546880
0 days 00:00:00.240000,0 days 00:00:00.340000,answer6,1.7413664,-15.973561,25.79247,0.009643986,0.0035206627,0.18268953,20.865482,1.2532213,19.73504,-2.7089798,23.014465,0.029432222,0.83140564,4.709891,-8.593729,14.671654,381.79922,1224.7465,18.148924,1412.7335,990.3974,-2.853982,2283.837,926.8908,-10.502988,0 days 00:01:20.453546880,0 days 00:01:20.553546880
0 days 00:00:00.250000,0 days 00:00:00.350000,answer6,1.7607285,-15.529851,24.906519,0.010337921,0.0053279647,0.20069616,21.40065,-0.02097869,19.70575,-1.9070053,27.05552,0.29541907,1.8043166,6.1483197,2.5345128,17.83684,379.77695,1237.956,18.353308,1425.173,998.15845,-5.601265,2271.9465,954.92,-9.451272,0 days 00:01:20.463546880,0 days 00:01:20.563546880
0 days 00:00:00.260000,0 days 00:00:00.360000,answer6,1.789121,-14.664998,23.72882,0.010442647,0.006099948,0.24609971,21.613539,-1.4542427,20.439508,-1.429129,31.011896,0.29582682,2.4314365,7.645376,12.730544,22.83898,379.33353,1240.9897,16.713667,1383.374,1018.8647,-8.67228,2215.726,936.6121,-11.194959,0 days 00:01:20.473546880,0 days 00:01:20.573546880
0 days 00:00:00.270000,0 days 00:00:00.370000,answer6,1.8282772,-13.502124,22.58963,0.008719797,0.0057846406,0.25883782,21.34797,-2.9121711,21.858177,-1.2486907,33.191982,0.29579192,2.725671,8.527209,26.54219,26.274734,377.51157,1317.617,13.42298,1413.2623,1071.0393,-12.987434,2211.0247,1070.7789,-12.851754,0 days 00:01:20.483546880,0 days 00:01:20.583546880
0 days 00:00:00.280000,0 days 00:00:00.380000,answer6,1.86271,-12.320838,21.25689,0.006604986,0.00450417,0.23682451,20.631275,-4.12991,23.321527,-1.3114525,33.074875,0.015359341,2.2499936,7.8028817,26.346277,25.212957,372.83395,1300.114,11.250239,1386.9902,1028.0292,-13.389183,2184.28,1010.2532,-13.962718,0 days 00:01:20.493546880,0 days 00:01:20.593546880
0 days 00:00:00.290000,0 days 00:00:00.390000,answer6,1.8747505,-11.389546,20.599148,0.0045658816,0.0036763644,0.21952926,19.611195,-4.907178,24.38188,-1.2507242,32.96823,0.0110820085,1.3681847,6.458506,26.618032,22.49375,369.08972,1323.4648,9.267501,1396.4854,1007.9283,-13.683112,2212.5457,1009.7381,-13.22625,0 days 00:01:20.503546880,0 days 00:01:20.603546880
0 days 00:00:00.300000,0 days 00:00:00.400000,answer6,1.8611612,-10.816972,20.616007,0.00425404,0.0025901014,0.21752916,18.50543,-5.2569447,25.077368,-0.5460884,28.88949,0.1750759,1.1183251,5.2293286,19.324684,18.739744,366.84067,1295.7788,11.948624,1333.5942,955.9477,-7.522653,2209.386,841.63275,-8.937091,0 days 00:01:20.513546880,0 days 00:01:20.613546880
0 days 00:00:00.310000,0 days 00:00:00.410000,answer6,1.8339034,-10.561191,21.174536,0.0054438524,0.0019007791,0.20601936,17.618322,-5.280968,25.757248,1.0724335,24.806992,0.17161947,0.9148285,4.390513,11.769052,14.132423,359.59158,1398.0221,14.585156,1348.3583,983.56396,-0.864443,2231.702,900.2021,-2.8253517,0 days 00:01:20.523546880,0 days 00:01:20.623546880
0 days 00:00:00.320000,0 days 00:00:00.420000,answer6,1.8115659,-10.475576,21.41082,0.005794062,0.0010257704,0.18487053,17.17544,-5.186335,26.489954,3.153516,20.7072,0.17390323,0.88740164,3.982316,3.8621798,9.804183,351.60754,1479.0016,16.368093,1350.5837,1005.0918,4.935789,2253.8538,932.49805,3.2931004,0 days 00:01:20.533546880,0 days 00:01:20.633546880
0 days 00:00:00.330000,0 days 00:00:00.430000,answer6,1.8030249,-10.411709,21.337088,0.00667572,0.0005397802,0.15697129,17.164915,-5.199625,27.098207,4.9469833,20.587069,0.006480662,0.7616677,3.8052146,3.331972,9.236859,356.61502,1429.0612,14.190826,1343.381,985.5996,4.715322,2243.9119,936.13324,3.74197,0 days 00:01:20.543546880,0 days 00:01:20.643546880
0 days 00:00:00.340000,0 days 00:00:00.440000,answer6,1.8026876,-10.296786,21.171068,0.0071926075,0.0001605343,0.14493425,17.359312,-5.4744396,27.256907,5.963179,20.4989,0.006787028,1.180227,3.8497703,2.7777138,9.341451,355.50598,1388.9785,13.24467,1332.5592,952.34357,4.6460176,2256.9348,867.45905,2.8445377,0 days 00:01:20.553546880,0 days 00:01:20.653546880
0 days 00:00:00.350000,0 days 00:00:00.450000,answer6,1.7980865,-10.14994,21.755142,0.009039454,-0.00019363745,0.13392307,17.512629,-5.941555,26.92685,6.2921066,20.452177,0.0049090073,1.440763,4.0905666,2.3718824,9.311578,349.64368,1364.4452,14.343585,1324.5632,921.4411,5.6267657,2255.793,835.01294,2.624572,0 days 00:01:20.563546880,0 days 00:01:20.663546880
0 days 00:00:00.360000,0 days 00:00:00.460000,answer6,1.7830166,-10.054367,22.381516,0.009593237,-0.00064107013,0.1282508,17.491758,-6.4234233,26.272842,6.2294917,20.42121,0.0048771393,1.4914883,4.4111433,2.2935848,9.633297,326.6613,1468.5065,16.422697,1318.9025,924.6993,7.5977197,2289.3728,841.2388,3.2735913,0 days 00:01:20.573546880,0 days 00:01:20.673546880
0 days 00:00:00.370000,0 days 00:00:00.470000,answer6,1.7617046,-10.088586,22.822088,0.008185623,-0.0011131482,0.12299665,17.325212,-6.8324075,25.5068,5.9313884,20.359594,0.004298806,0.87386066,4.6892304,2.716198,10.938842,325.05368,1472.042,18.108843,1304.1364,934.1069,9.53403,2279.9404,903.23566,3.823477,0 days 00:01:20.583546880,0 days 00:01:20.683546880
0 days 00:00:00.380000,0 days 00:00:00.480000,answer6,1.7434692,-10.285823,22.755476,0.0068331235,-0.0014358427,0.111379564,17.201372,-7.176108,24.689621,5.3097434,20.285215,0.0034209418,0.5219663,4.862914,3.4671,13.793157,626.0972,1365.1914,13.141948,1667.3915,2374.8945,6.63011,2328.2004,1031.0096,2.3307369,0 days 00:01:20.593546880,0 days 00:01:20.693546880
0 days 00:00:00.390000,0 days 00:00:00.490000,answer6,1.7359508,-10.550316,22.33751,0.0078055956,-0.0012016535,0.10300312,17.359703,-7.4705377,23.868166,4.388079,20.224268,0.003624171,0.18997253,4.9532638,4.2736177,15.504323,648.17334,1274.9249,13.087054,1667.5941,2387.8762,7.363079,2275.481,1042.1045,1.3924837,0 days 00:01:20.603546880,0 days 00:01:20.703546880
0 days 00:00:00.400000,0 days 00:00:00.500000,answer6,1.7438469,-10.695058,21.519829,0.009828857,-0.00035220323,0.098329954,17.860382,-7.6820617,22.997137,3.443156,20.204428,0.00415042,0.6509713,5.0132275,4.911686,15.3183775,646.108,1396.2783,13.886094,1713.3408,2457.1277,7.9307303,2359.4202,1095.0995,2.8394477,0 days 00:01:20.613546880,0 days 00:01:20.713546880
0 days 00:00:00.410000,0 days 00:00:00.510000,answer6,1.7666148,-10.561746,20.524168,0.013203648,0.0005937914,0.1000345,18.484634,-7.8157754,22.203705,2.900761,20.216146,0.0048956685,1.2024106,4.95216,5.175177,13.385699,353.40298,1533.6656,20.631767,1370.0372,1061.0541,12.159813,2324.512,1058.8174,6.215475,0 days 00:01:20.623546880,0 days 00:01:20.723546880
0 days 00:00:00.420000,0 days 00:00:00.520000,answer6,1.7996703,-10.161571,19.825594,0.013575479,0.0014964273,0.09519216,18.858389,-7.954487,21.67658,2.869504,20.23594,0.0,1.2778295,4.91322,4.9466643,11.963914,356.25476,1515.7588,21.057854,1371.4121,1050.8422,11.385297,2330.3186,1034.198,8.096433,0 days 00:01:20.633546880,0 days 00:01:20.733546880
0 days 00:00:00.430000,0 days 00:00:00.530000,answer6,1.8319287,-9.66653,19.52056,0.012769267,0.0015875363,0.08718574,18.770077,-8.19728,21.642166,3.1992772,20.25136,0.0018549926,0.8692445,5.0303354,4.2059045,11.017956,355.97397,1406.1285,19.883608,1329.1224,968.6301,10.272165,2236.8164,941.53986,7.879869,0 days 00:01:20.643546880,0 days 00:01:20.743546880
0 days 00:00:00.440000,0 days 00:00:00.540000,answer6,1.8485546,-9.293096,19.724047,0.00996781,0.0015899077,0.07861335,18.274351,-8.510814,22.053879,3.7194889,20.275137,0.0042668874,0.58960843,5.2715716,3.344374,10.031009,331.18387,1440.0723,17.105936,1297.4474,946.1472,9.99143,2217.7493,882.27936,7.276694,0 days 00:01:20.653546880,0 days 00:01:20.753546880
0 days 00:00:00.450000,0 days 00:00:00.550000,answer6,1.838142,-9.199046,20.468206,0.006677497,0.0018845036,0.081645615,17.637384,-8.69358,22.505562,4.2978053,20.291475,0.006805729,0.96965307,5.4172263,2.8297408,10.229148,617.6386,1367.8467,12.411983,1628.5668,980.58575,9.181813,2706.0242,1102.7402,6.274901,0 days 00:01:20.663546880,0 days 00:01:20.763546880
0 days 00:00:00.460000,0 days 00:00:00.560000,answer6,1.7994972,-9.460269,21.732107,0.0060899365,0.002405786,0.09357848,17.189524,-8.455227,22.484552,4.699018,20.294737,0.0074753575,1.0962669,5.402466,2.78845,10.326854,532.927,1528.3579,9.630841,1617.2246,1027.1875,10.313357,2747.0437,1182.6001,6.313867,0 days 00:01:20.673546880,0 days 00:01:20.773546880
0 days 00:00:00.470000,0 days 00:00:00.570000,answer6,1.7414246,-10.092758,23.53147,0.0046683513,0.0032621992,0.1047765,17.195993,-7.5687485,21.81768,4.7448196,20.271484,0.0047012656,0.82713175,5.324756,2.9903471,11.126831,529.7315,1558.7523,0.0,1627.4131,1027.3169,11.381168,2788.8252,1194.7235,6.313099,0 days 00:01:20.683546880,0 days 00:01:20.783546880
0 days 00:00:00.480000,0 days 00:00:00.580000,answer6,1.6794344,-11.032256,24.807726,0.0038775976,0.003140866,0.10889695,17.666784,-6.0873694,20.730995,4.203864,20.23062,0.001956068,0.48072758,5.258203,3.1413345,11.205409,242.5855,1671.8062,16.843718,1312.3014,976.5754,13.261256,2361.6772,974.24286,6.8978424,0 days 00:01:20.693546880,0 days 00:01:20.793546880
0 days 00:00:00.490000,0 days 00:00:00.590000,answer6,1.6320438,-12.053349,25.404549,0.0019375832,0.0025187666,0.107248686,18.333635,-4.4798517,19.884283,2.9216042,20.189514,0.0024498373,0.80045986,5.2833986,3.0829713,12.253413,346.98697,1427.8688,17.210615,1352.2402,908.3823,12.326571,2360.2952,881.04926,5.800865,0 days 00:01:20.703546880,0 days 00:01:20.803546880
0 days 00:00:00.500000,0 days 00:00:00.600000,answer6,1.6194395,-12.738824,25.28752,0.00030441233,0.0016370956,0.10114497,18.818922,-3.4355955,19.74749,1.0970696,20.158339,0.0032905545,1.3869921,5.2570944,2.825446,13.472295,389.98743,1234.0651,17.980438,1369.5607,889.97736,9.703388,2311.4363,887.2859,3.540786,0 days 00:01:20.713546880,0 days 00:01:20.813546880
0 days 00:00:00.510000,0 days 00:00:00.610000,answer6,1.6503683,-12.795929,24.956863,-0.0015327292,0.0013287066,0.096586645,18.925894,-3.2852848,20.335976,-0.54849064,20.134684,0.0,1.5355152,5.182263,2.4934146,14.827313,397.66885,1159.7417,17.787493,1394.305,866.8376,6.525149,2314.4011,886.7549,0.7024335,0 days 00:01:20.723546880,0 days 00:01:20.823546880
0 days 00:00:00.520000,0 days 00:00:00.620000,answer6,1.7137051,-12.320438,24.422815,-0.0011866271,0.0018988965,0.10044819,18.700539,-3.7739515,21.197954,-1.4354782,20.120308,0.0024309785,1.0033299,5.108285,2.237549,15.197516,397.50293,1158.7407,18.015425,1398.2445,869.0728,4.1113577,2309.7168,896.7444,-0.8377622,0 days 00:01:20.733546880,0 days 00:01:20.833546880
0 days 00:00:00.530000,0 days 00:00:00.630000,answer6,1.7841319,-11.713467,23.678228,0.00010486374,0.0024039447,0.12279623,18.372461,-4.4158306,21.818487,-1.6712656,20.130064,0.004157647,0.40670672,5.124758,2.1013253,14.025795,396.99423,1163.2643,18.545603,1414.5859,835.383,3.6699333,2342.3284,860.4411,-0.16738772,0 days 00:01:20.743546880,0 days 00:01:20.843546880
0 days 00:00:00.540000,0 days 00:00:00.640000,answer6,1.8375149,-11.300873,22.813643,0.0031982202,0.002585711,0.14672008,18.168882,-5.003733,21.994055,-1.7406878,20.144318,0.0034452833,0.2690905,5.0472126,2.0387027,12.326332,396.86377,1202.7559,18.745401,1413.0498,886.68085,4.1868153,2326.8364,913.0876,1.1838008,0 days 00:01:20.753546880,0 days 00:01:20.853546880
0 days 00:00:00.550000,0 days 00:00:00.650000,answer6,1.8607917,-11.153571,21.738398,0.0045545977,0.0021559873,0.16006136,18.22684,-5.5698605,21.634123,-1.8583299,20.126041,0.004314714,0.6691062,4.7551646,1.8226604,11.586423,397.45712,1218.6058,18.971992,1417.0104,917.8504,4.900987,2308.3733,938.46954,1.7858442,0 days 00:01:20.763546880,0 days 00:01:20.863546880
0 days 00:00:00.560000,0 days 00:00:00.660000,answer6,1.8487734,-11.23629,20.660276,0.0046115047,0.0014340422,0.15024278,18.562712,-6.0218062,20.763025,-1.8627558,20.047976,0.0026376045,1.1395332,4.3742013,1.4583629,10.979753,398.83975,1287.832,19.471243,1435.8043,994.83344,5.3460255,2294.9329,1045.1622,2.3844547,0 days 00:01:20.773546880,0 days 00:01:20.873546880
0 days 00:00:00.570000,0 days 00:00:00.670000,answer6,1.8023793,-11.508968,20.265287,0.0037515769,0.0005748387,0.14331563,19.097815,-6.0958652,19.544352,-1.6065536,19.942865,0.0040048743,1.004626,4.2635827,0.9720869,9.220534,394.96732,1253.4076,20.82498,1397.4917,982.2845,6.3513503,2231.077,979.06757,4.8222766,0 days 00:01:20.783546880,0 days 00:01:20.883546880
0 days 00:00:00.580000,0 days 00:00:00.680000,answer6,1.7308168,-11.903989,21.018324,0.0033820325,-0.00037783696,0.15031646,19.639835,-5.6741967,18.417948,-1.075534,19.846966,0.0044300104,0.5435012,4.3073525,0.48504576,6.907633,393.4855,1224.3663,22.57051,1365.9956,987.36505,7.9162865,2179.943,948.5879,8.443439,0 days 00:01:20.793546880,0 days 00:01:20.893546880
0 days 00:00:00.590000,0 days 00:00:00.690000,answer6,1.6519061,-12.314395,22.71026,0.0053510964,-0.0010743976,0.16658358,19.91638,-4.9560647,17.807175,-0.39438757,19.773432,0.0,0.26205134,4.3032293,0.21492417,6.4123015,384.6202,1270.6324,23.00743,1338.2611,996.44403,8.244755,2168.8564,933.4085,9.840486,0 days 00:01:20.803546880,0 days 00:01:20.903546880
0 days 00:00:00.600000,0 days 00:00:00.700000,answer6,1.586762,-12.693173,24.212435,0.007925033,-0.0008685656,0.15346165,19.845766,-4.128187,17.727816,0.28513563,19.70758,0.010350493,0.40042862,4.0833898,0.20714569,9.035113,373.70248,1412.1803,21.44638,1344.5558,1031.4868,7.727337,2224.3804,1005.5723,7.7533894,0 days 00:01:20.813546880,0 days 00:01:20.913546880
0 days 00:00:00.610000,0 days 00:00:00.710000,answer6,1.5493006,-13.053754,25.601456,0.009572372,-0.0002872773,0.14775054,19.6138,-3.3326933,17.684435,0.7051699,19.619955,0.007872966,0.41406617,3.8793137,0.6494961,12.076066,369.76358,1482.1903,18.9712,1360.9513,1022.9063,7.618679,2289.723,1043.4508,5.4130707,0 days 00:01:20.823546880,0 days 00:01:20.923546880
0 days 00:00:00.620000,0 days 00:00:00.720000,answer6,1.5415773,-13.347942,25.675928,0.009472854,-0.00056829903,0.13511074,19.4982,-2.7876208,17.25548,0.6992176,19.554125,0.0046930034,1.4192367,3.8864143,1.2430159,14.144658,376.9659,1381.6832,19.157446,1348.6401,992.5151,10.166137,2265.513,1001.4604,5.8457985,0 days 00:01:20.833546880,0 days 00:01:20.933546880
0 days 00:00:00.630000,0 days 00:00:00.730000,answer6,1.5573789,-13.385724,24.855688,0.010271716,-0.0016133868,0.13668433,19.494192,-2.8661072,16.502214,0.39129078,19.497353,0.0068305866,1.2716273,4.0428143,2.0303638,14.866212,391.6191,1249.5978,21.759203,1378.0494,933.63477,12.346089,2299.133,958.9927,7.489782,0 days 00:01:20.843546880,0 days 00:01:20.943546880
0 days 00:00:00.640000,0 days 00:00:00.740000,answer6,1.5875808,-13.0158,23.02745,0.011555273,-0.0022833727,0.12073622,19.377602,-3.677663,15.941592,0.143704,19.469553,0.009852395,1.5040011,4.209453,2.9615223,16.468384,400.5835,1207.9567,23.860926,1405.8304,937.14935,12.126658,2314.6013,984.09015,5.721714,0 days 00:01:20.853546880,0 days 00:01:20.953546880
0 days 00:00:00.650000,0 days 00:00:00.750000,answer6,1.623033,-12.307769,21.713202,0.01271716,-0.0019053166,0.11722875,19.019835,-4.8734293,16.018297,0.2996862,19.43389,0.012191484,0.5591931,4.180841,4.2298427,15.193253,402.93478,1264.8805,23.843033,1437.9625,957.6351,10.268842,2348.4187,1015.2007,4.459829,0 days 00:01:20.863546880,0 days 00:01:20.963546880
0 days 00:00:00.660000,0 days 00:00:00.760000,answer6,1.6576074,-11.500096,21.647356,0.0088887885,-0.001127651,0.1199202,18.556158,-5.97274,16.784895,0.86899585,19.407188,0.0,0.6144807,3.9654663,5.7548537,15.187912,400.8501,1382.1357,22.419588,1432.4082,1058.7902,9.101897,2289.614,1092.2128,1.7199768,0 days 00:01:20.873546880,0 days 00:01:20.973546880
0 days 00:00:00.670000,0 days 00:00:00.770000,answer6,1.6898508,-10.821958,22.67661,0.004098648,-0.00013741343,0.11536053,18.268578,-6.7394047,17.787779,1.4885354,19.37719,0.0069461716,0.48947868,3.7462015,7.3122306,13.866311,382.9275,1466.1559,20.976297,1382.7052,1081.7177,8.969575,2228.715,1040.4888,1.6270226,0 days 00:01:20.883546880,0 days 00:01:20.983546880
0 days 00:00:00.680000,0 days 00:00:00.780000,answer6,1.7197742,-10.396024,23.7815,-0.0018311864,0.0009540748,0.10446927,18.31797,-7.2103953,18.298477,1.5311092,19.356638,0.0048462837,0.2721853,3.5859058,8.157783,12.812533,378.93326,1414.6473,18.832407,1337.3517,1051.1193,7.9930787,2188.508,954.9119,1.3498839,0 days 00:01:20.893546880,0 days 00:01:20.993546880
0 days 00:00:00.690000,0 days 00:00:00.790000,answer6,1.7408524,-10.254994,24.304926,-0.0042261747,0.0015984364,0.09449694,18.659655,-7.4248176,17.905355,0.6718069,19.347029,0.005164456,1.1006948,3.7852802,7.9098554,10.811527,375.93335,1356.9896,16.616167,1316.3114,978.54755,6.7750916,2202.2551,867.2705,1.7791271,0 days 00:01:20.903546880,0 days 00:01:21.003546880
0 days 00:00:00.700000,0 days 00:00:00.800000,answer6,1.7442764,-10.354901,24.324022,-0.007069059,0.0014135675,0.09101354,19.151617,-7.405762,16.71692,-0.77008533,19.353676,0.0043153097,2.2716532,4.105305,6.7068324,8.992869,392.25186,1279.7728,15.221298,1333.6406,948.21454,5.9277368,2244.979,849.361,2.1045592,0 days 00:01:20.913546880,0 days 00:01:21.013546880
0 days 00:00:00.710000,0 days 00:00:00.810000,answer6,1.7266535,-10.605064,24.669968,-0.0072275903,0.0009022746,0.08690586,19.65668,-7.2279296,15.251931,-2.0089502,19.356537,0.006149711,3.5349028,4.5066843,5.186077,9.807904,393.7045,1278.0455,15.660511,1345.9337,911.0804,6.7249413,2296.4548,830.4593,1.131742,0 days 00:01:20.923546880,0 days 00:01:21.023546880
0 days 00:00:00.720000,0 days 00:00:00.820000,answer6,1.6945662,-10.916049,25.686584,-0.0051138955,0.00034468377,0.082643665,20.09716,-7.0860696,13.930999,-2.535191,19.344936,0.0,2.6405072,4.7255673,3.9254532,10.467711,395.15982,1251.5524,17.284948,1346.6818,888.8816,8.546044,2320.1401,819.3572,1.5275367,0 days 00:01:20.933546880,0 days 00:01:21.033546880
0 days 00:00:00.730000,0 days 00:00:00.830000,answer6,1.6607169,-11.225358,25.90927,8.725871e-06,0.0005061916,0.083684206,20.360102,-7.1458516,13.1914015,-2.4201987,19.31869,0.011128063,1.3738022,4.779215,3.261173,11.949435,392.7754,1229.9467,19.56703,1334.5875,898.3388,11.184684,2282.1382,856.1235,2.0720437,0 days 00:01:20.943546880,0 days 00:01:21.043546880
0 days 00:00:00.740000,0 days 00:00:00.840000,answer6,1.63949,-11.450573,25.239374,0.0028193705,0.0016766688,0.092422366,20.343813,-7.4257455,13.462199,-2.1416008,19.298594,0.007708077,0.28788462,4.7461085,3.4355924,13.289172,395.1731,1248.897,21.89907,1340.7324,935.8768,13.889163,2289.8538,905.7536,3.0574276,0 days 00:01:20.953546880,0 days 00:01:21.053546880
0 days 00:00:00.750000,0 days 00:00:00.850000,answer6,1.6414189,-11.463021,23.759863,0.004695032,0.0037630806,0.10526392,20.02442,-7.7459044,14.921444,-1.9850897,19.302612,0.002703523,0.4113461,4.6465607,4.1893907,13.467537,398.43994,1268.0966,23.218912,1350.3088,953.60614,15.236102,2298.4434,942.9143,4.3283343,0 days 00:01:20.963546880,0 days 00:01:21.063546880
0 days 00:00:00.760000,0 days 00:00:00.860000,answer6,1.6670207,-11.173123,22.761606,0.0051810113,0.0049827383,0.11087123,19.484917,-7.909986,17.16787,-1.8681593,19.33339,0.0022740678,0.876297,4.567168,4.892759,12.55833,401.13455,1308.6051,23.856134,1368.8854,993.1434,15.221542,2311.6814,965.98926,6.0857253,0 days 00:01:20.973546880,0 days 00:01:21.073546880
0 days 00:00:00.770000,0 days 00:00:00.870000,answer6,1.70473,-10.66435,21.920015,0.0056656376,0.0041429796,0.1071057,18.874619,-7.8549867,19.4186,-1.5237336,19.38902,0.0028581824,1.1994494,4.3707223,5.091615,11.136559,396.33533,1287.4658,23.226072,1347.6825,996.50507,12.847602,2237.4749,923.1093,7.1584105,0 days 00:01:20.983546880,0 days 00:01:21.083546880
0 days 00:00:00.780000,0 days 00:00:00.880000,answer6,1.7376777,-10.169712,21.079298,0.0033799298,0.0019895467,0.10141906,18.308302,-7.704822,20.99037,-0.92790383,19.456396,0.003950713,1.6250211,4.335365,4.7973742,9.654901,389.12564,1302.8467,22.515768,1325.4594,1037.0035,10.8673935,2170.9192,900.7684,8.266561,0 days 00:01:20.993546880,0 days 00:01:21.093546880
0 days 00:00:00.790000,0 days 00:00:00.890000,answer6,1.7520424,-9.933288,20.426115,-0.0007355188,-0.00027783655,0.09935399,17.888414,-7.597201,21.627638,-0.31677625,19.503645,0.0,1.4402128,4.3317924,4.416371,8.134313,322.05374,1484.1735,20.178778,1281.0293,1061.2035,9.518795,2125.5466,883.0765,9.094291,0 days 00:01:21.003546880,0 days 00:01:21.103546880
0 days 00:00:00.800000,0 days 00:00:00.900000,answer6,1.7434942,-10.062207,20.542822,-0.0023721259,-0.0008862933,0.09983691,17.733727,-7.5169168,21.41068,-0.038142946,19.502348,0.013261335,1.6131725,4.588217,4.351049,7.1478844,298.769,1649.0099,16.986868,1273.7573,1121.6918,9.799207,2141.219,930.58136,9.954297,0 days 00:01:21.013546880,0 days 00:01:21.113546880
0 days 00:00:00.810000,0 days 00:00:00.910000,answer6,1.7165328,-10.514997,21.73626,-0.002144063,-0.0007608842,0.10329322,17.968477,-7.3453155,20.577818,-0.41184512,19.471975,0.010592646,1.6083423,4.703216,4.476422,7.0233026,301.91763,1608.2072,16.298376,1274.6313,1098.4764,9.888855,2144.4827,933.116,10.1533,0 days 00:01:21.023546880,0 days 00:01:21.123546880
0 days 00:00:00.820000,0 days 00:00:00.920000,answer6,1.6821475,-11.122734,23.48983,0.00059466093,-0.00045035334,0.10484541,18.583307,-7.0715585,19.3874,-1.503418,19.445883,0.012054377,1.5461322,4.785573,4.769848,8.0818,364.62045,1416.1078,18.439943,1312.7106,1025.5111,11.219092,2215.3572,901.58795,10.473758,0 days 00:01:21.033546880,0 days 00:01:21.133546880
0 days 00:00:00.830000,0 days 00:00:00.930000,answer6,1.651426,-11.690689,24.985199,0.0028994654,-0.0009670959,0.10221389,19.312979,-6.8695054,18.1356,-3.0593765,19.424562,0.0047973716,0.9319191,4.7092214,4.9833364,11.029138,390.67636,1267.9286,21.551188,1344.6348,944.00635,12.146645,2278.5095,883.7507,8.012246,0 days 00:01:21.043546880,0 days 00:01:21.143546880
0 days 00:00:00.840000,0 days 00:00:00.940000,answer6,1.6299491,-12.09411,25.765554,0.003797303,-0.0015803855,0.097461425,19.749514,-6.905562,17.13132,-4.718886,19.394125,0.004568424,0.4954959,4.615935,5.376863,13.044182,395.525,1302.7648,22.271866,1368.1503,946.7781,13.095748,2338.5657,902.8191,5.965585,0 days 00:01:21.053546880,0 days 00:01:21.153546880
0 days 00:00:00.850000,0 days 00:00:00.950000,answer6,1.6173805,-12.294849,25.990808,0.0017452692,-0.0016358186,0.09857414,19.559967,-7.1281867,16.522383,-6.1891613,19.357988,0.0,0.3540989,4.4950156,5.904635,14.019254,400.94278,1289.6249,21.742441,1374.2306,941.71906,12.500918,2346.997,906.88104,3.694534,0 days 00:01:21.063546880,0 days 00:01:21.163546880
0 days 00:00:00.860000,0 days 00:00:00.960000,answer6,1.6137706,-12.268197,25.76139,-0.0023046185,-0.00055229606,0.105146356,18.719965,-7.418966,16.291122,-7.1842875,19.322725,0.0056214174,0.68520325,4.5164,6.799311,13.00764,407.78043,1309.8146,21.268806,1381.2178,971.98456,11.658801,2358.8428,920.03253,3.9201329,0 days 00:01:21.073546880,0 days 00:01:21.173546880
0 days 00:00:00.870000,0 days 00:00:00.970000,answer6,1.6251965,-11.961539,25.228148,-0.0020118842,0.00065466686,0.10978343,17.469322,-7.857025,16.32004,-7.550627,19.285791,0.0039656432,0.78110003,4.570975,7.843103,12.714279,412.39243,1315.0581,20.504892,1379.7567,1014.8228,10.356748,2346.173,1003.272,3.645057,0 days 00:01:21.083546880,0 days 00:01:21.183546880
0 days 00:00:00.880000,0 days 00:00:00.980000,answer6,1.6584935,-11.341565,24.352907,0.0028732696,0.0019486829,0.112746656,16.169487,-8.627463,16.568584,-7.33259,19.248062,0.0038638217,1.429821,4.62783,8.557133,11.9759445,419.57767,1372.537,19.43837,1391.2101,1076.212,8.928945,2351.8484,1072.025,3.6766465,0 days 00:01:21.093546880,0 days 00:01:21.193546880
0 days 00:00:00.890000,0 days 00:00:00.990000,answer6,1.7103014,-10.488777,23.454649,0.009797643,0.0027860117,0.113256395,15.085979,-9.832278,16.895779,-6.9220996,19.204336,0.0020851854,1.3372015,4.5849566,8.537452,10.592964,370.99747,1707.148,15.764247,1404.2709,1273.7698,9.428585,2238.8796,1718.8903,5.4117885,0 days 00:01:21.103546880,0 days 00:01:21.203546880
0 days 00:00:00.900000,0 days 00:00:01,answer6,1.7509223,-9.848604,22.784233,0.01347525,0.003610693,0.11405662,14.470143,-10.781209,17.135817,-6.63561,19.17591,0.0023595577,1.4797894,4.5195084,8.174618,9.139984,322.87283,2027.9512,12.617848,1425.0983,1433.5918,10.614838,2155.9333,2284.152,7.5665183,0 days 00:01:21.113546880,0 days 00:01:21.213546880
0 days 00:00:00.900000,0 days 00:00:01.000997732,answer6,1.771823,-9.520493,22.46991,0.014352976,0.003941608,0.11261555,14.224717,-11.318099,17.224583,-6.5323853,19.157522,0.0014772121,1.0557042,4.4913163,7.8870606,8.329593,270.5236,2323.572,9.780013,1432.3867,1595.7539,12.0830965,2053.039,2880.4226,9.3374815,0 days 00:01:21.113546880,0 days 00:01:21.214544612
0 days 00:00:00,0 days 00:00:00.100000,answer7,1.5342832,-15.6858,30.000555,0.014027156,-0.0020355305,0.052333247,26.744368,4.570702,10.562671,-1.8418597,29.34053,0.0,1.2738495,4.758125,9.659608,27.95828,1056.8287,1736.5443,-7.662227,1895.3922,1773.7192,-17.987818,2669.1726,1415.7777,-21.673365,0 days 00:01:49.576242910,0 days 00:01:49.676242910
0 days 00:00:00.010000,0 days 00:00:00.110000,answer7,1.4994551,-16.015177,30.087845,0.0114524895,-0.0021738445,0.11463321,26.741226,4.541738,9.867298,-3.2518787,29.285294,0.019595455,1.5487782,5.2988944,9.977479,27.96197,1057.8285,1614.1549,-9.6307,2075.2473,1506.5494,-19.571276,2583.723,2372.53,-22.23435,0 days 00:01:49.586242910,0 days 00:01:49.686242910
0 days 00:00:00.020000,0 days 00:00:00.120000,answer7,1.4651833,-16.507998,30.48239,0.010100692,-0.002891035,0.18420923,26.566406,4.5650883,8.631957,-6.2557626,29.250061,0.021154473,2.0006864,5.9616528,11.807912,29.960325,1027.2009,1462.9923,-12.40581,2224.5232,1279.4672,-22.299383,2685.0195,2698.4426,-25.027895,0 days 00:01:49.596242910,0 days 00:01:49.696242910
0 days 00:00:00.030000,0 days 00:00:00.130000,answer7,1.4673624,-16.984468,31.088945,0.009839147,-0.0047610137,0.20455408,26.066874,4.7241974,7.2938657,-10.553248,29.316217,0.024003005,1.8288759,6.312704,15.389449,30.156439,953.2248,1363.3862,-13.66442,2171.3457,1103.9644,-23.100319,2781.3926,2774.5925,-25.76697,0 days 00:01:49.606242910,0 days 00:01:49.706242910
0 days 00:00:00.040000,0 days 00:00:00.140000,answer7,1.5102243,-17.390955,30.835386,0.014080581,-0.007620096,0.20266283,25.40008,5.0865035,6.587523,-15.274568,29.44285,0.018323496,1.4382092,5.955326,16.352789,31.216187,819.02997,1411.2013,-11.544998,2053.819,1173.4857,-22.13674,2936.339,1890.1168,-27.240881,0 days 00:01:49.616242910,0 days 00:01:49.716242910
0 days 00:00:00.050000,0 days 00:00:00.150000,answer7,1.5908865,-17.514116,29.753365,0.017709395,-0.011169228,0.2031673,24.775469,5.4799695,6.670822,-19.427553,29.574514,0.01882565,1.005189,5.013208,13.242518,27.977194,644.69244,1560.5265,-7.1753306,1699.4999,1351.5857,-18.714857,2658.2722,1468.2982,-23.964396,0 days 00:01:49.626242910,0 days 00:01:49.726242910
0 days 00:00:00.060000,0 days 00:00:00.160000,answer7,1.696702,-17.225344,28.35322,0.022788025,-0.013722924,0.20141931,24.35021,5.59474,7.1436024,-22.819418,29.64447,0.018457757,0.9752837,3.6095026,7.3547645,26.29331,487.5883,1647.498,-1.4547075,1404.1124,1494.853,-16.050074,2339.3738,1251.7352,-21.724443,0 days 00:01:49.636242910,0 days 00:01:49.736242910
0 days 00:00:00.070000,0 days 00:00:00.170000,answer7,1.807304,-16.603586,27.179314,0.027010867,-0.015622598,0.21719895,24.114471,5.1020308,7.3651123,-25.84648,25.685904,0.1777914,0.7642279,2.8900967,4.99617,20.779808,408.95837,1600.893,5.9659743,1164.0918,1508.139,-8.830727,2110.9814,1014.00055,-14.253242,0 days 00:01:49.646242910,0 days 00:01:49.746242910
0 days 00:00:00.080000,0 days 00:00:00.180000,answer7,1.9058388,-15.7315645,25.864454,0.030346021,-0.016558439,0.23234706,23.901482,3.7631054,6.758999,-29.03028,21.740088,0.17049824,1.0013554,2.6320138,5.067782,17.414896,400.8989,1483.4508,12.634769,1188.3291,1362.7827,-3.0799887,2134.334,941.62286,-8.949642,0 days 00:01:49.656242910,0 days 00:01:49.756242910
0 days 00:00:00.090000,0 days 00:00:00.190000,answer7,1.9846226,-14.645301,24.390451,0.03212979,-0.017656332,0.24505265,23.524414,1.6941439,5.098367,-32.596344,17.858164,0.16588716,1.1641239,2.6132686,6.521961,12.749798,405.83835,1478.1871,18.516563,1208.4137,1354.6058,2.5959966,2182.009,991.8044,-2.3606129,0 days 00:01:49.666242910,0 days 00:01:49.766242910
0 days 00:00:00.100000,0 days 00:00:00.200000,answer7,2.0422182,-13.428836,23.375834,0.033317577,-0.01878135,0.25040504,22.876282,-0.66582793,2.544637,-36.379734,18.04725,0.004129566,1.4165157,2.0957453,6.4715447,12.802543,410.20554,1468.0219,20.630625,1213.7872,1346.9055,3.000494,2184.031,1027.5084,-1.4386829,0 days 00:01:49.676242910,0 days 00:01:49.776242910
0 days 00:00:00.110000,0 days 00:00:00.210000,answer7,2.0769207,-12.32634,23.061426,0.03341795,-0.019886423,0.24620824,22.008667,-2.7215443,-0.27345967,-39.68075,18.263823,0.007523462,1.3371506,1.7778908,6.066732,12.644619,427.18555,1501.3301,22.86892,1219.916,1422.856,5.84421,2231.9495,1020.9842,-0.45067847,0 days 00:01:49.686242910,0 days 00:01:49.786242910
0 days 00:00:00.120000,0 days 00:00:00.220000,answer7,2.0863829,-11.594096,23.216135,0.029846206,-0.020852843,0.24394779,21.08837,-4.2212925,-2.680542,-41.76059,22.428894,0.3408204,1.2349133,1.2299651,0.3408378,14.570886,440.84644,1475.9023,20.78689,1244.3346,1410.7716,0.19709747,2297.9421,931.43866,-4.7728276,0 days 00:01:49.696242910,0 days 00:01:49.796242910
0 days 00:00:00.130000,0 days 00:00:00.230000,answer7,2.0701115,-11.357484,23.449453,0.02510866,-0.02149424,0.23689528,20.328024,-5.210299,-4.1285605,-42.20053,26.476252,0.35001543,1.582054,1.2448457,-5.9973445,15.03003,457.89322,1556.4901,18.42359,1239.9813,1584.3717,-5.449018,2241.1074,1043.6117,-8.408906,0 days 00:01:49.706242910,0 days 00:01:49.806242910
0 days 00:00:00.140000,0 days 00:00:00.240000,answer7,2.0339217,-11.547498,23.66449,0.019928105,-0.021648603,0.22144072,19.850138,-5.874641,-4.484962,-41.301193,30.416344,0.35731015,1.6781424,0.9376779,-12.20795,16.260155,478.76163,1580.5939,15.499459,1254.7855,1801.1246,-11.811339,2121.9219,1230.9948,-12.968643,0 days 00:01:49.716242910,0 days 00:01:49.816242910
0 days 00:00:00.150000,0 days 00:00:00.250000,answer7,1.9906882,-11.955884,23.858086,0.018037941,-0.021286706,0.19884251,19.704475,-6.238051,-3.9838715,-39.63811,30.29888,0.06515055,1.6514668,0.78280187,-13.815148,14.247016,494.65573,1502.7396,15.3034315,1364.8553,1753.0498,-11.314686,2165.4485,1268.296,-12.758732,0 days 00:01:49.726242910,0 days 00:01:49.826242910
0 days 00:00:00.160000,0 days 00:00:00.260000,answer7,1.9528702,-12.340739,24.375418,0.01679497,-0.020667417,0.18377073,19.877666,-6.2930374,-3.1533356,-37.902836,30.192741,0.08531956,1.5741539,0.022653183,-15.639575,11.402951,490.573,1400.4594,13.559451,1382.1146,1621.8804,-12.312317,2203.8562,1158.3668,-13.483074,0 days 00:01:49.736242910,0 days 00:01:49.836242910
0 days 00:00:00.170000,0 days 00:00:00.270000,answer7,1.9239687,-12.615788,25.374077,0.018305205,-0.019911438,0.17171855,20.295359,-6.095409,-2.4865515,-36.541843,30.157715,0.10398954,1.3692852,-0.81629497,-16.387522,7.262079,475.31436,1325.1971,10.276111,1378.0917,1419.5195,-15.604365,2238.5955,1033.5573,-13.373492,0 days 00:01:49.746242910,0 days 00:01:49.846242910
0 days 00:00:00.180000,0 days 00:00:00.280000,answer7,1.8976974,-12.853772,26.787857,0.019494737,-0.019425493,0.1695658,20.859716,-5.7907596,-2.0555828,-35.456787,30.212372,0.09246063,2.02484,-0.8626268,-15.540535,5.4636955,486.27975,1347.7423,7.9015164,1406.8636,1479.5507,-15.7720175,2234.89,1089.4266,-14.028344,0 days 00:01:49.756242910,0 days 00:01:49.856242910
0 days 00:00:00.190000,0 days 00:00:00.290000,answer7,1.8683499,-13.155365,28.284073,0.020201592,-0.018111145,0.16216347,21.418135,-5.5855656,-1.6361986,-34.142628,30.300238,0.0951596,2.8107488,0.12596321,-13.194188,7.3169518,534.85675,1385.0674,6.911453,1569.3942,1475.0206,-15.30828,2410.1775,1071.5128,-14.960942,0 days 00:01:49.766242910,0 days 00:01:49.866242910
0 days 00:00:00.200000,0 days 00:00:00.300000,answer7,1.8369001,-13.480895,28.960104,0.02145602,-0.01608546,0.15269627,21.851295,-5.592463,-0.93946314,-32.065536,30.356695,0.09781382,2.841519,1.8015128,-11.533322,10.634671,551.696,1373.3248,7.764315,1704.5479,1461.0205,-14.299678,2568.7632,1082.0986,-15.764934,0 days 00:01:49.776242910,0 days 00:01:49.876242910
0 days 00:00:00.210000,0 days 00:00:00.310000,answer7,1.809997,-13.688502,28.316109,0.020041194,-0.013301878,0.13244809,22.105232,-5.8523192,-0.08609933,-29.38996,30.352524,0.1132738,2.2818232,3.4257622,-10.829282,13.407349,517.08386,1372.4916,9.375629,1565.5732,1417.9004,-13.143966,2441.293,1045.6876,-15.296624,0 days 00:01:49.786242910,0 days 00:01:49.886242910
0 days 00:00:00.220000,0 days 00:00:00.320000,answer7,1.796217,-13.631168,26.71785,0.017006217,-0.010310117,0.11459896,22.147545,-6.4066854,0.5633086,-26.689047,30.312551,0.10696434,1.3688806,4.478948,-10.718358,15.225693,472.66995,1285.8412,11.069152,1477.9779,1371.8033,-11.532169,2361.0352,1017.83246,-14.874898,0 days 00:01:49.796242910,0 days 00:01:49.896242910
0 days 00:00:00.230000,0 days 00:00:00.330000,answer7,1.8057383,-13.202552,25.215883,0.010695,-0.0059638154,0.107784666,21.83608,-7.262396,0.87644434,-24.47757,30.265047,0.09582758,1.6807408,4.9836297,-10.80777,16.811262,454.75842,1254.3333,12.039997,1405.8286,1298.7025,-9.863801,2316.7727,957.3752,-15.579036,0 days 00:01:49.806242910,0 days 00:01:49.906242910
0 days 00:00:00.240000,0 days 00:00:00.340000,answer7,1.8472214,-12.366135,24.36366,0.0076992423,-0.0012780444,0.112914495,20.986633,-8.296205,1.224156,-22.786283,30.234549,0.070759125,1.8436451,5.1118836,-11.09996,17.354736,454.0813,1199.3317,11.812282,1434.7816,1192.5101,-9.812522,2386.5198,848.5854,-16.642418,0 days 00:01:49.816242910,0 days 00:01:49.916242910
0 days 00:00:00.250000,0 days 00:00:00.350000,answer7,1.9216795,-11.199954,24.16805,0.008385426,0.0012825386,0.1322265,19.719429,-9.181737,2.2093353,-21.131506,30.222504,0.059504673,1.6551385,5.2023597,-11.479465,17.06642,438.69214,1193.6729,10.999413,1376.0532,1109.8273,-10.328427,2343.9014,854.7181,-17.54647,0 days 00:01:49.826242910,0 days 00:01:49.926242910
0 days 00:00:00.260000,0 days 00:00:00.360000,answer7,2.0191526,-9.910389,24.04969,0.015002978,0.0007234025,0.16360706,18.502035,-9.657638,4.2795315,-19.043211,30.228622,0.058592323,1.4754986,5.140831,-11.634273,16.009592,427.02945,1150.6569,10.267388,1343.3949,981.0176,-10.647614,2333.491,759.98535,-17.376476,0 days 00:01:49.836242910,0 days 00:01:49.936242910
0 days 00:00:00.270000,0 days 00:00:00.370000,answer7,2.1236265,-8.756118,23.89103,0.022431416,-0.0016974285,0.19731025,17.809984,-9.713786,7.478768,-16.378288,30.237356,0.06123327,0.906328,4.867939,-11.573689,15.14413,418.43774,1139.2887,9.852162,1321.0344,906.70087,-9.558223,2322.1948,713.69385,-16.865656,0 days 00:01:49.846242910,0 days 00:01:49.946242910
0 days 00:00:00.280000,0 days 00:00:00.380000,answer7,2.2177508,-7.9328723,22.878061,0.028193066,-0.003233026,0.21726406,17.73031,-9.51218,11.562879,-13.446145,30.210932,0.06472052,0.868262,4.3762136,-10.825503,14.352422,420.75552,1145.374,9.611996,1338.1204,881.12726,-7.558302,2370.5574,656.25275,-15.565929,0 days 00:01:49.856242910,0 days 00:01:49.956242910
0 days 00:00:00.290000,0 days 00:00:00.390000,answer7,2.2881484,-7.5013523,21.585762,0.02981548,-0.0046391455,0.22178303,17.931107,-9.161734,15.98069,-10.554225,30.008047,0.06146389,0.285358,3.958849,-9.037174,12.465091,417.65683,1164.6874,8.253886,1339.5822,903.0857,-5.8840485,2357.79,761.1035,-13.248378,0 days 00:01:49.866242910,0 days 00:01:49.966242910
0 days 00:00:00.300000,0 days 00:00:00.400000,answer7,2.3288324,-7.3910756,20.17559,0.02741955,-0.005850569,0.22294462,18.021452,-8.617375,20.142893,-7.7585278,29.690733,0.06119181,0.496375,3.5319936,-6.073035,9.983136,416.98233,1180.4462,5.4017854,1343.8458,902.9763,-4.671548,2348.7654,770.1062,-10.654386,0 days 00:01:49.876242910,0 days 00:01:49.976242910
0 days 00:00:00.310000,0 days 00:00:00.410000,answer7,2.3442287,-7.4496365,19.304438,0.025227955,-0.0075456095,0.22499192,17.850782,-7.8370633,23.617304,-5.1510806,29.324203,0.059651237,0.7054055,3.3046467,-3.2457616,7.63014,416.5328,1213.268,1.8466463,1348.6602,911.38947,-5.711785,2348.9265,790.01996,-9.029255,0 days 00:01:49.886242910,0 days 00:01:49.986242910
0 days 00:00:00.320000,0 days 00:00:00.420000,answer7,2.3449447,-7.566789,18.795221,0.020452403,-0.008559047,0.22151566,17.585754,-6.8579936,26.24816,-2.8684795,28.974922,0.053777605,1.0440218,3.1164205,-0.8625229,8.492761,417.4779,1264.1217,-1.9405903,1363.4496,898.38574,-9.008147,2366.4434,721.87036,-11.295873,0 days 00:01:49.896242910,0 days 00:01:49.996242910
0 days 00:00:00.330000,0 days 00:00:00.430000,answer7,2.339502,-7.695317,18.559307,0.018042052,-0.00929068,0.21719402,17.448748,-5.7906137,28.142881,-1.0567607,28.531387,0.055240363,0.9707071,3.1218379,0.30991158,8.74813,413.43124,1287.7972,-4.937908,1376.7124,892.5674,-12.02074,2381.1301,746.42114,-13.376126,0 days 00:01:49.906242910,0 days 00:01:50.006242910
0 days 00:00:00.340000,0 days 00:00:00.440000,answer7,2.330922,-7.8318343,18.628494,0.015620512,-0.01006009,0.21593337,17.450686,-4.724636,29.544695,0.23269318,28.105612,0.04785021,0.6106724,2.8590982,0.5196603,8.829461,405.84338,1246.0802,-6.6697555,1376.8502,872.39545,-15.624062,2343.6963,802.4057,-14.979556,0 days 00:01:49.916242910,0 days 00:01:50.016242910
0 days 00:00:00.350000,0 days 00:00:00.450000,answer7,2.3204765,-7.9073963,18.90627,0.015670598,-0.010384941,0.2229433,17.419828,-3.8176978,30.67645,0.906318,27.755705,0.052714523,0.7326233,2.6700382,0.1619587,8.03279,390.16537,1209.7876,-6.630888,1378.059,801.86163,-16.945938,2333.2085,796.5969,-14.501719,0 days 00:01:49.926242910,0 days 00:01:50.026242910
0 days 00:00:00.360000,0 days 00:00:00.460000,answer7,2.3106277,-7.8246536,19.050077,0.01687649,-0.010000158,0.22819042,17.228785,-3.264757,31.574717,0.92560077,27.550806,0.05049588,1.1385208,2.533402,1.192399,8.760769,385.7128,1181.773,-6.421515,1375.6539,812.5804,-19.619638,2298.4465,867.49176,-13.989886,0 days 00:01:49.936242910,0 days 00:01:50.036242910
0 days 00:00:00.370000,0 days 00:00:00.470000,answer7,2.3015072,-7.557962,18.715567,0.020043211,-0.009245834,0.23293883,16.939917,-3.1445675,32.09476,0.35771346,27.184267,0.06479257,1.1854007,2.40297,2.933839,10.8975525,376.34778,1216.7892,-5.927786,1379.8236,772.3181,-18.054064,2317.0098,801.386,-13.8914995,0 days 00:01:49.946242910,0 days 00:01:50.046242910
0 days 00:00:00.380000,0 days 00:00:00.480000,answer7,2.2872798,-7.2468495,18.134369,0.023357326,-0.009830949,0.23751993,16.735962,-3.22254,32.202557,-0.49769711,26.788595,0.05092157,0.9743907,2.676973,4.584517,12.565556,380.61612,1210.1158,-5.0853953,1380.8246,805.22516,-15.641708,2319.2004,832.2797,-13.066434,0 days 00:01:49.956242910,0 days 00:01:50.056242910
0 days 00:00:00.390000,0 days 00:00:00.490000,answer7,2.259534,-7.118257,17.906784,0.023826482,-0.011288517,0.23708995,16.761396,-3.0585737,32.158337,-1.2240987,26.316635,0.032328498,0.53272736,2.671715,4.9653726,13.944374,384.392,1196.8553,-3.2057266,1390.2736,790.94604,-14.6729,2343.0017,804.7874,-12.184728,0 days 00:01:49.966242910,0 days 00:01:50.066242910
0 days 00:00:00.400000,0 days 00:00:00.500000,answer7,2.2153418,-7.318067,18.080143,0.01915534,-0.012848187,0.23752172,16.994305,-2.333912,32.337017,-1.5131065,25.866255,0.018173836,0.81502604,2.505601,5.3343544,14.588024,392.36917,1141.8511,-2.6208436,1398.5449,762.99414,-12.706771,2335.16,799.41583,-11.874513,0 days 00:01:49.976242910,0 days 00:01:50.076242910
0 days 00:00:00.410000,0 days 00:00:00.510000,answer7,2.1622837,-7.7933297,18.518759,0.012177781,-0.013746181,0.21562427,17.291513,-1.1750709,32.846874,-1.2833424,25.348516,0.019812953,0.63728577,1.9837132,5.11342,13.535271,392.90012,1122.2926,-2.0715065,1406.8431,715.9632,-12.187951,2330.622,789.5291,-11.499181,0 days 00:01:49.986242910,0 days 00:01:50.086242910
0 days 00:00:00.420000,0 days 00:00:00.520000,answer7,2.1168823,-8.320357,18.90982,0.007833861,-0.014437564,0.1900485,17.448286,-0.081880115,33.542187,-0.6303809,24.89093,0.019205084,0.8377125,1.9379135,4.449306,13.859967,392.18893,1123.2753,-2.351381,1415.4935,695.0654,-9.939395,2330.72,768.1274,-13.754903,0 days 00:01:49.996242910,0 days 00:01:50.096242910
0 days 00:00:00.430000,0 days 00:00:00.530000,answer7,2.0938258,-8.679634,19.529833,0.0072776326,-0.014483961,0.1826009,17.381342,0.48604885,34.378975,0.20134409,24.64147,0.009420896,0.73518324,2.3726494,3.3215802,15.608584,391.6094,1124.9476,-2.328601,1417.3358,712.1219,-15.270112,2331.7637,774.9688,-17.158693,0 days 00:01:50.006242910,0 days 00:01:50.106242910
0 days 00:00:00.440000,0 days 00:00:00.540000,answer7,2.098284,-8.768222,20.028543,0.008489595,-0.01386413,0.19710822,17.157522,0.48235318,35.58101,1.0111428,24.564245,0.011889038,0.95257765,2.9867904,2.4182148,16.52629,393.46866,1111.5214,-3.1782305,1414.8646,739.6495,-19.801744,2320.4329,775.77814,-18.902245,0 days 00:01:50.016242910,0 days 00:01:50.116242910
0 days 00:00:00.450000,0 days 00:00:00.550000,answer7,2.1218607,-8.680359,20.122673,0.008144092,-0.012213357,0.22673114,17.000679,0.20842016,37.348373,1.7246451,24.624962,0.033209424,0.80693436,3.3058102,0.97851443,16.056166,390.56943,1096.3822,-3.4045494,1402.6777,746.2735,-21.576307,2294.496,792.99023,-19.111101,0 days 00:01:50.026242910,0 days 00:01:50.126242910
0 days 00:00:00.460000,0 days 00:00:00.560000,answer7,2.145075,-8.642178,19.95015,0.00511248,-0.010508195,0.24271639,17.069338,-0.0017499104,39.36665,2.4772484,24.772959,0.045006618,1.156856,3.252745,-1.0774344,12.5298,376.1886,1136.3003,-2.8026187,1396.2832,725.8953,-19.043455,2298.5002,788.21216,-16.488527,0 days 00:01:50.036242910,0 days 00:01:50.136242910
0 days 00:00:00.470000,0 days 00:00:00.570000,answer7,2.1424847,-8.903485,20.033422,0.0025754499,-0.009061563,0.25640956,17.415773,-0.0015865564,40.852047,3.3742955,25.081388,0.054994058,0.9089481,3.3411598,-2.647048,11.430219,364.94165,1161.7606,-1.7630259,1389.3492,707.94696,-19.802744,2307.976,780.8127,-15.840294,0 days 00:01:50.046242910,0 days 00:01:50.146242910
0 days 00:00:00.480000,0 days 00:00:00.580000,answer7,2.0917518,-9.621341,20.724207,0.000203408,-0.008312711,0.26430348,18.012106,0.3490896,41.15639,4.3593,25.503351,0.049875896,0.8221542,3.9271953,-2.558008,10.082328,358.91776,1161.0267,-1.1174432,1382.4962,692.62494,-21.954046,2307.9534,770.0622,-13.757778,0 days 00:01:50.056242910,0 days 00:01:50.156242910
0 days 00:00:00.490000,0 days 00:00:00.590000,answer7,1.9862932,-10.849856,21.912008,0.0009562638,-0.0087381,0.2648536,18.846613,1.3089105,40.25031,5.4012017,25.943521,0.040301476,0.50651246,4.759997,-0.8501343,14.110825,354.79202,1177.6786,-0.8354962,1381.0308,701.7004,-24.122793,2315.9475,767.0429,-15.796455,0 days 00:01:50.066242910,0 days 00:01:50.166242910
0 days 00:00:00.500000,0 days 00:00:00.600000,answer7,1.8383875,-12.550954,23.359344,-0.0003360052,-0.009201136,0.24892868,19.820082,3.1465962,38.631557,6.617338,26.319021,0.027185766,0.55099684,5.245152,1.3078388,16.010847,358.65613,1168.8915,-0.9323621,1379.9144,736.6932,-22.218948,2300.0105,810.8589,-15.635371,0 days 00:01:50.076242910,0 days 00:01:50.176242910
0 days 00:00:00.510000,0 days 00:00:00.610000,answer7,1.6741486,-14.543007,25.162315,-0.002017349,-0.0094773015,0.22997756,20.637667,5.8377748,36.680897,8.1283655,26.709776,0.022101492,0.7172525,5.4273753,6.045866,20.536703,353.65463,1238.1593,-4.3659043,1403.5089,768.09735,-18.857584,2354.8584,832.10547,-18.856743,0 days 00:01:50.086242910,0 days 00:01:50.186242910
0 days 00:00:00.520000,0 days 00:00:00.620000,answer7,1.5301279,-16.405682,27.228506,-0.0048469156,-0.0092906775,0.20222771,20.577543,9.130017,34.43161,9.838619,27.126074,0.019556116,0.8366523,5.766748,10.058019,21.702545,346.0084,1283.4364,-4.0278754,1408.9867,811.0208,-18.445503,2380.4468,885.5217,-20.174627,0 days 00:01:50.096242910,0 days 00:01:50.196242910
0 days 00:00:00.530000,0 days 00:00:00.630000,answer7,1.4395596,-17.56677,29.019316,-0.0067192875,-0.008803229,0.18172409,18.924955,12.4802475,32.05064,11.408408,27.337889,0.023712793,0.93707275,6.122877,13.78181,25.912912,339.14206,1351.037,-9.229793,1420.555,833.5486,-21.596445,2424.994,860.09766,-25.863121,0 days 00:01:50.106242910,0 days 00:01:50.206242910
0 days 00:00:00.540000,0 days 00:00:00.640000,answer7,1.4152961,-17.63912,29.367914,-0.008584269,-0.008405416,0.1661536,15.610936,15.347997,29.672709,12.389325,27.346163,0.024821987,0.9734624,6.550735,14.355535,27.469969,521.91974,1949.0856,-16.24174,1446.9023,951.8609,-25.0392,2481.548,923.54865,-30.03229,0 days 00:01:50.116242910,0 days 00:01:50.216242910
0 days 00:00:00.550000,0 days 00:00:00.650000,answer7,1.4469028,-16.654013,28.125566,-0.012460527,-0.0073529244,0.16810453,11.406356,17.072126,27.58758,12.4800415,27.2016,0.03091707,1.2506005,7.012734,15.085799,26.301878,759.4541,2104.1428,-28.110342,1544.8859,994.9366,-26.249468,2596.038,993.1567,-31.570543,0 days 00:01:50.126242910,0 days 00:01:50.226242910
0 days 00:00:00.560000,0 days 00:00:00.660000,answer7,1.5175176,-14.950237,26.060766,-0.018687,-0.006433238,0.18286197,7.2799306,17.02442,25.638391,11.779452,27.119736,0.025235385,1.3121359,7.346432,12.957146,23.895224,954.4839,2221.5583,-32.049957,1646.3346,981.1492,-25.648039,2719.1375,1031.4291,-31.12441,0 days 00:01:50.136242910,0 days 00:01:50.236242910
0 days 00:00:00.570000,0 days 00:00:00.670000,answer7,1.6145086,-12.92452,24.162003,-0.022088625,-0.0050180005,0.18844986,3.7670174,15.094986,23.726389,10.394371,27.00567,0.012815931,1.1071664,7.2489223,9.7762,19.686684,891.39557,1943.7142,-30.445404,1685.8312,874.2867,-27.105911,2768.0125,1018.33203,-27.450762,0 days 00:01:50.146242910,0 days 00:01:50.246242910
0 days 00:00:00.580000,0 days 00:00:00.680000,answer7,1.7227201,-10.915591,21.925058,-0.023114895,-0.0037781515,0.17407657,1.004896,11.866669,21.973396,8.537362,26.950249,0.006509991,0.56996244,6.7025547,6.3028464,16.930948,879.2675,1701.8317,-26.57383,1728.9149,874.6938,-23.170876,2740.3845,964.29156,-24.14032,0 days 00:01:50.156242910,0 days 00:01:50.256242910
0 days 00:00:00.590000,0 days 00:00:00.690000,answer7,1.8214298,-9.212232,19.313082,-0.021854723,-0.003554297,0.14973652,-0.9271383,8.363372,20.661867,6.302016,27.080229,0.022087483,0.7370594,5.9253006,5.8290005,13.107347,886.19965,1521.0934,-23.473856,1773.2119,907.3327,-20.26678,2726.3408,1003.22736,-19.441736,0 days 00:01:50.166242910,0 days 00:01:50.266242910
0 days 00:00:00.600000,0 days 00:00:00.700000,answer7,1.900926,-8.007535,16.631067,-0.023102155,-0.003943449,0.13361864,-1.7721661,5.5037174,20.28179,4.0204325,27.168894,0.021375054,0.89877814,5.240459,8.29839,11.358913,945.7658,1190.9791,-19.914171,1840.8068,935.508,-16.103603,2737.5078,1113.479,-17.187834,0 days 00:01:50.176242910,0 days 00:01:50.276242910
0 days 00:00:00.610000,0 days 00:00:00.710000,answer7,1.9701014,-7.3433456,14.808074,-0.023569629,-0.0049044075,0.13745709,-1.2401357,3.8972216,21.1239,2.2292182,27.179594,0.029010436,1.3362107,4.676142,9.901996,9.564646,925.52563,1190.496,-17.123453,1865.1782,946.7581,-14.470145,2774.786,1219.7228,-16.108582,0 days 00:01:50.186242910,0 days 00:01:50.286242910
0 days 00:00:00.620000,0 days 00:00:00.720000,answer7,2.0457556,-7.13489,13.794217,-0.021773094,-0.0047202767,0.16345192,0.54610896,3.6275456,22.99853,1.1095425,27.069042,0.016278647,1.3219956,4.5183887,11.586231,9.165981,909.3105,1165.7828,-77.6969,1867.4039,947.58185,-74.85544,2772.0469,1172.3229,-77.762474,0 days 00:01:50.196242910,0 days 00:01:50.296242910
0 days 00:00:00.630000,0 days 00:00:00.730000,answer7,2.1389115,-7.254587,13.4077215,-0.017636003,-0.0040166625,0.19890434,2.964325,4.2132874,25.447023,0.35222295,0.0,0.0,0.0,0.0,0.0,0.0,936.17706,1177.2452,-139.09038,1888.3558,976.27686,-136.94945,2775.5442,964.14166,-139.55693,0 days 00:01:50.206242910,0 days 00:01:50.306242910
0 days 00:00:00.640000,0 days 00:00:00.740000,answer7,2.2475438,-7.5405946,13.34549,-0.015574838,-0.0029105872,0.23534374,5.2553725,4.8573728,28.053957,-0.71862906,0.0,0.0,0.0,0.0,0.0,0.0,971.0361,1314.0703,-201.0,1900.6703,1012.5616,-201.0,2780.739,769.687,-201.0,0 days 00:01:50.216242910,0 days 00:01:50.316242910
0 days 00:00:00.650000,0 days 00:00:00.750000,answer7,2.3599205,-7.8270707,13.371198,-0.015061068,-0.0021343504,0.2675809,7.1029663,5.1974287,30.705122,-2.3049603,0.0,0.0,0.0,0.0,0.0,0.0,989.0118,1341.6344,-140.1515,1901.15,993.5047,-139.43495,2747.414,764.59375,-134.8065,0 days 00:01:50.226242910,0 days 00:01:50.326242910
0 days 00:00:00.660000,0 days 00:00:00.760000,answer7,2.4611654,-7.985354,13.216766,-0.016697014,-0.0017024545,0.29803142,8.47011,5.2883506,33.46268,-4.101971,28.366512,0.0,0.30665994,2.9804716,17.065502,12.382683,977.19165,1232.3015,-79.046394,1907.2784,910.993,-76.28673,2718.4468,787.7012,-73.92643,0 days 00:01:50.236242910,0 days 00:01:50.336242910
0 days 00:00:00.670000,0 days 00:00:00.770000,answer7,2.5437376,-7.995205,12.059785,-0.0178029,-0.0019758185,0.31676492,9.330708,5.3959517,36.26588,-5.8891997,28.212267,0.058674462,0.34480846,3.687917,16.57358,11.682822,959.9949,1069.0656,-18.1589,1932.3994,836.0511,-14.098423,2716.3845,761.39825,-9.34612,0 days 00:01:50.246242910,0 days 00:01:50.346242910
0 days 00:00:00.680000,0 days 00:00:00.780000,answer7,2.612044,-7.855141,10.518578,-0.017201623,-0.0028183442,0.30233917,9.535903,5.6439385,39.071934,-7.985041,27.833288,0.05951236,1.2847177,4.087438,16.040068,14.695648,962.94476,1016.4289,-19.198196,1976.4678,783.27826,-11.727033,2754.0007,841.5451,-11.603183,0 days 00:01:50.256242910,0 days 00:01:50.356242910
0 days 00:00:00.690000,0 days 00:00:00.790000,answer7,2.6709538,-7.4216137,8.749112,-0.01628406,-0.003615428,0.2768354,9.061455,5.942576,41.40194,-10.680598,27.480179,0.04040986,1.2613109,5.12273,17.558897,16.37073,960.8349,1039.0825,-21.544535,1977.1141,758.37775,-14.027763,2758.9697,846.0781,-12.474251,0 days 00:01:50.266242910,0 days 00:01:50.366242910
0 days 00:00:00.700000,0 days 00:00:00.800000,answer7,2.7136862,-6.4456306,7.448025,-0.014362283,-0.0032915126,0.26800266,8.107931,6.0606303,42.711292,-13.877347,27.130346,0.038639728,1.1943961,5.5572295,18.695778,16.068981,945.02545,1043.1139,-22.564917,1937.143,698.79047,-15.23393,2724.0544,910.7363,-10.607436,0 days 00:01:50.276242910,0 days 00:01:50.376242910
0 days 00:00:00.710000,0 days 00:00:00.810000,answer7,2.7351763,-4.8456564,6.3410487,-0.01411353,-0.0035526417,0.2979034,6.8709483,5.8820767,42.72942,-17.38131,26.905485,0.01859716,0.52036566,6.100664,18.834833,14.816478,957.1015,1153.8339,-21.938623,1938.5905,768.81934,-14.628253,2756.763,754.8913,-7.660089,0 days 00:01:50.286242910,0 days 00:01:50.386242910
0 days 00:00:00.720000,0 days 00:00:00.820000,answer7,2.7562358,-2.866458,5.349277,-0.016737437,-0.004058581,0.33967113,5.303365,5.604961,41.634174,-21.164795,26.795202,0.019761248,0.6528054,5.9890404,18.183838,8.40242,941.5843,1176.8087,-19.106047,1933.3026,766.17773,-13.490598,2754.762,746.5606,-0.13318141,0 days 00:01:50.296242910,0 days 00:01:50.396242910
0 days 00:00:00.730000,0 days 00:00:00.830000,answer7,2.8192475,-0.8379209,4.565541,-0.02089042,-0.0042692483,0.37917542,3.4015286,5.4886603,39.74179,-24.77344,26.725502,0.019034257,0.68413067,4.9923534,16.87998,6.3560047,925.7319,1149.5874,-16.748663,1952.1019,739.7331,-9.188504,2765.3984,769.02484,2.001311,0 days 00:01:50.306242910,0 days 00:01:50.406242910
0 days 00:00:00.740000,0 days 00:00:00.840000,answer7,2.9480658,1.1110116,3.8118088,-0.025714345,-0.003186758,0.41847214,1.3021022,5.7572637,37.283497,-27.431948,26.681572,0.019740762,0.45648172,3.9910362,15.539157,3.2176425,886.5632,1014.7885,-14.135081,1935.5869,642.2216,-8.170476,2724.9592,814.0261,4.3632584,0 days 00:01:50.316242910,0 days 00:01:50.416242910
0 days 00:00:00.750000,0 days 00:00:00.850000,answer7,3.121584,3.0348294,2.175427,-0.027540503,-0.0018298147,0.44734058,-0.70897967,6.293794,34.4088,-28.982391,26.711084,0.018567422,0.5953292,3.3207743,14.627086,0.20587921,896.0612,979.7508,-12.427129,1970.1635,681.0688,-5.0895395,2731.457,854.2513,5.7861075,0 days 00:01:50.326242910,0 days 00:01:50.426242910
0 days 00:00:00.760000,0 days 00:00:00.860000,answer7,3.2918632,4.9179435,-0.09140158,-0.028425613,-0.0016331183,0.44090804,-2.5534782,6.8740716,31.210634,-30.411081,26.766134,0.014778296,0.5505957,2.4320266,15.137149,-1.4126353,907.7801,943.3631,-11.407025,2010.2826,750.3171,-6.357672,2721.024,889.2761,5.7843018,0 days 00:01:50.336242910,0 days 00:01:50.436242910
0 days 00:00:00.770000,0 days 00:00:00.870000,answer7,3.4246264,6.557453,-2.7909276,-0.022678586,-0.0021096952,0.39624047,-4.1184974,7.210172,27.766653,-32.712986,26.796625,0.028222432,0.81831807,1.248509,16.163933,-1.6231905,918.3996,933.6558,-10.859736,2081.468,836.7893,-8.783438,2693.6501,1020.0967,5.421017,0 days 00:01:50.346242910,0 days 00:01:50.446242910
0 days 00:00:00.780000,0 days 00:00:00.880000,answer7,3.5113733,7.6620502,-4.656752,-0.012221843,-0.002946347,0.33901796,-4.9205565,7.2825336,24.500313,-35.614613,26.789536,0.041664034,0.6451037,0.29311606,17.095776,-1.3874261,912.55927,935.0281,-74.15904,2084.6501,986.22174,-73.849525,2640.316,991.4128,-63.537746,0 days 00:01:50.356242910,0 days 00:01:50.456242910
0 days 00:00:00.790000,0 days 00:00:00.890000,answer7,3.567262,8.024369,-5.70799,0.00018590938,-0.0039349743,0.29790756,-4.3052425,7.3801913,21.82634,-38.243416,0.0,0.0,0.0,0.0,0.0,0.0,912.21387,979.8234,-105.60547,2168.9897,938.2112,-71.74227,2552.4187,1574.3574,-65.99421,0 days 00:01:50.366242910,0 days 00:01:50.466242910
0 days 00:00:00.800000,0 days 00:00:00.900000,answer7,3.6184566,7.5881577,-6.122911,0.006920468,-0.0057198075,0.27849603,-2.1071,7.7292213,19.59485,-40.219463,57.7408,0.0076986616,1.1671143,8.797815,-8.664952,-18.490177,951.3963,1112.6334,0.0,2149.2312,1051.5602,-68.67005,2594.3567,1392.0729,-62.119907,0 days 00:01:50.376242910,0 days 00:01:50.476242910
0 days 00:00:00.810000,0 days 00:00:00.910000,answer7,3.6943777,6.4339156,-6.074427,0.009298126,-0.008107066,0.30225813,0.9444817,8.307942,17.048967,-41.424145,57.742832,0.0057798238,0.9471548,7.7274575,-9.454669,-16.00482,948.758,1171.3926,0.0,2085.7039,1109.9331,-7.4946094,2598.4084,1356.1392,2.7335746,0 days 00:01:50.386242910,0 days 00:01:50.486242910
0 days 00:00:00.820000,0 days 00:00:00.920000,answer7,3.8081167,4.7225833,-5.6991887,0.008952185,-0.010189851,0.35252175,3.9528344,8.5905485,13.762877,-41.789795,56.078934,0.022382535,0.8915995,6.4594064,-0.31194434,-6.9980865,931.4411,1306.776,0.0,1925.9867,1373.4209,-9.994639,2670.3894,699.855,0.36953703,0 days 00:01:50.396242910,0 days 00:01:50.496242910
0 days 00:00:00.830000,0 days 00:00:00.930000,answer7,3.9510288,2.6540244,-5.0770473,0.007868429,-0.010916623,0.41772604,6.420489,8.202455,9.895686,-40.986908,54.41347,0.019620173,0.6541538,5.281986,8.356212,7.843244,746.5878,1313.854,0.0,1681.6124,1363.101,-7.712542,2574.4148,709.8132,-9.375941,0 days 00:01:50.406242910,0 days 00:01:50.506242910
0 days 00:00:00.840000,0 days 00:00:00.940000,answer7,4.1005507,0.45846143,-3.8265858,0.006607927,-0.011110316,0.4576622,8.408546,7.0633264,5.9663033,-39.33188,43.230244,0.28470767,0.49020204,1.9312506,14.789322,18.35134,591.6055,1346.8989,0.0,1494.3187,1274.932,-7.091186,2427.1604,801.53345,-15.007833,0 days 00:01:50.416242910,0 days 00:01:50.516242910
0 days 00:00:00.850000,0 days 00:00:00.950000,answer7,4.238109,-1.623819,-1.7432623,0.008327451,-0.01176134,0.47643217,10.028999,5.535892,2.292936,-37.34898,33.687607,0.27538714,0.38327357,1.0296177,11.950982,14.070198,459.49747,1296.0886,-3.2306395,1381.6943,1166.3231,-7.4105372,2430.5674,828.701,-14.091965,0 days 00:01:50.426242910,0 days 00:01:50.526242910
0 days 00:00:00.860000,0 days 00:00:00.960000,answer7,4.3521647,-3.3613756,0.7969389,0.014105958,-0.012498113,0.47399428,11.366551,3.8287423,-0.63955444,-35.58872,24.135874,0.2744002,0.3138891,0.21788876,9.650387,12.275432,521.0297,1342.1177,-0.5762043,1482.1913,1090.1678,-13.129182,2540.3008,828.37085,-13.904819,0 days 00:01:50.436242910,0 days 00:01:50.536242910
0 days 00:00:00.870000,0 days 00:00:00.970000,answer7,4.4373317,-4.546986,2.9498672,0.020767264,-0.012432312,0.47528824,12.42926,1.9553651,-2.4214103,-34.112885,24.096292,0.009579688,0.41518295,2.7636662,10.430349,11.182363,633.0121,1429.692,3.8198862,1625.3685,1041.6294,-10.63396,2764.042,734.6848,-11.511575,0 days 00:01:50.446242910,0 days 00:01:50.546242910
0 days 00:00:00.880000,0 days 00:00:00.980000,answer7,4.4897594,-5.030171,4.150179,0.02631099,-0.010704265,0.4949222,13.183338,-0.14439619,-2.902503,-32.42545,24.09931,0.018004095,0.49964857,3.1186354,10.147578,12.1289,609.47906,1429.7802,2.3796136,1540.1844,1051.7987,-7.818807,2551.1782,747.804,-11.091195,0 days 00:01:50.456242910,0 days 00:01:50.556242910
0 days 00:00:00.890000,0 days 00:00:00.990000,answer7,4.510847,-4.7872987,4.5280557,0.02918403,-0.008515597,0.54001975,13.606059,-2.3151557,-2.2642734,-29.814993,24.153204,0.01767069,0.8164585,3.023978,8.48721,10.293134,520.04376,1380.9794,0.43143734,1401.393,1140.223,-4.550417,2287.7937,826.6792,-8.376573,0 days 00:01:50.466242910,0 days 00:01:50.566242910
0 days 00:00:00.900000,0 days 00:00:01,answer7,4.5141015,-4.376991,4.526882,0.031134838,-0.006944422,0.5757974,13.772949,-3.7659676,-1.5118631,-27.630875,24.21049,0.01697074,1.1591642,2.7173805,6.8456078,6.4030366,399.0477,1311.4972,-1.8645992,1254.6952,1208.5914,-2.8040104,2026.9137,896.3254,-4.078373,0 days 00:01:50.476242910,0 days 00:01:50.576242910
0 days 00:00:00.900000,0 days 00:00:01.000997732,answer7,4.5113263,-4.064484,4.4341755,0.031672593,-0.0063441223,0.5950151,13.804286,-4.4513993,-0.9975911,-26.28295,24.250315,0.0006432948,1.3473792,2.2520719,5.6803093,5.540685,397.05917,1327.9535,-1.1118627,1255.793,1225.6968,-2.8847039,2022.6239,911.803,-3.2609036,0 days 00:01:50.476242910,0 days 00:01:50.577240642
0 days 00:00:00,0 days 00:00:00.100000,answer8,1.1581476,-19.199203,33.50622,0.008627441,-0.010551882,0.05447291,20.652138,10.753598,7.6343307,-16.06367,0.0,0.0,0.0,0.0,0.0,0.0,524.4578,1321.485,-201.0,1504.0356,1408.4218,-201.0,2302.8796,1793.3048,-201.0,0 days 00:00:24.324324324,0 days 00:00:24.424324324
0 days 00:00:00.010000,0 days 00:00:00.110000,answer8,1.2449459,-18.515585,32.961132,0.011119773,-0.010002476,0.10245357,21.607718,11.178669,8.21598,-15.270145,0.0,0.0,0.0,0.0,0.0,0.0,520.9228,1472.1777,-134.59926,1440.9279,1588.876,-140.20714,2321.053,1739.2804,-141.05794,0 days 00:00:24.334324324,0 days 00:00:24.434324324
0 days 00:00:00.020000,0 days 00:00:00.120000,answer8,1.3408918,-17.899221,32.305164,0.01429509,-0.009256885,0.14423512,22.66429,11.789154,9.360045,-13.813338,27.00378,0.0,0.0,6.475418,-0.5491215,18.499851,511.43237,1634.1351,-67.93145,1410.3739,1752.1523,-79.91106,2352.8064,1705.3531,-82.11823,0 days 00:00:24.344324324,0 days 00:00:24.444324324
0 days 00:00:00.030000,0 days 00:00:00.130000,answer8,1.3719662,-18.008032,31.876375,0.014772723,-0.008450002,0.1364731,22.994148,12.41245,11.148852,-11.955383,26.411848,0.0,0.0,5.818218,0.33225527,20.075125,486.10156,1470.7731,-1.5158558,1427.3242,1490.2467,-20.272188,2539.2476,829.9771,-23.91571,0 days 00:00:24.354324324,0 days 00:00:24.454324324
0 days 00:00:00.040000,0 days 00:00:00.140000,answer8,1.3455547,-18.587545,31.565645,0.01254055,-0.008646225,0.13682808,22.70516,13.259608,13.733493,-10.03463,25.17858,0.0,0.0,4.761143,1.5777448,22.521914,467.24146,1378.4127,-1.8167433,1495.5311,1338.2064,-22.121758,2559.1555,857.2585,-26.23693,0 days 00:00:24.364324324,0 days 00:00:24.464324324
0 days 00:00:00.050000,0 days 00:00:00.150000,answer8,1.2834835,-19.296726,31.428802,0.007597255,-0.009301595,0.14189787,21.994171,14.095105,16.702856,-7.907013,25.165369,0.0,0.0,5.1876245,-0.32622924,21.182768,450.04227,1304.4645,-3.2889774,1517.8082,1215.5885,-24.18973,2558.5632,859.8068,-27.048822,0 days 00:00:24.374324324,0 days 00:00:24.474324324
0 days 00:00:00.060000,0 days 00:00:00.160000,answer8,1.212183,-19.837076,31.755346,0.0013644076,-0.009184058,0.13507228,21.0062,14.41481,19.260057,-5.3662543,25.011732,0.0,0.0,5.7354646,-1.0414447,20.201675,471.70142,1459.213,-5.849449,1558.2056,1209.7533,-26.385855,2579.481,845.0076,-27.779434,0 days 00:00:24.384324324,0 days 00:00:24.484324324
0 days 00:00:00.070000,0 days 00:00:00.170000,answer8,1.1543924,-20.018812,32.60254,-0.0038635356,-0.008333496,0.125237,19.742033,13.856862,20.829628,-2.9726279,24.768456,0.0,1.5240699,6.130466,0.5651622,20.836514,611.72894,1514.8629,-13.533315,1669.7347,1180.4015,-28.48675,2653.6228,817.0813,-28.669744,0 days 00:00:24.394324324,0 days 00:00:24.494324324
0 days 00:00:00.080000,0 days 00:00:00.180000,answer8,1.1214243,-19.769379,33.399567,-0.009023614,-0.007335618,0.123637855,18.040468,12.468522,21.632889,-2.174207,24.564682,0.01067185,1.4284064,6.29043,4.476676,22.225937,894.73615,1549.9316,-19.569206,1968.5366,1107.1376,-30.139803,3188.5266,956.24884,-27.929438,0 days 00:00:24.404324324,0 days 00:00:24.504324324
0 days 00:00:00.090000,0 days 00:00:00.190000,answer8,1.1144367,-18.994034,32.68687,-0.011434466,-0.0073643667,0.13075231,15.624672,10.476559,22.510864,-3.9935951,24.45669,0.007932502,0.7486813,6.470554,7.2135577,24.069407,842.6091,1580.8646,-19.720835,1884.3344,1161.5714,-28.332163,3119.703,1003.6555,-27.582117,0 days 00:00:24.414324324,0 days 00:00:24.514324324
0 days 00:00:00.100000,0 days 00:00:00.200000,answer8,1.1318065,-17.636175,30.749117,-0.013580029,-0.008540665,0.13636015,12.246076,7.9521365,24.069626,-7.890203,24.516733,0.011734617,0.9213353,6.567611,7.8999076,23.27991,711.8708,1655.278,-16.061117,1770.9747,1294.8892,-24.523048,3002.374,1066.3818,-24.97316,0 days 00:00:24.424324324,0 days 00:00:24.524324324
0 days 00:00:00.110000,0 days 00:00:00.210000,answer8,1.1762903,-15.828504,28.165186,-0.01437169,-0.009451172,0.12849905,7.998503,4.7665744,26.041656,-11.871185,24.713633,0.017540691,1.0213984,6.807501,7.4376907,22.335714,548.0341,1676.431,-12.368454,1591.2262,1309.0854,-20.030262,2492.41,987.35065,-22.423721,0 days 00:00:24.434324324,0 days 00:00:24.534324324
0 days 00:00:00.120000,0 days 00:00:00.220000,answer8,1.2494966,-13.925308,26.370275,-0.0142864855,-0.009992488,0.11150408,3.8268454,1.2271447,27.740707,-13.922622,24.848907,0.025084134,1.4048228,6.8673973,7.0765324,20.597172,668.7702,1688.361,-76.071945,1759.1005,1122.5441,-79.28065,2587.4995,1312.257,-80.24295,0 days 00:00:24.444324324,0 days 00:00:24.544324324
0 days 00:00:00.130000,0 days 00:00:00.230000,answer8,1.3440037,-12.335393,25.452108,-0.014379889,-0.009073559,0.10426476,1.3598042,-1.5557355,29.31732,-12.843883,0.0,0.0,0.0,0.0,0.0,0.0,685.977,1488.4327,-138.14766,1810.82,799.52386,-139.93216,2652.1768,1313.181,-139.58244,0 days 00:00:24.454324324,0 days 00:00:24.554324324
0 days 00:00:00.140000,0 days 00:00:00.240000,answer8,1.450758,-11.295501,24.326418,-0.013781055,-0.008902139,0.12153872,1.8085297,-3.0431268,30.65563,-9.063572,0.0,0.0,0.0,0.0,0.0,0.0,638.02637,1436.4971,-201.0,1749.661,672.2055,-201.0,2671.8538,1232.0907,-201.0,0 days 00:00:24.464324324,0 days 00:00:24.564324324
0 days 00:00:00.150000,0 days 00:00:00.250000,answer8,1.5573134,-10.8438225,23.065628,-0.013005703,-0.009411896,0.16469598,4.9309993,-3.592582,31.50936,-3.9336903,0.0,0.0,0.0,0.0,0.0,0.0,574.72833,1206.7611,-201.0,1639.6715,593.3283,-201.0,2637.1064,897.4621,-201.0,0 days 00:00:24.474324324,0 days 00:00:24.574324324
0 days 00:00:00.160000,0 days 00:00:00.260000,answer8,1.6589295,-10.786574,21.699104,-0.010885711,-0.010598462,0.2117681,9.352893,-4.3529234,31.08932,0.8004923,0.0,0.0,0.0,0.0,0.0,0.0,621.0376,1382.2411,-201.0,1646.5034,676.2842,-201.0,2654.5217,889.2182,-201.0,0 days 00:00:24.484324324,0 days 00:00:24.584324324
0 days 00:00:00.170000,0 days 00:00:00.270000,answer8,1.7487854,-10.798317,21.608973,-0.007887083,-0.01110664,0.24041511,13.581647,-5.588739,29.790636,4.2825837,0.0,0.0,0.0,0.0,0.0,0.0,528.88776,1343.7809,-201.0,1566.5776,748.92365,-201.0,2520.303,985.01935,-201.0,0 days 00:00:24.494324324,0 days 00:00:24.594324324
0 days 00:00:00.180000,0 days 00:00:00.280000,answer8,1.8229419,-10.653732,21.866156,-0.004238223,-0.010180896,0.23848782,16.763367,-6.96411,28.255754,6.487718,0.0,0.0,0.0,0.0,0.0,0.0,464.7605,1409.244,-133.68704,1505.0963,858.9228,-138.47092,2430.6956,1007.05145,-137.87556,0 days 00:00:24.504324324,0 days 00:00:24.604324324
0 days 00:00:00.190000,0 days 00:00:00.290000,answer8,1.8725888,-10.390938,21.660408,-0.0014830426,-0.008234779,0.20881169,18.704964,-8.052219,27.148237,8.125844,32.23815,0.0,0.0,4.833835,16.126743,17.001663,363.03763,1282.2526,-65.50742,1386.1943,875.3387,-74.70725,2285.2654,976.0607,-76.841866,0 days 00:00:24.514324324,0 days 00:00:24.614324324
0 days 00:00:00.200000,0 days 00:00:00.300000,answer8,1.8881798,-10.250222,20.662844,-0.0007966948,-0.005832466,0.18513823,19.592041,-8.613183,26.39591,9.708766,32.322678,0.0,0.0,5.5282044,16.690344,17.50686,341.11288,1334.1725,2.9143746,1360.6716,850.62836,-9.954414,2303.5667,895.374,-14.592486,0 days 00:00:24.524324324,0 days 00:00:24.624324324
0 days 00:00:00.210000,0 days 00:00:00.310000,answer8,1.8659415,-10.473151,19.570055,-0.0010081221,-0.004722946,0.18800421,19.84199,-8.33505,25.768713,11.300765,32.437923,0.0,0.0,6.7662616,17.700836,18.797644,333.04233,1332.1439,3.7173698,1345.1412,835.72656,-7.422853,2280.8767,864.02734,-15.080272,0 days 00:00:24.534324324,0 days 00:00:24.634324324
0 days 00:00:00.220000,0 days 00:00:00.320000,answer8,1.8122106,-11.200656,18.95599,-0.0020440815,-0.004351541,0.18555051,19.816442,-6.9982705,24.949356,12.403431,32.472878,0.081405,2.557734,7.986248,18.639395,16.762547,309.62515,1445.9572,3.8066256,1340.39,875.82794,-13.085964,2294.041,880.7197,-13.93282,0 days 00:00:24.544324324,0 days 00:00:24.644324324
0 days 00:00:00.230000,0 days 00:00:00.330000,answer8,1.7384443,-12.420678,18.900305,-0.0011728693,-0.004443791,0.18785155,19.870216,-4.682049,24.070755,12.652927,32.381138,0.07504575,2.1820958,8.608368,19.578133,14.536571,327.63174,1401.2958,0.0,1337.7135,921.9551,-14.358295,2253.2524,913.1865,-13.79411,0 days 00:00:24.554324324,0 days 00:00:24.654324324
0 days 00:00:00.240000,0 days 00:00:00.340000,answer8,1.6550053,-13.958248,19.60758,-0.0010906754,-0.0037912217,0.17345339,20.202396,-1.9096065,23.289879,11.881944,32.25233,0.057686586,1.3584595,8.803565,20.538145,13.023617,333.89642,1381.2754,-2.1011615,1370.6986,928.907,-16.750006,2244.652,954.12164,-14.132417,0 days 00:00:24.564324324,0 days 00:00:24.664324324
0 days 00:00:00.250000,0 days 00:00:00.350000,answer8,1.5692654,-15.535691,21.006447,-0.0003852532,-0.0032799726,0.18796146,20.820236,0.689387,22.69602,10.232789,32.155857,0.025609521,1.4275097,9.121818,21.826403,12.710048,360.32462,1275.0436,-1.6733469,1422.1388,896.2653,-13.378222,2254.3225,986.4045,-14.383395,0 days 00:00:24.574324324,0 days 00:00:24.674324324
0 days 00:00:00.260000,0 days 00:00:00.360000,answer8,1.4965378,-16.851648,22.983862,-0.0037019227,-0.0030428683,0.22354317,21.563057,2.5261707,21.954576,7.8010077,32.16506,0.0053168745,1.1773638,9.685642,22.772995,14.728981,368.9629,1264.4048,-1.0708165,1465.584,907.00903,-16.828104,2280.9236,990.7736,-15.799797,0 days 00:00:24.584324324,0 days 00:00:24.684324324
0 days 00:00:00.270000,0 days 00:00:00.370000,answer8,1.463127,-17.65427,24.90642,-0.0036364838,-0.0037852265,0.2793895,22.308304,3.1969216,20.708376,4.6730146,32.2679,0.0051972033,1.0298177,10.229049,22.750166,17.020254,383.22318,1232.243,-0.73941904,1448.7017,971.54614,-20.133469,2251.4463,986.5242,-17.759672,0 days 00:00:24.594324324,0 days 00:00:24.694324324
0 days 00:00:00.280000,0 days 00:00:00.380000,answer8,1.4902716,-17.863264,25.747553,-0.0034282068,-0.005484211,0.32589364,22.994354,2.554437,18.816393,1.166907,32.481815,0.004038067,0.80517834,10.516152,21.164259,19.706581,393.93347,1252.4302,-1.4943873,1512.3241,996.58887,-24.478296,2275.6682,1225.6632,-21.200968,0 days 00:00:24.604324324,0 days 00:00:24.704324324
0 days 00:00:00.290000,0 days 00:00:00.390000,answer8,1.5717853,-17.70007,25.263151,0.0013488649,-0.007854497,0.3269143,23.592545,0.965724,16.650759,-2.342961,32.79906,0.0063226423,0.82740134,10.660553,19.39069,21.429838,399.61954,1225.3141,-1.9335337,1568.5187,945.8071,-26.465477,2313.9175,1367.2213,-23.36337,0 days 00:00:24.614324324,0 days 00:00:24.714324324
0 days 00:00:00.300000,0 days 00:00:00.400000,answer8,1.6740913,-17.544596,24.542456,0.0030984657,-0.010033451,0.300125,24.008253,-0.868282,14.845188,-5.752623,33.116474,0.0069050468,0.71993995,10.726512,19.128317,22.361856,408.79752,1231.2513,-0.49407163,1613.0485,969.3965,-27.029984,2358.064,1402.6432,-22.855928,0 days 00:00:24.624324324,0 days 00:00:24.724324324
0 days 00:00:00.310000,0 days 00:00:00.410000,answer8,1.7612792,-17.643215,24.666384,0.0058236383,-0.011053681,0.26603195,24.160667,-2.1714766,13.749631,-9.345601,33.335003,0.011602039,0.5144208,10.974492,20.407526,21.899916,412.8577,1257.3778,3.012719,1559.7699,1112.7347,-24.36632,2329.6335,1246.9801,-18.887197,0 days 00:00:24.634324324,0 days 00:00:24.734324324
0 days 00:00:00.320000,0 days 00:00:00.420000,answer8,1.817011,-17.913773,25.829855,0.0075296923,-0.012024482,0.24657267,24.106707,-2.4601967,13.291512,-13.201625,33.40741,0.014681071,0.6866525,11.203471,21.990234,21.498766,414.48157,1300.4302,7.191137,1562.7223,1228.4674,-19.678024,2299.114,1199.0382,-14.30763,0 days 00:00:24.644324324,0 days 00:00:24.744324324
0 days 00:00:00.330000,0 days 00:00:00.430000,answer8,1.8470777,-18.069277,26.93775,0.0099964,-0.012929992,0.25301766,23.988104,-1.752472,12.998021,-16.982584,33.395542,0.01666446,0.6425457,11.332299,22.694565,22.630125,405.02014,1281.5304,10.232516,1562.5856,1183.0122,-16.8824,2294.9924,1162.5153,-12.397609,0 days 00:00:24.654324324,0 days 00:00:24.754324324
0 days 00:00:00.340000,0 days 00:00:00.440000,answer8,1.8632212,-17.897734,27.159248,0.012251183,-0.014048636,0.29200894,23.942179,-0.5484089,12.690471,-19.905313,33.30139,0.0155697195,0.8772623,11.263013,22.38352,26.052307,405.95496,1264.9331,11.655431,1581.2784,1151.2943,-15.524388,2304.5437,1109.9656,-14.396876,0 days 00:00:24.664324324,0 days 00:00:24.764324324
0 days 00:00:00.350000,0 days 00:00:00.450000,answer8,1.8702637,-17.468864,26.535177,0.011752243,-0.014791898,0.34013626,23.965027,0.44070005,12.450503,-21.423643,33.16203,0.011198458,0.6929582,10.881213,20.879051,28.739237,417.67273,1409.1895,11.210208,1483.9584,1572.6715,-17.88373,2228.4294,1040.6602,-17.52903,0 days 00:00:24.674324324,0 days 00:00:24.774324324
0 days 00:00:00.360000,0 days 00:00:00.460000,answer8,1.8654035,-17.107916,25.125467,0.009008315,-0.015394588,0.3451207,24.086813,0.9226947,12.580949,-21.504313,32.93887,0.008254244,0.65398735,10.220371,18.643394,28.281746,525.0474,1533.0929,4.110021,1650.7887,1540.2295,-19.389273,2428.885,1433.6901,-19.198938,0 days 00:00:24.684324324,0 days 00:00:24.784324324
0 days 00:00:00.370000,0 days 00:00:00.470000,answer8,1.8468536,-17.098396,23.74986,0.005321304,-0.016552323,0.2965982,24.345057,1.0655867,12.968406,-20.84794,32.65241,0.0052324045,0.43880692,9.059779,16.411356,25.971634,613.9283,1624.2773,-2.2080684,1817.9491,1516.2184,-21.443565,2459.8152,1580.2147,-20.562372,0 days 00:00:24.694324324,0 days 00:00:24.794324324
0 days 00:00:00.380000,0 days 00:00:00.480000,answer8,1.8175408,-17.495924,22.747604,0.0029800304,-0.017787585,0.2243023,24.82061,1.236322,13.367267,-20.167295,32.239086,0.004342836,0.24795763,7.8627205,16.031626,22.121462,665.7465,1615.0195,-7.4961343,1983.9106,1252.1973,-22.771193,2563.4788,1579.8539,-19.65404,0 days 00:00:24.704324324,0 days 00:00:24.804324324
0 days 00:00:00.390000,0 days 00:00:00.490000,answer8,1.7860737,-18.145185,22.848143,0.00026733856,-0.019550988,0.18406145,25.418722,1.6203882,13.573682,-19.799284,31.937422,0.0065157847,0.38040182,7.1372414,17.36196,20.20691,585.23236,1577.2726,-10.198664,1797.2189,1613.1548,-24.995949,2334.7139,1140.8422,-18.71608,0 days 00:00:24.714324324,0 days 00:00:24.814324324
0 days 00:00:00.400000,0 days 00:00:00.500000,answer8,1.7598814,-18.841894,24.188196,-0.0024339915,-0.020077135,0.17176063,25.911123,2.1957767,13.607396,-19.577139,31.78843,0.008840035,0.6390974,7.2677655,19.343748,24.32068,584.319,1556.7506,-9.334533,1792.1803,1509.0829,-26.081854,2451.2424,1354.8138,-21.703375,0 days 00:00:24.724324324,0 days 00:00:24.824324324
0 days 00:00:00.410000,0 days 00:00:00.510000,answer8,1.7415162,-19.388649,25.205786,-0.003640705,-0.019168042,0.17191064,26.088335,2.8507204,13.565423,-18.99537,31.831032,0.012523332,1.2067603,7.9457397,19.528236,25.285501,643.71466,1419.0752,-9.050565,1836.9408,1289.9619,-26.515593,2529.3743,1411.1193,-21.918085,0 days 00:00:24.734324324,0 days 00:00:24.834324324
0 days 00:00:00.420000,0 days 00:00:00.520000,answer8,1.7223734,-19.697765,25.520594,-0.0042618746,-0.016504271,0.16143517,25.970154,3.4843547,13.554475,-17.583471,31.931528,0.01432108,1.4013147,8.776811,18.501074,27.579008,769.8405,1405.0371,-5.337858,2022.0824,925.8763,-24.89062,2739.9814,1401.0109,-24.452719,0 days 00:00:24.744324324,0 days 00:00:24.844324324
0 days 00:00:00.430000,0 days 00:00:00.530000,answer8,1.6907352,-19.846992,25.212255,-0.0038060509,-0.0144678475,0.16932671,25.778715,4.09994,13.683885,-15.389598,32.027348,0.011938469,1.596096,9.547633,17.833239,23.001154,791.05835,1347.5204,-6.1291537,1979.0538,896.279,-22.841476,2747.5696,1094.5475,-20.502182,0 days 00:00:24.754324324,0 days 00:00:24.854324324
0 days 00:00:00.440000,0 days 00:00:00.540000,answer8,1.6414361,-20.012644,25.746574,-0.005214449,-0.013217226,0.18233822,25.687325,4.755923,14.028108,-13.107089,32.08778,0.012830567,1.3146522,10.035973,18.48189,27.850492,784.3911,1379.067,-7.6775203,1961.8047,807.50226,-21.191572,2923.4062,1129.7279,-25.66037,0 days 00:00:24.764324324,0 days 00:00:24.864324324
0 days 00:00:00.450000,0 days 00:00:00.550000,answer8,1.5790234,-20.264366,27.332718,-0.0061988295,-0.013329896,0.18905614,25.61196,5.4852805,14.554763,-11.5175295,32.007904,0.012864578,1.2068753,10.325886,19.38502,30.81727,748.14557,1339.2931,-10.442315,1921.0978,740.73895,-20.94531,2953.5945,1212.3345,-28.758944,0 days 00:00:24.774324324,0 days 00:00:24.874324324
0 days 00:00:00.460000,0 days 00:00:00.560000,answer8,1.5101128,-20.454165,29.323854,-0.008409218,-0.013631786,0.17745526,25.245354,6.191141,15.231406,-10.897769,31.864021,0.01236933,1.0732545,10.406919,19.650112,34.669704,747.8377,1363.4396,-12.998264,1911.6195,766.66815,-22.179174,2998.39,1228.4532,-32.953907,0 days 00:00:24.784324324,0 days 00:00:24.884324324
0 days 00:00:00.470000,0 days 00:00:00.570000,answer8,1.4416485,-20.295822,30.516611,-0.007706066,-0.01391999,0.17005031,24.22014,6.675335,16.207014,-10.898694,31.75412,0.009279636,1.0549992,10.32182,19.593277,34.811817,722.4998,1434.098,-14.233571,1885.567,848.5013,-25.869036,2902.015,1193.644,-33.80618,0 days 00:00:24.794324324,0 days 00:00:24.894324324
0 days 00:00:00.480000,0 days 00:00:00.580000,answer8,1.3857175,-19.598734,30.368292,-0.004519812,-0.012912129,0.17903589,22.502565,6.752811,17.737936,-11.025962,31.674995,0.006612523,0.87198544,10.194042,19.623787,35.194035,725.2806,1475.7308,-15.606155,1862.2744,907.32025,-27.753542,2855.425,1141.2655,-35.39279,0 days 00:00:24.804324324,0 days 00:00:24.904324324
0 days 00:00:00.490000,0 days 00:00:00.590000,answer8,1.3622867,-18.48925,29.161947,-0.0017558028,-0.010745627,0.17760074,20.554243,6.578008,19.743536,-11.088109,31.642141,0.006395343,0.72072005,10.190715,19.829643,34.355724,820.3693,1601.5026,-18.357481,1864.1896,1037.0206,-29.954805,2821.7537,927.7542,-36.432697,0 days 00:00:24.814324324,0 days 00:00:24.914324324
0 days 00:00:00.500000,0 days 00:00:00.600000,answer8,1.3799295,-17.354122,27.948954,0.00018530944,-0.008030865,0.17206717,18.986994,6.442453,21.743864,-11.018612,31.644136,0.004723476,0.6641543,10.280393,19.805948,30.208094,756.2242,2358.7747,-23.092522,1752.8138,1131.8812,-29.686485,2744.327,961.8421,-35.09509,0 days 00:00:24.824324324,0 days 00:00:24.924324324
0 days 00:00:00.510000,0 days 00:00:00.610000,answer8,1.4222924,-16.573328,27.074488,0.00091456546,-0.0062118643,0.15741034,18.091757,6.463118,23.06891,-10.831245,31.628143,0.0039110924,0.7205348,10.215947,19.596304,26.074972,640.8893,2333.412,-20.216122,1670.9113,1167.8091,-29.759697,2661.357,1105.333,-33.63164,0 days 00:00:24.834324324,0 days 00:00:24.934324324
0 days 00:00:00.520000,0 days 00:00:00.620000,answer8,1.4561024,-16.294764,26.955889,0.0023933214,-0.00541725,0.14627518,17.76457,6.4611363,23.396719,-10.360869,31.640478,0.005807705,0.8863099,9.630986,17.433477,24.501528,448.88516,2226.4119,-19.476011,1591.3633,1078.8853,-27.683609,2601.693,1214.1287,-32.939617,0 days 00:00:24.844324324,0 days 00:00:24.944324324
0 days 00:00:00.530000,0 days 00:00:00.630000,answer8,1.454352,-16.472855,27.630056,0.0016282239,-0.005131562,0.12881462,17.756262,6.2820115,22.827417,-9.511887,31.714155,0.010671266,0.7194848,8.891919,16.75431,25.869926,420.28357,1404.6978,-10.87423,1627.3268,976.8859,-26.544672,2622.8967,1238.8546,-32.208294,0 days 00:00:24.854324324,0 days 00:00:24.954324324
0 days 00:00:00.540000,0 days 00:00:00.640000,answer8,1.4119596,-17.003084,28.752914,-0.002868562,-0.0045752614,0.12317368,17.855919,6.0672,21.759377,-8.322674,31.8413,0.013014279,0.77981037,8.423274,16.911085,28.743937,423.63345,1415.8956,-7.4136844,1643.0768,950.5883,-25.296515,2674.1445,1202.9508,-31.62176,0 days 00:00:24.864324324,0 days 00:00:24.964324324
0 days 00:00:00.550000,0 days 00:00:00.650000,answer8,1.3404063,-17.754095,30.131372,-0.007858687,-0.0040411362,0.13219106,17.755411,5.9973016,20.561472,-7.2418003,31.891228,0.012572993,0.99220276,8.327405,18.74335,30.434763,407.20142,1355.8291,-0.06869594,1603.9181,925.9155,-25.969679,2652.9636,1198.5028,-30.503462,0 days 00:00:24.874324324,0 days 00:00:24.974324324
0 days 00:00:00.560000,0 days 00:00:00.660000,answer8,1.2598912,-18.524761,31.559626,-0.012007915,-0.0041081975,0.14576761,17.146416,6.1805673,19.55739,-6.9601674,31.834833,0.01989586,1.0398195,8.2859125,18.869444,31.743902,410.82333,1339.1271,1.1378733,1579.7603,925.3129,-25.485636,2637.7708,1047.3815,-30.606028,0 days 00:00:24.884324324,0 days 00:00:24.984324324
0 days 00:00:00.570000,0 days 00:00:00.670000,answer8,1.189732,-19.095667,33.403797,-0.012935047,-0.005459124,0.14754991,15.904384,6.598971,18.85198,-7.7980156,31.803146,0.02737683,0.87036234,8.304242,17.521217,28.718012,410.21533,1323.622,1.5424887,1536.3075,930.9991,-25.127829,2589.6282,898.0944,-27.175522,0 days 00:00:24.894324324,0 days 00:00:24.994324324
0 days 00:00:00.580000,0 days 00:00:00.680000,answer8,1.1428823,-19.335693,34.562366,-0.014285024,-0.0074894945,0.13402033,14.33287,7.220606,18.526407,-9.240913,31.820427,0.027768338,0.5395972,8.525006,15.835815,26.331888,417.58655,1336.061,1.6778923,1520.4087,970.51105,-23.153963,2575.226,841.1976,-24.653997,0 days 00:00:24.904324324,0 days 00:00:25.004324324
0 days 00:00:00.590000,0 days 00:00:00.690000,answer8,1.1216807,-19.282598,34.718388,-0.0155130355,-0.010089124,0.1117756,12.926387,7.8361263,18.497902,-10.329678,31.787542,0.04009162,0.61925894,8.990056,14.281892,22.7042,441.37192,1456.9562,-2.7977285,1556.9645,1080.5118,-21.617609,2560.7117,850.8975,-21.10687,0 days 00:00:24.914324324,0 days 00:00:25.014324324
0 days 00:00:00.600000,0 days 00:00:00.700000,answer8,1.1140504,-19.111494,33.868008,-0.017423183,-0.01266627,0.088918805,11.96043,8.054765,18.735247,-10.265159,31.712334,0.03533975,0.8574564,9.277137,13.073334,22.207802,465.23532,1486.127,-7.3355393,1597.555,1172.6166,-21.330397,2560.7766,917.6113,-21.152733,0 days 00:00:24.924324324,0 days 00:00:25.024324324
0 days 00:00:00.610000,0 days 00:00:00.710000,answer8,1.099789,-19.034502,33.028713,-0.020530278,-0.0137533685,0.077187836,11.255765,7.4928613,19.081392,-8.799333,31.604477,0.048400696,0.85320336,9.304931,12.098538,19.812328,580.5816,1562.431,-12.6521,1695.7726,1201.2651,-22.373451,2605.8015,940.23486,-19.888117,0 days 00:00:24.934324324,0 days 00:00:25.034324324
0 days 00:00:00.620000,0 days 00:00:00.720000,answer8,1.0622562,-19.19869,32.697926,-0.025663272,-0.012589878,0.07432269,10.423835,6.0516067,19.355444,-6.12063,31.559929,0.035236903,0.95288503,9.245151,11.555219,19.244389,696.90625,1504.793,-75.69313,1728.9994,1173.4025,-82.37217,2618.9539,904.73566,-80.34147,0 days 00:00:24.944324324,0 days 00:00:25.044324324
0 days 00:00:00.630000,0 days 00:00:00.730000,answer8,1.0054075,-19.549206,32.79523,-0.030851414,-0.008301743,0.07536195,9.243945,3.89923,19.191744,-2.9357994,0.0,0.0,0.0,0.0,0.0,0.0,710.92365,1669.9297,-138.74641,1689.8247,1232.3385,-142.04326,2607.5955,940.54706,-140.58028,0 days 00:00:24.954324324,0 days 00:00:25.054324324
0 days 00:00:00.640000,0 days 00:00:00.740000,answer8,0.95613575,-19.737984,33.308662,-0.034909084,-0.0039015862,0.07325816,7.863678,1.1670398,17.861933,-0.61756617,0.0,0.0,0.0,0.0,0.0,0.0,600.8245,1652.1735,-201.0,1560.0435,1198.932,-201.0,2526.3564,938.8885,-201.0,0 days 00:00:24.964324324,0 days 00:00:25.064324324
0 days 00:00:00.650000,0 days 00:00:00.750000,answer8,0.9442072,-19.33906,34.18189,-0.034518927,-0.0005778296,0.06779652,6.691395,-1.9641738,15.236794,0.22121613,0.0,0.0,0.0,0.0,0.0,0.0,479.484,1566.5597,-201.0,1439.4847,1133.7812,-201.0,2434.2961,914.4202,-201.0,0 days 00:00:24.974324324,0 days 00:00:25.074324324
0 days 00:00:00.660000,0 days 00:00:00.760000,answer8,0.98215383,-18.2256,34.362984,-0.03182265,0.0005309359,0.068331696,6.4596825,-4.630928,12.673076,0.37052205,0.0,0.0,0.0,0.0,0.0,0.0,480.55264,1417.9004,-201.0,1382.555,1034.4312,-201.0,2415.799,869.3001,-201.0,0 days 00:00:24.984324324,0 days 00:00:25.084324324
0 days 00:00:00.670000,0 days 00:00:00.770000,answer8,1.060629,-16.750797,33.991024,-0.02672103,0.00046047918,0.08914223,7.7978797,-5.5599036,12.528221,1.8841058,0.0,0.0,0.0,0.0,0.0,0.0,507.10742,1349.4968,-201.0,1377.1903,1037.1572,-201.0,2425.5608,927.74164,-201.0,0 days 00:00:24.994324324,0 days 00:00:25.094324324
0 days 00:00:00.680000,0 days 00:00:00.780000,answer8,1.1682159,-15.441131,33.1773,-0.020989707,7.155596e-05,0.14251249,10.6872015,-4.5206175,14.652408,4.7941937,0.0,0.0,0.0,0.0,0.0,0.0,512.84393,1566.6494,-201.0,1319.8616,1061.9733,-201.0,2471.3933,1008.68536,-201.0,0 days 00:00:25.004324324,0 days 00:00:25.104324324
0 days 00:00:00.690000,0 days 00:00:00.790000,answer8,1.2956128,-14.661705,32.54997,-0.0145448735,0.0003536149,0.21771412,14.370778,-2.429226,17.132723,8.028916,0.0,0.0,0.0,0.0,0.0,0.0,539.5989,1661.6144,-201.0,1298.225,1078.2637,-201.0,2505.0918,1019.17267,-201.0,0 days 00:00:25.014324324,0 days 00:00:25.114324324
0 days 00:00:00.700000,0 days 00:00:00.800000,answer8,1.4325534,-14.431544,32.185814,-0.007501788,0.0019227429,0.28462964,17.773699,-0.6261936,17.886858,9.89828,0.0,0.0,0.0,0.0,0.0,0.0,470.3362,1846.8966,-201.0,1301.9272,1081.6577,-201.0,2538.7915,963.7619,-201.0,0 days 00:00:25.024324324,0 days 00:00:25.124324324
0 days 00:00:00.710000,0 days 00:00:00.810000,answer8,1.5584329,-14.5655985,32.137245,-0.00039674155,0.004384012,0.31130692,20.339296,0.5030579,17.190882,10.267959,0.0,0.0,0.0,0.0,0.0,0.0,424.55664,1675.7574,-133.77107,1369.1079,1023.4128,-135.61438,2532.2747,992.936,-138.54915,0 days 00:00:25.034324324,0 days 00:00:25.134324324
0 days 00:00:00.720000,0 days 00:00:00.820000,answer8,1.6496598,-14.820197,32.427155,0.0055693933,0.0061436654,0.29345664,21.975311,0.9639228,16.012274,9.311373,30.111755,0.0,0.0,5.893421,20.277422,15.04134,342.4844,1586.475,-65.0556,1396.4545,1064.2363,-72.33994,2364.369,1086.701,-75.08316,0 days 00:00:25.044324324,0 days 00:00:25.144324324
0 days 00:00:00.730000,0 days 00:00:00.830000,answer8,1.6899773,-15.074458,32.275715,0.010504591,0.0066459477,0.2642751,22.895676,0.918394,14.961347,7.32778,30.08259,0.0,0.0,6.154974,21.980621,21.10731,696.0119,1454.1641,-2.2035801,1723.6635,1288.915,-12.254029,2649.006,2407.9634,-15.958289,0 days 00:00:25.054324324,0 days 00:00:25.154324324
0 days 00:00:00.740000,0 days 00:00:00.840000,answer8,1.6789376,-15.332068,31.47608,0.011166863,0.0054499176,0.2579452,23.407028,0.7148637,14.158112,4.7202744,30.006773,0.0,0.0,6.4652314,24.239607,27.843063,954.02057,1549.9579,-5.60494,1818.695,1564.7534,-14.103553,2731.743,2455.2996,-18.603415,0 days 00:00:25.064324324,0 days 00:00:25.164324324
0 days 00:00:00.750000,0 days 00:00:00.850000,answer8,1.6302214,-15.628156,30.97293,0.0072181285,0.0036165025,0.28026238,23.736671,0.86049813,13.590779,2.1994078,29.850517,0.082441054,3.1395817,7.424356,24.024088,35.234608,1181.7898,2784.6484,-10.117662,1810.9943,1569.5161,-12.543098,2912.6953,2505.3154,-22.626318,0 days 00:00:25.074324324,0 days 00:00:25.174324324
0 days 00:00:00.760000,0 days 00:00:00.860000,answer8,1.5612205,-15.996303,31.193487,-0.000569098,0.0018640774,0.30409768,23.934622,1.6312116,13.280353,0.5142543,29.685091,0.057488974,2.454664,7.7576604,23.099052,36.247513,1059.1892,2885.7312,-11.220946,1560.8286,1495.4321,-8.537651,2673.5015,1275.1139,-21.963097,0 days 00:00:25.084324324,0 days 00:00:25.184324324
0 days 00:00:00.770000,0 days 00:00:00.870000,answer8,1.4850016,-16.527113,31.832342,-0.008664696,0.0006975829,0.2725996,23.958078,2.8969438,13.379159,-0.04713938,29.37848,0.027958056,1.5440911,7.403429,24.646233,37.570465,1096.3085,2843.2566,-12.214684,1532.2773,1935.6656,-10.739478,2637.368,1356.7964,-23.649384,0 days 00:00:25.094324324,0 days 00:00:25.194324324
0 days 00:00:00.780000,0 days 00:00:00.880000,answer8,1.4111797,-17.33428,32.237915,-0.017036999,-0.00037497163,0.24352056,23.789505,4.4437957,13.83791,0.13410485,29.002512,0.011494689,0.94707054,6.799637,27.30712,36.018917,820.0937,1763.3057,-14.126148,1535.016,1942.2051,-12.953796,2616.449,1331.4641,-24.106207,0 days 00:00:25.104324324,0 days 00:00:25.204324324
0 days 00:00:00.790000,0 days 00:00:00.890000,answer8,1.343626,-18.382145,32.54975,-0.022566536,-0.0023565749,0.19099319,23.477137,6.1240525,14.433479,0.38307714,28.687576,0.017677432,0.6748292,6.1091027,29.036615,34.34991,599.8292,1682.5414,0.0,1435.9747,1835.0848,-15.82577,2541.3328,1232.4956,-25.638762,0 days 00:00:25.114324324,0 days 00:00:25.214324324
0 days 00:00:00.800000,0 days 00:00:00.900000,answer8,1.2812873,-19.40656,32.930553,-0.024146562,-0.004753899,0.17457503,22.927122,7.651764,14.783276,0.23416443,28.85073,0.02887214,0.6433755,6.340692,30.357779,33.322445,311.90213,1625.3129,-10.975748,1368.7671,1180.3856,-15.818825,2525.636,1028.8947,-26.77118,0 days 00:00:25.124324324,0 days 00:00:25.224324324
0 days 00:00:00.810000,0 days 00:00:00.910000,answer8,1.2170502,-20.118814,33.441822,-0.022153849,-0.0070604184,0.16361788,21.972013,8.528317,14.757642,-0.41460752,29.11189,0.02209909,0.74387646,6.498631,34.36727,33.45555,363.96436,1443.018,-4.565179,1389.1041,1108.6229,-17.403748,2508.9397,861.8755,-27.22804,0 days 00:00:25.134324324,0 days 00:00:25.234324324
0 days 00:00:00.820000,0 days 00:00:00.920000,answer8,1.1480865,-20.504528,33.86704,-0.018740706,-0.0069188788,0.1856776,20.61493,8.624507,14.551079,-1.2531608,29.338806,0.01553849,0.7172738,6.713136,33.720455,34.74439,380.9164,1495.2528,-11.356483,1452.6255,1139.6212,-16.796507,2572.1177,892.3492,-26.688194,0 days 00:00:25.144324324,0 days 00:00:25.244324324
0 days 00:00:00.830000,0 days 00:00:00.930000,answer8,1.0926598,-20.723953,34.069496,-0.014375284,-0.0059507564,0.20309855,19.459833,8.577321,14.32281,-1.9263839,29.297815,0.031791784,0.43834063,6.7256947,29.315409,33.02017,378.8711,1562.0387,2.6419897,1444.0718,1166.5089,-13.442211,2546.9548,896.09766,-21.758188,0 days 00:00:25.154324324,0 days 00:00:25.254324324
0 days 00:00:00.840000,0 days 00:00:00.940000,answer8,1.0845627,-20.79027,34.04962,-0.009387079,-0.005450987,0.18875594,19.28079,9.026658,13.826409,-2.3072484,29.288862,0.04481615,0.13623133,6.6632323,22.511454,32.69638,454.97012,2116.1985,-67.10999,1474.7749,1249.6134,-74.47786,2575.4897,951.3934,-80.28759,0 days 00:00:25.164324324,0 days 00:00:25.264324324
0 days 00:00:00.850000,0 days 00:00:00.950000,answer8,1.1403145,-20.489054,33.968784,-0.0044116103,-0.006935379,0.17484815,20.22024,9.761852,12.761943,-2.4812114,0.0,0.0,0.0,0.0,0.0,0.0,533.48486,2113.8923,-128.99788,1510.309,1198.2705,-136.30449,2574.8108,888.5896,-139.08298,0 days 00:00:25.174324324,0 days 00:00:25.274324324
0 days 00:00:00.860000,0 days 00:00:00.960000,answer8,1.2411617,-19.680779,33.97256,0.00040676864,-0.008941546,0.16709702,21.646845,10.0012865,11.463244,-2.493655,0.0,0.0,0.0,0.0,0.0,0.0,666.8016,2077.0652,-201.0,1608.0428,1164.8033,-201.0,2643.2495,864.1953,-201.0,0 days 00:00:25.184324324,0 days 00:00:25.284324324
0 days 00:00:00.870000,0 days 00:00:00.970000,answer8,1.3461623,-18.502434,34.04204,0.005870862,-0.010196585,0.16808812,22.783075,9.228469,10.687808,-2.3518374,0.0,0.0,0.0,0.0,0.0,0.0,649.2167,1619.0596,-201.0,1703.5045,1078.4434,-201.0,2817.5713,1034.953,-201.0,0 days 00:00:25.194324324,0 days 00:00:25.294324324
0 days 00:00:00.880000,0 days 00:00:00.980000,answer8,1.426403,-17.256208,33.581726,0.008257035,-0.011173573,0.16331075,23.416285,7.6091743,10.836009,-2.1720974,0.0,0.0,0.0,0.0,0.0,0.0,653.23676,1612.2792,-138.67892,1726.078,1053.1653,-141.08388,2860.3054,1113.1425,-142.87067,0 days 00:00:25.204324324,0 days 00:00:25.304324324
0 days 00:00:00.890000,0 days 00:00:00.990000,answer8,1.4721409,-16.20645,32.506336,0.006152967,-0.011493962,0.16459341,23.677412,5.5591683,11.61797,-2.2680447,23.209923,0.0,3.1026824,2.5401876,-2.8899918,26.351341,629.63947,1638.1162,-76.22799,1726.5221,1008.0678,-78.85024,2901.4395,1134.6923,-84.14391,0 days 00:00:25.214324324,0 days 00:00:25.314324324
0 days 00:00:00.900000,0 days 00:00:01,answer8,1.4902601,-15.600086,31.414137,0.0027202556,-0.011641544,0.17036982,23.755302,4.091424,12.276722,-2.4624271,23.199371,0.0,3.1026824,2.7098496,-2.1242516,26.692423,680.0308,1591.0016,-13.77705,1703.7134,952.4416,-16.616608,2810.3457,918.9532,-25.417158,0 days 00:00:25.224324324,0 days 00:00:25.324324324
0 days 00:00:00.900000,0 days 00:00:01.000997732,answer8,1.4938445,-15.362003,30.819727,0.0008694955,-0.011452961,0.1723067,23.765373,3.3573468,12.612109,-2.6754198,23.17827,0.0,3.1026824,3.0491743,-0.59277177,27.37459,696.8513,1562.0488,-13.64719,1704.3295,917.33636,-14.299106,2825.2175,877.3745,-24.819733,0 days 00:00:25.224324324,0 days 00:00:25.325322056
0 days 00:00:00,0 days 00:00:00.100000,answer9,2.3198252,-12.22656,29.838974,0.016649606,0.008385461,0.13751248,27.579203,-1.7096163,17.530203,12.127965,27.196577,0.0,3.168597,6.2762513,-4.775015,13.777931,319.5469,1449.4869,2.3422098,1310.6083,1045.6587,-7.6734366,2170.7253,944.2334,-10.990071,0 days 00:02:07.327327327,0 days 00:02:07.427327327
0 days 00:00:00.010000,0 days 00:00:00.110000,answer9,2.3666167,-11.901822,29.647446,0.013593868,0.00952319,0.26741076,27.521605,-2.592377,16.996012,11.809199,27.143328,0.08763941,2.9827034,6.1928196,-5.158506,18.688416,619.2698,1316.2039,0.0,1588.9955,1040.1495,-7.0691237,2662.5303,929.5428,-14.832515,0 days 00:02:07.337327327,0 days 00:02:07.437327327
0 days 00:00:00.020000,0 days 00:00:00.120000,answer9,2.4265435,-11.555092,29.184067,0.010460115,0.011346119,0.3769966,27.414667,-3.7249691,16.473066,11.409885,27.028406,0.07652715,3.189338,6.16,-5.037519,18.23089,554.82324,1415.3516,-2.744639,1568.2422,1052.1791,-4.1617985,2664.7712,933.5379,-12.59655,0 days 00:02:07.347327327,0 days 00:02:07.447327327
0 days 00:00:00.030000,0 days 00:00:00.130000,answer9,2.4551718,-11.470157,28.374117,0.010377859,0.012950656,0.3389854,27.298264,-4.3911114,16.58734,11.231873,26.902613,0.06007765,2.5588372,6.4697704,-4.3643565,18.489645,531.6479,1453.667,0.0,1550.711,1048.9015,-1.6238489,2652.3645,912.4786,-10.889309,0 days 00:02:07.357327327,0 days 00:02:07.457327327
0 days 00:00:00.040000,0 days 00:00:00.140000,answer9,2.4311852,-11.6402235,27.057358,0.011446183,0.013844691,0.30678084,27.282812,-4.4105344,17.460579,11.418544,26.855143,0.022418933,2.406154,6.910332,-4.239832,13.203275,200.83385,1642.1332,9.773771,1247.1011,1059.3922,1.6339861,2148.5012,907.65015,-4.1282516,0 days 00:02:07.367327327,0 days 00:02:07.467327327
0 days 00:00:00.050000,0 days 00:00:00.150000,answer9,2.333196,-12.018401,25.300875,0.012079972,0.01356821,0.32538533,27.307388,-3.736141,18.992992,11.96877,26.897978,0.009167331,1.7270823,7.248451,-5.06788,13.124223,283.53253,1451.8514,11.771964,1249.1691,1007.5341,2.2506092,2120.1858,827.16205,-3.4620483,0 days 00:02:07.377327327,0 days 00:02:07.477327327
0 days 00:00:00.060000,0 days 00:00:00.160000,answer9,2.16412,-12.557327,22.929308,0.011457262,0.011858788,0.37334314,27.23794,-2.4740167,20.80989,12.826268,26.960417,0.007772232,1.1561519,6.9505334,-5.89225,13.124454,315.6942,1392.4982,13.181411,1268.2194,1022.991,0.47422647,2124.546,868.5647,-4.173599,0 days 00:02:07.387327327,0 days 00:02:07.487327327
0 days 00:00:00.070000,0 days 00:00:00.170000,answer9,1.9572881,-13.150276,21.036432,0.009030185,0.008822516,0.41343164,26.998213,-0.9722813,22.530699,14.114762,26.973032,0.0096966345,1.2498388,6.529896,-5.996015,13.426396,325.71732,1450.2318,11.272778,1347.402,1076.3751,-4.288971,2181.2874,1102.0774,-6.384175,0 days 00:02:07.397327327,0 days 00:02:07.497327327
0 days 00:00:00.080000,0 days 00:00:00.180000,answer9,1.7636436,-13.629106,20.24593,0.006547605,0.0058818436,0.3935983,26.570976,0.2756822,23.80918,15.768768,26.928452,0.008787782,1.3072276,6.2495065,-5.0901313,13.605466,327.84082,1473.7426,7.6226096,1357.4512,1109.9303,-10.78481,2189.7056,1138.5664,-9.307529,0 days 00:02:07.407327327,0 days 00:02:07.507327327
0 days 00:00:00.090000,0 days 00:00:00.190000,answer9,1.6190826,-13.9076395,21.191786,0.0028389022,0.00426665,0.32906678,25.990646,0.86360615,24.698158,17.23285,26.924215,0.007885937,1.6237177,6.2885222,-3.721552,17.94322,640.3594,1465.4127,-4.1423016,1652.173,1122.5239,-14.213372,2651.7131,1439.1552,-16.755417,0 days 00:02:07.417327327,0 days 00:02:07.517327327
0 days 00:00:00.100000,0 days 00:00:00.200000,answer9,1.5356857,-13.997349,22.161932,0.00051692926,0.0044284402,0.2679411,25.288755,0.6578589,25.540466,17.709497,27.023565,0.0053770407,1.6044196,6.4262652,-2.5466096,22.163177,939.2492,1260.3002,-11.772556,1896.6803,1053.1359,-17.715315,3125.7761,1860.357,-24.108667,0 days 00:02:07.427327327,0 days 00:02:07.527327327
0 days 00:00:00.110000,0 days 00:00:00.210000,answer9,1.5063375,-13.959788,22.680573,-0.0016937181,0.0056281877,0.24372257,24.577698,-0.13539152,26.627937,17.055595,27.140127,0.0056899693,2.1967428,6.343199,-1.8244411,26.410208,1177.6041,1211.7733,-23.315817,2173.4163,1079.1338,-19.487593,3483.3586,2194.4714,-31.849855,0 days 00:02:07.437327327,0 days 00:02:07.537327327
0 days 00:00:00.120000,0 days 00:00:00.220000,answer9,1.5231172,-13.799922,22.734121,-0.0019152785,0.0063511524,0.24649346,24.020761,-1.1869718,27.496355,15.803513,27.4076,0.007253641,2.0206156,5.9536586,-1.1309675,20.963129,1109.3969,1187.8344,-25.98961,2090.8655,1190.4325,-22.617495,3179.9714,2028.1465,-30.03562,0 days 00:02:07.447327327,0 days 00:02:07.547327327
0 days 00:00:00.130000,0 days 00:00:00.230000,answer9,1.5727552,-13.5874605,22.534002,-0.0022380704,0.006345292,0.2552766,23.756775,-2.1707919,27.38204,14.416191,27.427559,0.011195621,1.4863262,5.0963035,-4.251941,12.741352,825.4482,1358.7583,-29.661285,1766.5116,1288.9805,-21.599243,2624.1392,1440.0035,-26.64036,0 days 00:02:07.457327327,0 days 00:02:07.557327327
0 days 00:00:00.140000,0 days 00:00:00.240000,answer9,1.6340748,-13.452886,21.992828,-0.0013806112,0.005184408,0.25539628,23.790949,-2.8882606,25.84037,12.773992,27.53984,0.010413398,0.59788173,4.642398,-5.6553063,6.076347,859.2727,1633.3058,0.0,1614.9088,1443.891,-80.91373,2418.299,1283.7184,-81.85779,0 days 00:02:07.467327327,0 days 00:02:07.567327327
0 days 00:00:00.150000,0 days 00:00:00.250000,answer9,1.6792212,-13.524394,21.039902,0.0014003678,0.0043968665,0.25801122,24.013254,-3.22011,23.343489,10.786514,0.0,0.0,0.0,0.0,0.0,0.0,780.4223,1937.1592,-113.808105,1521.1364,1368.5103,-78.36873,2412.6152,1214.7985,-82.63317,0 days 00:02:07.477327327,0 days 00:02:07.577327327
0 days 00:00:00.160000,0 days 00:00:00.260000,answer9,1.6860723,-13.865954,20.622055,0.0064350204,0.0040335753,0.2663692,24.299665,-3.021326,20.708212,8.794206,32.37834,0.0,0.0,5.237997,19.257473,27.587322,978.59155,2155.6086,-83.06284,1650.1276,1399.8188,-78.99069,2580.957,1256.8934,-83.09533,0 days 00:02:07.487327327,0 days 00:02:07.587327327
0 days 00:00:00.170000,0 days 00:00:00.270000,answer9,1.6453619,-14.489873,21.117044,0.013224999,0.004173873,0.2754945,24.474365,-2.2168,18.631975,7.3158164,32.64699,0.0,0.0,5.5207725,20.174995,26.98603,873.8431,2064.3318,-21.854858,1670.4235,1279.2772,-15.233258,2607.5188,1121.5829,-23.049002,0 days 00:02:07.497327327,0 days 00:02:07.597327327
0 days 00:00:00.180000,0 days 00:00:00.280000,answer9,1.5641785,-15.377235,22.74121,0.0152218975,0.0039775935,0.27102575,24.347971,-0.8853438,17.339432,6.3356605,33.188858,0.0,0.9942546,6.015949,21.455559,24.840334,708.5119,1845.872,-11.968265,1528.5819,1299.6793,-15.446964,2431.027,1075.101,-21.114737,0 days 00:02:07.507327327,0 days 00:02:07.607327327
0 days 00:00:00.190000,0 days 00:00:00.290000,answer9,1.462019,-16.437075,25.289373,0.014653102,0.0030797601,0.24873121,23.768867,0.72393274,16.548885,5.169255,33.663,0.0,0.87390494,6.6813393,22.940575,25.311226,743.2122,1618.1416,-12.228466,1605.5199,1321.5571,-15.733022,2481.4788,1004.47504,-23.45709,0 days 00:02:07.517327327,0 days 00:02:07.617327327
0 days 00:00:00.200000,0 days 00:00:00.300000,answer9,1.3570948,-17.542137,28.487944,0.011166461,0.0004553981,0.22071512,22.82286,2.416194,15.943761,3.3468883,34.38847,0.02654057,0.7535553,7.613402,23.479017,22.164116,819.35986,1638.8339,-16.586395,1606.4022,1531.3597,-21.754755,2463.618,1082.9629,-24.596067,0 days 00:02:07.527327327,0 days 00:02:07.627327327
0 days 00:00:00.210000,0 days 00:00:00.310000,answer9,1.2590423,-18.585531,31.443214,0.008039149,-0.0040211584,0.20472495,21.68126,4.075346,15.354511,0.97385925,34.947018,0.02654057,0.63320565,8.663104,22.83151,20.356768,798.40796,1716.6444,-26.401375,1653.8184,1528.3662,-24.578598,2571.742,1101.1063,-27.057665,0 days 00:02:07.537327327,0 days 00:02:07.637327327
0 days 00:00:00.220000,0 days 00:00:00.320000,answer9,1.1704888,-19.479544,33.317905,0.004968605,-0.007638494,0.2026727,20.428988,5.5650387,14.621062,-1.6376699,35.528915,0.034294426,0.5959954,9.279328,20.331787,17.992447,589.77264,1666.3278,0.0,1503.7734,1423.6732,-24.948158,2466.215,1077.1039,-27.670324,0 days 00:02:07.547327327,0 days 00:02:07.647327327
0 days 00:00:00.230000,0 days 00:00:00.330000,answer9,1.0987885,-20.093418,34.113785,0.002310853,-0.009584747,0.19367595,19.118692,6.6889806,13.540807,-4.410518,35.8806,0.03646102,0.55642396,9.225545,13.729858,16.765676,353.80997,1584.1302,-14.059422,1395.3369,1202.5768,-26.703814,2402.3276,980.55023,-29.39305,0 days 00:02:07.557327327,0 days 00:02:07.657327327
0 days 00:00:00.240000,0 days 00:00:00.340000,answer9,1.0489796,-20.39811,34.371704,0.0018129194,-0.009430376,0.1619033,17.919016,7.363935,12.04837,-7.234034,36.04555,0.04142125,0.51803315,8.911785,10.1551075,16.694616,393.6415,1496.3102,-76.37295,1386.6368,1179.8256,-85.62363,2400.0686,914.5644,-87.50269,0 days 00:02:07.567327327,0 days 00:02:07.667327327
0 days 00:00:00.250000,0 days 00:00:00.350000,answer9,1.0114832,-20.605429,34.910603,0.0015205097,-0.009211355,0.11937324,17.049143,7.711056,10.547474,-9.549951,0.0,0.0,0.0,0.0,0.0,0.0,353.08688,1677.7119,-139.59477,1326.5552,1261.5747,-145.01996,2411.555,897.7627,-143.81537,0 days 00:02:07.577327327,0 days 00:02:07.677327327
0 days 00:00:00.260000,0 days 00:00:00.360000,answer9,0.9640313,-21.099066,35.73416,-0.00030515328,-0.008888526,0.09133712,16.488546,7.827126,9.4823265,-10.865529,0.0,0.0,0.0,0.0,0.0,0.0,326.82205,1796.8672,-131.36765,1274.8779,1300.3348,-134.1483,2423.1287,850.054,-138.09831,0 days 00:02:07.587327327,0 days 00:02:07.687327327
0 days 00:00:00.270000,0 days 00:00:00.370000,answer9,0.8962608,-22.05789,36.737118,-0.004184871,-0.0080439625,0.085122496,16.00376,7.6690025,9.019492,-11.115193,25.809385,0.0,0.0,6.6399293,6.9073873,25.749641,579.68384,1760.4889,-64.53881,1622.3502,1238.7279,-70.78591,2946.18,990.29266,-74.339874,0 days 00:02:07.597327327,0 days 00:02:07.697327327
0 days 00:00:00.280000,0 days 00:00:00.380000,answer9,0.82680696,-23.16392,37.5556,-0.007986791,-0.006985105,0.084818564,15.417992,7.133798,8.796429,-10.870856,25.671385,0.0,0.0,6.787973,7.1956444,25.507105,611.6618,1709.8602,5.463013,1652.4791,1265.8329,-4.276008,2935.924,1026.207,-10.08801,0 days 00:02:07.607327327,0 days 00:02:07.707327327
0 days 00:00:00.290000,0 days 00:00:00.390000,answer9,0.7823302,-23.916891,38.00635,-0.01079755,-0.005864302,0.077110745,14.857989,6.415169,8.495374,-10.691586,25.5429,0.0,0.0,6.784627,7.903081,25.274265,640.62067,1632.9257,-64.16934,1659.1703,1260.4296,-71.1277,2902.702,1008.545,-72.98969,0 days 00:02:07.617327327,0 days 00:02:07.717327327
0 days 00:00:00.300000,0 days 00:00:00.400000,answer9,0.7648766,-24.213234,38.03105,-0.013754944,-0.0058673616,0.06310129,14.496002,5.882134,8.293683,-10.62684,0.0,0.0,0.0,0.0,0.0,0.0,382.005,1671.1295,-130.99818,1301.6876,1312.8629,-134.4901,2378.681,847.25946,-136.74814,0 days 00:02:07.627327327,0 days 00:02:07.727327327
0 days 00:00:00.310000,0 days 00:00:00.410000,answer9,0.7497756,-24.434725,37.84136,-0.017415531,-0.006670948,0.049941327,14.254829,5.6862216,8.456028,-10.444228,0.0,0.0,0.0,0.0,0.0,0.0,415.781,1526.0514,-201.0,1335.5775,1259.8721,-201.0,2374.7712,872.3879,-201.0,0 days 00:02:07.637327327,0 days 00:02:07.737327327
0 days 00:00:00.320000,0 days 00:00:00.420000,answer9,0.71380824,-25.012007,37.733196,-0.021522298,-0.0076270495,0.045461204,13.787113,5.7436557,9.266164,-9.866715,0.0,0.0,0.0,0.0,0.0,0.0,421.28162,1551.9283,-201.0,1364.8595,1292.0239,-201.0,2401.9937,958.0627,-201.0,0 days 00:02:07.647327327,0 days 00:02:07.747327327
0 days 00:00:00.330000,0 days 00:00:00.430000,answer9,0.66329473,-25.8626,37.81861,-0.025212273,-0.0078824805,0.045714397,12.966874,5.9760323,10.835251,-8.8438635,0.0,0.0,0.0,0.0,0.0,0.0,449.86618,1553.4037,-201.0,1432.5889,1355.7806,-201.0,2446.5364,1130.391,-201.0,0 days 00:02:07.657327327,0 days 00:02:07.757327327
0 days 00:00:00.340000,0 days 00:00:00.440000,answer9,0.6330964,-26.389261,37.924488,-0.02437727,-0.0078607965,0.052120358,12.495438,6.6738834,13.616797,-7.552007,0.0,0.0,0.0,0.0,0.0,0.0,458.0438,1621.2062,-201.0,1445.7203,1426.3368,-201.0,2452.574,1123.4658,-201.0,0 days 00:02:07.667327327,0 days 00:02:07.767327327
0 days 00:00:00.350000,0 days 00:00:00.450000,answer9,0.65906554,-25.996069,37.784084,-0.01917473,-0.008519463,0.0634995,13.138622,7.6924253,17.202707,-6.7877593,0.0,0.0,0.0,0.0,0.0,0.0,475.9222,1591.9469,-201.0,1470.6239,1442.3649,-201.0,2458.2854,1141.4749,-201.0,0 days 00:02:07.677327327,0 days 00:02:07.777327327
0 days 00:00:00.360000,0 days 00:00:00.460000,answer9,0.74941224,-24.62999,37.351498,-0.009988927,-0.009558549,0.083945416,14.873032,8.550054,20.609344,-7.124969,0.0,0.0,0.0,0.0,0.0,0.0,436.65353,1670.6627,-201.0,1411.4414,1415.8529,-201.0,2445.0276,955.4085,-201.0,0 days 00:02:07.687327327,0 days 00:02:07.787327327
0 days 00:00:00.370000,0 days 00:00:00.470000,answer9,0.88711566,-22.698507,36.00439,-0.00226732,-0.01093581,0.10844954,16.995583,8.619954,22.595697,-8.69707,0.0,0.0,0.0,0.0,0.0,0.0,417.0713,1599.0912,-201.0,1413.2738,1310.1465,-201.0,2433.8782,858.61285,-201.0,0 days 00:02:07.697327327,0 days 00:02:07.797327327
0 days 00:00:00.380000,0 days 00:00:00.480000,answer9,1.0486821,-20.629343,33.55647,0.0032617778,-0.011831932,0.13692838,18.851334,7.7526097,23.117554,-10.71328,0.0,0.0,0.0,0.0,0.0,0.0,404.38013,1488.6676,-135.9186,1437.6781,1200.0114,-141.50868,2419.3096,785.1042,-140.6693,0 days 00:02:07.707327327,0 days 00:02:07.807327327
0 days 00:00:00.390000,0 days 00:00:00.490000,answer9,1.221248,-18.56367,30.258844,0.006631981,-0.0124615505,0.16508974,20.359282,6.0893054,22.707277,-12.554199,27.519032,0.0,0.0,8.195182,4.021536,18.812754,424.79623,1281.395,-69.6332,1481.4819,1069.8287,-80.61633,2417.4329,723.2842,-79.49401,0 days 00:02:07.717327327,0 days 00:02:07.817327327
0 days 00:00:00.400000,0 days 00:00:00.500000,answer9,1.3924994,-16.613533,26.930063,0.008352286,-0.012360218,0.18878867,21.472475,3.9419327,22.034088,-13.810981,27.607895,0.0,0.0,7.584314,2.771464,19.385435,431.87198,1204.3237,-1.5905539,1517.5267,1000.4025,-19.331678,2464.6252,706.2302,-18.204527,0 days 00:02:07.727327327,0 days 00:02:07.827327327
0 days 00:00:00.410000,0 days 00:00:00.510000,answer9,1.5473324,-14.977546,24.193514,0.009028894,-0.011909443,0.19794853,22.126299,1.7158679,21.402496,-14.624112,29.965696,0.0,0.0,6.524715,4.865545,19.829123,427.225,1187.4501,1.5574018,1531.2476,966.01373,-18.182734,2495.2227,664.8094,-17.09107,0 days 00:02:07.737327327,0 days 00:02:07.837327327
0 days 00:00:00.420000,0 days 00:00:00.520000,answer9,1.6743342,-13.829697,22.157148,0.008788926,-0.011229242,0.19103314,22.343073,-0.18900271,21.03404,-15.552312,32.220104,0.0,0.0,6.582354,6.624945,19.375895,431.9581,1221.5682,2.7909868,1576.3905,997.4792,-19.652138,2513.616,715.12665,-16.494469,0 days 00:02:07.747327327,0 days 00:02:07.847327327
0 days 00:00:00.430000,0 days 00:00:00.530000,answer9,1.7724628,-13.190337,21.071558,0.0088848295,-0.010479219,0.2007366,22.234861,-1.587252,21.02493,-17.14402,34.41522,0.0,0.0,7.611007,8.659708,17.235903,429.8595,1221.143,1.5997839,1566.4493,1015.988,-21.601538,2492.43,690.30176,-15.63612,0 days 00:02:07.757327327,0 days 00:02:07.857327327
0 days 00:00:00.440000,0 days 00:00:00.540000,answer9,1.8463322,-12.946472,20.730112,0.008233831,-0.008844204,0.22635007,22.001053,-2.5473468,21.334066,-19.463129,34.387012,0.0,0.0,9.194762,6.6030602,14.820572,433.13406,1230.6373,-0.261242,1602.2333,1072.5792,-23.356897,2477.2825,712.7827,-15.081815,0 days 00:02:07.767327327,0 days 00:02:07.867327327
0 days 00:00:00.450000,0 days 00:00:00.550000,answer9,1.9034096,-12.926244,20.44854,0.011279206,-0.006841965,0.26499328,21.775518,-3.247794,21.554468,-21.873713,34.424786,0.0,0.0,9.761265,5.5148635,13.467059,427.21375,1216.4514,-1.6284786,1576.2295,1140.0459,-24.004646,2415.0364,812.4959,-15.095538,0 days 00:02:07.777327327,0 days 00:02:07.877327327
0 days 00:00:00.460000,0 days 00:00:00.560000,answer9,1.9502454,-13.000671,20.207228,0.01405066,-0.004886083,0.28155777,21.675016,-3.9325535,21.307653,-23.487928,34.623577,0.0035547116,0.6735944,9.919616,6.165422,14.557582,419.94556,1196.3237,-1.7554828,1520.3597,1138.8055,-24.22911,2357.2732,868.471,-16.313063,0 days 00:02:07.787327327,0 days 00:02:07.887327327
0 days 00:00:00.470000,0 days 00:00:00.570000,answer9,1.9923364,-13.13515,20.413654,0.016235866,-0.0035119362,0.26987517,22.002722,-4.206829,20.9637,-23.031775,34.886593,0.008499359,0.5945033,10.289711,8.412545,15.415467,420.49734,1196.8241,-0.43931922,1555.3827,1107.2217,-23.831192,2397.0854,874.28046,-15.854786,0 days 00:02:07.797327327,0 days 00:02:07.897327327
0 days 00:00:00.480000,0 days 00:00:00.580000,answer9,2.026448,-13.38231,20.989105,0.012508917,-0.0021663522,0.2289493,22.957773,-3.7576609,21.179976,-20.32741,35.12289,0.0098344805,0.48805156,10.901154,11.013814,16.534273,429.28882,1282.768,1.8982426,1603.0615,1132.489,-23.274673,2491.1113,775.22974,-14.636032,0 days 00:02:07.807327327,0 days 00:02:07.907327327
0 days 00:00:00.490000,0 days 00:00:00.590000,answer9,2.0465991,-13.816544,21.625519,0.007405305,-0.0010745589,0.2238475,24.406439,-2.3265073,22.24713,-15.870641,35.254723,0.01271521,0.4658872,11.26231,12.642356,19.996893,427.01474,1320.4552,4.060936,1577.4069,1158.2114,-21.37971,2466.3616,820.325,-15.935956,0 days 00:02:07.817327327,0 days 00:02:07.917327327
0 days 00:00:00.500000,0 days 00:00:00.600000,answer9,2.0517023,-14.488591,22.024817,0.004044141,-0.00065488997,0.26792917,25.918726,-0.29290453,23.67895,-11.091708,35.339977,0.010269496,0.5165723,11.107192,13.136028,21.01405,431.62256,1382.9297,5.294849,1536.1454,1172.2599,-21.862024,2480.5203,782.4699,-15.719201,0 days 00:02:07.827327327,0 days 00:02:07.927327327
0 days 00:00:00.510000,0 days 00:00:00.610000,answer9,2.0525134,-15.324557,22.862478,0.004553178,-0.0013680491,0.35615548,27.09035,1.9506856,24.795279,-6.721285,35.387943,0.0097386185,0.5799481,10.635261,13.345123,22.260912,427.47214,1367.2655,5.4305387,1504.9062,1152.0338,-21.76647,2469.3574,787.7322,-16.830376,0 days 00:02:07.837327327,0 days 00:02:07.937327327
0 days 00:00:00.520000,0 days 00:00:00.620000,answer9,2.0594828,-16.122614,24.252623,0.0059578405,-0.0023425138,0.41166553,27.798065,3.9929008,25.435434,-2.985281,35.35715,0.007750623,0.68959004,9.22395,14.258565,22.116987,424.1765,1356.2311,4.548143,1506.1172,1131.8733,-23.207567,2480.505,774.52344,-17.568842,0 days 00:02:07.847327327,0 days 00:02:07.947327327
0 days 00:00:00.530000,0 days 00:00:00.630000,answer9,2.0727074,-16.671358,24.724436,0.006964501,-0.002597887,0.4128795,27.95918,5.613983,25.683943,0.2130661,35.205975,0.0051081707,0.70118433,6.227733,14.578988,23.070814,402.90903,1305.3098,3.0361073,1474.3241,1078.6625,-25.275017,2447.92,816.27026,-20.034708,0 days 00:02:07.857327327,0 days 00:02:07.957327327
0 days 00:00:00.540000,0 days 00:00:00.640000,answer9,2.0780404,-16.961416,24.335897,0.005804599,-0.0026986003,0.40892532,27.649536,6.834479,26.00863,2.8662498,34.97357,0.0035569144,0.4790522,2.2913303,13.311677,23.590631,446.81998,1420.785,-1.7602205,1508.3698,1003.169,-24.771738,2475.8816,793.5948,-22.046387,0 days 00:02:07.867327327,0 days 00:02:07.967327327
0 days 00:00:00.550000,0 days 00:00:00.650000,answer9,2.0605438,-17.160484,23.396212,0.001937951,-0.0032005806,0.39753047,27.013895,7.873342,26.601065,4.8387694,31.613508,0.0018964369,0.42752326,0.12388086,7.0377717,21.778482,454.15402,1657.8517,-2.0366957,1610.1088,999.6138,-23.887156,2603.5164,739.52344,-21.466873,0 days 00:02:07.877327327,0 days 00:02:07.977327327
0 days 00:00:00.560000,0 days 00:00:00.660000,answer9,2.016569,-17.407053,23.558413,-0.0025250867,-0.0046820454,0.394037,26.253082,8.812102,27.199776,5.84316,28.216665,0.16800664,0.83801144,-0.30142143,2.0057237,20.998312,518.36194,2186.9756,-5.160083,1614.5006,1075.9647,-19.32712,2635.8079,757.3907,-20.758337,0 days 00:02:07.887327327,0 days 00:02:07.987327327
0 days 00:00:00.570000,0 days 00:00:00.670000,answer9,1.9637636,-17.629547,24.76934,-0.0051244143,-0.005771766,0.3753879,25.544012,9.540951,27.218987,5.5982842,24.19792,0.3347307,1.3463176,0.70751363,0.6507147,24.680298,442.53372,2095.1858,-2.2038658,1480.295,1136.0958,-19.668608,2460.9167,877.8804,-22.83912,0 days 00:02:07.897327327,0 days 00:02:07.997327327
0 days 00:00:00.580000,0 days 00:00:00.680000,answer9,1.9434758,-17.540998,26.326193,-0.002705327,-0.0067941104,0.37704125,25.17742,9.8412285,26.155603,3.7451012,23.311775,0.5014548,1.8546239,1.5256182,8.738888,27.589144,625.6778,1949.5264,-11.03672,1538.248,1219.3563,-22.26976,2453.913,900.9334,-23.39959,0 days 00:02:07.907327327,0 days 00:02:08.007327327
0 days 00:00:00.590000,0 days 00:00:00.690000,answer9,2.001682,-16.891325,26.84934,0.003577382,-0.008015388,0.39462742,25.3095,9.634837,23.867064,0.07468478,22.981873,0.35446742,1.5277233,1.8862761,14.163697,30.831526,741.23065,1449.3018,-14.876708,1650.0742,1203.4092,-24.57376,2462.8752,925.2326,-25.369461,0 days 00:02:07.917327327,0 days 00:02:08.017327327
0 days 00:00:00.600000,0 days 00:00:00.700000,answer9,2.1529884,-15.756057,25.919502,0.012099425,-0.010018219,0.42226353,25.81951,8.923871,20.621511,-5.253942,23.51415,0.20748006,1.2008227,1.5426921,16.000444,28.75119,739.7066,1508.463,-16.912077,1609.3282,1278.7246,-22.790625,2441.7693,866.34955,-23.48775,0 days 00:02:07.927327327,0 days 00:02:08.027327327
0 days 00:00:00.610000,0 days 00:00:00.710000,answer9,2.3637798,-14.503749,24.121965,0.021453058,-0.012245476,0.42259762,26.385878,7.910726,17.051828,-11.430923,24.048391,0.07219497,0.92913896,0.52985936,10.823773,28.115133,729.8979,1447.1952,-13.659577,1683.2441,1168.7375,-19.371145,2539.6013,914.34375,-22.77073,0 days 00:02:07.937327327,0 days 00:02:08.037327327
0 days 00:00:00.620000,0 days 00:00:00.720000,answer9,2.5683458,-13.506406,22.7675,0.028088862,-0.0141874105,0.40356854,26.835535,6.818889,13.938817,-17.41525,24.233618,0.066078775,0.9863696,0.09770009,6.861612,25.997818,501.08435,1626.3246,-4.327992,1425.0986,1270.6481,-14.584064,2372.3335,934.4395,-19.486076,0 days 00:02:07.947327327,0 days 00:02:08.047327327
0 days 00:00:00.630000,0 days 00:00:00.730000,answer9,2.710172,-12.898875,21.84295,0.030289287,-0.015709402,0.3547916,27.261347,5.888375,11.723998,-22.398443,24.309973,0.06565815,1.8066555,0.70836633,3.604988,26.197416,718.299,1544.9559,-5.157173,1775.9199,1115.9817,-13.561726,2889.1875,1142.6289,-19.05348,0 days 00:02:07.957327327,0 days 00:02:08.057327327
0 days 00:00:00.640000,0 days 00:00:00.740000,answer9,2.7595136,-12.642459,20.72161,0.026818672,-0.016823184,0.33619845,27.736816,5.1883082,10.467765,-26.014982,24.404799,0.05353527,2.5717247,1.5988407,2.3676035,23.003235,720.33954,1607.5563,-2.5048153,1836.5273,1155.2189,-12.616132,3036.0332,1496.7867,-16.511915,0 days 00:02:07.967327327,0 days 00:02:08.067327327
0 days 00:00:00.650000,0 days 00:00:00.750000,answer9,2.7165744,-12.663827,19.308361,0.020769691,-0.018242111,0.3441079,28.169731,4.714121,9.906942,-28.0964,24.407127,0.05391243,2.5637305,2.2505772,3.1411116,22.196253,771.49756,1454.9873,-3.4489877,1856.8917,1089.1929,-11.564921,3044.6648,1460.6864,-17.145235,0 days 00:02:07.977327327,0 days 00:02:08.077327327
0 days 00:00:00.660000,0 days 00:00:00.760000,answer9,2.6029682,-12.893199,18.158312,0.013283231,-0.019754533,0.3644561,28.403296,4.5497994,9.685382,-28.571402,24.342066,0.056634873,1.6762644,2.6063907,6.2125144,20.694876,736.3034,1449.9974,-2.983652,1821.7299,1215.2438,-12.998509,2746.2727,1448.2467,-16.317766,0 days 00:02:07.987327327,0 days 00:02:08.087327327
0 days 00:00:00.670000,0 days 00:00:00.770000,answer9,2.4461305,-13.313556,17.872826,0.0074383947,-0.021203542,0.35381508,28.426115,4.826044,9.676766,-27.544714,24.273275,0.037756678,1.472073,3.198531,9.992345,22.449623,547.4747,1452.2697,-3.7826145,1464.6582,1248.4238,-11.518485,2336.468,1044.8807,-18.12224,0 days 00:02:07.997327327,0 days 00:02:08.097327327
0 days 00:00:00.680000,0 days 00:00:00.780000,answer9,2.2691624,-14.008331,18.557821,0.0035813916,-0.021627465,0.31450376,28.359293,5.5255847,9.999492,-25.15389,24.20369,0.02397346,1.2060266,3.5958796,13.048633,20.86947,699.9627,1341.1776,-6.9395547,1757.6342,1128.5159,-16.610765,2660.5388,1282.163,-16.369947,0 days 00:02:08.007327327,0 days 00:02:08.107327327
0 days 00:00:00.690000,0 days 00:00:00.790000,answer9,2.087453,-15.045688,20.11249,0.0037152378,-0.021083593,0.26949856,28.427023,6.3812923,11.01899,-21.830671,24.118628,0.005336581,1.404997,3.8080165,15.026677,21.386831,689.01373,1245.0162,-5.781861,1733.8766,990.11255,-18.24481,2741.8098,1256.1437,-16.894476,0 days 00:02:08.017327327,0 days 00:02:08.117327327
0 days 00:00:00.700000,0 days 00:00:00.800000,answer9,1.9159769,-16.338608,22.486603,0.004743082,-0.019922696,0.23359351,28.6388,7.064167,13.129331,-18.151403,24.070604,0.004783436,0.7616846,3.916003,17.170912,23.506592,857.5306,1151.1562,-5.347798,2052.9568,992.4843,-23.3971,2912.2722,1412.4989,-19.15957,0 days 00:02:08.027327327,0 days 00:02:08.127327327
0 days 00:00:00.710000,0 days 00:00:00.810000,answer9,1.7732807,-17.540672,24.54848,0.0065969466,-0.018960105,0.20627995,28.777306,7.4337506,16.326765,-14.912475,24.080778,0.0051360815,0.8604079,4.414529,19.881746,26.943098,685.01215,1373.0189,-10.530288,1727.7272,1160.3176,-19.648798,2572.9734,1186.848,-22.950827,0 days 00:02:08.037327327,0 days 00:02:08.137327327
0 days 00:00:00.720000,0 days 00:00:00.820000,answer9,1.6699619,-18.296677,25.919794,0.0072983406,-0.018136172,0.20348333,28.540442,7.597585,19.883265,-12.5749235,24.152166,0.010316462,0.9553034,4.723316,21.6333,26.780594,553.36523,1572.1475,-14.481937,1486.4662,1514.937,-20.49598,2323.4082,1052.5156,-23.311972,0 days 00:02:08.047327327,0 days 00:02:08.147327327
0 days 00:00:00.730000,0 days 00:00:00.830000,answer9,1.6029177,-18.535406,26.704042,0.0063161724,-0.017350994,0.2090059,27.859724,7.715498,22.536148,-11.214116,24.189604,0.012522603,1.130525,4.798972,22.028725,27.103058,404.48575,1617.2643,-13.432395,1304.2277,1629.6642,-22.043436,2187.1028,959.15424,-24.014221,0 days 00:02:08.057327327,0 days 00:02:08.157327327
0 days 00:00:00.740000,0 days 00:00:00.840000,answer9,1.5600506,-18.396255,27.573854,0.0046670553,-0.017221205,0.222072,26.930338,7.771911,23.415426,-10.871327,24.145468,0.01714517,1.8256159,4.78407,20.990274,29.605188,427.10025,1509.1029,-8.086571,1435.0575,1656.9203,-26.897924,2243.9966,962.03424,-26.26732,0 days 00:02:08.067327327,0 days 00:02:08.167327327
0 days 00:00:00.750000,0 days 00:00:00.850000,answer9,1.5348967,-18.036558,28.2441,0.00272227,-0.017460145,0.22811218,25.968521,7.5156274,22.551008,-11.676655,23.952093,0.009855306,1.5273939,4.841489,19.914171,29.90551,367.81912,1606.1113,-6.852266,1424.2891,1563.2686,-26.770132,2244.3418,990.11694,-25.450327,0 days 00:02:08.077327327,0 days 00:02:08.177327327
0 days 00:00:00.760000,0 days 00:00:00.860000,answer9,1.5244936,-17.527857,28.4185,0.0035140582,-0.017437467,0.23756056,25.05865,6.66198,20.654306,-13.5370035,23.579933,0.012367575,1.1747746,4.8794436,18.745928,28.013933,354.17712,1808.0975,-6.6408463,1282.0192,1642.4272,-23.03539,2209.9648,1065.9181,-21.727331,0 days 00:02:08.087327327,0 days 00:02:08.187327327
0 days 00:00:00.770000,0 days 00:00:00.870000,answer9,1.518878,-17.054361,28.259539,0.0054552057,-0.016944336,0.24889334,24.214403,5.242274,18.583841,-15.816632,23.221056,0.008164779,0.6164165,4.2711782,17.113384,25.396385,440.16788,1871.8071,-6.178756,1451.9894,1626.0822,-21.851912,2298.8132,1206.333,-17.05154,0 days 00:02:08.097327327,0 days 00:02:08.197327327
0 days 00:00:00.780000,0 days 00:00:00.880000,answer9,1.5053207,-16.82627,28.356323,0.009301827,-0.016414257,0.24508016,23.430916,3.8158293,17.032228,-17.417261,22.422762,0.007859458,0.70659846,3.4926062,14.792514,24.906069,533.8796,1707.9574,-0.5588786,1644.3008,1537.496,-17.970621,2409.3962,1254.0901,-15.209144,0 days 00:02:08.107327327,0 days 00:02:08.207327327
0 days 00:00:00.790000,0 days 00:00:00.890000,answer9,1.479482,-16.869675,28.629143,0.012413534,-0.01630651,0.21514435,22.692656,3.026826,16.431494,-17.622541,21.694407,0.004243152,0.9298598,3.0269186,12.143914,22.405083,578.31226,1530.8658,4.603195,1906.7081,1398.8647,-14.018401,2549.9277,1344.3154,-10.5589285,0 days 00:02:08.117327327,0 days 00:02:08.217327327
0 days 00:00:00.800000,0 days 00:00:00.900000,answer9,1.4494804,-16.980116,28.874016,0.013076226,-0.016372964,0.17007987,21.869577,2.9410493,16.558279,-16.744905,20.722755,0.004243152,0.9298598,2.85801,10.003285,20.166677,505.77136,1469.7344,9.177725,1696.2709,1447.2941,-8.466506,2418.3271,1313.9585,-6.0412164,0 days 00:02:08.127327327,0 days 00:02:08.227327327
0 days 00:00:00.810000,0 days 00:00:00.910000,answer9,1.4216727,-16.99324,29.006804,0.011745374,-0.016119527,0.13697194,20.884354,3.0094728,16.783943,-15.923645,20.152699,0.004243152,0.9298598,2.936758,9.020471,19.164488,492.9318,1461.4401,9.741818,1631.4336,1383.3942,-6.301613,2409.929,1215.6771,-2.699404,0 days 00:02:08.137327327,0 days 00:02:08.237327327
0 days 00:00:00.820000,0 days 00:00:00.920000,answer9,1.3904257,-16.987099,29.15655,0.009879614,-0.015928548,0.12736951,19.77617,2.7784166,16.473715,-16.067495,19.605742,0.06505084,0.8870749,2.798917,9.36123,19.999083,472.5265,1381.9252,7.567558,1516.96,1329.142,-6.742832,2337.757,1057.3903,-3.0613182,0 days 00:02:08.147327327,0 days 00:02:08.247327327
0 days 00:00:00.830000,0 days 00:00:00.930000,answer9,1.3425642,-17.202929,29.707651,0.009307772,-0.015185982,0.1308514,18.774117,2.4083002,15.605088,-16.960907,19.346226,0.06725725,0.8371971,2.813897,10.913922,20.244436,490.98795,1321.5646,5.806989,1633.4291,1347.9628,-7.3674965,2357.1035,1027.8531,-3.448148,0 days 00:02:08.157327327,0 days 00:02:08.257327327
0 days 00:00:00.840000,0 days 00:00:00.940000,answer9,1.2726161,-17.786901,30.799612,0.006581551,-0.014255732,0.12236304,18.109556,2.3190823,14.612183,-17.572678,19.35273,0.08609581,0.6276111,2.6640463,12.785637,19.78979,504.2325,1325.7217,7.110399,1527.5741,1789.3105,-7.134972,2217.805,1009.68536,-4.4450583,0 days 00:02:08.167327327,0 days 00:02:08.267327327
0 days 00:00:00.850000,0 days 00:00:00.950000,answer9,1.1925359,-18.627703,32.405853,0.003061383,-0.013103944,0.105496325,17.82253,2.458535,13.663189,-17.014929,18.896807,0.037360992,0.4338071,2.5324385,9.602427,14.732906,577.9648,1431.4967,5.156306,1704.3066,1672.4344,-7.316688,2682.2783,1161.4052,-3.9796536,0 days 00:02:08.177327327,0 days 00:02:08.277327327
0 days 00:00:00.860000,0 days 00:00:00.960000,answer9,1.1209339,-19.489973,34.013992,-0.002582007,-0.011731415,0.089999,17.781815,2.4994538,12.73539,-15.353587,18.487528,0.042591047,0.8591681,2.8350413,7.2325654,12.763653,694.87445,1459.2279,3.850551,1842.0536,1411.0829,-6.3106894,3085.6204,1615.4364,-4.732557,0 days 00:02:08.187327327,0 days 00:02:08.287327327
0 days 00:00:00.870000,0 days 00:00:00.970000,answer9,1.0672027,-20.216034,35.376022,-0.009198501,-0.01146951,0.083808534,17.83358,2.3473582,11.848306,-13.282243,17.872469,0.031188942,1.4442374,3.2304013,5.244159,12.313519,714.0101,1443.2218,0.9236333,1978.3286,1675.7806,-8.0145235,3071.4082,1728.2045,-4.758495,0 days 00:02:08.197327327,0 days 00:02:08.297327327
0 days 00:00:00.880000,0 days 00:00:00.980000,answer9,1.0250876,-20.85535,36.28774,-0.016925262,-0.012102995,0.07986516,17.939941,2.4360855,11.2981825,-11.406659,17.651253,0.023357285,1.7857431,3.5561695,7.0906925,15.8491745,687.4853,1407.7211,2.5749032,1836.9707,2482.014,-5.8073997,2532.05,1617.3395,-4.4537826,0 days 00:02:08.207327327,0 days 00:02:08.307327327
0 days 00:00:00.890000,0 days 00:00:00.990000,answer9,0.9812942,-21.558294,37.029877,-0.02350933,-0.0138931945,0.07322236,18.072504,3.1233006,11.253338,-9.850051,17.45811,0.021759663,1.6504598,3.5978293,7.588187,17.00082,575.62335,1389.7666,-65.2322,1667.7135,2690.083,-71.553024,2186.1123,1165.3558,-69.81312,0 days 00:02:08.217327327,0 days 00:02:08.317327327
0 days 00:00:00.900000,0 days 00:00:01,answer9,0.94977146,-22.072714,37.4278,-0.02646412,-0.014989781,0.06764888,18.176645,3.8473017,11.40448,-8.890645,0.0,0.0,0.0,0.0,0.0,0.0,542.5079,1342.9564,-132.6187,1618.9653,2061.9163,-134.73541,2284.4133,1154.8535,-134.82086,0 days 00:02:08.227327327,0 days 00:02:08.327327327
0 days 00:00:00.900000,0 days 00:00:01.000997732,answer9,0.9314677,-22.366592,37.626026,-0.027204284,-0.015649708,0.06424619,18.210888,4.299903,11.529038,-8.454457,0.0,0.0,0.0,0.0,0.0,0.0,512.89703,1299.7169,-201.0,1605.0732,1451.6627,-201.0,2383.3606,1157.7312,-201.0,0 days 00:02:08.227327327,0 days 00:02:08.328325059
0 days 00:00:00,0 days 00:00:00.100000,answer10,1.0170517,-19.210205,34.79105,-0.0035664085,-0.012711334,0.03364705,11.907185,1.1594713,14.138656,-21.605024,0.0,0.0,0.0,0.0,0.0,0.0,507.70438,1398.0292,-201.0,1469.917,1497.2711,-201.0,2437.712,1039.8639,-201.0,0 days 00:02:23.276609943,0 days 00:02:23.376609943
0 days 00:00:00.010000,0 days 00:00:00.110000,answer10,1.1075271,-17.10855,32.75987,-0.005585401,-0.010769453,0.06856518,6.538137,0.56940055,17.492498,-22.21084,0.0,0.0,0.0,0.0,0.0,0.0,519.39276,1477.7897,-201.0,1482.9585,1572.103,-201.0,2455.086,1076.6338,-201.0,0 days 00:02:23.286609943,0 days 00:02:23.386609943
0 days 00:00:00.020000,0 days 00:00:00.120000,answer10,1.2720752,-13.971062,29.561941,-0.008459974,-0.007809961,0.10643095,-0.38893923,-0.23591782,21.559586,-22.280401,0.0,0.0,0.0,0.0,0.0,0.0,671.3654,1418.5756,-201.0,1603.6622,1393.4415,-201.0,2549.0295,1005.07697,-201.0,0 days 00:02:23.296609943,0 days 00:02:23.396609943
0 days 00:00:00.030000,0 days 00:00:00.130000,answer10,1.4727875,-10.973996,26.099905,-0.01297605,-0.004876601,0.11124464,-5.0920157,-0.7345782,24.068802,-21.184118,0.0,0.0,0.0,0.0,0.0,0.0,798.9886,1360.8844,-201.0,1704.8344,1188.8224,-201.0,2645.1455,840.09576,-201.0,0 days 00:02:23.306609943,0 days 00:02:23.406609943
0 days 00:00:00.040000,0 days 00:00:00.140000,answer10,1.6555609,-8.77052,23.821983,-0.017599767,-0.0034124858,0.116262354,-6.69912,-0.2154053,26.259748,-19.81277,0.0,0.0,0.0,0.0,0.0,0.0,908.4841,1182.7733,-201.0,1845.4321,874.50653,-201.0,2753.0437,727.21075,-201.0,0 days 00:02:23.316609943,0 days 00:02:23.416609943
0 days 00:00:00.050000,0 days 00:00:00.150000,answer10,1.7848741,-7.5597305,22.345018,-0.021663599,-0.0030315004,0.13098462,-5.439259,1.6380275,29.375397,-17.536692,0.0,0.0,0.0,0.0,0.0,0.0,864.91034,1193.8671,-201.0,1885.8268,835.9546,-201.0,2800.9307,752.733,-201.0,0 days 00:02:23.326609943,0 days 00:02:23.426609943
0 days 00:00:00.060000,0 days 00:00:00.160000,answer10,1.8537096,-7.435507,21.368586,-0.022183357,-0.0027760752,0.16880213,-1.9963818,4.124944,33.539536,-13.584447,0.0,0.0,0.0,0.0,0.0,0.0,842.2946,1128.0151,-201.0,1899.1613,739.92145,-201.0,2789.1475,815.1675,-201.0,0 days 00:02:23.336609943,0 days 00:02:23.436609943
0 days 00:00:00.070000,0 days 00:00:00.170000,answer10,1.878182,-8.29969,20.866652,-0.019521497,-0.0026200507,0.21800102,2.6031494,5.9829535,37.827236,-8.263677,0.0,0.0,0.0,0.0,0.0,0.0,899.51434,1097.4196,-201.0,1930.805,779.00726,-201.0,2766.9343,879.674,-201.0,0 days 00:02:23.346609943,0 days 00:02:23.446609943
0 days 00:00:00.080000,0 days 00:00:00.180000,answer10,1.8941998,-9.58722,21.173485,-0.015333426,-0.0028848639,0.25916767,7.2166367,6.3020606,41.2319,-2.8439105,0.0,0.0,0.0,0.0,0.0,0.0,749.9216,1172.2507,-201.0,1823.1683,808.75366,-201.0,2661.0664,848.0632,-201.0,0 days 00:02:23.356609943,0 days 00:02:23.456609943
0 days 00:00:00.090000,0 days 00:00:00.190000,answer10,1.942031,-10.409625,21.695189,-0.010143251,-0.003988149,0.27597722,10.884499,5.181396,43.91482,1.3540918,0.0,0.0,0.0,0.0,0.0,0.0,592.7413,1221.64,-135.07588,1691.8633,808.38605,-140.56395,2602.6516,817.9969,-136.99013,0 days 00:02:23.366609943,0 days 00:02:23.466609943
0 days 00:00:00.100000,0 days 00:00:00.200000,answer10,2.040643,-10.231505,20.93934,-0.005952871,-0.005315231,0.2793553,13.071446,3.1155188,46.3161,3.6064491,25.75098,0.0,0.0,3.6960325,4.848715,14.079327,371.59927,1252.4252,-68.08438,1534.8785,693.7309,-80.9549,2535.944,726.43066,-74.23812,0 days 00:02:23.376609943,0 days 00:02:23.476609943
0 days 00:00:00.110000,0 days 00:00:00.210000,answer10,2.170892,-9.2093,18.922546,-0.004955066,-0.005457729,0.28231886,13.737653,0.75797826,48.739994,4.4342175,25.62388,0.0,0.10937256,3.9988797,3.5593054,13.700175,372.25415,1114.0099,-0.25842705,1489.9784,620.80304,-23.578718,2471.4316,812.46906,-10.399297,0 days 00:02:23.386609943,0 days 00:02:23.486609943
0 days 00:00:00.120000,0 days 00:00:00.220000,answer10,2.2927353,-7.9610786,16.188917,-0.0068881307,-0.0047052824,0.28147075,13.403537,-1.0959324,51.01987,4.8505993,25.350866,0.0,0.10937256,4.5724444,0.19782193,13.923894,363.4493,1065.4108,2.455082,1479.5468,506.4517,-24.188478,2431.1072,741.08844,-11.270989,0 days 00:02:23.396609943,0 days 00:02:23.496609943
0 days 00:00:00.130000,0 days 00:00:00.230000,answer10,2.3740659,-6.9686723,14.304295,-0.008404556,-0.0037122574,0.28149867,12.7086,-1.8976483,52.921986,5.387011,25.031347,0.0,0.7391114,4.5028768,-3.9531898,11.969921,351.6528,1058.0175,4.720348,1463.8662,444.1289,-24.253954,2414.6055,719.1953,-11.202764,0 days 00:02:23.406609943,0 days 00:02:23.506609943
0 days 00:00:00.140000,0 days 00:00:00.240000,answer10,2.4024794,-6.4603424,13.388906,-0.00730755,-0.0043169474,0.28966418,12.127835,-1.7206682,54.21237,5.7803864,24.72464,0.03243068,1.1826717,4.694279,-7.0654826,8.834987,349.6124,1047.0204,6.1413207,1462.5654,411.5869,-22.297209,2426.136,682.191,-9.759149,0 days 00:02:23.416609943,0 days 00:02:23.516609943
0 days 00:00:00.150000,0 days 00:00:00.250000,answer10,2.3809297,-6.489968,13.703877,-0.0049679927,-0.0059331707,0.31194162,11.91759,-1.0949349,54.699543,5.587124,24.483728,0.024380617,1.4247146,4.8000813,-7.2065735,7.831543,354.18082,1071.1727,6.444954,1458.5074,483.71353,-22.941439,2450.361,770.18945,-8.5931635,0 days 00:02:23.426609943,0 days 00:02:23.526609943
0 days 00:00:00.160000,0 days 00:00:00.260000,answer10,2.3236523,-6.9577727,14.624639,-0.003578718,-0.0074392357,0.33231232,12.125282,-0.5489337,54.29448,4.598456,24.285864,0.022934286,0.764129,4.745913,-4.330693,9.056324,355.2101,1092.5981,5.654745,1464.291,510.95663,-23.758064,2464.1025,788.3677,-7.7322717,0 days 00:02:23.436609943,0 days 00:02:23.536609943
0 days 00:00:00.170000,0 days 00:00:00.270000,answer10,2.2481833,-7.6287713,15.443318,-0.0031931947,-0.007958316,0.3289627,12.549198,-0.34592947,53.168507,3.113986,24.00754,0.013650314,0.6423302,3.7896464,-0.86967564,12.430898,354.9086,1111.2201,5.018783,1466.5839,537.03174,-24.478521,2460.4595,834.6255,-8.281791,0 days 00:02:23.446609943,0 days 00:02:23.546609943
0 days 00:00:00.180000,0 days 00:00:00.280000,answer10,2.1670191,-8.27455,16.100245,-0.0036787821,-0.0077035353,0.31302884,12.848705,-0.56683683,51.29714,1.4936143,23.637787,0.013533487,0.8738739,2.8328307,0.3251966,14.567746,359.06445,1103.809,5.8617797,1472.312,564.7015,-22.704758,2454.5142,916.59247,-8.380771,0 days 00:02:23.456609943,0 days 00:02:23.556609943
0 days 00:00:00.190000,0 days 00:00:00.290000,answer10,2.080623,-8.823293,17.021437,-0.0043751863,-0.00763206,0.2933952,12.80273,-1.1655204,48.54979,0.009283066,23.20584,0.010988817,1.00307,2.0460749,-1.7489265,12.471139,366.05923,1090.1825,8.522254,1479.7217,598.6738,-20.858492,2463.218,944.5756,-5.697811,0 days 00:02:23.466609943,0 days 00:02:23.566609943
0 days 00:00:00.200000,0 days 00:00:00.300000,answer10,1.9847612,-9.378319,18.747454,-0.003767546,-0.0074957665,0.2674042,12.611443,-1.9156345,44.977478,-1.1522988,24.980753,0.0035122063,0.779658,2.145128,8.902383,14.673012,365.43198,1092.4768,10.366935,1484.0316,591.68665,-17.133783,2485.1228,964.23126,-4.4341397,0 days 00:02:23.476609943,0 days 00:02:23.576609943
0 days 00:00:00.210000,0 days 00:00:00.310000,answer10,1.8763375,-10.092178,20.777466,-0.00475763,-0.00791996,0.22637857,12.676578,-2.5067108,41.044956,-1.8781811,30.816305,0.26548406,1.765254,3.0937004,10.273645,6.0768967,368.3837,1115.8629,0.0,1490.3151,619.49493,-22.954054,2545.7605,893.3149,-8.005649,0 days 00:02:23.486609943,0 days 00:02:23.586609943
0 days 00:00:00.220000,0 days 00:00:00.320000,answer10,1.7579237,-11.042625,23.076609,-0.0054281577,-0.008064642,0.18349032,13.1613035,-2.780267,37.230534,-2.4800282,36.839527,0.2798832,2.647463,4.0902143,13.418178,0.4238561,373.7528,1147.3119,0.0,1495.6665,641.3343,-27.828407,2553.0935,861.7588,-14.081819,0 days 00:02:23.496609943,0 days 00:02:23.596609943
0 days 00:00:00.230000,0 days 00:00:00.330000,answer10,1.6323687,-12.238606,25.004099,-0.007185085,-0.008473823,0.16053723,13.852023,-2.7344139,33.81145,-3.4894397,40.826054,0.29848537,3.2783911,4.959312,5.000155,-7.9681306,373.1005,1142.6969,0.0,1503.0096,593.6064,-34.699314,2570.9045,722.08966,-19.881989,0 days 00:02:23.506609943,0 days 00:02:23.606609943
0 days 00:00:00.240000,0 days 00:00:00.340000,answer10,1.4985409,-13.671168,26.905466,-0.008176449,-0.008391073,0.15575224,14.413741,-2.3937802,30.895369,-5.128642,40.852493,0.06898519,2.187011,5.606714,8.785731,-3.934143,373.87534,1122.3657,0.0,1500.7406,555.8746,-32.823364,2496.097,647.7044,-21.168478,0 days 00:02:23.516609943,0 days 00:02:23.616609943
0 days 00:00:00.250000,0 days 00:00:00.350000,answer10,1.350844,-15.383644,28.74867,-0.009858248,-0.008457662,0.15880306,14.675153,-1.6636099,28.516718,-7.00067,40.909134,0.08291027,1.610837,6.6921525,12.058616,1.7214794,377.51892,1109.8125,0.0,1495.6724,590.1174,-30.947832,2462.788,676.36206,-23.097666,0 days 00:02:23.526609943,0 days 00:02:23.626609943
0 days 00:00:00.260000,0 days 00:00:00.360000,answer10,1.1880196,-17.428923,31.202017,-0.012806599,-0.008497134,0.15435393,14.531262,-0.40716192,26.410711,-8.618497,40.990726,0.068677016,1.2921739,7.8777213,12.093269,7.24848,387.37924,1155.3765,0.0,1498.2725,687.90497,-29.303713,2450.5264,710.9112,-25.3324,0 days 00:02:23.536609943,0 days 00:02:23.636609943
0 days 00:00:00.270000,0 days 00:00:00.370000,answer10,1.0223538,-19.673033,34.11151,-0.013480603,-0.008857469,0.14160655,13.895584,1.3311591,24.337744,-9.6718645,41.099014,0.07661381,1.3231794,9.061641,9.020105,9.839527,401.58823,1193.4752,0.0,1496.8955,803.90314,-30.362482,2423.7146,757.6028,-25.866568,0 days 00:02:23.546609943,0 days 00:02:23.646609943
0 days 00:00:00.280000,0 days 00:00:00.380000,answer10,0.87654734,-21.783243,36.16721,-0.013795394,-0.008506657,0.1142338,12.811146,3.158879,22.317942,-10.208737,41.13031,0.07178271,1.3235064,9.763603,6.934143,10.641079,413.81503,1270.8234,0.0,1484.3417,948.52686,-87.93687,2391.1777,827.35254,-84.22528,0 days 00:02:23.556609943,0 days 00:02:23.656609943
0 days 00:00:00.290000,0 days 00:00:00.390000,answer10,0.7648223,-23.504662,37.14098,-0.012682262,-0.007818288,0.08501168,11.516494,4.390775,20.527761,-10.263112,0.0,0.0,0.0,0.0,0.0,0.0,426.95236,1348.4266,-201.0,1474.0731,1086.6328,-145.04726,2367.1462,881.3686,-142.18697,0 days 00:02:23.566609943,0 days 00:02:23.666609943
0 days 00:00:00.300000,0 days 00:00:00.400000,answer10,0.68238765,-24.89617,37.18008,-0.013388738,-0.0068191253,0.06006731,10.26547,4.66596,18.769709,-9.832425,0.0,0.0,0.0,0.0,0.0,0.0,427.82986,1407.9237,-201.0,1471.3184,1138.0138,-201.0,2369.0928,920.15625,-201.0,0 days 00:02:23.576609943,0 days 00:02:23.676609943
0 days 00:00:00.310000,0 days 00:00:00.410000,answer10,0.61779064,-26.114439,37.4174,-0.0145285055,-0.0063660294,0.046718683,9.086244,4.17418,16.658426,-9.102738,0.0,0.0,0.0,0.0,0.0,0.0,426.4358,1440.9183,-201.0,1461.1674,1120.0388,-201.0,2394.8494,909.0358,-201.0,0 days 00:02:23.586609943,0 days 00:02:23.686609943
0 days 00:00:00.320000,0 days 00:00:00.420000,answer10,0.56740165,-27.140081,37.8239,-0.017182307,-0.0060562133,0.03744081,7.991979,3.549548,14.326798,-8.25957,0.0,0.0,0.0,0.0,0.0,0.0,423.87634,1603.7266,-201.0,1405.8763,1223.8629,-201.0,2401.6487,938.1174,-201.0,0 days 00:02:23.596609943,0 days 00:02:23.696609943
0 days 00:00:00.330000,0 days 00:00:00.430000,answer10,0.5320619,-27.896208,38.2954,-0.021955451,-0.005539304,0.030330358,7.125423,3.348418,12.572101,-7.1399803,0.0,0.0,0.0,0.0,0.0,0.0,432.16098,1820.4297,-201.0,1363.7401,1449.4987,-201.0,2381.202,1055.8717,-201.0,0 days 00:02:23.606609943,0 days 00:02:23.706609943
0 days 00:00:00.340000,0 days 00:00:00.440000,answer10,0.51009613,-28.394754,38.595684,-0.02637381,-0.0056057,0.025891028,6.589766,3.619316,11.842979,-5.747334,0.0,0.0,0.0,0.0,0.0,0.0,451.15942,1928.3778,-201.0,1367.7972,1597.2012,-201.0,2408.8445,1218.7701,-201.0,0 days 00:02:23.616609943,0 days 00:02:23.716609943
0 days 00:00:00.350000,0 days 00:00:00.450000,answer10,0.4967059,-28.714434,38.633633,-0.030164437,-0.005299078,0.024856554,6.2771783,4.079171,11.832007,-4.513053,0.0,0.0,0.0,0.0,0.0,0.0,448.33353,1936.3951,-201.0,1420.7987,1565.16,-201.0,2481.0469,1387.0721,-201.0,0 days 00:02:23.626609943,0 days 00:02:23.726609943
0 days 00:00:00.360000,0 days 00:00:00.460000,answer10,0.49013114,-28.8582,38.450558,-0.032736473,-0.005405005,0.02413021,5.9704056,4.4064255,11.808468,-4.378859,0.0,0.0,0.0,0.0,0.0,0.0,452.1287,1888.0245,-201.0,1423.7516,1523.978,-201.0,2504.4727,1344.3033,-201.0,0 days 00:02:23.636609943,0 days 00:02:23.736609943
0 days 00:00:00.370000,0 days 00:00:00.470000,answer10,0.48980168,-28.826387,38.257355,-0.034317937,-0.0054144133,0.022728449,5.5914254,4.4661384,11.3808565,-5.5316234,0.0,0.0,0.0,0.0,0.0,0.0,447.74118,1801.2285,-201.0,1439.9215,1451.847,-201.0,2477.6326,1254.7109,-201.0,0 days 00:02:23.646609943,0 days 00:02:23.746609943
0 days 00:00:00.380000,0 days 00:00:00.480000,answer10,0.49494925,-28.700731,38.096237,-0.03182656,-0.006720729,0.02329258,5.436369,4.6008167,10.82018,-7.306856,0.0,0.0,0.0,0.0,0.0,0.0,469.5515,1617.393,-201.0,1466.4684,1396.7504,-201.0,2432.4773,1150.4626,-201.0,0 days 00:02:23.656609943,0 days 00:02:23.756609943
0 days 00:00:00.390000,0 days 00:00:00.490000,answer10,0.51748914,-28.447935,37.944775,-0.023413673,-0.008918494,0.0310472,6.562138,5.387441,10.337873,-9.510551,0.0,0.0,0.0,0.0,0.0,0.0,485.6422,1523.6198,-201.0,1538.0648,1368.9862,-201.0,2450.8193,1192.3141,-201.0,0 days 00:02:23.666609943,0 days 00:02:23.766609943
0 days 00:00:00.400000,0 days 00:00:00.500000,answer10,0.58005494,-27.71844,37.82008,-0.012181462,-0.012166341,0.052555043,9.432652,6.455658,10.0102625,-11.832936,0.0,0.0,0.0,0.0,0.0,0.0,495.49747,1545.4081,-201.0,1534.7467,1407.8334,-201.0,2491.0989,1212.0481,-201.0,0 days 00:02:23.676609943,0 days 00:02:23.776609943
0 days 00:00:00.410000,0 days 00:00:00.510000,answer10,0.7073032,-26.010881,37.534184,-0.00223362,-0.014216334,0.08532206,13.33957,6.6227837,9.90587,-14.33859,0.0,0.0,0.0,0.0,0.0,0.0,495.06827,1595.1611,-201.0,1524.8319,1455.4155,-201.0,2504.138,1207.3907,-201.0,0 days 00:02:23.686609943,0 days 00:02:23.786609943
0 days 00:00:00.420000,0 days 00:00:00.520000,answer10,0.89968807,-23.32544,37.003876,0.005455738,-0.014634084,0.123054944,16.689161,5.149199,10.336319,-16.467018,0.0,0.0,0.0,0.0,0.0,0.0,467.97974,1421.4779,-201.0,1510.149,1223.5304,-201.0,2541.7322,1048.5629,-201.0,0 days 00:02:23.696609943,0 days 00:02:23.796609943
0 days 00:00:00.430000,0 days 00:00:00.530000,answer10,1.1322361,-20.237787,35.077282,0.012090812,-0.012870657,0.15500124,18.707474,2.6328683,11.57459,-18.17676,0.0,0.0,0.0,0.0,0.0,0.0,450.45215,1289.5612,-201.0,1498.5792,1099.4061,-201.0,2523.4573,890.90186,-201.0,0 days 00:02:23.706609943,0 days 00:02:23.806609943
0 days 00:00:00.440000,0 days 00:00:00.540000,answer10,1.3663878,-17.494677,31.990591,0.018588081,-0.010999695,0.17509846,19.6803,0.13889067,13.329467,-19.523111,0.0,0.0,0.0,0.0,0.0,0.0,438.136,1174.1405,-130.59137,1477.7803,976.29736,-135.74626,2521.175,718.7044,-137.10103,0 days 00:02:23.716609943,0 days 00:02:23.816609943
0 days 00:00:00.450000,0 days 00:00:00.550000,answer10,1.5706676,-15.404086,28.322973,0.022911584,-0.009241603,0.179951,20.002335,-2.0638769,15.107898,-20.495104,28.873116,0.0,0.0,6.518877,3.9486217,22.798819,436.90836,1217.9161,-58.15713,1417.9003,1090.4259,-69.558044,2409.696,779.65656,-70.72393,0 days 00:02:23.726609943,0 days 00:02:23.826609943
0 days 00:00:00.460000,0 days 00:00:00.560000,answer10,1.7269827,-13.939151,25.65413,0.02451876,-0.0076176864,0.17401652,19.863745,-3.9991004,16.445755,-20.898987,31.239492,0.0,0.0,5.8293242,3.96046,21.01425,468.18628,1261.3212,9.840714,1532.441,1104.6896,-8.650994,2464.5134,784.6779,-8.54112,0 days 00:02:23.736609943,0 days 00:02:23.836609943
0 days 00:00:00.470000,0 days 00:00:00.570000,answer10,1.8272365,-12.988587,23.9766,0.021434424,-0.005871508,0.16469143,19.384483,-5.61748,17.080229,-20.525963,33.670567,0.0,0.0,5.5863476,3.1532319,18.359674,464.92154,1252.4515,6.8426895,1507.9288,1153.0317,-11.955388,2382.4534,887.0032,-10.654698,0 days 00:02:23.746609943,0 days 00:02:23.846609943
0 days 00:00:00.480000,0 days 00:00:00.580000,answer10,1.8693343,-12.509537,23.100943,0.017807847,-0.00462398,0.16909844,18.80056,-6.821894,16.988846,-19.540106,36.12196,0.0,0.0,6.7439837,2.4534435,15.719456,470.39438,1218.7593,1.1084839,1519.5356,1109.4497,-17.085794,2399.1833,884.31854,-14.610972,0 days 00:02:23.756609943,0 days 00:02:23.856609943
0 days 00:00:00.490000,0 days 00:00:00.590000,answer10,1.8604375,-12.512222,23.0413,0.014451769,-0.005060835,0.17940138,18.537043,-7.371401,16.564054,-18.265726,36.198353,0.0,0.0,8.384788,-0.26472116,12.314832,448.62915,1103.1779,-1.438496,1436.0856,1051.8749,-16.873154,2344.055,863.7596,-13.753327,0 days 00:02:23.766609943,0 days 00:02:23.866609943
0 days 00:00:00.500000,0 days 00:00:00.600000,answer10,1.8166338,-12.979226,23.698122,0.012171759,-0.0064928825,0.19000071,18.895351,-7.095839,16.251701,-17.155699,36.161633,0.0,0.0,9.379376,-4.044916,7.8161945,456.68637,1065.1322,-4.9518094,1493.2528,976.6652,-17.158152,2434.7742,769.9096,-12.768004,0 days 00:02:23.776609943,0 days 00:02:23.876609943
0 days 00:00:00.510000,0 days 00:00:00.610000,answer10,1.757884,-13.790321,24.781654,0.0076867607,-0.008520096,0.18706553,19.81561,-5.943152,16.31755,-16.334671,36.052032,0.0220125,1.5992379,10.118164,-6.2603784,6.224257,465.8076,1064.3838,-7.105128,1546.3737,973.29364,-16.820467,2514.004,672.8882,-13.329385,0 days 00:02:23.786609943,0 days 00:02:23.886609943
0 days 00:00:00.520000,0 days 00:00:00.620000,answer10,1.6998059,-14.732541,25.849497,0.001271682,-0.010140605,0.1830672,20.851112,-4.2541633,16.58487,-15.809972,35.90655,0.016810576,1.3410848,10.89006,-6.130079,7.10412,463.3029,1145.4414,-7.4459968,1533.9579,1076.6785,-16.928993,2549.8848,733.79663,-14.550115,0 days 00:02:23.796609943,0 days 00:02:23.896609943
0 days 00:00:00.530000,0 days 00:00:00.630000,answer10,1.6466475,-15.615176,27.073122,-0.002926888,-0.011844347,0.1822952,21.674154,-2.4841099,16.864584,-15.197147,35.783833,0.0062788725,0.93529457,11.415687,-4.340774,10.194851,467.13156,1236.8092,-6.383869,1540.1139,1182.5254,-17.642359,2585.6902,767.0076,-16.57872,0 days 00:02:23.806609943,0 days 00:02:23.906609943
0 days 00:00:00.540000,0 days 00:00:00.640000,answer10,1.5918857,-16.363039,28.60234,-0.008547395,-0.012616743,0.19560654,22.18749,-0.95600456,17.070272,-14.164154,35.70265,0.0068559754,0.50365514,11.615548,-3.261527,12.886563,487.79285,1393.5392,-6.5054526,1575.5045,1249.9559,-18.921566,2635.6409,775.69403,-19.392015,0 days 00:02:23.816609943,0 days 00:02:23.916609943
0 days 00:00:00.550000,0 days 00:00:00.650000,answer10,1.523579,-17.055569,30.21295,-0.01379938,-0.012639355,0.21437812,22.458786,0.32127097,17.330536,-12.545842,35.647507,0.0048728394,0.2957419,11.310928,-2.5381107,15.999229,503.99805,1525.8392,-7.604632,1617.4137,1258.3984,-20.478567,2649.446,747.6945,-23.60386,0 days 00:02:23.826609943,0 days 00:02:23.926609943
0 days 00:00:00.560000,0 days 00:00:00.660000,answer10,1.4355801,-17.850002,31.690979,-0.018878123,-0.011834316,0.21298413,22.515556,1.5524915,17.630617,-10.511127,35.61927,0.004902672,0.29028568,10.410209,-1.27913,17.991398,481.6672,1499.4725,-8.8422785,1575.585,1163.9886,-22.282728,2599.3877,716.0035,-26.833677,0 days 00:02:23.836609943,0 days 00:02:23.936609943
0 days 00:00:00.570000,0 days 00:00:00.670000,answer10,1.3316513,-18.862474,32.928223,-0.017723337,-0.010988641,0.18818097,22.373474,2.9154708,17.723793,-8.241424,35.034504,0.0029354487,0.2581832,8.971324,-2.5076249,16.034315,426.5432,1439.831,-12.794379,1482.9873,1095.2108,-23.849457,2521.9163,720.2859,-28.828695,0 days 00:02:23.846609943,0 days 00:02:23.946609943
0 days 00:00:00.580000,0 days 00:00:00.680000,answer10,1.2201053,-20.078327,34.279987,-0.0149700595,-0.010292168,0.15986896,21.992249,4.4406476,17.33531,-6.026726,34.259846,0.0031878985,0.23381157,7.9262824,-4.001235,13.005444,345.81046,1463.4188,-14.707796,1387.4834,1080.8173,-24.262259,2449.6628,750.9756,-29.711985,0 days 00:02:23.856609943,0 days 00:02:23.956609943
0 days 00:00:00.590000,0 days 00:00:00.690000,answer10,1.110249,-21.310743,35.70345,-0.014448942,-0.009364765,0.1575387,21.207233,5.9330287,16.688028,-4.4089227,33.551167,0.0150857745,0.17474504,8.060243,-5.174349,11.294036,293.48383,1648.4352,0.0,1365.2621,1173.0431,-25.877785,2442.055,837.8641,-31.601618,0 days 00:02:23.866609943,0 days 00:02:23.966609943
0 days 00:00:00.600000,0 days 00:00:00.700000,answer10,1.0117859,-22.227097,37.00233,-0.01569063,-0.008525816,0.17711896,19.82952,6.824734,16.381533,-3.9212487,33.60787,0.019158287,0.35743102,8.828101,-1.8575217,12.259374,226.99791,1842.8031,0.0,1372.833,1296.0726,-26.693167,2440.8904,970.4622,-32.856552,0 days 00:02:23.876609943,0 days 00:02:23.976609943
0 days 00:00:00.610000,0 days 00:00:00.710000,answer10,0.9336166,-22.578026,37.8818,-0.015611048,-0.007289943,0.18900837,17.892904,6.3861165,16.419388,-4.5804825,34.026638,0.03725702,0.95904773,9.416424,1.8132826,13.456082,256.83054,1795.1371,0.0,1415.918,1292.585,-27.146538,2448.0784,1031.9432,-32.84709,0 days 00:02:23.886609943,0 days 00:02:23.986609943
0 days 00:00:00.620000,0 days 00:00:00.720000,answer10,0.87707883,-22.49085,38.32003,-0.012912759,-0.0058994438,0.1705059,15.801084,4.5764437,16.197544,-5.853766,34.295204,0.03447154,1.304378,9.486828,4.133111,13.4370165,487.6569,1754.8179,-109.04276,1583.4388,1337.9834,-84.67784,2589.1445,1209.6088,-88.46975,0 days 00:02:23.896609943,0 days 00:02:23.996609943
0 days 00:00:00.630000,0 days 00:00:00.730000,answer10,0.8305049,-22.457962,38.507877,-0.010986633,-0.004095922,0.12650098,14.105733,2.4983559,15.397691,-6.845987,0.0,0.0,0.0,0.0,0.0,0.0,782.97754,1619.7313,-139.69518,1823.3356,1368.8661,-142.412,2733.4922,1654.7701,-144.26595,0 days 00:02:23.906609943,0 days 00:02:24.006609943
0 days 00:00:00.640000,0 days 00:00:00.740000,answer10,0.77513486,-23.009966,38.64179,-0.011309468,-0.0019068656,0.07977735,12.969682,1.4824661,14.450589,-7.053083,0.0,0.0,0.0,0.0,0.0,0.0,1028.9468,1607.6191,-201.0,2051.1838,1419.9388,-201.0,3154.696,1833.1517,-201.0,0 days 00:02:23.916609943,0 days 00:02:24.016609943
0 days 00:00:00.650000,0 days 00:00:00.750000,answer10,0.7021715,-24.297945,38.77249,-0.014643607,-0.0006209865,0.05624844,12.026465,1.939704,13.871165,-6.5630264,0.0,0.0,0.0,0.0,0.0,0.0,848.4543,1728.8271,-201.0,1874.5186,1461.3258,-201.0,3012.0261,1723.0303,-201.0,0 days 00:02:23.926609943,0 days 00:02:24.026609943
0 days 00:00:00.660000,0 days 00:00:00.760000,answer10,0.62194043,-25.9876,38.777775,-0.021095673,-0.0010257479,0.04753517,10.878825,3.260233,13.863557,-5.665596,0.0,0.0,0.0,0.0,0.0,0.0,859.70294,1808.139,-201.0,1951.6129,1340.6799,-201.0,3398.6523,1320.2631,-201.0,0 days 00:02:23.936609943,0 days 00:02:24.036609943
0 days 00:00:00.670000,0 days 00:00:00.770000,answer10,0.55682343,-27.479362,38.59302,-0.029109158,-0.00259952,0.041403648,9.621837,4.5484495,14.180285,-4.6698146,0.0,0.0,0.0,0.0,0.0,0.0,642.39984,1891.728,-201.0,1681.691,1388.3218,-201.0,2966.098,1124.83,-201.0,0 days 00:02:23.946609943,0 days 00:02:24.046609943
0 days 00:00:00.680000,0 days 00:00:00.780000,answer10,0.5177588,-28.391397,38.30313,-0.03820216,-0.0043579563,0.0346437,8.49142,5.3321204,14.628319,-3.4764144,0.0,0.0,0.0,0.0,0.0,0.0,664.59125,1753.7511,-201.0,1707.6348,1344.2805,-201.0,2973.296,1089.5077,-201.0,0 days 00:02:23.956609943,0 days 00:02:24.056609943
0 days 00:00:00.690000,0 days 00:00:00.790000,answer10,0.50110966,-28.718912,38.098206,-0.044112857,-0.0054195574,0.028611906,7.554131,5.3990273,14.742246,-2.222532,0.0,0.0,0.0,0.0,0.0,0.0,446.23462,1747.0562,-201.0,1375.8524,1457.1312,-201.0,2417.4214,1023.5439,-201.0,0 days 00:02:23.966609943,0 days 00:02:24.066609943
0 days 00:00:00.700000,0 days 00:00:00.800000,answer10,0.49477124,-28.759008,38.0034,-0.04690085,-0.0060813543,0.026581423,6.720909,5.0328517,14.425209,-1.1565324,0.0,0.0,0.0,0.0,0.0,0.0,403.046,1849.9229,-201.0,1378.3217,1456.7455,-201.0,2406.534,1104.3749,-201.0,0 days 00:02:23.976609943,0 days 00:02:24.076609943
0 days 00:00:00.710000,0 days 00:00:00.810000,answer10,0.4917604,-28.746704,38.09232,-0.045342114,-0.006918516,0.024201885,6.072783,4.4832044,13.665168,-0.61001277,0.0,0.0,0.0,0.0,0.0,0.0,656.0512,1827.916,-201.0,1682.4144,1403.9315,-201.0,2827.3828,1142.8617,-201.0,0 days 00:02:23.986609943,0 days 00:02:24.086609943
0 days 00:00:00.720000,0 days 00:00:00.820000,answer10,0.48852775,-28.813545,38.331707,-0.04147086,-0.007569693,0.023426054,5.750009,3.9692087,12.534943,-0.7422128,0.0,0.0,0.0,0.0,0.0,0.0,881.3916,1853.9229,-201.0,1985.2933,1336.482,-201.0,3292.5764,1245.1359,-201.0,0 days 00:02:23.996609943,0 days 00:02:24.096609943
0 days 00:00:00.730000,0 days 00:00:00.830000,answer10,0.4841682,-28.97183,38.712597,-0.03857671,-0.008160114,0.022769637,5.746102,3.5541754,11.157894,-1.3073844,0.0,0.0,0.0,0.0,0.0,0.0,1164.8798,1766.1459,-201.0,2282.0588,1245.918,-201.0,3749.8523,1255.2307,-201.0,0 days 00:02:24.006609943,0 days 00:02:24.106609943
0 days 00:00:00.740000,0 days 00:00:00.840000,answer10,0.47942504,-29.171331,39.123722,-0.03685461,-0.007972057,0.02314187,5.926838,3.3261917,9.621411,-1.991532,0.0,0.0,0.0,0.0,0.0,0.0,905.4353,1775.7882,-201.0,1981.6263,1240.7723,-201.0,3344.0818,1224.0957,-201.0,0 days 00:02:24.016609943,0 days 00:02:24.116609943
0 days 00:00:00.750000,0 days 00:00:00.850000,answer10,0.4747716,-29.37353,39.43974,-0.03625978,-0.007546082,0.022175819,6.086237,3.3121579,7.9561114,-2.6121101,0.0,0.0,0.0,0.0,0.0,0.0,893.81134,1738.5098,-201.0,1985.6705,1282.5167,-201.0,3342.9521,1267.9111,-201.0,0 days 00:02:24.026609943,0 days 00:02:24.126609943
0 days 00:00:00.760000,0 days 00:00:00.860000,answer10,0.46970594,-29.577713,39.656643,-0.035356857,-0.0067931437,0.020871429,6.10231,3.4533412,6.349287,-2.9776638,0.0,0.0,0.0,0.0,0.0,0.0,712.70624,1690.161,-201.0,1844.4696,1403.0009,-201.0,3096.628,1441.4907,-201.0,0 days 00:02:24.036609943,0 days 00:02:24.136609943
0 days 00:00:00.770000,0 days 00:00:00.870000,answer10,0.46437082,-29.775269,39.798016,-0.034502756,-0.0056767426,0.020071134,6.0086465,3.611597,5.332208,-2.9012394,0.0,0.0,0.0,0.0,0.0,0.0,742.6077,1714.517,-201.0,1928.8136,1501.27,-201.0,3219.464,1708.5488,-201.0,0 days 00:02:24.046609943,0 days 00:02:24.146609943
0 days 00:00:00.780000,0 days 00:00:00.880000,answer10,0.4590514,-29.914864,39.81506,-0.03656392,-0.004853911,0.02202408,5.8097653,3.6261313,5.4938197,-2.4249494,0.0,0.0,0.0,0.0,0.0,0.0,542.98096,1635.3292,-201.0,1679.7642,1453.7279,-201.0,2823.588,1663.3667,-201.0,0 days 00:02:24.056609943,0 days 00:02:24.156609943
0 days 00:00:00.790000,0 days 00:00:00.890000,answer10,0.4560697,-29.915787,39.770176,-0.03948633,-0.0051751877,0.024711004,5.606481,3.5331185,7.0052857,-2.071788,0.0,0.0,0.0,0.0,0.0,0.0,490.81763,1582.5156,-201.0,1566.205,1344.5029,-201.0,2651.55,1421.475,-201.0,0 days 00:02:24.066609943,0 days 00:02:24.166609943
0 days 00:00:00.800000,0 days 00:00:00.900000,answer10,0.4561182,-29.766836,39.620773,-0.04273377,-0.006434662,0.026090315,5.38369,3.3346899,9.228441,-2.520926,0.0,0.0,0.0,0.0,0.0,0.0,451.19458,1645.2334,-201.0,1450.5337,1328.3466,-201.0,2494.8782,1117.7325,-201.0,0 days 00:02:24.076609943,0 days 00:02:24.176609943
0 days 00:00:00.810000,0 days 00:00:00.910000,answer10,0.45912707,-29.552061,39.51016,-0.04327266,-0.0077528763,0.024624655,5.2172976,3.1655447,11.150257,-4.069097,0.0,0.0,0.0,0.0,0.0,0.0,429.8466,1878.1586,-201.0,1389.8112,1499.1187,-201.0,2433.7983,1135.5616,-201.0,0 days 00:02:24.086609943,0 days 00:02:24.186609943
0 days 00:00:00.820000,0 days 00:00:00.920000,answer10,0.46328816,-29.38363,39.34165,-0.040202793,-0.008371244,0.023438549,5.0656095,3.03564,11.925508,-6.202274,0.0,0.0,0.0,0.0,0.0,0.0,422.90848,1917.2106,-201.0,1369.1669,1535.1783,-201.0,2412.7444,1104.037,-201.0,0 days 00:02:24.096609943,0 days 00:02:24.196609943
0 days 00:00:00.830000,0 days 00:00:00.930000,answer10,0.46774092,-29.300491,39.218616,-0.037733432,-0.008357542,0.021297969,5.058113,3.0373936,11.53461,-7.883103,0.0,0.0,0.0,0.0,0.0,0.0,427.18494,1764.2979,-201.0,1410.1608,1396.3995,-201.0,2438.659,1077.6979,-201.0,0 days 00:02:24.106609943,0 days 00:02:24.206609943
0 days 00:00:00.840000,0 days 00:00:00.940000,answer10,0.47236085,-29.251099,39.16482,-0.035560247,-0.007452047,0.021109948,5.3106027,3.2021425,10.733833,-8.358472,0.0,0.0,0.0,0.0,0.0,0.0,322.49875,1803.3232,-201.0,1380.4198,1289.1451,-201.0,2433.0217,966.44855,-201.0,0 days 00:02:24.116609943,0 days 00:02:24.216609943
0 days 00:00:00.850000,0 days 00:00:00.950000,answer10,0.47720227,-29.171152,39.20736,-0.03465314,-0.006257552,0.019477263,5.666014,3.3301995,10.193549,-7.8421855,0.0,0.0,0.0,0.0,0.0,0.0,333.56985,1937.1571,-201.0,1372.8203,1432.3419,-201.0,2428.1196,1105.8295,-201.0,0 days 00:02:24.126609943,0 days 00:02:24.226609943
0 days 00:00:00.860000,0 days 00:00:00.960000,answer10,0.48112032,-29.070412,39.40662,-0.032761265,-0.0055630724,0.01932335,5.8308296,3.3750079,10.259639,-6.8501983,0.0,0.0,0.0,0.0,0.0,0.0,350.19205,2164.511,-201.0,1319.2372,1687.9521,-201.0,2372.7244,1237.6012,-201.0,0 days 00:02:24.136609943,0 days 00:02:24.236609943
0 days 00:00:00.870000,0 days 00:00:00.970000,answer10,0.48327208,-29.006882,39.673603,-0.03155832,-0.0058574695,0.020030653,5.680357,3.3371112,10.549874,-5.8667316,0.0,0.0,0.0,0.0,0.0,0.0,479.51828,2062.615,-201.0,1387.6046,1779.6083,-201.0,2420.3848,1347.2267,-201.0,0 days 00:02:24.146609943,0 days 00:02:24.246609943
0 days 00:00:00.880000,0 days 00:00:00.980000,answer10,0.4830767,-29.028505,40.161564,-0.031808384,-0.006597824,0.021177439,5.414166,3.2841218,10.6168165,-5.024835,0.0,0.0,0.0,0.0,0.0,0.0,480.2723,1985.316,-201.0,1405.1263,1722.1124,-201.0,2419.0981,1309.0183,-201.0,0 days 00:02:24.156609943,0 days 00:02:24.256609943
0 days 00:00:00.890000,0 days 00:00:00.990000,answer10,0.48196793,-29.098455,40.643246,-0.032407533,-0.007402928,0.02276679,5.2969766,3.1157382,10.220806,-4.482765,0.0,0.0,0.0,0.0,0.0,0.0,502.47485,1884.9674,-201.0,1523.5638,1677.2471,-201.0,2542.2761,1329.9526,-201.0,0 days 00:02:24.166609943,0 days 00:02:24.266609943
0 days 00:00:00.900000,0 days 00:00:01,answer10,0.48095477,-29.157486,41.00771,-0.032812413,-0.0078115226,0.022995763,5.2918687,2.9247391,9.76318,-4.2560635,0.0,0.0,0.0,0.0,0.0,0.0,524.8676,1797.8951,-201.0,1587.0465,1656.5619,-201.0,2607.5388,1310.6959,-201.0,0 days 00:02:24.176609943,0 days 00:02:24.276609943
0 days 00:00:00.900000,0 days 00:00:01.000997732,answer10,0.48073372,-29.17869,41.118855,-0.03311538,-0.008055928,0.023664167,5.350123,2.7895558,9.503291,-4.184501,0.0,0.0,0.0,0.0,0.0,0.0,547.6438,1790.2008,-201.0,1655.297,1679.4125,-201.0,2696.1458,1342.3594,-201.0,0 days 00:02:24.176609943,0 days 00:02:24.277607675
