start,end,label,Loudness_sma3,alphaRatio_sma3,hammarbergIndex_sma3,slope0-500_sma3,slope500-1500_sma3,spectralFlux_sma3,mfcc1_sma3,mfcc2_sma3,mfcc3_sma3,mfcc4_sma3,F0semitoneFrom27.5Hz_sma3nz,jitterLocal_sma3nz,shimmerLocaldB_sma3nz,HNRdBACF_sma3nz,logRelF0-H1-H2_sma3nz,logRelF0-H1-A3_sma3nz,F1frequency_sma3nz,F1bandwidth_sma3nz,F1amplitudeLogRelF0_sma3nz,F2frequency_sma3nz,F2bandwidth_sma3nz,F2amplitudeLogRelF0_sma3nz,F3frequency_sma3nz,F3bandwidth_sma3nz,F3amplitudeLogRelF0_sma3nz,original_start,original_end
0 days 00:00:00,0 days 00:00:00.100000,answer1ges,5.6866307,-2.5159142,20.28348,0.035885833,-0.004670867,0.41746125,31.960337,-23.0923,-12.711212,-16.813272,43.18826,0.0,0.0,5.4407043,-2.9287598,12.6366625,811.3987,1367.3099,3.0397003,1648.8658,1024.673,2.7367709,2682.4211,782.1206,-10.838162,0 days 00:00:03.603603604,0 days 00:00:03.703603604
0 days 00:00:00.010000,0 days 00:00:00.110000,answer1ges,5.1495967,-4.294103,21.949625,0.035158988,-0.006198334,0.78413504,32.325607,-19.447111,-13.780975,-14.680287,39.221245,0.0,0.4260174,7.6888328,-6.6156025,11.722112,803.90607,1357.8799,1.186542,1657.5176,1001.0923,-1.3896533,2712.3733,814.0087,-15.099408,0 days 00:00:03.613603604,0 days 00:00:03.713603604
0 days 00:00:00.020000,0 days 00:00:00.120000,answer1ges,4.3864455,-6.5426164,24.138853,0.032957885,-0.008903831,1.1002581,32.2939,-14.130212,-15.476621,-11.803649,35.317715,0.0018325443,0.46720102,9.79566,-9.871371,9.526068,643.5289,1525.204,-1.6136014,1464.2021,1161.8257,-5.7515564,2449.4458,865.1995,-18.3837,0 days 00:00:03.623603604,0 days 00:00:03.723603604
0 days 00:00:00.030000,0 days 00:00:00.130000,answer1ges,3.712036,-7.856398,25.596985,0.03153918,-0.011036352,0.9734182,31.111517,-9.560928,-17.198477,-9.213762,35.34872,0.0018888892,0.4881158,8.967246,-8.679376,14.670545,666.60626,1747.0631,0.0,1385.8903,1607.4125,-9.473138,2261.8516,1015.43994,-24.377573,0 days 00:00:03.633603604,0 days 00:00:03.733603604
0 days 00:00:00.040000,0 days 00:00:00.140000,answer1ges,3.1549022,-7.9667563,25.63828,0.02691128,-0.01177637,0.85567695,28.710604,-6.6093745,-18.181932,-6.748569,35.352295,0.003884931,0.73476815,8.395965,-7.6574655,15.937659,682.49146,1742.6127,-5.4140854,1412.6417,1641.1094,-12.975342,2235.2852,969.68207,-26.525759,0 days 00:00:03.643603604,0 days 00:00:03.743603604
0 days 00:00:00.050000,0 days 00:00:00.150000,answer1ges,2.714235,-6.9141173,24.391108,0.0210741,-0.0105692595,0.73834914,25.397257,-5.4020753,-18.09224,-4.0958242,35.271923,0.004530442,0.6684167,8.002325,-9.76255,17.928444,841.1255,1576.2977,-3.80525,1628.2563,1505.9471,-15.906242,2483.488,921.27826,-31.402636,0 days 00:00:03.653603604,0 days 00:00:03.753603604
0 days 00:00:00.060000,0 days 00:00:00.160000,answer1ges,2.3817635,-5.0579696,22.163347,0.016576104,-0.008773064,0.58402497,21.481314,-5.352904,-16.84827,-1.4915198,35.233627,0.0060898177,1.0165657,7.597849,-10.636824,11.964036,696.2968,1475.555,-5.290682,1585.4584,1342.2291,-12.342975,2433.0708,1034.3143,-25.629921,0 days 00:00:03.663603604,0 days 00:00:03.763603604
0 days 00:00:00.070000,0 days 00:00:00.170000,answer1ges,2.143486,-2.984294,19.191544,0.016489414,-0.007433059,0.42278162,17.412628,-5.7574363,-14.907025,0.68465346,35.189068,0.0048884656,1.0592202,6.6860924,-8.311654,11.080096,564.565,1483.6691,-4.5976777,1443.0844,1437.7379,-7.180139,2228.204,1216.1274,-21.586065,0 days 00:00:03.673603604,0 days 00:00:03.773603604
0 days 00:00:00.080000,0 days 00:00:00.180000,answer1ges,1.9860907,-1.4576101,16.254972,0.020403994,-0.0063196872,0.27899638,13.660176,-6.172943,-12.970176,1.9195446,35.14555,0.003976885,1.4699373,4.737556,-2.209555,10.762057,488.2766,1630.9521,-4.789473,1384.6699,1558.8749,-0.339532,2154.1672,1307.6718,-14.446078,0 days 00:00:03.683603604,0 days 00:00:03.783603604
0 days 00:00:00.090000,0 days 00:00:00.190000,answer1ges,1.8923216,-0.95150954,14.087943,0.021150189,-0.0055922307,0.18728302,10.888874,-6.2616496,-11.422477,2.2199657,35.101517,0.0024619596,1.2941056,1.986312,0.5387446,11.70976,499.37195,1563.7496,0.041506212,1457.4434,1382.5143,3.7153769,2369.7473,1104.1007,-10.562803,0 days 00:00:03.693603604,0 days 00:00:03.793603604
0 days 00:00:00.100000,0 days 00:00:00.200000,answer1ges,1.8456969,-1.4772,13.099105,0.021229332,-0.005093411,0.14688276,9.799319,-5.3728123,-9.689773,2.2697916,35.077366,0.002923589,1.30374,-0.5916042,-1.5067321,6.494243,504.5153,1495.202,2.2445858,1480.795,1326.2257,10.58603,2424.209,1086.3345,-3.1442063,0 days 00:00:03.703603604,0 days 00:00:03.803603604
0 days 00:00:00.110000,0 days 00:00:00.210000,answer1ges,1.8279904,-2.9045858,12.828236,0.020446606,-0.006245047,0.15793872,10.631062,-3.134065,-7.085548,2.8475437,35.067482,0.0038375393,1.1642774,-1.9170089,-3.9182744,2.770852,466.39694,1288.4698,-64.36776,1444.0651,1249.617,-57.619583,2354.2263,1215.7983,-66.215,0 days 00:00:03.713603604,0 days 00:00:03.813603604
0 days 00:00:00.120000,0 days 00:00:00.220000,answer1ges,1.8299397,-5.2701507,13.779045,0.026511183,-0.008697494,0.21322443,13.12592,0.23870786,-3.6535256,3.9788888,0.0,0.0,0.0,0.0,0.0,0.0,482.74765,1282.8491,-132.4316,1473.736,1203.9457,-127.93734,2367.3142,1173.5963,-131.85501,0 days 00:00:03.723603604,0 days 00:00:03.823603604
0 days 00:00:00.130000,0 days 00:00:00.230000,answer1ges,1.851628,-8.185058,15.865746,0.03351635,-0.011644635,0.28836146,16.529694,3.5400326,-0.6193368,5.082809,0.0,0.0,0.0,0.0,0.0,0.0,488.71753,1272.0111,-201.0,1505.111,1127.3695,-201.0,2447.7908,1006.8501,-201.0,0 days 00:00:03.733603604,0 days 00:00:03.833603604
0 days 00:00:00.140000,0 days 00:00:00.240000,answer1ges,1.8968962,-10.80836,18.819876,0.04347981,-0.013746445,0.34506813,20.20732,5.663145,0.93990415,5.949572,0.0,0.0,0.0,0.0,0.0,0.0,774.825,1303.4468,-201.0,1811.3495,1100.3702,-201.0,3016.7693,910.8011,-201.0,0 days 00:00:03.743603604,0 days 00:00:03.843603604
0 days 00:00:00.150000,0 days 00:00:00.250000,answer1ges,1.959788,-12.361942,22.138186,0.0496117,-0.014673423,0.35306978,23.647125,6.3022933,0.77754235,6.6056886,0.0,0.0,0.0,0.0,0.0,0.0,897.8973,1784.959,-133.5371,1772.8951,1143.1078,-134.8805,3046.8464,1067.4939,-136.30736,0 days 00:00:03.753603604,0 days 00:00:03.853603604
0 days 00:00:00.160000,0 days 00:00:00.260000,answer1ges,2.0255105,-12.903488,25.835365,0.05349027,-0.014750143,0.33446607,26.260664,6.115967,-0.37787023,6.7843666,15.954601,0.0,0.0,-7.737891,-201.0,-191.53445,1022.57,1861.5419,-66.015144,1850.8134,1127.0928,-67.584015,3128.835,1015.9201,-72.64369,0 days 00:00:03.763603604,0 days 00:00:03.863603604
0 days 00:00:00.170000,0 days 00:00:00.270000,answer1ges,2.0818174,-12.944253,29.022566,0.052809495,-0.014669762,0.32557023,27.364313,5.8974376,-1.5245863,6.142223,17.276075,0.0,0.0,-6.2915187,-135.67293,-118.47235,853.313,1846.3492,2.999843,1634.8896,1000.3542,2.39736,2742.9482,809.04736,-9.635444,0 days 00:00:03.773603604,0 days 00:00:03.873603604
0 days 00:00:00.180000,0 days 00:00:00.280000,answer1ges,2.1285856,-12.82179,29.898264,0.051853213,-0.014889304,0.33136088,26.683647,5.958303,-2.0678923,4.850374,22.454172,0.0,0.0,-4.0003996,-66.868095,-42.098885,818.6297,1331.1288,-1.5326295,1697.924,854.0313,1.2389148,2749.3025,595.5301,-16.613846,0 days 00:00:03.783603604,0 days 00:00:03.883603604
0 days 00:00:00.190000,0 days 00:00:00.290000,answer1ges,2.1707344,-12.602412,28.473017,0.04990171,-0.01575519,0.327754,24.72103,6.2427654,-1.9727222,3.5616062,27.396395,0.0,0.0,-0.073481,1.5031829,32.755264,788.2727,1372.9406,-2.8305633,1674.9608,818.31055,-1.6264936,2756.0986,599.3055,-21.481918,0 days 00:00:03.793603604,0 days 00:00:03.893603604
0 days 00:00:00.200000,0 days 00:00:00.300000,answer1ges,2.2058432,-12.333842,25.803772,0.04981337,-0.016079482,0.3306084,22.368048,6.693922,-1.3922386,2.8760364,30.991753,0.0,0.0,2.818658,4.65806,34.480328,796.6833,1399.3193,-7.32035,1695.9922,840.60284,-5.8218956,2767.444,615.308,-24.638443,0 days 00:00:03.803603604,0 days 00:00:03.903603604
0 days 00:00:00.210000,0 days 00:00:00.310000,answer1ges,2.2197487,-12.238342,23.46235,0.04863144,-0.016004981,0.34675202,20.330118,7.448706,-0.34022713,3.0015318,30.733215,0.0,0.0,4.8466206,4.661273,27.633347,601.7769,1683.8053,-4.876168,1475.1488,1185.4429,-6.1182365,2480.151,763.38446,-16.826616,0 days 00:00:03.813603604,0 days 00:00:03.913603604
0 days 00:00:00.220000,0 days 00:00:00.320000,answer1ges,2.1954458,-12.597115,21.922537,0.047354594,-0.015238023,0.36009964,18.931553,8.765069,1.3342334,3.8387315,30.629457,0.03290938,1.8281513,4.8783107,5.5931115,23.76087,625.6163,1605.6696,0.0,1515.92,1170.941,-6.2911873,2495.8416,750.48444,-13.374034,0 days 00:00:03.823603604,0 days 00:00:03.923603604
0 days 00:00:00.230000,0 days 00:00:00.330000,answer1ges,2.123334,-13.525548,21.75905,0.045323778,-0.014928907,0.33440566,18.266375,10.836965,3.6885364,5.248792,30.587563,0.026402066,1.7472315,0.21174018,6.7372932,18.650316,621.4033,1613.6722,-9.067322,1511.735,1130.6073,-7.4962525,2496.388,753.1159,-10.711614,0 days 00:00:03.833603604,0 days 00:00:03.933603604
0 days 00:00:00.240000,0 days 00:00:00.340000,answer1ges,2.0155146,-14.842999,22.463045,0.042441327,-0.014177802,0.30202094,18.24111,13.413289,6.4847283,6.9856095,30.576366,0.014041709,2.0227995,-2.8066325,7.393875,20.224678,823.4401,1340.5641,-73.04488,1755.6627,775.361,-72.16097,2798.4128,616.8145,-76.23768,0 days 00:00:03.843603604,0 days 00:00:03.943603604
0 days 00:00:00.250000,0 days 00:00:00.350000,answer1ges,1.9806104,-15.351337,23.338274,0.040982425,-0.0126397265,0.31865487,17.874496,14.309264,10.570078,8.146439,0.0,0.0,0.0,0.0,0.0,0.0,660.44916,1460.1041,-137.317,1576.2535,1020.51025,-136.41908,2521.5813,754.1066,-138.48586,0 days 00:00:03.853603604,0 days 00:00:03.953603604
0 days 00:00:00.260000,0 days 00:00:00.360000,answer1ges,2.1872833,-13.783189,22.368376,0.039027333,-0.008635222,0.38140735,16.15903,11.672325,15.393616,8.694245,0.0,0.0,0.0,0.0,0.0,0.0,670.55347,1791.3046,-201.0,1537.7529,1161.7037,-201.0,2496.7668,885.28906,-201.0,0 days 00:00:03.863603604,0 days 00:00:03.963603604
0 days 00:00:00.270000,0 days 00:00:00.370000,answer1ges,2.7691174,-10.130429,19.423323,0.039139424,-0.003084238,0.49631715,12.807312,6.0768714,19.257439,8.276217,0.0,0.0,0.0,0.0,0.0,0.0,701.0369,1779.976,-201.0,1551.3228,1199.0519,-201.0,2495.2722,899.67676,-201.0,0 days 00:00:03.873603604,0 days 00:00:03.973603604
0 days 00:00:00.280000,0 days 00:00:00.380000,answer1ges,3.6340406,-5.942941,14.898059,0.039666314,0.0017559066,0.5946583,9.0946245,0.26226345,20.279802,7.0269203,0.0,0.0,0.0,0.0,0.0,0.0,904.76984,1704.2988,-201.0,1742.1969,1013.77,-201.0,2761.2332,797.2674,-201.0,0 days 00:00:03.883603604,0 days 00:00:03.983603604
0 days 00:00:00.290000,0 days 00:00:00.390000,answer1ges,4.529321,-2.8286564,11.133621,0.041732892,0.0037136944,0.6500039,6.2695622,-3.6339476,18.856003,4.754896,0.0,0.0,0.0,0.0,0.0,0.0,980.0728,1124.4015,-201.0,1875.3317,928.65967,-201.0,2847.7751,844.6543,-201.0,0 days 00:00:03.893603604,0 days 00:00:03.993603604
0 days 00:00:00.300000,0 days 00:00:00.400000,answer1ges,5.174856,-1.1888248,9.023313,0.04448381,0.0029256549,0.61781985,4.937692,-5.591673,17.051493,1.9926662,0.0,0.0,0.0,0.0,0.0,0.0,1026.4824,956.5945,-201.0,1947.3138,957.9617,-201.0,2857.6023,916.5581,-201.0,0 days 00:00:03.903603604,0 days 00:00:04.003603604
0 days 00:00:00.310000,0 days 00:00:00.410000,answer1ges,5.4245095,-0.8322799,8.2493925,0.045530975,0.0006871117,0.5935029,5.000292,-5.964735,15.982802,-0.63129604,0.0,0.0,0.0,0.0,0.0,0.0,1094.2651,871.05304,-136.57112,2061.824,995.67584,-134.42213,2913.5088,877.42285,-135.93025,0 days 00:00:03.913603604,0 days 00:00:04.013603604
0 days 00:00:00.320000,0 days 00:00:00.420000,answer1ges,5.280723,-1.6704931,8.054796,0.045640558,-0.0024065098,0.63635826,6.451954,-4.9379835,15.69262,-3.474261,31.682861,0.0,0.0,-5.9322653,14.762792,13.600681,1132.5117,1023.45233,-71.565414,2101.9932,1014.5745,-67.36047,2886.1902,666.8548,-70.090904,0 days 00:00:03.923603604,0 days 00:00:04.023603604
0 days 00:00:00.330000,0 days 00:00:00.430000,answer1ges,4.890168,-3.615371,8.64166,0.04434496,-0.006633813,0.7412769,9.255463,-2.979017,15.68834,-7.246363,31.940605,0.0,0.0,-4.5598817,15.399994,11.894908,1150.6757,1161.9362,-7.2823243,2103.677,1035.5785,-0.53486824,2892.8,623.7904,-3.265295,0 days 00:00:03.933603604,0 days 00:00:04.033603604
0 days 00:00:00.340000,0 days 00:00:00.440000,answer1ges,4.4938364,-6.2332587,10.047281,0.0418456,-0.010922675,0.8574505,12.950103,-1.1000104,15.293587,-11.880531,32.393635,0.0,3.2858543,-2.6155245,13.371639,11.355167,1057.2026,1256.701,-9.05877,1998.0948,965.833,-5.046971,2809.0828,705.9185,-4.1151896,0 days 00:00:03.943603604,0 days 00:00:04.043603604
0 days 00:00:00.350000,0 days 00:00:00.450000,answer1ges,4.2704387,-8.827393,12.043094,0.0385367,-0.015234967,0.94387764,16.724777,-0.08951437,14.238868,-16.731337,32.92499,0.049860563,4.055109,0.7790019,9.777234,12.968225,930.0293,1387.5938,-12.0051775,1917.664,930.3934,-10.811303,2771.0027,782.2144,-7.671062,0 days 00:00:03.953603604,0 days 00:00:04.053603604
0 days 00:00:00.360000,0 days 00:00:00.460000,answer1ges,4.25304,-10.7659645,14.460593,0.040732205,-0.01824372,0.99804956,19.877682,-0.23353402,12.936477,-20.94542,33.316933,0.03384762,4.22988,2.943484,4.6307864,16.085678,809.648,1427.7777,-14.230053,1876.9889,835.95013,-16.138945,2736.4622,857.8671,-12.720887,0 days 00:00:03.963603604,0 days 00:00:04.063603604
0 days 00:00:00.370000,0 days 00:00:00.470000,answer1ges,4.352696,-11.849584,16.9972,0.046375383,-0.019476408,1.025735,22.215948,-1.15234,12.281502,-24.189638,33.65556,0.03342588,2.7551165,4.7194514,1.7829307,18.657066,761.3692,1442.0938,-9.155362,1919.4818,816.47577,-15.503041,2773.5774,1008.1132,-16.2564,0 days 00:00:03.973603604,0 days 00:00:04.073603604
0 days 00:00:00.380000,0 days 00:00:00.480000,answer1ges,4.488799,-12.259308,19.273216,0.0500832,-0.019585757,1.0672126,23.944517,-2.5697076,12.939995,-26.046038,34.054214,0.026474407,1.7016917,6.169618,-0.18777053,19.508623,599.1147,1582.014,-6.3219767,1622.3636,1048.0952,-13.699501,2542.5752,1038.2723,-17.34792,0 days 00:00:03.983603604,0 days 00:00:04.083603604
0 days 00:00:00.390000,0 days 00:00:00.490000,answer1ges,4.6359477,-12.30687,20.581589,0.05057761,-0.019371735,1.1490033,25.233946,-4.440159,14.826909,-26.46398,34.465958,0.030141907,1.2088406,7.577169,-1.69487,20.044258,597.54614,1595.9663,0.0,1684.2211,1068.4658,-14.263095,2534.1833,1207.914,-18.18933,0 days 00:00:03.993603604,0 days 00:00:04.093603604
0 days 00:00:00.400000,0 days 00:00:00.500000,answer1ges,4.8054137,-12.2425,20.97914,0.05114009,-0.019499093,1.2475785,26.134409,-6.661381,17.214972,-25.884119,34.846462,0.02671116,0.8971383,8.451104,-3.2710927,18.494356,597.01434,1525.6498,3.6975777,1672.5859,1077.4602,-16.279356,2493.0222,1065.9844,-17.98839,0 days 00:00:04.003603604,0 days 00:00:04.103603604
0 days 00:00:00.410000,0 days 00:00:00.510000,answer1ges,5.010073,-12.148598,21.142653,0.05212958,-0.019594021,1.3103008,26.602644,-8.911046,19.24588,-25.16378,35.204647,0.020741062,0.42288736,8.69806,-4.5643497,17.124008,691.6489,1339.4174,2.7193196,1970.9668,796.2386,-20.084242,2707.2185,1105.3942,-18.969038,0 days 00:00:04.013603604,0 days 00:00:04.113603604
0 days 00:00:00.420000,0 days 00:00:00.520000,answer1ges,5.239729,-12.003807,21.110315,0.053116683,-0.019428993,1.3288431,26.568747,-10.762547,20.15979,-24.774086,35.527885,0.019426014,0.48062143,8.696757,-4.1385283,17.127148,728.42505,1385.1338,-6.494578,1941.3102,809.691,-21.245495,2764.7185,824.68256,-20.576586,0 days 00:00:04.023603604,0 days 00:00:04.123603604
0 days 00:00:00.430000,0 days 00:00:00.530000,answer1ges,5.453034,-11.843102,20.991497,0.05579142,-0.018874878,1.3336827,25.928406,-11.809608,19.344532,-24.522131,35.86271,0.008764994,0.5252804,8.695503,-1.1663207,19.07361,771.64606,1443.2324,-14.869269,1962.4557,819.53876,-21.410574,2821.5354,761.38055,-22.429008,0 days 00:00:04.033603604,0 days 00:00:04.133603604
0 days 00:00:00.440000,0 days 00:00:00.540000,answer1ges,5.5991325,-11.793682,21.137047,0.056976955,-0.017692,1.3576579,24.699753,-11.843343,16.701944,-24.059067,36.161976,0.009585384,0.27548537,9.195192,1.8533,19.171644,838.67255,1420.2289,-17.106398,1971.5839,854.70074,-19.810781,2837.338,682.6954,-21.744547,0 days 00:00:04.043603604,0 days 00:00:04.143603604
0 days 00:00:00.450000,0 days 00:00:00.550000,answer1ges,5.652083,-11.957541,21.732979,0.05613786,-0.016196156,1.3770033,23.057959,-10.727258,12.880001,-23.180807,36.43353,0.00912264,0.34061125,9.738255,3.0821307,17.603292,690.56,1580.6786,-10.525204,1690.0143,1155.021,-18.653275,2605.8206,838.2952,-20.109077,0 days 00:00:04.053603604,0 days 00:00:04.153603604
0 days 00:00:00.460000,0 days 00:00:00.560000,answer1ges,5.6265144,-12.287793,22.740883,0.050921753,-0.014751517,1.323369,21.249834,-8.719535,9.137359,-22.00428,36.681217,0.010842382,0.3910289,10.364204,1.169978,14.495819,658.62476,1584.8702,-4.335352,1699.7621,1285.0532,-18.252096,2500.8164,992.7871,-18.22043,0 days 00:00:04.063603604,0 days 00:00:04.163603604
0 days 00:00:00.470000,0 days 00:00:00.570000,answer1ges,5.567245,-12.622838,22.864798,0.04864892,-0.0134858275,1.1586577,19.434341,-6.3881607,6.4971714,-20.793974,36.898766,0.008939109,0.44173607,10.956959,-1.7411233,14.029961,654.8552,1590.9121,-3.4456673,1707.3539,1384.5245,-19.724028,2458.9634,1042.8896,-19.775988,0 days 00:00:04.073603604,0 days 00:00:04.173603604
0 days 00:00:00.480000,0 days 00:00:00.580000,answer1ges,5.519713,-12.836548,22.274628,0.04389515,-0.012297259,0.957509,17.741545,-4.338747,5.234289,-19.92128,37.085262,0.0077868165,0.4450867,11.512111,-4.8074927,13.046004,782.8316,1367.7438,-3.3208005,1868.0126,1184.8351,-21.487213,2554.511,955.19794,-21.174297,0 days 00:00:04.083603604,0 days 00:00:04.183603604
0 days 00:00:00.490000,0 days 00:00:00.590000,answer1ges,5.519221,-12.940895,21.106169,0.039403368,-0.011119124,0.7982969,16.437347,-2.8781102,4.8685794,-19.906408,37.202682,0.007077042,0.4314897,12.109933,-7.6555667,11.440857,797.0047,1259.2865,-3.107875,1877.3883,1055.4994,-22.682283,2599.1077,894.7065,-22.2043,0 days 00:00:04.093603604,0 days 00:00:04.193603604
0 days 00:00:00.500000,0 days 00:00:00.600000,answer1ges,5.5859146,-13.024171,20.413773,0.037310228,-0.009746705,0.783833,15.833603,-2.0245056,4.744019,-20.901697,37.25519,0.006108159,0.7087291,12.52496,-9.894895,8.247354,799.6126,1241.8129,-3.1579647,1922.0323,1047.4424,-22.268478,2562.2551,947.3313,-21.300213,0 days 00:00:04.103603604,0 days 00:00:04.203603604
0 days 00:00:00.510000,0 days 00:00:00.610000,answer1ges,5.711457,-13.146534,20.06219,0.036161333,-0.008600235,0.85712385,15.96094,-1.7005104,4.4820685,-22.539267,37.29002,0.0048614866,0.8142805,12.736552,-10.855502,6.047134,808.6529,1184.0604,-3.369627,2035.6134,966.30927,-23.912024,2649.3425,911.7524,-20.272263,0 days 00:00:04.113603604,0 days 00:00:04.213603604
0 days 00:00:00.520000,0 days 00:00:00.620000,answer1ges,5.8596816,-13.2984705,20.467611,0.03753441,-0.0077259126,0.97774166,16.59159,-1.6814798,4.133508,-24.212011,37.322197,0.002687364,0.894931,12.803261,-10.008822,5.9179206,809.15375,1250.438,-3.4741077,1924.3976,1102.7535,-26.166292,2581.571,929.4111,-19.40085,0 days 00:00:04.123603604,0 days 00:00:04.223603604
0 days 00:00:00.530000,0 days 00:00:00.630000,answer1ges,5.980364,-13.438019,21.589798,0.037194137,-0.0069222916,1.0605565,17.373566,-1.6591125,3.9264212,-25.430962,37.369526,0.0023406052,0.59567595,12.790837,-8.022254,7.5815697,809.4831,1221.697,-3.2607307,1864.0508,1027.2201,-27.184168,2642.3518,801.65405,-18.864553,0 days 00:00:04.133603604,0 days 00:00:04.233603604
0 days 00:00:00.540000,0 days 00:00:00.640000,answer1ges,6.045157,-13.523831,22.203802,0.03833643,-0.0060334466,1.1132746,18.09918,-1.5045928,3.9796298,-26.23945,37.44153,0.0027097694,0.50130504,12.757989,-5.9371257,10.292127,798.664,1196.5054,-2.7860363,1855.0566,962.145,-25.674547,2650.24,847.10516,-19.01529,0 days 00:00:04.143603604,0 days 00:00:04.243603604
0 days 00:00:00.550000,0 days 00:00:00.650000,answer1ges,6.0543895,-13.538329,21.956718,0.037401002,-0.00516076,1.1612412,18.662718,-1.4584394,4.3247213,-26.77201,37.54067,0.00274239,0.44750798,12.73513,-4.1109986,13.213199,796.76886,1105.4498,-2.4905841,1918.3234,774.79565,-23.183289,2735.661,750.1587,-19.814781,0 days 00:00:04.153603604,0 days 00:00:04.253603604
0 days 00:00:00.560000,0 days 00:00:00.660000,answer1ges,6.031901,-13.505982,21.092897,0.0372643,-0.004627704,1.2183975,19.069613,-1.8647642,4.773203,-27.27683,37.643494,0.0020621007,0.47528145,12.689498,-2.57006,15.893776,788.7785,1071.9868,-2.546131,1923.2418,686.4129,-21.327047,2764.2344,803.65314,-21.009966,0 days 00:00:04.163603604,0 days 00:00:04.263603604
0 days 00:00:00.570000,0 days 00:00:00.670000,answer1ges,6.0054,-13.461743,20.38682,0.03720275,-0.004727663,1.2612406,19.40937,-2.780325,5.101109,-27.862143,37.750874,0.0024456147,0.44773135,12.770439,-1.6702151,15.97242,786.73267,1057.4448,-2.8189452,1927.2347,629.4477,-19.278683,2805.2742,814.44794,-20.46158,0 days 00:00:04.173603604,0 days 00:00:04.273603604
0 days 00:00:00.580000,0 days 00:00:00.680000,answer1ges,6.0012608,-13.390526,19.650715,0.03745239,-0.0055490118,1.24737,19.730585,-4.036211,5.126928,-28.621424,37.847668,0.0023716434,0.29490152,12.915325,-1.6855025,16.455061,775.98706,1076.8293,-2.8993092,1936.5594,608.77374,-17.994814,2831.0928,864.3791,-21.039871,0 days 00:00:04.183603604,0 days 00:00:04.283603604
0 days 00:00:00.590000,0 days 00:00:00.690000,answer1ges,6.0381103,-13.217006,18.592672,0.034107562,-0.0076682866,1.1834748,20.018099,-5.4170814,5.0453324,-29.505247,37.94722,0.002644537,0.36638844,13.058003,-2.3474128,16.077284,768.90594,1097.5634,-2.551604,1945.6006,606.3594,-17.368082,2837.6262,893.48804,-20.976301,0 days 00:00:04.193603604,0 days 00:00:04.293603604
0 days 00:00:00.600000,0 days 00:00:00.700000,answer1ges,6.128515,-12.88684,18.039625,0.034451783,-0.009705859,1.1038802,20.228233,-6.9041367,5.1786714,-30.483355,38.041836,0.002279864,0.3345004,13.131275,-2.7534173,15.568461,767.06415,1092.4542,-1.9455353,1929.8846,612.08057,-16.75149,2797.4668,824.02094,-20.267414,0 days 00:00:04.203603604,0 days 00:00:04.303603604
0 days 00:00:00.610000,0 days 00:00:00.710000,answer1ges,6.2677174,-12.459579,18.254675,0.03229776,-0.010885556,1.0618376,20.455496,-8.300445,5.8350444,-31.241552,38.12321,0.0022063435,0.30897614,13.172811,-2.4176176,13.66303,769.4244,1113.2623,-1.354088,1940.1019,617.7468,-15.780971,2790.0398,855.1622,-17.434736,0 days 00:00:04.213603604,0 days 00:00:04.313603604
0 days 00:00:00.620000,0 days 00:00:00.720000,answer1ges,6.4343686,-12.065491,18.463139,0.034658387,-0.010313469,1.0397707,20.72048,-9.483519,6.6909404,-31.754232,38.186687,0.0026715358,0.19701882,13.264241,-1.6112884,12.1160555,775.82666,1109.5426,-1.0874399,1929.5729,647.47577,-14.814784,2745.3694,813.41473,-14.814784,0 days 00:00:04.223603604,0 days 00:00:04.323603604
0 days 00:00:00.630000,0 days 00:00:00.730000,answer1ges,6.601938,-11.786549,18.028944,0.031593602,-0.008859535,0.9798483,20.996264,-10.281072,7.2923007,-31.771368,38.24329,0.0030829862,0.20416148,13.38073,-1.0127497,12.38599,787.70483,1126.5675,-1.1928097,1931.8766,705.95166,-14.59155,2730.5476,819.5013,-14.59155,0 days 00:00:04.233603604,0 days 00:00:04.333603604
0 days 00:00:00.640000,0 days 00:00:00.740000,answer1ges,6.753556,-11.594359,16.968435,0.031391513,-0.0066856747,0.8513642,21.107193,-10.954723,7.032615,-31.326765,38.305786,0.0028337704,0.2759995,13.510318,-0.84929943,12.675087,799.2161,1116.8164,-1.4617252,1920.9921,763.8916,-14.986111,2692.76,774.5962,-14.986111,0 days 00:00:04.243603604,0 days 00:00:04.343603604
0 days 00:00:00.650000,0 days 00:00:00.750000,answer1ges,6.8948803,-11.379386,16.10328,0.027527556,-0.0043465174,0.69176465,20.962751,-11.675256,5.6980114,-30.255495,38.36832,0.0018158318,0.29052863,13.466281,-0.8309348,12.595151,809.8147,1151.0797,-1.7115045,1923.2666,827.17236,-15.137591,2696.1594,771.3465,-15.137591,0 days 00:00:04.253603604,0 days 00:00:04.353603604
0 days 00:00:00.660000,0 days 00:00:00.760000,answer1ges,7.033842,-11.090131,15.47649,0.027011598,-0.0026977395,0.57580143,20.538315,-12.456058,3.3670568,-28.94928,38.417225,0.0017918544,0.32152128,13.314023,-0.62967855,12.2988615,655.3519,1417.6031,-1.8078673,1639.8579,1084.3785,-16.836607,2495.6934,857.0381,-14.826679,0 days 00:00:04.263603604,0 days 00:00:04.363603604
0 days 00:00:00.670000,0 days 00:00:00.770000,answer1ges,7.166033,-10.785798,15.14785,0.023109412,-0.002078049,0.53065073,19.985771,-12.845069,0.72518533,-27.713129,38.445065,0.0018867071,0.33529863,13.115845,-0.30225754,12.171481,641.5877,1557.456,0.0,1576.4711,1230.6571,-18.548708,2457.9607,842.3811,-14.438727,0 days 00:00:04.273603604,0 days 00:00:04.373603604
0 days 00:00:00.680000,0 days 00:00:00.780000,answer1ges,7.262446,-10.623811,15.094161,0.022169424,-0.0021018886,0.59054065,19.464802,-12.598736,-1.4521432,-27.132782,38.451687,0.0026903336,0.28577444,12.768353,-0.00010649363,12.76868,511.2217,1698.9972,-1.5621841,1346.999,1492.6075,-19.33682,2241.371,1019.88525,-14.57357,0 days 00:00:04.283603604,0 days 00:00:04.383603604
0 days 00:00:00.690000,0 days 00:00:00.790000,answer1ges,7.292715,-10.714027,15.570754,0.018161045,-0.0027939293,0.7533245,19.137606,-11.706874,-2.4092114,-27.347052,38.442257,0.002986514,0.44525805,12.206515,0.16165972,13.3643265,668.8479,1521.8828,-1.2770462,1597.5248,1370.3593,-18.113209,2406.609,938.66473,-14.550144,0 days 00:00:04.293603604,0 days 00:00:04.393603604
0 days 00:00:00.700000,0 days 00:00:00.800000,answer1ges,7.2413735,-11.034799,16.66064,0.02209952,-0.00410808,0.97024757,18.986412,-10.616773,-2.0525105,-28.49919,38.43185,0.0038695007,0.40672147,11.974179,0.18408537,13.987483,541.37866,1575.0068,-0.9387207,1400.1361,1448.0812,-15.370735,2268.0186,1036.4653,-14.731033,0 days 00:00:04.303603604,0 days 00:00:04.403603604
0 days 00:00:00.710000,0 days 00:00:00.810000,answer1ges,7.1132026,-11.493282,18.531374,0.019875435,-0.0067364275,1.154026,19.075195,-9.596076,-0.52472943,-30.13478,38.44463,0.0043628514,0.47419176,12.261849,0.24436235,14.484577,516.944,1689.5355,0.0,1363.7416,1426.1483,-14.7983675,2303.4353,959.3836,-15.305303,0 days 00:00:04.313603604,0 days 00:00:04.413603604
0 days 00:00:00.720000,0 days 00:00:00.820000,answer1ges,6.915459,-12.0641365,20.65049,0.018848445,-0.0090213055,1.2897657,19.403168,-8.79577,1.5738035,-31.850424,38.49764,0.005628359,0.5439207,12.882599,0.409348,14.776626,531.0765,1681.5016,0.0,1472.6572,1365.9161,-15.01497,2295.8352,1300.0504,-16.331644,0 days 00:00:04.323603604,0 days 00:00:04.423603604
0 days 00:00:00.730000,0 days 00:00:00.830000,answer1ges,6.6502495,-12.871796,22.712687,0.012447722,-0.010862737,1.432331,19.93297,-8.0755005,3.6592138,-33.28415,38.57098,0.0050526704,0.6618078,13.297806,0.6859811,14.7028055,682.1496,1474.9708,-4.2855906,1771.7891,1125.0297,-16.978628,2493.3044,1310.879,-17.471992,0 days 00:00:04.333603604,0 days 00:00:04.433603604
0 days 00:00:00.740000,0 days 00:00:00.840000,answer1ges,6.325746,-14.082091,24.769487,0.012569332,-0.011433534,1.5972179,20.591253,-7.3137183,5.3577576,-34.05287,38.647564,0.0060624857,0.66377944,13.578725,0.80240804,14.364277,848.6465,1168.2487,-5.1365466,2050.1575,866.5735,-18.698416,2689.4797,1180.4247,-18.698416,0 days 00:00:04.343603604,0 days 00:00:04.443603604
0 days 00:00:00.750000,0 days 00:00:00.850000,answer1ges,5.9677486,-15.701958,27.510466,0.012102261,-0.011526006,1.6962967,21.333967,-6.4688797,6.655983,-33.548943,38.7216,0.0049553565,0.44053808,13.830871,0.6070606,14.576451,839.3669,1038.3914,-6.9279265,1994.0371,757.689,-20.897316,2753.95,837.5586,-20.897316,0 days 00:00:04.353603604,0 days 00:00:04.453603604
0 days 00:00:00.760000,0 days 00:00:00.860000,answer1ges,5.601049,-17.537247,30.723154,0.014418525,-0.011178718,1.6195785,22.269361,-5.5218883,7.883677,-31.379145,38.834866,0.004410625,0.45118022,14.104716,0.0048851967,15.105102,853.5544,1006.3127,-8.800577,1993.9718,727.7547,-25.127829,2802.7021,798.29346,-23.900793,0 days 00:00:04.363603604,0 days 00:00:04.463603604
0 days 00:00:00.770000,0 days 00:00:00.870000,answer1ges,5.227697,-19.31684,32.999706,0.014742742,-0.011540297,1.3536164,23.437668,-4.2870317,9.346448,-27.81861,38.963367,0.0026378252,0.37700367,14.36061,-0.7449252,15.107053,860.7532,970.41534,-10.86407,2008.4814,669.7022,-28.40975,2831.3416,833.98944,-26.71605,0 days 00:00:04.373603604,0 days 00:00:04.473603604
0 days 00:00:00.780000,0 days 00:00:00.880000,answer1ges,4.82114,-20.87676,34.008442,0.016296001,-0.012392693,1.091427,24.711145,-2.5852773,11.099154,-23.78067,39.077194,0.002927506,0.40177003,14.618651,-0.9782047,15.201253,871.23004,973.54443,-13.463722,1992.3574,681.31464,-30.86219,2838.2722,797.1556,-29.643179,0 days 00:00:04.383603604,0 days 00:00:04.483603604
0 days 00:00:00.790000,0 days 00:00:00.890000,answer1ges,4.358584,-22.15285,33.959656,0.015518333,-0.013516984,1.1062101,25.793198,-0.427313,12.993149,-20.087103,39.131763,0.0029953131,0.325645,14.7629,0.24795437,14.675485,883.6452,990.83276,-17.178085,1981.1016,715.0661,-31.509623,2811.952,758.5603,-31.605616,0 days 00:00:04.393603604,0 days 00:00:04.493603604
0 days 00:00:00.800000,0 days 00:00:00.900000,answer1ges,3.8520658,-23.039307,34.031693,0.018069934,-0.013948196,1.4145565,26.462479,1.6770598,14.498153,-17.406633,39.146645,0.002894034,0.40383193,14.657496,3.4361324,15.520324,650.49615,1292.1915,-19.252659,1671.1777,921.4114,-31.132467,2566.2017,771.28107,-34.221355,0 days 00:00:04.403603604,0 days 00:00:04.503603604
0 days 00:00:00.810000,0 days 00:00:00.910000,answer1ges,3.3398616,-23.280523,34.0222,0.015502769,-0.014296234,1.7959598,26.75136,3.0221703,15.093224,-15.74895,39.182392,0.0027475534,0.29184213,14.304463,7.846695,15.384709,650.02997,1361.1578,0.0,1674.6195,991.29144,-34.15243,2556.2117,810.4434,-34.88201,0 days 00:00:04.413603604,0 days 00:00:04.513603604
0 days 00:00:00.820000,0 days 00:00:00.920000,answer1ges,2.8746302,-22.372765,33.787685,0.01315815,-0.015168094,1.9398268,26.666918,2.8481624,14.032336,-14.182166,39.286636,0.00309716,0.2556608,13.822154,11.18222,20.25556,686.80396,1476.2814,-33.448402,1694.75,1046.6742,-36.533417,2593.587,715.97003,-38.90033,0 days 00:00:04.423603604,0 days 00:00:04.523603604
0 days 00:00:00.830000,0 days 00:00:00.930000,answer1ges,2.5122921,-19.784966,32.57878,0.0089035705,-0.015327309,1.7670339,25.837614,1.1313939,10.647784,-11.750225,39.433643,0.0031621335,0.21671194,13.336636,16.59099,22.086624,897.0244,1246.4502,-35.592365,1892.899,953.5808,-39.648182,2713.803,697.8597,-39.314007,0 days 00:00:04.433603604,0 days 00:00:04.533603604
0 days 00:00:00.840000,0 days 00:00:00.940000,answer1ges,2.2835248,-15.730552,30.012316,0.010512513,-0.014473628,1.3571168,24.386124,-1.4799348,5.6776414,-8.534804,39.685383,0.0030615593,0.59183145,12.326308,17.842216,22.35715,911.0986,1241.9229,-35.276928,1857.6437,975.61914,-36.46743,2692.7424,691.2542,-38.017864,0 days 00:00:04.443603604,0 days 00:00:04.543603604
0 days 00:00:00.850000,0 days 00:00:00.950000,answer1ges,2.1874216,-11.418546,26.410189,0.011678029,-0.012477152,0.88778967,22.70809,-3.935599,0.38784742,-5.883023,39.90637,0.0056564175,1.093789,10.299918,19.373354,18.808508,896.3301,1217.664,-34.121243,1813.3174,1044.8126,-32.89826,2656.8154,749.4956,-33.807743,0 days 00:00:04.453603604,0 days 00:00:04.553603604
0 days 00:00:00.860000,0 days 00:00:00.960000,answer1ges,2.1649415,-8.20467,23.227293,0.016934194,-0.010805853,0.52040344,21.60142,-5.562946,-3.578469,-4.4846954,39.94844,0.011047144,1.4195232,7.2289066,12.506104,18.591522,963.16205,1275.0331,-29.44145,1915.1084,1164.884,-26.829626,2749.0178,819.1729,-32.192486,0 days 00:00:04.463603604,0 days 00:00:04.563603604
0 days 00:00:00.870000,0 days 00:00:00.970000,answer1ges,2.1457703,-6.4709325,21.42245,0.021171646,-0.0094305575,0.30838695,21.14458,-6.417162,-6.006495,-3.8848085,39.696693,0.018206572,1.8296366,4.461495,10.489181,19.76147,760.5373,1461.6683,-28.53622,1694.5679,1269.7506,-19.79252,2544.013,922.2046,-30.598265,0 days 00:00:04.473603604,0 days 00:00:04.573603604
0 days 00:00:00.880000,0 days 00:00:00.980000,answer1ges,2.0770752,-5.7398314,21.242968,0.025962459,-0.008905738,0.22537619,21.124876,-6.8295593,-7.129805,-3.1135914,39.366894,0.025893709,1.8361546,2.5057154,8.832734,21.595276,752.47723,1422.4218,0.0,1674.1398,1285.9908,-17.534073,2511.8455,975.8125,-28.896276,0 days 00:00:04.483603604,0 days 00:00:04.583603604
0 days 00:00:00.890000,0 days 00:00:00.990000,answer1ges,1.9552466,-5.5468063,21.970581,0.02556941,-0.008958097,0.2044245,21.244497,-7.0913887,-7.536793,-2.074178,39.182735,0.0496825,2.0850742,1.0062844,10.968842,21.12904,732.46655,1360.6827,-5.938219,1618.3188,1215.3636,-16.992401,2488.1306,933.33624,-26.00622,0 days 00:00:04.493603604,0 days 00:00:04.593603604
0 days 00:00:00.900000,0 days 00:00:01,answer1ges,1.856915,-5.5563207,22.756254,0.02551683,-0.009354291,0.21003954,21.322401,-7.2309093,-7.6265445,-1.2743019,39.149815,0.07116959,1.9342808,-0.054540515,10.877961,21.424978,947.4985,1173.497,-5.6060386,1833.4419,1166.8457,-19.995966,2685.869,883.9424,-25.497026,0 days 00:00:04.503603604,0 days 00:00:04.603603604
0 days 00:00:00.900000,0 days 00:00:01.001020408,answer1ges,1.8054754,-5.6421013,23.234756,0.025121273,-0.009554442,0.2149082,21.357553,-7.262902,-7.6570516,-0.9342578,39.15678,0.0900515,2.0316763,-0.7842123,10.0893955,20.341125,942.4201,1154.1465,-4.941676,1813.2007,1140.3677,-18.681932,2677.2136,868.6919,-24.472319,0 days 00:00:04.503603604,0 days 00:00:04.604624012
0 days 00:00:00,0 days 00:00:00.100000,answer2,1.469005,-21.023811,30.726044,0.01542963,-0.020563321,0.06798383,31.64924,10.547763,9.111952,-5.8968673,18.646797,0.0,0.0,-4.6933765,1.7619606,18.848406,850.9793,1004.4597,11.048984,2099.1045,957.54755,-11.937679,2667.0488,893.42365,-8.230876,0 days 00:00:07.574240908,0 days 00:00:07.674240908
0 days 00:00:00.010000,0 days 00:00:00.110000,answer2,1.4684162,-21.742546,30.487238,0.013973683,-0.022085758,0.1416934,32.452435,11.412066,8.405426,-6.5910697,15.842624,0.0,0.3206057,-3.3681538,-4.396373,18.862747,853.75507,1002.23737,10.868787,2071.0793,965.8151,-11.6522875,2698.8552,887.7183,-8.877141,0 days 00:00:07.584240908,0 days 00:00:07.684240908
0 days 00:00:00.020000,0 days 00:00:00.120000,answer2,1.4650826,-22.351038,29.724535,0.012741588,-0.023751019,0.2354697,33.341885,12.308162,7.2409854,-7.774485,15.320088,0.0,0.3206057,-1.1953746,2.4460125,23.582834,854.63055,1038.7178,10.50744,2066.6594,1013.49493,-11.801773,2683.031,983.3867,-9.958283,0 days 00:00:07.594240908,0 days 00:00:07.694240908
0 days 00:00:00.030000,0 days 00:00:00.130000,answer2,1.4527206,-22.216764,29.015366,0.008938514,-0.025323473,0.27715763,33.560436,12.508737,5.9392166,-9.196659,21.601418,0.0,0.23205037,1.4376887,5.9667754,26.958862,675.3763,1361.4088,3.4670982,1773.5586,1186.8519,-11.070186,2491.5437,1128.4818,-20.07914,0 days 00:00:07.604240908,0 days 00:00:07.704240908
0 days 00:00:00.040000,0 days 00:00:00.140000,answer2,1.4235716,-21.799843,28.695274,0.008351526,-0.025121242,0.31105354,33.0847,12.212257,4.8051176,-10.400577,27.55451,0.5230566,0.4783893,1.8208772,13.582733,27.417603,559.08075,1511.6735,-5.7413726,1558.3707,1538.8926,-19.914679,2384.0369,1075.1699,-25.668129,0 days 00:00:07.614240908,0 days 00:00:07.714240908
0 days 00:00:00.050000,0 days 00:00:00.150000,answer2,1.3885204,-21.520248,29.383621,0.008220792,-0.024195798,0.30540553,32.170444,11.872249,3.7509181,-11.164028,30.512964,0.3640755,0.7247283,2.481599,6.4631276,22.341105,422.78354,1537.8236,-13.134907,1314.9253,1624.1036,-26.231062,2311.914,915.5705,-30.093805,0 days 00:00:07.624240908,0 days 00:00:07.724240908
0 days 00:00:00.060000,0 days 00:00:00.160000,answer2,1.3628746,-21.486023,30.566689,0.006484519,-0.022709137,0.25088874,31.305613,11.905097,2.5629513,-11.526501,29.459864,0.046113282,1.0596225,2.7517788,8.174033,19.899714,474.58463,1286.1104,-13.954801,1479.2979,1764.0333,-32.348053,2358.6064,843.48334,-25.680481,0 days 00:00:07.634240908,0 days 00:00:07.734240908
0 days 00:00:00.070000,0 days 00:00:00.170000,answer2,1.3516073,-21.42211,31.294676,0.0027725492,-0.021908486,0.18761106,30.685472,12.317402,1.1436921,-11.876451,28.664099,0.09111369,0.900595,4.8365726,8.43327,22.875666,510.4437,1287.7081,-5.0518293,1609.8185,1532.9111,-28.376785,2400.5515,888.38477,-26.628967,0 days 00:00:07.644240908,0 days 00:00:07.744240908
0 days 00:00:00.080000,0 days 00:00:00.180000,answer2,1.3437597,-21.085981,31.193209,-0.00078331406,-0.021932676,0.14952399,30.252958,12.741927,-0.44058463,-12.637059,28.57614,0.08134745,0.96949005,5.880012,14.810039,27.659693,557.4893,1432.3881,1.9449381,1649.9838,2052.1345,-27.80593,2396.1174,930.57733,-28.92021,0 days 00:00:07.654240908,0 days 00:00:07.754240908
0 days 00:00:00.090000,0 days 00:00:00.190000,answer2,1.333434,-20.408949,29.96556,0.0028316304,-0.022855049,0.16431308,29.8097,12.684807,-2.0154235,-13.734687,28.550468,0.069193564,0.8124249,6.254463,17.731995,28.3449,537.4882,1523.4585,0.049208324,1535.8477,1870.4203,-25.932837,2350.3762,988.76776,-28.579191,0 days 00:00:07.664240908,0 days 00:00:07.764240908
0 days 00:00:00.100000,0 days 00:00:00.200000,answer2,1.3263717,-19.615446,28.541082,0.008508298,-0.02369301,0.19599368,29.505829,12.0784235,-3.353878,-14.630325,28.569113,0.010025116,1.0117394,6.2185254,18.71111,26.199928,474.193,1609.3326,-8.776282,1301.8944,1970.6351,-25.291847,2283.633,982.7281,-27.14585,0 days 00:00:07.674240908,0 days 00:00:07.774240908
0 days 00:00:00.110000,0 days 00:00:00.210000,answer2,1.3353032,-18.97564,28.345972,0.011573095,-0.024180977,0.21756418,29.600908,11.14931,-4.2985244,-14.657651,28.535746,0.005279368,1.2275143,5.777908,13.84518,22.73673,407.93417,1703.5922,-16.480112,1141.3606,1528.5084,-19.622892,2287.0195,937.4173,-25.371664,0 days 00:00:07.684240908,0 days 00:00:07.784240908
0 days 00:00:00.120000,0 days 00:00:00.220000,answer2,1.3625757,-18.624907,29.586893,0.008626171,-0.024054741,0.20088404,30.1698,10.119229,-4.853257,-13.579392,28.383133,0.0029808788,1.0466911,5.060001,11.619975,23.742605,369.85458,1964.3701,-12.377045,1120.6537,1601.5419,-14.919868,2394.3506,860.1556,-27.988256,0 days 00:00:07.694240908,0 days 00:00:07.794240908
0 days 00:00:00.130000,0 days 00:00:00.230000,answer2,1.3960344,-18.494938,31.699839,0.0038134193,-0.023967303,0.18288958,30.96405,9.106359,-4.988481,-11.674317,28.165228,0.0052410546,0.9827377,3.96787,10.97903,23.032362,363.39392,1897.1963,-12.954113,1127.1049,1482.4238,-10.58939,2414.4646,789.1993,-28.496025,0 days 00:00:07.704240908,0 days 00:00:07.804240908
0 days 00:00:00.140000,0 days 00:00:00.240000,answer2,1.4181747,-18.366894,33.32798,0.0015203516,-0.023804143,0.17382033,31.691055,8.2913265,-4.5420327,-9.478001,27.999533,0.008482677,0.81690264,3.4108517,11.918269,22.61513,377.4645,1706.7848,-15.179634,1194.7354,1353.0684,-13.819272,2461.7266,765.4344,-29.365074,0 days 00:00:07.714240908,0 days 00:00:07.814240908
0 days 00:00:00.150000,0 days 00:00:00.250000,answer2,1.4216275,-18.003052,34.07812,0.0036752897,-0.022828266,0.19784407,32.256268,7.850004,-3.6222315,-7.4592605,27.958296,0.017581346,1.5065075,3.557249,12.04829,20.891,432.3252,1381.5654,-20.311615,1300.2339,1217.6991,-20.440477,2491.4875,763.6948,-29.154325,0 days 00:00:07.724240908,0 days 00:00:07.824240908
0 days 00:00:00.160000,0 days 00:00:00.260000,answer2,1.4158994,-17.226067,33.996395,0.008734266,-0.021367902,0.22346938,32.804703,7.7514358,-2.9841583,-6.0294394,27.982462,0.018797442,1.4455681,4.142233,13.6565275,21.46348,442.78244,1293.2136,-22.974222,1382.9225,1153.6046,-26.545767,2566.5032,817.4946,-30.78118,0 days 00:00:07.734240908,0 days 00:00:07.834240908
0 days 00:00:00.170000,0 days 00:00:00.270000,answer2,1.4162741,-16.14224,34.29833,0.01537102,-0.019607335,0.24882627,33.408817,7.9063034,-3.3261673,-5.463922,28.016138,0.0176862,1.4648663,3.8437731,11.260108,22.343369,442.73135,1266.7782,-20.511675,1421.7954,1121.2391,-28.579325,2605.9827,874.866,-31.594938,0 days 00:00:07.744240908,0 days 00:00:07.844240908
0 days 00:00:00.180000,0 days 00:00:00.280000,answer2,1.4295214,-15.112695,35.361927,0.018940097,-0.017993497,0.24510153,34.012245,8.265485,-4.7313647,-5.715103,25.604548,0.01065831,1.251283,1.6283528,10.26657,26.493372,466.7565,1442.3434,-7.8454995,1422.909,1156.1694,-19.113794,2637.9534,860.2404,-26.235052,0 days 00:00:07.754240908,0 days 00:00:07.854240908
0 days 00:00:00.190000,0 days 00:00:00.290000,answer2,1.4518453,-14.504547,37.331867,0.018435126,-0.016475415,0.22445798,34.449055,8.736684,-6.686395,-6.318849,23.214724,0.00896849,1.4740223,-0.77473277,7.268046,31.24379,440.78012,1558.8934,5.6704445,1359.2369,1183.9474,-8.185605,2612.847,891.50616,-20.100616,0 days 00:00:07.764240908,0 days 00:00:07.864240908
0 days 00:00:00.200000,0 days 00:00:00.300000,answer2,1.478259,-14.326787,38.213516,0.013491114,-0.015550144,0.18582983,34.62992,9.060648,-8.729545,-6.6437707,20.292004,0.14960791,1.54098,-1.7098039,8.974574,36.747242,409.9558,1718.4215,14.194569,1285.9594,1246.9574,2.5583625,2532.3616,941.21826,-16.311766,0 days 00:00:07.774240908,0 days 00:00:07.874240908
0 days 00:00:00.210000,0 days 00:00:00.310000,answer2,1.5092363,-14.176167,38.344406,0.007969919,-0.015298728,0.16718365,34.659203,9.066763,-10.65878,-6.368421,19.77526,0.14972897,1.532033,-0.76278585,11.018474,38.660824,523.3715,1706.4471,6.9261603,1315.5553,1385.5654,0.27864805,2513.6865,1027.0872,-18.823183,0 days 00:00:07.784240908,0 days 00:00:07.884240908
0 days 00:00:00.220000,0 days 00:00:00.320000,answer2,1.5478066,-13.696949,37.909306,0.0028375357,-0.015458996,0.16729192,34.724777,8.892406,-12.235352,-5.607849,19.238842,0.15607716,1.8608627,0.6083701,12.905045,38.74628,729.8958,1758.4054,3.8880951,1431.3087,1800.3618,-3.1882794,2551.764,1151.2423,-20.893267,0 days 00:00:07.794240908,0 days 00:00:07.894240908
0 days 00:00:00.230000,0 days 00:00:00.330000,answer2,1.590072,-13.003693,38.039886,0.0011374895,-0.015850842,0.1965466,35.007183,8.842189,-13.106832,-4.7596564,19.262484,0.013589598,2.1366854,0.83928823,13.999196,35.76749,745.77594,1783.647,2.746318,1431.9248,1896.0494,-6.623629,2414.6487,1209.9252,-19.08389,0 days 00:00:07.804240908,0 days 00:00:07.904240908
0 days 00:00:00.240000,0 days 00:00:00.340000,answer2,1.62534,-12.637452,38.18315,0.0019972164,-0.015616464,0.22578903,35.44371,9.162633,-12.798667,-4.1288266,19.868986,0.0116204,2.4884126,-0.3928595,14.251918,36.342365,843.1578,1638.8939,5.1538267,1749.2631,1736.1632,-11.093457,2944.0117,1313.7062,-19.787657,0 days 00:00:07.814240908,0 days 00:00:07.914240908
0 days 00:00:00.250000,0 days 00:00:00.350000,answer2,1.643723,-13.140546,38.12285,0.0055315583,-0.015140943,0.25155306,35.85272,10.04087,-11.126389,-3.783757,23.915651,0.33561602,2.0992382,0.048433382,9.430844,35.425884,838.8428,1475.6488,0.72796565,1952.6713,1407.1432,-21.141409,3250.8113,1367.2018,-26.700403,0 days 00:00:07.824240908,0 days 00:00:07.924240908
0 days 00:00:00.260000,0 days 00:00:00.360000,answer2,1.6507648,-14.676869,37.787434,0.0073737614,-0.014654118,0.25772157,35.97655,11.602367,-8.491458,-3.9250917,27.910429,0.34861326,2.1634924,1.1684893,11.674031,36.383442,810.35895,1470.7911,-3.5776765,1935.482,1288.4238,-29.754313,3405.8164,1250.0125,-34.58148,0 days 00:00:07.834240908,0 days 00:00:07.934240908
0 days 00:00:00.270000,0 days 00:00:00.370000,answer2,1.6658672,-16.899588,37.728172,0.008933735,-0.0149588855,0.26233009,35.66866,13.7510805,-5.6299157,-4.839665,31.316612,0.3552418,1.8518162,3.8003852,7.3799896,34.669262,536.4736,1689.9562,-5.523772,1505.482,1400.7227,-27.456453,2815.301,1156.2953,-39.409885,0 days 00:00:07.844240908,0 days 00:00:07.944240908
0 days 00:00:00.280000,0 days 00:00:00.380000,answer2,1.7128848,-18.69319,37.49934,0.011891353,-0.016383037,0.26334566,34.96121,15.869647,-3.4722207,-6.52321,31.234552,0.028204823,2.5667274,4.7133613,13.837483,35.769527,359.285,1823.1027,-9.622121,1186.9668,1510.4103,-24.80043,2416.9055,1028.8485,-39.10301,0 days 00:00:07.854240908,0 days 00:00:07.954240908
0 days 00:00:00.290000,0 days 00:00:00.390000,answer2,1.7996079,-18.983168,37.01762,0.01594898,-0.01712913,0.2607866,34.07789,17.088104,-2.5446832,-8.498458,31.075127,0.027898893,1.9827824,4.9881124,12.964742,36.66705,386.95108,1884.0015,-8.4186535,1166.1266,1684.6752,-24.290915,2241.3674,1186.486,-38.797062,0 days 00:00:07.864240908,0 days 00:00:07.964240908
0 days 00:00:00.300000,0 days 00:00:00.400000,answer2,1.9093542,-17.632608,36.264202,0.021446884,-0.017943343,0.25708008,33.251827,16.993526,-2.79372,-10.237344,30.913416,0.02466654,1.8251958,4.5623565,17.625061,37.435116,415.97812,1753.8976,-12.533137,1211.7948,1765.7134,-29.00424,2255.847,1273.9166,-38.39165,0 days 00:00:07.874240908,0 days 00:00:07.974240908
0 days 00:00:00.310000,0 days 00:00:00.410000,answer2,2.0101128,-15.509761,35.17378,0.027837982,-0.017875712,0.26854762,32.60928,15.719478,-3.7204227,-11.368592,30.76204,0.02142326,0.8637884,3.7611017,15.703453,37.381092,388.29346,1720.5146,-5.0329537,1195.5717,1568.5875,-27.880554,2257.0159,1174.4484,-37.126087,0 days 00:00:07.884240908,0 days 00:00:07.984240908
0 days 00:00:00.320000,0 days 00:00:00.420000,answer2,2.071687,-13.578959,33.486073,0.031540442,-0.01784206,0.3071293,32.12395,13.745717,-4.694269,-11.581291,30.681005,0.016276535,0.679143,2.9998636,13.560905,37.70702,376.05087,1588.5336,-3.8262389,1233.6134,1359.1725,-25.715284,2417.3718,962.5101,-36.2453,0 days 00:00:07.894240908,0 days 00:00:07.994240908
0 days 00:00:00.330000,0 days 00:00:00.430000,answer2,2.0803814,-12.281193,30.909967,0.03097152,-0.017082551,0.35049042,31.764944,11.523881,-5.2612863,-10.561582,30.512506,0.011819691,1.04137,2.191014,12.312179,36.37663,347.80124,1630.8878,2.525692,1196.6947,1199.8173,-18.327162,2418.1206,825.82104,-33.850937,0 days 00:00:07.904240908,0 days 00:00:08.004240908
0 days 00:00:00.340000,0 days 00:00:00.440000,answer2,2.0413263,-11.822917,28.055298,0.029354578,-0.016648332,0.37411937,31.49179,9.599063,-5.002842,-8.29994,29.474724,0.008847311,1.5839558,-0.17102623,9.855689,29.832428,350.46362,1640.4711,-3.5207317,1196.0782,1210.3046,-12.202759,2405.3113,775.471,-31.44262,0 days 00:00:07.914240908,0 days 00:00:08.014240908
0 days 00:00:00.350000,0 days 00:00:00.450000,answer2,1.9748554,-12.191513,25.066803,0.031178685,-0.016432801,0.35974786,31.222189,8.4759,-3.7246897,-5.3284574,28.457697,0.00024206795,2.1812563,-1.3236262,7.43278,22.264107,355.58643,1660.1133,-9.342715,1193.9484,1272.5289,-7.315656,2367.479,897.99725,-28.213278,0 days 00:00:07.924240908,0 days 00:00:08.024240908
0 days 00:00:00.360000,0 days 00:00:00.460000,answer2,1.9104651,-12.985614,23.062735,0.034300495,-0.016164983,0.33496174,30.681326,8.291319,-1.6465276,-2.4919534,27.504374,0.00024206795,2.1812563,-2.0226738,4.7274604,15.845703,333.21716,1709.1122,-13.102681,1176.8872,1327.7372,-9.145309,2312.9854,859.668,-25.554838,0 days 00:00:07.934240908,0 days 00:00:08.034240908
0 days 00:00:00.370000,0 days 00:00:00.470000,answer2,1.8735508,-13.614032,21.745752,0.034385458,-0.015737496,0.3051666,29.61495,8.742818,0.5667804,-0.31098568,27.426275,0.00024206795,2.1812563,-1.84935,4.708415,16.204845,569.768,1823.4805,-11.848851,1233.0127,1937.8844,-11.546407,2324.4534,915.7552,-24.25737,0 days 00:00:07.944240908,0 days 00:00:08.044240908
0 days 00:00:00.380000,0 days 00:00:00.480000,answer2,1.87702,-13.643718,21.195473,0.035259653,-0.01485611,0.2874677,27.983406,9.231669,2.2504668,1.3291539,26.419577,0.12523448,2.2663212,-2.346087,1.7759839,17.529516,811.31757,1818.6888,-13.016238,1647.5336,1821.6249,-16.431816,2405.9602,1570.6035,-23.732878,0 days 00:00:07.954240908,0 days 00:00:08.054240908
0 days 00:00:00.390000,0 days 00:00:00.490000,answer2,1.9126943,-13.094906,20.62021,0.037340675,-0.0134401135,0.25390553,26.097725,9.2800865,3.1061888,2.7802105,25.307684,0.25022689,2.351386,-2.538482,-1.2460083,21.929329,1093.4089,1593.6276,-15.771199,2027.9664,1568.3529,-19.54626,2911.5676,1784.4406,-26.996162,0 days 00:00:07.964240908,0 days 00:00:08.064240908
0 days 00:00:00.400000,0 days 00:00:00.500000,answer2,1.953694,-12.263256,20.322855,0.041882586,-0.011928302,0.23104477,24.307999,8.773458,3.3069217,3.9016,24.23484,0.37521932,2.436451,-1.6822461,-5.0024204,21.184587,1056.6344,1392.0317,-16.807226,2283.9539,985.12256,-22.081488,3011.6484,1867.5104,-25.813185,0 days 00:00:07.974240908,0 days 00:00:08.074240908
0 days 00:00:00.410000,0 days 00:00:00.510000,answer2,1.9668692,-11.469502,20.250767,0.04286759,-0.010922379,0.2091543,22.771057,7.9232006,3.166612,4.168624,24.078985,0.37521932,2.436451,-1.5569605,-5.9039154,19.269848,1003.4816,1269.4652,-16.016823,2114.3442,1053.9696,-20.964321,3061.239,1121.4829,-24.533447,0 days 00:00:07.984240908,0 days 00:00:08.084240908
0 days 00:00:00.420000,0 days 00:00:00.520000,answer2,1.9312204,-10.894417,19.658049,0.043679353,-0.011064081,0.20814008,21.327948,7.1437187,2.9537373,3.306999,23.94178,0.37521932,2.436451,-2.3723457,-7.655008,12.234473,943.8083,1272.2073,-15.432912,1995.5763,1167.5322,-20.768944,2707.6218,888.77075,-19.31615,0 days 00:00:07.994240908,0 days 00:00:08.094240908
0 days 00:00:00.430000,0 days 00:00:00.530000,answer2,1.8513985,-10.554772,18.43738,0.04206879,-0.011630799,0.20289938,19.734827,6.8356857,2.8678503,1.661386,23.80871,0.37521932,2.436451,-2.659353,-12.171687,6.9242396,720.79596,1409.6561,-9.151142,1677.6812,1179.4408,-16.901918,2515.6143,835.87866,-17.893328,0 days 00:00:08.004240908,0 days 00:00:08.104240908
0 days 00:00:00.440000,0 days 00:00:00.540000,answer2,1.7552853,-10.427513,17.305824,0.04108045,-0.0125284,0.19732805,18.114664,7.228991,2.9588795,-0.059692025,23.731077,0.2612206,1.9576864,-2.2926524,-16.197924,2.6220796,723.5173,1415.6915,-6.393089,1681.4434,1122.3121,-15.373935,2549.8562,815.2718,-15.876338,0 days 00:00:08.014240908,0 days 00:00:08.114240908
0 days 00:00:00.450000,0 days 00:00:00.550000,answer2,1.6746718,-10.588026,16.770746,0.040132534,-0.013296358,0.18801975,17.013067,8.173911,2.9493847,-1.3518863,23.851423,0.1472219,1.4789219,-1.7184858,-18.111097,2.073641,523.32666,1579.1865,0.16565752,1454.6578,1245.8683,-12.4574995,2359.509,923.90753,-15.610995,0 days 00:00:08.024240908,0 days 00:00:08.124240908
0 days 00:00:00.460000,0 days 00:00:00.560000,answer2,1.6252619,-11.3066435,17.008335,0.03899871,-0.014011788,0.20648777,17.092453,9.398238,2.6464365,-2.085703,23.94204,0.03322319,1.0001574,-2.708513,-15.253314,4.308619,730.2871,1461.2448,-3.668094,1699.5277,1149.933,-13.483882,2567.9304,906.46906,-14.790302,0 days 00:00:08.034240908,0 days 00:00:08.134240908
0 days 00:00:00.470000,0 days 00:00:00.570000,answer2,1.6048692,-13.043086,19.660666,0.039329316,-0.014911327,0.27989066,18.525383,10.654373,2.101832,-2.449392,24.023916,0.028933233,1.1257607,-3.6265066,-11.933899,7.257187,739.2385,1490.1694,-3.15603,1722.2574,1162.7462,-11.392483,2587.2917,910.45917,-14.087565,0 days 00:00:08.044240908,0 days 00:00:08.144240908
0 days 00:00:00.480000,0 days 00:00:00.580000,answer2,1.6087555,-15.895305,25.0188,0.038486563,-0.015405025,0.408506,20.942839,11.707803,1.498978,-2.8018353,22.72825,0.024643278,1.2513639,-3.9023113,-7.1874633,8.5554,723.42584,1482.4921,-1.3726307,1684.7646,1135.8654,-9.00666,2553.758,884.97687,-10.776177,0 days 00:00:08.054240908,0 days 00:00:08.154240908
0 days 00:00:00.490000,0 days 00:00:00.590000,answer2,1.6441687,-19.366722,31.706892,0.036923602,-0.015696436,0.560945,23.87258,12.448578,0.8110852,-3.5198138,21.384394,0.020353321,1.3769671,-3.8451805,-2.8770254,11.3157015,754.69727,1437.2437,-0.056372326,1738.3676,1117.2075,-8.555575,2687.6199,1052.1019,-10.512949,0 days 00:00:08.064240908,0 days 00:00:08.164240908
0 days 00:00:00.500000,0 days 00:00:00.600000,answer2,1.7151188,-22.734978,37.417675,0.03818445,-0.016545212,0.7424273,27.06247,13.064855,-0.13360767,-4.675789,20.629227,0.020353321,1.3769671,-2.9644988,-5.1383834,12.984258,772.4873,1351.1066,-0.11960665,1787.5397,1099.2959,-9.718974,2804.0032,1217.7094,-11.499146,0 days 00:00:08.074240908,0 days 00:00:08.174240908
0 days 00:00:00.510000,0 days 00:00:00.610000,answer2,1.827494,-25.622202,41.644558,0.04173215,-0.01917859,0.98203975,30.45224,14.180013,-0.6947076,-5.628041,27.531052,0.020353321,1.3769671,0.792929,-2.6606035,15.049041,988.3438,1182.6465,-13.802863,2097.8733,1092.5444,-19.541712,2995.8074,1372.8267,-22.849173,0 days 00:00:08.084240908,0 days 00:00:08.184240908
0 days 00:00:00.520000,0 days 00:00:00.620000,answer2,1.964128,-28.141068,44.96001,0.044776294,-0.022335425,1.2316664,33.64799,15.878259,-0.4411532,-5.884804,34.486897,0.020353321,1.3769671,5.7223372,-1.5420898,14.899368,960.3024,1139.17,-24.603247,2095.3997,1057.8418,-29.238611,3014.5137,1212.8965,-33.809845,0 days 00:00:08.094240908,0 days 00:00:08.194240908
0 days 00:00:00.530000,0 days 00:00:00.630000,answer2,2.1010926,-30.287964,46.991695,0.045926183,-0.024853935,1.3362861,36.15385,17.786812,0.65432626,-5.4065614,40.75316,0.29046974,1.705192,9.797044,8.161455,19.300493,925.8613,1246.6149,-34.547634,2016.9196,1109.7001,-37.96375,2997.784,1087.1847,-45.686672,0 days 00:00:08.104240908,0 days 00:00:08.204240908
0 days 00:00:00.540000,0 days 00:00:00.640000,answer2,2.2077315,-31.774954,47.701366,0.045788977,-0.026164128,1.1993884,37.685074,19.236023,1.6260241,-4.817065,40.53167,0.3004255,2.07572,10.67448,10.690515,25.166323,938.1695,1280.5719,-36.141064,2023.3193,1030.7413,-39.388557,3186.7996,982.94257,-50.61687,0 days 00:00:08.114240908,0 days 00:00:08.214240908
0 days 00:00:00.550000,0 days 00:00:00.650000,answer2,2.27166,-32.10052,47.736263,0.046274114,-0.026089348,1.0058805,38.33412,19.929876,1.5744153,-4.420041,40.121338,0.30896798,1.9441758,10.845399,10.589228,28.754639,902.44415,1356.4489,-33.80859,1905.3866,1131.4288,-40.21313,3010.0964,1029.8221,-51.974,0 days 00:00:08.124240908,0 days 00:00:08.224240908
0 days 00:00:00.560000,0 days 00:00:00.660000,answer2,2.2989838,-30.855947,46.60901,0.044423923,-0.024081765,0.99457055,38.172955,19.691345,0.40402174,-4.1422668,39.616383,0.037615146,1.3889027,10.608834,6.9932704,27.64424,901.7153,1281.034,-31.420761,1943.4633,1123.5531,-44.179443,3012.7227,1069.6315,-52.071728,0 days 00:00:08.134240908,0 days 00:00:08.234240908
0 days 00:00:00.570000,0 days 00:00:00.670000,answer2,2.2970924,-28.205894,45.011337,0.04272224,-0.021020228,1.1331977,37.19154,18.558744,-1.2258984,-3.8545425,39.21063,0.026422987,0.79132587,9.929134,3.070104,26.187277,864.2293,1202.9082,-27.620392,1910.0737,1071.0254,-48.55514,2990.1858,970.80133,-50.737564,0 days 00:00:08.144240908,0 days 00:00:08.244240908
0 days 00:00:00.580000,0 days 00:00:00.680000,answer2,2.2726471,-24.91039,42.511295,0.040596317,-0.017808251,1.1707474,35.5975,16.821646,-2.388812,-3.5156033,38.42108,0.01664409,0.6958216,8.557697,6.1043434,28.56582,904.9402,1152.2308,-29.246056,2012.8226,1158.5563,-48.727016,3048.8728,1070.626,-50.477814,0 days 00:00:08.154240908,0 days 00:00:08.254240908
0 days 00:00:00.590000,0 days 00:00:00.690000,answer2,2.2285519,-21.907217,40.091343,0.038658034,-0.015673323,1.0375886,33.951706,15.03561,-2.7587147,-3.3434513,37.86829,0.029268036,0.94966036,7.447209,10.155417,30.007475,922.70184,1204.0482,-30.297186,1941.2106,1295.5731,-45.057903,2901.6494,1149.416,-48.405502,0 days 00:00:08.164240908,0 days 00:00:08.264240908
0 days 00:00:00.600000,0 days 00:00:00.700000,answer2,2.165173,-19.710474,37.427776,0.037232246,-0.014275242,0.85941356,32.88114,13.672612,-2.796301,-3.5527909,37.400764,0.030574495,1.7997298,6.5821366,11.388482,28.581093,971.72076,1259.2583,-31.597174,1995.7119,1451.6855,-40.92639,2982.3428,1605.6151,-45.262432,0 days 00:00:08.174240908,0 days 00:00:08.274240908
0 days 00:00:00.610000,0 days 00:00:00.710000,answer2,2.094797,-18.477636,34.960316,0.03755827,-0.014816527,0.74370426,32.573086,13.006424,-2.97275,-4.362331,37.407192,0.032661438,2.5250616,5.256197,9.538119,25.946383,1000.8497,1286.9556,-29.14728,2060.751,1347.9674,-38.801777,3285.7136,1579.0161,-42.436584,0 days 00:00:08.184240908,0 days 00:00:08.284240908
0 days 00:00:00.620000,0 days 00:00:00.720000,answer2,2.0368347,-18.27472,34.34363,0.036451414,-0.016607499,0.64907813,32.924053,13.182206,-3.5685577,-5.781353,37.39339,0.021734193,3.0589235,4.4421444,7.0478344,24.912434,993.9817,1337.2126,-85.41803,2027.5104,1443.222,-92.52781,3215.3958,1486.4155,-94.72282,0 days 00:00:08.194240908,0 days 00:00:08.294240908
0 days 00:00:00.630000,0 days 00:00:00.730000,answer2,2.0153086,-19.063128,35.555763,0.0352537,-0.018489711,0.5661492,33.71428,14.152259,-4.48998,-7.6619983,0.0,0.0,0.0,0.0,0.0,0.0,953.7027,1391.4541,-73.0968,1904.6678,1504.5688,-81.65323,2937.8203,1091.0829,-84.045845,0 days 00:00:08.204240908,0 days 00:00:08.304240908
0 days 00:00:00.640000,0 days 00:00:00.740000,answer2,2.0345242,-20.53931,37.637203,0.03420539,-0.019357217,0.52770394,34.909058,15.7259445,-5.549791,-9.64787,12.635469,0.0,0.0,-2.1242716,-19.740116,16.148003,885.2512,1394.5336,-60.063374,1848.4893,1485.2598,-71.38738,2741.7341,1033.1405,-74.50917,0 days 00:00:08.214240908,0 days 00:00:08.314240908
0 days 00:00:00.650000,0 days 00:00:00.750000,answer2,2.0849907,-22.165522,38.882885,0.032124672,-0.019526294,0.52842283,36.423397,17.39525,-6.543808,-11.3757105,12.516937,0.0,0.0,-1.8556533,-19.22514,17.472845,820.29956,1409.5331,11.320357,1949.7559,1356.621,-7.5528145,2951.8914,1123.7736,-11.638352,0 days 00:00:08.224240908,0 days 00:00:08.324240908
0 days 00:00:00.660000,0 days 00:00:00.760000,answer2,2.1495047,-23.48236,39.730587,0.027638495,-0.019876173,0.53218055,37.99849,18.594263,-7.1092644,-12.553097,12.331925,0.0,1.4359311,-1.4312662,-19.385208,19.371975,782.166,1410.6908,-58.779327,1947.5641,1258.1185,-72.22464,3092.3215,1139.8481,-75.36601,0 days 00:00:08.234240908,0 days 00:00:08.334240908
0 days 00:00:00.670000,0 days 00:00:00.770000,answer2,2.210092,-24.198257,40.235416,0.02731826,-0.020212073,0.49688432,39.187183,18.914238,-6.9627604,-13.157313,14.363495,0.0,1.251252,-0.7323122,0.0,0.0,775.11835,1470.5045,-58.005825,1826.3053,1370.143,-73.33706,2923.8855,1089.0164,-78.46563,0 days 00:00:08.244240908,0 days 00:00:08.344240908
0 days 00:00:00.680000,0 days 00:00:00.780000,answer2,2.24922,-24.233114,39.92783,0.030870408,-0.020325387,0.45558086,39.499058,18.368734,-6.050606,-13.19273,16.395458,0.21854146,1.4258041,0.060725767,12.101902,41.80252,808.32965,1433.9453,-57.401127,1860.1708,1431.0298,-75.23179,2782.005,1378.757,-80.53413,0 days 00:00:08.254240908,0 days 00:00:08.354240908
0 days 00:00:00.690000,0 days 00:00:00.790000,answer2,2.2541342,-23.617659,38.24948,0.036936045,-0.019807773,0.4467307,38.6416,17.325188,-4.7227836,-12.619141,18.39654,0.15506057,1.3640437,0.93323946,11.41312,41.165916,693.8169,1430.2919,12.181095,1702.6254,1457.773,-8.551306,2654.7205,1347.0288,-19.46146,0 days 00:00:08.264240908,0 days 00:00:08.364240908
0 days 00:00:00.700000,0 days 00:00:00.800000,answer2,2.2194064,-22.517662,35.48945,0.039160922,-0.019258222,0.49440154,36.79651,16.239805,-3.4797122,-11.436786,18.219461,0.014421923,1.4869624,1.2874109,10.46584,37.967945,593.72363,1492.1244,15.8020735,1629.9419,1655.0786,-8.691186,2563.43,1466.9653,-16.579279,0 days 00:00:08.274240908,0 days 00:00:08.374240908
0 days 00:00:00.710000,0 days 00:00:00.810000,answer2,2.1555245,-21.21871,32.24568,0.037686806,-0.018847978,0.53958243,34.560757,15.471027,-2.5872781,-9.946987,18.058012,0.0,1.1177006,1.2233573,10.251773,35.32964,455.60123,1455.7506,14.066485,1372.081,1583.1322,-6.584742,2425.9578,1067.2391,-15.007595,0 days 00:00:08.284240908,0 days 00:00:08.384240908
0 days 00:00:00.720000,0 days 00:00:00.820000,answer2,2.0831704,-20.10733,29.181543,0.034279305,-0.01926583,0.5257104,32.678986,15.225024,-2.0596044,-8.644451,17.875624,0.012983719,1.2131943,0.9051914,10.220773,31.386429,475.50803,1578.7495,18.932768,1289.106,1856.2422,-6.924235,2268.758,1063.3496,-12.017078,0 days 00:00:08.294240908,0 days 00:00:08.394240908
0 days 00:00:00.730000,0 days 00:00:00.830000,answer2,2.0213716,-19.434517,27.240412,0.03279476,-0.019971952,0.46205708,31.602606,15.468964,-1.855513,-8.003284,17.250662,0.014178894,1.5972289,-0.78438395,10.047657,28.19226,578.3492,1466.2289,16.786297,1436.7579,1621.2031,-4.955215,2307.1917,954.2171,-7.440762,0 days 00:00:08.304240908,0 days 00:00:08.404240908
0 days 00:00:00.740000,0 days 00:00:00.840000,answer2,1.9743978,-19.21626,27.004852,0.033422526,-0.020667402,0.3846903,31.3622,15.981631,-1.8478456,-8.194631,20.588396,0.013277677,2.1142128,-0.90504247,9.233028,24.113693,707.31836,1454.607,12.142154,1643.1779,1561.2373,-9.700688,2408.5713,1056.9243,-10.513965,0 days 00:00:08.314240908,0 days 00:00:08.414240908
0 days 00:00:00.750000,0 days 00:00:00.850000,answer2,1.9331808,-19.295656,28.233261,0.03185313,-0.020823596,0.34714875,31.641516,16.463598,-1.7413067,-8.843123,24.058802,0.14136864,2.0164378,-1.1376885,9.478493,25.293615,779.8118,1390.0892,3.826224,1961.6078,1228.7726,-17.552017,2760.9822,1225.1636,-18.421318,0 days 00:00:08.324240908,0 days 00:00:08.424240908
0 days 00:00:00.760000,0 days 00:00:00.860000,answer2,1.8876082,-19.573622,30.200613,0.027880915,-0.020699015,0.3050183,32.07412,16.889406,-1.2280825,-9.265099,27.744202,0.14229049,1.6188282,-0.29462257,7.0663867,28.46755,731.0915,1608.149,-3.0740633,1875.2188,1699.722,-25.598192,2712.7444,1288.5986,-29.860876,0 days 00:00:08.334240908,0 days 00:00:08.434240908
0 days 00:00:00.770000,0 days 00:00:00.870000,answer2,1.8340878,-20.042747,31.970709,0.024830153,-0.020584794,0.29153916,32.377094,17.557785,-0.31063136,-8.982358,27.54389,0.1432061,0.893081,-0.81767255,8.952666,29.539057,619.12506,1695.7648,-0.5236617,1684.6766,1895.1246,-25.439333,2646.3328,1223.4235,-30.822624,0 days 00:00:08.344240908,0 days 00:00:08.444240908
0 days 00:00:00.780000,0 days 00:00:00.880000,answer2,1.7764235,-20.701147,33.840652,0.023293005,-0.021476397,0.27566406,32.365585,18.89501,0.6667469,-8.213573,24.943823,0.01932233,0.55364937,-1.1789994,6.748358,27.61373,531.5056,1675.6552,1.5585569,1435.2148,2014.201,-23.980972,2360.657,1053.875,-29.223719,0 days 00:00:08.354240908,0 days 00:00:08.454240908
0 days 00:00:00.790000,0 days 00:00:00.890000,answer2,1.7250438,-21.409784,35.288677,0.024036864,-0.022753226,0.2760159,31.867752,20.825182,1.5818735,-7.502009,20.317898,0.0193161,0.22551198,-1.2637311,7.2979164,26.55274,461.5249,1534.6654,8.577424,1311.9268,1622.56,-16.867708,2354.1953,954.5627,-22.356344,0 days 00:00:08.364240908,0 days 00:00:08.464240908
0 days 00:00:00.800000,0 days 00:00:00.900000,answer2,1.6863827,-21.991827,36.503967,0.0235923,-0.024243457,0.2538881,30.892975,22.806002,2.5186193,-7.2171054,15.788025,0.200442,0.18450451,-1.683108,5.108694,30.632719,565.14777,1558.8658,9.372443,1574.5961,1362.349,-14.731921,2789.011,1034.6564,-19.28704,0 days 00:00:08.374240908,0 days 00:00:08.474240908
0 days 00:00:00.810000,0 days 00:00:00.910000,answer2,1.6644707,-22.31466,36.66315,0.026384028,-0.02471368,0.24183436,29.742865,24.207003,3.466893,-7.290644,13.705253,0.19535178,0.76332855,-1.973349,6.9188743,34.07706,691.3262,1626.103,10.406461,1784.381,2024.9037,-12.099412,2769.1602,1078.4384,-15.034886,0 days 00:00:08.384240908,0 days 00:00:08.484240908
0 days 00:00:00.820000,0 days 00:00:00.920000,answer2,1.6582037,-22.509924,36.483364,0.027035361,-0.024693316,0.2406411,28.952291,24.91231,4.117217,-7.488302,13.865886,0.28336963,1.3421526,-2.0239313,8.753869,35.954914,806.965,1560.6592,7.2274017,1991.8629,1982.3326,-13.804169,2845.379,1101.3875,-14.625287,0 days 00:00:08.394240908,0 days 00:00:08.494240908
0 days 00:00:00.830000,0 days 00:00:00.930000,answer2,1.6637052,-22.821249,36.3031,0.025447475,-0.024380079,0.26701012,28.85641,25.123291,4.344212,-7.4910564,13.847584,0.0,1.774788,-1.6077713,8.863991,35.837994,798.12885,1504.9071,8.602633,1973.1445,2051.4497,-11.50627,2605.418,1344.4233,-12.621816,0 days 00:00:08.404240908,0 days 00:00:08.504240908
0 days 00:00:00.840000,0 days 00:00:00.940000,answer2,1.6725429,-23.358229,36.752254,0.019007066,-0.024401395,0.26461998,29.433556,25.053946,4.4532113,-7.0536194,13.67492,0.027042814,1.587592,-1.037608,8.011292,35.697643,774.5262,1411.4327,8.470284,1914.0869,1312.1963,-10.724978,2707.7595,1248.5708,-11.660464,0 days 00:00:08.414240908,0 days 00:00:08.514240908
0 days 00:00:00.850000,0 days 00:00:00.950000,answer2,1.6736151,-23.893623,38.089085,0.01370997,-0.02491268,0.23887728,30.309973,24.701523,4.899401,-6.0923495,13.497246,0.0,1.6703285,-0.5771571,7.2045875,36.221653,722.15607,1497.0099,11.333649,1959.0565,2430.1562,-11.59246,2622.0488,1304.9917,-12.467564,0 days 00:00:08.424240908,0 days 00:00:08.524240908
0 days 00:00:00.860000,0 days 00:00:00.960000,answer2,1.6556959,-24.109741,39.503143,0.012388855,-0.024803549,0.2124989,31.024137,24.014631,5.824707,-4.7699122,13.36925,0.013254724,2.3278697,-0.31979463,7.016332,36.58127,665.6431,1547.834,-58.9957,1843.5459,2699.3408,-75.48582,2458.183,1039.9044,-75.8794,0 days 00:00:08.434240908,0 days 00:00:08.534240908
0 days 00:00:00.870000,0 days 00:00:00.970000,answer2,1.6128196,-23.880777,40.159733,0.014886198,-0.02378281,0.22307356,31.193487,23.051214,7.0398955,-3.234616,13.297375,0.013254724,2.9854107,-0.34480825,0.0,0.0,564.09357,1537.9912,-54.483234,1748.6342,2771.587,-74.141106,2438.459,1155.2295,-76.28397,0 days 00:00:08.444240908,0 days 00:00:08.544240908
0 days 00:00:00.880000,0 days 00:00:00.980000,answer2,1.5459543,-23.399277,40.08524,0.015125231,-0.021861939,0.25613248,30.689667,22.05462,8.328201,-1.4703674,13.310321,0.0,2.7182627,-0.2713193,9.49749,37.79664,501.276,1528.5013,-54.337414,1552.8276,1756.3828,-70.821205,2525.953,1175.6898,-75.43038,0 days 00:00:08.454240908,0 days 00:00:08.554240908
0 days 00:00:00.890000,0 days 00:00:00.990000,answer2,1.4685307,-22.923157,39.729855,0.016081264,-0.020642782,0.26823607,29.708696,21.274225,9.511715,0.4443653,13.366593,0.003971636,2.0635061,-0.44589671,9.597287,37.878696,565.24457,1483.9027,14.162346,1540.5385,1517.7589,-7.302681,2566.6653,1053.7153,-12.964793,0 days 00:00:08.464240908,0 days 00:00:08.564240908
0 days 00:00:00.900000,0 days 00:00:01,answer2,1.4147733,-22.656626,39.624596,0.016263485,-0.020149002,0.26119378,28.92398,20.86743,10.268355,1.7863388,13.420109,0.0,1.4087495,-0.6267906,9.725284,37.991306,679.07574,1515.3652,9.033175,1638.7773,1457.5908,-8.490693,2592.0215,961.08,-13.062858,0 days 00:00:08.474240908,0 days 00:00:08.574240908
0 days 00:00:00.900000,0 days 00:00:01.000997732,answer2,1.3896345,-22.562805,39.569168,0.0178469,-0.020154973,0.25593576,28.52558,20.727869,10.608564,2.4262466,13.443994,0.0,1.4087495,-0.8238849,9.796882,38.04282,791.41364,1485.8959,4.499282,1739.687,1323.4315,-10.444438,2604.8975,842.9648,-13.603218,0 days 00:00:08.474240908,0 days 00:00:08.575238640
0 days 00:00:00,0 days 00:00:00.100000,answer3,1.7634107,0.2028187,25.421911,0.02591566,-0.0089307,0.09200535,20.297945,3.4941452,-20.255976,-16.042906,32.19322,0.0,2.0832417,5.5603333,-9.087671,9.0951605,897.17065,1219.1831,22.683275,1806.6642,1391.4971,-5.7029443,2736.7422,823.372,-5.0575714,0 days 00:00:14.514514515,0 days 00:00:14.614514515
0 days 00:00:00.010000,0 days 00:00:00.110000,answer3,1.8449378,-1.4801372,25.730162,0.03553502,-0.009446863,0.23791493,21.757101,4.4513474,-18.523005,-15.392573,32.131542,0.004141647,1.7725853,4.5846467,-8.839601,11.174834,734.8962,1340.3046,15.788682,1581.8356,1391.4474,2.2073987,2517.1602,904.1912,-7.621176,0 days 00:00:14.524514515,0 days 00:00:14.624514515
0 days 00:00:00.020000,0 days 00:00:00.120000,answer3,2.0264044,-3.905358,25.858696,0.047269437,-0.010284544,0.43225598,23.991676,5.2872715,-16.560427,-14.756461,32.116776,0.0035873784,1.4536133,3.1225739,-9.113901,12.3973465,539.05945,1633.2144,8.246881,1340.5725,1447.5137,8.595798,2378.6028,1076.6757,-9.974828,0 days 00:00:14.534514515,0 days 00:00:14.634514515
0 days 00:00:00.030000,0 days 00:00:00.130000,answer3,2.2920697,-6.2401276,26.691986,0.053623974,-0.011714528,0.5740343,26.225374,5.267343,-15.567689,-14.761639,32.107067,0.0034934052,1.295948,2.1821957,-6.3641143,15.407395,605.8322,1634.9772,6.1393714,1557.0941,1340.8993,5.3164916,2403.6355,1390.0181,-11.821317,0 days 00:00:14.544514515,0 days 00:00:14.644514515
0 days 00:00:00.040000,0 days 00:00:00.140000,answer3,2.5653722,-8.429856,27.861664,0.05979839,-0.011811721,0.68237084,27.937227,4.811429,-15.051076,-15.278939,32.14096,0.0035985794,1.5346756,1.3265052,-1.3447436,18.947035,794.25934,1459.1763,9.194862,1893.7709,1180.674,-4.452635,2908.9055,1464.2721,-13.075539,0 days 00:00:14.554514515,0 days 00:00:14.654514515
0 days 00:00:00.050000,0 days 00:00:00.150000,answer3,2.7844114,-10.6040945,29.74678,0.06428814,-0.011210941,0.74720573,29.118166,4.5473046,-14.413609,-15.995774,32.121124,0.0063731777,1.4192481,0.02957511,5.668158,22.741495,1018.4744,1205.0175,11.049933,2140.28,1306.2926,-15.830256,2941.1472,1308.6451,-14.613983,0 days 00:00:14.564514515,0 days 00:00:14.664514515
0 days 00:00:00.060000,0 days 00:00:00.160000,answer3,2.9255683,-12.771823,31.284143,0.066355914,-0.010435938,0.7772593,29.81516,4.7124443,-13.405171,-16.44766,33.15276,0.07903218,1.2306367,-0.64251333,13.319486,28.753462,996.6064,1120.9783,9.004256,2080.5173,1194.4897,-16.859835,3349.7131,1240.3632,-17.766672,0 days 00:00:14.574514515,0 days 00:00:14.674514515
0 days 00:00:00.070000,0 days 00:00:00.170000,answer3,2.992441,-14.901466,32.8079,0.06547707,-0.010293852,0.7641327,30.011566,5.235349,-12.114207,-16.225798,34.13972,0.0793009,0.8283177,0.92635673,18.186058,35.371487,980.5327,1095.9586,6.594837,2043.5264,1162.805,-17.3463,3241.0056,1159.2208,-21.899553,0 days 00:00:14.584514515,0 days 00:00:14.684514515
0 days 00:00:00.080000,0 days 00:00:00.180000,answer3,3.0047104,-16.931519,34.577816,0.06444337,-0.011498532,0.717385,29.70458,5.855976,-10.779938,-15.343932,35.147392,0.076858036,2.213127,4.463907,22.1952,42.683414,964.7688,1012.47125,4.6998887,2125.176,821.6231,-15.443217,3537.3215,1384.8981,-26.31414,0 days 00:00:14.594514515,0 days 00:00:14.694514515
0 days 00:00:00.090000,0 days 00:00:00.190000,answer3,2.9831564,-18.703163,36.491093,0.058818642,-0.013740033,0.64506644,29.09726,6.402696,-9.603541,-14.228767,35.191975,0.004244952,3.6688251,7.905491,22.16069,46.24986,945.8924,995.7497,0.46635547,2087.2683,839.1844,-18.333733,3311.8015,1340.2201,-30.352137,0 days 00:00:14.604514515,0 days 00:00:14.704514515
0 days 00:00:00.100000,0 days 00:00:00.200000,answer3,2.950588,-19.937706,38.447845,0.054045815,-0.016071327,0.568295,28.438662,6.8689766,-8.64428,-13.461474,35.322716,0.0058829016,4.123853,9.85938,22.691254,44.761627,958.10504,1156.4769,-2.3717573,2043.5493,1031.8818,-20.058165,3179.473,1448.7137,-29.836359,0 days 00:00:14.614514515,0 days 00:00:14.714514515
0 days 00:00:00.110000,0 days 00:00:00.210000,answer3,2.9256322,-20.51789,39.36211,0.047261104,-0.017477637,0.4780796,27.984428,7.3474765,-8.21564,-13.307053,35.447018,0.010495264,2.9437141,10.93113,22.534174,44.04858,1088.299,1269.4398,-7.475815,1874.0751,1972.1803,-19.42277,2977.338,1386.6205,-29.961487,0 days 00:00:14.624514515,0 days 00:00:14.724514515
0 days 00:00:00.120000,0 days 00:00:00.220000,answer3,2.9211228,-20.61815,39.352722,0.046771076,-0.018222071,0.42415705,27.720549,7.849954,-8.608298,-13.750481,35.49188,0.014188941,1.5963622,10.914433,22.075247,42.362408,1091.0142,1456.8522,-8.44243,1737.1812,2136.8938,-16.49994,2788.1338,1276.8519,-28.791967,0 days 00:00:14.634514515,0 days 00:00:14.734514515
0 days 00:00:00.130000,0 days 00:00:00.230000,answer3,2.9309833,-20.599459,38.673058,0.048667032,-0.018872553,0.37307778,27.53892,8.329365,-9.60323,-14.446389,35.496296,0.013993833,1.2412122,10.025188,21.258547,42.112976,1084.4554,1439.806,-8.851338,1703.3922,2114.3281,-15.118327,2760.9636,1203.7506,-28.520761,0 days 00:00:14.644514515,0 days 00:00:14.744514515
0 days 00:00:00.140000,0 days 00:00:00.240000,answer3,2.9394302,-20.672773,38.320385,0.052366078,-0.019658336,0.33996502,27.236536,8.679803,-10.426721,-14.846141,35.514503,0.013425965,1.0232838,8.799917,21.024801,40.991688,951.8725,1408.6193,-5.1625333,1798.1962,1277.8552,-16.921223,2794.6213,1173.5288,-27.028292,0 days 00:00:14.654514515,0 days 00:00:14.754514515
0 days 00:00:00.150000,0 days 00:00:00.250000,answer3,2.9364603,-20.83768,37.67863,0.056474324,-0.02024694,0.3044067,26.680914,8.921948,-10.422234,-14.186734,35.55607,0.013447779,0.79318815,8.094972,21.017784,40.465977,930.3911,1272.1548,-4.0463557,1860.464,1168.6401,-17.90583,2822.41,1157.472,-26.157013,0 days 00:00:14.664514515,0 days 00:00:14.764514515
0 days 00:00:00.160000,0 days 00:00:00.260000,answer3,2.929578,-20.99763,36.722828,0.058067013,-0.01956235,0.32323146,25.855421,9.33818,-9.5212755,-12.027259,35.586,0.018413195,1.2290518,8.308572,21.057472,39.67551,924.7075,1199.1298,-3.271114,1916.2715,1074.0045,-18.615774,2909.8762,1112.327,-25.50691,0 days 00:00:14.674514515,0 days 00:00:14.774514515
0 days 00:00:00.170000,0 days 00:00:00.270000,answer3,2.9328263,-21.046488,35.605053,0.056829024,-0.017972078,0.37957123,24.83522,10.165989,-8.170323,-8.834067,35.57706,0.016773088,1.4500006,9.1206255,21.089937,38.80351,927.6491,1239.7018,-3.286198,1971.7671,1051.4513,-18.274797,2913.9004,1313.8969,-25.449188,0 days 00:00:14.684514515,0 days 00:00:14.784514515
0 days 00:00:00.180000,0 days 00:00:00.280000,answer3,2.9575949,-20.883383,35.247288,0.0547725,-0.016172526,0.4420607,23.759073,11.189805,-7.046005,-5.816351,35.54346,0.022751091,1.6217948,10.099675,22.037806,38.006786,997.6033,1375.6681,-8.728413,2067.286,1149.8427,-18.696638,2989.8865,2104.028,-25.637558,0 days 00:00:14.694514515,0 days 00:00:14.794514515
0 days 00:00:00.190000,0 days 00:00:00.290000,answer3,3.0224392,-20.396494,35.72751,0.052556876,-0.01572709,0.50265145,22.75723,11.744293,-7.2273064,-4.3218827,35.511135,0.022016063,1.0386559,10.482037,24.200708,35.671505,759.6006,1557.1388,-11.580685,1854.3986,1219.5146,-18.637136,2759.8484,2123.9185,-23.900267,0 days 00:00:14.704514515,0 days 00:00:14.804514515
0 days 00:00:00.200000,0 days 00:00:00.300000,answer3,3.1534278,-19.481993,36.45622,0.056773484,-0.016206307,0.57182527,21.787039,11.367177,-9.526102,-5.0575385,35.481495,0.022948397,0.91371965,10.297668,25.544222,33.833836,531.8677,1597.8672,0.0,1622.6982,1200.1777,-17.149403,2617.6462,1782.3983,-22.022646,0 days 00:00:14.714514515,0 days 00:00:14.814514515
0 days 00:00:00.210000,0 days 00:00:00.310000,answer3,3.3492138,-18.162828,35.679504,0.060256332,-0.016402135,0.6572112,20.730207,10.155009,-13.81982,-7.493759,35.432255,0.014238492,0.77066976,10.078956,26.162628,32.50333,566.2611,1505.0575,0.0,1538.9303,1473.9232,-17.171392,2532.3098,1122.0952,-19.991219,0 days 00:00:14.724514515,0 days 00:00:14.824514515
0 days 00:00:00.220000,0 days 00:00:00.320000,answer3,3.5703313,-16.589527,32.76414,0.06596449,-0.015914418,0.7330949,19.536613,8.579903,-18.863686,-10.361112,35.352592,0.008094593,0.9485326,10.372772,25.557867,34.877995,780.5018,1327.8297,-12.464611,1654.9088,1365.7472,-14.191963,2635.2073,970.74115,-20.771044,0 days 00:00:14.734514515,0 days 00:00:14.834514515
0 days 00:00:00.230000,0 days 00:00:00.330000,answer3,3.75667,-14.9761505,28.712097,0.06557584,-0.01529988,0.8114336,18.46456,7.3385854,-22.92595,-12.083957,35.25488,0.011073816,0.86775297,10.356516,24.34311,35.86435,984.7203,1209.3912,-6.32715,1780.5062,1307.1567,-9.6607275,2785.1582,964.98926,-18.824732,0 days 00:00:14.744514515,0 days 00:00:14.844514515
0 days 00:00:00.240000,0 days 00:00:00.340000,answer3,3.8746588,-13.499206,25.246964,0.061128497,-0.014732265,0.85222715,17.78364,6.8035545,-24.974909,-12.112603,35.12302,0.013297343,1.0603598,9.840568,22.065374,38.051,873.3846,1180.5941,6.251777,1729.9385,898.03436,-0.7615822,2848.465,832.45306,-16.571402,0 days 00:00:14.754514515,0 days 00:00:14.854514515
0 days 00:00:00.250000,0 days 00:00:00.350000,answer3,3.9259014,-12.341413,23.39955,0.054476876,-0.014117873,0.8003979,17.560602,6.8555393,-25.028427,-10.945137,34.98081,0.016676836,0.955215,9.285114,19.159319,39.999786,866.3057,1184.8893,12.369184,1730.0394,877.5494,3.2596846,2904.9473,899.458,-17.330404,0 days 00:00:14.764514515,0 days 00:00:14.864514515
0 days 00:00:00.260000,0 days 00:00:00.360000,answer3,3.9374382,-11.650731,22.759521,0.048343774,-0.01290265,0.63569945,17.711391,7.013428,-23.8058,-9.564568,34.849518,0.011421428,1.1383084,9.363171,17.022287,40.043285,852.7542,1176.669,14.191025,1722.7748,865.79443,3.9644833,2829.5183,827.2161,-19.2099,0 days 00:00:14.774514515,0 days 00:00:14.874514515
0 days 00:00:00.270000,0 days 00:00:00.370000,answer3,3.937657,-11.436283,23.382812,0.043093115,-0.011065945,0.5018714,18.139677,6.919918,-21.89707,-8.517428,34.78188,0.010493175,1.0918239,9.801815,16.033018,38.703148,831.595,1129.5884,11.74411,1705.4551,806.1543,1.3300745,2730.749,739.0213,-22.482313,0 days 00:00:14.784514515,0 days 00:00:14.884514515
0 days 00:00:00.280000,0 days 00:00:00.380000,answer3,3.9417906,-11.558352,25.038488,0.039591346,-0.010357539,0.40318027,18.740267,6.495752,-19.44467,-7.6408916,34.78168,0.0070952326,1.0885488,10.174328,15.741532,36.370197,826.7952,1118.3556,9.962519,1704.2267,808.3433,-0.07493099,2653.7285,645.6426,-22.905462,0 days 00:00:14.794514515,0 days 00:00:14.894514515
0 days 00:00:00.290000,0 days 00:00:00.390000,answer3,3.9464438,-11.82861,26.821276,0.038087573,-0.010724506,0.38203287,19.288637,5.669645,-16.612091,-6.6976066,34.828278,0.0057571516,0.6801677,10.5505295,15.327263,36.54549,820.0762,1213.4753,8.4336195,1689.1359,821.155,-0.9443772,2776.2522,666.7753,-24.758966,0 days 00:00:14.804514515,0 days 00:00:14.904514515
0 days 00:00:00.300000,0 days 00:00:00.400000,answer3,3.9421203,-12.104335,26.97236,0.04051006,-0.012801277,0.40134564,19.527987,4.3918214,-13.676999,-6.0277963,34.887928,0.0039528185,0.64298457,10.966712,14.725011,35.782726,826.0983,1256.9907,7.176329,1695.6592,837.55664,-1.3799776,2889.3027,704.2227,-24.905832,0 days 00:00:14.814514515,0 days 00:00:14.914514515
0 days 00:00:00.310000,0 days 00:00:00.410000,answer3,3.915575,-12.295625,25.248503,0.041981917,-0.0153830275,0.49246588,19.30252,2.844445,-11.0116,-6.3420467,34.919605,0.0040943082,0.49847293,11.253161,14.259468,35.17517,827.9179,1245.3485,6.31517,1710.4403,826.9539,-1.7657919,2908.922,737.11865,-24.660965,0 days 00:00:14.824514515,0 days 00:00:14.924514515
0 days 00:00:00.320000,0 days 00:00:00.420000,answer3,3.8531168,-12.349651,22.46727,0.041891303,-0.017972069,0.6060892,18.618807,1.5113798,-8.870297,-7.9919906,34.90301,0.0048299516,0.55361587,11.235069,14.285782,35.509205,837.1447,1134.7549,6.261459,1755.0874,800.26025,-2.3325145,2812.3645,713.75275,-24.792238,0 days 00:00:14.834514515,0 days 00:00:14.934514515
0 days 00:00:00.330000,0 days 00:00:00.430000,answer3,3.747366,-12.25856,20.403456,0.04263173,-0.020531794,0.65872645,17.665178,1.0059756,-7.4611707,-10.626976,34.81738,0.0041680844,0.36994818,10.824994,14.720734,34.25797,832.1304,1068.273,6.747004,1784.6957,763.6577,-4.4497194,2702.1545,657.1159,-23.153463,0 days 00:00:14.844514515,0 days 00:00:14.944514515
0 days 00:00:00.340000,0 days 00:00:00.440000,answer3,3.6060812,-12.074071,18.913975,0.04123908,-0.021772316,0.6849944,16.703844,1.6690727,-6.705936,-13.587338,34.691563,0.003637406,0.37656823,10.135125,14.765106,31.448988,830.7488,1051.7826,7.313864,1809.8285,741.085,-5.816362,2708.5159,647.2553,-20.176466,0 days 00:00:14.854514515,0 days 00:00:14.954514515
0 days 00:00:00.350000,0 days 00:00:00.450000,answer3,3.4569795,-11.875224,18.305914,0.040971827,-0.023035372,0.6908048,15.878905,3.3054326,-6.1384983,-16.514074,34.520638,0.0030529164,0.46736583,9.154296,13.435844,26.906046,830.64825,1038.6398,6.9640846,1827.1875,737.4677,-7.197323,2698.3113,654.93353,-16.168228,0 days 00:00:14.864514515,0 days 00:00:14.964514515
0 days 00:00:00.360000,0 days 00:00:00.460000,answer3,3.3344982,-11.716054,17.754686,0.037327826,-0.023533681,0.65646833,15.232688,5.3212085,-5.2285438,-19.247046,34.3021,0.0030056247,0.5479339,7.902513,10.243121,23.68902,878.41205,1168.9503,5.40875,1913.3698,819.623,-8.987703,2772.2988,603.14,-15.002442,0 days 00:00:14.874514515,0 days 00:00:14.974514515
0 days 00:00:00.370000,0 days 00:00:00.470000,answer3,3.2563267,-11.6416855,17.003462,0.03437974,-0.024478897,0.5781234,14.842148,7.301426,-3.8085015,-21.717825,34.06063,0.0044333176,0.5760581,6.825588,6.3054295,20.797323,876.0975,1166.3695,3.6253223,1947.4536,828.9179,-13.396141,2786.6162,673.27856,-15.440127,0 days 00:00:14.884514515,0 days 00:00:14.984514515
0 days 00:00:00.380000,0 days 00:00:00.480000,answer3,3.2103157,-11.755005,16.332544,0.031552847,-0.024830982,0.502549,14.852089,9.327207,-2.0286129,-23.774866,33.849503,0.0048680436,0.62468,6.3013253,3.1211119,17.683348,870.9589,1176.5293,2.411484,1987.611,831.0478,-16.124886,2819.8594,785.72906,-16.133379,0 days 00:00:14.894514515,0 days 00:00:14.994514515
0 days 00:00:00.390000,0 days 00:00:00.490000,answer3,3.1604955,-12.237939,16.871302,0.029757103,-0.025556117,0.48390427,15.296817,11.632218,-0.008250713,-25.172583,33.683975,0.007729707,1.0275176,6.285132,1.0133902,13.948354,827.0611,1044.6127,1.8052756,1955.8942,757.4348,-16.568773,2776.3376,913.0467,-15.746997,0 days 00:00:14.904514515,0 days 00:00:15.004514515
0 days 00:00:00.400000,0 days 00:00:00.500000,answer3,3.0723667,-13.205395,18.72341,0.031504925,-0.026239475,0.5018055,16.070917,14.14873,2.2913458,-25.62075,33.539528,0.010588973,1.3820444,6.288035,0.5054608,13.243668,834.44794,1033.9088,0.82595706,1980.2402,718.1756,-15.025494,2855.3914,996.5273,-16.479122,0 days 00:00:14.914514515,0 days 00:00:15.014514515
0 days 00:00:00.410000,0 days 00:00:00.510000,answer3,2.9290092,-14.557533,21.20977,0.0339547,-0.02693408,0.50318617,17.03831,16.427055,4.8985796,-24.942604,33.365288,0.013707013,1.3683513,6.4699783,1.7628628,16.984694,842.6618,997.5076,-0.9503408,1988.7826,679.8709,-15.898501,2876.681,954.8545,-19.30535,0 days 00:00:14.924514515,0 days 00:00:15.024514515
0 days 00:00:00.420000,0 days 00:00:00.520000,answer3,2.738554,-16.00387,23.700403,0.036407437,-0.026344942,0.46455166,18.163168,18.032156,7.5985475,-23.48387,33.19167,0.011688974,1.0335234,7.0011425,5.183577,22.489716,845.1175,994.96954,-3.7794402,2006.3756,650.4178,-17.797483,2928.1614,1017.0266,-22.48488,0 days 00:00:14.934514515,0 days 00:00:15.034514515
0 days 00:00:00.430000,0 days 00:00:00.530000,answer3,2.5256474,-17.235418,25.650864,0.038762894,-0.024555199,0.41611895,19.422277,18.788752,9.9469185,-22.002089,33.00488,0.009688109,0.7676191,7.652247,8.64701,27.773035,843.0696,1044.2651,-7.756121,2010.5289,729.0358,-21.143099,2867.3254,1019.5664,-26.192665,0 days 00:00:14.944514515,0 days 00:00:15.044514515
0 days 00:00:00.440000,0 days 00:00:00.540000,answer3,2.316656,-18.080542,26.888334,0.040347043,-0.022626707,0.38051048,20.741934,18.762754,11.477582,-20.951866,32.80006,0.0077950894,0.6380107,7.9182754,10.201834,28.796295,835.75366,1141.7036,-12.902759,2006.1904,834.21606,-24.735132,2844.2234,1073.0284,-27.831482,0 days 00:00:14.954514515,0 days 00:00:15.054514515
0 days 00:00:00.450000,0 days 00:00:00.550000,answer3,2.1258967,-18.466858,27.524725,0.043640554,-0.022122914,0.3423537,21.980215,18.16526,11.90582,-20.217682,32.55167,0.009290862,0.7854886,7.828263,9.550295,30.839678,832.416,1208.7057,-16.969397,2016.2584,944.5699,-30.503845,2788.5383,1147.4559,-31.682861,0 days 00:00:14.964514515,0 days 00:00:15.064514515
0 days 00:00:00.460000,0 days 00:00:00.560000,answer3,1.9540559,-18.303831,28.134996,0.04364334,-0.022259096,0.3282394,22.893524,17.237867,11.277719,-19.066442,32.372875,0.0064282925,0.6403541,7.5693893,8.129623,31.089973,833.80206,1234.4148,-19.94856,1983.6616,1022.96875,-34.934116,2759.9854,1078.5939,-33.718765,0 days 00:00:14.974514515,0 days 00:00:15.074514515
0 days 00:00:00.470000,0 days 00:00:00.570000,answer3,1.7985115,-17.459738,28.353971,0.040310767,-0.022204125,0.32817385,23.0591,16.30644,9.933711,-16.936758,32.32845,0.009270935,0.89953333,7.165674,7.179001,32.32063,842.5786,1200.8788,-20.550257,1967.4772,1039.7523,-37.858,2743.632,1025.7689,-35.81494,0 days 00:00:14.984514515,0 days 00:00:15.084514515
0 days 00:00:00.480000,0 days 00:00:00.580000,answer3,1.6645985,-16.02163,27.6439,0.03430603,-0.020988157,0.33301792,22.132866,15.714377,8.490537,-13.914051,32.394073,0.014101411,0.72474176,6.5328865,6.550012,29.04859,856.7498,1159.9532,-20.452759,1959.1957,990.9747,-37.941235,2820.3562,1003.1211,-33.093937,0 days 00:00:14.994514515,0 days 00:00:15.094514515
0 days 00:00:00.490000,0 days 00:00:00.590000,answer3,1.5641395,-14.448262,25.970236,0.027874673,-0.019226,0.29329237,20.249498,15.747716,7.636976,-10.947106,32.45279,0.021504855,0.7413497,5.560187,6.2025585,27.513283,873.5837,1124.81,-20.149569,1967.1006,953.37524,-35.658512,2833.3035,977.6668,-32.949802,0 days 00:00:15.004514515,0 days 00:00:15.104514515
0 days 00:00:00.500000,0 days 00:00:00.600000,answer3,1.5056862,-13.246002,24.01682,0.025727227,-0.01762169,0.22751367,18.060942,16.381384,7.6344337,-9.194011,32.696808,0.024559563,0.6213719,4.023321,6.079242,22.737625,888.83026,1108.8407,-19.18966,1978.1465,955.55365,-32.814556,2824.5261,1008.9006,-30.933554,0 days 00:00:15.014514515,0 days 00:00:15.114514515
0 days 00:00:00.510000,0 days 00:00:00.610000,answer3,1.4836532,-12.550853,22.463648,0.0254946,-0.017007116,0.17096274,16.24813,17.285515,8.112775,-9.092223,29.058603,0.18443,1.7614444,1.5188233,9.036521,25.95669,885.8211,1114.3214,-14.884274,1925.0416,975.4375,-25.481096,2730.4268,817.0911,-28.647484,0 days 00:00:15.024514515,0 days 00:00:15.124514515
0 days 00:00:00.520000,0 days 00:00:00.620000,answer3,1.491938,-12.057007,21.420998,0.027868927,-0.017369155,0.1471733,15.180863,17.83623,8.22029,-9.955304,27.356876,0.26482865,2.4238503,0.108362615,10.5822315,24.98213,874.3664,1139.8282,-75.04741,1900.6246,967.6955,-82.10485,2710.2024,778.545,-83.71122,0 days 00:00:15.034514515,0 days 00:00:15.134514515
0 days 00:00:00.530000,0 days 00:00:00.630000,answer3,1.5321349,-11.331941,20.431538,0.029688941,-0.01691021,0.1493475,14.937732,17.373411,7.137175,-10.643357,0.0,0.0,0.0,0.0,0.0,0.0,866.59686,1165.4155,-136.14088,1908.9097,948.5068,-139.30246,2722.1917,796.7654,-140.90883,0 days 00:00:15.044514515,0 days 00:00:15.144514515
0 days 00:00:00.540000,0 days 00:00:00.640000,answer3,1.6108495,-10.085171,19.49247,0.031242631,-0.014425573,0.16193376,15.411812,15.638359,4.6708407,-10.654981,0.0,0.0,0.0,0.0,0.0,0.0,858.4078,1189.2045,-201.0,1906.2662,953.0826,-201.0,2722.5579,805.6926,-201.0,0 days 00:00:15.054514515,0 days 00:00:15.154514515
0 days 00:00:00.550000,0 days 00:00:00.650000,answer3,1.7229887,-8.381633,18.122393,0.030880824,-0.010130239,0.17275862,16.290762,12.851375,1.3431816,-10.329525,0.0,0.0,0.0,0.0,0.0,0.0,885.3654,1184.9036,-201.0,1949.316,1003.42303,-201.0,2761.2117,859.56885,-201.0,0 days 00:00:15.064514515,0 days 00:00:15.164514515
0 days 00:00:00.560000,0 days 00:00:00.660000,answer3,1.8493328,-6.588465,16.751034,0.030834945,-0.006408214,0.1738355,17.183388,9.499443,-1.9037805,-10.148497,0.0,0.0,0.0,0.0,0.0,0.0,901.6784,1178.9888,-134.05241,1897.8763,1077.1626,-136.84016,2754.5068,771.0806,-137.46065,0 days 00:00:15.074514515,0 days 00:00:15.174514515
0 days 00:00:00.570000,0 days 00:00:00.670000,answer3,1.9664074,-5.189398,15.45608,0.031227067,-0.004380859,0.16795112,17.880028,6.0682983,-4.265737,-10.054494,14.403522,0.0,0.0,-4.1332,-11.438467,12.631295,927.56696,1140.2863,-66.39392,1901.9863,1169.0175,-74.00881,2751.6077,816.51605,-75.28428,0 days 00:00:15.084514515,0 days 00:00:15.184514515
0 days 00:00:00.580000,0 days 00:00:00.680000,answer3,2.0553045,-4.4383698,15.134406,0.03355358,-0.003927439,0.16320899,18.38223,2.9892495,-5.37706,-9.537277,14.465495,0.0,0.0,-4.2601266,-12.2083235,11.228794,920.16705,1140.0219,3.2815125,1833.2452,1209.8436,-10.322765,2708.6445,799.5484,-12.289715,0 days 00:00:15.094514515,0 days 00:00:15.194514515
0 days 00:00:00.590000,0 days 00:00:00.690000,answer3,2.1051204,-4.3316436,15.394798,0.035289053,-0.0033662429,0.1703979,18.745619,0.7212649,-5.321644,-8.337317,14.551155,0.0,0.0,-3.575805,-12.60517,9.824512,904.26215,1240.5204,7.854828,1767.2999,1248.1753,-5.361117,2690.7197,816.12744,-9.524503,0 days 00:00:15.104514515,0 days 00:00:15.204514515
0 days 00:00:00.600000,0 days 00:00:00.700000,answer3,2.1133683,-4.69976,15.744105,0.036717225,-0.003055793,0.1722254,18.969595,-0.36205378,-4.4708695,-6.624371,14.482826,0.0,0.0,-3.4370072,-10.397472,11.055138,879.2115,1493.6488,10.646152,1652.6372,1303.1239,1.9866675,2653.2383,843.06366,-6.691578,0 days 00:00:15.114514515,0 days 00:00:15.214514515
0 days 00:00:00.610000,0 days 00:00:00.710000,answer3,2.0837657,-5.3183837,15.775805,0.03962842,-0.0026550535,0.17269838,18.942898,-0.13883568,-3.336095,-4.911634,14.37564,0.0,0.0,-3.2487926,-8.150105,12.180516,873.10175,1619.3036,10.409759,1623.8285,1308.6478,7.4030514,2654.0488,800.0957,-5.7711806,0 days 00:00:15.124514515,0 days 00:00:15.224514515
0 days 00:00:00.620000,0 days 00:00:00.720000,answer3,2.022638,-5.9600143,15.519387,0.043643575,-0.0030827739,0.15956303,18.578016,1.173756,-2.3417742,-3.6024723,14.294563,0.0,0.9778941,-3.2149076,-7.3193913,12.693454,877.88306,1587.507,-61.11115,1642.3271,1246.8512,-61.718426,2649.3457,747.5713,-72.075745,0 days 00:00:15.134514515,0 days 00:00:15.234514515
0 days 00:00:00.630000,0 days 00:00:00.730000,answer3,1.9390159,-6.3733616,15.177338,0.045146022,-0.0031499017,0.15150438,17.859167,2.9990776,-1.8456024,-2.7947521,0.0,0.0,0.0,0.0,0.0,0.0,698.5044,1621.3584,-131.56096,1522.4747,1330.2372,-131.89757,2431.4324,881.11884,-137.08504,0 days 00:00:15.144514515,0 days 00:00:15.244514515
0 days 00:00:00.640000,0 days 00:00:00.740000,answer3,1.8480972,-6.294703,14.981801,0.044402223,-0.0033646217,0.1477641,16.868454,4.5685043,-2.0715566,-2.3446798,0.0,0.0,0.0,0.0,0.0,0.0,483.99527,1748.831,-201.0,1351.2332,1405.9521,-201.0,2202.5605,1079.2242,-201.0,0 days 00:00:15.154514515,0 days 00:00:15.254514515
0 days 00:00:00.650000,0 days 00:00:00.750000,answer3,1.768618,-5.637079,14.839234,0.039936587,-0.0025195356,0.14863706,15.683085,5.2589765,-2.8853505,-2.0170782,0.0,0.0,0.0,0.0,0.0,0.0,295.06873,1889.4191,-201.0,1192.6178,1497.4316,-201.0,2009.9843,1257.2892,-201.0,0 days 00:00:15.164514515,0 days 00:00:15.264514515
0 days 00:00:00.660000,0 days 00:00:00.760000,answer3,1.7148503,-4.607783,14.786618,0.03528412,-0.0016121158,0.14746995,14.352908,4.926345,-3.7742398,-1.6817187,0.0,0.0,0.0,0.0,0.0,0.0,511.09048,1685.9503,-201.0,1412.5819,1342.1641,-201.0,2288.7053,1005.0115,-201.0,0 days 00:00:15.174514515,0 days 00:00:15.274514515
0 days 00:00:00.670000,0 days 00:00:00.770000,answer3,1.68798,-3.5530217,13.7623205,0.028815024,-0.0008024333,0.13631476,12.924321,3.994551,-4.1861844,-1.2671686,0.0,0.0,0.0,0.0,0.0,0.0,761.71387,1512.5917,-201.0,1659.9991,1246.3893,-201.0,2576.948,762.1805,-201.0,0 days 00:00:15.184514515,0 days 00:00:15.284514515
0 days 00:00:00.680000,0 days 00:00:00.780000,answer3,1.6761857,-2.7032146,12.031337,0.024040647,-0.0009659021,0.1266951,11.504712,3.115345,-3.950514,-0.7813627,0.0,0.0,0.0,0.0,0.0,0.0,969.94025,1396.3516,-201.0,1877.6285,1192.4741,-201.0,2842.413,563.8027,-201.0,0 days 00:00:15.194514515,0 days 00:00:15.294514515
0 days 00:00:00.690000,0 days 00:00:00.790000,answer3,1.6642214,-2.2206786,10.158692,0.019941092,-0.0015663899,0.12113014,10.2531,2.8114605,-3.2699854,-0.40235135,0.0,0.0,0.0,0.0,0.0,0.0,953.79346,1424.0337,-201.0,1854.7759,1220.5438,-201.0,2820.122,599.07385,-201.0,0 days 00:00:15.204514515,0 days 00:00:15.304514515
0 days 00:00:00.700000,0 days 00:00:00.800000,answer3,1.6516333,-2.877309,9.767087,0.018643878,-0.0025328177,0.15477213,9.65647,3.7882926,-1.9345441,-0.145713,0.0,0.0,0.0,0.0,0.0,0.0,763.2136,1454.4668,-201.0,1640.7552,1296.6893,-201.0,2558.8416,844.8565,-201.0,0 days 00:00:15.214514515,0 days 00:00:15.314514515
0 days 00:00:00.710000,0 days 00:00:00.810000,answer3,1.6571995,-5.6216283,11.778375,0.0190217,-0.004056497,0.25792006,10.102105,6.3876624,0.18521444,-0.16622202,0.0,0.0,0.0,0.0,0.0,0.0,593.08563,1417.6481,-201.0,1450.4847,1290.5205,-201.0,2318.3672,1015.0295,-201.0,0 days 00:00:15.224514515,0 days 00:00:15.324514515
0 days 00:00:00.720000,0 days 00:00:00.820000,answer3,1.7045803,-10.099065,15.508901,0.023586085,-0.00572707,0.4224379,11.675685,10.196872,2.6286898,-0.70239645,0.0,0.0,0.0,0.0,0.0,0.0,428.08102,1446.8617,-201.0,1278.99,1325.2563,-201.0,2103.4678,1173.9274,-201.0,0 days 00:00:15.234514515,0 days 00:00:15.334514515
0 days 00:00:00.730000,0 days 00:00:00.830000,answer3,1.7991825,-14.941365,19.952745,0.03226718,-0.008382271,0.5838836,13.936648,14.011509,4.301466,-1.9464725,0.0,0.0,0.0,0.0,0.0,0.0,677.28656,1308.0796,-201.0,1631.3545,1282.2843,-201.0,2616.9753,1566.0723,-201.0,0 days 00:00:15.244514515,0 days 00:00:15.344514515
0 days 00:00:00.740000,0 days 00:00:00.840000,answer3,1.9200754,-18.711855,23.991491,0.04075463,-0.011228982,0.6549337,16.377724,16.90646,4.691484,-3.459753,0.0,0.0,0.0,0.0,0.0,0.0,636.81476,1431.6906,-201.0,1599.0707,1315.4125,-142.07158,2607.1177,1542.5605,-142.45227,0 days 00:00:15.254514515,0 days 00:00:15.354514515
0 days 00:00:00.750000,0 days 00:00:00.850000,answer3,2.039834,-21.20505,27.242874,0.04182872,-0.014296354,0.6086024,18.700872,18.656054,4.3738117,-4.4101644,39.66569,0.0,0.0,4.9189863,2.9513674,7.7320595,872.81866,1379.2054,0.0,1918.3252,1274.8539,-86.81547,3085.4866,1743.1475,-87.94049,0 days 00:00:15.264514515,0 days 00:00:15.364514515
0 days 00:00:00.760000,0 days 00:00:00.860000,answer3,2.15566,-22.407578,29.979269,0.041688878,-0.016213167,0.5458499,20.583609,18.965858,4.0328264,-4.5019436,39.577526,0.0,0.0,6.1508403,5.893204,10.018333,859.8923,1481.6196,-31.666946,1894.9786,1185.785,-32.631275,3132.7473,1294.9242,-34.324574,0 days 00:00:15.274514515,0 days 00:00:15.374514515
0 days 00:00:00.770000,0 days 00:00:00.870000,answer3,2.3026917,-22.481323,32.07619,0.037847724,-0.017201358,0.6430602,22.084024,17.720884,3.8775644,-3.8584454,39.426147,0.0,0.0,8.517438,11.259578,15.612002,1098.1036,1490.0898,-33.552475,2180.1628,1218.9341,-40.362988,3392.0127,1573.6049,-40.48035,0 days 00:00:15.284514515,0 days 00:00:15.384514515
0 days 00:00:00.780000,0 days 00:00:00.880000,answer3,2.558019,-22.053434,33.582214,0.039956335,-0.017569488,1.0617384,23.269865,14.759907,3.8162622,-3.34211,39.30411,0.0,0.0,9.266147,12.5238905,18.086912,1017.18304,1551.8102,-34.371647,2037.3824,1233.71,-42.295376,3102.6458,1251.6337,-42.329136,0 days 00:00:15.294514515,0 days 00:00:15.394514515
0 days 00:00:00.790000,0 days 00:00:00.890000,answer3,2.9472625,-21.962934,35.112995,0.04155914,-0.016948199,1.7118021,24.335327,10.751053,4.0901394,-3.5031269,39.1769,0.07222661,2.2293491,8.797811,11.051534,17.699812,1049.3693,1557.1974,-34.459534,2049.7188,1347.3428,-43.9693,3129.2822,1344.966,-41.877274,0 days 00:00:15.304514515,0 days 00:00:15.404514515
0 days 00:00:00.800000,0 days 00:00:00.900000,answer3,3.420348,-22.473007,35.946182,0.0455641,-0.015897075,2.274477,25.121527,6.3752027,4.8857474,-4.783985,39.042194,0.054025743,1.8367176,7.2683873,10.915047,17.313408,1054.278,1477.2609,-34.94345,1998.9443,1266.6014,-41.075333,3231.3196,1137.2966,-39.22011,0 days 00:00:15.314514515,0 days 00:00:15.414514515
0 days 00:00:00.810000,0 days 00:00:00.910000,answer3,3.8530376,-23.234451,36.472897,0.045040224,-0.014426205,2.429128,25.560034,2.5105972,6.0824203,-6.7618713,39.2076,0.029475184,0.9242756,6.9834023,9.902433,18.00405,1189.5378,1360.2529,-33.9567,2225.0586,1315.8329,-39.918674,3663.5867,1330.6514,-39.39546,0 days 00:00:15.324514515,0 days 00:00:15.424514515
0 days 00:00:00.820000,0 days 00:00:00.920000,answer3,4.1442375,-23.836098,36.022003,0.03980652,-0.013365782,2.139713,25.733816,-0.30003056,7.194944,-8.87865,39.59908,0.043957427,1.3769431,8.454588,9.884824,21.21575,1222.5724,1244.7257,-34.46549,2272.1335,1185.5359,-38.551376,3730.7068,1241.3552,-41.490982,0 days 00:00:15.334514515,0 days 00:00:15.434514515
0 days 00:00:00.830000,0 days 00:00:00.930000,answer3,4.2502613,-24.203682,35.700607,0.03751065,-0.013091005,1.8583034,25.850565,-1.7336582,7.801947,-10.708775,40.110306,0.05096494,1.8217134,11.163879,7.7884064,19.676027,1182.1664,1243.3983,-31.80458,2188.8132,1163.4438,-35.975933,3541.9143,1051.2659,-41.758938,0 days 00:00:15.344514515,0 days 00:00:15.444514515
0 days 00:00:00.840000,0 days 00:00:00.940000,answer3,4.1762853,-24.422632,35.90389,0.03910357,-0.013338927,1.928546,26.011574,-1.7577038,7.6030464,-12.108261,40.417053,0.08658856,2.4169223,13.026141,7.965653,16.124313,1047.9293,1503.619,-32.42042,1890.6133,1076.6729,-33.864613,3091.4844,848.91815,-39.18697,0 days 00:00:15.354514515,0 days 00:00:15.454514515
0 days 00:00:00.850000,0 days 00:00:00.950000,answer3,3.95786,-24.698767,37.067642,0.0353393,-0.01352353,2.2537687,26.20432,-0.48498487,6.6091275,-13.028396,40.651974,0.07011889,2.185847,13.777245,9.075326,16.089603,1075.6165,1613.6875,-31.981186,1917.5991,1169.3124,-35.87562,3130.4675,778.6631,-39.34529,0 days 00:00:15.364514515,0 days 00:00:15.464514515
0 days 00:00:00.860000,0 days 00:00:00.960000,answer3,3.6484783,-25.292809,38.96475,0.028706796,-0.013635188,2.2630918,26.254538,1.8476554,5.131124,-13.786689,40.92813,0.062314257,1.7976623,13.919846,11.374386,19.626915,1071.4387,1662.5162,-32.548317,1984.0392,1217.1973,-35.618237,3189.2004,993.88745,-41.150677,0 days 00:00:15.374514515,0 days 00:00:15.474514515
0 days 00:00:00.870000,0 days 00:00:00.970000,answer3,3.2989943,-26.31257,39.848255,0.018244255,-0.015151747,2.0169642,26.249643,5.1503725,4.1818414,-14.312679,41.22672,0.017731467,1.0203947,14.255313,13.499009,24.325205,1058.3184,1451.2399,-31.816622,2100.5146,1159.4669,-40.410015,3274.6624,1164.3286,-42.99265,0 days 00:00:15.384514515,0 days 00:00:15.484514515
0 days 00:00:00.880000,0 days 00:00:00.980000,answer3,2.9633636,-27.369637,39.682163,0.015831672,-0.01837925,1.7517804,25.940552,8.528264,3.774347,-14.891486,41.43214,0.010813606,0.7681174,14.635261,14.781787,26.371832,847.25,1338.3176,-30.77891,1862.4105,1005.3003,-40.34369,2768.9785,1066.4436,-42.368958,0 days 00:00:15.394514515,0 days 00:00:15.494514515
0 days 00:00:00.890000,0 days 00:00:00.990000,answer3,2.6798449,-28.025093,39.189503,0.017229078,-0.021136602,1.7128454,25.474014,11.109639,3.5946739,-15.078309,41.49732,0.011468659,0.6915861,14.949702,15.253913,28.024332,835.1394,1257.6185,-29.863317,1912.1688,900.5376,-43.187073,2874.3264,1063.6324,-42.63373,0 days 00:00:15.404514515,0 days 00:00:15.504514515
0 days 00:00:00.900000,0 days 00:00:01,answer3,2.5154598,-28.201036,39.33435,0.021608705,-0.022467166,1.7186408,24.990898,12.286586,3.2842739,-15.179119,41.484768,0.015115785,0.92255014,14.88652,15.417771,29.036362,845.77484,1282.2662,-29.52178,1941.5863,895.21674,-40.90685,2961.407,1078.2911,-43.14037,0 days 00:00:15.414514515,0 days 00:00:15.514514515
0 days 00:00:00.900000,0 days 00:00:01.000997732,answer3,2.447959,-28.169104,39.72881,0.024569279,-0.022309594,1.6875415,24.75416,12.581528,2.9856403,-15.082496,41.469658,0.017197814,0.99161714,14.821655,15.884492,29.004328,874.8732,1393.3844,-29.747154,2001.749,949.0098,-38.75961,3120.7737,1304.6421,-42.866993,0 days 00:00:15.414514515,0 days 00:00:15.515512247
0 days 00:00:00,0 days 00:00:00.100000,answer4_other1,4.2610993,-4.6122203,23.762571,0.04408182,-0.005055028,0.37750816,23.28274,-7.4462037,-23.157959,-18.439468,33.43919,0.0,4.08528,-1.6693258,-1.8717467,17.255753,653.3415,1745.808,13.561317,1433.9316,1420.5343,3.23328,2364.8503,838.4394,-13.013523,0 days 00:00:18.318318318,0 days 00:00:18.418318318
0 days 00:00:00.010000,0 days 00:00:00.110000,answer4_other1,3.827851,-4.9869804,21.462357,0.04116093,-0.0072969054,0.6737693,22.381775,-5.7126465,-18.308311,-16.155165,33.528748,0.0,3.729573,-1.2611945,-3.0651722,16.20428,512.7172,1746.1123,0.0,1330.8766,1529.4379,3.9220874,2151.761,1093.5458,-14.232686,0 days 00:00:18.328318318,0 days 00:00:18.428318318
0 days 00:00:00.020000,0 days 00:00:00.120000,answer4_other1,3.2946389,-5.6585274,18.736517,0.03518709,-0.009709508,0.85881495,20.951113,-3.7715237,-10.701121,-12.712382,33.597878,0.07943713,3.5517197,-0.55346084,-4.1655974,14.420502,489.10278,1759.724,-101.30555,1343.1516,1581.6273,-63.60956,2139.5068,1147.3027,-76.37568,0 days 00:00:18.338318318,0 days 00:00:18.438318318
0 days 00:00:00.030000,0 days 00:00:00.130000,answer4_other1,2.9404242,-6.4468455,16.966127,0.02719649,-0.0103013255,0.6028583,19.585634,-2.7707446,-3.272479,-9.643603,0.0,0.0,0.0,0.0,0.0,0.0,695.2656,1509.4066,-134.53703,1621.6427,1345.6754,-132.77954,2469.7278,944.28906,-140.07617,0 days 00:00:18.348318318,0 days 00:00:18.448318318
0 days 00:00:00.040000,0 days 00:00:00.140000,answer4_other1,2.702238,-7.1800923,17.012512,0.021856433,-0.010097002,0.39996508,18.517225,-2.2552063,2.0411801,-7.325873,0.0,0.0,0.0,0.0,0.0,0.0,869.7171,1491.2831,-128.68918,1883.7599,1247.071,-132.78606,2730.0403,767.59247,-131.99136,0 days 00:00:18.358318318,0 days 00:00:18.458318318
0 days 00:00:00.050000,0 days 00:00:00.150000,answer4_other1,2.4885778,-7.6701946,17.404387,0.019671826,-0.00979689,0.2996309,17.839943,-1.7166492,4.76765,-5.509714,19.582916,0.0,0.0,-2.5955603,12.4890175,19.607138,740.4274,1584.2675,-59.65312,1710.9899,1336.7052,-64.14649,2550.0125,907.4909,-66.60525,0 days 00:00:18.368318318,0 days 00:00:18.468318318
0 days 00:00:00.060000,0 days 00:00:00.160000,answer4_other1,2.2845562,-7.777756,17.02566,0.02127183,-0.009439687,0.26354483,17.40907,-1.2765267,5.346358,-3.6062124,19.623169,0.0,0.0,-2.1619308,11.423366,19.77063,726.1287,1613.878,8.919659,1685.4977,1330.328,1.2821468,2550.4116,915.242,-1.1766146,0 days 00:00:18.378318318,0 days 00:00:18.478318318
0 days 00:00:00.070000,0 days 00:00:00.170000,answer4_other1,2.133269,-7.5552306,15.799538,0.020800257,-0.008937988,0.26015797,17.232725,-1.2848887,4.274982,-1.8240113,19.688726,0.0,0.0,-1.7885057,9.801381,20.99366,552.84106,1722.5133,2.0764742,1414.2583,1475.1665,-1.836892,2343.1729,1029.6772,-7.141871,0 days 00:00:18.388318318,0 days 00:00:18.488318318
0 days 00:00:00.080000,0 days 00:00:00.180000,answer4_other1,2.0932536,-7.4087386,15.282626,0.020080129,-0.0077894987,0.28042933,17.347513,-1.7967453,2.1870167,-0.9278536,19.645533,0.0,1.1696825,-2.6001458,9.704462,18.975979,564.02856,1572.1587,-1.7550918,1458.8207,1387.7052,-5.042564,2340.6287,983.2675,-7.800526,0 days 00:00:18.398318318,0 days 00:00:18.498318318
0 days 00:00:00.090000,0 days 00:00:00.190000,answer4_other1,2.183859,-7.6016045,16.09412,0.02371939,-0.0062378924,0.31445447,17.74749,-2.3051023,-0.29522702,-1.5569617,20.110703,0.013742661,1.7761474,-3.5087783,9.911931,16.789255,527.9462,1619.5781,-2.5414069,1418.8778,1427.3673,-6.7986703,2295.7942,1089.2288,-7.9588833,0 days 00:00:18.408318318,0 days 00:00:18.508318318
0 days 00:00:00.100000,0 days 00:00:00.200000,answer4_other1,2.3743632,-8.054675,17.645617,0.033283994,-0.0047274283,0.351168,18.345243,-2.0489957,-2.5941715,-3.4807987,20.592674,0.017018506,2.5985317,-4.8549294,9.021203,13.468621,533.0304,1646.5552,0.18931651,1360.1968,1475.4047,-5.0986476,2234.2043,1104.3641,-4.491987,0 days 00:00:18.418318318,0 days 00:00:18.518318318
0 days 00:00:00.110000,0 days 00:00:00.210000,answer4_other1,2.6107085,-8.341836,18.477777,0.042693496,-0.0041410197,0.37480342,18.891191,-0.8436994,-4.5973854,-5.7619033,25.890928,0.3490468,2.9162273,-3.3218193,5.2612653,11.490349,667.608,1616.2513,0.6825939,1580.4642,1443.5864,-9.049306,2438.4333,1193.5634,-9.306505,0 days 00:00:18.428318318,0 days 00:00:18.528318318
0 days 00:00:00.120000,0 days 00:00:00.220000,answer4_other1,2.8525298,-8.257214,18.334875,0.050102722,-0.0045798053,0.37638116,19.142668,0.675937,-6.3877244,-7.6212535,30.716421,0.34190562,2.6066499,-1.0880109,1.3657554,9.082958,716.43805,1447.8436,-1.877471,1635.2396,1349.8915,-12.982632,2474.9023,1158.5066,-15.267685,0 days 00:00:18.438318318,0 days 00:00:18.538318318
0 days 00:00:00.130000,0 days 00:00:00.230000,answer4_other1,3.0827293,-7.8351192,18.1691,0.05401657,-0.0056086723,0.37445834,18.961283,1.5198612,-8.048249,-9.024146,35.609196,0.33476448,2.2970722,2.1325605,1.8899717,10.867012,867.56354,1207.8607,-5.0585656,1882.9253,1159.0466,-20.853472,2689.8606,1044.6427,-23.22307,0 days 00:00:18.448318318,0 days 00:00:18.548318318
0 days 00:00:00.140000,0 days 00:00:00.240000,answer4_other1,3.289869,-7.141353,17.766794,0.057937462,-0.007103173,0.3835632,18.392302,1.1561347,-9.397641,-10.339923,35.72165,0.0055731516,2.0274942,3.0675137,6.4677415,15.552808,676.92584,1457.7972,-5.6345177,1637.5781,1262.0336,-20.38771,2501.996,1015.904,-24.741678,0 days 00:00:18.458318318,0 days 00:00:18.558318318
0 days 00:00:00.150000,0 days 00:00:00.250000,answer4_other1,3.456299,-6.3211327,17.047594,0.05953391,-0.009040901,0.41163006,17.62958,-0.136608,-10.14828,-11.851039,35.73376,0.01455582,2.3232768,3.2526767,12.321139,20.925554,715.9661,1543.7054,0.0,1659.8057,1277.8539,-21.261328,2528.2595,917.37494,-24.290237,0 days 00:00:18.468318318,0 days 00:00:18.568318318
0 days 00:00:00.160000,0 days 00:00:00.260000,answer4_other1,3.5643394,-5.654302,15.411865,0.05912347,-0.010849477,0.43587866,17.031837,-1.533692,-10.180064,-13.492707,35.441288,0.030001357,1.8921825,3.0020268,13.324444,20.981703,518.7319,1719.2549,-5.8205976,1439.6534,1327.1132,-14.48019,2331.7014,982.2248,-20.523046,0 days 00:00:18.478318318,0 days 00:00:18.578318318
0 days 00:00:00.170000,0 days 00:00:00.270000,answer4_other1,3.6128647,-5.449469,13.3756895,0.05978639,-0.012128081,0.44820026,16.991737,-2.2230103,-9.573879,-14.90044,35.094116,0.039965823,1.5344024,1.5998846,12.10518,20.056152,740.3806,1437.5059,0.0,1672.8975,1218.2384,-14.514107,2498.9265,913.81903,-16.37456,0 days 00:00:18.488318318,0 days 00:00:18.588318318
0 days 00:00:00.180000,0 days 00:00:00.280000,answer4_other1,3.6110766,-5.7901006,11.370476,0.05712891,-0.013562255,0.44606718,17.537828,-2.024226,-8.690045,-15.769919,30.817705,0.19354616,0.7933822,-1.751361,6.7838845,14.658624,712.4231,1433.629,4.6306887,1611.4171,1235.297,-6.699325,2473.7026,906.14056,-10.121427,0 days 00:00:18.498318318,0 days 00:00:18.598318318
0 days 00:00:00.190000,0 days 00:00:00.290000,answer4_other1,3.5657485,-6.4749713,10.35613,0.057027478,-0.016303508,0.4163579,18.274363,-1.3109301,-7.9480367,-15.996238,26.775671,0.19207124,0.7969416,-5.494099,1.9036885,8.986489,902.8012,1324.7589,5.0803895,1812.1322,1199.8728,-5.263033,2672.8352,869.0651,-4.647616,0 days 00:00:18.508318318,0 days 00:00:18.608318318
0 days 00:00:00.200000,0 days 00:00:00.300000,answer4_other1,3.4762928,-7.137279,10.500171,0.054989774,-0.019332064,0.37739658,18.65782,-0.6080027,-7.6750655,-15.7656555,21.773432,0.19265093,0.7600363,-5.793997,-2.651768,3.4017677,901.1071,1407.8856,11.16055,1806.5292,1208.4166,3.79395,2715.0342,796.71564,4.3926888,0 days 00:00:18.518318318,0 days 00:00:18.618318318
0 days 00:00:00.210000,0 days 00:00:00.310000,answer4_other1,3.3519468,-7.4450684,11.569862,0.05817352,-0.021054504,0.36265197,18.459806,-0.23034644,-7.8111324,-15.3125105,20.749777,0.044058543,0.77773863,-3.711829,-4.0690618,3.3659937,904.7292,1537.9999,14.683556,1816.7506,1267.5211,7.563215,2755.782,809.95526,9.186524,0 days 00:00:18.528318318,0 days 00:00:18.628318318
0 days 00:00:00.220000,0 days 00:00:00.320000,answer4_other1,3.2203305,-7.185591,12.744324,0.058614288,-0.020861544,0.37504902,17.778872,-0.42160428,-8.04266,-14.791669,19.682405,0.085780144,0.8983109,-1.0293167,-4.567694,7.0834317,903.58966,1608.4174,18.859663,1807.5021,1374.8441,10.27364,2670.7532,1009.3045,9.802295,0 days 00:00:18.538318318,0 days 00:00:18.638318318
0 days 00:00:00.230000,0 days 00:00:00.330000,answer4_other1,3.115105,-6.4270325,13.579059,0.058058728,-0.019257596,0.37725905,16.951643,-1.2199202,-7.8647866,-13.995435,19.571917,0.07237673,1.3615786,-2.0185182,-4.7133713,8.679921,895.6762,1526.8417,17.585938,1796.4254,1351.2808,8.591851,2642.1267,1016.4843,6.638817,0 days 00:00:18.548318318,0 days 00:00:18.648318318
0 days 00:00:00.240000,0 days 00:00:00.340000,answer4_other1,3.0492182,-5.5164924,14.106183,0.052991167,-0.017134668,0.340453,16.356337,-2.2442327,-7.01775,-12.741666,19.501984,0.08653582,1.6534986,-2.742332,-4.8562384,9.953079,888.02484,1336.7075,-55.660305,1775.4468,1253.643,-61.857777,2594.035,980.1901,-64.16869,0 days 00:00:18.558318318,0 days 00:00:18.658318318
0 days 00:00:00.250000,0 days 00:00:00.350000,answer4_other1,3.0034602,-4.8437862,14.413585,0.050174627,-0.014591661,0.29624647,16.144852,-2.935757,-5.909723,-11.291527,0.0,0.0,0.0,0.0,0.0,0.0,898.247,1185.1892,-128.82967,1803.9248,1076.8915,-131.70972,2691.9863,698.031,-132.58037,0 days 00:00:18.568318318,0 days 00:00:18.668318318
0 days 00:00:00.260000,0 days 00:00:00.360000,answer4_other1,2.9480028,-4.5363026,14.096915,0.04916793,-0.01296812,0.27094316,16.085297,-3.014613,-5.3463364,-10.3577,0.0,0.0,0.0,0.0,0.0,0.0,901.0232,1154.4559,-201.0,1805.2203,1028.2018,-201.0,2701.2424,656.65436,-201.0,0 days 00:00:18.578318318,0 days 00:00:18.678318318
0 days 00:00:00.270000,0 days 00:00:00.370000,answer4_other1,2.8715093,-4.441506,12.699208,0.051632285,-0.012335546,0.26853624,15.741969,-2.688986,-5.5971055,-10.509264,0.0,0.0,0.0,0.0,0.0,0.0,897.00336,1152.8358,-201.0,1811.027,1001.0672,-201.0,2714.6294,641.89886,-201.0,0 days 00:00:18.588318318,0 days 00:00:18.688318318
0 days 00:00:00.280000,0 days 00:00:00.380000,answer4_other1,2.7858417,-4.3422694,10.7823715,0.0525286,-0.012958282,0.27492884,14.912374,-2.3499763,-6.0583634,-11.608788,0.0,0.0,0.0,0.0,0.0,0.0,902.09564,1194.381,-201.0,1827.0299,1014.02075,-201.0,2744.8977,626.7222,-201.0,0 days 00:00:18.598318318,0 days 00:00:18.698318318
0 days 00:00:00.290000,0 days 00:00:00.390000,answer4_other1,2.7060478,-4.1202826,9.011203,0.052565277,-0.013451082,0.27303267,13.832522,-2.2703807,-6.01272,-12.860074,0.0,0.0,0.0,0.0,0.0,0.0,909.04083,1214.8129,-201.0,1851.5205,998.65656,-201.0,2777.1409,592.5945,-201.0,0 days 00:00:18.608318318,0 days 00:00:18.708318318
0 days 00:00:00.300000,0 days 00:00:00.400000,answer4_other1,2.6381607,-3.8174546,8.106421,0.050638422,-0.014063324,0.25797,12.973614,-2.5074046,-5.494833,-13.616391,0.0,0.0,0.0,0.0,0.0,0.0,912.4702,1221.0231,-201.0,1869.4828,983.1069,-201.0,2802.924,567.63434,-201.0,0 days 00:00:18.618318318,0 days 00:00:18.718318318
0 days 00:00:00.310000,0 days 00:00:00.410000,answer4_other1,2.585456,-3.5385106,8.206627,0.04950207,-0.013969769,0.24020791,12.671504,-2.9594116,-5.354723,-14.184649,0.0,0.0,0.0,0.0,0.0,0.0,916.9204,1236.9227,-201.0,1887.2008,962.07275,-201.0,2824.2139,531.8957,-201.0,0 days 00:00:18.628318318,0 days 00:00:18.728318318
0 days 00:00:00.320000,0 days 00:00:00.420000,answer4_other1,2.5511694,-3.2865047,9.239161,0.050275475,-0.014471694,0.23322141,12.884873,-3.51348,-6.4642234,-15.44958,0.0,0.0,0.0,0.0,0.0,0.0,895.75995,1174.345,-201.0,1858.3295,917.35425,-201.0,2797.6633,539.0561,-201.0,0 days 00:00:18.638318318,0 days 00:00:18.738318318
0 days 00:00:00.330000,0 days 00:00:00.430000,answer4_other1,2.5280402,-2.9161136,11.067722,0.05045304,-0.014944441,0.23388274,13.314099,-4.1050816,-8.974581,-17.588608,0.0,0.0,0.0,0.0,0.0,0.0,884.93085,1116.1719,-201.0,1852.043,897.03094,-201.0,2757.1843,562.2267,-201.0,0 days 00:00:18.648318318,0 days 00:00:18.748318318
0 days 00:00:00.340000,0 days 00:00:00.440000,answer4_other1,2.4943058,-2.296604,13.818641,0.048280347,-0.015408193,0.22876556,13.665738,-4.7632213,-12.222904,-19.722181,0.0,0.0,0.0,0.0,0.0,0.0,873.07764,1034.1156,-201.0,1829.8608,889.35406,-201.0,2706.5032,597.55804,-201.0,0 days 00:00:18.658318318,0 days 00:00:18.758318318
0 days 00:00:00.350000,0 days 00:00:00.450000,answer4_other1,2.4284291,-1.4436141,16.399734,0.04427399,-0.014891281,0.21742618,13.774133,-5.584666,-15.303395,-20.83805,0.0,0.0,0.0,0.0,0.0,0.0,892.80664,1063.7692,-201.0,1849.4297,1000.05225,-201.0,2680.5725,659.5909,-201.0,0 days 00:00:18.668318318,0 days 00:00:18.768318318
0 days 00:00:00.360000,0 days 00:00:00.460000,answer4_other1,2.3323374,-0.55606383,18.229023,0.04082881,-0.013205503,0.20695972,13.599033,-6.5958276,-17.531168,-20.617939,0.0,0.0,0.0,0.0,0.0,0.0,908.87067,1139.2335,-201.0,1846.6978,1124.7261,-201.0,2684.586,698.1723,-201.0,0 days 00:00:18.678318318,0 days 00:00:18.778318318
0 days 00:00:00.370000,0 days 00:00:00.470000,answer4_other1,2.24103,0.07868148,18.014212,0.039185133,-0.010814548,0.2051313,13.071572,-7.678417,-18.58832,-19.450323,0.0,0.0,0.0,0.0,0.0,0.0,934.6434,1233.9784,-201.0,1883.166,1209.8564,-201.0,2719.4407,723.4393,-201.0,0 days 00:00:18.688318318,0 days 00:00:18.788318318
0 days 00:00:00.380000,0 days 00:00:00.480000,answer4_other1,2.2000906,0.12686114,16.489197,0.037338275,-0.008543049,0.20925204,12.155,-8.4624405,-18.734888,-17.832539,0.0,0.0,0.0,0.0,0.0,0.0,749.62573,1385.5253,-201.0,1656.0391,1261.5527,-201.0,2543.4895,810.6853,-201.0,0 days 00:00:18.698318318,0 days 00:00:18.798318318
0 days 00:00:00.390000,0 days 00:00:00.490000,answer4_other1,2.2362144,-0.54605246,15.06799,0.03608495,-0.0074791797,0.22323322,10.853657,-8.78513,-18.726433,-16.295038,0.0,0.0,0.0,0.0,0.0,0.0,565.8952,1465.1913,-201.0,1451.8541,1261.589,-201.0,2369.3613,888.7837,-201.0,0 days 00:00:18.708318318,0 days 00:00:18.808318318
0 days 00:00:00.400000,0 days 00:00:00.500000,answer4_other1,2.3351066,-1.7483107,14.576388,0.034068372,-0.0069833235,0.24136907,9.367363,-8.715389,-19.235956,-15.154498,0.0,0.0,0.0,0.0,0.0,0.0,603.9593,1537.6398,-201.0,1533.3223,1312.713,-201.0,2382.4482,1035.7894,-201.0,0 days 00:00:18.718318318,0 days 00:00:18.818318318
0 days 00:00:00.410000,0 days 00:00:00.510000,answer4_other1,2.4502478,-3.0264447,15.251839,0.0322435,-0.006374615,0.24739642,7.9626803,-8.536572,-20.338715,-14.591205,0.0,0.0,0.0,0.0,0.0,0.0,785.8503,1507.4896,-201.0,1789.0194,1342.4102,-201.0,2556.7163,1081.7422,-201.0,0 days 00:00:18.728318318,0 days 00:00:18.828318318
0 days 00:00:00.420000,0 days 00:00:00.520000,answer4_other1,2.526303,-3.9833958,15.923205,0.030389434,-0.0050747055,0.22998804,6.898063,-8.285678,-21.521692,-14.462554,0.0,0.0,0.0,0.0,0.0,0.0,806.49927,1419.7471,-127.8729,1806.8438,1324.4308,-127.17645,2557.4326,1062.4982,-130.46832,0 days 00:00:18.738318318,0 days 00:00:18.838318318
0 days 00:00:00.430000,0 days 00:00:00.530000,answer4_other1,2.525486,-4.4579315,16.657846,0.028868,-0.00399973,0.20669182,6.2962646,-7.7760963,-22.136122,-14.368808,33.655228,0.0,0.16891529,-0.8583113,0.7847147,6.31134,571.8588,1360.4203,-55.675842,1483.026,1307.395,-53.612564,2323.0625,1020.4788,-59.883396,0 days 00:00:18.748318318,0 days 00:00:18.848318318
0 days 00:00:00.440000,0 days 00:00:00.540000,answer4_other1,2.4483905,-4.4970303,17.150675,0.026998943,-0.0033501775,0.20392366,6.204841,-6.846577,-21.65499,-13.959153,33.769566,0.0,0.92295766,0.22419667,-0.63997394,5.218087,409.9047,1291.4663,15.343623,1250.4526,1252.0624,19.282791,2157.6084,951.75726,10.125536,0 days 00:00:18.758318318,0 days 00:00:18.858318318
0 days 00:00:00.450000,0 days 00:00:00.550000,answer4_other1,2.3319218,-4.3115964,17.542925,0.024656003,-0.004147964,0.21919651,6.7064686,-5.447064,-19.889189,-13.134511,33.968235,0.1810218,1.677,1.9779304,-3.0689967,3.1003962,412.45273,1316.4403,13.828191,1260.2804,1301.5353,19.871702,2157.7048,1029.9291,10.727795,0 days 00:00:18.768318318,0 days 00:00:18.868318318
0 days 00:00:00.460000,0 days 00:00:00.560000,answer4_other1,2.2274683,-4.3750277,17.507345,0.024929876,-0.006863507,0.23083483,8.00642,-3.554736,-17.199703,-12.105823,34.10969,0.13416548,1.8998499,1.7019596,-4.784167,2.195483,573.93097,1327.3512,16.47464,1448.3832,1271.0695,14.436501,2336.9138,964.03973,8.792298,0 days 00:00:18.778318318,0 days 00:00:18.878318318
0 days 00:00:00.470000,0 days 00:00:00.570000,answer4_other1,2.1761477,-5.2021437,16.89951,0.029738367,-0.010970638,0.23951308,10.186248,-1.3445586,-14.251911,-11.591699,34.165413,0.11073733,1.6342536,1.3583332,-5.431575,1.7774336,729.096,1374.5052,-54.544827,1631.8496,1253.6572,-58.45886,2522.5474,901.61444,-61.21664,0 days 00:00:18.788318318,0 days 00:00:18.888318318
0 days 00:00:00.480000,0 days 00:00:00.580000,answer4_other1,2.213255,-6.6876197,15.579652,0.037400406,-0.015683854,0.25857148,12.693881,0.394721,-10.840797,-12.271352,0.0,0.0,0.0,0.0,0.0,0.0,872.42865,1384.2594,-126.156494,1791.3564,1160.7255,-132.87132,2699.3223,754.1409,-132.35057,0 days 00:00:18.798318318,0 days 00:00:18.898318318
0 days 00:00:00.490000,0 days 00:00:00.590000,answer4_other1,2.3985553,-7.7765336,12.978976,0.041703805,-0.019802066,0.3091375,14.562897,0.6231094,-6.710327,-13.715224,0.0,0.0,0.0,0.0,0.0,0.0,880.4612,1325.9697,-201.0,1803.871,1138.379,-201.0,2702.627,764.12476,-201.0,0 days 00:00:18.808318318,0 days 00:00:18.908318318
0 days 00:00:00.500000,0 days 00:00:00.600000,answer4_other1,2.772906,-7.774774,10.122546,0.043929815,-0.022488674,0.39650646,15.274433,-0.8190553,-2.8256729,-14.747052,0.0,0.0,0.0,0.0,0.0,0.0,929.70654,1367.1183,-201.0,1868.791,1142.9938,-201.0,2757.4404,725.9134,-201.0,0 days 00:00:18.818318318,0 days 00:00:18.918318318
0 days 00:00:00.510000,0 days 00:00:00.610000,answer4_other1,3.3133116,-7.0770907,7.639117,0.045027386,-0.023029312,0.5126644,15.341565,-2.9897835,-0.602696,-14.79732,0.0,0.0,0.0,0.0,0.0,0.0,906.0755,1504.957,-201.0,1867.6351,1129.7087,-201.0,2771.5017,818.8405,-201.0,0 days 00:00:18.828318318,0 days 00:00:18.928318318
0 days 00:00:00.520000,0 days 00:00:00.620000,answer4_other1,3.9203064,-6.7531447,6.2029824,0.050146792,-0.022215262,0.64395446,15.698842,-4.6376767,-0.49383834,-14.373744,0.0,0.0,0.0,0.0,0.0,0.0,748.52246,1812.2155,-201.0,1799.0026,1121.1162,-201.0,2757.0632,831.1802,-201.0,0 days 00:00:18.838318318,0 days 00:00:18.938318318
0 days 00:00:00.530000,0 days 00:00:00.630000,answer4_other1,4.483046,-7.2789865,6.351553,0.057907537,-0.02163016,0.7698801,16.792435,-5.3866134,-1.400287,-14.23902,0.0,0.0,0.0,0.0,0.0,0.0,649.48914,1869.0624,-201.0,1722.7374,1074.0018,-201.0,2722.59,930.8123,-201.0,0 days 00:00:18.848318318,0 days 00:00:18.948318318
0 days 00:00:00.540000,0 days 00:00:00.640000,answer4_other1,4.9401345,-8.284477,7.265251,0.064663604,-0.022517234,0.8884713,18.50546,-5.548907,-2.684376,-14.540848,0.0,0.0,0.0,0.0,0.0,0.0,519.0059,1817.3354,-201.0,1553.5055,1221.591,-201.0,2518.4055,960.85223,-201.0,0 days 00:00:18.858318318,0 days 00:00:18.958318318
0 days 00:00:00.550000,0 days 00:00:00.650000,answer4_other1,5.286793,-8.996624,8.933757,0.07079647,-0.023569802,1.0135299,20.492825,-5.6171417,-4.502903,-15.530913,0.0,0.0,0.0,0.0,0.0,0.0,695.3741,1610.4576,-201.0,1655.8047,1202.7437,-201.0,2588.1006,895.6384,-201.0,0 days 00:00:18.868318318,0 days 00:00:18.968318318
0 days 00:00:00.560000,0 days 00:00:00.660000,answer4_other1,5.5511723,-8.640273,10.734447,0.072266154,-0.02416481,1.1584285,22.48717,-5.8179717,-6.899153,-17.410975,0.0,0.0,0.0,0.0,0.0,0.0,506.21167,1717.1777,-201.0,1432.213,1345.1001,-138.02724,2342.0686,929.9963,-135.98631,0 days 00:00:18.878318318,0 days 00:00:18.978318318
0 days 00:00:00.570000,0 days 00:00:00.670000,answer4_other1,5.7472095,-7.258986,13.708027,0.07350059,-0.023215001,1.317963,24.319199,-6.1042295,-9.444016,-19.992846,34.862694,0.0,0.0,-2.5770855,5.630904,13.244841,667.5309,1579.709,0.0,1620.6381,1196.5629,-73.35897,2534.9143,861.2575,-70.47927,0 days 00:00:18.888318318,0 days 00:00:18.988318318
0 days 00:00:00.580000,0 days 00:00:00.680000,answer4_other1,5.8737473,-5.699574,17.556864,0.073055886,-0.021191334,1.5087156,26.026384,-6.3825226,-11.49693,-22.424402,36.077374,0.0,0.0,-3.7883213,6.5902305,12.8719635,655.4626,1405.4102,-2.1741724,1609.8031,1193.5856,-15.207146,2515.7334,927.3582,-7.2972984,0 days 00:00:18.898318318,0 days 00:00:18.998318318
0 days 00:00:00.590000,0 days 00:00:00.690000,answer4_other1,5.9195576,-5.0461206,22.318924,0.068200864,-0.018276226,1.6767496,27.681814,-6.5331197,-12.641259,-23.755554,37.25085,0.0,0.0,-3.0063467,8.738508,14.66986,908.2784,1070.1052,-1.6691955,1886.07,1112.5675,-19.083006,2749.7607,822.9995,-10.677281,0 days 00:00:18.908318318,0 days 00:00:19.008318318
0 days 00:00:00.600000,0 days 00:00:00.700000,answer4_other1,5.860665,-5.756296,27.260002,0.06332395,-0.014632293,1.777328,29.15146,-6.3328156,-12.833932,-23.413855,38.477055,0.0,0.0,-0.89134055,10.563671,19.67917,926.0471,1032.4296,-2.3762631,1909.5309,1267.3019,-25.381998,2732.2395,787.8716,-17.071226,0 days 00:00:18.918318318,0 days 00:00:19.018318318
0 days 00:00:00.610000,0 days 00:00:00.710000,answer4_other1,5.657866,-7.740356,31.656565,0.05589686,-0.011281248,1.76216,30.030464,-5.5347805,-12.252605,-21.55269,38.55059,0.0,0.0,3.3286102,12.329147,24.458735,930.9673,1092.7997,-0.3676184,1825.79,1342.208,-29.04688,2698.2168,675.7348,-22.065287,0 days 00:00:18.928318318,0 days 00:00:19.028318318
0 days 00:00:00.620000,0 days 00:00:00.720000,answer4_other1,5.2913046,-10.618848,34.95877,0.05344884,-0.009310765,1.5847498,29.925056,-3.9254751,-11.203355,-18.82015,38.92924,0.0,0.0,6.176909,12.30273,27.137672,923.7624,1183.8544,-3.9127967,1741.4674,1291.1075,-27.772614,2710.743,597.59503,-28.562958,0 days 00:00:18.938318318,0 days 00:00:19.038318318
0 days 00:00:00.630000,0 days 00:00:00.730000,answer4_other1,4.811835,-13.731729,36.98887,0.051731784,-0.009211331,1.3162757,28.708414,-1.5134268,-10.045705,-16.104776,39.312286,0.044027057,1.9164214,7.9739685,11.015251,25.72232,984.86115,1204.3134,-10.41436,1714.1791,1688.0391,-29.22241,2714.849,641.0166,-32.67697,0 days 00:00:18.948318318,0 days 00:00:19.048318318
0 days 00:00:00.640000,0 days 00:00:00.740000,answer4_other1,4.318418,-16.287764,38.337215,0.05008154,-0.010699808,1.1805872,26.653357,1.537413,-9.067878,-14.303459,39.567776,0.034695912,1.470852,9.539216,8.590341,24.011833,1043.6216,1280.3936,-18.186804,1801.466,1707.6586,-27.414238,2762.2034,642.6297,-36.77371,0 days 00:00:18.958318318,0 days 00:00:19.058318318
0 days 00:00:00.650000,0 days 00:00:00.750000,answer4_other1,3.9001892,-17.568815,38.167084,0.05229153,-0.0119959265,1.2619762,24.068235,4.5773907,-8.594605,-14.147597,39.519913,0.016383732,1.6425823,10.873923,7.5588875,21.453232,1037.0342,1244.461,-23.399115,1815.337,1702.1577,-31.743277,2739.4133,659.40485,-37.95522,0 days 00:00:18.968318318,0 days 00:00:19.068318318
0 days 00:00:00.660000,0 days 00:00:00.760000,answer4_other1,3.607399,-17.189981,36.453808,0.04771183,-0.012946244,1.4294623,21.39132,6.791758,-9.036917,-15.385905,39.478695,0.025182428,1.1954082,11.285693,6.1353354,19.18461,957.73016,1247.9535,-26.241434,1796.1718,1173.1864,-32.541462,2742.3596,556.4756,-38.875454,0 days 00:00:18.978318318,0 days 00:00:19.078318318
0 days 00:00:00.670000,0 days 00:00:00.770000,answer4_other1,3.4410324,-15.34977,33.067665,0.04581671,-0.013620171,1.400247,18.814447,7.513508,-10.777011,-17.573616,39.41523,0.03439353,1.0247103,10.27476,0.8269234,14.654494,877.3657,1143.4398,-23.516283,1736.8145,1047.2538,-33.0053,2702.586,537.7496,-37.343857,0 days 00:00:18.988318318,0 days 00:00:19.088318318
0 days 00:00:00.680000,0 days 00:00:00.780000,answer4_other1,3.373146,-12.930381,28.918106,0.038121905,-0.014660914,1.1686984,16.459076,6.8206697,-13.224403,-19.948479,39.36046,0.035163004,0.66314995,7.667435,-3.5061576,12.134128,886.7587,1249.3795,-18.977861,1775.3615,1085.546,-32.748104,2751.0674,528.95856,-34.61815,0 days 00:00:18.998318318,0 days 00:00:19.098318318
0 days 00:00:00.690000,0 days 00:00:00.790000,answer4_other1,3.3969376,-11.430874,25.633833,0.035265446,-0.015526879,0.8920558,14.733617,5.7202926,-14.092904,-22.022589,39.24797,0.02584633,0.77294856,4.1795897,-4.6174116,12.983665,841.0013,1368.3558,-12.77956,1713.0415,1080.7477,-28.208078,2756.5078,498.66354,-30.380638,0 days 00:00:19.008318318,0 days 00:00:19.108318318
0 days 00:00:00.700000,0 days 00:00:00.800000,answer4_other1,3.5402985,-11.843133,24.599844,0.035536714,-0.015839638,0.9604886,13.865234,4.9399343,-10.812142,-23.415085,39.083683,0.02309215,0.81569004,1.4973,-2.0900214,18.165205,701.9307,1500.8822,-7.7405415,1619.7583,1251.9388,-20.54669,2530.1545,1089.4482,-27.391602,0 days 00:00:19.018318318,0 days 00:00:19.118318318
0 days 00:00:00.710000,0 days 00:00:00.810000,answer4_other1,3.8227882,-13.624423,25.55662,0.032484304,-0.015977398,1.3467131,13.775865,4.7306066,-2.7019987,-23.918219,38.919346,0.04252858,1.1553212,0.520593,-2.42834,19.644361,543.8464,1425.8877,-4.95259,1483.6826,1247.0653,-16.294794,2439.2148,1133.9523,-23.010912,0 days 00:00:19.028318318,0 days 00:00:19.128318318
0 days 00:00:00.720000,0 days 00:00:00.820000,answer4_other1,4.240935,-15.417689,26.844652,0.03061238,-0.016373672,1.9148716,13.437112,4.4451838,7.494402,-23.968405,38.810787,0.04586679,1.5198914,0.94512576,-4.557985,19.587084,587.4654,1288.7386,0.0,1610.7367,1167.7412,-18.084505,2435.2197,1219.6608,-22.200705,0 days 00:00:19.038318318,0 days 00:00:19.138318318
0 days 00:00:00.730000,0 days 00:00:00.830000,answer4_other1,4.767984,-16.265127,27.765276,0.031213949,-0.016443996,2.2401302,11.9290285,4.2751923,16.063444,-23.421831,38.890404,0.04048735,1.9145404,2.7654278,-4.460152,19.408415,790.42535,1143.8955,-16.676592,1882.1703,905.04395,-26.306707,2680.366,1200.4937,-25.542048,0 days 00:00:19.048318318,0 days 00:00:19.148318318
0 days 00:00:00.740000,0 days 00:00:00.840000,answer4_other1,5.377477,-16.277155,28.096613,0.034690376,-0.016154164,2.2195022,9.308596,4.5799413,21.143362,-22.286306,39.174698,0.034201637,1.5812174,5.682883,0.22336785,16.149445,989.12933,1139.5754,-21.738855,2109.628,788.59106,-29.715616,2796.6963,1199.297,-28.42068,0 days 00:00:19.058318318,0 days 00:00:19.158318318
0 days 00:00:00.750000,0 days 00:00:00.850000,answer4_other1,5.9906583,-15.8256,28.004557,0.04140934,-0.016318778,1.877931,6.595974,5.747832,23.63709,-20.578089,39.411068,0.028099887,1.1696004,9.37761,3.9352417,10.413859,1024.5059,1106.4259,-32.003254,2121.8494,723.5964,-32.836456,2825.2786,1235.6357,-29.237617,0 days 00:00:19.068318318,0 days 00:00:19.168318318
0 days 00:00:00.760000,0 days 00:00:00.860000,answer4_other1,6.478451,-15.126595,27.454117,0.04059133,-0.016736211,1.3878565,4.829803,7.4244676,25.266016,-18.64723,39.558666,0.032018248,1.1264026,12.142123,5.652384,2.3437703,1010.1128,1070.4486,-31.29725,2016.666,628.9065,-33.09015,2861.423,783.8244,-26.429277,0 days 00:00:19.078318318,0 days 00:00:19.178318318
0 days 00:00:00.770000,0 days 00:00:00.870000,answer4_other1,6.712637,-14.336331,26.824646,0.04138956,-0.017843563,1.1861023,4.2814045,9.027272,26.721796,-16.653843,39.494976,0.026588619,1.6057154,13.268004,4.725237,0.18902397,1051.5956,1062.3126,-31.516169,2032.9982,637.10504,-31.647669,2889.1497,753.1673,-27.003365,0 days 00:00:19.088318318,0 days 00:00:19.188318318
0 days 00:00:00.780000,0 days 00:00:00.880000,answer4_other1,6.6341834,-13.573083,25.820055,0.040999413,-0.018327983,1.4145193,4.8134274,10.051342,27.471155,-14.742541,39.41863,0.024744384,1.4462236,12.917663,6.707523,0.061532337,1046.8563,1064.1858,-32.23566,2013.0997,608.68585,-32.759163,2903.6638,694.72656,-26.685333,0 days 00:00:19.098318318,0 days 00:00:19.198318318
0 days 00:00:00.790000,0 days 00:00:00.890000,answer4_other1,6.3039627,-12.937726,24.49936,0.042018414,-0.019440243,1.9180126,6.483664,10.280983,26.68895,-13.264327,39.350845,0.015581475,1.2474493,11.90561,11.436669,1.861154,1026.2921,1072.9404,-34.992435,2003.7789,644.3069,-33.67407,2872.4197,644.3953,-26.51258,0 days 00:00:19.108318318,0 days 00:00:19.208318318
0 days 00:00:00.800000,0 days 00:00:00.900000,answer4_other1,5.9132237,-12.6648445,23.084122,0.047970604,-0.020238541,2.3141594,9.36657,9.463109,23.48783,-12.541999,39.327225,0.003962826,0.58614415,10.549012,15.431408,3.517228,984.0379,977.8414,-37.90446,1931.5992,572.3889,-40.246494,2793.904,740.24774,-26.065073,0 days 00:00:19.118318318,0 days 00:00:19.218318318
0 days 00:00:00.810000,0 days 00:00:00.910000,answer4_other1,5.6713195,-13.20979,22.200296,0.05068632,-0.020310951,2.434562,13.134215,7.7918167,18.490164,-12.217026,39.382786,0.0055133696,0.6278426,8.880967,15.315356,4.973061,772.6023,1166.9763,-40.690567,1728.0537,839.2486,-40.04717,2565.7366,866.5708,-26.606314,0 days 00:00:19.128318318,0 days 00:00:19.228318318
0 days 00:00:00.820000,0 days 00:00:00.920000,answer4_other1,5.710507,-14.571346,22.91308,0.0563931,-0.019052364,2.4395237,17.091888,5.481807,12.581589,-12.568763,39.52149,0.0064326753,0.6893473,6.7209034,13.467149,8.720051,575.12604,1315.963,0.0,1621.6002,996.8216,-36.526794,2478.6292,920.6946,-27.227137,0 days 00:00:19.138318318,0 days 00:00:19.238318318
0 days 00:00:00.830000,0 days 00:00:00.930000,answer4_other1,5.9754677,-16.241915,25.612871,0.06393514,-0.016749695,2.3898954,20.590607,3.307689,6.8688426,-13.730872,39.531544,0.029622799,1.1068255,3.4867299,13.587262,13.881251,398.26456,1552.1147,0.0,1531.3896,1129.8345,-31.433481,2436.8645,870.1687,-26.451895,0 days 00:00:19.148318318,0 days 00:00:19.248318318
0 days 00:00:00.840000,0 days 00:00:00.940000,answer4_other1,6.312426,-17.47603,29.011703,0.07143172,-0.014675698,2.2398484,23.325806,1.8564152,1.3871702,-15.931819,35.477596,0.21309741,1.3121356,2.4362917,9.791062,19.856468,428.38562,1560.619,11.573441,1605.6948,1044.746,-17.514936,2595.367,741.4288,-16.59743,0 days 00:00:19.158318318,0 days 00:00:19.258318318
0 days 00:00:00.850000,0 days 00:00:00.950000,answer4_other1,6.550633,-17.997225,31.824713,0.07312255,-0.013162849,1.9676102,25.170425,1.5389439,-3.7243736,-18.358889,31.304598,0.24872647,1.930592,2.674242,4.6234627,22.47953,435.36874,1556.5133,18.407087,1536.1647,1072.6969,-4.4422746,2613.9666,687.58575,-5.296031,0 days 00:00:19.168318318,0 days 00:00:19.268318318
0 days 00:00:00.860000,0 days 00:00:00.960000,answer4_other1,6.606363,-17.933899,33.557873,0.071575016,-0.012295715,1.765366,26.063711,2.3220599,-8.081897,-20.419458,27.174286,0.24344969,2.2039535,4.772368,-2.5224438,24.691977,393.5787,1467.7119,30.771652,1437.1185,1072.597,10.312992,2587.5127,657.792,3.5572321,0 days 00:00:19.178318318,0 days 00:00:19.278318318
0 days 00:00:00.870000,0 days 00:00:00.970000,answer4_other1,6.484705,-17.564255,35.31346,0.07103578,-0.012048349,1.7475138,26.05372,3.9091587,-11.35894,-22.072618,27.02237,0.07685696,2.5176764,5.462356,-3.4557827,25.868765,360.58557,1551.8535,32.830837,1375.5869,1088.2843,13.340417,2583.431,618.6508,3.5062912,0 days 00:00:19.188318318,0 days 00:00:19.288318318
0 days 00:00:00.880000,0 days 00:00:00.980000,answer4_other1,6.25699,-17.34281,36.864063,0.07479048,-0.0123813385,1.8056177,25.431185,6.0360847,-13.553977,-23.679422,26.91332,0.042995203,2.5819561,5.832281,-3.0138226,26.65201,313.33273,1694.5836,30.228668,1347.9258,1116.5413,12.20395,2585.7249,585.2812,1.196723,0 days 00:00:19.198318318,0 days 00:00:19.298318318
0 days 00:00:00.890000,0 days 00:00:00.990000,answer4_other1,6.014033,-17.673239,37.551174,0.07311974,-0.013447427,1.7037187,24.596628,8.45037,-14.843814,-25.575052,26.87768,0.025732936,2.2332711,5.738875,-1.5369905,25.560387,311.68857,1683.3392,25.937805,1322.4095,1120.7643,11.478372,2577.829,594.619,-0.5256803,0 days 00:00:19.208318318,0 days 00:00:19.308318318
0 days 00:00:00.900000,0 days 00:00:01,answer4_other1,5.8605943,-18.15378,37.549274,0.071636595,-0.0143273845,1.568601,24.031126,10.141567,-15.448569,-26.987803,26.878443,0.008470667,1.8845862,5.5402145,-0.27793756,24.864012,326.0808,1524.3615,22.05423,1296.1525,1082.4373,10.8291855,2556.7678,619.7758,-2.4538279,0 days 00:00:19.218318318,0 days 00:00:19.318318318
0 days 00:00:00.900000,0 days 00:00:01.000997732,answer4_other1,5.795076,-18.5309,37.237255,0.06848722,-0.014898422,1.4661049,23.775103,10.991437,-15.62885,-27.76902,26.888258,0.006909884,1.3835796,5.246894,0.5339279,24.595924,371.11703,1355.0819,20.947414,1287.9226,1038.5007,12.406132,2538.7341,630.224,-3.1145813,0 days 00:00:19.218318318,0 days 00:00:19.319316050
0 days 00:00:00,0 days 00:00:00.100000,answer5,2.236665,-1.2126623,3.8122704,0.028892687,-0.0062901396,0.06489017,11.517707,-7.8457236,7.0716476,1.3174832,0.0,0.0,0.0,0.0,0.0,0.0,429.36142,1299.373,-201.0,1298.6456,1193.9617,-201.0,2182.948,979.85736,-201.0,0 days 00:00:27.560894228,0 days 00:00:27.660894228
0 days 00:00:00.010000,0 days 00:00:00.110000,answer5,2.1979654,-0.04127614,2.6246436,0.027857758,-0.0076320167,0.12436376,10.326408,-9.213799,9.802994,0.102178775,0.0,0.0,0.0,0.0,0.0,0.0,496.0389,1475.0864,-201.0,1365.9073,1229.6194,-201.0,2245.4905,983.11053,-201.0,0 days 00:00:27.570894228,0 days 00:00:27.670894228
0 days 00:00:00.020000,0 days 00:00:00.120000,answer5,2.1534,1.4245625,1.0354685,0.025397325,-0.010308874,0.17933838,8.933145,-10.910756,13.904775,-1.1389194,0.0,0.0,0.0,0.0,0.0,0.0,737.215,1467.2181,-201.0,1624.9282,1195.6432,-201.0,2488.8958,910.8742,-201.0,0 days 00:00:27.580894228,0 days 00:00:27.680894228
0 days 00:00:00.030000,0 days 00:00:00.130000,answer5,2.1356418,2.456723,-0.8363366,0.022261916,-0.012721228,0.16729027,8.231893,-12.207069,17.54732,-1.5126386,0.0,0.0,0.0,0.0,0.0,0.0,745.0659,1544.0277,-201.0,1663.9229,1255.3354,-201.0,2522.8809,984.06805,-201.0,0 days 00:00:27.590894228,0 days 00:00:27.690894228
0 days 00:00:00.040000,0 days 00:00:00.140000,answer5,2.1428218,3.301232,-2.2715824,0.020427736,-0.014701004,0.15507084,8.053589,-13.754005,19.833307,-1.3791218,0.0,0.0,0.0,0.0,0.0,0.0,680.7713,1417.4258,-201.0,1686.5566,1241.1825,-201.0,2399.409,1246.7682,-201.0,0 days 00:00:27.600894228,0 days 00:00:27.700894228
0 days 00:00:00.050000,0 days 00:00:00.150000,answer5,2.1519573,3.967625,-3.1346762,0.0202809,-0.015479212,0.14302702,8.226556,-15.663918,20.179605,-0.9380946,0.0,0.0,0.0,0.0,0.0,0.0,441.19717,1378.6787,-201.0,1478.3223,1201.5519,-201.0,2195.2864,1348.0836,-201.0,0 days 00:00:27.610894228,0 days 00:00:27.710894228
0 days 00:00:00.060000,0 days 00:00:00.160000,answer5,2.1419065,4.247661,-2.6397426,0.021595644,-0.016200246,0.13860069,8.658504,-17.53057,18.674843,0.020810366,0.0,0.0,0.0,0.0,0.0,0.0,441.79575,1282.3959,-201.0,1480.4742,1128.6544,-201.0,2189.7546,1329.1743,-201.0,0 days 00:00:27.620894228,0 days 00:00:27.720894228
0 days 00:00:00.070000,0 days 00:00:00.170000,answer5,2.1170795,3.868458,-1.038281,0.02189003,-0.016506657,0.14916277,9.525963,-18.503328,16.110659,1.56029,0.0,0.0,0.0,0.0,0.0,0.0,439.88657,1136.874,-201.0,1427.964,998.57526,-201.0,2269.493,1069.9951,-201.0,0 days 00:00:27.630894228,0 days 00:00:27.730894228
0 days 00:00:00.080000,0 days 00:00:00.180000,answer5,2.1073315,2.5964096,1.8609337,0.020316334,-0.016261319,0.18978274,11.172649,-17.949924,13.447305,3.2539475,0.0,0.0,0.0,0.0,0.0,0.0,437.97238,1070.4536,-201.0,1408.6039,956.5512,-201.0,2254.6472,1011.46387,-201.0,0 days 00:00:27.640894228,0 days 00:00:27.740894228
0 days 00:00:00.090000,0 days 00:00:00.190000,answer5,2.1418617,0.49060988,6.666449,0.016454574,-0.016180107,0.25026032,13.694882,-16.008013,11.269203,4.3991256,0.0,0.0,0.0,0.0,0.0,0.0,421.61255,1060.6492,-201.0,1385.3882,911.5501,-201.0,2273.1575,939.7812,-201.0,0 days 00:00:27.650894228,0 days 00:00:27.750894228
0 days 00:00:00.100000,0 days 00:00:00.200000,answer5,2.228047,-2.0584447,12.542378,0.012927835,-0.016155416,0.32294536,16.716227,-13.567878,9.5203285,4.510341,0.0,0.0,0.0,0.0,0.0,0.0,430.08923,1073.6237,-201.0,1390.2396,918.13086,-201.0,2336.1172,903.3177,-201.0,0 days 00:00:27.660894228,0 days 00:00:27.760894228
0 days 00:00:00.110000,0 days 00:00:00.210000,answer5,2.3613427,-4.628452,18.586067,0.016377978,-0.016303787,0.3970373,19.597395,-11.386428,7.508959,3.1970108,0.0,0.0,0.0,0.0,0.0,0.0,432.37012,1203.8834,-201.0,1413.0438,947.02637,-201.0,2421.902,855.934,-201.0,0 days 00:00:27.670894228,0 days 00:00:27.770894228
0 days 00:00:00.120000,0 days 00:00:00.220000,answer5,2.5628707,-7.1028085,23.796549,0.019348143,-0.016894067,0.5085517,21.759806,-9.191167,4.5039234,0.17007716,0.0,0.0,0.0,0.0,0.0,0.0,380.53906,1603.7299,-201.0,1424.0991,1681.2633,-136.75333,2176.8513,1046.2266,-136.75333,0 days 00:00:27.680894228,0 days 00:00:27.780894228
0 days 00:00:00.130000,0 days 00:00:00.230000,answer5,2.879237,-9.512824,27.49491,0.029674465,-0.018815238,0.70602685,22.965841,-6.700749,0.04364093,-4.600985,39.349354,0.0,0.0,3.6660976,0.35412598,1.5340533,502.80435,1759.93,0.0,1484.9249,1698.1586,-73.14182,2251.7812,976.23804,-76.69466,0 days 00:00:27.690894228,0 days 00:00:27.790894228
0 days 00:00:00.140000,0 days 00:00:00.240000,answer5,3.3553965,-11.603284,29.856245,0.0371093,-0.021938592,0.99200344,23.259033,-4.1603446,-5.0823903,-9.944065,39.419632,0.0,0.2433083,5.0748477,1.5954123,7.1529984,485.47562,1760.2788,-13.583337,1482.9077,1683.145,-10.373004,2327.095,1068.8419,-19.49232,0 days 00:00:27.700894228,0 days 00:00:27.800894228
0 days 00:00:00.150000,0 days 00:00:00.250000,answer5,3.982649,-12.996152,29.941793,0.048461836,-0.024404682,1.2912093,22.980947,-2.4764137,-9.485555,-14.649716,39.525684,0.011531717,0.66864425,7.146281,2.7814882,17.418762,657.71576,1419.643,0.0,1565.6163,930.25616,-13.075028,2683.1028,798.98553,-27.893469,0 days 00:00:27.710894228,0 days 00:00:27.810894228
0 days 00:00:00.160000,0 days 00:00:00.260000,answer5,4.6936827,-13.525975,28.628847,0.055729274,-0.02500666,1.4708686,22.3971,-1.9721977,-12.107505,-18.041758,39.543243,0.010368369,1.2405869,8.351432,4.550159,25.533699,520.49884,1337.8419,-11.105156,1541.1539,918.5632,-16.160814,2768.9934,963.0114,-33.115406,0 days 00:00:27.720894228,0 days 00:00:27.820894228
0 days 00:00:00.170000,0 days 00:00:00.270000,answer5,5.3832397,-13.323087,26.333353,0.062088523,-0.023887808,1.5040579,21.6257,-2.403343,-13.150192,-20.283976,39.453175,0.00743255,1.4623718,9.046805,5.776603,30.849691,590.8748,1415.8326,0.0,1589.018,911.3037,-17.258095,2771.3613,901.3074,-35.021114,0 days 00:00:27.730894228,0 days 00:00:27.830894228
0 days 00:00:00.180000,0 days 00:00:00.280000,answer5,5.9475994,-12.5723915,24.626404,0.06724415,-0.022171566,1.5012712,20.638746,-3.1817253,-13.369012,-21.43759,39.27335,0.010516384,1.2156383,9.579193,8.377492,35.408817,481.62338,1499.2975,0.410074,1555.6908,929.8852,-17.144392,2818.7844,956.9587,-36.454075,0 days 00:00:27.740894228,0 days 00:00:27.840894228
0 days 00:00:00.190000,0 days 00:00:00.290000,answer5,6.317019,-11.438137,23.573416,0.07507808,-0.020809287,1.591135,19.441204,-3.829518,-13.2880335,-21.309242,39.010113,0.016390547,1.1816899,9.572698,11.469193,36.123974,496.85098,1731.8203,1.2688065,1563.3256,920.83984,-15.205097,2779.6484,850.7016,-34.855167,0 days 00:00:27.750894228,0 days 00:00:27.850894228
0 days 00:00:00.200000,0 days 00:00:00.300000,answer5,6.4729075,-10.177634,23.514486,0.08142608,-0.020478722,1.7382597,18.143389,-3.9949214,-12.915631,-19.82934,38.679558,0.015286728,1.2559268,8.701823,13.19798,35.183445,587.31866,1651.8994,-1.1506972,1581.5543,911.98047,-14.073724,2796.3938,801.86816,-32.019585,0 days 00:00:27.760894228,0 days 00:00:27.860894228
0 days 00:00:00.210000,0 days 00:00:00.310000,answer5,6.449579,-9.131679,23.645765,0.088968635,-0.021466428,1.794191,17.039072,-3.4657624,-12.117588,-17.433985,38.156643,0.014672555,1.3890864,7.5744324,13.805977,32.308662,735.7618,1647.9209,-2.3525765,1605.2477,928.7972,-9.266724,2815.4832,801.71857,-26.031775,0 days 00:00:27.770894228,0 days 00:00:27.870894228
0 days 00:00:00.220000,0 days 00:00:00.320000,answer5,6.310009,-8.542567,23.686722,0.085371874,-0.023030296,1.7105333,16.497927,-2.1767285,-10.84809,-14.908112,37.668957,0.009802781,1.1023897,6.863396,13.612527,30.72542,867.2637,1371.0011,-3.4782696,1644.4752,886.29706,-4.555721,2803.4817,683.04144,-22.342241,0 days 00:00:27.780894228,0 days 00:00:27.880894228
0 days 00:00:00.230000,0 days 00:00:00.330000,answer5,6.100441,-8.476731,23.215569,0.08260465,-0.025339657,1.5509853,16.611723,-0.40827,-9.410251,-13.011738,37.17264,0.013476059,0.996845,6.6136975,16.121645,30.007425,870.99774,1359.6561,-1.0478234,1681.2196,897.66064,-3.0145006,2816.3945,610.68964,-20.776106,0 days 00:00:27.790894228,0 days 00:00:27.890894228
0 days 00:00:00.240000,0 days 00:00:00.340000,answer5,5.849607,-8.878055,22.927984,0.075827815,-0.027499644,1.4213114,17.214874,1.3832965,-8.158794,-11.92101,36.927,0.014220436,0.91097325,5.7938876,18.3683,29.443504,860.6614,1291.3828,-1.0493914,1719.5249,883.27765,-5.485026,2793.3567,531.7059,-21.786005,0 days 00:00:27.800894228,0 days 00:00:27.900894228
0 days 00:00:00.250000,0 days 00:00:00.350000,answer5,5.5774846,-9.652153,22.330843,0.07610089,-0.029546207,1.2951231,17.946833,2.7525504,-7.4117665,-11.573001,36.775677,0.016653404,0.7616808,2.7957132,18.847605,29.174667,856.1235,1304.8574,-2.465157,1741.1652,892.37225,-9.211535,2805.1877,535.5991,-22.955534,0 days 00:00:27.810894228,0 days 00:00:27.910894228
0 days 00:00:00.260000,0 days 00:00:00.360000,answer5,5.3070493,-10.627847,20.77001,0.07509348,-0.031206882,1.1437718,18.54267,3.5892732,-7.1093364,-11.867093,32.57169,0.1814271,0.96369725,0.5834671,11.389907,26.481758,872.3277,1357.775,1.451826,1782.131,907.36456,-3.8782752,2831.682,535.8005,-17.8086,0 days 00:00:27.820894228,0 days 00:00:27.920894228
0 days 00:00:00.270000,0 days 00:00:00.370000,answer5,5.045892,-11.491387,18.546286,0.07401217,-0.03303813,0.9761894,18.795162,3.8287709,-7.016239,-12.756046,28.300615,0.1870029,1.1243262,-0.7758736,2.1711054,23.314217,902.2883,1434.724,4.9411063,1830.7552,930.9444,0.15853031,2861.0237,535.1413,-14.138908,0 days 00:00:27.830894228,0 days 00:00:27.930894228
0 days 00:00:00.280000,0 days 00:00:00.380000,answer5,4.782279,-11.932008,17.050203,0.07067413,-0.03495042,0.85802346,18.612349,3.3568385,-6.862375,-13.999454,23.895782,0.20207174,1.4090942,-0.22108561,-7.580547,14.86068,672.8619,1725.4542,9.730712,1607.1185,1187.3346,5.4466286,2586.6108,686.91235,-6.5021286,0 days 00:00:27.840894228,0 days 00:00:27.940894228
0 days 00:00:00.290000,0 days 00:00:00.390000,answer5,4.5011735,-11.847384,15.749473,0.06840871,-0.036054026,0.7835984,18.147474,2.302367,-6.411047,-15.020452,23.457712,0.041720554,1.1834736,-0.647304,-12.704623,11.6648245,645.52673,1629.0748,0.0,1579.7496,1130.5197,2.7830756,2541.906,754.1314,-8.912946,0 days 00:00:27.850894228,0 days 00:00:27.950894228
0 days 00:00:00.300000,0 days 00:00:00.400000,answer5,4.196058,-11.458688,13.955426,0.06876222,-0.035854746,0.7579277,17.730158,1.3593521,-5.478437,-15.218502,23.040442,0.044443566,0.8877235,-0.42937398,-16.152315,7.1523175,642.0484,1599.3525,11.49226,1587.8541,1122.8937,3.0421054,2543.8835,772.78436,-7.2405,0 days 00:00:27.860894228,0 days 00:00:27.960894228
0 days 00:00:00.310000,0 days 00:00:00.410000,answer5,3.86877,-11.104561,10.971039,0.070625715,-0.035459023,0.71657276,17.57627,1.3074425,-4.10651,-14.430173,22.757547,0.029203104,0.7441183,-0.14296964,-17.48295,7.390373,905.8449,1354.5377,12.625325,1882.8286,885.91724,2.4876966,2857.7288,617.32983,-8.8214445,0 days 00:00:27.870894228,0 days 00:00:27.970894228
0 days 00:00:00.320000,0 days 00:00:00.420000,answer5,3.5224526,-10.988777,8.870893,0.07050868,-0.03501372,0.67602104,17.611282,2.29861,-2.540634,-13.108383,22.713081,0.027811022,0.91761184,-1.3693904,-14.919342,4.932796,924.6345,1376.044,13.986197,1924.9528,901.96735,5.8592834,2892.084,569.64496,-6.370455,0 days 00:00:27.880894228,0 days 00:00:27.980894228
0 days 00:00:00.330000,0 days 00:00:00.430000,answer5,3.1621552,-11.055019,7.97188,0.06787016,-0.034501296,0.6095245,17.596489,3.7266903,-1.1241285,-11.950269,21.909744,0.02389115,1.2123456,-3.2100477,-13.169171,3.7243445,892.83563,1269.834,12.196419,1901.8146,824.8713,7.521015,2861.922,584.7512,-6.8425546,0 days 00:00:27.890894228,0 days 00:00:27.990894228
0 days 00:00:00.340000,0 days 00:00:00.440000,answer5,2.805898,-11.029781,8.258295,0.06186694,-0.03302126,0.5464584,17.401014,4.7996387,-0.17261203,-11.185932,20.500547,0.02691724,1.3998164,-4.8701963,-10.351044,4.8574433,867.7048,1227.2225,11.867137,1879.9733,791.47845,10.914238,2848.579,595.02466,-5.245995,0 days 00:00:27.900894228,0 days 00:00:28.000894228
0 days 00:00:00.350000,0 days 00:00:00.450000,answer5,2.492644,-10.69429,8.631816,0.05617106,-0.031156162,0.47271538,17.073973,5.0732026,0.07686748,-10.7142105,19.0743,0.02691724,1.3998164,-4.379415,-10.955964,2.8665454,897.57965,1304.4061,10.687734,1896.6475,813.9316,9.70314,2870.7625,571.16296,-4.761496,0 days 00:00:27.910894228,0 days 00:00:28.010894228
0 days 00:00:00.360000,0 days 00:00:00.460000,answer5,2.2548592,-10.151628,8.851395,0.05264811,-0.030031666,0.38178286,16.688713,4.58768,-0.41041434,-10.59739,18.464523,0.02691724,1.3998164,-4.085862,-9.901805,3.113785,891.85114,1317.4233,-59.39262,1889.8676,802.57324,-60.249256,2873.3235,566.1352,-69.02202,0 days 00:00:27.920894228,0 days 00:00:28.020894228
0 days 00:00:00.370000,0 days 00:00:00.470000,answer5,2.0909152,-9.642939,9.018769,0.052100044,-0.02938523,0.2890365,16.273993,3.6176312,-1.2591563,-10.701249,0.0,0.0,0.0,0.0,0.0,0.0,914.3759,1450.4863,-131.02716,1855.0739,1543.7435,-131.82567,2607.7747,734.7066,-135.63005,0 days 00:00:27.930894228,0 days 00:00:28.030894228
0 days 00:00:00.380000,0 days 00:00:00.480000,answer5,1.9647557,-9.2462845,9.202856,0.05179358,-0.027707085,0.22551852,15.806911,2.5645604,-1.8036791,-10.47248,0.0,0.0,0.0,0.0,0.0,0.0,935.38916,1440.5581,-201.0,1857.3734,1522.9926,-201.0,2609.2473,725.9925,-201.0,0 days 00:00:27.940894228,0 days 00:00:28.040894228
0 days 00:00:00.390000,0 days 00:00:00.490000,answer5,1.8383762,-8.75367,9.32769,0.04922625,-0.023981081,0.19715448,15.322758,1.8320471,-1.4731799,-8.956992,0.0,0.0,0.0,0.0,0.0,0.0,976.3117,1531.6495,-201.0,1874.8737,1602.6075,-201.0,2636.9485,737.8706,-201.0,0 days 00:00:27.950894228,0 days 00:00:28.050894228
0 days 00:00:00.400000,0 days 00:00:00.500000,answer5,1.70283,-8.068977,9.317422,0.044199347,-0.018735321,0.18492842,14.798393,1.7811899,-0.14427336,-6.146215,0.0,0.0,0.0,0.0,0.0,0.0,982.90283,1460.1869,-201.0,1879.2915,924.60596,-201.0,2867.5828,697.1582,-201.0,0 days 00:00:27.960894228,0 days 00:00:28.060894228
0 days 00:00:00.410000,0 days 00:00:00.510000,answer5,1.5779539,-7.4563155,9.700204,0.035286542,-0.015568368,0.17254066,14.171058,2.5806608,1.6352687,-3.370634,0.0,0.0,0.0,0.0,0.0,0.0,749.5913,1518.016,-201.0,1662.185,1178.0468,-201.0,2552.2378,963.39355,-201.0,0 days 00:00:27.970894228,0 days 00:00:28.070894228
0 days 00:00:00.420000,0 days 00:00:00.520000,answer5,1.4904569,-7.425482,11.939532,0.025680423,-0.014460638,0.16532685,13.493094,4.522364,3.3355763,-1.9601473,0.0,0.0,0.0,0.0,0.0,0.0,563.41113,1618.8862,-201.0,1526.1826,1536.9113,-201.0,2213.0361,1243.8622,-201.0,0 days 00:00:27.980894228,0 days 00:00:28.080894228
0 days 00:00:00.430000,0 days 00:00:00.530000,answer5,1.4651538,-8.929002,17.137384,0.019348307,-0.015114374,0.21439779,13.114708,7.717921,4.696584,-2.0189095,0.0,0.0,0.0,0.0,0.0,0.0,504.3373,1645.3107,-201.0,1477.8291,1616.6029,-201.0,2108.1897,1260.4896,-201.0,0 days 00:00:27.990894228,0 days 00:00:28.090894228
0 days 00:00:00.440000,0 days 00:00:00.540000,answer5,1.5257702,-12.1523485,23.852982,0.021422355,-0.014519059,0.37094226,13.551448,11.487789,5.631514,-2.2925313,0.0,0.0,0.0,0.0,0.0,0.0,523.35895,1585.0902,-201.0,1487.6166,1528.46,-201.0,2171.5237,1233.1676,-201.0,0 days 00:00:28.000894228,0 days 00:00:28.100894228
0 days 00:00:00.450000,0 days 00:00:00.550000,answer5,1.6810206,-16.185427,30.342896,0.021640597,-0.013214038,0.6090214,15.0577345,14.594215,6.0657654,-2.1073964,0.0,0.0,0.0,0.0,0.0,0.0,689.00397,1471.4049,-201.0,1602.3502,1212.799,-201.0,2460.3167,969.72186,-201.0,0 days 00:00:28.010894228,0 days 00:00:28.110894228
0 days 00:00:00.460000,0 days 00:00:00.560000,answer5,1.9246246,-19.498264,34.899445,0.022236474,-0.011433843,0.8607731,17.386793,15.811351,5.952732,-1.7832028,0.0,0.0,0.0,0.0,0.0,0.0,775.08496,1469.8599,-201.0,1732.5166,1230.5836,-201.0,2594.5813,1122.187,-201.0,0 days 00:00:28.020894228,0 days 00:00:28.120894228
0 days 00:00:00.470000,0 days 00:00:00.570000,answer5,2.2372115,-21.290794,37.933125,0.02027508,-0.010184334,1.0763855,19.905985,14.736472,5.8861613,-1.8233781,0.0,0.0,0.0,0.0,0.0,0.0,1011.2207,1311.517,-145.42722,2085.198,1145.4186,-145.05817,2869.2795,1672.5815,-145.05817,0 days 00:00:28.030894228,0 days 00:00:28.130894228
0 days 00:00:00.480000,0 days 00:00:00.580000,answer5,2.605756,-21.878714,38.542843,0.023826754,-0.009081661,1.2521423,22.039923,11.627379,6.519943,-2.304954,39.89534,0.0,0.0,7.2917643,2.9364767,7.5863724,1029.873,1289.5953,-89.819176,2064.0388,1189.834,-90.84908,2876.445,1640.1156,-90.87833,0 days 00:00:28.040894228,0 days 00:00:28.140894228
0 days 00:00:00.490000,0 days 00:00:00.590000,answer5,3.0211945,-21.843176,37.304592,0.02973707,-0.0081342375,1.396604,23.490545,7.257431,8.152965,-3.3004646,39.791946,0.0,0.0,8.445222,4.3326244,10.261749,1034.9208,1115.7194,-36.728405,2078.7788,1118.9669,-39.5882,3032.7363,1546.3807,-38.180084,0 days 00:00:28.050894228,0 days 00:00:28.150894228
0 days 00:00:00.500000,0 days 00:00:00.600000,answer5,3.4549115,-21.71668,35.16891,0.03156363,-0.007121229,1.649511,24.374765,2.8193953,10.422683,-4.919545,39.618835,0.0,0.0,10.62424,6.117183,13.980672,1031.4811,1087.1937,-39.988083,2019.5503,1073.1307,-43.857285,3244.877,1006.34894,-42.051693,0 days 00:00:28.060894228,0 days 00:00:28.160894228
0 days 00:00:00.510000,0 days 00:00:00.610000,answer5,3.8559554,-21.782843,33.41734,0.034977335,-0.006767089,1.8725773,24.730509,-1.0295362,12.3717375,-7.3927035,39.45698,0.0,3.304606,11.994514,8.144131,17.698448,778.42017,1258.2715,-42.894173,1834.6998,1102.7151,-40.937042,3036.6716,1211.109,-43.266373,0 days 00:00:28.070894228,0 days 00:00:28.170894228
0 days 00:00:00.520000,0 days 00:00:00.620000,answer5,4.159989,-22.036179,32.181126,0.034448806,-0.00671413,1.9894953,24.622894,-3.8533595,13.313858,-10.337771,39.37965,0.032055296,2.5005577,12.855298,5.6580863,17.99384,780.7204,1248.1163,0.0,1868.4834,992.656,-38.71326,3124.2363,1233.9979,-43.88354,0 days 00:00:28.080894228,0 days 00:00:28.180894228
0 days 00:00:00.530000,0 days 00:00:00.630000,answer5,4.3176,-22.29715,31.166628,0.036808487,-0.0073505114,1.9573941,23.984678,-5.546261,12.916181,-13.563151,39.475094,0.024010396,1.8955288,13.060135,3.1889565,15.741948,790.0289,1290.476,-33.680233,1902.9645,939.8384,-36.179214,2753.2278,2118.4065,-41.746967,0 days 00:00:28.090894228,0 days 00:00:28.190894228
0 days 00:00:00.540000,0 days 00:00:00.640000,answer5,4.312114,-22.40964,30.386713,0.03687055,-0.008102596,1.9907767,23.143358,-5.6555305,11.915047,-16.23731,39.769184,0.01767618,1.147119,12.828786,1.9014364,16.99175,1120.169,1049.6302,-33.12083,2281.8955,781.7253,-36.64592,3401.7588,2069.5938,-43.183575,0 days 00:00:28.100894228,0 days 00:00:28.200894228
0 days 00:00:00.550000,0 days 00:00:00.650000,answer5,4.1529346,-22.286032,30.590988,0.036224436,-0.008999101,2.1180077,22.280306,-4.339784,10.985044,-17.934895,40.104664,0.013762638,0.98669,11.733407,5.274946,15.923027,1127.2501,1111.7959,-34.465927,2303.1292,834.1018,-32.944065,3347.507,2634.8457,-40.422714,0 days 00:00:28.110894228,0 days 00:00:28.210894228
0 days 00:00:00.560000,0 days 00:00:00.660000,answer5,3.8731346,-21.87298,31.515661,0.032265592,-0.010153359,2.124913,21.417023,-2.1278632,10.701714,-18.291807,40.919643,0.016141362,0.6543099,10.317612,6.4574914,14.458984,1055.0292,1207.1871,-33.97597,2145.0417,1023.2403,-33.24231,3373.1377,1886.3828,-37.983627,0 days 00:00:28.120894228,0 days 00:00:28.220894228
0 days 00:00:00.570000,0 days 00:00:00.670000,answer5,3.5199058,-21.066013,33.030468,0.03045418,-0.011382838,1.9539372,20.212124,-0.06504595,10.911151,-17.517578,41.63873,0.015056764,0.41117406,9.756215,7.0304837,10.865752,977.8361,1218.6996,-33.13653,1993.8842,1097.2261,-36.258656,2914.4502,1788.4493,-33.8302,0 days 00:00:28.130894228,0 days 00:00:28.230894228
0 days 00:00:00.580000,0 days 00:00:00.680000,answer5,3.1396458,-19.742405,32.97294,0.02880335,-0.012322943,1.7088085,18.551283,1.3263345,11.923167,-15.517087,42.285946,0.02908566,0.86458904,9.972434,4.640302,10.976741,941.5949,1242.5891,-27.750982,1887.7313,1134.6846,-39.77114,2712.5684,1064.6943,-34.08742,0 days 00:00:28.140894228,0 days 00:00:28.240894228
0 days 00:00:00.590000,0 days 00:00:00.690000,answer5,2.7730958,-17.981575,31.462782,0.03260071,-0.011915228,1.4164313,16.434206,1.7292687,13.529742,-12.765302,42.22966,0.037778765,1.6932583,10.166134,8.007036,13.1470375,996.57733,1196.8341,-31.214386,1898.8002,1038.0026,-38.0469,2769.3743,925.06714,-36.354385,0 days 00:00:28.150894228,0 days 00:00:28.250894228
0 days 00:00:00.600000,0 days 00:00:00.700000,answer5,2.4578393,-16.087345,28.615744,0.027558094,-0.009648219,1.1077815,14.680675,1.8432225,15.902305,-9.3899145,42.00188,0.037035566,1.9205785,9.800013,7.461839,9.985892,1104.6984,1218.4268,-35.47441,1977.4043,1074.5107,-34.130085,2845.6047,887.88104,-34.473274,0 days 00:00:28.160894228,0 days 00:00:28.260894228
0 days 00:00:00.610000,0 days 00:00:00.710000,answer5,2.199216,-14.213086,26.03482,0.029933432,-0.007430609,0.79332286,13.331304,1.3934094,17.214468,-7.0759187,41.8808,0.027793022,2.2118309,9.43907,6.5835686,5.1050777,1152.9496,1194.1827,-36.849445,2007.296,1088.0653,-29.998743,2867.486,849.3945,-31.845766,0 days 00:00:28.170894228,0 days 00:00:28.270894228
0 days 00:00:00.620000,0 days 00:00:00.720000,answer5,1.9877782,-12.291054,23.95987,0.030129306,-0.0059560467,0.5930802,12.827558,1.1621226,17.116339,-6.172964,41.972706,0.022930369,1.7627878,8.887282,6.2107835,3.373553,1133.0809,1134.4253,-34.625355,2014.8693,1047.9484,-26.979818,2878.528,676.584,-28.262938,0 days 00:00:28.180894228,0 days 00:00:28.280894228
0 days 00:00:00.630000,0 days 00:00:00.730000,answer5,1.8011452,-10.255889,21.700897,0.0364531,-0.0060618296,0.4590194,12.6874695,1.0708135,14.968177,-7.215342,42.33873,0.024244959,1.7569243,7.2056923,8.188631,4.539622,1045.0846,1066.0919,-29.598145,1946.5236,990.95856,-25.327705,2829.4949,676.5784,-25.949137,0 days 00:00:28.190894228,0 days 00:00:28.290894228
0 days 00:00:00.640000,0 days 00:00:00.740000,answer5,1.6486689,-8.553373,19.593937,0.03609251,-0.006324085,0.34017208,13.1291895,1.6547813,11.923302,-8.865464,42.539097,0.021659527,1.3127983,6.0014486,12.291967,7.3179216,980.92377,1035.7997,-86.47739,1897.4718,934.50586,-83.133064,2789.1348,676.7923,-83.161354,0 days 00:00:28.200894228,0 days 00:00:28.300894228
0 days 00:00:00.650000,0 days 00:00:00.750000,answer5,1.5474362,-7.301113,17.75169,0.03555146,-0.006883905,0.23113245,14.02905,2.0606554,8.1690855,-10.241241,0.0,0.0,0.0,0.0,0.0,0.0,955.25555,1109.6617,-143.06071,1888.5864,970.3569,-141.78479,2778.0527,680.77704,-141.12311,0 days 00:00:28.210894228,0 days 00:00:28.310894228
0 days 00:00:00.660000,0 days 00:00:00.760000,answer5,1.4961424,-6.1652665,16.788671,0.034014743,-0.0072804973,0.15573382,15.222394,1.6500355,4.1382084,-10.565793,0.0,0.0,0.0,0.0,0.0,0.0,927.28253,1167.3162,-201.0,1871.3383,977.13965,-201.0,2750.0916,703.6435,-201.0,0 days 00:00:28.220894228,0 days 00:00:28.320894228
0 days 00:00:00.670000,0 days 00:00:00.770000,answer5,1.4733936,-4.669501,16.573946,0.03282053,-0.007004632,0.11800524,16.386686,0.38765848,0.15874569,-9.719918,0.0,0.0,0.0,0.0,0.0,0.0,917.47906,1149.6135,-201.0,1893.4971,993.6091,-201.0,2739.9006,781.0517,-201.0,0 days 00:00:28.230894228,0 days 00:00:28.330894228
0 days 00:00:00.680000,0 days 00:00:00.780000,answer5,1.4532161,-2.8617868,17.165825,0.029315898,-0.0056120567,0.10823522,17.121374,-1.1488395,-3.3966055,-8.028278,0.0,0.0,0.0,0.0,0.0,0.0,896.5989,1099.1693,-201.0,1870.5928,995.2712,-201.0,2706.445,787.77484,-201.0,0 days 00:00:28.240894228,0 days 00:00:28.340894228
0 days 00:00:00.690000,0 days 00:00:00.790000,answer5,1.4319333,-1.1954861,18.69415,0.025523812,-0.0039001473,0.10632512,17.332975,-2.4385493,-6.32159,-5.756746,0.0,0.0,0.0,0.0,0.0,0.0,889.82,1067.4061,-201.0,1859.6569,1032.9347,-201.0,2705.4846,772.5153,-201.0,0 days 00:00:28.250894228,0 days 00:00:28.350894228
0 days 00:00:00.700000,0 days 00:00:00.800000,answer5,1.4207152,-0.023222366,19.783186,0.020407585,-0.0016638739,0.10790893,17.163225,-3.3651626,-8.534207,-3.031476,0.0,0.0,0.0,0.0,0.0,0.0,901.175,1190.6171,-201.0,1844.4912,1187.452,-201.0,2710.3564,764.9161,-201.0,0 days 00:00:28.260894228,0 days 00:00:28.360894228
0 days 00:00:00.710000,0 days 00:00:00.810000,answer5,1.4256662,0.41160703,19.443895,0.015295431,-0.00026024322,0.10681423,16.856972,-3.9257042,-10.015679,-0.07407355,0.0,0.0,0.0,0.0,0.0,0.0,839.60944,1320.2948,-201.0,1838.332,1556.5609,-201.0,2631.684,977.1081,-201.0,0 days 00:00:28.270894228,0 days 00:00:28.370894228
0 days 00:00:00.720000,0 days 00:00:00.820000,answer5,1.4419364,-0.069602095,17.939348,0.009389267,0.00042928456,0.11404827,16.63284,-3.9609325,-10.682326,2.565503,0.0,0.0,0.0,0.0,0.0,0.0,703.3916,1590.7354,-201.0,1616.2621,1819.708,-201.0,2403.6877,1184.8273,-201.0,0 days 00:00:28.280894228,0 days 00:00:28.380894228
0 days 00:00:00.730000,0 days 00:00:00.830000,answer5,1.4614469,-1.4647187,16.576532,0.0067484006,-0.0004529032,0.12754513,16.448029,-3.3489487,-10.408111,4.109902,0.0,0.0,0.0,0.0,0.0,0.0,661.85205,1560.0474,-201.0,1555.7769,1719.4296,-201.0,2372.4988,1134.142,-201.0,0 days 00:00:28.290894228,0 days 00:00:28.390894228
0 days 00:00:00.740000,0 days 00:00:00.840000,answer5,1.4970754,-3.3556926,17.155556,0.00901834,-0.0025744773,0.1404534,15.657382,-1.8364102,-8.972199,3.4890528,0.0,0.0,0.0,0.0,0.0,0.0,713.56256,1434.9755,-137.11305,1534.3159,1306.4144,-137.3537,2448.6165,882.8955,-138.1003,0 days 00:00:28.300894228,0 days 00:00:28.400894228
0 days 00:00:00.750000,0 days 00:00:00.850000,answer5,1.5887518,-4.901321,18.017176,0.017079035,-0.00443819,0.15070404,13.391154,0.7836183,-6.24266,0.16549079,39.31118,0.0,0.0,-2.6468756,6.8263035,11.493712,849.7893,1155.7417,-71.16144,1752.4542,985.6977,-74.51177,2690.2634,617.0043,-76.77484,0 days 00:00:28.310894228,0 days 00:00:28.410894228
0 days 00:00:00.760000,0 days 00:00:00.860000,answer5,1.7752167,-5.252975,17.401148,0.024035709,-0.00580396,0.16217993,9.437086,4.364101,-2.5470786,-4.605247,39.372517,0.045821235,0.81948245,-1.3821048,5.6482186,11.24973,878.6836,1078.523,-7.067091,1789.0314,919.25946,-13.067299,2719.0112,567.8909,-16.882929,0 days 00:00:28.320894228,0 days 00:00:28.420894228
0 days 00:00:00.770000,0 days 00:00:00.870000,answer5,2.0563128,-4.228605,14.521362,0.029483324,-0.0065867803,0.18541403,4.6569104,8.049605,1.6590818,-8.82158,39.930485,0.04448976,0.9104214,-0.16178355,4.381211,10.729268,888.53424,1037.3594,-10.396787,1808.354,885.1983,-16.150244,2730.0403,550.10944,-20.959173,0 days 00:00:28.330894228,0 days 00:00:28.430894228
0 days 00:00:00.780000,0 days 00:00:00.880000,answer5,2.387983,-2.3663948,11.048065,0.031050628,-0.007158402,0.21019478,0.276098,10.901814,5.721955,-11.245837,40.451572,0.06051168,0.9645937,0.56255317,4.9602175,10.925006,895.2471,1026.674,-16.418219,1816.4865,886.4033,-20.78603,2711.2476,585.97296,-24.095537,0 days 00:00:28.340894228,0 days 00:00:28.440894228
0 days 00:00:00.790000,0 days 00:00:00.890000,answer5,2.707925,-0.39892706,8.472529,0.0317526,-0.00827137,0.21938826,-3.0342042,12.535312,9.15204,-12.438592,40.85379,0.05668595,0.9850729,0.2674675,5.2085524,8.829448,927.7984,1078.3864,-19.874481,1833.7106,965.2249,-21.727076,2721.7021,620.971,-23.495377,0 days 00:00:28.350894228,0 days 00:00:28.450894228
0 days 00:00:00.800000,0 days 00:00:00.900000,answer5,2.9599602,1.2660342,6.4849067,0.032474454,-0.009672717,0.20810919,-5.2349,13.045758,11.436328,-13.048884,40.68011,0.085790455,0.6839791,-0.4001634,4.197316,4.8962092,964.323,1121.1111,-19.98686,1881.4985,977.82446,-21.305977,2766.443,651.1204,-20.685751,0 days 00:00:28.360894228,0 days 00:00:28.460894228
0 days 00:00:00.810000,0 days 00:00:00.910000,answer5,3.1054697,2.411095,4.8488536,0.031445272,-0.011409976,0.20309164,-6.332579,12.747079,12.376137,-13.082597,40.412308,0.06898359,1.321528,-2.2391427,1.7923199,0.65122765,695.21655,1396.1691,-19.375576,1674.3641,1098.0747,-20.032518,2573.629,760.4318,-17.475727,0 days 00:00:28.370894228,0 days 00:00:28.470894228
0 days 00:00:00.820000,0 days 00:00:00.920000,answer5,3.150006,2.040349,4.1895313,0.03570072,-0.012162133,0.26831964,-5.840833,12.5206175,12.416072,-12.462367,40.18474,0.077061035,1.6913925,-3.7969015,1.1919047,-0.5886653,657.85114,1436.369,0.0,1631.3262,1121.8967,-19.189117,2490.032,873.82275,-15.2958765,0 days 00:00:28.380894228,0 days 00:00:28.480894228
0 days 00:00:00.830000,0 days 00:00:00.930000,answer5,3.1426227,-0.9710147,6.9415326,0.041321557,-0.012268186,0.4437891,-3.3270957,13.006214,11.8622465,-11.140754,40.051197,0.051021397,2.44258,-4.8390203,0.85719395,-0.031322002,447.2106,1565.4219,-107.732315,1413.0018,1244.2972,-80.17358,2256.0037,991.3068,-76.92896,0 days 00:00:28.390894228,0 days 00:00:28.490894228
0 days 00:00:00.840000,0 days 00:00:00.940000,answer5,3.1522186,-6.3209987,12.8902235,0.05143423,-0.013011019,0.7085894,1.145069,13.959346,10.219142,-9.466049,0.0,0.0,0.0,0.0,0.0,0.0,738.0791,1332.8121,-138.82155,1633.9413,1118.4722,-139.65317,2469.6895,933.81683,-138.32808,0 days 00:00:28.400894228,0 days 00:00:28.500894228
0 days 00:00:00.850000,0 days 00:00:00.950000,answer5,3.2246304,-12.182368,20.941084,0.061604094,-0.014553599,0.9718034,6.6599636,14.325424,6.7749143,-7.7481,0.0,0.0,0.0,0.0,0.0,0.0,588.79504,1392.3682,-201.0,1622.4154,1061.6215,-201.0,2486.1428,900.66595,-201.0,0 days 00:00:28.410894228,0 days 00:00:28.510894228
0 days 00:00:00.860000,0 days 00:00:00.960000,answer5,3.367646,-16.496475,27.804022,0.068816215,-0.015008256,1.1311189,12.24973,13.511124,1.733891,-6.35354,0.0,0.0,0.0,0.0,0.0,0.0,588.3518,1312.618,-201.0,1674.9266,964.3076,-142.13245,2580.0332,854.9793,-140.27682,0 days 00:00:28.420894228,0 days 00:00:28.520894228
0 days 00:00:00.870000,0 days 00:00:00.970000,answer5,3.5475152,-18.860247,32.20845,0.07328264,-0.013210894,1.1287212,17.172983,11.70544,-3.5920906,-5.5459447,36.31222,0.0,0.0,5.5759106,29.628767,24.511278,378.5234,1372.2025,0.0,1527.1465,996.2314,-84.856285,2493.318,908.1612,-81.64672,0 days 00:00:28.430894228,0 days 00:00:28.530894228
0 days 00:00:00.880000,0 days 00:00:00.980000,answer5,3.7068741,-19.821571,34.174484,0.072255485,-0.009985433,1.0072905,21.105349,9.551978,-8.001517,-5.4881783,36.260906,0.0,0.0,6.9808335,30.481964,28.44844,321.36987,1380.4357,0.0,1417.2528,991.71686,-24.134102,2498.488,909.17523,-24.383131,0 days 00:00:28.440894228,0 days 00:00:28.540894228
0 days 00:00:00.890000,0 days 00:00:00.990000,answer5,3.7909682,-20.15342,34.557148,0.06771254,-0.007138729,0.91692895,24.00646,7.686012,-10.99648,-6.4227166,36.18279,0.0,0.0,9.738172,32.007122,36.78127,617.5349,1385.3553,0.0,1801.3442,1044.359,-24.890213,3072.78,957.1377,-29.88577,0 days 00:00:28.450894228,0 days 00:00:28.550894228
0 days 00:00:00.900000,0 days 00:00:01,answer5,3.8145275,-20.264437,34.616444,0.06308294,-0.005619637,0.8862037,25.604416,6.6392894,-12.499171,-7.382795,36.10508,0.0,0.0,11.21783,32.200993,41.653538,918.2712,1365.3734,-27.904453,2192.0007,1082.6991,-24.05494,3627.9355,970.36523,-33.29534,0 days 00:00:28.460894228,0 days 00:00:28.560894228
0 days 00:00:00.900000,0 days 00:00:01.000997732,answer5,3.807492,-20.298883,34.669605,0.058908176,-0.005212219,0.91511744,26.26358,6.2742233,-13.012662,-8.045627,36.078484,0.0,0.0,11.931403,32.20731,44.318928,1250.2113,1287.1403,-27.904455,2600.563,1116.8356,-26.665682,4151.5864,1001.48047,-35.338394,0 days 00:00:28.460894228,0 days 00:00:28.561891960
0 days 00:00:00,0 days 00:00:00.100000,answer6,1.697868,-4.2420816,29.427324,0.02086336,-0.0020033359,0.06145829,22.48729,-9.065311,-27.811956,-10.949109,40.150253,0.0,0.0,-1.6775926,4.907926,29.64826,754.3846,1410.2777,1.9217091,1632.704,991.1999,-3.8706768,2746.2961,705.1442,-23.060507,0 days 00:00:33.800467134,0 days 00:00:33.900467134
0 days 00:00:00.010000,0 days 00:00:00.110000,answer6,1.6832681,-4.8882155,29.854439,0.017114628,-0.0012737327,0.12038553,22.279657,-9.15749,-27.58645,-11.837369,40.175144,0.0,1.1620578,-2.5697067,0.82945585,29.054064,646.71686,1515.8942,4.1563263,1584.5433,1016.45966,-2.1042702,2756.4402,767.06396,-22.564714,0 days 00:00:33.810467134,0 days 00:00:33.910467134
0 days 00:00:00.020000,0 days 00:00:00.120000,answer6,1.652649,-5.6667404,29.925695,0.011319055,-0.0006402669,0.16991115,22.06456,-9.036708,-26.778608,-13.212672,40.246952,0.036797766,0.99541837,-2.1594815,-5.8449593,20.259764,543.53186,1626.0482,5.9592957,1276.0381,2224.7751,5.561745,2391.6777,930.9666,-14.3004675,0 days 00:00:33.820467134,0 days 00:00:33.920467134
0 days 00:00:00.030000,0 days 00:00:00.130000,answer6,1.6049619,-6.026179,29.150496,0.0065956395,-0.0010363776,0.15668117,22.079283,-8.403469,-24.925903,-14.361131,40.268345,0.0647434,1.2473627,0.07628401,-10.242383,17.292688,543.5048,1554.4946,5.470644,1285.661,2213.5745,5.296861,2374.2322,933.8967,-11.822044,0 days 00:00:33.830467134,0 days 00:00:33.930467134
0 days 00:00:00.040000,0 days 00:00:00.140000,answer6,1.5583719,-5.8415656,28.721998,0.0050616986,-0.0019181635,0.15525888,21.56717,-6.7365146,-22.36923,-14.627995,40.24725,0.08619038,1.6271499,3.3681443,-13.574219,9.271926,534.4226,1534.6786,4.015454,1289.957,2279.0708,4.3084874,1987.5658,2836.6335,-5.2564726,0 days 00:00:33.840467134,0 days 00:00:33.940467134
0 days 00:00:00.050000,0 days 00:00:00.150000,answer6,1.5727698,-5.375665,26.874582,0.007929164,-0.0039654355,0.17120324,19.178953,-3.6035373,-19.185461,-14.251304,40.162144,0.08114381,1.7749094,5.016624,-15.288796,11.212585,540.5128,1503.4677,1.300979,1550.5293,1138.2374,-2.4561923,2321.9534,2719.955,-9.911607,0 days 00:00:33.850467134,0 days 00:00:33.950467134
0 days 00:00:00.060000,0 days 00:00:00.160000,answer6,1.7273115,-4.7496,22.490349,0.0137605695,-0.006539684,0.19264932,14.543891,0.39632645,-15.531518,-14.229854,40.083084,0.050955594,1.7403556,4.7469764,-17.618788,7.2158356,551.87646,1496.9281,-2.7641985,1549.5531,1174.5594,-2.6729758,2305.8518,2698.8616,-9.980035,0 days 00:00:33.860467134,0 days 00:00:33.960467134
0 days 00:00:00.070000,0 days 00:00:00.170000,answer6,2.0479763,-3.8040836,15.811418,0.023632973,-0.008878973,0.21475881,8.844482,3.8468263,-11.846656,-15.229588,40.024956,0.023983052,1.0511804,3.2897165,-18.751684,9.099743,575.5,1503.5713,-6.3447495,1551.3988,1175.926,-3.7727306,2671.4333,783.2884,-15.444492,0 days 00:00:33.870467134,0 days 00:00:33.970467134
0 days 00:00:00.080000,0 days 00:00:00.180000,answer6,2.4768956,-2.4145186,9.549027,0.031754,-0.009519137,0.22762896,3.6855783,5.887295,-8.708274,-16.602562,40.007717,0.023020284,1.3561172,2.2822216,-16.520391,11.075385,685.4323,1354.5297,-1.6855154,1666.0464,1073.1903,-7.2627435,2720.9084,720.0666,-16.585579,0 days 00:00:33.880467134,0 days 00:00:33.980467134
0 days 00:00:00.090000,0 days 00:00:00.190000,answer6,2.9106362,-0.6469089,5.659097,0.035408378,-0.009401923,0.23360586,-0.5383344,6.987409,-6.4025254,-17.26406,39.993076,0.01589416,1.1875867,1.3749334,-11.770066,14.399365,800.4482,1210.3009,4.9778495,1791.313,986.4473,-9.348739,2773.7507,653.7819,-14.981402,0 days 00:00:33.890467134,0 days 00:00:33.990467134
0 days 00:00:00.100000,0 days 00:00:00.200000,answer6,3.2714183,1.3729514,3.5466213,0.033161536,-0.008438551,0.23816349,-4.231751,7.884337,-4.4337277,-16.86696,39.94218,0.031599652,1.6969179,-0.105612196,-5.0676627,16.478605,906.0212,1119.8136,11.568257,1857.1001,1006.73065,-7.1722436,2699.9717,739.9387,-9.978007,0 days 00:00:33.900467134,0 days 00:00:34.000467134
0 days 00:00:00.110000,0 days 00:00:00.210000,answer6,3.5238492,3.6167924,1.6084388,0.028908348,-0.007828556,0.2500987,-7.6359544,8.821594,-2.5528004,-15.743287,39.85247,0.034764197,1.382991,-2.153199,0.15652816,16.003328,904.7684,1180.5188,10.675206,1816.9213,1143.6685,-2.5565999,2602.831,896.03955,-5.171594,0 days 00:00:33.910467134,0 days 00:00:34.010467134
0 days 00:00:00.120000,0 days 00:00:00.220000,answer6,3.666577,5.7297406,-0.27960095,0.025964813,-0.0074543594,0.26038122,-10.592513,9.73315,-0.9376895,-14.343287,39.79312,0.04780049,1.7437613,-3.543992,2.8376021,15.406376,926.62476,1265.0579,-60.505768,1859.3412,1204.7023,-66.311295,2641.1287,902.9748,-68.88495,0 days 00:00:33.920467134,0 days 00:00:34.020467134
0 days 00:00:00.130000,0 days 00:00:00.230000,answer6,3.725148,6.8024364,-1.8426489,0.026149994,-0.007784564,0.2591027,-12.181026,11.105496,0.33885312,-13.349056,0.0,0.0,0.0,0.0,0.0,0.0,930.0539,1406.9967,-131.2202,1936.6694,1148.1984,-133.56955,2775.8018,796.0799,-134.60541,0 days 00:00:33.930467134,0 days 00:00:34.030467134
0 days 00:00:00.140000,0 days 00:00:00.240000,answer6,3.7374933,5.6919417,-1.136929,0.028572025,-0.008529832,0.3060512,-11.382253,13.779681,1.4726692,-13.407391,0.0,0.0,0.0,0.0,0.0,0.0,772.1694,1469.8041,-201.0,1771.0106,1203.8505,-201.0,2651.5618,785.5455,-201.0,0 days 00:00:33.940467134,0 days 00:00:34.040467134
0 days 00:00:00.150000,0 days 00:00:00.250000,answer6,3.7344637,2.073818,2.223805,0.03571507,-0.010093484,0.4432917,-8.214227,17.813911,2.3718898,-15.027156,0.0,0.0,0.0,0.0,0.0,0.0,585.70776,1466.125,-201.0,1526.2416,1254.0142,-201.0,2426.5159,911.326,-201.0,0 days 00:00:33.950467134,0 days 00:00:34.050467134
0 days 00:00:00.160000,0 days 00:00:00.260000,answer6,3.7342827,-3.1942532,8.164603,0.044625506,-0.012647819,0.67370605,-3.7466667,22.328356,2.8904788,-17.995714,0.0,0.0,0.0,0.0,0.0,0.0,608.2885,1288.8374,-201.0,1547.3046,1187.1847,-201.0,2430.2932,890.72876,-201.0,0 days 00:00:33.960467134,0 days 00:00:34.060467134
0 days 00:00:00.170000,0 days 00:00:00.270000,answer6,3.7489421,-8.689628,15.103929,0.053709876,-0.0155449705,0.9230359,0.76262236,25.993063,2.8931658,-21.601357,0.0,0.0,0.0,0.0,0.0,0.0,772.3344,1348.9647,-201.0,1783.9789,1181.5122,-201.0,2597.2888,891.90204,-201.0,0 days 00:00:33.970467134,0 days 00:00:34.070467134
0 days 00:00:00.180000,0 days 00:00:00.280000,answer6,3.7779543,-13.4244795,21.027168,0.06034858,-0.017020186,1.1009544,4.869419,28.377045,2.6293743,-24.98298,0.0,0.0,0.0,0.0,0.0,0.0,765.32965,1507.5029,-134.72357,1818.3984,1381.7837,-140.45897,2685.413,830.7622,-140.79881,0 days 00:00:33.980467134,0 days 00:00:34.080467134
0 days 00:00:00.190000,0 days 00:00:00.290000,answer6,3.8040533,-17.130333,25.683378,0.06492517,-0.017099442,1.1345297,8.473211,29.53615,2.12708,-27.541855,36.6799,0.0,0.0,2.3067377,26.075958,23.12741,575.5943,1737.5468,-67.44269,1517.2438,1653.6571,-87.68329,2541.3162,970.5571,-82.86096,0 days 00:00:33.990467134,0 days 00:00:34.090467134
0 days 00:00:00.200000,0 days 00:00:00.300000,answer6,3.7987454,-19.847048,29.203207,0.06458267,-0.016174858,0.98672205,11.540051,29.83396,1.2967328,-29.149277,36.765728,0.0,0.0,4.685903,29.113174,28.92867,406.74,1685.623,0.5373609,1286.3695,1668.8878,-29.470055,2488.6584,895.73096,-28.391312,0 days 00:00:34.000467134,0 days 00:00:34.100467134
0 days 00:00:00.210000,0 days 00:00:00.310000,answer6,3.7465458,-21.712118,31.854067,0.061339293,-0.014556717,0.72886133,14.061806,29.428932,0.057960946,-29.808893,36.909546,0.008678819,0.9244343,8.724961,34.224445,36.2652,410.31876,1572.1735,2.53577,1234.4491,1587.2504,-34.12091,2441.4514,927.5295,-33.729435,0 days 00:00:34.010467134,0 days 00:00:34.110467134
0 days 00:00:00.220000,0 days 00:00:00.320000,answer6,3.6478474,-22.877754,33.760532,0.05826437,-0.012912256,0.62025857,16.146967,28.326944,-1.5823714,-29.547829,37.060074,0.027526595,1.2557459,11.222341,36.762127,40.913914,403.82675,1423.3002,3.3823287,1239.7544,1381.7723,-25.653221,2370.666,852.9377,-37.280704,0 days 00:00:34.020467134,0 days 00:00:34.120467134
0 days 00:00:00.230000,0 days 00:00:00.330000,answer6,3.5128257,-23.482218,35.459824,0.05527697,-0.010952395,0.65685517,18.021414,26.643946,-3.4467087,-28.249437,37.11813,0.02868464,1.1676062,12.547848,35.295803,41.322678,403.2418,1441.6343,0.0,1211.5295,1335.044,-26.559042,2345.125,841.1919,-37.26872,0 days 00:00:34.030467134,0 days 00:00:34.130467134
0 days 00:00:00.240000,0 days 00:00:00.340000,answer6,3.3604946,-23.68593,37.290653,0.050543394,-0.009458296,0.74143887,19.951607,24.72937,-5.26869,-26.136724,37.088963,0.029201144,1.2001022,13.213094,31.411856,41.959694,396.3212,1462.9691,4.153327,1191.5137,1232.2853,-24.95017,2362.6597,786.45654,-37.81249,0 days 00:00:34.040467134,0 days 00:00:34.140467134
0 days 00:00:00.250000,0 days 00:00:00.350000,answer6,3.2119133,-23.725899,39.077698,0.044965923,-0.0075685456,0.6463848,22.074347,22.915274,-6.8411407,-23.847496,37.00765,0.009919167,0.6089696,13.476199,28.185965,41.913254,408.21945,1525.18,4.0186605,1232.7563,1293.5549,-29.368448,2459.052,762.52563,-37.894596,0 days 00:00:34.050467134,0 days 00:00:34.150467134
0 days 00:00:00.260000,0 days 00:00:00.360000,answer6,3.0838652,-23.860886,40.672207,0.045883402,-0.0064377845,0.52336836,24.307138,21.17224,-8.21488,-22.073206,36.93288,0.006220724,0.49333584,13.484275,26.323303,41.81,406.69946,1487.9062,3.7459476,1242.6869,1252.831,-30.783396,2470.681,766.5422,-38.064053,0 days 00:00:34.060467134,0 days 00:00:34.160467134
0 days 00:00:00.270000,0 days 00:00:00.370000,answer6,2.9861877,-24.19815,42.703312,0.048200566,-0.006436747,0.5338734,26.48781,19.330362,-9.360885,-20.84656,36.90329,0.004375335,0.22982366,13.392047,25.828466,41.828156,407.811,1483.4766,3.4851735,1254.233,1328.5044,-31.78129,2459.2,862.28827,-38.342983,0 days 00:00:34.070467134,0 days 00:00:34.170467134
0 days 00:00:00.280000,0 days 00:00:00.380000,answer6,2.921408,-24.652407,43.886295,0.04987524,-0.0079029435,0.69329524,28.513048,17.455687,-10.054814,-19.849747,36.8929,0.0027277889,0.38510147,13.297465,26.559387,42.22214,452.92026,1583.0508,3.2867367,1314.0853,1366.7363,-32.33627,2462.3606,872.7053,-38.935406,0 days 00:00:34.080467134,0 days 00:00:34.180467134
0 days 00:00:00.290000,0 days 00:00:00.390000,answer6,2.8931437,-25.088408,44.453205,0.049077068,-0.009899617,0.863228,30.301254,15.78399,-10.04386,-18.720228,36.867413,0.0032223228,0.4951202,13.28233,26.610525,43.05756,457.03214,1594.1519,3.175214,1351.3944,1414.3893,-30.536448,2493.8914,988.3693,-39.88235,0 days 00:00:34.090467134,0 days 00:00:34.190467134
0 days 00:00:00.300000,0 days 00:00:00.400000,answer6,2.896979,-25.51164,44.094913,0.04669966,-0.011747933,0.9223675,31.789305,14.588904,-9.527963,-17.283316,36.80139,0.0030231064,0.53708524,13.305058,24.769308,43.172207,447.30728,1619.7389,3.1140423,1397.7621,1436.1239,-28.83653,2555.2969,1092.2769,-40.058167,0 days 00:00:34.100467134,0 days 00:00:34.200467134
0 days 00:00:00.310000,0 days 00:00:00.410000,answer6,2.9242842,-26.016584,43.875202,0.044545252,-0.012609874,0.87614375,32.918465,13.741073,-8.982037,-15.532107,36.71243,0.0033161773,0.53178924,13.262749,22.231466,42.833893,397.8904,1442.7124,3.3474858,1346.5807,1383.0317,-26.722237,2529.618,1123.5668,-39.48641,0 days 00:00:34.110467134,0 days 00:00:34.210467134
0 days 00:00:00.320000,0 days 00:00:00.420000,answer6,2.9585578,-26.669031,43.896236,0.043935884,-0.012631991,0.78883266,33.759205,13.02457,-8.743787,-13.715626,36.617615,0.005410196,0.41760254,13.108044,21.518988,42.510254,394.9087,1422.162,3.936678,1333.174,1337.0797,-25.680244,2523.5266,1052.4774,-38.573574,0 days 00:00:34.120467134,0 days 00:00:34.220467134
0 days 00:00:00.330000,0 days 00:00:00.430000,answer6,2.9839437,-27.44909,43.87558,0.046147674,-0.011702784,0.69538146,34.521652,12.310452,-8.69337,-12.2514,36.538242,0.005650154,0.37251726,13.060277,23.5381,42.35173,395.79114,1313.3373,4.9251595,1328.6349,1194.4679,-24.846342,2496.3025,860.98114,-37.426575,0 days 00:00:34.130467134,0 days 00:00:34.230467134
0 days 00:00:00.340000,0 days 00:00:00.440000,answer6,2.9906864,-28.277098,44.41966,0.049807746,-0.010945804,0.6270979,35.394077,11.690152,-8.501315,-11.224277,36.481007,0.008133132,0.25480995,13.148808,26.660019,42.390118,376.76224,1411.2882,5.460565,1393.3651,1365.234,-25.180717,2481.8281,1053.5187,-36.287037,0 days 00:00:34.140467134,0 days 00:00:34.240467134
0 days 00:00:00.350000,0 days 00:00:00.450000,answer6,2.979866,-28.925714,44.30965,0.051977318,-0.011249549,0.587467,36.465126,11.154675,-7.9822135,-10.109779,36.437954,0.007423949,0.2420813,13.436051,29.13767,41.961967,388.27652,1431.6064,0.0,1436.4987,1445.0033,-25.772524,2482.9666,1136.9078,-34.727657,0 days 00:00:34.150467134,0 days 00:00:34.250467134
0 days 00:00:00.360000,0 days 00:00:00.460000,answer6,2.9658394,-28.983667,43.617065,0.05214558,-0.012135692,0.59958607,37.421776,10.465539,-7.1339555,-8.530715,36.397766,0.010048486,0.33450794,13.755455,30.231949,42.690567,451.67297,1618.6157,-6.6635838,1530.5619,1588.96,-27.14641,2499.8733,1307.9263,-34.63708,0 days 00:00:34.160467134,0 days 00:00:34.260467134
0 days 00:00:00.370000,0 days 00:00:00.470000,answer6,2.9591923,-28.241354,42.224873,0.05174896,-0.0130846305,0.6545105,38.183353,9.369345,-6.4076076,-6.6730943,36.355915,0.008998928,0.4125941,13.962125,30.540312,43.016693,482.4023,1608.0992,-1.4906025,1521.6029,1568.2977,-28.284082,2457.0095,1264.6237,-34.474125,0 days 00:00:34.170467134,0 days 00:00:34.270467134
0 days 00:00:00.380000,0 days 00:00:00.480000,answer6,2.9924269,-26.749834,41.348034,0.052557576,-0.014719736,0.7075829,38.36331,7.88722,-6.3909106,-6.1034737,36.309917,0.007774158,0.37532616,14.012769,31.020477,42.459026,482.83334,1650.7764,-1.1525968,1536.6464,1525.1412,-28.516068,2444.733,1220.6891,-33.57845,0 days 00:00:34.180467134,0 days 00:00:34.280467134
0 days 00:00:00.390000,0 days 00:00:00.490000,answer6,3.0992873,-24.925636,41.472187,0.05811897,-0.01634558,0.6685627,37.99918,6.3944716,-7.8204103,-7.8058643,36.259075,0.0047930772,0.21081197,13.985063,31.912645,40.4927,408.2692,1474.4135,9.04017,1452.6259,1327.3746,-26.11416,2443.4336,1106.549,-31.264963,0 days 00:00:34.190467134,0 days 00:00:34.290467134
0 days 00:00:00.400000,0 days 00:00:00.500000,answer6,3.3055801,-23.101952,41.88073,0.06197719,-0.017400824,0.60599315,37.090256,5.2940426,-10.80499,-11.504284,36.200993,0.0030798658,0.1379087,13.862003,32.69576,39.041744,376.36264,1403.0616,0.0,1429.6294,1119.6942,-21.630243,2540.0378,1049.5336,-29.468058,0 days 00:00:34.200467134,0 days 00:00:34.300467134
0 days 00:00:00.410000,0 days 00:00:00.510000,answer6,3.5916903,-21.492197,41.859695,0.06409434,-0.015462637,0.579143,36.058155,4.7803154,-14.796693,-15.593759,36.144913,0.0024372402,0.24015243,13.594486,33.16902,39.219616,611.18805,1412.9463,0.0,1533.6089,1409.1528,-17.383009,2725.6614,1166.7622,-29.381083,0 days 00:00:34.210467134,0 days 00:00:34.310467134
0 days 00:00:00.420000,0 days 00:00:00.520000,answer6,3.8991344,-20.124361,40.844044,0.061901167,-0.011632197,0.6334987,35.1777,4.734558,-18.858274,-18.872221,36.11923,0.0020242457,0.29887637,12.815692,33.171253,42.68694,831.1203,1420.1426,-15.154364,1703.1173,1592.6104,-14.700963,2914.4688,1252.424,-32.56799,0 days 00:00:34.220467134,0 days 00:00:34.320467134
0 days 00:00:00.430000,0 days 00:00:00.530000,answer6,4.1612606,-18.950926,39.67909,0.06096374,-0.00639715,0.67871064,34.434895,4.9039116,-22.106071,-21.055956,36.120174,0.0016765947,0.32784405,11.984238,32.38738,44.260315,1059.4681,1364.2917,-11.162061,1906.9044,1729.814,-18.676,3093.1875,1263.1886,-33.711338,0 days 00:00:34.230467134,0 days 00:00:34.330467134
0 days 00:00:00.440000,0 days 00:00:00.540000,answer6,4.3204284,-17.920847,38.77507,0.060013797,-0.0009963108,0.74383307,33.759655,5.140388,-24.243225,-22.318785,36.132496,0.0031083554,0.30380884,11.360146,31.201157,43.884792,974.5491,1289.6202,-3.6069443,1854.9663,1362.6989,-17.748186,3071.4082,1094.6444,-32.870625,0 days 00:00:34.240467134,0 days 00:00:34.340467134
0 days 00:00:00.450000,0 days 00:00:00.550000,answer6,4.358619,-16.927073,38.216694,0.05987325,0.0036316079,0.90806705,33.00256,5.1880355,-25.225092,-22.918367,36.12475,0.0039004565,0.46091247,11.033657,29.818283,41.28069,931.4231,1279.0679,-1.77399,1760.505,1185.7316,-16.988302,3007.8406,961.8377,-30.044325,0 days 00:00:34.250467134,0 days 00:00:34.350467134
0 days 00:00:00.460000,0 days 00:00:00.560000,answer6,4.2977443,-15.760217,38.09039,0.05712375,0.0058313585,1.1620388,32.091343,4.8137393,-25.267694,-23.081034,36.097492,0.008699931,0.5897397,10.613099,28.896574,40.073742,881.3803,1280.4727,-0.47681966,1644.3002,1023.28516,-11.72214,2950.9082,844.91724,-28.921114,0 days 00:00:34.260467134,0 days 00:00:34.360467134
0 days 00:00:00.470000,0 days 00:00:00.570000,answer6,4.1880536,-14.299458,37.45992,0.05309583,0.006408039,1.3635144,31.003107,3.9563398,-24.674843,-22.969862,36.047066,0.008139142,0.7528226,9.993125,29.304869,40.12557,887.8244,1275.9772,0.6874418,1654.9679,1051.7994,-12.28338,2947.289,851.2915,-29.258194,0 days 00:00:34.270467134,0 days 00:00:34.370467134
0 days 00:00:00.480000,0 days 00:00:00.580000,answer6,4.0843773,-12.761151,36.915897,0.051427543,0.006085833,1.3696762,29.843117,2.851962,-23.793287,-22.519493,35.95919,0.009055779,0.8474198,9.3547325,30.5869,39.565556,885.1789,1300.8446,1.7937104,1643.3942,1044.8268,-12.204044,2959.4182,844.1716,-29.186407,0 days 00:00:34.280467134,0 days 00:00:34.380467134
0 days 00:00:00.490000,0 days 00:00:00.590000,answer6,4.0201063,-11.574986,36.152874,0.04965323,0.0057580885,1.1811069,28.854065,1.9074126,-23.186691,-21.913536,35.834488,0.006817103,0.69666284,8.587764,31.100912,39.109447,889.2413,1385.4496,2.5932717,1609.1171,1063.8867,-11.8795395,2964.8232,858.429,-29.175673,0 days 00:00:34.290467134,0 days 00:00:34.390467134
0 days 00:00:00.500000,0 days 00:00:00.600000,answer6,3.9974298,-11.039829,36.152573,0.047285944,0.004013567,0.96870035,28.2014,1.3279275,-23.318316,-21.698532,35.71079,0.0078766765,0.8065996,7.740181,29.437784,39.058712,907.34503,1459.1182,3.0635777,1570.1469,1079.5327,-11.218265,2947.619,851.2229,-29.041521,0 days 00:00:34.300467134,0 days 00:00:34.400467134
0 days 00:00:00.510000,0 days 00:00:00.610000,answer6,3.9854949,-11.132038,36.4704,0.044814754,0.0010757783,0.81168777,27.84838,1.0257682,-24.319597,-22.320902,35.597622,0.0073824557,0.91382617,7.1402144,26.474014,39.296574,918.3977,1454.4095,3.3840694,1572.3353,1097.8854,-12.63026,2897.5344,837.0388,-28.152,0 days 00:00:34.310467134,0 days 00:00:34.410467134
0 days 00:00:00.520000,0 days 00:00:00.620000,answer6,3.9413612,-11.722468,37.363785,0.043485183,-0.0029741377,0.7156572,27.63262,0.895802,-25.831083,-23.741083,35.49618,0.009977276,1.0415797,7.246783,23.006865,39.95493,923.49,1453.4932,4.261085,1572.1783,1109.1329,-11.011172,2881.6882,787.69073,-26.850412,0 days 00:00:34.320467134,0 days 00:00:34.420467134
0 days 00:00:00.530000,0 days 00:00:00.630000,answer6,3.8373344,-12.766594,38.239697,0.044955764,-0.006976073,0.58026344,27.391298,0.972452,-27.167353,-25.257233,35.395298,0.009702699,0.9985814,8.016583,19.329231,40.953617,885.16205,1333.4784,6.0945306,1595.3398,993.7571,-7.071546,2843.8674,681.5749,-25.403206,0 days 00:00:34.330467134,0 days 00:00:34.430467134
0 days 00:00:00.540000,0 days 00:00:00.640000,answer6,3.6679,-14.277476,38.849583,0.042752434,-0.010088489,0.45731175,27.24634,1.7497717,-27.899614,-26.297499,35.324528,0.009897468,0.9977686,8.700811,15.880737,41.17423,941.608,1354.4752,5.658603,1608.1426,1169.7181,-0.65674525,2888.2024,756.1507,-22.823439,0 days 00:00:34.340467134,0 days 00:00:34.440467134
0 days 00:00:00.550000,0 days 00:00:00.650000,answer6,3.4596024,-16.148352,38.839676,0.040610556,-0.012322226,0.3825499,27.38826,3.4633389,-27.918612,-26.552505,35.27352,0.011837016,1.284886,9.039568,14.033942,42.133415,917.9211,1236.3751,8.519866,1632.0768,1083.8131,3.7902355,2820.2754,686.9726,-20.494308,0 days 00:00:34.350467134,0 days 00:00:34.450467134
0 days 00:00:00.560000,0 days 00:00:00.660000,answer6,3.2568824,-17.992186,38.8755,0.038357884,-0.013185441,0.3862423,27.96791,5.7795463,-27.684538,-26.372988,35.23866,0.012918641,1.2870497,9.182917,14.120187,40.75081,930.65216,1222.4805,10.939026,1664.0944,1122.3533,4.9510307,2887.6619,752.7205,-16.0635,0 days 00:00:34.360467134,0 days 00:00:34.460467134
0 days 00:00:00.570000,0 days 00:00:00.670000,answer6,3.1006308,-19.379171,39.050808,0.038556013,-0.0141909085,0.440083,28.847708,7.811007,-27.65845,-26.369478,39.230366,0.10107878,2.0862718,9.305026,17.290869,40.892143,857.2745,1126.7694,6.67462,1675.7816,882.8669,-8.513371,2872.66,666.81793,-26.809448,0 days 00:00:34.370467134,0 days 00:00:34.470467134
0 days 00:00:00.580000,0 days 00:00:00.680000,answer6,2.9985297,-20.13043,39.52303,0.040455144,-0.014548586,0.5204405,29.76803,9.036985,-27.982382,-26.824041,43.23473,0.12746389,1.9909534,9.27491,20.606806,38.782234,862.06006,1164.2402,-1.4843403,1699.6855,903.9908,-21.918306,2874.5527,667.97076,-36.529537,0 days 00:00:34.380467134,0 days 00:00:34.480467134
0 days 00:00:00.590000,0 days 00:00:00.690000,answer6,2.926431,-20.398687,40.420185,0.04151039,-0.014844693,0.58589894,30.53604,9.732728,-28.222452,-27.276926,47.222427,0.1314605,2.1064615,8.765389,22.864786,38.26415,844.69653,1158.9266,-10.186988,1684.6014,858.646,-34.222046,2777.2937,622.36896,-48.451138,0 days 00:00:34.390467134,0 days 00:00:34.490467134
0 days 00:00:00.600000,0 days 00:00:00.700000,answer6,2.8555849,-20.335203,41.438824,0.03982555,-0.01430246,0.6277898,31.065191,10.360135,-27.75116,-27.141077,47.16196,0.061627254,1.4569205,8.173837,22.173433,38.19691,855.05396,1128.7816,-9.667835,1744.0215,909.30005,-33.4684,2835.3887,602.0472,-47.864742,0 days 00:00:34.400467134,0 days 00:00:34.500467134
0 days 00:00:00.610000,0 days 00:00:00.710000,answer6,2.7864754,-19.826315,41.805008,0.036772985,-0.01342808,0.64237106,31.305725,10.791882,-26.238825,-26.510717,47.077297,0.060891915,1.3733573,8.180013,20.816551,40.727764,866.88525,1047.7341,-8.636043,1825.6737,929.0445,-33.47426,2971.6523,663.6462,-49.3638,0 days 00:00:34.410467134,0 days 00:00:34.510467134
0 days 00:00:00.620000,0 days 00:00:00.720000,answer6,2.7428503,-18.743334,40.654858,0.034697417,-0.013139225,0.64849806,31.334726,10.471373,-24.062714,-26.007837,46.98404,0.0843187,1.5099396,8.967784,19.344456,42.595142,885.6804,1031.2861,-7.3830066,1881.1182,1013.24146,-34.406345,3094.8513,753.66797,-49.97815,0 days 00:00:34.420467134,0 days 00:00:34.520467134
0 days 00:00:00.630000,0 days 00:00:00.730000,answer6,2.7409613,-17.229803,37.844986,0.03690334,-0.013496545,0.6446661,31.183199,9.139115,-21.89405,-25.896643,46.88889,0.10819677,1.2434253,9.701873,17.78548,44.742443,874.82104,1088.4296,-6.435108,1817.1279,1009.6828,-36.86668,2982.5261,796.93744,-51.17755,0 days 00:00:34.430467134,0 days 00:00:34.530467134
0 days 00:00:00.640000,0 days 00:00:00.740000,answer6,2.7599986,-15.713849,34.489193,0.040733323,-0.013832316,0.627585,30.78702,7.2587075,-20.166695,-25.808607,42.799877,0.23405556,1.3089215,10.3782625,16.424109,43.23048,858.9443,1196.4352,-1.406407,1711.5582,1030.2037,-31.62897,2819.2002,776.2286,-42.76532,0 days 00:00:34.440467134,0 days 00:00:34.540467134
0 days 00:00:00.650000,0 days 00:00:00.750000,answer6,2.748843,-14.604201,31.173807,0.04272457,-0.013405318,0.5876282,30.065186,5.5975227,-18.680908,-25.17045,38.70694,0.20603384,0.9042568,10.164503,14.239215,41.673264,845.1932,1280.0216,2.814806,1648.2445,1021.87085,-24.57197,2672.7336,715.948,-35.290764,0 days 00:00:34.450467134,0 days 00:00:34.550467134
0 days 00:00:00.660000,0 days 00:00:00.760000,answer6,2.6615932,-14.032506,28.643585,0.04197101,-0.01312777,0.54028785,29.201029,4.727842,-16.954664,-23.677153,34.622807,0.1632526,0.8174863,9.297088,12.041733,38.911053,854.17316,1350.6354,6.568934,1670.4911,1041.2622,-15.059901,2678.4338,660.7828,-26.993843,0 days 00:00:34.460467134,0 days 00:00:34.560467134
0 days 00:00:00.670000,0 days 00:00:00.770000,answer6,2.4840782,-13.863908,27.090645,0.040981892,-0.013861053,0.51110953,28.535612,4.712336,-14.6071825,-21.165634,34.54011,0.0056445356,0.53051245,6.9988713,9.5219965,37.53926,871.2869,1419.7902,5.038694,1677.8312,1116.0104,-12.831033,2737.3508,763.56757,-26.882172,0 days 00:00:34.470467134,0 days 00:00:34.570467134
0 days 00:00:00.680000,0 days 00:00:00.780000,answer6,2.2386453,-13.830032,26.78271,0.04102941,-0.015456273,0.49259424,28.288187,5.171492,-11.556278,-17.5128,34.482742,0.0048360736,0.3751835,4.796314,13.781741,36.24126,857.0305,1467.1818,2.7093322,1673.0055,1122.5958,-12.644055,2763.341,773.7881,-27.063316,0 days 00:00:34.480467134,0 days 00:00:34.580467134
0 days 00:00:00.690000,0 days 00:00:00.790000,answer6,1.9733115,-13.688916,26.992243,0.04000036,-0.017124,0.45235303,28.393656,5.5269074,-8.219699,-13.094017,33.957,0.007360626,0.6991053,3.3965962,10.608148,34.59346,828.7786,1469.2343,-1.9440961,1643.9132,1103.7125,-15.6397295,2742.4417,780.566,-27.637415,0 days 00:00:34.490467134,0 days 00:00:34.590467134
0 days 00:00:00.700000,0 days 00:00:00.800000,answer6,1.7393824,-13.337959,27.793127,0.037282567,-0.017565439,0.37235132,28.574999,5.4170833,-5.334465,-9.041777,33.403824,0.020340715,0.77134687,2.6400282,7.9963984,31.041464,652.5507,1581.6425,-2.9683201,1476.3154,1275.2279,-18.266455,2430.5115,867.9546,-27.251326,0 days 00:00:34.500467134,0 days 00:00:34.600467134
0 days 00:00:00.710000,0 days 00:00:00.810000,answer6,1.5723828,-12.747788,28.261492,0.034629192,-0.016995903,0.30039528,28.44393,4.9155984,-3.643343,-6.8950934,33.15218,0.02699448,1.5446692,1.6031547,1.5178081,29.115198,677.2174,1655.9229,-7.639845,1521.8959,1311.3657,-20.759926,2455.3665,844.1517,-29.316858,0 days 00:00:34.510467134,0 days 00:00:34.610467134
0 days 00:00:00.720000,0 days 00:00:00.820000,answer6,1.4874372,-11.726585,28.72375,0.032624546,-0.01581136,0.25341454,27.919725,4.2441,-3.6936543,-7.7138367,33.071888,0.040481374,1.6451942,-0.014442484,1.0990144,26.10167,648.9719,1799.0991,-9.262371,1497.4458,1357.6643,-20.181005,2439.012,907.7552,-28.578756,0 days 00:00:34.520467134,0 days 00:00:34.620467134
0 days 00:00:00.730000,0 days 00:00:00.830000,answer6,1.4769874,-9.993126,28.89815,0.02805321,-0.015157882,0.24414247,27.225136,3.6095886,-5.5688434,-11.034869,33.172062,0.02948983,2.1494858,-1.615678,2.1544511,26.36738,653.13873,1649.2632,-9.483879,1563.8651,1149.3623,-20.507933,2628.336,823.0542,-29.065973,0 days 00:00:34.530467134,0 days 00:00:34.630467134
0 days 00:00:00.740000,0 days 00:00:00.840000,answer6,1.5194906,-7.5495086,29.344528,0.022602001,-0.014770869,0.23747778,26.664856,3.0218942,-8.777412,-15.240245,32.997395,0.050961714,1.4298406,-1.7659378,-0.539772,21.742384,486.4373,1619.0914,-4.535363,1396.9132,1220.9227,-17.510769,2396.8496,1068.4283,-22.718534,0 days 00:00:34.540467134,0 days 00:00:34.640467134
0 days 00:00:00.750000,0 days 00:00:00.850000,answer6,1.5805775,-4.794864,30.427904,0.017757192,-0.014501847,0.23413794,26.321527,2.5046833,-12.36919,-18.55275,33.120335,0.068196185,1.39361,-0.16480549,-3.2944033,20.80918,616.47076,1369.1241,-1.0811757,1673.6039,1196.6503,-18.95144,2791.611,1199.1129,-21.009527,0 days 00:00:34.550467134,0 days 00:00:34.650467134
0 days 00:00:00.760000,0 days 00:00:00.860000,answer6,1.6298059,-2.2727215,31.311964,0.016986052,-0.014319719,0.22274335,26.129524,2.0235624,-15.524211,-20.270742,35.388508,0.15940905,1.3775682,2.3298502,5.4155154,23.036749,858.6823,1366.997,3.3596442,1875.764,1271.5337,-14.712428,2920.4375,1091.1066,-16.01774,0 days 00:00:34.560467134,0 days 00:00:34.660467134
0 days 00:00:00.770000,0 days 00:00:00.870000,answer6,1.6484051,-0.30655274,32.16065,0.017003281,-0.014968651,0.20503719,25.996119,1.6666145,-17.842522,-20.844877,41.61203,0.37739196,1.9452353,4.83462,17.513481,29.570541,1100.0406,1288.5079,1.890716,2113.2126,1276.47,-22.823103,3165.6501,839.6553,-24.020462,0 days 00:00:34.570467134,0 days 00:00:34.670467134
0 days 00:00:00.780000,0 days 00:00:00.880000,answer6,1.6304547,0.9909114,33.332478,0.01922506,-0.01682083,0.19299905,25.810156,1.6767778,-19.206528,-21.063244,47.80272,0.35790953,2.127662,6.405048,31.789343,34.70232,1069.6815,1269.2379,2.828512,2131.6804,1655.5068,-27.561441,2720.8357,848.2232,-29.095276,0 days 00:00:34.580467134,0 days 00:00:34.680467134
0 days 00:00:00.790000,0 days 00:00:00.890000,answer6,1.577528,1.6287359,34.267773,0.020097313,-0.019089,0.19779964,25.499313,2.2407408,-19.624249,-21.2366,51.652863,0.27779028,2.231513,7.5057855,34.323322,35.297115,1059.1089,1231.0709,-0.8723068,2141.8962,1984.5914,-36.672886,2657.26,905.8962,-36.16942,0 days 00:00:34.590467134,0 days 00:00:34.690467134
0 days 00:00:00.800000,0 days 00:00:00.900000,answer6,1.4981346,1.6654668,34.4549,0.019697398,-0.020373063,0.2094193,25.122477,3.1397152,-19.291008,-20.90713,51.47472,0.036368385,2.1468956,7.515822,35.42337,35.85629,1008.8906,1091.7582,1.7113765,2223.7346,1832.724,-36.50952,2816.8987,1240.8597,-34.14491,0 days 00:00:34.600467134,0 days 00:00:34.700467134
0 days 00:00:00.810000,0 days 00:00:00.910000,answer6,1.4098114,1.1037062,33.37009,0.017225744,-0.019771429,0.20804763,24.7405,3.7338874,-18.655886,-19.618757,51.31641,0.030185953,1.6129541,6.4008393,35.60246,35.641495,1009.5161,1107.1854,4.0004606,2192.5027,1364.4794,-34.256306,3317.6418,1299.392,-31.641031,0 days 00:00:34.610467134,0 days 00:00:34.710467134
0 days 00:00:00.820000,0 days 00:00:00.920000,answer6,1.3359009,-0.18336208,31.98671,0.01411981,-0.018384954,0.18573499,24.37308,3.5273695,-18.147038,-17.980093,51.2135,0.023394689,1.2064786,4.030748,33.49632,36.85253,762.1451,1255.6376,5.0385623,1904.4906,1016.268,-18.372822,3136.0671,1384.5078,-29.30233,0 days 00:00:34.620467134,0 days 00:00:34.720467134
0 days 00:00:00.830000,0 days 00:00:00.930000,answer6,1.2933358,-2.335631,31.024424,0.012540456,-0.017818542,0.16193472,24.069807,2.6623883,-17.884096,-17.330175,44.837524,0.23957829,1.025548,2.288143,23.13009,32.4403,756.8311,1372.4178,0.0,1814.2181,1476.8798,-8.727756,2866.696,1167.6796,-21.4061,0 days 00:00:34.630467134,0 days 00:00:34.730467134
0 days 00:00:00.840000,0 days 00:00:00.940000,answer6,1.2821641,-5.2489824,30.459864,0.012866323,-0.018566206,0.1478639,23.93215,1.7743689,-17.602137,-18.134298,38.49119,0.23109345,0.92250365,1.5327123,12.922955,27.384333,705.26984,1493.0889,22.60057,1590.046,1792.0249,2.4135857,2387.8662,949.597,-12.615733,0 days 00:00:34.640467134,0 days 00:00:34.740467134
0 days 00:00:00.850000,0 days 00:00:00.950000,answer6,1.2883662,-8.389691,29.840902,0.014347066,-0.020604094,0.13880323,24.05739,1.4858171,-17.019247,-19.498932,32.15051,0.22408496,0.9943945,2.248839,5.1624913,21.89071,883.0389,1412.3304,24.185537,1767.6544,1834.7428,0.16177718,2516.5632,970.8283,-4.913083,0 days 00:00:34.650467134,0 days 00:00:34.750467134
0 days 00:00:00.860000,0 days 00:00:00.960000,answer6,1.2955221,-10.890172,28.782255,0.016372323,-0.022450244,0.12645663,24.28195,1.8891778,-16.148972,-20.0152,32.158478,0.0032919962,1.0879562,2.900813,1.5684563,21.898727,863.739,1361.5477,25.110092,1711.9601,1434.2285,2.3642378,2582.0498,860.45,-4.666078,0 days 00:00:34.660467134,0 days 00:00:34.760467134
0 days 00:00:00.870000,0 days 00:00:00.970000,answer6,1.2938112,-12.190021,27.347303,0.017155526,-0.023384074,0.118395925,24.291458,2.6957104,-15.165275,-19.123825,32.222805,0.0055298046,1.0490061,3.3132603,-3.0748565,19.885374,936.2593,1443.3612,24.799784,1551.1312,2040.9023,4.238973,2445.5593,1028.7827,-5.185251,0 days 00:00:34.670467134,0 days 00:00:34.770467134
0 days 00:00:00.880000,0 days 00:00:00.980000,answer6,1.279651,-12.334264,25.88928,0.018879471,-0.022345034,0.11905547,23.761618,3.5736008,-14.060604,-17.027386,32.308537,0.0053707846,1.1870632,2.89491,-10.609749,17.810938,763.5127,1507.5521,17.841085,1379.4008,2015.6758,5.2081037,2318.45,989.2227,-7.3512135,0 days 00:00:34.680467134,0 days 00:00:34.780467134
0 days 00:00:00.890000,0 days 00:00:00.990000,answer6,1.2537764,-11.843244,24.358625,0.018790742,-0.020087222,0.11992681,22.637405,4.3605113,-12.691571,-14.37325,32.370876,0.0053972453,1.0275123,2.388363,-13.009396,15.626958,741.7453,1645.36,-57.524525,1374.2031,2064.1934,-61.489956,2306.3943,1089.7609,-71.89151,0 days 00:00:34.690467134,0 days 00:00:34.790467134
0 days 00:00:00.900000,0 days 00:00:01,answer6,1.2326223,-11.394055,23.273909,0.0183485,-0.018281236,0.11673504,21.678339,4.858359,-11.632306,-12.492572,0.0,0.0,0.0,0.0,0.0,0.0,653.28955,1598.5591,-131.84021,1559.4756,1298.2687,-131.0915,2467.653,981.0628,-136.99886,0 days 00:00:34.700467134,0 days 00:00:34.800467134
0 days 00:00:00.900000,0 days 00:00:01.000997732,answer6,1.2207831,-11.155373,22.684004,0.017160947,-0.017429529,0.1114795,21.135439,5.0949373,-11.050036,-11.6101675,0.0,0.0,0.0,0.0,0.0,0.0,809.688,1557.081,-201.0,1765.356,1276.12,-201.0,2648.619,957.04645,-201.0,0 days 00:00:34.700467134,0 days 00:00:34.801464866
0 days 00:00:00,0 days 00:00:00.100000,answer7,0.9502618,-4.213717,8.359223,0.012019753,-0.009973786,0.01852567,14.7707405,3.1107728,-2.7441342,-10.275166,0.0,0.0,0.0,0.0,0.0,0.0,453.45352,2106.7468,-201.0,1043.382,1873.1554,-201.0,1926.0406,1249.3585,-201.0,0 days 00:00:43.677010344,0 days 00:00:43.777010344
0 days 00:00:00.010000,0 days 00:00:00.110000,answer7,0.9516365,-4.8807344,8.426045,0.01538214,-0.011206022,0.040264513,15.149392,4.051542,-3.0807502,-9.874213,0.0,0.0,0.0,0.0,0.0,0.0,458.22836,1987.1588,-201.0,1134.5394,1938.7734,-201.0,1918.4113,1319.0404,-201.0,0 days 00:00:43.687010344,0 days 00:00:43.787010344
0 days 00:00:00.020000,0 days 00:00:00.120000,answer7,0.9641406,-6.032078,9.864162,0.019083967,-0.013113481,0.06307239,15.201428,6.10623,-3.0112445,-9.193534,0.0,0.0,0.0,0.0,0.0,0.0,551.57416,1887.3373,-201.0,1320.9379,1726.9965,-201.0,2163.1282,1164.6755,-201.0,0 days 00:00:43.697010344,0 days 00:00:43.797010344
0 days 00:00:00.030000,0 days 00:00:00.130000,answer7,1.0038029,-7.2143865,12.759891,0.021763856,-0.014928316,0.069451906,14.299357,8.984678,-1.7017561,-9.098087,0.0,0.0,0.0,0.0,0.0,0.0,663.1824,1854.0938,-201.0,1442.7017,1496.7333,-201.0,2363.0645,988.44336,-201.0,0 days 00:00:43.707010344,0 days 00:00:43.807010344
0 days 00:00:00.040000,0 days 00:00:00.140000,answer7,1.0867608,-7.9610176,16.045483,0.021030625,-0.01680695,0.082650565,12.653502,11.659176,0.41506067,-10.783703,0.0,0.0,0.0,0.0,0.0,0.0,813.7969,1744.1718,-201.0,1618.7792,1223.7767,-201.0,2656.8977,721.21466,-201.0,0 days 00:00:43.717010344,0 days 00:00:43.817010344
0 days 00:00:00.050000,0 days 00:00:00.150000,answer7,1.2224115,-8.440291,17.819962,0.018597519,-0.017806469,0.11767426,11.121343,13.116317,1.7595946,-14.181794,0.0,0.0,0.0,0.0,0.0,0.0,872.4002,1604.0155,-201.0,1686.2897,1252.3246,-201.0,2677.3552,699.94025,-201.0,0 days 00:00:43.727010344,0 days 00:00:43.827010344
0 days 00:00:00.060000,0 days 00:00:00.160000,answer7,1.4218515,-9.050828,19.300817,0.015701631,-0.01742428,0.18457897,10.245025,12.270783,1.4857126,-17.707857,0.0,0.0,0.0,0.0,0.0,0.0,895.4573,1458.9995,-201.0,1774.1318,1192.0332,-201.0,2692.3472,681.4809,-201.0,0 days 00:00:43.737010344,0 days 00:00:43.837010344
0 days 00:00:00.070000,0 days 00:00:00.170000,answer7,1.7049409,-9.616174,19.998972,0.01726334,-0.014831763,0.26694062,9.737412,8.700208,0.19039603,-19.5662,0.0,0.0,0.0,0.0,0.0,0.0,715.28467,1374.3156,-201.0,1669.1217,1117.9246,-201.0,2602.0227,701.1657,-201.0,0 days 00:00:43.747010344,0 days 00:00:43.847010344
0 days 00:00:00.080000,0 days 00:00:00.180000,answer7,2.1118052,-9.344116,20.304756,0.021137454,-0.011582847,0.34897828,8.559812,3.373315,-0.7982667,-19.433317,0.0,0.0,0.0,0.0,0.0,0.0,541.863,1328.3464,-201.0,1571.6797,1030.0189,-201.0,2580.0242,708.2188,-201.0,0 days 00:00:43.757010344,0 days 00:00:43.857010344
0 days 00:00:00.090000,0 days 00:00:00.190000,answer7,2.6200519,-8.149332,19.068993,0.025749149,-0.008863755,0.40196076,6.3567195,-1.560894,-1.3223352,-18.566282,0.0,0.0,0.0,0.0,0.0,0.0,634.0086,1705.0446,-142.97264,1412.7135,1097.7764,-142.97264,2598.7412,654.55786,-143.80115,0 days 00:00:43.767010344,0 days 00:00:43.867010344
0 days 00:00:00.100000,0 days 00:00:00.200000,answer7,3.1374166,-6.6974053,17.886194,0.026491776,-0.007597994,0.40368414,3.5715163,-4.6654,-1.6290814,-18.262617,52.33767,0.0,0.6512456,3.8462214,2.2175074,5.707222,859.2791,1587.8207,-84.328804,1593.7819,1011.28705,-85.703285,2714.6965,705.92505,-88.13361,0 days 00:00:43.777010344,0 days 00:00:43.877010344
0 days 00:00:00.110000,0 days 00:00:00.210000,answer7,3.5337703,-5.6959395,17.174084,0.026953293,-0.007952805,0.35084793,0.9691825,-5.818708,-1.6927013,-18.889107,52.27785,0.10332924,0.5755637,4.331207,4.088597,5.829699,1090.9614,1451.9066,-24.874075,1782.2113,950.9956,-28.198923,2786.665,728.677,-30.703773,0 days 00:00:43.787010344,0 days 00:00:43.887010344
0 days 00:00:00.120000,0 days 00:00:00.220000,answer7,3.745848,-5.042273,16.829409,0.03021981,-0.010489122,0.30913284,-1.1101612,-5.819868,-1.2483169,-19.515085,52.1745,0.091761075,0.85443515,4.559622,6.124142,5.425422,1073.7435,964.32935,-22.504898,2013.2501,835.50586,-27.38085,2856.6973,802.13605,-27.93032,0 days 00:00:43.797010344,0 days 00:00:43.897010344
0 days 00:00:00.130000,0 days 00:00:00.230000,answer7,3.8077776,-4.292046,16.309793,0.034403685,-0.013477929,0.33106676,-2.5486019,-5.571558,-0.8247571,-19.026321,52.08737,0.06604143,1.6232504,3.1352928,-1.3236574,-5.309994,1122.8322,1003.8177,-28.299774,2057.1365,901.9575,-25.329147,2906.3574,757.4207,-22.989779,0 days 00:00:43.807010344,0 days 00:00:43.907010344
0 days 00:00:00.140000,0 days 00:00:00.240000,answer7,3.8243418,-2.993161,14.479497,0.036947202,-0.016263654,0.40996006,-3.1823828,-5.9693856,-1.4380008,-17.067307,52.003433,0.035194788,1.9581866,2.3263614,-6.205101,-8.684018,1189.5983,1078.931,-31.022743,2101.9114,1026.5729,-22.888556,2964.3816,707.7126,-22.338724,0 days 00:00:43.817010344,0 days 00:00:43.917010344
0 days 00:00:00.150000,0 days 00:00:00.250000,answer7,3.8909798,-1.2896167,11.070039,0.03353801,-0.017350113,0.481594,-2.9354908,-7.2167397,-3.1027641,-14.202037,51.980053,0.03715329,2.4316466,2.0604174,-12.030601,-14.986966,1146.9924,1232.6749,-35.157993,2008.7518,1188.2233,-21.786613,2813.8652,890.97314,-20.17103,0 days 00:00:43.827010344,0 days 00:00:43.927010344
0 days 00:00:00.160000,0 days 00:00:00.260000,answer7,4.0208383,0.058959883,8.367312,0.030428723,-0.016734736,0.5001188,-1.6924547,-8.610793,-4.804251,-11.175771,51.97293,0.044992667,1.9110864,1.0079356,-10.460782,-8.810485,1114.4828,1335.149,-30.447502,1969.8208,1236.5117,-16.290516,2788.9675,876.1121,-21.637018,0 days 00:00:43.837010344,0 days 00:00:43.937010344
0 days 00:00:00.170000,0 days 00:00:00.270000,answer7,4.1452966,0.45104674,7.5384154,0.026735118,-0.014727083,0.46784613,0.48969278,-9.340516,-5.4201183,-8.296526,52.009724,0.06110801,1.8603339,-1.044332,-7.6353993,-4.7157884,1112.7094,1366.2313,-23.397272,1966.294,1213.435,-10.078404,2761.3386,866.6921,-18.681486,0 days 00:00:43.847010344,0 days 00:00:43.947010344
0 days 00:00:00.180000,0 days 00:00:00.280000,answer7,4.1869216,-0.038571376,8.978568,0.024666926,-0.011835721,0.4147993,3.3721771,-9.227472,-4.7856197,-5.4648957,46.343918,0.055986375,1.2408227,-3.529933,-8.433143,-1.4013914,1119.7888,1262.6519,-7.891484,1986.8262,1096.4447,0.24549675,2835.2761,694.89325,-9.075451,0 days 00:00:43.857010344,0 days 00:00:43.957010344
0 days 00:00:00.190000,0 days 00:00:00.290000,answer7,4.119085,-0.9061597,9.680016,0.019159205,-0.0097407,0.38777256,6.37756,-8.724107,-3.185545,-2.8180752,40.674633,0.2620734,1.8866414,-3.7397726,-9.261823,-1.835198,896.3906,1319.8773,5.175351,1783.3763,1206.6971,7.8176274,2607.7412,896.9468,4.4251904,0 days 00:00:43.867010344,0 days 00:00:43.967010344
0 days 00:00:00.200000,0 days 00:00:00.300000,answer7,3.9642467,-1.9385363,10.552066,0.016419021,-0.008189839,0.40396824,9.006932,-8.077453,-0.8003399,-0.55025464,34.996983,0.46501145,2.4965317,-3.0404062,-15.664943,-5.9335046,622.3901,1330.5887,5.1555686,1533.6178,1260.2051,7.78416,2330.75,1100.5717,8.503715,0 days 00:00:43.877010344,0 days 00:00:43.977010344
0 days 00:00:00.210000,0 days 00:00:00.310000,answer7,3.7685235,-3.1614926,11.364563,0.01499939,-0.007150058,0.4303113,11.120009,-7.348806,1.9476038,1.1617583,34.032608,0.6679495,3.1064222,-4.305571,-9.848817,-4.6027336,432.8295,1404.1436,-4.2622566,1366.957,1353.3556,1.3621807,2132.2864,1213.2837,1.6727648,0 days 00:00:43.887010344,0 days 00:00:43.987010344
0 days 00:00:00.220000,0 days 00:00:00.320000,answer7,3.5890758,-4.557345,13.259487,0.018540831,-0.0075391936,0.43677798,12.986485,-6.750496,4.3066583,2.0618532,33.06159,0.6679495,3.1064222,-4.4630446,-3.7681484,-2.3905265,395.8173,1573.8783,-11.36058,1296.5028,1441.956,-8.338503,2042.5927,1226.6914,-7.6377664,0 days 00:00:43.897010344,0 days 00:00:43.997010344
0 days 00:00:00.230000,0 days 00:00:00.330000,answer7,3.4758587,-5.95423,15.239403,0.02163134,-0.009015249,0.42029178,14.930776,-6.7212386,5.589586,1.8959106,32.11057,0.6679495,3.1064222,-4.0233283,1.6564703,-0.53800964,381.0519,1570.7168,-11.943084,1269.1439,1375.819,-13.708898,2045.9252,1140.1433,-10.072786,0 days 00:00:43.907010344,0 days 00:00:44.007010344
0 days 00:00:00.240000,0 days 00:00:00.340000,answer7,3.4496982,-7.114985,17.305311,0.026946062,-0.011466661,0.3930436,16.989887,-7.5473075,5.628563,0.7427702,32.17258,0.6679495,3.1064222,-0.14254598,-1.5436655,0.9160592,368.64206,1599.6852,-11.877719,1299.7753,1290.7238,-16.662582,2145.079,1162.1254,-12.793778,0 days 00:00:43.917010344,0 days 00:00:44.017010344
0 days 00:00:00.250000,0 days 00:00:00.350000,answer7,3.4838674,-7.924766,18.906565,0.02904207,-0.013163331,0.36096242,18.93423,-9.05353,4.9729457,-0.68951064,32.275974,0.44838786,2.8572114,1.6174408,-5.642485,0.6993742,407.51212,1379.6937,-14.005669,1352.325,1152.1549,-19.933998,2211.7297,1089.194,-14.705043,0 days 00:00:43.927010344,0 days 00:00:44.027010344
0 days 00:00:00.260000,0 days 00:00:00.360000,answer7,3.5158634,-8.461999,20.117315,0.03028676,-0.013842071,0.32835904,20.625149,-10.715516,4.3329964,-1.3883191,32.332424,0.24607746,2.17617,2.3020601,-9.177499,-0.25897503,507.4093,1536.5751,-16.914804,1470.5742,1192.1809,-18.306335,2376.5798,1090.3373,-16.070509,0 days 00:00:43.937010344,0 days 00:00:44.037010344
0 days 00:00:00.270000,0 days 00:00:00.370000,answer7,3.4869683,-8.907115,21.295277,0.027506387,-0.013654984,0.31867656,22.18605,-11.948895,4.223866,-0.59504944,32.30258,0.03245802,1.3402036,2.2025418,-10.716422,-0.0023123424,510.15445,1605.4307,-18.233168,1402.5122,1348.6874,-18.485014,2258.8914,1095.6432,-17.645535,0 days 00:00:43.947010344,0 days 00:00:44.047010344
0 days 00:00:00.280000,0 days 00:00:00.380000,answer7,3.375864,-9.404565,22.110575,0.027683532,-0.013140452,0.33146226,23.730103,-12.307068,4.7362447,1.7881899,32.201923,0.0515132,0.9216864,1.7804598,-9.977284,0.6538575,650.86224,1634.4619,-17.517769,1550.7308,1358.9418,-18.05732,2413.3816,1065.9406,-18.321575,0 days 00:00:43.957010344,0 days 00:00:44.057010344
0 days 00:00:00.290000,0 days 00:00:00.390000,answer7,3.2035027,-10.019538,22.466879,0.024989208,-0.012689252,0.3549043,25.187002,-11.663665,5.8342338,5.1002374,32.124065,0.034610566,0.82589626,2.2080357,-7.86997,2.9124043,544.70844,1607.6124,-16.150652,1403.5063,1433.7303,-18.459707,2227.1067,1131.4908,-19.798326,0 days 00:00:43.967010344,0 days 00:00:44.067010344
0 days 00:00:00.300000,0 days 00:00:00.400000,answer7,3.0107555,-10.745216,22.363342,0.023580275,-0.01240373,0.36228147,26.374939,-10.2962675,7.423546,8.259824,32.067677,0.04000627,1.030213,3.507727,-5.454057,5.583294,700.19257,1559.1484,-14.076726,1573.3887,1334.4645,-17.876066,2415.203,1013.36066,-21.346304,0 days 00:00:43.977010344,0 days 00:00:44.077010344
0 days 00:00:00.310000,0 days 00:00:00.410000,answer7,2.8319607,-11.538918,22.743616,0.019503752,-0.012180433,0.34159657,27.250887,-8.708238,9.329873,10.50015,32.002117,0.062169325,0.9193998,5.1933856,-2.9226968,10.237588,546.8429,1556.3434,-13.17403,1402.1991,1319.975,-17.642502,2249.6355,1032.4115,-24.362633,0 days 00:00:43.987010344,0 days 00:00:44.087010344
0 days 00:00:00.320000,0 days 00:00:00.420000,answer7,2.6857443,-12.359035,23.640032,0.019251525,-0.013291267,0.2986231,27.934675,-7.2833114,11.307378,11.646834,31.891762,0.094647326,0.8061821,6.2925906,-0.26649603,14.843975,751.7059,1492.8721,-12.117801,1616.1198,1260.2981,-18.86067,2481.654,897.04596,-26.851519,0 days 00:00:43.997010344,0 days 00:00:44.097010344
0 days 00:00:00.330000,0 days 00:00:00.430000,answer7,2.5730066,-13.203114,24.858896,0.023010856,-0.015142542,0.26565155,28.631104,-6.1154666,13.099262,11.96579,31.781527,0.100293,0.665159,6.890824,2.1267908,17.458105,568.80206,1514.6647,-11.127659,1454.3531,1256.3656,-21.900259,2316.6206,966.95575,-27.524496,0 days 00:00:44.007010344,0 days 00:00:44.107010344
0 days 00:00:00.340000,0 days 00:00:00.440000,answer7,2.488612,-14.050423,26.090303,0.026290549,-0.017189696,0.2566422,29.42736,-5.1069355,14.4332695,11.673134,31.718872,0.058387652,0.54305786,7.3946686,3.909233,18.041492,464.666,1720.2192,-10.718649,1512.2311,1228.7648,-21.828455,2448.8928,902.79706,-26.814493,0 days 00:00:44.017010344,0 days 00:00:44.117010344
0 days 00:00:00.350000,0 days 00:00:00.450000,answer7,2.424092,-14.841075,26.837778,0.025918536,-0.017448826,0.2680694,30.302061,-4.2106276,15.120326,10.969452,31.706757,0.027915256,0.66590077,7.955351,4.839026,24.372065,600.184,1640.7797,0.0,1722.9828,1131.5298,-24.435966,2943.1497,1010.91425,-32.47325,0 days 00:00:44.027010344,0 days 00:00:44.127010344
0 days 00:00:00.360000,0 days 00:00:00.460000,answer7,2.3710978,-15.477376,27.079391,0.022788092,-0.0164493,0.28562173,31.04764,-3.3860703,15.228948,9.985208,31.687654,0.009868334,0.63943505,8.500651,5.356028,24.895754,679.2182,1916.9427,-18.03371,1768.9271,1247.8638,-24.105225,3003.0496,1020.0921,-32.560867,0 days 00:00:44.037010344,0 days 00:00:44.137010344
0 days 00:00:00.370000,0 days 00:00:00.470000,answer7,2.3169303,-15.929494,26.906616,0.020304965,-0.014965507,0.30522478,31.48083,-2.5466874,15.09777,8.889613,31.611097,0.011865665,0.87105846,8.850655,6.239739,25.700317,953.2839,1642.1652,-19.911913,1928.2399,1209.2794,-26.030588,3057.4387,1055.6862,-32.78805,0 days 00:00:44.047010344,0 days 00:00:44.147010344
0 days 00:00:00.380000,0 days 00:00:00.480000,answer7,2.2502806,-16.273209,26.863123,0.023081198,-0.014055581,0.3190085,31.450613,-1.4802991,15.181598,7.7819667,31.48596,0.0085155545,0.666417,8.997474,7.789163,20.490444,795.8582,1627.3955,-18.837002,1763.4713,1235.4591,-26.61322,2549.284,1063.928,-26.730848,0 days 00:00:44.057010344,0 days 00:00:44.157010344
0 days 00:00:00.390000,0 days 00:00:00.490000,answer7,2.165871,-16.632553,27.106947,0.02206173,-0.0140612265,0.31967947,30.93638,-0.031130472,15.83842,6.754128,31.338493,0.011463071,0.54420453,8.984643,9.518823,22.541872,919.6999,1278.1567,-20.754019,1963.9918,1071.3496,-28.749441,2731.0488,949.14154,-27.70941,0 days 00:00:44.067010344,0 days 00:00:44.167010344
0 days 00:00:00.400000,0 days 00:00:00.500000,answer7,2.0670226,-17.055433,28.038439,0.022977307,-0.01497703,0.31129876,29.918587,1.9431404,17.226408,5.8228545,31.210175,0.010691352,0.37945768,9.000793,10.852982,22.700964,933.903,1342.5532,-18.861992,1958.2778,1196.3185,-27.928818,2711.2246,974.8112,-26.875275,0 days 00:00:44.077010344,0 days 00:00:44.177010344
0 days 00:00:00.410000,0 days 00:00:00.510000,answer7,1.9659475,-17.457811,28.985212,0.021581741,-0.016942149,0.30238825,28.440275,4.5463834,19.009445,4.75555,31.091135,0.0129712345,0.46880803,9.127436,11.835243,24.880676,904.7051,1421.1763,-17.655195,1872.18,1198.9186,-27.820236,2704.7961,835.6367,-28.333258,0 days 00:00:44.087010344,0 days 00:00:44.187010344
0 days 00:00:00.420000,0 days 00:00:00.520000,answer7,1.8785633,-17.688118,29.3957,0.0196552,-0.01870696,0.29122385,26.625662,7.671819,20.44916,3.1481364,30.975271,0.008527668,0.41290554,9.337402,12.894372,24.602587,687.57056,1649.0094,-12.307887,1617.6886,1516.0817,-29.31573,2376.0256,1042.6211,-27.617172,0 days 00:00:44.097010344,0 days 00:00:44.197010344
0 days 00:00:00.430000,0 days 00:00:00.530000,answer7,1.8170191,-17.605474,29.139732,0.020762762,-0.019899981,0.27726686,24.590935,10.895505,20.96615,0.7471556,30.859505,0.006467438,0.49999157,9.346488,13.670819,26.820303,498.2012,1705.399,-7.0586343,1487.5259,1399.3971,-30.376463,2377.573,919.6408,-29.465157,0 days 00:00:44.107010344,0 days 00:00:44.207010344
0 days 00:00:00.440000,0 days 00:00:00.540000,answer7,1.7849174,-17.11413,28.481543,0.023396118,-0.019262431,0.256811,22.46221,13.588234,20.523851,-2.1990733,30.742243,0.0039421,0.5391302,9.178773,13.689649,25.112581,348.30405,1843.981,-2.21721,1363.8544,1885.809,-31.930334,2077.5645,1179.048,-27.329794,0 days 00:00:44.117010344,0 days 00:00:44.217010344
0 days 00:00:00.450000,0 days 00:00:00.550000,answer7,1.77811,-16.216715,26.843706,0.028489685,-0.017610101,0.22682573,20.35852,15.442688,19.604757,-5.260057,30.623339,0.009845456,0.9856724,8.776317,12.969028,26.917952,378.1615,1733.7256,-1.6902634,1466.6036,1609.7543,-28.84488,2321.0999,946.2094,-28.608215,0 days 00:00:44.127010344,0 days 00:00:44.227010344
0 days 00:00:00.460000,0 days 00:00:00.560000,answer7,1.7864677,-15.113616,24.38832,0.030960009,-0.015555779,0.1959386,18.543335,16.561163,18.701815,-8.006037,30.53095,0.010820485,0.8952634,8.16549,12.077747,26.652632,386.68253,1754.44,-1.334457,1461.372,1665.2765,-29.759344,2305.487,946.6763,-27.98709,0 days 00:00:44.137010344,0 days 00:00:44.237010344
0 days 00:00:00.470000,0 days 00:00:00.570000,answer7,1.7999655,-14.170918,21.823257,0.03236189,-0.0145431645,0.17665504,17.34472,17.200012,18.049273,-10.229779,30.458084,0.012426785,1.0543147,7.3863883,11.444486,27.12811,451.2323,1745.1914,-5.0293856,1561.0596,1225.2015,-28.350695,2610.5315,683.2622,-28.660515,0 days 00:00:44.147010344,0 days 00:00:44.247010344
0 days 00:00:00.480000,0 days 00:00:00.580000,answer7,1.8141907,-13.752597,20.433268,0.035342824,-0.014851205,0.17290463,17.087418,17.392805,17.543745,-11.760284,30.387377,0.0064392625,0.6610842,6.5030723,10.730586,25.833155,454.44327,1617.4097,-6.005951,1523.6821,1165.7179,-28.420538,2595.8826,676.0865,-28.342127,0 days 00:00:44.157010344,0 days 00:00:44.257010344
0 days 00:00:00.490000,0 days 00:00:00.590000,answer7,1.8339111,-13.987454,20.213556,0.035265055,-0.016225792,0.17193563,17.91738,16.89013,16.86872,-12.578728,30.300882,0.012109093,0.70032233,5.740393,9.933984,25.373383,579.89606,1552.5922,-9.389003,1597.5337,1105.1525,-28.325056,2636.4702,656.762,-29.390806,0 days 00:00:44.167010344,0 days 00:00:44.267010344
0 days 00:00:00.500000,0 days 00:00:00.600000,answer7,1.8660005,-14.690122,20.99542,0.03284644,-0.017920641,0.17879784,19.656366,15.521029,15.811021,-12.746322,30.25519,0.0203687,0.4991573,5.1395874,9.891197,25.740355,514.9529,1513.3412,-6.9867725,1534.2394,1169.7231,-28.59497,2585.7551,695.38873,-30.85253,0 days 00:00:44.177010344,0 days 00:00:44.277010344
0 days 00:00:00.510000,0 days 00:00:00.610000,answer7,1.9110199,-15.426872,22.604212,0.0297034,-0.019455338,0.19003457,21.738869,13.51165,14.453941,-12.337932,30.271614,0.02992937,0.7553024,4.9130363,12.894397,24.9215,713.0051,1598.692,-11.715623,1721.1617,1190.923,-30.71634,2695.3625,658.30023,-30.1363,0 days 00:00:44.187010344,0 days 00:00:44.287010344
0 days 00:00:00.520000,0 days 00:00:00.620000,answer7,1.9613667,-15.803914,24.091978,0.027614871,-0.02052807,0.20591931,23.473257,11.427166,13.126949,-11.504659,30.278788,0.028582469,0.97508144,5.0147796,13.293422,25.531961,732.1525,1493.7611,-13.052826,1790.4287,1130.6051,-30.211142,2782.1965,765.17535,-29.846094,0 days 00:00:44.197010344,0 days 00:00:44.297010344
0 days 00:00:00.530000,0 days 00:00:00.630000,answer7,2.0026782,-15.725815,24.97701,0.026991354,-0.020835787,0.20970647,24.452774,9.80781,12.108711,-10.337165,30.23014,0.0294318,1.2073294,5.3006587,12.998451,25.561096,879.72266,1266.8014,-15.435996,1914.8988,932.72217,-28.823938,2843.8484,706.39874,-28.757828,0 days 00:00:44.207010344,0 days 00:00:44.307010344
0 days 00:00:00.540000,0 days 00:00:00.640000,answer7,2.0217662,-15.405694,25.376183,0.025192639,-0.020400645,0.20731819,24.714731,8.8873825,11.554265,-8.972493,30.054304,0.028889483,1.2085886,5.4562907,9.808416,26.485611,821.3953,1078.9025,-12.950638,1871.2765,798.4839,-25.546038,2834.841,771.93353,-29.339447,0 days 00:00:44.217010344,0 days 00:00:44.317010344
0 days 00:00:00.550000,0 days 00:00:00.650000,answer7,2.0101519,-15.139767,25.96544,0.022797244,-0.019422235,0.19566333,24.55636,8.659744,11.519881,-7.5049233,29.891077,0.026807537,0.99533445,5.5319705,9.068219,25.716522,814.96075,1046.9391,-10.94398,1847.5841,756.17505,-24.934038,2800.6777,752.8281,-29.201914,0 days 00:00:44.227010344,0 days 00:00:44.327010344
0 days 00:00:00.560000,0 days 00:00:00.660000,answer7,1.965624,-15.08608,26.664368,0.020065947,-0.018618874,0.18513958,24.195505,9.08993,12.042193,-6.1408124,29.748598,0.021286504,0.81189346,5.648119,8.056521,25.283056,812.1882,1106.1053,-9.904401,1862.7653,791.34784,-24.904198,2847.847,887.04315,-29.986029,0 days 00:00:44.237010344,0 days 00:00:44.337010344
0 days 00:00:00.570000,0 days 00:00:00.670000,answer7,1.8924564,-15.220935,27.050886,0.017669888,-0.018293893,0.17312105,23.657433,10.116612,12.924767,-5.147059,29.682518,0.027146215,0.97268015,5.8668733,6.113424,24.848404,815.1792,1133.8312,-10.093722,1848.4269,828.2886,-25.188803,2804.1555,862.0147,-30.582872,0 days 00:00:44.247010344,0 days 00:00:44.347010344
0 days 00:00:00.580000,0 days 00:00:00.680000,answer7,1.801869,-15.388535,26.962091,0.01625033,-0.018287083,0.1716088,22.797699,11.63659,13.824897,-4.811313,29.651346,0.027238255,1.342471,5.9926105,3.8299325,24.351515,816.56244,1138.7483,-11.101796,1839.3545,835.1984,-24.36349,2768.2102,804.9781,-30.513327,0 days 00:00:44.257010344,0 days 00:00:44.357010344
0 days 00:00:00.590000,0 days 00:00:00.690000,answer7,1.7120293,-15.383178,26.440292,0.017728997,-0.018508589,0.18232961,21.510641,13.34362,14.343221,-5.063923,29.69393,0.020255325,1.2241383,5.5629745,2.293277,23.727259,816.09064,1090.9591,-12.142006,1830.858,780.52856,-24.251295,2738.4675,722.645,-30.003914,0 days 00:00:44.267010344,0 days 00:00:44.367010344
0 days 00:00:00.600000,0 days 00:00:00.700000,answer7,1.6416777,-15.10641,25.43091,0.022071483,-0.018803649,0.20459287,19.954481,14.84974,14.272042,-5.499004,29.781664,0.012290263,1.3094957,4.7799535,2.7514973,23.542288,812.18536,1070.5846,-13.00751,1825.3502,745.3281,-24.253916,2741.9163,683.5259,-29.979937,0 days 00:00:44.277010344,0 days 00:00:44.377010344
0 days 00:00:00.610000,0 days 00:00:00.710000,answer7,1.6033878,-14.6452055,24.442888,0.026743094,-0.018718744,0.2260608,18.499779,15.938988,13.70572,-5.8150954,29.879982,0.012197069,0.7031512,3.9393075,3.849971,23.621191,811.27325,1088.7311,-14.118263,1817.7762,746.0406,-25.034927,2762.4226,696.4869,-30.633665,0 days 00:00:44.287010344,0 days 00:00:44.387010344
0 days 00:00:00.620000,0 days 00:00:00.720000,answer7,1.5942717,-14.198612,23.635942,0.029829005,-0.018366287,0.2258846,17.369787,16.75502,13.063309,-6.1768394,29.914839,0.015195355,0.8251174,3.0820913,3.3254216,21.405634,811.5229,1104.7635,-15.536174,1795.1655,749.93066,-23.994226,2764.12,670.4369,-29.957827,0 days 00:00:44.297010344,0 days 00:00:44.397010344
0 days 00:00:00.630000,0 days 00:00:00.730000,answer7,1.601837,-13.835605,23.38354,0.03089265,-0.01784597,0.20653693,16.452726,17.479382,12.750702,-7.135966,29.976152,0.044642013,0.59989446,1.6498637,1.8566777,18.095507,857.06366,1244.7916,-16.880085,1835.652,823.9272,-25.739462,2807.5442,655.92914,-28.16004,0 days 00:00:44.307010344,0 days 00:00:44.407010344
0 days 00:00:00.640000,0 days 00:00:00.740000,answer7,1.6124588,-13.415051,22.654425,0.03117471,-0.017617377,0.19014077,15.493568,18.101976,12.852535,-9.243947,26.316673,0.20130837,0.6083747,0.75186443,2.0199015,20.307554,860.81573,1292.0874,-12.651764,1846.7313,853.03876,-19.985792,2807.2744,626.2554,-22.752092,0 days 00:00:44.317010344,0 days 00:00:44.417010344
0 days 00:00:00.650000,0 days 00:00:00.750000,answer7,1.6248708,-12.766519,21.70375,0.030735299,-0.018021736,0.19322272,14.467141,18.429102,12.937503,-12.750125,22.6679,0.2182175,0.46340957,-0.049619835,3.3071642,22.952719,864.2824,1314.2906,-8.00742,1872.373,875.55975,-17.756224,2817.3367,595.4441,-17.038229,0 days 00:00:44.327010344,0 days 00:00:44.427010344
0 days 00:00:00.660000,0 days 00:00:00.760000,answer7,1.6474844,-12.009048,20.03045,0.02889053,-0.019172879,0.21898556,13.596234,18.50987,12.661822,-17.05137,18.85829,0.19391727,0.4350166,-0.62575704,5.3614173,26.597132,826.5866,1298.589,-1.0163332,1833.799,1041.7583,-10.614615,2649.9026,870.5246,-11.244431,0 days 00:00:44.337010344,0 days 00:00:44.437010344
0 days 00:00:00.670000,0 days 00:00:00.770000,answer7,1.6894392,-11.512593,18.32342,0.024262985,-0.020818949,0.24148972,13.101306,18.528152,12.126266,-20.852198,19.264921,0.04160695,0.649977,-0.97037363,8.215865,23.53678,828.9216,1364.878,2.5090177,1850.0536,1082.8921,-10.332177,2657.6562,824.3457,-6.6279616,0 days 00:00:44.347010344,0 days 00:00:44.447010344
0 days 00:00:00.680000,0 days 00:00:00.780000,answer7,1.7484483,-11.535797,17.315077,0.018929847,-0.021920182,0.24949145,12.953126,18.607416,11.664943,-23.3182,19.727758,0.032462165,0.823536,-0.82000333,11.744126,24.362226,698.54785,1348.8832,4.918449,1750.7958,1190.8793,-9.876928,2563.0725,903.6093,-6.0437636,0 days 00:00:44.357010344,0 days 00:00:44.457010344
0 days 00:00:00.690000,0 days 00:00:00.790000,answer7,1.809842,-12.000909,17.485231,0.01713563,-0.022895487,0.23365878,12.975578,18.6373,11.343032,-24.640062,24.438448,0.0,1.3572631,0.9613197,4.8962345,16.320505,588.5738,1315.5636,3.232218,1742.5992,1071.4227,-15.3172455,2680.907,746.2556,-8.97347,0 days 00:00:44.367010344,0 days 00:00:44.467010344
0 days 00:00:00.700000,0 days 00:00:00.800000,answer7,1.8559246,-12.623895,18.8061,0.020866672,-0.023085738,0.20703126,13.109508,18.440607,10.828522,-25.664549,28.705729,0.5316961,1.8801535,1.9173465,-5.31479,10.196393,541.61847,1236.6754,1.8439356,1714.9828,994.98395,-20.215868,2646.7024,785.1879,-13.961482,0 days 00:00:44.377010344,0 days 00:00:44.477010344
0 days 00:00:00.710000,0 days 00:00:00.810000,answer7,1.879426,-13.184701,20.374002,0.025151214,-0.0234811,0.20006467,13.478892,17.878046,10.057677,-26.750595,35.237747,0.37559476,2.403044,3.0533478,-3.3762245,9.61798,559.0693,1308.8994,3.0035229,1797.4502,974.5822,-24.475344,2677.5002,870.1106,-16.985357,0 days 00:00:44.387010344,0 days 00:00:44.487010344
0 days 00:00:00.720000,0 days 00:00:00.820000,answer7,1.8880777,-13.593024,21.655281,0.028660929,-0.023281327,0.217741,14.232063,16.845873,9.569509,-27.57492,37.639076,0.063392155,2.2617784,3.9257946,9.011736,18.168062,610.01434,1364.896,6.036144,1821.82,982.8467,-24.298447,2668.0361,897.80615,-17.842417,0 days 00:00:44.397010344,0 days 00:00:44.497010344
0 days 00:00:00.730000,0 days 00:00:00.830000,answer7,1.8946422,-13.809466,21.669428,0.029397486,-0.02454436,0.25986612,15.333721,15.242307,10.105172,-27.545446,39.95784,0.09946889,2.028555,4.780143,21.608736,27.141663,643.23474,1413.1652,0.40465546,1865.712,1068.2963,-25.30468,2691.0002,956.13324,-19.850504,0 days 00:00:44.407010344,0 days 00:00:44.507010344
0 days 00:00:00.740000,0 days 00:00:00.840000,answer7,1.9029542,-13.803028,20.982672,0.030093731,-0.026185693,0.2859818,16.54423,13.095181,11.802968,-26.500788,39.944427,0.08365116,1.4980397,4.708598,20.560776,28.684683,584.35425,1571.8251,-3.2069964,1614.124,1166.9108,-22.902887,2518.7517,892.1387,-21.26953,0 days 00:00:44.417010344,0 days 00:00:44.517010344
0 days 00:00:00.750000,0 days 00:00:00.850000,answer7,1.9028183,-13.555341,19.997948,0.026706904,-0.02780061,0.2819028,17.5486,10.647683,14.0397,-24.845926,38.85375,0.06783342,0.9675245,-0.4772339,17.551437,25.639463,647.4524,1448.2897,0.0,1645.44,1068.7552,-23.559242,2552.5154,793.9253,-23.402534,0 days 00:00:44.427010344,0 days 00:00:44.527010344
0 days 00:00:00.760000,0 days 00:00:00.860000,answer7,1.8799089,-13.094978,19.845758,0.023584358,-0.02798616,0.2606878,18.130297,8.260451,15.838435,-23.190857,37.85522,0.015938958,0.6702327,-1.0365936,14.257459,19.771635,665.3313,1347.3759,-13.954133,1647.3633,983.67487,-23.572206,2564.4329,742.45026,-24.598795,0 days 00:00:44.437010344,0 days 00:00:44.537010344
0 days 00:00:00.770000,0 days 00:00:00.870000,answer7,1.8275805,-12.515866,20.038897,0.01766696,-0.027395345,0.24849904,18.295557,6.2453275,16.557388,-21.771994,36.97302,0.015938958,0.6702327,-0.16273212,10.199434,12.835057,831.5451,1061.2974,-15.039502,1936.4799,728.14154,-27.34696,2782.8816,672.9676,-26.518244,0 days 00:00:44.447010344,0 days 00:00:44.547010344
0 days 00:00:00.780000,0 days 00:00:00.880000,answer7,1.7503061,-12.01059,20.11573,0.013203281,-0.02692665,0.25534648,18.269222,4.7037964,16.1099,-20.313744,37.754444,0.023680946,1.0103115,5.035979,5.0290694,9.994405,854.1232,1099.3704,-13.434581,1972.8732,737.83026,-27.414331,2829.0032,632.89996,-24.103403,0 days 00:00:44.457010344,0 days 00:00:44.557010344
0 days 00:00:00.790000,0 days 00:00:00.890000,answer7,1.6619525,-11.811291,20.062077,0.011926591,-0.026099542,0.25140128,18.373857,3.5818884,14.973145,-18.316656,38.513153,0.038089555,1.3096417,5.8826222,1.0645171,11.65691,863.8091,1164.0453,-11.077854,2000.1786,953.02295,-27.322496,2654.4119,927.61444,-24.011568,0 days 00:00:44.467010344,0 days 00:00:44.567010344
0 days 00:00:00.800000,0 days 00:00:00.900000,answer7,1.5752401,-12.016838,19.695206,0.015285502,-0.025581772,0.22499187,18.769121,2.8528469,13.896706,-15.749742,39.28146,0.03467748,1.477997,5.684574,-1.1194743,13.640663,876.0955,1177.7993,-8.601478,2016.8407,932.75195,-26.073008,2713.7678,1038.7057,-23.361616,0 days 00:00:44.477010344,0 days 00:00:44.577010344
0 days 00:00:00.810000,0 days 00:00:00.910000,answer7,1.4962076,-12.498065,19.189333,0.022833154,-0.023742536,0.19188242,19.320793,2.5061252,13.253453,-13.210803,39.460674,0.028857484,1.2191654,5.5086493,-2.689972,14.141034,863.3672,1121.067,-10.115669,1980.8068,881.94775,-26.574974,2679.5593,1194.4434,-26.946676,0 days 00:00:44.487010344,0 days 00:00:44.587010344
0 days 00:00:00.820000,0 days 00:00:00.920000,answer7,1.4264454,-13.149129,19.530838,0.028887102,-0.02125597,0.18360913,19.906475,2.5415926,13.018971,-11.092814,39.670597,0.010907625,1.1111792,5.337397,-0.28340593,14.118942,898.1145,1179.6139,-13.4736595,2003.793,770.5132,-27.504305,2630.0955,2459.2312,-27.876007,0 days 00:00:44.497010344,0 days 00:00:44.597010344
0 days 00:00:00.830000,0 days 00:00:00.930000,answer7,1.3864149,-14.25219,21.2205,0.033093844,-0.018003805,0.21988018,20.726725,3.0623722,13.23425,-8.998403,39.783833,0.019674664,1.4113592,5.6492195,3.5988586,14.441394,904.6424,1195.0933,-17.594442,1991.649,829.5372,-27.836098,2564.3591,2435.9324,-28.436975,0 days 00:00:44.507010344,0 days 00:00:44.607010344
0 days 00:00:00.840000,0 days 00:00:00.940000,answer7,1.4088749,-15.93369,24.337082,0.03367877,-0.015095245,0.3262162,21.90576,3.9424903,14.140335,-6.8704705,39.90096,0.021077635,1.553013,5.520787,8.481566,15.759181,924.06134,1219.3878,-19.612844,2006.6123,837.5682,-26.76269,2646.455,2549.3562,-26.890457,0 days 00:00:44.517010344,0 days 00:00:44.617010344
0 days 00:00:00.850000,0 days 00:00:00.950000,answer7,1.5216154,-17.79255,27.905655,0.032640543,-0.013261217,0.4550098,23.306479,4.733583,15.519834,-5.5532436,39.921963,0.028958851,1.7073872,5.480526,9.670544,15.349217,1002.2642,1106.0771,-80.71276,2051.7952,745.05664,-84.37078,3193.9465,1138.649,-84.49854,0 days 00:00:44.527010344,0 days 00:00:44.627010344
0 days 00:00:00.860000,0 days 00:00:00.960000,answer7,1.7417923,-19.18439,30.763084,0.032265533,-0.01261133,0.6299165,24.68602,4.7230268,16.501375,-6.11175,0.0,0.0,0.0,0.0,0.0,0.0,1117.4863,1091.058,-82.58085,2162.0625,795.0698,-83.79893,3517.7207,1132.2723,-84.70223,0 days 00:00:44.537010344,0 days 00:00:44.637010344
0 days 00:00:00.870000,0 days 00:00:00.970000,answer7,2.095506,-19.899696,33.400623,0.036783647,-0.0127131445,0.89030546,25.767263,3.5415032,16.553455,-8.189537,39.140083,0.0,0.82740533,6.262025,5.2863092,9.932388,1142.1569,1061.007,-86.95154,2200.713,857.30536,-86.56408,3586.046,1075.9062,-87.23132,0 days 00:00:44.547010344,0 days 00:00:44.647010344
0 days 00:00:00.880000,0 days 00:00:00.980000,answer7,2.5844953,-20.475555,35.521343,0.040440682,-0.013039194,1.3846382,26.821302,1.6285559,16.322048,-10.876114,39.058773,0.0077791894,0.88844824,6.911841,8.927936,10.273036,1108.5938,1055.9673,-30.595627,2178.3743,999.54803,-31.934296,3387.1511,1257.5878,-30.719294,0 days 00:00:44.557010344,0 days 00:00:44.657010344
0 days 00:00:00.890000,0 days 00:00:00.990000,answer7,3.153516,-21.349909,37.81368,0.03992596,-0.013295396,2.057023,28.110315,-0.38334766,17.101824,-13.267593,38.825916,0.00777919,1.0105339,7.7542343,14.0005455,13.8567,1049.8242,1238.7953,-32.64504,2015.7866,1066.7697,-34.455856,3202.8337,1230.94,-33.760204,0 days 00:00:44.567010344,0 days 00:00:44.667010344
0 days 00:00:00.900000,0 days 00:00:01,answer7,3.5506792,-22.13835,39.257553,0.035203915,-0.013704901,2.5781384,29.181358,-1.6077566,18.180885,-14.757164,38.74747,0.00777919,1.0105339,7.506845,14.921414,14.652591,1062.5892,1418.1167,-33.241398,1906.8817,1136.0962,-34.662395,3170.4912,1116.1451,-35.369934,0 days 00:00:44.577010344,0 days 00:00:44.677010344
0 days 00:00:00.900000,0 days 00:00:01.000997732,answer7,3.7424014,-22.622307,39.95075,0.03149397,-0.014170972,2.830971,29.866648,-2.1318712,19.080568,-15.396861,38.673138,0.00777919,1.0105339,7.154531,14.27653,16.501719,1039.8453,1575.2714,-33.89597,1779.1295,1094.2865,-33.43827,3155.056,847.9361,-37.32294,0 days 00:00:44.577010344,0 days 00:00:44.678008076
0 days 00:00:00,0 days 00:00:00.100000,answer8,4.6116776,-13.098808,28.881346,0.048530545,-0.009738682,0.28263414,23.41213,-1.8916202,-20.858786,-27.0159,40.454487,0.0,0.0,4.6749954,3.4758012,24.892069,589.71466,1817.833,-10.875559,1506.0599,981.7641,-19.126816,2680.4192,461.8517,-31.464462,0 days 00:00:50.250250250,0 days 00:00:50.350250250
0 days 00:00:00.010000,0 days 00:00:00.110000,answer8,4.559852,-13.375346,29.170176,0.04625191,-0.008512955,0.5210011,23.14392,-1.7296063,-20.44686,-26.593704,40.092754,0.016378997,1.4989855,7.380964,2.341583,20.86054,625.2199,1891.8856,0.0,1468.5502,1090.4438,-18.263275,2661.1326,482.73648,-28.782516,0 days 00:00:50.260250250,0 days 00:00:50.360250250
0 days 00:00:00.020000,0 days 00:00:00.120000,answer8,4.4353986,-13.766452,29.529322,0.041222174,-0.0065324637,0.79109097,22.321127,-0.41232643,-21.716558,-24.96625,39.747166,0.01443963,1.3265339,10.321828,0.9643984,16.593592,697.24774,1945.5485,-12.706447,1425.6014,1313.5839,-17.559175,2643.2239,523.06903,-26.89798,0 days 00:00:50.270250250,0 days 00:00:50.370250250
0 days 00:00:00.030000,0 days 00:00:00.130000,answer8,4.2156253,-14.103883,29.689713,0.040337443,-0.005750341,0.8638134,20.715431,2.841405,-25.743586,-22.037842,39.77753,0.012505468,0.5975735,11.774738,0.32956567,16.100273,947.9799,1372.2487,-13.618501,1522.0968,1315.3999,-18.830063,2679.7595,490.18198,-29.389208,0 days 00:00:50.280250250,0 days 00:00:50.380250250
0 days 00:00:00.040000,0 days 00:00:00.140000,answer8,3.9143314,-14.346795,29.842352,0.034613606,-0.0055246954,1.0326709,18.521809,8.086193,-30.549652,-18.077564,39.84635,0.009536033,0.53489953,11.708444,0.08744653,16.041063,935.7364,1354.9677,-15.849513,1529.6654,1311.9346,-20.361502,2701.9187,491.7653,-31.80313,0 days 00:00:50.290250250,0 days 00:00:50.390250250
0 days 00:00:00.050000,0 days 00:00:00.150000,answer8,3.554056,-14.366569,29.92772,0.030837996,-0.007105624,1.159315,16.440062,14.326485,-33.56694,-13.710334,39.87618,0.010663427,0.3385212,10.823509,2.6090183,18.973913,929.06573,1428.5586,-17.512655,1639.1012,1187.5269,-28.224016,2772.0264,465.84583,-33.877552,0 days 00:00:50.300250250,0 days 00:00:50.400250250
0 days 00:00:00.060000,0 days 00:00:00.160000,answer8,3.1721084,-14.046603,29.827082,0.020564716,-0.008706932,1.124597,15.106898,20.308329,-33.70801,-8.6310425,39.873425,0.007209566,0.43297473,9.089723,-0.11231645,17.013458,967.3112,1541.2573,-17.56383,1730.8405,1206.9652,-34.628212,2831.3518,465.57297,-34.689606,0 days 00:00:50.310250250,0 days 00:00:50.410250250
0 days 00:00:00.070000,0 days 00:00:00.170000,answer8,2.8071969,-13.499566,28.970375,0.01852467,-0.009408744,0.95667726,14.59288,24.689585,-31.79232,-2.7901256,39.880966,0.010710731,0.3061476,6.797033,-2.7229528,16.824793,961.51935,1480.037,-14.747075,1780.189,1191.2432,-38.35196,2835.4805,497.34973,-34.294823,0 days 00:00:50.320250250,0 days 00:00:50.420250250
0 days 00:00:00.080000,0 days 00:00:00.180000,answer8,2.4925976,-13.148561,27.197405,0.016102795,-0.009335417,0.72914505,14.65316,26.232042,-27.899687,3.3672285,39.917355,0.009386111,0.7220876,3.8579848,-8.876703,13.931804,916.91974,1366.4609,-9.740283,1746.6611,1263.7274,-34.0785,2789.6865,581.39294,-32.548786,0 days 00:00:50.330250250,0 days 00:00:50.430250250
0 days 00:00:00.090000,0 days 00:00:00.190000,answer8,2.2802722,-13.075912,25.670969,0.018650701,-0.009498426,0.52580625,14.587597,24.360151,-20.389368,7.0443535,39.972073,0.00996705,0.9791665,1.0128611,-10.206604,16.483934,862.30664,1204.618,-4.2051196,1718.2721,1208.3983,-29.345108,2751.3398,670.95013,-30.89566,0 days 00:00:50.340250250,0 days 00:00:50.440250250
0 days 00:00:00.100000,0 days 00:00:00.200000,answer8,2.209293,-12.572619,24.251053,0.015579949,-0.009779704,0.37697375,13.756419,19.93068,-8.7970495,6.552767,36.68887,0.16873978,1.9600853,-0.9025202,-2.5765135,21.774382,860.22705,1149.725,-5.8625026,1794.93,1101.0425,-25.573477,2854.634,824.67096,-30.803787,0 days 00:00:50.350250250,0 days 00:00:50.450250250
0 days 00:00:00.110000,0 days 00:00:00.210000,answer8,2.263624,-10.933701,22.614454,0.016548805,-0.010343593,0.28732845,12.090728,14.694709,4.3806763,2.1194906,33.506886,0.32875386,2.434429,-0.41432914,5.237784,27.100004,859.56104,1086.896,-7.383886,1851.686,935.5791,-25.21032,2864.6301,900.42365,-33.139957,0 days 00:00:50.360250250,0 days 00:00:50.460250250
0 days 00:00:00.120000,0 days 00:00:00.220000,answer8,2.3702335,-8.183785,19.25464,0.018313885,-0.011071742,0.25466636,10.102317,10.073484,15.064214,-3.837314,30.460487,0.49001154,3.063347,1.4166331,15.600329,29.576853,916.2835,1208.3116,-12.449893,1940.4854,928.6774,-25.933716,2894.625,850.65283,-33.73042,0 days 00:00:50.370250250,0 days 00:00:50.470250250
0 days 00:00:00.130000,0 days 00:00:00.230000,answer8,2.4484453,-5.0920224,14.83017,0.023474528,-0.013425213,0.25614527,8.250614,6.17194,21.087206,-9.25003,30.706839,0.35823703,2.0986915,2.791084,15.140887,25.003082,777.39355,1376.2792,-14.253705,1793.5688,1249.1989,-26.458353,2555.0166,942.8345,-30.82952,0 days 00:00:50.380250250,0 days 00:00:50.480250250
0 days 00:00:00.140000,0 days 00:00:00.240000,answer8,2.4585693,-2.2720463,10.018998,0.025799593,-0.015561993,0.2639544,6.6472206,2.4151495,23.095411,-13.213669,30.810385,0.19531101,1.1010078,1.5862032,12.6622,17.614668,753.62134,1468.5743,-16.825153,1745.6973,1308.671,-23.247248,2486.2625,960.5923,-23.32145,0 days 00:00:50.390250250,0 days 00:00:50.490250250
0 days 00:00:00.150000,0 days 00:00:00.250000,answer8,2.3996542,-0.16654754,6.4195323,0.027025895,-0.01727576,0.25028822,5.6417975,-1.224604,22.896677,-14.6347885,30.794827,0.047960743,0.119838126,0.517464,10.040601,13.774789,554.80023,1392.0282,-79.095604,1539.6757,1344.3228,-81.225044,2271.2883,1150.3119,-79.718735,0 days 00:00:50.400250250,0 days 00:00:50.500250250
0 days 00:00:00.160000,0 days 00:00:00.260000,answer8,2.3036911,0.74936706,4.993922,0.026891202,-0.018163597,0.22268748,5.9284263,-4.0722914,22.586706,-13.02263,0.0,0.0,0.0,0.0,0.0,0.0,539.30536,1270.3608,-139.3796,1517.6847,1058.8212,-140.19554,2334.5642,1073.118,-138.82314,0 days 00:00:50.410250250,0 days 00:00:50.510250250
0 days 00:00:00.170000,0 days 00:00:00.270000,answer8,2.211323,0.37445617,5.6888657,0.026463369,-0.018451544,0.19614558,7.641497,-5.7903504,22.91182,-9.562758,0.0,0.0,0.0,0.0,0.0,0.0,409.0883,1196.5599,-201.0,1406.9312,993.3284,-201.0,2219.0813,1095.9927,-201.0,0 days 00:00:50.420250250,0 days 00:00:50.520250250
0 days 00:00:00.180000,0 days 00:00:00.280000,answer8,2.1437564,-0.8628134,7.3197427,0.027035898,-0.018439313,0.18188779,10.196141,-6.429117,23.35775,-5.8787537,0.0,0.0,0.0,0.0,0.0,0.0,411.93002,1272.4601,-201.0,1433.7646,985.99896,-201.0,2324.4211,1347.4286,-201.0,0 days 00:00:50.430250250,0 days 00:00:50.530250250
0 days 00:00:00.190000,0 days 00:00:00.290000,answer8,2.103521,-2.2211053,8.853699,0.027936593,-0.017776133,0.17498569,12.635669,-6.3943725,22.596931,-3.1618655,0.0,0.0,0.0,0.0,0.0,0.0,407.10922,1451.2094,-201.0,1475.8955,1068.6456,-201.0,2375.0417,1944.7347,-201.0,0 days 00:00:50.440250250,0 days 00:00:50.540250250
0 days 00:00:00.200000,0 days 00:00:00.300000,answer8,2.0923193,-3.2524512,10.1914,0.03014779,-0.017687233,0.17756565,14.572945,-5.804933,19.880396,-1.375013,0.0,0.0,0.0,0.0,0.0,0.0,372.5382,1644.2067,-139.65721,1490.1361,1091.8182,-137.98265,2480.9446,1955.7994,-137.18462,0 days 00:00:50.450250250,0 days 00:00:50.550250250
0 days 00:00:00.210000,0 days 00:00:00.310000,answer8,2.115269,-3.9162343,11.165006,0.029503724,-0.017586427,0.19661202,16.017588,-4.9719186,15.418281,-0.20404278,33.394894,0.0,0.0,-1.4463203,-0.5414038,3.3059654,355.48132,1635.5516,-76.20414,1480.6309,1019.7302,-75.443375,2504.9841,1676.4224,-78.40812,0 days 00:00:50.460250250,0 days 00:00:50.560250250
0 days 00:00:00.220000,0 days 00:00:00.320000,answer8,2.1647246,-4.3463287,11.64115,0.025292814,-0.017775819,0.22141612,17.10904,-4.2532997,10.180306,0.5584389,33.339012,0.0,0.0,-1.2896754,-0.37011972,3.3586047,372.48364,1550.7433,-12.194084,1495.4614,1012.8039,-12.587939,2408.7158,1594.9078,-15.552689,0 days 00:00:50.470250250,0 days 00:00:50.570250250
0 days 00:00:00.230000,0 days 00:00:00.330000,answer8,2.2183485,-4.5960636,12.834798,0.018770572,-0.017054105,0.23602106,17.944738,-3.8126497,5.398828,1.1367793,33.236797,0.0,0.0,-0.9194181,-1.9367234,8.905211,410.3597,1456.0104,-10.46065,1510.8076,1070.3744,-13.561791,2415.0579,2066.4102,-19.36586,0 days 00:00:50.480250250,0 days 00:00:50.580250250
0 days 00:00:00.240000,0 days 00:00:00.340000,answer8,2.2518609,-4.6193323,14.351425,0.015122625,-0.015598406,0.22339101,18.56877,-3.6729047,1.8915855,1.5184464,33.833447,0.0999078,0.9582598,-1.1521845,0.0145527525,9.99611,420.85132,1488.6051,-7.480719,1525.3168,1165.267,-12.535466,2418.75,2845.501,-17.47683,0 days 00:00:50.490250250,0 days 00:00:50.590250250
0 days 00:00:00.250000,0 days 00:00:00.350000,answer8,2.249233,-4.4250417,15.834912,0.015513379,-0.013097194,0.19760962,18.959953,-3.8292344,-0.09782171,1.4572035,34.591354,0.09521442,1.3212745,-1.4386777,2.0352507,14.594429,408.02295,1507.7169,-5.216375,1498.9994,1131.0192,-9.660125,2569.0098,2372.0066,-19.810804,0 days 00:00:50.500250250,0 days 00:00:50.600250250
0 days 00:00:00.260000,0 days 00:00:00.360000,answer8,2.2025554,-4.1839137,16.28739,0.01898737,-0.010858159,0.18521313,19.076979,-4.1966586,-0.9130966,0.7041115,35.387302,0.10522318,1.0581322,-2.161752,6.114161,16.415344,490.17984,1643.1846,-3.989752,1522.9205,1214.9708,-5.5382714,2503.6106,1929.4623,-18.59485,0 days 00:00:50.510250250,0 days 00:00:50.610250250
0 days 00:00:00.270000,0 days 00:00:00.370000,answer8,2.1154635,-4.1309376,16.095657,0.023283118,-0.00926817,0.19297457,18.897375,-4.5977855,-1.3699645,-0.85227203,35.466793,0.08963838,1.0716798,-2.6179025,5.495483,15.418115,612.76044,1578.3013,-5.6669087,1554.0645,1192.4572,-2.5331771,2420.2732,1069.3137,-17.601055,0 days 00:00:50.520250250,0 days 00:00:50.620250250
0 days 00:00:00.280000,0 days 00:00:00.380000,answer8,2.0092208,-4.3949876,15.752814,0.026053498,-0.00926203,0.20328937,18.493849,-4.960385,-2.2268512,-3.0666897,35.40387,0.07709173,0.84246546,-2.958341,4.9014187,10.104688,616.9949,1606.0577,-4.78477,1562.1656,1337.642,-1.5469266,2232.0276,1357.0668,-11.405488,0 days 00:00:50.530250250,0 days 00:00:50.630250250
0 days 00:00:00.290000,0 days 00:00:00.390000,answer8,1.9192823,-4.882953,15.645289,0.026971025,-0.009951751,0.1967687,18.12602,-5.310874,-3.47983,-5.3692455,35.253067,0.049842928,1.2394081,-3.0920808,4.0196266,10.117134,533.1364,1513.7682,-0.47253576,1551.8989,1249.6459,-1.8264351,2286.452,1337.4496,-8.915946,0 days 00:00:50.540250250,0 days 00:00:50.640250250
0 days 00:00:00.300000,0 days 00:00:00.400000,answer8,1.8755994,-5.446192,16.697882,0.025998726,-0.011552223,0.18040712,18.111414,-5.5738053,-4.391783,-7.12669,35.109867,0.0481877,1.3596607,-2.8975346,2.9567478,7.214777,417.63184,1619.693,7.0717316,1529.6068,1507.2875,2.035083,2113.7798,1653.0205,-0.14304511,0 days 00:00:50.550250250,0 days 00:00:50.650250250
0 days 00:00:00.310000,0 days 00:00:00.410000,answer8,1.886185,-6.083655,17.729692,0.023463741,-0.01336676,0.16867912,18.513233,-5.6224365,-4.471026,-8.350333,34.973858,0.038939677,1.2582947,-3.01276,1.8449258,13.046535,515.70074,1718.8389,9.884186,1587.9642,1399.2139,3.2535603,2357.6174,1264.4642,-4.140303,0 days 00:00:50.560250250,0 days 00:00:50.660250250
0 days 00:00:00.320000,0 days 00:00:00.420000,answer8,1.9342909,-6.8798885,17.983599,0.020430662,-0.015788851,0.16348685,19.081553,-5.201897,-3.8989193,-9.5269165,34.920013,0.029691653,1.1569287,-3.4671593,0.9249306,13.57076,596.30664,1793.8187,8.860917,1623.1442,1389.1813,4.3547754,2380.3696,1215.4056,-5.679341,0 days 00:00:50.570250250,0 days 00:00:50.670250250
0 days 00:00:00.330000,0 days 00:00:00.430000,answer8,1.9934658,-7.7952003,17.068031,0.018396826,-0.018132871,0.16473532,19.499182,-4.1917458,-3.2337635,-10.938724,34.86415,0.023765475,1.1760504,-4.276915,0.17428589,14.994664,597.2072,1763.181,2.5888746,1645.7115,1144.7369,-0.51956296,2602.2253,1050.0513,-13.375287,0 days 00:00:50.580250250,0 days 00:00:50.680250250
0 days 00:00:00.340000,0 days 00:00:00.440000,answer8,2.0418396,-8.6099615,16.459486,0.017362433,-0.02016299,0.17375763,19.730581,-2.5714877,-2.511442,-12.142448,31.065979,0.027087322,1.2965382,-4.44574,4.4016886,16.24996,626.17084,1620.827,-0.9604306,1657.5944,1107.7266,0.042167187,2566.9463,1006.73895,-13.609775,0 days 00:00:50.590250250,0 days 00:00:50.690250250
0 days 00:00:00.350000,0 days 00:00:00.450000,answer8,2.0676477,-9.209996,16.451065,0.018200746,-0.021615425,0.19813502,19.956097,-0.55149454,-1.3308048,-12.565433,27.199585,0.030409165,1.417026,-4.0560555,8.71193,17.153404,596.0682,1663.6525,3.0789382,1676.6774,1112.652,-0.43479213,2631.1104,1135.7963,-12.375962,0 days 00:00:50.600250250,0 days 00:00:50.700250250
0 days 00:00:00.360000,0 days 00:00:00.460000,answer8,2.0693982,-9.704174,16.892538,0.019615376,-0.023301167,0.22994153,20.32239,1.6037283,0.66355604,-12.142555,23.373026,0.030409165,1.417026,-3.6480103,13.730962,20.019636,663.9445,1656.1635,8.555688,1704.4684,1056.4884,-0.09850892,2684.4214,1028.5791,-11.589226,0 days 00:00:50.610250250,0 days 00:00:50.710250250
0 days 00:00:00.370000,0 days 00:00:00.470000,answer8,2.0535183,-10.263715,17.995216,0.02225518,-0.025193388,0.2542213,20.77274,3.7081537,3.378067,-11.279952,23.323914,0.18680082,0.99201965,-3.3277962,15.517625,17.615128,605.2242,1670.8525,13.649097,1700.0331,1014.51544,-2.3342,2768.388,1093.0778,-8.836728,0 days 00:00:50.620250250,0 days 00:00:50.720250250
0 days 00:00:00.380000,0 days 00:00:00.480000,answer8,2.036475,-10.875672,19.148092,0.024489611,-0.027330453,0.26207948,20.982409,5.614315,6.305466,-10.69381,22.813217,0.21847998,1.4412512,-2.9011934,19.466143,16.886036,667.9563,1514.1642,11.533641,1720.0922,957.68866,-2.750452,2764.907,968.8345,-6.4069448,0 days 00:00:50.630250250,0 days 00:00:50.730250250
0 days 00:00:00.390000,0 days 00:00:00.490000,answer8,2.0392911,-11.27021,20.235434,0.027650014,-0.028597588,0.26066992,20.51056,7.2091813,9.004937,-11.052455,26.059408,0.54167694,1.831472,-0.8616716,13.192594,15.553207,730.52783,1373.5328,1.9247013,1757.6764,909.0483,-8.668691,2779.5574,898.5249,-10.973645,0 days 00:00:50.640250250,0 days 00:00:50.740250250
0 days 00:00:00.400000,0 days 00:00:00.500000,answer8,2.0699844,-11.173856,20.417526,0.031180197,-0.028726002,0.24893029,19.203712,8.5410795,11.3096895,-12.454006,29.279047,0.38606396,2.6770465,1.258299,7.0894814,14.358735,843.62726,1331.838,-10.22377,1844.4858,914.3134,-14.889629,2782.6218,765.67096,-16.154467,0 days 00:00:50.650250250,0 days 00:00:50.750250250
0 days 00:00:00.410000,0 days 00:00:00.510000,answer8,2.1116023,-10.579401,19.808249,0.035050843,-0.028278915,0.23304145,17.389343,9.767162,13.409396,-14.2383585,32.9876,0.35516357,2.648383,3.467758,1.3467503,14.516701,864.5571,1303.2401,-18.383455,1875.9752,914.1741,-22.999334,2787.912,740.93976,-24.159788,0 days 00:00:50.660250250,0 days 00:00:50.760250250
0 days 00:00:00.420000,0 days 00:00:00.520000,answer8,2.1360164,-9.733973,18.06178,0.03645151,-0.027878357,0.21450152,15.672481,10.879379,15.437507,-15.386367,32.63299,0.023630748,1.9020648,3.5449693,2.4358218,13.644332,854.264,1344.5294,-19.221155,1891.5717,915.0131,-26.298258,2786.5251,746.5402,-23.569395,0 days 00:00:50.670250250,0 days 00:00:50.770250250
0 days 00:00:00.430000,0 days 00:00:00.530000,answer8,2.1225345,-8.922714,15.776555,0.03705288,-0.028008824,0.20877129,14.463142,11.562526,17.15297,-15.442691,32.425488,0.024784848,1.5469705,2.6290126,0.7309456,11.9263115,785.91473,1340.608,-18.606764,1847.5944,890.4151,-28.589018,2740.6174,806.92535,-24.104574,0 days 00:00:50.680250250,0 days 00:00:50.780250250
0 days 00:00:00.440000,0 days 00:00:00.540000,answer8,2.0627434,-8.271695,13.375051,0.037227385,-0.02793745,0.21168928,13.818805,11.452157,17.963306,-14.721668,28.373976,0.1886304,0.90052944,0.8955353,65.20646,10.710857,743.7322,1369.8431,-11.764035,1824.1431,854.5039,-21.952187,2723.0193,724.62555,-13.369424,0 days 00:00:50.690250250,0 days 00:00:50.790250250
0 days 00:00:00.450000,0 days 00:00:00.550000,answer8,1.9488429,-7.785509,11.17228,0.038323235,-0.027539475,0.21642692,13.5926485,10.562939,17.49924,-13.689252,24.54844,0.19257504,0.97409296,-0.6310497,69.986496,13.95916,710.9287,1513.4248,-4.989307,1821.0778,978.45856,-14.6220255,2641.1604,1233.2451,-8.498874,0 days 00:00:50.700250250,0 days 00:00:50.800250250
0 days 00:00:00.460000,0 days 00:00:00.560000,answer8,1.7756273,-7.456848,9.242719,0.03909969,-0.026493475,0.21385755,13.607034,9.44443,16.027817,-12.367068,20.570185,0.1967367,1.0522064,-2.4608028,73.562706,16.288033,557.4416,1982.9584,4.778467,1460.9814,1378.5519,-3.471199,2362.445,1338.6948,-1.8897591,0 days 00:00:50.710250250,0 days 00:00:50.810250250
0 days 00:00:00.470000,0 days 00:00:00.570000,answer8,1.5516363,-7.3696847,8.493797,0.0367638,-0.02433213,0.20190704,13.745689,8.840951,14.173756,-10.232308,20.376402,0.029552042,2.0182667,-4.4354453,4.5685244,11.137783,588.5698,2019.8751,4.4967613,1476.1514,1420.1367,-0.956712,2380.6716,1337.458,-1.8208092,0 days 00:00:50.720250250,0 days 00:00:50.820250250
0 days 00:00:00.480000,0 days 00:00:00.580000,answer8,1.3133932,-7.6450906,8.942741,0.030822774,-0.02116544,0.17703985,13.933022,9.134574,12.362385,-6.932099,20.294533,0.035710417,2.7426877,-5.784193,0.14059949,5.9049697,613.6151,1939.9049,-63.336147,1427.6782,1434.2681,-64.96387,2358.6768,946.47845,-66.23806,0 days 00:00:50.730250250,0 days 00:00:50.830250250
0 days 00:00:00.490000,0 days 00:00:00.590000,answer8,1.1256685,-8.336524,10.055737,0.022536805,-0.01851851,0.14486216,14.257823,9.894012,10.144568,-3.804581,0.0,0.0,0.0,0.0,0.0,0.0,652.3987,1500.2285,-133.08295,1602.026,1209.9976,-133.86455,2416.3826,961.5713,-132.36896,0 days 00:00:50.740250250,0 days 00:00:50.840250250
0 days 00:00:00.500000,0 days 00:00:00.600000,answer8,1.05905,-9.596696,13.241805,0.016046207,-0.018076353,0.14717738,15.056061,10.049174,5.535003,-3.304877,0.0,0.0,0.0,0.0,0.0,0.0,548.31665,1584.5664,-201.0,1520.0687,1275.622,-201.0,2354.8997,1022.41473,-201.0,0 days 00:00:50.750250250,0 days 00:00:50.850250250
0 days 00:00:00.510000,0 days 00:00:00.610000,answer8,1.1587194,-11.035771,19.017548,0.013891284,-0.019692892,0.209397,16.227716,8.844805,-2.4771726,-6.2121425,0.0,0.0,0.0,0.0,0.0,0.0,427.2185,1532.0028,-135.83257,1399.334,1238.7325,-139.82906,2279.1511,1000.3283,-140.14766,0 days 00:00:50.760250250,0 days 00:00:50.860250250
0 days 00:00:00.520000,0 days 00:00:00.620000,answer8,1.4156914,-12.012616,25.709742,0.016024014,-0.021354197,0.31394354,17.352324,6.478392,-12.985664,-10.866543,20.997608,0.0,0.0,-3.8801699,-0.6193149,15.253227,422.7852,1442.746,-70.6704,1436.807,1075.9248,-78.07638,2391.792,912.4694,-80.0965,0 days 00:00:50.770250250,0 days 00:00:50.870250250
0 days 00:00:00.530000,0 days 00:00:00.630000,answer8,1.7774013,-12.064567,29.78029,0.020797832,-0.021125196,0.3963661,17.81468,3.9341323,-23.093643,-14.967984,21.031418,0.0,0.0,-3.5401907,-0.6233919,13.897305,381.62683,1385.7377,-4.7447906,1425.4838,1063.4247,-15.097945,2489.3376,1030.6338,-18.109884,0 days 00:00:50.780250250,0 days 00:00:50.880250250
0 days 00:00:00.540000,0 days 00:00:00.640000,answer8,2.1743174,-11.314397,30.156647,0.026457965,-0.019495549,0.41504183,17.550257,1.9361328,-30.767822,-17.80013,22.117577,0.0,0.0,-2.007306,-5.9855447,9.108847,464.76602,1670.9132,1.9536911,1479.8163,1023.0666,-10.571601,2684.166,934.1298,-17.6064,0 days 00:00:50.790250250,0 days 00:00:50.890250250
0 days 00:00:00.550000,0 days 00:00:00.650000,answer8,2.5507793,-10.161506,28.707365,0.028278409,-0.016971163,0.39486408,16.790026,0.53710634,-35.653824,-19.68984,26.207376,0.0,0.0,0.68060166,-12.224214,10.378367,616.2601,1703.3265,10.403465,1554.6748,1004.10223,-0.9171645,2817.92,842.4163,-14.519599,0 days 00:00:50.800250250,0 days 00:00:50.900250250
0 days 00:00:00.560000,0 days 00:00:00.660000,answer8,2.8771498,-8.717171,26.735971,0.025764996,-0.014323566,0.39265832,15.779949,-0.67133063,-38.34605,-20.886286,30.239899,0.0,0.0,3.496865,-19.90186,11.157231,807.4968,1631.9489,19.618113,1625.3431,947.87103,9.30025,2796.5957,587.71246,-11.605842,0 days 00:00:50.810250250,0 days 00:00:50.910250250
0 days 00:00:00.570000,0 days 00:00:00.670000,answer8,3.1470191,-7.1931915,24.772211,0.01934641,-0.011545881,0.44561276,14.888382,-1.8964065,-39.53333,-21.504496,33.153088,0.0,0.0,5.115425,-23.861582,13.60605,887.6867,1698.691,21.21499,1611.859,979.2458,15.823364,2804.253,658.13214,-9.1662035,0 days 00:00:50.820250250,0 days 00:00:50.920250250
0 days 00:00:00.580000,0 days 00:00:00.680000,answer8,3.3637135,-5.975058,24.246565,0.018726401,-0.008797304,0.52312654,14.608092,-2.7848244,-39.482407,-21.485605,32.953526,0.0,0.0,4.097695,-25.54867,10.427539,897.38184,1718.7145,20.211332,1602.0801,1010.11346,13.361247,2776.1897,649.1574,-9.905927,0 days 00:00:50.830250250,0 days 00:00:50.930250250
0 days 00:00:00.590000,0 days 00:00:00.690000,answer8,3.5280154,-5.36379,24.922989,0.016102,-0.00658603,0.5731334,15.203949,-2.9594402,-38.220116,-20.910446,32.74181,0.032754313,2.6841722,1.7671643,-23.945993,9.269253,869.6907,1676.0199,16.876766,1553.2158,997.8267,9.670861,2727.2468,665.91235,-11.058146,0 days 00:00:50.840250250,0 days 00:00:50.940250250
0 days 00:00:00.600000,0 days 00:00:00.700000,answer8,3.6338432,-5.4450784,26.08976,0.019826746,-0.0049238377,0.6065963,16.61217,-2.3003151,-35.899265,-20.349718,32.361187,0.022433097,1.8684891,0.08507738,-19.035759,10.678456,802.2334,1465.1162,14.128567,1575.3588,947.4982,9.6183405,2685.8076,531.6535,-9.912786,0 days 00:00:50.850250250,0 days 00:00:50.950250250
0 days 00:00:00.610000,0 days 00:00:00.710000,answer8,3.6739147,-6.2001367,25.866106,0.021832367,-0.0036434105,0.6705465,18.548761,-1.0042278,-32.586277,-20.31005,32.098557,0.0070276964,0.82165426,0.27984872,-7.478762,11.322113,663.14966,1328.7476,9.000368,1513.0563,907.28094,15.352763,2676.9187,594.8352,-5.6779675,0 days 00:00:50.860250250,0 days 00:00:50.960250250
0 days 00:00:00.620000,0 days 00:00:00.720000,answer8,3.6471417,-7.671865,25.832922,0.031069614,-0.0027009246,0.7792864,20.68041,0.54992896,-28.211517,-20.821379,34.76053,0.008116859,0.72554666,1.6215377,-8.034457,15.27832,637.9725,1299.7446,8.685487,1499.1647,876.5756,14.28004,2681.927,583.2974,-12.081757,0 days 00:00:50.870250250,0 days 00:00:50.970250250
0 days 00:00:00.630000,0 days 00:00:00.730000,answer8,3.567238,-9.931933,26.91416,0.03193285,-0.0018843358,0.93523854,23.043653,2.127807,-22.04666,-20.93071,37.655476,0.18503577,0.887084,2.444401,-8.848443,19.845911,672.4158,1142.9668,5.9321365,1516.1318,843.8191,8.030976,2718.8423,567.6919,-22.762217,0 days 00:00:50.880250250,0 days 00:00:50.980250250
0 days 00:00:00.640000,0 days 00:00:00.740000,answer8,3.4963043,-12.922336,29.680475,0.03534084,-0.0018001739,1.1230394,25.063028,2.60227,-14.131317,-20.235344,40.533,0.19389431,1.2393332,2.7615364,-17.144701,24.038443,940.8044,1306.4536,7.4124455,1480.466,1306.9642,2.31195,2781.068,681.4244,-32.367214,0 days 00:00:50.890250250,0 days 00:00:50.990250250
0 days 00:00:00.650000,0 days 00:00:00.750000,answer8,3.5073636,-16.382391,32.76149,0.040826414,-0.0026112199,1.5356518,26.78005,1.7595448,-4.936886,-18.855688,40.12802,0.20511371,1.548977,3.8954494,-4.4915757,22.177805,1076.1268,1280.8633,-7.1169395,1832.3148,1471.7877,-12.792557,3236.0544,985.6624,-34.870525,0 days 00:00:50.900250250,0 days 00:00:51.000250250
0 days 00:00:00.660000,0 days 00:00:00.760000,answer8,3.6363251,-19.725624,35.717228,0.050672457,-0.0042997203,2.0432782,27.772192,-0.07455591,3.4980373,-17.620388,39.680584,0.02902651,1.3477631,5.657858,6.2031674,20.715479,1173.0287,1226.5914,-22.043413,2085.832,1534.2618,-25.36254,3630.7734,1234.5208,-36.11312,0 days 00:00:50.910250250,0 days 00:00:51.010250250
0 days 00:00:00.670000,0 days 00:00:00.770000,answer8,3.8185813,-22.408304,37.748856,0.053710993,-0.006625648,2.3687012,28.38933,-1.9228258,9.823149,-17.338293,39.09529,0.022381475,1.0255507,7.5816646,11.189575,19.579489,1132.8356,1142.7181,-34.545044,2405.794,1187.9071,-43.138454,3923.0017,1330.0049,-41.921696,0 days 00:00:50.920250250,0 days 00:00:51.020250250
0 days 00:00:00.680000,0 days 00:00:00.780000,answer8,3.9392822,-24.206238,38.454426,0.04947784,-0.00933116,2.1710854,28.610327,-3.266285,13.242534,-18.07187,39.05647,0.010962321,1.1683701,9.073173,7.173284,17.193039,1038.6786,1266.2805,-35.200817,2073.7068,1123.574,-40.83514,3443.89,1089.1777,-41.719624,0 days 00:00:50.930250250,0 days 00:00:51.030250250
0 days 00:00:00.690000,0 days 00:00:00.790000,answer8,3.8976107,-25.349703,38.058903,0.042793233,-0.011503267,1.802339,28.741278,-3.894226,14.32529,-19.268091,39.358154,0.0133158015,1.6656507,10.485565,-0.34872627,15.469415,942.20197,1288.4229,-29.382736,1843.4707,1082.3071,-37.65747,2954.4026,919.8526,-43.226734,0 days 00:00:50.940250250,0 days 00:00:51.040250250
0 days 00:00:00.700000,0 days 00:00:00.800000,answer8,3.6630242,-26.1756,37.40872,0.03712304,-0.013270363,1.772232,29.000063,-3.2137153,13.911723,-19.680809,39.911915,0.025468424,1.7825356,11.367642,-2.097276,13.142162,983.9621,1307.2789,-30.46393,1918.0293,1061.754,-37.95769,3082.5605,826.3062,-43.1158,0 days 00:00:50.950250250,0 days 00:00:51.050250250
0 days 00:00:00.710000,0 days 00:00:00.810000,answer8,3.2873313,-26.879553,37.42804,0.031400252,-0.014210372,2.0746632,29.404337,-1.014423,12.679962,-18.674198,40.42143,0.040034305,1.476994,11.60679,-3.1504726,15.882888,1061.078,1198.1703,-33.70872,2129.1848,1120.5328,-40.10738,3365.3528,1315.5992,-44.9193,0 days 00:00:50.960250250,0 days 00:00:51.060250250
0 days 00:00:00.720000,0 days 00:00:00.820000,answer8,2.9051116,-27.339937,38.285763,0.028965622,-0.0154848695,2.176872,29.525383,2.1158834,10.293624,-16.602547,41.030693,0.054378312,1.410524,11.0234785,2.9477093,17.128233,1080.0426,1271.1522,-36.682545,2161.1238,1183.7107,-43.59791,3436.2373,1292.9999,-43.040287,0 days 00:00:50.970250250,0 days 00:00:51.070250250
0 days 00:00:00.730000,0 days 00:00:00.830000,answer8,2.667117,-27.061644,39.745075,0.022634633,-0.016505333,1.8154707,29.499754,5.0719786,6.351316,-14.716449,41.55194,0.046623986,1.1494108,10.755797,8.1090975,19.359297,1004.6628,1267.9894,-36.374172,2028.6425,1181.9957,-42.86642,3174.8066,1436.0333,-42.389164,0 days 00:00:50.980250250,0 days 00:00:51.080250250
0 days 00:00:00.740000,0 days 00:00:00.840000,answer8,2.6451044,-25.495165,41.014904,0.020445136,-0.016413206,1.3005531,28.785887,6.4875197,-0.0913407,-14.383927,41.943928,0.038224373,1.7041606,11.310691,10.067295,19.822002,1007.97394,1306.6925,-34.08484,2021.9224,1236.3584,-43.878647,3057.7751,1763.7198,-43.83955,0 days 00:00:50.990250250,0 days 00:00:51.090250250
0 days 00:00:00.750000,0 days 00:00:00.850000,answer8,2.7856321,-22.728043,41.31343,0.020138232,-0.015285776,0.9644168,27.849869,6.452459,-7.686432,-15.356067,41.98521,0.03636149,2.222614,12.6355505,4.269797,15.910312,1055.5133,1220.399,-34.368156,2119.8381,1280.6674,-45.442352,3199.4426,1874.2832,-46.008667,0 days 00:00:51.000250250,0 days 00:00:51.100250250
0 days 00:00:00.760000,0 days 00:00:00.860000,answer8,2.97956,-19.329096,40.500122,0.022997173,-0.012824832,0.8489123,26.461096,5.6979504,-15.087895,-16.504122,42.00617,0.026882388,2.2648122,12.781189,2.1046207,14.9093895,980.46405,1202.5314,-33.82593,1981.3812,1198.2382,-41.59071,2973.6135,1549.2037,-46.630695,0 days 00:00:51.010250250,0 days 00:00:51.110250250
0 days 00:00:00.770000,0 days 00:00:00.870000,answer8,3.128692,-15.955849,38.5379,0.022852154,-0.010680843,0.7993362,25.177908,5.16276,-20.775574,-16.926775,42.04868,0.022583663,1.7125794,10.934066,3.959182,17.670008,859.138,1184.124,-30.87684,1753.5768,1046.343,-36.458717,2711.8745,737.07025,-44.587666,0 days 00:00:51.020250250,0 days 00:00:51.120250250
0 days 00:00:00.780000,0 days 00:00:00.880000,answer8,3.1920311,-12.859042,35.67607,0.017003385,-0.008696671,0.7526246,23.960073,4.9200635,-24.86616,-16.788082,42.0674,0.010534308,0.9210546,7.627983,1.7900696,17.71244,789.09955,1241.796,-25.787539,1607.9004,914.70624,-28.93252,2562.0173,577.61066,-41.70991,0 days 00:00:51.030250250,0 days 00:00:51.130250250
0 days 00:00:00.790000,0 days 00:00:00.890000,answer8,3.1634877,-10.140109,32.163857,0.011054386,-0.00779937,0.6685624,22.839552,4.6809273,-27.97101,-16.619177,42.03388,0.014778082,0.97255594,4.2688193,-6.5931106,12.581768,620.2202,1426.8197,-22.523544,1514.2645,995.5135,-24.188482,2592.2793,819.3328,-38.59958,0 days 00:00:51.040250250,0 days 00:00:51.140250250
0 days 00:00:00.800000,0 days 00:00:00.900000,answer8,3.0729969,-7.8723245,28.413412,0.009939597,-0.0072024516,0.578718,21.867777,4.365772,-30.407862,-16.527946,38.792614,0.01448677,0.8026255,2.0623343,-18.411434,7.3146877,642.4262,1572.6885,0.0,1505.8395,1026.6895,-8.761725,2754.3816,883.905,-27.804022,0 days 00:00:51.050250250,0 days 00:00:51.150250250
0 days 00:00:00.810000,0 days 00:00:00.910000,answer8,2.9520218,-6.1220756,25.008339,0.012705587,-0.006700322,0.50111556,21.042633,3.9114063,-32.350338,-16.462244,35.49406,0.015409361,0.9082833,0.8554694,-13.6834135,16.083052,654.0236,1605.816,21.70157,1502.305,1060.3595,6.558466,2776.088,949.4422,-16.70202,0 days 00:00:51.060250250,0 days 00:00:51.160250250
0 days 00:00:00.820000,0 days 00:00:00.920000,answer8,2.820034,-4.947373,23.209824,0.019757828,-0.005279455,0.4466413,20.301935,3.2300074,-33.698063,-16.196377,32.245525,0.15485123,0.7634607,-0.14857884,-10.427292,20.904383,796.8491,1538.4889,22.642405,1555.9149,1014.45184,22.237436,2802.155,806.8125,-4.8298798,0 days 00:00:51.070250250,0 days 00:00:51.170250250
0 days 00:00:00.830000,0 days 00:00:00.930000,answer8,2.684426,-4.365799,23.175196,0.023364887,-0.0033501314,0.37937987,19.742651,2.3357816,-34.115383,-15.510093,32.183697,0.15094464,0.49636686,-0.26321548,-5.3185606,23.970545,691.67505,1427.7697,25.359465,1542.0459,972.0433,27.22782,2790.0022,814.9411,-1.7574745,0 days 00:00:51.080250250,0 days 00:00:51.180250250
0 days 00:00:00.840000,0 days 00:00:00.940000,answer8,2.5434575,-4.2854533,24.49938,0.02879556,-0.0022030605,0.30027598,19.591148,1.4892634,-33.68591,-14.893214,32.145027,0.1493285,0.88193387,0.8580913,-6.6859937,18.904682,574.0959,1323.766,25.453226,1490.7308,958.9382,30.397028,2776.9746,901.8448,0.71620744,0 days 00:00:51.090250250,0 days 00:00:51.190250250
0 days 00:00:00.850000,0 days 00:00:00.950000,answer8,2.3899627,-4.5173035,25.14662,0.031973254,-0.0025261662,0.25334525,19.927216,0.9864165,-32.479244,-14.710037,32.118786,0.008270505,1.4123235,3.0408394,-2.087693,18.79055,489.86072,1191.7705,21.591387,1457.7285,944.24884,29.8919,2728.015,901.5307,0.71314543,0 days 00:00:51.100250250,0 days 00:00:51.200250250
0 days 00:00:00.860000,0 days 00:00:00.960000,answer8,2.2128155,-4.8779955,24.718512,0.034587618,-0.0034536405,0.24843574,20.475622,1.15051,-30.740412,-14.977669,32.101437,0.0076701487,1.6242452,4.7146554,0.9679639,17.756235,571.755,1212.0371,19.863428,1492.9702,933.7305,25.343702,2701.8025,796.6337,-2.0909336,0 days 00:00:51.110250250,0 days 00:00:51.210250250
0 days 00:00:00.870000,0 days 00:00:00.970000,answer8,2.0159757,-5.3020363,23.403784,0.03179084,-0.0039860485,0.26865414,20.731684,1.7903147,-28.504425,-15.163617,32.09709,0.0054979916,1.607316,4.6427636,1.6063566,18.064625,675.83606,1351.5244,18.344193,1556.9193,964.2888,19.612295,2704.8992,655.0248,-6.5192986,0 days 00:00:51.120250250,0 days 00:00:51.220250250
0 days 00:00:00.880000,0 days 00:00:00.980000,answer8,1.8243705,-5.7857604,21.160727,0.029497057,-0.0044308417,0.26033068,20.465155,2.5450923,-26.164606,-15.248363,32.102436,0.0031859728,1.1888313,3.0811176,0.14129384,20.100367,654.5499,1404.975,17.087244,1525.7838,1002.1082,15.28552,2677.1018,723.4321,-10.541375,0 days 00:00:51.130250250,0 days 00:00:51.230250250
0 days 00:00:00.890000,0 days 00:00:00.990000,answer8,1.6744709,-6.271339,19.008108,0.02827458,-0.00537481,0.21958144,19.781767,2.9752033,-24.23876,-15.637241,32.172955,0.0031204463,1.3178186,0.21378088,-1.5295054,23.452383,630.4275,1518.8662,10.142867,1494.2432,1075.3477,8.702014,2658.2686,777.08246,-13.527339,0 days 00:00:51.140250250,0 days 00:00:51.240250250
0 days 00:00:00.900000,0 days 00:00:01,answer8,1.5935963,-6.5903664,17.313284,0.029412033,-0.006164398,0.17971933,19.214048,3.084876,-23.172396,-16.089323,32.240993,0.0023362597,1.022996,-1.9977722,-2.2747107,26.017084,599.6013,1597.4194,5.063073,1456.8198,1119.7417,3.8325987,2638.2014,822.9155,-14.862769,0 days 00:00:51.150250250,0 days 00:00:51.250250250
0 days 00:00:00.900000,0 days 00:00:01.000997732,answer8,1.565723,-6.726071,16.970554,0.030255964,-0.006524378,0.15798517,18.913607,3.0477448,-22.81315,-16.470026,32.2982,0.0016919343,1.1297288,-3.204874,-2.3085527,27.417059,690.04047,1742.7046,3.0107548,1508.3192,1154.652,-0.33884168,2653.2234,715.7293,-15.26944,0 days 00:00:51.150250250,0 days 00:00:51.251247982
0 days 00:00:00,0 days 00:00:00.100000,answer9,0.8872116,-7.598992,17.492508,0.0032574951,-0.012693142,0.017550843,13.96839,5.760292,3.149475,-1.015706,0.0,0.0,0.0,0.0,0.0,0.0,836.00604,1501.8218,-201.0,1844.3688,1129.2684,-201.0,2731.2766,731.3509,-201.0,0 days 00:00:58.758758759,0 days 00:00:58.858758759
0 days 00:00:00.010000,0 days 00:00:00.110000,answer9,0.8997841,-7.620335,17.675646,0.005367207,-0.011809207,0.033547606,13.515193,5.673389,3.4148197,-0.887932,0.0,0.0,0.0,0.0,0.0,0.0,699.7326,1515.4537,-201.0,1666.4365,1266.6913,-201.0,2537.3286,921.1003,-201.0,0 days 00:00:58.768758759,0 days 00:00:58.868758759
0 days 00:00:00.020000,0 days 00:00:00.120000,answer9,0.91316766,-7.670601,17.674576,0.007625366,-0.009988494,0.049928993,13.056859,5.569599,3.894968,-0.10071739,0.0,0.0,0.0,0.0,0.0,0.0,556.21075,1501.4064,-201.0,1485.7404,1398.4144,-201.0,2297.1458,1137.6809,-201.0,0 days 00:00:58.778758759,0 days 00:00:58.878758759
0 days 00:00:00.030000,0 days 00:00:00.130000,answer9,0.9196488,-7.633014,17.28171,0.0075805183,-0.0072413706,0.048633028,13.063397,5.2714953,4.0506625,1.564209,0.0,0.0,0.0,0.0,0.0,0.0,430.61386,1510.5746,-201.0,1336.7866,1463.4896,-201.0,2123.901,1234.0785,-201.0,0 days 00:00:58.788758759,0 days 00:00:58.888758759
0 days 00:00:00.040000,0 days 00:00:00.140000,answer9,0.9306616,-7.114076,16.424955,0.0060079335,-0.003848926,0.050933376,13.63454,4.2250824,2.8993092,3.6121101,0.0,0.0,0.0,0.0,0.0,0.0,574.01135,1477.5695,-201.0,1455.3156,1353.9263,-201.0,2261.885,1091.9529,-201.0,0 days 00:00:58.798758759,0 days 00:00:58.898758759
0 days 00:00:00.050000,0 days 00:00:00.150000,answer9,0.9584009,-5.8143497,15.896889,0.002593354,-0.000801286,0.057863817,14.619202,2.1418025,0.25597724,5.681814,0.0,0.0,0.0,0.0,0.0,0.0,581.7345,1586.047,-201.0,1464.8246,1350.0038,-201.0,2333.1702,1037.5107,-201.0,0 days 00:00:58.808758759,0 days 00:00:58.908758759
0 days 00:00:00.060000,0 days 00:00:00.160000,answer9,1.007391,-3.7715838,15.8913765,-0.0011203835,0.0023024178,0.069273286,15.754044,-0.7050581,-2.9608057,7.9050307,0.0,0.0,0.0,0.0,0.0,0.0,756.64655,1599.8403,-201.0,1647.1925,1462.5385,-201.0,2514.6628,997.27344,-201.0,0 days 00:00:58.818758759,0 days 00:00:58.918758759
0 days 00:00:00.070000,0 days 00:00:00.170000,answer9,1.0701042,-1.4593734,16.344263,-0.0038350867,0.0049164644,0.08294481,16.795631,-3.591843,-5.471434,10.48968,0.0,0.0,0.0,0.0,0.0,0.0,787.20575,1597.225,-201.0,1705.7544,1557.8788,-201.0,2559.3694,1022.85333,-201.0,0 days 00:00:58.828758759,0 days 00:00:58.928758759
0 days 00:00:00.080000,0 days 00:00:00.180000,answer9,1.1342492,0.5052077,17.060371,-0.0053919083,0.0069244667,0.08991023,17.630627,-5.9620266,-6.853212,13.18859,0.0,0.0,0.0,0.0,0.0,0.0,944.813,1441.46,-201.0,1807.8531,1533.4247,-201.0,2673.4453,942.4783,-201.0,0 days 00:00:58.838758759,0 days 00:00:58.938758759
0 days 00:00:00.090000,0 days 00:00:00.190000,answer9,1.1897479,1.7826333,17.891136,-0.0048504514,0.00739101,0.08793336,18.227877,-7.7056794,-7.5543227,15.357787,0.0,0.0,0.0,0.0,0.0,0.0,783.0666,1425.085,-201.0,1620.6332,1412.7188,-201.0,2504.7886,1037.1897,-201.0,0 days 00:00:58.848758759,0 days 00:00:58.948758759
0 days 00:00:00.100000,0 days 00:00:00.200000,answer9,1.2315208,2.4395359,18.372122,-0.0031692358,0.006951246,0.085214876,18.548338,-9.0314245,-8.126861,16.570274,0.0,0.0,0.0,0.0,0.0,0.0,587.4401,1501.1471,-201.0,1401.8116,1372.682,-201.0,2288.6672,1182.2291,-201.0,0 days 00:00:58.858758759,0 days 00:00:58.958758759
0 days 00:00:00.110000,0 days 00:00:00.210000,answer9,1.25948,2.7954743,17.898893,-0.0003321621,0.006528918,0.08539611,18.549545,-10.123692,-8.622405,16.972048,0.0,0.0,0.0,0.0,0.0,0.0,374.1172,1748.5001,-201.0,1247.3829,1345.1422,-201.0,2185.2878,1258.4501,-201.0,0 days 00:00:58.868758759,0 days 00:00:58.968758759
0 days 00:00:00.120000,0 days 00:00:00.220000,answer9,1.2764995,3.0868094,17.140566,0.0023223786,0.0067195236,0.094763726,18.324242,-10.848483,-8.498481,17.23905,0.0,0.0,0.0,0.0,0.0,0.0,589.9057,1665.4283,-201.0,1554.8926,1338.8158,-201.0,2707.2349,1462.3184,-201.0,0 days 00:00:58.878758759,0 days 00:00:58.978758759
0 days 00:00:00.130000,0 days 00:00:00.230000,answer9,1.286888,3.170974,16.464144,0.003520893,0.0076334155,0.099042796,18.267756,-10.718675,-7.0206146,18.089033,0.0,0.0,0.0,0.0,0.0,0.0,788.76,1442.2887,-201.0,1823.0917,1352.4877,-201.0,2964.3635,1589.9813,-201.0,0 days 00:00:58.888758759,0 days 00:00:58.988758759
0 days 00:00:00.140000,0 days 00:00:00.240000,answer9,1.2959255,2.487229,15.906151,0.0064792545,0.008099375,0.10962822,18.858902,-9.449092,-4.2779994,19.2978,0.0,0.0,0.0,0.0,0.0,0.0,1022.0161,1090.0099,-201.0,2055.0564,1367.377,-201.0,3070.5046,1589.3717,-201.0,0 days 00:00:58.898758759,0 days 00:00:58.998758759
0 days 00:00:00.150000,0 days 00:00:00.250000,answer9,1.3100177,0.59752303,16.326164,0.010331858,0.0071501844,0.12662847,20.31528,-7.2497444,-1.3477669,19.898521,0.0,0.0,0.0,0.0,0.0,0.0,1013.8213,1076.7992,-201.0,1995.1958,1384.168,-201.0,2769.9187,1247.9425,-201.0,0 days 00:00:58.908758759,0 days 00:00:59.008758759
0 days 00:00:00.160000,0 days 00:00:00.260000,answer9,1.3363942,-2.3079472,18.047777,0.015129354,0.003965941,0.15002,22.34549,-4.6182923,0.49380293,19.14371,0.0,0.0,0.0,0.0,0.0,0.0,1033.5397,1035.9324,-201.0,1995.6466,1323.5559,-201.0,2772.6868,1214.7466,-201.0,0 days 00:00:58.918758759,0 days 00:00:59.018758759
0 days 00:00:00.170000,0 days 00:00:00.270000,answer9,1.3829511,-5.4341187,21.077644,0.016111193,-0.00027380217,0.16693266,24.34684,-1.9183806,0.9135836,17.254477,0.0,0.0,0.0,0.0,0.0,0.0,1126.2461,1236.6627,-201.0,1936.7578,1570.7777,-201.0,2774.9446,1163.0867,-201.0,0 days 00:00:58.928758759,0 days 00:00:59.028758759
0 days 00:00:00.180000,0 days 00:00:00.280000,answer9,1.4614412,-7.9829545,23.874186,0.016285894,-0.004566304,0.18095978,25.891518,0.48865023,0.27967831,14.937206,0.0,0.0,0.0,0.0,0.0,0.0,893.2746,1438.9985,-201.0,1745.9603,1534.5841,-201.0,2684.528,1204.2487,-201.0,0 days 00:00:58.938758759,0 days 00:00:59.038758759
0 days 00:00:00.190000,0 days 00:00:00.290000,answer9,1.5820088,-9.629926,25.279846,0.017024957,-0.007547883,0.20506789,26.875803,2.1232328,-0.8406553,12.742623,0.0,0.0,0.0,0.0,0.0,0.0,676.7602,1658.1459,-134.54341,1502.2617,1611.4154,-142.02325,2406.3586,1157.1299,-140.03474,0 days 00:00:58.948758759,0 days 00:00:59.048758759
0 days 00:00:00.200000,0 days 00:00:00.300000,answer9,1.7433082,-10.52029,25.131266,0.02117143,-0.008803965,0.24678357,27.54928,2.7144928,-1.9762989,11.020393,34.022026,0.0,0.0,2.1342092,13.119242,20.304886,389.37805,1604.6896,-67.62403,1390.6432,1322.7035,-80.35145,2286.6638,1454.3141,-81.16062,0 days 00:00:58.958758759,0 days 00:00:59.058758759
0 days 00:00:00.210000,0 days 00:00:00.310000,answer9,1.9246184,-10.9844055,23.598886,0.024565147,-0.008992755,0.2899872,28.17449,2.4790895,-2.6038678,10.180332,34.070526,0.0,0.0,2.8769581,11.389037,21.148508,401.74463,1471.214,-0.64585686,1384.943,1244.9482,-19.619877,2257.2354,1434.3486,-21.794365,0 days 00:00:58.968758759,0 days 00:00:59.068758759
0 days 00:00:00.220000,0 days 00:00:00.320000,answer9,2.092818,-11.276851,21.589691,0.025811723,-0.008541495,0.3138205,28.861292,1.8644997,-2.3956544,10.4429865,34.105488,0.10192439,2.2687156,4.245396,8.058202,23.601072,396.0885,1389.9381,-0.21135688,1416.9662,1080.2765,-17.674782,2364.8308,1289.3046,-23.81243,0 days 00:00:58.978758759,0 days 00:00:59.078758759
0 days 00:00:00.230000,0 days 00:00:00.330000,answer9,2.2187512,-11.496049,19.91834,0.025128609,-0.008671423,0.30705222,29.571632,1.214351,-1.4401231,11.736045,34.07017,0.07802592,2.0575058,5.630535,6.124538,24.353079,364.88693,1336.9415,-0.19610226,1396.8883,922.3084,-17.347054,2409.9639,937.58014,-24.291899,0 days 00:00:58.988758759,0 days 00:00:59.088758759
0 days 00:00:00.240000,0 days 00:00:00.340000,answer9,2.2928321,-11.662963,18.559818,0.0242162,-0.009537149,0.27878645,30.17058,0.72213656,-0.24284929,13.694808,33.97337,0.034836393,1.3553313,7.0511117,5.858503,25.906992,350.1709,1280.0541,0.0,1360.0713,857.0512,-14.950623,2364.637,837.50244,-25.09758,0 days 00:00:58.998758759,0 days 00:00:59.098758759
0 days 00:00:00.250000,0 days 00:00:00.350000,answer9,2.33026,-11.776047,17.380259,0.024885928,-0.01023208,0.24802117,30.555855,0.45153928,0.5417504,15.780913,33.87784,0.031172464,0.85706854,8.311517,7.401915,24.700743,352.16043,1282.3525,2.963169,1342.2301,886.9848,-12.116962,2352.138,855.95605,-22.53338,0 days 00:00:59.008758759,0 days 00:00:59.108758759
0 days 00:00:00.260000,0 days 00:00:00.360000,answer9,2.3564775,-11.817946,16.281874,0.023772852,-0.01053995,0.2254308,30.74925,0.29624748,0.656812,17.539602,33.792053,0.028174743,0.6449831,9.164247,9.721328,21.931717,367.28635,1277.6395,3.5908616,1343.0983,925.0466,-10.0759115,2319.5325,802.29535,-18.340855,0 days 00:00:59.018758759,0 days 00:00:59.118758759
0 days 00:00:00.270000,0 days 00:00:00.370000,answer9,2.389742,-11.766845,15.301179,0.022040153,-0.009494589,0.20469655,30.827423,0.020731488,0.45758387,18.65548,33.715317,0.022624947,0.7005852,9.576306,11.32893,18.268902,348.89493,1318.7076,4.2966866,1337.1729,944.2469,-9.1234865,2296.0176,802.05304,-13.712696,0 days 00:00:59.028758759,0 days 00:00:59.128758759
0 days 00:00:00.280000,0 days 00:00:00.380000,answer9,2.4307146,-11.623309,14.606358,0.020779384,-0.009039649,0.18658979,30.858484,-0.5296196,0.5960157,18.888006,33.652298,0.011723922,0.75968164,9.989285,11.601505,16.451063,337.3243,1286.2946,0.0,1340.8441,871.8903,-9.156436,2275.3376,665.478,-11.621976,0 days 00:00:59.038758759,0 days 00:00:59.138758759
0 days 00:00:00.290000,0 days 00:00:00.390000,answer9,2.4708607,-11.3927355,14.197598,0.022799172,-0.0084159635,0.1796592,30.827425,-1.3077301,1.4358805,18.034548,33.61221,0.0062213554,0.51425904,10.298023,10.876083,14.946963,352.15994,1339.7761,4.2297306,1378.2555,950.237,-10.304563,2332.757,704.77997,-10.435394,0 days 00:00:59.048758759,0 days 00:00:59.148758759
0 days 00:00:00.300000,0 days 00:00:00.400000,answer9,2.5021868,-11.0508375,14.267312,0.026808279,-0.008874879,0.19440691,30.717123,-2.1896796,2.7706826,16.305435,33.58627,0.0045810435,0.30637905,10.458294,9.953576,13.787944,383.79257,1370.0253,3.9123495,1425.8746,1010.22076,-11.2622595,2398.8281,732.04974,-9.875594,0 days 00:00:59.058758759,0 days 00:00:59.158758759
0 days 00:00:00.310000,0 days 00:00:00.410000,answer9,2.5191002,-10.551555,15.482739,0.026887946,-0.008888484,0.23108792,30.560106,-3.04231,4.0752683,14.456623,33.567764,0.00432839,0.56482077,10.366593,9.079987,13.221947,399.8492,1424.254,3.174647,1459.2445,1073.9098,-11.479148,2459.7964,767.32,-10.047299,0 days 00:00:59.068758759,0 days 00:00:59.168758759
0 days 00:00:00.320000,0 days 00:00:00.420000,answer9,2.5227687,-9.892244,17.955,0.022934794,-0.009198956,0.27568984,30.2811,-3.675603,4.8245335,13.209903,33.54401,0.0045076,0.59020644,10.034358,8.032056,13.26604,400.68527,1387.54,2.1427739,1435.4288,1079.2369,-13.890592,2374.4316,954.9554,-11.123267,0 days 00:00:59.078758759,0 days 00:00:59.178758759
0 days 00:00:00.330000,0 days 00:00:00.430000,answer9,2.5234792,-9.181794,21.284082,0.020833274,-0.009733526,0.3157095,29.838514,-3.9186535,4.836963,12.712962,33.509007,0.004715668,0.568309,9.690517,6.4877524,13.746135,404.0459,1310.015,0.521727,1422.5137,1007.1802,-15.991939,2369.3782,961.5015,-13.224407,0 days 00:00:59.088758759,0 days 00:00:59.188758759
0 days 00:00:00.340000,0 days 00:00:00.440000,answer9,2.5476046,-8.627313,24.822235,0.020825632,-0.0099425465,0.3241124,29.412394,-3.6632407,4.484737,12.527661,33.46349,0.004133624,0.25852346,9.2352705,4.099542,10.729161,413.5007,1315.2651,-1.9956318,1426.0127,1087.3003,-15.567581,2258.5393,1291.5773,-12.7247925,0 days 00:00:59.098758759,0 days 00:00:59.198758759
0 days 00:00:00.350000,0 days 00:00:00.450000,answer9,2.6223323,-8.417415,27.247194,0.023622105,-0.009960727,0.36893973,29.181364,-3.019204,4.33188,12.36506,33.41265,0.0032353678,0.3683637,8.847217,0.5702316,10.561608,416.46265,1247.4565,-5.5423226,1447.349,957.7253,-11.8430605,2353.53,1125.9337,-16.103931,0 days 00:00:59.108758759,0 days 00:00:59.208758759
0 days 00:00:00.360000,0 days 00:00:00.460000,answer9,2.7495582,-8.625511,28.84867,0.025448887,-0.00994689,0.42693198,29.127121,-2.2159913,4.718483,12.51691,33.364086,0.0036860171,0.42705107,8.615926,-2.8005161,8.609746,426.3384,1348.1244,-8.699505,1488.4388,1060.1713,-8.354983,2314.1416,2022.5084,-17.30925,0 days 00:00:59.118758759,0 days 00:00:59.218758759
0 days 00:00:00.370000,0 days 00:00:00.470000,answer9,2.9013593,-9.180764,29.249504,0.02798225,-0.010525704,0.50157285,28.969126,-1.4984835,5.490255,13.379455,33.31485,0.0057903393,0.4504285,8.665771,-3.8974075,13.360126,428.9501,1432.191,-9.492679,1517.1,1011.51953,-7.677273,2487.6257,1711.5707,-22.852804,0 days 00:00:59.128758759,0 days 00:00:59.228758759
0 days 00:00:00.380000,0 days 00:00:00.480000,answer9,3.0319684,-9.965789,29.243402,0.033080015,-0.011009879,0.5149905,28.484018,-0.83642507,6.419557,14.799347,33.25524,0.006025094,0.6471954,9.016627,-1.5882846,16.797483,415.77213,1465.3735,-7.272938,1504.6693,1026.8981,-7.5112863,2447.8865,1708.0658,-24.070421,0 days 00:00:59.138758759,0 days 00:00:59.238758759
0 days 00:00:00.390000,0 days 00:00:00.490000,answer9,3.1049898,-10.899544,28.870867,0.03444534,-0.011078612,0.51518434,27.700394,0.08714354,7.490063,15.966991,33.173798,0.0047302027,0.6436041,9.402299,2.5259728,22.898706,396.0005,1384.7828,-3.9511623,1466.1396,918.201,-8.035554,2492.5715,822.61566,-26.84987,0 days 00:00:59.148758759,0 days 00:00:59.248758759
0 days 00:00:00.400000,0 days 00:00:00.500000,answer9,3.105113,-11.9703455,28.66276,0.0378745,-0.011547965,0.5388596,26.71283,1.6248856,8.719878,15.939786,33.07085,0.0034718374,0.8636839,9.584126,6.018106,25.68091,373.7404,1225.092,-1.5808734,1419.3639,789.2962,-9.078454,2408.4727,795.8371,-27.261786,0 days 00:00:59.158758759,0 days 00:00:59.258758759
0 days 00:00:00.410000,0 days 00:00:00.510000,answer9,3.0372765,-13.17934,28.747713,0.036347073,-0.012827857,0.58821124,25.685844,3.9347265,9.944847,14.437154,32.96256,0.0041905544,0.7161217,9.468287,7.464907,26.042854,388.02222,1282.9717,-0.99475783,1449.5052,811.4087,-10.734441,2432.0007,734.6951,-27.037613,0 days 00:00:59.168758759,0 days 00:00:59.268758759
0 days 00:00:00.420000,0 days 00:00:00.520000,answer9,2.915083,-14.462995,29.076757,0.03411502,-0.014779483,0.6126755,24.655716,6.931398,10.815528,11.787824,32.794865,0.005782351,0.84446377,9.065941,7.0721154,24.793627,390.79892,1231.3801,-2.003773,1451.5358,781.5574,-16.703669,2419.326,720.33124,-26.7974,0 days 00:00:59.178758759,0 days 00:00:59.278758759
0 days 00:00:00.430000,0 days 00:00:00.530000,answer9,2.7447472,-15.659793,29.173166,0.029612215,-0.016422264,0.589544,23.584818,10.28827,11.0585165,8.689874,32.52748,0.006299086,0.60921925,8.51541,5.479109,25.706831,454.49304,1337.4147,-4.826645,1511.1211,832.2874,-21.82961,2469.7307,665.34375,-29.388414,0 days 00:00:59.188758759,0 days 00:00:59.288758759
0 days 00:00:00.440000,0 days 00:00:00.540000,answer9,2.5255668,-16.543024,29.201538,0.026359918,-0.018182218,0.5715227,22.36036,13.509267,10.729211,5.739467,32.24517,0.008252072,0.50897026,8.077045,4.0536685,28.576157,526.1282,1407.8522,-6.753492,1561.4058,882.949,-26.552078,2527.5837,645.2761,-33.14433,0 days 00:00:59.198758759,0 days 00:00:59.298758759
0 days 00:00:00.450000,0 days 00:00:00.550000,answer9,2.2724712,-16.800528,28.896362,0.023256332,-0.01887427,0.5783915,20.895697,15.855433,9.857924,3.1341689,32.019165,0.009723546,0.52656734,7.5185943,3.2332325,30.239786,536.9832,1463.2233,-6.3263073,1578.5225,951.28467,-27.411776,2560.6304,627.7948,-34.38077,0 days 00:00:59.208758759,0 days 00:00:59.308758759
0 days 00:00:00.460000,0 days 00:00:00.560000,answer9,2.0316505,-16.038527,27.976896,0.01904552,-0.01802587,0.5748272,19.25248,16.341257,8.190645,0.7804366,31.95505,0.015001555,0.5010197,6.696075,2.9641533,30.476812,488.26855,1414.3414,-5.021121,1539.1598,1050.6405,-26.807775,2532.451,1062.4657,-33.290142,0 days 00:00:59.218758759,0 days 00:00:59.318758759
0 days 00:00:00.470000,0 days 00:00:00.570000,answer9,1.8556086,-14.153397,26.805992,0.013233754,-0.015873807,0.4904178,17.674425,14.507358,5.3946786,-1.5237628,31.515503,0.015477654,0.43901703,5.2089767,6.355133,27.83639,411.19193,1315.2516,0.0,1445.8258,1118.5674,-26.004488,2373.0603,1292.059,-28.973694,0 days 00:00:59.228758759,0 days 00:00:59.328758759
0 days 00:00:00.480000,0 days 00:00:00.580000,answer9,1.7634171,-11.52159,25.311586,0.013321954,-0.013744716,0.37241852,16.37216,10.905498,1.641167,-3.5327132,31.542625,0.015095341,0.688467,3.9621642,3.406072,24.864777,487.28577,1456.3854,1.0966218,1461.443,1217.3164,-23.729645,2341.3596,1367.335,-26.541021,0 days 00:00:59.238758759,0 days 00:00:59.338758759
0 days 00:00:00.490000,0 days 00:00:00.590000,answer9,1.730745,-8.864262,24.042343,0.017024266,-0.012684569,0.26425153,15.308658,7.1279273,-2.4437306,-4.70649,31.601465,0.015136093,1.553976,3.1997652,-0.13894653,20.17037,444.0348,1604.5176,1.0966218,1445.2269,1191.2362,-21.768404,2409.4404,984.0313,-23.000872,0 days 00:00:59.248758759,0 days 00:00:59.348758759
0 days 00:00:00.500000,0 days 00:00:00.600000,answer9,1.7284454,-6.73572,22.528946,0.022843918,-0.012086391,0.20144443,14.106774,4.722334,-6.3577194,-4.6849866,32.132732,0.018538445,2.3902943,2.7701213,-6.9629,16.809298,392.18954,1725.6351,0.0,1439.9469,1118.3741,-18.894482,2554.2317,812.63477,-20.630857,0 days 00:00:59.258758759,0 days 00:00:59.358758759
0 days 00:00:00.510000,0 days 00:00:00.610000,answer9,1.7499232,-5.2842374,20.876661,0.022403697,-0.012386762,0.16152371,12.307542,4.3409467,-9.701793,-3.6291971,32.26282,0.025336877,2.439722,1.7706217,-6.5911994,17.052603,284.6212,1694.5724,0.0,1389.5186,1060.6979,-16.474707,2612.414,771.4626,-18.386744,0 days 00:00:59.268758759,0 days 00:00:59.368758759
0 days 00:00:00.520000,0 days 00:00:00.620000,answer9,1.8008398,-4.333113,18.864151,0.018532613,-0.013317335,0.14100498,9.760295,5.4548774,-11.780667,-2.063698,32.386406,0.024917454,2.124108,-0.27188125,-5.2766595,17.687206,325.3079,1573.539,3.7360616,1392.8047,1036.3319,-14.773682,2589.4854,806.53937,-15.872925,0 days 00:00:59.278758759,0 days 00:00:59.378758759
0 days 00:00:00.530000,0 days 00:00:00.630000,answer9,1.8728548,-3.5663688,16.493011,0.016203713,-0.014559313,0.13192217,6.7841563,7.033466,-12.069248,-0.51274127,32.437157,0.025913317,1.7671353,-1.4159322,-4.3259172,18.929094,404.2256,1498.5347,-64.50929,1455.9681,1045.089,-76.44395,2638.0334,770.5352,-77.128685,0 days 00:00:59.288758759,0 days 00:00:59.388758759
0 days 00:00:00.540000,0 days 00:00:00.640000,answer9,1.9395515,-2.7729642,13.650008,0.017710036,-0.015167574,0.12394116,3.925225,8.334122,-10.766961,0.5773873,0.0,0.0,0.0,0.0,0.0,0.0,441.3076,1399.546,-132.51201,1466.9042,1118.1332,-138.29485,2462.8796,966.0659,-138.47186,0 days 00:00:59.298758759,0 days 00:00:59.398758759
0 days 00:00:00.550000,0 days 00:00:00.650000,answer9,1.9736408,-1.9971628,10.542987,0.021415422,-0.015321713,0.117593385,1.6173738,9.33993,-8.774594,0.9389141,0.0,0.0,0.0,0.0,0.0,0.0,456.35764,1401.4396,-201.0,1465.5336,1232.1885,-201.0,2346.2112,1141.4757,-201.0,0 days 00:00:59.308758759,0 days 00:00:59.408758759
0 days 00:00:00.560000,0 days 00:00:00.660000,answer9,1.9674612,-1.5113573,7.756546,0.02395265,-0.015241765,0.11534526,0.2092097,10.466333,-6.6563897,0.7954233,0.0,0.0,0.0,0.0,0.0,0.0,437.41037,1335.3339,-201.0,1412.1007,1272.897,-201.0,2144.8645,1346.0331,-201.0,0 days 00:00:59.318758759,0 days 00:00:59.418758759
0 days 00:00:00.570000,0 days 00:00:00.670000,answer9,1.935599,-1.6022497,6.4987435,0.024397105,-0.0149563365,0.11993755,0.0017113686,12.099011,-4.287138,0.9039709,0.0,0.0,0.0,0.0,0.0,0.0,592.64014,1438.4087,-201.0,1487.4432,1209.9572,-201.0,2355.9949,1115.6399,-201.0,0 days 00:00:59.328758759,0 days 00:00:59.428758759
0 days 00:00:00.580000,0 days 00:00:00.680000,answer9,1.9018625,-2.48153,7.116472,0.023377186,-0.015060029,0.13432163,1.0933164,14.273227,-1.4538904,1.8313919,0.0,0.0,0.0,0.0,0.0,0.0,775.0237,1575.0573,-201.0,1555.9313,1157.1866,-201.0,2520.698,914.65643,-201.0,0 days 00:00:59.338758759,0 days 00:00:59.438758759
0 days 00:00:00.590000,0 days 00:00:00.690000,answer9,1.8769363,-4.1339536,9.548877,0.023493627,-0.014606181,0.15305546,3.1586437,16.56827,1.5851812,3.2393162,0.0,0.0,0.0,0.0,0.0,0.0,697.6235,1880.8789,-201.0,1592.0363,1125.8318,-201.0,2701.856,772.87103,-201.0,0 days 00:00:59.348758759,0 days 00:00:59.448758759
0 days 00:00:00.600000,0 days 00:00:00.700000,answer9,1.8552457,-6.3949637,12.84022,0.022983218,-0.0137238195,0.17416422,5.7327056,18.559858,4.360213,4.3349047,0.0,0.0,0.0,0.0,0.0,0.0,530.9025,1777.5433,-201.0,1500.7152,1134.6691,-201.0,2518.5703,903.67316,-201.0,0 days 00:00:59.358758759,0 days 00:00:59.458758759
0 days 00:00:00.610000,0 days 00:00:00.710000,answer9,1.828564,-8.886738,16.308817,0.024069002,-0.012757551,0.1925565,8.425194,19.949266,6.402254,4.714231,0.0,0.0,0.0,0.0,0.0,0.0,333.8953,1609.021,-201.0,1421.9204,1129.8159,-201.0,2322.5574,1066.8519,-201.0,0 days 00:00:59.368758759,0 days 00:00:59.468758759
0 days 00:00:00.620000,0 days 00:00:00.720000,answer9,1.8027037,-11.129329,19.148718,0.02381994,-0.012444645,0.2101131,11.025769,20.644175,7.4934025,4.733913,0.0,0.0,0.0,0.0,0.0,0.0,393.95663,1276.8545,-201.0,1406.641,1021.99554,-201.0,2275.9268,1083.7311,-201.0,0 days 00:00:59.378758759,0 days 00:00:59.478758759
0 days 00:00:00.630000,0 days 00:00:00.730000,answer9,1.7924417,-12.65316,21.065859,0.023868917,-0.011781034,0.21928684,13.315692,20.622833,7.433865,4.779133,12.704954,0.0,0.0,-4.815649,0.0,0.0,479.47363,1438.5885,-135.09181,1485.9727,975.5899,-134.59555,2449.158,933.8884,-136.47145,0 days 00:00:59.388758759,0 days 00:00:59.488758759
0 days 00:00:00.640000,0 days 00:00:00.740000,answer9,1.803978,-13.251727,22.026175,0.024404472,-0.01001339,0.22008045,15.084659,19.964014,6.236202,5.042147,12.695607,0.0,0.0,-4.376142,-11.431768,15.045039,557.2647,1701.5258,-68.09626,1539.765,940.3215,-67.402145,2625.665,742.5227,-71.70833,0 days 00:00:59.398758759,0 days 00:00:59.498758759
0 days 00:00:00.650000,0 days 00:00:00.750000,answer9,1.8298475,-13.007524,22.175665,0.026605383,-0.0076954197,0.21208793,16.244411,18.788626,4.0465455,5.355039,14.536159,0.0,0.0,-3.3500168,-6.3518867,18.790937,568.55774,1989.5303,2.7145138,1553.6519,1030.4757,-6.596247e-06,2645.1682,690.08185,-6.4073696,0 days 00:00:59.408758759,0 days 00:00:59.508758759
0 days 00:00:00.660000,0 days 00:00:00.760000,answer9,1.8559119,-12.170377,22.105112,0.028360777,-0.0060648285,0.20430636,16.812704,17.26507,1.2598567,5.34438,20.444185,0.0,0.0,-1.61459,-0.23249976,24.024416,619.7912,1897.3408,-2.1739511,1572.124,1122.0326,-5.7930055,2593.0142,873.1489,-14.637803,0 days 00:00:59.418758759,0 days 00:00:59.518758759
0 days 00:00:00.670000,0 days 00:00:00.770000,answer9,1.8738877,-11.078206,22.080666,0.026851365,-0.004996901,0.199142,16.934038,15.704002,-1.445346,4.7743196,26.396368,0.0,0.0,0.4161491,6.7330074,28.898003,562.033,1980.5629,-5.0241528,1519.4161,1143.0542,-11.611857,2542.693,882.9432,-22.306046,0 days 00:00:59.428758759,0 days 00:00:59.528758759
0 days 00:00:00.680000,0 days 00:00:00.780000,answer9,1.8858789,-10.1975355,22.804964,0.024654375,-0.004154482,0.20352967,16.867159,14.41301,-3.277036,4.0462484,30.552824,0.0,1.4772271,2.221104,8.473934,28.26236,548.0203,1790.2472,-9.05941,1458.4629,1139.6487,-16.354856,2492.9302,877.9504,-28.956758,0 days 00:00:59.438758759,0 days 00:00:59.538758759
0 days 00:00:00.690000,0 days 00:00:00.790000,answer9,1.9036207,-9.976865,24.10514,0.025881143,-0.0038433752,0.21683733,16.92034,13.444945,-3.6588879,4.251407,30.589025,0.0727626,1.6097598,1.7274213,8.243426,27.026175,354.11194,1912.6489,-4.6186976,1335.163,1088.4045,-13.459352,2500.0942,731.6618,-27.92511,0 days 00:00:59.448758759,0 days 00:00:59.548758759
0 days 00:00:00.700000,0 days 00:00:00.800000,answer9,1.9454622,-10.447824,25.804663,0.02932364,-0.0036411947,0.23168856,17.22104,12.63713,-2.2930539,6.083351,30.673119,0.07764844,1.5193411,-0.019884905,8.443786,24.260218,540.8338,2134.7625,0.0,1302.0226,1131.3113,-11.22318,2509.8555,774.3711,-25.669394,0 days 00:00:59.458758759,0 days 00:00:59.558758759
0 days 00:00:00.710000,0 days 00:00:00.810000,answer9,2.030451,-11.169019,26.690948,0.034039106,-0.004046896,0.27598137,17.664919,12.045825,0.81692773,8.809436,30.754553,0.06500127,1.3138202,-1.7876949,8.690326,24.814478,811.13885,2177.8806,-13.201019,1488.4318,1386.7001,-15.501491,2609.0583,824.48535,-26.109613,0 days 00:00:59.468758759,0 days 00:00:59.568758759
0 days 00:00:00.720000,0 days 00:00:00.820000,answer9,2.1665287,-11.618009,26.15154,0.035897505,-0.004849449,0.33268425,18.041441,11.901848,5.1261315,10.72522,30.801477,0.05407503,1.0047752,-1.419746,9.36016,24.133835,757.0208,2147.4417,-13.201019,1522.2811,1343.6837,-16.119164,2606.4265,938.102,-24.481155,0 days 00:00:59.478758759,0 days 00:00:59.578758759
0 days 00:00:00.730000,0 days 00:00:00.830000,answer9,2.335512,-11.70577,24.830038,0.038023014,-0.005972663,0.3879652,18.256332,12.410117,9.697544,10.73931,30.791664,0.030831732,1.7376283,1.0851289,9.18976,25.65378,530.3392,1587.6548,0.0,1568.3002,1185.4717,-17.896158,2583.7976,915.9273,-24.819403,0 days 00:00:59.488758759,0 days 00:00:59.588758759
0 days 00:00:00.740000,0 days 00:00:00.840000,answer9,2.4963276,-11.704083,23.550516,0.03970421,-0.0074349977,0.3850263,18.35855,13.370892,13.536225,9.241061,30.699373,0.053579,1.9091291,3.6961768,8.327136,26.336319,288.43338,1595.4945,-1.5770198,1477.1161,889.4751,-15.612011,2541.7346,849.6784,-24.627642,0 days 00:00:59.498758759,0 days 00:00:59.598758759
0 days 00:00:00.750000,0 days 00:00:00.850000,answer9,2.6012762,-11.931081,22.88537,0.040155783,-0.008959098,0.3282363,18.469349,14.443879,16.04782,7.3821316,30.45427,0.07378578,1.6027617,5.3185062,6.7307644,26.379251,390.35095,1357.1344,-0.065029144,1508.2357,754.6364,-15.584807,2548.7805,741.01245,-24.050148,0 days 00:00:59.508758759,0 days 00:00:59.608758759
0 days 00:00:00.760000,0 days 00:00:00.860000,answer9,2.621514,-12.47964,22.455492,0.04105099,-0.011019836,0.26695117,18.596088,15.469371,17.108557,5.9455733,30.200933,0.07360852,1.2006923,6.2736363,4.6146317,22.203476,421.2872,1393.0885,-0.48346725,1567.3804,1362.418,-13.972911,2287.9482,859.0892,-19.616861,0 days 00:00:59.518758759,0 days 00:00:59.618758759
0 days 00:00:00.770000,0 days 00:00:00.870000,answer9,2.5569084,-13.24249,22.23265,0.038670782,-0.012764764,0.26565513,18.452036,16.631704,16.969442,5.091549,30.037409,0.04297473,0.7966134,7.3094926,2.3030503,20.829582,410.03598,1252.6482,1.6735228,1558.6206,1317.5546,-11.659495,2270.628,895.6202,-18.397558,0 days 00:00:59.528758759,0 days 00:00:59.628758759
0 days 00:00:00.780000,0 days 00:00:00.880000,answer9,2.4332268,-13.954129,22.382895,0.039087158,-0.014444171,0.31185436,17.63756,18.238192,16.088999,4.5106654,30.044764,0.01944808,1.4809833,7.7601757,0.61188936,20.535774,471.89243,1386.1696,0.868088,1617.6666,1406.225,-12.777485,2304.9717,850.3962,-19.0558,0 days 00:00:59.538758759,0 days 00:00:59.638758759
0 days 00:00:00.790000,0 days 00:00:00.890000,answer9,2.287874,-14.283063,22.851976,0.037308473,-0.016130244,0.35685563,15.964187,20.359732,14.846908,3.8438015,30.068716,0.016212784,1.3109927,7.134989,0.014924605,22.312807,468.37753,1373.4526,-0.024248758,1571.6532,1165.5162,-16.122583,2349.297,872.01495,-22.32213,0 days 00:00:59.548758759,0 days 00:00:59.648758759
0 days 00:00:00.800000,0 days 00:00:00.900000,answer9,2.1579175,-13.952516,22.592522,0.03650623,-0.017150844,0.3526996,13.598662,22.691206,13.449388,2.6483471,30.003195,0.011488265,1.2816497,5.885692,-0.016494194,23.754257,485.53125,1438.1309,-1.8771712,1598.6327,1167.3322,-19.853,2384.4656,807.4136,-25.647924,0 days 00:00:59.558758759,0 days 00:00:59.658758759
0 days 00:00:00.810000,0 days 00:00:00.910000,answer9,2.0756133,-12.701705,19.938044,0.032391474,-0.01678808,0.32932937,10.769053,24.581839,11.987367,0.3397561,29.817894,0.005601444,0.7864165,4.4885902,-3.635233,19.008715,544.5574,1428.1364,-8.596531,1624.334,1163.6447,-23.449793,2412.5803,788.02515,-26.391565,0 days 00:00:59.568758759,0 days 00:00:59.668758759
0 days 00:00:00.820000,0 days 00:00:00.920000,answer9,2.059666,-10.421958,15.625373,0.028468197,-0.015665283,0.3015569,7.599743,25.434128,10.361989,-3.5091257,29.65306,0.0063150204,0.6213226,3.411204,-2.439023,22.193346,511.22525,1564.9095,-8.385234,1552.7914,1120.0293,-24.407873,2475.839,836.6069,-29.443884,0 days 00:00:59.578758759,0 days 00:00:59.678758759
0 days 00:00:00.830000,0 days 00:00:00.930000,answer9,2.1030083,-7.341562,10.5399885,0.028992265,-0.014609066,0.2775658,4.157379,24.955877,8.560628,-8.209035,29.649277,0.019073954,0.76189476,2.4567976,-0.3543291,22.617647,477.17545,1584.4736,-5.9500847,1422.659,1281.8048,-23.129799,2304.9744,977.8945,-27.484169,0 days 00:00:59.588758759,0 days 00:00:59.688758759
0 days 00:00:00.840000,0 days 00:00:00.940000,answer9,2.1744845,-4.1914287,6.214066,0.03202032,-0.013736068,0.2439388,0.7507401,23.696325,6.917774,-12.121579,29.870714,0.036354903,0.8493704,0.6507072,5.4031043,24.701698,553.149,1581.2587,-2.944333,1475.5283,1436.7314,-20.215557,2304.1116,1034.0807,-21.529657,0 days 00:00:59.598758759,0 days 00:00:59.698758759
0 days 00:00:00.850000,0 days 00:00:00.950000,answer9,2.240921,-1.8402572,3.196502,0.03591669,-0.013029959,0.21058954,-2.1892955,22.681093,6.0777106,-13.471244,30.019247,0.04973571,1.1759758,-0.33667284,6.1918664,23.023834,820.3364,1485.3798,-69.42379,1731.0841,1223.6475,-79.35802,2585.6355,808.9182,-78.65664,0 days 00:00:59.608758759,0 days 00:00:59.708758759
0 days 00:00:00.860000,0 days 00:00:00.960000,answer9,2.2856247,-0.6449357,2.2128243,0.03624483,-0.012823713,0.1778843,-4.4657474,22.399801,6.1477923,-12.047913,0.0,0.0,0.0,0.0,0.0,0.0,1001.38617,1588.2894,-137.53273,1909.3082,1325.3358,-139.88406,2720.0146,963.74854,-136.91165,0 days 00:00:59.618758759,0 days 00:00:59.718758759
0 days 00:00:00.870000,0 days 00:00:00.970000,answer9,2.3135064,-0.27826616,3.0438068,0.035688173,-0.013285395,0.15473907,-6.138634,22.456182,6.5566697,-9.062966,0.0,0.0,0.0,0.0,0.0,0.0,975.43164,1655.4116,-201.0,1857.4865,1356.1279,-201.0,2635.757,1147.4229,-201.0,0 days 00:00:59.628758759,0 days 00:00:59.728758759
0 days 00:00:00.880000,0 days 00:00:00.980000,answer9,2.3410137,-0.0075466535,4.11027,0.035672095,-0.013441708,0.14355429,-7.4131217,21.960373,6.5332475,-6.4337945,0.0,0.0,0.0,0.0,0.0,0.0,724.6668,2680.7703,-201.0,1628.7559,1499.0511,-201.0,2416.3582,1383.0654,-201.0,0 days 00:00:59.638758759,0 days 00:00:59.738758759
0 days 00:00:00.890000,0 days 00:00:00.990000,answer9,2.3806381,0.66594446,3.7249298,0.034655217,-0.012832706,0.14172788,-8.352801,20.584106,5.9837685,-5.284572,0.0,0.0,0.0,0.0,0.0,0.0,715.7495,2618.8264,-201.0,1597.1807,1427.4053,-201.0,2371.407,1305.5444,-201.0,0 days 00:00:59.648758759,0 days 00:00:59.748758759
0 days 00:00:00.900000,0 days 00:00:01,answer9,2.4136388,1.3212007,2.9578402,0.034513142,-0.012148164,0.14576294,-8.869681,19.33883,5.436693,-5.1781354,0.0,0.0,0.0,0.0,0.0,0.0,715.4607,2610.714,-201.0,1583.6876,1418.4082,-201.0,2363.0544,1288.6593,-201.0,0 days 00:00:59.658758759,0 days 00:00:59.758758759
0 days 00:00:00.900000,0 days 00:00:01.000997732,answer9,2.4325812,1.7442278,2.0574489,0.033760343,-0.011660699,0.14723217,-9.081782,18.596872,5.1557126,-5.409632,0.0,0.0,0.0,0.0,0.0,0.0,883.03076,1598.5387,-201.0,1700.2946,1338.1975,-201.0,2435.3179,1244.7173,-201.0,0 days 00:00:59.658758759,0 days 00:00:59.759756491
0 days 00:00:00,0 days 00:00:00.100000,answer10,1.9221472,-2.2033577,12.745336,0.027964553,-0.0047886316,0.040913787,10.461642,-3.9359963,-10.660426,-2.5842502,0.0,0.0,0.0,0.0,0.0,0.0,306.49142,1698.4398,-201.0,1214.0503,1407.1901,-201.0,2000.0317,1118.0586,-201.0,0 days 00:01:07.067067066,0 days 00:01:07.167067066
0 days 00:00:00.010000,0 days 00:00:00.110000,answer10,1.8577489,-2.3947523,12.33109,0.027594948,-0.005113501,0.080818616,10.701726,-3.4106033,-9.641337,-2.8403752,0.0,0.0,0.0,0.0,0.0,0.0,529.08905,1626.6484,-201.0,1391.8116,1340.295,-201.0,2250.0234,986.32,-201.0,0 days 00:01:07.077067066,0 days 00:01:07.177067066
0 days 00:00:00.020000,0 days 00:00:00.120000,answer10,1.7755742,-2.7476466,11.809331,0.028138896,-0.005846949,0.13125841,11.470235,-2.3629282,-7.846789,-3.2253487,0.0,0.0,0.0,0.0,0.0,0.0,561.9432,1550.2968,-201.0,1423.2457,1322.8209,-201.0,2273.7449,1017.6299,-201.0,0 days 00:01:07.087067066,0 days 00:01:07.187067066
0 days 00:00:00.030000,0 days 00:00:00.130000,answer10,1.7663894,-3.485651,12.605655,0.029327301,-0.0064457986,0.1676581,12.784661,-0.94203705,-6.1863112,-4.2927585,0.0,0.0,0.0,0.0,0.0,0.0,810.07355,1565.4663,-201.0,1544.9542,1390.8112,-201.0,2504.3281,906.92,-201.0,0 days 00:01:07.097067066,0 days 00:01:07.197067066
0 days 00:00:00.040000,0 days 00:00:00.140000,answer10,1.9055322,-4.6317067,14.428248,0.03252388,-0.0070241424,0.2301815,14.147418,0.6170717,-5.2558208,-6.084395,0.0,0.0,0.0,0.0,0.0,0.0,521.23224,1645.9199,-201.0,1384.7236,1321.1224,-201.0,2422.7683,949.28174,-201.0,0 days 00:01:07.107067066,0 days 00:01:07.207067066
0 days 00:00:00.050000,0 days 00:00:00.150000,answer10,2.1967914,-5.9187126,16.59288,0.03631599,-0.007218014,0.2930646,14.935435,1.9134156,-5.2646785,-8.13601,0.0,0.0,0.0,0.0,0.0,0.0,528.8103,1665.7076,-201.0,1426.4188,1289.5636,-201.0,2562.86,940.1624,-201.0,0 days 00:01:07.117067066,0 days 00:01:07.217067066
0 days 00:00:00.060000,0 days 00:00:00.160000,answer10,2.5717404,-6.7935786,17.416159,0.042901646,-0.0071698767,0.32373,14.769765,2.7463486,-5.622298,-9.378898,0.0,0.0,0.0,0.0,0.0,0.0,314.71033,1626.7885,-201.0,1371.0326,1188.5592,-201.0,2472.3235,1000.57855,-201.0,0 days 00:01:07.127067066,0 days 00:01:07.227067066
0 days 00:00:00.070000,0 days 00:00:00.170000,answer10,2.9481544,-6.931576,17.248266,0.04716905,-0.0070130588,0.3205608,13.651935,3.1226323,-5.802014,-9.591512,0.0,0.0,0.0,0.0,0.0,0.0,428.40628,1488.9141,-135.549,1398.1656,1239.84,-137.59892,2416.3477,1015.03906,-141.84892,0 days 00:01:07.137067066,0 days 00:01:07.237067066
0 days 00:00:00.080000,0 days 00:00:00.180000,answer10,3.2614832,-6.496672,16.757826,0.049871128,-0.006335823,0.31051278,11.925411,3.189366,-5.671112,-9.259252,32.577515,0.0,0.0,-0.27712673,-2.9436736,19.095816,436.99594,1429.6895,-102.823494,1362.9122,1225.4424,-73.86288,2351.9512,903.78125,-83.23676,0 days 00:01:07.147067066,0 days 00:01:07.247067066
0 days 00:00:00.090000,0 days 00:00:00.190000,answer10,3.4699275,-5.772741,16.487635,0.049127456,-0.0053423955,0.3115209,10.196597,3.0734475,-5.33917,-8.798237,32.764355,0.0,0.0,0.3981993,-2.506506,18.11592,516.06744,1501.6852,0.0,1382.6738,1244.9932,-10.727521,2335.88,884.6451,-24.711454,0 days 00:01:07.157067066,0 days 00:01:07.257067066
0 days 00:00:00.100000,0 days 00:00:00.200000,answer10,3.5580928,-5.0206122,16.294533,0.047863703,-0.0040547275,0.3215556,9.114762,2.8232994,-5.1405125,-8.388043,33.08418,0.0,0.5213098,1.0260887,-1.3425922,14.351147,495.5044,1675.5869,-8.478262,1359.8536,1380.6688,-11.774586,2302.3074,1133.4589,-22.5046,0 days 00:01:07.167067066,0 days 00:01:07.267067066
0 days 00:00:00.110000,0 days 00:00:00.210000,answer10,3.5430467,-4.3932223,16.073372,0.04503149,-0.0029788148,0.32895994,9.022835,2.3204358,-5.524859,-8.248794,33.487175,0.0,0.4283171,0.8064978,-0.8784342,12.1093645,750.95795,1658.2289,-9.23978,1731.2471,1350.5162,-13.607656,2531.0417,1726.6893,-21.09444,0 days 00:01:07.177067066,0 days 00:01:07.277067066
0 days 00:00:00.120000,0 days 00:00:00.220000,answer10,3.4675941,-3.9122086,15.447568,0.04349495,-0.002560066,0.31991732,9.799697,1.3111961,-6.8922668,-8.672357,33.807262,0.0780092,0.3539327,0.5090622,-0.33456913,9.614808,642.3127,1620.5156,-8.608771,1657.8379,1323.9268,-12.346005,2511.737,1837.5353,-17.424818,0 days 00:01:07.187067066,0 days 00:01:07.287067066
0 days 00:00:00.130000,0 days 00:00:00.230000,answer10,3.3839238,-3.5386078,15.062501,0.04132938,-0.0023288338,0.31206897,10.8474655,-0.24785857,-9.214423,-9.64901,34.078167,0.05987233,0.6820626,0.80647606,-0.09819007,11.953076,937.5674,1419.4482,-7.100296,2019.4957,1145.9348,-12.950009,3233.216,1939.5963,-17.574608,0 days 00:01:07.197067066,0 days 00:01:07.297067066
0 days 00:00:00.140000,0 days 00:00:00.240000,answer10,3.3266842,-3.2640963,15.155789,0.039558586,-0.0028499002,0.29982588,11.480052,-2.0509799,-11.850822,-10.71786,34.22556,0.022384757,1.0580858,1.56738,0.03066071,11.676651,660.78864,1439.0034,-3.8404143,1627.351,1157.4009,-8.55163,2946.0693,1403.0986,-14.837062,0 days 00:01:07.207067066,0 days 00:01:07.307067066
0 days 00:00:00.150000,0 days 00:00:00.250000,answer10,3.2954204,-3.1257741,15.708153,0.03565407,-0.0038494223,0.28840265,11.505284,-3.5795393,-13.792042,-11.173692,34.294342,0.025200563,1.4769722,1.7769065,-0.9410183,13.283391,933.1208,1293.9454,-1.2175308,1925.1772,1121.7904,-8.724163,3403.4338,1418.6403,-14.29317,0 days 00:01:07.217067066,0 days 00:01:07.317067066
0 days 00:00:00.160000,0 days 00:00:00.260000,answer10,3.2655246,-3.0923862,15.968091,0.03229062,-0.004902818,0.28162956,11.285168,-4.402942,-14.302949,-10.568094,34.311016,0.019779868,1.5632216,1.3173434,-2.9103782,11.0243845,597.3394,1442.5441,0.57136536,1560.6884,1226.0236,-1.817515,2643.1523,1210.6542,-10.633992,0 days 00:01:07.227067066,0 days 00:01:07.327067066
0 days 00:00:00.170000,0 days 00:00:00.270000,answer10,3.2124355,-3.0970228,15.433415,0.029246842,-0.005721677,0.2792892,11.278729,-4.4011884,-13.437308,-8.969984,34.299454,0.016495774,1.1603047,0.3804101,-5.112557,9.982747,524.81335,1582.9886,0.0,1584.0948,1250.9384,0.036999702,2730.1875,1225.3065,-8.946512,0 days 00:01:07.237067066,0 days 00:01:07.337067066
0 days 00:00:00.180000,0 days 00:00:00.280000,answer10,3.126558,-3.1278684,15.420449,0.027958184,-0.005786993,0.29041445,11.560181,-3.6822193,-11.875764,-6.7723904,34.248737,0.010606107,0.8259824,-0.3910586,-6.406399,8.871212,262.5089,1635.4845,0.0,1292.8862,1242.8488,2.6970003,2222.4138,1150.1559,-8.150587,0 days 00:01:07.247067066,0 days 00:01:07.347067066
0 days 00:00:00.190000,0 days 00:00:00.290000,answer10,3.0065553,-3.291401,16.423647,0.026276082,-0.004953517,0.29398087,11.963951,-2.5235174,-10.379775,-4.475584,34.14317,0.009266381,0.82528216,-0.8154395,-6.3279862,9.144102,322.0382,1530.6002,-1.8954581,1333.588,1177.5826,0.6925196,2312.377,1049.4371,-10.0896225,0 days 00:01:07.257067066,0 days 00:01:07.357067066
0 days 00:00:00.200000,0 days 00:00:00.300000,answer10,2.8593178,-3.6604068,18.612068,0.025553219,-0.0035421858,0.29065648,12.421932,-1.2052544,-9.344504,-2.5985973,33.776237,0.008062097,0.96763986,-1.3391954,-5.656751,6.078379,420.53293,1455.8761,-4.02023,1334.8531,1299.5112,-3.9771612,2206.8298,1171.3082,-10.098609,0 days 00:01:07.267067066,0 days 00:01:07.367067066
0 days 00:00:00.210000,0 days 00:00:00.310000,answer10,2.707035,-4.171919,20.4438,0.024158575,-0.0020067843,0.27720797,13.126503,-0.053038716,-8.977046,-1.8104309,33.4359,0.0071555213,1.2286278,-1.5571313,-3.5794828,5.702732,502.19345,1569.1119,-7.278356,1419.4645,1333.4974,-6.668022,2363.6006,1119.1537,-13.169533,0 days 00:01:07.277067066,0 days 00:01:07.377067066
0 days 00:00:00.220000,0 days 00:00:00.320000,answer10,2.5807738,-4.6743083,21.821405,0.023866087,-0.0018221441,0.27557683,14.305865,0.5987906,-9.451919,-2.477677,33.101734,0.013768946,0.72379655,-1.2608467,-2.0258052,6.816789,646.28735,1730.5563,-8.106264,1510.7646,1431.5472,-9.306331,2466.0718,1042.278,-17.39972,0 days 00:01:07.287067066,0 days 00:01:07.387067066
0 days 00:00:00.230000,0 days 00:00:00.330000,answer10,2.4992182,-5.0423784,22.481726,0.023775509,-0.002679488,0.2884557,15.950702,0.6295387,-10.800487,-4.2879734,33.037373,0.01858914,0.6101732,-0.85741824,-1.7987114,10.332766,643.3697,1655.5009,-10.820904,1520.602,1333.5409,-9.461589,2482.1897,1044.7972,-23.630335,0 days 00:01:07.297067066,0 days 00:01:07.397067066
0 days 00:00:00.240000,0 days 00:00:00.340000,answer10,2.4607556,-5.2909465,23.645624,0.02347233,-0.004444636,0.32272717,17.789385,0.20526218,-12.869142,-6.5719604,33.029472,0.029766737,0.7421375,-0.7391396,-3.6991503,10.786674,581.6271,1460.7347,-12.51582,1471.5264,1222.9388,-10.675571,2432.7188,1009.9122,-25.590714,0 days 00:01:07.307067066,0 days 00:01:07.407067066
0 days 00:00:00.250000,0 days 00:00:00.350000,answer10,2.447978,-5.6032195,25.661491,0.023575075,-0.00578965,0.36245108,19.474876,-0.40293565,-15.29126,-8.910195,33.16643,0.032878086,1.1688527,-0.16078818,-5.5733314,11.649303,437.73343,1181.8872,-13.624454,1377.6198,1027.35,-9.895978,2343.3655,1016.5135,-25.273758,0 days 00:01:07.317067066,0 days 00:01:07.417067066
0 days 00:00:00.260000,0 days 00:00:00.360000,answer10,2.4392786,-6.21151,28.411413,0.0218532,-0.006404377,0.3980603,20.86821,-0.99330777,-17.561495,-11.218995,33.307587,0.026720768,1.216207,1.2897285,-6.3461547,14.201565,416.24277,1120.6945,-9.540502,1377.6523,878.0693,-6.0574646,2463.614,858.7847,-23.742065,0 days 00:01:07.327067066,0 days 00:01:07.427067066
0 days 00:00:00.270000,0 days 00:00:00.370000,answer10,2.407134,-7.2089667,31.01449,0.021999126,-0.0069302893,0.39750752,22.000517,-1.362565,-19.150423,-13.283999,33.36556,0.043297473,0.958535,2.9762106,-7.4640427,18.384226,338.61386,1221.9735,-6.7623487,1349.2677,847.78156,-0.018826326,2499.2964,889.62115,-22.875303,0 days 00:01:07.337067066,0 days 00:01:07.437067066
0 days 00:00:00.280000,0 days 00:00:00.380000,answer10,2.3290446,-8.466579,32.730743,0.021968344,-0.008441795,0.35100806,22.932993,-1.2965549,-19.781464,-14.742447,33.26596,0.043348476,0.6527993,4.559707,-9.803205,21.949564,283.55066,1327.3234,0.0,1335.2114,839.697,5.5631714,2551.674,943.8653,-22.374945,0 days 00:01:07.347067066,0 days 00:01:07.447067066
0 days 00:00:00.290000,0 days 00:00:00.390000,answer10,2.1965673,-9.767234,34.191273,0.02087053,-0.0102802515,0.2911878,23.535604,-0.68948746,-19.420511,-15.350182,33.156765,0.04622391,0.58810216,5.9661384,-12.8666,23.61213,241.51794,1457.087,0.0,1344.2457,856.78094,9.2117195,2632.904,915.5078,-21.293158,0 days 00:01:07.357067066,0 days 00:01:07.457067066
0 days 00:00:00.300000,0 days 00:00:00.400000,answer10,2.014076,-10.932031,35.270954,0.015306328,-0.011490393,0.28105476,23.518059,0.3731749,-18.073015,-15.11087,33.07024,0.021821484,0.99706554,7.329779,-15.62854,23.048157,308.68976,1599.285,0.0,1395.9672,901.99585,10.898196,2662.678,825.2649,-19.335936,0 days 00:01:07.367067066,0 days 00:01:07.467067066
0 days 00:00:00.310000,0 days 00:00:00.410000,answer10,1.7962999,-11.793645,35.907604,0.006303881,-0.011491984,0.31995055,22.68921,1.7177399,-15.821313,-14.1175995,29.95162,0.14538114,0.84007907,6.4988074,-9.999541,19.453096,353.95532,1616.0428,0.08957505,1434.2672,998.4069,6.762755,2525.8567,1302.3927,-16.775059,0 days 00:01:07.377067066,0 days 00:01:07.477067066
0 days 00:00:00.320000,0 days 00:00:00.420000,answer10,1.5693048,-12.104234,35.07622,-0.0010534702,-0.011172342,0.36044362,21.207499,3.1830266,-13.198766,-12.605205,25.828201,0.2023985,1.1735979,4.63254,-2.6499596,17.61209,410.20956,1550.2655,0.013602574,1464.7529,1019.39233,4.385916,2513.0417,1237.1305,-17.591957,0 days 00:01:07.387067066,0 days 00:01:07.487067066
0 days 00:00:00.330000,0 days 00:00:00.430000,answer10,1.3716998,-11.757394,32.708927,-0.005747216,-0.0108688325,0.34200904,19.57581,4.4773793,-11.132622,-10.985467,21.68254,0.20062463,0.5135664,2.4785182,6.9078307,15.985927,411.208,1359.8397,-2.4144456,1459.2411,994.65607,-1.9270023,2493.2668,1242.4968,-19.011774,0 days 00:01:07.397067066,0 days 00:01:07.497067066
0 days 00:00:00.340000,0 days 00:00:00.440000,answer10,1.2351891,-11.0986595,28.954803,-0.0060449666,-0.011622853,0.26970997,18.3377,5.326821,-10.418945,-9.911183,20.526756,0.068110906,1.2062908,1.109547,9.433843,15.5988035,418.61545,1301.5382,-3.442008,1460.632,921.9096,-2.317002,2627.6335,677.89264,-19.88608,0 days 00:01:07.407067066,0 days 00:01:07.507067066
0 days 00:00:00.350000,0 days 00:00:00.450000,answer10,1.1731426,-10.714835,26.203852,-0.0043847137,-0.013063078,0.2006834,17.854313,5.7038574,-11.117595,-9.836143,24.410975,0.1722625,1.3779117,0.6532994,2.3114831,15.382763,521.37134,1365.5541,-2.1499388,1497.623,1000.2774,-5.0591426,2541.714,748.6906,-17.7759,0 days 00:01:07.417067066,0 days 00:01:07.517067066
0 days 00:00:00.360000,0 days 00:00:00.460000,answer10,1.1873219,-10.865826,25.249908,-0.00219852,-0.014391076,0.16244112,17.854263,5.895823,-12.503612,-10.881428,28.54895,0.1724674,2.1313865,0.47214893,-5.992637,15.745522,532.5666,1464.4569,1.2900635,1518.0719,1069.4208,0.36378732,2551.8928,766.71875,-14.080723,0 days 00:01:07.427067066,0 days 00:01:07.527067066
0 days 00:00:00.370000,0 days 00:00:00.470000,answer10,1.2829992,-11.155463,25.294134,-0.0003678341,-0.014998083,0.16888036,17.377989,6.1422806,-13.688789,-12.876857,32.786488,0.18798417,2.386103,0.4775847,-15.172126,16.019503,535.0116,1495.5255,7.612448,1502.9542,1164.0029,5.9482875,2458.373,1129.2617,-9.059702,0 days 00:01:07.437067066,0 days 00:01:07.537067066
0 days 00:00:00.380000,0 days 00:00:00.480000,answer10,1.4651192,-10.939771,25.530428,0.002812431,-0.014438648,0.17837067,15.605676,6.2673974,-14.448906,-14.994809,28.96137,0.1836916,2.0099795,0.20135884,-13.292874,12.776436,433.22318,1419.4105,2.9978437,1446.6578,1172.0784,4.7410455,2328.5242,1419.2303,-10.295897,0 days 00:01:07.447067066,0 days 00:01:07.547067066
0 days 00:00:00.390000,0 days 00:00:00.490000,answer10,1.720734,-9.8704195,24.897774,0.0052480455,-0.0129627,0.18428288,12.823371,5.6773605,-15.076909,-16.25603,24.88635,0.3400717,1.3826343,-1.1831254,-9.427648,11.523621,417.27914,1398.6427,-2.6991231,1422.4336,1161.0409,-0.078416824,2331.785,1411.7164,-14.336324,0 days 00:01:07.457067066,0 days 00:01:07.557067066
0 days 00:00:00.400000,0 days 00:00:00.500000,answer10,2.013632,-8.176906,24.41236,0.008078309,-0.010365074,0.18983555,10.240306,4.246893,-15.839774,-16.057226,25.175535,0.6559608,1.1522223,-1.1460401,-11.19192,9.368981,375.97336,1398.5194,-9.964888,1390.4463,1089.557,-3.815747,2370.9153,1045.8076,-17.819603,0 days 00:01:07.467067066,0 days 00:01:07.567067066
0 days 00:00:00.410000,0 days 00:00:00.510000,answer10,2.294598,-6.5197353,23.204603,0.009022475,-0.007729009,0.20311494,9.099732,2.732931,-16.238375,-14.6313505,29.485636,0.82798034,1.7215705,-0.62568194,-14.561692,10.591736,335.18658,1482.7974,0.0,1360.7006,1084.5306,-2.6001077,2457.0896,1000.5839,-16.207558,0 days 00:01:07.477067066,0 days 00:01:07.577067066
0 days 00:00:00.420000,0 days 00:00:00.520000,answer10,2.5215747,-5.6284757,21.982592,0.013833734,-0.006874036,0.2437799,9.884331,2.2790754,-15.680331,-12.649545,33.81396,0.68053526,2.1927745,0.6644412,-19.271706,8.624906,555.1175,1524.7642,0.0,1463.4398,1221.7814,-3.6352806,2499.0215,1046.3356,-11.950171,0 days 00:01:07.487067066,0 days 00:01:07.587067066
0 days 00:00:00.430000,0 days 00:00:00.530000,answer10,2.670127,-5.932253,20.861986,0.017721727,-0.0075717815,0.30895558,12.42715,3.3347836,-13.929425,-10.612174,33.793262,0.3620008,2.252609,0.0070069632,-16.52788,8.7342615,808.6831,1563.8809,2.4293666,1584.3285,1381.1869,-3.4830682,2581.866,1174.2644,-10.476111,0 days 00:01:07.497067066,0 days 00:01:07.597067066
0 days 00:00:00.440000,0 days 00:00:00.540000,answer10,2.7398274,-7.38999,20.636772,0.024886012,-0.008890139,0.38445976,15.929276,5.2630734,-11.330421,-8.924354,33.748287,0.0362179,1.9822961,-1.4206954,-13.834897,9.358018,862.9931,1559.2709,1.2785668,1640.7047,1377.1866,-2.2499814,2646.2273,972.5544,-10.389724,0 days 00:01:07.507067066,0 days 00:01:07.607067066
0 days 00:00:00.450000,0 days 00:00:00.550000,answer10,2.7507286,-9.575532,21.614172,0.028264834,-0.010638736,0.4477708,19.46308,7.234822,-8.2770815,-7.5463715,33.594044,0.026835166,2.3234057,-2.3977935,-12.208262,10.987508,653.0789,1440.807,-1.1537955,1532.0299,1230.7411,-1.2236087,2565.2478,1091.0919,-13.221077,0 days 00:01:07.517067066,0 days 00:01:07.617067066
0 days 00:00:00.460000,0 days 00:00:00.560000,answer10,2.7333727,-11.891389,23.492104,0.027934114,-0.012486192,0.5050599,22.467543,8.739842,-4.960031,-6.0901504,33.483307,0.018248608,1.7010304,-2.3949978,-10.973855,12.050923,443.6869,1555.0487,-5.5792346,1396.2435,1390.9689,-7.160188,2319.0134,1183.0931,-17.630157,0 days 00:01:07.527067066,0 days 00:01:07.627067066
0 days 00:00:00.470000,0 days 00:00:00.570000,answer10,2.7162988,-13.966877,25.73169,0.029648924,-0.014146566,0.60025257,24.873266,9.723271,-1.38366,-4.473797,32.78496,0.016910488,1.4088029,-1.6335579,-7.18161,13.962665,478.829,1591.1761,-8.659687,1432.8086,1338.9984,-13.139623,2379.5579,1202.0684,-22.692503,0 days 00:01:07.537067066,0 days 00:01:07.637067066
0 days 00:00:00.480000,0 days 00:00:00.580000,answer10,2.7206552,-15.882874,27.895508,0.029463882,-0.014523874,0.7808278,26.89032,10.343619,2.563079,-3.1191332,32.213306,0.032577757,1.1457857,-1.0753299,-2.1961415,13.093184,460.43713,1690.7627,-10.217927,1359.9841,1471.3046,-19.5783,2190.2905,1132.7913,-23.381262,0 days 00:01:07.547067066,0 days 00:01:07.647067066
0 days 00:00:00.490000,0 days 00:00:00.590000,answer10,2.760481,-17.901802,31.216452,0.034335356,-0.0145851225,1.0268803,28.66484,10.561635,6.7369943,-2.6652327,27.922972,0.20631957,1.6502104,-0.049854953,2.0339298,20.922777,572.42706,1619.771,-5.0759397,1483.2936,1130.3026,-13.1228485,2497.4568,944.16876,-19.440138,0 days 00:01:07.557067066,0 days 00:01:07.657067066
0 days 00:00:00.500000,0 days 00:00:00.600000,answer10,2.8344307,-20.033907,34.481472,0.035083283,-0.015234615,1.2538261,30.19428,10.369489,10.798427,-2.9063823,24.160498,0.23380636,1.6817579,0.37732816,2.368498,27.402863,509.28235,1530.1681,1.166699,1451.8832,1118.3228,-7.9448733,2530.2883,928.58673,-16.551018,0 days 00:01:07.567067066,0 days 00:01:07.667067066
0 days 00:00:00.510000,0 days 00:00:00.610000,answer10,2.912629,-21.979546,37.5746,0.038863383,-0.015451222,1.3205782,31.383398,9.7303705,14.154469,-3.0433779,20.242498,0.24322934,1.6615156,-2.1769528,0.860459,34.63769,653.7319,1698.0541,4.182877,1592.66,1024.7388,0.31813097,2839.166,961.65314,-13.3647995,0 days 00:01:07.577067066,0 days 00:01:07.677067066
0 days 00:00:00.520000,0 days 00:00:00.620000,answer10,2.9483736,-23.474302,39.119904,0.039513256,-0.015198062,1.1692053,32.211014,8.918325,16.447975,-2.3474824,25.100306,0.09285128,1.6793371,-1.1415788,2.4691122,31.653265,843.126,1550.9948,-8.658344,1905.4106,1096.2059,-13.9804125,3183.334,1092.1217,-22.218847,0 days 00:01:07.587067066,0 days 00:01:07.687067066
0 days 00:00:00.530000,0 days 00:00:00.630000,answer10,2.9132798,-24.493095,40.196793,0.035300888,-0.014421113,0.90906304,32.77415,8.32042,17.38729,-1.1346673,30.122528,0.39248547,1.8465128,1.148614,5.1292157,28.193266,1173.0771,1454.7827,-23.309752,2252.078,1126.9769,-27.298891,3601.9734,1151.6279,-29.731909,0 days 00:01:07.597067066,0 days 00:01:07.697067066
0 days 00:00:00.540000,0 days 00:00:00.640000,answer10,2.8177688,-25.062918,40.9612,0.031852257,-0.014691326,0.7925069,33.137096,8.2395315,16.903852,-0.3704486,35.355938,0.37683368,1.3274076,7.3752007,7.4263134,24.254576,1166.7921,1222.9213,-31.449183,2266.822,1051.4747,-40.228786,3520.129,997.9836,-39.496185,0 days 00:01:07.607067066,0 days 00:01:07.707067066
0 days 00:00:00.550000,0 days 00:00:00.650000,answer10,2.689368,-25.08522,41.129597,0.027539046,-0.01554734,0.8824617,33.284595,8.636578,15.343449,-0.7184293,35.467136,0.37801418,1.2462937,9.765446,6.948021,23.146349,992.5342,1386.141,-31.276041,1963.0983,1052.9464,-41.07968,3117.4539,879.2391,-40.778442,0 days 00:01:07.617067066,0 days 00:01:07.717067066
0 days 00:00:00.560000,0 days 00:00:00.660000,answer10,2.551902,-24.36059,40.1217,0.022622412,-0.016303668,1.0707942,33.184364,9.163121,13.311718,-1.8414211,35.491894,0.05704203,1.570772,10.966792,5.990953,22.572252,805.2757,1454.4053,-29.91632,1692.375,1003.94366,-40.618923,2680.0073,657.48315,-40.91177,0 days 00:01:07.627067066,0 days 00:01:07.727067066
0 days 00:00:00.570000,0 days 00:00:00.670000,answer10,2.4165645,-22.809195,37.88252,0.021068245,-0.016019328,1.161029,32.779495,9.180694,10.967278,-3.3832893,35.39132,0.045145005,1.992015,10.353087,6.2993503,23.94848,786.84064,1440.0905,-29.4049,1686.9535,1008.2014,-38.3797,2665.6514,648.0964,-41.468174,0 days 00:01:07.637067066,0 days 00:01:07.737067066
0 days 00:00:00.580000,0 days 00:00:00.680000,answer10,2.293526,-20.702818,34.94245,0.01969123,-0.015082476,1.1132625,32.289127,8.536787,8.07371,-5.3141313,35.283405,0.015309579,1.7991843,8.159722,7.1665974,23.201181,665.43555,1358.8185,-23.943268,1637.5839,993.31525,-34.525223,2641.3071,635.88654,-40.327103,0 days 00:01:07.647067066,0 days 00:01:07.747067066
0 days 00:00:00.590000,0 days 00:00:00.690000,answer10,2.1856213,-18.776266,33.034184,0.022926904,-0.0147589445,0.9488004,31.959646,7.411087,4.2795935,-8.140103,35.24043,0.011320151,1.6059662,5.0165567,9.294398,21.300262,586.98914,1477.722,-22.216902,1590.0629,1068.2993,-29.918447,2625.6572,692.34247,-37.272175,0 days 00:01:07.657067066,0 days 00:01:07.757067066
0 days 00:00:00.600000,0 days 00:00:00.700000,answer10,2.091454,-17.729067,32.995953,0.021241354,-0.016192878,0.7221496,31.893377,6.578508,0.07580487,-11.478576,34.273674,0.017664662,1.5115656,3.098093,3.5301087,21.673868,478.65518,1451.977,-16.12337,1497.4496,1121.1713,-26.261658,2581.339,822.5222,-33.701984,0 days 00:01:07.667067066,0 days 00:01:07.767067066
0 days 00:00:00.610000,0 days 00:00:00.710000,answer10,1.9972948,-17.74964,34.535107,0.024242416,-0.018857835,0.49193826,31.900415,6.5388675,-3.7360528,-14.537109,33.34448,0.031143444,1.5059234,3.1103725,-4.129849,22.997719,466.7606,1455.5161,-13.283078,1455.622,1151.7081,-23.816452,2559.2942,848.8107,-32.185547,0 days 00:01:07.677067066,0 days 00:01:07.777067066
0 days 00:00:00.620000,0 days 00:00:00.720000,answer10,1.8890103,-18.441332,35.92338,0.029287862,-0.022341887,0.36017528,31.846863,7.543696,-6.3835807,-16.52757,32.41132,0.0379834,1.757885,4.4301753,-14.69708,22.437761,405.4515,1321.7699,-7.9334207,1371.9606,1149.8228,-22.166433,2495.9065,895.10333,-30.371183,0 days 00:01:07.687067066,0 days 00:01:07.787067066
0 days 00:00:00.630000,0 days 00:00:00.730000,answer10,1.764802,-19.153862,36.1518,0.033876076,-0.025999231,0.32731298,31.697195,9.195374,-7.6777496,-17.377752,30.79891,0.04482335,2.0098467,4.3830094,-11.18476,19.777992,427.15634,1421.3041,4.481543,1404.3033,1243.5594,-14.64075,2538.548,852.8603,-21.661959,0 days 00:01:07.697067066,0 days 00:01:07.797067066
0 days 00:00:00.640000,0 days 00:00:00.740000,answer10,1.6362098,-19.455063,35.001846,0.038899597,-0.028353633,0.3586178,31.463259,10.734624,-8.13186,-17.39244,27.839928,0.16613938,1.5694808,3.549682,-1.845377,22.510399,528.04175,1550.5254,10.105668,1490.6299,1390.4003,-11.753339,2570.3638,884.1253,-17.475786,0 days 00:01:07.707067066,0 days 00:01:07.807067066
0 days 00:00:00.650000,0 days 00:00:00.750000,answer10,1.5287819,-19.412363,33.86131,0.040504202,-0.02931265,0.35292494,31.140121,11.46981,-8.427982,-17.167341,24.843407,0.15570442,1.2242042,1.885191,9.561619,27.17296,673.37866,1557.452,12.834213,1631.8197,1384.6763,-8.979394,2651.2334,853.7522,-14.346004,0 days 00:01:07.717067066,0 days 00:01:07.817067066
0 days 00:00:00.660000,0 days 00:00:00.760000,answer10,1.4711413,-19.76716,33.736816,0.04523823,-0.029573485,0.33912286,30.94863,11.383006,-9.204421,-17.64193,23.505434,0.14712487,0.7020507,0.58436745,14.020817,31.289774,841.1457,1560.0723,2.7460706,1784.3447,1319.7592,-13.317746,2736.1917,779.6414,-18.353777,0 days 00:01:07.727067066,0 days 00:01:07.827067066
0 days 00:00:00.670000,0 days 00:00:00.770000,answer10,1.4730444,-21.074259,35.32623,0.04704867,-0.03111819,0.36682448,30.979414,11.064796,-10.473648,-19.081144,23.73715,0.018072013,1.3312775,-0.77725595,13.940402,30.497808,922.26447,1580.0905,0.6527593,1910.0109,1283.662,-14.888858,2682.4443,1708.918,-18.15635,0 days 00:01:07.737067066,0 days 00:01:07.837067066
0 days 00:00:00.680000,0 days 00:00:00.780000,answer10,1.5178992,-23.081322,37.409668,0.04836897,-0.032635774,0.4010882,31.132391,11.069004,-11.895908,-20.97624,23.852715,0.019942883,1.340265,-1.5266452,13.508078,29.784233,1030.3934,1748.8843,-65.6813,1818.7157,3039.8582,-77.200905,2645.7239,1866.2753,-78.91256,0 days 00:01:07.747067066,0 days 00:01:07.847067066
0 days 00:00:00.690000,0 days 00:00:00.790000,answer10,1.5652742,-24.94885,39.055946,0.044126764,-0.033790007,0.37609458,31.167269,11.538976,-12.8642235,-22.37181,0.0,0.0,0.0,0.0,0.0,0.0,1003.6797,1978.8053,-66.306885,1711.3148,3383.0176,-76.697914,2576.1296,2066.434,-79.20874,0 days 00:01:07.757067066,0 days 00:01:07.857067066
0 days 00:00:00.700000,0 days 00:00:00.800000,answer10,1.585625,-26.023752,39.824333,0.03815055,-0.034460753,0.29690966,30.867498,12.216792,-12.863324,-23.057083,23.623508,0.0,0.0,-1.13929,9.654954,25.990551,948.5424,1930.502,-64.797005,1642.2181,3457.9543,-75.35337,2658.5173,1215.4917,-80.849304,0 days 00:01:07.767067066,0 days 00:01:07.867067066
0 days 00:00:00.710000,0 days 00:00:00.810000,answer10,1.5696446,-26.16331,40.147224,0.032297123,-0.035717238,0.2719151,30.16603,12.786752,-11.748422,-23.371887,23.712236,0.0,0.5851063,-0.64674103,10.261655,21.903849,662.9051,1984.873,-1.8688694,1541.6035,1910.8722,-12.153407,2596.6,1186.1058,-18.672976,0 days 00:01:07.777067066,0 days 00:01:07.877067066
0 days 00:00:00.720000,0 days 00:00:00.820000,answer10,1.5299492,-25.586813,39.132935,0.030248487,-0.03685079,0.31723332,29.19216,13.025943,-10.075321,-23.749613,29.114685,0.0,0.8124364,2.339051,14.753398,29.053648,615.944,1739.2162,-2.377656,1579.5682,1621.5267,-14.252826,2582.7244,1035.1342,-21.384699,0 days 00:01:07.787067066,0 days 00:01:07.887067066
0 days 00:00:00.730000,0 days 00:00:00.830000,answer10,1.4930116,-24.739738,37.543533,0.030839453,-0.037157018,0.32131824,28.324005,12.8501005,-8.936919,-24.504776,34.379498,0.40739366,1.8988075,4.298006,16.109201,32.31407,500.16614,1783.7699,-7.1072197,1503.3536,1651.3065,-17.306116,2526.294,986.8476,-21.127419,0 days 00:01:07.797067066,0 days 00:01:07.897067066
0 days 00:00:00.740000,0 days 00:00:00.840000,answer10,1.471763,-23.946985,35.917923,0.03235961,-0.036099095,0.2958748,27.86361,12.287914,-9.016438,-25.547897,39.780945,0.27765077,2.0225236,5.6216035,17.158552,39.545254,671.38763,1593.1675,0.0,1697.7819,1457.5288,-20.62271,2625.2207,831.41583,-24.129173,0 days 00:01:07.807067066,0 days 00:01:07.907067066
0 days 00:00:00.750000,0 days 00:00:00.850000,answer10,1.453434,-23.17673,35.82793,0.033765685,-0.033867236,0.23828761,27.775667,11.309682,-10.00331,-26.316477,39.981674,0.025234861,2.111996,5.159367,15.185722,36.334663,492.4718,1666.8662,-2.6753883,1535.3385,1478.5742,-22.10566,2576.5686,822.1446,-22.626038,0 days 00:01:07.817067066,0 days 00:01:07.917067066
0 days 00:00:00.760000,0 days 00:00:00.860000,answer10,1.414422,-22.1197,36.11169,0.03422782,-0.031017324,0.23903762,27.731825,9.764007,-10.803712,-25.895851,40.161346,0.025715014,1.2479969,5.8506303,14.955796,35.245056,717.3413,1614.647,0.0,1485.7314,1865.9088,-21.356588,2585.4377,756.81366,-21.587532,0 days 00:01:07.827067066,0 days 00:01:07.927067066
0 days 00:00:00.770000,0 days 00:00:00.870000,answer10,1.345973,-20.58416,35.872456,0.034795642,-0.028143784,0.2539184,27.442635,7.705768,-10.429123,-23.671448,40.01828,0.028331287,2.3602173,6.9446216,15.697175,36.59776,740.3475,1742.5248,-10.231606,1425.8492,2010.9678,-20.770737,2547.5608,797.9694,-20.86249,0 days 00:01:07.837067066,0 days 00:01:07.937067066
0 days 00:00:00.780000,0 days 00:00:00.880000,answer10,1.2653817,-18.654184,34.162155,0.0355532,-0.025448529,0.26460543,26.824026,5.595862,-8.648015,-19.850666,39.753246,0.04502551,2.7290528,7.1169906,16.706726,37.18205,709.5407,1828.957,-10.231606,1454.958,2060.7102,-15.194375,2540.0525,882.75635,-19.16247,0 days 00:01:07.847067066,0 days 00:01:07.947067066
0 days 00:00:00.790000,0 days 00:00:00.890000,answer10,1.207021,-16.631077,31.405638,0.035741523,-0.02344043,0.24416755,25.936188,4.086468,-5.8963075,-15.588016,39.500546,0.034085765,2.8490102,5.4010396,17.20801,37.028576,459.53134,1775.4677,0.0,1456.4069,1482.5243,-10.465014,2517.6653,895.37384,-17.55459,0 days 00:01:07.857067066,0 days 00:01:07.957067066
0 days 00:00:00.800000,0 days 00:00:00.900000,answer10,1.213251,-14.636463,26.300814,0.032743473,-0.022483258,0.2042471,24.670267,3.3266852,-2.753534,-11.918727,39.355762,0.034767002,2.1671426,3.1169891,16.237343,34.111156,302.73758,1711.1056,0.0,1365.9435,1498.8832,-7.204104,2301.6897,1113.1533,-15.903951,0 days 00:01:07.867067066,0 days 00:01:07.967067066
0 days 00:00:00.810000,0 days 00:00:00.910000,answer10,1.411981,-11.5425415,19.921633,0.029330462,-0.020588247,0.21136929,21.8924,2.1158762,-1.825972,-7.7558937,39.227528,0.020548848,1.8792915,2.0685282,15.052002,33.10925,480.32242,1588.437,0.0,1474.1935,1340.6595,-10.975651,2367.2688,1011.8298,-18.37421,0 days 00:01:07.877067066,0 days 00:01:07.977067066
0 days 00:00:00.820000,0 days 00:00:00.920000,answer10,1.9036928,-7.677874,14.320657,0.028773243,-0.01652229,0.29804555,17.68325,-0.06849885,-3.2313738,-3.3872795,39.175346,0.027483461,2.0128906,1.8060234,14.1868515,32.221996,638.12354,1635.7194,-95.400215,1631.6938,1360.1144,-75.58016,2472.741,956.73785,-80.28794,0 days 00:01:07.887067066,0 days 00:01:07.987067066
0 days 00:00:00.830000,0 days 00:00:00.930000,answer10,2.7414093,-3.713728,12.069134,0.033102583,-0.010029328,0.45897278,12.819156,-3.1272824,-6.921419,0.28369996,0.0,0.0,0.0,0.0,0.0,0.0,786.4333,1546.5492,-130.60014,1820.6586,1132.1467,-139.31029,2727.8562,721.2441,-141.8382,0 days 00:01:07.897067066,0 days 00:01:07.997067066
0 days 00:00:00.840000,0 days 00:00:00.940000,answer10,3.7915537,-1.2792984,12.1413145,0.03833037,-0.004270514,0.62908405,9.082049,-5.8104215,-10.578465,1.219793,0.0,0.0,0.0,0.0,0.0,0.0,846.0767,1449.71,-201.0,1891.1635,1093.6239,-201.0,2749.3152,768.10376,-201.0,0 days 00:01:07.907067066,0 days 00:01:08.007067066
0 days 00:00:00.850000,0 days 00:00:00.950000,answer10,4.8572884,-0.19303381,12.79379,0.04374133,-0.00097358203,0.7379701,6.882194,-7.6181245,-14.01638,-0.0891374,0.0,0.0,0.0,0.0,0.0,0.0,753.37225,1307.5656,-201.0,1820.1938,981.2009,-201.0,2708.2979,765.18115,-201.0,0 days 00:01:07.917067066,0 days 00:01:08.017067066
0 days 00:00:00.860000,0 days 00:00:00.960000,answer10,5.736839,-0.080771826,13.052777,0.049228486,5.984509e-05,0.7732339,6.0654635,-8.406347,-17.159166,-2.4356487,0.0,0.0,0.0,0.0,0.0,0.0,721.7203,1324.2101,-201.0,1764.9589,976.0486,-201.0,2701.682,741.77924,-201.0,0 days 00:01:07.927067066,0 days 00:01:08.027067066
0 days 00:00:00.870000,0 days 00:00:00.970000,answer10,6.306978,-0.6873053,13.552976,0.054113984,-0.0004111042,0.78424627,6.4364686,-8.169742,-19.791153,-4.941584,0.0,0.0,0.0,0.0,0.0,0.0,711.56885,1398.1426,-201.0,1709.3239,1045.5518,-201.0,2691.3909,714.2307,-201.0,0 days 00:01:07.937067066,0 days 00:01:08.037067066
0 days 00:00:00.880000,0 days 00:00:00.980000,answer10,6.5309463,-1.8927718,14.591413,0.055739064,-0.0016885697,0.8091698,7.836822,-7.002252,-21.701757,-7.063213,0.0,0.0,0.0,0.0,0.0,0.0,708.2204,1500.4027,-201.0,1676.6895,1144.4493,-201.0,2668.1914,750.972,-201.0,0 days 00:01:07.947067066,0 days 00:01:08.047067066
0 days 00:00:00.890000,0 days 00:00:00.990000,answer10,6.438974,-3.477574,16.407976,0.05500516,-0.003845699,0.82050306,9.902558,-5.3134785,-22.766264,-8.610694,0.0,0.0,0.0,0.0,0.0,0.0,748.6624,1484.3439,-132.78172,1686.5415,1184.5238,-135.15636,2673.3477,747.6155,-137.76941,0 days 00:01:07.957067066,0 days 00:01:08.057067066
0 days 00:00:00.900000,0 days 00:00:01,answer10,6.276279,-4.6347632,17.938528,0.053975552,-0.0054790494,0.8140479,11.467845,-4.0504675,-23.165855,-9.401216,33.968914,0.0,0.0,-3.5312061,-4.291157,6.148037,768.6562,1410.5127,-64.56342,1706.0668,1163.2809,-69.31272,2688.28,713.7215,-74.53882,0 days 00:01:07.967067066,0 days 00:01:08.067067066
0 days 00:00:00.900000,0 days 00:00:01.000997732,answer10,6.153643,-5.2249737,18.779198,0.053457063,-0.0063063786,0.7977018,12.259986,-3.4565842,-23.225641,-9.727933,33.968914,0.0,0.0,-3.5312061,-4.291157,6.148037,873.3835,1343.444,3.6548603,1757.14,1114.8602,-3.4690857,2717.4744,660.8374,-11.308225,0 days 00:01:07.967067066,0 days 00:01:08.068064798
