start,end,label,Loudness_sma3,alphaRatio_sma3,hammarbergIndex_sma3,slope0-500_sma3,slope500-1500_sma3,spectralFlux_sma3,mfcc1_sma3,mfcc2_sma3,mfcc3_sma3,mfcc4_sma3,F0semitoneFrom27.5Hz_sma3nz,jitterLocal_sma3nz,shimmerLocaldB_sma3nz,HNRdBACF_sma3nz,logRelF0-H1-H2_sma3nz,logRelF0-H1-A3_sma3nz,F1frequency_sma3nz,F1bandwidth_sma3nz,F1amplitudeLogRelF0_sma3nz,F2frequency_sma3nz,F2bandwidth_sma3nz,F2amplitudeLogRelF0_sma3nz,F3frequency_sma3nz,F3bandwidth_sma3nz,F3amplitudeLogRelF0_sma3nz,original_start,original_end
0 days 00:00:00,0 days 00:00:00.020000,answer1,1.0041032,-4.0867305,4.946679,0.034195207,-0.0022478027,0.09662961,24.80776,-9.015057,-0.49151564,-22.329521,35.734413,0.0,0.404375,6.5880466,-5.0531783,14.71788,415.77457,1276.83,-13.188637,1321.0507,1004.5589,-13.265275,2559.8972,1010.9665,-27.906517,0 days 00:00:12.800800801,0 days 00:00:12.820800801
0 days 00:00:00.010000,0 days 00:00:00.030000,answer1,1.023755,-3.7205932,5.2913303,0.043288406,-0.00032008567,0.22303183,24.091585,-9.889621,2.293296,-19.627758,35.966045,0.01292698,0.9190154,6.9534526,-5.892039,14.008746,667.8566,1343.3914,-14.012784,1373.8823,1470.0555,-13.546063,2630.542,917.8912,-28.275827,0 days 00:00:12.810800801,0 days 00:00:12.830800801
0 days 00:00:00.020000,0 days 00:00:00.040000,answer1,1.0386997,-3.6435497,5.6910167,0.04267924,0.00041279834,0.30623248,23.1846,-10.827901,6.6127725,-18.418388,36.316555,0.016525542,1.0655466,7.328462,-5.756035,13.685783,662.0329,1388.5723,-14.801105,1368.643,1483.0319,-13.937496,2638.3984,934.09326,-28.741182,0 days 00:00:12.820800801,0 days 00:00:12.840800801
0 days 00:00:00.030000,0 days 00:00:00.050000,answer1,1.0656265,-4.216484,7.052261,0.036396205,-0.00043499598,0.31795684,22.641088,-11.520943,5.005429,-18.605406,36.637833,0.009546523,1.2830676,7.532785,-3.7849014,14.423767,673.1796,1377.9469,-15.291858,1382.2891,1484.0845,-14.340932,2664.7034,894.1844,-29.96992,0 days 00:00:12.830800801,0 days 00:00:12.850800801
0 days 00:00:00.040000,0 days 00:00:00.060000,answer1,1.0377215,-5.248698,10.212033,0.03312661,0.0008996351,0.31041384,23.485971,-11.421169,5.2280383,-16.55654,36.98946,0.00911527,0.9017772,8.023584,-2.2964852,14.77657,389.55655,1485.4404,-15.510301,1316.3651,1091.3546,-13.727887,2579.9,1287.1436,-30.894892,0 days 00:00:12.840800801,0 days 00:00:12.860800801
0 days 00:00:00.050000,0 days 00:00:00.070000,answer1,1.0210167,-6.1316657,13.892807,0.040701266,0.001962261,0.32715797,25.195642,-11.530749,4.686815,-12.896258,37.330917,0.0061038774,1.1137974,8.719556,-2.1946278,16.071411,600.3149,1456.6768,0.0,1458.4117,1190.8475,-14.699132,2707.0972,1119.9191,-32.726368,0 days 00:00:12.850800801,0 days 00:00:12.870800801
0 days 00:00:00.060000,0 days 00:00:00.080000,answer1,0.9899282,-7.3398004,17.951607,0.043365005,0.004976642,0.32226995,26.100626,-12.226003,5.3794746,-8.828221,37.686604,0.0070061698,1.0194243,9.051315,-3.4013577,16.26292,772.8386,1350.68,-10.395384,1606.0156,1174.4125,-17.148882,2794.827,1029.269,-32.782383,0 days 00:00:12.860800801,0 days 00:00:12.880800801
0 days 00:00:00.070000,0 days 00:00:00.090000,answer1,1.0168892,-7.289086,20.991865,0.041270446,0.003517731,0.33785427,27.474913,-13.411101,2.690935,-8.665577,38.051178,0.00919574,0.96147054,9.333374,-4.4083514,17.672628,963.4126,1124.9492,-9.600999,1768.4132,1069.7775,-20.060314,2970.9043,531.0685,-32.849514,0 days 00:00:12.870800801,0 days 00:00:12.890800801
0 days 00:00:00.080000,0 days 00:00:00.100000,answer1,1.0390743,-8.077041,22.073212,0.044268925,0.0031410402,0.37483633,27.278564,-13.752117,-1.9609951,-11.948972,38.403713,0.008270451,0.7226062,9.660219,-4.987547,17.974535,905.1406,1040.1561,-8.139324,1767.9014,899.685,-20.377306,2993.4785,438.48874,-31.44243,0 days 00:00:12.880800801,0 days 00:00:12.900800801
0 days 00:00:00.090000,0 days 00:00:00.110000,answer1,1.0458627,-8.641562,23.67489,0.061148405,-0.0023658553,0.3974987,28.884863,-12.237645,-4.3864484,-14.352764,38.700893,0.0092779705,0.60245615,10.120011,-5.157365,20.325468,876.82446,1029.777,-5.937649,1761.5946,827.10724,-18.75134,3025.5735,383.01743,-31.42048,0 days 00:00:12.890800801,0 days 00:00:12.910800801
0 days 00:00:00.100000,0 days 00:00:00.120000,answer1,1.0255868,-9.437184,21.927986,0.06720823,-0.011028227,0.3838537,28.074091,-9.919021,-5.7189326,-17.127893,38.89577,0.009941708,0.6582229,10.258788,-4.7034583,18.77496,854.667,1087.8776,-4.2945533,1762.787,853.9099,-17.182894,2982.6277,484.17026,-27.77297,0 days 00:00:12.900800801,0 days 00:00:12.920800801
0 days 00:00:00.110000,0 days 00:00:00.130000,answer1,0.9974435,-9.709474,22.23182,0.06801798,-0.01701863,0.32931474,27.886557,-6.598217,-7.7715607,-13.031376,39.003716,0.009348514,0.52208465,9.538743,-3.8015792,16.410841,838.0102,1187.9855,-3.544798,1753.9298,966.23456,-17.74011,2855.1584,632.3804,-23.757217,0 days 00:00:12.910800801,0 days 00:00:12.930800801
0 days 00:00:00.120000,0 days 00:00:00.140000,answer1,0.9895172,-9.441911,20.594526,0.071115784,-0.01922117,0.27679715,26.320723,-3.2620704,-11.913463,-11.690673,39.041477,0.008437066,0.6689508,8.16182,-2.2452087,12.471809,684.95197,1348.1693,-3.409009,1570.0343,1147.1405,-15.525406,2588.4404,816.6966,-19.555922,0 days 00:00:12.920800801,0 days 00:00:12.940800801
0 days 00:00:00.130000,0 days 00:00:00.150000,answer1,0.92859536,-9.052713,20.465895,0.07662482,-0.019242737,0.31353417,25.333727,-1.1266681,-14.455391,-11.523833,39.40836,0.0070020617,0.6137533,6.358724,2.0511532,10.850395,727.1279,1346.15,0.0,1675.4199,1133.8619,-20.353834,2691.363,830.1811,-23.381311,0 days 00:00:12.930800801,0 days 00:00:12.950800801
0 days 00:00:00.140000,0 days 00:00:00.160000,answer1,0.8501973,-8.676778,19.24677,0.07694123,-0.017598262,0.32737863,24.305567,0.16543274,-14.422818,-11.183929,35.60695,0.17013945,0.9855499,4.7072053,9.134547,18.258362,797.66254,1268.2094,-23.002777,1827.4639,958.7375,-20.567543,2917.3708,798.34247,-25.955347,0 days 00:00:12.940800801,0 days 00:00:12.960800801
0 days 00:00:00.150000,0 days 00:00:00.170000,answer1,0.72610956,-9.788793,17.958069,0.06461525,-0.020480458,0.3672422,22.48401,3.4652493,-8.8603945,-7.2534623,31.771082,0.16941674,1.4428473,2.7467592,13.808587,26.167673,1011.2282,1142.5314,-21.237593,2126.5254,695.76,-24.52572,3315.1377,635.40375,-29.343391,0 days 00:00:12.950800801,0 days 00:00:12.970800801
0 days 00:00:00.160000,0 days 00:00:00.180000,answer1,0.63942933,-12.080879,17.0827,0.04966959,-0.016350096,0.2965664,20.730595,9.398147,-1.5803388,3.4117477,26.676687,0.16907096,1.9714407,-0.12852176,9.770444,30.19951,1079.8739,1067.9159,-14.947658,2148.719,568.3654,-21.848465,3376.758,496.02493,-27.50184,0 days 00:00:12.960800801,0 days 00:00:12.980800801
0 days 00:00:00.170000,0 days 00:00:00.190000,answer1,0.62529945,-12.7332,16.063707,0.04974887,-0.01568629,0.31398717,20.74012,13.249869,1.5670525,7.4184837,25.702782,0.0038338255,2.2206542,-1.4484644,2.2560327,25.489634,840.711,1171.1816,-9.8797455,1820.606,677.4685,-18.910221,3017.3633,451.36697,-27.495844,0 days 00:00:12.970800801,0 days 00:00:12.990800801
0 days 00:00:00.180000,0 days 00:00:00.200000,answer1,0.66472644,-12.0321245,14.959118,0.034949627,-0.012882061,0.29185864,21.290644,13.584755,1.6742829,9.345887,24.710424,0.0038338255,2.2206542,-0.83283657,-3.3850777,21.189379,608.5617,1193.4844,-4.7852106,1518.8163,784.9206,-14.9702425,2604.9768,464.41635,-26.925573,0 days 00:00:12.980800801,0 days 00:00:13.000800801
0 days 00:00:00.190000,0 days 00:00:00.210000,answer1,0.7473192,-9.69609,12.980962,0.045316935,-0.011273279,0.33634245,22.872307,10.339054,-2.9926546,6.724205,24.596138,0.0038338255,2.2206542,2.0399487,-3.156017,17.249292,340.89954,1258.5806,-2.5169973,1211.9596,887.417,-10.164774,2235.367,523.7859,-22.922308,0 days 00:00:12.990800801,0 days 00:00:13.010800801
0 days 00:00:00.200000,0 days 00:00:00.220000,answer1,0.79142255,-9.864121,13.005306,0.035206042,-0.013621081,0.33907557,23.416613,9.44194,-2.6427839,5.692602,24.495302,0.03413211,2.0554407,4.0876784,-2.4157376,14.023044,369.7926,1166.0199,-2.949961,1236.7328,865.3335,-8.76134,2243.137,528.7319,-19.38874,0 days 00:00:13.000800801,0 days 00:00:13.020800801
0 days 00:00:00.210000,0 days 00:00:00.230000,answer1,0.8701846,-9.972674,14.216174,0.06042851,-0.01445886,0.36102366,24.90412,8.80817,-3.9794815,5.464536,24.42351,0.06443039,1.890227,5.302512,-1.7336849,10.991551,380.25854,1126.6354,-3.1730072,1248.5498,850.7609,-8.024919,2259.1404,546.8062,-15.898244,0 days 00:00:13.010800801,0 days 00:00:13.030800801
0 days 00:00:00.220000,0 days 00:00:00.240000,answer1,0.9527747,-9.819686,15.901116,0.052993804,-0.014439445,0.33865833,25.648672,8.123067,-3.9890678,5.555748,24.351234,0.076618336,1.7013463,5.9338164,-1.3519549,11.464564,390.80228,1067.4081,-3.0882175,1256.7822,819.8716,-7.6591744,2255.3513,540.4008,-15.904736,0 days 00:00:13.020800801,0 days 00:00:13.040800801
0 days 00:00:00.230000,0 days 00:00:00.250000,answer1,1.0232317,-8.595599,17.185654,0.05649234,-0.011424657,0.30333546,26.134958,5.913803,-5.970797,7.8900657,24.291483,0.047132622,1.487135,6.3365216,-1.5477766,11.176885,392.59195,1046.0453,-2.91586,1265.7642,791.4226,-8.030778,2264.7107,565.6386,-15.640521,0 days 00:00:13.030800801,0 days 00:00:13.050800801
0 days 00:00:00.240000,0 days 00:00:00.260000,answer1,1.0634046,-8.186467,16.964636,0.04272257,-0.009181805,0.29402727,26.983713,4.8306417,-6.834606,10.13655,24.260864,0.016064202,0.92103916,6.5072007,-2.2627716,10.567655,393.55457,1020.96747,-2.775088,1274.8823,764.76935,-8.81046,2263.8298,561.5352,-15.605515,0 days 00:00:13.040800801,0 days 00:00:13.060800801
0 days 00:00:00.250000,0 days 00:00:00.270000,answer1,1.0678178,-8.801695,16.97555,0.039237753,-0.0127131445,0.27199256,27.260073,4.5353494,-7.12161,11.312434,24.253931,0.0031061342,0.37861046,6.6224837,-2.9084027,10.126897,393.01065,1024.4457,-2.7248604,1278.4524,769.855,-9.64292,2260.0925,564.7925,-15.760161,0 days 00:00:13.050800801,0 days 00:00:13.070800801
0 days 00:00:00.260000,0 days 00:00:00.280000,answer1,1.0612226,-9.72195,15.765007,0.03561336,-0.01616276,0.27151218,27.640112,5.670756,-6.5126367,11.146812,24.259089,0.0015234234,0.02672564,6.683763,-3.2625415,10.038529,390.98502,1020.44965,-2.6704433,1276.3513,762.6613,-9.985544,2252.5715,539.66046,-15.971515,0 days 00:00:13.060800801,0 days 00:00:13.080800801
0 days 00:00:00.270000,0 days 00:00:00.290000,answer1,1.0037711,-10.826347,16.512014,0.027509542,-0.020736566,0.25562593,26.938646,6.8620605,-4.6168222,9.927579,24.313013,0.0040718256,0.98788285,5.6769195,-2.2517002,16.910242,398.13174,1051.0394,-0.7694125,1289.8273,815.73883,-11.467255,2255.8674,585.4126,-19.931356,0 days 00:00:13.070800801,0 days 00:00:13.090800801
0 days 00:00:00.280000,0 days 00:00:00.332653061,answer1,0.939359,-12.014722,18.345255,0.039185975,-0.02337689,0.23350596,26.81997,9.550336,-3.9973018,8.583087,24.324598,0.004380539,1.1237607,5.0690923,-1.6655159,19.060892,396.05972,1070.051,-0.26378632,1286.8206,834.28973,-11.845517,2246.5105,599.29193,-20.990194,0 days 00:00:13.080800801,0 days 00:00:13.133453862
0 days 00:00:00,0 days 00:00:00.020000,answer2,0.49009562,-1.5686618,7.7106576,0.050711077,0.0045466437,0.03754083,6.6512866,1.3732735,7.9548783,0.9202561,0.0,0.0,0.0,0.0,0.0,0.0,426.55127,1363.0548,-201.0,1227.1011,988.28906,-201.0,2312.5652,510.1124,-201.0,0 days 00:00:16.800800801,0 days 00:00:16.820800801
0 days 00:00:00.010000,0 days 00:00:00.030000,answer2,0.48890153,-1.8356785,8.211032,0.054430153,0.00013658311,0.07168583,6.828792,1.533317,3.642228,0.18181328,0.0,0.0,0.0,0.0,0.0,0.0,412.67496,1283.067,-201.0,1278.7974,933.325,-201.0,2333.9072,614.7193,-201.0,0 days 00:00:16.810800801,0 days 00:00:16.830800801
0 days 00:00:00.020000,0 days 00:00:00.040000,answer2,0.46623743,-2.5636246,9.973812,0.044201374,-0.0018350203,0.10580817,6.6804338,2.0480063,2.424684,1.8608822,0.0,0.0,0.0,0.0,0.0,0.0,303.25943,1537.8271,-201.0,1277.83,960.66266,-201.0,2341.8027,863.35156,-201.0,0 days 00:00:16.820800801,0 days 00:00:16.840800801
0 days 00:00:00.030000,0 days 00:00:00.050000,answer2,0.41944876,-2.697026,9.712247,0.03343183,-0.001404558,0.09471395,6.006394,1.9968438,7.541205,5.1785464,0.0,0.0,0.0,0.0,0.0,0.0,336.99292,1480.4772,-201.0,1340.3339,900.3311,-201.0,2327.1458,950.91327,-201.0,0 days 00:00:16.830800801,0 days 00:00:16.850800801
0 days 00:00:00.040000,0 days 00:00:00.060000,answer2,0.38847908,-2.9903927,9.956044,0.030424783,-0.004984008,0.08311171,5.947266,2.5685241,11.509664,5.8157563,0.0,0.0,0.0,0.0,0.0,0.0,338.8783,1453.34,-201.0,1350.5536,835.778,-201.0,2331.9492,918.70087,-201.0,0 days 00:00:16.840800801,0 days 00:00:16.860800801
0 days 00:00:00.050000,0 days 00:00:00.070000,answer2,0.38796878,-2.6428914,8.788886,0.033352807,-0.0042511784,0.0806491,5.8820796,2.322149,14.923195,8.468223,0.0,0.0,0.0,0.0,0.0,0.0,437.19443,1166.1383,-201.0,1394.3124,666.74133,-201.0,2369.422,750.89307,-201.0,0 days 00:00:16.850800801,0 days 00:00:16.870800801
0 days 00:00:00.060000,0 days 00:00:00.080000,answer2,0.49448082,-0.16772683,4.8271427,0.028192371,-0.008382298,0.12505925,4.1796327,0.09798058,20.790129,4.967179,0.0,0.0,0.0,0.0,0.0,0.0,440.2391,1056.9054,-201.0,1403.0654,449.12158,-201.0,2410.8108,747.99854,-201.0,0 days 00:00:16.860800801,0 days 00:00:16.880800801
0 days 00:00:00.070000,0 days 00:00:00.090000,answer2,0.5848234,2.9370215,0.90712434,0.02111414,-0.0057621845,0.15114135,0.6066149,-2.1523829,23.413757,3.7993152,0.0,0.0,0.0,0.0,0.0,0.0,460.58313,995.0091,-201.0,1392.5236,369.47583,-201.0,2411.6067,785.2211,-201.0,0 days 00:00:16.870800801,0 days 00:00:16.890800801
0 days 00:00:00.080000,0 days 00:00:00.100000,answer2,0.62802684,3.7686386,0.09214735,0.043998852,-0.011584468,0.17106171,-0.7401893,-1.8034134,23.81838,-5.343118,0.0,0.0,0.0,0.0,0.0,0.0,368.31473,1034.5332,-201.0,1417.3267,243.50786,-201.0,2389.3982,809.45526,-201.0,0 days 00:00:16.880800801,0 days 00:00:16.900800801
0 days 00:00:00.090000,0 days 00:00:00.110000,answer2,0.56426686,3.0737495,0.4881641,0.055901993,-0.009012009,0.14109205,-0.5275374,-0.7807409,21.732885,-8.011895,0.0,0.0,0.0,0.0,0.0,0.0,648.0872,889.27423,-201.0,1629.2994,463.58533,-201.0,2651.3083,703.1999,-201.0,0 days 00:00:16.890800801,0 days 00:00:16.910800801
0 days 00:00:00.100000,0 days 00:00:00.120000,answer2,0.48435345,0.8324743,2.5437586,0.06686354,-0.009107801,0.1235858,1.8530842,1.9738159,21.191687,-7.712951,0.0,0.0,0.0,0.0,0.0,0.0,944.9424,954.55054,-201.0,1818.4425,736.68304,-201.0,2917.4246,611.0772,-201.0,0 days 00:00:16.900800801,0 days 00:00:16.920800801
0 days 00:00:00.110000,0 days 00:00:00.130000,answer2,0.4385055,-0.8786664,3.135196,0.049287006,-0.011525941,0.10203516,4.3643775,2.496803,16.090807,-8.551676,0.0,0.0,0.0,0.0,0.0,0.0,1019.144,963.28534,-201.0,1843.7782,1155.7269,-201.0,2818.463,658.9954,-201.0,0 days 00:00:16.910800801,0 days 00:00:16.930800801
0 days 00:00:00.120000,0 days 00:00:00.140000,answer2,0.40079018,-2.872975,6.1924253,0.041732747,-0.011075586,0.089360185,7.262482,2.2483113,10.290143,-7.084116,0.0,0.0,0.0,0.0,0.0,0.0,711.24194,1167.9584,-201.0,1619.3129,1112.6797,-201.0,2541.5737,674.8711,-201.0,0 days 00:00:16.920800801,0 days 00:00:16.940800801
0 days 00:00:00.130000,0 days 00:00:00.150000,answer2,0.37171683,-4.221615,8.207314,0.03103544,-0.0093146665,0.081081025,9.416597,1.5124831,9.069135,-3.9931622,0.0,0.0,0.0,0.0,0.0,0.0,314.36298,1361.6875,-130.6118,1405.4276,977.5827,-136.42676,2228.956,788.92554,-135.42677,0 days 00:00:16.930800801,0 days 00:00:16.950800801
0 days 00:00:00.140000,0 days 00:00:00.160000,answer2,0.34232676,-4.843433,10.451877,0.0315951,-0.0053761476,0.07372552,9.934361,1.4251877,11.478854,1.6083721,12.760553,0.0,0.0,-4.9493656,-102.21828,-92.75107,290.5564,1431.8765,-61.545486,1357.152,856.48114,-69.94774,2273.987,801.0599,-69.589935,0 days 00:00:16.940800801,0 days 00:00:16.960800801
0 days 00:00:00.150000,0 days 00:00:00.170000,answer2,0.3326846,-6.1867204,11.618426,0.028141016,-0.006612577,0.07918926,11.693234,3.0280697,11.555932,5.0441403,14.494494,0.0,0.0,-3.937682,-65.713936,-53.352657,307.8566,1459.268,8.656574,1343.6025,960.04474,-3.6401272,2239.8545,863.4394,-4.873139,0 days 00:00:16.950800801,0 days 00:00:16.970800801
0 days 00:00:00.160000,0 days 00:00:00.180000,answer2,0.34049973,-8.417792,14.312047,0.032603513,-0.009840428,0.087450705,14.28228,5.498791,9.298436,1.8272829,16.323313,0.0,0.0,-3.046119,-63.067905,-48.10416,349.77905,1496.0433,9.01617,1281.3265,1141.0508,-2.4817274,2212.203,773.4158,-6.270533,0 days 00:00:16.960800801,0 days 00:00:16.980800801
0 days 00:00:00.170000,0 days 00:00:00.190000,answer2,0.35316756,-10.076749,17.326612,0.035222095,-0.007622324,0.106781036,16.467201,7.554807,7.3285804,4.343002,18.382772,0.0,0.0,-1.3061509,4.382954,28.255087,613.4668,1330.0237,4.5321174,1564.8434,1027.6329,-5.8581176,2585.3948,649.48553,-10.564266,0 days 00:00:16.970800801,0 days 00:00:16.990800801
0 days 00:00:00.180000,0 days 00:00:00.200000,answer2,0.39010212,-13.43736,21.53277,0.04252258,-0.0074723847,0.20623147,19.91194,9.925881,9.607834,7.593715,18.638905,0.0,0.0,-1.2272042,1.9091746,30.69927,867.3765,1327.3622,-1.7900254,1854.1066,982.7244,-8.679,2949.87,746.3338,-14.6347685,0 days 00:00:16.980800801,0 days 00:00:17.000800801
0 days 00:00:00.190000,0 days 00:00:00.210000,answer2,0.39852068,-16.097809,24.501413,0.04674709,-0.0063101873,0.24050915,21.436636,12.014863,15.221275,12.999547,18.699945,0.0,3.5736613,-1.6554607,-0.12874635,28.99813,859.8452,1197.0983,-1.2042736,1936.2985,816.3493,-11.333102,2970.9883,798.9324,-15.231282,0 days 00:00:16.990800801,0 days 00:00:17.010800801
0 days 00:00:00.200000,0 days 00:00:00.220000,answer2,0.424661,-18.61234,25.11376,0.047041375,-0.009747363,0.29297912,23.95656,15.036499,18.139093,14.481008,17.374252,0.058917344,3.0481708,-2.0039976,-2.3349104,26.100983,805.45233,1238.4564,4.7781186,1862.4863,801.12933,-6.011154,2967.0635,860.0656,-10.153308,0 days 00:00:17.000800801,0 days 00:00:17.020800801
0 days 00:00:00.210000,0 days 00:00:00.230000,answer2,0.43304256,-18.100386,24.353922,0.04661091,-0.00854198,0.26878038,23.938158,14.396695,18.53637,14.4995165,16.071344,0.058917344,1.9971899,-1.4664453,-5.170992,22.895668,787.9878,1185.1283,10.464114,1852.2817,736.6955,-2.0848286,2991.8438,779.8704,-5.540918,0 days 00:00:17.010800801,0 days 00:00:17.030800801
0 days 00:00:00.220000,0 days 00:00:00.240000,answer2,0.4389454,-16.465372,22.372383,0.045704294,-0.0058537167,0.33573893,23.341965,13.839649,14.984836,13.510806,14.798379,0.112463355,1.4200467,-0.18330531,-7.9224834,22.308365,1067.0577,1150.4961,8.856208,2112.015,688.38715,1.3051292,3384.8105,718.925,-3.3814585,0 days 00:00:17.020800801,0 days 00:00:17.040800801
0 days 00:00:00.230000,0 days 00:00:00.250000,answer2,0.45130312,-16.074709,24.246275,0.05579415,-0.0041548754,0.38030243,23.64737,13.328086,14.100204,9.788499,14.837583,0.101038106,1.2413862,0.3963883,-9.248752,22.158125,1077.8939,1084.2545,5.8881354,2180.7285,667.4797,-1.4340233,3383.8333,663.59247,-7.0386233,0 days 00:00:17.030800801,0 days 00:00:17.050800801
0 days 00:00:00.240000,0 days 00:00:00.260000,answer2,0.42520157,-16.646286,25.837662,0.06323902,-0.005430905,0.36656347,22.365011,15.894596,12.84126,6.4844985,14.705163,0.12209848,1.0627255,0.15438598,-9.115199,22.601892,1056.1678,1185.4087,3.5814266,2157.7822,712.3189,-2.7351906,3352.2542,591.78345,-9.384084,0 days 00:00:17.040800801,0 days 00:00:17.060800801
0 days 00:00:00.250000,0 days 00:00:00.270000,answer2,0.42058173,-17.87519,28.213205,0.07582291,-0.007373274,0.32930866,22.586187,16.318716,11.499302,2.8693058,14.427784,0.0,1.1566758,-0.22161104,-9.469414,22.738047,1033.582,1179.2094,4.269673,2134.6506,728.56305,-0.36620507,3351.6921,575.9329,-8.585083,0 days 00:00:17.050800801,0 days 00:00:17.070800801
0 days 00:00:00.260000,0 days 00:00:00.280000,answer2,0.40910593,-18.086763,25.208517,0.082268454,-0.009595207,0.3109755,22.723635,16.210768,12.0169,3.474041,14.151093,0.025561081,0.7588744,0.04905955,-11.154842,16.982265,828.00214,1277.9149,12.735545,1846.6748,912.97144,1.666613,2955.871,614.6142,-2.444533,0 days 00:00:17.060800801,0 days 00:00:17.080800801
0 days 00:00:00.270000,0 days 00:00:00.290000,answer2,0.41541567,-17.29641,23.6896,0.09972161,-0.007924135,0.3093896,22.120003,11.99276,11.822334,3.8085089,13.959073,0.025561081,0.36107302,0.5174797,-12.628491,14.642964,905.29785,1195.0498,13.313056,1857.0045,946.386,4.4752107,2977.3323,653.84863,0.45990667,0 days 00:00:17.070800801,0 days 00:00:17.090800801
0 days 00:00:00.280000,0 days 00:00:00.300000,answer2,0.42263126,-16.725922,23.476007,0.08633611,-0.0063818605,0.27394003,22.110086,11.446307,12.202937,7.395164,13.8580475,0.0,0.41120884,0.99170923,-12.684802,14.243703,911.01056,1200.2711,14.727943,1865.6022,990.7414,5.4623947,2916.1348,729.85333,1.7129389,0 days 00:00:17.080800801,0 days 00:00:17.100800801
0 days 00:00:00.290000,0 days 00:00:00.310000,answer2,0.43455076,-16.024467,22.75451,0.0739005,-0.00860753,0.24497159,21.020586,9.960322,12.658165,9.806903,13.821687,0.008740053,0.5546138,0.98055,-11.368172,16.237507,879.8232,1295.1632,16.933472,1852.6676,1016.0993,8.632059,2929.7246,733.22784,3.8669672,0 days 00:00:17.090800801,0 days 00:00:17.110800801
0 days 00:00:00.300000,0 days 00:00:00.320000,answer2,0.4282736,-15.755684,21.726137,0.055842202,-0.010289224,0.27613404,21.747644,11.470749,13.391178,10.931588,13.842828,0.0,0.66100687,0.76098543,-10.724698,15.6191635,776.41327,1288.3368,-50.90324,1827.7148,904.7366,-60.288425,2855.298,728.56903,-61.950695,0 days 00:00:17.100800801,0 days 00:00:17.120800801
0 days 00:00:00.310000,0 days 00:00:00.330000,answer2,0.44263077,-16.116314,19.666653,0.062434923,-0.017219411,0.30728638,23.398947,11.147269,13.998306,10.018823,13.928533,0.006486034,0.59849995,0.4455204,0.0,0.0,724.0184,1298.6752,-122.73202,1799.5831,872.9189,-130.1121,2813.425,842.6268,-129.7415,0 days 00:00:17.110800801,0 days 00:00:17.130800801
0 days 00:00:00.320000,0 days 00:00:00.340000,answer2,0.42387247,-16.50049,20.643068,0.0571526,-0.012385932,0.2667534,23.748322,11.488071,14.969213,11.323898,14.05305,0.006486034,0.53599316,0.56556565,0.0,0.0,1027.8273,1194.6996,-131.15848,2080.9915,709.4744,-131.73457,3179.676,843.9931,-135.2432,0 days 00:00:17.120800801,0 days 00:00:17.140800801
0 days 00:00:00.330000,0 days 00:00:00.350000,answer2,0.420537,-16.589518,21.679193,0.042035397,-0.0094366595,0.21121353,23.50373,13.145444,15.3294935,12.078354,14.188023,0.0,0.39710438,0.7895427,-6.7711763,24.52977,1091.616,1158.4469,-60.24596,2129.3442,680.2796,-61.219086,3296.7773,702.52295,-67.17631,0 days 00:00:17.130800801,0 days 00:00:17.150800801
0 days 00:00:00.340000,0 days 00:00:00.360000,answer2,0.41146424,-16.800152,22.172216,0.034843687,-0.00758959,0.20283855,22.301687,14.760953,17.36144,12.456817,14.3114195,0.023415491,0.28371063,0.6974442,-6.7710724,21.81511,876.30255,1245.2157,16.720211,1889.8092,821.4678,6.620634,2990.6719,543.43066,1.3603821,0 days 00:00:17.140800801,0 days 00:00:17.160800801
0 days 00:00:00.350000,0 days 00:00:00.370000,answer2,0.39555088,-16.614824,22.105589,0.034403395,-0.007164894,0.20813046,21.78244,15.74046,15.677892,11.24274,14.374935,0.0,0.78787285,0.8219366,-6.6826587,20.835382,898.1026,1192.8302,15.105583,1909.0717,770.8757,4.8360662,3117.3105,420.10953,1.4604288,0 days 00:00:17.150800801,0 days 00:00:17.170800801
0 days 00:00:00.360000,0 days 00:00:00.380000,answer2,0.4101089,-18.001198,21.989912,0.05583876,-0.0139549,0.21347491,22.818586,16.822943,15.564359,7.745814,14.371333,0.006750078,1.57617,1.0981667,-6.7675805,20.381212,827.36035,1309.6761,14.774441,1855.3239,819.26886,2.6325457,3061.487,538.7828,0.31224403,0 days 00:00:17.160800801,0 days 00:00:17.180800801
0 days 00:00:00.370000,0 days 00:00:00.390000,answer2,0.40557244,-18.020903,22.402397,0.054192945,-0.014771692,0.21720226,23.369661,16.045393,13.639046,5.6728497,14.217465,0.006750078,2.364467,1.1048304,-7.0210576,23.410143,1051.8566,1260.3248,9.438309,2106.6113,644.17645,5.671433,3416.8953,592.23145,-0.096067585,0 days 00:00:17.170800801,0 days 00:00:17.190800801
0 days 00:00:00.380000,0 days 00:00:00.400000,answer2,0.40935364,-17.480453,21.95804,0.05425547,-0.016532047,0.20830911,22.305098,14.945716,15.608482,4.1516023,14.003376,0.0,1.9229826,0.17678797,-8.069348,21.379684,970.72296,1332.5034,12.08565,2038.8514,671.209,8.179794,3239.3127,678.04175,4.0098,0 days 00:00:17.180800801,0 days 00:00:17.200800801
0 days 00:00:00.390000,0 days 00:00:00.410000,answer2,0.4002501,-16.917212,21.242617,0.049729515,-0.017121257,0.17969973,21.714775,15.291901,15.270386,5.2490697,13.828662,0.016761772,1.763733,-0.54208714,-10.180608,19.142605,755.9475,1463.2982,20.79647,1819.7251,1415.9127,8.714311,2745.7383,739.5996,6.460362,0 days 00:00:17.190800801,0 days 00:00:17.210800801
0 days 00:00:00.400000,0 days 00:00:00.420000,answer2,0.397882,-17.859154,22.6337,0.059205692,-0.016093604,0.15595348,22.648386,16.223257,16.910814,9.454274,13.847977,0.016761772,1.6044836,-0.36050963,-11.905322,16.334343,725.2143,1822.4879,21.722397,1760.2383,1565.317,6.5755157,2644.2236,1035.2312,7.0889325,0 days 00:00:17.200800801,0 days 00:00:17.220800801
0 days 00:00:00.410000,0 days 00:00:00.430000,answer2,0.40429688,-19.665087,24.47123,0.068595044,-0.023363233,0.17169257,23.899462,18.315142,15.703323,9.293093,14.018994,0.0,2.0309505,0.2886424,-12.896613,16.262608,775.73047,1910.7054,-49.151844,1788.8989,1592.326,-63.413696,2673.718,1087.0105,-62.87379,0 days 00:00:17.210800801,0 days 00:00:17.230800801
0 days 00:00:00.420000,0 days 00:00:00.440000,answer2,0.4024222,-19.824028,25.500483,0.077300854,-0.018170698,0.19145674,23.546219,18.117504,13.786346,10.99189,14.261292,0.0018913082,2.0044415,0.6220927,0.0,0.0,984.59796,1675.3594,-56.507782,2009.5186,819.5996,-63.65712,3162.7683,926.9995,-65.49208,0 days 00:00:17.220800801,0 days 00:00:17.240800801
0 days 00:00:00.430000,0 days 00:00:00.450000,answer2,0.39369282,-17.474634,24.44752,0.08358431,-0.016872037,0.18854785,21.714258,16.458273,9.962214,7.4044967,14.47464,0.0,1.5215802,0.86208314,-7.555092,22.833551,1013.2581,1227.7134,-129.06374,2036.7186,763.0192,-132.39693,3163.1306,636.03265,-134.24902,0 days 00:00:17.230800801,0 days 00:00:17.250800801
0 days 00:00:00.440000,0 days 00:00:00.460000,answer2,0.40108213,-17.00444,24.3126,0.08819723,-0.010832206,0.2094742,22.618177,15.918361,8.381523,5.0935683,14.599555,0.022621594,1.1250868,0.96297675,0.0,0.0,939.40894,1054.716,-61.48464,2028.6383,707.56085,-66.94973,3193.458,530.947,-71.18658,0 days 00:00:17.240800801,0 days 00:00:17.260800801
0 days 00:00:00.450000,0 days 00:00:00.470000,answer2,0.39989257,-16.575453,24.198793,0.075994335,-0.013471245,0.21597318,23.084053,14.14323,10.455088,4.9591503,14.66677,0.022621594,0.7285933,1.2683306,-11.937785,15.83289,701.7193,1258.5836,-58.95077,1766.2633,949.76105,-66.85637,2799.663,679.4883,-71.1515,0 days 00:00:17.250800801,0 days 00:00:17.270800801
0 days 00:00:00.460000,0 days 00:00:00.480000,answer2,0.4017843,-17.438585,24.879166,0.07112517,-0.00929816,0.21319811,23.428152,13.995326,10.606849,6.8438683,14.766441,0.0,0.78004473,1.157147,-11.546786,17.87335,757.88007,1309.9069,10.006114,1873.4537,995.59033,0.20359798,2927.0515,1091.923,-7.1040497,0 days 00:00:17.260800801,0 days 00:00:17.280800801
0 days 00:00:00.470000,0 days 00:00:00.490000,answer2,0.39688697,-16.560534,23.93662,0.0688306,-0.007650456,0.17840324,22.140684,12.979085,10.048889,11.45304,14.957158,0.0058858492,0.946165,1.0508509,-10.106738,16.92336,785.82544,1388.1908,11.407048,1870.0958,1138.7496,0.5169117,2836.4133,1348.2308,-4.0339227,0 days 00:00:17.270800801,0 days 00:00:17.290800801
0 days 00:00:00.480000,0 days 00:00:00.500000,answer2,0.39460468,-15.666059,23.114767,0.068794005,-0.0063289055,0.164533,20.984844,13.712563,7.598713,10.4088335,15.1837225,0.0058858492,1.1122853,1.0370336,-7.9173355,21.81032,1077.8871,1198.7748,5.3623657,2184.9182,892.7045,-2.0137086,3248.2646,1237.0991,-6.7396817,0 days 00:00:17.280800801,0 days 00:00:17.300800801
0 days 00:00:00.490000,0 days 00:00:00.510000,answer2,0.40132275,-16.001123,22.283548,0.059484605,-0.012962046,0.1820628,20.220385,15.036118,8.298045,8.697197,15.328074,0.0,0.997824,0.3987603,-5.2850776,21.612413,1044.4185,1252.0547,7.177587,2102.4902,845.1943,-1.1636068,3162.9885,942.1006,-2.4054263,0 days 00:00:17.290800801,0 days 00:00:17.310800801
0 days 00:00:00.500000,0 days 00:00:00.520000,answer2,0.40424773,-17.502407,24.605902,0.053829357,-0.01986151,0.20808665,20.826439,18.862114,8.821294,4.572041,19.152855,0.028444272,0.70883507,-0.41851518,1.8004249,27.165527,1011.3877,1319.8812,-0.95855266,2111.9453,760.8926,-7.2250323,3213.5967,737.1285,-9.210825,0 days 00:00:17.300800801,0 days 00:00:17.320800801
0 days 00:00:00.510000,0 days 00:00:00.530000,answer2,0.40686357,-18.777617,25.50795,0.06311957,-0.02103307,0.24362083,21.077993,19.371649,10.358001,3.037729,22.886591,0.31494066,1.6227202,0.14610092,7.6063933,31.322454,1032.3129,1355.0892,-8.350643,2101.5918,755.0418,-13.731244,3204.7568,714.40546,-15.152242,0 days 00:00:17.310800801,0 days 00:00:17.330800801
0 days 00:00:00.520000,0 days 00:00:00.540000,answer2,0.4120907,-19.78497,27.95166,0.07399342,-0.01958506,0.28156304,22.044989,20.604155,11.002664,3.105901,26.673653,0.6014371,2.8255947,1.7290803,12.198651,35.382965,807.4026,1301.8271,-11.596114,1887.169,743.20294,-21.41237,2956.486,603.6705,-23.551752,0 days 00:00:17.320800801,0 days 00:00:17.340800801
0 days 00:00:00.530000,0 days 00:00:00.550000,answer2,0.41319832,-19.207253,27.45639,0.087904714,-0.013805415,0.26616564,21.479065,17.867273,10.186313,6.268297,26.621452,0.6056777,3.9979556,3.072303,10.944747,35.48981,840.5501,1211.1327,-11.100085,1853.8405,771.33545,-21.255198,2956.429,632.0241,-23.522284,0 days 00:00:17.330800801,0 days 00:00:17.350800801
0 days 00:00:00.540000,0 days 00:00:00.560000,answer2,0.42018905,-20.245644,29.876486,0.09013676,-0.015935158,0.21779792,22.781157,19.19336,10.015405,8.216287,26.460785,0.3321655,3.5928853,2.5374362,10.084676,34.176212,763.51025,1779.6693,-10.699094,1739.0771,967.65894,-22.45738,2859.4202,814.7757,-22.448648,0 days 00:00:17.340800801,0 days 00:00:17.360800801
0 days 00:00:00.550000,0 days 00:00:00.570000,answer2,0.42255273,-21.148632,30.26142,0.08637933,-0.01717765,0.16737352,23.204336,20.323095,10.1292305,5.822125,22.246286,0.20024513,2.8427303,1.6135381,9.672632,34.49328,943.81445,1725.0223,-78.22573,1953.2408,868.7229,-82.686325,3119.554,726.77167,-82.43084,0 days 00:00:17.350800801,0 days 00:00:17.370800801
0 days 00:00:00.560000,0 days 00:00:00.580000,answer2,0.42071664,-21.43989,30.607874,0.07222143,-0.018479543,0.1840059,23.372581,21.566965,12.050981,4.252169,18.047544,0.20438963,2.0842178,0.7905838,0.0,0.0,711.9416,1797.0273,-61.79983,1760.7797,991.6753,-72.880394,2809.841,800.966,-73.04672,0 days 00:00:17.360800801,0 days 00:00:17.380800801
0 days 00:00:00.570000,0 days 00:00:00.590000,answer2,0.40040722,-19.523827,29.072891,0.052696113,-0.013734236,0.21195023,22.236618,19.455727,11.446977,6.4463887,14.011402,0.18549795,1.2606925,0.24674977,-3.3967748,19.805573,742.7871,1207.1816,-56.205643,1833.8656,879.75055,-66.996864,2876.5671,724.88794,-69.35966,0 days 00:00:17.370800801,0 days 00:00:17.390800801
0 days 00:00:00.580000,0 days 00:00:00.600000,answer2,0.39738366,-19.121767,29.738289,0.05815663,-0.009311811,0.25808322,21.902765,17.724707,8.959125,8.488437,14.173729,0.03216078,0.7822524,-0.51778173,-2.7317152,20.709883,817.9737,1225.1531,16.254059,1908.8662,944.5886,4.709122,2941.1462,776.6928,-0.10528787,0 days 00:00:17.380800801,0 days 00:00:17.400800801
0 days 00:00:00.590000,0 days 00:00:00.610000,answer2,0.379663,-17.583036,28.519445,0.07210866,-0.010007521,0.28363696,20.082548,15.362144,8.053859,7.3301563,14.41109,0.0,0.7423299,-1.5789255,-2.6188865,21.731426,1134.6871,1173.0858,-61.51177,2147.5881,848.9907,-64.95306,3270.55,663.60297,-68.846054,0 days 00:00:17.390800801,0 days 00:00:17.410800801
0 days 00:00:00.600000,0 days 00:00:00.620000,answer2,0.39101198,-17.786018,27.612528,0.0769854,-0.00790623,0.2502142,19.507557,15.379089,10.910606,5.702432,18.467484,0.4678323,2.634969,-1.0517938,0.0,0.0,1140.131,1142.5547,-64.4497,2165.047,768.24994,-66.605446,3279.6628,602.88873,-71.15128,0 days 00:00:17.400800801,0 days 00:00:17.420800801
0 days 00:00:00.610000,0 days 00:00:00.630000,answer2,0.39187637,-17.747963,25.956436,0.07652533,-0.007072843,0.22641774,18.751654,17.096884,15.105298,8.486776,22.377213,0.32665625,4.0405145,0.47475004,9.526518,27.167526,842.28815,1298.869,-65.06226,1850.8871,889.51117,-74.97059,2920.1863,623.93744,-75.93331,0 days 00:00:17.410800801,0 days 00:00:17.430800801
0 days 00:00:00.620000,0 days 00:00:00.640000,answer2,0.4061717,-17.577307,24.90193,0.061620027,-0.004273783,0.23801655,19.729637,17.216534,15.155116,11.015652,26.275488,0.33476686,5.047102,2.865094,9.124391,29.628637,750.5335,1225.7681,0.438193,1841.7822,769.6836,-13.486602,2934.4453,623.1169,-16.174046,0 days 00:00:17.420800801,0 days 00:00:17.440800801
0 days 00:00:00.630000,0 days 00:00:00.650000,answer2,0.43246356,-16.56605,23.577513,0.06670105,-0.006092912,0.27549085,19.657463,15.496249,12.322324,11.316808,26.314215,0.058519553,3.948267,4.018741,8.335038,31.324602,738.7802,1217.2897,1.3861336,1858.7301,776.888,-14.17543,2983.5603,774.6509,-18.603455,0 days 00:00:17.430800801,0 days 00:00:17.450800801
0 days 00:00:00.640000,0 days 00:00:00.660000,answer2,0.4549305,-14.001018,20.763735,0.062110394,-0.00764568,0.2445898,19.57837,10.776954,10.806909,9.704035,26.311386,0.051905338,3.0795727,4.789299,7.787707,34.720676,1001.6365,1015.7215,-5.43724,2126.1902,580.6225,-15.495297,3333.1807,793.9966,-23.425875,0 days 00:00:17.440800801,0 days 00:00:17.460800801
0 days 00:00:00.650000,0 days 00:00:00.670000,answer2,0.4687324,-14.303597,20.897848,0.060216382,-0.009736553,0.16965298,20.77862,9.744777,11.474297,9.396013,26.281832,0.04088514,2.8600624,5.360991,7.42913,31.289701,984.1572,999.4627,-5.9281774,2119.1785,625.94604,-15.523205,3219.0938,941.7775,-20.930061,0 days 00:00:17.450800801,0 days 00:00:17.470800801
0 days 00:00:00.660000,0 days 00:00:00.680000,answer2,0.46566662,-14.548111,21.266787,0.06024306,-0.010320424,0.14589627,21.89137,9.294601,13.427051,10.897714,26.258383,0.022194752,2.8734207,5.5867314,7.454815,30.47587,1018.7408,1053.564,-6.000088,2116.5535,671.66156,-15.634758,3132.8513,954.6849,-20.49087,0 days 00:00:17.460800801,0 days 00:00:17.480800801
0 days 00:00:00.670000,0 days 00:00:00.690000,answer2,0.45252803,-15.217809,22.190653,0.067085184,-0.0060048387,0.13165633,22.714025,9.413673,13.449573,13.694382,26.20989,0.023746429,2.799903,5.156133,7.7707534,31.113535,1022.9484,1084.254,-5.9936986,2118.029,689.8825,-16.349077,3123.3867,935.6804,-21.326254,0 days 00:00:17.470800801,0 days 00:00:17.490800801
0 days 00:00:00.680000,0 days 00:00:00.700000,answer2,0.4385189,-15.399287,23.057146,0.058515478,-0.0044314545,0.14754121,21.66423,10.121066,13.7887335,14.9688225,26.121992,0.021902768,1.610322,4.671572,7.9694176,34.77953,1033.3131,1081.0818,-6.4452724,2122.7498,657.4412,-15.550956,3222.2136,851.059,-25.439552,0 days 00:00:17.480800801,0 days 00:00:17.500800801
0 days 00:00:00.690000,0 days 00:00:00.710000,answer2,0.44343424,-15.488938,23.277601,0.06942633,-0.006228619,0.13905334,21.820112,10.494267,13.791232,12.410399,26.00611,0.014003791,1.1721705,3.5875225,7.8648047,35.47199,1011.3413,1033.4083,-10.558,2131.2708,590.8858,-15.631616,3277.4805,707.6268,-27.106077,0 days 00:00:17.490800801,0 days 00:00:17.510800801
0 days 00:00:00.700000,0 days 00:00:00.720000,answer2,0.4392189,-14.912896,22.75033,0.049999565,-0.013053771,0.14825131,21.269123,10.479632,13.241325,11.77858,25.87818,0.0125958035,1.4585797,2.2621427,7.746914,34.190735,1020.8186,1058.5715,-15.840842,2122.7969,670.3803,-16.88003,3246.361,888.04395,-27.17953,0 days 00:00:17.500800801,0 days 00:00:17.520800801
0 days 00:00:00.710000,0 days 00:00:00.730000,answer2,0.45225796,-13.876289,20.153141,0.05946036,-0.015538375,0.1306676,22.024185,8.708374,13.324017,10.619369,25.790682,0.022732422,1.8498683,1.4741796,7.9581985,34.215862,1109.4486,1108.8732,-21.973028,2146.6038,714.57153,-20.614117,3297.5144,896.83124,-28.262583,0 days 00:00:17.510800801,0 days 00:00:17.530800801
0 days 00:00:00.720000,0 days 00:00:00.740000,answer2,0.43446445,-15.548791,21.185644,0.04175694,-0.019754263,0.1487517,22.568449,12.068925,14.804367,9.076168,25.802057,0.022528952,1.7713642,1.4902649,8.71774,32.846058,1056.5898,1188.4752,-21.528046,2092.009,747.68207,-23.381868,3269.129,918.02985,-27.283018,0 days 00:00:17.520800801,0 days 00:00:17.540800801
0 days 00:00:00.730000,0 days 00:00:00.750000,answer2,0.40920886,-16.902727,22.429129,0.040559817,-0.020839972,0.17562489,22.869303,14.847954,15.736949,6.0003076,25.939844,0.043436747,2.106722,1.2373378,9.868947,34.535213,1030.8494,1155.362,-21.568604,2105.078,630.1391,-24.314178,3318.6462,666.5418,-28.928383,0 days 00:00:17.530800801,0 days 00:00:17.550800801
0 days 00:00:00.740000,0 days 00:00:00.760000,answer2,0.40959847,-18.247694,25.236696,0.041295256,-0.018778322,0.2040056,23.396881,17.684637,14.033122,5.003468,26.007605,0.05826646,3.2003498,0.22416206,11.188835,32.933292,949.46356,1207.2266,-19.80499,2018.1388,785.313,-24.132929,3179.9055,639.3054,-27.074997,0 days 00:00:17.540800801,0 days 00:00:17.560800801
0 days 00:00:00.750000,0 days 00:00:00.770000,answer2,0.41864586,-17.147776,24.452042,0.043147627,-0.014662504,0.20766275,23.231249,15.511627,14.817634,7.4673157,25.998117,0.065789215,4.0412135,-0.11807684,12.157758,32.217068,979.13727,1243.9366,-20.354721,2024.0933,840.60724,-24.863623,3121.048,789.0628,-26.172926,0 days 00:00:17.550800801,0 days 00:00:17.570800801
0 days 00:00:00.760000,0 days 00:00:00.780000,answer2,0.43261883,-18.282696,26.20643,0.062416602,-0.013154604,0.23419356,23.051336,17.020763,17.244234,7.5120335,25.966898,0.046617594,3.3367937,0.88160974,12.606311,30.908056,1013.4495,1368.7983,-18.451244,2025.1871,920.93964,-25.924438,3078.9285,906.50323,-24.54511,0 days 00:00:17.560800801,0 days 00:00:17.580800801
0 days 00:00:00.770000,0 days 00:00:00.790000,answer2,0.41336226,-18.365784,26.888762,0.05459864,-0.010951203,0.23827045,22.09839,17.897175,19.159292,10.17841,26.019934,0.0626627,3.0041225,2.1894217,12.686849,33.141724,1083.8766,1281.7455,-16.7324,2161.6382,748.5513,-25.619102,3215.9111,896.9798,-26.20392,0 days 00:00:17.570800801,0 days 00:00:17.590800801
0 days 00:00:00.780000,0 days 00:00:00.800000,answer2,0.3972635,-18.411957,28.198889,0.04307403,-0.010514959,0.22360176,21.580664,18.315615,17.045568,9.713895,26.021112,0.060075853,2.8436143,2.7628498,12.313596,33.581043,1070.3368,1120.2831,-16.967878,2187.4812,656.5744,-25.078165,3264.5266,760.8837,-25.940226,0 days 00:00:17.580800801,0 days 00:00:17.600800801
0 days 00:00:00.790000,0 days 00:00:00.810000,answer2,0.4045907,-18.287958,28.794098,0.025916578,-0.0153438,0.21986885,22.49714,16.901451,14.94958,10.4108305,25.976625,0.05370086,3.056773,2.6396477,11.830292,36.12512,1055.5698,1043.0334,-18.356085,2171.2295,680.3926,-24.261362,3261.182,657.919,-27.724922,0 days 00:00:17.590800801,0 days 00:00:17.610800801
0 days 00:00:00.800000,0 days 00:00:00.820000,answer2,0.4002068,-17.761251,28.793154,0.02522331,-0.018110896,0.2471792,23.322687,15.726066,13.052898,9.338283,25.964365,0.027181888,2.5669606,2.490966,11.206878,36.73878,987.1298,1033.0189,-16.841215,2119.793,667.0588,-23.581558,3229.7195,669.1914,-27.556105,0 days 00:00:17.600800801,0 days 00:00:17.620800801
0 days 00:00:00.810000,0 days 00:00:00.830000,answer2,0.39345875,-18.059542,29.623787,0.033443082,-0.01986202,0.24244969,23.892763,16.13365,11.330475,9.217995,25.963083,0.02589891,2.4806697,2.719907,10.698147,38.502254,1015.01514,1116.1793,-13.253575,2119.542,788.42554,-20.796843,3233.5984,680.0611,-28.451584,0 days 00:00:17.610800801,0 days 00:00:17.630800801
0 days 00:00:00.820000,0 days 00:00:00.840000,answer2,0.38733026,-17.215185,28.786001,0.050751895,-0.014819478,0.21170615,24.435068,15.483814,11.8060255,8.26045,25.919138,0.029021198,2.9981976,3.4076548,10.129199,37.36963,1002.0285,1076.0411,-8.549476,2130.0374,749.0718,-17.59746,3278.4949,715.94354,-26.97545,0 days 00:00:17.620800801,0 days 00:00:17.640800801
0 days 00:00:00.830000,0 days 00:00:00.850000,answer2,0.3915213,-16.939745,27.772476,0.051672835,-0.017783081,0.20214097,23.903664,14.246722,13.127421,5.277434,25.82839,0.033959094,3.4796293,4.5584526,9.818866,32.002575,973.75146,1036.799,-7.243613,2093.0774,711.8684,-15.92247,3225.3574,753.41724,-22.30014,0 days 00:00:17.630800801,0 days 00:00:17.650800801
0 days 00:00:00.840000,0 days 00:00:00.860000,answer2,0.4201266,-16.356928,25.340204,0.04903539,-0.012072209,0.22825547,23.309792,11.693713,15.628071,7.2424717,25.774149,0.035349816,3.3521767,5.341717,10.031998,27.19912,969.45795,1013.26514,-7.0974126,2095.9866,656.97,-16.439737,3185.5789,851.93646,-18.86548,0 days 00:00:17.640800801,0 days 00:00:17.660800801
0 days 00:00:00.850000,0 days 00:00:00.870000,answer2,0.4354453,-14.4339905,21.280518,0.034848396,-0.008210369,0.22172354,21.7652,8.278796,16.445349,9.930818,25.706125,0.03272584,2.8515444,5.7619157,10.761186,23.344673,957.75977,988.8188,-8.585366,2080.3018,613.892,-17.557064,3125.9668,964.6123,-16.56856,0 days 00:00:17.650800801,0 days 00:00:17.670800801
0 days 00:00:00.860000,0 days 00:00:00.880000,answer2,0.45966104,-14.127446,19.89855,0.0334184,-0.0021158147,0.18103349,22.397575,6.849359,17.135267,13.36924,25.633093,0.014875696,1.9407187,5.7166195,11.910258,25.198265,1005.86554,1057.3743,-10.544801,2118.2903,644.02704,-18.359686,3137.9363,965.6171,-19.595755,0 days 00:00:17.660800801,0 days 00:00:17.680800801
0 days 00:00:00.870000,0 days 00:00:00.890000,answer2,0.47399712,-13.678182,19.535013,0.025179312,-0.005597427,0.16112384,23.843567,5.970594,15.857875,13.910855,25.549316,0.011736374,1.3505427,5.361711,13.145843,26.604284,980.06616,1034.9022,-11.873627,2090.4,655.7165,-19.622206,3062.3777,966.7588,-21.603556,0 days 00:00:17.670800801,0 days 00:00:17.690800801
0 days 00:00:00.880000,0 days 00:00:00.900000,answer2,0.46526122,-14.442693,21.828886,0.007351402,-0.008409243,0.15155226,24.081846,7.366256,15.881457,13.707329,25.491282,0.009856218,1.2119895,4.9464736,13.831479,25.481401,985.9206,1042.7605,-11.854256,2088.4944,704.37213,-20.860567,3031.446,1067.3514,-20.510109,0 days 00:00:17.680800801,0 days 00:00:17.700800801
0 days 00:00:00.890000,0 days 00:00:00.910000,answer2,0.45434472,-14.223474,21.955725,0.013007812,-0.009435034,0.15588395,23.84356,7.9687934,14.404751,15.547767,25.48684,0.0124014765,1.4449762,4.297277,13.944438,24.721315,978.87305,1060.7489,-10.602254,2073.9978,803.1933,-21.45054,2950.461,1278.5408,-19.611439,0 days 00:00:17.690800801,0 days 00:00:17.710800801
0 days 00:00:00.900000,0 days 00:00:00.920000,answer2,0.43865886,-13.650891,20.462921,0.024742275,-0.0070973164,0.14408259,21.81011,9.160985,14.853061,13.822899,25.546198,0.017358296,1.1842211,4.0300555,13.413053,27.155157,1022.9091,1104.0248,-9.145114,2121.9934,741.1513,-20.7181,3111.9766,1203.2041,-22.205902,0 days 00:00:17.700800801,0 days 00:00:17.720800801
0 days 00:00:00.910000,0 days 00:00:00.930000,answer2,0.46311402,-13.43472,19.941185,0.037483823,-0.006841671,0.15746565,22.052217,9.077588,12.672282,14.480128,25.608263,0.028726384,0.7388926,4.296311,12.394279,27.417456,1037.3549,1145.5143,-8.115868,2138.1536,772.89606,-19.36226,3130.1418,1148.9882,-22.956564,0 days 00:00:17.710800801,0 days 00:00:17.730800801
0 days 00:00:00.920000,0 days 00:00:00.940000,answer2,0.48855662,-12.752534,19.041273,0.03737146,-0.010082453,0.16449754,21.91938,7.3487935,12.183133,12.35061,25.638521,0.03640225,0.3025769,4.8154054,11.412373,25.87233,1030.7987,1135.2657,-7.6505904,2142.3147,737.58905,-18.2497,3181.4182,1049.9438,-21.870768,0 days 00:00:17.720800801,0 days 00:00:17.740800801
0 days 00:00:00.930000,0 days 00:00:00.950000,answer2,0.49820355,-13.095443,19.763462,0.036501627,-0.011388161,0.16555108,22.544083,6.79503,11.781746,13.48375,25.638838,0.040934842,0.42324218,5.217157,10.714656,21.611486,1014.7907,1131.3309,-7.539627,2129.066,818.60724,-17.75563,3079.25,1168.4962,-17.835928,0 days 00:00:17.730800801,0 days 00:00:17.750800801
0 days 00:00:00.940000,0 days 00:00:00.960000,answer2,0.51371574,-12.726832,18.291988,0.049367648,-0.010356882,0.16066526,21.835989,5.971296,11.834488,13.179115,25.681618,0.015714332,2.464575,5.939669,7.3598495,20.287224,926.54755,1059.7251,-10.64331,2039.4106,724.65045,-17.837591,3067.29,1013.6321,-18.04244,0 days 00:00:17.740800801,0 days 00:00:17.760800801
0 days 00:00:00.950000,0 days 00:00:01,answer2,0.5052789,-13.607198,18.184793,0.04176561,-0.011998683,0.16627169,20.704678,9.124191,14.765395,13.575745,25.705217,0.01934693,2.487155,6.1241627,6.978208,20.418524,935.55273,1078.63,-11.534457,2040.922,712.8807,-18.182762,3153.3438,1008.18097,-18.535133,0 days 00:00:17.750800801,0 days 00:00:17.800800801
0 days 00:00:00,0 days 00:00:00.020000,answer3,0.79120535,-3.0905552,19.573503,0.07142991,-0.00085622125,0.16700327,25.564188,-12.06625,-16.812143,-14.810954,0.0,0.0,0.0,0.0,0.0,0.0,341.01062,1204.7422,-201.0,1244.2322,885.7822,-201.0,2355.3901,643.9027,-201.0,0 days 00:00:28,0 days 00:00:28.020000
0 days 00:00:00.010000,0 days 00:00:00.030000,answer3,0.7393033,-3.717622,16.680727,0.0659822,-0.0036530986,0.25417566,23.600115,-11.511443,-12.29131,-11.579009,0.0,0.0,0.0,0.0,0.0,0.0,373.36026,1113.668,-201.0,1269.7701,873.587,-201.0,2334.718,617.17145,-201.0,0 days 00:00:28.010000,0 days 00:00:28.030000
0 days 00:00:00.020000,0 days 00:00:00.040000,answer3,0.71110344,-3.2356567,12.51096,0.05962828,-0.0049765077,0.33232245,19.61809,-11.646417,-10.793323,-9.628235,0.0,0.0,0.0,0.0,0.0,0.0,372.81168,1095.9144,-134.8278,1283.5137,888.99146,-137.84052,2317.9612,619.01373,-139.44229,0 days 00:00:28.020000,0 days 00:00:28.040000
0 days 00:00:00.030000,0 days 00:00:00.050000,answer3,0.71092796,-1.8699784,12.007584,0.06063876,-0.005112826,0.2383641,14.874794,-13.680138,-12.540011,-6.9972463,27.058695,0.0,0.0,-2.0017233,10.382029,18.045334,651.7593,1068.893,-74.87204,1626.2582,899.9536,-77.20425,2612.2117,695.80426,-79.75429,0 days 00:00:28.030000,0 days 00:00:28.050000
0 days 00:00:00.040000,0 days 00:00:00.060000,answer3,0.73062056,-1.0256767,9.694154,0.043978434,-0.006390156,0.23733038,11.672683,-12.071865,-9.192731,-3.528632,26.927183,0.0,0.0,-0.24048638,10.019158,18.326643,654.34607,1166.8077,-10.171703,1620.2494,980.2212,-15.996831,2572.0237,788.85297,-18.252567,0 days 00:00:28.040000,0 days 00:00:28.060000
0 days 00:00:00.050000,0 days 00:00:00.070000,answer3,0.790528,-3.5428116,13.175552,0.025940254,-0.012559648,0.40264013,15.253947,-8.114765,-2.5859745,2.2515116,26.753656,0.0,0.0,2.8550498,9.394921,19.743277,698.1152,1099.9275,-10.83723,1664.6865,957.4951,-18.972261,2592.1128,919.1573,-17.67217,0 days 00:00:28.050000,0 days 00:00:28.070000
0 days 00:00:00.060000,0 days 00:00:00.080000,answer3,0.8134125,-8.812211,16.71758,0.019085556,-0.020999745,0.535482,21.063751,-0.0073862076,8.987737,5.9212375,26.55832,0.0,0.0,4.4394155,7.876474,20.640356,597.83356,1476.1097,-11.52168,1544.7739,986.58307,-17.468,2557.578,859.28467,-17.91547,0 days 00:00:28.060000,0 days 00:00:28.080000
0 days 00:00:00.070000,0 days 00:00:00.090000,answer3,0.8426752,-12.717555,20.164276,0.0319825,-0.02431184,0.5444591,24.744188,5.2729473,17.603767,4.777599,26.367493,0.0,0.494872,4.2518353,6.4255104,23.36025,583.0544,1471.2505,-11.432399,1649.1836,870.5372,-19.56873,2644.3088,1309.939,-21.997046,0 days 00:00:28.070000,0 days 00:00:28.090000
0 days 00:00:00.080000,0 days 00:00:00.100000,answer3,0.7731497,-14.100657,18.29839,0.049619228,-0.025178468,0.40224633,22.417627,9.928761,26.200464,3.3345845,26.036201,0.0037726418,0.48363534,3.3801153,5.45282,24.008368,550.06866,1524.5284,-13.235726,1690.3666,763.472,-23.291014,2715.265,1360.2738,-25.42118,0 days 00:00:28.080000,0 days 00:00:28.100000
0 days 00:00:00.090000,0 days 00:00:00.110000,answer3,0.66496253,-13.650063,17.64913,0.041543588,-0.028205896,0.3364185,21.177343,11.177892,28.085176,4.178477,25.923338,0.0035100474,0.60630256,3.0756385,7.92121,22.8131,366.24326,1162.9066,-12.142082,1537.7662,651.262,-29.322931,2461.7092,1457.8229,-27.033972,0 days 00:00:28.090000,0 days 00:00:28.110000
0 days 00:00:00.100000,0 days 00:00:00.120000,answer3,0.5418485,-14.10199,18.764648,0.031836774,-0.02822047,0.30138063,21.038317,11.398044,28.236395,4.691669,25.893166,0.004195047,1.5986422,3.5388553,9.557308,20.88918,362.45605,1196.1499,-15.836535,1518.522,804.0289,-31.982727,2337.8875,1062.7382,-27.168406,0 days 00:00:28.100000,0 days 00:00:28.120000
0 days 00:00:00.110000,0 days 00:00:00.130000,answer3,0.44009045,-15.169277,21.809446,0.01602291,-0.02958324,0.25293323,22.692629,10.834607,27.2099,2.9297092,26.051765,0.024918906,1.5672231,3.5406144,9.155445,20.645159,377.0884,1216.8441,-18.10214,1527.6327,980.47394,-31.740889,2198.4866,1034.0636,-29.591852,0 days 00:00:28.110000,0 days 00:00:28.130000
0 days 00:00:00.120000,0 days 00:00:00.140000,answer3,0.39339527,-16.05722,23.91239,0.010638676,-0.024300953,0.15273756,23.124792,11.090396,24.901003,4.0025887,26.033401,0.050144885,1.5457212,2.3782501,4.191266,18.554174,607.06464,1329.2623,-17.829638,1725.1953,1036.3544,-30.703096,2505.7668,906.3708,-30.297548,0 days 00:00:28.120000,0 days 00:00:28.140000
0 days 00:00:00.130000,0 days 00:00:00.150000,answer3,0.34742817,-17.258821,26.72654,-0.0066171265,-0.024940168,0.13577165,23.395517,12.523196,18.196266,1.5599159,26.01679,0.052134648,0.97234744,1.0317149,1.2566887,16.351892,629.71906,1358.7225,-16.011412,1641.4191,1145.5024,-29.288538,2538.226,953.8859,-29.211615,0 days 00:00:28.130000,0 days 00:00:28.150000
0 days 00:00:00.140000,0 days 00:00:00.160000,answer3,0.3110532,-16.74735,26.390686,-0.009003395,-0.02482911,0.13849126,23.728104,13.14502,10.357743,0.07800516,25.850283,0.040643655,1.2313472,0.26226798,1.2129302,16.160181,689.98126,1852.868,-15.460467,1353.5411,1375.7106,-23.756289,2457.2734,936.2862,-27.177458,0 days 00:00:28.140000,0 days 00:00:28.160000
0 days 00:00:00.150000,0 days 00:00:00.170000,answer3,0.29259828,-16.185968,25.092848,-0.0082436055,-0.024833923,0.13604556,24.221182,10.995438,7.1800523,-0.16938193,25.773603,0.02416432,1.1961683,-0.26676917,3.9467087,17.42225,645.2665,1843.8981,-13.589993,1330.1083,1381.1539,-21.266,2408.9524,943.3548,-24.87823,0 days 00:00:28.150000,0 days 00:00:28.170000
0 days 00:00:00.160000,0 days 00:00:00.180000,answer3,0.28459927,-13.746623,21.40183,0.00627434,-0.020031376,0.13276534,23.985128,7.823274,8.7647505,1.2623304,25.684738,0.029224796,1.1439044,-0.4347983,5.397519,18.79821,842.23456,1785.3026,-76.50338,1586.0748,1108.1711,-79.127464,2739.8672,685.55396,-83.24987,0 days 00:00:28.160000,0 days 00:00:28.180000
0 days 00:00:00.170000,0 days 00:00:00.190000,answer3,0.27848026,-12.14191,17.102179,0.025317304,-0.01646222,0.10737311,22.60163,4.8132925,9.929818,-0.061492283,0.0,0.0,0.0,0.0,0.0,0.0,703.566,1550.6405,-138.49205,1693.1136,982.74854,-141.36333,2810.7952,501.75403,-141.57455,0 days 00:00:28.170000,0 days 00:00:28.190000
0 days 00:00:00.180000,0 days 00:00:00.200000,answer3,0.27394518,-11.729549,16.237638,0.037407573,-0.020255921,0.09867212,21.969973,6.140363,10.532002,-7.079574,0.0,0.0,0.0,0.0,0.0,0.0,507.55798,1717.2109,-201.0,1368.169,1234.2787,-201.0,2493.9475,532.15967,-201.0,0 days 00:00:28.180000,0 days 00:00:28.200000
0 days 00:00:00.190000,0 days 00:00:00.210000,answer3,0.28903306,-10.377786,14.847691,0.057184268,-0.021845056,0.09361374,19.45199,4.6971717,9.357514,-9.129638,0.0,0.0,0.0,0.0,0.0,0.0,546.83636,1716.7333,-201.0,1388.4556,1295.4181,-201.0,2532.5564,619.8264,-201.0,0 days 00:00:28.190000,0 days 00:00:28.210000
0 days 00:00:00.200000,0 days 00:00:00.220000,answer3,0.52565676,-6.337857,11.550494,0.064530894,-0.016387481,0.20224328,14.109,-1.2316132,6.736973,-9.136642,0.0,0.0,0.0,0.0,0.0,0.0,556.7763,1515.8339,-201.0,1459.4086,1108.8439,-201.0,2597.6445,612.1486,-201.0,0 days 00:00:28.200000,0 days 00:00:28.220000
0 days 00:00:00.210000,0 days 00:00:00.230000,answer3,0.81682664,-2.1693218,5.888725,0.086220205,-0.011273428,0.30911162,8.6985035,-7.060585,1.94395,-9.033767,0.0,0.0,0.0,0.0,0.0,0.0,555.74457,1250.017,-135.21257,1557.564,785.1018,-138.25716,2656.1865,524.35016,-140.73006,0 days 00:00:28.210000,0 days 00:00:28.230000
0 days 00:00:00.220000,0 days 00:00:00.240000,answer3,0.9810775,-1.3363582,2.9422905,0.10185442,-0.013602789,0.41410792,7.788242,-5.2479663,1.6214348,-10.010255,29.271296,0.0,0.0,1.941802,-1.4326942,19.448069,290.7692,1154.5052,-68.93536,1275.0538,669.7281,-75.45472,2354.604,363.67734,-81.90075,0 days 00:00:28.220000,0 days 00:00:28.240000
0 days 00:00:00.230000,0 days 00:00:00.250000,answer3,1.0188779,-6.3466415,7.484112,0.10683324,-0.016770834,0.6117245,14.280632,2.4274385,6.7836394,-7.5795307,29.21583,0.0,0.0,3.4356258,-0.84363145,20.38993,348.7142,1015.5384,-2.4787903,1295.1294,598.458,-12.657962,2374.0315,278.75256,-22.868721,0 days 00:00:28.230000,0 days 00:00:28.250000
0 days 00:00:00.240000,0 days 00:00:00.260000,answer3,1.016388,-9.114011,14.546533,0.09590655,-0.0143842595,0.7005201,19.210249,9.059921,9.144011,-1.5291597,29.123909,0.0,0.0,6.0612903,0.1425004,22.033129,360.78052,1012.5044,-2.0324438,1295.5468,622.35645,-12.209977,2403.6582,350.3273,-23.763733,0 days 00:00:28.240000,0 days 00:00:28.260000
0 days 00:00:00.250000,0 days 00:00:00.270000,answer3,1.09345,-11.921066,19.032967,0.08803,-0.012161356,0.709805,22.640985,11.629234,7.5688457,2.312651,29.046944,0.0,0.0,7.5659943,0.8757186,21.900698,372.79947,1044.3695,-2.2465665,1310.2205,707.9764,-12.045444,2402.7183,487.69775,-23.383047,0 days 00:00:28.250000,0 days 00:00:28.270000
0 days 00:00:00.260000,0 days 00:00:00.280000,answer3,1.0840389,-10.692243,20.601854,0.07949525,-0.009289733,0.47470975,23.24559,11.575397,3.0959108,4.044391,29.0539,0.024981286,0.50430834,8.337902,1.2517914,22.769232,378.21606,1070.942,-2.6719482,1298.261,753.24243,-12.469043,2364.2844,571.83746,-24.18939,0 days 00:00:28.260000,0 days 00:00:28.280000
0 days 00:00:00.270000,0 days 00:00:00.290000,answer3,1.0352134,-12.238277,20.823225,0.08002741,-0.013277681,0.39553797,24.635672,12.693561,1.82659,1.0109658,29.126516,0.019306598,0.51754636,8.701719,1.2599349,24.471415,385.9247,1076.0411,-2.7057521,1290.9106,813.7583,-14.062081,2310.9893,601.28876,-25.917234,0 days 00:00:28.270000,0 days 00:00:28.290000
0 days 00:00:00.280000,0 days 00:00:00.300000,answer3,1.0030624,-12.639573,21.725296,0.07112974,-0.014465794,0.34318003,26.634405,11.730914,0.113591395,-1.6354796,29.221556,0.015217288,0.4964503,8.991599,0.93774396,26.298044,390.9314,1075.5366,-2.3917658,1278.6595,843.781,-15.90182,2279.4905,608.05096,-27.752066,0 days 00:00:28.280000,0 days 00:00:28.300000
0 days 00:00:00.290000,0 days 00:00:00.310000,answer3,0.9445645,-14.576837,23.4635,0.07843364,-0.019822137,0.3235803,28.011663,14.123775,-1.2619258,-2.7997859,29.284065,0.008757784,0.4159163,8.998752,0.6262517,27.00736,396.26987,1090.6178,-2.0232446,1281.1558,884.9235,-17.529171,2288.403,658.4943,-28.404352,0 days 00:00:28.290000,0 days 00:00:28.310000
0 days 00:00:00.300000,0 days 00:00:00.320000,answer3,0.90929395,-15.932152,24.540466,0.089095555,-0.021812648,0.26496592,28.548986,15.822436,-2.2599845,-1.0866655,29.292595,0.008244915,0.44292748,8.57618,0.93862057,27.28824,398.0842,1141.4459,-2.2928174,1281.1781,972.6307,-18.886944,2264.8926,727.39764,-28.642439,0 days 00:00:28.300000,0 days 00:00:28.320000
0 days 00:00:00.310000,0 days 00:00:00.330000,answer3,0.8954509,-16.891565,25.840124,0.097400814,-0.02213799,0.24424715,28.434488,18.83818,-1.3350338,3.218178,29.21448,0.008331991,0.46687496,7.740726,2.8363245,29.057459,396.297,1160.9708,-3.9593735,1289.9009,994.69354,-20.710613,2253.0393,790.2918,-30.180511,0 days 00:00:28.310000,0 days 00:00:28.330000
0 days 00:00:00.320000,0 days 00:00:00.340000,answer3,0.88670677,-17.757462,26.543037,0.099690385,-0.020515451,0.23957972,27.25795,20.696106,1.031622,5.1332073,29.074364,0.0069362796,0.3832941,7.203302,6.475742,31.330254,392.8854,1155.1769,-7.0793915,1301.0375,979.22754,-23.341324,2284.6672,797.8289,-31.933905,0 days 00:00:28.320000,0 days 00:00:28.340000
0 days 00:00:00.330000,0 days 00:00:00.350000,answer3,0.80860144,-18.618742,27.643015,0.07588751,-0.018764937,0.33180565,26.806993,21.919577,6.9195065,8.752135,29.018373,0.007930502,0.35529736,7.2075706,11.136567,33.487522,384.90417,1177.7983,-9.014687,1352.672,953.89233,-26.66925,2401.0725,931.259,-33.384613,0 days 00:00:28.330000,0 days 00:00:28.350000
0 days 00:00:00.340000,0 days 00:00:00.360000,answer3,0.69489413,-20.243963,29.302916,0.06082888,-0.019372748,0.35208312,27.267248,22.77031,9.998566,6.939694,29.069078,0.0060453285,0.7811207,7.915091,15.047442,33.626675,375.8162,1204.4204,0.0,1334.1294,968.13116,-29.384127,2424.7488,863.65985,-32.978638,0 days 00:00:28.340000,0 days 00:00:28.360000
0 days 00:00:00.350000,0 days 00:00:00.370000,answer3,0.59534156,-22.886719,31.374277,0.043312658,-0.023180269,0.39161846,28.98928,24.005621,13.56221,6.6177955,29.199875,0.01959548,1.1689987,8.807172,16.786158,37.571003,537.3123,1580.195,-14.313217,1598.1597,1125.1183,-31.285112,2733.9336,878.15283,-36.85722,0 days 00:00:28.350000,0 days 00:00:28.370000
0 days 00:00:00.360000,0 days 00:00:00.380000,answer3,0.56794447,-24.6933,32.152355,0.06360965,-0.025732234,0.29354998,31.297697,24.535295,13.267101,5.0927143,29.31608,0.024669757,1.2722303,9.522359,16.877361,35.77563,520.09283,1750.7021,-9.707112,1474.351,1300.8632,-31.55941,2600.5935,708.64844,-35.48613,0 days 00:00:28.360000,0 days 00:00:28.380000
0 days 00:00:00.370000,0 days 00:00:00.390000,answer3,0.56977916,-25.781403,31.674063,0.06875194,-0.02550933,0.27014562,31.464567,25.741959,15.749886,9.751647,29.453964,0.025392465,1.0695747,10.001941,16.4335,33.692196,528.0486,1843.7452,-16.078964,1511.1909,1688.7643,-34.89523,2510.5774,745.55927,-34.269638,0 days 00:00:28.370000,0 days 00:00:28.390000
0 days 00:00:00.380000,0 days 00:00:00.400000,answer3,0.559118,-26.266657,29.830088,0.06277741,-0.024337152,0.23546743,31.260382,26.32739,18.073347,13.681821,29.638166,0.01676085,0.6237985,10.248296,16.283752,28.237497,374.30273,1590.8228,-12.472682,1212.7286,1897.315,-38.315655,2090.3154,695.5945,-29.80081,0 days 00:00:28.380000,0 days 00:00:28.400000
0 days 00:00:00.390000,0 days 00:00:00.410000,answer3,0.5460131,-25.559464,26.915634,0.05049956,-0.020730741,0.21455546,30.81839,26.11351,20.911318,19.017359,29.800707,0.013952821,0.4421744,10.461245,16.261583,32.69752,490.78226,1466.8506,-22.395416,1509.9253,1536.0522,-38.307404,2483.7993,794.6005,-35.000546,0 days 00:00:28.390000,0 days 00:00:28.410000
0 days 00:00:00.400000,0 days 00:00:00.420000,answer3,0.5291849,-26.158234,27.185358,0.036677863,-0.019289874,0.18603921,31.268456,26.453176,21.905716,20.68041,29.902502,0.015239455,0.2873012,10.591302,16.091541,32.734024,489.2852,1373.4103,-17.218058,1516.5527,1260.8268,-38.043636,2507.7793,780.30853,-35.364597,0 days 00:00:28.400000,0 days 00:00:28.420000
0 days 00:00:00.410000,0 days 00:00:00.430000,answer3,0.5349336,-26.366377,27.834639,0.038259447,-0.02108629,0.14048113,31.163954,27.393538,20.914831,19.74185,29.95636,0.011734755,0.25156602,10.623961,15.913243,36.495525,588.0795,1310.4745,-20.130482,1752.2543,799.763,-33.82263,2905.6758,801.0219,-38.953022,0 days 00:00:28.410000,0 days 00:00:28.430000
0 days 00:00:00.420000,0 days 00:00:00.440000,answer3,0.530395,-27.312174,29.537455,0.027551934,-0.018818825,0.13239647,30.283579,28.885933,21.05171,18.608631,29.968584,0.008721757,0.25486523,10.321926,15.884282,35.721462,556.27277,1335.4819,-18.150757,1751.3627,820.40607,-32.57314,2873.7666,698.67535,-37.39357,0 days 00:00:28.420000,0 days 00:00:28.440000
0 days 00:00:00.430000,0 days 00:00:00.450000,answer3,0.5411768,-26.7854,28.227875,0.03819717,-0.025160978,0.13523892,30.227743,28.95164,20.133963,17.932516,29.931692,0.008567707,0.26604632,9.999463,16.344019,35.65585,574.434,1458.9175,-22.486765,1638.3138,1103.1406,-28.763052,2835.7617,675.65845,-35.86936,0 days 00:00:28.430000,0 days 00:00:28.450000
0 days 00:00:00.440000,0 days 00:00:00.460000,answer3,0.5970565,-24.201584,27.56436,0.044950005,-0.024622604,0.17903943,29.674723,23.847284,23.75546,21.88632,29.857681,0.010312258,0.30551907,9.892865,17.31801,32.00948,459.81436,1383.2905,-12.295947,1489.6554,1124.7228,-31.6536,2530.4714,713.3266,-30.52214,0 days 00:00:28.440000,0 days 00:00:28.460000
0 days 00:00:00.450000,0 days 00:00:00.470000,answer3,0.66855454,-22.268808,27.048681,0.05525035,-0.03156099,0.31713265,30.010015,19.507887,27.132605,21.796257,29.777441,0.01034457,0.56490475,10.082069,18.070848,28.93992,388.86035,1254.3713,-2.964719,1367.5082,1157.6548,-31.453516,2262.7854,919.117,-26.110037,0 days 00:00:28.450000,0 days 00:00:28.470000
0 days 00:00:00.460000,0 days 00:00:00.480000,answer3,0.7239594,-21.42302,27.659796,0.061560635,-0.02572531,0.36051342,29.936384,15.716682,32.809048,21.861639,29.693747,0.015049659,0.53001744,10.272077,17.566046,29.399872,365.63388,1069.1967,3.4056435,1536.4028,650.7572,-32.02919,2363.8125,1073.091,-25.994226,0 days 00:00:28.460000,0 days 00:00:28.480000
0 days 00:00:00.470000,0 days 00:00:00.490000,answer3,0.7318802,-22.004034,27.25987,0.07238876,-0.027543277,0.324442,30.624565,16.195124,37.676373,21.102037,29.584274,0.010702741,0.5893374,10.228814,15.764375,28.770065,367.17114,1036.388,3.406469,1552.9059,611.68646,-28.462418,2358.9788,1087.3247,-25.363596,0 days 00:00:28.470000,0 days 00:00:28.490000
0 days 00:00:00.480000,0 days 00:00:00.500000,answer3,0.73447424,-22.481348,27.616264,0.07067006,-0.02770763,0.21157908,31.267572,16.441723,38.18607,19.991093,29.463736,0.009311036,0.27287748,10.190311,13.329812,28.209375,371.45547,1030.6812,-0.5090726,1548.5985,654.2709,-28.274134,2290.077,1133.5107,-25.076925,0 days 00:00:28.480000,0 days 00:00:28.500000
0 days 00:00:00.490000,0 days 00:00:00.510000,answer3,0.7428024,-22.24935,28.714273,0.073827855,-0.029210186,0.17922868,32.11679,16.454086,37.242844,20.239332,29.35652,0.0052391947,0.24296796,10.240426,10.935088,28.513964,373.44736,1033.9271,-3.7881403,1532.3228,667.69116,-26.592447,2299.0095,1112.1901,-25.765503,0 days 00:00:28.490000,0 days 00:00:28.510000
0 days 00:00:00.500000,0 days 00:00:00.520000,answer3,0.7498626,-22.22381,29.534332,0.07440039,-0.027007552,0.2250276,32.504005,16.032145,33.363472,19.833982,29.261581,0.008142064,0.17392294,10.246834,8.850829,28.868673,375.93857,1063.0165,-7.256957,1516.2455,741.9624,-26.888428,2278.4714,1130.5975,-26.475487,0 days 00:00:28.500000,0 days 00:00:28.520000
0 days 00:00:00.510000,0 days 00:00:00.530000,answer3,0.75543314,-21.649239,29.012686,0.0865773,-0.027641863,0.24591608,33.30063,14.346242,31.87941,20.070086,29.150879,0.010129032,0.25347793,10.236794,7.375873,29.137901,376.1484,1082.587,0.0,1492.5898,792.5507,-27.170267,2301.7234,957.27686,-26.722742,0 days 00:00:28.510000,0 days 00:00:28.530000
0 days 00:00:00.520000,0 days 00:00:00.540000,answer3,0.7575062,-21.605463,28.426666,0.081098504,-0.031633034,0.2740866,33.70979,13.9509,30.51031,18.531303,29.007284,0.0070143025,0.3246567,9.9416895,6.937968,29.826788,380.43704,1115.3004,-3.0961156,1492.7692,870.6429,-26.49336,2300.119,965.9305,-26.57257,0 days 00:00:28.520000,0 days 00:00:28.540000
0 days 00:00:00.530000,0 days 00:00:00.550000,answer3,0.77565646,-21.142977,27.126364,0.08091831,-0.03298621,0.24778081,34.677647,12.317948,30.29674,16.309328,28.798029,0.004999587,0.36050925,9.419042,7.0488605,32.458874,381.74112,1133.546,-2.339948,1474.4623,911.9246,-23.649658,2305.33,929.1963,-27.749962,0 days 00:00:28.530000,0 days 00:00:28.550000
0 days 00:00:00.540000,0 days 00:00:00.560000,answer3,0.798084,-21.257887,27.280563,0.075787015,-0.026296807,0.26509166,35.257454,12.223691,27.632675,12.559082,28.544945,0.0022840525,0.31941816,8.761397,6.746343,34.24741,377.15744,1167.3148,-0.55234987,1405.5126,959.3411,-20.020605,2287.6123,839.12213,-28.05342,0 days 00:00:28.540000,0 days 00:00:28.560000
0 days 00:00:00.550000,0 days 00:00:00.570000,answer3,0.82779783,-20.640356,28.777372,0.08549025,-0.018508071,0.31227013,36.797314,12.048584,21.6524,7.838613,28.269333,0.0039545572,0.36039963,8.155766,5.2807426,35.75789,363.19385,1206.8022,3.1380627,1323.5636,945.084,-16.935957,2292.9207,754.0278,-28.330656,0 days 00:00:28.550000,0 days 00:00:28.570000
0 days 00:00:00.560000,0 days 00:00:00.580000,answer3,0.84668374,-20.590431,30.456636,0.084908806,-0.012871037,0.32937428,38.32457,12.890487,13.302242,5.522595,27.94515,0.006457959,0.6802547,7.5971737,2.7455578,34.580307,356.55444,1250.5809,6.4588256,1268.4155,959.9073,-14.670947,2289.3723,699.9038,-26.367493,0 days 00:00:28.560000,0 days 00:00:28.580000
0 days 00:00:00.570000,0 days 00:00:00.590000,answer3,0.87784976,-19.736555,31.571852,0.08891574,-0.013512929,0.38642612,39.62213,11.794581,6.457279,4.2143555,27.566772,0.010079929,0.7292927,6.755305,-0.05025053,32.73163,351.18472,1298.703,9.224769,1258.7355,950.0562,-13.457928,2318.9128,766.7381,-24.548681,0 days 00:00:28.570000,0 days 00:00:28.590000
0 days 00:00:00.580000,0 days 00:00:00.600000,answer3,0.88009906,-19.9689,30.26343,0.0976276,-0.015389204,0.43641898,38.43768,11.499875,5.4494042,2.8589516,27.047424,0.016178435,0.60039204,5.4912715,-2.177469,30.417856,352.65115,1315.5626,9.405435,1236.245,998.2137,-12.890933,2274.3074,712.41986,-23.18989,0 days 00:00:28.580000,0 days 00:00:28.600000
0 days 00:00:00.590000,0 days 00:00:00.610000,answer3,0.87733287,-20.24697,30.342705,0.09960956,-0.017468916,0.5131487,37.226513,11.712684,4.743352,-1.2696904,26.432348,0.020166723,0.22890906,4.603988,-2.9944208,28.972792,352.75247,1344.4531,8.640717,1221.7671,1047.7452,-13.8457985,2260.9856,717.08575,-23.326494,0 days 00:00:28.590000,0 days 00:00:28.610000
0 days 00:00:00.600000,0 days 00:00:00.620000,answer3,0.8593211,-19.91498,29.788849,0.09580526,-0.020798706,0.5154241,35.758526,12.470611,4.699981,-2.74169,25.85396,0.024368549,0.13982916,4.6992373,-2.5576894,29.327856,341.05487,1339.118,6.936735,1189.7306,1030.771,-13.635269,2216.6887,621.5372,-24.948809,0 days 00:00:28.600000,0 days 00:00:28.620000
0 days 00:00:00.610000,0 days 00:00:00.630000,answer3,0.860616,-19.133682,29.974146,0.08169882,-0.024183461,0.5131016,35.369267,13.880916,3.0152977,-5.156862,25.411417,0.024368549,0.13982916,5.263333,-1.4365379,31.511358,575.6447,1333.8589,1.0770664,1545.5469,973.1945,-18.260714,2629.6938,627.9444,-28.178583,0 days 00:00:28.610000,0 days 00:00:28.630000
0 days 00:00:00.620000,0 days 00:00:00.640000,answer3,0.8718534,-18.286993,29.380587,0.078789145,-0.027794942,0.48851764,34.95851,13.913609,1.4931558,-7.4477463,25.114075,0.051871598,0.52245003,5.636164,-0.3319764,31.455696,574.4768,1330.9955,-1.0043107,1530.1346,961.85956,-15.492671,2616.4329,612.66675,-29.09974,0 days 00:00:28.620000,0 days 00:00:28.640000
0 days 00:00:00.630000,0 days 00:00:00.650000,answer3,0.89390564,-17.156342,28.347498,0.07848393,-0.026870592,0.47330078,34.892166,14.9845915,0.22467053,-8.287518,24.838163,0.05217658,0.62245065,5.6472397,0.37980556,30.19256,580.2515,1328.7394,-2.6546872,1528.2155,954.97284,-14.668555,2628.2087,627.36383,-28.775198,0 days 00:00:28.630000,0 days 00:00:28.650000
0 days 00:00:00.640000,0 days 00:00:00.660000,answer3,0.9328597,-14.8602705,26.852846,0.07162112,-0.028308535,0.51802474,35.488064,13.172992,-1.9893135,-6.924034,24.588972,0.04812638,0.802241,5.757002,0.72127503,26.352434,351.10242,1280.7545,0.19836028,1168.386,943.0635,-8.906694,2231.3,577.8953,-25.4328,0 days 00:00:28.640000,0 days 00:00:28.660000
0 days 00:00:00.650000,0 days 00:00:00.670000,answer3,0.98010874,-13.146533,25.861628,0.07065312,-0.026855016,0.5220478,35.88074,12.051693,-1.3686262,-4.7172966,24.36141,0.020466367,0.42138162,5.6229324,1.2332622,25.072594,354.45117,1259.6532,-0.19455115,1178.3094,914.4008,-9.6088295,2248.2678,570.7325,-24.033882,0 days 00:00:28.650000,0 days 00:00:28.670000
0 days 00:00:00.660000,0 days 00:00:00.680000,answer3,1.036565,-12.941017,25.061888,0.064517446,-0.027365332,0.51111346,36.04059,9.909205,-0.6713378,-4.5600076,24.119085,0.015159561,0.7319519,5.088989,2.2273476,24.867727,365.6791,1224.5674,-0.26593527,1189.0687,914.312,-8.765338,2253.6853,553.8223,-23.340096,0 days 00:00:28.660000,0 days 00:00:28.680000
0 days 00:00:00.670000,0 days 00:00:00.690000,answer3,1.0961689,-13.991504,24.40062,0.0670949,-0.027469749,0.45647168,35.809235,8.933892,0.8021558,-6.954577,23.830437,0.014724088,0.69990563,4.6559386,3.929622,25.166468,370.22754,1216.9264,-0.59440774,1191.6781,930.63184,-6.7991567,2253.748,547.3269,-22.976196,0 days 00:00:28.670000,0 days 00:00:28.690000
0 days 00:00:00.680000,0 days 00:00:00.700000,answer3,1.13472,-14.447583,25.169535,0.061733246,-0.028924605,0.4660252,35.158836,8.343266,0.28266785,-10.138738,23.54455,0.010807726,0.9066959,4.3663955,5.789594,24.28636,377.693,1188.5159,0.23422241,1202.579,935.18304,-3.5183208,2256.218,555.14246,-21.188082,0 days 00:00:28.680000,0 days 00:00:28.700000
0 days 00:00:00.690000,0 days 00:00:00.710000,answer3,1.1424403,-13.451695,26.35581,0.052629575,-0.02834642,0.49126878,34.90036,6.4475064,-1.0837158,-10.86866,23.267181,0.011375654,0.56760544,3.7011023,6.919163,22.649527,377.87473,1173.9371,2.009356,1212.0923,914.54755,-1.2995533,2284.4897,576.9396,-18.431168,0 days 00:00:28.690000,0 days 00:00:28.710000
0 days 00:00:00.700000,0 days 00:00:00.720000,answer3,1.145809,-11.278992,26.663538,0.050456855,-0.024190454,0.46876863,34.43152,3.515915,-3.628807,-12.521469,22.991333,0.013533245,0.88587004,3.2559311,6.5858808,21.320992,375.01834,1157.0438,4.5884767,1212.644,883.8846,-0.16260464,2290.72,560.12726,-16.199144,0 days 00:00:28.700000,0 days 00:00:28.720000
0 days 00:00:00.710000,0 days 00:00:00.730000,answer3,1.1279593,-9.620482,26.671572,0.051956397,-0.023213387,0.4532776,35.07312,2.3312757,-5.7463546,-12.172375,22.725473,0.014533813,0.6946508,3.2316067,5.325026,20.69878,371.70694,1153.3151,6.2216926,1207.1884,857.7639,0.21306436,2296.7498,547.69995,-15.140315,0 days 00:00:28.710000,0 days 00:00:28.730000
0 days 00:00:00.720000,0 days 00:00:00.740000,answer3,1.1127068,-8.609098,24.922152,0.0718811,-0.021416778,0.5064516,35.219837,1.6470218,-7.8470607,-11.68029,22.490723,0.014227745,0.89640063,3.6784499,4.016025,19.801493,369.6888,1165.7977,6.569954,1200.0042,861.75665,1.3705568,2265.4192,535.6475,-14.400353,0 days 00:00:28.720000,0 days 00:00:28.740000
0 days 00:00:00.730000,0 days 00:00:00.750000,answer3,1.1032017,-8.381117,25.101099,0.07834455,-0.020521322,0.49251914,35.374233,2.2390957,-8.816388,-10.603599,22.304842,0.012877972,0.95171094,3.8975182,2.9248934,18.53879,364.43985,1221.1141,6.135765,1200.6923,896.9123,3.0273507,2276.109,600.7835,-13.578137,0 days 00:00:28.730000,0 days 00:00:28.750000
0 days 00:00:00.740000,0 days 00:00:00.760000,answer3,1.1073318,-7.820938,23.05367,0.0815887,-0.017685942,0.48162082,33.37376,1.5739737,-9.26887,-11.274049,22.137299,0.016299725,1.205454,3.3555748,1.7576958,16.796667,358.65616,1245.618,5.574936,1198.2496,912.79205,4.4022703,2263.321,610.98627,-12.398041,0 days 00:00:28.740000,0 days 00:00:28.760000
0 days 00:00:00.750000,0 days 00:00:00.770000,answer3,1.1144658,-6.427542,20.310621,0.080419786,-0.013990953,0.40093914,30.077662,2.180728,-7.497921,-15.431407,21.991117,0.016414236,1.1219575,2.7333632,0.45765552,16.332605,350.47183,1224.9713,5.1427975,1187.8037,872.38104,4.7076435,2273.7585,552.7364,-12.25117,0 days 00:00:28.750000,0 days 00:00:28.770000
0 days 00:00:00.760000,0 days 00:00:00.780000,answer3,1.1324304,-5.085648,14.658886,0.08071471,-0.010765237,0.34940588,25.814875,2.8334084,-5.3753695,-18.344439,21.808252,0.016210431,1.1554813,1.5219349,-0.63875777,18.059385,339.59116,1213.1885,5.3823943,1174.8422,842.44257,4.035885,2258.3894,469.30347,-13.86609,0 days 00:00:28.760000,0 days 00:00:28.780000
0 days 00:00:00.770000,0 days 00:00:00.790000,answer3,1.171554,-4.2006717,8.945807,0.07827082,-0.010051721,0.37168142,23.364923,3.8766963,-2.2788777,-22.852125,21.598999,0.009113148,1.0549872,1.4363827,-1.2192308,21.523188,306.13394,1254.897,5.801338,1156.7343,821.62616,2.3910205,2266.609,414.10123,-16.941078,0 days 00:00:28.770000,0 days 00:00:28.790000
0 days 00:00:00.780000,0 days 00:00:00.800000,answer3,1.1475377,-4.3949666,5.183447,0.066498905,-0.011895279,0.45104375,22.878103,6.565635,0.7775791,-24.942537,21.383736,0.0076919864,1.4924002,1.6520004,-1.0797342,24.609083,251.81563,1355.7218,5.800764,1133.5487,829.13794,-0.476796,2267.2312,427.90128,-19.758919,0 days 00:00:28.780000,0 days 00:00:28.800000
0 days 00:00:00.790000,0 days 00:00:00.810000,answer3,1.05254,-4.0099545,2.0271664,0.060939103,-0.015070421,0.5344315,23.747711,11.147653,5.428736,-28.947512,21.205738,0.0069538653,1.3168942,2.7646523,-0.05509162,24.419416,479.1882,1246.5782,-0.3961598,1527.8951,799.21924,-8.285143,2645.0203,378.83997,-19.671896,0 days 00:00:28.790000,0 days 00:00:28.810000
0 days 00:00:00.800000,0 days 00:00:00.820000,answer3,0.94079167,-2.8153417,-0.61866355,0.051843107,-0.01862545,0.50414425,24.80899,15.171432,11.690449,-30.61513,21.088366,0.02732017,1.9494997,3.6047528,1.7610111,23.989233,468.61343,1318.1113,-1.2395413,1509.0806,850.1201,-12.777949,2647.802,378.60303,-19.626074,0 days 00:00:28.800000,0 days 00:00:28.820000
0 days 00:00:00.810000,0 days 00:00:00.830000,answer3,0.8459034,-0.8214534,-3.2142832,0.04352361,-0.023115924,0.40826735,24.599083,17.696775,18.181509,-32.241512,21.132902,0.040386446,1.7308427,3.6556003,3.5319932,23.58937,717.21027,1225.7269,-7.9122124,1855.962,709.57086,-18.911093,3030.0237,379.58472,-19.87918,0 days 00:00:28.810000,0 days 00:00:28.830000
0 days 00:00:00.820000,0 days 00:00:00.840000,answer3,0.7675657,2.7750416,-7.4091377,0.043129057,-0.022412276,0.36780217,22.226831,15.925315,23.094086,-32.182323,21.180021,0.05532507,1.9573438,3.6918886,4.498396,24.62001,705.2653,1205.2423,-70.76708,1830.1119,552.3333,-79.0886,3021.1006,395.43594,-81.16072,0 days 00:00:28.820000,0 days 00:00:28.840000
0 days 00:00:00.830000,0 days 00:00:00.850000,answer3,0.68184376,6.567829,-10.249619,0.042636793,-0.020201432,0.30375713,19.107702,12.161168,24.752142,-31.805948,0.0,0.0,0.0,0.0,0.0,0.0,981.0339,1064.9247,-108.07432,2199.5952,409.94507,-80.43241,3362.761,383.1448,-79.444725,0 days 00:00:28.830000,0 days 00:00:28.850000
0 days 00:00:00.840000,0 days 00:00:00.860000,answer3,0.6430389,9.738273,-13.456276,0.038110856,-0.016588638,0.22060598,16.65201,8.885971,23.818949,-32.71082,59.134163,0.0008951946,0.57693404,11.063971,1.0959458,-0.0110497475,991.34674,1107.6852,0.0,2249.3757,490.13135,-76.18266,3283.082,338.37027,-75.444664,0 days 00:00:28.840000,0 days 00:00:28.860000
0 days 00:00:00.850000,0 days 00:00:00.870000,answer3,0.62140983,11.271123,-14.870219,0.023931628,-0.014581948,0.11891416,15.50238,7.9046664,23.040598,-31.313873,59.134014,0.000885864,0.5785348,11.196685,1.1042069,0.04871909,1022.9985,1205.2643,0.0,2267.033,598.0144,-10.817471,3247.3264,355.75476,-9.761983,0 days 00:00:28.850000,0 days 00:00:28.870000
0 days 00:00:00.860000,0 days 00:00:00.880000,answer3,0.6128178,12.1900835,-16.64335,0.022815697,-0.013609159,0.101471044,14.448003,9.319856,23.606163,-31.942312,59.133945,0.0009949616,0.5173775,11.474952,1.2432054,0.9535768,798.61597,1234.7969,0.0,2057.5134,731.30835,-4.712202,2938.3066,576.9494,-4.2705455,0 days 00:00:28.860000,0 days 00:00:28.880000
0 days 00:00:00.870000,0 days 00:00:00.890000,answer3,0.6002323,12.891724,-17.622887,0.022356404,-0.0140732555,0.08446213,13.511346,11.133838,24.88579,-32.052475,59.1337,0.00087401335,0.51825225,11.743275,-0.20559049,-0.6973164,830.17725,1150.6055,0.0,2039.1517,799.58673,-2.5913897,2842.8132,639.9079,-1.9476358,0 days 00:00:28.870000,0 days 00:00:28.890000
0 days 00:00:00.880000,0 days 00:00:00.900000,answer3,0.6000647,13.833043,-18.038385,0.032218277,-0.014954493,0.091273226,12.508656,10.237934,24.441864,-33.71059,59.133488,0.0008672168,0.47877082,11.908161,-1.7954842,-1.9697193,808.4199,1052.703,0.0,2004.1774,734.8252,-1.8058964,2790.032,627.4128,-1.4796333,0 days 00:00:28.880000,0 days 00:00:28.900000
0 days 00:00:00.890000,0 days 00:00:00.910000,answer3,0.59765273,15.1592,-19.601585,0.036536004,-0.011925727,0.09108152,11.743538,8.018071,19.340643,-34.92046,59.132797,0.0005699081,0.438696,11.926106,-2.7821763,-2.9564114,766.175,1223.2612,0.0,1845.9623,794.6543,-3.1136937,2774.039,481.71793,-3.5946438,0 days 00:00:28.890000,0 days 00:00:28.910000
0 days 00:00:00.900000,0 days 00:00:00.920000,answer3,0.60008067,15.534141,-19.87766,0.04696079,-0.0123652965,0.088389516,11.661567,7.1223044,16.597055,-33.71901,59.131397,0.00074567116,0.40861368,11.737279,-1.5922112,-1.5922112,826.8776,1298.8715,0.0,1824.0767,1016.3475,0.0,2829.6865,510.1232,-4.216959,0 days 00:00:28.900000,0 days 00:00:28.920000
0 days 00:00:00.910000,0 days 00:00:00.930000,answer3,0.60202235,15.181153,-20.462526,0.07566777,-0.014413255,0.0821118,11.912913,8.3446665,15.565903,-32.20956,59.13023,0.0008078213,0.37860385,11.559303,0.38693237,0.38693237,902.6421,1463.0509,0.0,1809.401,1391.9121,-5.0236835,2818.5955,605.32904,-5.042206,0 days 00:00:28.910000,0 days 00:00:28.930000
0 days 00:00:00.920000,0 days 00:00:00.940000,answer3,0.5921392,14.400342,-19.517912,0.07680622,-0.021951793,0.08904916,11.548207,11.706389,19.440783,-32.320007,59.129536,0.0010332639,0.37326232,11.422847,2.2884789,2.2884789,1228.2855,1323.0968,0.0,2171.0405,1515.4574,-5.0236835,3069.342,604.8635,-5.0236835,0 days 00:00:28.920000,0 days 00:00:28.940000
0 days 00:00:00.930000,0 days 00:00:00.950000,answer3,0.6031453,14.239642,-19.179153,0.07499693,-0.019130284,0.11269572,10.448353,11.642825,24.094,-32.026997,34.91096,0.3282129,0.6325086,5.7391047,0.2422901,19.572525,543.82263,1141.4193,0.21418482,1678.32,764.4177,-16.358847,2599.7832,574.6607,-18.914484,0 days 00:00:28.930000,0 days 00:00:28.950000
0 days 00:00:00.940000,0 days 00:00:00.960000,answer3,0.601471,12.324992,-16.154924,0.042660683,-0.014930566,0.18128109,10.131808,11.6213045,26.5964,-28.814459,24.341673,0.35819113,0.8413265,3.7267344,0.039720137,25.62884,308.20126,1274.0099,-0.23445468,1486.6113,845.4312,-25.989584,2357.7458,511.50992,-26.070246,0 days 00:00:28.940000,0 days 00:00:28.960000
0 days 00:00:00.950000,0 days 00:00:01,answer3,0.61719674,7.6906796,-11.07105,0.034462918,-0.007838976,0.24016605,12.284284,12.372493,28.295837,-22.600668,24.269201,0.11418911,1.1837696,3.1008613,0.37001133,26.069914,261.16788,1400.851,-1.1317337,1429.6129,803.7434,-27.703325,2361.722,484.41055,-27.201647,0 days 00:00:28.950000,0 days 00:00:29
0 days 00:00:00,0 days 00:00:00.020000,answer4_other1,0.9705515,-11.502118,14.304111,0.09128139,-0.027028434,0.1452054,24.033697,-2.5594964,6.1191335,3.59523,35.95566,0.0,0.50636464,9.341976,9.6192255,24.276794,376.32016,1309.2484,-5.075984,1454.6613,1113.1549,-23.44799,2288.8494,1139.3623,-29.637627,0 days 00:00:34.633967301,0 days 00:00:34.653967301
0 days 00:00:00.010000,0 days 00:00:00.030000,answer4_other1,0.86387354,-13.051865,15.616479,0.10053583,-0.0189361,0.35633016,25.333471,0.25242886,6.0836263,9.319751,36.05252,0.008883923,1.3215963,10.434677,12.166008,25.23542,301.5454,1483.4557,0.0,1344.7975,1203.6226,-23.455544,2231.3801,972.02374,-30.317245,0 days 00:00:34.643967301,0 days 00:00:34.663967301
0 days 00:00:00.020000,0 days 00:00:00.040000,answer4_other1,0.74497455,-14.883891,17.592573,0.10551119,-0.011289624,0.43390748,26.857203,3.021848,6.2539725,14.327408,36.13713,0.016062079,1.26743,11.636402,15.387021,25.250238,280.29294,1528.8076,0.0,1256.6377,1188.3276,-22.662329,2208.557,745.13965,-29.574791,0 days 00:00:34.653967301,0 days 00:00:34.673967301
0 days 00:00:00.030000,0 days 00:00:00.050000,answer4_other1,0.6854114,-17.500885,20.722116,0.10876205,-0.010442812,0.37319455,28.49289,6.4423995,8.571221,14.230609,36.113316,0.025130814,1.2913766,12.126308,18.143534,25.970482,277.0221,1566.499,0.0,1241.3971,1249.532,-21.128084,2211.2197,673.0868,-29.023071,0 days 00:00:34.663967301,0 days 00:00:34.683967301
0 days 00:00:00.040000,0 days 00:00:00.060000,answer4_other1,0.68701,-18.159994,22.584494,0.10445156,-0.012048203,0.23368244,30.381147,6.727806,6.439543,10.114305,36.077137,0.025758713,0.45579872,12.347226,20.463343,25.055155,347.1277,1401.6666,0.0,1260.6674,1134.3843,-19.264133,2275.265,615.48553,-27.46055,0 days 00:00:34.673967301,0 days 00:00:34.693967301
0 days 00:00:00.050000,0 days 00:00:00.070000,answer4_other1,0.7038843,-18.591454,24.367348,0.10482007,-0.013651188,0.21342464,32.76361,6.0813675,6.592411,2.1019096,36.0622,0.022091372,0.67198354,12.083356,21.372168,24.861504,352.24454,1423.7865,-2.2973824,1235.1497,1157.308,-18.30249,2308.264,632.78925,-27.592697,0 days 00:00:34.683967301,0 days 00:00:34.703967301
0 days 00:00:00.060000,0 days 00:00:00.080000,answer4_other1,0.7190075,-18.118643,25.838842,0.10365239,-0.013811368,0.2039566,33.734585,4.8733344,6.692098,-2.4600163,36.108868,0.017047321,0.5149985,10.955555,18.92292,24.460958,326.1382,1575.8877,0.0,1203.9448,1206.663,-18.42745,2361.5564,655.82,-28.567976,0 days 00:00:34.693967301,0 days 00:00:34.713967301
0 days 00:00:00.070000,0 days 00:00:00.090000,answer4_other1,0.70265096,-17.984941,26.843271,0.09096897,-0.011435158,0.1937896,34.629578,4.6665816,10.27599,-4.1730456,36.16469,0.016148709,0.47721088,9.770607,15.645172,24.238352,294.65897,1732.2516,0.0,1185.5668,1287.581,-18.83045,2391.491,648.1865,-29.660278,0 days 00:00:34.703967301,0 days 00:00:34.723967301
0 days 00:00:00.080000,0 days 00:00:00.133469388,answer4_other1,0.6996457,-17.98152,29.289246,0.085300356,-0.016186146,0.2561256,35.72922,3.6657856,7.3417473,-5.405995,36.21152,0.014514885,0.25705853,8.961426,13.104182,24.237877,274.64624,1830.5192,0.0,1190.2726,1336.1906,-19.13191,2417.825,625.1936,-30.47999,0 days 00:00:34.713967301,0 days 00:00:34.767436689
0 days 00:00:00,0 days 00:00:00.020000,answer4,0.32523462,-8.492766,11.059235,0.066858254,-0.012098475,0.02948686,19.90005,2.7998765,8.505187,-2.7918558,0.0,0.0,0.0,0.0,0.0,0.0,1078.3805,1335.1185,-201.0,2055.6492,634.3222,-201.0,3251.0264,579.7929,-201.0,0 days 00:00:39.166833500,0 days 00:00:39.186833500
0 days 00:00:00.010000,0 days 00:00:00.030000,answer4,0.33038473,-10.391796,13.4665785,0.0873687,-0.021118218,0.07200986,20.772198,4.441256,7.34845,-4.5254893,0.0,0.0,0.0,0.0,0.0,0.0,1012.65137,1214.015,-201.0,2021.5707,613.58014,-201.0,3158.1543,636.72906,-201.0,0 days 00:00:39.176833500,0 days 00:00:39.196833500
0 days 00:00:00.020000,0 days 00:00:00.040000,answer4,0.30702403,-11.2581415,15.014957,0.09864644,-0.026069386,0.12669733,19.550192,5.7446237,5.3730903,-4.846067,0.0,0.0,0.0,0.0,0.0,0.0,747.69305,1270.0431,-132.0605,1775.1713,769.63525,-139.75146,2823.7097,756.459,-140.44243,0 days 00:00:39.186833500,0 days 00:00:39.206833500
0 days 00:00:00.030000,0 days 00:00:00.050000,answer4,0.29285714,-12.070259,16.57787,0.092725,-0.023761088,0.11548335,19.047571,6.3515606,4.4397893,-4.4521337,29.107265,0.0,0.0,3.8361351,3.2448053,26.104412,762.50665,1169.748,-74.136406,1822.9698,815.92596,-77.28418,2841.737,795.3498,-80.49134,0 days 00:00:39.196833500,0 days 00:00:39.216833500
0 days 00:00:00.040000,0 days 00:00:00.060000,answer4,0.33884013,-11.021839,15.976532,0.088182,-0.020345882,0.15919317,18.811258,5.01058,8.792796,-0.70348614,29.049265,0.0,0.0,4.495426,3.7088745,26.30011,587.2914,1226.5889,-5.2713776,1614.5747,859.3653,-17.818758,2636.319,785.32306,-20.523478,0 days 00:00:39.206833500,0 days 00:00:39.226833500
0 days 00:00:00.050000,0 days 00:00:00.070000,answer4,0.50162643,-12.493215,16.07432,0.08570134,-0.022832846,0.3380103,22.353287,5.8756204,14.832273,1.7358798,28.796408,0.0,0.0,5.7960815,3.8096497,25.389265,606.1902,1169.6947,-5.4453683,1625.2606,843.65607,-19.84264,2623.0898,725.9476,-19.786627,0 days 00:00:39.216833500,0 days 00:00:39.236833500
0 days 00:00:00.060000,0 days 00:00:00.080000,answer4,0.71385926,-13.820374,17.529047,0.09542844,-0.029198518,0.4844767,25.637888,6.9635625,23.025007,5.979182,28.428778,0.0,0.0,6.4752746,2.8832595,24.462324,349.38724,1129.7134,4.9758887,1391.8413,784.897,-23.348923,2279.8506,708.0153,-19.253382,0 days 00:00:39.226833500,0 days 00:00:39.246833500
0 days 00:00:00.070000,0 days 00:00:00.090000,answer4,0.8693779,-15.28157,18.180649,0.09292415,-0.022429774,0.5677818,27.979147,7.1278186,26.689085,10.026681,27.991663,0.0,1.7112883,6.5656323,0.8444126,22.212713,351.9353,1128.8519,5.1651635,1390.5621,812.889,-23.026016,2243.4417,694.59735,-17.30767,0 days 00:00:39.236833500,0 days 00:00:39.256833500
0 days 00:00:00.080000,0 days 00:00:00.100000,answer4,0.9365828,-15.87476,19.735842,0.09486437,-0.018053442,0.47276485,30.328966,5.381945,29.667559,14.789756,27.611221,0.0,1.1533829,6.286802,-1.2440952,21.15098,363.39084,1049.106,5.762055,1392.0475,705.49176,-21.882425,2272.0916,667.0439,-16.63302,0 days 00:00:39.246833500,0 days 00:00:39.266833500
0 days 00:00:00.090000,0 days 00:00:00.110000,answer4,0.98410463,-17.098032,20.416243,0.0900411,-0.01719895,0.48416987,32.766293,4.2092113,28.301004,15.574028,27.181679,0.024386857,0.78299373,5.6146297,-2.415676,20.745497,367.07846,1066.7086,6.708568,1391.735,740.0852,-21.70349,2279.7307,679.8824,-16.452606,0 days 00:00:39.256833500,0 days 00:00:39.276833500
0 days 00:00:00.100000,0 days 00:00:00.120000,answer4,1.010396,-17.10926,20.146048,0.09433178,-0.019684928,0.57670426,32.525314,4.154789,28.128242,16.847195,26.694916,0.02026809,0.47534123,5.1976485,-2.9187622,20.931158,368.85764,1034.1986,6.448632,1391.2529,699.66986,-22.810547,2288.5647,642.13403,-17.401289,0 days 00:00:39.266833500,0 days 00:00:39.286833500
0 days 00:00:00.110000,0 days 00:00:00.130000,answer4,0.98529595,-17.605669,20.537863,0.09724867,-0.019731505,0.5856083,31.046144,5.880113,25.96654,14.519596,26.184158,0.018025255,0.72559404,4.611736,-2.9535396,21.890783,367.81638,1042.2528,4.92359,1396.7867,726.9086,-23.830338,2284.0469,632.71936,-19.92073,0 days 00:00:39.276833500,0 days 00:00:39.296833500
0 days 00:00:00.120000,0 days 00:00:00.140000,answer4,0.89129376,-18.622658,22.170088,0.09090984,-0.017672231,0.56343484,30.466219,8.113633,26.017374,14.56002,25.765318,0.021375075,0.84709954,3.787329,-2.7647502,20.714134,366.98306,1045.0278,1.7833134,1397.9371,734.0446,-24.854544,2291.3604,635.19727,-21.695572,0 days 00:00:39.286833500,0 days 00:00:39.306833500
0 days 00:00:00.130000,0 days 00:00:00.150000,answer4,0.78550833,-19.163218,22.542532,0.07533806,-0.016123984,0.4822627,31.014162,9.180034,26.634085,14.208954,25.778824,0.026373798,0.8463912,2.8674219,-1.8659214,20.072096,366.79688,1066.8204,-2.5854442,1396.5643,763.9212,-28.83731,2295.1045,649.46173,-24.523462,0 days 00:00:39.296833500,0 days 00:00:39.316833500
0 days 00:00:00.140000,0 days 00:00:00.160000,answer4,0.6624978,-18.882421,21.284668,0.048542995,-0.012765948,0.55148,31.122751,9.225677,27.797197,17.285421,25.809952,0.027585646,1.2998425,2.5537393,-0.6708451,19.312887,364.79004,1061.9855,-6.582932,1376.9142,737.98413,-32.83291,2297.6917,616.3709,-26.566664,0 days 00:00:39.306833500,0 days 00:00:39.326833500
0 days 00:00:00.150000,0 days 00:00:00.170000,answer4,0.54312795,-18.83494,22.058897,0.020518094,-0.01206395,0.5061278,30.144363,10.181531,28.846514,18.333174,25.892197,0.026008474,2.0468361,2.7189407,-1.6670691,18.676138,359.7849,1045.9624,-8.180909,1372.4108,691.11646,-34.038624,2298.0823,577.9553,-28.524115,0 days 00:00:39.316833500,0 days 00:00:39.336833500
0 days 00:00:00.160000,0 days 00:00:00.180000,answer4,0.428876,-20.985662,24.531813,-0.005839499,-0.015869448,0.36651883,30.53663,13.633553,27.454916,18.208166,25.272026,0.028777093,2.8533075,3.0589783,-3.044778,17.923399,361.23856,1108.1058,-8.651046,1363.4406,831.83563,-30.89121,2269.8237,578.41437,-29.619223,0 days 00:00:39.326833500,0 days 00:00:39.346833500
0 days 00:00:00.170000,0 days 00:00:00.190000,answer4,0.36567888,-21.210188,26.903646,-0.0077580493,-0.014843346,0.27753946,28.887629,15.093471,25.16712,15.61462,20.744274,0.19091468,2.9740744,0.74907255,1.0880718,21.551775,361.89517,1186.3698,1.0613728,1362.4645,961.62836,-19.695185,2250.8728,635.91724,-21.692764,0 days 00:00:39.336833500,0 days 00:00:39.356833500
0 days 00:00:00.180000,0 days 00:00:00.200000,answer4,0.33313927,-20.405066,27.350481,0.007729437,-0.0128612695,0.21371983,28.09247,15.286491,20.849993,12.508138,16.328253,0.19951062,2.827277,-1.8288852,5.2494593,25.181482,364.44388,1200.9667,8.907692,1349.4047,996.8211,-10.738111,2250.1436,649.8299,-13.65739,0 days 00:00:39.346833500,0 days 00:00:39.366833500
0 days 00:00:00.190000,0 days 00:00:00.210000,answer4,0.3032759,-19.192999,27.865812,0.01813563,-0.010008672,0.2025904,26.158854,15.016635,18.334442,11.01342,12.42319,0.19603135,2.552162,-5.72106,8.036284,29.222013,365.31467,1216.392,17.875175,1363.2152,1006.2388,-1.7126545,2257.078,734.26,-5.229735,0 days 00:00:39.356833500,0 days 00:00:39.376833500
0 days 00:00:00.200000,0 days 00:00:00.220000,answer4,0.28101176,-18.598673,27.402288,0.024003796,-0.012297134,0.13396011,25.108103,15.985443,17.481737,11.180508,12.698449,0.043007612,2.5085907,-6.0814934,4.6810865,26.552597,356.61243,1196.7792,18.470072,1364.2262,933.2756,-0.50950485,2264.61,728.3621,-3.7065487,0 days 00:00:39.366833500,0 days 00:00:39.386833500
0 days 00:00:00.210000,0 days 00:00:00.230000,answer4,0.26251018,-19.211653,27.515623,0.02425445,-0.01691651,0.12991361,24.818518,17.210764,15.99131,10.155241,12.842856,0.0,2.3802726,-5.746741,1.9779606,22.330172,324.07233,1409.0796,20.610394,1303.5986,1124.9977,3.5055678,2227.5415,793.69403,-0.52708644,0 days 00:00:39.376833500,0 days 00:00:39.396833500
0 days 00:00:00.220000,0 days 00:00:00.240000,answer4,0.25195882,-16.668047,24.873323,0.03630102,-0.017513776,0.14629914,23.169668,15.416081,12.578804,7.4479504,12.951058,0.0,2.3802726,-4.3291144,0.9994173,19.276802,300.0145,1493.2479,-52.312565,1258.8488,1126.9479,-63.365803,2221.4475,769.8813,-65.996635,0 days 00:00:39.386833500,0 days 00:00:39.406833500
0 days 00:00:00.230000,0 days 00:00:00.250000,answer4,0.254539,-15.927475,23.992167,0.046948105,-0.01738829,0.114208646,23.038034,14.498253,9.862465,3.9079378,0.0,0.0,0.0,0.0,0.0,0.0,301.86472,1522.473,-126.459755,1251.3456,1179.4355,-131.11784,2226.4185,800.459,-132.85272,0 days 00:00:39.396833500,0 days 00:00:39.416833500
0 days 00:00:00.240000,0 days 00:00:00.260000,answer4,0.25492224,-13.5176115,22.727495,0.06322622,-0.013373018,0.10124584,21.456284,11.064628,6.2985864,-0.74478227,0.0,0.0,0.0,0.0,0.0,0.0,609.6281,1342.4105,-201.0,1635.3251,1010.8924,-201.0,2597.5066,831.0271,-201.0,0 days 00:00:39.406833500,0 days 00:00:39.426833500
0 days 00:00:00.250000,0 days 00:00:00.270000,answer4,0.25341907,-12.658875,20.714773,0.06775912,-0.013419873,0.082815185,20.47919,9.123854,5.1428313,-4.5186973,0.0,0.0,0.0,0.0,0.0,0.0,634.31116,1301.0153,-201.0,1694.6691,1054.4564,-201.0,2586.848,954.9284,-201.0,0 days 00:00:39.416833500,0 days 00:00:39.436833500
0 days 00:00:00.260000,0 days 00:00:00.280000,answer4,0.30617025,-8.435814,16.445421,0.06312584,-0.0094249165,0.09011445,17.99255,1.3181839,6.0813336,-8.123137,0.0,0.0,0.0,0.0,0.0,0.0,652.07355,1245.6274,-132.82045,1689.665,985.0296,-136.3927,2632.9578,840.11035,-138.73003,0 days 00:00:39.426833500,0 days 00:00:39.446833500
0 days 00:00:00.270000,0 days 00:00:00.290000,answer4,0.49438444,-4.8682528,11.623292,0.06133488,-0.0053228834,0.18403704,15.588117,-5.7422676,9.663318,-11.761635,26.5481,0.0,0.0,-1.6268855,-5.481862,16.255033,636.9232,1100.4694,-70.88361,1699.8444,831.58636,-78.10783,2672.012,739.6899,-79.79661,0 days 00:00:39.436833500,0 days 00:00:39.456833500
0 days 00:00:00.280000,0 days 00:00:00.300000,answer4,0.5818932,-1.558309,9.954455,0.055771638,-0.006077278,0.27800485,12.226769,-9.863107,9.265204,-11.512408,26.088053,0.0,0.0,-1.4930893,-5.019543,20.386063,633.4648,1041.0488,-2.919738,1643.0116,677.9798,-14.195527,2728.7537,521.9466,-22.747076,0 days 00:00:39.446833500,0 days 00:00:39.466833500
0 days 00:00:00.290000,0 days 00:00:00.310000,answer4,0.6221166,-5.205675,14.675519,0.05899783,-0.008118077,0.40373263,15.967678,-3.7464867,9.439263,-6.4711494,25.295492,0.0,0.0,0.10415653,-4.064012,26.549591,591.0247,1159.7357,-4.202631,1611.1046,711.6938,-14.448043,2733.2395,584.565,-28.095007,0 days 00:00:39.456833500,0 days 00:00:39.476833500
0 days 00:00:00.300000,0 days 00:00:00.320000,answer4,0.61016405,-9.350238,21.690073,0.052677464,-0.0063727614,0.610733,23.0419,3.4565125,8.961577,-0.1753635,24.873823,0.0,0.0,2.0093257,-3.2850516,29.023619,322.10947,1334.4935,1.677134,1236.166,862.978,-8.330484,2405.6716,585.49713,-29.488577,0 days 00:00:39.466833500,0 days 00:00:39.486833500
0 days 00:00:00.310000,0 days 00:00:00.330000,answer4,0.73430014,-13.006316,28.125853,0.0573158,-0.0006212196,0.6998547,31.672867,7.562666,10.138601,2.6889565,24.655806,0.0,0.0,4.313989,-1.8862549,28.46089,300.59958,1373.7383,0.8979559,1206.184,864.6076,-8.265517,2403.5212,586.30206,-28.306229,0 days 00:00:39.476833500,0 days 00:00:39.496833500
0 days 00:00:00.320000,0 days 00:00:00.340000,answer4,0.84517306,-12.80696,30.205956,0.06327184,-0.00191247,0.6781332,36.301212,6.2912745,8.381555,0.88772917,24.533567,0.0,0.0,5.8760924,0.22831838,27.281366,282.55063,1419.0817,1.4813558,1177.4697,887.53125,-9.34801,2400.8118,619.56934,-26.543306,0 days 00:00:39.486833500,0 days 00:00:39.506833500
0 days 00:00:00.330000,0 days 00:00:00.350000,answer4,0.8807445,-12.277619,29.458054,0.058605343,-0.0050289617,0.4468594,37.156322,5.9056153,7.666559,2.5808322,24.467978,0.0,0.96395475,6.4533553,2.4940665,26.44378,273.85196,1467.6562,-0.10071039,1156.7194,922.77606,-11.245496,2352.3213,634.73883,-25.022041,0 days 00:00:39.496833500,0 days 00:00:39.516833500
0 days 00:00:00.340000,0 days 00:00:00.360000,answer4,0.84242034,-13.404769,28.38755,0.050934505,-0.004852433,0.46321627,37.66887,7.140186,8.621696,7.115151,24.446959,0.012122587,0.8979389,7.035871,3.7554767,31.977015,542.6802,1353.3855,-5.390213,1528.5033,844.72614,-15.788623,2768.3918,692.394,-29.935705,0 days 00:00:39.506833500,0 days 00:00:39.526833500
0 days 00:00:00.350000,0 days 00:00:00.370000,answer4,0.7959242,-15.165828,27.321802,0.033803683,-0.008041945,0.41973984,36.34766,9.496752,12.364769,11.281125,24.435171,0.013886475,0.8154171,7.39369,3.5849888,37.56483,834.6133,1171.8516,-11.647202,1891.653,717.186,-19.280138,3091.8284,705.4429,-35.056423,0 days 00:00:39.516833500,0 days 00:00:39.536833500
0 days 00:00:00.360000,0 days 00:00:00.380000,answer4,0.7397938,-16.722242,26.23459,0.02691117,-0.009788196,0.38877392,35.807617,11.538905,15.9064665,13.217182,24.403395,0.009918398,0.7240644,7.588099,2.6216285,36.85452,802.2925,1259.6869,-9.771868,1871.9515,762.3796,-21.42613,3061.6023,691.83057,-33.9594,0 days 00:00:39.526833500,0 days 00:00:39.546833500
0 days 00:00:00.370000,0 days 00:00:00.390000,answer4,0.7251789,-18.4005,25.345789,0.025228804,-0.013861869,0.25376025,36.054554,13.215458,18.044405,14.533706,24.342981,0.010506428,0.572267,7.6444645,1.9541875,30.443201,534.3152,1458.5054,-4.0987654,1494.6255,968.3745,-22.006319,2587.1982,689.3178,-27.190079,0 days 00:00:39.536833500,0 days 00:00:39.556833500
0 days 00:00:00.380000,0 days 00:00:00.400000,answer4,0.72249556,-19.224634,24.091105,0.034280915,-0.010297912,0.24985678,35.40575,14.7287245,19.597446,15.040448,24.259827,0.004761168,0.64692,7.555612,2.1335013,24.893652,288.9082,1602.2427,1.9330827,1149.3966,1243.3077,-23.018225,2168.4458,655.5157,-21.352331,0 days 00:00:39.546833500,0 days 00:00:39.566833500
0 days 00:00:00.390000,0 days 00:00:00.410000,answer4,0.7211323,-20.21564,23.232162,0.03598077,-0.010678845,0.25187638,34.310078,16.01399,19.644527,16.758986,24.181448,0.001141699,0.43187717,7.2670503,2.714289,27.03195,323.8519,1615.8915,1.0860435,1154.1592,1394.9928,-23.214628,2147.057,691.5974,-23.231619,0 days 00:00:39.556833500,0 days 00:00:39.576833500
0 days 00:00:00.400000,0 days 00:00:00.420000,answer4,0.7128112,-20.87729,23.518847,0.03145753,-0.011113222,0.223947,32.399178,17.656351,21.544271,15.610532,24.139318,0.0020402768,0.4126934,6.2434297,2.6121855,33.074963,558.1629,1706.2057,-5.0304303,1465.2474,1211.1808,-24.858032,2556.0554,840.9007,-28.906225,0 days 00:00:39.566833500,0 days 00:00:39.586833500
0 days 00:00:00.410000,0 days 00:00:00.430000,answer4,0.6790681,-21.776482,25.914328,0.019001417,-0.007506782,0.2330767,30.997454,18.807047,18.820356,16.457449,24.098684,0.0023091605,0.38851595,5.1139164,1.280485,36.503952,522.4837,1720.9308,-3.618745,1456.7719,1098.3887,-21.769686,2598.7961,792.7142,-31.903969,0 days 00:00:39.576833500,0 days 00:00:39.596833500
0 days 00:00:00.420000,0 days 00:00:00.440000,answer4,0.6774141,-19.573095,27.121088,0.016862812,0.00058263354,0.252659,30.983389,15.493691,15.558822,20.271423,24.022774,0.004511207,0.6368826,4.3514247,-0.5711754,36.673946,485.74448,1649.3954,-2.4125755,1491.35,854.531,-19.048548,2649.5164,762.2747,-31.973846,0 days 00:00:39.586833500,0 days 00:00:39.606833500
0 days 00:00:00.430000,0 days 00:00:00.450000,answer4,0.733352,-17.384375,29.488525,0.032503325,0.00617923,0.46364757,31.680252,12.43982,11.212726,19.780357,23.874023,0.006566167,1.3285652,4.608927,-1.6051587,29.55512,268.82578,1381.1514,4.7621326,1228.2079,856.58307,-13.923909,2291.0383,592.4941,-25.301275,0 days 00:00:39.596833500,0 days 00:00:39.616833500
0 days 00:00:00.440000,0 days 00:00:00.460000,answer4,0.8166056,-15.17068,28.303001,0.05370419,0.0063921046,0.48699948,32.158436,9.485213,11.255611,19.075424,23.71009,0.017257087,1.6498426,5.3275123,-1.1287459,22.594595,308.27814,1218.0565,5.1186123,1279.4559,735.2327,-14.251084,2317.2195,650.4869,-19.254847,0 days 00:00:39.606833500,0 days 00:00:39.626833500
0 days 00:00:00.450000,0 days 00:00:00.470000,answer4,0.86550826,-16.281897,26.369728,0.07385111,-0.00017575252,0.52641684,30.274782,10.760312,15.494578,10.915423,23.57715,0.019822462,1.3066816,5.851606,0.012361209,17.383606,357.11853,1076.3818,5.664207,1315.8656,715.48956,-16.307812,2335.6458,607.5402,-14.935834,0 days 00:00:39.616833500,0 days 00:00:39.636833500
0 days 00:00:00.460000,0 days 00:00:00.480000,answer4,0.87521046,-16.2234,21.782341,0.07604284,-0.0070912275,0.3958123,28.309072,10.077614,20.700525,6.4055867,23.545715,0.022500241,0.72499114,5.803559,0.9358986,16.305332,362.08203,1070.3447,5.5166764,1333.2058,734.9605,-18.71913,2346.5283,555.6041,-14.421174,0 days 00:00:39.626833500,0 days 00:00:39.646833500
0 days 00:00:00.470000,0 days 00:00:00.490000,answer4,0.87822086,-15.408009,18.789467,0.078794874,-0.013852802,0.354758,26.095976,8.517308,24.008413,3.2643642,23.683767,0.015836677,0.7801598,5.0631833,0.8418806,17.402588,363.59888,1064.2168,4.0871615,1356.9935,749.1553,-21.009735,2337.7815,515.1242,-15.646235,0 days 00:00:39.636833500,0 days 00:00:39.656833500
0 days 00:00:00.480000,0 days 00:00:00.500000,answer4,0.88216543,-14.825433,18.76352,0.07552925,-0.014585125,0.30802208,25.149292,7.4351563,26.62795,3.2242677,24.0531,0.01256637,0.8954529,4.4881597,-0.024534067,19.3979,369.4967,1050.6058,3.4544213,1401.443,748.24603,-24.186111,2340.349,568.5758,-17.307634,0 days 00:00:39.646833500,0 days 00:00:39.666833500
0 days 00:00:00.490000,0 days 00:00:00.510000,answer4,0.89807993,-14.445743,18.306562,0.06418575,-0.013760115,0.36475435,23.831888,7.830759,30.589563,5.4376063,24.536684,0.0064652455,0.9048807,4.27403,-1.3717413,19.817331,368.0713,1011.6357,3.769802,1443.2017,653.4609,-27.02929,2352.6296,597.84894,-17.419271,0 days 00:00:39.656833500,0 days 00:00:39.676833500
0 days 00:00:00.500000,0 days 00:00:00.520000,answer4,0.92734027,-14.167492,17.839937,0.04907174,-0.01707359,0.43740907,23.114714,9.568664,34.90466,3.6116934,25.078096,0.002487784,0.52945775,3.8587716,-2.1217577,19.209602,366.4176,975.8483,4.786921,1488.6385,544.37744,-28.97581,2378.962,621.2393,-16.54444,0 days 00:00:39.666833500,0 days 00:00:39.686833500
0 days 00:00:00.510000,0 days 00:00:00.530000,answer4,1.0065842,-13.763218,17.391216,0.041419614,-0.021341376,0.5873912,22.744629,9.94653,37.961292,3.318423,25.793846,0.0011348068,0.6112235,2.5788445,-1.1658096,20.797968,358.37668,962.85223,4.4604373,1506.5643,434.75693,-30.771322,2405.5095,619.68475,-17.50334,0 days 00:00:39.676833500,0 days 00:00:39.696833500
0 days 00:00:00.520000,0 days 00:00:00.540000,answer4,1.0677136,-15.767803,19.65655,0.057866406,-0.024984172,0.6968489,24.076933,12.158501,37.88933,0.44370142,26.666641,0.0011348068,0.6112235,1.8254012,2.0166135,21.645737,365.10095,1009.69037,3.2825072,1568.7365,539.1827,-30.962877,2411.5212,723.6672,-16.346619,0 days 00:00:39.686833500,0 days 00:00:39.706833500
0 days 00:00:00.530000,0 days 00:00:00.550000,answer4,1.1138424,-17.136703,19.950426,0.06569458,-0.023533449,0.86879873,25.400597,12.839217,39.842556,1.0658625,27.666082,0.0011348068,0.6112235,2.4534514,6.944172,25.329012,370.47348,1047.9105,0.43239355,1624.3477,605.03534,-33.24156,2431.8948,800.96075,-17.952448,0 days 00:00:39.696833500,0 days 00:00:39.716833500
0 days 00:00:00.540000,0 days 00:00:00.560000,answer4,1.1129221,-17.976748,20.72391,0.070403896,-0.026226029,0.81074244,26.23072,14.499588,42.63782,-3.180528,28.67743,0.0011348068,0.6112235,3.7973912,13.371472,25.27741,379.88638,1071.8115,-0.93444467,1703.4078,599.87506,-36.05232,2491.9612,916.4057,-17.517069,0 days 00:00:39.706833500,0 days 00:00:39.726833500
0 days 00:00:00.550000,0 days 00:00:00.570000,answer4,1.0624667,-18.261335,21.889694,0.066742055,-0.029148264,0.94493073,25.59461,14.25163,44.683594,-7.869903,29.609741,0.0011348068,0.6112235,4.512812,17.3539,28.72793,362.2997,1136.1359,0.0,1740.9918,576.48944,-35.63323,2503.985,980.2835,-22.854103,0 days 00:00:39.716833500,0 days 00:00:39.736833500
0 days 00:00:00.560000,0 days 00:00:00.580000,answer4,1.0187827,-19.316048,25.026001,0.0854744,-0.028705886,0.8681105,25.428854,16.090126,45.688656,-11.214185,30.381945,0.0011348068,0.6112235,4.9417615,18.790476,30.516596,371.6401,1272.6171,1.9645739,1857.3136,545.66125,-34.541412,2591.9182,1173.6965,-27.282717,0 days 00:00:39.726833500,0 days 00:00:39.746833500
0 days 00:00:00.570000,0 days 00:00:00.590000,answer4,0.9440051,-19.442833,25.02305,0.076531574,-0.02842655,1.2511082,25.069101,17.513895,44.73116,-11.276963,30.79701,0.14734487,0.96246076,4.661226,16.105116,32.15476,374.7335,1299.3458,0.23808558,1948.3647,564.79565,-31.876635,2441.839,1474.3121,-31.916674,0 days 00:00:39.736833500,0 days 00:00:39.756833500
0 days 00:00:00.580000,0 days 00:00:00.600000,answer4,0.87852335,-20.013369,24.98166,0.08090806,-0.024117231,0.99752784,25.727785,18.759659,43.497715,-5.0804667,31.023615,0.1644073,1.4097576,4.5032744,11.721065,30.217173,393.3951,1226.374,-4.052324,1929.3636,605.1574,-35.057667,2389.1643,1535.3551,-34.269497,0 days 00:00:39.746833500,0 days 00:00:39.766833500
0 days 00:00:00.590000,0 days 00:00:00.610000,answer4,0.7783022,-21.09065,26.294813,0.08020941,-0.023544773,1.0613865,26.39972,20.33066,39.64581,-2.4671764,31.004883,0.17153782,1.2732838,4.8525844,6.4632964,26.763407,387.48587,1098.6602,-6.572446,1818.46,759.3946,-37.0805,2276.8594,1459.0844,-35.893894,0 days 00:00:39.756833500,0 days 00:00:39.776833500
0 days 00:00:00.600000,0 days 00:00:00.620000,answer4,0.6735521,-22.853662,29.369074,0.08719186,-0.025812874,0.71793056,27.147064,21.127554,34.100792,0.315501,30.835302,0.028636277,1.7245846,6.2223973,4.2803335,26.802711,603.6392,1270.5867,0.0,1869.9712,779.2937,-37.610058,2626.4329,1061.3524,-38.2249,0 days 00:00:39.766833500,0 days 00:00:39.786833500
0 days 00:00:00.610000,0 days 00:00:00.630000,answer4,0.59818035,-23.3178,31.801508,0.06405177,-0.026241876,0.64172786,27.016844,21.868353,28.652273,2.1442974,30.460897,0.019177785,1.5405856,7.605883,6.153108,27.283218,584.3256,1426.8322,-17.748808,1731.5201,973.12006,-36.204777,2603.1748,931.8554,-36.85285,0 days 00:00:39.776833500,0 days 00:00:39.796833500
0 days 00:00:00.620000,0 days 00:00:00.640000,answer4,0.55002314,-23.531754,33.02278,0.029285932,-0.024131484,0.38788858,26.600517,20.981657,25.065691,7.2952647,30.12892,0.023889393,1.8002142,8.152274,10.200109,32.901085,748.258,1501.4476,-20.903845,1820.3246,887.0505,-33.646378,2851.1953,733.7995,-37.611023,0 days 00:00:39.786833500,0 days 00:00:39.806833500
0 days 00:00:00.630000,0 days 00:00:00.650000,answer4,0.5654052,-22.902456,31.517939,0.027951648,-0.012671918,0.3179259,26.72289,19.93389,25.026154,13.40841,29.828688,0.033210814,0.867996,7.5149627,12.238788,36.747578,748.5915,1407.5553,-18.402794,1782.5365,920.617,-32.65688,2857.661,664.95874,-37.460144,0 days 00:00:39.796833500,0 days 00:00:39.816833500
0 days 00:00:00.640000,0 days 00:00:00.660000,answer4,0.61597997,-23.14032,29.278662,0.041405346,-0.008951988,0.44625124,28.78187,19.240662,25.432024,15.964226,29.395716,0.03444827,0.5208078,5.1677895,10.6292715,40.78976,851.72363,1491.5245,-20.657713,2009.746,694.35004,-31.188646,3254.1953,732.083,-39.600937,0 days 00:00:39.806833500,0 days 00:00:39.826833500
0 days 00:00:00.650000,0 days 00:00:00.670000,answer4,0.6926787,-22.897474,27.868937,0.06266902,-0.006378973,0.5468598,30.755936,18.888218,23.818802,15.285043,28.765533,0.031447534,0.31376287,2.965287,6.3396854,36.841152,663.59436,1576.2921,-11.228406,1729.9735,895.0417,-24.697502,2920.759,737.543,-35.40517,0 days 00:00:39.816833500,0 days 00:00:39.836833500
0 days 00:00:00.660000,0 days 00:00:00.680000,answer4,0.81943893,-21.863647,28.982897,0.07435378,-0.008653396,0.6916518,34.263622,16.454796,16.14384,12.051254,28.056114,0.027658971,0.35955334,1.9091393,1.9950565,32.056137,342.29562,1703.152,-5.0315475,1420.8965,1046.7817,-16.490314,2601.541,791.83154,-29.948477,0 days 00:00:39.826833500,0 days 00:00:39.846833500
0 days 00:00:00.670000,0 days 00:00:00.690000,answer4,0.9832694,-16.680784,28.743668,0.08210983,-0.008231106,0.9447287,36.10736,10.916205,7.7088895,5.4165077,27.424967,0.027658971,0.35955334,1.9010738,-1.0200485,27.635445,247.40157,1526.1342,0.0,1155.6525,1098.1895,-7.2396717,2212.4575,648.37506,-24.363525,0 days 00:00:39.836833500,0 days 00:00:39.856833500
0 days 00:00:00.680000,0 days 00:00:00.700000,answer4,1.1835836,-13.189556,27.581795,0.09789493,-0.0103757465,1.1008815,37.13762,6.0655437,0.26177502,-0.39100647,26.805342,0.027658971,0.35955334,1.2962391,-2.541365,25.811464,262.8942,1387.474,7.216482,1179.1713,928.6845,-3.885493,2257.1653,610.95905,-21.974184,0 days 00:00:39.846833500,0 days 00:00:39.866833500
0 days 00:00:00.690000,0 days 00:00:00.710000,answer4,1.3807691,-10.345504,26.834879,0.102459945,-0.010449571,1.2155952,35.818592,2.833896,-4.097265,-8.140647,26.097137,0.027658971,0.35955334,0.37751076,-3.1989295,24.161726,349.49484,1202.6744,6.1868463,1198.7933,839.7675,-2.9749708,2268.178,589.8398,-21.173807,0 days 00:00:39.856833500,0 days 00:00:39.876833500
0 days 00:00:00.700000,0 days 00:00:00.720000,answer4,1.4821906,-9.799854,25.985437,0.103102565,-0.01023845,1.1091461,33.609364,1.9126285,-6.6156387,-11.902219,25.417679,0.027658971,0.35955334,-0.10163429,-2.297016,22.914698,340.34875,1208.3037,3.830773,1198.879,829.3514,-4.5292664,2282.1619,572.3415,-21.380941,0 days 00:00:39.866833500,0 days 00:00:39.886833500
0 days 00:00:00.710000,0 days 00:00:00.730000,answer4,1.5004781,-8.458785,24.607979,0.09318495,-0.011750087,1.0828229,32.972195,0.37826705,-7.7275376,-15.869998,24.805674,0.027658971,0.35955334,-0.7902007,-0.445261,24.382973,340.85474,1222.7533,1.0745231,1197.9376,844.3887,-7.3089414,2293.3113,605.4498,-23.75371,0 days 00:00:39.876833500,0 days 00:00:39.896833500
0 days 00:00:00.720000,0 days 00:00:00.740000,answer4,1.4008546,-8.57344,23.043982,0.07796519,-0.014345254,0.9946098,32.083286,1.627244,-5.970567,-13.612559,23.994074,0.027658971,0.35955334,-1.8685614,2.3814015,22.185678,347.79507,1220.5006,-0.5745037,1198.4579,861.56,-8.187782,2285.613,595.7944,-22.242048,0 days 00:00:39.886833500,0 days 00:00:39.906833500
0 days 00:00:00.730000,0 days 00:00:00.750000,answer4,1.3180037,-9.736888,22.855276,0.06604808,-0.016696647,0.9952757,32.10741,3.5146878,-5.4493675,-12.234981,23.043787,0.027658971,0.35955334,-2.6258798,1.7760811,19.733227,366.43423,1168.5839,-0.35917482,1213.9965,858.37787,-7.736282,2292.1821,590.18835,-20.395851,0 days 00:00:39.896833500,0 days 00:00:39.916833500
0 days 00:00:00.740000,0 days 00:00:00.760000,answer4,1.2389563,-9.586899,20.973024,0.053461432,-0.016410246,1.0402163,31.225626,4.549795,-4.492557,-6.496521,22.142944,0.027658971,0.35955334,-2.5865464,0.016135931,15.233487,368.4613,1156.4198,2.602937,1213.635,844.77,-4.5161023,2282.4453,541.35333,-14.100629,0 days 00:00:39.906833500,0 days 00:00:39.926833500
0 days 00:00:00.750000,0 days 00:00:00.770000,answer4,1.1460961,-10.094058,20.285118,0.0525499,-0.016653342,1.0205826,30.59899,5.60539,-5.2221446,-4.4378014,21.599604,0.12609099,1.0288239,-1.4523994,-3.1768415,14.821561,359.434,1183.5172,5.8185043,1206.1544,849.447,-4.2700553,2281.1182,510.78604,-11.802845,0 days 00:00:39.916833500,0 days 00:00:39.936833500
0 days 00:00:00.760000,0 days 00:00:00.780000,answer4,1.0075938,-10.380816,19.051744,0.050417557,-0.018450879,0.9032003,29.44654,6.4686723,-1.7496871,-4.3078284,21.460001,0.22452302,1.6980944,-0.4164307,-3.4535987,15.484445,340.12692,1275.2047,7.0202985,1179.0933,899.9516,-5.54796,2265.5352,505.72824,-11.3244295,0 days 00:00:39.926833500,0 days 00:00:39.946833500
0 days 00:00:00.770000,0 days 00:00:00.790000,answer4,0.8413632,-11.354642,19.035858,0.041958693,-0.014751527,0.7420952,27.048523,8.319646,2.96945,-3.576657,21.513044,0.32295504,2.367365,0.37412152,-2.1122112,20.06389,549.9977,1185.4486,-1.705122,1486.1665,780.7075,-13.329498,2589.3489,483.23453,-17.372831,0 days 00:00:39.936833500,0 days 00:00:39.956833500
0 days 00:00:00.780000,0 days 00:00:00.800000,answer4,0.7026294,-12.059072,19.468649,0.040141936,-0.012504657,0.5286491,25.476015,10.062825,9.003165,-2.2469985,21.809683,0.24764985,1.71978,0.63808537,0.66789794,21.69578,516.13885,1252.9667,-4.3693876,1478.7162,783.8252,-17.396992,2600.1277,472.89322,-20.383165,0 days 00:00:39.946833500,0 days 00:00:39.966833500
0 days 00:00:00.790000,0 days 00:00:00.810000,answer4,0.6019339,-12.380447,20.078966,0.031145686,-0.007987945,0.36541906,24.415323,10.871204,11.390866,2.255949,22.08541,0.14644936,1.8877535,0.6551214,3.8860714,23.316088,775.1953,1142.1779,-11.730843,1832.7589,686.5469,-20.706459,2934.5217,482.74512,-22.826105,0 days 00:00:39.956833500,0 days 00:00:39.976833500
0 days 00:00:00.800000,0 days 00:00:00.820000,answer4,0.5238343,-12.612754,19.671669,0.028771356,-0.0103743635,0.27719522,23.50647,11.063408,10.328721,2.3168678,22.224693,0.03885989,2.2474515,-0.2830088,5.4007545,20.976114,747.8677,1239.2944,-10.557303,1807.4546,768.4704,-18.580378,2889.5515,598.94226,-21.697596,0 days 00:00:39.966833500,0 days 00:00:39.986833500
0 days 00:00:00.810000,0 days 00:00:00.830000,answer4,0.45933804,-12.251583,18.999443,0.0015290821,-0.012027912,0.2352795,21.025293,10.792678,10.046008,2.6611092,22.186594,0.028315665,2.2547424,-1.4190177,4.2489557,20.254799,1017.9632,1160.3339,-14.643859,2153.429,687.4274,-19.734116,3191.82,696.90106,-22.614136,0 days 00:00:39.976833500,0 days 00:00:39.996833500
0 days 00:00:00.820000,0 days 00:00:00.840000,answer4,0.4210483,-12.128441,17.43329,0.004425395,-0.015117529,0.18074785,19.148104,10.563485,11.39759,2.1819918,22.089617,0.0300428,2.0756817,-2.5100849,2.6485207,17.609041,790.4783,1218.8735,-11.306685,1928.7769,853.2012,-17.606102,2824.5925,870.0525,-21.191637,0 days 00:00:39.986833500,0 days 00:00:40.006833500
0 days 00:00:00.830000,0 days 00:00:00.850000,answer4,0.39359263,-10.665513,16.8173,0.0025485158,-0.013402652,0.14854495,17.168762,8.605396,12.77646,2.0315382,22.06529,0.044970874,1.390293,-2.6056802,1.6155894,16.11933,615.1585,1367.7535,-73.260445,1637.9535,1051.7826,-78.87808,2509.6514,834.5374,-80.462746,0 days 00:00:39.996833500,0 days 00:00:40.016833500
0 days 00:00:00.840000,0 days 00:00:00.860000,answer4,0.3794217,-9.248811,14.860976,0.0053526736,-0.008827344,0.14049391,15.88474,6.2707763,11.125524,1.8960625,0.0,0.0,0.0,0.0,0.0,0.0,426.98758,1377.6747,-136.45203,1327.2415,1252.5924,-138.3108,2190.6497,796.24664,-140.13136,0 days 00:00:40.006833500,0 days 00:00:40.026833500
0 days 00:00:00.850000,0 days 00:00:00.870000,answer4,0.34972858,-8.4957,14.3962145,0.0025632298,-0.007362938,0.11399325,14.180222,6.4476,10.007912,0.11925721,0.0,0.0,0.0,0.0,0.0,0.0,421.16885,1566.0156,-201.0,1183.0925,1347.5469,-201.0,2210.246,602.6894,-201.0,0 days 00:00:40.016833500,0 days 00:00:40.036833500
0 days 00:00:00.860000,0 days 00:00:00.880000,answer4,0.3787178,-5.877661,15.023616,0.016113168,-0.00051288895,0.113407254,13.918106,3.360985,4.2898088,0.6801927,0.0,0.0,0.0,0.0,0.0,0.0,449.99582,1408.6959,-201.0,1197.772,1240.0056,-201.0,2290.8044,601.8052,-201.0,0 days 00:00:40.026833500,0 days 00:00:40.046833500
0 days 00:00:00.870000,0 days 00:00:00.890000,answer4,0.38336506,-5.5121,15.356456,0.03468989,0.0020755755,0.11923043,14.742458,3.0581923,2.816574,1.9978781,0.0,0.0,0.0,0.0,0.0,0.0,649.57983,1365.5931,-201.0,1519.4854,1109.4352,-201.0,2644.1267,678.6485,-201.0,0 days 00:00:40.036833500,0 days 00:00:40.056833500
0 days 00:00:00.880000,0 days 00:00:00.900000,answer4,0.3875438,-3.814659,12.850015,0.030228056,0.0027362455,0.12638132,13.980662,1.5253798,0.9072285,0.8681714,0.0,0.0,0.0,0.0,0.0,0.0,815.1501,1180.4542,-201.0,1818.6869,901.50995,-201.0,2979.1892,617.9389,-201.0,0 days 00:00:40.046833500,0 days 00:00:40.066833500
0 days 00:00:00.890000,0 days 00:00:00.910000,answer4,0.37058136,-4.6389885,8.074778,0.036858473,-0.0040615606,0.11866646,12.726928,7.0696626,7.460747,-5.9390407,0.0,0.0,0.0,0.0,0.0,0.0,1097.1368,1100.6594,-201.0,2240.6492,828.93066,-201.0,3255.258,526.5187,-201.0,0 days 00:00:40.056833500,0 days 00:00:40.076833500
0 days 00:00:00.900000,0 days 00:00:00.920000,answer4,0.38178065,0.46496233,-1.3314425,0.035153236,-0.0070130923,0.13277672,7.9566407,6.8630605,12.725583,-13.264774,0.0,0.0,0.0,0.0,0.0,0.0,1181.8707,1026.677,-201.0,2327.643,810.9694,-201.0,3222.7922,375.0288,-201.0,0 days 00:00:40.066833500,0 days 00:00:40.086833500
0 days 00:00:00.910000,0 days 00:00:00.930000,answer4,0.4228445,4.074823,-7.692421,0.05144388,-0.01203214,0.13706402,6.6097894,8.035747,15.725101,-21.139643,0.0,0.0,0.0,0.0,0.0,0.0,1324.9368,923.1673,-201.0,2490.1968,789.5627,-201.0,3225.6091,401.42175,-201.0,0 days 00:00:40.076833500,0 days 00:00:40.096833500
0 days 00:00:00.920000,0 days 00:00:00.940000,answer4,0.45018196,6.7948365,-11.918437,0.048037767,-0.01054236,0.118802994,6.0414557,7.470753,16.71589,-22.25978,59.145126,0.007348662,1.6280328,9.624562,2.7751758,-0.031192144,651.4327,943.4349,0.0,1755.7388,557.2605,-11.553305,2695.4004,281.54352,-11.169902,0 days 00:00:40.086833500,0 days 00:00:40.106833500
0 days 00:00:00.930000,0 days 00:00:00.950000,answer4,0.49826384,8.949587,-13.694786,0.037022863,-0.012300101,0.18151648,6.646122,8.754311,16.2251,-22.89895,59.14052,0.008442903,1.4943973,11.420024,7.6432433,1.0955986,869.8581,845.5445,0.0,2008.1107,667.9788,-13.583293,2907.2605,273.62912,-8.981189,0 days 00:00:40.096833500,0 days 00:00:40.116833500
0 days 00:00:00.940000,0 days 00:00:00.960000,answer4,0.5620131,12.18018,-16.38572,0.040226236,-0.0030987281,0.2128141,4.4222283,8.84689,17.88829,-20.885712,59.13666,0.0067101256,1.286369,12.038377,8.344628,-1.9442927,1078.6947,797.4545,0.0,2229.3218,694.9876,-16.430494,3102.2214,265.52444,-6.1415734,0 days 00:00:40.106833500,0 days 00:00:40.126833500
0 days 00:00:00.950000,0 days 00:00:01,answer4,0.62385964,15.537786,-18.916492,0.03622513,-0.0026075048,0.21166618,2.640085,8.1663475,17.874937,-21.62584,59.13533,0.008064941,1.1868356,12.266292,7.9407787,-3.2830505,1044.4877,809.6846,0.0,2125.2925,861.02167,-17.643269,3026.5476,297.20627,-6.4194393,0 days 00:00:40.116833500,0 days 00:00:40.166833500
0 days 00:00:00,0 days 00:00:00.020000,answer5,1.6755385,13.63694,-6.7852235,0.060873106,6.752383e-05,0.2537997,-14.721406,-9.201907,14.283761,-15.615649,0.0,0.0,0.0,0.0,0.0,0.0,376.3143,662.54376,-201.0,1265.0996,607.5697,-201.0,2374.1318,805.77325,-201.0,0 days 00:01:02.633967301,0 days 00:01:02.653967301
0 days 00:00:00.010000,0 days 00:00:00.030000,answer5,1.6075348,13.569458,-6.073185,0.04906268,-0.0017684462,0.46554136,-14.7541,-8.688084,12.670902,-14.298465,0.0,0.0,0.0,0.0,0.0,0.0,359.39893,551.97345,-201.0,1332.4425,502.35278,-201.0,2430.4834,726.90674,-201.0,0 days 00:01:02.643967301,0 days 00:01:02.663967301
0 days 00:00:00.020000,0 days 00:00:00.040000,answer5,1.5152737,13.527145,-4.9022064,0.05242002,0.0038775771,0.66949636,-14.597228,-8.357745,13.556851,-8.431092,0.0,0.0,0.0,0.0,0.0,0.0,408.04172,344.83572,-201.0,1453.3112,752.21893,-201.0,2427.4558,733.96893,-201.0,0 days 00:01:02.653967301,0 days 00:01:02.673967301
0 days 00:00:00.030000,0 days 00:00:00.050000,answer5,1.4728128,13.6065645,-6.82884,0.06297547,0.009770622,0.6021777,-14.255493,-9.21222,15.318684,-4.2060733,0.0,0.0,0.0,0.0,0.0,0.0,453.8779,341.54285,-201.0,1458.7123,881.6087,-201.0,2440.3596,826.991,-201.0,0 days 00:01:02.663967301,0 days 00:01:02.683967301
0 days 00:00:00.040000,0 days 00:00:00.060000,answer5,1.4741354,13.0750265,-7.2056923,0.07927697,0.01492437,0.55927104,-13.649349,-10.369252,15.6417,-5.5441737,0.0,0.0,0.0,0.0,0.0,0.0,445.6998,343.95593,-201.0,1532.1343,895.4725,-201.0,2416.1982,1081.5575,-201.0,0 days 00:01:02.673967301,0 days 00:01:02.693967301
0 days 00:00:00.050000,0 days 00:00:00.070000,answer5,1.4891838,12.104314,-7.609816,0.075773805,0.011270451,0.5343073,-12.409617,-11.467921,12.994948,-10.300702,0.0,0.0,0.0,0.0,0.0,0.0,389.87402,458.24033,-201.0,1539.9728,587.30597,-201.0,2483.9636,1223.4136,-201.0,0 days 00:01:02.683967301,0 days 00:01:02.703967301
0 days 00:00:00.060000,0 days 00:00:00.080000,answer5,1.4260033,10.584992,-4.3027186,0.053957373,0.009142288,0.50604004,-10.390531,-9.544911,14.548306,-8.922556,0.0,0.0,0.0,0.0,0.0,0.0,470.7373,499.22208,-201.0,1535.9053,688.13477,-201.0,2442.1006,1201.8085,-201.0,0 days 00:01:02.693967301,0 days 00:01:02.713967301
0 days 00:00:00.070000,0 days 00:00:00.090000,answer5,1.3686152,10.149213,-3.191851,0.041171543,0.008111038,0.4850128,-9.691527,-7.6505485,15.564705,-4.862183,0.0,0.0,0.0,0.0,0.0,0.0,547.5495,498.1757,-201.0,1483.4132,807.14453,-201.0,2410.9111,1066.6503,-201.0,0 days 00:01:02.703967301,0 days 00:01:02.723967301
0 days 00:00:00.080000,0 days 00:00:00.100000,answer5,1.2516867,9.331546,-2.540767,0.017227871,0.0069567603,0.46223602,-9.986646,-3.4181182,15.092217,-1.8842572,0.0,0.0,0.0,0.0,0.0,0.0,610.48224,447.4679,-201.0,1505.9497,778.8511,-201.0,2346.3467,989.95074,-201.0,0 days 00:01:02.713967301,0 days 00:01:02.733967301
0 days 00:00:00.090000,0 days 00:00:00.110000,answer5,1.2794133,9.218166,-3.7545786,0.04299741,0.006745817,0.43584073,-11.344093,-1.877451,9.885497,-6.048456,0.0,0.0,0.0,0.0,0.0,0.0,451.1935,767.3804,-201.0,1498.4445,723.1198,-201.0,2265.134,981.75116,-201.0,0 days 00:01:02.723967301,0 days 00:01:02.743967301
0 days 00:00:00.100000,0 days 00:00:00.120000,answer5,1.3081245,8.820453,-3.5726776,0.056823682,0.0073097325,0.45882592,-11.381393,0.053330023,10.0282755,-6.1658154,0.0,0.0,0.0,0.0,0.0,0.0,340.8882,1384.7651,-201.0,1349.3779,632.5367,-201.0,2201.2332,881.7568,-201.0,0 days 00:01:02.733967301,0 days 00:01:02.753967301
0 days 00:00:00.110000,0 days 00:00:00.130000,answer5,1.3950968,9.265431,-4.2951984,0.08100233,0.0064469813,0.4520122,-11.015071,-1.1080942,13.561366,-6.029047,0.0,0.0,0.0,0.0,0.0,0.0,341.36685,1611.9352,-142.39804,1235.2101,636.95807,-144.1509,2186.909,872.78467,-138.30865,0 days 00:01:02.743967301,0 days 00:01:02.763967301
0 days 00:00:00.120000,0 days 00:00:00.140000,answer5,1.3817091,10.379094,-6.043648,0.06445305,0.005796494,0.46262726,-10.739514,-2.1623964,18.479397,-2.7434814,34.24311,0.0,0.0,2.4610136,25.281036,13.959812,450.27402,1343.6113,-82.738174,1227.1499,511.52173,-87.04208,2275.5007,854.58795,-75.1907,0 days 00:01:02.753967301,0 days 00:01:02.773967301
0 days 00:00:00.130000,0 days 00:00:00.150000,answer5,1.3312284,6.21014,-2.3230207,0.040843993,0.0008119961,0.55648756,-6.8775496,0.69406575,22.667242,-0.10281944,34.219593,0.0,0.0,4.471761,25.744581,17.30652,830.8566,704.1275,-25.065254,1624.7653,601.93286,-23.67349,2647.3044,912.1626,-13.699115,0 days 00:01:02.763967301,0 days 00:01:02.783967301
0 days 00:00:00.140000,0 days 00:00:00.160000,answer5,1.5111523,-0.44826508,4.0914392,0.050656084,-0.0072082547,1.3150305,0.81637,4.677424,30.106577,2.3236392,34.176636,0.0,0.0,7.6652846,26.528458,20.094652,743.2325,688.0784,-25.000813,1681.1315,466.7246,-20.073092,2689.1833,765.5713,-13.233498,0 days 00:01:02.773967301,0 days 00:01:02.793967301
0 days 00:00:00.150000,0 days 00:00:00.170000,answer5,1.7819582,-8.683049,15.145439,0.087628685,-0.013535358,2.1122043,9.035602,8.098865,36.474487,4.646717,34.138535,0.0,0.0,9.482442,26.509146,22.353989,682.9659,744.73267,0.0,1731.6425,422.5419,-17.418892,2706.8994,754.2691,-14.13598,0 days 00:01:02.783967301,0 days 00:01:02.803967301
0 days 00:00:00.160000,0 days 00:00:00.180000,answer5,2.052637,-13.447806,20.188795,0.12971146,-0.020242605,2.2538729,14.08669,8.704239,37.41216,0.13816579,34.120804,0.0,1.4467522,10.291841,25.336853,22.490854,333.43628,947.32904,6.907235,1495.3993,242.85657,-22.320559,2426.9563,737.2788,-14.855072,0 days 00:01:02.793967301,0 days 00:01:02.813967301
0 days 00:00:00.170000,0 days 00:00:00.190000,answer5,1.9894699,-15.535609,23.44216,0.13242452,-0.018854842,2.0197766,15.148495,8.899203,32.94785,-5.4095283,34.137524,0.024526613,1.2484478,10.706176,22.954897,23.214865,336.02756,981.9943,6.1610885,1533.3385,319.92242,-25.132921,2517.926,938.87164,-17.053776,0 days 00:01:02.803967301,0 days 00:01:02.823967301
0 days 00:00:00.180000,0 days 00:00:00.200000,answer5,1.7993317,-15.643744,21.542273,0.11500132,-0.01901266,1.6559038,15.955342,10.780551,31.532562,-9.487369,34.187237,0.017194605,1.2944031,10.883774,20.383766,25.174513,343.4407,1011.0219,5.185465,1583.7979,349.1625,-26.741852,2670.055,1273.3241,-19.989046,0 days 00:01:02.813967301,0 days 00:01:02.833967301
0 days 00:00:00.190000,0 days 00:00:00.210000,answer5,1.6074177,-14.978326,20.985697,0.107122265,-0.018733434,1.4612151,16.696302,10.516887,28.671417,-11.665511,34.249355,0.0022536034,1.0715598,10.587189,19.210512,24.748215,347.7228,1079.074,5.10539,1634.5844,494.93457,-25.378283,2615.3342,1424.9775,-19.642824,0 days 00:01:02.823967301,0 days 00:01:02.843967301
0 days 00:00:00.200000,0 days 00:00:00.220000,answer5,1.4773899,-15.079613,20.3906,0.11117315,-0.01936145,0.9245555,17.062151,12.227196,27.534765,-13.007325,34.3087,0.0018226675,0.84716636,10.002374,20.51045,25.279325,358.3738,1040.2295,5.6348996,1649.771,468.92007,-21.64215,2598.7927,1346.1989,-19.644426,0 days 00:01:02.833967301,0 days 00:01:02.853967301
0 days 00:00:00.210000,0 days 00:00:00.230000,answer5,1.4007,-15.917048,21.925367,0.12615727,-0.021166578,0.49666715,18.147259,10.716853,20.479149,-14.042901,34.31427,0.0020543572,0.5291407,9.483312,20.713297,24.39976,328.55014,1221.7544,5.872546,1584.6727,893.45306,-16.796534,2322.4932,1062.4965,-17.383652,0 days 00:01:02.843967301,0 days 00:01:02.863967301
0 days 00:00:00.220000,0 days 00:00:00.240000,answer5,1.295802,-16.546,22.338827,0.14408638,-0.019343646,0.4215728,17.888884,11.71791,19.906433,-12.547165,34.272694,0.005055668,0.34336376,9.548011,20.60576,26.000067,329.3348,1194.9945,0.0,1563.8107,869.4385,-12.251452,2372.2415,935.2881,-16.009403,0 days 00:01:02.853967301,0 days 00:01:02.873967301
0 days 00:00:00.230000,0 days 00:00:00.250000,answer5,1.3198909,-15.454961,22.893188,0.16193353,-0.014959448,0.43542215,17.891502,8.674479,15.248096,-11.4115095,34.203777,0.0046543963,0.50025344,10.214874,19.770628,29.54846,608.642,1204.5034,6.44213,1796.682,1045.5986,-10.611108,2571.7756,832.633,-15.500606,0 days 00:01:02.863967301,0 days 00:01:02.883967301
0 days 00:00:00.240000,0 days 00:00:00.260000,answer5,1.4457092,-14.833324,23.764048,0.16297354,-0.006689161,0.88049984,18.064232,5.0638275,13.232613,-12.133163,34.16718,0.00582096,0.5237347,11.14619,21.386549,32.993446,872.07245,969.5988,3.6518471,2045.9501,719.6292,-10.534477,3023.672,772.6066,-15.292611,0 days 00:01:02.873967301,0 days 00:01:02.893967301
0 days 00:00:00.250000,0 days 00:00:00.270000,answer5,1.6702267,-14.711442,26.079376,0.15655187,-0.002236867,1.3668677,20.105034,1.1712226,5.735148,-15.30684,34.161987,0.004457108,1.1334577,11.855827,23.338943,36.566753,1093.2694,884.8071,-2.0837529,2255.3464,707.8523,-12.157418,3415.5364,697.3872,-16.713396,0 days 00:01:02.883967301,0 days 00:01:02.903967301
0 days 00:00:00.260000,0 days 00:00:00.280000,answer5,1.823917,-16.328615,29.188019,0.15242946,-0.0028661636,1.6612092,23.019926,-0.5868853,1.4965597,-20.333212,34.15668,0.005103404,1.1702427,12.219312,24.620981,39.103794,1027.9891,840.052,-1.584475,2234.4453,613.7,-12.814686,3456.3445,703.1503,-18.376703,0 days 00:01:02.893967301,0 days 00:01:02.913967301
0 days 00:00:00.270000,0 days 00:00:00.290000,answer5,1.8896862,-19.305613,32.291245,0.16421932,-0.005318927,1.3812345,24.704103,0.87783676,0.6634913,-25.536505,34.142136,0.004585478,1.2844462,12.335683,24.848083,39.112076,994.0156,884.87555,-0.28674445,2253.098,592.2122,-13.860711,3385.9446,732.59717,-18.095375,0 days 00:01:02.903967301,0 days 00:01:02.923967301
0 days 00:00:00.280000,0 days 00:00:00.300000,answer5,1.8847928,-22.879227,33.78699,0.1721707,-0.012842465,0.993851,26.400291,2.4855094,0.48364905,-30.612501,34.132446,0.0049372395,0.7395151,12.344378,24.726067,40.039295,991.5765,926.2547,1.3207793,2275.8264,506.647,-14.8338175,3310.3801,632.45233,-18.949072,0 days 00:01:02.913967301,0 days 00:01:02.933967301
0 days 00:00:00.290000,0 days 00:00:00.310000,answer5,1.9022049,-25.706274,34.96304,0.16569598,-0.018984517,0.70123535,28.230665,4.1314754,-0.5658179,-32.190006,34.14009,0.0052120485,0.6337512,12.341889,24.688108,39.258102,993.37103,961.587,1.180962,2271.5742,484.11084,-15.733058,3300.0369,526.68207,-18.200842,0 days 00:01:02.923967301,0 days 00:01:02.943967301
0 days 00:00:00.300000,0 days 00:00:00.320000,answer5,1.9002193,-26.206293,36.000103,0.15419126,-0.026087826,0.5399106,30.44084,5.7455316,-3.4846485,-32.495754,34.146168,0.0048721624,0.40331244,12.2803335,24.308935,40.373047,1004.6473,950.52856,-0.8088458,2286.7761,455.41797,-16.948227,3365.5369,468.3235,-19.434464,0 days 00:01:02.933967301,0 days 00:01:02.953967301
0 days 00:00:00.310000,0 days 00:00:00.330000,answer5,1.8717327,-26.138159,36.817997,0.15098424,-0.027555445,0.5325064,30.900146,6.158937,-3.2474196,-32.72659,38.125916,0.066719174,0.48458433,12.008006,21.438211,35.23882,966.18805,925.2669,-8.453111,2243.735,515.6353,-26.431452,3298.8027,529.2976,-28.298615,0 days 00:01:02.943967301,0 days 00:01:02.963967301
0 days 00:00:00.320000,0 days 00:00:00.340000,answer5,1.7596337,-26.956354,37.241745,0.15747103,-0.028547475,0.6176039,30.529337,7.466062,-1.329378,-32.915714,42.07989,0.07504023,0.74704427,11.868796,18.625309,29.100891,921.76904,958.9416,-14.890938,2204.4214,547.0569,-34.69569,3260.9502,566.1319,-35.731853,0 days 00:01:02.953967301,0 days 00:01:02.973967301
0 days 00:00:00.330000,0 days 00:00:00.350000,answer5,1.7220246,-27.489557,37.13931,0.15569867,-0.03285671,0.6932458,29.702585,7.5140743,1.4481077,-35.912415,46.033108,0.077844344,1.2983823,11.852501,16.685123,23.05699,871.1924,955.74835,-19.791203,2121.1826,577.06964,-42.228336,3161.8806,469.83023,-42.84819,0 days 00:01:02.963967301,0 days 00:01:02.983967301
0 days 00:00:00.340000,0 days 00:00:00.360000,answer5,1.6874919,-27.336527,37.343567,0.14976901,-0.03575499,0.6969003,28.451408,8.787393,3.2716372,-38.032146,46.012554,0.024494538,1.6915327,11.841808,17.621334,21.499779,863.86163,980.6967,-18.70992,2112.3242,585.84503,-42.119415,3141.5134,399.8705,-40.209698,0 days 00:01:02.973967301,0 days 00:01:02.993967301
0 days 00:00:00.350000,0 days 00:00:00.370000,answer5,1.6726321,-26.84349,37.56528,0.14073288,-0.037748132,0.6486813,27.896036,9.654515,3.3759606,-40.15298,46.013153,0.016848577,1.4941064,11.893437,18.89753,21.3656,862.0415,947.9209,-17.792192,2126.4397,632.9301,-43.297077,3117.5422,403.2557,-39.15779,0 days 00:01:02.983967301,0 days 00:01:03.003967301
0 days 00:00:00.360000,0 days 00:00:00.380000,answer5,1.6235718,-26.729761,38.104126,0.13459598,-0.035246518,0.60710675,28.213066,9.462932,3.609416,-39.45029,46.017517,0.02252529,1.5617208,11.872704,19.673088,20.746422,879.2789,994.96625,-17.172615,2166.5515,695.08545,-44.551495,3148.1594,484.86758,-37.919037,0 days 00:01:02.993967301,0 days 00:01:03.013967301
0 days 00:00:00.370000,0 days 00:00:00.390000,answer5,1.5484695,-26.645851,37.3034,0.12788445,-0.032948572,0.5863442,28.324484,11.47831,3.1247528,-39.20102,46.00331,0.020034986,1.6362978,11.831496,19.398905,18.688883,874.9831,985.5645,-16.976221,2189.032,694.1407,-44.95261,3182.1758,454.37143,-35.665104,0 days 00:01:03.003967301,0 days 00:01:03.023967301
0 days 00:00:00.380000,0 days 00:00:00.400000,answer5,1.5116943,-25.467684,33.90308,0.12855972,-0.031090414,0.5323322,27.18486,12.579921,5.0193386,-41.96362,45.96632,0.02813728,1.7497811,11.811897,18.380295,16.14367,863.63055,951.29785,-17.17128,2183.2761,596.0595,-45.484913,3161.115,358.84128,-33.314945,0 days 00:01:03.013967301,0 days 00:01:03.033967301
0 days 00:00:00.390000,0 days 00:00:00.410000,answer5,1.4988589,-23.340937,28.426569,0.13715725,-0.030170271,0.48677835,25.307177,15.37938,7.293077,-47.929577,45.91127,0.02642933,1.6035666,11.956917,17.02386,15.047269,847.0215,880.08545,-17.674454,2221.042,467.1976,-44.583557,3107.3074,322.15216,-32.72172,0 days 00:01:03.023967301,0 days 00:01:03.043967301
0 days 00:00:00.400000,0 days 00:00:00.420000,answer5,1.5043278,-20.971771,23.71797,0.14099008,-0.030419499,0.44339362,24.2827,13.9132,9.952634,-55.676224,45.839664,0.029527912,1.4774342,12.263817,15.163104,15.705193,844.6717,851.7561,-18.718882,2289.1921,414.44888,-44.23715,3012.9805,294.58804,-34.424072,0 days 00:01:03.033967301,0 days 00:01:03.053967301
0 days 00:00:00.410000,0 days 00:00:00.430000,answer5,1.5372423,-18.418839,19.94304,0.13927455,-0.031158179,0.44127333,23.858881,12.9521055,11.098317,-59.584354,41.761753,0.18120496,1.2039373,12.089775,16.605345,22.742567,849.9373,870.69696,-14.20779,2293.261,489.80966,-36.06152,2995.693,249.8919,-28.94214,0 days 00:01:03.043967301,0 days 00:01:03.063967301
0 days 00:00:00.420000,0 days 00:00:00.440000,answer5,1.5476681,-16.485628,17.471453,0.12888145,-0.03177856,0.41255048,23.22833,10.537215,12.208196,-59.686047,37.68517,0.17688143,0.74644536,11.793736,18.122364,28.828905,862.2192,911.91455,-9.728482,2275.2083,586.6,-29.863457,3006.298,237.19139,-22.631773,0 days 00:01:03.053967301,0 days 00:01:03.073967301
0 days 00:00:00.430000,0 days 00:00:00.450000,answer5,1.6195693,-14.725656,15.098422,0.13522641,-0.032248784,0.3649076,22.840576,9.717964,12.847104,-55.931442,33.620674,0.16587682,0.27909184,11.546956,20.33861,34.92782,879.30096,928.4715,-4.868624,2230.9446,628.30505,-22.937094,3018.8381,341.21365,-16.002926,0 days 00:01:03.063967301,0 days 00:01:03.083967301
0 days 00:00:00.440000,0 days 00:00:00.460000,answer5,1.6717032,-14.022255,14.305752,0.13130005,-0.032902163,0.41659364,21.816912,11.290277,15.46891,-53.83429,33.569622,0.0049074786,0.3419247,11.584018,19.394562,35.912815,884.99396,936.17267,-5.3807425,2275.7922,495.993,-22.673021,3017.1035,495.29483,-17.868319,0 days 00:01:03.073967301,0 days 00:01:03.093967301
0 days 00:00:00.450000,0 days 00:00:00.470000,answer5,1.741525,-14.03334,14.29881,0.12698019,-0.033665758,0.43826988,20.988623,14.175247,15.631684,-51.07964,33.523468,0.0011704059,0.43175778,11.588799,18.75915,36.849537,917.22345,981.77325,-5.4152484,2346.8335,420.68796,-21.644484,3083.8918,606.06244,-19.469501,0 days 00:01:03.083967301,0 days 00:01:03.103967301
0 days 00:00:00.460000,0 days 00:00:00.480000,answer5,1.8161691,-13.985583,14.24793,0.12662573,-0.033074006,0.42099452,20.589724,16.754864,16.789146,-49.547817,33.465237,0.0012803208,0.48057067,11.456151,18.272402,37.587963,913.5012,1002.86475,-5.199725,2338.8486,334.6318,-20.912292,3160.0027,632.80865,-20.7746,0 days 00:01:03.093967301,0 days 00:01:03.113967301
0 days 00:00:00.470000,0 days 00:00:00.490000,answer5,1.8667179,-13.888951,14.142647,0.121766604,-0.03345127,0.38052666,21.175056,16.360964,14.931043,-48.524906,33.390625,0.0012587771,0.62327045,11.217603,17.686182,37.68479,929.88104,1014.8345,-4.554313,2328.156,365.80527,-20.83242,3240.534,565.69275,-21.536577,0 days 00:01:03.103967301,0 days 00:01:03.123967301
0 days 00:00:00.480000,0 days 00:00:00.500000,answer5,1.8912703,-13.617734,13.855095,0.12504111,-0.031326514,0.44310585,22.067467,14.920971,12.342442,-47.49031,33.322266,0.0019082157,0.57862705,10.933034,17.088175,37.36681,907.44574,949.54364,-3.9693615,2248.1433,420.7649,-21.432373,3234.7297,449.73917,-21.995634,0 days 00:01:03.113967301,0 days 00:01:03.133967301
0 days 00:00:00.490000,0 days 00:00:00.510000,answer5,1.8544456,-13.435279,13.589686,0.107119,-0.027497223,0.58172995,23.086868,11.7506075,9.1908865,-44.52577,33.276325,0.0018219083,0.5537366,10.707066,17.014906,36.32439,942.8108,1016.21924,-5.476229,2245.7693,643.0235,-22.146576,3230.0876,482.74576,-21.6094,0 days 00:01:03.123967301,0 days 00:01:03.143967301
0 days 00:00:00.500000,0 days 00:00:00.520000,answer5,1.8352531,-12.928304,12.987591,0.1039507,-0.024323309,0.57347757,23.197218,9.970219,8.37428,-42.03186,33.23686,0.0015441444,0.47959462,10.484363,18.212114,34.693756,934.35565,1029.8344,-5.4669724,2209.7107,704.8545,-23.035818,3229.7917,565.4477,-20.28184,0 days 00:01:03.133967301,0 days 00:01:03.153967301
0 days 00:00:00.510000,0 days 00:00:00.530000,answer5,1.8094769,-12.704957,12.694374,0.1008944,-0.024761321,0.51613414,23.576637,9.048093,9.837619,-42.224285,33.17215,0.0009380227,0.38854453,10.094516,20.213808,33.66331,972.94257,1073.4711,-8.947074,2282.5742,668.1149,-22.625422,3241.4941,617.4871,-19.43405,0 days 00:01:03.143967301,0 days 00:01:03.163967301
0 days 00:00:00.520000,0 days 00:00:00.540000,answer5,1.815837,-12.815468,12.756348,0.10209165,-0.024629757,0.43347356,23.186058,9.605664,11.064236,-43.477924,33.068314,0.0006481358,0.38781977,9.889764,21.485947,34.89987,939.03204,1013.6653,-7.2426505,2214.7178,602.7193,-23.913177,3177.423,490.57898,-21.119835,0 days 00:01:03.153967301,0 days 00:01:03.173967301
0 days 00:00:00.530000,0 days 00:00:00.550000,answer5,1.8022022,-12.954155,12.845406,0.10177294,-0.0286446,0.43730757,22.575552,10.099744,14.069863,-42.54282,32.93678,0.00048267338,0.39844808,9.671278,21.005957,37.180134,959.4011,1077.4971,-10.663245,2232.507,568.08966,-24.643785,3174.697,449.2294,-24.47586,0 days 00:01:03.163967301,0 days 00:01:03.183967301
0 days 00:00:00.540000,0 days 00:00:00.560000,answer5,1.748542,-12.976772,12.528125,0.11339248,-0.029281901,0.4670914,22.293509,11.377551,16.419195,-40.0814,32.820232,0.006886329,0.46058688,9.109261,18.776081,38.42483,900.06793,1122.8304,-8.057117,2096.1936,659.86176,-27.627645,3114.4783,404.73962,-27.656187,0 days 00:01:03.173967301,0 days 00:01:03.193967301
0 days 00:00:00.550000,0 days 00:00:00.570000,answer5,1.688839,-11.870117,11.232699,0.10835153,-0.032796316,0.59951067,22.515924,12.151053,19.992159,-39.92445,32.820183,0.0070538856,0.44939038,7.431896,16.299612,36.193115,922.9743,1177.9764,-10.3221655,2176.9158,543.1214,-28.000158,3244.2249,489.72363,-28.031294,0 days 00:01:03.183967301,0 days 00:01:03.203967301
0 days 00:00:00.560000,0 days 00:00:00.580000,answer5,1.5631189,-10.518933,9.42564,0.1253589,-0.03585531,0.91789013,22.940231,13.042769,19.104187,-41.687725,32.8693,0.0074062124,0.49778327,5.4033237,15.336106,32.57912,896.15106,1134.141,-9.280784,2191.035,617.6231,-28.145586,3188.4836,536.5056,-26.487368,0 days 00:01:03.193967301,0 days 00:01:03.213967301
0 days 00:00:00.570000,0 days 00:00:00.590000,answer5,1.3797708,-7.9952464,6.367386,0.09941115,-0.03602779,1.2431558,21.979462,12.663161,19.115976,-39.777267,32.925667,0.0019547648,1.2100391,3.736043,16.940538,28.160484,924.1621,1150.9064,-7.107395,2326.6475,598.7393,-23.160477,3232.878,649.9433,-19.16313,0 days 00:01:03.203967301,0 days 00:01:03.223967301
0 days 00:00:00.580000,0 days 00:00:00.600000,answer5,1.1484569,-6.6420383,4.6693654,0.088823654,-0.034739763,1.2149671,20.099577,12.884366,19.259542,-32.516346,32.910244,0.0024140233,1.5936688,2.5445998,19.342043,24.790611,691.8472,1248.6571,-5.070001,2060.92,789.3506,-17.72251,2912.9177,887.3032,-14.076184,0 days 00:01:03.213967301,0 days 00:01:03.233967301
0 days 00:00:00.590000,0 days 00:00:00.610000,answer5,0.9752073,-7.592922,6.388098,0.07457524,-0.022804553,0.89914376,18.39113,12.706635,20.938364,-22.901384,33.02281,0.015785934,2.1069758,1.3184417,20.345823,22.363276,726.24274,1294.6356,0.0,1954.6703,788.5284,-10.153201,2917.6296,764.0218,-8.788155,0 days 00:01:03.223967301,0 days 00:01:03.243967301
0 days 00:00:00.600000,0 days 00:00:00.620000,answer5,0.96383667,-6.5657125,8.540389,0.08057639,-0.009086809,0.6314861,15.957437,7.637192,15.499606,-18.74647,32.332703,0.02774276,2.0445485,-0.6847563,14.294277,16.106735,727.79517,1112.5973,3.795573,1837.6625,728.50995,-9.68522,2892.5164,594.1299,-11.300801,0 days 00:01:03.233967301,0 days 00:01:03.253967301
0 days 00:00:00.610000,0 days 00:00:00.630000,answer5,1.0438901,-3.635237,11.999538,0.09005212,0.0022055001,0.5380702,13.434345,0.9407322,2.7679875,-17.486105,32.144283,0.04076777,1.9848871,-1.4126768,7.885983,12.873067,947.8796,882.68164,-1.9339598,2026.1859,549.69586,-12.094909,3220.4705,178.65637,-13.8657255,0 days 00:01:03.243967301,0 days 00:01:03.263967301
0 days 00:00:00.620000,0 days 00:00:00.640000,answer5,1.0468746,0.25799015,11.864869,0.062161136,0.010351111,0.62408113,9.345075,-1.2668309,-6.2045555,-11.988144,31.93804,0.02914221,1.647899,0.25361252,1.7674652,12.499913,692.04535,1427.3994,-9.134126,1645.5122,667.76514,-13.672275,2941.6355,246.01733,-18.84315,0 days 00:01:03.253967301,0 days 00:01:03.273967301
0 days 00:00:00.630000,0 days 00:00:00.650000,answer5,0.9862406,2.7699432,11.9308195,0.03636262,0.012059388,0.513344,4.793423,-0.5673559,-8.13234,-4.862002,32.551014,0.017323894,1.8246273,4.016846,0.5175068,16.338327,615.9382,1430.003,0.0,1633.1401,678.6702,-15.16346,2929.9824,288.8624,-19.675592,0 days 00:01:03.263967301,0 days 00:01:03.283967301
0 days 00:00:00.640000,0 days 00:00:00.660000,answer5,0.9578232,-1.2220882,13.075404,0.023588942,0.0077458154,0.6544693,6.5135655,5.152366,1.753143,-1.2940024,32.653748,0.0047377823,2.3010292,7.66341,-1.1606845,17.880455,649.05133,1495.917,-5.938102,1672.4647,755.316,-14.618098,2841.885,463.55246,-18.654747,0 days 00:01:03.273967301,0 days 00:01:03.293967301
0 days 00:00:00.650000,0 days 00:00:00.670000,answer5,1.2456518,-4.3141494,14.441478,0.056323756,-0.0014900578,0.9322707,12.573822,4.4643617,2.2405968,-4.821526,32.630146,0.031714708,3.1981628,9.648639,-3.0727751,16.688108,686.8139,1004.0506,-3.680686,1792.9686,749.2542,-12.669576,2829.1287,495.1881,-16.354574,0 days 00:01:03.283967301,0 days 00:01:03.303967301
0 days 00:00:00.660000,0 days 00:00:00.680000,answer5,1.6714296,-8.922481,17.461277,0.09024622,-0.012353729,1.2947589,21.695559,4.9935417,0.8159701,-9.362512,32.579502,0.04009724,3.0168066,10.491996,-4.6167507,17.216043,564.0989,1193.0897,-1.6951832,1517.562,870.4883,-7.0861344,2548.249,569.0883,-16.369457,0 days 00:01:03.293967301,0 days 00:01:03.313967301
0 days 00:00:00.670000,0 days 00:00:00.690000,answer5,2.1376784,-8.311608,17.837301,0.103978604,-0.016778067,1.2795343,25.38755,1.2499304,-7.084684,-13.133494,32.519398,0.03901617,2.592017,10.574342,-5.442608,17.492256,324.81564,1327.035,1.2100872,1187.2262,949.79596,-1.5505306,2263.1045,597.8101,-16.28217,0 days 00:01:03.303967301,0 days 00:01:03.323967301
0 days 00:00:00.680000,0 days 00:00:00.700000,answer5,2.427903,-8.060669,19.37821,0.093337305,-0.01950022,1.058813,26.591736,-1.4589063,-8.296191,-17.777567,32.456272,0.010413752,1.5512061,10.171811,-5.150109,18.184752,331.1223,1265.0073,1.6045133,1193.1814,905.8035,-1.0573825,2281.5276,563.9283,-16.580238,0 days 00:01:03.313967301,0 days 00:01:03.333967301
0 days 00:00:00.690000,0 days 00:00:00.710000,answer5,2.5559638,-8.107348,20.445389,0.09097033,-0.019020153,0.78353673,26.677546,-1.4773083,-9.462319,-20.258528,32.380253,0.002270159,0.9431126,9.299351,-3.4107597,20.17462,336.86438,1207.9751,1.7590967,1197.6252,859.9328,-1.5108204,2296.902,515.5707,-18.415524,0 days 00:01:03.323967301,0 days 00:01:03.343967301
0 days 00:00:00.700000,0 days 00:00:00.720000,answer5,2.4825811,-8.151493,22.097595,0.08981582,-0.016392918,0.8428526,26.743704,-0.16432102,-8.670451,-20.75937,32.276592,0.004035846,0.5559495,8.058753,-0.07261753,23.401817,352.0812,1138.1686,1.6695937,1206.6144,807.8588,-3.2767885,2325.465,458.88583,-21.732224,0 days 00:01:03.333967301,0 days 00:01:03.353967301
0 days 00:00:00.710000,0 days 00:00:00.730000,answer5,2.237198,-7.444147,21.73768,0.09720073,-0.013787986,1.1327962,25.765886,2.4303188,-7.530808,-18.14577,31.952454,0.005010162,0.77944064,6.9333954,4.9982777,26.775522,335.5253,1202.5326,1.2711445,1194.5938,812.87646,-6.868267,2361.098,455.78467,-25.50438,0 days 00:01:03.343967301,0 days 00:01:03.363967301
0 days 00:00:00.720000,0 days 00:00:00.740000,answer5,1.8293668,-7.598269,21.530273,0.089553356,-0.008871552,1.3831592,23.930222,4.4848742,-2.227918,-13.624802,31.587202,0.0056952205,1.2613055,6.2267365,8.326874,27.858225,567.05347,1144.4004,-2.7739708,1546.5918,767.05225,-13.286946,2661.9187,506.41797,-27.128798,0 days 00:01:03.353967301,0 days 00:01:03.373967301
0 days 00:00:00.730000,0 days 00:00:00.750000,answer5,1.4732958,-8.402553,21.570572,0.0866988,-0.008621119,1.1708003,22.38523,7.7071137,1.5385389,-8.784524,31.213984,0.00875831,1.8509259,6.258385,9.748256,26.449724,804.49023,1058.3486,-6.23047,1907.2744,672.79156,-18.513596,2993.1064,504.75504,-26.460724,0 days 00:01:03.363967301,0 days 00:01:03.383967301
0 days 00:00:00.740000,0 days 00:00:00.760000,answer5,1.229263,-9.845741,22.048712,0.07472434,-0.0051638163,0.77796274,21.575518,9.298713,3.2538483,-2.7931416,31.028633,0.014759906,1.4482201,6.315701,8.480826,23.69359,1058.8068,927.0122,-9.609651,2273.542,583.74384,-21.678925,3298.1765,550.2028,-24.84727,0 days 00:01:03.373967301,0 days 00:01:03.393967301
0 days 00:00:00.750000,0 days 00:00:00.770000,answer5,1.1968241,-9.762653,21.83851,0.07039062,-0.009961191,0.45451245,21.38352,10.165359,2.944435,-3.118745,30.807219,0.022172289,1.1258572,6.0228724,6.4742856,20.784088,767.8433,1162.7465,-9.138952,1886.9562,679.65826,-18.243845,2991.2322,533.9708,-23.644117,0 days 00:01:03.383967301,0 days 00:01:03.403967301
0 days 00:00:00.760000,0 days 00:00:00.780000,answer5,1.2299854,-9.162356,19.864801,0.06398014,-0.0054678065,0.46611395,20.645021,10.238323,3.6183662,-1.7505726,30.403582,0.019653859,0.66382515,5.33855,4.19739,20.93075,773.43994,1144.5264,0.0,1902.728,634.83374,-19.103973,2990.2898,511.59854,-24.952818,0 days 00:01:03.393967301,0 days 00:01:03.413967301
0 days 00:00:00.770000,0 days 00:00:00.790000,answer5,1.309626,-8.5423155,19.160103,0.06536965,-0.006546456,0.46941075,20.461615,11.109118,4.0169625,-1.6274582,29.837305,0.014485803,0.82404536,4.7299933,2.0498617,20.00592,468.33365,1352.0983,-18.55892,1518.2094,720.759,-17.297232,2659.2178,434.18237,-24.917173,0 days 00:01:03.403967301,0 days 00:01:03.423967301
0 days 00:00:00.780000,0 days 00:00:00.800000,answer5,1.3203138,-9.553599,19.826082,0.067460425,-0.005494012,0.5853367,20.335709,12.545711,5.5656343,0.30380344,29.184526,0.0073786913,0.7696282,4.089121,1.9131088,21.45149,768.3947,1152.5306,0.0,1903.8179,562.7489,-23.300402,2988.261,387.3579,-26.102707,0 days 00:01:03.413967301,0 days 00:01:03.433967301
0 days 00:00:00.790000,0 days 00:00:00.810000,answer5,1.3062667,-11.472443,20.900347,0.08744111,-0.0075722733,0.60969204,19.655476,14.969729,8.881808,3.3478136,28.43727,0.040303577,0.5194252,3.1274548,1.7324511,21.399796,781.0036,1263.6477,-17.752192,1877.1276,628.3428,-24.344025,2989.6653,440.35803,-25.651741,0 days 00:01:03.423967301,0 days 00:01:03.443967301
0 days 00:00:00.800000,0 days 00:00:00.820000,answer5,1.1850266,-12.049569,21.465416,0.08339903,-0.007895322,0.7329912,18.7083,16.385565,11.033418,2.3873909,27.839437,0.07322847,0.26922223,1.5588664,1.8486735,22.841383,1058.5607,1006.06635,-18.730902,2254.548,489.61166,-26.867683,3314.9424,466.65958,-25.463837,0 days 00:01:03.433967301,0 days 00:01:03.453967301
0 days 00:00:00.810000,0 days 00:00:00.830000,answer5,1.0750428,-12.724292,21.233286,0.08982831,-0.006953079,0.66578794,18.806122,16.72378,13.129051,3.720211,27.277739,0.10615335,0.01901927,0.21383621,1.3706244,19.832956,797.7172,1145.5856,-14.7779455,1922.9248,692.0137,-24.078697,2965.5793,583.372,-22.064596,0 days 00:01:03.443967301,0 days 00:01:03.463967301
0 days 00:00:00.820000,0 days 00:00:00.840000,answer5,0.91338545,-12.487988,20.251177,0.0691115,-0.010849862,0.6925506,19.520317,15.6562395,11.593072,-0.22850125,26.533289,0.109450065,0.56346375,-1.6179479,0.71781063,16.574629,754.36945,1163.7118,-15.534955,1888.2305,684.893,-23.215857,2921.1863,572.6507,-20.943304,0 days 00:01:03.453967301,0 days 00:01:03.473967301
0 days 00:00:00.830000,0 days 00:00:00.850000,answer5,0.7987442,-12.829427,19.144732,0.06483152,-0.017909631,0.5533319,18.547674,14.414647,14.3120575,-1.748251,25.416842,0.11274675,1.1079082,-1.7583385,-1.4137665,11.590935,560.8389,1225.4818,-11.412656,1703.5126,740.8061,-25.614067,2599.5579,868.4199,-20.302383,0 days 00:01:03.463967301,0 days 00:01:03.483967301
0 days 00:00:00.840000,0 days 00:00:00.860000,answer5,0.6996055,-13.1525545,19.563051,0.040272694,-0.022527538,0.5579815,17.751638,14.452191,17.929483,-3.47509,24.46506,0.11604347,1.6523528,-1.5364107,-2.7216825,10.155726,596.24854,1084.7545,-13.834998,1818.9209,664.064,-28.608732,2644.386,933.46533,-22.1025,0 days 00:01:03.473967301,0 days 00:01:03.493967301
0 days 00:00:00.850000,0 days 00:00:00.870000,answer5,0.6449607,-13.641774,19.736176,0.030765675,-0.028532146,0.42927542,17.907965,13.937873,21.27182,-4.5012393,24.088373,0.11604347,1.6523528,-0.7058659,-1.6569246,10.989821,412.83627,1066.8158,-10.687707,1733.9528,1227.9146,-29.236214,2218.2576,990.4285,-23.458231,0 days 00:01:03.483967301,0 days 00:01:03.503967301
0 days 00:00:00.860000,0 days 00:00:00.880000,answer5,0.63515186,-13.193779,19.587204,0.018630678,-0.02477681,0.3187053,18.079271,13.772939,25.23443,-6.6241508,24.191843,0.12742086,1.6033016,-0.72433835,1.7286087,12.487889,421.14236,1129.4664,-12.167394,1809.2662,1194.7887,-28.196991,2146.2166,1259.5942,-23.050455,0 days 00:01:03.493967301,0 days 00:01:03.513967301
0 days 00:00:00.870000,0 days 00:00:00.890000,answer5,0.64439553,-10.38861,15.146027,0.01331003,-0.022198923,0.22058447,15.201308,12.834233,28.965872,-7.9246306,24.450203,0.09415135,1.3563242,-0.0258921,3.5329235,8.278468,864.6762,957.3923,-18.032375,2007.9977,1524.9941,-25.17013,2355.5557,1342.4255,-15.497752,0 days 00:01:03.503967301,0 days 00:01:03.523967301
0 days 00:00:00.880000,0 days 00:00:00.900000,answer5,0.66064054,-6.502274,9.636701,0.0045704464,-0.01324534,0.22318918,11.266376,11.084851,33.88228,-8.252801,24.45411,0.088305,0.8958207,1.1168848,2.9284678,1.6140862,1066.3334,1019.5715,-20.122404,2029.4014,926.11786,-24.373215,2672.848,1399.2299,-5.9571176,0 days 00:01:03.513967301,0 days 00:01:03.533967301
0 days 00:00:00.890000,0 days 00:00:00.910000,answer5,0.69093686,-3.938879,4.0599976,0.005165789,-0.008945852,0.26661453,9.624576,10.683253,34.309513,-7.532905,24.275324,0.044063207,0.63189465,2.4139307,1.1942014,-4.2366214,1295.9828,968.37384,-21.609884,2137.133,1020.8116,-22.989313,2848.241,1013.29755,1.582725,0 days 00:01:03.523967301,0 days 00:01:03.543967301
0 days 00:00:00.900000,0 days 00:00:00.920000,answer5,0.74996525,-3.2629216,0.8089611,0.019980652,-0.00956878,0.3113278,10.510338,12.127002,35.299656,-8.975086,23.767952,0.04446834,0.5658951,2.9384212,0.05945325,3.393028,775.4986,1357.4105,-18.38017,2006.923,519.30084,-25.115778,2509.3057,3128.621,-5.818405,0 days 00:01:03.533967301,0 days 00:01:03.553967301
0 days 00:00:00.910000,0 days 00:00:00.930000,answer5,0.82614535,-2.4058025,-1.4160725,0.03758758,-0.0073624714,0.34462294,11.546399,12.423022,34.25339,-7.9774795,23.303848,0.027322466,1.1188476,3.2842414,-1.1749613,11.12028,783.8437,1268.5149,0.0,2081.108,594.7922,-23.622818,2518.7825,3121.9346,-13.345528,0 days 00:01:03.543967301,0 days 00:01:03.563967301
0 days 00:00:00.920000,0 days 00:00:00.940000,answer5,0.9161807,-1.9829136,-2.5400183,0.041525412,-0.0076083336,0.32645974,12.748242,12.395709,34.225235,-8.664248,22.97902,0.037194636,1.5242735,3.2734613,-2.1144085,19.13894,771.34814,1282.1466,-16.51103,2064.7566,556.2769,-22.472115,2612.3655,3076.922,-21.10451,0 days 00:01:03.553967301,0 days 00:01:03.573967301
0 days 00:00:00.930000,0 days 00:00:00.950000,answer5,1.0151477,-1.4659299,-2.980087,0.059115246,-0.0035290348,0.32904032,13.5787,10.41623,31.93403,-10.056915,22.82789,0.047066804,1.9296995,3.1921673,-2.9564846,18.861568,1069.2911,1085.6033,-16.51103,2186.933,673.7465,-19.88187,2923.8333,852.3504,-20.71096,0 days 00:01:03.563967301,0 days 00:01:03.583967301
0 days 00:00:00.940000,0 days 00:00:00.960000,answer5,1.0980625,-2.5238948,-1.9163207,0.06155792,-0.004109654,0.3285193,14.043767,11.003909,29.777945,-11.363591,22.195099,0.010896911,1.5217468,3.812682,-5.447447,-7.257296,1000.73145,1050.059,-11.257652,2139.6094,621.49054,-18.258823,2885.7092,779.33295,6.4090247,0 days 00:01:03.573967301,0 days 00:01:03.593967301
0 days 00:00:00.950000,0 days 00:00:01,answer5,1.1801848,-3.8694108,0.4244248,0.081098355,-0.001299175,0.41352868,14.894124,9.838557,26.352898,-10.915115,22.030237,0.001514581,0.69171685,3.7051096,-5.6802344,-7.533865,1012.1084,1062.1035,-10.059892,2153.1897,646.0699,-19.509895,2881.4333,796.2903,6.570294,0 days 00:01:03.583967301,0 days 00:01:03.633967301
0 days 00:00:00,0 days 00:00:00.020000,answer6,0.8390553,-0.12010004,6.374691,0.06941051,0.0021202324,0.08765585,6.823766,-4.069157,0.68631643,0.17081334,0.0,0.0,0.0,0.0,0.0,0.0,1092.7999,826.2121,-201.0,2164.3855,714.5241,-201.0,3293.8672,418.108,-201.0,0 days 00:01:09.133466800,0 days 00:01:09.153466800
0 days 00:00:00.010000,0 days 00:00:00.030000,answer6,0.8267023,-0.123923205,6.99061,0.06497876,0.00089978747,0.16951579,6.941752,-4.953014,0.2103455,0.20408934,0.0,0.0,0.0,0.0,0.0,0.0,842.4092,1012.9624,-201.0,1859.0942,833.3245,-201.0,2924.8347,593.7161,-201.0,0 days 00:01:09.143466800,0 days 00:01:09.163466800
0 days 00:00:00.020000,0 days 00:00:00.040000,answer6,0.7699968,-0.41912612,6.411556,0.0685032,-0.0033179207,0.23940676,5.0776734,-3.7532532,-0.58287406,-2.337745,0.0,0.0,0.0,0.0,0.0,0.0,873.5723,1056.3608,-201.0,1856.4443,828.4826,-201.0,2881.381,650.56836,-201.0,0 days 00:01:09.153466800,0 days 00:01:09.173466800
0 days 00:00:00.030000,0 days 00:00:00.050000,answer6,0.8015235,-0.681669,6.7199454,0.08707574,-0.006045999,0.22133493,4.0978637,-6.3422966,-4.263117,-6.2893157,0.0,0.0,0.0,0.0,0.0,0.0,572.0628,1207.9728,-201.0,1591.9479,781.95184,-201.0,2588.8977,681.46783,-201.0,0 days 00:01:09.163466800,0 days 00:01:09.183466800
0 days 00:00:00.040000,0 days 00:00:00.060000,answer6,0.79261947,-0.012703578,4.9809,0.08266124,-0.005744411,0.22244537,2.5259602,-6.7438855,-3.2319453,-5.805592,0.0,0.0,0.0,0.0,0.0,0.0,577.7474,1196.558,-201.0,1593.9183,781.30304,-201.0,2593.2708,664.26447,-201.0,0 days 00:01:09.173466800,0 days 00:01:09.193466800
0 days 00:00:00.050000,0 days 00:00:00.070000,answer6,0.80747145,1.7310967,2.2757738,0.06697455,-0.0009864309,0.22202264,2.1129658,-8.899146,-0.6134932,-2.034091,0.0,0.0,0.0,0.0,0.0,0.0,537.73083,1140.8423,-201.0,1587.3795,773.98065,-201.0,2606.9368,753.1997,-201.0,0 days 00:01:09.183466800,0 days 00:01:09.203466800
0 days 00:00:00.060000,0 days 00:00:00.080000,answer6,0.7509392,2.4317904,0.78715354,0.05158888,0.0017925998,0.22294228,1.833702,-6.7177052,0.54133683,3.506834,0.0,0.0,0.0,0.0,0.0,0.0,884.4549,971.0722,-136.29124,1890.3999,778.2956,-137.19508,2940.3057,709.16797,-137.97362,0 days 00:01:09.193466800,0 days 00:01:09.213466800
0 days 00:00:00.070000,0 days 00:00:00.090000,answer6,0.7061296,0.8358651,2.0867217,0.049295258,-0.0015674742,0.21056394,3.0470388,-3.073509,4.1050773,4.903808,20.246685,0.0,0.0,-4.0408673,2.9880667,14.087265,826.3234,1044.4282,-68.61578,1902.4615,723.66846,-72.37287,2916.908,706.14355,-74.05612,0 days 00:01:09.203466800,0 days 00:01:09.223466800
0 days 00:00:00.080000,0 days 00:00:00.100000,answer6,0.68875676,-2.5673892,7.281649,0.04744855,-0.0055451114,0.21788408,6.315661,0.9857335,8.084676,7.492092,19.992722,0.0,0.0,-4.1761703,1.7996264,14.016604,891.3443,1056.3291,-3.543289,1905.3156,790.5322,-8.549378,2893.167,617.33295,-11.931904,0 days 00:01:09.213466800,0 days 00:01:09.233466800
0 days 00:00:00.090000,0 days 00:00:00.110000,answer6,0.75509596,-6.3690543,11.875104,0.030495869,-0.008364662,0.33136705,12.220173,5.496563,11.747792,8.367257,19.893118,0.0,0.0,-3.8743718,0.2852575,9.778939,523.6961,1401.3422,-1.8780798,1557.764,944.3518,-7.627767,2528.236,682.9104,-9.569502,0 days 00:01:09.223466800,0 days 00:01:09.243466800
0 days 00:00:00.100000,0 days 00:00:00.120000,answer6,0.97508556,-7.244211,13.201042,0.031311978,-0.005438404,0.51275444,15.752758,2.9034424,9.328386,8.347342,19.86746,0.0,3.2451828,-2.671796,-0.54056686,12.1236315,816.0096,1291.1089,0.0,1789.6006,1025.1547,-7.536206,2826.136,654.3547,-12.149879,0 days 00:01:09.233466800,0 days 00:01:09.253466800
0 days 00:00:00.110000,0 days 00:00:00.130000,answer6,1.1809291,-6.3400116,13.084133,0.029194081,-0.0017702347,0.6251802,17.610575,0.18387644,3.837721,9.425964,20.320547,0.0,3.2451828,-1.330333,-0.5979653,13.222678,514.062,1505.1093,-2.3449006,1477.5182,1087.2726,-6.970928,2515.3396,769.4038,-12.36858,0 days 00:01:09.243466800,0 days 00:01:09.263466800
0 days 00:00:00.120000,0 days 00:00:00.140000,answer6,1.3137857,-5.0171676,12.336022,0.03800941,0.004475785,0.6232286,17.718676,-3.3856745,3.169347,12.713555,20.828466,0.0,2.8778362,-0.20749019,-0.8230038,17.839579,847.65546,1232.4645,-5.695658,1797.542,1029.5648,-9.718347,2860.9805,762.2981,-16.446188,0 days 00:01:09.253466800,0 days 00:01:09.273466800
0 days 00:00:00.130000,0 days 00:00:00.150000,answer6,1.25634,-6.2285767,15.02122,0.03417432,0.0006267652,0.52905756,19.634127,-1.2379493,4.0640507,15.757693,21.43653,0.02053581,2.039426,-0.16664967,-1.6241065,16.597214,570.8363,1322.1532,-3.2323797,1531.7396,964.3288,-11.690242,2575.516,763.6375,-16.073582,0 days 00:01:09.263466800,0 days 00:01:09.283466800
0 days 00:00:00.140000,0 days 00:00:00.160000,answer6,1.1720852,-8.820359,18.13421,0.036418226,-0.0040503996,0.49631584,22.306946,1.0515953,8.00085,15.097312,22.142492,0.031482376,1.1355983,-0.5551263,-0.6945121,16.303297,516.7872,1371.0621,-5.202917,1523.1605,965.51495,-13.654606,2556.7317,726.8169,-17.049852,0 days 00:01:09.273466800,0 days 00:01:09.293466800
0 days 00:00:00.150000,0 days 00:00:00.170000,answer6,1.0586929,-10.930715,20.628618,0.04872781,-0.008612852,0.49310622,23.649094,2.4302466,11.764096,13.976928,22.835733,0.041821465,0.5991169,-2.526756,1.4530858,13.933932,251.66133,1403.4814,-2.8468094,1272.3722,833.4886,-10.778821,2253.9036,731.99097,-15.305562,0 days 00:01:09.283466800,0 days 00:01:09.303466800
0 days 00:00:00.160000,0 days 00:00:00.180000,answer6,0.91197354,-11.73179,22.093664,0.05471189,-0.008583628,0.580359,24.0607,3.261038,13.441058,11.143727,23.350866,0.046975147,0.6597805,-5.905665,4.547282,10.747258,259.0917,1475.4989,-2.9034455,1309.4493,969.2183,-6.078228,2278.6182,915.20245,-12.175526,0 days 00:01:09.293466800,0 days 00:01:09.313466800
0 days 00:00:00.170000,0 days 00:00:00.190000,answer6,0.7949564,-11.648426,21.552652,0.05922937,-0.009341228,0.5401917,24.665419,3.5966797,11.854007,9.766635,29.530691,0.04057478,0.785862,-6.204923,2.6277878,9.93707,579.10065,1392.4318,1.7143883,1564.4293,1049.4388,-0.81728333,2605.3071,802.90094,-6.435534,0 days 00:01:09.303466800,0 days 00:01:09.323466800
0 days 00:00:00.180000,0 days 00:00:00.200000,answer6,1.0550686,-8.0728,16.20785,0.040306963,-0.01253021,0.7687345,22.763216,0.50547284,5.787586,1.9373512,35.459625,0.03417442,0.9119436,-4.5624137,-0.4180037,10.928309,769.36896,1370.1964,7.6915116,1793.3502,1038.5708,-0.11928836,2893.0957,791.5808,-4.495442,0 days 00:01:09.313466800,0 days 00:01:09.333466800
0 days 00:00:00.190000,0 days 00:00:00.210000,answer6,1.9677992,-4.73698,11.7104845,0.035940215,-0.011048281,1.6674905,19.581491,-7.8271213,-3.0678062,-3.7307246,41.65509,0.3561163,1.859919,-1.3230158,-3.4255722,14.492935,1035.5433,1250.9667,9.721027,2022.377,933.95166,-2.2094328,3158.055,597.86816,-6.645796,0 days 00:01:09.323466800,0 days 00:01:09.343466800
0 days 00:00:00.200000,0 days 00:00:00.220000,answer6,2.8388731,-2.6689928,11.168327,0.044076722,-0.008756976,2.3580809,15.452602,-15.5344925,-11.858279,-11.904102,35.94743,0.67805815,2.8078945,-2.2493818,-7.248037,7.593104,750.74316,1214.944,8.275615,1782.5225,901.87775,-0.33823618,2855.3555,687.6182,-6.565525,0 days 00:01:09.333466800,0 days 00:01:09.353466800
0 days 00:00:00.210000,0 days 00:00:00.230000,answer6,3.1995077,-3.4440238,14.402587,0.053494062,-0.0088197,2.7683222,13.856083,-19.725191,-16.366997,-11.354112,30.348635,1.0,3.7558696,-2.6439054,-11.398061,1.8567266,569.80414,1205.8568,7.350876,1569.6627,1018.8028,3.1477604,2565.1384,811.03937,-5.903913,0 days 00:01:09.343466800,0 days 00:01:09.363466800
0 days 00:00:00.220000,0 days 00:00:00.240000,answer6,2.8537896,-2.8203413,15.486016,0.06291629,-0.0060710725,2.2897103,14.644394,-18.316023,-16.14006,-10.091718,24.528364,1.0,3.7558696,-3.1108892,-16.456972,-6.497976,292.53494,1368.6862,3.7499263,1283.4047,1213.0542,9.053786,2197.1145,993.9567,-0.5349167,0 days 00:01:09.353466800,0 days 00:01:09.373466800
0 days 00:00:00.230000,0 days 00:00:00.250000,answer6,2.4130995,-2.0602925,14.3881645,0.06930076,-0.010038501,1.956202,16.229607,-17.722513,-13.606593,-9.960415,25.910227,1.0,3.7558696,-2.7172,-11.424895,-4.6000323,298.23044,1413.5664,3.97568,1295.2762,1181.3408,12.5602865,2258.716,1110.3943,2.8550746,0 days 00:01:09.363466800,0 days 00:01:09.383466800
0 days 00:00:00.240000,0 days 00:00:00.260000,answer6,2.0749943,-3.1009018,14.833186,0.08474184,-0.012543969,1.5296179,17.99063,-16.646482,-13.639842,-15.291692,26.05282,1.0,3.7558696,-3.5423088,-6.4058814,-1.8704835,545.8709,1466.6971,6.267238,1552.2793,1165.182,10.949456,2524.847,997.87646,2.9145586,0 days 00:01:09.373466800,0 days 00:01:09.393466800
0 days 00:00:00.250000,0 days 00:00:00.270000,answer6,1.7587771,-5.0648136,16.39209,0.07991278,-0.01778433,1.202147,17.213326,-17.685427,-15.525437,-20.397947,26.139849,0.86890554,2.6552126,-4.784542,-2.7904816,2.17025,857.3498,1251.3358,12.358836,1866.7836,1097.2516,6.7412796,2885.848,794.2076,-0.18693733,0 days 00:01:09.383466800,0 days 00:01:09.403466800
0 days 00:00:00.260000,0 days 00:00:00.280000,answer6,1.5175848,-4.803924,16.876518,0.070386864,-0.015441168,0.9846222,16.933622,-19.37639,-18.273893,-23.23229,24.94776,0.8033583,2.1048841,-5.135002,-4.140566,3.8281598,1112.6787,1151.8683,-57.398804,2154.9275,1067.3969,-66.32177,3121.0217,653.1058,-70.32644,0 days 00:01:09.393466800,0 days 00:01:09.413466800
0 days 00:00:00.270000,0 days 00:00:00.290000,answer6,1.2353292,-4.1253257,17.534851,0.06002449,-0.010087558,0.8375371,16.365316,-20.964777,-18.665361,-20.589205,0.0,0.0,0.0,0.0,0.0,0.0,871.8829,1139.3923,-129.96648,1901.1005,1164.8278,-133.74983,2870.3242,832.7085,-136.04309,0 days 00:01:09.403466800,0 days 00:01:09.423466800
0 days 00:00:00.280000,0 days 00:00:00.300000,answer6,1.0642939,-3.259683,15.716746,0.04699114,-0.00708336,0.6520939,18.07879,-20.81666,-14.511333,-14.921722,0.0,0.0,0.0,0.0,0.0,0.0,625.9916,1123.0836,-201.0,1643.4545,1102.0359,-201.0,2575.8936,931.9904,-201.0,0 days 00:01:09.413466800,0 days 00:01:09.433466800
0 days 00:00:00.290000,0 days 00:00:00.310000,answer6,0.91247225,-3.462736,16.099161,0.05405593,-0.005726596,0.53631395,17.901747,-20.48313,-12.658073,-12.5099,0.0,0.0,0.0,0.0,0.0,0.0,367.78442,1202.4791,-201.0,1338.6705,1178.4204,-201.0,2259.3015,1029.2646,-201.0,0 days 00:01:09.423466800,0 days 00:01:09.443466800
0 days 00:00:00.300000,0 days 00:00:00.320000,answer6,0.876261,-3.4503505,14.788072,0.057583824,-0.00943704,0.4097362,16.08694,-19.171026,-16.487223,-15.434776,0.0,0.0,0.0,0.0,0.0,0.0,583.1755,1157.2412,-201.0,1565.5023,1004.13214,-201.0,2559.798,812.3355,-201.0,0 days 00:01:09.433466800,0 days 00:01:09.453466800
0 days 00:00:00.310000,0 days 00:00:00.330000,answer6,0.86574936,-3.318854,14.360614,0.08633456,-0.013864043,0.38991085,11.696622,-15.689109,-20.53871,-19.58512,0.0,0.0,0.0,0.0,0.0,0.0,878.02094,1191.3501,-201.0,1863.7607,1008.44385,-201.0,2960.18,679.657,-201.0,0 days 00:01:09.443466800,0 days 00:01:09.463466800
0 days 00:00:00.320000,0 days 00:00:00.340000,answer6,0.8853488,-2.7600439,11.9754,0.076931246,-0.013231876,0.3389071,7.623755,-11.513026,-18.085089,-18.321945,0.0,0.0,0.0,0.0,0.0,0.0,1140.1505,1171.5446,-201.0,2142.7693,1048.4336,-201.0,3209.5088,615.73004,-201.0,0 days 00:01:09.453466800,0 days 00:01:09.473466800
0 days 00:00:00.330000,0 days 00:00:00.350000,answer6,0.92011714,-1.4616017,9.080701,0.09842098,-0.007918949,0.31913602,7.128488,-8.370281,-12.9108305,-14.718403,0.0,0.0,0.0,0.0,0.0,0.0,1191.1656,1224.3851,-201.0,2217.6526,1141.5411,-201.0,3200.2864,635.5787,-201.0,0 days 00:01:09.463466800,0 days 00:01:09.483466800
0 days 00:00:00.340000,0 days 00:00:00.360000,answer6,0.8469494,-0.9638324,7.339291,0.0862717,-0.0040173293,0.29468167,7.6047664,-7.104112,-5.9564414,-10.943276,0.0,0.0,0.0,0.0,0.0,0.0,874.3904,1261.0588,-201.0,1915.1039,1081.2668,-201.0,2863.6003,719.11523,-201.0,0 days 00:01:09.473466800,0 days 00:01:09.493466800
0 days 00:00:00.350000,0 days 00:00:00.370000,answer6,0.7907188,-1.4831924,8.1043415,0.08163749,-0.008469864,0.28350273,9.01139,-9.609601,-6.2327957,-10.34097,0.0,0.0,0.0,0.0,0.0,0.0,608.16534,1197.2408,-201.0,1675.4918,902.4946,-201.0,2660.5547,725.565,-201.0,0 days 00:01:09.483466800,0 days 00:01:09.503466800
0 days 00:00:00.360000,0 days 00:00:00.380000,answer6,0.69729835,-1.8977934,8.176258,0.058706995,-0.009971865,0.2700529,9.363354,-9.196836,-2.477532,-7.890829,0.0,0.0,0.0,0.0,0.0,0.0,323.21933,1269.8033,-201.0,1347.9814,912.6595,-201.0,2371.9592,793.5119,-201.0,0 days 00:01:09.493466800,0 days 00:01:09.513466800
0 days 00:00:00.370000,0 days 00:00:00.390000,answer6,0.6393068,-2.166931,8.901264,0.044646766,-0.010801903,0.2223009,9.673341,-10.039585,-4.4643955,-9.450001,0.0,0.0,0.0,0.0,0.0,0.0,344.36014,1180.5355,-201.0,1369.3989,933.8902,-201.0,2362.416,772.6023,-201.0,0 days 00:01:09.503466800,0 days 00:01:09.523466800
0 days 00:00:00.380000,0 days 00:00:00.400000,answer6,0.58112556,-2.762866,9.025723,0.052203972,-0.008274955,0.19037654,10.453026,-6.277611,-2.0432742,-8.318845,0.0,0.0,0.0,0.0,0.0,0.0,627.1766,1181.1558,-201.0,1658.1279,974.25543,-201.0,2669.1572,849.3686,-201.0,0 days 00:01:09.513466800,0 days 00:01:09.533466800
0 days 00:00:00.390000,0 days 00:00:00.410000,answer6,0.5158084,-2.6239653,10.74359,0.04461282,-0.0053708237,0.14744227,11.129166,-5.9180813,-4.8650403,-7.6995034,0.0,0.0,0.0,0.0,0.0,0.0,650.6342,1149.9899,-201.0,1624.1031,993.654,-201.0,2677.6033,810.98566,-201.0,0 days 00:01:09.523466800,0 days 00:01:09.543466800
0 days 00:00:00.400000,0 days 00:00:00.420000,answer6,0.47693944,-3.1206207,11.857968,0.04776773,-0.0028875216,0.12044876,12.11773,-3.4781377,-5.0144024,-5.6215973,0.0,0.0,0.0,0.0,0.0,0.0,658.575,1295.1823,-201.0,1592.5199,1147.3844,-201.0,2622.6702,982.5242,-201.0,0 days 00:01:09.533466800,0 days 00:01:09.553466800
0 days 00:00:00.410000,0 days 00:00:00.430000,answer6,0.4274545,-2.9051063,11.308597,0.032466535,-0.0020117387,0.10419469,12.278103,-2.2808998,-3.475522,-4.7045527,0.0,0.0,0.0,0.0,0.0,0.0,460.15952,1532.3374,-201.0,1183.131,1383.1198,-201.0,2267.411,903.2281,-201.0,0 days 00:01:09.543466800,0 days 00:01:09.563466800
0 days 00:00:00.420000,0 days 00:00:00.440000,answer6,0.3897179,-2.6844199,10.982971,0.025261825,-0.004113384,0.08575791,11.203275,-0.93162864,-1.6849403,-3.335123,0.0,0.0,0.0,0.0,0.0,0.0,525.00055,1633.122,-201.0,1121.3715,1614.9786,-201.0,2193.3662,965.5476,-201.0,0 days 00:01:09.553466800,0 days 00:01:09.573466800
0 days 00:00:00.430000,0 days 00:00:00.450000,answer6,0.38479415,-4.0259314,12.614251,0.03349095,-0.0107285725,0.09658737,12.46577,-0.36869743,-0.59646946,-3.4222767,0.0,0.0,0.0,0.0,0.0,0.0,484.93164,1546.5839,-201.0,1129.4518,1397.1066,-201.0,2235.3499,818.6877,-201.0,0 days 00:01:09.563466800,0 days 00:01:09.583466800
0 days 00:00:00.440000,0 days 00:00:00.460000,answer6,0.37258753,-5.7390366,13.93649,0.03086613,-0.009131216,0.12258008,13.756726,0.7873799,0.90076715,1.8678727,0.0,0.0,0.0,0.0,0.0,0.0,629.40356,1345.747,-201.0,1464.4996,1168.0042,-201.0,2528.17,802.2737,-201.0,0 days 00:01:09.573466800,0 days 00:01:09.593466800
0 days 00:00:00.450000,0 days 00:00:00.470000,answer6,0.37586424,-6.865598,13.66216,0.032243494,-0.006251244,0.13788389,15.459338,2.3690698,2.1279628,5.9594626,0.0,0.0,0.0,0.0,0.0,0.0,535.9311,1366.5776,-201.0,1509.1117,965.033,-201.0,2516.506,766.25415,-201.0,0 days 00:01:09.583466800,0 days 00:01:09.603466800
0 days 00:00:00.460000,0 days 00:00:00.480000,answer6,0.35435104,-6.1538734,11.231522,0.02523613,-0.00035832147,0.13467921,14.97951,1.3170437,2.5966651,7.7966027,0.0,0.0,0.0,0.0,0.0,0.0,579.8034,1398.8496,-201.0,1529.4355,1156.2552,-201.0,2431.389,884.20807,-201.0,0 days 00:01:09.593466800,0 days 00:01:09.613466800
0 days 00:00:00.470000,0 days 00:00:00.490000,answer6,0.35043168,-5.081495,9.740456,0.030635387,-0.0023279896,0.10154266,14.119484,-0.048755687,-0.06803098,4.646608,0.0,0.0,0.0,0.0,0.0,0.0,405.04214,1394.7496,-201.0,1313.4723,1229.331,-201.0,2149.3645,981.72577,-201.0,0 days 00:01:09.603466800,0 days 00:01:09.623466800
0 days 00:00:00.480000,0 days 00:00:00.500000,answer6,0.34175077,-4.8062267,8.327924,0.024844661,-5.521408e-05,0.08952751,13.880603,-1.5719295,-0.05256037,5.891588,0.0,0.0,0.0,0.0,0.0,0.0,631.9053,1222.8041,-201.0,1574.3239,1140.2308,-201.0,2517.9285,898.27905,-201.0,0 days 00:01:09.613466800,0 days 00:01:09.633466800
0 days 00:00:00.490000,0 days 00:00:00.510000,answer6,0.3388965,-3.620796,8.392074,0.028877081,0.0015637571,0.07522208,12.326495,-4.1319556,-0.37336144,5.3316207,0.0,0.0,0.0,0.0,0.0,0.0,623.6933,1228.4635,-201.0,1580.3116,1057.4227,-201.0,2609.47,994.4958,-201.0,0 days 00:01:09.623466800,0 days 00:01:09.643466800
0 days 00:00:00.500000,0 days 00:00:00.520000,answer6,0.33151224,-3.2727916,6.853157,0.031159341,0.0014469066,0.074569546,12.032931,-4.140535,0.861559,5.6473446,0.0,0.0,0.0,0.0,0.0,0.0,628.65985,1260.7665,-201.0,1663.2916,1068.8145,-201.0,2541.3748,1270.4253,-201.0,0 days 00:01:09.633466800,0 days 00:01:09.653466800
0 days 00:00:00.510000,0 days 00:00:00.530000,answer6,0.32492593,-3.283892,7.0835223,0.037493717,-0.0077167135,0.06718711,10.711418,-2.764562,1.3151374,1.7925955,0.0,0.0,0.0,0.0,0.0,0.0,428.59415,1394.8304,-201.0,1446.5599,1214.3931,-201.0,2173.2764,1432.5073,-201.0,0 days 00:01:09.643466800,0 days 00:01:09.663466800
0 days 00:00:00.520000,0 days 00:00:00.540000,answer6,0.32238644,-4.6804705,8.810419,0.030751884,-0.009506577,0.07062393,12.065772,1.050249,2.6850398,4.2932477,0.0,0.0,0.0,0.0,0.0,0.0,442.1744,1383.7037,-201.0,1437.2686,1231.5831,-201.0,2127.426,1346.8877,-201.0,0 days 00:01:09.653466800,0 days 00:01:09.673466800
0 days 00:00:00.530000,0 days 00:00:00.550000,answer6,0.32705688,-6.641496,13.759452,0.036372896,-0.011566084,0.07554937,13.299468,3.7755115,2.2014105,4.647224,0.0,0.0,0.0,0.0,0.0,0.0,442.45352,1341.3712,-201.0,1390.6318,1203.024,-201.0,2243.8474,1216.7745,-201.0,0 days 00:01:09.663466800,0 days 00:01:09.683466800
0 days 00:00:00.540000,0 days 00:00:00.560000,answer6,0.33208367,-8.144173,16.242348,0.053637903,-0.010174298,0.090110354,14.718148,4.905376,2.5534942,2.9146776,0.0,0.0,0.0,0.0,0.0,0.0,489.63168,1535.0065,-132.27927,1257.4448,1681.6771,-133.30753,2185.3123,1264.7177,-134.23073,0 days 00:01:09.673466800,0 days 00:01:09.693466800
0 days 00:00:00.550000,0 days 00:00:00.570000,answer6,0.32033542,-7.8448186,15.763101,0.058287993,-0.013808094,0.08995954,13.165665,6.058393,3.7063534,3.8991098,16.42441,0.0,0.0,-3.1517406,9.680447,17.574345,493.1339,1422.4424,-63.625732,1302.1165,1518.1388,-67.65421,2256.813,1297.066,-69.43349,0 days 00:01:09.683466800,0 days 00:01:09.703466800
0 days 00:00:00.560000,0 days 00:00:00.580000,answer6,0.30403996,-6.9435596,13.057935,0.061007872,-0.006239923,0.08339,11.514869,6.4403634,7.0356193,5.860849,16.53955,0.0,0.0,-3.5927277,8.28313,17.65534,750.0994,1272.495,2.3963037,1571.2294,1352.8794,-1.7789841,2606.2854,857.23975,-4.3632627,0 days 00:01:09.693466800,0 days 00:01:09.713466800
0 days 00:00:00.570000,0 days 00:00:00.590000,answer6,0.2917129,-5.985251,12.718585,0.05965528,-0.005032025,0.07193386,10.6369295,6.583849,7.7226105,4.1294694,16.672985,0.0,1.3389354,-3.6784616,6.901922,18.955906,686.0388,1090.9579,-66.32443,1687.4733,845.3779,-69.47146,2703.406,742.3933,-71.13254,0 days 00:01:09.703466800,0 days 00:01:09.723466800
0 days 00:00:00.580000,0 days 00:00:00.600000,answer6,0.29345405,-7.438961,13.776824,0.065272234,-0.0038967,0.065392815,12.80925,8.072246,7.721296,-0.1764276,0.0,0.0,0.0,0.0,0.0,0.0,656.84174,1197.8329,-134.97797,1668.5177,959.0242,-135.12477,2650.257,733.5867,-135.92976,0 days 00:01:09.713466800,0 days 00:01:09.733466800
0 days 00:00:00.590000,0 days 00:00:00.610000,answer6,0.30811524,-7.9789395,16.141878,0.058818385,-0.0057674763,0.076099925,14.646393,8.066183,3.8356602,-4.0355678,0.0,0.0,0.0,0.0,0.0,0.0,539.00507,1405.0225,-201.0,1540.5577,1111.8976,-201.0,2563.3396,815.1167,-201.0,0 days 00:01:09.723466800,0 days 00:01:09.743466800
0 days 00:00:00.600000,0 days 00:00:00.620000,answer6,0.3185847,-8.6686,17.363884,0.057364732,-0.0070004896,0.09228918,14.983886,5.7483354,-0.71679467,-6.4205403,0.0,0.0,0.0,0.0,0.0,0.0,513.6445,1562.3981,-201.0,1478.334,1354.4917,-201.0,2511.732,925.5664,-201.0,0 days 00:01:09.733466800,0 days 00:01:09.753466800
0 days 00:00:00.610000,0 days 00:00:00.630000,answer6,0.3242869,-8.498059,17.334898,0.04790719,-0.00549427,0.10147751,14.804738,4.5838733,-1.0280555,-3.574952,0.0,0.0,0.0,0.0,0.0,0.0,517.26697,1498.9647,-201.0,1462.0529,1269.0931,-201.0,2570.3184,816.8106,-201.0,0 days 00:01:09.743466800,0 days 00:01:09.763466800
0 days 00:00:00.620000,0 days 00:00:00.640000,answer6,0.31805542,-8.57228,15.165093,0.057173196,-0.014357668,0.097994,14.582729,3.997552,-0.025459131,-1.844643,0.0,0.0,0.0,0.0,0.0,0.0,362.57446,1526.0123,-201.0,1342.6539,1407.7716,-201.0,2211.2004,1162.3278,-201.0,0 days 00:01:09.753466800,0 days 00:01:09.773466800
0 days 00:00:00.630000,0 days 00:00:00.650000,answer6,0.3100442,-8.707646,14.286284,0.041854307,-0.014556612,0.09865824,15.019055,5.4679894,3.2379901,2.4431176,0.0,0.0,0.0,0.0,0.0,0.0,579.7056,1295.7289,-201.0,1613.5376,1015.75104,-201.0,2547.071,977.5449,-201.0,0 days 00:01:09.763466800,0 days 00:01:09.783466800
0 days 00:00:00.640000,0 days 00:00:00.660000,answer6,0.30732843,-7.699248,12.331585,0.032460906,-0.018432584,0.09998181,13.228679,4.5937915,2.1907272,2.3968394,0.0,0.0,0.0,0.0,0.0,0.0,608.234,1238.9755,-201.0,1662.1635,1068.851,-201.0,2484.5215,1051.0188,-201.0,0 days 00:01:09.773466800,0 days 00:01:09.793466800
0 days 00:00:00.650000,0 days 00:00:00.670000,answer6,0.29387566,-7.429053,12.6349945,0.024996927,-0.012443987,0.097754024,12.178005,5.5853333,2.062938,3.3966777,0.0,0.0,0.0,0.0,0.0,0.0,861.185,1175.1124,-201.0,1876.0205,933.0718,-201.0,2874.9385,835.7767,-201.0,0 days 00:01:09.783466800,0 days 00:01:09.803466800
0 days 00:00:00.660000,0 days 00:00:00.680000,answer6,0.28434488,-7.2032986,12.109292,0.021823056,-0.010464384,0.08021527,11.986243,6.461762,3.7268984,4.2776017,0.0,0.0,0.0,0.0,0.0,0.0,669.2592,1142.9169,-201.0,1674.5493,944.1501,-201.0,2620.631,798.3823,-201.0,0 days 00:01:09.793466800,0 days 00:01:09.813466800
0 days 00:00:00.670000,0 days 00:00:00.690000,answer6,0.27459797,-8.505695,13.056137,0.03258257,-0.012724583,0.0640815,13.545239,9.038089,5.6687255,0.10798105,0.0,0.0,0.0,0.0,0.0,0.0,634.357,1289.6709,-201.0,1639.8829,1128.1484,-201.0,2580.7483,657.51666,-201.0,0 days 00:01:09.803466800,0 days 00:01:09.823466800
0 days 00:00:00.680000,0 days 00:00:00.700000,answer6,0.27552584,-9.759705,15.858884,0.016683513,-0.020321397,0.068470545,15.333926,9.240665,4.0317917,-5.064113,0.0,0.0,0.0,0.0,0.0,0.0,394.29922,1304.1434,-201.0,1372.3009,1231.7831,-201.0,2306.2144,743.70013,-201.0,0 days 00:01:09.813466800,0 days 00:01:09.833466800
0 days 00:00:00.690000,0 days 00:00:00.710000,answer6,0.27525577,-10.558393,17.356274,0.011280489,-0.020956576,0.07260095,16.348743,7.8265357,-0.45117712,-6.6657734,0.0,0.0,0.0,0.0,0.0,0.0,444.7679,1203.0448,-201.0,1396.523,1335.1307,-201.0,2333.5564,804.78766,-201.0,0 days 00:01:09.823466800,0 days 00:01:09.843466800
0 days 00:00:00.700000,0 days 00:00:00.720000,answer6,0.26565266,-10.355325,17.641783,0.009997773,-0.018099701,0.07755313,16.167463,7.05171,-3.468242,-8.223278,0.0,0.0,0.0,0.0,0.0,0.0,455.04697,1138.9728,-201.0,1337.4913,1183.9324,-201.0,2427.365,698.6989,-201.0,0 days 00:01:09.833466800,0 days 00:01:09.853466800
0 days 00:00:00.710000,0 days 00:00:00.730000,answer6,0.2652269,-9.772512,16.269762,0.04178751,-0.013191998,0.07062132,16.156584,5.7904396,-3.0910337,-8.358162,0.0,0.0,0.0,0.0,0.0,0.0,419.30933,1157.2346,-201.0,1311.3932,1070.3458,-201.0,2396.3862,604.2749,-201.0,0 days 00:01:09.843466800,0 days 00:01:09.863466800
0 days 00:00:00.720000,0 days 00:00:00.740000,answer6,0.2635283,-10.247256,16.705585,0.04836924,-0.01888843,0.07116425,17.01709,7.2804246,-0.8039408,-8.660341,0.0,0.0,0.0,0.0,0.0,0.0,410.48764,1299.653,-201.0,1326.8647,1268.6984,-201.0,2284.3738,798.1662,-201.0,0 days 00:01:09.853466800,0 days 00:01:09.873466800
0 days 00:00:00.730000,0 days 00:00:00.750000,answer6,0.26663348,-11.5428705,19.173151,0.058902964,-0.019829353,0.07397737,18.62935,8.105377,1.6366076,-6.822497,0.0,0.0,0.0,0.0,0.0,0.0,363.0676,1479.7279,-201.0,1286.0669,1377.3236,-201.0,2207.3555,910.1148,-201.0,0 days 00:01:09.863466800,0 days 00:01:09.883466800
0 days 00:00:00.740000,0 days 00:00:00.760000,answer6,0.26337078,-13.799975,20.417585,0.03600038,-0.021856679,0.086926855,20.599901,11.376293,5.9210477,-2.2324803,0.0,0.0,0.0,0.0,0.0,0.0,368.3911,1589.234,-201.0,1289.8942,1632.004,-201.0,2108.7913,1018.948,-201.0,0 days 00:01:09.873466800,0 days 00:01:09.893466800
0 days 00:00:00.750000,0 days 00:00:00.770000,answer6,0.25970474,-13.836395,21.281584,0.055160526,-0.016698806,0.104158185,20.31568,12.100375,4.7655683,-0.29523647,0.0,0.0,0.0,0.0,0.0,0.0,280.12778,1674.1025,-201.0,1227.51,1435.2845,-201.0,2127.1729,886.81274,-201.0,0 days 00:01:09.883466800,0 days 00:01:09.903466800
0 days 00:00:00.760000,0 days 00:00:00.780000,answer6,0.2567974,-12.282475,19.577652,0.04529475,-0.01625901,0.10208019,18.83231,10.71352,2.5311809,1.0133955,0.0,0.0,0.0,0.0,0.0,0.0,336.81378,1434.7675,-201.0,1335.8789,1258.4359,-201.0,2202.113,1002.2397,-201.0,0 days 00:01:09.893466800,0 days 00:01:09.913466800
0 days 00:00:00.770000,0 days 00:00:00.790000,answer6,0.25508586,-10.620688,19.188856,0.0440751,-0.015931869,0.09772285,16.830008,9.262929,0.70995474,2.2374825,0.0,0.0,0.0,0.0,0.0,0.0,244.76483,1537.6962,-201.0,1337.6947,1160.7672,-201.0,2175.4065,1050.9825,-201.0,0 days 00:01:09.903466800,0 days 00:01:09.923466800
0 days 00:00:00.780000,0 days 00:00:00.800000,answer6,0.24699591,-9.940674,18.629948,0.040788446,-0.015486318,0.088058166,15.390773,10.126014,1.7828091,1.5526795,0.0,0.0,0.0,0.0,0.0,0.0,553.42926,1367.9469,-136.51924,1692.877,1013.37494,-139.92244,2572.2317,951.0506,-140.83598,0 days 00:01:09.913466800,0 days 00:01:09.933466800
0 days 00:00:00.790000,0 days 00:00:00.810000,answer6,0.25500944,-11.303399,19.932938,0.050800446,-0.016151896,0.10031128,17.456276,11.444036,3.4622307,2.5109732,22.155346,0.0,0.0,-3.6939816,-12.352302,11.189291,518.90045,1529.5089,-66.390465,1628.4238,1116.3138,-76.30453,2514.8682,887.95404,-77.96596,0 days 00:01:09.923466800,0 days 00:01:09.943466800
0 days 00:00:00.800000,0 days 00:00:00.820000,answer6,0.25657701,-10.821872,18.813856,0.055136483,-0.016294027,0.09914887,17.06045,10.500843,1.4992248,-2.7879677,20.244638,0.0,0.0,-4.2494392,-6.7967772,14.1970415,798.1106,1311.9521,0.109461464,1876.6249,916.46564,-11.584424,2903.6467,711.63965,-15.170451,0 days 00:01:09.933466800,0 days 00:01:09.953466800
0 days 00:00:00.810000,0 days 00:00:00.830000,answer6,0.26365846,-11.632953,18.873888,0.051668588,-0.018383121,0.08554918,18.560495,9.40417,2.8764038,-4.9862785,18.308699,0.0,0.0,-5.2948413,-3.7249496,15.112311,724.06146,1304.3136,-64.37129,1776.6783,936.2945,-72.66199,2834.5906,692.1108,-75.334465,0 days 00:01:09.943466800,0 days 00:01:09.963466800
0 days 00:00:00.820000,0 days 00:00:00.840000,answer6,0.2508785,-11.5171175,18.174505,0.057569355,-0.015689071,0.08312748,16.93347,8.282806,1.7532486,-7.7535152,16.31535,0.0,0.0,-6.1981597,0.0,0.0,954.7534,1221.9648,-66.9826,2020.1411,808.43823,-72.4351,3172.6523,581.84515,-74.91387,0 days 00:01:09.953466800,0 days 00:01:09.973466800
0 days 00:00:00.830000,0 days 00:00:00.850000,answer6,0.24374141,-12.491959,18.374756,0.06740985,-0.017094607,0.07697877,17.826807,10.390574,2.7452657,-7.676372,16.38054,0.0,0.0,-6.9271293,3.044083,22.49746,773.9326,1697.9313,-65.570694,1549.5371,1259.0332,-71.90843,2756.4707,672.615,-76.46812,0 days 00:01:09.963466800,0 days 00:01:09.983466800
0 days 00:00:00.840000,0 days 00:00:00.860000,answer6,0.23137586,-12.691485,19.601707,0.07141279,-0.015298851,0.081401385,18.07383,12.234413,2.6749582,-5.06821,17.995186,0.0,0.0,-6.376789,2.116316,21.81704,588.0296,1856.1564,4.745845,1283.9435,1409.6095,-7.8912816,2498.9836,726.6696,-12.883378,0 days 00:01:09.973466800,0 days 00:01:09.993466800
0 days 00:00:00.850000,0 days 00:00:00.870000,answer6,0.23271133,-12.839771,21.092096,0.060478196,-0.014769687,0.077468716,18.790956,13.690198,4.1849904,-3.5562258,19.719637,0.0,0.0,-5.033346,0.031236729,20.486078,308.88858,2031.0636,8.599978,1012.0532,1571.1807,-6.5812416,2162.7595,794.3801,-11.647466,0 days 00:01:09.983466800,0 days 00:01:10.003466800
0 days 00:00:00.860000,0 days 00:00:00.880000,answer6,0.23164165,-13.158665,22.048063,0.05321488,-0.016870378,0.070306934,19.588602,12.942219,4.447819,-4.07898,21.27006,0.0,0.0,-3.776388,0.18583536,20.495716,510.97708,1542.6354,-59.311848,1552.6403,1038.0748,-71.82801,2607.2566,731.001,-72.88873,0 days 00:01:09.993466800,0 days 00:01:10.013466800
0 days 00:00:00.870000,0 days 00:00:00.890000,answer6,0.23790728,-12.773477,20.964579,0.050898153,-0.017711263,0.070560694,19.149473,10.225321,4.0059304,-6.5340667,0.0,0.0,0.0,0.0,0.0,0.0,449.63608,1650.5594,-129.6284,1535.9764,1139.6195,-135.84515,2526.0022,785.1442,-136.47346,0 days 00:01:10.003466800,0 days 00:01:10.023466800
0 days 00:00:00.880000,0 days 00:00:00.900000,answer6,0.24738742,-12.0803,19.328798,0.04725348,-0.022134608,0.06838709,19.390594,7.7276726,5.202389,-6.8328915,0.0,0.0,0.0,0.0,0.0,0.0,574.8795,1658.7655,-201.0,1442.0231,1363.682,-201.0,2473.0527,768.41504,-201.0,0 days 00:01:10.013466800,0 days 00:01:10.033466800
0 days 00:00:00.890000,0 days 00:00:00.910000,answer6,0.25095472,-11.101705,18.56738,0.042616114,-0.0162793,0.07363789,16.865534,6.374626,8.417077,-0.29802513,0.0,0.0,0.0,0.0,0.0,0.0,358.20413,1745.2389,-201.0,1130.8287,1535.6818,-201.0,2129.536,797.237,-201.0,0 days 00:01:10.023466800,0 days 00:01:10.043466800
0 days 00:00:00.900000,0 days 00:00:00.920000,answer6,0.25557888,-10.786388,17.536545,0.042049643,-0.021892572,0.079107575,17.055246,7.3109384,9.265203,2.0191972,0.0,0.0,0.0,0.0,0.0,0.0,444.52658,1466.222,-201.0,1220.3768,1318.6803,-201.0,2264.5842,820.27075,-201.0,0 days 00:01:10.033466800,0 days 00:01:10.053466800
0 days 00:00:00.910000,0 days 00:00:00.930000,answer6,0.2531922,-11.621536,18.841105,0.06644368,-0.017152423,0.079058126,17.715635,9.434858,8.017692,4.0136094,0.0,0.0,0.0,0.0,0.0,0.0,361.5363,1326.535,-201.0,1378.5326,986.00555,-201.0,2360.6448,1000.2072,-201.0,0 days 00:01:10.043466800,0 days 00:01:10.063466800
0 days 00:00:00.920000,0 days 00:00:00.940000,answer6,0.2500722,-10.91451,18.690546,0.064982675,-0.021474743,0.09023795,19.088234,8.028899,3.9409826,1.0542917,0.0,0.0,0.0,0.0,0.0,0.0,397.54663,1168.944,-201.0,1414.6505,918.3244,-201.0,2405.0208,1122.1521,-201.0,0 days 00:01:10.053466800,0 days 00:01:10.073466800
0 days 00:00:00.930000,0 days 00:00:00.950000,answer6,0.25467393,-11.474571,19.833208,0.04975152,-0.015861666,0.08428604,19.725931,8.393325,3.27552,2.1535485,0.0,0.0,0.0,0.0,0.0,0.0,409.7163,1151.5531,-201.0,1427.4899,949.387,-201.0,2354.8782,1214.187,-201.0,0 days 00:01:10.063466800,0 days 00:01:10.083466800
0 days 00:00:00.940000,0 days 00:00:00.960000,answer6,0.25681257,-10.599105,18.639734,0.030228943,-0.018676572,0.0849305,18.744835,7.2512174,2.5680945,-0.8024638,0.0,0.0,0.0,0.0,0.0,0.0,456.577,1024.1549,-201.0,1450.3187,943.1214,-201.0,2345.6565,1183.9136,-201.0,0 days 00:01:10.073466800,0 days 00:01:10.093466800
0 days 00:00:00.950000,0 days 00:00:01,answer6,0.27043614,-10.919774,18.215887,0.03344359,-0.013889164,0.07540692,17.428778,9.578003,4.0319934,-5.6988316,0.0,0.0,0.0,0.0,0.0,0.0,346.15518,1805.7465,-201.0,1134.2057,1427.9458,-201.0,2200.8247,970.9248,-201.0,0 days 00:01:10.083466800,0 days 00:01:10.133466800
0 days 00:00:00,0 days 00:00:00.020000,answer7,0.540216,2.169527,-0.8733604,0.037453935,-0.021943891,0.040862754,-4.5205455,17.980871,0.8408783,-9.608983,0.0,0.0,0.0,0.0,0.0,0.0,739.68207,973.49005,-143.36748,1946.9897,441.5223,-144.24757,2669.6423,1032.1301,-144.22997,0 days 00:01:19.700700701,0 days 00:01:19.720700701
0 days 00:00:00.010000,0 days 00:00:00.030000,answer7,0.52009314,1.9171629,0.2696992,0.032475907,-0.012925594,0.0848163,-3.44695,14.825962,2.3597162,-8.150657,36.32107,0.0,3.0525298,6.8244247,11.8836775,22.447908,789.3301,992.22266,-79.562874,1928.4762,574.6103,-90.871735,2702.0928,1055.89,-89.27273,0 days 00:01:19.710700701,0 days 00:01:19.730700701
0 days 00:00:00.020000,0 days 00:00:00.040000,answer7,0.48818693,-1.3923029,5.973944,0.03465338,-0.0058003603,0.15059517,0.37384495,13.089199,5.9638004,-4.1638265,36.274647,0.0,3.0525296,7.9336724,12.000824,24.663095,1070.1569,938.8584,-26.74524,2112.6182,1038.6266,-36.06612,2781.5686,1140.5441,-34.26488,0 days 00:01:19.720700701,0 days 00:01:19.740700701
0 days 00:00:00.030000,0 days 00:00:00.050000,answer7,0.51365906,-10.081538,17.080542,0.039611965,-0.013096278,0.43682194,9.4270935,16.086775,13.831922,-4.6921425,36.191044,0.0,3.107076,9.959858,12.369018,29.69259,710.32007,1140.7543,-18.716425,1706.3652,1808.6846,-38.964764,2516.4492,482.1664,-36.520985,0 days 00:01:19.730700701,0 days 00:01:19.750700701
0 days 00:00:00.040000,0 days 00:00:00.060000,answer7,0.6268588,-16.855034,24.909918,0.06915441,-0.024648169,0.56836486,15.493321,20.018126,20.61695,-9.905947,36.072727,0.067288674,2.5933518,11.446803,12.409932,32.87588,678.3899,1242.2472,-16.375307,1633.7568,2483.1345,-36.369606,2357.4802,565.0242,-37.363155,0 days 00:01:19.740700701,0 days 00:01:19.760700701
0 days 00:00:00.050000,0 days 00:00:00.070000,answer7,0.7634926,-20.867811,27.487703,0.10504514,-0.029586775,0.6244237,20.164343,21.43262,22.270403,-18.305897,35.953815,0.051083058,1.9064293,12.085034,12.319855,33.23761,403.14282,1352.7848,-3.0837233,1375.4298,2301.0405,-35.32752,2221.3704,616.0083,-36.32133,0 days 00:01:19.750700701,0 days 00:01:19.770700701
0 days 00:00:00.060000,0 days 00:00:00.080000,answer7,0.8356481,-21.000793,27.63679,0.12064552,-0.02675856,0.3937342,21.427826,18.979475,18.893232,-22.550676,35.817127,0.022133203,0.9654966,11.999692,11.484451,31.903494,412.66348,1308.4352,-3.3461142,1303.7876,1934.6202,-33.208714,2329.0078,596.73175,-35.249607,0 days 00:01:19.760700701,0 days 00:01:19.780700701
0 days 00:00:00.070000,0 days 00:00:00.090000,answer7,0.8531437,-21.816597,27.743446,0.12021738,-0.02493287,0.27393216,23.229752,17.910835,16.439741,-22.368904,35.647655,0.01672632,0.6251121,11.49565,8.811561,28.121643,427.56723,1325.5317,-6.042555,1221.0243,1692.891,-31.696192,2335.0725,569.4034,-34.164196,0 days 00:01:19.770700701,0 days 00:01:19.790700701
0 days 00:00:00.080000,0 days 00:00:00.100000,answer7,0.8597641,-22.345476,29.04214,0.109110735,-0.026747378,0.23675577,23.99484,20.08575,14.294551,-21.169264,35.47124,0.013375454,0.3395606,11.14877,6.51304,27.544409,546.4882,1359.939,-10.040387,1534.5277,1463.745,-31.476805,2603.137,567.4781,-35.89502,0 days 00:01:19.780700701,0 days 00:01:19.800700701
0 days 00:00:00.090000,0 days 00:00:00.110000,answer7,0.87236786,-21.099154,28.709892,0.0915921,-0.024825992,0.32899615,22.639048,19.26209,13.628201,-15.771412,35.378086,0.009577649,0.43329158,11.185901,5.3941994,26.02745,473.39737,1577.3483,-12.659012,1484.0883,1551.9293,-30.93493,2508.4053,621.9013,-35.36198,0 days 00:01:19.790700701,0 days 00:01:19.810700701
0 days 00:00:00.100000,0 days 00:00:00.120000,answer7,0.87068987,-20.518097,29.640907,0.08333579,-0.020223936,0.42377385,21.30522,18.954077,11.431522,-8.328898,35.330677,0.009972407,0.71574754,11.409926,6.964292,27.588005,411.07593,1650.0157,0.0,1636.4854,1425.1342,-31.720785,2447.14,898.93976,-35.21598,0 days 00:01:19.800700701,0 days 00:01:19.820700701
0 days 00:00:00.110000,0 days 00:00:00.130000,answer7,0.8774109,-20.919382,29.861458,0.0851816,-0.02240772,0.4931294,21.27532,17.944511,9.390117,-5.5634284,35.279694,0.013787196,0.96323425,11.810512,8.7489,29.978968,418.5084,1591.17,0.0,1537.5531,1422.3939,-32.81509,2448.349,850.9274,-36.159428,0 days 00:01:19.810700701,0 days 00:01:19.830700701
0 days 00:00:00.120000,0 days 00:00:00.140000,answer7,0.8668738,-22.824041,31.369066,0.09343112,-0.023162901,0.3878312,23.325766,21.071352,9.254338,-3.3373497,35.139553,0.019655198,0.8178785,12.212242,10.03561,31.764267,582.40894,1383.8087,-15.747255,1758.8599,1057.3217,-35.385777,2735.2747,728.7761,-37.130524,0 days 00:01:19.820700701,0 days 00:01:19.840700701
0 days 00:00:00.130000,0 days 00:00:00.150000,answer7,0.82971853,-24.095062,32.637104,0.11154912,-0.023057828,0.32731035,26.07696,22.00122,9.710296,-3.3498619,34.990097,0.018626263,0.6173748,12.462703,10.302798,32.121655,615.6844,1244.12,-12.153932,1710.0859,875.1299,-34.25835,2814.431,600.09735,-37.299496,0 days 00:01:19.830700701,0 days 00:01:19.850700701
0 days 00:00:00.140000,0 days 00:00:00.160000,answer7,0.7859149,-23.346994,33.194103,0.10750357,-0.016499331,0.26447904,27.597832,19.327843,9.429646,2.0376227,34.900097,0.013511445,0.55296856,12.546247,10.089827,30.810816,477.15933,1340.8317,-8.327477,1473.389,1084.2719,-31.396635,2481.96,753.3371,-35.636585,0 days 00:01:19.840700701,0 days 00:01:19.860700701
0 days 00:00:00.150000,0 days 00:00:00.170000,answer7,0.7550149,-22.53913,32.968296,0.10957719,-0.013870574,0.22980787,29.875864,16.397646,6.7784486,3.6839428,34.8771,0.0076964404,0.53499913,12.407082,9.84303,31.392622,371.1434,1347.6222,-4.0819535,1277.9025,1195.3169,-27.512672,2280.476,841.7158,-35.474575,0 days 00:01:19.850700701,0 days 00:01:19.870700701
0 days 00:00:00.160000,0 days 00:00:00.180000,answer7,0.74684453,-22.539637,33.105927,0.101192795,-0.014432264,0.17894833,31.487137,15.665305,4.5060654,1.3971434,34.888165,0.005150341,0.45960137,12.246718,9.661927,31.250046,364.99158,1426.2163,-3.014457,1218.4352,1216.3542,-27.612585,2291.7175,810.2786,-34.2645,0 days 00:01:19.860700701,0 days 00:01:19.880700701
0 days 00:00:00.170000,0 days 00:00:00.190000,answer7,0.738205,-23.486013,34.368855,0.09502828,-0.014290086,0.15213902,32.207462,17.472076,7.323607,-3.0941503,34.892517,0.0041053966,0.36264455,11.971244,9.371569,29.879034,373.88257,1371.0206,-1.8122569,1212.3816,1184.829,-28.017004,2326.4868,751.70624,-31.69129,0 days 00:01:19.870700701,0 days 00:01:19.890700701
0 days 00:00:00.180000,0 days 00:00:00.200000,answer7,0.77085876,-23.397352,32.56929,0.096038796,-0.021598533,0.16603124,29.89065,18.546656,12.989469,-9.797955,34.88524,0.0032102857,0.4396031,11.433316,9.042426,29.080519,393.18076,1395.1802,-0.68366367,1232.1702,1494.7828,-29.023018,2280.728,806.22656,-29.764181,0 days 00:01:19.880700701,0 days 00:01:19.900700701
0 days 00:00:00.190000,0 days 00:00:00.210000,answer7,0.8602114,-20.958487,27.966406,0.10192574,-0.025495261,0.20501442,24.946302,18.544172,18.352999,-14.647167,34.863285,0.0037161019,0.3608967,10.737991,8.867608,26.811594,406.66586,1274.7079,0.19791763,1413.0297,1603.5498,-31.199743,2259.9807,785.92725,-26.613678,0 days 00:01:19.890700701,0 days 00:01:19.910700701
0 days 00:00:00.200000,0 days 00:00:00.220000,answer7,1.0020086,-17.694708,22.340788,0.11244985,-0.031642836,0.23362553,19.5539,19.249271,24.372427,-19.412148,34.82474,0.003960552,0.32830098,9.856752,8.877792,26.848978,414.71982,1192.8275,0.7768655,1686.818,1320.7316,-30.47673,2175.2288,1241.5107,-26.072113,0 days 00:01:19.900700701,0 days 00:01:19.920700701
0 days 00:00:00.210000,0 days 00:00:00.230000,answer7,1.1274754,-14.855908,19.232676,0.1191623,-0.031179225,0.24457355,14.8919935,20.107857,27.603615,-21.54509,34.78304,0.0043110554,0.41307163,9.063806,8.868274,25.63398,399.66028,1030.6117,1.0610151,1843.5084,699.55225,-30.563456,2301.4314,1455.8203,-24.572966,0 days 00:01:19.910700701,0 days 00:01:19.930700701
0 days 00:00:00.220000,0 days 00:00:00.240000,answer7,1.207203,-13.620038,18.439583,0.11609181,-0.033568125,0.23799182,11.927011,22.558859,29.900696,-22.234732,34.763386,0.0038415894,0.39480403,8.42355,8.7112055,26.628958,394.31982,963.7429,1.062909,1916.2948,193.20451,-29.00058,2291.748,1874.5186,-25.56605,0 days 00:01:19.920700701,0 days 00:01:19.940700701
0 days 00:00:00.230000,0 days 00:00:00.250000,answer7,1.2696708,-12.572457,17.63111,0.11223814,-0.033461068,0.2485985,9.537823,23.477633,29.20745,-20.802603,34.768635,0.0063429773,0.6238096,8.118108,8.421147,26.830542,385.3806,924.2541,0.8137496,1847.141,139.74883,-30.315866,2364.5146,1631.4086,-26.016792,0 days 00:01:19.930700701,0 days 00:01:19.950700701
0 days 00:00:00.240000,0 days 00:00:00.260000,answer7,1.32833,-11.827798,16.111654,0.112107955,-0.034549143,0.2725499,7.230066,25.270561,28.275856,-18.471994,34.77771,0.007125413,0.46472183,8.068107,8.030131,24.704664,381.2128,917.1199,0.32524666,1839.8857,102.496704,-30.806921,2354.2307,1509.249,-24.379417,0 days 00:01:19.940700701,0 days 00:01:19.960700701
0 days 00:00:00.250000,0 days 00:00:00.270000,answer7,1.3672396,-11.075162,15.242162,0.11143001,-0.03313299,0.30132636,5.906498,24.923944,25.661293,-17.829172,34.77039,0.007766469,0.48624733,7.9355426,7.4529686,25.370535,379.65186,946.2321,-0.5618715,1859.9731,69.02704,-30.926239,2291.7917,1621.5352,-25.932404,0 days 00:01:19.950700701,0 days 00:01:19.970700701
0 days 00:00:00.260000,0 days 00:00:00.280000,answer7,1.3566914,-11.646858,16.156069,0.11347497,-0.033370096,0.29332122,6.1975274,25.234072,23.564537,-17.391256,34.739506,0.0061461986,0.200189,7.6601653,6.5951,24.493896,384.70834,977.3643,-2.1609848,1891.3529,81.38094,-30.784166,2257.251,1902.5597,-26.654882,0 days 00:01:19.960700701,0 days 00:01:19.980700701
0 days 00:00:00.270000,0 days 00:00:00.290000,answer7,1.3231975,-11.40293,15.780202,0.10544675,-0.032784108,0.3162049,7.0137925,24.170343,22.99633,-19.74761,34.7098,0.0056234724,0.1757104,7.5972342,5.6578546,26.069986,390.95755,1024.9303,-4.332397,1952.7643,807.7011,-30.402384,2061.9932,1504.694,-30.402384,0 days 00:01:19.970700701,0 days 00:01:19.990700701
0 days 00:00:00.280000,0 days 00:00:00.300000,answer7,1.2590051,-10.96532,15.441899,0.12170118,-0.032709043,0.37952363,7.744383,24.024796,23.99386,-19.711664,34.708168,0.008081493,0.25682208,7.031796,5.0822544,25.049202,389.8269,1014.59424,-6.380024,1927.9484,868.82,-31.429224,2123.4114,1311.7925,-31.429224,0 days 00:01:19.980700701,0 days 00:01:20.000700701
0 days 00:00:00.290000,0 days 00:00:00.310000,answer7,1.164652,-11.283963,15.684489,0.12104698,-0.032198653,0.44408083,8.442559,23.934698,24.352676,-18.104425,34.744297,0.017984942,0.6619034,4.8852816,5.486767,25.001724,387.8081,1123.0103,-7.3588147,1845.4263,1750.514,-32.373463,2074.5334,719.5346,-32.36054,0 days 00:01:19.990700701,0 days 00:01:20.010700701
0 days 00:00:00.300000,0 days 00:00:00.320000,answer7,1.029333,-13.442928,18.771719,0.11123178,-0.02893804,0.42345682,10.357628,25.80195,24.057886,-15.259766,30.865217,0.17944296,1.1297917,2.319659,8.210824,26.791245,469.6097,1268.7545,-8.627953,1903.9727,1066.7059,-30.457663,2418.6638,932.4322,-30.444738,0 days 00:01:20.000700701,0 days 00:01:20.020700701
0 days 00:00:00.310000,0 days 00:00:00.330000,answer7,0.9205084,-15.91508,21.375496,0.080391034,-0.02721314,0.48320818,14.605872,25.920258,23.511948,-10.964485,27.039816,0.17512405,0.97551125,0.95535874,9.451681,28.083944,476.37915,1378.9121,-6.2687955,1930.4918,1292.3737,-28.213873,2353.7573,1414.4243,-28.200949,0 days 00:01:20.010700701,0 days 00:01:20.030700701
0 days 00:00:00.320000,0 days 00:00:00.340000,answer7,0.89459187,-18.317822,24.677042,0.05661531,-0.021379687,0.6441274,19.042562,24.805914,23.069061,-3.546592,23.233932,0.16388232,1.5176368,1.987093,10.0854025,29.966925,460.23764,1323.2655,-6.3179955,1825.7104,632.7188,-26.16329,2452.381,1459.9678,-27.261583,0 days 00:01:20.020700701,0 days 00:01:20.040700701
0 days 00:00:00.330000,0 days 00:00:00.350000,answer7,0.94634104,-19.469397,26.303114,0.051007364,-0.020685919,0.82870007,23.660418,21.103933,23.379044,3.3944283,23.369078,0.020425947,1.1676599,3.1946201,8.519465,30.420029,375.60263,1195.4662,-3.4651232,1616.8724,852.2158,-26.124369,2240.699,1586.9502,-29.15479,0 days 00:01:20.030700701,0 days 00:01:20.050700701
0 days 00:00:00.340000,0 days 00:00:00.360000,answer7,0.9750332,-20.987528,28.297827,0.041597594,-0.016013402,0.758724,26.460175,19.557951,22.370897,8.050151,23.451395,0.034527306,1.4740082,3.6315267,7.8090477,30.547361,374.70532,1172.7589,-4.166655,1478.4076,955.50586,-23.80722,2399.8088,951.79877,-29.878784,0 days 00:01:20.040700701,0 days 00:01:20.060700701
0 days 00:00:00.350000,0 days 00:00:00.370000,answer7,0.960207,-20.43125,28.597076,0.048422765,-0.02001197,0.64669544,29.061136,17.096642,19.612898,6.0208707,23.54333,0.03861481,1.094895,3.3676927,7.0114026,26.246454,400.80704,1187.1196,-2.863825,1548.299,995.39374,-18.248243,2404.3108,1453.6761,-24.263033,0 days 00:01:20.050700701,0 days 00:01:20.070700701
0 days 00:00:00.360000,0 days 00:00:00.380000,answer7,0.9111007,-17.55026,28.848335,0.041707974,-0.020234855,0.66428596,30.36686,13.300636,16.015572,6.3890915,23.681564,0.030167868,1.0879987,3.300944,7.0839424,24.62201,443.76086,1290.421,-1.7022506,1610.5492,965.1368,-9.59233,2638.707,1286.9669,-18.386635,0 days 00:01:20.060700701,0 days 00:01:20.080700701
0 days 00:00:00.370000,0 days 00:00:00.390000,answer7,0.92355937,-14.162811,27.907797,0.03732315,-0.021784917,0.656874,31.404207,6.568224,12.477093,3.8823798,27.866898,0.027562445,0.91101885,4.3159223,3.6349895,14.885873,457.77335,1359.5446,-3.7986062,1583.4542,1345.1704,-6.275892,2385.8508,1216.2982,-12.029052,0 days 00:01:20.070700701,0 days 00:01:20.090700701
0 days 00:00:00.380000,0 days 00:00:00.400000,answer7,0.9739968,-10.491487,25.408815,0.026763005,-0.020229565,0.6328644,30.272383,-1.7357188,10.188651,2.6202548,32.057446,0.18719916,1.1682323,5.714148,0.7278363,9.42468,465.51212,1402.5665,-4.8380933,1565.1265,1401.4103,-5.7792664,2292.6543,1241.4421,-10.490903,0 days 00:01:20.080700701,0 days 00:01:20.100700701
0 days 00:00:00.390000,0 days 00:00:00.410000,answer7,1.069728,-8.5405655,22.658358,0.030886551,-0.019833045,0.48866788,29.682222,-8.427146,7.918016,-2.9845111,36.232296,0.17724966,1.3246816,7.2192116,-2.6090257,1.7296034,453.36584,1401.8783,-7.148886,1526.915,1523.9854,-8.8784895,1839.4454,1957.5204,-8.8784895,0 days 00:01:20.090700701,0 days 00:01:20.110700701
0 days 00:00:00.400000,0 days 00:00:00.420000,answer7,1.1643616,-5.973638,19.694475,0.039248604,-0.01940889,0.45309842,29.193695,-15.274146,7.997513,-5.426792,36.404743,0.1674503,1.431291,8.05897,-1.6115131,3.3226688,458.72424,1326.6176,-6.1864624,1534.2899,1118.1244,-8.609566,1948.8345,2255.5688,-9.5091305,0 days 00:01:20.100700701,0 days 00:01:20.120700701
0 days 00:00:00.410000,0 days 00:00:00.430000,answer7,1.2385231,-4.9851747,17.62884,0.046304744,-0.018650867,0.40064594,28.90989,-16.95839,8.2804165,-9.0927725,36.61703,0.0053004436,0.810414,8.369916,-1.4375402,3.762904,451.22522,1272.778,-6.8242493,1505.9116,1059.5576,-9.219731,1988.2676,2066.8057,-10.587153,0 days 00:01:20.110700701,0 days 00:01:20.130700701
0 days 00:00:00.420000,0 days 00:00:00.440000,answer7,1.2602261,-4.542603,16.502836,0.055170983,-0.015526001,0.3714963,28.258125,-19.423904,7.5223594,-11.031497,36.871796,0.0050324616,0.70280546,8.35415,-1.8447641,4.6388454,431.00925,1222.1775,-8.0635,1438.419,1044.7761,-10.547673,2131.6543,1607.9751,-12.702347,0 days 00:01:20.120700701,0 days 00:01:20.140700701
0 days 00:00:00.430000,0 days 00:00:00.450000,answer7,1.2333856,-4.850165,17.299978,0.06756186,-0.011683732,0.4127502,26.972132,-19.194696,5.8796844,-11.935786,37.18628,0.005053315,0.51923746,7.606547,-2.5391762,4.6837616,355.0381,1470.6049,-8.921488,1346.8627,1177.508,-14.628723,2069.2693,1408.309,-14.196994,0 days 00:01:20.130700701,0 days 00:01:20.150700701
0 days 00:00:00.440000,0 days 00:00:00.460000,answer7,1.1783704,-4.88686,19.253305,0.07602192,-0.007868652,0.41862002,27.55819,-20.896345,3.8317707,-10.588691,37.54237,0.005611254,0.49949765,5.6251526,-2.556095,9.25619,361.55835,1491.2999,0.0,1349.0865,1213.9227,-17.436989,2072.3057,1433.8696,-19.023449,0 days 00:01:20.140700701,0 days 00:01:20.160700701
0 days 00:00:00.450000,0 days 00:00:00.470000,answer7,1.1218864,-7.356581,23.433584,0.075403355,-0.007950525,0.46332803,30.541021,-17.431093,0.49502182,-8.787495,34.082077,0.16771805,0.67966795,2.6655724,1.0495783,17.011541,495.1285,1524.6875,-1.3591428,1472.5656,1156.1285,-13.957246,2368.764,1154.1326,-18.605398,0 days 00:01:20.150700701,0 days 00:01:20.170700701
0 days 00:00:00.460000,0 days 00:00:00.480000,answer7,1.0629679,-10.697487,27.046026,0.068802424,-0.015738377,0.5227998,33.409374,-11.964713,-1.5302216,-7.5368257,30.531385,0.17194287,1.1726441,-0.03298549,4.24334,24.172592,685.4842,1260.13,-1.017658,1640.5983,923.446,-9.291939,2731.194,847.7503,-18.433813,0 days 00:01:20.160700701,0 days 00:01:20.180700701
0 days 00:00:00.470000,0 days 00:00:00.490000,answer7,1.1356736,-11.925006,26.417349,0.07251022,-0.01808125,0.6944335,33.337605,-7.7354965,-3.8332722,-6.825937,26.89224,0.17749958,1.3600368,-1.080575,5.727162,27.201906,668.83575,1226.4388,2.7780635,1592.3116,860.7349,-6.376265,2777.1145,576.2927,-16.859781,0 days 00:01:20.170700701,0 days 00:01:20.190700701
0 days 00:00:00.480000,0 days 00:00:00.500000,answer7,1.0428005,-11.234973,24.408213,0.09071883,-0.0123795,0.8401227,29.72822,-3.8847907,-2.9525335,-1.6180906,26.876284,0.026231838,1.9870468,-1.1123751,2.4927998,25.391764,488.67618,1249.2383,0.938737,1419.0264,860.507,-10.085517,2502.423,650.7356,-19.766779,0 days 00:01:20.180700701,0 days 00:01:20.200700701
0 days 00:00:00.490000,0 days 00:00:00.510000,answer7,0.9442968,-10.612666,23.906084,0.09259159,-0.003983734,0.7564005,27.977158,-1.0295197,-3.8952665,6.706581,26.67276,0.0472324,2.7145646,-0.4864329,-0.6804919,22.916044,584.01215,1259.0309,-0.8265789,1519.4381,977.9362,-12.937814,2614.5764,886.2495,-20.686113,0 days 00:01:20.190700701,0 days 00:01:20.210700701
0 days 00:00:00.500000,0 days 00:00:00.520000,answer7,0.91482466,-11.468625,23.916735,0.091479756,-0.0025277792,0.90652686,29.799479,2.0519152,-0.627094,9.775655,26.396173,0.08203941,3.229831,0.092131354,-1.2422982,20.094019,567.6271,1317.8499,0.00644207,1490.702,993.8779,-10.410503,2581.788,826.9002,-17.83869,0 days 00:01:20.200700701,0 days 00:01:20.220700701
0 days 00:00:00.510000,0 days 00:00:00.530000,answer7,1.19826,-11.447003,23.258883,0.09111341,-0.006858733,0.98603916,32.304558,0.6259406,1.3930036,7.7724576,26.16477,0.11264946,3.1519632,0.5722998,-1.8034259,15.925929,579.29266,1320.1681,0.5601907,1484.0912,1022.01605,-6.421852,2585.081,813.5413,-14.232104,0 days 00:01:20.210700701,0 days 00:01:20.230700701
0 days 00:00:00.520000,0 days 00:00:00.540000,answer7,1.6113878,-10.261712,19.961948,0.08691642,-0.010069057,1.3850946,33.823948,-2.9569805,3.553923,-0.10733064,26.049202,0.0913265,2.7538185,0.45527133,-1.826516,13.256658,333.47665,1335.9854,2.9037163,1218.5957,941.2297,-1.6256102,2229.8691,658.0216,-12.425274,0 days 00:01:20.220700701,0 days 00:01:20.240700701
0 days 00:00:00.530000,0 days 00:00:00.550000,answer7,1.8410832,-9.029099,18.488083,0.09537172,-0.009601225,1.228405,33.371487,-5.9452453,4.224356,-3.653052,25.939072,0.06057958,2.4650395,0.27297258,-2.3391802,11.587913,335.7325,1328.8237,1.4648739,1219.4884,939.2271,-1.5156952,2222.463,660.02924,-12.462219,0 days 00:01:20.230700701,0 days 00:01:20.250700701
0 days 00:00:00.540000,0 days 00:00:00.560000,answer7,1.940858,-7.784601,16.369886,0.07286475,-0.009564768,1.2271171,34.0032,-8.020321,3.6749146,-5.8029523,25.869349,0.020106817,1.8209195,0.57476395,-1.1152967,12.419853,353.24216,1260.4554,0.40728092,1228.4546,910.4592,-2.0353174,2221.6025,637.30414,-13.127869,0 days 00:01:20.240700701,0 days 00:01:20.260700701
0 days 00:00:00.550000,0 days 00:00:00.570000,answer7,1.9300442,-7.1484427,16.439623,0.07127324,-0.007003194,1.1915735,33.880768,-8.491333,3.5470936,-3.3016922,25.832712,0.015127226,1.3596249,1.4405271,0.0041778884,13.377815,357.19516,1265.0814,-0.32630524,1232.6117,918.4702,-2.258296,2215.389,668.8614,-13.699943,0 days 00:01:20.250700701,0 days 00:01:20.270700701
0 days 00:00:00.560000,0 days 00:00:00.580000,answer7,1.8685136,-6.313455,15.4522705,0.051877365,-0.008591309,1.4140612,33.254086,-8.634001,1.9521608,-0.6895682,25.810534,0.0037868104,1.154346,2.8362265,0.28413215,13.903991,371.64197,1225.1349,-0.78908443,1252.7552,911.3855,-2.092623,2221.8645,702.07733,-14.408942,0 days 00:01:20.260700701,0 days 00:01:20.280700701
0 days 00:00:00.570000,0 days 00:00:00.590000,answer7,1.7997618,-7.0849776,16.756914,0.05193968,-0.0102004865,1.4397599,33.062775,-6.8494987,4.148972,1.739442,25.788153,0.0037848323,1.3955876,4.4870844,0.17688434,14.2462435,371.7277,1247.6316,-1.086297,1271.6864,915.8526,-2.0933533,2243.0098,770.6975,-15.155656,0 days 00:01:20.270700701,0 days 00:01:20.290700701
0 days 00:00:00.580000,0 days 00:00:00.600000,answer7,1.7110959,-6.134472,16.006968,0.0491968,-0.014656349,1.3548783,32.77344,-7.5011744,5.7960496,0.5807548,25.772018,0.003681139,1.6039485,5.6989846,0.2254494,14.630023,383.95816,1184.7349,-1.4312211,1293.605,880.31915,-3.3675709,2261.9202,777.42755,-15.835795,0 days 00:01:20.280700701,0 days 00:01:20.300700701
0 days 00:00:00.590000,0 days 00:00:00.610000,answer7,1.6457878,-5.7497764,16.927382,0.047418516,-0.014506475,1.0044072,32.907436,-8.393456,8.7828455,0.5102803,25.752653,0.0043081767,1.6803136,5.7769394,1.1606574,15.3254,385.17453,1168.9335,-2.40568,1299.6542,856.3903,-6.1199455,2268.8728,768.3769,-16.570423,0 days 00:01:20.290700701,0 days 00:01:20.310700701
0 days 00:00:00.600000,0 days 00:00:00.620000,answer7,1.543923,-5.5360827,16.693914,0.039897528,-0.012035669,0.81663084,32.04022,-8.855092,10.094508,2.702488,25.71404,0.0034816358,1.6080484,4.97584,3.1782653,16.359007,384.1965,1171.3925,-4.292724,1298.6669,848.11993,-11.15712,2260.5696,755.8342,-17.473465,0 days 00:01:20.300700701,0 days 00:01:20.320700701
0 days 00:00:00.610000,0 days 00:00:00.630000,answer7,1.4527947,-6.555205,16.774841,0.040358726,-0.011228421,0.5712115,32.29126,-8.755494,12.487938,5.6209908,25.699127,0.004222644,1.2832154,4.7268085,5.6955447,17.755589,375.0518,1233.6348,-6.4569077,1296.9757,873.8352,-16.393785,2264.2295,780.18555,-18.516953,0 days 00:01:20.310700701,0 days 00:01:20.330700701
0 days 00:00:00.620000,0 days 00:00:00.640000,answer7,1.2562495,-9.434109,18.12414,0.034184553,-0.016424416,0.64994025,33.619534,-6.116011,14.507695,9.95944,25.73159,0.003489659,1.2096554,5.6187778,6.8925986,19.482471,368.6747,1296.1534,-7.0467734,1310.3169,909.5241,-21.349747,2277.7566,794.14966,-19.636648,0 days 00:01:20.320700701,0 days 00:01:20.340700701
0 days 00:00:00.630000,0 days 00:00:00.650000,answer7,1.0795261,-13.1469755,18.979116,0.03177933,-0.019352565,0.63666606,36.022854,-2.423847,16.635904,13.243785,25.810768,0.0054669245,1.8422298,7.0794663,7.0989394,21.537401,367.42245,1377.9762,-6.5645356,1329.92,1043.6517,-23.236181,2275.327,814.14386,-21.003,0 days 00:01:20.330700701,0 days 00:01:20.350700701
0 days 00:00:00.640000,0 days 00:00:00.660000,answer7,0.88692266,-17.194448,19.918625,0.035762966,-0.019184979,0.5917259,36.884182,3.9234407,18.000727,17.29721,25.8753,0.0067131477,2.2297873,8.126605,6.5968585,23.38212,361.66647,1405.5055,-5.3036857,1333.4717,1120.1906,-23.42576,2241.588,790.7334,-22.088945,0 days 00:01:20.340700701,0 days 00:01:20.360700701
0 days 00:00:00.650000,0 days 00:00:00.670000,answer7,0.8332545,-19.237684,20.625769,0.037432805,-0.015726281,0.43340886,37.454,7.3485527,15.859126,17.515709,25.904776,0.0073161516,1.8586332,7.8981633,6.414396,31.56225,582.85443,1431.3324,-8.919517,1609.724,1102.1439,-22.727043,2639.7634,1021.99396,-29.332582,0 days 00:01:20.350700701,0 days 00:01:20.370700701
0 days 00:00:00.660000,0 days 00:00:00.680000,answer7,0.7843125,-19.433792,22.356184,0.047326308,-0.012900147,0.2906213,36.55119,8.410865,13.554147,18.913857,25.92456,0.0045112967,1.1404103,6.037876,5.9234767,32.47572,535.2337,1511.7715,-5.595017,1562.3551,1077.6855,-21.178167,2649.1716,1017.16095,-29.146883,0 days 00:01:20.360700701,0 days 00:01:20.380700701
0 days 00:00:00.670000,0 days 00:00:00.690000,answer7,0.78049165,-19.434343,24.994766,0.039884184,-0.0060735666,0.27488828,36.85281,8.019843,10.773652,21.699469,25.969461,0.002309164,0.6517836,3.6512384,5.3357635,33.12539,809.99286,1570.1058,-9.802374,1641.9318,1622.4307,-19.616951,2734.7336,1086.2738,-28.95228,0 days 00:01:20.370700701,0 days 00:01:20.390700701
0 days 00:00:00.680000,0 days 00:00:00.700000,answer7,0.805495,-19.368517,25.471731,0.050167006,-0.004498496,0.3841134,37.803608,8.028455,9.491116,21.997223,26.175615,0.0031286336,0.0,2.363673,4.2549324,29.599731,881.0369,1641.2025,-10.174813,1711.5087,1660.1538,-21.187307,2660.419,2203.8674,-25.531,0 days 00:01:20.380700701,0 days 00:01:20.400700701
0 days 00:00:00.690000,0 days 00:00:00.710000,answer7,0.95134324,-18.287895,26.588728,0.04714656,-0.009211592,0.769218,40.422474,7.1755066,5.3532066,13.73426,26.366545,0.002832368,0.62885904,2.6656666,1.6238793,29.82958,897.57764,1658.7994,-11.581237,1697.5131,1671.8549,-17.686113,2683.6995,2214.8525,-27.167273,0 days 00:01:20.390700701,0 days 00:01:20.410700701
0 days 00:00:00.700000,0 days 00:00:00.720000,answer7,1.0698279,-16.987593,26.138258,0.047281455,-0.017771872,1.0510697,41.398563,6.3332057,1.7937957,3.471885,26.505028,0.022959301,1.436834,3.6340866,-2.3518045,28.818686,557.3857,1861.2632,-8.788024,1542.9702,1240.7643,-14.351871,2617.2683,2382.0073,-28.058855,0 days 00:01:20.400700701,0 days 00:01:20.420700701
0 days 00:00:00.710000,0 days 00:00:00.730000,answer7,1.1831893,-14.632445,27.746576,0.048811425,-0.015692258,1.1514405,39.987885,4.1652217,-0.8410998,-2.0055096,26.470736,0.022201894,1.0873233,4.5153294,-5.4815392,24.993193,268.75305,1824.1576,0.0,1187.297,1326.5316,-5.4694214,2242.2683,1267.9652,-25.002523,0 days 00:01:20.410700701,0 days 00:01:20.430700701
0 days 00:00:00.720000,0 days 00:00:00.740000,answer7,1.2549464,-11.88042,28.520561,0.059162956,-0.008726886,1.0587567,37.71786,1.5323306,-3.1191685,-0.24934407,26.441069,0.025204161,1.6186215,5.6186547,-6.678694,23.596018,286.99966,1682.5487,7.4878454,1218.2314,1222.8721,-2.7194822,2238.1077,1300.634,-23.091135,0 days 00:01:20.420700701,0 days 00:01:20.440700701
0 days 00:00:00.730000,0 days 00:00:00.750000,answer7,1.3707699,-9.522094,30.235392,0.07728633,-0.0041226107,0.90986854,36.90764,-0.8311443,-4.676101,1.3106483,26.406637,0.005937978,1.4157825,6.703627,-6.7140102,23.09405,351.3496,1413.6002,0.0,1284.474,1040.8168,-0.58835906,2278.245,1136.6355,-21.730383,0 days 00:01:20.430700701,0 days 00:01:20.450700701
0 days 00:00:00.740000,0 days 00:00:00.760000,answer7,1.4456803,-8.206845,29.928507,0.08017451,-0.0040878854,0.75243205,37.87791,-2.7943504,-5.1984744,2.7764645,26.337358,0.007985142,2.0028963,7.29336,-7.0361576,23.001898,341.6555,1368.2592,8.699298,1274.5228,952.0137,-0.8670449,2328.8953,990.4382,-21.540884,0 days 00:01:20.440700701,0 days 00:01:20.460700701
0 days 00:00:00.750000,0 days 00:00:00.770000,answer7,1.4576677,-8.100999,28.891817,0.086838275,-0.0052222167,0.52007353,38.394444,-3.6190689,-5.271214,2.5619667,26.206095,0.004802001,1.6373119,7.1154137,-7.156216,23.154678,340.03143,1394.7985,8.36481,1276.5505,965.19574,-1.5500935,2355.4001,970.8686,-21.946085,0 days 00:01:20.450700701,0 days 00:01:20.470700701
0 days 00:00:00.760000,0 days 00:00:00.780000,answer7,1.4105095,-7.6596293,27.836838,0.08257509,-0.0028124715,0.4754804,38.685944,-5.7401567,-6.003317,1.6213387,26.027021,0.0039689876,0.9088936,6.5912347,-6.405824,23.145035,306.2494,1506.5586,5.732325,1262.3955,1009.4319,-3.12222,2355.9119,963.9201,-22.196373,0 days 00:01:20.460700701,0 days 00:01:20.480700701
0 days 00:00:00.770000,0 days 00:00:00.790000,answer7,1.3599402,-7.735495,28.170298,0.08366708,-0.0035348013,0.47249433,38.247208,-4.992992,-8.536461,-0.5246925,25.818262,0.002934361,0.6181959,6.151648,-4.910724,22.427599,293.9739,1557.6871,3.9140685,1244.6051,1032.9341,-5.3720336,2343.1501,948.446,-21.802094,0 days 00:01:20.470700701,0 days 00:01:20.490700701
0 days 00:00:00.780000,0 days 00:00:00.800000,answer7,1.2852097,-8.107304,27.159166,0.07392161,-0.0048458483,0.5335973,38.253735,-4.4530945,-8.606368,0.38835326,25.639692,0.005649563,0.59694326,6.0775733,-3.3237522,26.81984,574.6502,1503.0703,-1.4471182,1602.8695,1108.482,-12.001321,2776.5203,857.9287,-26.744476,0 days 00:01:20.480700701,0 days 00:01:20.500700701
0 days 00:00:00.790000,0 days 00:00:00.810000,answer7,1.1970326,-9.825703,25.649399,0.07166935,-0.014081068,0.500319,38.47121,-1.0189153,-7.9231524,1.0721608,25.51901,0.009295161,0.86241096,6.1681595,-2.0251734,27.253807,810.9004,1350.9508,-4.33574,1918.6683,1111.8374,-17.854065,2921.366,1549.8901,-28.02189,0 days 00:01:20.490700701,0 days 00:01:20.510700701
0 days 00:00:00.800000,0 days 00:00:00.820000,answer7,1.0889393,-11.333626,23.464563,0.06300403,-0.016886989,0.48534545,38.658665,0.6118574,-5.336025,5.222112,25.477465,0.010921924,1.1571913,5.4605103,-1.3527259,29.607864,1086.978,1297.0011,-7.9438324,2258.368,1076.3156,-22.990906,3374.503,2015.2701,-31.670416,0 days 00:01:20.500700701,0 days 00:01:20.520700701
0 days 00:00:00.810000,0 days 00:00:00.830000,answer7,0.9849817,-11.784637,23.342163,0.055229634,-0.01739175,0.42056158,38.44702,1.8205004,-1.9949465,7.1157784,25.529188,0.009745703,1.0139337,3.6861765,-2.3624737,23.789185,1050.1805,1251.417,-7.4554133,2247.2021,998.9595,-23.554855,3257.5193,2585.9062,-28.163818,0 days 00:01:20.510700701,0 days 00:01:20.530700701
0 days 00:00:00.820000,0 days 00:00:00.840000,answer7,1.0179571,-10.31574,22.8898,0.04162418,-0.005461628,0.38764152,33.94534,0.29676858,3.4929855,9.166292,25.585976,0.007881049,1.1971169,2.4424036,-6.037643,19.881247,1094.6836,1191.4277,-6.9540176,2279.8591,979.11163,-23.523829,3358.7852,1823.2476,-28.16923,0 days 00:01:20.520700701,0 days 00:01:20.540700701
0 days 00:00:00.830000,0 days 00:00:00.850000,answer7,1.054514,-8.874856,23.976858,0.028447384,-0.0055095493,0.51429945,33.15418,-0.7249678,4.5854955,4.6865764,25.619223,0.006371312,0.7026882,2.6368346,-11.509686,11.841626,814.9559,1350.214,-4.6719093,1907.8685,1076.5905,-17.544395,2951.6064,1322.1449,-24.960722,0 days 00:01:20.530700701,0 days 00:01:20.550700701
0 days 00:00:00.840000,0 days 00:00:00.860000,answer7,1.2046094,-8.41151,24.758535,0.031233748,-0.0075576506,0.8422289,32.963654,-0.9950931,2.2046766,-3.004132,25.56296,0.0061125145,0.93909246,3.7656415,-15.159522,8.354082,589.10614,1386.6781,-2.5508397,1548.1523,1070.296,-11.391006,2625.8108,809.5579,-24.435266,0 days 00:01:20.540700701,0 days 00:01:20.560700701
0 days 00:00:00.850000,0 days 00:00:00.870000,answer7,1.316907,-8.738494,25.649115,0.048657164,-0.017968621,0.9490928,36.527065,-1.2339296,-3.4247334,-12.22158,25.473038,0.0053839325,0.705569,3.823026,-15.206895,9.953239,336.16998,1517.184,-0.84914523,1184.7001,1068.9365,-5.756101,2393.645,813.00946,-26.009283,0 days 00:01:20.550700701,0 days 00:01:20.570700701
0 days 00:00:00.860000,0 days 00:00:00.880000,answer7,1.4374908,-8.97089,25.90065,0.067954816,-0.018865665,0.93316174,36.75569,-1.0975255,-6.1624584,-16.000183,25.317558,0.008738917,0.7761474,2.690713,-12.023351,14.217145,340.1492,1430.3203,-1.4445511,1199.6016,1021.0749,-6.6647696,2392.62,797.99115,-27.685045,0 days 00:01:20.560700701,0 days 00:01:20.580700701
0 days 00:00:00.870000,0 days 00:00:00.890000,answer7,1.4466664,-9.574754,24.9392,0.07425851,-0.023299074,0.650815,36.547455,-0.98274654,-4.1408567,-17.730062,25.093615,0.010682292,0.7565503,1.9303058,-8.892775,17.599314,552.72406,1426.1642,-5.7910523,1521.9567,1454.0804,-15.107986,2468.4302,945.958,-28.613794,0 days 00:01:20.570700701,0 days 00:01:20.590700701
0 days 00:00:00.880000,0 days 00:00:00.900000,answer7,1.3747803,-9.484228,24.654205,0.07126478,-0.02561906,0.7419347,37.287197,0.009637177,-0.7436821,-17.962326,24.814314,0.014335158,0.6956701,2.2902572,-7.364303,18.938097,791.3301,1331.9658,-10.308717,1928.2858,1412.0026,-22.83708,2798.0212,1141.9376,-28.30986,0 days 00:01:20.580700701,0 days 00:01:20.600700701
0 days 00:00:00.890000,0 days 00:00:00.910000,answer7,1.2843946,-11.387952,24.29851,0.069301605,-0.03267622,0.8066666,37.43126,2.0251758,4.0930142,-21.127785,24.544474,0.011702384,0.5321351,3.3554757,-6.6142044,20.700476,806.4162,1450.4854,-9.692584,1898.5509,1557.5216,-24.676123,2779.1367,1335.1073,-28.706007,0 days 00:01:20.590700701,0 days 00:01:20.610700701
0 days 00:00:00.900000,0 days 00:00:00.920000,answer7,1.1820766,-13.976369,25.234373,0.06292034,-0.035335954,0.9484105,39.669987,4.5295434,6.1972713,-19.61057,24.22358,0.013510358,0.69895935,3.4087944,-4.7944326,24.96105,757.5539,1428.9208,-9.595485,1827.4761,1225.1364,-24.498932,2850.3389,1288.8447,-31.120535,0 days 00:01:20.600700701,0 days 00:01:20.620700701
0 days 00:00:00.910000,0 days 00:00:00.930000,answer7,1.0738603,-17.461948,27.40734,0.05738164,-0.038658395,0.7817795,41.711315,7.772101,6.818333,-17.724237,23.828627,0.011419646,1.0695434,3.0396054,-1.8757939,30.380789,767.9336,1476.2598,-8.052167,1831.2826,1215.2346,-27.014288,2961.8662,1195.2981,-34.31761,0 days 00:01:20.610700701,0 days 00:01:20.630700701
0 days 00:00:00.920000,0 days 00:00:00.940000,answer7,0.99281126,-19.258448,29.440079,0.054232378,-0.039357856,0.6586648,44.279408,10.946952,4.903958,-14.787564,23.507347,0.011332407,1.6710287,2.4997504,0.46585083,35.221004,1006.4533,1266.1736,-11.252362,2279.944,988.3108,-34.585667,3426.863,1081.3258,-37.623764,0 days 00:01:20.620700701,0 days 00:01:20.640700701
0 days 00:00:00.930000,0 days 00:00:00.950000,answer7,0.8913231,-20.47404,31.787088,0.046279997,-0.041578073,0.6323593,44.59267,13.547168,1.1986941,-14.786095,23.337082,0.009143211,1.8335053,2.642058,1.2029529,36.98141,1081.0455,1291.9319,-10.22481,2429.4822,860.674,-36.781708,3720.0256,1064.4387,-38.825424,0 days 00:01:20.630700701,0 days 00:01:20.650700701
0 days 00:00:00.940000,0 days 00:00:00.960000,answer7,0.8614144,-22.17392,33.074295,0.05013979,-0.045451555,0.71045977,44.642643,15.137942,-1.6763893,-16.388678,22.864038,0.010224271,0.30440256,4.248636,-4.731011,29.693977,345.99258,1431.6143,5.83732,1111.8922,1020.2536,-9.947238,2212.4033,709.4775,-29.868624,0 days 00:01:20.640700701,0 days 00:01:20.660700701
0 days 00:00:00.950000,0 days 00:00:01,answer7,0.8135585,-24.270903,34.937717,0.05274087,-0.047423244,0.7175739,44.448044,15.235741,-0.8830696,-18.74845,22.759802,0.003003719,0.08167141,4.477715,-5.6791058,29.772629,338.07657,1512.8584,6.106852,1101.6229,1070.9519,-10.356182,2188.9639,799.2724,-29.344881,0 days 00:01:20.650700701,0 days 00:01:20.700700701
0 days 00:00:00,0 days 00:00:00.020000,answer8,0.35726932,-11.705589,19.368858,0.07849419,-0.030513486,0.05037802,21.731606,2.0662754,9.835254,-6.6088624,22.584166,0.0,0.0,-2.870058,8.992886,26.72641,360.42056,1420.6066,11.772953,1304.0182,1101.0505,-10.635402,2388.3164,882.1839,-11.572307,0 days 00:01:54.400400400,0 days 00:01:54.420400400
0 days 00:00:00.010000,0 days 00:00:00.030000,answer8,0.3424072,-12.375316,19.890978,0.08096281,-0.025643378,0.08426297,22.536316,4.1883955,8.476342,-3.5943527,22.633905,0.0,0.0,-1.4462739,10.123456,29.466604,645.9437,1360.2422,6.2831464,1634.0209,1182.609,-10.403297,2661.242,890.466,-13.638306,0 days 00:01:54.410400400,0 days 00:01:54.430400400
0 days 00:00:00.020000,0 days 00:00:00.040000,answer8,0.32134524,-14.762767,22.08481,0.070464954,-0.020822128,0.12828606,24.734755,7.889437,8.96672,-0.15038577,22.716455,0.0,0.0,-0.47601378,11.673477,30.74746,841.2969,1273.7354,2.478853,1939.5502,1034.8003,-10.4845915,2935.0652,1059.539,-15.034729,0 days 00:01:54.420400400,0 days 00:01:54.440400400
0 days 00:00:00.030000,0 days 00:00:00.050000,answer8,0.30583912,-15.763158,23.108492,0.07209357,-0.016310858,0.105530895,25.703733,8.75096,5.466099,1.7925354,22.749453,0.0,1.7720137,-1.4383692,11.146871,31.024727,1060.0839,1294.4341,-4.0825443,2174.8904,1052.5114,-13.935863,3195.0215,1060.0465,-17.15055,0 days 00:01:54.430400400,0 days 00:01:54.450400400
0 days 00:00:00.040000,0 days 00:00:00.060000,answer8,0.2892116,-15.476051,23.062828,0.06665724,-0.016392946,0.11099624,26.125824,8.240607,6.8600936,1.087588,22.45507,0.03975248,1.6292411,-2.2652256,10.165807,27.719175,968.58966,1249.9497,-3.6722536,2107.5417,878.4184,-15.675555,3153.371,1057.4803,-16.22045,0 days 00:01:54.440400400,0 days 00:01:54.460400400
0 days 00:00:00.050000,0 days 00:00:00.070000,answer8,0.27771816,-14.840797,23.181906,0.06635188,-0.015360015,0.11011913,25.256104,7.921604,7.9972596,2.1927154,22.315744,0.035474356,1.6505188,-3.0549467,7.47825,23.718683,993.9654,1254.5356,-5.716041,2083.161,921.57227,-16.719233,3171.4387,820.4018,-15.212776,0 days 00:01:54.450400400,0 days 00:01:54.470400400
0 days 00:00:00.060000,0 days 00:00:00.080000,answer8,0.28147614,-14.014377,21.693567,0.06871172,-0.015875598,0.122466005,24.467115,6.7218976,9.268526,-5.319948,22.332031,0.042244893,0.98863935,-3.1568677,4.4408,18.511007,676.76166,1479.4059,-5.4214716,1778.8969,1144.8357,-12.236218,2846.5862,865.5098,-12.267316,0 days 00:01:54.460400400,0 days 00:01:54.480400400
0 days 00:00:00.070000,0 days 00:00:00.090000,answer8,0.30634937,-15.553788,23.06722,0.059830576,-0.019056069,0.13983203,25.188353,8.719741,11.343544,-11.579923,24.257334,0.060338985,0.62662417,-2.8696613,0.981987,14.807327,491.07883,1634.5968,0.0,1520.6835,1491.2113,-2.6838481,2599.418,968.05414,-7.8906255,0 days 00:01:54.470400400,0 days 00:01:54.490400400
0 days 00:00:00.080000,0 days 00:00:00.100000,answer8,0.34738958,-14.499112,23.617228,0.05674975,-0.021859422,0.14594425,24.894602,6.4054017,7.940628,-21.657202,26.032928,0.07704943,0.25765085,-1.5711101,-0.16753252,14.4961815,175.5248,1757.0092,13.53961,1211.8766,1544.8472,6.2017365,2339.1045,952.5706,-5.4235806,0 days 00:01:54.480400400,0 days 00:01:54.500400400
0 days 00:00:00.090000,0 days 00:00:00.110000,answer8,0.39927125,-12.6009245,21.63944,0.056286316,-0.02314728,0.16367157,24.205809,2.6973155,5.651596,-23.623526,27.739088,0.15203865,0.70272017,-0.17441773,0.81734055,14.309181,508.9846,1468.7979,0.0,1533.0621,1216.6239,5.6331596,2707.219,750.0003,-5.591535,0 days 00:01:54.490400400,0 days 00:01:54.510400400
0 days 00:00:00.100000,0 days 00:00:00.120000,answer8,0.46647015,-8.576295,18.836842,0.05453086,-0.025135534,0.1657449,21.788223,-3.6496258,1.2698,-22.769094,26.649935,0.18241382,1.1495372,-0.6585294,0.6846464,12.212448,696.0476,1336.9376,-2.2387493,1709.2745,872.3857,-1.9697981,2965.4043,489.89273,-10.57949,0 days 00:01:54.500400400,0 days 00:01:54.520400400
0 days 00:00:00.110000,0 days 00:00:00.130000,answer8,0.56840676,-6.34387,14.807088,0.06029175,-0.023792058,0.2071537,19.885424,-7.39575,1.7594757,-18.493355,25.509901,0.21278898,1.5963544,-0.70531815,3.8441346,10.395779,1099.246,1216.2104,-5.8470464,2026.3344,953.8665,-9.935664,3224.8352,422.5601,-15.652855,0 days 00:01:54.510400400,0 days 00:01:54.530400400
0 days 00:00:00.120000,0 days 00:00:00.140000,answer8,0.6675887,-4.7859654,13.885987,0.04059579,-0.02060998,0.23700298,19.306265,-7.6419816,2.7975833,-7.6617217,23.801718,0.16817492,1.5981022,-1.3497404,2.4050076,6.4736366,883.47754,1207.3483,-7.5235653,1764.0714,1044.9869,-15.62468,2839.0518,584.9194,-16.107607,0 days 00:01:54.520400400,0 days 00:01:54.540400400
0 days 00:00:00.130000,0 days 00:00:00.150000,answer8,0.7313876,-5.34042,11.4663,0.021796227,-0.019279206,0.27539733,18.71123,-5.4964237,7.6022797,1.9901232,23.213892,0.16817492,1.5981022,-0.021557173,1.7651552,6.047478,704.5576,1095.5809,-5.5607147,1633.3326,955.64716,-18.4252,2550.001,652.8621,-15.720265,0 days 00:01:54.530400400,0 days 00:01:54.550400400
0 days 00:00:00.140000,0 days 00:00:00.160000,answer8,0.7662058,-5.9652267,8.9633045,0.016530275,-0.022301616,0.3057092,20.474764,-1.8195499,13.21014,10.962108,22.552574,0.12257257,1.3281084,0.7636924,-4.3076415,4.3842545,404.88943,969.2969,-0.104180574,1394.1246,696.73267,-19.192558,2215.1697,695.2727,-13.966159,0 days 00:01:54.540400400,0 days 00:01:54.560400400
0 days 00:00:00.150000,0 days 00:00:00.170000,answer8,0.77531165,-8.693677,9.627202,0.019162139,-0.027860573,0.3360664,22.26251,1.424602,20.421476,11.052823,22.308332,0.06772472,1.8011189,1.8492746,-7.0697517,7.257717,393.8462,927.15717,2.7421596,1421.8197,605.1461,-17.14326,2235.7852,664.67395,-16.202742,0 days 00:01:54.550400400,0 days 00:01:54.570400400
0 days 00:00:00.160000,0 days 00:00:00.180000,answer8,0.8263156,-11.027904,13.866203,0.03509088,-0.029219499,0.4130938,25.673515,4.1856713,21.389185,9.786441,22.06444,0.029996129,1.367446,1.9611875,-8.824985,8.512222,381.43912,938.4898,4.753193,1419.3759,582.38837,-14.894963,2242.1633,684.23724,-16.744429,0 days 00:01:54.560400400,0 days 00:01:54.580400400
0 days 00:00:00.170000,0 days 00:00:00.190000,answer8,0.9135038,-12.105858,18.242868,0.03594458,-0.023148948,0.4617734,26.231298,3.5316029,18.995481,8.344872,21.886526,0.025058908,2.380373,1.3744522,-10.122933,9.052655,360.67236,1040.8287,5.6800857,1379.1465,663.13837,-13.647308,2230.5537,702.08405,-17.421432,0 days 00:01:54.570400400,0 days 00:01:54.590400400
0 days 00:00:00.180000,0 days 00:00:00.200000,answer8,1.0071396,-12.025501,21.230976,0.059686255,-0.018188888,0.5322332,27.19165,1.5795469,13.697858,7.5612855,21.863419,0.029470606,1.674234,0.82631445,-11.855836,8.658301,345.64706,1111.3322,5.7461715,1338.4918,721.06036,-11.668691,2223.9578,689.2502,-18.018843,0 days 00:01:54.580400400,0 days 00:01:54.600400400
0 days 00:00:00.190000,0 days 00:00:00.210000,answer8,0.9668743,-12.137746,21.999228,0.064784765,-0.012290691,0.5646593,25.991724,2.435962,12.288211,11.89396,21.980288,0.020641616,1.8562264,-0.9625361,-10.099633,9.970463,334.8555,1177.0392,4.553204,1312.0826,771.36255,-10.951358,2220.4463,679.8698,-17.379478,0 days 00:01:54.590400400,0 days 00:01:54.610400400
0 days 00:00:00.200000,0 days 00:00:00.220000,answer8,0.7854726,-12.326528,21.022959,0.061980233,-0.017008232,0.62058073,25.698126,3.4285724,9.909019,10.237613,22.158964,0.017250756,2.408994,-3.123181,-4.0379753,14.127376,347.11877,1143.2899,1.525972,1325.6086,766.3616,-8.7015915,2244.4644,682.11304,-16.524096,0 days 00:01:54.600400400,0 days 00:01:54.620400400
0 days 00:00:00.210000,0 days 00:00:00.230000,answer8,0.57283086,-12.345141,21.121328,0.049345378,-0.018719396,0.5253558,24.979483,5.583796,7.525683,7.002625,22.344315,0.018098677,3.162783,-4.4644365,3.1822312,18.885279,355.22678,1153.2069,-1.1362847,1329.7223,798.7832,-8.27927,2261.7717,749.48944,-16.048088,0 days 00:01:54.610400400,0 days 00:01:54.630400400
0 days 00:00:00.220000,0 days 00:00:00.240000,answer8,0.45154318,-11.315661,19.620302,0.05987517,-0.021038314,0.36751655,25.831076,1.5359106,5.086242,0.5742604,22.81355,0.01506802,3.9351242,-4.849788,7.0347714,22.385605,360.3033,1138.5468,-3.6462462,1332.1425,796.7872,-10.003988,2277.53,752.4699,-18.205833,0 days 00:01:54.620400400,0 days 00:01:54.640400400
0 days 00:00:00.230000,0 days 00:00:00.250000,answer8,0.38318303,-10.711834,20.120575,0.06984931,-0.021928802,0.19336219,26.384018,0.62500525,4.70097,-0.76844686,20.750597,0.019410219,3.160084,-4.9264016,4.198686,21.54957,362.2612,1215.2979,0.44976902,1349.5448,870.607,-8.677883,2317.4646,955.35547,-14.679981,0 days 00:01:54.630400400,0 days 00:01:54.650400400
0 days 00:00:00.240000,0 days 00:00:00.260000,answer8,0.35784984,-12.227664,21.321297,0.05869926,-0.024631808,0.15002617,26.72069,2.729337,6.163901,-2.7437088,18.544664,0.019410219,3.160084,-5.3970704,1.2864584,19.41509,376.00626,1259.1202,2.401798,1342.0083,988.9544,-10.523498,2334.0676,981.79297,-14.342961,0 days 00:01:54.640400400,0 days 00:01:54.660400400
0 days 00:00:00.250000,0 days 00:00:00.270000,answer8,0.30797735,-12.84845,21.4439,0.035984218,-0.024167983,0.15350963,24.123009,7.6966386,6.9428773,-1.6851934,16.009357,0.019410219,3.160084,-5.556904,-1.5893471,17.19923,387.06277,1304.503,-62.91386,1386.7266,1056.0302,-72.27448,2409.4048,1140.1426,-74.0557,0 days 00:01:54.650400400,0 days 00:01:54.670400400
0 days 00:00:00.260000,0 days 00:00:00.280000,answer8,0.3004538,-14.10156,21.821747,0.022616968,-0.024426326,0.13972925,22.349382,10.786363,8.9789505,-3.1700573,0.0,0.0,0.0,0.0,0.0,0.0,389.71976,1212.2426,-133.01152,1404.215,977.7732,-138.99416,2415.737,973.5911,-139.6516,0 days 00:01:54.660400400,0 days 00:01:54.680400400
0 days 00:00:00.270000,0 days 00:00:00.290000,answer8,0.29769552,-11.131162,17.256784,0.030626075,-0.01809573,0.12613499,17.848322,8.58775,8.145104,-0.33136544,0.0,0.0,0.0,0.0,0.0,0.0,345.45975,1252.6488,-201.0,1417.7521,872.60236,-201.0,2411.9583,965.1149,-201.0,0 days 00:01:54.670400400,0 days 00:01:54.690400400
0 days 00:00:00.280000,0 days 00:00:00.300000,answer8,0.37245762,-9.04844,15.625955,0.036611255,-0.01363587,0.11816147,15.859838,6.294412,6.4046974,2.2827816,0.0,0.0,0.0,0.0,0.0,0.0,302.10233,1319.1946,-201.0,1368.4053,829.9985,-201.0,2345.989,909.54785,-201.0,0 days 00:01:54.680400400,0 days 00:01:54.700400400
0 days 00:00:00.290000,0 days 00:00:00.310000,answer8,0.595798,-5.3206506,13.387295,0.06253169,-0.00083861715,0.21756129,11.045005,2.1596186,2.4032514,5.0430803,0.0,0.0,0.0,0.0,0.0,0.0,528.0302,1225.3807,-141.37921,1587.348,864.21606,-141.11745,2590.1843,828.7309,-143.04018,0 days 00:01:54.690400400,0 days 00:01:54.710400400
0 days 00:00:00.300000,0 days 00:00:00.320000,answer8,0.7336338,-4.2849655,13.847771,0.06971315,0.0034031353,0.2886495,10.759622,2.1486554,0.57645994,7.729517,24.095604,0.0,2.8108954,-3.19239,-4.8886995,23.222488,793.3654,1002.97656,-80.87742,1855.6621,820.05316,-82.2284,2903.884,692.5361,-85.552284,0 days 00:01:54.700400400,0 days 00:01:54.720400400
0 days 00:00:00.310000,0 days 00:00:00.330000,answer8,0.7982144,-8.401959,18.676332,0.0825969,0.0024312567,0.48194107,14.425679,6.935289,4.061397,6.300139,23.410004,0.0,2.8108952,-1.7408848,-4.8060193,21.8785,824.7902,912.1652,-12.703114,1853.6455,833.1787,-22.128698,2943.009,573.08295,-26.33213,0 days 00:01:54.710400400,0 days 00:01:54.730400400
0 days 00:00:00.320000,0 days 00:00:00.340000,answer8,0.7521332,-13.023445,22.224258,0.060927536,-0.0024685883,0.5717005,22.850561,11.231612,9.188825,6.3292775,22.187147,0.0,2.8108952,-0.17725801,-4.87138,20.890436,587.7607,1080.499,-2.8387508,1563.5216,867.39716,-21.59137,2635.5935,615.41156,-24.953064,0 days 00:01:54.720400400,0 days 00:01:54.740400400
0 days 00:00:00.330000,0 days 00:00:00.350000,answer8,0.7701776,-18.55527,26.698977,0.052395653,-0.010567222,0.78495055,30.14649,13.517869,14.891675,4.2602773,21.688837,0.0,2.524327,1.2668883,-6.723397,19.875353,361.12622,1283.0438,6.547251,1269.1163,1080.0371,-18.71058,2257.1682,717.0874,-23.208136,0 days 00:01:54.730400400,0 days 00:01:54.750400400
0 days 00:00:00.340000,0 days 00:00:00.360000,answer8,0.82862586,-19.68487,28.241442,0.052358758,-0.010771026,0.7892082,34.43877,10.942538,15.5147705,1.3357371,21.269247,0.10751718,2.1490202,0.858123,-6.4334006,21.842287,361.40103,1283.6578,6.7390404,1236.7047,1087.231,-18.534006,2206.7913,677.4485,-23.229586,0 days 00:01:54.740400400,0 days 00:01:54.760400400
0 days 00:00:00.350000,0 days 00:00:00.370000,answer8,0.80532074,-21.294823,30.121912,0.06072374,-0.013535809,0.8378046,34.3623,11.267301,16.738985,-0.8834019,20.775042,0.08474452,2.189617,0.6611175,-4.462645,24.683939,342.46042,1361.0323,6.2161593,1231.9918,1173.151,-18.803265,2199.7703,698.33856,-23.404764,0 days 00:01:54.750400400,0 days 00:01:54.770400400
0 days 00:00:00.360000,0 days 00:00:00.380000,answer8,0.7505185,-19.849295,29.911692,0.06559392,-0.011458058,0.83717746,31.404457,11.817223,15.329511,-0.8496584,20.418974,0.032793164,2.7131622,1.2533096,-3.195659,26.213333,307.00656,1408.3242,5.8734183,1235.6136,1097.8608,-20.733751,2230.4556,695.7647,-23.082296,0 days 00:01:54.760400400,0 days 00:01:54.780400400
0 days 00:00:00.370000,0 days 00:00:00.390000,answer8,0.6683305,-17.90835,26.96305,0.046515867,-0.0154522555,0.73220104,25.850634,13.692693,14.964475,0.25966108,20.31344,0.037713137,2.9305172,2.9663174,-3.587238,28.840693,495.18518,1411.6968,-1.3460468,1516.7494,1015.1801,-21.533834,2560.6873,678.4074,-24.67777,0 days 00:01:54.770400400,0 days 00:01:54.790400400
0 days 00:00:00.380000,0 days 00:00:00.400000,answer8,0.61791575,-17.955015,26.797232,0.020026682,-0.012247146,0.6874187,22.618881,17.068048,16.661629,6.438269,20.467218,0.0369701,2.7319686,4.353137,-4.530988,31.077734,771.67267,1523.4781,-8.894369,1754.6191,921.3952,-22.474035,2994.0906,644.71826,-26.115683,0 days 00:01:54.780400400,0 days 00:01:54.800400400
0 days 00:00:00.390000,0 days 00:00:00.410000,answer8,0.6085115,-19.798056,28.112833,-0.0046192845,-0.011187952,0.4226992,21.491446,20.268988,16.831026,7.491716,20.687881,0.0,1.8694547,4.8861537,-4.882888,33.158447,1022.3469,1417.9152,-17.66047,2051.3386,767.53766,-22.500963,3397.5657,558.33026,-27.208155,0 days 00:01:54.790400400,0 days 00:01:54.810400400
0 days 00:00:00.400000,0 days 00:00:00.420000,answer8,0.6057121,-22.37163,30.085419,-0.01050442,-0.008437513,0.3333055,21.761332,22.891724,19.637894,10.202092,20.968767,0.018858159,1.112228,4.0441566,-4.499997,33.472385,1014.58844,1459.1549,-16.167269,2032.8798,775.85547,-22.63843,3363.0842,652.9751,-26.781036,0 days 00:01:54.800400400,0 days 00:01:54.820400400
0 days 00:00:00.410000,0 days 00:00:00.430000,answer8,0.61889464,-23.337687,30.702456,0.0071336157,-0.016279321,0.19919391,22.403152,24.839151,19.757399,7.168953,21.281069,0.0213596,0.9013508,3.198856,-3.8283026,30.99939,751.3377,1383.9908,-7.659757,1842.4005,1181.1683,-18.652212,2886.4226,703.9152,-24.420034,0 days 00:01:54.810400400,0 days 00:01:54.830400400
0 days 00:00:00.420000,0 days 00:00:00.440000,answer8,0.65117186,-23.462608,32.509983,0.021673536,-0.016686581,0.22186899,24.320244,23.785543,18.303385,8.467424,21.537016,0.013355133,0.82901907,3.2399857,-3.1721392,28.25943,503.30966,1467.6449,0.9043541,1551.1349,1286.361,-14.404656,2518.9763,841.9448,-22.566038,0 days 00:01:54.820400400,0 days 00:01:54.840400400
0 days 00:00:00.430000,0 days 00:00:00.450000,answer8,0.7637295,-20.728245,32.068455,0.036574095,-0.015733017,0.46693555,26.549269,20.183565,14.166926,9.137164,21.649889,0.029218951,1.4134059,4.116595,-2.5878968,24.033926,313.5093,1430.3594,7.3003125,1311.6492,1318.9681,-9.1733675,2215.178,844.2131,-19.321508,0 days 00:01:54.830400400,0 days 00:01:54.850400400
0 days 00:00:00.440000,0 days 00:00:00.460000,answer8,0.8509268,-18.22273,29.583338,0.04757757,-0.016207924,0.52874047,28.978317,14.744377,10.501955,10.217964,21.62954,0.02425749,1.0082271,5.008488,-2.211369,22.086863,323.69952,1253.2677,6.324917,1293.1403,857.7524,-8.00943,2256.5408,784.1287,-17.808096,0 days 00:01:54.840400400,0 days 00:01:54.860400400
0 days 00:00:00.450000,0 days 00:00:00.470000,answer8,0.93913364,-15.196727,26.231064,0.06712975,-0.01964096,0.5485976,30.961985,9.954653,8.505082,12.181724,21.51835,0.02523872,0.945322,5.22461,-1.8943835,21.286222,350.02368,1139.8795,5.716648,1303.3119,770.04126,-8.457429,2234.399,711.78265,-16.951105,0 days 00:01:54.850400400,0 days 00:01:54.870400400
0 days 00:00:00.460000,0 days 00:00:00.480000,answer8,0.9753062,-14.751865,22.577356,0.07350866,-0.025928333,0.3529736,32.13125,6.6037445,9.597844,11.806499,21.392809,0.011099008,0.41040626,5.2330985,-1.4095602,20.534327,358.61768,1098.9071,5.0517936,1308.0592,759.76984,-10.148091,2212.9792,637.9017,-15.943352,0 days 00:01:54.860400400,0 days 00:01:54.880400400
0 days 00:00:00.470000,0 days 00:00:00.490000,answer8,1.0104152,-14.227222,21.72254,0.06235488,-0.027008861,0.2909034,33.58768,4.1330876,9.111705,12.323047,21.258913,0.009620142,0.44418457,5.0682464,-0.4843839,19.64859,363.72095,1107.7728,4.102194,1313.5132,782.4621,-10.608153,2212.967,669.0018,-14.642257,0 days 00:01:54.870400400,0 days 00:01:54.890400400
0 days 00:00:00.480000,0 days 00:00:00.500000,answer8,1.027022,-14.380921,20.168915,0.046964005,-0.031627398,0.33738622,33.02708,4.258101,9.134083,11.789749,21.11848,0.010078988,0.3056289,4.8184867,0.5829732,18.937838,372.47836,1087.0778,3.156436,1323.8278,797.40607,-10.340856,2196.399,673.4514,-13.255066,0 days 00:01:54.880400400,0 days 00:01:54.900400400
0 days 00:00:00.490000,0 days 00:00:00.510000,answer8,1.0052847,-13.997382,20.177626,0.060216535,-0.032448277,0.33780697,33.658775,4.546203,7.992762,15.343155,20.984472,0.008224741,0.25699657,4.4800196,1.3749193,19.18939,381.98718,1073.0382,2.94329,1346.2305,801.09937,-9.78655,2203.6047,726.3968,-12.708084,0 days 00:01:54.890400400,0 days 00:01:54.910400400
0 days 00:00:00.500000,0 days 00:00:00.520000,answer8,0.9881422,-13.226247,19.380342,0.064857386,-0.031805027,0.36308458,33.017605,4.0903306,8.903044,17.454954,20.848951,0.009006784,0.20912202,4.022297,1.6533103,19.66369,385.16162,1045.9525,3.4885082,1360.7163,766.154,-10.098782,2219.3154,712.0542,-12.814029,0 days 00:01:54.900400400,0 days 00:01:54.920400400
0 days 00:00:00.510000,0 days 00:00:00.530000,answer8,0.9682954,-12.63609,19.183014,0.066582695,-0.029787878,0.37124443,32.81175,2.5136409,12.603084,18.002972,20.695274,0.0071157278,0.5516682,3.627311,1.5342671,19.89445,384.2301,1020.09503,4.4397073,1370.3878,715.76904,-9.800794,2244.0488,682.2231,-13.446477,0 days 00:01:54.910400400,0 days 00:01:54.930400400
0 days 00:00:00.520000,0 days 00:00:00.540000,answer8,0.9676535,-12.332107,20.694891,0.05047336,-0.030295549,0.40269923,32.241,2.2623622,14.17789,17.323273,20.512941,0.0072725685,0.9092242,3.1729717,1.1928352,19.21891,384.52304,1005.0537,5.517893,1374.9629,687.40326,-10.017944,2271.1472,668.19305,-13.835813,0 days 00:01:54.920400400,0 days 00:01:54.940400400
0 days 00:00:00.530000,0 days 00:00:00.550000,answer8,0.97732276,-12.378194,21.476347,0.0651892,-0.035294876,0.47403,32.275177,3.58475,13.192238,18.492943,20.301008,0.0,0.85667306,3.166317,0.64208823,18.745607,384.48538,1003.1973,6.4637313,1389.3745,674.08704,-9.073127,2294.9229,718.70734,-14.650647,0 days 00:01:54.930400400,0 days 00:01:54.950400400
0 days 00:00:00.540000,0 days 00:00:00.560000,answer8,0.98514694,-12.918438,21.860435,0.07391981,-0.04135788,0.45503846,33.087463,5.7187138,9.918695,18.437445,20.091093,0.012442673,0.5359257,3.3535907,0.094759464,16.797298,388.11288,1012.84814,7.482347,1409.1063,694.229,-8.933055,2300.5625,796.0783,-13.6872015,0 days 00:01:54.940400400,0 days 00:01:54.960400400
0 days 00:00:00.550000,0 days 00:00:00.570000,answer8,0.9593709,-13.229642,21.969818,0.07208698,-0.04171161,0.4279308,33.79459,6.8901315,8.154744,20.516058,19.863855,0.014267762,0.41780707,3.3751132,0.024729967,16.399635,386.89746,1019.6971,7.993872,1405.479,710.2745,-8.425113,2269.4165,803.2627,-14.03849,0 days 00:01:54.950400400,0 days 00:01:54.970400400
0 days 00:00:00.560000,0 days 00:00:00.580000,answer8,0.91916925,-13.043126,23.805517,0.054123018,-0.036965184,0.31634492,33.13209,7.856173,6.710585,21.403572,19.636297,0.013505049,0.670975,2.9417524,0.68319243,16.269796,383.64804,1035.1974,7.8239217,1397.3472,729.95386,-11.061222,2228.2822,808.2924,-14.497212,0 days 00:01:54.960400400,0 days 00:01:54.980400400
0 days 00:00:00.570000,0 days 00:00:00.590000,answer8,0.8333521,-13.354621,25.775858,0.04520118,-0.029440628,0.30111852,32.194347,8.663291,7.8499794,22.306711,19.420254,0.014405387,1.2448839,2.359296,1.734726,17.669657,374.23575,1033.5112,6.4697967,1375.5734,705.24054,-13.819626,2219.2087,755.3745,-16.727621,0 days 00:01:54.970400400,0 days 00:01:54.990400400
0 days 00:00:00.580000,0 days 00:00:00.600000,answer8,0.7334321,-14.165936,26.785578,0.04080406,-0.024922624,0.32806602,29.908422,10.335509,8.491353,20.181654,19.218176,0.012862802,2.0545826,1.7547385,2.5618923,18.370169,368.0209,1051.8309,4.1536,1379.4009,701.56714,-16.89916,2240.387,798.784,-18.300697,0 days 00:01:54.980400400,0 days 00:01:55.000400400
0 days 00:00:00.590000,0 days 00:00:00.610000,answer8,0.6540172,-15.010063,25.71918,0.034287855,-0.021397822,0.33465457,28.569344,10.635686,9.358893,18.133778,18.989113,0.0127637945,2.3349714,1.1342741,3.1568162,17.271173,364.0156,1040.9194,1.4803895,1374.8379,674.26056,-19.587034,2261.9197,754.6381,-17.709585,0 days 00:01:54.990400400,0 days 00:01:55.010400400
0 days 00:00:00.600000,0 days 00:00:00.620000,answer8,0.61553717,-15.459309,22.70957,0.021191834,-0.022970157,0.332481,27.274809,11.261455,11.01374,16.942354,18.72389,0.011676034,2.3314955,0.66489655,3.8983638,16.568407,364.8519,1057.2642,-0.36666116,1375.6074,709.9655,-21.232895,2251.385,741.38763,-16.58307,0 days 00:01:55.000400400,0 days 00:01:55.020400400
0 days 00:00:00.610000,0 days 00:00:00.630000,answer8,0.6529739,-14.570976,18.300003,0.020837465,-0.024812227,0.29757428,26.667112,10.466157,14.501334,16.73898,18.430948,0.0,1.9153728,0.70411795,5.193336,16.022102,369.93008,1020.85785,-1.1756476,1387.2904,679.63763,-18.281662,2239.2385,683.9051,-14.768279,0 days 00:01:55.010400400,0 days 00:01:55.030400400
0 days 00:00:00.620000,0 days 00:00:00.640000,answer8,0.6654417,-13.727668,14.791015,0.016559685,-0.027482934,0.3119931,26.054499,9.733831,20.07949,15.324425,18.249397,0.015182752,1.3110863,1.1124673,6.912941,16.48746,370.78427,1031.8816,-1.128025,1407.2803,704.5544,-13.256787,2213.4534,695.79816,-13.929295,0 days 00:01:55.020400400,0 days 00:01:55.040400400
0 days 00:00:00.630000,0 days 00:00:00.650000,answer8,0.6768845,-10.972234,13.934436,0.010887817,-0.026336903,0.34503564,25.482996,5.3875384,20.25959,15.564346,18.205873,0.018076146,0.80250597,1.5761286,8.849736,16.032711,378.39737,1005.6367,-0.6358576,1410.3428,664.2889,-10.388579,2214.259,707.8045,-12.517461,0 days 00:01:55.030400400,0 days 00:01:55.050400400
0 days 00:00:00.640000,0 days 00:00:00.660000,answer8,0.6330939,-10.182395,14.5423355,0.013746507,-0.025097579,0.33560613,26.62893,2.5745714,20.867094,17.241169,18.348183,0.021500217,0.75524896,1.6626648,10.808127,16.79283,371.27344,1058.1,0.28383055,1390.3744,684.1775,-11.463214,2219.2627,715.27167,-12.57196,0 days 00:01:55.040400400,0 days 00:01:55.060400400
0 days 00:00:00.650000,0 days 00:00:00.670000,answer8,0.613887,-9.046378,14.386628,0.0049298597,-0.022398353,0.32346663,27.142115,-0.1693641,19.59973,21.556046,18.683847,0.017501026,1.3380502,1.4094874,12.3222885,19.74921,369.30203,1088.4087,1.2953862,1354.809,681.6324,-14.402031,2229.4229,692.6738,-14.641289,0 days 00:01:55.050400400,0 days 00:01:55.070400400
0 days 00:00:00.660000,0 days 00:00:00.680000,answer8,0.58145684,-10.422101,15.183337,0.01605025,-0.017613947,0.25670108,26.584036,2.8233557,22.52871,23.448898,19.15292,0.0,1.3493577,0.9047616,13.571358,21.614136,356.00534,1099.11,1.4201931,1339.9003,662.565,-16.44956,2236.2214,632.3039,-15.967392,0 days 00:01:55.060400400,0 days 00:01:55.080400400
0 days 00:00:00.670000,0 days 00:00:00.690000,answer8,0.5614459,-12.357005,19.036524,0.008058715,-0.016364591,0.24074025,25.492838,7.1283817,19.313091,21.677431,19.752722,0.02175733,0.89136666,0.21720988,12.413625,21.680992,359.04773,1052.6381,-0.5788,1339.7759,638.0886,-17.137049,2265.8857,568.0056,-16.418562,0 days 00:01:55.070400400,0 days 00:01:55.090400400
0 days 00:00:00.680000,0 days 00:00:00.700000,answer8,0.5282211,-13.774375,21.143381,0.018658025,-0.015036541,0.2312449,23.522532,11.955826,15.62255,20.001234,20.607002,0.026181549,0.4333755,0.06627024,9.11618,19.049498,358.00598,1024.4081,-1.397512,1346.5455,630.17755,-16.62594,2253.1418,548.8422,-14.921997,0 days 00:01:55.080400400,0 days 00:01:55.100400400
0 days 00:00:00.690000,0 days 00:00:00.710000,answer8,0.50270593,-14.382352,20.94268,0.025158713,-0.020469626,0.21088165,24.158747,13.569879,10.2237835,19.923613,21.354906,0.054883417,0.38323236,-0.37224898,3.8871624,18.626211,364.9171,1021.7539,-0.5806777,1355.4891,664.14185,-15.38858,2237.1914,576.04694,-16.256071,0 days 00:01:55.090400400,0 days 00:01:55.110400400
0 days 00:00:00.700000,0 days 00:00:00.720000,answer8,0.48412052,-12.103996,18.452394,0.01735469,-0.020329366,0.23016305,24.166769,11.7108965,6.9986424,24.493546,20.425243,0.07473684,0.31529275,-3.1656647,67.71598,16.40729,364.0112,1110.318,3.139556,1360.7031,729.19336,-14.425496,2237.4504,722.89166,-15.080472,0 days 00:01:55.100400400,0 days 00:01:55.120400400
0 days 00:00:00.710000,0 days 00:00:00.730000,answer8,0.47782838,-11.2071085,17.689707,0.027501008,-0.02344759,0.23919904,25.786573,9.989713,6.8050747,26.928185,17.293104,0.09459027,0.24735315,-5.047749,63.57985,13.847038,367.02316,1103.3645,9.107629,1372.1061,709.4051,-9.231134,2272.8289,762.97296,-11.56279,0 days 00:01:55.110400400,0 days 00:01:55.130400400
0 days 00:00:00.720000,0 days 00:00:00.740000,answer8,0.48891076,-11.769386,19.378965,0.032278176,-0.02620069,0.2865461,26.038904,9.444215,4.949126,23.861273,14.0868,0.09459027,0.24735315,-6.3326936,58.674442,8.932288,364.09457,1144.4943,14.350436,1378.4115,749.6856,-3.5378866,2288.867,812.48364,-6.077595,0 days 00:01:55.120400400,0 days 00:01:55.140400400
0 days 00:00:00.730000,0 days 00:00:00.750000,answer8,0.50225264,-13.265935,20.177917,0.06559826,-0.028507277,0.27715018,25.518755,9.750403,6.5854397,19.196157,13.737542,0.09459027,0.24735315,-4.724003,-6.4516234,12.920761,361.3269,1127.653,17.087088,1391.4803,740.4366,-0.63807917,2321.507,784.98315,-5.2343946,0 days 00:01:55.130400400,0 days 00:01:55.150400400
0 days 00:00:00.740000,0 days 00:00:00.760000,answer8,0.48506165,-14.402027,22.381783,0.07925952,-0.03274766,0.24687223,24.904802,9.929169,7.3387947,14.587792,15.168495,0.09459027,0.24735315,-3.8009033,-1.9466953,18.29447,356.7659,1149.913,13.450626,1386.6104,760.9575,-4.9989686,2339.765,775.7363,-7.889482,0 days 00:01:55.140400400,0 days 00:01:55.160400400
0 days 00:00:00.750000,0 days 00:00:00.770000,answer8,0.44712642,-14.94751,22.73255,0.06634914,-0.026188694,0.22904074,24.493929,10.250398,12.345291,15.6402445,16.611816,0.09459027,0.24735315,-4.6439643,4.2388506,24.881737,333.3699,1246.7684,12.210271,1375.3658,820.9319,-10.418029,2335.0354,818.0273,-10.925014,0 days 00:01:55.150400400,0 days 00:01:55.170400400
0 days 00:00:00.760000,0 days 00:00:00.780000,answer8,0.40970922,-16.889448,24.33291,0.05968262,-0.023069521,0.21044366,25.934418,12.059632,14.662827,11.523617,17.509954,0.09459027,0.24735315,-4.286768,1.7093462,25.180765,320.00076,1345.17,12.192372,1316.1357,967.3654,-12.819047,2282.9622,754.97754,-12.062622,0 days 00:01:55.160400400,0 days 00:01:55.180400400
0 days 00:00:00.770000,0 days 00:00:00.790000,answer8,0.3811051,-19.435892,26.417707,0.046198767,-0.016096732,0.20970301,26.142626,14.578097,17.54474,9.348364,17.714678,0.09459027,0.24735315,-5.981159,0.0020202,23.953688,299.27448,1456.0238,13.898311,1323.7314,1128.2772,-12.488187,2239.2136,801.7214,-10.6926155,0 days 00:01:55.170400400,0 days 00:01:55.190400400
0 days 00:00:00.780000,0 days 00:00:00.800000,answer8,0.3572503,-19.755953,27.714495,0.04803663,-0.016005788,0.18346314,26.094915,14.031524,15.957931,7.586685,17.747389,0.09459027,0.24735315,-4.3020005,-1.657761,23.82366,522.0506,1349.9357,8.878745,1539.3492,1075.7639,-9.703265,2486.629,762.9746,-9.528621,0 days 00:01:55.180400400,0 days 00:01:55.200400400
0 days 00:00:00.790000,0 days 00:00:00.810000,answer8,0.33399975,-18.583033,25.810812,0.036905732,-0.018017298,0.1670654,25.323988,11.673167,16.870165,7.430694,16.882963,0.09459027,0.24735315,-3.6537583,-2.258318,21.765991,717.45874,1235.1581,3.9415123,1755.8595,917.3269,-9.60934,2693.9534,753.5669,-7.0549273,0 days 00:01:55.190400400,0 days 00:01:55.210400400
0 days 00:00:00.800000,0 days 00:00:00.820000,answer8,0.33284566,-18.035482,24.12044,0.035712477,-0.018216835,0.18283981,25.741882,9.799665,16.141945,8.577702,16.64923,0.13174745,0.6130195,-1.9217068,-3.8816175,23.104513,949.3991,1160.327,0.8504107,1971.736,759.5696,-6.7778497,2990.1135,701.9797,-8.717702,0 days 00:01:55.200400400,0 days 00:01:55.220400400
0 days 00:00:00.810000,0 days 00:00:00.830000,answer8,0.33587143,-17.875345,22.043818,0.041481875,-0.02051338,0.19829236,26.4077,10.243627,17.305243,8.668761,16.602343,0.15032604,0.97868586,-1.9042584,-5.3076324,23.743143,972.1314,1218.6907,2.2950084,1994.3094,723.1705,-5.3900943,3106.1272,733.70215,-10.204248,0 days 00:01:55.210400400,0 days 00:01:55.230400400
0 days 00:00:00.820000,0 days 00:00:00.840000,answer8,0.33709684,-19.32525,23.900915,0.031582963,-0.019470042,0.23728716,26.591614,11.935626,15.621224,10.612106,16.685064,0.0,0.925402,-2.3129551,-6.6101074,25.641851,979.0364,1238.4678,5.6225944,2014.5651,750.5857,0.30241856,3142.6035,809.23584,-9.97775,0 days 00:01:55.220400400,0 days 00:01:55.240400400
0 days 00:00:00.830000,0 days 00:00:00.850000,answer8,0.3377978,-16.825254,21.09197,0.041108802,-0.022484481,0.25274113,25.437754,10.620727,10.995219,6.8100834,15.204186,0.14466016,0.8312888,-2.7515647,-7.2376714,25.792366,948.2832,1185.4276,-62.20868,2010.4175,703.7513,-65.49968,3170.943,864.33466,-72.92672,0 days 00:01:55.230400400,0 days 00:01:55.250400400
0 days 00:00:00.840000,0 days 00:00:00.860000,answer8,0.3632691,-15.940453,20.393724,0.051618714,-0.024017692,0.2408517,24.762712,9.774283,9.058095,6.7781625,15.893684,0.18494232,0.7371755,-3.291749,0.0,0.0,680.3241,1370.4805,-57.173416,1728.006,1008.71606,-67.44395,2739.8542,855.66943,-71.780716,0 days 00:01:55.240400400,0 days 00:01:55.260400400
0 days 00:00:00.850000,0 days 00:00:00.870000,answer8,0.36413035,-13.983577,18.860855,0.05399551,-0.023638025,0.2287609,23.147348,10.367282,6.786825,4.749918,16.629171,0.26550668,1.0620126,-3.430704,-4.231801,25.94733,689.4161,1359.7065,-60.97722,1767.1725,970.8266,-70.64272,2830.5193,740.13257,-72.99064,0 days 00:01:55.250400400,0 days 00:01:55.270400400
0 days 00:00:00.860000,0 days 00:00:00.880000,answer8,0.3845407,-15.987391,22.302673,0.064243734,-0.02115617,0.24411577,22.876793,12.784526,8.366245,7.3715043,19.080828,0.26550668,1.0620126,-1.8163977,-1.9763184,25.23816,500.86047,1472.7266,13.332402,1555.7933,1167.6901,-5.070056,2496.1453,764.4356,-6.391392,0 days 00:01:55.260400400,0 days 00:01:55.280400400
0 days 00:00:00.870000,0 days 00:00:00.890000,answer8,0.39433086,-18.081896,25.719866,0.0670044,-0.020107932,0.2806271,22.306778,15.735324,9.511788,5.7931113,19.34961,0.26550668,1.0620126,-0.7376159,2.1457756,26.751242,799.7124,1419.6371,5.920667,1835.2594,902.81836,-2.3855457,2887.9485,742.2132,-5.5030913,0 days 00:01:55.270400400,0 days 00:01:55.290400400
0 days 00:00:00.880000,0 days 00:00:00.900000,answer8,0.4426624,-20.441607,27.227982,0.103771985,-0.02309213,0.3673824,23.411863,18.048958,13.049118,6.9596763,22.557112,0.26550668,1.0620126,-0.40583065,4.953499,24.847162,621.73016,1597.1747,4.6176324,1791.993,930.9405,-5.824127,2914.754,890.3038,-10.200325,0 days 00:01:55.280400400,0 days 00:01:55.300400400
0 days 00:00:00.890000,0 days 00:00:00.910000,answer8,0.50632167,-20.833641,27.271002,0.09055981,-0.02035751,0.40274164,25.79664,18.518362,12.389846,10.868262,25.606607,0.26550668,1.0620126,-0.55322856,5.584549,23.799301,619.2568,1658.653,-1.4129295,1756.7738,967.64557,-12.280513,2930.1902,862.0213,-15.412587,0 days 00:01:55.290400400,0 days 00:01:55.310400400
0 days 00:00:00.900000,0 days 00:00:00.920000,answer8,0.7040744,-19.012203,24.869833,0.08782188,-0.016433725,0.6624344,26.294518,15.583255,15.508709,16.050856,28.513475,0.26550668,1.0620126,0.75494987,4.574557,21.830557,352.60742,1480.275,1.3626552,1517.5903,913.07477,-17.688509,2600.9883,811.2586,-18.517017,0 days 00:01:55.300400400,0 days 00:01:55.320400400
0 days 00:00:00.910000,0 days 00:00:00.930000,answer8,1.0865701,-15.321582,22.154207,0.082831495,-0.013939944,1.1036991,26.145578,10.849631,15.271435,18.963366,28.175278,0.26550668,1.0620126,2.6861594,2.9405181,22.260798,329.34335,1259.5673,4.632404,1317.992,851.2796,-18.755415,2227.6008,684.27826,-17.311548,0 days 00:01:55.310400400,0 days 00:01:55.330400400
0 days 00:00:00.920000,0 days 00:00:00.940000,answer8,1.4936581,-12.541942,20.231867,0.09535748,-0.01829211,1.3540087,24.067698,8.057206,19.012724,17.369392,27.877317,0.26550668,1.0620126,3.7931938,1.7814302,23.516096,337.8973,1075.2175,4.8886037,1337.7657,622.8772,-16.493631,2234.0144,603.1129,-17.993801,0 days 00:01:55.320400400,0 days 00:01:55.340400400
0 days 00:00:00.930000,0 days 00:00:00.950000,answer8,1.8541712,-10.368234,18.769598,0.09979352,-0.023744093,1.4811062,23.667036,6.667399,17.032139,15.395775,27.705523,0.26550668,1.0620126,3.999417,0.95053434,24.442125,346.11948,1037.7205,4.6057796,1339.5085,597.4526,-16.865795,2235.7615,591.9236,-18.88581,0 days 00:01:55.330400400,0 days 00:01:55.350400400
0 days 00:00:00.940000,0 days 00:00:00.960000,answer8,2.0222738,-10.60493,19.478138,0.10214144,-0.026254779,1.4250273,24.057167,5.5877323,17.551353,15.444385,27.00995,0.26550668,1.0620126,5.438841,-4.21716,20.47524,350.02502,1063.6996,10.424929,1353.7714,627.2227,-8.716985,2262.0583,639.2308,-14.267475,0 days 00:01:55.340400400,0 days 00:01:55.360400400
0 days 00:00:00.950000,0 days 00:00:01,answer8,2.140735,-10.077703,20.087797,0.09992138,-0.02919778,1.5490535,24.834799,4.067706,16.651815,16.298012,26.877916,0.26550668,1.0620126,5.8437076,-5.0358315,21.369425,356.08154,1034.3275,11.083034,1353.8427,606.1259,-7.6182423,2273.683,616.5946,-15.322227,0 days 00:01:55.350400400,0 days 00:01:55.400400400
0 days 00:00:00,0 days 00:00:00.020000,answer9,0.67050666,-7.7409363,14.222808,0.07124258,-0.021805553,0.061409086,21.397863,-5.2495236,-3.8724377,-11.752629,0.0,0.0,0.0,0.0,0.0,0.0,345.06918,1495.0015,-201.0,1265.5502,1375.1152,-201.0,2149.8274,916.77606,-201.0,0 days 00:03:20.533867200,0 days 00:03:20.553867200
0 days 00:00:00.010000,0 days 00:00:00.030000,answer9,0.6168034,-6.5441895,13.863301,0.07518222,-0.015728066,0.14738424,20.04754,-4.364446,-4.018862,-10.971382,0.0,0.0,0.0,0.0,0.0,0.0,572.2288,1320.4102,-201.0,1578.9824,1089.9557,-201.0,2581.9966,769.9993,-201.0,0 days 00:03:20.543867200,0 days 00:03:20.563867200
0 days 00:00:00.020000,0 days 00:00:00.040000,answer9,0.5382578,-5.7762704,13.255342,0.06812752,-0.014806706,0.20618688,16.998844,-4.534571,-5.2584977,-12.050729,0.0,0.0,0.0,0.0,0.0,0.0,576.20074,1171.076,-201.0,1610.2339,898.45605,-201.0,2655.3967,645.03534,-201.0,0 days 00:03:20.553867200,0 days 00:03:20.573867200
0 days 00:00:00.030000,0 days 00:00:00.050000,answer9,0.504299,-4.393842,12.786598,0.066776566,-0.005834628,0.19555734,16.104025,-4.47518,-6.0811973,-8.242877,0.0,0.0,0.0,0.0,0.0,0.0,590.8538,1192.3185,-201.0,1585.3483,892.0781,-201.0,2667.0564,694.67847,-201.0,0 days 00:03:20.563867200,0 days 00:03:20.583867200
0 days 00:00:00.040000,0 days 00:00:00.060000,answer9,0.5204731,-6.133756,12.908501,0.06404068,-0.015919778,0.18888903,15.339698,-2.9253356,-3.614199,-8.608274,0.0,0.0,0.0,0.0,0.0,0.0,382.27084,1135.5039,-201.0,1327.4225,899.2807,-201.0,2307.4685,707.5149,-201.0,0 days 00:03:20.573867200,0 days 00:03:20.593867200
0 days 00:00:00.050000,0 days 00:00:00.070000,answer9,0.54908746,-6.041043,12.565533,0.071357585,-0.0157442,0.19435932,15.233449,-1.7757086,-5.8245454,-7.8832226,0.0,0.0,0.0,0.0,0.0,0.0,347.10193,1199.5719,-201.0,1307.2664,916.5545,-201.0,2261.9236,742.27423,-201.0,0 days 00:03:20.583867200,0 days 00:03:20.603867200
0 days 00:00:00.060000,0 days 00:00:00.080000,answer9,0.5500799,-5.8238716,12.917293,0.06923231,-0.016701067,0.19316168,13.269948,-1.245824,-8.306554,-10.321294,0.0,0.0,0.0,0.0,0.0,0.0,624.4956,1094.44,-201.0,1641.985,830.87885,-201.0,2701.8264,502.42676,-201.0,0 days 00:03:20.593867200,0 days 00:03:20.613867200
0 days 00:00:00.070000,0 days 00:00:00.090000,answer9,0.5861921,-3.0142307,10.69118,0.06551891,-0.00422873,0.17670047,11.14325,-5.0545917,-11.238758,-8.362487,0.0,0.0,0.0,0.0,0.0,0.0,870.332,1201.0599,-201.0,1886.4264,892.8745,-201.0,3071.3132,465.79175,-201.0,0 days 00:03:20.603867200,0 days 00:03:20.623867200
0 days 00:00:00.080000,0 days 00:00:00.100000,answer9,0.7452046,-3.0049155,11.471313,0.081570186,-0.0016344357,0.28686422,11.677014,-7.8130517,-7.7891374,-9.385875,0.0,0.0,0.0,0.0,0.0,0.0,1133.8488,1046.8528,-201.0,2169.9255,793.6878,-201.0,3413.6982,412.1205,-201.0,0 days 00:03:20.613867200,0 days 00:03:20.633867200
0 days 00:00:00.090000,0 days 00:00:00.110000,answer9,0.92259884,-2.8820665,11.972585,0.08868388,-0.00046288143,0.36643448,13.55544,-10.493693,-8.012229,-7.691671,0.0,0.0,0.0,0.0,0.0,0.0,821.79834,1178.909,-134.69785,1836.4943,845.7439,-136.80412,2964.1758,658.49884,-138.75127,0 days 00:03:20.623867200,0 days 00:03:20.643867200
0 days 00:00:00.100000,0 days 00:00:00.120000,answer9,1.0754622,-3.7866676,13.917762,0.07473353,-0.0040515834,0.4691575,15.857178,-10.370342,-7.7848186,-7.5127416,28.45922,0.0,0.0,-3.8751116,2.1039586,13.25316,559.1165,1184.5983,-68.447586,1556.2626,883.6113,-75.52415,2580.5056,763.60785,-77.28303,0 days 00:03:20.633867200,0 days 00:03:20.653867200
0 days 00:00:00.110000,0 days 00:00:00.130000,answer9,1.088452,-4.2890296,13.49189,0.04049125,-0.0024609382,0.5206624,17.698149,-7.3549466,-5.461159,-1.6680697,28.453306,0.0,0.0,-3.016956,2.5557477,13.814458,317.39523,1455.6224,-2.4049752,1216.7687,1052.3959,-13.143776,2221.4617,803.7767,-16.219433,0 days 00:03:20.643867200,0 days 00:03:20.663867200
0 days 00:00:00.120000,0 days 00:00:00.140000,answer9,1.055328,-6.423681,14.903247,0.028709078,-0.0059547033,0.554432,19.300802,-3.0239022,-0.74081653,0.21034539,28.457712,0.0,0.0,-1.3366121,3.7759902,15.952451,343.66028,1440.9215,-4.6517673,1225.1815,1075.8075,-16.262426,2251.1853,793.8569,-18.898605,0 days 00:03:20.653867200,0 days 00:03:20.673867200
0 days 00:00:00.130000,0 days 00:00:00.150000,answer9,0.95901203,-6.845471,15.416373,0.027140466,-0.00623592,0.5588763,19.541643,-0.8272317,4.095263,4.2179866,28.442688,0.0,0.0,-0.32428992,5.3848095,16.279303,360.22034,1430.9307,-7.955753,1216.8916,1030.0326,-17.19457,2249.5444,738.7739,-20.003355,0 days 00:03:20.663867200,0 days 00:03:20.683867200
0 days 00:00:00.140000,0 days 00:00:00.160000,answer9,0.84589744,-7.7102776,17.13468,0.025820354,-0.008794026,0.4356512,19.192968,1.6874543,6.445893,6.0987515,28.40764,0.0,2.8666463,0.2530975,7.296622,17.277534,323.6073,1430.752,-10.497543,1231.0836,973.00665,-19.01497,2261.832,722.007,-22.042158,0 days 00:03:20.673867200,0 days 00:03:20.693867200
0 days 00:00:00.150000,0 days 00:00:00.170000,answer9,0.7411909,-8.257587,16.985668,0.00907379,-0.008288856,0.3569274,18.117163,3.5328877,9.410532,8.621054,28.342743,0.025933467,1.922741,-0.12073171,8.794228,15.653424,265.18546,1575.3832,0.0,1191.0802,1017.57666,-18.742323,2212.1736,662.85394,-21.51142,0 days 00:03:20.683867200,0 days 00:03:20.703867200
0 days 00:00:00.160000,0 days 00:00:00.180000,answer9,0.63644624,-9.523503,18.580946,0.02017725,-0.005413731,0.28901902,18.341667,6.2052994,6.713764,6.8882217,28.328815,0.025933467,1.6113356,-0.414864,9.402209,15.816835,261.52588,1721.4076,0.0,1138.633,1151.4105,-79.09016,2190.346,676.38904,-81.87491,0 days 00:03:20.693867200,0 days 00:03:20.713867200
0 days 00:00:00.170000,0 days 00:00:00.190000,answer9,0.54875594,-9.103228,18.839327,0.0224496,-0.0020734996,0.24356216,17.76446,5.100564,5.460068,8.229754,0.0,0.0,0.0,0.0,0.0,0.0,328.28415,1641.3949,-201.0,1194.6993,1195.8286,-139.65013,2214.6125,800.3454,-140.8997,0 days 00:03:20.703867200,0 days 00:03:20.723867200
0 days 00:00:00.180000,0 days 00:00:00.200000,answer9,0.49797404,-8.111652,18.74233,0.027534246,-0.0016522332,0.20449679,18.965828,2.200641,2.4869354,6.6085167,0.0,0.0,0.0,0.0,0.0,0.0,407.7944,1505.5029,-201.0,1231.7626,1207.3837,-201.0,2253.9744,899.1885,-201.0,0 days 00:03:20.713867200,0 days 00:03:20.733867200
0 days 00:00:00.190000,0 days 00:00:00.210000,answer9,0.48936924,-5.910852,15.148597,0.034245793,-0.004151402,0.16890639,18.536924,-4.686991,1.4397697,1.9846207,0.0,0.0,0.0,0.0,0.0,0.0,422.25684,1322.6506,-201.0,1308.391,1158.2212,-201.0,2275.9258,941.34503,-201.0,0 days 00:03:20.723867200,0 days 00:03:20.743867200
0 days 00:00:00.200000,0 days 00:00:00.220000,answer9,0.5210116,-3.1811569,11.416295,0.053949405,-0.006545639,0.1598612,19.65226,-11.050868,-0.79676026,-3.8946779,0.0,0.0,0.0,0.0,0.0,0.0,436.61264,1305.6631,-201.0,1263.5503,1240.7426,-201.0,2235.78,869.1679,-201.0,0 days 00:03:20.733867200,0 days 00:03:20.753867200
0 days 00:00:00.210000,0 days 00:00:00.230000,answer9,0.5297273,-1.2130777,7.9729457,0.06992325,-0.0043978873,0.1758731,19.068138,-16.508055,-3.977007,-5.5187974,0.0,0.0,0.0,0.0,0.0,0.0,685.33984,1242.7001,-201.0,1560.1891,1139.4781,-201.0,2557.6814,841.04736,-201.0,0 days 00:03:20.743867200,0 days 00:03:20.763867200
0 days 00:00:00.220000,0 days 00:00:00.240000,answer9,0.52079624,-1.634956,8.920177,0.0699859,-0.004286103,0.15708993,19.27505,-14.181213,-5.756457,-5.786138,0.0,0.0,0.0,0.0,0.0,0.0,643.4093,1392.3561,-201.0,1499.4948,1208.1611,-201.0,2521.799,804.3645,-201.0,0 days 00:03:20.753867200,0 days 00:03:20.773867200
0 days 00:00:00.230000,0 days 00:00:00.250000,answer9,0.49609017,-3.299616,10.147895,0.064217776,-0.0071922257,0.14965625,15.989545,-7.9041767,-5.4562225,-9.304589,0.0,0.0,0.0,0.0,0.0,0.0,636.491,1289.5939,-201.0,1569.9933,1112.3087,-201.0,2563.509,754.6284,-201.0,0 days 00:03:20.763867200,0 days 00:03:20.783867200
0 days 00:00:00.240000,0 days 00:00:00.260000,answer9,0.49085572,-4.064649,11.153773,0.06433392,-0.007885805,0.12337181,10.609731,1.7743154,-7.7775874,-10.1765785,0.0,0.0,0.0,0.0,0.0,0.0,388.26657,1368.0519,-201.0,1276.6083,1298.8534,-201.0,2288.987,714.2059,-201.0,0 days 00:03:20.773867200,0 days 00:03:20.793867200
0 days 00:00:00.250000,0 days 00:00:00.270000,answer9,0.500572,-3.1860602,9.263232,0.053057086,-0.010369087,0.116862394,5.7641797,4.0214705,-8.392488,-7.3463616,0.0,0.0,0.0,0.0,0.0,0.0,385.65845,1263.1104,-201.0,1348.0547,1167.0133,-201.0,2357.8372,759.7002,-201.0,0 days 00:03:20.783867200,0 days 00:03:20.803867200
0 days 00:00:00.260000,0 days 00:00:00.280000,answer9,0.52602524,-0.9254759,5.97686,0.05871122,-0.00547958,0.113556884,1.5552253,1.2110773,-10.273629,-3.1100514,0.0,0.0,0.0,0.0,0.0,0.0,670.57086,1254.876,-201.0,1613.2474,1173.3585,-201.0,2715.1846,732.4931,-201.0,0 days 00:03:20.793867200,0 days 00:03:20.813867200
0 days 00:00:00.270000,0 days 00:00:00.290000,answer9,0.5501867,-0.15833957,5.496744,0.051592454,-0.0056601525,0.12591289,1.3965802,-0.72720844,-4.987879,-0.8306435,0.0,0.0,0.0,0.0,0.0,0.0,926.97345,1140.9056,-201.0,1914.6025,968.87897,-201.0,3006.4617,659.222,-201.0,0 days 00:03:20.803867200,0 days 00:03:20.823867200
0 days 00:00:00.280000,0 days 00:00:00.300000,answer9,0.5988212,1.2540568,4.352146,0.0782198,-0.00086064683,0.13288432,-0.21686447,-0.9997652,-1.9734354,0.15149502,0.0,0.0,0.0,0.0,0.0,0.0,928.7524,1204.3302,-201.0,1890.4458,979.035,-201.0,2988.373,720.9362,-201.0,0 days 00:03:20.813867200,0 days 00:03:20.833867200
0 days 00:00:00.290000,0 days 00:00:00.310000,answer9,0.66240424,0.9709863,5.148243,0.075265236,-0.006592855,0.1562996,0.14942138,1.1971887,0.5087202,0.04922557,0.0,0.0,0.0,0.0,0.0,0.0,627.129,1227.3654,-135.01994,1643.1327,791.51385,-138.32764,2722.6204,858.86395,-138.81479,0 days 00:03:20.823867200,0 days 00:03:20.843867200
0 days 00:00:00.300000,0 days 00:00:00.320000,answer9,0.7166912,2.1509542,3.273938,0.07620254,-0.008640882,0.1746583,-0.40556464,-0.50661194,3.779993,0.009239018,21.434046,0.0,0.0,-1.6528492,-0.12912035,13.479935,676.59283,1099.4124,-73.61122,1685.1045,923.7207,-76.49753,2713.0803,919.597,-77.50117,0 days 00:03:20.833867200,0 days 00:03:20.853867200
0 days 00:00:00.310000,0 days 00:00:00.330000,answer9,0.72449875,0.8471121,6.010069,0.04419029,-0.010433336,0.19548124,2.3184223,0.5914924,7.5702386,4.9839125,21.453566,0.0,0.0,0.060594004,-1.8738924,14.124881,693.02106,1124.729,-5.127697,1679.0219,826.89874,-16.386398,2700.2585,927.02655,-17.251982,0 days 00:03:20.843867200,0 days 00:03:20.863867200
0 days 00:00:00.320000,0 days 00:00:00.340000,answer9,0.7265875,-3.501939,9.90134,0.027856613,-0.007998303,0.32163322,8.177263,4.406452,14.688708,8.704038,21.481623,0.0,0.0,3.018048,-5.1197925,14.992162,666.72394,1148.3752,-3.5416145,1661.1034,833.35815,-18.638765,2636.4192,832.0752,-19.77908,0 days 00:03:20.853867200,0 days 00:03:20.873867200
0 days 00:00:00.330000,0 days 00:00:00.350000,answer9,0.76585317,-8.711755,15.834474,0.044397444,-0.0074952743,0.45485112,14.5713415,7.890947,16.581944,13.089169,21.417887,0.0,0.0,4.642633,-7.79533,15.280303,329.39664,1283.2789,4.8511925,1350.871,636.7604,-19.982176,2309.3896,862.6009,-21.485403,0 days 00:03:20.863867200,0 days 00:03:20.883867200
0 days 00:00:00.340000,0 days 00:00:00.360000,answer9,0.8096687,-15.035438,22.750473,0.048726145,-0.012378289,0.5439368,20.708597,12.466927,18.988134,11.668869,21.36686,0.0,2.9784832,5.370112,-9.1576185,15.133282,335.9751,1121.008,6.272886,1405.247,648.6264,-19.04653,2337.678,801.6489,-21.916426,0 days 00:03:20.873867200,0 days 00:03:20.893867200
0 days 00:00:00.350000,0 days 00:00:00.370000,answer9,0.8456695,-18.208115,28.36289,0.0661355,-0.012672223,0.520099,23.887812,13.536906,16.529604,13.5789385,21.359533,0.01769887,2.5291038,5.747467,-9.190762,14.858616,360.8878,1051.9424,8.532531,1408.0392,690.0952,-18.830437,2312.334,814.1719,-21.288828,0 days 00:03:20.883867200,0 days 00:03:20.903867200
0 days 00:00:00.360000,0 days 00:00:00.380000,answer9,0.88910365,-19.964672,31.606644,0.05399214,-0.011404656,0.44325364,26.179335,13.010231,16.66741,15.196492,21.41202,0.012174861,1.6055665,5.8256545,-8.518982,14.997045,364.88638,1036.0618,8.386078,1413.456,695.1286,-19.123156,2311.5815,795.31085,-20.71381,0 days 00:03:20.893867200,0 days 00:03:20.913867200
0 days 00:00:00.370000,0 days 00:00:00.390000,answer9,0.9280832,-19.753805,30.07945,0.06256146,-0.007321699,0.3719736,28.008453,10.926784,16.17577,21.302198,21.53718,0.0045726052,0.9205666,5.5266094,-7.956951,16.75132,365.14917,1035.4152,7.7800946,1388.9922,702.7,-19.990072,2271.2876,734.55145,-22.08368,0 days 00:03:20.903867200,0 days 00:03:20.923867200
0 days 00:00:00.380000,0 days 00:00:00.400000,answer9,0.95799047,-19.209013,27.960648,0.068934575,-0.0027737143,0.28681922,29.663725,9.486937,14.992656,27.927536,21.724548,0.0019934245,0.48366222,5.2759557,-7.7958617,17.915222,362.25302,1057.9357,6.758081,1381.9574,708.9397,-20.364832,2285.4763,706.9289,-23.502922,0 days 00:03:20.913867200,0 days 00:03:20.933867200
0 days 00:00:00.390000,0 days 00:00:00.410000,answer9,0.94309896,-19.460196,28.046576,0.06288166,-0.000987889,0.25484926,31.168726,9.738991,12.928032,31.611687,21.921251,0.0054724882,0.5857998,5.464346,-8.037227,18.540955,362.07117,1105.4347,5.396322,1378.3544,766.64215,-20.399399,2293.726,748.2138,-25.12374,0 days 00:03:20.923867200,0 days 00:03:20.943867200
0 days 00:00:00.400000,0 days 00:00:00.420000,answer9,0.915441,-19.373411,28.207047,0.061951358,0.0011548275,0.3419695,32.33067,9.520404,12.074692,31.95067,22.051641,0.012244314,1.0685977,5.951175,-8.595173,16.932673,359.7899,1143.6986,4.0150247,1373.6919,805.21094,-19.512136,2297.2324,777.54443,-25.173822,0 days 00:03:20.933867200,0 days 00:03:20.953867200
0 days 00:00:00.410000,0 days 00:00:00.430000,answer9,0.8515628,-19.924547,28.960037,0.044642415,-0.00027305202,0.3849373,33.460117,10.309098,12.504687,28.996439,22.08887,0.0138424905,1.2992548,6.065138,-9.311509,15.829843,366.97803,1151.663,2.751298,1379.1202,849.2544,-18.378271,2286.3203,831.6191,-25.978273,0 days 00:03:20.943867200,0 days 00:03:20.963867200
0 days 00:00:00.420000,0 days 00:00:00.440000,answer9,0.7885167,-19.040014,28.060951,0.05488966,0.001406483,0.39319,35.202583,9.157359,11.532872,26.460321,22.043615,0.0104408255,1.1605898,5.704058,-9.574079,15.549419,370.50906,1138.047,1.4667082,1358.3146,842.3636,-17.40396,2264.449,801.3738,-26.844187,0 days 00:03:20.953867200,0 days 00:03:20.973867200
0 days 00:00:00.430000,0 days 00:00:00.450000,answer9,0.73377854,-18.609236,28.196396,0.04800542,0.002075027,0.2789089,37.18933,8.066887,10.841861,23.3323,21.899302,0.0056556407,0.82898164,5.3073463,-8.861584,16.06738,374.59586,1123.9647,-0.11148214,1340.5338,834.3909,-18.084175,2265.4348,750.8342,-26.881775,0 days 00:03:20.963867200,0 days 00:03:20.983867200
0 days 00:00:00.440000,0 days 00:00:00.460000,answer9,0.69567555,-16.575783,28.0151,0.0458162,0.00762084,0.26765952,38.3757,4.952106,10.641639,22.712715,21.720184,0.0039492296,0.787086,5.135193,-7.286612,18.258095,370.13315,1140.6322,-1.7191223,1312.6471,825.658,-19.037683,2239.7969,734.8846,-27.239782,0 days 00:03:20.973867200,0 days 00:03:20.993867200
0 days 00:00:00.450000,0 days 00:00:00.470000,answer9,0.6541472,-15.192403,27.552671,0.031817812,0.008608431,0.28164336,37.065327,3.2965806,12.072871,23.312937,21.597742,0.010627101,1.0550561,5.1224494,-5.3151846,20.385689,358.656,1208.5251,-2.3173916,1309.565,836.54364,-19.342115,2286.5342,752.7063,-27.2385,0 days 00:03:20.983867200,0 days 00:03:21.003867200
0 days 00:00:00.460000,0 days 00:00:00.480000,answer9,0.6080658,-14.651443,26.803663,0.029114077,0.012839116,0.28746063,34.40685,4.1999364,14.031323,23.094782,21.642466,0.011504908,1.2481669,4.7296014,-3.530591,21.422598,343.6368,1256.6852,-2.8844883,1295.3439,837.1879,-18.968496,2299.7095,758.6624,-27.237097,0 days 00:03:20.993867200,0 days 00:03:21.013867200
0 days 00:00:00.470000,0 days 00:00:00.490000,answer9,0.57048696,-14.899654,25.915583,0.024287283,0.00971793,0.24137919,32.511105,5.9151115,13.117642,21.254303,21.857979,0.015450324,1.141752,3.8815377,-1.9629542,20.354301,340.36227,1252.9767,-3.1127117,1287.6512,822.5105,-19.927109,2324.7385,722.2006,-26.427612,0 days 00:03:21.003867200,0 days 00:03:21.023867200
0 days 00:00:00.480000,0 days 00:00:00.500000,answer9,0.5535793,-15.217506,25.495634,0.020225598,0.009815908,0.1883374,31.905146,7.2445793,13.1213255,19.845856,22.12971,0.009242738,0.9374421,2.3260946,-1.0899757,17.212778,343.06656,1221.8756,-4.191058,1280.5345,809.88086,-21.724213,2308.216,703.99976,-24.447699,0 days 00:03:21.013867200,0 days 00:03:21.033867200
0 days 00:00:00.490000,0 days 00:00:00.510000,answer9,0.5600462,-15.068545,23.933397,0.01346602,0.0032229202,0.2080199,31.101196,7.385878,10.786613,19.218699,22.655996,0.0072206296,0.93281394,0.38659036,-0.76876193,14.159813,355.30606,1180.1578,-5.4946136,1285.8478,812.6989,-23.979233,2282.9753,679.4329,-22.307486,0 days 00:03:21.023867200,0 days 00:03:21.043867200
0 days 00:00:00.500000,0 days 00:00:00.520000,answer9,0.59523493,-15.765098,21.623283,0.017527679,-0.00509846,0.25822797,30.177477,9.053482,13.384831,18.427256,23.200796,0.011896289,1.1082482,0.07209941,-0.83604175,12.239516,359.87308,1171.7357,-6.34133,1296.3142,854.103,-24.987078,2269.4248,637.7214,-20.373125,0 days 00:03:21.033867200,0 days 00:03:21.053867200
0 days 00:00:00.510000,0 days 00:00:00.530000,answer9,0.60217255,-15.908248,19.559782,0.013571687,-0.009216347,0.32803133,28.463661,9.147988,15.227576,17.41519,23.765833,0.019460723,1.462437,1.4741722,-1.2137828,13.904057,334.93845,1292.998,-6.513845,1281.5356,957.8626,-23.664816,2230.2078,615.40485,-21.024544,0 days 00:03:21.043867200,0 days 00:03:21.063867200
0 days 00:00:00.520000,0 days 00:00:00.540000,answer9,0.63475657,-16.23201,17.719374,0.024282128,-0.011408915,0.38814566,28.736921,9.6992655,19.285501,18.441359,24.005213,0.072321184,1.9242496,3.9788723,-1.5369812,18.883516,334.98325,1335.1403,-4.816124,1325.3365,1039.4482,-20.193476,2223.1526,668.2889,-24.62948,0 days 00:03:21.053867200,0 days 00:03:21.073867200
0 days 00:00:00.530000,0 days 00:00:00.550000,answer9,0.6298664,-15.494723,17.69705,0.02505514,-0.0019347885,0.36121082,28.861319,6.843477,22.033463,22.538229,24.088257,0.11605525,2.3936992,5.200723,-1.8917075,23.393118,302.24368,1434.6934,-3.9534855,1312.6637,1027.8702,-15.829417,2226.059,695.1494,-27.997515,0 days 00:03:21.063867200,0 days 00:03:21.083867200
0 days 00:00:00.540000,0 days 00:00:00.560000,answer9,0.6391662,-15.149857,19.306395,0.02320308,0.0031767364,0.32388318,30.526567,5.931421,21.311602,27.012413,24.04305,0.12672086,1.8381748,5.3921723,-1.5963582,26.035242,298.25974,1400.6245,-3.2700253,1296.1593,951.81854,-13.251575,2227.1907,704.0268,-29.956179,0 days 00:03:21.073867200,0 days 00:03:21.093867200
0 days 00:00:00.550000,0 days 00:00:00.570000,answer9,0.648825,-14.01151,22.533112,0.023988673,0.010120583,0.29394525,31.538523,3.8633108,18.19369,26.832407,23.956522,0.074934535,1.1329774,4.854384,-0.6859028,26.537996,274.44412,1445.1616,-3.9196193,1230.8921,886.6906,-12.978625,2235.829,684.4734,-30.198072,0 days 00:03:21.083867200,0 days 00:03:21.103867200
0 days 00:00:00.560000,0 days 00:00:00.580000,answer9,0.6949808,-12.576837,24.541885,0.024656208,0.011296545,0.3021883,32.545097,2.4011366,14.409446,23.533972,23.733915,0.024550775,0.67373353,3.810931,0.109986305,26.590479,296.98666,1357.5527,-4.451303,1218.831,835.0381,-14.62727,2249.3213,647.7207,-30.620005,0 days 00:03:21.093867200,0 days 00:03:21.113867200
0 days 00:00:00.570000,0 days 00:00:00.590000,answer9,0.7223914,-11.573077,24.904593,0.025489235,0.012122038,0.3229334,31.741522,1.7508715,15.770259,20.66735,23.568457,0.009444769,0.6344185,2.5959547,-1.1104718,25.581594,270.72913,1385.7733,-5.978573,1210.0402,816.9952,-16.772173,2263.6814,637.3879,-31.13839,0 days 00:03:21.103867200,0 days 00:03:21.123867200
0 days 00:00:00.580000,0 days 00:00:00.600000,answer9,0.70027375,-11.620705,25.249956,0.019134728,0.0101368865,0.3351473,30.141596,2.2545662,16.197739,17.310015,23.461046,0.012716688,0.71236736,1.3223076,-4.6516976,22.754251,284.6315,1346.7603,-4.0854373,1216.9625,791.3715,-18.6084,2303.3044,606.50653,-29.959137,0 days 00:03:21.113867200,0 days 00:03:21.133867200
0 days 00:00:00.590000,0 days 00:00:00.610000,answer9,0.6250697,-13.273639,26.25924,0.014638949,0.0060988124,0.4008404,28.148851,5.4288597,18.060877,15.616399,23.501371,0.013136528,0.5740813,-0.4025418,-7.1158957,20.604126,282.41443,1355.2177,-0.5363634,1228.0729,801.11847,-18.836998,2320.1855,614.883,-26.724136,0 days 00:03:21.123867200,0 days 00:03:21.143867200
0 days 00:00:00.600000,0 days 00:00:00.620000,answer9,0.5334502,-15.081271,26.410955,0.025901014,0.0013526441,0.39631972,28.698248,7.0517936,16.008436,11.129933,22.034662,0.012909043,0.6790147,-1.684841,-4.719888,19.070824,331.02646,1251.0682,4.97247,1252.4155,801.16846,-15.297559,2338.881,578.67883,-21.36115,0 days 00:03:21.133867200,0 days 00:03:21.153867200
0 days 00:00:00.610000,0 days 00:00:00.630000,answer9,0.43362522,-15.485882,26.19275,0.024057873,0.0025903091,0.34178773,29.143393,6.692824,14.199977,11.703519,20.454258,0.011459533,0.7087334,-3.5195549,1.0623832,18.617987,309.22763,1286.6488,7.8329506,1242.337,816.0764,-9.367496,2306.0967,579.847,-15.8547325,0 days 00:03:21.143867200,0 days 00:03:21.163867200
0 days 00:00:00.620000,0 days 00:00:00.640000,answer9,0.34195065,-14.771729,25.092493,0.026532853,0.0016246205,0.24623318,29.359169,5.6139817,11.877471,9.706254,18.212376,0.011459533,0.7087334,-4.8585477,4.2095165,18.13762,302.85776,1315.3276,8.803204,1232.2183,826.7424,-3.42612,2305.7605,584.2308,-11.713824,0 days 00:03:21.153867200,0 days 00:03:21.173867200
0 days 00:00:00.630000,0 days 00:00:00.650000,answer9,0.2856943,-13.212434,23.589172,0.035091843,-0.0018849844,0.19435668,28.139877,3.797593,6.471782,4.4604297,17.465042,0.011459533,0.7087334,-5.633101,5.4822216,17.882164,269.06876,1430.7838,6.719227,1214.4323,921.4761,0.29052305,2278.7217,652.31885,-9.726732,0 days 00:03:21.163867200,0 days 00:03:21.183867200
0 days 00:00:00.640000,0 days 00:00:00.660000,answer9,0.25281295,-12.276416,20.242674,0.04749207,-0.010219599,0.14804707,26.712128,3.2234142,2.3822186,-2.115198,16.81915,0.011459533,0.7087334,-5.98691,3.4352055,20.212124,492.64127,1338.4926,3.8336847,1500.8711,888.9129,-1.9527411,2641.08,674.21387,-10.917797,0 days 00:03:21.173867200,0 days 00:03:21.193867200
0 days 00:00:00.650000,0 days 00:00:00.670000,answer9,0.24181163,-10.704025,16.652328,0.04677385,-0.013966012,0.10155469,26.504755,1.0055279,-1.4982119,-6.8974586,16.739143,0.011459533,0.7087334,-6.4476247,2.2641141,21.252287,729.8125,1323.062,3.788474,1791.7875,876.6426,-3.3214018,2951.009,636.67725,-11.54111,0 days 00:03:21.183867200,0 days 00:03:21.203867200
0 days 00:00:00.660000,0 days 00:00:00.680000,answer9,0.2418537,-11.6595335,17.458334,0.035955094,-0.015866602,0.07632942,27.231615,2.3819351,0.7983837,-4.006699,16.696413,0.011459533,0.70873344,-7.3516884,0.19147539,22.910362,1004.05963,1191.9948,-63.952164,2107.3518,777.71533,-71.364876,3262.3816,606.54584,-75.4395,0 days 00:03:21.193867200,0 days 00:03:21.213867200
0 days 00:00:00.670000,0 days 00:00:00.690000,answer9,0.2382977,-11.352056,18.486977,0.03210261,-0.012375937,0.07702661,27.148844,2.1410797,1.9663008,-1.6819954,0.0,0.0,0.0,0.0,0.0,0.0,1051.2076,1183.9486,-131.33746,2135.7954,756.0876,-135.46526,3285.051,540.0083,-137.58952,0 days 00:03:21.203867200,0 days 00:03:21.223867200
0 days 00:00:00.680000,0 days 00:00:00.700000,answer9,0.2331555,-12.343463,20.051996,0.027508369,-0.009757559,0.07630121,24.956093,3.9599292,4.1954694,2.3216608,0.0,0.0,0.0,0.0,0.0,0.0,1021.4318,1102.6405,-201.0,2104.801,754.0196,-201.0,3224.0588,633.16046,-201.0,0 days 00:03:21.213867200,0 days 00:03:21.233867200
0 days 00:00:00.690000,0 days 00:00:00.710000,answer9,0.2237674,-11.816159,18.050383,0.024689525,-0.008560105,0.06273673,22.259733,4.1696115,5.4759827,5.586036,0.0,0.0,0.0,0.0,0.0,0.0,1024.2721,1073.2056,-201.0,2082.803,772.8196,-201.0,3227.2458,684.7054,-201.0,0 days 00:03:21.223867200,0 days 00:03:21.243867200
0 days 00:00:00.700000,0 days 00:00:00.720000,answer9,0.22072871,-12.166118,17.151379,0.00809688,-0.013247832,0.0697987,22.094172,4.8770347,5.002381,4.3289237,0.0,0.0,0.0,0.0,0.0,0.0,802.6362,1146.6256,-201.0,1781.3164,958.24713,-201.0,2820.2332,785.0988,-201.0,0 days 00:03:21.233867200,0 days 00:03:21.253867200
0 days 00:00:00.710000,0 days 00:00:00.730000,answer9,0.24046357,-9.904391,14.6983795,0.0011130885,-0.015822006,0.067654274,21.521057,-0.0731732,6.077158,1.5927178,0.0,0.0,0.0,0.0,0.0,0.0,645.0172,1215.1521,-201.0,1587.378,1110.1113,-201.0,2545.6345,903.3664,-201.0,0 days 00:03:21.243867200,0 days 00:03:21.263867200
0 days 00:00:00.720000,0 days 00:00:00.740000,answer9,0.31204495,-4.8782334,9.07736,0.0060257534,-0.0098704705,0.09084684,19.42528,-8.805592,10.179895,-3.3018513,0.0,0.0,0.0,0.0,0.0,0.0,451.36182,1449.1743,-135.09422,1291.124,1399.2709,-135.6494,2166.92,1014.09454,-137.83485,0 days 00:03:21.253867200,0 days 00:03:21.273867200
0 days 00:00:00.730000,0 days 00:00:00.750000,answer9,0.5153037,0.33232984,4.44967,0.035594285,0.0007882916,0.1574027,14.309577,-17.216782,17.009659,-3.1983507,25.019537,0.0,0.0,-2.8495286,-2.0791402,11.927995,661.3118,1390.0294,-71.31071,1543.1625,1374.1224,-77.514534,2451.965,1036.6322,-79.12583,0 days 00:03:21.263867200,0 days 00:03:21.283867200
0 days 00:00:00.740000,0 days 00:00:00.760000,answer9,0.63441294,2.870221,5.5110703,0.06275921,0.012654374,0.22791201,12.303647,-17.80287,14.346333,-3.9196656,24.82946,0.0,0.0,-2.170547,-1.8006784,14.587642,821.8184,1249.939,-9.593514,1742.5825,1209.01,-19.994902,2736.501,815.7258,-20.80024,0 days 00:03:21.273867200,0 days 00:03:21.293867200
0 days 00:00:00.750000,0 days 00:00:00.770000,answer9,0.68245584,0.8627145,11.322799,0.05405988,0.014627988,0.28962696,14.832608,-11.8607855,9.519352,-2.7134764,24.087004,0.0,0.0,-0.44017267,-1.2543925,21.439646,989.4431,1002.8335,-15.696678,2062.9944,1003.2474,-28.087227,3100.046,633.6926,-26.909332,0 days 00:03:21.283867200,0 days 00:03:21.303867200
0 days 00:00:00.760000,0 days 00:00:00.780000,answer9,0.6023037,-7.1341248,19.868261,0.04455166,0.0034575847,0.41810766,21.746088,1.9702501,8.96564,-2.246124,23.329676,0.0,0.0,1.0172542,-2.0223687,26.259008,993.31586,1121.4308,-20.391829,2098.827,951.0267,-28.998331,3126.7502,536.797,-30.754206,0 days 00:03:21.293867200,0 days 00:03:21.313867200
0 days 00:00:00.770000,0 days 00:00:00.790000,answer9,0.59874743,-14.476901,23.987127,0.031165445,-0.012069856,0.44533876,29.72407,9.258144,13.233425,-1.3968396,22.58612,0.0,0.0,2.201698,-3.4093285,27.875277,785.2774,1416.5123,-13.929214,1796.021,1163.3545,-26.619888,2828.924,660.926,-30.953445,0 days 00:03:21.303867200,0 days 00:03:21.323867200
0 days 00:00:00.780000,0 days 00:00:00.800000,answer9,0.6103557,-19.121082,26.856857,0.04636833,-0.017170025,0.47090462,35.19098,11.56433,15.476853,1.4816937,22.11944,0.0,0.43141592,2.840266,-4.978241,27.993446,580.4355,1491.3568,-4.75917,1509.0024,1128.7296,-22.704895,2532.1375,735.4328,-29.943542,0 days 00:03:21.313867200,0 days 00:03:21.333867200
0 days 00:00:00.790000,0 days 00:00:00.810000,answer9,0.6359387,-19.697264,28.048279,0.049158454,-0.015934901,0.396405,39.21471,7.2252975,13.028915,2.5761673,21.67219,0.040254444,1.0181675,3.1868732,-5.6850243,26.668419,337.78796,1521.2809,5.6083603,1207.1207,1217.7445,-19.096857,2224.985,838.3389,-27.023672,0 days 00:03:21.323867200,0 days 00:03:21.343867200
0 days 00:00:00.800000,0 days 00:00:00.820000,answer9,0.63848,-20.460968,30.536184,0.055351574,-0.015337604,0.38257065,41.3119,6.225409,10.325561,1.7284603,21.24341,0.04005571,0.978983,3.604606,-5.3339596,28.51091,316.00098,1532.6832,6.9420013,1194.4773,1164.1255,-14.72612,2212.8777,838.23193,-27.181458,0 days 00:03:21.333867200,0 days 00:03:21.353867200
0 days 00:00:00.810000,0 days 00:00:00.830000,answer9,0.6356302,-22.543234,32.284077,0.062424522,-0.022893123,0.3660145,42.308914,8.065448,8.541434,-3.4965076,20.941168,0.027687058,1.0137378,3.8332348,-4.308876,30.440392,282.50052,1634.2699,7.4344897,1127.0308,1186.7112,-12.726424,2189.7786,791.75995,-27.394806,0 days 00:03:21.343867200,0 days 00:03:21.363867200
0 days 00:00:00.820000,0 days 00:00:00.840000,answer9,0.61663693,-23.8758,32.674534,0.05526576,-0.025736628,0.2844557,42.663387,9.017692,9.451346,-3.9733965,20.60174,0.028602934,0.5808678,3.382076,-3.031233,31.637598,497.74704,1540.7672,-0.35432944,1416.7819,1110.7345,-16.080362,2467.9358,757.81024,-27.54448,0 days 00:03:21.353867200,0 days 00:03:21.373867200
0 days 00:00:00.830000,0 days 00:00:00.850000,answer9,0.5944083,-24.341446,31.962814,0.0691765,-0.025446013,0.30748755,42.090866,9.909959,10.79662,-2.9856117,20.175798,0.022884665,0.84632033,2.9097703,-1.616388,33.126003,510.7091,1591.8417,-0.9417073,1417.2842,1229.2554,-17.334627,2438.1917,855.3344,-28.20542,0 days 00:03:21.363867200,0 days 00:03:21.383867200
0 days 00:00:00.840000,0 days 00:00:00.860000,answer9,0.5561387,-24.671366,31.594488,0.06749241,-0.026342044,0.32336062,41.180714,11.39156,13.249863,-2.1096718,19.713587,0.021639222,1.183228,2.8363698,-0.12471072,34.2151,695.7159,1538.2728,-6.5073,1732.0616,1172.3971,-23.425596,2718.347,845.35834,-28.680016,0 days 00:03:21.373867200,0 days 00:03:21.393867200
0 days 00:00:00.850000,0 days 00:00:00.870000,answer9,0.49442086,-24.653137,30.928915,0.06232195,-0.02729592,0.35072637,39.148254,13.857003,16.562607,-3.2908533,19.296274,0.026339792,1.4473629,2.7077005,1.2986537,34.380054,616.99316,1546.4225,-4.219045,1665.3453,1113.7256,-24.00013,2675.4395,765.9438,-28.585958,0 days 00:03:21.383867200,0 days 00:03:21.403867200
0 days 00:00:00.860000,0 days 00:00:00.880000,answer9,0.46561897,-25.498865,30.967041,0.054624226,-0.033470765,0.31482843,38.027695,15.926274,16.24884,-5.334723,19.01687,0.0,1.4955009,2.9441388,2.5725741,34.70652,816.2281,1275.3843,-8.888149,2037.5807,926.3531,-30.126074,3052.3232,785.11957,-29.558111,0 days 00:03:21.393867200,0 days 00:03:21.413867200
0 days 00:00:00.870000,0 days 00:00:00.890000,answer9,0.4866372,-26.157114,31.91475,0.048977643,-0.034000244,0.3496962,38.24033,17.276993,16.16046,-7.934466,18.84265,0.026439015,1.3160644,2.9200432,3.6094475,33.8089,662.71674,1283.1849,-3.1701365,1730.9473,1019.7946,-23.248598,2792.208,805.09985,-30.026247,0 days 00:03:21.403867200,0 days 00:03:21.423867200
0 days 00:00:00.880000,0 days 00:00:00.900000,answer9,0.5397138,-26.641947,33.390194,0.05568868,-0.03782314,0.37755787,39.193954,17.988605,12.668259,-11.974368,18.698355,0.024017163,0.86972314,2.8441513,4.808576,33.69369,727.51904,1282.64,-2.9698696,1859.4395,975.8025,-23.283915,2940.7122,814.876,-31.189936,0 days 00:03:21.413867200,0 days 00:03:21.433867200
0 days 00:00:00.890000,0 days 00:00:00.910000,answer9,0.58326185,-26.420204,34.51356,0.0352308,-0.039127152,0.40617108,40.0542,18.05887,10.684808,-15.432759,18.489182,0.01204348,0.68807745,2.212178,6.4105515,32.04269,744.5274,1335.902,-2.5206807,1874.34,931.54395,-23.272104,3001.7063,616.56396,-29.596695,0 days 00:03:21.423867200,0 days 00:03:21.443867200
0 days 00:00:00.900000,0 days 00:00:00.920000,answer9,0.5875125,-26.731653,35.23399,0.037538562,-0.045779284,0.39906958,39.90228,17.962015,8.550492,-18.878008,18.196234,0.013432245,0.42842707,1.6574653,8.536351,33.051018,711.40106,1434.765,-7.1393623,1843.2095,936.95605,-23.39451,3000.25,623.8615,-29.665678,0 days 00:03:21.433867200,0 days 00:03:21.453867200
0 days 00:00:00.910000,0 days 00:00:00.930000,answer9,0.59818506,-27.163649,34.93393,0.029253172,-0.04962263,0.42890313,40.270954,18.124723,7.4957695,-20.213085,17.911142,0.010561638,0.43568122,1.8724489,10.549143,31.69423,687.36615,1404.5643,-5.324435,1837.9678,981.25714,-22.81379,3035.377,684.95337,-26.936853,0 days 00:03:21.443867200,0 days 00:03:21.463867200
0 days 00:00:00.920000,0 days 00:00:00.940000,answer9,0.6499615,-28.699514,33.8773,0.042600673,-0.05646718,0.54516774,41.845306,19.57784,7.457312,-25.038956,17.73763,0.0,0.36820474,2.3045657,11.799083,31.095245,659.79236,1412.8463,-4.0600567,1832.7953,980.3618,-22.265488,3053.7922,741.49445,-25.572031,0 days 00:03:21.453867200,0 days 00:03:21.473867200
0 days 00:00:00.930000,0 days 00:00:00.950000,answer9,0.73478454,-28.064474,31.940454,0.043655265,-0.059617866,0.5180716,42.73416,19.45889,5.998819,-29.020552,17.668228,0.0,0.36820474,2.6867745,12.270602,28.977875,860.76825,1232.8195,-3.0884016,2242.0903,862.48004,-28.653847,3462.7332,741.9294,-23.119392,0 days 00:03:21.463867200,0 days 00:03:21.483867200
0 days 00:00:00.940000,0 days 00:00:00.960000,answer9,0.7783163,-25.472998,30.977163,0.05145235,-0.058629464,0.5603179,42.84315,15.982989,2.8670435,-31.621733,17.426706,0.02317527,1.7658811,2.6955245,12.201661,32.821384,780.13934,1298.2212,2.5964577,2197.4119,1223.7594,-13.787918,2868.7776,859.14374,-23.616516,0 days 00:03:21.473867200,0 days 00:03:21.493867200
0 days 00:00:00.950000,0 days 00:00:01,answer9,0.7821726,-22.463318,31.401243,0.04841994,-0.054156255,0.51801276,41.85374,13.495139,2.5927732,-29.187286,17.376385,0.022897916,1.2804884,2.5949223,12.103862,31.077614,994.05835,1278.3678,0.80031157,2754.0332,1366.1476,-19.770914,3133.5334,980.4349,-21.03491,0 days 00:03:21.483867200,0 days 00:03:21.533867200
0 days 00:00:00,0 days 00:00:00.020000,answer10,0.87842053,-10.121269,25.477549,0.13411981,-0.023676066,0.22092803,28.571396,-7.456793,-19.736238,-26.985535,26.160507,0.0,0.0,-6.0166984,-9.489381,6.94052,310.89203,1450.7148,11.026371,1212.6122,1081.7617,13.561677,2266.5518,1062.831,-3.1297905,0 days 00:03:28.533867200,0 days 00:03:28.553867200
0 days 00:00:00.010000,0 days 00:00:00.030000,answer10,0.9338517,-8.030705,24.001081,0.11295941,-0.023373345,0.39544496,25.506117,-7.633593,-23.153519,-24.001724,26.866165,0.0,0.0,-6.097736,-8.82234,6.651276,577.45496,1321.974,-61.417263,1546.0067,1010.8889,-58.7401,2555.2273,919.2385,-69.45927,0 days 00:03:28.543867200,0 days 00:03:28.563867200
0 days 00:00:00.020000,0 days 00:00:00.040000,answer10,0.9722583,-7.1499724,22.06614,0.096623905,-0.024122007,0.51825184,22.22277,-7.340544,-23.811556,-22.77571,0.0,0.0,0.0,0.0,0.0,0.0,580.08813,1259.4766,-133.86089,1540.0553,972.12695,-131.04189,2566.6794,747.491,-135.78874,0 days 00:03:28.553867200,0 days 00:03:28.573867200
0 days 00:00:00.030000,0 days 00:00:00.050000,answer10,0.89049226,-6.0437837,19.885466,0.08027444,-0.020807514,0.4388136,18.74352,-7.610844,-21.331556,-19.129726,0.0,0.0,0.0,0.0,0.0,0.0,578.51544,1250.0638,-201.0,1575.4882,977.22095,-201.0,2606.1348,799.4012,-201.0,0 days 00:03:28.563867200,0 days 00:03:28.583867200
0 days 00:00:00.040000,0 days 00:00:00.060000,answer10,0.7872176,-7.3542275,19.092148,0.07641515,-0.022330469,0.35119906,18.665394,-7.2875047,-16.308462,-18.564934,0.0,0.0,0.0,0.0,0.0,0.0,240.72278,1464.5098,-201.0,1218.4855,1110.6376,-201.0,2269.2156,838.0066,-201.0,0 days 00:03:28.573867200,0 days 00:03:28.593867200
0 days 00:00:00.050000,0 days 00:00:00.070000,answer10,0.70738536,-6.0386024,17.149525,0.064283445,-0.016047105,0.33993173,17.273167,-7.048292,-13.399312,-12.521045,0.0,0.0,0.0,0.0,0.0,0.0,277.68503,1445.0142,-201.0,1251.2723,1149.2086,-201.0,2262.7515,921.1607,-201.0,0 days 00:03:28.583867200,0 days 00:03:28.603867200
0 days 00:00:00.060000,0 days 00:00:00.080000,answer10,0.7348135,-5.290689,14.506888,0.07229508,-0.01577521,0.29010454,14.714588,-6.0629754,-11.392787,-10.383337,0.0,0.0,0.0,0.0,0.0,0.0,275.26395,1400.9512,-201.0,1272.6017,1079.3867,-201.0,2294.866,871.29083,-201.0,0 days 00:03:28.593867200,0 days 00:03:28.613867200
0 days 00:00:00.070000,0 days 00:00:00.090000,answer10,0.7396155,-3.9320538,12.911939,0.07037244,-0.0117318565,0.28809506,10.40442,-6.9819913,-11.013984,-9.538335,0.0,0.0,0.0,0.0,0.0,0.0,700.3064,1121.1039,-201.0,1641.232,956.03827,-201.0,2693.5068,721.75586,-201.0,0 days 00:03:28.603867200,0 days 00:03:28.623867200
0 days 00:00:00.080000,0 days 00:00:00.100000,answer10,0.7426947,-5.68762,14.782697,0.06392557,-0.02024244,0.25908795,9.913642,-7.254137,-10.946827,-15.4969225,0.0,0.0,0.0,0.0,0.0,0.0,995.1924,1231.1532,-201.0,1878.5294,933.6836,-201.0,2992.9492,572.95856,-201.0,0 days 00:03:28.613867200,0 days 00:03:28.633867200
0 days 00:00:00.090000,0 days 00:00:00.110000,answer10,0.72806436,-6.833525,16.655031,0.055269677,-0.019981308,0.296596,12.248675,-7.9739056,-10.145642,-17.458834,0.0,0.0,0.0,0.0,0.0,0.0,1019.70435,1199.0985,-201.0,1876.3717,971.79156,-201.0,2979.3672,563.6151,-201.0,0 days 00:03:28.623867200,0 days 00:03:28.643867200
0 days 00:00:00.100000,0 days 00:00:00.120000,answer10,0.9836536,-6.1523514,16.825876,0.06406728,-0.017656146,0.4648398,12.887672,-9.710617,-14.234292,-14.499242,0.0,0.0,0.0,0.0,0.0,0.0,992.5442,1277.306,-201.0,1854.6881,1020.3957,-201.0,2937.2708,653.2757,-201.0,0 days 00:03:28.633867200,0 days 00:03:28.653867200
0 days 00:00:00.110000,0 days 00:00:00.130000,answer10,1.2770209,-3.6433737,14.024274,0.06743869,-0.010168952,0.5890556,8.98614,-11.641572,-17.479471,-11.041962,0.0,0.0,0.0,0.0,0.0,0.0,1001.701,1136.4452,-201.0,1953.6588,1024.6797,-201.0,2939.9934,821.8184,-201.0,0 days 00:03:28.643867200,0 days 00:03:28.663867200
0 days 00:00:00.120000,0 days 00:00:00.140000,answer10,1.717671,-0.43121585,11.054782,0.08410338,-0.0020338756,0.94250613,6.465962,-14.378852,-19.588676,-9.317536,0.0,0.0,0.0,0.0,0.0,0.0,1207.342,1084.6818,-201.0,2205.6243,971.99414,-201.0,3249.2148,808.88116,-201.0,0 days 00:03:28.653867200,0 days 00:03:28.673867200
0 days 00:00:00.130000,0 days 00:00:00.150000,answer10,1.6655115,0.17616975,9.273659,0.07205725,-0.0029296998,1.133038,5.8927293,-13.840896,-17.74357,-11.924496,0.0,0.0,0.0,0.0,0.0,0.0,1168.5656,1062.8706,-201.0,2218.1182,878.64594,-201.0,3274.1887,796.2634,-201.0,0 days 00:03:28.663867200,0 days 00:03:28.683867200
0 days 00:00:00.140000,0 days 00:00:00.160000,answer10,1.6579199,2.0242698,10.584622,0.09231579,0.0039722673,1.2234817,7.40196,-16.447794,-19.982544,-10.728016,0.0,0.0,0.0,0.0,0.0,0.0,844.99054,1129.1477,-134.48146,1882.7203,1014.93866,-134.81975,2977.4026,882.6072,-138.05675,0 days 00:03:28.673867200,0 days 00:03:28.693867200
0 days 00:00:00.150000,0 days 00:00:00.170000,answer10,1.5278972,0.9411575,12.059457,0.097366184,0.0019520568,1.073875,9.218437,-17.102114,-21.045238,-12.585401,26.953209,0.0,0.0,-0.11016095,-1.9353329,10.36875,833.6962,1124.0656,-70.55097,1848.77,1009.9566,-72.134346,2920.6797,811.8592,-76.64029,0 days 00:03:28.683867200,0 days 00:03:28.703867200
0 days 00:00:00.160000,0 days 00:00:00.180000,answer10,1.544058,0.08900627,13.691952,0.10226972,0.00107791,0.9870773,11.610393,-13.12336,-18.093182,-10.096538,26.87159,0.0,0.0,0.7771497,-2.3113568,11.749812,803.04865,1125.3168,-7.271929,1820.8267,1131.2477,-8.813022,2878.2512,828.13934,-15.374913,0 days 00:03:28.693867200,0 days 00:03:28.713867200
0 days 00:00:00.170000,0 days 00:00:00.190000,answer10,1.5834526,-3.5545084,15.464775,0.07656279,-0.0064444765,1.128676,17.391367,-6.3266373,-11.057597,-8.961505,26.65866,0.0,0.0,2.3875403,-2.7751865,11.720588,810.7385,1065.418,-5.8446445,1808.555,946.9476,-8.661484,2889.0051,694.062,-14.382234,0 days 00:03:28.703867200,0 days 00:03:28.723867200
0 days 00:00:00.180000,0 days 00:00:00.200000,answer10,1.8471603,-4.8869376,16.00812,0.055496026,-0.009585577,1.389542,21.307962,-3.4043255,-4.323296,-4.5138702,26.454168,0.0,0.0,3.443327,-4.285771,9.353049,543.0927,1256.2445,-4.1627054,1543.0345,982.0019,-4.7049565,2587.7297,743.0358,-11.347278,0 days 00:03:28.713867200,0 days 00:03:28.733867200
0 days 00:00:00.190000,0 days 00:00:00.210000,answer10,2.202043,-5.68506,15.904624,0.057189614,-0.0086787725,1.4794582,24.463715,-4.9453454,-1.5226064,-3.8399107,26.27804,0.0,0.0,4.345413,-5.0068283,6.6388493,252.6651,1381.8789,0.0,1227.8379,894.10785,-1.7450523,2291.3655,729.82904,-8.430092,0 days 00:03:28.723867200,0 days 00:03:28.743867200
0 days 00:00:00.200000,0 days 00:00:00.220000,answer10,2.3768427,-5.708012,13.202292,0.06861329,-0.008715272,1.3555037,24.062508,-5.951109,1.1868743,-1.501256,26.178429,0.0,2.512482,4.6153584,-4.820887,7.1491036,211.89436,1455.2767,0.0,1211.4576,886.9245,-2.7462456,2261.9302,661.53827,-9.364629,0 days 00:03:28.733867200,0 days 00:03:28.753867200
0 days 00:00:00.210000,0 days 00:00:00.230000,answer10,2.1717896,-6.576151,11.82095,0.073780976,-0.007759955,1.1044602,23.53544,-3.3796635,4.164082,3.7776058,25.950066,0.019449303,2.3659878,3.417784,-3.28506,11.06161,246.2939,1412.2821,-3.949418,1218.6089,867.8196,-7.1563263,2260.4866,633.92267,-14.388878,0 days 00:03:28.743867200,0 days 00:03:28.763867200
0 days 00:00:00.220000,0 days 00:00:00.240000,answer10,1.8440324,-7.0982175,13.063553,0.06657151,-0.0036920134,1.0055932,23.930132,-1.5691715,6.5397644,7.193208,25.681498,0.01371597,1.3449377,2.6585166,-0.6948721,14.5322695,252.48576,1426.368,-5.2947583,1217.7233,861.8994,-11.55219,2269.3584,628.3143,-19.827028,0 days 00:03:28.753867200,0 days 00:03:28.773867200
0 days 00:00:00.230000,0 days 00:00:00.250000,answer10,1.4110469,-8.2004175,16.13955,0.04643956,-0.00215908,1.0891293,24.875519,0.38499704,7.8900943,8.968528,25.624437,0.01339992,2.0381005,3.2122757,2.1238067,17.630884,291.36032,1382.2616,-9.254585,1229.164,867.1738,-17.223206,2296.9114,650.8465,-25.432226,0 days 00:03:28.763867200,0 days 00:03:28.783867200
0 days 00:00:00.240000,0 days 00:00:00.260000,answer10,1.0578024,-8.942281,19.7992,0.029472806,-0.001126138,0.876246,25.559488,0.8027026,8.480783,8.6799135,25.753174,0.02303274,2.8240216,4.416097,1.9141079,17.67767,324.1293,1364.401,-10.631403,1239.6056,885.48785,-18.533363,2331.6663,665.5468,-27.24296,0 days 00:03:28.773867200,0 days 00:03:28.793867200
0 days 00:00:00.250000,0 days 00:00:00.270000,answer10,0.8061088,-11.409676,23.367981,0.0093854675,-0.002041098,0.6250366,24.874723,4.258101,8.425685,9.781985,25.904716,0.032765117,2.838905,4.948042,0.23472881,18.164785,370.14243,1298.8027,-9.546936,1255.363,884.31464,-18.506079,2351.0334,649.8829,-27.476992,0 days 00:03:28.783867200,0 days 00:03:28.803867200
0 days 00:00:00.260000,0 days 00:00:00.280000,answer10,0.7477543,-12.153907,25.9658,0.015516537,-0.0013394081,0.31301096,24.159323,6.6956363,7.4767327,11.300804,25.786215,0.046632055,2.7031567,4.571405,-2.3168178,17.773493,362.19263,1342.3448,-5.7333646,1259.0511,894.84796,-15.973613,2356.703,719.8013,-25.823675,0 days 00:03:28.793867200,0 days 00:03:28.813867200
0 days 00:00:00.270000,0 days 00:00:00.290000,answer10,0.7994463,-12.212008,25.938232,0.041209374,-0.001078863,0.32900682,22.126938,9.979695,8.682663,14.437633,25.504631,0.039020754,1.7370144,3.6949666,-2.7664983,16.810583,350.90356,1301.4171,-4.560777,1269.9353,834.55273,-14.179122,2352.4207,693.9111,-24.137857,0 days 00:03:28.803867200,0 days 00:03:28.823867200
0 days 00:00:00.280000,0 days 00:00:00.300000,answer10,0.9638526,-10.863301,23.303137,0.056587648,-0.0019649833,0.4416274,21.172995,10.68502,9.65601,17.35079,25.091646,0.040619608,2.00187,2.905043,-2.3222687,16.557959,342.20883,1281.171,-5.729683,1276.2047,803.9008,-14.127869,2343.2954,687.7127,-24.60991,0 days 00:03:28.813867200,0 days 00:03:28.833867200
0 days 00:00:00.290000,0 days 00:00:00.310000,answer10,1.149131,-9.8467,19.772089,0.06780089,-0.005456192,0.5453284,20.369558,10.510567,10.739788,16.500845,24.56434,0.03756575,2.0416636,2.505368,-0.8969989,15.859675,345.83243,1192.4335,-8.351537,1281.0719,742.3809,-14.046124,2338.1365,571.9787,-25.10821,0 days 00:03:28.823867200,0 days 00:03:28.843867200
0 days 00:00:00.300000,0 days 00:00:00.320000,answer10,1.2444726,-9.458646,19.44879,0.03853553,-0.0051175356,0.66501725,20.816961,8.633229,11.313863,14.361726,23.955194,0.036242973,2.296328,1.8987203,1.1182178,15.127297,356.75488,1169.1064,-10.800949,1285.5321,753.6765,-14.828476,2335.1633,594.78864,-25.87095,0 days 00:03:28.833867200,0 days 00:03:28.853867200
0 days 00:00:00.310000,0 days 00:00:00.330000,answer10,1.2129799,-9.4522505,20.26004,0.032409143,-0.007844585,0.65534925,22.710764,4.875114,9.873649,11.315164,23.264017,0.036242973,2.296328,0.91331434,3.3912752,12.317119,380.2832,1136.5109,-10.293332,1295.1548,779.3933,-15.694606,2335.5823,634.2701,-24.446253,0 days 00:03:28.843867200,0 days 00:03:28.863867200
0 days 00:00:00.320000,0 days 00:00:00.340000,answer10,1.1304137,-9.517979,21.919455,0.0052696518,-0.0055950866,0.59728867,23.82147,1.4750603,10.223855,11.888658,22.605818,0.057572905,2.0887885,-0.69696015,3.7849522,9.974856,391.97815,1148.4185,-6.9162965,1300.4891,818.6258,-13.545837,2333.799,677.5469,-22.155672,0 days 00:03:28.853867200,0 days 00:03:28.873867200
0 days 00:00:00.330000,0 days 00:00:00.350000,answer10,1.0517846,-9.794969,21.982481,0.019174026,-0.01016919,0.58777213,24.50649,-0.9662799,6.76519,7.803991,22.185247,0.060370628,1.4963156,-2.4299433,2.218484,7.090608,398.39267,1150.6039,-3.0278962,1326.526,850.8921,-10.61847,2330.419,776.56104,-18.61859,0 days 00:03:28.863867200,0 days 00:03:28.883867200
0 days 00:00:00.340000,0 days 00:00:00.360000,answer10,1.0588571,-8.352548,20.210768,0.0354605,-0.01352712,0.595587,22.569818,-3.6533623,4.6922174,1.2789453,22.175634,0.05069245,1.1239899,-3.6792908,-0.3959106,6.2614174,389.50302,1167.848,-2.5174716,1338.9968,878.55585,-8.765633,2325.4316,838.88446,-16.83872,0 days 00:03:28.873867200,0 days 00:03:28.893867200
0 days 00:00:00.350000,0 days 00:00:00.370000,answer10,1.0867223,-6.185263,15.256143,0.0497601,-0.013116025,0.65510863,17.109432,-2.8283987,-1.0298718,-4.217073,22.512873,0.03735281,0.9082024,-3.2245357,-1.5719624,7.562221,406.79907,1062.933,-3.6674569,1356.6632,850.2884,-9.033905,2359.1396,760.71246,-17.45031,0 days 00:03:28.883867200,0 days 00:03:28.903867200
0 days 00:00:00.360000,0 days 00:00:00.380000,answer10,1.104047,-4.2810216,12.246648,0.033612955,-0.011185911,0.54139835,12.074231,-1.3726104,-3.0293162,-3.8336353,22.887398,0.04254538,1.0773482,-1.6111798,-0.82229024,10.813686,425.78003,987.3327,-4.3710217,1353.3143,813.038,-9.745461,2392.4797,615.9905,-18.773115,0 days 00:03:28.893867200,0 days 00:03:28.913867200
0 days 00:00:00.370000,0 days 00:00:00.390000,answer10,1.0915198,-4.100853,10.881462,0.02682647,-0.0070350263,0.48437735,8.930045,3.8999913,-1.7348903,-0.004755497,23.120153,0.06021385,1.0263468,0.6960678,0.2925538,14.07621,427.70224,927.2576,-3.1569083,1342.0187,705.03326,-8.841211,2449.68,403.2336,-19.111269,0 days 00:03:28.903867200,0 days 00:03:28.923867200
0 days 00:00:00.380000,0 days 00:00:00.400000,answer10,1.0736617,-3.8889754,13.383077,0.029008472,-0.0053490554,0.39522496,11.144567,3.144808,1.8650099,3.4113991,23.082687,0.06021385,1.0263468,1.8127159,0.73440313,16.751863,401.06046,1046.243,-1.4295629,1312.9159,696.53394,-11.865311,2436.5605,443.6436,-19.26391,0 days 00:03:28.913867200,0 days 00:03:28.933867200
0 days 00:00:00.390000,0 days 00:00:00.410000,answer10,1.0768636,-5.040238,14.913521,0.050523747,-0.0050028437,0.40362525,15.186299,2.263189,6.5704074,4.3490767,22.870956,0.057717334,0.98401237,2.7297323,-0.29815197,19.480276,362.89487,1156.7689,0.5746424,1298.2408,690.9253,-15.2638445,2415.011,505.30533,-20.72938,0 days 00:03:28.923867200,0 days 00:03:28.943867200
0 days 00:00:00.400000,0 days 00:00:00.420000,answer10,1.0770394,-6.1850104,16.540167,0.052331433,-0.0052761096,0.3628956,19.413937,-0.44068274,10.554019,6.2637143,22.48385,0.047126442,1.256412,2.942049,-2.1166341,21.435305,346.22855,1219.657,2.7452018,1309.5269,715.48047,-18.195295,2367.8752,663.42474,-22.562546,0 days 00:03:28.933867200,0 days 00:03:28.953867200
0 days 00:00:00.410000,0 days 00:00:00.430000,answer10,1.0330404,-9.003211,19.028427,0.06794844,-0.007841828,0.3417455,22.5438,1.6391507,14.281315,9.235193,22.025711,0.029588342,1.0087551,2.911995,-4.21656,20.828321,338.0338,1207.5573,4.736141,1347.8048,691.38727,-18.988142,2379.0994,736.39136,-22.187828,0 days 00:03:28.943867200,0 days 00:03:28.963867200
0 days 00:00:00.420000,0 days 00:00:00.440000,answer10,0.967923,-11.158505,22.542725,0.06515076,-0.0067725615,0.304878,24.908049,3.5649292,15.132031,12.371633,21.47998,0.014546752,0.8034325,2.5014417,-5.963049,20.077394,339.53973,1201.3961,6.042643,1373.3317,704.69806,-19.157816,2387.0793,818.6182,-21.430847,0 days 00:03:28.953867200,0 days 00:03:28.973867200
0 days 00:00:00.430000,0 days 00:00:00.450000,answer10,0.8877012,-13.432499,25.136946,0.06348247,-0.008394461,0.26949495,26.660217,6.111378,14.584912,11.925963,20.97033,0.0075995442,0.28337607,2.1792638,-6.8368435,20.249727,349.14877,1238.8307,6.646334,1431.5519,752.1687,-19.67952,2530.6208,1319.5299,-21.308516,0 days 00:03:28.963867200,0 days 00:03:28.983867200
0 days 00:00:00.440000,0 days 00:00:00.460000,answer10,0.82880646,-16.530588,27.268988,0.059094504,-0.010464153,0.33293885,27.772078,9.022641,16.298635,9.129581,20.45786,0.032061685,0.38718462,2.0119815,-6.497486,21.619368,353.40903,1239.9114,6.6040955,1463.6053,791.7225,-21.56872,2524.7502,1523.4545,-22.308771,0 days 00:03:28.973867200,0 days 00:03:28.993867200
0 days 00:00:00.450000,0 days 00:00:00.470000,answer10,0.76049393,-18.787466,28.140503,0.04676105,-0.01574553,0.37855375,27.221848,13.924824,18.240473,4.214144,19.99172,0.042533327,0.5990855,2.199532,-5.3499813,25.618704,602.8975,1509.2188,-2.7302628,1710.2504,851.25195,-22.575098,2775.6677,1468.5939,-26.309011,0 days 00:03:28.983867200,0 days 00:03:29.003867200
0 days 00:00:00.460000,0 days 00:00:00.480000,answer10,0.6709611,-20.76007,29.49526,0.043793917,-0.020024778,0.48845252,26.87632,16.983278,20.803364,3.2077687,19.506966,0.050285656,0.5492977,2.3224294,-3.9463148,25.408783,605.2917,1458.9922,-3.0208695,1713.3971,879.2962,-23.281225,2630.6914,1057.1371,-25.983816,0 days 00:03:28.993867200,0 days 00:03:29.013867200
0 days 00:00:00.470000,0 days 00:00:00.490000,answer10,0.579416,-20.64834,28.991087,0.03273086,-0.022996277,0.4635934,27.092928,17.09358,21.473028,5.092401,19.097273,0.03647009,1.0256587,1.5365057,-2.719972,26.749506,607.69586,1421.2548,-4.358481,1708.6019,840.65985,-21.450567,2626.2651,875.39996,-26.970785,0 days 00:03:29.003867200,0 days 00:03:29.023867200
0 days 00:00:00.480000,0 days 00:00:00.500000,answer10,0.50000685,-21.493263,30.159105,0.03091587,-0.01779745,0.36076882,28.708954,16.293486,20.085752,8.07928,18.597109,0.036391962,1.7383024,0.15397103,-1.4165306,24.79074,364.439,1136.768,2.5108578,1449.9594,828.3926,-21.087164,2377.1853,883.7295,-24.430593,0 days 00:03:29.013867200,0 days 00:03:29.033867200
0 days 00:00:00.490000,0 days 00:00:00.510000,answer10,0.46616673,-20.250925,28.124357,0.018296173,-0.014091857,0.30207297,30.586777,13.583153,15.051002,8.312295,18.228378,0.030206151,2.5069807,-0.41743293,0.34443656,27.739496,568.68896,1198.6049,-3.8055756,1626.4141,881.1893,-21.870646,2741.9602,1009.62573,-27.096174,0 days 00:03:29.023867200,0 days 00:03:29.043867200
0 days 00:00:00.500000,0 days 00:00:00.520000,answer10,0.4857454,-20.085669,27.890661,0.017819114,-0.019078393,0.28979936,32.620304,12.86037,9.754773,5.171247,18.02725,0.021126106,2.6457012,0.39624277,2.2328947,27.177134,577.03455,1436.9506,-5.445128,1509.5446,1244.0901,-20.501806,2607.1892,1073.4149,-26.884447,0 days 00:03:29.033867200,0 days 00:03:29.053867200
0 days 00:00:00.510000,0 days 00:00:00.530000,answer10,0.48869893,-17.260424,24.412191,0.010113241,-0.022844598,0.37972006,32.547085,9.159364,4.14236,2.9015744,18.134811,0.028772205,2.4713593,1.1813439,3.2759132,28.193062,591.62177,1470.0787,-8.289669,1471.3893,1323.8754,-21.097166,2541.1958,1072.7554,-28.595606,0 days 00:03:29.043867200,0 days 00:03:29.063867200
0 days 00:00:00.520000,0 days 00:00:00.540000,answer10,0.48827168,-16.693508,25.24351,0.022942623,-0.024539692,0.32456246,32.25973,8.535413,2.7312746,1.2739601,18.29777,0.03260082,1.7945495,1.6450869,3.087258,29.218094,478.90756,1614.418,-9.316788,1400.3179,1384.7809,-21.790827,2572.718,816.8719,-30.17394,0 days 00:03:29.053867200,0 days 00:03:29.073867200
0 days 00:00:00.530000,0 days 00:00:00.550000,answer10,0.4505523,-17.136906,26.666376,0.009471714,-0.018661695,0.31827867,32.686108,8.610377,4.3546133,3.118021,18.37243,0.029230265,1.6198426,1.9467968,2.2990143,29.255789,471.47995,1498.4362,-8.374078,1460.6788,1194.9906,-24.042238,2642.973,823.90485,-30.320938,0 days 00:03:29.063867200,0 days 00:03:29.083867200
0 days 00:00:00.540000,0 days 00:00:00.560000,answer10,0.4277422,-18.175753,26.049128,0.0056017474,-0.019072307,0.28314927,32.601612,9.982013,8.466754,5.9834924,18.404985,0.012986197,1.4138237,2.6538641,1.9473057,30.747461,688.6579,1543.6317,-10.742954,1739.9762,1052.4918,-25.094656,3029.2498,829.40137,-31.427269,0 days 00:03:29.073867200,0 days 00:03:29.093867200
0 days 00:00:00.550000,0 days 00:00:00.570000,answer10,0.39781618,-19.07543,25.952085,8.805655e-05,-0.016292406,0.25801012,31.698687,11.446594,12.916284,8.856208,18.40708,0.0,1.5123583,2.9390895,2.1287777,31.226824,927.02295,1552.3903,-13.412164,1879.1724,1160.0737,-26.210693,3109.4836,899.1848,-31.373322,0 days 00:03:29.083867200,0 days 00:03:29.103867200
0 days 00:00:00.560000,0 days 00:00:00.580000,answer10,0.35910144,-17.84329,24.808348,-0.0060843737,-0.014627226,0.21672952,29.597757,11.324246,11.2070465,8.001174,18.379354,0.013483431,1.2647061,2.5120294,2.3111994,34.72163,1153.6602,1437.4922,-20.162855,2171.3936,992.9516,-28.079351,3513.0586,639.23785,-34.606655,0 days 00:03:29.093867200,0 days 00:03:29.113867200
0 days 00:00:00.570000,0 days 00:00:00.590000,answer10,0.33430958,-18.152548,27.00675,0.0014719534,-0.017324138,0.14378594,29.829031,13.437074,9.203102,4.900886,18.361784,0.013150786,0.8761997,1.5503381,2.0476573,33.241116,1085.8645,1330.1676,-19.544445,2132.7207,1051.9038,-27.204742,3397.25,622.0994,-33.295166,0 days 00:03:29.103867200,0 days 00:03:29.123867200
0 days 00:00:00.580000,0 days 00:00:00.600000,answer10,0.32554528,-18.881105,28.739578,-0.013525368,-0.020458026,0.15709873,30.43566,15.180415,7.0304666,4.5233383,18.161463,0.01236,0.89126164,-0.56824005,1.5545387,27.536718,687.58966,1379.3374,-11.801808,1748.299,1021.46533,-20.694372,2816.591,683.46484,-28.042505,0 days 00:03:29.113867200,0 days 00:03:29.133867200
0 days 00:00:00.590000,0 days 00:00:00.610000,answer10,0.3137162,-19.552496,28.03874,-0.011514322,-0.023028975,0.15827037,30.324064,16.32754,8.384473,6.1779194,18.105223,0.0,1.0221621,-2.3853734,1.5383879,19.559221,651.4453,1504.6556,-7.5705667,1670.8793,1145.0393,-16.431314,2734.2441,847.1408,-20.598526,0 days 00:03:29.123867200,0 days 00:03:29.143867200
0 days 00:00:00.600000,0 days 00:00:00.620000,answer10,0.33727625,-18.978827,27.570513,-0.0025431563,-0.019020224,0.17870699,28.447212,16.402826,9.096221,5.075848,18.069994,0.061275985,1.1063927,-3.4895709,2.4103832,14.087762,457.69345,1666.1954,-4.8286085,1402.5454,1227.1403,-11.096313,2494.897,820.7226,-15.685893,0 days 00:03:29.133867200,0 days 00:03:29.153867200
0 days 00:00:00.610000,0 days 00:00:00.630000,answer10,0.4923586,-12.973369,21.150291,0.007565821,-0.016539777,0.22960782,20.644587,12.527519,5.507101,-1.019548,18.19964,0.069297135,1.1906234,-2.9507706,4.1193852,12.034637,576.5485,1343.8744,-10.068417,1576.7965,1161.399,-12.286545,2660.0212,985.0223,-13.970863,0 days 00:03:29.143867200,0 days 00:03:29.163867200
0 days 00:00:00.620000,0 days 00:00:00.640000,answer10,0.6676917,-7.7884064,15.218917,0.022630056,-0.009261824,0.24605472,12.593858,9.103206,6.159067,-5.778401,18.19853,0.085339434,1.0030996,-1.5493158,5.9922175,13.620552,418.56363,1233.2655,-6.8432746,1435.1193,1129.0768,-13.383496,2419.1252,1037.6161,-15.328438,0 days 00:03:29.153867200,0 days 00:03:29.173867200
0 days 00:00:00.630000,0 days 00:00:00.650000,answer10,0.7837234,-4.724601,12.295433,0.016695514,-0.0047397045,0.26608554,7.84154,6.0159097,6.456882,-4.655728,18.111624,0.085339434,1.0030996,-0.2714774,7.453385,14.831822,448.9647,1134.6398,-4.2587504,1521.6957,1036.975,-15.112575,2457.5884,1074.5356,-15.496929,0 days 00:03:29.163867200,0 days 00:03:29.183867200
0 days 00:00:00.640000,0 days 00:00:00.660000,answer10,0.74080676,-5.9524817,13.393837,0.01633568,-0.002318267,0.22179325,9.925476,6.3025556,9.339105,-4.1918597,17.979122,0.08084709,1.0478355,0.62675446,8.141839,17.941324,615.0893,1203.0018,-2.7961435,1750.6123,866.5512,-16.06333,2650.2136,867.1103,-17.069763,0 days 00:03:29.173867200,0 days 00:03:29.193867200
0 days 00:00:00.650000,0 days 00:00:00.670000,answer10,0.6550103,-7.870978,15.030384,0.015810242,-0.003966106,0.2011764,13.696574,6.3595214,9.061051,-3.572055,17.851639,0.053811733,1.2846962,0.74342203,8.342725,20.11728,816.6923,1294.1874,-7.020308,1946.2433,843.2193,-16.101763,2886.0056,767.51373,-17.826254,0 days 00:03:29.183867200,0 days 00:03:29.203867200
0 days 00:00:00.660000,0 days 00:00:00.680000,answer10,0.5632837,-8.490617,15.522693,0.0048195734,-0.004283909,0.18563525,15.726585,5.5842156,10.978112,-2.6203613,17.771448,0.031944796,0.99048686,0.8198342,8.050342,22.901026,1096.9736,1210.5182,-11.4218645,2220.796,791.73016,-18.744825,3186.9033,671.4738,-19.988365,0 days 00:03:29.193867200,0 days 00:03:29.213867200
0 days 00:00:00.670000,0 days 00:00:00.690000,answer10,0.49563935,-10.2534485,16.796461,-0.0037854624,-0.0047517098,0.16911167,18.161736,5.762873,12.762355,0.116798006,17.682182,0.011918046,1.1484061,0.26345685,7.1371875,23.165915,1090.0435,1279.4982,-11.290259,2167.7854,957.18585,-19.328009,3152.991,671.3697,-20.429651,0 days 00:03:29.203867200,0 days 00:03:29.223867200
0 days 00:00:00.680000,0 days 00:00:00.700000,answer10,0.45508802,-11.431782,19.039042,-0.003198836,-0.012535495,0.1761803,20.86762,6.25796,11.491052,-3.6361105,17.546,0.015760379,1.1142005,-0.8833716,5.1063685,21.153368,868.6932,1227.3125,-6.1309533,1898.4662,1058.8365,-18.59762,2858.8672,702.8135,-18.939278,0 days 00:03:29.213867200,0 days 00:03:29.233867200
0 days 00:00:00.690000,0 days 00:00:00.710000,answer10,0.45212474,-12.232171,19.018799,0.01941026,-0.019171372,0.15433481,23.17991,6.4291058,8.763867,-5.6967087,17.254364,0.0,1.5874075,-1.7083586,2.7479668,18.151106,575.3162,1373.9707,-0.61653376,1556.024,1204.2017,-16.531748,2504.888,762.64484,-15.987557,0 days 00:03:29.223867200,0 days 00:03:29.243867200
0 days 00:00:00.700000,0 days 00:00:00.720000,answer10,0.4575071,-13.20003,19.322973,0.03661703,-0.023635054,0.18713804,25.201904,4.995174,7.473945,-6.7785645,16.983534,0.012446732,1.7752705,-1.7758986,1.1079068,16.366026,315.33643,1460.2524,4.6049466,1227.0248,1196.1097,-12.871261,2225.0679,696.9759,-13.446115,0 days 00:03:29.233867200,0 days 00:03:29.253867200
0 days 00:00:00.710000,0 days 00:00:00.730000,answer10,0.47578502,-13.384926,18.420923,0.042421564,-0.021875182,0.21132429,26.743698,3.4466944,9.073041,-3.8837554,16.733536,0.022938125,1.7569246,-1.3526713,1.6607739,16.020798,279.03745,1620.0697,2.3889678,1158.6836,1256.4502,-9.411851,2167.0374,669.2133,-11.700097,0 days 00:03:29.243867200,0 days 00:03:29.263867200
0 days 00:00:00.720000,0 days 00:00:00.740000,answer10,0.471692,-14.175648,18.756895,0.03007891,-0.0185783,0.25001612,28.592882,2.5414503,11.477975,1.1018986,16.478676,0.023701245,1.7622362,-1.89505,3.8430812,15.733394,236.8382,1703.027,0.52449435,1145.8126,1267.5643,-8.258644,2128.0632,688.719,-10.200959,0 days 00:03:29.253867200,0 days 00:03:29.273867200
0 days 00:00:00.730000,0 days 00:00:00.750000,answer10,0.433593,-12.253956,15.307419,0.015952831,-0.019359598,0.27012455,27.26473,0.50999755,10.941699,3.7085407,16.17095,0.0,1.8664383,-3.0504425,4.9493484,15.0222025,324.1536,1544.502,0.97443056,1197.0616,1311.473,-8.982625,2126.0264,707.30493,-9.12328,0 days 00:03:29.263867200,0 days 00:03:29.283867200
0 days 00:00:00.740000,0 days 00:00:00.760000,answer10,0.39736924,-11.989461,14.605479,0.0121614635,-0.017756373,0.24362631,27.09501,0.6834834,10.432472,3.9597237,15.873944,0.00436518,2.1768491,-4.383489,3.2722375,18.518087,568.1539,1397.0348,0.31353727,1539.7699,1058.976,-9.563151,2533.2185,674.2194,-13.069031,0 days 00:03:29.273867200,0 days 00:03:29.293867200
0 days 00:00:00.750000,0 days 00:00:00.770000,answer10,0.3759961,-11.674901,15.053254,0.031242356,-0.019178657,0.19935249,26.705908,0.95337313,8.497876,0.6447349,18.01922,0.00436518,2.48726,-4.63352,5.773708,19.974617,608.20905,1382.1459,-1.0647556,1525.9502,1108.7711,-7.5685477,2538.7727,684.1208,-13.402383,0 days 00:03:29.283867200,0 days 00:03:29.303867200
0 days 00:00:00.760000,0 days 00:00:00.780000,answer10,0.36645615,-12.176376,17.722843,0.035151135,-0.012598393,0.16712077,27.724813,1.7306533,8.285076,1.3999438,19.650414,0.00436518,2.48726,-6.0522437,4.1561646,18.82437,488.81784,1604.8326,-4.1849966,1442.582,1026.6603,-2.768471,2528.2708,659.11676,-11.122643,0 days 00:03:29.293867200,0 days 00:03:29.313867200
0 days 00:00:00.770000,0 days 00:00:00.790000,answer10,0.3509415,-12.393233,18.732672,0.05627985,-0.013711247,0.16904573,26.183334,1.2842387,4.7896104,0.65346,19.783464,0.00436518,2.48726,-7.1555,5.8912473,17.43554,485.38574,1551.8438,0.0,1438.3853,1035.8751,-0.6164042,2525.9326,624.10254,-8.208389,0 days 00:03:29.303867200,0 days 00:03:29.323867200
0 days 00:00:00.780000,0 days 00:00:00.800000,answer10,0.33275393,-11.338478,16.811903,0.04932812,-0.014695208,0.17078505,23.467356,0.4615071,3.0080626,-1.4338465,17.84715,0.00436518,2.48726,-7.756326,2.5332444,15.532205,470.2941,1523.3043,5.1560583,1464.6504,1007.2917,-1.1252226,2514.799,620.2397,-5.48103,0 days 00:03:29.313867200,0 days 00:03:29.333867200
0 days 00:00:00.790000,0 days 00:00:00.810000,answer10,0.32598293,-10.6996565,16.13727,0.05561344,-0.022721559,0.13647816,20.844255,2.0584962,2.561673,-2.2577877,16.425253,0.00436518,2.48726,-7.045015,4.4007254,18.790045,570.00934,1276.563,7.1378837,1586.9103,925.34985,-1.9656116,2581.2468,764.0193,-6.5046678,0 days 00:03:29.323867200,0 days 00:03:29.343867200
0 days 00:00:00.800000,0 days 00:00:00.820000,answer10,0.32828978,-9.871398,16.543615,0.043232907,-0.021709561,0.115783386,20.591377,2.7196083,3.6747713,1.540609,16.58259,0.00436518,2.48726,-6.144621,4.5424275,17.356281,356.9628,1334.4695,-60.805332,1332.1913,1040.4005,-68.38219,2235.9685,926.2546,-69.335915,0 days 00:03:29.333867200,0 days 00:03:29.353867200
0 days 00:00:00.810000,0 days 00:00:00.830000,answer10,0.32667205,-9.698745,17.912024,0.049639795,-0.024567828,0.11831886,19.850676,4.720141,2.2649274,1.9965171,0.0,0.0,0.0,0.0,0.0,0.0,393.76,1196.4359,-130.29948,1390.0299,928.7061,-133.21521,2308.4563,970.9187,-135.84206,0 days 00:03:29.343867200,0 days 00:03:29.363867200
0 days 00:00:00.820000,0 days 00:00:00.840000,answer10,0.31646827,-11.744111,20.70016,0.0592628,-0.018147519,0.13111754,21.05622,8.416241,2.3528655,3.734473,0.0,0.0,0.0,0.0,0.0,0.0,342.6836,1376.0616,-201.0,1331.2573,1018.48096,-201.0,2277.5032,1013.12354,-201.0,0 days 00:03:29.353867200,0 days 00:03:29.373867200
0 days 00:00:00.830000,0 days 00:00:00.850000,answer10,0.29431376,-11.962399,21.020187,0.060894746,-0.011469311,0.126904,19.501007,11.6612625,0.7393138,5.932653,0.0,0.0,0.0,0.0,0.0,0.0,603.93024,1313.915,-137.04926,1639.0586,961.8226,-139.01457,2683.7869,897.2178,-141.25151,0 days 00:03:29.363867200,0 days 00:03:29.383867200
0 days 00:00:00.840000,0 days 00:00:00.860000,answer10,0.323896,-11.447937,19.772812,0.04743782,-0.0012959589,0.12503508,18.669527,10.779068,5.9631248,9.350274,31.845047,0.0,0.0,-2.085257,7.270159,23.88704,866.1668,1218.921,-76.01347,1932.9248,1033.7762,-79.95087,2955.1436,905.7359,-82.94398,0 days 00:03:29.373867200,0 days 00:03:29.393867200
0 days 00:00:00.850000,0 days 00:00:00.870000,answer10,0.4716482,-8.185904,17.053389,0.055243243,0.0010232787,0.18354408,16.41813,5.7106423,5.3216577,7.7740517,32.676304,0.0,0.0,0.7444701,9.881311,24.859682,1148.2435,954.95306,-21.375662,2211.1182,1079.7241,-23.73055,3203.409,755.21576,-25.92697,0 days 00:03:29.383867200,0 days 00:03:29.403867200
0 days 00:00:00.860000,0 days 00:00:00.880000,answer10,0.64177936,-9.193761,17.378351,0.07043151,-0.0024861316,0.34044322,17.4829,5.215342,7.6867123,4.41468,34.23708,0.0,0.0,4.845799,13.91447,27.082838,850.39215,1045.7925,-27.489601,1879.1464,1106.179,-30.724798,2806.4014,777.84503,-30.545832,0 days 00:03:29.393867200,0 days 00:03:29.413867200
0 days 00:00:00.870000,0 days 00:00:00.890000,answer10,0.7675586,-12.0241165,20.85726,0.09050164,-0.0042207814,0.5583096,20.35557,6.173206,10.779492,2.3830714,34.222713,0.0,0.0,7.845562,13.098695,27.836264,569.6434,1180.3373,0.0,1573.3608,1057.8469,-33.38493,2530.95,694.7751,-33.91964,0 days 00:03:29.403867200,0 days 00:03:29.423867200
0 days 00:00:00.880000,0 days 00:00:00.900000,answer10,0.8416694,-17.063898,24.193441,0.086177945,-0.0077627623,0.81261796,24.238104,10.499036,20.029367,3.6975243,33.97778,0.0,1.5241123,8.917655,10.137333,26.726995,320.7231,1262.3883,0.0,1351.0864,917.94727,-33.416103,2319.823,691.237,-36.240265,0 days 00:03:29.413867200,0 days 00:03:29.433867200
0 days 00:00:00.890000,0 days 00:00:00.910000,answer10,0.9189617,-19.368156,27.717047,0.06368462,-0.01376076,0.9559377,27.673973,10.51407,27.81024,4.5464325,33.55698,0.030857336,1.2668972,9.513683,3.001098,21.838957,348.40454,1167.8668,-19.968674,1378.0304,858.64404,-33.526203,2356.3086,684.14886,-38.279507,0 days 00:03:29.423867200,0 days 00:03:29.443867200
0 days 00:00:00.900000,0 days 00:00:00.920000,answer10,0.9671004,-22.038712,30.720345,0.036972042,-0.022627406,0.92211956,30.539139,12.48706,26.633356,4.882747,33.150787,0.028377453,1.1131805,10.215957,-2.2943318,17.019312,352.03598,1188.1909,-21.364725,1363.0908,902.6202,-34.957745,2340.201,757.95636,-38.384037,0 days 00:03:29.433867200,0 days 00:03:29.453867200
0 days 00:00:00.910000,0 days 00:00:00.930000,answer10,0.97383213,-23.112595,32.488598,0.014865876,-0.02971439,0.7003059,31.462051,13.111588,25.266905,-0.5574441,32.848286,0.023958221,0.38004425,10.752716,-6.016502,12.703189,598.8604,1285.8481,-27.305319,1635.8873,907.74445,-35.968246,2582.4214,687.6748,-37.344955,0 days 00:03:29.443867200,0 days 00:03:29.463867200
0 days 00:00:00.920000,0 days 00:00:00.940000,answer10,0.93235904,-23.884598,32.702984,0.015364126,-0.030922433,0.50038886,30.305517,15.030788,25.574217,-3.7650301,32.733246,0.024820639,0.16069107,11.133412,-5.265768,11.137723,848.98096,1388.5869,-28.889261,1934.9355,957.8543,-35.67068,2798.0098,652.3963,-34.699886,0 days 00:03:29.453867200,0 days 00:03:29.473867200
0 days 00:00:00.930000,0 days 00:00:00.950000,answer10,0.9143718,-23.678574,32.506878,-0.00068276253,-0.029054677,0.36392292,29.159563,15.560471,26.566607,-4.661482,32.69652,0.025522113,0.09440718,11.23048,-4.9469776,10.5287895,1103.3018,1404.8265,-31.255478,2246.978,875.8162,-35.46407,3066.9583,535.74615,-33.79362,0 days 00:03:29.463867200,0 days 00:03:29.483867200
0 days 00:00:00.940000,0 days 00:00:00.960000,answer10,0.8697155,-24.566324,33.131058,-0.0021427681,-0.02958695,0.32496548,30.0307,15.739006,25.462166,-3.317398,32.26476,0.0140285045,0.5307138,10.836746,-7.487263,10.328189,511.9208,1495.7474,0.0,1549.2318,1000.6624,-38.436676,2537.9177,711.3946,-38.825897,0 days 00:03:29.473867200,0 days 00:03:29.493867200
0 days 00:00:00.950000,0 days 00:00:01,answer10,0.8281994,-25.470322,34.601704,-0.011975133,-0.02978683,0.3085897,31.217184,15.308162,23.855957,-1.3472031,32.12038,0.011933836,0.55211526,10.845978,-8.727684,11.139969,275.7706,1575.0963,0.0,1198.5609,1246.255,-36.7322,2261.865,694.7844,-41.175137,0 days 00:03:29.483867200,0 days 00:03:29.533867200
