start,end,label,F0final_sma,voicingFinalUnclipped_sma,jitterLocal_sma,jitterDDP_sma,shimmerLocal_sma,logHNR_sma,audspec_lengthL1norm_sma,audspecRasta_lengthL1norm_sma,pcm_RMSenergy_sma,pcm_zcr_sma,audSpec_Rfilt_sma[0],audSpec_Rfilt_sma[1],audSpec_Rfilt_sma[2],audSpec_Rfilt_sma[3],audSpec_Rfilt_sma[4],audSpec_Rfilt_sma[5],audSpec_Rfilt_sma[6],audSpec_Rfilt_sma[7],audSpec_Rfilt_sma[8],audSpec_Rfilt_sma[9],audSpec_Rfilt_sma[10],audSpec_Rfilt_sma[11],audSpec_Rfilt_sma[12],audSpec_Rfilt_sma[13],audSpec_Rfilt_sma[14],audSpec_Rfilt_sma[15],audSpec_Rfilt_sma[16],audSpec_Rfilt_sma[17],audSpec_Rfilt_sma[18],audSpec_Rfilt_sma[19],audSpec_Rfilt_sma[20],audSpec_Rfilt_sma[21],audSpec_Rfilt_sma[22],audSpec_Rfilt_sma[23],audSpec_Rfilt_sma[24],audSpec_Rfilt_sma[25],pcm_fftMag_fband250-650_sma,pcm_fftMag_fband1000-4000_sma,pcm_fftMag_spectralRollOff25.0_sma,pcm_fftMag_spectralRollOff50.0_sma,pcm_fftMag_spectralRollOff75.0_sma,pcm_fftMag_spectralRollOff90.0_sma,pcm_fftMag_spectralFlux_sma,pcm_fftMag_spectralCentroid_sma,pcm_fftMag_spectralEntropy_sma,pcm_fftMag_spectralVariance_sma,pcm_fftMag_spectralSkewness_sma,pcm_fftMag_spectralKurtosis_sma,pcm_fftMag_spectralSlope_sma,pcm_fftMag_psySharpness_sma,pcm_fftMag_spectralHarmonicity_sma,mfcc_sma[1],mfcc_sma[2],mfcc_sma[3],mfcc_sma[4],mfcc_sma[5],mfcc_sma[6],mfcc_sma[7],mfcc_sma[8],mfcc_sma[9],mfcc_sma[10],mfcc_sma[11],mfcc_sma[12],mfcc_sma[13],mfcc_sma[14],original_start,original_end
0 days 00:00:00,0 days 00:00:00.040000,answer1 ,0.0,0.61893076,0.0,0.0,0.0,-100.0,0.31550542,0.98834115,0.0032896567,0.101096,0.12921618,0.27204838,0.41952792,0.5544473,0.66972893,0.76589614,0.84702843,0.9178292,0.9822495,1.0430994,1.1020993,1.1600702,1.2171308,1.2728368,1.3262117,1.3755809,1.4180565,1.4484811,1.4578775,1.432704,1.3587462,1.2323397,1.069155,0.8959276,0.7342484,0.5943311,0.0010873275,0.00090695365,186.6211,473.73047,1019.2383,2268.164,0.0097385915,1034.9958,5.263803,2.9062622e+06,3.5461814,17.35019,-0.0005106502,0.8405556,0.0011441781,14.18058,8.638983,-6.293518,-9.022598,13.74678,9.816129,-2.0100777,-3.39647,-7.978247,1.2858742,2.245582,3.7844932,-1.9121246,-4.9077477,0 days 00:00:02.369035702,0 days 00:00:02.409035702
0 days 00:00:00.010000,0 days 00:00:00.050000,answer1 ,0.0,0.6330156,0.0,0.0,0.0,-100.0,0.28484085,0.98834115,0.0029004142,0.097883604,0.12921618,0.27204838,0.41952792,0.5544473,0.66972893,0.76589614,0.84702843,0.9178292,0.9822495,1.0430994,1.1020993,1.1600702,1.2171308,1.2728368,1.3262117,1.3755809,1.4180565,1.4484811,1.4578775,1.432704,1.3587462,1.2323397,1.069155,0.8959276,0.7342484,0.5943311,0.00083003304,0.0006214943,200.97656,416.3086,990.52734,2799.3164,0.023312857,1095.1166,5.2120914,3.3795492e+06,3.3277295,15.834483,-0.0003869068,0.86727756,0.0009327111,12.606528,8.94992,-3.4526489,-6.946017,10.317134,7.6777253,2.569792,-1.4300132,-8.268453,-1.0738826,-1.4939289,0.10257673,-4.9655104,-5.6280026,0 days 00:00:02.379035702,0 days 00:00:02.419035702
0 days 00:00:00.020000,0 days 00:00:00.060000,answer1 ,0.0,0.6555831,0.0,0.0,0.0,-100.0,0.2480344,0.98834115,0.0027925072,0.08786848,0.12921618,0.27204838,0.41952792,0.5544473,0.66972893,0.76589614,0.84702843,0.9178292,0.9822495,1.0430994,1.1020993,1.1600702,1.2171308,1.2728368,1.3262117,1.3755809,1.4180565,1.4484811,1.4578775,1.432704,1.3587462,1.2323397,1.069155,0.8959276,0.7342484,0.5943311,0.0005672188,0.00032510445,200.97656,373.2422,947.46094,3316.1133,0.03227403,1145.4595,5.1321445,3.8856472e+06,3.142451,14.406758,-0.00025621356,0.8939812,0.00066949497,11.602108,9.7857275,-1.8010659,-2.9732425,7.458575,5.648277,6.617471,-0.34900996,-11.849548,-2.1738281,-2.1819432,0.62160176,-0.8192679,-6.9605274,0 days 00:00:02.389035702,0 days 00:00:02.429035702
0 days 00:00:00.030000,0 days 00:00:00.070000,answer1 ,0.0,0.6807043,0.0,0.0,0.0,-100.0,0.24562252,0.98834115,0.004252877,0.065948606,0.12921618,0.27204838,0.41952792,0.5544473,0.66972893,0.76589614,0.84702843,0.9178292,0.9822495,1.0430994,1.1020993,1.1600702,1.2171308,1.2728368,1.3262117,1.3755809,1.4180565,1.4484811,1.4578775,1.432704,1.3587462,1.2323397,1.069155,0.8959276,0.7342484,0.5943311,0.0052656676,0.00018744665,172.26562,287.10938,760.83984,3014.6484,0.06527427,936.78467,4.387132,3.209429e+06,6.155913,76.808846,-0.001107851,0.7395029,0.0010896242,12.807388,14.196572,6.5584674,3.7150295,2.287158,-0.86010647,2.8203497,-9.159544,-17.374344,-6.7986712,-2.4390948,-1.6333007,-0.03636424,-4.1580806,0 days 00:00:02.399035702,0 days 00:00:02.439035702
0 days 00:00:00.040000,0 days 00:00:00.080000,answer1 ,0.0,0.6877535,0.0,0.0,0.0,-100.0,0.28801307,0.9931099,0.008160326,0.04497354,0.13453369,0.3121507,0.4922638,0.64642274,0.7305124,0.783758,0.8467966,0.8810571,0.93712026,0.99250984,1.0770751,1.1780314,1.2175004,1.2504811,1.3487645,1.3888539,1.4597305,1.4598475,1.4535929,1.4232424,1.3101649,1.2098691,1.0661753,0.89729166,0.7336819,0.58942604,0.01974443,0.00020714132,186.6211,287.10938,531.15234,1665.2344,0.09824127,609.0533,3.5548573,1.7081225e+06,12.565266,275.94824,-0.0043467986,0.52309114,0.004084797,18.446814,19.164743,10.133189,4.827409,-1.1070853,-6.3703537,-7.797525,-14.78571,-14.718533,-9.139202,-6.1397057,-6.198836,0.050471306,-4.125107,0 days 00:00:02.409035702,0 days 00:00:02.449035702
0 days 00:00:00.050000,0 days 00:00:00.090000,answer1 ,0.0,0.69088197,0.0,0.0,0.0,-100.0,0.35370532,1.0333503,0.013534238,0.02910053,0.14883576,0.42320442,0.7208244,0.947269,0.88041514,0.91102695,0.9412799,0.85468274,0.8834026,0.9474449,1.0907068,1.2408891,1.2241541,1.2043318,1.3637403,1.408332,1.5408465,1.5183119,1.4950643,1.4506816,1.228213,1.1584884,1.0658776,0.9120142,0.7245191,0.5825505,0.060567856,0.00025471792,215.33203,272.7539,315.8203,330.17578,0.14640765,289.63678,2.6084137,154343.95,21.630903,658.82416,-0.0122504905,0.30663928,0.015119009,24.109467,24.288164,15.694184,1.7762766,-6.5524635,-9.206147,-17.242432,-20.289465,-10.932964,-15.487007,-12.365521,-18.89399,-9.8282385,-3.4483728,0 days 00:00:02.419035702,0 days 00:00:02.459035702
0 days 00:00:00.060000,0 days 00:00:00.100000,answer1 ,0.0,0.69349813,0.0,0.0,0.0,-100.0,0.38404515,1.118807,0.01702072,0.02702192,0.17132418,0.6204382,1.1312026,1.4153093,1.1048144,1.1715279,1.1548158,0.84059507,0.8179136,0.8840936,1.1546067,1.3796248,1.2782186,1.164708,1.3545517,1.4333,1.6628399,1.6350013,1.6360046,1.5150977,1.1419578,1.0908953,1.088469,0.9482774,0.70871574,0.5846733,0.06595458,0.0003091665,200.97656,244.04297,287.10938,301.46484,0.18120022,261.49927,2.405585,88981.09,24.14237,768.27344,-0.015533283,0.27980664,0.020176262,25.792898,25.448746,16.157072,1.6836119,-6.3369613,-8.79631,-21.769663,-13.621844,-1.9379807,-17.440834,-18.606703,-21.28714,-10.219967,-6.0659466,0 days 00:00:02.429035702,0 days 00:00:02.469035702
0 days 00:00:00.070000,0 days 00:00:00.110000,answer1 ,0.0,0.6897436,0.0,0.0,0.0,-100.0,0.37141457,1.204775,0.016510064,0.031368103,0.18598436,0.7908985,1.4417605,1.7198578,1.2302649,1.4147545,1.3259255,0.87815434,0.83087796,0.8710614,1.2448939,1.5289292,1.4146732,1.1670842,1.2950453,1.4428438,1.7562761,1.746617,1.8382959,1.6275252,1.1255814,1.0425013,1.1106638,0.9889701,0.6946314,0.6100777,0.05599534,0.000333579,186.6211,229.6875,272.7539,301.46484,0.17611212,262.42368,2.3284285,136516.14,21.478285,643.92993,-0.013897079,0.27643377,0.019259864,23.620562,23.742376,15.886298,4.202025,-2.9721718,-7.7922425,-22.486786,-12.694434,-10.09529,-22.489502,-15.948624,-17.231459,-6.8518577,-7.1205096,0 days 00:00:02.439035702,0 days 00:00:02.479035702
0 days 00:00:00.080000,0 days 00:00:00.120000,answer1 ,0.0,0.6740462,0.0,0.0,0.0,-100.0,0.3574125,1.2528101,0.013013818,0.043272864,0.18839528,0.85600334,1.4845053,1.664518,1.2348596,1.4487448,1.2897111,0.90738535,0.8715283,0.88262534,1.3708273,1.6849757,1.6194253,1.2496492,1.253697,1.4740702,1.83206,1.7925438,2.0417953,1.7258528,1.1733094,1.0332743,1.1231426,1.0121179,0.70377475,0.65426975,0.016924962,0.00068833324,172.26562,215.33203,244.04297,315.8203,0.14290927,293.24734,2.5087411,369719.34,14.497592,290.20782,-0.007153725,0.29127792,0.010163866,20.975912,18.587515,13.995988,10.554829,4.1448293,-5.2649226,-25.718317,-10.5697155,-7.5038295,-15.568664,-14.016434,-12.506737,-2.8520966,-7.2982936,0 days 00:00:02.449035702,0 days 00:00:02.489035702
0 days 00:00:00.090000,0 days 00:00:00.130000,answer1 ,0.0,0.63960177,0.0,0.0,0.0,-100.0,0.34376404,1.2580581,0.009075928,0.06764928,0.17192948,0.7726493,1.2246021,1.3119031,1.116301,1.2450379,1.0737875,0.94481903,0.9257119,0.9386417,1.5523629,1.8470577,1.8844997,1.3993403,1.2669016,1.5220615,1.8881413,1.7972264,2.168825,1.7899814,1.2777863,1.0593944,1.1021152,0.99555963,0.73408556,0.6987898,0.0075660567,0.0008729051,172.26562,229.6875,258.39844,660.35156,0.09550589,411.46262,2.947057,849287.2,9.465154,124.464874,-0.003250846,0.37479135,0.004871712,17.520296,11.451893,11.013924,9.667762,6.7613997,-1.4266757,-24.974276,-9.502823,-11.899182,-16.201603,-16.730267,-12.822785,-3.5830886,-6.36817,0 days 00:00:02.459035702,0 days 00:00:02.499035702
0 days 00:00:00.100000,0 days 00:00:00.140000,answer1 ,0.0,0.60160977,0.0,0.0,0.0,-100.0,0.3966732,1.2986923,0.007004868,0.098072566,0.1528213,0.62088037,0.9243808,0.94313174,0.9549014,1.0249518,0.93861526,1.0470691,0.98578185,1.075801,1.8027018,2.0636132,2.1312308,1.5913776,1.4224296,1.6963505,2.0081134,1.8920091,2.319497,1.9060415,1.4415003,1.1568543,1.1194947,1.0115619,0.7963862,0.7385053,0.0036625862,0.0015016688,186.6211,330.17578,574.21875,1808.7891,0.075656034,710.751,3.8439648,1.7184696e+06,5.686977,49.76653,-0.0020389156,0.57622963,0.0037068164,13.881844,6.1223817,7.2771077,6.6485744,7.470413,2.7281983,-14.109696,-2.700409,-3.605955,-12.057823,-17.124414,-19.97596,-4.9302917,-5.0391226,0 days 00:00:02.469035702,0 days 00:00:02.509035702
0 days 00:00:00.110000,0 days 00:00:00.150000,answer1 ,0.0,0.58740765,0.0,0.0,0.0,-100.0,0.48072097,1.430986,0.0066270917,0.120748304,0.13822591,0.47454002,0.68917364,0.6837568,0.8065366,0.9418246,1.0205919,1.237031,1.0726914,1.2464932,1.994081,2.3003798,2.403785,1.8108927,1.771853,2.0746558,2.2142477,2.1827345,2.567689,2.1314113,1.7090734,1.4145981,1.2900978,1.1981068,0.9619525,0.86921597,0.0024657615,0.0022890312,330.17578,1794.4336,2784.961,4163.086,0.08712662,1917.7461,5.0640273,4.615718e+06,2.7157793,17.680859,-0.0014888557,1.3983198,0.0038928092,6.8430996,6.953518,2.558852,5.1811314,0.39671454,2.4541042,-2.541822,2.2445967,-5.085836,-13.679977,-14.7105055,-17.126661,-4.738471,-2.773723,0 days 00:00:02.479035702,0 days 00:00:02.519035702
0 days 00:00:00.120000,0 days 00:00:00.160000,answer1 ,0.0,0.60674787,0.0,0.0,0.0,-100.0,0.5883209,1.6720911,0.0072028697,0.12131519,0.13616125,0.37116125,0.53596544,0.5476796,0.7333614,1.0042763,1.2393316,1.4902487,1.2541043,1.3954726,1.9454368,2.4620278,2.6686833,2.035534,2.382554,2.7088535,2.5198448,2.6850846,2.9994576,2.495465,2.0589197,1.8997656,1.6855898,1.7328563,1.3134527,1.1730809,0.0025647164,0.0037036615,459.375,2727.539,4679.883,6086.7188,0.08384042,2876.4998,6.0119557,6.7299255e+06,0.9638484,4.6791186,-0.0018357681,2.0350816,0.0055310302,1.6786081,8.902303,0.3567098,4.9169955,-7.9335537,5.258929,6.779499,4.5793614,1.2097255,-10.929768,-5.765473,-10.411485,2.1765194,0.8016674,0 days 00:00:02.489035702,0 days 00:00:02.529035702
0 days 00:00:00.130000,0 days 00:00:00.170000,answer1 ,0.0,0.67320967,0.0,0.0,0.0,-65.821304,0.71978325,1.9934963,0.015018028,0.09882841,0.14224626,0.3302411,0.4695225,0.54995465,0.8678026,1.286468,1.5568572,1.7531799,1.5344611,1.5246054,1.7933043,2.6242015,2.97614,2.300164,3.1954925,3.484175,2.9027426,3.2928562,3.5115917,2.8267548,2.3562255,2.4780486,2.179951,2.4496124,1.8242083,1.6200947,0.049800962,0.005482258,473.73047,2698.8281,4464.551,5053.125,0.18795855,2671.1436,5.5861626,5.9990895e+06,2.4433522,22.253069,-0.00953301,1.9180865,0.018668763,4.8044963,10.280129,-1.8866082,2.6473427,-22.074594,-2.8404663,-1.3901352,1.0974392,-1.379644,-12.588776,-5.490908,-6.5764427,-0.7869358,-0.47923088,0 days 00:00:02.499035702,0 days 00:00:02.539035702
0 days 00:00:00.140000,0 days 00:00:00.180000,answer1 ,232.8465,0.743197,0.0,0.0,0.0,-32.52029,0.96355087,2.3429244,0.026090667,0.06878307,0.1459238,0.34680906,0.5225696,0.7071335,1.3280624,1.8786904,2.0304706,2.1217098,1.9216738,1.6685227,1.6839565,2.870744,3.368069,2.6957376,4.2129865,4.296945,3.3660965,3.8685963,3.9450912,2.9541352,2.495448,2.8633316,2.5227072,2.88344,2.2509992,1.9661846,0.17480147,0.01834136,358.88672,1320.7031,2383.0078,2842.3828,0.30978635,1547.3282,4.7454276,2.9980802e+06,4.313268,39.465725,-0.03496635,1.1765865,0.091653876,12.299304,5.703199,-1.5300556,-2.1873622,-32.851406,-10.004831,-1.8424392,-0.19312386,-2.7774754,-14.584004,-8.780749,-9.609451,-2.8588774,-1.8435515,0 days 00:00:02.509035702,0 days 00:00:02.549035702
0 days 00:00:00.150000,0 days 00:00:00.190000,answer1 ,231.56421,0.78795975,0.0,0.0,0.0,2.3042805,1.2664517,2.7415266,0.03782458,0.04724112,0.14312182,0.41674295,0.73540807,0.9743263,2.1138718,2.8549557,2.9946826,2.848362,2.5186727,2.0292566,1.9026312,3.3851976,3.8996632,3.3968594,5.4394374,5.211123,4.057071,4.317491,4.1704803,2.9041402,2.4566908,2.9033802,2.634654,2.796943,2.261689,1.912837,0.22676711,0.044409323,330.17578,531.15234,631.6406,933.10547,0.440648,656.2408,3.8267994,504759.84,5.6746864,52.57044,-0.06435689,0.61539435,0.19916387,19.584526,-3.1718922,-3.8750458,-9.370297,-36.85844,-15.651652,3.0924664,-8.5721445,-7.0320663,-18.672554,-15.335872,-16.433128,-13.039737,-5.992866,0 days 00:00:02.519035702,0 days 00:00:02.559035702
0 days 00:00:00.160000,0 days 00:00:00.200000,answer1 ,226.48206,0.7782946,0.0444257,0.022190945,0.24381965,4.560408,1.5010948,3.2003937,0.04236571,0.039304614,0.13636996,0.51385427,1.0503715,1.2198744,2.940819,3.798174,4.5025005,4.008749,3.475242,2.728881,2.4833648,4.0494666,4.594216,4.5050187,6.8967147,6.1478825,4.9421544,4.6140437,4.1771526,2.749963,2.4070942,2.7570965,2.653672,2.4091036,1.8939072,1.5545503,0.21622135,0.072704636,459.375,617.28516,746.4844,1177.1484,0.42637122,744.9585,3.8988311,404306.5,4.742569,44.85023,-0.085921444,0.68933994,0.2971523,21.42343,-11.364949,-5.144936,-10.847804,-30.26113,-12.966611,16.845633,-13.32574,-6.3400197,-22.676567,-15.183145,-15.005374,-13.4773,-5.7438006,0 days 00:00:02.529035702,0 days 00:00:02.569035702
0 days 00:00:00.170000,0 days 00:00:00.210000,answer1 ,223.67404,0.7395447,0.0444257,0.022190945,0.24381965,-28.74061,1.5898685,3.638379,0.04112816,0.041194256,0.13709271,0.59482527,1.2521639,1.2682189,3.2919915,4.047647,5.65651,5.0938764,4.701511,3.7520354,3.2903116,4.76796,5.232516,5.8671,8.321255,6.9480224,5.984087,4.934658,4.143107,2.7186158,2.4519978,2.691025,2.8034847,2.1797764,1.3643633,1.1037035,0.110134535,0.12435147,445.01953,760.83984,1119.7266,1650.8789,0.4600654,901.54004,4.30199,544115.25,3.5200071,31.345566,-0.07859102,0.7852419,0.27462617,20.808937,-18.25231,-2.7791464,-10.930545,-16.171427,-10.440608,23.034552,-20.482637,-5.2405896,-26.683039,-11.189002,-11.922871,-16.749416,-7.2739487,0 days 00:00:02.539035702,0 days 00:00:02.579035702
0 days 00:00:00.180000,0 days 00:00:00.220000,answer1 ,0.0,0.70040107,0.0,0.0,0.0,-63.565174,1.5634671,3.8561466,0.03846107,0.041005295,0.15103681,0.65170693,1.2726912,1.1768657,3.0359952,3.5711563,5.7192063,5.3852077,5.689981,4.918104,3.9538882,5.1938424,5.63502,6.9427757,8.947061,7.028691,6.55345,5.190626,4.098784,2.828871,2.5819495,2.777819,3.0135415,2.1559565,0.96530914,0.8202757,0.0753085,0.15379494,358.88672,803.90625,1234.5703,1851.8555,0.3945992,935.23004,4.609394,661495.2,2.9278164,23.198328,-0.06589257,0.79135114,0.2100556,20.621492,-17.947601,1.72178,-7.273394,-3.1087668,-9.029433,23.162718,-20.101145,-7.4700494,-25.974157,-4.961906,-4.770768,-17.11178,-8.758942,0 days 00:00:02.549035702,0 days 00:00:02.589035702
0 days 00:00:00.190000,0 days 00:00:00.230000,answer1 ,0.0,0.6903844,0.0,0.0,0.0,-100.0,1.4890233,3.7632217,0.034942124,0.041005295,0.18336348,0.69641465,1.146911,1.0555884,2.3936288,2.785822,4.57343,4.7423453,5.844665,5.7109776,4.2062964,5.2967534,5.7368374,7.296083,8.458438,6.421617,6.4451523,5.3470616,4.0473576,3.0753639,2.72201,2.8908978,3.1439388,2.1955545,0.73940843,0.6878548,0.06062157,0.15872341,215.33203,660.35156,1291.9922,1966.6992,0.38308725,911.17596,4.7380524,793517.0,2.5165904,15.884091,-0.051830303,0.74990964,0.12927051,19.189606,-15.84545,5.599913,-1.724596,5.607385,-6.434816,16.999352,-19.951456,-5.877644,-24.585417,-4.086976,-2.820544,-17.707968,-10.683765,0 days 00:00:02.559035702,0 days 00:00:02.599035702
0 days 00:00:00.200000,0 days 00:00:00.240000,answer1 ,0.0,0.6982255,0.0,0.0,0.0,-65.42864,1.3048954,3.3968592,0.03041812,0.040816326,0.21193868,0.7238314,1.0266736,0.9927335,1.7728367,2.309121,3.2641134,3.647087,5.1236753,5.8097005,3.95734,5.02105,5.5740943,6.7989993,6.9550767,5.274691,5.645216,5.1542974,3.8554952,3.2556736,2.6982946,2.8267758,3.0231621,2.079174,0.65611345,0.6611739,0.058259573,0.11044084,215.33203,545.5078,1062.3047,1837.5,0.29321334,806.28766,4.4936714,740857.06,3.0920746,22.10034,-0.040946245,0.6811231,0.096711166,19.345388,-12.522884,3.5747616,0.95428675,4.6577,-5.1473308,9.4668455,-11.561255,-3.1742733,-24.86234,-6.6991143,-2.2231302,-19.310057,-15.453437,0 days 00:00:02.569035702,0 days 00:00:02.609035702
0 days 00:00:00.210000,0 days 00:00:00.250000,answer1 ,200.93292,0.71632975,0.0,0.0,0.0,-29.0868,1.0503238,2.8549888,0.024645815,0.03911565,0.21571386,0.7088646,0.94132406,0.94477224,1.3298144,2.0776298,2.346192,2.686757,3.967624,5.013065,3.3585482,4.429868,5.0339565,5.6336975,5.141648,4.0583262,4.5872283,4.548845,3.3990858,3.1208706,2.4323227,2.4816892,2.60876,1.7980055,0.67878383,0.68630916,0.05231446,0.05630501,215.33203,344.53125,846.97266,1492.9688,0.26947817,657.58704,4.087502,633246.8,4.453483,42.50398,-0.027947858,0.5715821,0.061311293,20.101913,-8.9060955,1.8582705,2.289905,-2.157829,-4.2540226,0.054931004,-10.262422,-2.6418073,-25.974123,-13.051593,-7.0783277,-18.636307,-19.56911,0 days 00:00:02.579035702,0 days 00:00:02.619035702
0 days 00:00:00.220000,0 days 00:00:00.260000,answer1 ,201.74107,0.72591084,0.0,0.0,0.14173499,6.2427955,0.8369646,2.262454,0.019226626,0.036092214,0.18693352,0.6383317,0.85472965,0.8456764,1.0447348,1.9452084,1.8912729,2.0282948,2.8877974,3.7991588,2.5758135,3.6146867,4.0597167,4.291141,3.619837,3.0164306,3.6226795,3.653354,2.7639837,2.6612556,2.00943,1.9777298,2.0202649,1.3958845,0.7258393,0.6936192,0.03989588,0.023266936,215.33203,330.17578,689.0625,1220.2148,0.20901912,574.26056,3.78856,517207.6,5.684669,63.79659,-0.01669441,0.51808065,0.040879935,21.528952,-6.4689317,1.2482128,-0.90713996,-11.199824,-3.347517,3.411102,-4.1377583,-8.531443,-20.449831,-17.380976,-10.359389,-20.793325,-23.111723,0 days 00:00:02.589035702,0 days 00:00:02.629035702
0 days 00:00:00.230000,0 days 00:00:00.270000,answer1 ,211.23303,0.72955465,0.007454629,0.008735802,0.1813097,6.957433,0.6764924,1.7195507,0.016930168,0.030801207,0.14719647,0.54942226,0.7809822,0.7340463,0.8793625,1.7642399,1.6522726,1.6397244,2.091941,2.6476038,1.8312124,2.7016468,2.902784,3.0334618,2.5734978,2.2255254,2.7989137,2.6471634,2.0984688,2.081658,1.5908333,1.4877758,1.428703,1.025937,0.7379462,0.6559991,0.031178249,0.0069581517,215.33203,215.33203,430.66406,846.97266,0.14067876,441.8674,3.2583005,387552.78,7.830237,105.361145,-0.012714766,0.41912594,0.030026555,23.063538,-1.9681059,1.6703033,-2.1917245,-13.272544,-1.7395538,4.424928,-4.3529086,-14.85331,-19.76767,-19.002974,-17.342035,-17.670166,-21.064325,0 days 00:00:02.599035702,0 days 00:00:02.639035702
0 days 00:00:00.240000,0 days 00:00:00.280000,answer1 ,224.01628,0.7322808,0.014531034,0.0152837,0.14247969,6.876106,0.6109359,1.3358322,0.01710742,0.02532124,0.12343452,0.4849622,0.7374626,0.6389096,0.77133685,1.5375543,1.4905764,1.4092947,1.5333251,1.8782431,1.3159829,1.9439011,1.9457355,2.1358373,2.0334926,1.7713604,2.178881,1.8808407,1.6589314,1.6599904,1.3276442,1.1712644,1.0183063,0.7735632,0.716314,0.59449506,0.03567468,0.004466884,215.33203,215.33203,373.2422,617.28516,0.110210635,386.9504,2.803312,300462.06,10.30011,175.35669,-0.013614421,0.3768207,0.03185117,23.720205,2.29196,4.907678,-2.344445,-12.782505,0.08835205,4.104818,0.59075767,-17.50749,-17.208412,-16.610865,-24.528482,-20.078094,-17.537283,0 days 00:00:02.609035702,0 days 00:00:02.649035702
0 days 00:00:00.250000,0 days 00:00:00.290000,answer1 ,241.81245,0.73792857,0.019619944,0.0194523,0.11140729,8.515414,0.5598258,1.1004261,0.01917351,0.020786094,0.11744084,0.44623315,0.736517,0.60860926,0.72842807,1.2958704,1.326862,1.21151,1.1606779,1.3916808,1.0416144,1.399765,1.3643388,1.5249923,1.6933523,1.4863396,1.6634952,1.4204031,1.5161724,1.508469,1.2135931,1.0281245,0.83367485,0.6614403,0.6895823,0.5418896,0.058523923,0.0023103415,215.33203,229.6875,258.39844,416.3086,0.1205469,325.12997,2.2631724,247318.38,11.865589,203.54326,-0.015797453,0.32610962,0.034917135,22.13369,9.577424,9.235852,-5.5457397,-8.819369,-6.027494,-6.570786,-4.625695,-18.06547,-21.342234,-10.739644,-25.857214,-19.555243,-10.384149,0 days 00:00:02.619035702,0 days 00:00:02.659035702
0 days 00:00:00.260000,0 days 00:00:00.300000,answer1 ,256.22623,0.7379332,0.030743664,0.020138074,0.08775168,11.05263,0.55612236,0.97847795,0.022590468,0.01814059,0.11857953,0.42681804,0.79442257,0.67895335,0.72914076,1.1029488,1.1148461,0.99976593,0.9057,1.0469671,0.92391056,1.067669,1.0618054,1.1400911,1.4273592,1.307816,1.2840816,1.2848893,1.6015192,1.5465685,1.194386,1.0194918,0.8179868,0.6434312,0.6895941,0.5116867,0.12673102,0.0016252812,215.33203,244.04297,258.39844,287.10938,0.15705393,295.37173,1.9248381,173279.17,14.496262,293.64197,-0.025608948,0.3043861,0.054842103,20.927336,14.894803,15.621974,-7.975043,-9.738684,-11.415973,-14.885262,-10.81006,-19.36447,-25.479874,-11.971802,-22.828901,-21.060137,-6.966636,0 days 00:00:02.629035702,0 days 00:00:02.669035702
0 days 00:00:00.270000,0 days 00:00:00.310000,answer1 ,271.47147,0.7393221,0.028715217,0.016380338,0.11031746,12.522743,0.54141855,0.92209464,0.02531769,0.017006801,0.11953274,0.40008605,0.8761814,0.84941465,0.74423593,1.0117869,0.90962046,0.7934548,0.74567795,0.8039432,0.8319433,0.8667967,0.8866377,0.9339568,1.2131323,1.1783081,1.0542426,1.3347019,1.7577444,1.6135769,1.230954,1.0872678,0.9007876,0.6543933,0.6833549,0.49273053,0.19202268,0.0012378973,229.6875,258.39844,272.7539,301.46484,0.19145511,294.19742,1.7836059,130637.086,19.308744,584.87585,-0.032166388,0.30950585,0.08787105,20.954391,18.635809,19.36486,-11.22576,-11.295091,-17.268173,-17.034468,-17.816027,-20.51256,-28.282944,-11.852951,-17.368124,-22.022339,-4.614891,0 days 00:00:02.639035702,0 days 00:00:02.679035702
0 days 00:00:00.280000,0 days 00:00:00.320000,answer1 ,278.83426,0.7195568,0.031458944,0.011850525,0.13249093,-24.44616,0.47989392,0.8704917,0.023758538,0.01681784,0.11168271,0.3507392,0.9174876,1.0745406,0.7502694,0.9688089,0.7438774,0.6321626,0.6322931,0.6417675,0.7164623,0.7199149,0.7466095,0.78064775,1.0224725,1.0741913,0.9482963,1.3910419,1.7634091,1.566888,1.2347738,1.1292418,0.9685134,0.64637953,0.63673615,0.46357548,0.18497075,0.00078163197,244.04297,272.7539,287.10938,315.8203,0.23161088,297.4648,1.8586539,73402.68,22.406982,719.25854,-0.029234402,0.32028207,0.08078917,21.962172,19.841019,19.845316,-15.814336,-18.8217,-19.351538,-18.505335,-25.015894,-22.12899,-23.473099,-15.273647,-16.174908,-19.833555,-4.0435815,0 days 00:00:02.649035702,0 days 00:00:02.689035702
0 days 00:00:00.290000,0 days 00:00:00.330000,answer1 ,0.0,0.71118253,0.0,0.0,0.0,-62.269367,0.3869122,0.790108,0.01781045,0.019085413,0.09938514,0.27606717,0.8419207,1.20462,0.7139056,0.9303511,0.6528329,0.5330458,0.54443115,0.55083394,0.59737366,0.6038537,0.620756,0.664846,0.88043594,0.9872381,0.89789087,1.3255113,1.553615,1.3570312,1.1562129,1.0757204,0.92202854,0.58812535,0.5495452,0.41523027,0.11304619,0.00037661908,272.7539,287.10938,315.8203,387.59766,0.22132392,332.07678,2.0563247,117392.06,21.089195,668.07794,-0.016224831,0.35444292,0.05457448,22.454454,17.069311,16.026691,-17.458952,-21.894758,-21.128508,-16.657663,-24.803091,-20.485865,-16.977243,-13.349902,-13.167103,-14.6118765,-1.2778047,0 days 00:00:02.659035702,0 days 00:00:02.699035702
0 days 00:00:00.300000,0 days 00:00:00.340000,answer1 ,0.0,0.69366175,0.0,0.0,0.0,-100.0,0.38416442,0.7042665,0.01370822,0.021919882,0.08592414,0.20670813,0.6914151,1.174581,0.6792771,0.87153006,0.6180145,0.5120499,0.51690173,0.5315216,0.5448434,0.5454131,0.5280831,0.579626,0.7653758,0.88789845,0.8614444,1.1504091,1.2589555,1.1175041,1.0508556,0.98313445,0.811394,0.51428956,0.46101102,0.36276683,0.054855984,0.0006854888,272.7539,287.10938,315.8203,430.66406,0.22432572,341.74585,2.3152812,130221.03,16.595675,416.22263,-0.008475099,0.36184302,0.017808193,24.126884,13.993774,9.046299,-20.584389,-15.100648,-17.46393,-14.22969,-25.211432,-22.16986,-14.909541,-15.847911,-10.238679,-13.354843,-2.209857,0 days 00:00:02.669035702,0 days 00:00:02.709035702
0 days 00:00:00.310000,0 days 00:00:00.350000,answer1 ,0.0,0.6992813,0.0,0.0,0.0,-100.0,0.47248825,0.6684994,0.0148069635,0.025132276,0.081516124,0.17167826,0.5389972,1.0186057,0.6621514,0.82147974,0.66372466,0.6130899,0.6315158,0.6538183,0.62414056,0.5956399,0.5143675,0.56946915,0.7018141,0.8134286,0.8447411,0.992496,1.0746437,0.9781398,1.0067044,0.9365895,0.68932027,0.45330882,0.40382013,0.32578328,0.03940432,0.008304946,287.10938,401.95312,545.5078,674.70703,0.21183044,453.11752,2.9460793,178173.06,11.951505,274.24094,-0.008428082,0.45767674,0.02237936,27.165808,7.2431297,0.8465603,-23.327032,-1.0032746,-7.0047536,-9.658928,-17.773277,-23.534843,-13.089753,-14.030248,-7.0990357,-12.410645,-3.951491,0 days 00:00:02.679035702,0 days 00:00:02.719035702
0 days 00:00:00.320000,0 days 00:00:00.360000,answer1 ,0.0,0.68748754,0.0,0.0,0.0,-100.0,0.6523846,0.74010724,0.019176519,0.027210884,0.0972158,0.18609224,0.46581104,0.8826723,0.7021405,0.8895586,0.86619693,0.91731167,1.046022,1.06781,0.85988885,0.76444596,0.57075405,0.64121825,0.68975824,0.77057725,0.8562729,0.93848807,1.0883533,1.012586,1.1341449,1.025216,0.64260405,0.4341594,0.3780563,0.31543365,0.076943874,0.023110205,330.17578,502.4414,689.0625,846.97266,0.2620134,536.50665,3.5412838,140493.53,8.808931,214.72765,-0.019486967,0.53616494,0.04934278,32.41184,6.7859406,-6.009629,-34.56428,10.660336,2.2395127,-2.9585521,-12.692496,-26.657686,-7.409212,-11.241066,-3.308574,-15.319232,-8.1701975,0 days 00:00:02.689035702,0 days 00:00:02.729035702
0 days 00:00:00.330000,0 days 00:00:00.370000,answer1 ,0.0,0.69902444,0.0,0.0,0.0,-65.32933,0.7238595,0.90227056,0.020860383,0.026832955,0.13082421,0.23987846,0.45224068,0.8036342,0.7966525,1.060527,1.2518429,1.3970417,1.7539296,1.8292011,1.2756238,0.98471516,0.6636077,0.7293627,0.71736056,0.7737743,0.90308666,1.0026749,1.2463912,1.150184,1.3532324,1.1717297,0.63393253,0.43800297,0.37522507,0.32436165,0.06427654,0.03008266,315.8203,559.8633,846.97266,1062.3047,0.28790078,610.47253,4.117581,169118.81,5.420407,121.201775,-0.021309251,0.6009074,0.051086843,34.87982,3.904993,-9.160544,-37.305447,14.293205,12.080569,-2.9292734,-10.047609,-22.289299,-2.369685,-7.6383595,-4.491406,-17.993586,-8.396968,0 days 00:00:02.699035702,0 days 00:00:02.739035702
0 days 00:00:00.340000,0 days 00:00:00.380000,answer1 ,176.37924,0.72665596,0.0,0.0,0.0,-28.580605,0.74906135,1.0697827,0.021986686,0.024187453,0.17510386,0.30978614,0.45574644,0.7483568,0.90640146,1.2856063,1.6632271,1.8428715,2.3572547,2.5211878,1.7438673,1.2109756,0.80477685,0.82628256,0.7664363,0.8187945,0.98416394,1.1341226,1.4463357,1.2644731,1.488833,1.254866,0.6332795,0.44225445,0.38831326,0.34103605,0.06729975,0.025291562,272.7539,416.3086,717.77344,990.52734,0.27861944,533.064,3.9783041,145938.11,5.1473274,109.666145,-0.024228081,0.5307564,0.055280924,36.30887,2.4236183,-6.6561637,-30.128988,11.401643,13.0757265,-4.2146897,-3.2341583,-9.961512,-2.1669703,-10.306395,-3.5718172,-20.08742,-10.202224,0 days 00:00:02.709035702,0 days 00:00:02.749035702
0 days 00:00:00.350000,0 days 00:00:00.390000,answer1 ,176.16206,0.76739264,0.0,0.0,0.24815434,7.192529,0.85205394,1.2103868,0.025586462,0.01984127,0.21831308,0.39110336,0.46920136,0.70501524,1.0153781,1.478428,1.9282699,2.130243,2.6256595,2.7866802,2.1945114,1.5286932,1.0311768,0.96108174,0.8728943,0.9648381,1.1794294,1.3871017,1.654912,1.2842007,1.5165313,1.2676729,0.6530393,0.4466033,0.41936108,0.35971716,0.06508788,0.021601161,186.6211,387.59766,703.41797,947.46094,0.27650422,501.07376,3.941417,177323.33,4.694405,88.853325,-0.03105174,0.49359265,0.08343106,35.729862,-3.988653,-0.7287715,-21.671743,8.30791,12.640052,-5.806831,-5.5185714,0.15364139,-2.7241106,-18.796755,-4.0371494,-17.49698,-6.7565646,0 days 00:00:02.719035702,0 days 00:00:02.759035702
0 days 00:00:00.360000,0 days 00:00:00.400000,answer1 ,176.28883,0.78323215,0.07313368,0.044493943,0.26648676,8.730981,0.951266,1.3191438,0.031374183,0.015684051,0.2580878,0.47059178,0.47800553,0.68907595,1.1010876,1.5708729,1.9788998,2.2202585,2.5173705,2.567414,2.458577,2.0504894,1.4831883,1.2211739,1.0648645,1.2266502,1.4636806,1.6857883,1.8227175,1.2307292,1.4767338,1.2578748,0.69571894,0.45885244,0.46521816,0.38381934,0.088990174,0.021415874,172.26562,315.8203,631.6406,875.6836,0.2413085,456.5154,3.7192948,167008.52,5.183643,102.95931,-0.044716954,0.4529896,0.137727,36.643063,-5.472834,1.325042,-14.673271,6.428881,3.0845,-2.0289237,2.6623032,3.272889,-4.9323897,-23.542603,3.3324869,-10.264945,-6.053234,0 days 00:00:02.729035702,0 days 00:00:02.769035702
0 days 00:00:00.370000,0 days 00:00:00.410000,answer1 ,175.9394,0.7757282,0.05126622,0.034696884,0.19930853,10.549415,1.0146793,1.4301877,0.035574947,0.0134164775,0.30286244,0.5563598,0.5073529,0.75788087,1.206168,1.638453,1.9502488,2.27201,2.409033,2.2219498,2.403766,2.723622,2.1618698,1.5413591,1.2979671,1.5067507,1.6993675,1.9472418,1.926287,1.1691736,1.5105454,1.3223548,0.75702524,0.48360577,0.5000253,0.41160187,0.111223854,0.023692654,172.26562,301.46484,559.8633,832.6172,0.22494082,425.31595,3.523267,148980.67,5.060493,103.204735,-0.060473498,0.42368177,0.18637025,38.966496,-4.4494677,2.6766865,-13.317585,7.389454,-1.4071814,-1.6163015,5.2686386,1.2987442,-9.3603735,-27.44893,9.582883,-6.244175,-3.416642,0 days 00:00:02.739035702,0 days 00:00:02.779035702
0 days 00:00:00.380000,0 days 00:00:00.420000,answer1 ,176.67949,0.763225,0.020924762,0.014338433,0.15832157,12.558478,0.8964834,1.4764189,0.037569765,0.011526833,0.3456727,0.6281732,0.54660946,0.86937237,1.3032686,1.6097401,1.8609558,2.2143068,2.300146,1.9201652,2.1132374,3.1575565,2.797272,1.7244716,1.4611355,1.6226383,1.7369057,2.0199544,1.8832229,1.1048908,1.5308757,1.3769174,0.78049755,0.51559323,0.51618445,0.44712678,0.10617178,0.014987285,172.26562,186.6211,387.59766,689.0625,0.18109034,333.07288,3.045659,104332.445,8.757525,290.27188,-0.06504338,0.3400245,0.18558867,40.183903,1.2547785,3.032464,-5.6668963,6.064791,-3.688022,-5.8571725,10.268643,1.22603,-12.323273,-27.539322,12.067122,-4.3953156,-4.700541,0 days 00:00:02.749035702,0 days 00:00:02.789035702
0 days 00:00:00.390000,0 days 00:00:00.430000,answer1 ,177.72087,0.7643438,0.01040038,0.007297838,0.08221978,13.716069,0.7930258,1.3966308,0.03891926,0.011715797,0.37723184,0.6801501,0.59353906,0.9520693,1.3486652,1.540095,1.6885196,2.0012586,2.0587232,1.5395023,1.6628336,3.0614045,3.070586,1.6392902,1.4253302,1.5046035,1.5746902,1.8760344,1.687282,1.0106684,1.428347,1.3205366,0.7470477,0.5333095,0.51041514,0.48026827,0.111106426,0.008370781,172.26562,172.26562,272.7539,531.15234,0.17091338,274.9004,2.6552522,67249.06,11.904521,493.98453,-0.07307207,0.28629673,0.18485753,41.349606,6.8309197,7.9247074,-3.3717127,-0.25838852,-2.8656552,-8.807071,9.637277,7.354294,-14.05016,-33.884384,9.833123,-1.6877707,-3.1955965,0 days 00:00:02.759035702,0 days 00:00:02.799035702
0 days 00:00:00.400000,0 days 00:00:00.440000,answer1 ,179.19136,0.77091926,0.018615557,0.0077374442,0.07179233,13.410827,0.69027543,1.2211145,0.04020905,0.011904761,0.38359535,0.7054282,0.64260197,0.9725194,1.3057308,1.3784565,1.4407945,1.6687073,1.6379195,1.1108211,1.3031951,2.517656,2.7976925,1.3836876,1.2619488,1.2892605,1.3966855,1.6392993,1.4140629,0.8911221,1.1986793,1.1466876,0.6992555,0.55997,0.49725413,0.5059458,0.10725888,0.0034759662,172.26562,172.26562,215.33203,401.95312,0.15753342,236.26936,2.3388913,40494.875,19.306337,1113.4462,-0.07723553,0.25087002,0.18388045,40.950466,13.360072,10.623432,2.2259297,-7.519665,-5.1272297,-4.649703,6.3796782,10.453942,-17.701256,-33.711067,3.7956326,-2.1943042,-1.3941466,0 days 00:00:02.769035702,0 days 00:00:02.809035702
0 days 00:00:00.410000,0 days 00:00:00.450000,answer1 ,179.24744,0.77686435,0.018069386,0.02051364,0.06170841,16.225584,0.6040434,1.0205257,0.039495338,0.01266062,0.37142456,0.7047424,0.6750229,0.9418766,1.2064041,1.192238,1.2018632,1.3471075,1.1572617,0.73049706,1.0077755,1.822245,2.2082837,1.1578983,1.0466232,1.0971166,1.2538887,1.3698066,1.1346627,0.77300376,0.928608,0.93930095,0.67623633,0.5945417,0.48423675,0.51100326,0.10136742,0.0011431341,172.26562,172.26562,215.33203,358.88672,0.12178611,220.14388,2.156455,23351.021,25.136942,1717.1035,-0.0775736,0.2364441,0.18215473,41.880554,18.845972,13.0622635,3.331086,-11.597463,-7.057144,0.11104516,3.665804,10.596781,-21.755121,-31.174805,2.0362613,-5.5787582,-0.3861535,0 days 00:00:02.779035702,0 days 00:00:02.819035702
0 days 00:00:00.420000,0 days 00:00:00.460000,answer1 ,178.88579,0.77488416,0.014595836,0.02080535,0.05285907,20.466217,0.55601007,0.87127703,0.037388492,0.0143613,0.34904495,0.6808776,0.68047506,0.9120557,1.0999693,1.0181195,1.0492197,1.1468985,0.81038207,0.5218528,0.80837584,1.2795725,1.61978,1.0760037,0.9000005,0.9797639,1.1434729,1.1430522,0.91992694,0.6993799,0.7463646,0.79546875,0.68253976,0.6301517,0.46880007,0.49165347,0.08645087,0.00065250887,172.26562,172.26562,215.33203,344.53125,0.09641579,215.57219,2.0927622,21646.56,30.091743,2231.0544,-0.06914711,0.23206104,0.16767186,41.875187,20.802488,13.067776,5.4757285,-12.314789,-10.630727,3.99623,6.237437,4.8477902,-23.013685,-25.672049,0.35175422,-6.518799,-1.882294,0 days 00:00:02.789035702,0 days 00:00:02.829035702
0 days 00:00:00.430000,0 days 00:00:00.470000,answer1 ,177.78883,0.76980036,0.006592177,0.018015396,0.040520143,23.072222,0.5429925,0.7781446,0.035089925,0.015873017,0.32401922,0.63671494,0.65201515,0.886066,1.0131954,0.8799253,0.96857244,1.0365962,0.6163456,0.4536601,0.7049237,0.9155755,1.2284013,1.1067361,0.83370113,0.8909295,1.0252434,0.954788,0.77620727,0.6801694,0.66556066,0.7127662,0.686784,0.6446793,0.46806476,0.4701198,0.080630146,0.00056887977,172.26562,172.26562,215.33203,358.88672,0.08989518,221.98445,2.1962264,25625.947,29.067408,2055.13,-0.05907007,0.23880725,0.14706142,42.046062,20.444954,12.247189,3.6726973,-12.470389,-9.600528,3.106881,8.776741,-0.6931359,-18.836073,-22.240639,-1.0516934,-7.5070643,-3.0512094,0 days 00:00:02.799035702,0 days 00:00:02.839035702
0 days 00:00:00.440000,0 days 00:00:00.480000,answer1 ,176.70256,0.7734148,0.006975332,0.0060497797,0.03887089,21.95624,0.63621634,0.75985986,0.03510178,0.017384732,0.29944375,0.5824229,0.6038398,0.85678977,0.9772181,0.86645573,0.976283,1.0070103,0.56325454,0.48112056,0.69678956,0.74334925,1.0575622,1.2303468,0.9452173,0.8951555,0.96174765,0.8793823,0.74391294,0.7375882,0.7141686,0.6926622,0.67418534,0.6200711,0.47944734,0.47093263,0.121095724,0.0023150928,172.26562,186.6211,315.8203,430.66406,0.166511,266.57455,2.5561435,48758.78,21.39058,1325.2604,-0.057776522,0.2831174,0.14639553,41.096844,15.379414,12.91008,0.31389633,-18.093225,-10.677803,7.0548234,15.840276,-10.072212,-8.063454,-14.474628,-2.8858964,-14.580933,-4.1780148,0 days 00:00:02.809035702,0 days 00:00:02.849035702
0 days 00:00:00.450000,0 days 00:00:00.490000,answer1 ,174.7428,0.7773321,0.026026651,0.019822413,0.080199085,16.674112,0.7473205,0.8307012,0.03616714,0.017762661,0.27695695,0.529153,0.55324346,0.83083695,1.0048195,1.007053,1.0524923,1.0366062,0.61891246,0.5957348,0.8035362,0.6896499,1.0099735,1.459478,1.360082,1.0885847,1.0333823,0.9505377,0.83303326,0.88345385,0.89413565,0.7582097,0.67994124,0.60946935,0.5131418,0.52581364,0.16426496,0.004565522,172.26562,200.97656,416.3086,502.4414,0.18543363,310.96777,2.8709052,75966.914,14.46954,640.63055,-0.05976926,0.3264479,0.16534375,38.824993,11.062921,13.771228,-3.7852848,-23.350885,-8.02474,10.8811035,11.743106,-17.3104,4.0157065,-6.059438,-2.5004141,-21.995094,-4.3373857,0 days 00:00:02.819035702,0 days 00:00:02.859035702
0 days 00:00:00.460000,0 days 00:00:00.500000,answer1 ,173.04951,0.78760386,0.032615434,0.024656894,0.12349103,13.013154,0.86068124,0.9876997,0.036596604,0.018518519,0.26116732,0.4876515,0.5172481,0.82220936,1.0938705,1.2675694,1.1556263,1.0972067,0.75664264,0.80355304,0.9955349,0.69335324,1.0083603,1.718882,2.0404785,1.545239,1.2581481,1.1682471,1.0349318,1.1331114,1.2223337,0.94165725,0.7745567,0.66679555,0.5856773,0.630138,0.20496029,0.0064520515,172.26562,215.33203,473.73047,545.5078,0.21190107,339.25327,3.126674,110219.9,10.217836,237.81685,-0.0659268,0.35298073,0.19331807,34.99775,10.498916,14.274956,-7.648604,-24.043242,-8.130454,16.145983,4.1596475,-20.783632,12.171997,1.2381154,-3.534993,-21.297594,-5.846695,0 days 00:00:02.829035702,0 days 00:00:02.869035702
0 days 00:00:00.470000,0 days 00:00:00.510000,answer1 ,171.558,0.7903616,0.03174289,0.027235866,0.14997698,12.60065,0.89405966,1.1922091,0.036921374,0.0202192,0.25068307,0.45848885,0.49436474,0.8342187,1.1977319,1.5168346,1.2239417,1.1354313,0.9251203,1.0556787,1.1792718,0.73759365,1.0236992,1.8856157,2.7324822,2.2629812,1.5873395,1.4758325,1.2916856,1.4885688,1.656745,1.2465242,1.0070544,0.8452516,0.7202916,0.7640062,0.20054455,0.007258236,172.26562,215.33203,459.375,531.15234,0.14935312,342.6172,3.1258233,143902.94,10.746446,228.15984,-0.06422966,0.35335267,0.20868433,30.997778,13.229953,13.872766,-9.212852,-22.256956,-6.8937783,16.31442,-5.1023583,-17.091732,13.558452,1.3754745,-6.1638107,-13.566712,-5.4654946,0 days 00:00:02.839035702,0 days 00:00:02.879035702
0 days 00:00:00.480000,0 days 00:00:00.520000,answer1 ,170.47264,0.79159826,0.01306505,0.013439407,0.099396676,15.183276,0.9165862,1.3709701,0.037598778,0.022864701,0.24341382,0.43741378,0.479442,0.8551852,1.2770671,1.6311178,1.2024082,1.1006986,1.0413934,1.2415136,1.2790302,0.8084185,1.0321187,1.8440403,2.976816,2.9463708,1.9712381,1.8146335,1.545299,1.9403696,2.1069763,1.584816,1.3765349,1.115575,0.9156607,0.8776691,0.22656631,0.007341711,172.26562,258.39844,459.375,516.7969,0.15291816,353.90897,3.1080787,163104.34,10.449219,185.65578,-0.06581105,0.36356318,0.22210212,27.574326,15.811055,16.956644,-12.099457,-20.499643,-7.97337,11.592365,-8.333716,-10.13027,14.650178,1.772688,-6.2996793,-8.469636,-7.986263,0 days 00:00:02.849035702,0 days 00:00:02.889035702
0 days 00:00:00.490000,0 days 00:00:00.530000,answer1 ,169.60204,0.7926957,0.005219329,0.006558536,0.075591624,17.724068,0.90716696,1.475069,0.037938744,0.02532124,0.23686688,0.41953543,0.46520972,0.8558986,1.3260921,1.6464006,1.1217146,0.9949836,1.0549015,1.2860852,1.251103,0.90652674,1.0444545,1.6883162,2.7918005,3.3217573,2.360349,2.1543646,1.74696,2.376353,2.4014814,1.8084327,1.7267536,1.3466601,1.0720577,0.9467352,0.2462713,0.0072386116,172.26562,287.10938,502.4414,516.7969,0.12101104,366.87366,3.070512,159924.05,9.802501,168.12808,-0.065686755,0.37715682,0.22568534,27.357492,14.977135,21.415407,-12.391151,-24.045519,-7.2312093,5.195458,-7.6326447,-2.6760454,16.94372,0.117124476,-1.7416598,-9.127612,-9.015421,0 days 00:00:02.859035702,0 days 00:00:02.899035702
0 days 00:00:00.500000,0 days 00:00:00.540000,answer1 ,168.86194,0.7892998,0.003184135,0.0031185627,0.05071391,18.638496,0.8921477,1.4880072,0.03727855,0.027588814,0.22794826,0.4017322,0.45057097,0.8361261,1.3557745,1.6231798,1.0027834,0.86448294,0.9921424,1.1989361,1.1533786,0.9832571,1.0435113,1.538972,2.379277,3.2886932,2.7670574,2.505087,1.8867105,2.636942,2.418083,1.8137294,1.8678805,1.418259,1.0950737,0.9385975,0.27197364,0.006852194,172.26562,330.17578,516.7969,516.7969,0.10928413,372.0607,3.0632255,142550.42,9.415484,163.6034,-0.06676778,0.3840084,0.22764009,28.151098,14.043964,26.126015,-14.440465,-26.352646,-5.6568885,0.7945706,-9.930755,2.213384,14.462624,0.5885236,3.0451438,-7.1749845,-12.019597,0 days 00:00:02.869035702,0 days 00:00:02.909035702
0 days 00:00:00.510000,0 days 00:00:00.550000,answer1 ,167.62456,0.7868132,0.0039850543,0.005480534,0.04505522,19.52617,0.8582573,1.4403954,0.037364304,0.027966743,0.22111201,0.38709417,0.44029793,0.81101245,1.3747886,1.6102704,0.8958853,0.75789165,0.91430014,1.0800062,1.0355078,1.026136,1.0255958,1.4367172,2.0475497,2.9916573,3.1090374,2.7796612,1.9202124,2.6399422,2.2389243,1.667149,1.8080245,1.3704449,0.9883428,0.8727158,0.26955128,0.0058829053,172.26562,315.8203,502.4414,516.7969,0.083086945,358.865,3.040671,122429.24,9.659975,176.67107,-0.06728578,0.37289253,0.22391164,29.249313,15.302574,26.935396,-13.956746,-26.752594,-5.6177936,1.2339226,-13.782659,6.8022933,13.140751,-1.0345539,4.766128,-4.7333956,-12.172788,0 days 00:00:02.879035702,0 days 00:00:02.919035702
0 days 00:00:00.520000,0 days 00:00:00.560000,answer1 ,166.24422,0.7838311,0.0028421397,0.0048935562,0.017712189,20.98346,0.815675,1.3495293,0.036561694,0.0287226,0.21511145,0.3747684,0.4341012,0.79249,1.3629738,1.5552956,0.80500174,0.68221956,0.8522601,0.98015577,0.9278378,1.0261142,0.99148923,1.3221803,1.7934898,2.6470115,3.2643468,2.9062006,1.8136133,2.366621,1.9837223,1.4797045,1.6197532,1.288258,0.8310533,0.7719874,0.25476936,0.005245235,172.26562,315.8203,488.08594,516.7969,0.09718075,350.78137,3.023167,112259.164,9.58635,184.18658,-0.06376917,0.36544606,0.20336519,30.070251,16.160578,28.678871,-13.466847,-26.853996,-6.3814425,1.0739206,-18.401402,9.642156,14.479168,-2.7849424,7.4151444,-3.6339571,-14.889042,0 days 00:00:02.889035702,0 days 00:00:02.929035702
0 days 00:00:00.530000,0 days 00:00:00.570000,answer1 ,164.78499,0.78316975,0.004997267,0.0061000586,0.02760308,21.202646,0.7555213,1.2452685,0.033831153,0.02834467,0.20972835,0.3627762,0.42840812,0.7697323,1.3090663,1.4434414,0.73169565,0.60949165,0.7718713,0.9202357,0.85334057,0.9972954,0.9376555,1.1857442,1.5774826,2.2933598,3.1922169,2.8741314,1.6476132,1.9975189,1.8148751,1.37426,1.4547807,1.2358123,0.71319246,0.67125493,0.21200682,0.004160427,172.26562,272.7539,473.73047,516.7969,0.106494226,340.0446,2.9770298,108989.4,9.5828285,183.85924,-0.055472765,0.3544189,0.16982864,29.83085,17.199697,30.599752,-12.181183,-24.137259,-8.769834,-1.6545428,-20.865656,14.100812,19.053507,-3.2518377,8.722325,-9.128459,-16.54624,0 days 00:00:02.899035702,0 days 00:00:02.939035702
0 days 00:00:00.540000,0 days 00:00:00.580000,answer1 ,164.7432,0.7828007,0.004279146,0.003551282,0.057653993,20.884783,0.7123959,1.149113,0.029365182,0.02834467,0.2027458,0.34717897,0.4148346,0.7205014,1.2087703,1.2831415,0.68683976,0.5470009,0.6884408,0.89026004,0.809995,0.9491942,0.8834329,1.0812105,1.4117361,2.0036438,3.0106928,2.7945573,1.5091147,1.6284972,1.6893826,1.3536688,1.306515,1.1893638,0.6568503,0.6093698,0.14561969,0.0045492523,172.26562,229.6875,473.73047,516.7969,0.12421223,340.19687,2.9878495,163397.17,8.8778925,157.66763,-0.041939158,0.34551468,0.12029386,28.706375,16.886354,29.98173,-11.191403,-25.383738,-3.1638749,-0.048323948,-20.618036,14.873221,15.997424,-5.1765614,12.086247,-11.154579,-18.499079,0 days 00:00:02.909035702,0 days 00:00:02.949035702
0 days 00:00:00.550000,0 days 00:00:00.590000,answer1 ,165.94215,0.7824588,0.005807128,0.004338144,0.058414314,19.135729,0.71107864,1.0892495,0.026116619,0.027210884,0.19230689,0.32677183,0.3922352,0.65353626,1.0808421,1.1144361,0.6716347,0.5250263,0.6334231,0.87312156,0.8068807,0.9080868,0.8581163,1.0551207,1.3260539,1.7894974,2.9258444,2.8037758,1.4969945,1.3679346,1.5844826,1.3786558,1.182425,1.1197697,0.66781706,0.5856983,0.10096162,0.006191224,172.26562,200.97656,473.73047,516.7969,0.10735959,362.78024,3.0602653,244352.45,7.436608,107.29975,-0.032383878,0.353719,0.09322018,27.633821,14.463269,28.582642,-10.174011,-27.355951,2.1402895,0.89454573,-17.686008,16.308975,11.610649,-9.474584,13.51788,-12.176376,-15.662946,0 days 00:00:02.919035702,0 days 00:00:02.959035702
0 days 00:00:00.560000,0 days 00:00:00.600000,answer1 ,167.70583,0.78610307,0.0050467756,0.0042793076,0.061169375,18.319536,0.7568334,1.0807829,0.025815807,0.024565384,0.18156545,0.30690444,0.36754498,0.5952628,0.9510579,0.9727292,0.71608144,0.5936989,0.66547126,0.8838973,0.8397723,0.92533857,0.90309715,1.1155916,1.3521637,1.6915665,2.9169586,2.873062,1.5707965,1.2065134,1.4858066,1.4399961,1.122023,1.0696268,0.7392387,0.61459017,0.08876771,0.0073105097,172.26562,229.6875,488.08594,531.15234,0.104217224,382.02625,3.1968553,281022.62,6.6950507,81.56155,-0.029989237,0.36750746,0.09116385,27.408903,11.59616,22.830282,-9.078673,-28.69417,5.256909,6.6559625,-13.815967,13.867808,6.023853,-14.770152,15.989268,-11.169956,-11.602127,0 days 00:00:02.929035702,0 days 00:00:02.969035702
0 days 00:00:00.570000,0 days 00:00:00.610000,answer1 ,168.60976,0.79068923,0.008988555,0.008616489,0.034528818,16.621502,0.81890494,1.117184,0.027054593,0.023053667,0.1715091,0.29239234,0.35206458,0.5734109,0.8554457,0.8918422,0.8216887,0.7621231,0.80086356,0.94798994,0.93128186,1.0479621,1.0718228,1.2924675,1.5315124,1.6913482,2.803912,2.8529518,1.6567296,1.1236395,1.4146694,1.5404778,1.1386181,1.011212,0.80589813,0.6629541,0.10257258,0.008735039,172.26562,272.7539,502.4414,588.5742,0.09410749,396.4257,3.3544095,257736.5,6.615698,81.98794,-0.033008225,0.38590443,0.10651347,29.249825,6.634886,17.74211,-6.783506,-22.941177,-3.2007558,9.354568,-8.894054,8.484969,4.043534,-15.993426,17.029863,-16.843996,-4.419637,0 days 00:00:02.939035702,0 days 00:00:02.979035702
0 days 00:00:00.580000,0 days 00:00:00.620000,answer1 ,167.98878,0.791151,0.00884658,0.009481489,0.04435571,16.560045,0.8858091,1.1856108,0.028212816,0.022675738,0.16482694,0.28667668,0.35213163,0.5904555,0.8017443,0.868571,0.9628579,0.9916234,1.0142556,1.1061239,1.1127791,1.2986406,1.3565103,1.6075329,1.8382988,1.7229227,2.4761288,2.5995228,1.7009524,1.1453154,1.3992418,1.7161361,1.2493908,0.9583128,0.8114309,0.6934989,0.11284039,0.010626835,172.26562,301.46484,516.7969,660.35156,0.09918945,393.63452,3.4951885,210093.08,6.9959583,94.35718,-0.037232075,0.39151585,0.12309722,30.577387,3.162552,12.061206,-6.141229,-13.531232,-10.489221,14.502948,-5.7379937,-0.13847907,1.0257051,-13.063298,15.63071,-19.150846,0.51520425,0 days 00:00:02.949035702,0 days 00:00:02.989035702
0 days 00:00:00.590000,0 days 00:00:00.630000,answer1 ,166.50108,0.78819674,0.008960861,0.009262867,0.043513805,16.161036,0.9652891,1.2817861,0.028479874,0.026455024,0.16108893,0.28777346,0.3666381,0.62864584,0.7661045,0.8540589,1.0868835,1.221836,1.2961975,1.3764893,1.3784758,1.655269,1.7554172,2.0527725,2.2076387,1.736124,2.097552,2.250975,1.6788607,1.2648739,1.4369612,1.959651,1.4506842,0.92066246,0.75429565,0.68050647,0.11073496,0.018635886,172.26562,301.46484,502.4414,803.90625,0.10281729,421.93356,3.6515439,262029.0,5.994325,72.99613,-0.039265435,0.40817714,0.12668945,30.797792,-1.8047823,10.648251,-4.2519917,-4.2457566,-15.118476,16.348097,-8.474017,-2.279925,-3.637885,-14.275101,17.476526,-19.362953,1.3396324,0 days 00:00:02.959035702,0 days 00:00:02.999035702
0 days 00:00:00.600000,0 days 00:00:00.640000,answer1 ,164.59424,0.7854064,0.005718611,0.0052414634,0.06120831,17.14536,1.048916,1.4002565,0.028201507,0.03155707,0.15804707,0.28896168,0.38332167,0.6618522,0.7242233,0.81446487,1.1419572,1.3730749,1.5749859,1.7055858,1.7061019,2.0789487,2.2211509,2.5560443,2.6272259,1.793673,1.9323473,2.0453331,1.6444241,1.4096335,1.5014697,2.171601,1.6616292,0.9327404,0.6765783,0.6212935,0.09789058,0.033930723,172.26562,315.8203,602.9297,1234.5703,0.11595172,514.38293,3.9290211,392637.6,4.350139,44.53859,-0.037695166,0.46685204,0.12233692,29.789055,-7.4804835,11.761081,-0.8975291,-2.5157094,-13.981233,19.652258,-16.580956,0.1002992,-6.092879,-14.356712,16.31369,-16.580702,-0.5357032,0 days 00:00:02.969035702,0 days 00:00:03.009035702
0 days 00:00:00.610000,0 days 00:00:00.650000,answer1 ,163.1643,0.7848318,0.009161707,0.0078132,0.06559188,15.738069,1.1112972,1.5248499,0.027573802,0.038170826,0.15464719,0.284862,0.39072374,0.6724,0.66908574,0.7483187,1.1443706,1.4701719,1.791365,1.9859986,1.990151,2.4426792,2.6303413,2.9467022,2.9851978,1.9811735,2.1245108,2.165205,1.6483607,1.5110582,1.5760876,2.3085313,1.8301283,1.0161852,0.63174754,0.54609346,0.08509537,0.041437555,172.26562,330.17578,689.0625,1593.457,0.14304669,602.2805,4.1713643,519717.16,3.0390987,19.623648,-0.03499813,0.5250307,0.113774784,28.462992,-11.552625,14.662285,-1.7980713,-2.9603865,-11.750114,23.791811,-22.74098,5.827686,-9.632354,-17.474056,16.635565,-14.482635,-1.2552923,0 days 00:00:02.979035702,0 days 00:00:03.019035702
0 days 00:00:00.620000,0 days 00:00:00.660000,answer1 ,162.81061,0.7858233,0.009951107,0.0109145595,0.066200554,14.342613,1.1098018,1.6107006,0.026474848,0.04176115,0.14951979,0.27337006,0.38333538,0.65477943,0.6130664,0.6843392,1.1383723,1.5567185,1.873404,2.0772474,2.106462,2.6522062,2.8756027,3.1043794,3.235099,2.290085,2.4675243,2.4567392,1.7444216,1.4940828,1.6143885,2.3258908,1.8954016,1.1211762,0.61484,0.47576094,0.069427334,0.039211802,172.26562,387.59766,803.90625,1751.3672,0.15005496,660.64557,4.3020196,549469.8,2.7306767,17.45114,-0.031704567,0.5734106,0.106704056,27.926592,-12.667081,15.25784,-3.8574207,-6.7523685,-9.372569,29.399942,-20.83873,8.523975,-13.704885,-18.314117,12.636035,-11.867742,3.2482195,0 days 00:00:02.989035702,0 days 00:00:03.029035702
0 days 00:00:00.630000,0 days 00:00:00.670000,answer1 ,163.36555,0.7842696,0.009183166,0.01278314,0.07245735,13.2848425,1.0435549,1.6151642,0.023890669,0.042705968,0.1435789,0.25811222,0.36552802,0.6154675,0.56774217,0.6451672,1.1518949,1.6709876,1.81962,1.9254516,1.9875441,2.608782,2.7881556,2.9508097,3.2732925,2.6334667,2.687486,2.6344726,1.9055175,1.4364367,1.5872265,2.2505414,1.846044,1.1939471,0.61832803,0.42866823,0.05656934,0.028161788,172.26562,387.59766,789.5508,1837.5,0.14972448,660.1031,4.2836,552131.9,2.73079,16.342337,-0.027455723,0.5735803,0.09107389,27.353403,-10.763017,16.964684,-7.6630096,-10.577376,-6.44523,32.106094,-16.965788,8.849882,-14.698959,-20.304285,8.18923,-9.098151,7.9366326,0 days 00:00:02.999035702,0 days 00:00:03.039035702
0 days 00:00:00.640000,0 days 00:00:00.680000,answer1 ,164.23552,0.7767513,0.0053840987,0.010119398,0.08076991,13.642369,0.98711425,1.5451318,0.022233186,0.040249433,0.13734151,0.24450259,0.34792838,0.5712171,0.538941,0.6309242,1.163426,1.741055,1.6600643,1.6417117,1.7192626,2.3746035,2.4997256,2.6040328,3.128939,2.8436491,2.6397746,2.5789742,2.1121798,1.410354,1.5300905,2.1254523,1.7152067,1.1890465,0.6220544,0.40296713,0.05018005,0.023337027,172.26562,387.59766,746.4844,1909.2773,0.1251287,650.02954,4.259569,553018.06,2.7473886,16.489103,-0.023878662,0.56400734,0.07913672,27.020975,-10.004841,19.471617,-9.085117,-12.402759,-7.2595143,30.328665,-13.401055,6.9794803,-13.14423,-17.03922,3.908128,-9.4520645,8.960919,0 days 00:00:03.009035702,0 days 00:00:03.049035702
0 days 00:00:00.650000,0 days 00:00:00.690000,answer1 ,164.57742,0.74464685,0.004332876,0.008032533,0.08700208,-23.949057,0.93544215,1.4294881,0.021753244,0.035336357,0.13112468,0.23512636,0.33689526,0.5408335,0.5352683,0.64070386,1.1451699,1.6828413,1.4539045,1.3749748,1.4789962,2.0013392,2.0861828,2.1932704,2.840686,2.912639,2.4212012,2.3198705,2.293953,1.4502563,1.4629704,1.9530362,1.5306482,1.1284918,0.61981833,0.39648393,0.05994336,0.019547764,172.26562,344.53125,660.35156,1693.9453,0.120551825,608.7614,4.205914,522171.0,3.0318995,18.071196,-0.022326998,0.53300744,0.07153276,27.21208,-7.3861547,21.550789,-13.253522,-14.778664,-5.628247,25.925287,-15.6038065,4.501965,-6.717524,-12.14717,0.5977536,-11.073169,7.744589,0 days 00:00:03.019035702,0 days 00:00:03.059035702
0 days 00:00:00.660000,0 days 00:00:00.700000,answer1 ,0.0,0.71292037,0.0,0.0,0.0,-61.65523,0.88270503,1.305948,0.022672378,0.030612245,0.124592595,0.23122363,0.3421696,0.5314471,0.56071633,0.6742995,1.1085206,1.5240952,1.2516414,1.2057208,1.3248295,1.5810719,1.7065815,1.789731,2.4214573,2.728696,2.2121105,2.063347,2.3959506,1.5538844,1.4415169,1.7862698,1.3566688,1.0310578,0.6112206,0.39582744,0.07642749,0.013445326,172.26562,344.53125,602.9297,1162.793,0.16040649,532.4148,4.040879,395125.6,4.3570333,40.237297,-0.023714572,0.4882991,0.06473749,28.1818,-2.5636122,22.238947,-21.016508,-15.326116,-4.2627892,20.536116,-14.369603,2.8876684,-5.965246,-12.303196,-0.08846471,-12.362991,3.2639656,0 days 00:00:03.029035702,0 days 00:00:03.069035702
0 days 00:00:00.670000,0 days 00:00:00.710000,answer1 ,0.0,0.6888129,0.0,0.0,0.0,-100.0,0.79592115,1.1791822,0.02382876,0.026455024,0.11986581,0.23161726,0.36371267,0.54609674,0.60943514,0.7271097,1.0642996,1.326759,1.0926257,1.0864189,1.2131481,1.1951028,1.357803,1.4271423,1.9315447,2.3443792,1.9960475,1.8053228,2.377717,1.6352457,1.4315227,1.6105009,1.2185534,0.94625473,0.59553665,0.40497616,0.10231954,0.0066874977,172.26562,330.17578,516.7969,674.70703,0.21128784,440.03577,3.7815697,242314.19,6.8001847,94.16385,-0.025898034,0.4306517,0.06307662,29.502914,4.8206406,21.599272,-24.173958,-16.675323,-3.7391956,15.705086,-14.737785,1.9484309,-4.346912,-11.509313,0.050624922,-12.201191,3.022178,0 days 00:00:03.039035702,0 days 00:00:03.079035702
0 days 00:00:00.680000,0 days 00:00:00.720000,answer1 ,0.0,0.68445563,0.0,0.0,0.0,-100.0,0.68710446,1.0435864,0.02404189,0.025132274,0.11658722,0.23220456,0.39443937,0.56158286,0.6600583,0.7674348,0.99763536,1.1165872,0.96086556,0.9575384,1.0557262,0.9032953,1.0571805,1.0960023,1.4548563,1.8247362,1.7372783,1.5372864,2.196628,1.6470379,1.421001,1.4257011,1.116438,0.88379294,0.5853932,0.4259601,0.09964018,0.0028326996,172.26562,315.8203,473.73047,574.21875,0.2342034,381.63892,3.5731678,169229.52,9.308189,154.70923,-0.022992535,0.3895764,0.04566187,29.320608,11.166692,21.516739,-23.019327,-16.25222,-7.077179,10.473088,-12.76801,-0.28363848,-3.2117946,-8.905602,-0.30361643,-11.274926,-0.9003505,0 days 00:00:03.049035702,0 days 00:00:03.089035702
0 days 00:00:00.690000,0 days 00:00:00.730000,answer1 ,0.0,0.68475646,0.0,0.0,0.0,-100.0,0.6180708,0.9173315,0.02229339,0.023620559,0.11549512,0.23071146,0.4264448,0.5749263,0.6981466,0.7714617,0.8794282,0.87164134,0.8276281,0.8201775,0.8731487,0.71767217,0.8288223,0.84923714,1.0877142,1.364534,1.4372038,1.2786356,2.0010748,1.6049975,1.4342266,1.2351884,1.0303614,0.85992765,0.5708249,0.46098876,0.108683445,0.001807552,186.6211,301.46484,401.95312,516.7969,0.20358151,347.82278,3.4697676,145568.67,11.103885,199.95412,-0.022299243,0.3612775,0.034611944,28.350256,16.856085,25.684378,-22.093338,-15.441646,-8.778127,-0.027353605,-14.145831,-3.29892,1.240733,-1.4743109,-0.2619237,-11.467189,-2.3425777,0 days 00:00:03.059035702,0 days 00:00:03.099035702
0 days 00:00:00.700000,0 days 00:00:00.740000,answer1 ,0.0,0.6835405,0.0,0.0,0.0,-100.0,0.5320119,0.80332977,0.018366637,0.021730915,0.11285112,0.22530223,0.4464124,0.56914544,0.7165963,0.72809106,0.7147773,0.62653893,0.6872721,0.69197375,0.70508313,0.59106946,0.66066045,0.68820256,0.8457114,1.0656034,1.1586791,1.053801,1.7873707,1.5227207,1.4304537,1.0442783,0.9249036,0.83044004,0.56128,0.4973521,0.08456781,0.0011308525,186.6211,287.10938,387.59766,488.08594,0.1593768,329.17694,3.3846824,129391.65,13.820544,318.50357,-0.017647222,0.34459582,0.018424599,28.211504,20.12562,27.522583,-19.916002,-17.193497,-8.951795,-6.2872543,-13.137979,-8.658036,3.5234845,-0.030196587,-0.29633713,-9.788577,-7.0250015,0 days 00:00:03.069035702,0 days 00:00:03.109035702
0 days 00:00:00.710000,0 days 00:00:00.750000,answer1 ,0.0,0.68137985,0.0,0.0,0.0,-100.0,0.44469824,0.7041829,0.014184546,0.023053667,0.10507264,0.20896433,0.4320866,0.5261545,0.6896892,0.64692664,0.5517131,0.4545205,0.5621008,0.586704,0.58114153,0.50020665,0.5534481,0.58452725,0.6830058,0.8958161,0.95724493,0.8908072,1.5988117,1.4423488,1.3728479,0.870259,0.7938816,0.75923586,0.547516,0.51372343,0.061922446,0.0007354776,186.6211,287.10938,387.59766,502.4414,0.1764576,347.8136,3.452409,203688.5,13.501191,306.51297,-0.01302373,0.35736224,0.011497996,27.319883,19.280573,26.561989,-19.539911,-18.062458,-4.999083,-8.134396,-9.902387,-9.626121,4.2907853,-1.4223852,-0.25320008,-5.4772034,-4.7111883,0 days 00:00:03.079035702,0 days 00:00:03.119035702
0 days 00:00:00.720000,0 days 00:00:00.760000,answer1 ,0.0,0.6752007,0.0,0.0,0.0,-100.0,0.3430903,0.6089934,0.010143972,0.028533636,0.09250808,0.18161874,0.38886687,0.4558684,0.59783554,0.53791356,0.41511217,0.3815336,0.4720184,0.49366394,0.50462955,0.43953863,0.48096976,0.51707494,0.5659453,0.79335976,0.80845743,0.759579,1.3583813,1.328596,1.1934824,0.7167918,0.6540936,0.6486725,0.54323393,0.5040827,0.026961401,0.0002963198,186.6211,272.7539,358.88672,459.375,0.15053554,339.95084,3.158507,224070.2,14.344257,327.19382,-0.006125491,0.34830976,0.007547556,26.185272,17.622084,22.761576,-13.193517,-17.627806,-0.8112793,-7.074717,-8.776797,-13.353177,-1.7122532,-6.2581296,-3.2584057,-0.81508404,-1.8743292,0 days 00:00:03.089035702,0 days 00:00:03.129035702
0 days 00:00:00.730000,0 days 00:00:00.770000,answer1 ,0.0,0.66643566,0.0,0.0,0.0,-100.0,0.28552708,0.5275454,0.007527529,0.039493576,0.07716542,0.14589515,0.32498124,0.36613402,0.45641458,0.41412342,0.31981453,0.3671197,0.41935182,0.4222466,0.4590334,0.42024842,0.45816743,0.47582135,0.49407578,0.71109605,0.7070837,0.6657621,1.1130556,1.220874,0.9583221,0.59952515,0.5424191,0.5443867,0.55681235,0.47625074,0.008581408,0.0002503882,200.97656,272.7539,344.53125,430.66406,0.12982236,369.78018,3.1976337,383413.6,11.215092,185.53503,-0.0016890605,0.3637291,0.0030617395,22.90776,13.520452,20.981775,-8.383218,-13.426086,3.5431926,-9.4965925,-7.1385713,-12.785323,-8.5633135,-8.203098,-4.1113544,2.8105667,-0.020070076,0 days 00:00:03.099035702,0 days 00:00:03.139035702
0 days 00:00:00.740000,0 days 00:00:00.780000,answer1 ,0.0,0.65732217,0.0,0.0,0.0,-100.0,0.25383443,0.47410068,0.0046138004,0.050453514,0.0636813,0.11503517,0.26917437,0.29021674,0.32328746,0.30750826,0.24906296,0.3615938,0.38794485,0.37936893,0.4445515,0.4360024,0.48390147,0.4705442,0.4568025,0.630843,0.63803816,0.6206414,0.9386344,1.1819781,0.7537117,0.5243829,0.4798263,0.49084508,0.578422,0.45061946,0.0062948163,0.00022045143,215.33203,258.39844,358.88672,574.21875,0.065899886,432.30362,3.3513935,709395.75,9.554646,142.60245,-0.0012321713,0.3971342,0.0019665014,20.243685,11.522756,19.622984,-4.013613,-9.051101,2.4089708,-14.707318,-4.8604145,-11.786056,-16.125143,-6.0873413,-3.204059,1.9668931,-3.5301492,0 days 00:00:03.109035702,0 days 00:00:03.149035702
0 days 00:00:00.750000,0 days 00:00:00.790000,answer1 ,0.0,0.6440887,0.0,0.0,0.0,-100.0,0.2239571,0.44656742,0.0030265301,0.058201056,0.05331889,0.09325627,0.21913774,0.2262643,0.23963428,0.23423071,0.20237784,0.33975187,0.36360195,0.37605813,0.44073924,0.47646245,0.55791295,0.50519633,0.43681255,0.5486831,0.5922648,0.60028744,0.8332465,1.1828902,0.6327458,0.49080142,0.45853844,0.47758403,0.59872764,0.43022835,0.0021515884,0.00020559451,200.97656,258.39844,416.3086,1019.2383,0.042333085,566.94305,4.01887,1.3555832e+06,6.4171605,61.210373,-0.00050874165,0.48668027,0.0006957287,17.91153,7.9627624,15.974385,-0.93876284,-3.4908178,-0.9446798,-15.086464,0.24557018,-6.257889,-14.845505,-2.5142567,3.5597217,2.9477527,-7.7556853,0 days 00:00:03.119035702,0 days 00:00:03.159035702
0 days 00:00:00.760000,0 days 00:00:00.800000,answer1 ,0.0,0.63485223,0.0,0.0,0.0,-100.0,0.2006489,0.43526974,0.0019853944,0.061035525,0.04568163,0.07653343,0.1757154,0.1776477,0.20619486,0.2001226,0.17789733,0.30929777,0.35527256,0.39708912,0.4460361,0.52697486,0.6530829,0.5511322,0.41927776,0.4752127,0.55656415,0.58089024,0.78222466,1.1745541,0.58736795,0.48122326,0.46130982,0.48599073,0.59908295,0.41463736,0.0007698452,0.00015321386,215.33203,287.10938,488.08594,1320.7031,0.03190304,660.3536,4.3793716,1.6169249e+06,5.4311194,41.26581,-0.00019968279,0.5608423,0.0003600576,16.94701,5.9410844,9.596357,-2.2484581,-3.0913582,-3.5527208,-15.476798,1.0659442,-4.2212462,-12.970074,0.862686,6.372023,5.844046,-7.7117767,0 days 00:00:03.129035702,0 days 00:00:03.169035702
0 days 00:00:00.770000,0 days 00:00:00.810000,answer1 ,0.0,0.6138461,0.0,0.0,0.0,-100.0,0.1848119,0.4238898,0.0018329603,0.059334844,0.04055846,0.06458209,0.14382914,0.14893003,0.20092793,0.18991236,0.1722511,0.29033884,0.3638637,0.40490282,0.44811794,0.5616482,0.7077205,0.5851428,0.40303513,0.42153072,0.5197745,0.53365237,0.7229395,1.0804746,0.5886702,0.47912928,0.4661373,0.4958364,0.58719116,0.40003714,0.0006255061,0.0001086154,215.33203,330.17578,502.4414,1291.9922,0.02002046,679.7431,4.4851117,1.7162804e+06,5.447258,39.961075,-0.00014669077,0.5842731,0.0002788535,16.899134,6.7835765,6.98968,-2.8524783,-5.1252713,-6.4592767,-11.783786,1.7053084,-6.0662384,-12.044927,-2.26909,6.48901,9.191498,-6.771318,0 days 00:00:03.139035702,0 days 00:00:03.179035702
0 days 00:00:00.780000,0 days 00:00:00.820000,answer1 ,0.0,0.6089352,0.0,0.0,0.0,-100.0,0.20902519,0.42738247,0.0025867338,0.055933487,0.036514062,0.056593936,0.12481266,0.13871476,0.20621099,0.197491,0.19290332,0.30253065,0.4035097,0.4136072,0.4804106,0.6157427,0.74413115,0.6283074,0.42023805,0.4200611,0.5092009,0.49632692,0.6752009,0.9545695,0.6405408,0.48855498,0.47972623,0.5107998,0.5780207,0.39722407,0.00062954944,0.0002253645,272.7539,459.375,832.6172,1392.4805,0.020600686,799.6922,4.7925677,1.5970496e+06,5.173499,38.218018,-0.00016569959,0.6786193,0.00035369213,16.553076,1.855287,2.5522642,-3.3200054,-7.3658233,-8.8992195,-8.831113,0.9327374,-7.803228,-10.62522,-7.4431167,1.4550548,6.373549,-6.8616047,0 days 00:00:03.149035702,0 days 00:00:03.189035702
0 days 00:00:00.790000,0 days 00:00:00.830000,answer1 ,0.0,0.61364096,0.0,0.0,0.0,-100.0,0.34299424,0.48608676,0.0043455367,0.05102041,0.034867674,0.057703476,0.124023266,0.14985234,0.22864795,0.23821454,0.2623771,0.37035975,0.48950073,0.46314874,0.5961476,0.75342685,0.8383562,0.80001974,0.53299785,0.51199096,0.5714516,0.5219634,0.6904252,0.9063075,0.7913497,0.5490605,0.54335386,0.5740475,0.61014634,0.4285148,0.0028160487,0.0031601435,373.2422,602.9297,1291.9922,1622.168,0.05167313,992.68164,5.1053295,1.6448561e+06,4.6302075,32.70833,-0.000977721,0.8179095,0.0018733111,15.636739,-3.809572,0.05756998,-3.0427659,-9.307243,-14.973335,-1.4926413,4.849232,-5.930589,-6.720978,-7.227703,-0.6054741,1.7696472,-8.974762,0 days 00:00:03.159035702,0 days 00:00:03.199035702
0 days 00:00:00.800000,0 days 00:00:00.840000,answer1 ,0.0,0.6377175,0.0,0.0,0.0,-100.0,0.48722354,0.6356043,0.008313661,0.04648526,0.03838298,0.07488581,0.14901383,0.19095707,0.29146683,0.33633527,0.42939258,0.50790995,0.6088323,0.6341759,0.8173688,0.99525386,1.0277568,1.2247885,0.820426,0.74465317,0.73927116,0.6663227,0.8075263,0.977567,1.0841485,0.7344286,0.709832,0.72792524,0.69143075,0.49566245,0.016458156,0.004131528,373.2422,574.21875,1277.6367,1550.3906,0.11254696,931.1877,4.9025702,1.2315876e+06,5.3093114,49.241917,-0.0040873573,0.7779789,0.007788662,17.539564,-4.7505884,1.4593639,-5.0101066,-12.675816,-20.46496,5.706715,-1.8263458,-6.357652,-4.56146,-5.815472,-4.0646806,-10.625771,-10.613801,0 days 00:00:03.169035702,0 days 00:00:03.209035702
0 days 00:00:00.810000,0 days 00:00:00.850000,answer1 ,0.0,0.65905803,0.0,0.0,0.0,-100.0,0.6848604,0.89894944,0.013359447,0.042894933,0.051806692,0.11452609,0.21499419,0.28299794,0.4322846,0.5601561,0.7863508,0.78226155,0.78686756,0.9656425,1.1703552,1.3550011,1.332153,1.9314365,1.3797626,1.1177841,1.0433015,0.99237156,1.0470438,1.1351018,1.425893,1.0577159,1.0198761,1.0191584,0.79515606,0.5726873,0.05221502,0.0067618764,373.2422,545.5078,1004.8828,1134.082,0.20280595,771.33276,4.416325,711436.3,6.209162,69.851906,-0.01236819,0.68359643,0.02220328,22.410233,-3.419634,3.5730922,-8.9647045,-19.128113,-23.89235,14.915962,-4.7825003,4.465987,-10.59249,-3.253945,-3.9576848,-17.108473,-7.1559415,0 days 00:00:03.179035702,0 days 00:00:03.219035702
0 days 00:00:00.820000,0 days 00:00:00.860000,answer1 ,0.0,0.67571145,0.0,0.0,0.0,-100.0,0.74893886,1.1967493,0.017771719,0.041005287,0.07671663,0.186858,0.3397266,0.4337423,0.6626484,0.9105714,1.3052888,1.1613729,1.0073552,1.3073215,1.4461154,1.6194497,1.5777775,2.615195,2.1406984,1.5157691,1.3679994,1.452741,1.3220067,1.2474648,1.6622767,1.4255543,1.4297427,1.4249357,0.863849,0.6123094,0.07793357,0.0066553033,258.39844,416.3086,574.21875,732.1289,0.23651212,529.34686,4.007042,325283.6,6.7711105,81.37441,-0.018190099,0.5161733,0.030184232,26.668882,1.7297662,7.493372,-10.883504,-23.901611,-24.722834,24.75178,-13.299764,5.56152,-20.504105,-2.603236,-4.9577336,-24.339033,-6.257801,0 days 00:00:03.189035702,0 days 00:00:03.229035702
0 days 00:00:00.830000,0 days 00:00:00.870000,answer1 ,0.0,0.6905634,0.0,0.0,0.0,-100.0,0.77319306,1.4113134,0.01928082,0.03760393,0.10675662,0.27503648,0.48758292,0.5830388,0.8737008,1.2270231,1.7897383,1.5618607,1.2151481,1.51304,1.5250505,1.7051421,1.6946774,2.8800251,2.8238823,1.8072842,1.6033545,1.8884917,1.4926072,1.2613956,1.6974567,1.6482326,1.79471,1.777997,0.86715835,0.5937592,0.07475794,0.007242242,258.39844,473.73047,660.35156,760.83984,0.22919808,557.87573,4.1253376,316118.72,5.958551,66.89657,-0.018686661,0.53972626,0.031205231,27.587183,0.55536586,7.7664413,-10.731717,-24.536001,-20.470497,33.20873,-11.567132,9.346354,-24.282997,-3.7784665,-5.5260406,-17.760527,-4.256905,0 days 00:00:03.199035702,0 days 00:00:03.239035702
0 days 00:00:00.840000,0 days 00:00:00.880000,answer1 ,0.0,0.6879217,0.0,0.0,0.0,-100.0,0.68901324,1.4798244,0.018350208,0.038737718,0.13339122,0.33949938,0.59023696,0.6584086,0.96077275,1.3516165,1.997241,1.8054234,1.3577048,1.5299788,1.388215,1.5774894,1.6588274,2.7611809,3.1798534,1.9805309,1.6903154,2.0866492,1.5294813,1.2112203,1.6260089,1.6715251,2.0142777,1.9803776,0.8471868,0.548022,0.04847854,0.0057864073,200.97656,373.2422,617.28516,775.1953,0.16996063,520.3938,4.061101,400519.47,5.5033207,53.319626,-0.01312172,0.49220347,0.02132815,25.71021,3.8054497,10.619111,-8.418569,-23.214201,-18.2455,38.694363,-15.176758,0.18569453,-24.000458,0.03232956,-7.195744,-16.86936,-6.936932,0 days 00:00:03.209035702,0 days 00:00:03.249035702
0 days 00:00:00.850000,0 days 00:00:00.890000,answer1 ,0.0,0.6785121,0.0,0.0,0.0,-100.0,0.60036355,1.4027816,0.016670443,0.052532125,0.15246034,0.3712685,0.61890227,0.6440068,0.8950235,1.2244786,1.8263001,1.7041997,1.337051,1.424796,1.1555461,1.3403264,1.4865748,2.3818655,3.1125736,2.0525942,1.6101836,1.9888645,1.4733682,1.1628727,1.5743895,1.5674419,2.0381768,1.9767154,0.84330153,0.5090422,0.027575089,0.0037482206,186.6211,301.46484,516.7969,703.41797,0.14844503,453.4963,3.6879375,390264.34,6.247204,65.437675,-0.01025435,0.42742416,0.01869873,24.539415,7.793573,15.234027,-4.7241817,-19.448301,-15.972041,37.700836,-13.805645,-0.09080986,-19.558321,4.7704253,-9.131476,-15.024934,-6.4989758,0 days 00:00:03.219035702,0 days 00:00:03.259035702
0 days 00:00:00.860000,0 days 00:00:00.900000,answer1 ,0.0,0.6621798,0.0,0.0,0.0,-100.0,0.5240736,1.2703735,0.014575925,0.08956916,0.16685545,0.3788663,0.58761305,0.57746404,0.7445207,0.9819638,1.4442929,1.3832392,1.2055376,1.2647401,0.97017336,1.1225632,1.3053845,2.0537777,2.843317,2.0743234,1.4799004,1.7374086,1.4423405,1.1600109,1.527186,1.4383713,1.8924721,1.8464559,0.88792354,0.51301163,0.019579364,0.0031215313,172.26562,200.97656,344.53125,531.15234,0.12928973,376.32022,3.1056128,391718.66,6.9452147,77.65513,-0.009287419,0.35035682,0.016725056,22.32467,10.352717,19.64763,4.59535,-18.325907,-9.772798,33.890675,-11.803986,-7.3815856,-19.729317,6.376613,-10.897346,-15.766328,-6.403299,0 days 00:00:03.229035702,0 days 00:00:03.269035702
0 days 00:00:00.870000,0 days 00:00:00.910000,answer1 ,0.0,0.6376365,0.0,0.0,0.0,-100.0,0.4809412,1.1375972,0.011897146,0.14739229,0.17144625,0.3809898,0.53367186,0.5063174,0.5970925,0.72836643,1.0286647,0.9808362,1.0055132,1.0575598,0.82542324,0.9383307,1.1157073,1.7145394,2.5004113,1.9758067,1.3073965,1.5030695,1.4593786,1.2016869,1.4974589,1.3960892,1.703708,1.7637372,1.0570494,0.6272757,0.010928086,0.0021910567,172.26562,200.97656,2138.9648,2698.8281,0.14655972,1044.1368,3.5373669,3.4774362e+06,5.4323483,62.264584,-0.0071653724,0.79606104,0.013789901,14.91554,16.23978,17.381844,11.525817,-16.178549,-4.1478314,24.805412,-6.7598596,-10.837935,-16.697424,4.0677094,-10.096606,-11.709506,-3.8667297,0 days 00:00:03.239035702,0 days 00:00:03.279035702
0 days 00:00:00.880000,0 days 00:00:00.920000,answer1 ,0.0,0.575949,0.0,0.0,0.0,-100.0,0.45603406,1.0687116,0.0099302875,0.20880574,0.16410246,0.3560828,0.45659938,0.4260058,0.464267,0.52031094,0.7243724,0.7371523,0.8180723,0.85166615,0.7400618,0.8467638,1.0201329,1.4125913,2.1269538,1.7910782,1.1952616,1.3507786,1.5061622,1.3311896,1.4977719,1.466791,1.57993,1.874308,1.5340577,0.9940379,0.004215827,0.0015552313,1837.5,2268.164,4392.7734,5081.836,0.13126126,2737.137,4.5902925,6.26215e+06,2.4916673,29.62381,-0.0039732805,1.9608985,0.008850966,5.6585464,22.551218,9.925002,16.95762,-16.775768,3.122512,18.430174,0.17403078,-12.76125,-16.558195,-3.45881,-11.729893,-4.4380474,-2.7735012,0 days 00:00:03.249035702,0 days 00:00:03.289035702
0 days 00:00:00.890000,0 days 00:00:00.930000,answer1 ,0.0,0.54057586,0.0,0.0,0.0,-100.0,0.48411623,1.1063842,0.010166072,0.25774753,0.14021388,0.29889688,0.36816254,0.34411824,0.37370482,0.38294744,0.5349745,0.61337066,0.6656181,0.69256943,0.7074631,0.81277436,0.96702164,1.1550618,1.7163883,1.5662812,1.1432099,1.2647179,1.5483755,1.5420098,1.662582,1.758915,1.6866456,2.3947506,2.5873253,1.8378855,0.0018912442,0.00079956296,3775.4883,4335.3516,6747.0703,7436.133,0.14001793,4720.4644,5.6198,7.231998e+06,-0.5109435,4.639693,-0.0024260583,3.3227494,0.009449764,-4.158857,30.059088,-0.27184615,16.306181,-16.218206,1.1079562,11.353953,0.9868681,-4.447668,-8.641953,-7.670367,-12.729314,-1.0453211,-4.4334416,0 days 00:00:03.259035702,0 days 00:00:03.299035702
0 days 00:00:00.900000,0 days 00:00:00.940000,answer1 ,0.0,0.0,0.0,0.0,0.0,-100.0,0.5212822,1.249519,0.012318253,0.2813681,0.114324756,0.23145328,0.2826792,0.26700783,0.3175588,0.3205169,0.4297137,0.55205876,0.53367,0.57385206,0.6985293,0.8133858,0.9212699,0.9202135,1.3309914,1.3673159,1.1459346,1.2351528,1.5959826,1.8067108,2.0294473,2.2583477,2.086073,3.3519554,4.1571255,3.1462238,0.0010340805,0.0006965703,5770.8984,6345.117,7206.4453,7522.2656,0.14021875,6061.1616,5.7130866,4.7544765e+06,-1.2387745,7.368098,-0.0033166148,4.2437425,0.016891586,-10.900865,34.00456,-1.4852276,16.043974,-15.621678,1.5317918,10.980437,2.8982315,3.8440187,-1.763703,-8.127449,-14.142718,-0.14798148,-5.24381,0 days 00:00:03.269035702,0 days 00:00:03.309035702
0 days 00:00:00.910000,0 days 00:00:00.950000,answer1 ,0.0,0.0,0.0,0.0,0.0,-100.0,0.58842367,1.4366298,0.015541423,0.28382465,0.09259206,0.17665686,0.22126512,0.2094596,0.2877564,0.3070854,0.36857176,0.5107773,0.44905344,0.4972067,0.71264,0.8146441,0.8747322,0.7616451,1.0782787,1.2510315,1.1889786,1.2596029,1.6490272,2.0460405,2.5806394,2.8570797,2.778705,4.428101,5.6192665,4.331535,0.0006212411,0.0007412808,5914.453,6244.629,7077.246,7378.711,0.18495409,6320.9565,5.5493946,2.3761005e+06,-1.0366039,10.421211,-0.005005048,4.3871408,0.027412176,-16.423586,35.39415,-3.040756,12.115986,-11.480106,-2.9679356,13.562552,-2.563547,5.473192,1.234152,-8.7017565,-11.380408,0.64552706,-4.5155277,0 days 00:00:03.279035702,0 days 00:00:03.319035702
0 days 00:00:00.920000,0 days 00:00:00.960000,answer1 ,0.0,0.0,0.0,0.0,0.0,-100.0,0.6658218,1.6237499,0.018798301,0.27418745,0.08253967,0.1436,0.18247308,0.17740066,0.27389595,0.31182417,0.32489356,0.4618585,0.41197023,0.46053115,0.723651,0.8001819,0.8429021,0.6926537,0.9779243,1.1878933,1.2721515,1.3990192,1.8207728,2.3138876,3.313164,3.4566085,3.7729018,5.326532,6.5834327,4.9028335,0.00040802083,0.001429324,5828.3203,6244.629,6847.5586,7177.7344,0.23849954,6294.8374,5.48436,1.6022876e+06,-0.714904,13.261017,-0.007972891,4.338449,0.042498652,-21.114635,36.10835,1.1268677,9.934167,-6.9455776,-2.1832097,14.117043,-1.8596293,7.91598,-4.073359,-0.5154111,-5.1540093,0.38429832,-6.272659,0 days 00:00:03.289035702,0 days 00:00:03.329035702
0 days 00:00:00.930000,0 days 00:00:00.970000,answer1 ,0.0,0.0,0.0,0.0,0.0,-100.0,0.72060686,1.749863,0.020402832,0.26133788,0.080354,0.12266544,0.16433866,0.16570559,0.2606676,0.30857834,0.3003214,0.4205772,0.4331099,0.47541237,0.72411567,0.77890235,0.83950424,0.7108764,0.97588366,1.2082785,1.3886595,1.5918112,2.0850856,2.6099145,3.9597762,3.9503267,4.8476143,5.738486,6.806437,4.5490365,0.00036833054,0.0018574847,5598.633,6072.3633,6531.7383,6790.1367,0.29271865,6062.6772,5.4453506,1.1385654e+06,-0.3999908,15.568532,-0.009462616,4.1250243,0.046233714,-23.116251,33.3938,0.9754279,6.758596,-1.9799085,-3.5722525,19.173332,-9.358008,7.8766694,-5.3853307,4.444347,-4.0415187,2.1834834,-7.686774,0 days 00:00:03.299035702,0 days 00:00:03.339035702
0 days 00:00:00.940000,0 days 00:00:00.980000,answer1 ,0.0,0.5995342,0.0,0.0,0.0,-100.0,0.7379045,1.8143868,0.018567389,0.24773245,0.08140732,0.11081102,0.15265487,0.16918194,0.24986786,0.30860648,0.29559132,0.373347,0.4853232,0.54138607,0.7124931,0.76842755,0.83847237,0.8012058,1.0533295,1.2989324,1.5590006,1.8367872,2.458392,2.9245517,4.463702,4.3477664,5.532801,5.6341805,6.4420586,3.7337768,0.0002902045,0.0030786165,5254.1016,5900.0977,6402.539,6603.5156,0.2951381,5806.4478,5.5983276,1.3167225e+06,-0.3978308,13.822276,-0.008505515,3.9089985,0.038746096,-24.618631,29.52497,9.029435,3.843156,-2.6967847,-2.6493287,20.355734,-9.3018675,7.457466,-0.51210403,12.313754,-1.7312614,-3.0954192,-11.292125,0 days 00:00:03.309035702,0 days 00:00:03.349035702
0 days 00:00:00.950000,0 days 00:00:00.990000,answer1 ,0.0,0.0,0.0,0.0,0.0,-100.0,0.6727374,1.7708327,0.014032084,0.21957672,0.07978353,0.10120093,0.14034809,0.17382528,0.23587763,0.30629763,0.29929745,0.32270756,0.5340128,0.6081781,0.6966309,0.77578944,0.8039229,0.8999898,1.1716002,1.5109054,1.7519522,2.061577,2.8205907,3.0873458,4.614535,4.453302,5.428018,4.9847074,5.3948765,2.784378,0.00019641155,0.003285033,4823.4375,5598.633,6115.4297,6589.16,0.24025168,5466.307,5.8006725,1.5620356e+06,-0.14070226,10.12418,-0.0050667846,3.6272783,0.020614505,-25.462502,22.81618,12.433873,-0.113153614,-3.1650314,-3.6559188,22.646904,-16.736855,4.339661,5.9120755,10.344837,-3.89554,-2.880622,-6.7031856,0 days 00:00:03.319035702,0 days 00:00:03.359035702
0 days 00:00:00.960000,0 days 00:00:01,answer1 ,0.0,0.5856106,0.0,0.0,0.0,-100.0,0.5799875,1.6198835,0.009449334,0.19520031,0.06980754,0.093084246,0.13335937,0.18260159,0.23305428,0.30068573,0.3104495,0.28947958,0.5653041,0.6421508,0.69052607,0.781071,0.7413311,0.9623623,1.2645937,1.7462195,1.8514838,2.1872044,3.0029087,3.0192337,4.494166,4.1463165,4.5310783,3.9198167,3.9445713,2.0141113,0.00022961742,0.0031214096,4364.0625,5196.6797,5943.164,6689.6484,0.16436227,5108.0254,6.1368394,2.3062812e+06,-0.16482465,5.7813454,-0.002286721,3.3524234,0.008934278,-22.96817,19.221386,15.126674,-6.522981,-7.4876733,-5.882829,13.089349,-15.624115,-4.9487247,0.9523503,5.6756654,-5.1319504,-5.3152223,-5.919909,0 days 00:00:03.329035702,0 days 00:00:03.369035702
0 days 00:00:00.960000,0 days 00:00:01.000997732,answer1 ,0.0,0.5856106,0.0,0.0,0.0,-100.0,0.51628405,1.4047829,0.009543736,0.17687075,0.05916239,0.09740087,0.15541866,0.21642745,0.27217332,0.3143336,0.33083,0.2950289,0.5763428,0.63298875,0.70926195,0.77455306,0.6911308,0.9669942,1.2412853,1.8111845,1.7992855,2.2104285,2.9438121,2.7757986,4.049447,3.3863213,3.3443835,2.7785966,2.6216514,1.4701172,0.008926985,0.001967645,2914.1602,3430.957,3947.754,4622.461,0.15069921,3538.7717,5.214627,2.3395275e+06,0.9980472,8.0236435,-0.003157556,2.3461177,0.0077684633,-12.936524,22.57081,15.376805,-8.67219,-9.973325,-8.622361,0.33078766,-18.368711,-7.272026,-4.593621,-0.822761,-8.242231,-4.9343853,-8.135981,0 days 00:00:03.329035702,0 days 00:00:03.370033434
0 days 00:00:00,0 days 00:00:00.040000,answer2,0.0,0.0,0.0,0.0,0.0,-100.0,0.17356186,0.98834115,0.001809266,0.054610733,0.12921618,0.27204838,0.41952792,0.5544473,0.66972893,0.76589614,0.84702843,0.9178292,0.9822495,1.0430994,1.1020993,1.1600702,1.2171308,1.2728368,1.3262117,1.3755809,1.4180565,1.4484811,1.4578775,1.432704,1.3587462,1.2323397,1.069155,0.8959276,0.7342484,0.5943311,0.00032544925,7.6735894e-05,157.91016,244.04297,473.73047,1636.5234,0.0050606313,734.9952,4.4886026,2.4471422e+06,4.487665,27.115988,-0.00011540668,0.5951916,0.00022292044,13.532973,9.920883,8.963523,4.346915,-1.621128,-1.3039802,1.8741188,-2.582894,-1.7029648,1.4838238,1.3032633,0.23974097,10.82681,7.674067,0 days 00:00:08.475141808,0 days 00:00:08.515141808
0 days 00:00:00.010000,0 days 00:00:00.050000,answer2,0.0,0.661663,0.0,0.0,0.0,-100.0,0.17891228,0.98834115,0.0017897865,0.054421768,0.12921618,0.27204838,0.41952792,0.5544473,0.66972893,0.76589614,0.84702843,0.9178292,0.9822495,1.0430994,1.1020993,1.1600702,1.2171308,1.2728368,1.3262117,1.3755809,1.4180565,1.4484811,1.4578775,1.432704,1.3587462,1.2323397,1.069155,0.8959276,0.7342484,0.5943311,0.00037851417,8.274831e-05,172.26562,244.04297,502.4414,1492.9688,0.011132711,716.1936,4.4262714,2.2865028e+06,4.791307,31.033712,-0.00013102236,0.58933896,0.0002895321,14.693016,9.420072,6.9798074,4.228305,-3.0912838,-2.7277958,4.471722,0.8638657,-0.16977298,-3.2699878,0.41203013,-1.0810329,3.917279,5.0337634,0 days 00:00:08.485141808,0 days 00:00:08.525141808
0 days 00:00:00.020000,0 days 00:00:00.060000,answer2,0.0,0.644162,0.0,0.0,0.0,-100.0,0.18099631,0.98834115,0.0017654261,0.05687831,0.12921618,0.27204838,0.41952792,0.5544473,0.66972893,0.76589614,0.84702843,0.9178292,0.9822495,1.0430994,1.1020993,1.1600702,1.2171308,1.2728368,1.3262117,1.3755809,1.4180565,1.4484811,1.4578775,1.432704,1.3587462,1.2323397,1.069155,0.8959276,0.7342484,0.5943311,0.0003429054,8.7018685e-05,172.26562,229.6875,473.73047,1306.3477,0.017829487,681.78864,4.2495666,2.242457e+06,5.191013,36.171032,-0.00014553049,0.56449914,0.00032482223,15.294402,9.07565,5.300694,4.287247,0.65554494,0.51797837,6.122005,3.170344,-0.12671566,-9.371628,-1.4349786,-0.6022951,0.6890304,4.0509353,0 days 00:00:08.495141808,0 days 00:00:08.535141808
0 days 00:00:00.030000,0 days 00:00:00.070000,answer2,0.0,0.6238908,0.0,0.0,0.0,-100.0,0.17565686,0.98834115,0.0017734108,0.05442177,0.12921618,0.27204838,0.41952792,0.5544473,0.66972893,0.76589614,0.84702843,0.9178292,0.9822495,1.0430994,1.1020993,1.1600702,1.2171308,1.2728368,1.3262117,1.3755809,1.4180565,1.4484811,1.4578775,1.432704,1.3587462,1.2323397,1.069155,0.8959276,0.7342484,0.5943311,0.00035513638,7.968535e-05,172.26562,215.33203,416.3086,1076.6602,0.022009194,647.97095,3.953284,2.1336198e+06,5.307397,37.193207,-0.00014740399,0.5422437,0.00029528813,14.779843,9.680118,3.3057573,3.7210445,3.0584934,0.6652252,1.2374678,-3.39497,-4.728457,-14.050712,-5.6665215,-2.5807507,-1.8361608,2.0235927,0 days 00:00:08.505141808,0 days 00:00:08.545141808
0 days 00:00:00.040000,0 days 00:00:00.080000,answer2,0.0,0.6219594,0.0,0.0,0.0,-100.0,0.24042417,1.0302149,0.0027907938,0.051776264,0.11923057,0.28138754,0.4311441,0.58038497,0.6631083,0.7568969,0.82686615,0.8962481,0.98482233,1.0730368,1.1386839,1.1860148,1.2484671,1.3331686,1.4082252,1.5551996,1.6388617,1.6187869,1.5493323,1.5032392,1.4109197,1.2646309,1.0898533,0.89354944,0.7376861,0.5958406,0.00051817443,0.0017590328,732.1289,1004.8828,1148.4375,1665.2344,0.039325193,1143.6791,4.2378726,1.9485794e+06,3.7122498,27.786242,-0.00034790477,0.81258744,0.00049343467,11.495915,2.3898976,13.532018,2.0515387,-4.439945,1.683403,-3.3739445,-16.831747,-8.415291,-13.019963,-10.68257,-4.412484,-1.2109754,-1.7615885,0 days 00:00:08.515141808,0 days 00:00:08.555141808
0 days 00:00:00.050000,0 days 00:00:00.090000,answer2,0.0,0.6392757,0.0,0.0,0.0,-100.0,0.30973235,1.1619503,0.00435977,0.043650795,0.10330144,0.28730753,0.475778,0.7114814,0.68919104,0.7430804,0.7896628,0.86541206,0.9685927,1.1249739,1.1953535,1.229744,1.3062835,1.4970146,1.6792845,2.1620007,2.4923007,2.0759027,1.7839137,1.7187153,1.5777081,1.3526535,1.1338596,0.9022867,0.7491484,0.5957593,0.0037057886,0.0032791041,789.5508,1062.3047,1880.5664,2239.4531,0.05988914,1304.1201,4.100322,1.6508884e+06,2.3642123,16.678967,-0.0009181313,0.9083355,0.002170993,9.718392,-1.5770721,24.503069,-0.89476866,-18.90301,-4.5856237,-8.674466,-33.133213,-17.019972,-11.110619,-15.55471,-6.5262494,3.1345863,-2.4789011,0 days 00:00:08.525141808,0 days 00:00:08.565141808
0 days 00:00:00.060000,0 days 00:00:00.100000,answer2,0.0,0.656895,0.0,0.0,0.0,-100.0,0.34015796,1.3696184,0.005600848,0.033068784,0.089873016,0.29332897,0.58275867,0.9944356,0.74751157,0.7708209,0.76802635,0.81903964,0.9136037,1.2066579,1.2425122,1.2772106,1.3761878,1.7768774,2.1241274,3.139946,3.9269116,2.735482,2.1160343,2.006522,1.7991467,1.4581423,1.1771389,0.9099038,0.76405525,0.59382844,0.006389906,0.0033623558,803.90625,1076.6602,1851.8555,1981.0547,0.074723,1201.5363,3.678028,1.0651274e+06,4.0397706,52.646374,-0.0013175801,0.8385932,0.0036891436,11.456765,-1.9656328,33.49327,1.5101126,-24.036688,-4.1982465,-9.329204,-33.44157,-17.018282,-7.22317,-14.352899,-6.0366054,1.6429163,-2.7650225,0 days 00:00:08.535141808,0 days 00:00:08.575141808
0 days 00:00:00.070000,0 days 00:00:00.110000,answer2,0.0,0.6711281,0.0,0.0,0.0,-100.0,0.31951976,1.5492252,0.006256548,0.024754345,0.09630103,0.3073669,0.7044124,1.3086072,0.8757739,0.9091032,0.84193724,0.8250663,0.8800762,1.3910068,1.3221184,1.2909015,1.4250826,2.0245218,2.4734664,3.814373,5.0436997,3.1634285,2.3431542,2.2315204,1.9922491,1.5453705,1.164345,0.9200056,0.7785187,0.6074484,0.0076684095,0.0019483664,258.39844,373.2422,1134.082,1378.125,0.082040645,670.8582,3.311737,815247.94,6.628225,81.576164,-0.0014412181,0.55910385,0.0041630766,16.85359,4.213251,20.83469,-2.680157,-17.430128,-3.229746,-11.699403,-27.442698,-17.4494,-1.5842333,-7.853599,-4.670446,-2.0732355,-7.4161434,0 days 00:00:08.545141808,0 days 00:00:08.585141808
0 days 00:00:00.080000,0 days 00:00:00.120000,answer2,0.0,0.6979892,0.0,0.0,0.0,-64.6985,0.29769143,1.566269,0.007669423,0.018896447,0.12472553,0.37132716,0.83573604,1.4602178,1.0109714,1.2097722,1.0356116,0.87014574,0.9282477,1.7803612,1.4548465,1.2551969,1.4013885,1.985397,2.3626473,3.522787,4.74338,2.9861479,2.2535203,2.180101,1.9837255,1.5384363,1.1022551,0.90732294,0.77839804,0.6403321,0.007567495,0.0006653811,215.33203,330.17578,358.88672,559.8633,0.108504355,390.6312,2.8582313,380620.9,12.992398,287.6603,-0.0030107854,0.38410008,0.0063378946,23.5109,10.810031,10.804034,-2.276618,-5.281778,4.285531,-10.666846,-18.80861,-9.655513,3.91455,-3.0403125,-6.5483346,-18.82705,-17.50857,0 days 00:00:08.555141808,0 days 00:00:08.595141808
0 days 00:00:00.090000,0 days 00:00:00.130000,answer2,184.09201,0.7361075,0.0,0.0,0.3010027,-26.618238,0.35509336,1.5170411,0.010827817,0.01946334,0.1688422,0.52463335,0.935973,1.4056664,1.1526858,1.7473146,1.4078285,0.9819803,1.121154,2.4782465,1.763842,1.2183172,1.3718199,1.7357658,1.9393605,2.619502,3.5238173,2.4881895,2.0192525,1.9823602,1.9366397,1.5427032,1.0382878,0.87856483,0.77155584,0.6887665,0.01116814,0.0010629197,186.6211,301.46484,358.88672,631.6406,0.11857312,360.26096,2.9312751,291005.97,14.357179,346.03036,-0.005619466,0.35986567,0.012305532,27.616476,13.362331,4.058227,-9.781615,1.8176632,6.771728,-10.154678,-15.528915,-8.787986,12.363084,-4.4993153,-6.1985154,-26.48777,-23.870634,0 days 00:00:08.565141808,0 days 00:00:08.605141808
0 days 00:00:00.100000,0 days 00:00:00.140000,answer2,183.27348,0.7676913,0.015982933,0.0,0.32114533,9.354419,0.41523483,1.5153856,0.015363909,0.018896447,0.22246456,0.7698345,1.057187,1.3364822,1.3484488,2.545174,1.9286026,1.1203693,1.3807794,3.2700768,2.186147,1.2364407,1.3380159,1.4113208,1.4860622,1.7977324,2.3295693,2.0520394,1.8638091,1.7917705,1.9788374,1.5992814,1.0116495,0.8400795,0.7615724,0.73628074,0.028423244,0.0013235718,172.26562,215.33203,344.53125,459.375,0.14140712,282.6796,2.5265028,104418.07,16.435217,460.3403,-0.011786829,0.29580104,0.029657654,31.71729,17.8844,8.14107,-11.643636,4.790891,6.9948773,-14.982387,-12.5544405,-4.3213058,17.187754,-6.3375015,-8.739507,-30.39431,-22.581148,0 days 00:00:08.575141808,0 days 00:00:08.615141808
0 days 00:00:00.110000,0 days 00:00:00.150000,answer2,181.96709,0.78169256,0.01795948,0.0104448125,0.19029117,12.366886,0.49246868,1.6373076,0.019145073,0.017573697,0.28843486,1.0422173,1.1983216,1.4688345,1.6020756,3.4176838,2.5246527,1.2681202,1.5547663,3.6892796,2.6354368,1.3571138,1.3498968,1.2810249,1.310236,1.5282987,1.8969383,1.9570729,2.0592992,1.8131466,2.2095277,1.750611,1.0164887,0.8128374,0.7647055,0.7729764,0.048876982,0.0016419291,172.26562,215.33203,445.01953,559.8633,0.10953108,306.45694,2.7512562,102994.47,14.143486,379.32153,-0.01760214,0.32124504,0.04843995,32.93081,18.669065,8.962369,-17.280167,3.6869164,1.1067252,-21.305134,-5.0534425,-2.9860544,20.078924,-4.793617,-12.464171,-28.019247,-15.538985,0 days 00:00:08.585141808,0 days 00:00:08.625141808
0 days 00:00:00.120000,0 days 00:00:00.160000,answer2,182.19621,0.7795771,0.020533258,0.010745975,0.17438917,13.515247,0.5209933,1.7930579,0.021387147,0.015306123,0.34592733,1.2299734,1.3053856,1.7543517,1.9550272,4.156881,3.0082216,1.4027888,1.606078,3.5723822,3.0204194,1.5517335,1.3564769,1.2825693,1.3009385,1.5310549,1.8337587,2.030019,2.4450626,2.0168889,2.5188215,1.9329481,1.0386586,0.8335933,0.78431517,0.8052304,0.05951127,0.0015497761,172.26562,200.97656,445.01953,559.8633,0.09852316,298.88367,2.7072027,83143.01,15.142578,446.14908,-0.0224803,0.315492,0.060555298,33.213936,20.508791,11.688014,-16.716484,1.768784,-0.58444816,-24.088034,-4.8998775,2.673467,22.158705,-2.5079129,-15.028056,-27.312836,-12.978354,0 days 00:00:08.595141808,0 days 00:00:08.635141808
0 days 00:00:00.130000,0 days 00:00:00.170000,answer2,182.67822,0.7716441,0.012336168,0.007910613,0.074199386,16.528645,0.51444894,1.8738842,0.022140795,0.011904762,0.3875114,1.302787,1.3667002,1.9198595,2.132499,4.340772,3.124016,1.5007634,1.5379763,3.0223885,3.1368065,1.7307898,1.3624448,1.4011217,1.350053,1.6279716,1.8540131,2.1766412,2.7568138,2.2759829,2.7504196,2.0521107,1.0896053,0.888144,0.8157527,0.8170454,0.047636524,0.0012700561,172.26562,186.6211,344.53125,445.01953,0.08437163,269.8516,2.4138184,86500.0,16.636992,484.18176,-0.023370357,0.28359008,0.059493158,30.985641,19.554129,14.907443,-14.4325485,4.3385005,-1.2292892,-16.899008,-2.0536354,-0.02779293,14.4156685,-7.950624,-14.955071,-24.1576,-13.055683,0 days 00:00:08.605141808,0 days 00:00:08.645141808
0 days 00:00:00.140000,0 days 00:00:00.180000,answer2,183.17433,0.765255,0.012823363,0.010857237,0.085728295,16.813469,0.50175303,1.8855911,0.022262359,0.009826153,0.39628324,1.282434,1.3554059,1.8449358,2.067378,3.9140146,2.8513784,1.57339,1.4963976,2.5159862,3.116731,1.8860487,1.4049622,1.5911287,1.4180284,1.7470798,1.9304037,2.380565,2.8514633,2.4871018,2.9575074,2.190999,1.1639639,0.95006585,0.8414734,0.8102378,0.031510647,0.0015562791,172.26562,172.26562,244.04297,330.17578,0.082114555,240.84917,2.1232874,89885.54,17.47915,490.40237,-0.023936361,0.25143027,0.05590338,29.563162,17.335554,17.77659,-10.324994,11.59565,0.5496729,-15.516561,-5.31233,-1.7415143,12.85728,-14.118408,-11.335994,-23.112226,-14.800957,0 days 00:00:08.615141808,0 days 00:00:08.655141808
0 days 00:00:00.150000,0 days 00:00:00.190000,answer2,183.44673,0.76354885,0.013589862,0.011220436,0.054033156,16.865044,0.49703988,1.8357757,0.022529924,0.008692366,0.38847098,1.2322453,1.3315603,1.5757993,1.7464005,3.0262516,2.337696,1.601864,1.469236,2.230609,3.0005434,2.0079257,1.4935842,1.7629999,1.4694839,1.8251756,2.0193727,2.5990868,2.7626019,2.5783246,3.129843,2.327526,1.2260162,0.9613473,0.8477543,0.7784436,0.020155208,0.0021925324,172.26562,172.26562,215.33203,215.33203,0.07575091,227.98572,1.8768888,104978.445,17.042076,440.79553,-0.023742095,0.23503448,0.05339582,28.198503,14.2127695,18.83283,-7.9882617,20.03861,3.9133446,-15.810486,-4.3124013,-7.1027565,9.509843,-19.157162,-10.875195,-22.819754,-13.758138,0 days 00:00:08.625141808,0 days 00:00:08.665141808
0 days 00:00:00.160000,0 days 00:00:00.200000,answer2,184.18367,0.76444346,0.014742579,0.009896709,0.042133164,17.708292,0.50012404,1.7906857,0.02227846,0.009259259,0.3679775,1.1582663,1.2848358,1.3089079,1.401545,2.1104834,1.8800611,1.6493379,1.5046391,2.1683295,3.0022576,2.1200893,1.599635,1.8826246,1.5292689,1.829974,2.08401,2.7435875,2.7517767,2.6441126,3.2957914,2.4891813,1.2375568,0.923338,0.8448221,0.7454118,0.01770865,0.0025747567,172.26562,172.26562,215.33203,215.33203,0.051302586,229.45149,1.8178746,124418.79,16.17941,383.6018,-0.023639098,0.23455067,0.05235313,27.310682,12.529376,18.807947,-7.5372033,26.096596,9.679057,-17.720827,-5.5513496,-12.322553,7.154096,-19.565619,-10.992802,-23.00763,-9.627149,0 days 00:00:08.635141808,0 days 00:00:08.675141808
0 days 00:00:00.170000,0 days 00:00:00.210000,answer2,185.36092,0.75935477,0.007373001,0.008088473,0.038289044,19.595293,0.4908923,1.7504824,0.021389456,0.009637188,0.34340933,1.0695788,1.218108,1.0802526,1.1559268,1.4552708,1.5969801,1.6811157,1.5763525,2.2035344,3.1053982,2.2160094,1.6807448,1.8845717,1.5733773,1.771472,2.1540308,2.8068206,2.7577517,2.6885202,3.3208904,2.5495965,1.1984006,0.8658634,0.8320325,0.7265313,0.013915597,0.002723042,172.26562,172.26562,215.33203,215.33203,0.048232634,233.35274,1.7741747,144794.14,15.580045,350.51035,-0.02135168,0.23657614,0.046926823,26.41652,10.176486,18.310705,-6.325828,28.442116,15.180252,-14.955003,-4.458403,-13.244976,4.414945,-25.349304,-11.551098,-20.51145,-10.785628,0 days 00:00:08.645141808,0 days 00:00:08.685141808
0 days 00:00:00.180000,0 days 00:00:00.220000,answer2,186.64201,0.75122577,0.0040878872,0.004798874,0.04449023,19.480934,0.49137107,1.7130127,0.019842759,0.009637188,0.31624728,0.97036535,1.134911,0.91030955,0.9863569,1.0364212,1.4343863,1.739429,1.7276605,2.1803427,3.0808704,2.2664506,1.7579737,1.8418401,1.6010928,1.7210069,2.1804266,2.8195667,2.762676,2.7963169,3.2845888,2.492237,1.1402866,0.82903737,0.81271625,0.7148137,0.012605403,0.0024279552,172.26562,172.26562,215.33203,215.33203,0.05177028,243.52722,1.8345207,187869.27,14.220691,290.62613,-0.019241842,0.24330087,0.040897544,25.566378,8.1543665,19.173203,-6.520189,32.53291,17.674276,-14.404961,-2.6211312,-18.792252,-2.075037,-27.258192,-9.42451,-13.172408,-9.562096,0 days 00:00:08.655141808,0 days 00:00:08.695141808
0 days 00:00:00.190000,0 days 00:00:00.230000,answer2,186.95073,0.7407724,0.0054631266,0.0066724755,0.07381565,18.751661,0.48644435,1.6675829,0.018308857,0.010015117,0.28711113,0.8678004,1.0456178,0.7997909,0.87590915,0.8064232,1.3208193,1.7299472,1.9173418,2.0925176,2.8744218,2.3195229,1.870347,1.7270904,1.586703,1.6541916,2.2311585,2.8437595,2.6753514,2.8694983,3.215905,2.382169,1.0793499,0.81045264,0.7741446,0.699807,0.012291044,0.0023874121,172.26562,172.26562,215.33203,215.33203,0.0553222,254.01027,1.902687,211832.98,12.593629,227.77043,-0.016580975,0.25114945,0.034200504,25.287819,6.8457265,19.292936,-7.8846335,34.416836,17.33021,-18.274176,-3.7939537,-17.343649,-2.8968976,-32.72388,-5.17259,-9.792311,-12.224187,0 days 00:00:08.665141808,0 days 00:00:08.705141808
0 days 00:00:00.200000,0 days 00:00:00.240000,answer2,187.05284,0.73471266,0.021060029,0.009918184,0.061337132,16.673199,0.47781205,1.6130637,0.017392306,0.010770976,0.25569227,0.77103275,0.96115565,0.74280787,0.808491,0.69898176,1.2055506,1.6809179,2.0871894,2.0090628,2.4532254,2.3420265,1.9918946,1.5974516,1.5225134,1.5710016,2.2411518,2.809775,2.61105,2.9045942,3.1833618,2.2687376,1.0354404,0.79675823,0.7203112,0.66948056,0.012126927,0.0018723967,172.26562,172.26562,215.33203,215.33203,0.052624833,260.28906,1.9524587,225850.58,11.794604,197.8211,-0.0145456465,0.25612184,0.02931953,25.26323,7.352197,19.55014,-12.434764,35.37456,16.015406,-19.22664,-3.6876326,-20.983149,-7.2961197,-29.22055,-1.2593416,-7.8346686,-12.719882,0 days 00:00:08.675141808,0 days 00:00:08.715141808
0 days 00:00:00.210000,0 days 00:00:00.250000,answer2,186.95735,0.7318972,0.03375561,0.013063948,0.061960295,15.908198,0.47735965,1.5562409,0.017181346,0.012282691,0.22738594,0.68960863,0.889373,0.72694653,0.7964475,0.6972284,1.110614,1.5998636,2.222846,1.9538397,2.0843718,2.3096807,2.0126252,1.4623748,1.4545935,1.4728616,2.198704,2.700042,2.6060684,2.854758,3.11213,2.1442945,1.0379155,0.7855167,0.676027,0.6361447,0.0118653,0.0019700897,172.26562,172.26562,215.33203,229.6875,0.04923375,263.9959,2.0161657,206185.0,11.590081,199.79045,-0.013619475,0.26069304,0.027956089,25.909561,7.7885385,17.5063,-14.152265,32.44379,15.936168,-18.172476,-5.984121,-17.481268,-5.10749,-26.124334,-2.4416475,-9.74883,-13.041412,0 days 00:00:08.685141808,0 days 00:00:08.725141808
0 days 00:00:00.220000,0 days 00:00:00.260000,answer2,187.45415,0.73123986,0.037466593,0.013019659,0.034341056,14.547302,0.4873462,1.5034026,0.01737754,0.0134164775,0.20829774,0.6277881,0.83099467,0.7272443,0.81689435,0.7741921,1.0496796,1.5061361,2.2308245,1.9298029,1.8982614,2.2289193,1.9180773,1.3778747,1.4213415,1.4117151,2.1193135,2.5636303,2.5606945,2.7329838,2.9977434,1.9940858,1.1011224,0.7937264,0.6551521,0.6119676,0.012124752,0.0024012867,172.26562,172.26562,215.33203,229.6875,0.04645899,267.65823,2.0797265,209074.56,11.160603,188.81458,-0.013768612,0.26352373,0.027786845,25.862677,8.117515,17.208727,-12.896294,32.433376,13.121245,-18.402857,-8.449424,-15.835571,-1.5544294,-20.366665,-4.841087,-11.473797,-12.154793,0 days 00:00:08.695141808,0 days 00:00:08.735141808
0 days 00:00:00.230000,0 days 00:00:00.270000,answer2,188.06767,0.73784643,0.0268946,0.009127104,0.030254373,13.913028,0.50866276,1.4757452,0.017764037,0.0134164775,0.2033223,0.58721715,0.786808,0.73745126,0.85173684,0.8812912,1.019749,1.4478177,2.1453326,1.9004183,1.9397243,2.1484087,1.7918544,1.3677412,1.4406029,1.4100462,1.987338,2.4702122,2.4440854,2.6590679,2.9390786,1.8767195,1.2106684,0.8407685,0.6786862,0.6032242,0.012480007,0.002932253,172.26562,172.26562,215.33203,229.6875,0.049424518,274.22433,2.1487772,233562.81,10.227708,159.53658,-0.014662392,0.26724032,0.029749677,25.39859,9.178845,15.746083,-11.726878,34.523335,10.096989,-19.12756,-8.244836,-12.429072,2.3702443,-19.495481,-7.2549233,-10.857594,-12.678401,0 days 00:00:08.705141808,0 days 00:00:08.745141808
0 days 00:00:00.240000,0 days 00:00:00.280000,answer2,189.03407,0.74298376,0.015483412,0.008374077,0.018538017,13.313931,0.5313481,1.4804478,0.01766427,0.01266062,0.20557731,0.55957836,0.75351334,0.75010186,0.8763165,0.9947939,1.0316759,1.3930544,1.9671202,1.8795046,2.1401412,2.1498382,1.7306074,1.4044012,1.5099751,1.4414476,1.9077902,2.4757679,2.2723186,2.6599348,2.948281,1.8843895,1.3032402,0.9169299,0.7265169,0.60882545,0.013146576,0.0036410969,172.26562,172.26562,215.33203,272.7539,0.051177155,288.247,2.2314923,272565.03,9.267078,129.33476,-0.014673418,0.2768414,0.029505715,24.819437,8.421229,16.14139,-12.812996,35.00442,7.5977225,-19.393522,-7.2413783,-10.934247,5.162439,-19.754473,-9.058447,-13.240616,-14.379707,0 days 00:00:08.715141808,0 days 00:00:08.755141808
0 days 00:00:00.250000,0 days 00:00:00.290000,answer2,190.3844,0.74512595,0.007915486,0.0058876034,0.00891971,14.094592,0.5436797,1.5033356,0.016654184,0.013227514,0.20741872,0.5352004,0.72349375,0.7377451,0.86537296,1.0587692,1.0547234,1.3777075,1.8476795,1.9065356,2.2961314,2.2020624,1.7211514,1.4798675,1.5838085,1.4777912,1.8554167,2.4419098,2.1725237,2.76983,2.9940243,2.0121143,1.3686205,1.0109552,0.7712458,0.61462635,0.011743638,0.0042005503,172.26562,172.26562,215.33203,445.01953,0.056429137,309.0576,2.3223329,318113.25,8.457677,107.8974,-0.013910648,0.29286984,0.028525347,23.95726,7.1875157,13.611149,-13.321601,38.681843,9.1365595,-13.829724,-6.102493,-12.676014,2.8594239,-18.037413,-11.269286,-12.83521,-14.265945,0 days 00:00:08.725141808,0 days 00:00:08.765141808
0 days 00:00:00.260000,0 days 00:00:00.300000,answer2,192.02641,0.7433312,0.0058434815,0.008219238,0.05395684,14.250175,0.560525,1.5288806,0.015598581,0.018707484,0.20234148,0.50512785,0.68959284,0.6853691,0.8135373,1.0726684,1.0942125,1.4002141,1.9275578,1.9730612,2.3250122,2.2324867,1.722751,1.5457581,1.6359869,1.5260239,1.8549021,2.3895094,2.17706,2.884753,2.977542,2.1661463,1.4297366,1.1004936,0.7992625,0.6197886,0.010262842,0.005025214,172.26562,186.6211,215.33203,689.0625,0.061849464,358.57065,2.5305803,399815.34,7.36509,85.90088,-0.01233304,0.33270618,0.02561313,22.695597,5.3698792,11.939691,-15.445694,40.045605,14.052463,-8.982403,-7.418272,-14.316203,-1.0677844,-17.162577,-9.576064,-13.612881,-14.697423,0 days 00:00:08.735141808,0 days 00:00:08.775141808
0 days 00:00:00.270000,0 days 00:00:00.310000,answer2,193.38593,0.74700975,0.0053988476,0.0055675968,0.08083778,13.811027,0.5794279,1.5533878,0.014783484,0.027210884,0.18584293,0.46611738,0.6518164,0.6044198,0.73227024,1.0473329,1.1194576,1.4324454,2.1941442,2.0522559,2.1907473,2.1790216,1.6846329,1.6218446,1.6599458,1.613574,1.935613,2.3224473,2.279377,3.009291,2.9445775,2.2600124,1.541305,1.1877512,0.8291602,0.64268214,0.009151581,0.005545831,172.26562,200.97656,330.17578,890.03906,0.0738233,445.27817,2.7170532,611936.06,6.042052,61.157818,-0.010594297,0.3936303,0.027909921,19.555384,5.163262,10.197619,-17.930967,37.884914,17.304405,-5.963301,-8.09423,-18.415379,-4.5580564,-18.182259,-9.366902,-13.052367,-18.803877,0 days 00:00:08.745141808,0 days 00:00:08.785141808
0 days 00:00:00.280000,0 days 00:00:00.320000,answer2,194.31537,0.75049305,0.007879318,0.0065288967,0.11755959,12.001687,0.6093586,1.5898286,0.013984648,0.03590325,0.16281544,0.42140377,0.6069081,0.52822846,0.65345234,1.0411202,1.1569606,1.4356982,2.5216653,2.107505,1.9794254,2.0587766,1.6701409,1.6998657,1.705496,1.7638136,2.1121209,2.3246467,2.4029005,3.133298,2.8952122,2.2924168,1.7376739,1.2954522,0.9105992,0.71794796,0.008611661,0.00669622,172.26562,215.33203,574.21875,990.52734,0.083378695,552.2383,3.0527935,862874.8,4.9243903,39.423355,-0.008763216,0.4741408,0.025352553,16.569048,4.106476,8.223739,-18.050947,29.635908,18.265757,-3.670454,-7.12639,-16.972908,-4.291107,-18.2102,-9.474688,-16.16075,-22.317535,0 days 00:00:08.755141808,0 days 00:00:08.795141808
0 days 00:00:00.290000,0 days 00:00:00.330000,answer2,194.63795,0.75729877,0.005765675,0.0029906745,0.08420924,10.726143,0.6346474,1.6416364,0.0131194545,0.041572183,0.13916337,0.3785731,0.5639061,0.4852374,0.59869224,1.106907,1.2386488,1.3596869,2.7206233,2.1236188,1.7755175,1.9560686,1.678915,1.7991775,1.8384968,1.9930787,2.4398239,2.4737794,2.4644537,3.1846507,2.8156185,2.2674272,1.945985,1.4327987,1.0456413,0.85605806,0.009671328,0.007900394,172.26562,215.33203,818.2617,1004.8828,0.080664,610.8872,3.2802248,993794.0,4.5314107,32.036713,-0.007939913,0.51849204,0.023805864,14.993915,3.0100377,7.2055078,-14.925835,20.847466,19.31974,-2.781954,-9.353639,-13.157116,-0.9444158,-17.86694,-11.23924,-18.750586,-25.305899,0 days 00:00:08.765141808,0 days 00:00:08.805141808
0 days 00:00:00.300000,0 days 00:00:00.340000,answer2,194.76952,0.7577605,0.0058625787,0.0029491906,0.105144255,10.562875,0.6309896,1.6806265,0.0125790285,0.04176115,0.12152798,0.34353337,0.5211038,0.4596491,0.5618954,1.2310042,1.3497076,1.2347326,2.7349474,2.124409,1.6378961,1.9370494,1.7175865,1.9519315,2.0814745,2.2271097,2.7425807,2.612355,2.4306643,3.034065,2.5948203,2.174924,2.0820582,1.5742403,1.191621,1.0234052,0.008967274,0.008937265,172.26562,215.33203,947.46094,1004.8828,0.072280444,637.6192,3.4197872,968822.7,4.9587445,38.407394,-0.0071339584,0.5514204,0.017856194,14.963361,0.63815206,3.80487,-9.930181,16.010328,19.42614,-1.260302,-8.271746,-9.810219,-1.0976071,-14.955043,-11.187687,-25.2929,-25.511957,0 days 00:00:08.775141808,0 days 00:00:08.815141808
0 days 00:00:00.310000,0 days 00:00:00.350000,answer2,194.71643,0.7668802,0.0048720012,0.0027371645,0.110123344,11.059705,0.63465947,1.687339,0.012452903,0.039871503,0.110525094,0.31948167,0.48845407,0.44675136,0.53846794,1.3567222,1.4489259,1.1247886,2.6535065,2.1249726,1.5957694,1.9224609,1.75884,2.120207,2.3114855,2.3502305,2.8532784,2.7624276,2.333891,2.7087882,2.314995,2.0414522,2.079757,1.6762451,1.2669313,1.1614598,0.009708577,0.0093846135,186.6211,215.33203,947.46094,1047.9492,0.061023723,654.49713,3.4702816,955568.2,4.9131436,38.02087,-0.0072339294,0.56694436,0.018286774,14.89667,0.32212862,2.6280181,-11.354386,15.130353,20.532425,-2.1958,-7.818311,-11.192903,-3.9481153,-15.324958,-8.746573,-29.812471,-28.562033,0 days 00:00:08.785141808,0 days 00:00:08.825141808
0 days 00:00:00.320000,0 days 00:00:00.360000,answer2,194.5251,0.7668762,0.0054527014,0.0026512437,0.124779284,11.340785,0.6110239,1.6439098,0.012149622,0.038359787,0.10103019,0.30241415,0.46360055,0.42702413,0.50897413,1.4022092,1.4686222,1.0713998,2.531595,2.1179755,1.5977393,1.8386446,1.7907442,2.2738159,2.4330626,2.2710543,2.6916845,2.7325516,2.2144797,2.377003,2.0861468,1.8934556,1.993978,1.6819673,1.2577429,1.212735,0.008119102,0.009083359,186.6211,215.33203,961.8164,1105.3711,0.062205616,682.22955,3.4814193,993874.06,4.9808345,38.695892,-0.006253557,0.59342206,0.016647903,14.316165,-0.9403782,-0.12562017,-10.76896,17.72602,17.698372,0.0051439605,-3.2810469,-15.847523,-7.517939,-13.335843,-9.960872,-33.62006,-29.680664,0 days 00:00:08.795141808,0 days 00:00:08.835141808
0 days 00:00:00.330000,0 days 00:00:00.370000,answer2,194.85027,0.76858646,0.0047254288,0.003046355,0.10991046,11.043971,0.60215014,1.5716807,0.011732562,0.03892668,0.093582265,0.29091534,0.44687685,0.40708652,0.47726047,1.3575045,1.4159256,1.0798763,2.3922875,2.0636766,1.5795277,1.7009033,1.8374305,2.3288403,2.3622925,2.0341358,2.3764944,2.57267,2.102228,2.2281904,2.004185,1.8189081,1.8926449,1.6248189,1.1969621,1.1784688,0.0075870533,0.00783985,186.6211,215.33203,961.8164,1105.3711,0.059174,669.32733,3.4503822,1.0164292e+06,4.6108365,33.09854,-0.006075088,0.57570916,0.015540298,13.905238,0.4321536,0.19192421,-12.748843,22.743593,15.779695,-1.0078131,-1.0998739,-16.177282,-9.81281,-17.04495,-10.292535,-28.854347,-30.98095,0 days 00:00:08.805141808,0 days 00:00:08.845141808
0 days 00:00:00.340000,0 days 00:00:00.380000,answer2,195.34572,0.7693088,0.0050832857,0.003395004,0.09891933,10.782477,0.57483834,1.4851855,0.0114931995,0.041194256,0.09077642,0.28551292,0.44186378,0.40339336,0.45824134,1.2594985,1.3256463,1.1041523,2.2223904,1.9592686,1.4879875,1.5883018,1.8638039,2.2351005,2.1589596,1.7847484,2.0993583,2.2738492,2.0044372,2.2279923,2.0275285,1.7884592,1.8047117,1.5282873,1.1162834,1.074269,0.0077339993,0.006895907,172.26562,215.33203,846.97266,1047.9492,0.058178414,608.557,3.2989128,907952.94,5.088861,40.160297,-0.0061168694,0.5311585,0.015159222,15.420442,1.6988252,1.3172096,-13.038574,25.575842,12.753856,-0.51091474,-0.37230834,-17.099638,-10.104934,-17.244852,-10.827542,-23.77185,-28.886581,0 days 00:00:08.815141808,0 days 00:00:08.855141808
0 days 00:00:00.350000,0 days 00:00:00.390000,answer2,196.0894,0.7735774,0.0064185574,0.005955992,0.08279272,11.44022,0.5638862,1.3962954,0.011516512,0.042328045,0.09107038,0.28216648,0.4401594,0.41722998,0.46706,1.1706516,1.2546211,1.1326786,2.0616615,1.8373842,1.3407168,1.5570022,1.8425946,2.037102,1.9179248,1.6141186,1.9077429,1.9279294,1.8984896,2.1799574,2.0125926,1.7815167,1.7064899,1.4364954,1.0429765,0.9453476,0.008290196,0.006480511,186.6211,330.17578,832.6172,990.52734,0.06334415,599.99194,3.3048985,807494.2,5.4822044,48.348328,-0.006061474,0.5323491,0.015380726,16.72374,2.7016327,-0.47343716,-15.795059,22.77181,11.078575,0.46432796,-4.096995,-16.065247,-10.004629,-19.930655,-9.418452,-19.929651,-28.785017,0 days 00:00:08.825141808,0 days 00:00:08.865141808
0 days 00:00:00.360000,0 days 00:00:00.400000,answer2,196.49591,0.7825381,0.012614205,0.009562329,0.15258163,11.168487,0.5649279,1.3130716,0.012085405,0.044595614,0.09564292,0.28207394,0.4464543,0.45278427,0.5142334,1.1255242,1.2373956,1.1861182,1.97236,1.7948499,1.2244489,1.5350183,1.7378496,1.7649499,1.6655408,1.5453099,1.7639877,1.6500365,1.7797318,2.0218558,1.942197,1.7385858,1.555699,1.3217951,0.95700604,0.8284097,0.009638305,0.009997641,200.97656,344.53125,846.97266,1004.8828,0.07505047,591.6036,3.3573143,633701.9,6.1041694,64.56241,-0.0070784013,0.5413494,0.019367265,20.130459,2.9979076,-2.9234512,-18.135664,23.512632,14.884784,0.44658694,-5.959847,-19.271646,-4.173906,-18.397772,-9.269635,-19.383419,-26.320093,0 days 00:00:08.835141808,0 days 00:00:08.875141808
0 days 00:00:00.370000,0 days 00:00:00.410000,answer2,196.95496,0.7862304,0.013550342,0.011693406,0.173429,11.473183,0.58524257,1.2485765,0.012980167,0.045918364,0.09904132,0.28008196,0.44751,0.47406545,0.57243484,1.1345718,1.2767842,1.3044182,1.9658002,1.8655201,1.2259499,1.5184698,1.5961342,1.5418793,1.4865059,1.5196356,1.6455168,1.4714417,1.6536841,1.7861522,1.8054208,1.6157619,1.3819728,1.1707988,0.8846307,0.7388072,0.009760053,0.013077356,215.33203,459.375,976.1719,1019.2383,0.07395488,631.7775,3.5081327,520171.22,5.861483,66.035484,-0.007489454,0.5848326,0.022677204,21.70044,0.21887366,-6.6792374,-20.672,23.840439,20.180246,-0.7973426,-5.0752206,-16.45122,-2.3327935,-20.494974,-11.499024,-20.715528,-27.242357,0 days 00:00:08.845141808,0 days 00:00:08.885141808
0 days 00:00:00.380000,0 days 00:00:00.420000,answer2,197.31108,0.7890938,0.011423896,0.0090551125,0.17216177,11.601413,0.60605615,1.2148312,0.013648531,0.046863187,0.10306293,0.2791874,0.4487001,0.48078784,0.59785944,1.1702316,1.349783,1.4858402,1.9965658,2.010588,1.3858746,1.5177602,1.4634514,1.3743676,1.3380136,1.4518949,1.5668783,1.4425114,1.5845718,1.6506022,1.6929086,1.4534388,1.23307,1.0132786,0.81684476,0.67753744,0.010914049,0.016126584,215.33203,473.73047,990.52734,1076.6602,0.063435525,629.44336,3.5460045,409609.9,5.4560127,64.422516,-0.008457699,0.58607477,0.026596932,23.25406,-0.7961345,-6.4897046,-23.91709,30.463297,26.323654,-5.119632,-2.983546,-13.462528,-3.6078331,-21.739174,-14.446004,-24.412378,-25.28418,0 days 00:00:08.855141808,0 days 00:00:08.895141808
0 days 00:00:00.390000,0 days 00:00:00.430000,answer2,197.9084,0.796138,0.0055881366,0.005116967,0.08124629,12.774185,0.61196876,1.204048,0.013581437,0.046863187,0.10814145,0.28019252,0.44873032,0.47330508,0.57415086,1.2086822,1.417491,1.6502157,1.9898777,2.1404517,1.6173549,1.5501043,1.3945688,1.3021362,1.2516907,1.3277794,1.5567964,1.4872111,1.6021509,1.6088175,1.5831537,1.3001455,1.1644402,0.88393587,0.7591207,0.62460375,0.011329129,0.016134424,215.33203,574.21875,990.52734,1119.7266,0.04617663,633.71136,3.5893738,393596.0,5.3310447,64.269585,-0.00831895,0.590467,0.026569977,23.12087,-2.417511,-6.7811165,-23.599604,30.871231,26.273352,-3.7223425,-2.8375216,-7.49388,-8.311035,-22.702646,-14.351444,-29.242523,-25.641794,0 days 00:00:08.865141808,0 days 00:00:08.905141808
0 days 00:00:00.400000,0 days 00:00:00.440000,answer2,198.61302,0.8032298,0.005042543,0.0024024476,0.069592856,13.611552,0.5942092,1.1930453,0.013240513,0.04667422,0.10971554,0.27996546,0.4463295,0.46894956,0.5354505,1.224163,1.4562783,1.7403771,1.9066373,2.1642263,1.8193132,1.5713625,1.3583347,1.285426,1.1845747,1.1890687,1.5656544,1.5212439,1.6196579,1.5861489,1.464456,1.2278455,1.1815912,0.82001233,0.7145262,0.57786715,0.011187869,0.015846556,215.33203,574.21875,990.52734,1162.793,0.044103563,626.10223,3.6110818,388272.22,5.8822293,78.69848,-0.0079616895,0.5858894,0.025341557,24.025576,-1.0748276,-9.150088,-23.821678,31.893621,22.553831,-2.47764,-7.1367774,-7.006176,-7.0296226,-22.595968,-14.535768,-31.157682,-23.115595,0 days 00:00:08.875141808,0 days 00:00:08.915141808
0 days 00:00:00.410000,0 days 00:00:00.450000,answer2,199.37956,0.8108726,0.008190864,0.002370218,0.14575966,14.13036,0.58637387,1.1669871,0.013215095,0.04799698,0.11062857,0.28176615,0.44809064,0.48069894,0.5375506,1.217261,1.4632171,1.745265,1.7621301,2.1138494,1.9220492,1.5353869,1.3438948,1.2799724,1.1322628,1.1125089,1.5149078,1.4688411,1.5772291,1.5134292,1.3287095,1.2192935,1.2278395,0.79658073,0.6711469,0.53715664,0.01245343,0.015035476,215.33203,445.01953,933.10547,1162.793,0.04709291,587.1324,3.5657208,361476.03,6.583841,96.360435,-0.0083327275,0.55514795,0.025457563,25.818121,-0.57931095,-10.260638,-22.980087,29.68521,18.081038,-1.2970911,-9.019063,-5.9828115,-5.3881736,-21.716497,-13.889333,-30.344748,-21.996572,0 days 00:00:08.885141808,0 days 00:00:08.925141808
0 days 00:00:00.420000,0 days 00:00:00.460000,answer2,200.04558,0.8083969,0.0087430775,0.0049205036,0.1463304,15.177135,0.58120847,1.1316036,0.013657309,0.048374906,0.10627333,0.28330448,0.450598,0.49069485,0.5908026,1.1972992,1.4560286,1.7288984,1.5908533,2.0053306,1.9318576,1.4667403,1.3669205,1.259215,1.088192,1.120402,1.4198986,1.3372186,1.4626327,1.4197317,1.23425,1.2402577,1.2467009,0.7896695,0.63698,0.50094324,0.013067216,0.0135096535,215.33203,330.17578,861.3281,1162.793,0.04869635,565.9014,3.4923594,363746.88,6.7378883,98.45535,-0.00833265,0.53618175,0.025419516,26.261816,-0.9338115,-10.24503,-25.419687,30.620829,13.614391,-2.54735,-7.7817206,-7.9685416,-3.806508,-24.945574,-18.585052,-27.31664,-23.02962,0 days 00:00:08.895141808,0 days 00:00:08.935141808
0 days 00:00:00.430000,0 days 00:00:00.470000,answer2,200.81158,0.80039424,0.008441043,0.008038394,0.1557232,15.943133,0.5953172,1.1030271,0.014182795,0.048374906,0.10339784,0.28847554,0.46298409,0.51088077,0.65556043,1.1863781,1.4632083,1.7435569,1.4445881,1.8895435,1.8570353,1.4098266,1.4201374,1.201695,1.0567883,1.1736736,1.3350477,1.1966676,1.364643,1.4010886,1.2377505,1.2264618,1.2098578,0.7694804,0.60092,0.4690577,0.016808147,0.012169603,215.33203,229.6875,789.5508,1105.3711,0.055864144,532.06195,3.4443328,334192.12,7.0397115,106.09017,-0.009491031,0.5093159,0.028266788,27.32379,-1.2198277,-7.968783,-27.267359,29.50817,12.978462,-2.0376241,-3.2543457,-9.845497,-4.8778353,-27.485281,-21.667265,-22.713953,-23.931297,0 days 00:00:08.905141808,0 days 00:00:08.945141808
0 days 00:00:00.440000,0 days 00:00:00.480000,answer2,201.50317,0.79454595,0.006321341,0.008278509,0.11190791,16.104137,0.6002467,1.0918175,0.014646041,0.04497354,0.10423448,0.29554674,0.47949326,0.53474784,0.6987424,1.2005129,1.4941283,1.8057457,1.3342355,1.7436794,1.704842,1.3876611,1.4497538,1.1542727,1.0653433,1.261127,1.3281494,1.1204573,1.3391794,1.4672619,1.3391123,1.1792508,1.1453538,0.7376135,0.5726786,0.4441315,0.01916538,0.009783058,215.33203,229.6875,760.83984,1004.8828,0.056609288,514.3336,3.4272022,314502.47,7.3075423,114.748436,-0.010154072,0.49609694,0.030149916,27.770723,-0.46121764,-5.1285653,-30.27738,27.470932,13.655551,0.48484007,-0.44896135,-11.952802,-2.0732932,-29.285032,-24.502638,-19.79957,-21.809479,0 days 00:00:08.915141808,0 days 00:00:08.955141808
0 days 00:00:00.450000,0 days 00:00:00.490000,answer2,202.16301,0.7920193,0.00712915,0.0065913606,0.13752316,15.466934,0.59866214,1.0843439,0.014943914,0.03930461,0.11080732,0.30119976,0.4930602,0.5698823,0.7193303,1.211604,1.5207976,1.9060898,1.2694672,1.6085087,1.532355,1.4013187,1.3600851,1.1195993,1.0846602,1.3077596,1.3189934,1.1008666,1.3375405,1.5528321,1.4423488,1.1224499,1.1008189,0.70831275,0.55948734,0.43276772,0.01946405,0.009420749,215.33203,229.6875,775.1953,961.8164,0.06295422,509.54306,3.46113,283197.5,7.9647555,138.43208,-0.010829364,0.49637106,0.032067806,29.149979,2.0688255,-6.7308555,-30.624115,27.526527,15.541626,1.1233069,-0.8568976,-11.7786255,-2.830901,-26.097641,-23.40214,-20.112272,-15.708939,0 days 00:00:08.925141808,0 days 00:00:08.965141808
0 days 00:00:00.460000,0 days 00:00:00.500000,answer2,202.64748,0.7937147,0.0063930303,0.0042287647,0.121652536,14.589875,0.5808827,1.0698181,0.01467196,0.033635676,0.12224374,0.3032399,0.49709833,0.6006389,0.740921,1.1948797,1.51508,2.0109005,1.2178904,1.4899874,1.4071426,1.4161297,1.1995374,1.1465048,1.0984656,1.2743596,1.2547919,1.1071175,1.3157736,1.5683991,1.4671922,1.0816808,1.1003418,0.69676524,0.55568945,0.43250152,0.016615631,0.007892431,215.33203,229.6875,789.5508,961.8164,0.059672553,514.4573,3.4706924,290779.94,8.301174,146.28227,-0.010041907,0.50145316,0.030072369,29.361305,2.9576862,-8.455806,-29.09966,30.044466,12.145355,2.7042148,1.3272709,-10.252316,-5.973414,-23.848494,-21.005674,-23.204905,-12.982738,0 days 00:00:08.935141808,0 days 00:00:08.975141808
0 days 00:00:00.470000,0 days 00:00:00.510000,answer2,203.54364,0.78759503,0.0049188067,0.0040737856,0.09668129,13.954818,0.5530369,1.0392511,0.013675139,0.030612245,0.12758088,0.2976313,0.48787424,0.6070915,0.75253874,1.1179491,1.4431372,2.052971,1.1630207,1.4022875,1.3513707,1.3501182,1.0634294,1.2196223,1.1004761,1.1733963,1.1342787,1.0913137,1.2433513,1.5065236,1.4083413,1.0980977,1.1197609,0.70357007,0.5626495,0.44214752,0.012924063,0.007501351,215.33203,229.6875,818.2617,1004.8828,0.05594285,525.8159,3.4360607,320049.84,8.35569,140.89159,-0.008664133,0.5102531,0.026286677,28.362053,3.267657,-10.572026,-26.797653,29.494965,9.819587,5.5971,0.6620648,-16.42457,-9.056777,-23.644249,-17.361662,-26.426216,-15.631267,0 days 00:00:08.945141808,0 days 00:00:08.985141808
0 days 00:00:00.480000,0 days 00:00:00.520000,answer2,204.37907,0.7765824,0.0036225605,0.0040331185,0.07172144,14.179112,0.5110783,0.99798375,0.0120829195,0.032690853,0.123945706,0.28508615,0.46971098,0.59071565,0.7486713,0.98467284,1.2965016,2.004465,1.0942026,1.3032202,1.3038961,1.1966705,1.0504843,1.3010272,1.1323949,1.0828255,1.043168,1.0601741,1.1254715,1.4064876,1.315425,1.136745,1.1361628,0.7242815,0.5747425,0.45643106,0.009789923,0.0048128464,215.33203,229.6875,818.2617,947.46094,0.057179015,515.37823,3.3020346,355094.53,8.431404,129.99739,-0.0068007256,0.49881515,0.02062636,26.632757,2.6378405,-8.166025,-23.106794,25.202454,7.3153977,9.350079,-2.173192,-21.050924,-10.429952,-25.713087,-14.463417,-21.920912,-16.644247,0 days 00:00:08.955141808,0 days 00:00:08.995141808
0 days 00:00:00.490000,0 days 00:00:00.530000,answer2,205.21672,0.770838,0.0060984273,0.0042660665,0.08877605,13.828061,0.46877253,0.95119745,0.010433835,0.037414968,0.11108929,0.2670435,0.44497016,0.5639612,0.7306308,0.8164589,1.0855619,1.8351927,1.0191449,1.1936812,1.249087,0.9973318,1.0704187,1.3043658,1.2032181,1.1049252,1.0328487,1.0370883,1.0158669,1.300578,1.2276995,1.1849523,1.122078,0.738962,0.597097,0.4768834,0.007034262,0.0043971543,215.33203,215.33203,832.6172,990.52734,0.059302676,524.19745,3.2690077,441564.66,8.084415,111.31445,-0.005156664,0.500484,0.015329006,24.725954,2.9897425,-7.02138,-20.5778,21.689821,11.656758,7.0085487,-14.3543825,-27.01552,-6.624266,-24.682539,-13.908103,-20.395525,-12.413928,0 days 00:00:08.965141808,0 days 00:00:09.005141808
0 days 00:00:00.500000,0 days 00:00:00.540000,answer2,205.64293,0.77172565,0.0072694416,0.005466573,0.08839963,12.809646,0.44833732,0.9117222,0.009132375,0.04516251,0.09625866,0.2476732,0.41843012,0.54468703,0.72566825,0.65312135,0.8600015,1.5852327,0.95300794,1.1115708,1.2082866,0.8605425,1.0543581,1.1957091,1.3005317,1.2275538,1.1008171,1.037015,0.9577742,1.2299145,1.1504459,1.2042989,1.105226,0.74395823,0.62873834,0.50395495,0.0051515647,0.004753332,215.33203,215.33203,890.03906,1076.6602,0.05611853,555.45636,3.3344257,548431.06,7.4711156,92.99241,-0.0039188857,0.5181789,0.011330732,22.833176,2.1236851,-5.348931,-19.107992,22.239958,13.007001,1.3061281,-22.818754,-27.83153,-2.220451,-22.111025,-15.419533,-18.293125,-8.664903,0 days 00:00:08.975141808,0 days 00:00:09.015141808
0 days 00:00:00.510000,0 days 00:00:00.550000,answer2,205.93512,0.7727919,0.006725511,0.0047871093,0.08147266,11.489342,0.4505616,0.8926495,0.008141291,0.053099018,0.08448616,0.2294864,0.39096737,0.5341061,0.7415185,0.5419411,0.69021255,1.3200427,0.89888877,1.0766102,1.2115215,0.8355703,0.99310476,1.0526667,1.400011,1.3904754,1.2166399,1.0734342,0.96790147,1.1867224,1.0917841,1.210728,1.1354884,0.7469875,0.65737146,0.53022116,0.0045982506,0.0053520426,215.33203,229.6875,904.39453,1191.5039,0.047781546,612.40875,3.609782,755270.7,6.718557,70.72848,-0.0031816394,0.5582483,0.009098962,21.451727,0.783418,-5.7300324,-19.15632,20.845514,11.690221,-0.31659308,-28.70582,-24.992815,1.444847,-21.94248,-14.588498,-20.966293,-6.946486,0 days 00:00:08.985141808,0 days 00:00:09.025141808
0 days 00:00:00.520000,0 days 00:00:00.560000,answer2,205.98102,0.7674934,0.0052672364,0.0058926423,0.042862922,10.877384,0.45308328,0.8984793,0.0075952057,0.060279667,0.07728278,0.21537387,0.36801895,0.52550536,0.7562151,0.49537325,0.61267406,1.1053048,0.8493449,1.0714065,1.220264,0.89419335,0.9556367,0.96357274,1.4764746,1.4924866,1.3599952,1.153861,1.021931,1.2077461,1.0942341,1.2372545,1.2002858,0.76184565,0.6876898,0.55649126,0.004348535,0.0043062344,215.33203,229.6875,875.6836,1205.8594,0.040366028,634.87885,3.6860578,980257.7,6.0137506,54.73135,-0.0028034586,0.5652785,0.007814271,19.729382,0.52635574,-3.2568655,-19.645287,19.816698,8.371586,-1.2947958,-23.052872,-20.273796,0.92246693,-25.259567,-14.018765,-18.691229,-11.024531,0 days 00:00:08.995141808,0 days 00:00:09.035141808
0 days 00:00:00.530000,0 days 00:00:00.570000,answer2,205.83046,0.7606375,0.0109389005,0.007557856,0.09707435,11.156947,0.44671234,0.91958314,0.0073772655,0.06481481,0.074415006,0.2059683,0.35276702,0.5215756,0.747318,0.494709,0.61204356,0.98878723,0.7953882,1.0325133,1.1761978,1.0124662,1.0132823,0.9861662,1.5030583,1.5006037,1.5102738,1.2710918,1.0573094,1.274068,1.164648,1.2803191,1.2665554,0.79677457,0.70542496,0.565438,0.0042802873,0.002945126,215.33203,229.6875,818.2617,1191.5039,0.03829192,625.9016,3.707648,1.03355144e+06,5.899651,50.86185,-0.0025361062,0.5545573,0.0069497842,19.342348,-0.15381257,-2.7516727,-18.835297,20.431313,4.063616,-1.4761343,-19.582102,-16.073542,-4.7991433,-31.901876,-13.036751,-15.199239,-12.862409,0 days 00:00:09.005141808,0 days 00:00:09.045141808
0 days 00:00:00.540000,0 days 00:00:00.580000,answer2,205.68962,0.7599142,0.015356121,0.009090129,0.09487853,10.719861,0.43316033,0.9323482,0.0072522517,0.06575964,0.076875314,0.2013482,0.34587216,0.5238495,0.69962406,0.5066866,0.64402884,0.9419883,0.7433679,0.9657128,1.1017777,1.1208289,1.1025635,1.0669363,1.4428428,1.4110245,1.629495,1.3997402,1.0344425,1.3291734,1.265461,1.3171297,1.2717198,0.82480806,0.71017486,0.56358236,0.0039987103,0.0026206432,215.33203,215.33203,818.2617,1205.8594,0.03428334,615.1006,3.6573665,997411.44,5.7989373,50.302853,-0.0023969626,0.5431344,0.006393825,19.800001,0.6331368,-1.8693537,-17.831888,24.059555,6.119318,-2.145119,-16.153133,-14.432145,-3.7467468,-35.968704,-10.585286,-14.065079,-16.51406,0 days 00:00:09.015141808,0 days 00:00:09.055141808
0 days 00:00:00.550000,0 days 00:00:00.590000,answer2,206.33118,0.7554622,0.023706367,0.009253626,0.13114555,10.97166,0.42130283,0.922621,0.007249085,0.06235828,0.082462505,0.19880092,0.3403189,0.51155925,0.61712533,0.51164436,0.6728938,0.93896556,0.72475916,0.90995985,1.0495634,1.1602376,1.1830378,1.1602248,1.3328891,1.2902714,1.6588281,1.4751087,0.9559439,1.3380555,1.3314762,1.296435,1.2021796,0.8145111,0.684618,0.5462767,0.0032886034,0.0031976856,215.33203,401.95312,890.03906,1177.1484,0.03959978,643.2477,3.721041,811618.7,6.2758446,61.943375,-0.002278527,0.5792094,0.006416423,21.021425,-2.0200331,-4.3342476,-16.804688,25.878576,9.9361925,3.800896,-13.97058,-16.69262,-3.7569094,-36.502766,-8.970468,-17.35879,-19.03348,0 days 00:00:09.025141808,0 days 00:00:09.065141808
0 days 00:00:00.560000,0 days 00:00:00.600000,answer2,207.01099,0.74479824,0.022774128,0.007916669,0.08075251,10.752942,0.421049,0.89887094,0.007135319,0.053287983,0.09130487,0.19720216,0.3348973,0.49389467,0.5436581,0.50812536,0.6887519,0.95291346,0.76031035,0.90745,1.0589819,1.1437328,1.2106081,1.2413644,1.2425923,1.2101198,1.594192,1.476233,0.86230403,1.266817,1.3077688,1.2289246,1.1124239,0.7663452,0.64423233,0.52549726,0.0032805328,0.003492233,215.33203,416.3086,904.39453,1177.1484,0.050540388,650.0432,3.8337386,785124.8,6.881951,73.70222,-0.0023528927,0.59089327,0.006051259,22.46123,-2.428177,-5.015713,-14.0914,25.992506,12.360784,6.531382,-14.060243,-17.869694,-2.3244493,-33.10419,-6.484165,-16.819923,-16.422493,0 days 00:00:09.035141808,0 days 00:00:09.075141808
0 days 00:00:00.570000,0 days 00:00:00.610000,answer2,208.15588,0.7351644,0.029859751,0.011697735,0.1483277,10.473816,0.40032604,0.8692524,0.0067625702,0.043272868,0.1027484,0.19747758,0.3310932,0.46462822,0.4975246,0.50098324,0.6931589,0.9339597,0.8172667,0.9387019,1.0656258,1.0904378,1.2018479,1.3284526,1.1968518,1.1853195,1.4486474,1.37723,0.80875206,1.1909802,1.2415848,1.1499966,1.0234767,0.7108472,0.60078716,0.50217944,0.0031451108,0.0031792782,200.97656,416.3086,775.1953,1119.7266,0.0584375,610.73737,3.6800349,817175.25,7.43125,81.71289,-0.0022472078,0.55837446,0.0054665864,23.035196,-2.2718031,-4.25157,-12.04893,29.262781,8.813925,7.9987144,-9.591622,-21.076048,-4.0972986,-27.60492,-7.573382,-16.863161,-17.26676,0 days 00:00:09.045141808,0 days 00:00:09.085141808
0 days 00:00:00.580000,0 days 00:00:00.620000,answer2,211.92278,0.7242796,0.025213256,0.0144250365,0.18449672,8.929357,0.36939612,0.8373935,0.006282763,0.0345805,0.11047053,0.19807653,0.33403113,0.45306084,0.48662338,0.48082128,0.67983836,0.8725193,0.8357105,0.94792366,1.0139979,1.0738497,1.1757821,1.3935302,1.1443406,1.180004,1.2701629,1.2223524,0.82388306,1.1270745,1.1601001,1.1004822,0.9624625,0.6816516,0.5722526,0.47122884,0.0033868619,0.0022398487,200.97656,229.6875,531.15234,1105.3711,0.05413076,550.78613,3.4131546,981688.06,7.50185,77.725945,-0.0019981654,0.5006194,0.004462291,22.78948,0.42899752,-2.1669393,-11.36002,31.338602,4.228335,2.0190456,-10.909725,-19.714659,-7.786287,-27.504168,-8.365291,-14.531175,-14.735042,0 days 00:00:09.055141808,0 days 00:00:09.095141808
0 days 00:00:00.590000,0 days 00:00:00.630000,answer2,214.06595,0.7045335,0.028046742,0.017540118,0.23776084,-27.877974,0.3438441,0.80040646,0.0063134525,0.030423278,0.112305045,0.19982506,0.3467678,0.46604443,0.5074337,0.4502574,0.6611512,0.76314944,0.778464,0.93382245,0.9223736,1.0754689,1.1158785,1.3932959,1.040685,1.1177773,1.0943422,1.0610079,0.8945001,1.1050278,1.1053004,1.0779161,0.9053607,0.6775925,0.56092745,0.4438921,0.004059175,0.0019968469,200.97656,215.33203,373.2422,1076.6602,0.051635046,503.46548,3.124774,926209.2,7.9554496,86.055855,-0.0019122196,0.4614041,0.004523408,23.1056,2.6768577,-2.6866207,-13.074857,32.104836,1.6451454,-5.8522935,-11.150931,-20.710363,-8.7554245,-25.052618,-11.079442,-18.09536,-15.905538,0 days 00:00:09.065141808,0 days 00:00:09.105141808
0 days 00:00:00.600000,0 days 00:00:00.640000,answer2,0.0,0.6734767,0.0,0.0,0.0,-64.27888,0.3672051,0.77253157,0.007066425,0.030234316,0.104968786,0.2001131,0.36088434,0.49666396,0.5588458,0.44759938,0.6613967,0.6769071,0.7039819,0.9249874,0.8647273,1.0884088,1.0572444,1.3237525,0.9264285,1.0252225,0.9693679,0.96457005,0.9569149,1.0937071,1.0699201,1.0609497,0.8626726,0.6854251,0.5748939,0.4252673,0.005574899,0.0026643863,215.33203,272.7539,502.4414,1119.7266,0.05554402,534.5358,3.392834,805361.75,8.017062,90.125084,-0.0021625233,0.49630538,0.0063278326,24.160185,2.9317658,-6.927936,-15.896571,27.017967,-0.25832763,-10.668235,-15.428731,-16.881117,-6.332914,-24.811129,-11.556033,-17.232813,-17.503263,0 days 00:00:09.075141808,0 days 00:00:09.115141808
0 days 00:00:00.610000,0 days 00:00:00.650000,answer2,0.0,0.6582926,0.0,0.0,0.0,-100.0,0.42831826,0.7816002,0.007985269,0.031934995,0.09718286,0.19465049,0.3653277,0.57510537,0.6731884,0.52601904,0.7285239,0.6705437,0.6882539,0.960195,0.9316365,1.1488111,0.9970303,1.2098687,0.8729246,0.9791033,0.94451314,0.955713,0.9876855,1.1026452,1.0708259,1.0453287,0.8658309,0.6979925,0.60367316,0.4290317,0.009109926,0.003967107,315.8203,401.95312,732.1289,1205.8594,0.08084307,607.8867,3.8751457,533975.44,8.1642,102.972046,-0.0029041774,0.5746842,0.008426266,26.231644,1.7008854,-11.611972,-23.360826,22.383606,-2.9914815,-12.290001,-18.951326,-13.489261,5.703938,-21.692762,-12.683398,-13.808876,-11.704722,0 days 00:00:09.085141808,0 days 00:00:09.125141808
0 days 00:00:00.620000,0 days 00:00:00.660000,answer2,0.0,0.6568427,0.0,0.0,0.0,-100.0,0.46575668,0.82898945,0.00821394,0.03382464,0.09310556,0.18208317,0.3537914,0.6698482,0.818703,0.71093446,0.8709423,0.7533484,0.7736738,1.0488456,1.140831,1.2553115,0.94201756,1.11893,0.89922136,1.0123844,1.0254287,0.9987528,0.9645825,1.1138514,1.104375,1.0128485,0.90308976,0.7094672,0.6290693,0.4482878,0.009191225,0.006776973,430.66406,602.9297,1004.8828,1263.2812,0.09355394,737.05225,4.373827,436346.25,7.328674,103.97248,-0.0031984495,0.69084257,0.008928868,27.500818,-0.82569176,-16.510637,-27.396652,17.984472,0.6717885,-9.592348,-22.215195,-8.517189,14.334197,-22.416906,-13.500832,-12.1526375,-11.097965,0 days 00:00:09.095141808,0 days 00:00:09.135141808
0 days 00:00:00.630000,0 days 00:00:00.670000,answer2,0.0,0.6745985,0.0,0.0,0.0,-100.0,0.43833217,0.8757236,0.0077030524,0.035336357,0.095447145,0.16369356,0.3260012,0.71782285,0.89317006,0.9036663,1.0636373,0.8923767,0.8790126,1.0999126,1.350931,1.3640156,0.8900054,1.0384697,0.9514925,1.086154,1.1590987,1.0334096,0.9396588,1.0994883,1.1157093,0.9599867,0.9346389,0.7112401,0.63328856,0.4664869,0.007147592,0.005842477,574.21875,703.41797,961.8164,1220.2148,0.10569075,767.01666,4.220439,321157.4,8.50819,150.5895,-0.0028540306,0.72807217,0.007270707,27.52881,-1.849418,-17.151327,-28.008759,16.682837,6.921739,-4.4779167,-14.8525915,-3.5659208,13.231949,-25.249796,-17.949537,-12.065994,-5.739576,0 days 00:00:09.105141808,0 days 00:00:09.145141808
0 days 00:00:00.640000,0 days 00:00:00.680000,answer2,0.0,0.67760634,0.0,0.0,0.0,-100.0,0.3745035,0.87077475,0.006771581,0.040816326,0.10220339,0.14323667,0.28342688,0.6745937,0.85768986,0.96824646,1.2553687,1.02588,0.88387376,1.0536598,1.4048549,1.3334194,0.84301853,0.96810836,0.9670403,1.1155883,1.212104,1.002694,0.9026986,1.0255808,1.0392405,0.8671314,0.8985312,0.7049964,0.628499,0.4784596,0.003140262,0.0043243933,631.6406,746.4844,890.03906,1047.9492,0.0840129,758.0947,3.6526778,258879.02,11.8562975,263.38257,-0.0022757745,0.7315855,0.0061277077,26.757856,-0.13807313,-19.458702,-23.077826,10.226323,10.820022,2.7062473,-3.708985,2.8960302,9.453243,-23.67511,-18.74699,-9.109007,-3.7778137,0 days 00:00:09.115141808,0 days 00:00:09.155141808
0 days 00:00:00.650000,0 days 00:00:00.690000,answer2,0.0,0.66783017,0.0,0.0,0.0,-100.0,0.29715678,0.8008601,0.0054689944,0.048563868,0.108516105,0.12445102,0.23681717,0.55132693,0.72017175,0.86310005,1.3485694,1.0926558,0.75714374,0.870727,1.2131606,1.1445813,0.83542544,0.89687777,0.92738086,1.0674562,1.149938,0.9167486,0.8461904,0.9021132,0.8762892,0.7538998,0.80382967,0.6964431,0.64015657,0.4783937,0.0010928899,0.0007185945,617.28516,717.77344,732.1289,875.6836,0.07267727,706.60614,3.2805176,328365.94,13.022052,269.90143,-0.0013460809,0.695342,0.0043052644,25.023048,2.5648983,-16.899204,-18.587978,4.5067744,9.319682,9.199842,7.246594,7.0432754,1.3895464,-26.38027,-19.057718,-4.2607903,-0.92648107,0 days 00:00:09.125141808,0 days 00:00:09.165141808
0 days 00:00:00.660000,0 days 00:00:00.700000,answer2,0.0,0.6521154,0.0,0.0,0.0,-100.0,0.25450552,0.7073899,0.0039897016,0.057256237,0.11088758,0.10838341,0.19212322,0.4464716,0.60614836,0.6919233,1.3006543,1.0550965,0.56721944,0.6560509,0.919872,0.88362455,0.8442362,0.842107,0.8796595,1.0009087,0.98677397,0.8147407,0.791455,0.7901524,0.70950586,0.65395653,0.7063882,0.6890893,0.66640216,0.47830775,0.0008106558,0.0002799974,559.8633,717.77344,732.1289,890.03906,0.04919106,720.56177,3.493543,581849.44,11.998859,223.34895,-0.00084583665,0.6990246,0.0028411455,23.222044,4.161423,-15.249505,-16.291914,-2.0233696,4.7041855,7.5224404,9.183995,5.348475,3.4225283,-17.705557,-15.841568,-3.820535,1.5564753,0 days 00:00:09.135141808,0 days 00:00:09.175141808
0 days 00:00:00.670000,0 days 00:00:00.710000,answer2,0.0,0.6399634,0.0,0.0,0.0,-100.0,0.21672976,0.63012826,0.0026460167,0.06405896,0.10750046,0.09904542,0.16344534,0.37987903,0.53997445,0.5554931,1.0899503,0.89824337,0.4227848,0.4868255,0.6860463,0.69197255,0.85235864,0.82254,0.8504265,0.96135044,0.84852034,0.75640076,0.74724716,0.71817607,0.6056753,0.585586,0.6522016,0.6895307,0.69075936,0.48140156,0.0005559799,0.00018866434,401.95312,674.70703,775.1953,1091.0156,0.040885266,780.1262,4.210734,1.3385455e+06,7.938315,89.437744,-0.00031605884,0.71338654,0.00091691554,20.810587,4.221575,-9.944485,-9.737317,0.26228428,3.0980403,2.136439,5.432339,5.4323845,2.0861506,-15.474658,-14.029263,-4.16441,0.015954733,0 days 00:00:09.145141808,0 days 00:00:09.185141808
0 days 00:00:00.680000,0 days 00:00:00.720000,answer2,0.0,0.0,0.0,0.0,0.0,-100.0,0.19904988,0.58548284,0.0019260877,0.06575964,0.10103796,0.0942209,0.14629076,0.34103835,0.51100105,0.47352216,0.8302788,0.69602054,0.34141108,0.39532098,0.56621534,0.61747533,0.85271597,0.8235548,0.85640955,0.9552379,0.7614606,0.74592084,0.75616366,0.6983064,0.58109784,0.55764276,0.6490689,0.6989875,0.6888258,0.48332918,0.00039262944,0.0001758136,315.8203,660.35156,803.90625,1335.0586,0.02574744,869.9956,4.7175555,2.002062e+06,6.2292495,54.400196,-0.00016959086,0.7609537,0.00044952743,18.414772,3.7017117,-8.499923,-6.8949494,2.831002,-0.5107467,-0.4892275,5.356167,8.387958,5.2206707,-9.647826,-12.405266,-3.7499855,0.9184206,0 days 00:00:09.155141808,0 days 00:00:09.195141808
0 days 00:00:00.690000,0 days 00:00:00.730000,answer2,0.0,0.6444608,0.0,0.0,0.0,-100.0,0.18416525,0.5656898,0.0017349105,0.06632653,0.09922379,0.09306306,0.1431278,0.31601647,0.4771681,0.41859856,0.6046413,0.5234118,0.3121606,0.34885374,0.52154386,0.6258961,0.84016556,0.8308227,0.8655756,0.95661706,0.72537154,0.78266764,0.7907491,0.7030347,0.5930995,0.55734944,0.6770837,0.72794956,0.6816962,0.49204838,0.00031577636,0.00012922996,200.97656,516.7969,760.83984,1263.2812,0.021666246,825.87354,4.7208614,2.2366485e+06,5.367897,38.185776,-0.0001288404,0.70454097,0.00030823637,17.0492,6.0744376,-5.089739,-2.4320157,5.9403667,2.7581956,0.103337206,4.7044964,10.113637,-0.6628227,-14.27758,-10.938018,-1.2287338,3.1035874,0 days 00:00:09.165141808,0 days 00:00:09.205141808
0 days 00:00:00.700000,0 days 00:00:00.740000,answer2,0.0,0.0,0.0,0.0,0.0,-100.0,0.17926408,0.5608464,0.0016978354,0.0665155,0.09966427,0.096455365,0.15521489,0.29348508,0.41395906,0.3827558,0.4775144,0.43472025,0.3131305,0.31208542,0.47163352,0.6561819,0.82175606,0.82884556,0.88201064,0.94613904,0.7172923,0.83248234,0.8431191,0.7380686,0.6132888,0.5863251,0.71393317,0.76606965,0.6841249,0.50175065,0.0003145834,9.213429e-05,200.97656,401.95312,717.77344,1119.7266,0.01875709,785.1504,4.428115,2.237237e+06,5.1692214,35.26852,-0.00013388749,0.6681753,0.00036081113,15.631806,8.079267,-2.7366407,-4.3015985,3.5920527,3.660301,4.936485,9.362721,3.408147,-9.541494,-18.342754,-15.743653,-4.8426456,1.9839115,0 days 00:00:09.175141808,0 days 00:00:09.215141808
0 days 00:00:00.710000,0 days 00:00:00.750000,answer2,0.0,0.0,0.0,0.0,0.0,-100.0,0.1668921,0.56063765,0.0015855148,0.068405144,0.09836557,0.10476769,0.17617513,0.28319785,0.35192385,0.3696005,0.41391435,0.4025756,0.329206,0.28046438,0.40365902,0.66498995,0.7827646,0.8046437,0.90138096,0.93974346,0.70251733,0.86782104,0.898325,0.77832603,0.6282256,0.62912625,0.73982424,0.7998325,0.7015831,0.52362436,0.00029889063,6.179141e-05,186.6211,244.04297,617.28516,1119.7266,0.018409409,747.0625,4.153072,2.5740038e+06,4.8839393,31.434898,-0.00012517511,0.62565297,0.00034815396,14.7059555,10.934499,-0.4480511,-2.251541,2.177396,4.210647,3.4266243,7.919008,-0.9606185,-12.699834,-19.99132,-15.739848,-5.476974,0.6037383,0 days 00:00:09.185141808,0 days 00:00:09.225141808
0 days 00:00:00.720000,0 days 00:00:00.760000,answer2,0.0,0.0,0.0,0.0,0.0,-100.0,0.16211848,0.562068,0.001429325,0.07067271,0.088581644,0.11411957,0.19797592,0.28072342,0.31618068,0.3635899,0.38025284,0.385839,0.34983218,0.26358396,0.3396512,0.6469596,0.74510556,0.7824631,0.91511774,0.96172374,0.7035273,0.8785043,0.9649971,0.80918574,0.6400064,0.6700218,0.74542636,0.82624274,0.7087047,0.5354505,0.00022962515,5.9059064e-05,229.6875,315.8203,703.41797,1650.8789,0.015708558,911.11426,4.4497695,3.242614e+06,4.269981,23.98754,-8.951207e-05,0.7471791,0.00026857163,13.481816,8.358779,-0.9653313,-5.4527106,-0.91616267,-0.93751305,0.75984496,1.986195,-3.319476,-12.664517,-16.482206,-16.12662,-5.3233914,-2.4244113,0 days 00:00:09.195141808,0 days 00:00:09.235141808
0 days 00:00:00.730000,0 days 00:00:00.770000,answer2,0.0,0.65326554,0.0,0.0,0.0,-100.0,0.15887791,0.5669885,0.0015054139,0.0718065,0.08062691,0.12079486,0.20525132,0.28824958,0.33975002,0.35944536,0.35081664,0.3638856,0.35592988,0.2701455,0.31714392,0.62227654,0.74081755,0.7797734,0.9389443,1.0259827,0.731256,0.8575724,1.0049697,0.81184816,0.67442065,0.7019549,0.73606163,0.84772843,0.6892185,0.5268377,0.00022031611,6.0916966e-05,186.6211,272.7539,574.21875,1622.168,0.016765898,823.74835,4.374823,3.0620182e+06,4.494612,26.436197,-9.711486e-05,0.6699233,0.00015527544,14.447705,8.494637,2.5787604,-0.3617967,0.90818053,-4.29682,0.6698138,-2.5596986,-0.19239569,-1.8520699,-10.883538,-8.778564,3.1915886,-0.6609995,0 days 00:00:09.205141808,0 days 00:00:09.245141808
0 days 00:00:00.740000,0 days 00:00:00.780000,answer2,0.0,0.65326554,0.0,0.0,0.0,-100.0,0.16706042,0.58101654,0.0016580113,0.071617536,0.08634039,0.12736602,0.20197147,0.3165166,0.39493582,0.3618145,0.33035588,0.34473523,0.36105502,0.2993982,0.3437995,0.6050386,0.7612548,0.8041034,0.95707107,1.12221,0.7949535,0.8541077,1.0225778,0.79740816,0.7161835,0.74024135,0.73512393,0.86294633,0.66057485,0.5043466,0.0002464474,6.69177e-05,157.91016,258.39844,516.7969,1406.8359,0.018694863,704.76996,4.2289233,2.4092792e+06,5.172194,35.54343,-0.00013394194,0.5797278,0.00019046823,15.656545,9.422702,4.666743,-0.60269135,2.4542487,-0.642656,4.812807,-3.5069284,0.9773378,1.4677099,-6.8159714,-5.634287,1.0983171,0.36296475,0 days 00:00:09.215141808,0 days 00:00:09.255141808
0 days 00:00:00.750000,0 days 00:00:00.790000,answer2,0.0,0.0,0.0,0.0,0.0,-100.0,0.16024949,0.6005836,0.0016900651,0.07142857,0.10580903,0.13757704,0.19335437,0.3489561,0.44310036,0.3638511,0.31994697,0.34493068,0.37155285,0.32754406,0.39402506,0.5880042,0.79926205,0.85343456,1.0013641,1.192062,0.8705816,0.86383516,1.0145099,0.79954195,0.748797,0.7858231,0.74709797,0.8630678,0.65056926,0.48657665,0.00019695,5.8379566e-05,114.84375,172.26562,516.7969,1406.8359,0.02205231,684.3974,4.1041336,2.8291848e+06,5.136061,35.12206,-0.0001323115,0.55272746,0.0001870512,15.340402,11.067321,6.004904,4.9975963,4.5516877,1.7260126,7.849699,1.1717371,0.9876625,1.4013805,-5.7711663,-2.2471313,4.042343,2.6799142,0 days 00:00:09.225141808,0 days 00:00:09.265141808
0 days 00:00:00.760000,0 days 00:00:00.800000,answer2,0.0,0.0,0.0,0.0,0.0,-100.0,0.16083755,0.6196451,0.0015995201,0.06991686,0.13149136,0.15229897,0.1933015,0.37918177,0.4616994,0.37423334,0.3198608,0.36351797,0.39468372,0.34342766,0.4284989,0.5783263,0.8332708,0.914077,1.0628396,1.1945873,0.90435094,0.8925588,1.0035167,0.82602453,0.7561926,0.8153746,0.7756507,0.84742635,0.6760805,0.48830107,0.00023214356,5.7127432e-05,129.19922,215.33203,559.8633,1421.1914,0.019950913,722.27264,4.2563386,2.899956e+06,5.0239882,33.973904,-0.00012230656,0.5869033,0.00021340679,15.517372,11.294018,4.804688,3.9888353,2.333788,0.50507325,7.8111014,4.5674033,-0.67405224,-6.2182083,-3.7326224,-3.0060349,1.5994567,2.347032,0 days 00:00:09.235141808,0 days 00:00:09.275141808
0 days 00:00:00.770000,0 days 00:00:00.810000,answer2,0.0,0.0,0.0,0.0,0.0,-100.0,0.16198377,0.63843983,0.001531311,0.068216175,0.14476605,0.15837753,0.1933112,0.38544953,0.46122634,0.4001515,0.33704624,0.39310673,0.42328975,0.35087356,0.4452097,0.59928846,0.85925525,0.9883041,1.1255256,1.1560217,0.91946155,0.91962045,1.0147017,0.8778197,0.76022047,0.80586666,0.81404114,0.8435869,0.72264117,0.5002708,0.00023983761,6.459423e-05,114.84375,258.39844,645.9961,1622.168,0.019078521,812.6463,4.4943333,3.2608588e+06,4.531535,27.480352,-0.0001002196,0.6555832,0.00013743166,14.507973,9.291785,3.1113236,4.14082,-0.15298109,-1.5747786,7.1585326,8.71242,5.5073133,-1.8491726,-0.9195104,-4.726947,6.833639,2.2460132,0 days 00:00:09.245141808,0 days 00:00:09.285141808
0 days 00:00:00.780000,0 days 00:00:00.820000,answer2,0.0,0.0,0.0,0.0,0.0,-100.0,0.16766809,0.6578402,0.0015729694,0.065381706,0.14378034,0.15447338,0.19601022,0.3795826,0.48209023,0.4344077,0.36078095,0.42359266,0.4476129,0.36450878,0.45281544,0.6575605,0.87627465,1.0416741,1.1614785,1.1044334,0.95129913,0.953969,1.0301036,0.93054277,0.7902131,0.7744737,0.85228187,0.8584085,0.763716,0.51775867,0.00027283587,6.8580935e-05,143.55469,315.8203,645.9961,1737.0117,0.018789446,818.45575,4.5366244,2.883858e+06,4.5582504,28.004898,-0.000103211154,0.6673463,0.0001555985,14.496479,9.7844095,1.7621984,-0.088804245,-1.4252621,-0.5491557,3.6085036,4.948563,6.16132,-1.276419,-2.4367788,-3.4576645,5.5160213,0.2655824,0 days 00:00:09.255141808,0 days 00:00:09.295141808
0 days 00:00:00.790000,0 days 00:00:00.830000,answer2,0.0,0.0,0.0,0.0,0.0,-100.0,0.16416703,0.6802313,0.0015430568,0.062169313,0.13661045,0.15165468,0.19719428,0.37006173,0.5059485,0.47381237,0.3933302,0.44741988,0.47612724,0.41005918,0.47014356,0.7236748,0.8718733,1.0417246,1.1390564,1.0795983,1.0169321,1.0040954,1.0736561,0.9683525,0.85336494,0.7791522,0.887556,0.89267063,0.783951,0.53799224,0.00019460334,6.428375e-05,143.55469,272.7539,545.5078,1737.0117,0.020755652,794.9223,4.2603574,2.9303208e+06,4.545324,27.639023,-0.00010713118,0.64271146,0.00018116423,13.490054,10.75716,1.0397382,-0.28705454,3.945615,4.6661987,4.7176323,2.7115848,7.967027,2.890127,-4.3755074,-1.5213639,4.0967937,-2.6748693,0 days 00:00:09.265141808,0 days 00:00:09.305141808
0 days 00:00:00.800000,0 days 00:00:00.840000,answer2,0.0,0.0,0.0,0.0,0.0,-100.0,0.1592375,0.6961991,0.0015323921,0.06500378,0.13230735,0.16203465,0.20195901,0.3650844,0.5122137,0.4731911,0.4140155,0.4580214,0.5102308,0.45810628,0.49398208,0.76236486,0.86984044,0.99248195,1.0939683,1.0515528,1.0767821,1.0452178,1.1131126,0.99217016,0.9263206,0.8232589,0.8996791,0.92221755,0.78467447,0.5663881,0.00014710928,5.368934e-05,157.91016,229.6875,430.66406,1550.3906,0.018682426,727.4006,4.0161514,2.7501138e+06,4.7427125,29.664988,-0.00011401016,0.58763534,0.00022584859,13.641506,12.483396,2.8659923,2.1906147,7.0989137,5.88685,3.9877727,3.2766163,0.2760419,-4.185761,-7.9708023,-2.0429485,3.187376,-2.2190602,0 days 00:00:09.275141808,0 days 00:00:09.315141808
0 days 00:00:00.810000,0 days 00:00:00.850000,answer2,0.0,0.0,0.0,0.0,0.0,-100.0,0.16024292,0.70522135,0.0015769111,0.06991685,0.13086718,0.18595453,0.21577539,0.37544492,0.49001554,0.45251834,0.42514226,0.46815553,0.56446934,0.5032668,0.5062166,0.7601425,0.8866556,0.9498553,1.0702882,1.0310432,1.07769,1.0573865,1.125676,1.0224842,0.98757726,0.88019484,0.89898777,0.9143157,0.76788026,0.58774996,0.00013942948,5.298712e-05,143.55469,186.6211,430.66406,1119.7266,0.017435394,659.1868,3.8883116,2.3725358e+06,4.9254527,31.250738,-0.00012228217,0.54214495,0.00024508405,14.586995,11.791991,3.037042,3.3672092,8.411047,4.502829,7.8583603,6.444036,-5.597517,-3.997865,-7.944425,-2.4223535,4.322033,-3.2754643,0 days 00:00:09.285141808,0 days 00:00:09.325141808
0 days 00:00:00.820000,0 days 00:00:00.860000,answer2,0.0,0.0,0.0,0.0,0.0,-100.0,0.16352242,0.71331906,0.0015097227,0.07804233,0.12505835,0.2054351,0.23435861,0.3883287,0.47068158,0.43932375,0.43113458,0.48759827,0.628119,0.53001195,0.51704854,0.7522542,0.9215043,0.9576626,1.1046779,1.0431305,1.0651911,1.0486517,1.1210929,1.0637082,1.0136353,0.8998661,0.8825125,0.88224983,0.7447691,0.5882902,0.0001830735,5.9668895e-05,172.26562,258.39844,645.9961,1449.9023,0.013661839,769.3859,4.3087344,2.597813e+06,4.654861,28.283186,-0.00010408784,0.63511413,0.00022696711,14.938065,9.157646,2.1517725,0.1239287,2.4134915,3.1540458,4.685333,2.3474255,-7.7186627,-7.647345,-7.637537,-4.392594,3.383462,-4.259232,0 days 00:00:09.295141808,0 days 00:00:09.335141808
0 days 00:00:00.830000,0 days 00:00:00.870000,answer2,0.0,0.0,0.0,0.0,0.0,-100.0,0.15966831,0.72288734,0.0013929239,0.07955404,0.11388131,0.20607078,0.2530749,0.40388963,0.47310913,0.46924496,0.43904245,0.5239807,0.6661362,0.564879,0.5246801,0.750031,0.9484574,0.98919153,1.149479,1.0875516,1.0696969,1.0470996,1.1143894,1.1030449,1.0009995,0.9004245,0.8686591,0.8406903,0.72009134,0.5672751,0.0001864597,5.831875e-05,172.26562,301.46484,760.83984,1751.3672,0.015518385,882.6232,4.67321,3.0693238e+06,4.2462406,23.79696,-7.801427e-05,0.7211563,0.00018818582,14.471187,8.314027,0.6988928,-3.068619,0.96003675,1.9908348,4.867253,-0.6138224,-3.6984236,-3.6585848,-6.3354087,-3.3144372,1.7520437,-5.5528817,0 days 00:00:09.305141808,0 days 00:00:09.345141808
0 days 00:00:00.840000,0 days 00:00:00.880000,answer2,0.0,0.0,0.0,0.0,0.0,-100.0,0.16418801,0.73906165,0.0013295565,0.07842026,0.10518506,0.19237417,0.25920305,0.41511723,0.48479652,0.52244884,0.45618987,0.57223016,0.68256336,0.63264006,0.5505253,0.77112484,0.9384901,1.0042344,1.1763219,1.1693786,1.1143513,1.0757955,1.1514893,1.1143746,0.9758155,0.90890306,0.8634346,0.8375492,0.70125955,0.5398068,0.00019241117,7.423125e-05,172.26562,344.53125,760.83984,1737.0117,0.014324845,898.2723,4.8368073,2.9649078e+06,4.249693,24.28975,-7.9800346e-05,0.73412055,0.00017042785,14.324986,7.7302155,0.61829275,-3.6337576,1.727655,6.1552463,5.783732,-3.4191997,-1.1936022,-3.3724031,-3.5715501,-5.583256,2.446126,-1.0563651,0 days 00:00:09.315141808,0 days 00:00:09.355141808
0 days 00:00:00.850000,0 days 00:00:00.890000,answer2,0.0,0.0,0.0,0.0,0.0,-100.0,0.16711868,0.75888664,0.001457295,0.07898715,0.10737872,0.17709386,0.25835285,0.42516088,0.49239442,0.55777705,0.49095166,0.613234,0.68225974,0.7153099,0.5896395,0.7943577,0.9240088,0.9927675,1.1725013,1.2468921,1.1689619,1.1332455,1.2131377,1.1069627,0.97549933,0.9337981,0.87418365,0.8651798,0.6934841,0.5265201,0.00018124688,7.706152e-05,129.19922,287.10938,703.41797,1492.9688,0.015377228,832.52545,4.745769,2.805825e+06,4.386302,25.829859,-9.412213e-05,0.6783824,0.00015993518,14.55981,8.491711,0.8378682,-2.5962667,4.885536,8.520074,9.371772,-0.1676604,1.0148724,0.7780464,-3.3932571,-2.8398685,4.3292365,-0.724878,0 days 00:00:09.325141808,0 days 00:00:09.365141808
0 days 00:00:00.860000,0 days 00:00:00.900000,answer2,0.0,0.6232086,0.0,0.0,0.0,-100.0,0.18475676,0.7947459,0.0016387786,0.08219954,0.12297038,0.17786783,0.2583619,0.44166782,0.5069101,0.5791475,0.53603053,0.64544266,0.71605104,0.7908012,0.6456334,0.82637787,0.967897,1.0348257,1.2238907,1.3442339,1.2230744,1.2212099,1.2810568,1.1155555,1.0222584,0.9550667,0.90528774,0.8959913,0.6917662,0.53402,0.00024592495,0.00011413052,129.19922,258.39844,689.0625,1492.9688,0.015811404,779.0527,4.738912,2.3532315e+06,4.660542,29.40169,-0.00012663718,0.64013094,0.00019633125,15.493027,5.9294267,2.9982836,0.08205986,2.159829,7.848663,9.137671,1.381823,-1.6044893,-2.1273472,-0.24802954,0.3973732,3.611045,-1.5089954,0 days 00:00:09.335141808,0 days 00:00:09.375141808
0 days 00:00:00.870000,0 days 00:00:00.910000,answer2,0.0,0.61606234,0.0,0.0,0.0,-100.0,0.20470715,0.862986,0.0017244885,0.09504912,0.13920961,0.19220674,0.27458706,0.45207658,0.5446543,0.586771,0.56800437,0.6487736,0.7490172,0.8165529,0.714457,0.8664136,1.1254593,1.1984645,1.4119639,1.4899464,1.3524113,1.4029778,1.4188651,1.1979975,1.123691,0.9898307,0.9638316,0.93863267,0.7167104,0.5541303,0.0002554348,0.0002074308,129.19922,287.10938,1248.9258,2354.2969,0.01722902,1030.849,4.9718714,3.0841508e+06,3.9777126,24.07757,-0.00013799776,0.77592367,0.00023221828,12.17629,4.1649146,10.447107,3.7533104,0.671685,1.8562759,6.659115,3.4107034,1.7917095,-4.153889,0.60785764,0.08167696,0.9436445,-5.8026605,0 days 00:00:09.345141808,0 days 00:00:09.385141808
0 days 00:00:00.880000,0 days 00:00:00.920000,answer2,0.0,0.60691047,0.0,0.0,0.0,-100.0,0.2286462,0.9643319,0.0018309947,0.10695389,0.14765093,0.21231133,0.2985909,0.46866116,0.6007056,0.6014245,0.56330043,0.6237726,0.7517478,0.8215626,0.8033989,0.93361187,1.3862196,1.529686,1.7304335,1.6884817,1.5606508,1.6592603,1.6331195,1.3519349,1.2581307,1.0727798,1.0483772,0.98316365,0.7569092,0.58674484,0.00030445913,0.00031829358,143.55469,358.88672,1650.8789,2971.582,0.01772524,1201.2184,5.3166537,3.3874752e+06,3.504523,20.270628,-0.00015320053,0.88669103,0.00029251774,10.53576,0.83050567,13.686158,8.157504,0.51023793,-3.1724627,1.3908501,1.3064674,-1.319888,-4.210318,3.7550414,1.9659859,-2.194668,-3.6650105,0 days 00:00:09.355141808,0 days 00:00:09.395141808
0 days 00:00:00.890000,0 days 00:00:00.930000,answer2,0.0,0.5930509,0.0,0.0,0.0,-100.0,0.23636736,1.0793948,0.002022795,0.12188208,0.14329463,0.22946815,0.32068393,0.48897743,0.6517875,0.5984632,0.535096,0.5997829,0.7342176,0.8472686,0.9060227,1.036281,1.6107254,1.9465709,2.1172469,1.9062628,1.8202766,1.9379468,1.9127374,1.5489084,1.3723148,1.18459,1.1229557,1.0582744,0.8137059,0.6204044,0.00025669366,0.00036273335,157.91016,445.01953,2081.543,3603.2227,0.018090278,1458.4142,5.5990386,4.6290105e+06,2.7845497,12.838157,-0.00014262261,1.064442,0.00029551567,8.986482,-0.74561363,13.312642,8.040489,0.9054559,-0.54015857,0.76040214,-1.8189429,-3.7060096,-5.9627934,5.4056296,-0.14536166,-1.584452,-3.9541423,0 days 00:00:09.365141808,0 days 00:00:09.405141808
0 days 00:00:00.900000,0 days 00:00:00.940000,answer2,0.0,0.5916124,0.0,0.0,0.0,-100.0,0.25266296,1.1761211,0.002216907,0.12887377,0.13774621,0.23816013,0.329638,0.51564574,0.671818,0.59010977,0.53013915,0.62671316,0.7652938,0.94152373,0.99146384,1.1538587,1.7333001,2.249256,2.3385592,2.039189,2.018241,2.1241677,2.1183589,1.7747148,1.4946986,1.3175372,1.1752023,1.147926,0.87703186,0.67885786,0.00027209517,0.00040208214,215.33203,617.28516,3057.7148,5627.3438,0.02171044,1980.2836,5.837721,7.8894335e+06,2.3701885,10.364108,-0.00017912737,1.4759094,0.00042210077,9.713486,-0.1374511,7.016151,4.4296474,3.4089572,4.902993,2.3278525,2.0070918,-9.235611,-6.4572244,3.0012836,3.3805752,2.7660341,-4.0881753,0 days 00:00:09.375141808,0 days 00:00:09.415141808
0 days 00:00:00.910000,0 days 00:00:00.950000,answer2,0.0,0.59775764,0.0,0.0,0.0,-100.0,0.25692213,1.230124,0.0022488134,0.12849583,0.13330181,0.23863049,0.32642552,0.55255884,0.6705015,0.61177015,0.5809882,0.7353609,0.915133,1.0716376,1.0249008,1.2595642,1.760334,2.322397,2.3110569,2.0689533,2.0731666,2.1479957,2.1508052,1.9561542,1.5821494,1.3982223,1.2053436,1.221743,0.92589396,0.7382374,0.00032178298,0.00037265863,287.10938,717.77344,3000.293,6416.8945,0.025375888,2167.4531,5.9661613,9.16387e+06,2.04547,6.9260497,-0.00018530368,1.6288565,0.0004803467,9.934848,0.6403938,3.204113,-0.76080227,2.2679791,4.9043365,6.476879,4.9601207,-6.934381,-9.739746,-0.052829426,2.452068,8.739321,-5.451683,0 days 00:00:09.385141808,0 days 00:00:09.425141808
0 days 00:00:00.920000,0 days 00:00:00.960000,answer2,0.0,0.60819083,0.0,0.0,0.0,-100.0,0.2812206,1.2636218,0.002381672,0.11904762,0.13058987,0.23290133,0.32423836,0.5987005,0.66465074,0.6799083,0.679972,0.9026293,1.1504184,1.1849008,1.0229658,1.3405309,1.7875706,2.192031,2.0419092,2.049002,2.050139,2.0907042,2.0806496,2.1247044,1.7131895,1.4792081,1.2492561,1.3039671,0.9843505,0.7950793,0.0005050993,0.00044891422,344.53125,846.97266,2799.3164,6589.16,0.0277073,2188.2163,5.9996705,9.069709e+06,2.0387437,6.7456346,-0.00024223114,1.6604328,0.000653554,9.747723,1.6619943,-0.9971344,-5.3777194,3.978225,3.371475,3.9468277,3.9625728,-7.996487,-9.322685,-5.1145597,4.1459928,14.179169,-6.487431,0 days 00:00:09.395141808,0 days 00:00:09.435141808
0 days 00:00:00.930000,0 days 00:00:00.970000,answer2,0.0,0.6162494,0.0,0.0,0.0,-100.0,0.27935573,1.2859653,0.0025546553,0.09920635,0.13274422,0.2329651,0.33673844,0.66660213,0.65865535,0.7710247,0.7619629,1.06646,1.4033942,1.249648,1.0596501,1.4048876,1.7993445,2.0201073,1.7549349,2.061149,1.9838724,2.0277097,2.0012589,2.2074025,1.8220091,1.5297405,1.2970978,1.3457781,1.0154608,0.8244993,0.0006173004,0.00043396125,272.7539,602.9297,1277.6367,3890.332,0.02944997,1403.5624,5.387732,5.020073e+06,3.0592282,13.895272,-0.00030199482,1.0974289,0.00072641415,11.61757,1.7501074,0.8209465,-3.6183698,5.5720754,7.537895,3.6503258,-1.6134887,-8.333977,-9.245914,-3.9633205,1.3379822,12.288348,-3.74967,0 days 00:00:09.405141808,0 days 00:00:09.445141808
0 days 00:00:00.940000,0 days 00:00:00.980000,answer2,0.0,0.6155636,0.0,0.0,0.0,-100.0,0.26657152,1.2790474,0.002500251,0.083333336,0.13069208,0.23054774,0.35350022,0.7107878,0.65831333,0.80602527,0.7811234,1.1616694,1.5362953,1.24794,1.1095434,1.4144292,1.7394272,1.8929769,1.5813454,2.0732267,1.9080328,1.9977707,1.9622173,2.1581748,1.8281069,1.5141697,1.3045081,1.3289286,1.0131595,0.812316,0.0005268583,0.00039916055,301.46484,660.35156,1291.9922,3287.4023,0.033486668,1321.2334,5.375,4.0889688e+06,3.2950008,15.872045,-0.00027480215,1.0377961,0.0006403172,11.102117,0.56812733,0.21207844,-3.3642902,3.3400567,8.565862,2.2092288,-2.0006638,-12.86628,-12.566066,-2.8769464,3.8690536,11.509486,-0.87947416,0 days 00:00:09.415141808,0 days 00:00:09.455141808
0 days 00:00:00.950000,0 days 00:00:00.990000,answer2,0.0,0.6251816,0.0,0.0,0.0,-100.0,0.23714222,1.2259939,0.002206859,0.074452005,0.13330616,0.23237334,0.36988294,0.7086956,0.64249355,0.7627438,0.7307648,1.1749443,1.5098614,1.1927872,1.1252297,1.3160218,1.6133052,1.8105265,1.5358686,1.9548825,1.7918802,1.9811668,1.9307944,1.9874824,1.7471423,1.428101,1.2527858,1.220662,0.95084137,0.7712944,0.0003649197,0.00027722665,229.6875,430.66406,1148.4375,2540.918,0.0335868,1045.8463,4.9333916,2.9315938e+06,3.7718632,20.940615,-0.00023517723,0.8217644,0.0005159083,11.869797,2.2061698,6.010843,-0.97756547,5.5615907,9.7916975,6.4415603,2.977329,-12.637214,-15.691951,-0.9303751,8.081406,6.3527412,-0.6282158,0 days 00:00:09.425141808,0 days 00:00:09.465141808
0 days 00:00:00.960000,0 days 00:00:01,answer2,0.0,0.62925965,0.0,0.0,0.0,-100.0,0.21102385,1.1231614,0.001904351,0.074829936,0.13543569,0.22531916,0.36492452,0.64504933,0.6284734,0.69546276,0.68011886,1.0962981,1.319465,1.0734051,1.0376269,1.146823,1.4608083,1.7090563,1.5184418,1.7012335,1.627457,1.8891882,1.8532934,1.7343651,1.576683,1.2884704,1.1713243,1.0734135,0.85274935,0.69731027,0.00025960687,0.00016746229,229.6875,459.375,1119.7266,2684.4727,0.028400412,1062.2142,5.101683,3.071502e+06,3.5938585,19.09471,-0.00013913626,0.82969004,0.00028641688,11.834943,3.744929,4.4962554,-3.6215725,2.1984859,3.4332135,6.3071065,7.366215,-4.5904956,-12.621934,0.9555843,9.366701,5.194838,-1.6637216,0 days 00:00:09.435141808,0 days 00:00:09.475141808
0 days 00:00:00.960000,0 days 00:00:01.000997732,answer2,0.0,0.6338645,0.0,0.0,0.0,-100.0,0.21102239,1.0317231,0.0017938283,0.07539683,0.13738988,0.21884783,0.3567098,0.5808627,0.63170695,0.67062205,0.6709695,0.98426086,1.0900313,0.9537511,0.9080097,0.98689246,1.3677993,1.5840033,1.4626493,1.4334579,1.4937567,1.7624236,1.7741507,1.5506964,1.513412,1.2193302,1.1091051,0.9545307,0.77130467,0.6381283,0.00034032413,0.000147951,172.26562,315.8203,861.3281,2713.1836,0.020643676,932.77875,4.9807334,2.6053812e+06,3.5785456,19.447927,-0.00014841526,0.7241003,0.00029167687,12.523918,6.2997108,7.8221498,-4.868871,3.128712,0.9302657,4.999566,8.449753,-4.69375,-7.8542523,-2.3983572,7.7481194,3.2482693,-5.3135505,0 days 00:00:09.435141808,0 days 00:00:09.476139540
0 days 00:00:00,0 days 00:00:00.040000,answer3,0.0,0.6796878,0.0,0.0,0.0,-100.0,0.28211308,0.98834115,0.0030359954,0.07596371,0.12921618,0.27204838,0.41952792,0.5544473,0.66972893,0.76589614,0.84702843,0.9178292,0.9822495,1.0430994,1.1020993,1.1600702,1.2171308,1.2728368,1.3262117,1.3755809,1.4180565,1.4484811,1.4578775,1.432704,1.3587462,1.2323397,1.069155,0.8959276,0.7342484,0.5943311,0.0021584742,0.00038199875,516.7969,559.8633,789.5508,1421.1914,0.008940988,928.7542,4.1855235,1.9661476e+06,5.367932,37.091465,-0.00045137387,0.82476705,0.0013403496,14.110367,-1.0962143,-12.912261,-12.177264,-19.52259,0.1326015,2.2513826,0.9334642,11.675931,-0.6372295,-2.0034459,-3.2234056,-11.143123,-10.799412,0 days 00:00:16.616616617,0 days 00:00:16.656616617
0 days 00:00:00.010000,0 days 00:00:00.050000,answer3,0.0,0.6821976,0.0,0.0,0.0,-100.0,0.26108178,0.98834115,0.002913653,0.08049887,0.12921618,0.27204838,0.41952792,0.5544473,0.66972893,0.76589614,0.84702843,0.9178292,0.9822495,1.0430994,1.1020993,1.1600702,1.2171308,1.2728368,1.3262117,1.3755809,1.4180565,1.4484811,1.4578775,1.432704,1.3587462,1.2323397,1.069155,0.8959276,0.7342484,0.5943311,0.0020677857,0.0002924802,516.7969,559.8633,717.77344,1421.1914,0.017305003,956.8052,3.928119,2.3717418e+06,5.0563207,32.06538,-0.00039359834,0.84647876,0.0012640962,13.131354,0.21254699,-12.165914,-13.624152,-22.045303,-5.1329474,-5.3456416,0.30650026,13.397311,5.0148873,-5.639871,-2.569519,-7.239429,-8.208745,0 days 00:00:16.626616617,0 days 00:00:16.666616617
0 days 00:00:00.020000,0 days 00:00:00.060000,answer3,0.0,0.6678106,0.0,0.0,0.0,-100.0,0.23789334,0.98834115,0.0027289735,0.08975812,0.12921618,0.27204838,0.41952792,0.5544473,0.66972893,0.76589614,0.84702843,0.9178292,0.9822495,1.0430994,1.1020993,1.1600702,1.2171308,1.2728368,1.3262117,1.3755809,1.4180565,1.4484811,1.4578775,1.432704,1.3587462,1.2323397,1.069155,0.8959276,0.7342484,0.5943311,0.0018780815,0.00018520578,516.7969,559.8633,645.9961,1421.1914,0.022503117,1004.0576,3.7862358,3.0074352e+06,4.569369,25.288492,-0.00032110518,0.8786373,0.0010946756,12.172401,3.5174625,-11.291897,-13.338794,-24.500391,-10.381066,-11.010976,-0.32260147,13.511742,8.150258,-7.101986,0.8018799,-6.0416436,-5.967192,0 days 00:00:16.636616617,0 days 00:00:16.676616617
0 days 00:00:00.030000,0 days 00:00:00.070000,answer3,0.0,0.63899636,0.0,0.0,0.0,-100.0,0.27104047,0.98834115,0.0028264774,0.10128496,0.12921618,0.27204838,0.41952792,0.5544473,0.66972893,0.76589614,0.84702843,0.9178292,0.9822495,1.0430994,1.1020993,1.1600702,1.2171308,1.2728368,1.3262117,1.3755809,1.4180565,1.4484811,1.4578775,1.432704,1.3587462,1.2323397,1.069155,0.8959276,0.7342484,0.5943311,0.0020253595,0.0006340354,531.15234,602.9297,1177.1484,1780.0781,0.025907457,1191.0121,4.0662656,3.1071328e+06,3.9861586,21.18836,-0.00037355264,0.97299194,0.0012804833,10.126387,1.387147,-6.7858315,-10.496824,-24.372011,-10.812446,-9.720883,-6.114746,14.196197,15.50404,-3.2817726,0.42567697,-10.249541,-7.389084,0 days 00:00:16.646616617,0 days 00:00:16.686616617
0 days 00:00:00.040000,0 days 00:00:00.080000,answer3,0.0,0.62208873,0.0,0.0,0.0,-100.0,0.32407102,1.0383121,0.0031678975,0.114323504,0.14276548,0.28712752,0.41939858,0.55319524,0.6729438,0.7557518,0.8536784,0.920507,1.0278739,1.164638,1.1835986,1.1524751,1.2379926,1.3403615,1.4180756,1.5276728,1.502976,1.539793,1.5908165,1.4893217,1.4434361,1.312862,1.1299381,0.946407,0.7734763,0.609029,0.0016370228,0.0013254023,531.15234,760.83984,1421.1914,2526.5625,0.034201358,1410.5736,4.8305078,3.567827e+06,3.2939672,15.752856,-0.00046029498,1.1057106,0.00136633,8.51793,-0.2866436,-5.3114057,-9.901414,-18.986374,0.98968315,0.22507,-8.521455,9.695498,15.529758,5.7411065,2.3274972,-12.350024,-7.5765405,0 days 00:00:16.656616617,0 days 00:00:16.696616617
0 days 00:00:00.050000,0 days 00:00:00.090000,answer3,0.0,0.61612695,0.0,0.0,0.0,-100.0,0.36630487,1.1571641,0.0034359756,0.12414966,0.17240112,0.33681166,0.40824398,0.5178048,0.6772472,0.73218983,0.8644107,0.9845362,1.2063929,1.3832363,1.3154775,1.1362896,1.2960736,1.5084566,1.685655,1.8720773,1.6777633,1.7558705,1.8765541,1.7005358,1.6362902,1.4772959,1.2739142,1.0913557,0.85710907,0.64227176,0.0014224243,0.0015423928,531.15234,775.1953,1937.9883,3746.7773,0.043123048,1618.4639,5.4165745,3.9840928e+06,2.6525834,11.444279,-0.00050436525,1.222266,0.0014626571,5.8887978,-3.0109704,-2.371643,-9.524963,-14.242439,8.824922,12.07759,-3.9185946,8.737115,15.8488245,13.15949,0.2345758,-9.278924,-9.480741,0 days 00:00:16.666616617,0 days 00:00:16.706616617
0 days 00:00:00.060000,0 days 00:00:00.100000,answer3,0.0,0.628007,0.0,0.0,0.0,-100.0,0.35070178,1.3135277,0.003258508,0.1339758,0.21556024,0.42536616,0.39914724,0.46763626,0.66847414,0.69194263,0.8570351,1.0742426,1.5114146,1.649075,1.4299055,1.1353801,1.3847116,1.6892895,2.022156,2.296003,1.8737391,2.0237641,2.2410896,2.060202,1.9065437,1.6882216,1.4669439,1.3281384,0.96550685,0.68023044,0.0010396478,0.0012215514,416.3086,732.1289,1751.3672,4608.1055,0.041889798,1622.2045,5.5903087,4.7564865e+06,2.4339929,9.339452,-0.00045626212,1.2289103,0.0012413061,6.6213803,2.1262586,-2.3524654,-7.4050784,-5.881824,12.382531,13.904293,-1.6161162,6.6093655,7.9329414,15.561837,1.0822216,-4.280811,-11.365726,0 days 00:00:16.676616617,0 days 00:00:16.716616617
0 days 00:00:00.070000,0 days 00:00:00.110000,answer3,0.0,0.6263541,0.0,0.0,0.0,-100.0,0.31280527,1.3783008,0.0029083726,0.13095237,0.24055785,0.5237396,0.41192016,0.4279906,0.6494517,0.6374002,0.79101723,1.1124665,1.7147554,1.7051983,1.3605479,1.1262172,1.428758,1.6988996,2.1580775,2.3960702,1.8987707,2.0885475,2.3371496,2.3532665,2.0858448,1.8232001,1.5769542,1.5503875,1.036095,0.70254034,0.00096047134,0.0005863861,315.8203,545.5078,2210.7422,5526.8555,0.03564366,1709.7207,5.536719,5.7223415e+06,2.1526706,7.7197022,-0.0003351222,1.2707453,0.0009270281,5.5194345,6.0766788,0.74093133,-3.928159,-7.864736,2.6618528,9.093908,-7.217712,1.4363188,5.6815643,7.0559955,-1.4618341,-2.5595853,-15.821816,0 days 00:00:16.686616617,0 days 00:00:16.726616617
0 days 00:00:00.080000,0 days 00:00:00.120000,answer3,0.0,0.6353874,0.0,0.0,0.0,-100.0,0.29623064,1.3367118,0.00267462,0.11923659,0.230238,0.5899129,0.46817598,0.43530908,0.6139954,0.5809526,0.68970615,1.034603,1.6649171,1.5564976,1.1895853,1.1013988,1.4431664,1.5633496,2.0345356,2.2255223,1.8139185,1.9808797,2.2120225,2.4287474,2.1127517,1.8655119,1.5714393,1.621615,1.027861,0.6978946,0.00074042,0.0005176677,215.33203,531.15234,2325.586,5584.2773,0.029783612,1738.7314,5.618559,6.1545695e+06,2.1120806,7.3671594,-0.00028116323,1.2796468,0.00071405625,6.080707,6.7384534,3.3085606,-3.779377,-7.7212853,0.8250372,1.4337248,-13.282833,-2.2644901,0.22930686,-2.072781,-2.3501987,-7.505077,-16.44311,0 days 00:00:16.696616617,0 days 00:00:16.736616617
0 days 00:00:00.090000,0 days 00:00:00.130000,answer3,0.0,0.64305365,0.0,0.0,0.0,-100.0,0.28709784,1.231464,0.0032064116,0.0946712,0.19796121,0.6163352,0.56540346,0.5246309,0.5940942,0.51425874,0.59628564,0.90668577,1.4249749,1.3430458,1.0396482,1.0442183,1.4092044,1.3967398,1.7666687,1.9440807,1.6967473,1.7798561,1.9912752,2.262449,1.9656473,1.8152338,1.4661719,1.506615,0.9613598,0.6884744,0.0015806882,0.00044553282,244.04297,459.375,1837.5,4249.2188,0.036286008,1464.5586,5.0114126,5.3564905e+06,2.7892258,12.038524,-0.00038886032,1.0998974,0.0010343749,8.064942,7.6343727,5.4739456,-1.37776,-10.934682,-1.195028,-5.8287587,-18.140581,-9.478885,-2.083503,-5.495383,-1.3396508,-7.186255,-10.186848,0 days 00:00:16.706616617,0 days 00:00:16.746616617
0 days 00:00:00.100000,0 days 00:00:00.140000,answer3,0.0,0.66182166,0.0,0.0,0.0,-100.0,0.3002079,1.1575261,0.004651657,0.065192744,0.17224275,0.61579865,0.6895011,0.70924854,0.60924083,0.4623697,0.5530618,0.8088122,1.2214403,1.1796232,1.0078931,0.98957276,1.3855203,1.3597978,1.6112581,1.8478347,1.6609896,1.6454887,1.8767046,2.042868,1.7563658,1.6937608,1.3701,1.290244,0.8634086,0.67253166,0.0054829824,0.0004788605,272.7539,401.95312,1062.3047,2325.586,0.047084164,1009.78375,4.052859,3.3667508e+06,4.6250253,31.721453,-0.00094703276,0.8019724,0.001989762,11.450501,8.287343,8.933952,1.722221,-12.387773,-3.8289425,-8.273445,-22.665178,-13.788147,-6.3981137,-3.3338213,1.0620292,-6.5371222,-3.6045015,0 days 00:00:16.716616617,0 days 00:00:16.756616617
0 days 00:00:00.110000,0 days 00:00:00.150000,answer3,0.0,0.7013428,0.0,0.0,0.0,-64.4626,0.3397404,1.1316882,0.009827,0.04100529,0.17368455,0.67633456,0.9037636,1.0694212,0.72493356,0.4482691,0.5644167,0.75506574,1.1328297,1.1278092,1.0514026,0.9747531,1.3479565,1.4133563,1.5565404,1.8445317,1.599863,1.5407232,1.7733775,1.8429104,1.5366167,1.5136317,1.3091996,1.104235,0.78243476,0.6558327,0.0314028,0.0004326338,272.7539,301.46484,330.17578,789.5508,0.13613895,535.5349,2.9758842,1.4052429e+06,11.106654,219.57289,-0.006548743,0.48792663,0.017280007,17.292706,14.33949,11.262695,6.47102,-17.81205,-14.352633,-16.507849,-33.619614,-20.08222,-5.431429,-3.0762234,-2.7431562,-8.120578,-4.675777,0 days 00:00:16.726616617,0 days 00:00:16.766616617
0 days 00:00:00.120000,0 days 00:00:00.160000,answer3,221.41586,0.73754483,0.0,0.0,0.282372,-28.73725,0.41677728,1.1643162,0.017538486,0.024943309,0.18930267,0.85728186,1.2988387,1.5970815,1.0506209,0.5287569,0.61524016,0.72132415,1.1083102,1.0972637,1.0922877,0.9896658,1.3066925,1.492465,1.6557802,1.9029087,1.5353981,1.4676617,1.5882446,1.6960675,1.3980983,1.3807405,1.314283,1.0265645,0.73509747,0.626245,0.07680495,0.00053176604,244.04297,272.7539,344.53125,416.3086,0.18483783,365.80615,2.5192037,422425.9,16.865314,433.85275,-0.016632518,0.3710386,0.048092138,21.78063,18.601572,14.381912,4.630469,-24.3816,-24.937387,-14.283127,-39.460842,-18.830603,-3.4598591,-2.283005,-6.0587134,-13.07507,-11.784934,0 days 00:00:16.736616617,0 days 00:00:16.776616617
0 days 00:00:00.130000,0 days 00:00:00.170000,answer3,221.09637,0.7657992,0.08651386,0.10095332,0.24800588,8.784921,0.5050997,1.2592268,0.025962204,0.022108844,0.20488107,1.2122067,1.9101896,2.1021037,1.6801349,0.7613786,0.7179392,0.7287099,1.0846385,1.093738,1.1000019,1.0211164,1.282054,1.547554,1.8660215,2.0132434,1.4876977,1.4933453,1.4167961,1.5801888,1.3420664,1.389542,1.3556391,1.0370301,0.7222511,0.58942986,0.15741968,0.0006804366,215.33203,258.39844,373.2422,445.01953,0.21603107,308.05203,2.4631226,83597.39,21.535166,658.8786,-0.033599462,0.3309996,0.10109931,25.630104,22.62519,17.35787,1.5037813,-32.35986,-32.217163,-14.035046,-41.008614,-15.84235,-1.8857387,-4.2098837,-8.539953,-20.898088,-16.137747,0 days 00:00:16.746616617,0 days 00:00:16.786616617
0 days 00:00:00.140000,0 days 00:00:00.180000,answer3,219.08784,0.7660101,0.05780584,0.07147852,0.23288076,11.026085,0.5434229,1.3810753,0.030225629,0.024187453,0.21942739,1.6636213,2.55075,2.4083087,2.5387106,1.1079069,0.82089823,0.79490167,1.0587558,1.0712104,1.0675391,1.047765,1.2764887,1.5154643,2.1164224,2.1382625,1.5084893,1.5615249,1.3277241,1.493039,1.3273978,1.540069,1.3909029,1.0818325,0.72372514,0.55681926,0.20104194,0.0007151345,215.33203,244.04297,430.66406,459.375,0.1508182,310.25366,2.416176,61597.95,22.952063,836.13306,-0.044471722,0.3345803,0.13142021,27.007807,24.203178,20.384413,0.02311643,-33.83789,-32.987858,-9.684158,-41.802708,-12.861188,0.013922374,-4.549726,-5.0581226,-17.746225,-12.919956,0 days 00:00:16.756616617,0 days 00:00:16.796616617
0 days 00:00:00.150000,0 days 00:00:00.190000,answer3,217.79022,0.7336765,0.018899199,0.0143935345,0.15064408,-24.699266,0.5229162,1.4606253,0.02831305,0.027966743,0.23365916,1.9390326,2.8382256,2.407729,3.1586206,1.3869184,0.8740528,0.8765404,1.0234708,0.99880046,1.0246774,1.0671357,1.2933346,1.4235185,2.2448947,2.2070017,1.5745567,1.6557442,1.4050132,1.4828678,1.3548533,1.7575709,1.4075216,1.1001801,0.7113788,0.5289588,0.18060891,0.0006255989,215.33203,229.6875,430.66406,445.01953,0.17114812,308.1495,2.4771326,69923.836,22.02759,775.4756,-0.040623546,0.33151504,0.11800752,25.747065,25.102837,23.861467,-2.277098,-29.205648,-33.379375,-15.253261,-38.557384,-9.77866,1.1095023,-7.7299666,-5.0813117,-15.70729,-9.796943,0 days 00:00:16.766616617,0 days 00:00:16.806616617
0 days 00:00:00.160000,0 days 00:00:00.200000,answer3,0.0,0.7019631,0.0,0.0,0.0,-62.221436,0.44819808,1.4382817,0.021308832,0.03287982,0.25241894,1.9069582,2.5992458,2.1594748,3.1318538,1.3868216,0.85109776,0.9083056,0.9877085,0.9312196,0.99476784,1.0723301,1.254892,1.2825668,2.0566187,2.088226,1.6001536,1.6980771,1.5918866,1.5887245,1.4271536,1.8914045,1.4042197,1.0826799,0.7152898,0.53122646,0.098859996,0.00045920172,200.97656,215.33203,387.59766,430.66406,0.19875221,331.7709,2.6028059,354799.34,17.293697,549.61676,-0.024267353,0.3362851,0.06714825,21.722933,26.951101,21.963264,-3.8494976,-16.927858,-19.848537,-17.269325,-31.456573,-8.228858,1.0478216,-3.9507847,-2.6922085,-10.877674,-9.061557,0 days 00:00:16.776616617,0 days 00:00:16.816616617
0 days 00:00:00.170000,0 days 00:00:00.210000,answer3,0.0,0.67486376,0.0,0.0,0.0,-100.0,0.39327046,1.3445834,0.014195848,0.037414968,0.27613047,1.5913901,1.9808029,1.7328655,2.4830556,1.123127,0.7656787,0.8475554,0.9524162,0.90635705,0.97382617,1.0430207,1.1550099,1.1352423,1.6894873,1.8238772,1.5864588,1.7670918,1.8671743,1.8657678,1.6292048,1.9090828,1.4325662,1.0727872,0.77426237,0.57492983,0.030416062,0.0005049557,186.6211,200.97656,315.8203,430.66406,0.1865384,397.42017,2.6594064,937553.94,10.402875,192.78084,-0.009003022,0.3669926,0.024509447,15.127491,28.216558,23.139229,-4.1523776,-7.1021323,-6.625065,-19.611485,-24.804712,-7.342207,2.8152447,1.7230796,-0.7225981,-10.556946,-10.997032,0 days 00:00:16.786616617,0 days 00:00:16.826616617
0 days 00:00:00.180000,0 days 00:00:00.220000,answer3,0.0,0.67282647,0.0,0.0,0.0,-100.0,0.35470876,1.245726,0.01011164,0.043272864,0.3014305,1.2552525,1.3777779,1.2476043,1.6737676,0.7902178,0.67587405,0.7488036,0.93450385,0.970737,0.9523925,0.98100835,1.032619,1.0500898,1.3119267,1.4920577,1.5227288,1.8751043,2.1316996,2.1848695,1.8966714,1.8007259,1.4646937,1.108235,0.93036604,0.6777198,0.0064497613,0.0004900454,172.26562,200.97656,244.04297,373.2422,0.12239977,434.99487,2.5471976,1.4900726e+06,6.3985596,48.590595,-0.00430857,0.38113013,0.00957994,12.016243,29.320343,19.310438,2.3735297,-0.7754528,7.3144646,-16.624538,-17.979351,-8.865003,-1.2864715,6.750591,2.3392572,-10.462718,-17.289253,0 days 00:00:16.796616617,0 days 00:00:16.836616617
0 days 00:00:00.190000,0 days 00:00:00.230000,answer3,0.0,0.6670804,0.0,0.0,0.0,-100.0,0.33686385,1.1754835,0.008543039,0.052721094,0.31935102,0.9829423,0.9716165,0.86665064,1.1046222,0.5705394,0.5780842,0.68617505,0.94113106,1.0792167,0.9166811,0.93082094,0.97243714,1.0336288,1.1308178,1.2569071,1.4757868,1.955628,2.2780206,2.324186,2.059266,1.6261469,1.4534078,1.1775174,1.0826477,0.788343,0.0050843623,0.00047440198,172.26562,215.33203,287.10938,387.59766,0.091271035,529.2925,2.766451,2.0622346e+06,5.6269417,37.19623,-0.0034478297,0.45309794,0.0072974847,11.743712,25.474451,19.050549,5.708145,-2.710272,5.9255652,-16.617292,-18.234228,-7.9121914,-2.6882076,7.9356422,5.389108,-6.9915547,-15.92143,0 days 00:00:16.806616617,0 days 00:00:16.846616617
0 days 00:00:00.200000,0 days 00:00:00.240000,answer3,0.0,0.6534942,0.0,0.0,0.0,-100.0,0.3101711,1.114131,0.0069310726,0.06424792,0.31307387,0.7864833,0.7594178,0.6533561,0.8254654,0.47784948,0.50865227,0.69249076,0.9521014,1.1516873,0.8981263,0.94294214,1.0206383,1.121322,1.0716549,1.1233438,1.4201078,1.9231709,2.2308066,2.1772661,1.9897968,1.420904,1.3465638,1.2109942,1.1226083,0.8265839,0.004628521,0.00035939706,172.26562,215.33203,344.53125,401.95312,0.08803641,542.3808,3.020935,2.119913e+06,5.8000717,39.387676,-0.002556274,0.4697075,0.0051033157,14.31438,20.983042,13.787545,8.202232,-3.047466,3.3150156,-15.769046,-14.3906145,-4.2669654,-9.0976095,7.240235,7.8697305,-4.7737556,-15.452828,0 days 00:00:16.816616617,0 days 00:00:16.856616617
0 days 00:00:00.210000,0 days 00:00:00.250000,answer3,0.0,0.64540887,0.0,0.0,0.0,-100.0,0.28483918,1.0419911,0.0048096622,0.07596371,0.27512836,0.6098451,0.61567205,0.55938834,0.7285328,0.4504057,0.46505573,0.76149863,0.96161836,1.174787,0.91099674,1.016314,1.1259428,1.2498783,1.0580577,1.094872,1.3299193,1.7370545,2.0675955,1.830284,1.709363,1.2257819,1.188612,1.1606015,1.0099739,0.77458984,0.003129161,0.00033898008,186.6211,287.10938,430.66406,961.8164,0.08331105,690.3111,3.6184075,2.4921272e+06,4.915352,29.695444,-0.0009409611,0.5839408,0.002543445,13.847058,14.788074,10.760013,5.7685895,-6.16134,-1.2924935,-16.257479,-17.34463,-4.2187867,-6.626005,8.876174,9.778477,-3.0432987,-5.5689883,0 days 00:00:16.826616617,0 days 00:00:16.866616617
0 days 00:00:00.220000,0 days 00:00:00.260000,answer3,0.0,0.6414252,0.0,0.0,0.0,-100.0,0.25846437,0.9663837,0.0033871706,0.0803099,0.21858858,0.45313635,0.4920697,0.5157444,0.69300914,0.43789065,0.45823017,0.82827646,0.941336,1.1217036,0.9477884,1.1171547,1.1884259,1.3193868,1.0486423,1.1205505,1.2029685,1.4968309,1.8822151,1.5351044,1.4258989,1.0886286,1.049458,1.0451955,0.8326595,0.665083,0.001831307,0.00027343427,229.6875,344.53125,445.01953,1650.8789,0.044215474,813.6789,3.921297,2.8901898e+06,4.456596,25.602098,-0.0006221331,0.67391676,0.0017540427,12.902218,12.473622,6.750232,3.165941,-5.769736,-4.3490844,-15.01218,-15.358464,-4.120749,-4.1748395,8.13879,4.3667655,-0.81227666,-0.8887124,0 days 00:00:16.836616617,0 days 00:00:16.876616617
0 days 00:00:00.230000,0 days 00:00:00.270000,answer3,0.0,0.6453656,0.0,0.0,0.0,-100.0,0.23468624,0.8957394,0.002531154,0.08390022,0.16598932,0.31932607,0.37337252,0.47388244,0.64579326,0.41847467,0.48904905,0.8682975,0.9162471,1.033168,0.9784542,1.1757463,1.1521153,1.2975719,1.0376238,1.157267,1.0584325,1.2519935,1.7188148,1.3619751,1.2406768,1.0066571,0.9516135,0.92298603,0.7032524,0.5704438,0.0012005854,0.00021136638,244.04297,430.66406,531.15234,2339.9414,0.033518746,981.1801,4.420074,3.4589532e+06,3.7289438,18.209867,-0.00027107805,0.7982771,0.00093195884,11.688495,10.081645,4.169019,-1.0730276,-8.475201,-5.733774,-10.316289,-11.998206,-4.8430386,1.1676979,9.490986,-0.27253628,2.541678,4.862373,0 days 00:00:16.846616617,0 days 00:00:16.886616617
0 days 00:00:00.240000,0 days 00:00:00.280000,answer3,0.0,0.64155585,0.0,0.0,0.0,-100.0,0.2152694,0.8346272,0.0025868204,0.0893802,0.13570854,0.2313595,0.289548,0.4181582,0.56690913,0.4036608,0.5352578,0.84061617,0.85704666,0.91990685,0.9681073,1.1777264,1.0332744,1.1672629,1.043609,1.182021,0.9448913,1.0839473,1.5771447,1.3345526,1.1758634,0.9673929,0.87628096,0.83699876,0.63139915,0.5016665,0.0007376513,0.00014784028,229.6875,358.88672,531.15234,2670.1172,0.025682667,991.94995,4.4494514,3.7920488e+06,3.585293,16.857235,-0.00019927502,0.79119915,0.000547909,11.218587,11.38028,6.3655434,-1.6346184,-4.7031536,-2.3561285,-7.557007,-5.2302117,-0.122026525,4.8659534,9.081283,-8.261428,0.4870771,0.7724851,0 days 00:00:16.856616617,0 days 00:00:16.896616617
0 days 00:00:00.250000,0 days 00:00:00.290000,answer3,0.0,0.62303114,0.0,0.0,0.0,-100.0,0.25639167,0.8150764,0.0029267462,0.10393045,0.12974292,0.20251381,0.26193556,0.37199542,0.48886725,0.42487743,0.6234568,0.7950564,0.82079005,0.85651827,0.9552212,1.1203243,0.9484601,1.0979862,1.0902739,1.1859145,0.9112502,1.052515,1.4954872,1.4461921,1.226977,0.9590928,0.8166382,0.80712575,0.6288982,0.47387794,0.0013879603,0.0003229104,200.97656,315.8203,559.8633,2813.6719,0.031765774,961.5826,4.5594354,3.5833852e+06,3.6221514,17.546728,-0.0003912967,0.75756055,0.0007040617,11.042313,11.650382,9.651779,-2.6339185,-7.1821976,0.6695544,-7.0435333,-0.6178047,-3.9292276,4.4849954,10.894097,-9.791301,-6.8593287,-8.570855,0 days 00:00:16.866616617,0 days 00:00:16.906616617
0 days 00:00:00.260000,0 days 00:00:00.300000,answer3,0.0,0.601546,0.0,0.0,0.0,-100.0,0.3362662,0.8810021,0.0035325636,0.11772487,0.13494503,0.20810907,0.2741345,0.35522357,0.4470117,0.49347234,0.7016523,0.77787733,0.8558917,0.92077225,1.0112239,1.058465,0.9809766,1.1975433,1.2980527,1.2899786,1.0322372,1.235968,1.5849746,1.7473675,1.4136797,1.0327827,0.83367234,0.84476894,0.6817767,0.49349856,0.00169966,0.0012504731,301.46484,674.70703,1277.6367,3373.5352,0.045373887,1309.7693,5.063547,3.8846672e+06,3.1471703,14.900752,-0.0005610555,0.96629864,0.0010309716,7.88417,7.2175846,11.9105425,-3.4028473,-7.105044,0.957959,-6.0107493,-5.3118224,-10.113885,4.325379,16.60715,-6.4657555,-10.061029,-12.896405,0 days 00:00:16.876616617,0 days 00:00:16.916616617
0 days 00:00:00.270000,0 days 00:00:00.310000,answer3,0.0,0.5956171,0.0,0.0,0.0,-100.0,0.4057429,1.0485817,0.003941839,0.121504165,0.14562507,0.22942685,0.30680192,0.38691688,0.45946166,0.60725945,0.766057,0.8474684,0.99182516,1.1124033,1.1723007,1.0324646,1.1548889,1.555477,1.7404791,1.489225,1.3314725,1.62705,1.8117815,2.2173693,1.7459568,1.2201136,0.9768258,0.9536631,0.8131959,0.5676132,0.0021809225,0.0017887127,344.53125,803.90625,2038.4766,4550.6836,0.051065803,1700.9386,5.689825,4.982792e+06,2.5683937,11.312424,-0.00071972114,1.2347714,0.0015709536,6.220894,4.8984637,10.475833,-3.9914024,-11.2926855,-1.8817085,-1.7569209,-5.3526196,-14.226945,3.0476248,20.650688,1.6453362,-9.163426,-12.4991455,0 days 00:00:16.886616617,0 days 00:00:16.926616617
0 days 00:00:00.280000,0 days 00:00:00.320000,answer3,0.0,0.61651117,0.0,0.0,0.0,-100.0,0.4114852,1.2565832,0.004118672,0.10884354,0.15121645,0.23661809,0.3181182,0.45637217,0.49859348,0.72049475,0.8091362,0.9466937,1.1450387,1.3432093,1.4179655,1.058294,1.4525801,2.1253088,2.3635774,1.6894202,1.6847652,2.0482605,2.0478203,2.6255276,2.0638037,1.4943832,1.2240516,1.0955867,0.98626757,0.6680589,0.0016887892,0.0020057969,387.59766,1076.6602,2727.539,5785.254,0.04907784,2125.8438,6.123533,6.398056e+06,1.9107348,6.861876,-0.00061323,1.530713,0.001670166,4.1466775,2.564381,7.827532,1.0963296,-9.583091,-8.293121,-1.950013,-4.796885,-8.840657,3.6868541,23.848999,5.9358215,-12.585525,-9.7104,0 days 00:00:16.896616617,0 days 00:00:16.936616617
0 days 00:00:00.290000,0 days 00:00:00.330000,answer3,0.0,0.6596276,0.0,0.0,0.0,-66.049324,0.40708384,1.3944923,0.00725299,0.08201058,0.15208267,0.23955645,0.33191958,0.5362629,0.5421559,0.81657463,0.8606732,0.9874203,1.1787456,1.4281836,1.5700074,1.1329637,1.786603,2.6314173,2.8113441,1.7193685,1.8860601,2.2717612,2.0966856,2.7091987,2.1469116,1.7637514,1.5275897,1.2307595,1.1388422,0.7599607,0.0049564764,0.001444858,287.10938,660.35156,1966.6992,5038.7695,0.06555001,1726.7589,5.3359876,5.843306e+06,2.3561752,9.150117,-0.001252831,1.2835764,0.0031627072,6.289953,9.300693,7.1821895,6.098606,-14.933194,-19.591393,-4.569451,-3.5999572,-1.8073257,-3.8189862,13.547756,4.3429613,-20.804686,-12.412459,0 days 00:00:16.906616617,0 days 00:00:16.946616617
0 days 00:00:00.300000,0 days 00:00:00.340000,answer3,227.80637,0.71263105,0.0,0.0,0.0,-30.767118,0.54434824,1.4724779,0.014142041,0.055933487,0.14363931,0.27845046,0.4198494,0.67808104,0.6359828,0.9381361,1.0496929,1.0320133,1.1771768,1.4013257,1.6265782,1.3308803,2.264395,3.0605907,2.929163,1.6327258,1.8750013,2.253968,1.990756,2.4930296,1.9503616,1.9292794,1.8134733,1.3255669,1.2234094,0.83090514,0.052980725,0.004940772,258.39844,545.5078,1177.1484,3086.4258,0.17464888,1173.648,4.4000793,3.57151e+06,4.656623,45.141476,-0.01183996,0.9182362,0.019457279,12.030109,8.073439,1.8823901,7.396839,-19.305616,-30.57511,-11.043355,-8.450469,-3.707693,-21.223146,0.4357802,-0.44845295,-23.895655,-11.975739,0 days 00:00:16.916616617,0 days 00:00:16.956616617
0 days 00:00:00.310000,0 days 00:00:00.350000,answer3,229.35152,0.7614487,0.0,0.0,0.29918933,3.7942352,0.737106,1.5911862,0.023154968,0.036470145,0.13012905,0.39719477,0.68254477,0.9074972,0.85664135,1.1440829,1.4831275,1.2690231,1.3311087,1.4283199,1.6924733,1.8263597,3.0582836,3.3768518,2.7949321,1.6149487,1.8248197,2.2203498,1.8952713,2.2344015,1.5996364,1.9870324,2.0982876,1.3886443,1.2437886,0.88509464,0.113754906,0.009528735,215.33203,258.39844,445.01953,1091.0156,0.22568226,565.91473,3.3920314,1.1895789e+06,6.925223,79.27229,-0.026873237,0.5071199,0.07451735,18.797699,7.068163,-3.1797447,5.049577,-23.414719,-29.089762,-14.5455065,-13.453926,-1.4078218,-36.593746,-15.243604,-4.1318784,-24.094492,-10.954091,0 days 00:00:16.926616617,0 days 00:00:16.966616617
0 days 00:00:00.320000,0 days 00:00:00.360000,answer3,231.48323,0.793062,0.054798994,0.08501838,0.22116672,7.110025,0.9033262,1.8569126,0.029790848,0.027399847,0.119945824,0.6201042,1.1680406,1.2251526,1.2287978,1.4332485,2.3470724,2.0655115,1.8468208,1.7513908,1.9728937,2.66301,4.0874267,3.638234,2.6796017,1.7912335,1.8900604,2.3389413,1.9563107,2.1760356,1.3254805,1.958546,2.3460417,1.4486631,1.2551135,0.9460544,0.16797453,0.013232588,215.33203,258.39844,430.66406,660.35156,0.25859663,407.17,2.9921865,304660.03,8.890647,116.63943,-0.04419064,0.40316176,0.12014987,23.663279,3.4983776,-10.371953,1.1394154,-21.028582,-19.958513,-16.073503,-14.974156,-3.8489847,-43.844517,-21.087183,-13.407127,-25.200445,-7.492901,0 days 00:00:16.936616617,0 days 00:00:16.976616617
0 days 00:00:00.330000,0 days 00:00:00.370000,answer3,232.20305,0.8046997,0.03983849,0.060554773,0.1518997,10.160811,0.9541165,2.198759,0.033577915,0.023431594,0.12068226,0.8540037,1.6708568,1.4965825,1.5513159,1.6327959,3.6068363,3.3565323,2.4941204,2.4566984,2.5550618,3.6498356,5.015452,3.65675,2.6076255,2.0541098,2.044728,2.5821302,2.1422353,2.3269408,1.2083188,1.8442225,2.4622135,1.5052978,1.2738981,0.9984891,0.1809151,0.0160164,215.33203,258.39844,531.15234,703.41797,0.17232214,409.9728,2.8365524,258898.06,8.777265,118.64152,-0.053963926,0.40931162,0.15542604,24.34111,3.9460995,-12.450421,-0.87426454,-16.194868,-10.167647,-17.835005,-12.938453,0.6236083,-41.475086,-24.420746,-23.065567,-24.896097,-7.831733,0 days 00:00:16.946616617,0 days 00:00:16.986616617
0 days 00:00:00.340000,0 days 00:00:00.380000,answer3,232.31946,0.80863136,0.013413477,0.030235909,0.058031037,13.991833,0.97165126,2.4330232,0.03489014,0.022486774,0.1323997,1.0042238,1.977533,1.5884339,1.6372031,1.6545159,4.7472224,4.465898,2.917452,3.250499,3.153978,4.3046436,5.369327,3.3153057,2.4777372,2.2396924,2.1380742,2.7476985,2.3195143,2.5297623,1.2861019,1.6550714,2.4284494,1.5670053,1.2976154,1.0532402,0.18187797,0.019481257,215.33203,258.39844,473.73047,717.77344,0.14670931,411.68307,2.730874,259469.73,8.755899,119.22265,-0.05767728,0.4103558,0.14573117,24.104124,3.9079888,-14.372273,-1.3364635,-10.465357,-5.2818556,-18.503004,-11.017543,-4.5797653,-40.394077,-25.317698,-30.510572,-21.15564,-8.858853,0 days 00:00:16.956616617,0 days 00:00:16.996616617
0 days 00:00:00.350000,0 days 00:00:00.390000,answer3,232.96898,0.8035354,0.006586296,0.0074708615,0.06238195,16.272,0.9368283,2.4641635,0.03437644,0.021352986,0.14078796,1.0226537,2.0012488,1.5414834,1.4520279,1.4824657,5.18662,4.827866,3.0710504,3.8100204,3.567109,4.400142,5.145498,2.8126993,2.2899373,2.2694683,2.0968447,2.737542,2.4068544,2.6256416,1.5269836,1.4265198,2.2486331,1.609202,1.2872702,1.0816792,0.18461536,0.019541759,215.33203,258.39844,401.95312,717.77344,0.1222291,392.72964,2.5622385,262194.25,9.300947,131.2629,-0.056092218,0.39137554,0.13327666,23.407692,3.6403992,-14.165817,-0.82853025,-6.7125316,-1.0221938,-21.86785,-14.566086,-9.982179,-41.740402,-27.267944,-31.312086,-19.305765,-12.302155,0 days 00:00:16.966616617,0 days 00:00:17.006616617
0 days 00:00:00.360000,0 days 00:00:00.400000,answer3,233.67555,0.79960805,0.004573709,0.0043092803,0.07731738,17.55544,0.8515739,2.3015146,0.03254985,0.021541951,0.14217514,0.96255535,1.869661,1.4314073,1.1643586,1.241584,4.604569,4.2899003,3.138971,3.862126,3.5722303,4.0183654,4.40609,2.3556726,2.068103,2.1639245,1.978424,2.6190321,2.3675067,2.5472586,1.8193163,1.239762,2.0267975,1.5994009,1.2520733,1.0981134,0.17870092,0.015092093,215.33203,258.39844,258.39844,559.8633,0.12029716,359.63504,2.2987206,282583.1,10.486142,150.9247,-0.04999302,0.3592641,0.10942697,22.16213,5.5419083,-12.904376,0.9380824,-3.4172509,5.243376,-22.595047,-19.821444,-21.145098,-41.634,-24.7584,-27.882202,-19.499002,-13.827281,0 days 00:00:16.976616617,0 days 00:00:17.016616617
0 days 00:00:00.370000,0 days 00:00:00.410000,answer3,234.59218,0.7960119,0.0065711313,0.0038306464,0.07916927,18.425537,0.74278855,2.0497355,0.030833952,0.02248677,0.13381054,0.8877538,1.717061,1.348554,0.91044736,1.0019488,3.485817,3.4168015,3.300603,3.4844835,3.2909558,3.398737,3.497722,2.1293418,1.8288809,1.9689804,1.8193693,2.3930895,2.2082365,2.3613794,2.0158627,1.1339331,1.7702464,1.5286149,1.1790595,1.0814332,0.17113729,0.008253236,215.33203,244.04297,258.39844,401.95312,0.10043883,320.24783,2.0011752,246243.8,12.35759,198.27058,-0.04496778,0.3250492,0.090335965,21.380646,7.7369905,-11.009526,2.8432877,0.21459548,4.7980742,-23.219063,-22.71151,-29.756052,-44.895443,-25.556236,-24.56544,-18.649794,-17.83573,0 days 00:00:16.986616617,0 days 00:00:17.026616617
0 days 00:00:00.380000,0 days 00:00:00.420000,answer3,235.39508,0.79582244,0.010759187,0.003488601,0.073438935,19.60763,0.6800712,1.7757019,0.030358924,0.02362056,0.12782103,0.81580096,1.5690985,1.2770464,0.72255486,0.8073291,2.42504,2.600784,3.2999618,2.8884933,2.8366969,2.8199914,2.6288137,2.0404003,1.5191644,1.7314869,1.6727878,2.132607,1.989391,2.2218812,2.005623,1.0843173,1.4856443,1.377396,1.074813,1.0133017,0.17208558,0.0055173016,215.33203,229.6875,258.39844,258.39844,0.077332236,297.5884,1.852189,192473.62,14.583549,291.81985,-0.043901455,0.30629763,0.08417345,22.654406,8.628243,-7.240414,3.256898,4.1970954,6.1092415,-26.257784,-17.946575,-30.830503,-45.86058,-27.84934,-24.212555,-13.276935,-17.365803,0 days 00:00:16.996616617,0 days 00:00:17.036616617
0 days 00:00:00.390000,0 days 00:00:00.430000,answer3,236.0793,0.7920351,0.0103070205,0.004964233,0.0551303,20.260569,0.66258925,1.5479336,0.030902594,0.023431594,0.12364329,0.75592154,1.4440595,1.2193487,0.61169523,0.6921987,1.803209,2.0646064,2.932211,2.295183,2.4018202,2.4255912,2.0644436,2.0260575,1.2301515,1.5304018,1.559762,1.8531203,1.8095522,2.216519,1.8750168,1.0795373,1.201454,1.2044309,0.9418826,0.8844533,0.18686093,0.0047545866,215.33203,229.6875,258.39844,258.39844,0.06603975,282.90854,1.7837019,129719.41,16.352125,381.84766,-0.0461313,0.29511502,0.086207174,23.852457,7.043806,-2.904678,0.10742744,3.3649566,-1.0874821,-31.114777,-13.727692,-26.37529,-44.881603,-32.299324,-31.061182,-13.685531,-18.989698,0 days 00:00:17.006616617,0 days 00:00:17.046616617
0 days 00:00:00.400000,0 days 00:00:00.440000,answer3,235.77596,0.7887878,0.007289536,0.003862175,0.06093387,21.456842,0.64964426,1.389912,0.031704087,0.020597128,0.12448006,0.7099354,1.3469287,1.1823844,0.5546193,0.64226186,1.6037501,1.8158112,2.3296814,1.8762321,2.1045883,2.3178027,1.8026775,1.9463239,1.0326186,1.3510071,1.4804139,1.6588464,1.7363287,2.3069112,1.6624197,1.0617393,0.9496,1.0274938,0.7989602,0.71389246,0.19871986,0.004841311,215.33203,244.04297,258.39844,258.39844,0.06317463,275.8817,1.76393,90659.44,17.882193,493.58347,-0.048647422,0.29036352,0.08965311,26.445063,6.134611,-0.79268736,-1.6283665,6.7662487,1.668571,-34.437054,-9.4487,-19.853197,-47.281265,-32.520638,-37.309917,-15.413821,-13.387828,0 days 00:00:17.016616617,0 days 00:00:17.056616617
0 days 00:00:00.410000,0 days 00:00:00.450000,answer3,235.63301,0.7822938,0.0026942499,0.0033958394,0.05529639,22.071863,0.60943335,1.2768484,0.03216446,0.016817838,0.12809862,0.67356724,1.2618556,1.1431384,0.5498442,0.63266635,1.6103972,1.7232083,1.7265882,1.6393296,1.9296408,2.2963557,1.6617106,1.7819232,0.9636678,1.2020907,1.3947496,1.5037441,1.6920046,2.33183,1.43786,1.0264362,0.7649083,0.8823824,0.6781905,0.5618682,0.182249,0.0039946963,215.33203,244.04297,258.39844,258.39844,0.08615911,268.06357,1.7369119,69481.46,20.741798,707.521,-0.04653431,0.28406373,0.08946866,28.541702,7.3561134,-1.1791579,-1.1614207,4.9976325,-3.0455427,-32.349125,-9.598557,-19.617485,-44.27603,-29.916441,-40.038532,-17.072649,-11.7118635,0 days 00:00:17.026616617,0 days 00:00:17.066616617
0 days 00:00:00.420000,0 days 00:00:00.460000,answer3,235.40544,0.78312844,0.007634126,0.006654603,0.07244864,19.934757,0.5743082,1.1689038,0.035044342,0.013038549,0.1356392,0.6495634,1.1952047,1.1107341,0.5894144,0.6496637,1.5999042,1.6521553,1.3359369,1.4731773,1.7659788,2.1711304,1.5501829,1.5377951,0.9605487,1.0690325,1.272431,1.3339194,1.5679164,2.1371636,1.1979948,0.96815664,0.65714645,0.7781461,0.57551104,0.45705262,0.23508175,0.00269852,215.33203,244.04297,258.39844,258.39844,0.15785806,257.5077,1.6890855,43755.45,31.703506,1979.2539,-0.058477152,0.27602485,0.10925951,32.152634,10.811261,-0.1169521,1.7641125,1.9762179,-4.9105225,-29.310198,-11.84595,-17.5394,-41.083088,-28.490616,-33.75237,-14.27684,-8.549442,0 days 00:00:17.036616617,0 days 00:00:17.076616617
0 days 00:00:00.430000,0 days 00:00:00.470000,answer3,235.5755,0.78255296,0.021010183,0.017444434,0.083778135,18.559324,0.548444,1.0523618,0.04089199,0.010959939,0.14797752,0.6435067,1.1586539,1.0981201,0.6691851,0.6932338,1.4859886,1.5452555,1.123757,1.2989058,1.5417484,1.8660622,1.3795309,1.2885646,0.9679506,1.0042847,1.1361517,1.1198345,1.3531885,1.7675442,0.9988591,0.8982231,0.5961923,0.6929777,0.48995784,0.39575636,0.3356687,0.0011916849,215.33203,229.6875,258.39844,258.39844,0.1958567,246.55481,1.595291,23417.477,48.30312,4496.726,-0.082228094,0.267159,0.22241797,34.954693,14.204633,3.400302,0.8212133,-5.2454653,-10.674558,-23.930023,-17.15281,-21.943789,-33.839558,-27.727777,-33.120987,-14.702419,-9.802381,0 days 00:00:17.046616617,0 days 00:00:17.086616617
0 days 00:00:00.440000,0 days 00:00:00.480000,answer3,235.3651,0.7894039,0.020848153,0.020311922,0.08979321,18.81589,0.5414071,0.94822806,0.04659687,0.01058201,0.15720414,0.6552047,1.166102,1.129135,0.76224667,0.7670121,1.3030411,1.3880149,1.0015777,1.0996596,1.2740973,1.4808726,1.20546,1.0979017,0.9825692,1.0141686,1.0371242,0.9390185,1.117813,1.3610016,0.89465475,0.8493185,0.5643056,0.6261826,0.4217576,0.35848698,0.45399106,0.0007385187,215.33203,229.6875,258.39844,258.39844,0.16367078,241.78044,1.5058945,11783.02,66.56534,7745.897,-0.10830909,0.263627,0.26563203,36.543198,17.117975,7.262366,1.1584018,-8.955766,-12.720271,-19.745949,-21.065083,-25.546637,-33.61857,-29.677542,-31.274618,-16.762894,-11.4904175,0 days 00:00:17.056616617,0 days 00:00:17.096616617
0 days 00:00:00.450000,0 days 00:00:00.490000,answer3,235.34904,0.79022145,0.01650164,0.015868755,0.06956396,22.40669,0.52070427,0.8733115,0.04974143,0.01058201,0.16153581,0.67239434,1.1944748,1.179953,0.7889406,0.81875306,1.1478354,1.2257597,0.9360512,0.93510205,1.0401348,1.1291143,1.0405825,0.964202,0.9993866,1.047956,0.97488576,0.82701784,0.97769636,1.0776666,0.8671837,0.8283591,0.563487,0.5803943,0.38988972,0.33734438,0.4849987,0.00050991995,215.33203,215.33203,258.39844,258.39844,0.08184456,239.07227,1.4256653,11000.2295,71.80378,8290.995,-0.11766375,0.26083687,0.28692463,35.049183,20.317486,7.8907685,1.237738,-8.854265,-12.014987,-15.850983,-22.686296,-31.857798,-37.412243,-28.702654,-33.580303,-20.344439,-12.767007,0 days 00:00:17.066616617,0 days 00:00:17.106616617
0 days 00:00:00.460000,0 days 00:00:00.500000,answer3,235.49776,0.79099506,0.008205113,0.0069811908,0.05887826,23.98764,0.51402646,0.8296268,0.051732164,0.01058201,0.15378354,0.6780842,1.2037,1.207006,0.76423025,0.83130383,1.0255395,1.0618136,0.85862494,0.83573055,0.8827865,0.86657876,0.90098315,0.9045808,1.0255116,1.0605909,0.94343394,0.7889312,0.9277205,0.9366967,0.93122643,0.8607478,0.6005347,0.5760427,0.4046974,0.3394175,0.5203119,0.00041527857,215.33203,215.33203,258.39844,258.39844,0.06915569,238.68394,1.4041611,12990.6875,70.63117,7406.487,-0.12581038,0.26040646,0.31723383,32.580196,23.774042,9.186535,1.6162391,-10.040896,-15.814237,-18.451735,-26.30863,-34.187775,-35.0296,-27.00618,-30.962454,-24.94988,-17.33275,0 days 00:00:17.076616617,0 days 00:00:17.116616617
0 days 00:00:00.470000,0 days 00:00:00.510000,answer3,235.66975,0.7897535,0.008449856,0.0069207624,0.043239523,25.476105,0.52587503,0.81561065,0.054218724,0.01058201,0.14445359,0.6683583,1.1841464,1.2045726,0.7303055,0.8291586,0.9043689,0.9057407,0.78742695,0.7929613,0.8049624,0.7171486,0.81132525,0.87395185,1.0488882,1.0584277,0.93603754,0.8161497,0.9573706,0.90124804,1.0680513,0.93510365,0.68544865,0.6147705,0.45278642,0.37271377,0.5898468,0.00040473635,215.33203,215.33203,258.39844,258.39844,0.08238158,239.15913,1.4061648,14836.391,66.2251,5796.766,-0.14042291,0.2609183,0.33986652,30.629435,26.619982,11.794814,1.0314828,-10.629832,-18.165106,-21.82411,-30.885435,-34.122765,-28.71969,-24.049063,-29.902266,-26.983534,-17.769432,0 days 00:00:17.086616617,0 days 00:00:17.126616617
0 days 00:00:00.480000,0 days 00:00:00.520000,answer3,235.66272,0.7895219,0.00843189,0.007695045,0.040531706,26.548492,0.55834633,0.83191174,0.056387365,0.01058201,0.1333908,0.64990824,1.1439598,1.1804076,0.76076245,0.86075014,0.78490853,0.76626134,0.7246439,0.80068284,0.8030369,0.6591366,0.77153254,0.90517974,1.1194965,1.1136464,0.98195314,0.8801639,1.0243884,0.90876216,1.2445503,1.0326239,0.78993326,0.67026204,0.50217646,0.41718832,0.65415007,0.000713245,215.33203,215.33203,258.39844,258.39844,0.08451772,239.96391,1.4257406,14212.543,64.00077,5652.8477,-0.15437287,0.261763,0.3623353,30.559889,23.337433,14.015883,3.5273905,-13.558887,-24.000021,-23.573298,-36.465885,-35.471786,-23.662886,-20.669344,-27.100555,-29.903269,-21.128752,0 days 00:00:17.096616617,0 days 00:00:17.136616617
0 days 00:00:00.490000,0 days 00:00:00.530000,answer3,235.3542,0.78982776,0.0044989674,0.005606187,0.013789349,29.291811,0.5908048,0.8804474,0.056792963,0.010770974,0.12685552,0.6287939,1.1023042,1.1605424,0.83047324,0.91585946,0.6856839,0.6724668,0.69719344,0.83866787,0.84868574,0.68214947,0.7980184,1.0161444,1.2963537,1.3344864,1.1401939,1.000332,1.1176482,0.9454034,1.3834219,1.1154532,0.8738847,0.7018845,0.5283981,0.45033574,0.6613876,0.0013118744,215.33203,215.33203,258.39844,258.39844,0.062669665,241.04187,1.434389,15159.884,56.655743,4877.9194,-0.15544005,0.26249313,0.27653825,29.819212,17.91058,18.991343,6.159998,-17.766052,-21.354528,-21.190603,-39.11259,-37.80637,-22.681768,-20.492035,-27.389399,-28.08461,-18.960571,0 days 00:00:17.106616617,0 days 00:00:17.146616617
0 days 00:00:00.500000,0 days 00:00:00.540000,answer3,234.81721,0.78972083,0.0043352507,0.0036174338,0.014695694,27.865255,0.64308286,0.9668719,0.055882018,0.01058201,0.12053055,0.6047392,1.0534846,1.1284823,0.8880344,0.94755673,0.6263384,0.6310157,0.7083078,0.90232784,0.9135874,0.7592733,0.89285964,1.1944715,1.5949146,1.8169667,1.5094253,1.2069961,1.3023585,1.0784785,1.4505385,1.1773585,0.923872,0.69455224,0.5446887,0.46751168,0.6220625,0.0028464717,215.33203,215.33203,258.39844,258.39844,0.06134825,244.13574,1.4548411,23947.748,40.99235,3120.921,-0.14859246,0.2639506,0.35481682,27.079275,11.987862,25.962816,4.955507,-22.68978,-17.829676,-25.582952,-41.298923,-38.990192,-20.947523,-21.838736,-28.348465,-26.549204,-20.416824,0 days 00:00:17.116616617,0 days 00:00:17.156616617
0 days 00:00:00.510000,0 days 00:00:00.550000,answer3,233.95271,0.7888282,0.003716566,0.0027996397,0.015559867,26.7675,0.6716241,1.0821042,0.05464079,0.01058201,0.1158194,0.5769419,0.9943946,1.0778991,0.90878487,0.9429752,0.59223956,0.6189232,0.7193737,0.9619171,0.96420735,0.8359603,1.0045062,1.3279744,1.8668531,2.524485,2.1713026,1.5341392,1.6158694,1.3725725,1.4975615,1.2379056,0.94422084,0.65966684,0.5830519,0.48516378,0.5868142,0.004132194,215.33203,215.33203,258.39844,258.39844,0.06020863,247.35063,1.4733471,36779.152,28.411863,1537.8861,-0.14277636,0.26535472,0.43499056,24.03132,12.611721,33.045135,0.043823797,-24.637688,-8.625506,-31.244272,-42.782684,-36.72038,-14.707043,-24.855272,-30.585379,-21.352295,-21.237898,0 days 00:00:17.126616617,0 days 00:00:17.166616617
0 days 00:00:00.520000,0 days 00:00:00.560000,answer3,233.16219,0.78834945,0.0032798927,0.0042117145,0.022549076,26.121582,0.70143396,1.207476,0.053838357,0.010393046,0.1182458,0.5487895,0.9315364,1.0163016,0.914483,0.9293113,0.57863355,0.62302035,0.7064488,1.0025268,0.9873223,0.87803847,1.06224,1.2999563,1.9519228,3.2272558,2.9390545,1.9912286,2.0365818,1.8790932,1.6415316,1.3230264,0.9777904,0.63455,0.66717833,0.5283082,0.5650058,0.004822883,215.33203,215.33203,258.39844,258.39844,0.056318957,249.99684,1.5077776,49122.035,21.640326,735.335,-0.14026348,0.26663306,0.43589053,22.071342,15.662755,35.48401,-5.28323,-22.929321,-3.7187068,-36.067795,-40.558117,-33.474346,-8.018544,-24.46557,-31.066011,-18.140585,-21.971807,0 days 00:00:17.136616617,0 days 00:00:17.176616617
0 days 00:00:00.530000,0 days 00:00:00.570000,answer3,232.4532,0.7907323,0.0032985322,0.0035384549,0.026273126,26.766388,0.7078333,1.308132,0.052859515,0.010393046,0.12664701,0.52335066,0.8733225,0.9552593,0.9354925,0.93944407,0.5930005,0.6361463,0.6765875,1.0376922,1.0076686,0.87788445,1.0542402,1.1587186,1.8290653,3.6057045,3.4545758,2.4633353,2.4058743,2.455888,1.9043275,1.4307998,1.0490263,0.6504243,0.7818889,0.58506924,0.53361017,0.004649291,215.33203,215.33203,258.39844,258.39844,0.057813346,251.06227,1.5196676,56732.61,21.253836,676.16327,-0.13424511,0.26714295,0.42055848,21.190046,18.531609,33.875782,-8.820838,-20.304428,-2.3626885,-34.80982,-39.39354,-30.159632,-6.924734,-22.88944,-32.801346,-17.640139,-22.503126,0 days 00:00:17.146616617,0 days 00:00:17.186616617
0 days 00:00:00.540000,0 days 00:00:00.580000,answer3,232.00346,0.79102784,0.005571241,0.0036218036,0.022278741,26.633524,0.7142498,1.3593677,0.050738547,0.0111489035,0.13720405,0.4989315,0.81959385,0.8975273,0.9551304,0.9579542,0.6503323,0.67567515,0.66511685,1.081068,1.0385643,0.8735745,0.99576825,0.989343,1.6382118,3.5866268,3.5149078,2.7673848,2.594446,2.923069,2.1644802,1.527681,1.165239,0.7142568,0.87489897,0.6365741,0.48111925,0.0045824233,215.33203,215.33203,258.39844,258.39844,0.07204262,252.50615,1.5309919,63993.984,20.072388,590.3131,-0.12305065,0.26779154,0.31785557,20.683187,18.674013,30.993692,-12.561989,-18.190725,-1.7827944,-33.05185,-39.990314,-27.992579,-7.275211,-22.535604,-36.893955,-18.920927,-19.35151,0 days 00:00:17.156616617,0 days 00:00:17.196616617
0 days 00:00:00.550000,0 days 00:00:00.590000,answer3,231.13196,0.78849477,0.0059828237,0.0031968702,0.023394756,25.60502,0.71818995,1.3746244,0.047708884,0.012282691,0.13705975,0.47245428,0.7662824,0.84039503,0.9577725,0.96970606,0.7463288,0.738941,0.69574624,1.140411,1.0885175,0.919961,0.93985313,0.8961356,1.5560303,3.4110167,3.335389,2.852309,2.5893774,3.0958252,2.2880285,1.6067591,1.3135136,0.82077956,0.9069273,0.65471554,0.41854557,0.0056648827,215.33203,215.33203,258.39844,258.39844,0.08085056,257.64572,1.5555376,76122.44,17.437082,454.38565,-0.1081984,0.27094662,0.29202172,20.183794,16.429548,28.261007,-13.961709,-19.93488,-2.5886657,-27.869482,-47.65508,-25.190132,-8.905123,-25.491058,-41.730686,-19.63076,-17.515436,0 days 00:00:17.166616617,0 days 00:00:17.206616617
0 days 00:00:00.560000,0 days 00:00:00.600000,answer3,229.32263,0.7895401,0.0062194415,0.0026242584,0.024484793,24.582275,0.7041295,1.3593779,0.043991476,0.013794407,0.12507264,0.44340125,0.7117946,0.7849538,0.9317654,0.9527297,0.84147364,0.80664665,0.76384276,1.2030748,1.1422335,0.9818263,0.8866282,0.88007164,1.6150608,3.3017724,3.187352,2.7092445,2.4327657,2.9312584,2.1953504,1.6583786,1.432464,0.9262769,0.86716205,0.63122344,0.3592782,0.005790925,215.33203,215.33203,258.39844,258.39844,0.08652232,259.45255,1.6009318,78627.266,16.87421,436.32193,-0.093948394,0.27226195,0.18783832,20.896492,13.565888,26.110106,-13.240382,-21.953123,-4.538471,-20.922842,-53.27067,-28.971909,-9.272603,-24.207952,-41.511623,-22.702406,-16.780905,0 days 00:00:17.176616617,0 days 00:00:17.216616617
0 days 00:00:00.570000,0 days 00:00:00.610000,answer3,227.54192,0.7926822,0.0059354776,0.0030776234,0.043806773,22.43519,0.6773688,1.3182362,0.040115844,0.01473923,0.11119968,0.41268408,0.65221554,0.72804374,0.93061996,0.9428816,0.9143289,0.8619056,0.85655576,1.2681171,1.1806897,1.0511603,0.8700261,0.9410496,1.7140665,3.1728303,3.0072463,2.46583,2.1399848,2.5147932,1.9860471,1.6949288,1.4938146,0.9917781,0.79159635,0.5797494,0.28436652,0.004865157,215.33203,215.33203,258.39844,315.8203,0.14281732,263.64578,1.761364,78584.21,18.71023,559.9586,-0.076067545,0.27766168,0.15905027,22.977448,12.608644,20.912626,-11.130942,-20.923239,-11.493491,-15.309837,-52.048203,-24.74835,-9.15216,-21.677095,-32.904892,-23.658995,-20.046324,0 days 00:00:17.186616617,0 days 00:00:17.226616617
0 days 00:00:00.580000,0 days 00:00:00.620000,answer3,225.43465,0.79691124,0.0090148775,0.0068313703,0.064841665,19.021025,0.649096,1.2476269,0.037453264,0.014550265,0.10456783,0.3848858,0.5944281,0.6738451,0.99659234,0.9718432,0.9676779,0.90389633,0.9264078,1.3090893,1.1695548,1.070527,0.8990157,1.062994,1.7681135,2.8664627,2.674526,2.111694,1.7862514,2.022948,1.7365123,1.7202476,1.4780048,1.0030104,0.7153304,0.5198764,0.24784698,0.0028780056,215.33203,215.33203,258.39844,373.2422,0.16469978,263.57626,1.8961216,62989.23,21.969107,759.06854,-0.06769482,0.28072384,0.15008982,25.483759,14.093396,17.395555,-10.953259,-21.736528,-19.29437,-12.199837,-45.07387,-23.39969,-8.811109,-16.627329,-27.680534,-25.196556,-20.707815,0 days 00:00:17.196616617,0 days 00:00:17.236616617
0 days 00:00:00.590000,0 days 00:00:00.630000,answer3,223.03865,0.7910382,0.013613707,0.011881913,0.056480978,18.389894,0.6367621,1.1667682,0.036961116,0.013605442,0.11116008,0.36334813,0.543147,0.6237239,1.1530013,1.0699273,1.0117761,0.92383695,0.95720935,1.3275611,1.1069064,1.0676479,0.9729813,1.1763567,1.6766223,2.3420951,2.1841066,1.7439594,1.4702383,1.620529,1.5605035,1.7590743,1.4226651,0.999454,0.66723615,0.4809095,0.22744091,0.0017473934,215.33203,215.33203,258.39844,430.66406,0.1671877,269.59784,2.0493562,58162.62,23.827944,885.80695,-0.0632049,0.28895926,0.15418494,26.866714,18.371317,13.009212,-10.816781,-19.013405,-24.792826,-12.854787,-39.25502,-14.752374,-5.884398,-13.850632,-20.395704,-22.508657,-24.190836,0 days 00:00:17.206616617,0 days 00:00:17.246616617
0 days 00:00:00.600000,0 days 00:00:00.640000,answer3,219.53052,0.78534263,0.0131157115,0.011740189,0.04466622,19.933279,0.63075,1.0997578,0.03760713,0.0134164775,0.12590544,0.35079956,0.5072209,0.5909186,1.349102,1.2049927,1.0281833,0.8958772,0.9295254,1.2972263,1.0033996,1.0520226,1.0346164,1.2129352,1.5309172,1.8327651,1.7616986,1.433021,1.3140317,1.3804759,1.4665996,1.8190833,1.347273,1.0075116,0.6477413,0.46986046,0.24458443,0.0014087182,215.33203,215.33203,258.39844,430.66406,0.11344645,272.86398,2.1022496,49728.41,23.8622,910.4942,-0.06726379,0.2935219,0.17088033,26.735054,21.221144,16.014845,-10.927308,-20.03239,-26.929693,-15.508021,-37.06132,-16.438091,-2.0460708,-8.34479,-19.335154,-24.374933,-22.950438,0 days 00:00:17.216616617,0 days 00:00:17.256616617
0 days 00:00:00.610000,0 days 00:00:00.650000,answer3,215.20221,0.7823909,0.011941343,0.008101783,0.030121401,21.1128,0.6071314,1.0488435,0.03690812,0.015306123,0.1401214,0.3456551,0.4842335,0.5768147,1.493886,1.2833151,0.9860447,0.80776983,0.88297206,1.2302457,0.9058544,1.0371121,1.0378829,1.1795126,1.3697133,1.4433823,1.4941424,1.2453789,1.2863963,1.259597,1.462895,1.8786492,1.2783681,1.0379094,0.63625795,0.4858202,0.22040026,0.0011473458,215.33203,215.33203,258.39844,430.66406,0.09136782,272.96548,2.1393852,50680.53,23.97019,901.16016,-0.06352823,0.29379654,0.1716346,26.026468,23.601646,16.082651,-9.948396,-15.586337,-28.516912,-20.430555,-38.470245,-13.917584,-1.566853,-7.914286,-12.648524,-24.395477,-25.370432,0 days 00:00:17.226616617,0 days 00:00:17.266616617
0 days 00:00:00.620000,0 days 00:00:00.660000,answer3,210.81804,0.78336614,0.009786281,0.0053747934,0.037882105,20.321087,0.58383495,1.0077046,0.034941453,0.018329555,0.15023783,0.34206262,0.46415386,0.5801127,1.5435929,1.2450582,0.90155977,0.68623734,0.8765946,1.1536447,0.8485548,1.0384239,1.0038123,1.1279641,1.2583512,1.2250339,1.3510036,1.1627436,1.3030115,1.1907352,1.4839859,1.86083,1.2159711,1.0589609,0.61754656,0.51013917,0.19745111,0.0011040695,215.33203,215.33203,301.46484,430.66406,0.0960842,272.88412,2.186943,46768.676,24.044996,907.4318,-0.058345426,0.29415247,0.1617266,26.68242,22.70958,16.553709,-7.2561727,-15.113149,-27.117075,-22.192053,-40.100227,-18.374533,-1.9960256,-4.657122,-11.253869,-22.374132,-22.082764,0 days 00:00:17.236616617,0 days 00:00:17.276616617
0 days 00:00:00.630000,0 days 00:00:00.670000,answer3,205.71083,0.78424805,0.01090444,0.006749013,0.04219519,18.819315,0.58796144,0.9760852,0.032249916,0.02116402,0.15770292,0.33428705,0.43821898,0.60142577,1.5153365,1.1133031,0.8398269,0.59042263,0.9624813,1.1102108,0.8629424,1.057606,0.9815329,1.1229542,1.1860533,1.111683,1.2731488,1.1312494,1.2875057,1.1342664,1.4630607,1.7482015,1.1785301,1.060198,0.5905284,0.52553725,0.18580006,0.0016291831,215.33203,229.6875,358.88672,430.66406,0.12127312,288.7514,2.327708,51588.8,22.4331,797.8166,-0.051430095,0.31122994,0.14432405,28.011564,21.630697,11.654803,-5.1540747,-11.463847,-25.119429,-20.629059,-42.260128,-14.504285,-3.43026,-2.6495757,-5.598204,-17.92057,-21.520422,0 days 00:00:17.246616617,0 days 00:00:17.286616617
0 days 00:00:00.640000,0 days 00:00:00.680000,answer3,200.39227,0.7830519,0.010353219,0.0064500687,0.053517073,17.550278,0.6057603,0.96729517,0.02918539,0.022297809,0.17137814,0.31524575,0.39292893,0.63589615,1.4659762,0.98075646,0.8555534,0.56826544,1.2033472,1.1652886,0.9567669,1.0945654,1.028419,1.1810918,1.1337538,1.0929774,1.2271906,1.1328851,1.214026,1.0564071,1.3936588,1.5769125,1.1658232,1.0357829,0.57801247,0.5267658,0.16841681,0.0030087314,215.33203,287.10938,416.3086,430.66406,0.16206567,324.15338,2.507829,61112.098,19.018621,622.12286,-0.040831916,0.3481497,0.12057457,29.714706,17.451351,7.6316237,-5.0048957,-12.517338,-18.6643,-14.195664,-42.143646,-15.819098,-1.2781063,2.915149,1.7518078,-13.22269,-18.377665,0 days 00:00:17.256616617,0 days 00:00:17.296616617
0 days 00:00:00.650000,0 days 00:00:00.690000,answer3,195.2816,0.7888534,0.013016959,0.007846686,0.08096355,15.146099,0.62321645,0.9902814,0.026847832,0.021730915,0.19594002,0.28997287,0.3389374,0.67659765,1.4047004,0.90310067,0.92458963,0.6501859,1.5874075,1.3025069,1.1016947,1.1434609,1.1243447,1.2691981,1.136927,1.1215073,1.2270463,1.1801429,1.1635407,1.0134293,1.3116647,1.4130793,1.1520147,0.97915363,0.6050702,0.53110224,0.14344949,0.0038136526,200.97656,330.17578,416.3086,430.66406,0.16712707,344.74548,2.6749566,84441.66,16.10077,447.06558,-0.03250064,0.3676529,0.1013918,29.972395,15.811008,3.7969234,-6.319731,-10.22126,-10.097964,-14.599132,-36.032013,-14.806056,-3.1587594,3.5958908,8.118554,-7.67395,-15.340718,0 days 00:00:17.266616617,0 days 00:00:17.306616617
0 days 00:00:00.660000,0 days 00:00:00.700000,answer3,191.37932,0.7972028,0.012610811,0.011669531,0.07706744,14.853,0.68444824,1.0501529,0.02658242,0.020030236,0.22320093,0.26701462,0.29144517,0.7039419,1.3026127,0.9230335,1.0472335,0.860934,2.1314812,1.5231565,1.2761208,1.2010602,1.248777,1.3621258,1.1759049,1.1422671,1.2364916,1.2847492,1.1955553,1.0387439,1.2877859,1.3018876,1.1312312,0.9025554,0.6890166,0.5556478,0.12633269,0.008635331,200.97656,358.88672,459.375,602.9297,0.19126295,381.60117,2.9480343,114886.81,12.882907,313.4305,-0.031014213,0.39920887,0.09756234,30.836044,13.398314,-1.5223819,-11.027007,-10.153478,-1.0792633,-12.795796,-25.930908,-20.3747,-6.1609883,5.2806616,6.109238,-8.782071,-14.673318,0 days 00:00:17.276616617,0 days 00:00:17.316616617
0 days 00:00:00.670000,0 days 00:00:00.710000,answer3,188.76306,0.8080308,0.012088033,0.013739671,0.096131764,13.551758,0.7930312,1.1424456,0.030272895,0.01946334,0.24828553,0.25815102,0.27000543,0.72640276,1.1838951,1.0652593,1.2183737,1.1950504,2.7564335,1.8196678,1.4935328,1.2647705,1.3645425,1.4112873,1.2440268,1.1525142,1.2094743,1.3960614,1.3572387,1.170597,1.3123406,1.2130947,1.0831314,0.8274198,0.8434159,0.6186132,0.1933574,0.016166158,200.97656,358.88672,502.4414,660.35156,0.21652384,403.66223,3.2115383,130630.82,11.703026,266.68436,-0.04553942,0.41859135,0.14647812,32.26004,14.632507,-7.420199,-13.379063,-8.583468,6.267364,-18.495455,-18.086777,-20.552755,-5.7685413,10.162677,-0.32200065,-10.246329,-14.9847145,0 days 00:00:17.286616617,0 days 00:00:17.326616617
0 days 00:00:00.680000,0 days 00:00:00.720000,answer3,186.881,0.80937034,0.009269455,0.011106767,0.10650944,13.570836,0.90322214,1.2569268,0.036212303,0.019274376,0.27218613,0.2643784,0.27425632,0.76692015,1.0948714,1.362264,1.4718231,1.5748082,3.2760017,2.2469995,1.8157836,1.3222591,1.4433117,1.4322675,1.2867483,1.1309503,1.1139559,1.4850322,1.6026653,1.3895236,1.3535208,1.148913,1.0149796,0.78458995,1.0324665,0.71862143,0.30200014,0.030524055,258.39844,373.2422,559.8633,717.77344,0.23273109,438.50293,3.3674362,131441.03,10.224584,220.0384,-0.0641356,0.45315555,0.22310524,34.971577,14.668874,-12.423038,-17.322187,-8.96882,10.339164,-23.227524,-11.609752,-22.121643,-0.23883009,18.498587,-3.7231226,-17.759142,-15.304066,0 days 00:00:17.296616617,0 days 00:00:17.336616617
0 days 00:00:00.690000,0 days 00:00:00.730000,answer3,185.23949,0.8069041,0.008127468,0.0073660477,0.1060929,13.113492,0.9656587,1.3684288,0.0418682,0.019841269,0.29743144,0.27715826,0.28776458,0.85387045,1.095476,1.7440306,1.7579759,1.9128723,3.5345974,2.8041337,2.192993,1.3070611,1.4421355,1.4565825,1.3079196,1.1218833,1.0001993,1.5566068,1.8536743,1.6204346,1.3694863,1.0796922,0.928931,0.7677911,1.1740205,0.8344331,0.43976364,0.038852874,301.46484,387.59766,545.5078,602.9297,0.19242351,438.19485,3.2846928,113707.21,10.938667,246.54791,-0.0844767,0.4568467,0.3075676,36.400116,16.212141,-12.551559,-19.280792,-11.511342,14.944013,-28.814337,-10.384915,-24.333658,2.7863367,25.862146,-0.5269227,-18.831932,-12.835423,0 days 00:00:17.306616617,0 days 00:00:17.346616617
0 days 00:00:00.700000,0 days 00:00:00.740000,answer3,183.93909,0.80467373,0.0070256814,0.0056179743,0.080019794,15.397511,0.9686071,1.4346999,0.04503415,0.020597128,0.32364836,0.2898747,0.3005137,0.96930903,1.1628603,1.9952208,1.8897568,2.1337714,3.4717958,3.2378213,2.4394944,1.2522365,1.3780993,1.4840784,1.3101538,1.0730699,0.91548014,1.6418072,2.039703,1.7951809,1.4009179,1.0349314,0.8415036,0.75527555,1.2227052,0.9429876,0.48102582,0.038703766,301.46484,373.2422,488.08594,588.5742,0.15903161,423.22086,3.1624148,103708.41,11.339015,270.68906,-0.09219102,0.4431611,0.3292017,36.644825,17.048937,-10.849248,-20.504646,-9.6288805,15.671706,-31.056185,-6.7406754,-30.51415,1.6283199,25.567345,5.3846793,-18.58916,-11.625636,0 days 00:00:17.316616617,0 days 00:00:17.356616617
0 days 00:00:00.710000,0 days 00:00:00.750000,answer3,182.7812,0.80352616,0.0054733246,0.0051213726,0.039268672,16.783022,0.9606001,1.4446961,0.04516104,0.021352986,0.3377541,0.29863393,0.30800113,1.0631477,1.2221617,1.9873635,1.8068805,2.2612991,3.3129447,3.3437798,2.4512854,1.2110348,1.2938347,1.5179883,1.3090352,1.0052572,0.8878359,1.7293283,2.1499226,1.909513,1.4726906,1.0219375,0.7780101,0.7289553,1.1605474,0.9929571,0.4836311,0.030782333,258.39844,358.88672,430.66406,574.21875,0.14476629,403.14127,3.0628777,92338.48,11.365517,283.85754,-0.09477035,0.4241096,0.32202917,36.560364,16.715715,-8.986473,-20.995195,-4.707309,15.679557,-32.73424,-6.769797,-32.82097,-2.4875863,22.51975,8.340984,-12.848098,-8.724805,0 days 00:00:17.326616617,0 days 00:00:17.366616617
0 days 00:00:00.720000,0 days 00:00:00.760000,answer3,181.97807,0.80407184,0.0047608837,0.0029042468,0.03561552,18.802168,0.93273443,1.4136887,0.043578546,0.021919878,0.341035,0.3081337,0.3200952,1.0983776,1.2222127,1.7315345,1.537351,2.324795,3.1648552,3.05292,2.2622583,1.2732023,1.2498838,1.5320138,1.301848,0.941948,0.91712546,1.7784358,2.2254963,1.9980336,1.610485,1.0501652,0.749414,0.71808904,1.063747,0.9824481,0.41925013,0.02182045,200.97656,344.53125,387.59766,545.5078,0.1421503,376.9446,2.9894402,90987.38,11.940129,318.58957,-0.08931875,0.39711973,0.2864065,35.750423,16.33859,-5.988643,-19.251991,0.6416277,14.399669,-32.78082,-6.240583,-34.360355,-5.8948135,17.257988,7.753592,-6.2453055,-6.2173305,0 days 00:00:17.336616617,0 days 00:00:17.376616617
0 days 00:00:00.730000,0 days 00:00:00.770000,answer3,181.6722,0.80452603,0.0032316458,0.0021064722,0.023987,20.905378,0.9101501,1.3730135,0.041523457,0.021352986,0.33574578,0.31798494,0.33577666,1.0690151,1.153168,1.4282652,1.2764963,2.3404627,3.0364707,2.6341627,2.0451858,1.4097595,1.2383701,1.5241237,1.2768862,0.9323888,0.9684777,1.7748243,2.2957795,2.0793922,1.7421247,1.1105446,0.75461215,0.74869424,0.95198077,0.91765666,0.36488584,0.01898359,186.6211,344.53125,387.59766,545.5078,0.106809564,364.29105,2.9660614,92637.51,11.799205,309.26932,-0.08339336,0.3832616,0.26709867,35.114735,16.366617,-3.7668445,-19.48218,2.904316,15.599559,-30.340754,-9.610772,-31.71763,-8.841542,17.379492,4.900663,-3.475158,-3.059414,0 days 00:00:17.346616617,0 days 00:00:17.386616617
0 days 00:00:00.740000,0 days 00:00:00.780000,answer3,181.8196,0.80542237,0.002155722,0.0025125244,0.027007679,22.242538,0.9058995,1.3392477,0.040466424,0.021352986,0.32611185,0.3249776,0.3500031,1.0094246,1.0633167,1.1997466,1.1162711,2.3237329,2.8734472,2.2867906,1.8642441,1.5102481,1.2348626,1.5030503,1.2486491,0.9915371,1.0413688,1.7342893,2.3485463,2.1212394,1.8245789,1.1987592,0.78963566,0.82273126,0.86343145,0.84944725,0.3203183,0.017684333,186.6211,344.53125,387.59766,645.9961,0.08533957,365.48178,3.0313776,105936.84,12.218244,316.338,-0.07782278,0.3827633,0.2503767,34.172726,16.863668,-3.3961895,-20.342844,2.5091927,14.570054,-24.371923,-10.484304,-32.92126,-8.947421,14.314679,5.368567,-4.2502856,-3.9537287,0 days 00:00:17.356616617,0 days 00:00:17.396616617
0 days 00:00:00.750000,0 days 00:00:00.790000,answer3,182.36462,0.8091013,0.001741537,0.0022982105,0.027366936,22.766592,0.9086413,1.3082502,0.040282913,0.020975059,0.31152067,0.32478753,0.35714576,0.94623977,0.98303556,1.0890576,1.0785738,2.281445,2.6865757,2.074234,1.7176219,1.4834725,1.2173045,1.4605083,1.220533,1.0694642,1.0985328,1.6850106,2.3268287,2.0750427,1.8851286,1.3208675,0.8345504,0.9008999,0.7959934,0.79012996,0.3243527,0.017367242,200.97656,344.53125,387.59766,717.77344,0.07719537,378.80673,3.105076,106220.31,11.913941,297.96793,-0.07589105,0.39658988,0.2510566,34.61172,17.580225,-4.7016807,-24.623123,2.61746,12.797793,-19.750519,-11.279582,-32.04945,-7.1003404,12.816316,6.5434875,-5.7593255,-5.9497476,0 days 00:00:17.366616617,0 days 00:00:17.406616617
0 days 00:00:00.760000,0 days 00:00:00.800000,answer3,182.5556,0.8098013,0.0028385855,0.0024839907,0.021399984,22.141418,0.9162453,1.280434,0.03986263,0.021541951,0.2901808,0.31473973,0.35207954,0.8963042,0.93443656,1.0850911,1.137229,2.2379963,2.5704162,1.9354466,1.6026382,1.3784188,1.1878499,1.4102612,1.1894569,1.1034578,1.1218886,1.6479397,2.2399056,1.9822111,1.9262749,1.4544369,0.871247,0.9333976,0.7519725,0.73600584,0.3344793,0.01465994,244.04297,358.88672,401.95312,832.6172,0.09021864,401.94492,3.1816692,107961.27,11.752879,299.65503,-0.073278315,0.4203192,0.24800968,35.037598,17.219337,-6.0354676,-28.684359,2.4585183,10.678403,-19.332258,-7.4227586,-31.045439,-6.5068173,11.26468,8.587685,-6.0428257,-6.386347,0 days 00:00:17.376616617,0 days 00:00:17.416616617
0 days 00:00:00.770000,0 days 00:00:00.810000,answer3,181.93793,0.81163996,0.003387037,0.0027545858,0.038977116,21.961884,0.922797,1.2568979,0.039094154,0.022864701,0.26711002,0.29925668,0.34062496,0.85961515,0.91018105,1.1484482,1.2375646,2.198991,2.5049646,1.7877655,1.5099998,1.3002287,1.1578994,1.3602815,1.1556206,1.0971309,1.1231989,1.6235741,2.162089,1.9172233,1.9512401,1.5699266,0.882885,0.91497415,0.71969223,0.67885906,0.3400801,0.011509108,244.04297,358.88672,445.01953,832.6172,0.08909464,414.98508,3.246422,102378.164,10.795712,266.86557,-0.07141828,0.4338615,0.24549419,35.40218,16.561056,-5.1897454,-32.58398,1.7144979,10.204481,-19.56388,-5.281295,-26.901651,-6.8241115,11.538727,6.144468,-5.2095637,-4.077563,0 days 00:00:17.386616617,0 days 00:00:17.426616617
0 days 00:00:00.780000,0 days 00:00:00.820000,answer3,180.71245,0.8122411,0.004267174,0.003308637,0.047179397,20.692247,0.92118996,1.2360492,0.03800173,0.023431594,0.2450602,0.28192994,0.32654774,0.8315317,0.89657706,1.2086316,1.3394079,2.16961,2.4350321,1.6089112,1.4622248,1.3083774,1.1322612,1.3224012,1.1241435,1.0914578,1.1205596,1.6093378,2.1302614,1.9107338,1.9071804,1.6247836,0.872184,0.86746854,0.68458086,0.62608093,0.32827258,0.009072448,287.10938,358.88672,445.01953,846.97266,0.10940456,423.94897,3.2562644,100413.29,10.455838,259.1892,-0.067897566,0.44316247,0.24023049,35.41333,14.905945,-5.3756433,-32.90205,0.37991285,9.119596,-19.542423,-3.0514128,-26.255121,-6.2928944,7.074936,4.459839,-4.4499145,-0.25908145,0 days 00:00:17.396616617,0 days 00:00:17.436616617
0 days 00:00:00.790000,0 days 00:00:00.830000,answer3,179.31995,0.81278855,0.0065356814,0.0036046852,0.05636819,20.486753,0.9200838,1.2212805,0.03731141,0.02324263,0.22735584,0.26786506,0.31772637,0.8064368,0.87395364,1.2131137,1.4214654,2.1590803,2.3251505,1.4329981,1.4627782,1.3554493,1.1501206,1.3188974,1.1172295,1.1218411,1.1452781,1.5829223,2.1015184,1.90708,1.8382305,1.6608366,0.8620792,0.82605267,0.6594789,0.5983519,0.3133283,0.008749253,301.46484,344.53125,473.73047,832.6172,0.09681234,425.97,3.2766647,99441.836,10.084659,245.07906,-0.06573527,0.44513378,0.24122901,35.29979,14.316433,-6.4553885,-31.547934,0.6177177,7.6728997,-16.697298,-3.0164888,-26.355576,-5.3170247,2.1025958,4.6282,-3.9463284,-0.022168955,0 days 00:00:17.406616617,0 days 00:00:17.446616617
0 days 00:00:00.800000,0 days 00:00:00.840000,answer3,178.16039,0.8128815,0.006263627,0.004393159,0.0604137,21.219595,0.9164896,1.2073036,0.03716781,0.021730915,0.2128262,0.25761715,0.31541148,0.7868063,0.8399059,1.1552685,1.5038866,2.1638324,2.1634371,1.3198143,1.4875298,1.3793589,1.189522,1.318415,1.1575016,1.1769637,1.1760024,1.5348481,1.9818668,1.8061589,1.8277303,1.726305,0.8626706,0.81014436,0.64676017,0.58931065,0.30503133,0.009751099,344.53125,344.53125,473.73047,789.5508,0.10299706,430.4021,3.28361,97976.87,10.198514,248.98964,-0.064297445,0.45012316,0.24627633,35.198074,14.359935,-8.335133,-30.954895,0.3155253,4.7891192,-11.182683,-4.4516487,-28.913704,-2.5051603,-2.321126,4.1631017,-5.1755147,-0.3241599,0 days 00:00:17.416616617,0 days 00:00:17.456616617
0 days 00:00:00.810000,0 days 00:00:00.850000,answer3,177.03807,0.81230545,0.0058988915,0.003939695,0.06883976,20.996862,0.9325226,1.1997882,0.03712142,0.020597128,0.20248157,0.25005817,0.31590703,0.77054054,0.80256015,1.0805202,1.5974029,2.1545744,1.9773344,1.3127192,1.4784217,1.3801837,1.2375098,1.3047096,1.2314984,1.2175053,1.1882787,1.5078936,1.8196325,1.6258793,1.905136,1.861804,0.89217997,0.81977326,0.66304296,0.5969493,0.29945996,0.015506742,344.53125,344.53125,531.15234,775.1953,0.09761846,440.71484,3.3427255,104862.02,9.849796,230.1621,-0.06401964,0.45951137,0.24880338,34.27315,15.482753,-9.399227,-31.878874,0.8578499,4.0703626,-8.544873,-5.5470014,-25.902376,-1.5376729,-2.8718767,5.584465,-8.224022,-0.8363521,0 days 00:00:17.426616617,0 days 00:00:17.466616617
0 days 00:00:00.820000,0 days 00:00:00.860000,answer3,176.0293,0.81249005,0.0035628623,0.0030825122,0.10406798,19.624132,0.93825626,1.1954985,0.037352134,0.020408163,0.19506276,0.2430584,0.31750867,0.7590642,0.77418035,1.0447581,1.6940154,2.0981295,1.7829953,1.387619,1.3864292,1.3704427,1.2379681,1.2353052,1.3042971,1.2466167,1.165984,1.5092945,1.6980834,1.4456654,2.0282867,2.038482,0.9396062,0.8652882,0.70376825,0.61105317,0.32346976,0.018566672,344.53125,344.53125,531.15234,732.1289,0.10479278,447.21988,3.330164,105566.66,10.096237,220.56767,-0.06608201,0.46697915,0.2614574,33.540115,17.474829,-10.584312,-34.01441,-1.0520325,3.4499645,-7.477108,-6.485866,-25.565561,1.1764216,-2.940684,3.6383116,-8.627598,-0.29543516,0 days 00:00:17.436616617,0 days 00:00:17.476616617
0 days 00:00:00.830000,0 days 00:00:00.870000,answer3,175.01031,0.8102992,0.0030967325,0.0011652103,0.116100915,19.451014,0.9374146,1.1847053,0.037980225,0.020975055,0.18773587,0.234735,0.318702,0.75273603,0.75954485,1.045178,1.7485771,1.9650134,1.638461,1.5323652,1.2339697,1.3316737,1.1970302,1.1391891,1.327074,1.2502092,1.1393279,1.5380397,1.6308855,1.3062149,2.0786092,2.133624,0.99805665,0.9276719,0.7569446,0.63076943,0.34504938,0.039224695,344.53125,344.53125,545.5078,832.6172,0.13435292,462.39175,3.27969,108283.13,9.533913,212.2768,-0.068471484,0.48054528,0.27864626,33.481754,18.9508,-12.608162,-34.002445,-3.0141647,6.316953,-7.7606473,-11.56738,-24.691046,-0.95048666,0.78953743,8.786162,-9.59169,-5.424784,0 days 00:00:17.446616617,0 days 00:00:17.486616617
0 days 00:00:00.840000,0 days 00:00:00.880000,answer3,173.77397,0.80237967,0.0031905149,0.0012543035,0.115670145,18.66855,0.91095996,1.1535139,0.03879374,0.022108844,0.17830098,0.22510307,0.321431,0.75185466,0.7520247,1.0437392,1.6898117,1.73815,1.5981685,1.7308897,1.0694832,1.243328,1.1391618,1.0545796,1.279396,1.2149101,1.1385761,1.525549,1.5736557,1.2118415,1.9826549,2.051895,1.0376925,0.98927003,0.8021565,0.6477397,0.3591948,0.06833583,344.53125,344.53125,574.21875,933.10547,0.13247074,482.1482,3.1382701,111533.54,8.247137,180.90862,-0.069871455,0.49690273,0.29806012,33.974026,19.436028,-14.175555,-32.212147,-4.432135,8.690508,-9.410184,-17.863564,-29.575277,-3.848442,7.496029,12.446521,-8.042058,-11.350792,0 days 00:00:17.456616617,0 days 00:00:17.496616617
0 days 00:00:00.850000,0 days 00:00:00.890000,answer3,172.33879,0.790098,0.0034167152,0.0021216033,0.07998339,19.142973,0.88250905,1.0995494,0.038212866,0.02362056,0.16816103,0.21527155,0.32793215,0.753602,0.73745114,0.986345,1.5198694,1.4712944,1.6721163,1.9649271,0.9379012,1.1166846,1.0829043,1.0156082,1.2163358,1.1326092,1.1557916,1.4351712,1.4727782,1.1358136,1.7850293,1.8153338,1.0326643,1.0078847,0.79472476,0.6340791,0.3457407,0.09529773,344.53125,344.53125,617.28516,1033.5938,0.14246625,499.54623,3.0145504,117942.0,6.6421375,152.28583,-0.06823725,0.5096758,0.29925776,35.231716,17.93469,-13.523572,-30.521866,-0.32480335,10.293925,-9.048221,-22.464396,-35.58734,-7.5640655,13.134646,17.11205,-7.881391,-13.5192,0 days 00:00:17.466616617,0 days 00:00:17.506616617
0 days 00:00:00.860000,0 days 00:00:00.900000,answer3,172.20996,0.7602887,0.0048772465,0.0049970415,0.037785288,17.296377,0.856293,1.0450917,0.035145324,0.025699168,0.15976074,0.20488,0.33717456,0.7422053,0.7000912,0.87874645,1.3113915,1.2535619,1.7913918,2.1616485,0.8547186,1.0068065,1.044053,1.0063022,1.1461271,1.0449672,1.1672138,1.3290005,1.3794898,1.1279962,1.6024951,1.5762496,1.0139323,0.98253983,0.749376,0.6002695,0.292979,0.09277311,330.17578,344.53125,703.41797,1033.5938,0.14998686,520.2685,3.0808241,137030.05,6.5283456,137.38824,-0.05957958,0.52629113,0.25515285,34.22935,17.789131,-13.045577,-32.954815,3.918336,12.125851,-9.427815,-21.301025,-39.528843,-8.845948,10.838012,15.145642,-5.3827624,-11.076997,0 days 00:00:17.476616617,0 days 00:00:17.516616617
0 days 00:00:00.870000,0 days 00:00:00.910000,answer3,172.13141,0.7222161,0.005304192,0.0066382126,0.018596992,-21.680908,0.7895959,0.9950571,0.02940319,0.028155707,0.14873965,0.18830514,0.3380296,0.6894944,0.6316741,0.76797277,1.158514,1.158504,1.8214124,2.1775944,0.8403614,0.9519911,1.0123242,0.9828704,1.0818306,0.9785633,1.1275376,1.2101398,1.313126,1.2005626,1.5034003,1.446175,0.98503685,0.9204288,0.68026394,0.55663437,0.19448626,0.06570829,330.17578,430.66406,818.2617,1047.9492,0.2087576,570.2766,3.4927585,158094.73,7.232612,148.03032,-0.041663118,0.57046276,0.16563265,33.060165,15.876648,-16.329498,-36.336597,7.5665984,10.8846445,-8.804416,-16.25118,-37.708813,-7.209004,6.3793983,9.259753,-6.8061085,-7.9568596,0 days 00:00:17.486616617,0 days 00:00:17.526616617
0 days 00:00:00.880000,0 days 00:00:00.920000,answer3,0.0,0.69153756,0.0,0.0,0.0,-61.2674,0.73766583,0.96154636,0.023091936,0.029100528,0.13329081,0.1662112,0.32563594,0.5914169,0.5407001,0.71528935,1.1068498,1.1527891,1.6830381,1.9821795,0.89813596,0.9314497,1.003416,0.9693628,1.0070796,0.95707124,1.1196965,1.181489,1.2896279,1.3345891,1.469543,1.4017649,0.9850381,0.8701146,0.63955194,0.5448737,0.10998242,0.036250446,330.17578,502.4414,832.6172,1033.5938,0.22235017,605.60834,3.8512828,206625.8,8.38024,147.40694,-0.025311729,0.6028685,0.08583521,29.549255,13.937631,-16.733744,-37.13191,1.9055904,12.973412,-10.407089,-11.050487,-28.056715,-5.516928,0.4831389,3.592368,-11.676834,-11.932156,0 days 00:00:17.496616617,0 days 00:00:17.536616617
0 days 00:00:00.890000,0 days 00:00:00.930000,answer3,0.0,0.6838329,0.0,0.0,0.0,-100.0,0.6436674,0.92627007,0.01839442,0.029100528,0.11536684,0.14115615,0.29573527,0.4708681,0.45365426,0.7390767,1.0917628,1.1367185,1.4012308,1.6290971,0.9672138,0.921669,0.9961975,0.95589256,0.94546825,0.9624393,1.1684694,1.1960694,1.253318,1.4344912,1.417149,1.3478632,1.0095763,0.83871216,0.6302615,0.56356615,0.05922368,0.015601684,344.53125,574.21875,760.83984,976.1719,0.20739244,611.14496,4.0031843,227007.56,9.494472,159.83394,-0.0133132115,0.6106905,0.039543286,28.098427,12.976878,-16.02479,-34.680016,-3.4253778,11.018512,-8.609445,-7.94154,-18.427547,0.49162993,0.45882687,2.2925472,-13.750565,-11.618114,0 days 00:00:17.506616617,0 days 00:00:17.546616617
0 days 00:00:00.900000,0 days 00:00:00.940000,answer3,0.0,0.68589514,0.0,0.0,0.0,-100.0,0.5954562,0.884603,0.015620968,0.02834467,0.103831984,0.121076286,0.26647177,0.37941504,0.3888421,0.77851796,1.0591727,1.0587407,1.0936459,1.3061913,1.0222893,0.89704114,0.99330634,0.9742487,0.9225624,0.9779082,1.2591934,1.2328387,1.1681472,1.3908745,1.3014959,1.244809,1.0338032,0.8191724,0.6248905,0.5811916,0.056033224,0.00905896,330.17578,488.08594,660.35156,976.1719,0.1647842,565.519,3.7202053,220280.81,9.767697,166.25627,-0.01123295,0.57038933,0.0362349,28.264658,12.665574,-14.319026,-29.153015,-6.251812,10.192869,-7.083594,-12.128578,-14.592748,1.3154861,-0.68475884,3.9758081,-15.501279,-10.701642,0 days 00:00:17.516616617,0 days 00:00:17.556616617
0 days 00:00:00.910000,0 days 00:00:00.950000,answer3,0.0,0.68063855,0.0,0.0,0.0,-100.0,0.5096479,0.82563657,0.013511408,0.0287226,0.098650925,0.10449058,0.2478165,0.33693585,0.35208094,0.7546343,0.9760559,0.9384156,0.84013605,1.0662384,1.0154744,0.8494351,0.94951344,0.964482,0.9163242,0.9864542,1.2908236,1.2439625,1.0476767,1.2470807,1.1482171,1.1055235,1.0305686,0.7894621,0.60481995,0.5612772,0.04291606,0.0061024562,315.8203,416.3086,645.9961,890.03906,0.1490931,521.80347,3.5146973,186536.75,10.178397,188.7824,-0.008053425,0.5313538,0.02707459,28.728842,12.953954,-13.70963,-29.558115,-5.3641057,7.2190175,-7.660164,-17.016954,-16.552591,-0.7385003,1.0779036,0.8857339,-12.294608,-3.4616034,0 days 00:00:17.526616617,0 days 00:00:17.566616617
0 days 00:00:00.920000,0 days 00:00:00.960000,answer3,0.0,0.6738851,0.0,0.0,0.0,-100.0,0.43248817,0.74645203,0.009880717,0.03174603,0.09136301,0.08754303,0.23276888,0.31849846,0.31932208,0.6431747,0.8572132,0.8135643,0.67139953,0.91328365,0.9539431,0.8050788,0.9053609,0.9195604,0.89936894,0.94851017,1.1991981,1.158339,0.9224313,1.0511985,0.97084427,0.961008,0.98066133,0.7404277,0.5530763,0.49061432,0.027475825,0.0049169217,315.8203,445.01953,746.4844,961.8164,0.14119552,566.4747,3.6269662,251604.19,9.463738,168.54659,-0.005389349,0.5651335,0.017551133,27.028427,8.691445,-15.835575,-26.866594,-4.8275,4.568629,-8.892626,-18.25014,-15.015393,-9.787744,0.30464247,0.031768005,-10.750694,-2.1409729,0 days 00:00:17.536616617,0 days 00:00:17.576616617
0 days 00:00:00.930000,0 days 00:00:00.970000,answer3,0.0,0.6585054,0.0,0.0,0.0,-100.0,0.34493616,0.6663105,0.006643941,0.03628118,0.07795879,0.07015177,0.2045217,0.27753162,0.27331135,0.4974536,0.74930644,0.70301455,0.56009054,0.77838206,0.83200854,0.7566044,0.8670554,0.87380487,0.8601678,0.883255,1.0727888,1.0429357,0.8432946,0.9144117,0.82554317,0.8286504,0.9234791,0.6955788,0.50030893,0.41246256,0.010875828,0.0015501563,430.66406,559.8633,760.83984,947.46094,0.10166515,659.01215,3.594991,379710.1,9.372298,141.76978,-0.0023105429,0.64454126,0.0067025158,22.13862,5.4068227,-16.278002,-27.031683,-6.789169,5.84988,-0.8734474,-7.9250317,-8.146755,-12.306745,1.6068763,-1.1958004,-11.001142,-3.8415315,0 days 00:00:17.546616617,0 days 00:00:17.586616617
0 days 00:00:00.940000,0 days 00:00:00.980000,answer3,0.0,0.6491222,0.0,0.0,0.0,-100.0,0.28584632,0.59365314,0.0040747947,0.041572187,0.06381391,0.056883838,0.15951118,0.2074775,0.2199829,0.38720384,0.6470677,0.59548116,0.4904182,0.6433423,0.67585516,0.73039776,0.8623717,0.8340392,0.816578,0.8081344,0.95205003,0.89574766,0.7888053,0.8137788,0.71996474,0.714333,0.8763674,0.65777135,0.45995906,0.35764578,0.0019462534,0.00091611105,430.66406,660.35156,789.5508,1047.9492,0.07734527,732.94684,3.992356,606053.0,8.2256365,97.95795,-0.00073983433,0.70023686,0.0019362218,20.094025,4.5514235,-17.0996,-20.25634,-4.212622,7.2201405,7.118625,2.3386,-1.2829105,-8.262202,1.7925787,1.3147807,-8.5138855,-7.7953086,0 days 00:00:17.556616617,0 days 00:00:17.596616617
0 days 00:00:00.950000,0 days 00:00:00.990000,answer3,0.0,0.63744545,0.0,0.0,0.0,-100.0,0.23998772,0.5391026,0.0031476447,0.04724112,0.0558188,0.05294152,0.11823946,0.1384165,0.1715042,0.31826708,0.5587047,0.49004674,0.4329989,0.5180407,0.537653,0.7081379,0.87653583,0.8306282,0.78681976,0.7620122,0.8768472,0.7742602,0.7348761,0.72906,0.6656432,0.634532,0.8305139,0.6348621,0.4400632,0.3392435,0.0007447861,0.0004402836,401.95312,559.8633,717.77344,1047.9492,0.046167046,736.1657,4.0508633,955753.2,7.458736,76.26533,-0.00042825573,0.6887567,0.001135219,18.948503,5.990252,-13.756821,-13.178917,-3.117347,6.7931232,10.119634,5.3348937,-3.184335,-6.6998,-0.10627905,-1.4607283,-8.958053,-9.895447,0 days 00:00:17.566616617,0 days 00:00:17.606616617
0 days 00:00:00.960000,0 days 00:00:01,answer3,0.0,0.6383085,0.0,0.0,0.0,-100.0,0.21397108,0.4958613,0.0024756724,0.051587302,0.055380285,0.05809867,0.0970422,0.10319379,0.14637585,0.27687845,0.47986427,0.40715694,0.37639394,0.40766075,0.43668032,0.6690998,0.84286743,0.8023651,0.7728742,0.7616363,0.81334597,0.6790336,0.67079973,0.66429394,0.6484754,0.58944887,0.7626625,0.6107189,0.42806473,0.3319825,0.0007103985,0.00022044277,301.46484,545.5078,703.41797,947.46094,0.032940812,703.008,4.251538,1.1282535e+06,7.180652,68.94018,-0.00029010032,0.65390867,0.00070234155,19.969465,8.897208,-7.9979057,-11.5374975,-6.277415,4.6025176,9.769775,3.07885,-6.4655633,-5.0755544,-2.6568918,-6.244808,-5.3941994,-7.158233,0 days 00:00:17.576616617,0 days 00:00:17.616616617
0 days 00:00:00.960000,0 days 00:00:01.000997732,answer3,0.0,0.63790363,0.0,0.0,0.0,-100.0,0.1897372,0.46321318,0.0020459641,0.054421768,0.057439208,0.06726708,0.095935754,0.100025736,0.13874894,0.2342046,0.41068113,0.35018417,0.32471332,0.33152008,0.38670573,0.63359946,0.7919138,0.7621395,0.7694594,0.78773874,0.77250415,0.61330694,0.61122465,0.6128441,0.6222573,0.5624323,0.6836726,0.58751875,0.41134152,0.32416406,0.0004801564,0.00012554682,258.39844,459.375,703.41797,947.46094,0.028463097,707.95386,4.3154397,1.4471354e+06,6.514501,56.32071,-0.00018629998,0.64396346,0.00048254078,19.17668,8.569734,-4.9979873,-7.2219863,-6.700747,4.7322927,8.028192,-1.9963584,-8.526412,-9.584337,-5.7447305,-7.116365,-2.5664809,-0.96294147,0 days 00:00:17.576616617,0 days 00:00:17.617614349
0 days 00:00:00,0 days 00:00:00.040000,answer4,0.0,0.6587123,0.0,0.0,0.0,-100.0,0.18122165,0.98834115,0.002341218,0.052532125,0.12921618,0.27204838,0.41952792,0.5544473,0.66972893,0.76589614,0.84702843,0.9178292,0.9822495,1.0430994,1.1020993,1.1600702,1.2171308,1.2728368,1.3262117,1.3755809,1.4180565,1.4484811,1.4578775,1.432704,1.3587462,1.2323397,1.069155,0.8959276,0.7342484,0.5943311,0.0009867353,7.736237e-05,186.6211,344.53125,416.3086,717.77344,0.008036566,502.6923,3.814555,1.001598e+06,8.366208,89.35065,-0.0002450341,0.47465122,0.0005685004,22.104773,12.412892,0.95743614,-2.0776312,-2.088968,-8.822583,-5.3706937,-0.7882023,-7.015129,-5.584205,8.103135,0.57309407,5.9919333,1.5610443,0 days 00:00:26.226226226,0 days 00:00:26.266226226
0 days 00:00:00.010000,0 days 00:00:00.050000,answer4,0.0,0.66529423,0.0,0.0,0.0,-100.0,0.19474073,0.98834115,0.0023583681,0.050075587,0.12921618,0.27204838,0.41952792,0.5544473,0.66972893,0.76589614,0.84702843,0.9178292,0.9822495,1.0430994,1.1020993,1.1600702,1.2171308,1.2728368,1.3262117,1.3755809,1.4180565,1.4484811,1.4578775,1.432704,1.3587462,1.2323397,1.069155,0.8959276,0.7342484,0.5943311,0.0010194556,0.00011595814,200.97656,344.53125,416.3086,818.2617,0.013567872,527.1455,3.8865528,1.0727839e+06,7.4031277,71.661385,-0.00026456104,0.48733878,0.00057259185,20.230358,10.399202,1.3544874,2.8024464,-4.2402644,-9.324706,-5.732946,-9.193883,-10.447902,-4.660106,6.9842644,-1.5482496,3.8071785,-0.058654625,0 days 00:00:26.236226226,0 days 00:00:26.276226226
0 days 00:00:00.020000,0 days 00:00:00.060000,answer4,0.0,0.6732218,0.0,0.0,0.0,-100.0,0.19548428,0.98834115,0.0025893098,0.043650795,0.12921618,0.27204838,0.41952792,0.5544473,0.66972893,0.76589614,0.84702843,0.9178292,0.9822495,1.0430994,1.1020993,1.1600702,1.2171308,1.2728368,1.3262117,1.3755809,1.4180565,1.4484811,1.4578775,1.432704,1.3587462,1.2323397,1.069155,0.8959276,0.7342484,0.5943311,0.001074521,0.00012533956,244.04297,330.17578,401.95312,760.83984,0.023510208,543.8017,3.796428,1.1885791e+06,6.627005,56.273163,-0.00025781957,0.49512377,0.00054482144,17.96116,9.12046,4.1508255,7.276787,-6.5895424,-7.827685,-8.974378,-17.799715,-14.576617,-6.6939106,3.2688885,0.025434176,2.447812,3.677458,0 days 00:00:26.246226226,0 days 00:00:26.286226226
0 days 00:00:00.030000,0 days 00:00:00.070000,answer4,0.0,0.69541186,0.0,0.0,0.0,-63.90994,0.20883584,0.98834115,0.0039414433,0.033068784,0.12921618,0.27204838,0.41952792,0.5544473,0.66972893,0.76589614,0.84702843,0.9178292,0.9822495,1.0430994,1.1020993,1.1600702,1.2171308,1.2728368,1.3262117,1.3755809,1.4180565,1.4484811,1.4578775,1.432704,1.3587462,1.2323397,1.069155,0.8959276,0.7342484,0.5943311,0.004423193,0.00014808254,272.7539,358.88672,387.59766,631.6406,0.040547553,500.42502,3.1539695,895878.75,9.682029,138.08496,-0.00069431885,0.47542349,0.0024995944,19.79672,9.088452,1.7596378,5.69866,-5.9192834,-11.07296,-20.602728,-15.252431,-16.674309,-11.076917,1.6187512,-1.3854071,3.9297447,10.512933,0 days 00:00:26.256226226,0 days 00:00:26.296226226
0 days 00:00:00.040000,0 days 00:00:00.080000,answer4,103.012184,0.7039116,0.0,0.0,0.3705129,-27.445555,0.24550672,1.0063511,0.006277667,0.022675738,0.12791507,0.27143466,0.4534823,0.63964003,0.70260316,0.78032595,0.9237873,0.94957685,0.98995066,1.066024,1.2075235,1.2638482,1.2634994,1.246833,1.2916654,1.3389286,1.3997597,1.4398056,1.5262966,1.4809628,1.364851,1.204957,1.0267669,0.86822253,0.72643423,0.61003065,0.013461831,0.0003706433,301.46484,344.53125,358.88672,430.66406,0.060275342,433.2803,2.5977898,552646.44,13.55396,276.8735,-0.0019782877,0.43344477,0.0046667615,23.169806,9.568604,0.3759621,2.061239,-4.607327,-12.408703,-33.852386,-15.5626,-17.923439,-10.8172035,-6.4235115,-8.664647,4.304939,16.547997,0 days 00:00:26.266226226,0 days 00:00:26.306226226
0 days 00:00:00.050000,0 days 00:00:00.090000,answer4,102.499176,0.7116588,0.036532577,0.0,0.25670448,10.531772,0.29939735,1.0612124,0.0085217105,0.017573697,0.13323899,0.28033352,0.5546911,0.84439754,0.78468037,0.84091765,1.1452358,1.0435733,1.0011536,1.1625805,1.4629711,1.4714499,1.4037629,1.2103757,1.2374959,1.3040595,1.3740549,1.4207435,1.6391306,1.5573378,1.4171343,1.1873631,0.955769,0.81929225,0.7117323,0.6280472,0.024687504,0.0005898965,301.46484,330.17578,344.53125,387.59766,0.0663277,366.759,2.2352808,155867.36,18.68995,507.02795,-0.003604807,0.38982153,0.01084853,28.236124,9.342847,-2.5761132,0.56008047,-1.8148721,-17.265528,-40.041683,-13.674506,-18.011927,-7.146972,-11.368703,-15.024577,3.508259,14.719996,0 days 00:00:26.276226226,0 days 00:00:26.316226226
0 days 00:00:00.060000,0 days 00:00:00.100000,answer4,101.73702,0.69927645,0.036532577,0.008131554,0.01899617,-25.55829,0.32109126,1.160567,0.009268448,0.017573697,0.14562629,0.2944171,0.73163587,1.1242986,0.8988628,0.9936698,1.5583873,1.2118795,1.0290526,1.3745508,1.9138976,1.7831615,1.6323037,1.181542,1.1792779,1.3076525,1.3752095,1.3968595,1.71318,1.6386636,1.5168275,1.209659,0.87052035,0.75571185,0.6995335,0.6383633,0.02969678,0.00075078825,301.46484,315.8203,344.53125,373.2422,0.059989985,357.6183,2.2567875,117413.26,20.096443,592.7657,-0.004323175,0.38145745,0.014267981,30.442429,7.4732914,-3.8986607,-0.8076635,-1.7925893,-15.922952,-39.433266,-16.365723,-15.588191,0.32667446,-19.854553,-17.162333,1.7271248,11.04016,0 days 00:00:26.286226226,0 days 00:00:26.326226226
0 days 00:00:00.070000,0 days 00:00:00.110000,answer4,0.0,0.68535614,0.0,0.0,0.0,-62.022675,0.31199756,1.2499248,0.0085679,0.01814059,0.15545969,0.3019287,0.87990373,1.2734979,0.9682905,1.1979336,1.991683,1.3301797,1.0545285,1.5933938,2.2086399,2.0081701,1.8393393,1.1928464,1.1470932,1.3655663,1.4378347,1.4034048,1.6791711,1.6808357,1.6337799,1.318286,0.8159148,0.70571524,0.6977415,0.6169099,0.023983879,0.0005991129,301.46484,301.46484,358.88672,445.01953,0.0600349,373.52124,2.504452,168322.45,18.575834,520.3967,-0.003501373,0.39360896,0.012896595,29.326925,6.682962,-3.9418554,-4.61661,-2.9157808,-21.291964,-34.90555,-12.010311,-14.1041155,-0.33869854,-20.351957,-14.4752245,-0.1627479,4.3408017,0 days 00:00:26.296226226,0 days 00:00:26.336226226
0 days 00:00:00.080000,0 days 00:00:00.120000,answer4,0.0,0.6731259,0.0,0.0,0.0,-100.0,0.31113636,1.2936506,0.0086183045,0.017195767,0.1582895,0.30413377,0.94114757,1.2510554,0.9814202,1.4153947,2.3223238,1.346232,1.0902171,1.6728462,2.1594086,2.0505178,2.0009568,1.2292938,1.1311249,1.3899759,1.5165101,1.4468588,1.5990747,1.6715518,1.7207605,1.4750801,0.79265475,0.67901415,0.7054198,0.5836541,0.020646637,0.00048459732,287.10938,301.46484,358.88672,459.375,0.069629036,374.56558,2.765496,178857.89,17.334976,439.78513,-0.0031808366,0.39344916,0.008252519,29.110262,8.540107,-2.342927,-7.2541213,-6.21908,-22.416334,-32.746487,-6.6921945,-10.315274,-3.4906952,-23.709106,-10.8065405,-1.5218954,-1.3007835,0 days 00:00:26.306226226,0 days 00:00:26.346226226
0 days 00:00:00.090000,0 days 00:00:00.130000,answer4,0.0,0.68474483,0.0,0.0,0.0,-100.0,0.32946324,1.2952529,0.010002609,0.014928195,0.15756854,0.33384347,0.91944647,1.1367741,0.96882755,1.5570116,2.4350061,1.2389835,1.1351784,1.5957508,1.8364269,1.9604474,2.074135,1.2767825,1.1284323,1.3822416,1.6149782,1.5635687,1.5884801,1.6353068,1.7560883,1.6307702,0.7883304,0.6770609,0.71981865,0.5653186,0.024458876,0.00048519738,258.39844,301.46484,344.53125,459.375,0.08885288,353.00195,2.9630024,158607.1,17.919455,490.06534,-0.004657348,0.37144056,0.011166159,29.969116,10.378127,2.6465557,-3.2110264,-5.9902225,-20.107584,-32.986736,-6.0469394,-9.02424,-5.1027837,-22.738691,-6.2507687,-4.380409,-6.640476,0 days 00:00:26.316226226,0 days 00:00:26.356226226
0 days 00:00:00.100000,0 days 00:00:00.140000,answer4,0.0,0.7064142,0.0,0.0,0.0,-65.50027,0.34069762,1.289152,0.011955815,0.01266062,0.1785685,0.45105132,0.8967344,1.0568205,0.99359196,1.6188956,2.3723094,1.1036204,1.2086297,1.4765091,1.5008482,1.8006109,2.0934396,1.3614298,1.1479294,1.3909907,1.7137513,1.7418927,1.6497831,1.5376071,1.7349666,1.694183,0.7942675,0.69898695,0.72569036,0.57484514,0.02633348,0.0004788132,215.33203,258.39844,301.46484,373.2422,0.09808999,292.63745,2.8066196,87633.29,22.123802,746.61395,-0.006696615,0.31230864,0.014613755,33.140923,13.571431,8.89491,4.3676043,-5.8789067,-10.247864,-26.497871,-7.6670513,-6.5375214,-3.8426812,-20.426401,0.38104424,-7.881119,-8.91244,0 days 00:00:26.326226226,0 days 00:00:26.366226226
0 days 00:00:00.110000,0 days 00:00:00.150000,answer4,183.15253,0.73525363,0.0,0.0,0.0,-29.548437,0.3468025,1.285954,0.014354323,0.010204081,0.23528297,0.6610024,0.9080017,1.0459582,1.0459807,1.5833191,2.168148,1.0016506,1.2925019,1.4142146,1.3211508,1.6638476,1.9874164,1.4559106,1.1924821,1.487185,1.8212863,1.9398003,1.700718,1.40387,1.6244665,1.6174378,0.79347277,0.72721934,0.7374583,0.60502285,0.029758548,0.00042650127,186.6211,229.6875,301.46484,358.88672,0.10361934,258.3027,2.5859017,58740.74,25.296503,1010.95966,-0.009533584,0.2775084,0.024279336,34.506702,15.918182,12.391076,10.071013,-7.5615983,-3.714348,-23.582296,-10.099494,-8.068797,-4.227802,-13.35366,0.104675114,-5.7244644,-7.412439,0 days 00:00:26.336226226,0 days 00:00:26.376226226
0 days 00:00:00.120000,0 days 00:00:00.160000,answer4,183.36348,0.75945276,0.0,0.0,0.06784794,7.478722,0.3509598,1.2687544,0.017741151,0.009259259,0.31241715,0.898607,0.9343743,1.0587646,1.1285859,1.5080622,1.8962426,0.9432314,1.3226403,1.3758963,1.1717246,1.4864111,1.794642,1.5506105,1.2440624,1.6451354,1.8996075,2.0149534,1.6770977,1.290402,1.4676094,1.4290652,0.804071,0.76061743,0.7476251,0.6251578,0.034054298,0.00027624262,172.26562,186.6211,272.7539,373.2422,0.11132374,238.80144,2.4260714,43078.875,30.463614,1641.5004,-0.014759037,0.25742865,0.035107445,36.083202,19.987011,15.94238,11.819709,-12.817482,-4.5351386,-18.143938,-8.883118,-8.371133,-5.3342223,-7.5113006,0.15054365,-1.2908973,-9.315171,0 days 00:00:26.346226226,0 days 00:00:26.386226226
0 days 00:00:00.130000,0 days 00:00:00.170000,answer4,183.8816,0.7704761,0.035590447,0.0,0.09127607,11.210117,0.39178503,1.2551736,0.022265568,0.008692366,0.38435444,1.088576,0.9710886,1.1048608,1.2648921,1.4358467,1.6114464,0.95372564,1.2702528,1.2803354,1.051986,1.3187804,1.6194941,1.6096627,1.3338934,1.8542484,2.0298154,1.9941033,1.6201582,1.2383442,1.31608,1.2346547,0.8446209,0.790792,0.7782121,0.6342903,0.05829509,0.00035038567,172.26562,200.97656,301.46484,387.59766,0.11113742,241.1479,2.3610451,31231.56,29.730171,1697.7943,-0.02373161,0.26113927,0.059053343,36.204712,20.754644,21.193151,16.023157,-18.527054,-6.47031,-19.352541,-14.118062,-8.715949,-5.642897,-8.241374,0.5808734,4.330048,-3.928087,0 days 00:00:26.356226226,0 days 00:00:26.396226226
0 days 00:00:00.140000,0 days 00:00:00.180000,answer4,184.50972,0.77640265,0.025686549,0.012450378,0.12796442,14.694135,0.43972766,1.284531,0.025878198,0.008314437,0.4240694,1.1995194,1.0205431,1.1781832,1.4568287,1.4069991,1.358664,0.97654134,1.1801057,1.1650467,0.9866851,1.2046119,1.5385323,1.7004782,1.5041891,2.2065735,2.3543313,2.0074604,1.6550851,1.2677207,1.2525069,1.140047,0.9294116,0.82908493,0.81957126,0.6350134,0.076438874,0.00061092374,172.26562,200.97656,301.46484,387.59766,0.0961805,239.35423,2.2881272,31462.518,28.780596,1695.6818,-0.0322554,0.25848737,0.0789722,35.443134,19.126604,28.213669,17.019999,-22.33877,-6.7512765,-17.53298,-22.113174,-8.521851,-2.7125118,-6.890205,2.606403,2.3342764,-4.7822003,0 days 00:00:26.366226226,0 days 00:00:26.406226226
0 days 00:00:00.150000,0 days 00:00:00.190000,answer4,185.26213,0.77849895,0.012913529,0.009099082,0.115365215,17.368248,0.47468147,1.3619026,0.027649952,0.008314437,0.43677685,1.2475445,1.0762372,1.2606739,1.6531936,1.4242873,1.1774931,0.99128896,1.1231215,1.0822244,1.0087727,1.1471182,1.5720472,1.8814973,1.7412704,2.6190026,2.8765996,2.170996,1.7981964,1.3344034,1.2445792,1.1439748,1.032928,0.8633566,0.8550058,0.64687634,0.09726977,0.0007324959,172.26562,215.33203,344.53125,387.59766,0.07478578,246.3864,2.3162444,31626.521,24.895844,1329.464,-0.037883934,0.2662117,0.09687754,35.079403,17.38582,29.869535,18.313463,-25.175684,-5.7428775,-20.633623,-22.922892,-8.930954,-4.291037,-3.81582,5.739258,-0.18603785,-5.2731757,0 days 00:00:26.376226226,0 days 00:00:26.416226226
0 days 00:00:00.160000,0 days 00:00:00.200000,answer4,186.17165,0.7845807,0.007279514,0.002107395,0.08881047,19.554316,0.49735343,1.4605395,0.028672822,0.008314437,0.42862406,1.2378792,1.1091162,1.3237438,1.7821928,1.4885327,1.124257,0.996552,1.140189,1.1127411,1.1002427,1.1416248,1.6414771,2.1539862,1.9626116,2.9085312,3.3872616,2.4111397,1.9987864,1.4500157,1.2895311,1.2095662,1.1156744,0.8971136,0.89189464,0.6707429,0.106362246,0.00077513483,172.26562,215.33203,344.53125,387.59766,0.05523288,249.2404,2.3209739,33674.5,27.526436,1616.9653,-0.040749226,0.26933014,0.10595018,35.68596,17.563684,27.361929,14.369637,-24.568335,-6.75147,-20.244385,-18.341686,-9.927902,-3.8505423,-0.8183852,5.3475404,-3.1343966,-11.708454,0 days 00:00:26.386226226,0 days 00:00:26.426226226
0 days 00:00:00.170000,0 days 00:00:00.210000,answer4,186.66997,0.7887818,0.011318855,0.0037906345,0.06536609,20.73155,0.5147354,1.5210286,0.029812664,0.008503402,0.4066063,1.1796571,1.1008593,1.3354832,1.8466567,1.6228186,1.2185928,1.0191783,1.1899707,1.2533327,1.1926926,1.1428413,1.7016672,2.407385,2.0326078,2.8634903,3.574661,2.4872458,2.082934,1.5953418,1.3619485,1.2515378,1.147684,0.9277551,0.91766167,0.6861353,0.13244112,0.0006950462,172.26562,215.33203,358.88672,387.59766,0.06934921,259.2068,2.4097092,29137.47,27.113958,1631.6896,-0.044510495,0.28129545,0.11981472,37.441048,17.897608,22.439865,12.285764,-23.299103,-9.746416,-22.237486,-14.688427,-9.781869,-2.7256765,0.11410805,2.6315014,-2.2973814,-15.133426,0 days 00:00:26.396226226,0 days 00:00:26.436226226
0 days 00:00:00.180000,0 days 00:00:00.220000,answer4,186.99312,0.7898473,0.01509022,0.0047408747,0.100820184,20.769623,0.5307289,1.5334144,0.031023124,0.0088813305,0.37705722,1.0928844,1.0602099,1.3222121,1.8656155,1.7898456,1.404429,1.0947247,1.2188491,1.4311213,1.2917924,1.1795014,1.758638,2.58086,1.988872,2.5740852,3.4097364,2.35865,1.9876356,1.6982727,1.4424753,1.26313,1.1333985,0.93756133,0.9327572,0.67446035,0.13949631,0.0008272161,172.26562,215.33203,358.88672,387.59766,0.071701474,263.84836,2.4517128,29857.908,26.376925,1609.6642,-0.04527827,0.28626814,0.12350782,38.9159,16.105206,20.266611,11.075252,-22.051811,-14.324188,-19.320257,-14.091165,-8.370496,0.4741449,-1.700581,0.018552026,-3.5341692,-17.4188,0 days 00:00:26.406226226,0 days 00:00:26.446226226
0 days 00:00:00.190000,0 days 00:00:00.230000,answer4,186.59535,0.7883664,0.01831069,0.0069718566,0.09953316,20.968079,0.5360911,1.506195,0.032219943,0.009259259,0.347055,1.0065409,1.0158831,1.2967684,1.8566812,1.9446923,1.6121458,1.167823,1.1913782,1.5917072,1.4051899,1.2450428,1.7899618,2.6245372,1.8876432,2.2509563,2.9914684,2.0747623,1.7814779,1.7229272,1.5199152,1.2551589,1.0905246,0.9432902,0.91168135,0.6358561,0.16003767,0.0008430516,172.26562,215.33203,373.2422,387.59766,0.08575133,269.55188,2.490864,25980.11,23.830221,1476.7535,-0.048730373,0.29305658,0.13480334,40.461437,16.67356,17.082453,12.004829,-19.802704,-19.23781,-22.289917,-11.758006,-7.7713246,2.1849582,0.5414317,-4.825439,-5.3831077,-17.078207,0 days 00:00:26.416226226,0 days 00:00:26.456226226
0 days 00:00:00.200000,0 days 00:00:00.240000,answer4,185.9765,0.78505,0.014856632,0.007780599,0.105943255,20.942194,0.53390586,1.4582338,0.03339415,0.009637188,0.32184955,0.93128985,0.97439766,1.2692518,1.812108,2.0114708,1.752788,1.2029616,1.1242357,1.6707145,1.5544639,1.3192486,1.8061374,2.6063926,1.8146993,1.9942981,2.544936,1.7552906,1.5514582,1.6513834,1.5364412,1.2534443,1.0482907,0.9474299,0.8613057,0.5977923,0.16088986,0.0008679307,172.26562,215.33203,358.88672,387.59766,0.0724638,266.2062,2.4548044,23905.494,23.060907,1443.3195,-0.050412316,0.28951088,0.13831978,41.514435,17.377342,14.101829,14.324016,-17.417048,-23.820219,-19.944956,-11.3229265,-8.297435,4.9732637,-0.25516686,-6.5746446,-8.089255,-16.230972,0 days 00:00:26.426226226,0 days 00:00:26.466226226
0 days 00:00:00.210000,0 days 00:00:00.250000,answer4,185.29375,0.78522307,0.011056061,0.007488596,0.06493508,22.097673,0.5348597,1.4035445,0.033965547,0.009448224,0.30372724,0.87021023,0.9386981,1.2394274,1.7384443,1.9956231,1.811108,1.1712077,1.0761689,1.6778075,1.6509181,1.3527045,1.7668599,2.5225422,1.7318281,1.8126497,2.1569035,1.479834,1.4069275,1.5604029,1.5437022,1.275867,1.0366837,0.9746868,0.81118506,0.5860397,0.17860083,0.0007463428,172.26562,215.33203,373.2422,387.59766,0.06145179,268.1036,2.46558,23194.24,25.881067,1777.4056,-0.0540603,0.29205093,0.14822598,41.105324,20.236673,12.838337,13.353469,-16.108896,-24.302706,-20.503721,-12.1035795,-9.907725,5.583013,1.4240505,-6.1233783,-7.057863,-16.219742,0 days 00:00:26.436226226,0 days 00:00:26.476226226
0 days 00:00:00.220000,0 days 00:00:00.260000,answer4,184.92279,0.786561,0.0065825093,0.0065157455,0.056911957,22.88401,0.5206607,1.3388065,0.03324454,0.0088813305,0.29146874,0.8178875,0.90235,1.2078829,1.6556209,1.918664,1.7725945,1.099037,1.0695502,1.6305985,1.5962814,1.3055314,1.662047,2.3576539,1.6197673,1.7043481,1.916194,1.252132,1.3074598,1.464343,1.5303974,1.3006886,1.0523481,1.0029277,0.782702,0.5884913,0.17387597,0.00062480144,172.26562,215.33203,358.88672,387.59766,0.04599924,266.04886,2.4517334,22008.412,24.981995,1720.3754,-0.053163826,0.2899461,0.14474171,41.284748,21.691254,14.577533,12.643123,-19.130842,-23.726791,-13.760747,-16.1389,-11.891701,6.724819,0.9532873,-2.9741142,-3.8107023,-18.815538,0 days 00:00:26.446226226,0 days 00:00:26.486226226
0 days 00:00:00.230000,0 days 00:00:00.270000,answer4,184.69444,0.7870968,0.0046183914,0.004199726,0.048480418,23.664755,0.5121052,1.283555,0.031854276,0.008503402,0.28321406,0.76863533,0.8601696,1.1632345,1.5608343,1.8117517,1.6605071,1.0347223,1.1249112,1.5447855,1.4106833,1.1985521,1.537068,2.1574929,1.4969902,1.6897637,1.8258673,1.1610099,1.2792869,1.4084257,1.5409718,1.3449665,1.111681,1.0185188,0.7895573,0.5888298,0.16532014,0.000490072,172.26562,215.33203,358.88672,387.59766,0.043718096,263.9601,2.4554536,23201.693,28.530981,2138.3552,-0.05140546,0.2876455,0.13950352,39.965027,23.45958,16.121752,9.855614,-18.600176,-21.077309,-12.79084,-15.782196,-12.166341,2.0367358,2.141308,1.1146917,-1.5509604,-19.09493,0 days 00:00:26.456226226,0 days 00:00:26.496226226
0 days 00:00:00.240000,0 days 00:00:00.280000,answer4,184.57597,0.7865427,0.005274862,0.0042265826,0.06377086,23.852724,0.48671564,1.2275773,0.030637955,0.008314437,0.27515054,0.71935827,0.8129924,1.1011044,1.4531661,1.670936,1.5007707,0.98725814,1.186892,1.4669267,1.2008007,1.0945257,1.4194998,1.9350324,1.383327,1.6868984,1.7362422,1.1476996,1.3043671,1.3811239,1.5431072,1.3599491,1.1472064,1.0096258,0.81155926,0.58149284,0.13780785,0.00046307282,172.26562,215.33203,344.53125,387.59766,0.058122616,255.40472,2.4075599,21692.71,27.207815,1929.5829,-0.046531852,0.27813298,0.1230027,40.268932,23.648468,14.954152,11.276413,-15.345595,-19.286678,-14.53704,-14.482216,-14.273419,1.6957369,3.7495906,0.18469822,-2.2140062,-17.103159,0 days 00:00:26.466226226,0 days 00:00:26.506226226
0 days 00:00:00.250000,0 days 00:00:00.290000,answer4,184.37425,0.7860145,0.011270615,0.0064830487,0.07580622,23.843475,0.4762428,1.1761607,0.030080887,0.008503402,0.2653778,0.6711944,0.7654271,1.0201997,1.3267292,1.5185055,1.3367186,0.9715908,1.2370715,1.4181463,1.1225909,1.0623608,1.3541673,1.7753509,1.296461,1.6099372,1.5834049,1.1703523,1.3306867,1.3665324,1.5177652,1.3368458,1.1546534,0.9768204,0.8162957,0.57499206,0.11908006,0.00050748885,172.26562,215.33203,344.53125,387.59766,0.06143397,250.73003,2.382711,22235.764,29.910242,2239.0793,-0.042918827,0.27278867,0.11185091,40.59327,22.835602,11.705735,12.317223,-9.482672,-18.11029,-19.793278,-13.053658,-13.252679,0.12783472,4.237334,0.3654586,-4.8306756,-14.287048,0 days 00:00:26.476226226,0 days 00:00:26.516226226
0 days 00:00:00.260000,0 days 00:00:00.300000,answer4,184.29314,0.7834783,0.0140686305,0.008341066,0.06753294,23.557634,0.44695306,1.1189188,0.029768629,0.008503402,0.25405428,0.62799436,0.7254135,0.93536645,1.1982011,1.3669438,1.1882085,0.9656742,1.245557,1.3889474,1.1773285,1.1093287,1.2835042,1.6360165,1.2207146,1.444811,1.3465341,1.1723794,1.329205,1.3460032,1.4541631,1.263957,1.1201309,0.9280502,0.79017204,0.5732307,0.10021601,0.0004516835,172.26562,200.97656,301.46484,387.59766,0.06469052,242.24416,2.3106377,18644.166,28.265448,2106.9277,-0.040095966,0.26352617,0.1013453,42.071274,23.163519,10.673051,14.107526,-6.9207826,-17.27812,-21.144697,-13.929112,-13.592477,2.2059596,4.518595,-2.8493102,-6.7098885,-11.050931,0 days 00:00:26.486226226,0 days 00:00:26.526226226
0 days 00:00:00.270000,0 days 00:00:00.310000,answer4,184.04169,0.78250027,0.012712779,0.009420623,0.05048111,23.688416,0.43460417,1.0564905,0.029483976,0.008314437,0.24160142,0.59246904,0.69721633,0.8587742,1.087242,1.2491049,1.0750308,0.9575031,1.2099422,1.3257259,1.2447816,1.1621219,1.1909328,1.4976158,1.160853,1.2486076,1.1690782,1.1531303,1.2763001,1.29945,1.3568543,1.1822621,1.0661765,0.8690098,0.73209053,0.56487995,0.09429396,0.00033498046,172.26562,200.97656,258.39844,387.59766,0.045446057,237.84814,2.2736795,18116.498,33.605827,2843.2532,-0.040210128,0.25868344,0.09882196,41.990543,24.784636,12.447946,11.670451,-7.4718423,-16.405146,-21.112793,-13.508389,-11.007937,-0.40890893,0.9334307,-0.7466736,-7.9090996,-10.790863,0 days 00:00:26.496226226,0 days 00:00:26.536226226
0 days 00:00:00.280000,0 days 00:00:00.320000,answer4,183.58891,0.78094727,0.006303888,0.006343221,0.032190505,23.140854,0.42221054,1.0039717,0.028618155,0.008125473,0.23167457,0.56503916,0.6788282,0.7968564,1.002024,1.1519384,0.98735404,0.9645416,1.1846315,1.2188603,1.2457924,1.1466852,1.098273,1.3690833,1.1090374,1.0960001,1.1010963,1.1643075,1.21879,1.2706751,1.2506638,1.1272327,1.0310078,0.8377928,0.6984797,0.55660087,0.08443293,0.00024747566,172.26562,186.6211,215.33203,387.59766,0.040516842,230.71117,2.220235,17844.443,35.69322,2928.287,-0.039799422,0.25072291,0.09457775,41.446262,26.414454,12.446576,12.383388,-9.172665,-11.664369,-18.50492,-14.266796,-12.136627,-5.4917793,1.712697,0.6872874,-4.8603616,-11.877975,0 days 00:00:26.506226226,0 days 00:00:26.546226226
0 days 00:00:00.290000,0 days 00:00:00.330000,answer4,182.58038,0.774062,0.007229311,0.00505932,0.036852896,22.875147,0.40847775,0.9640708,0.027028454,0.008503402,0.22316529,0.5392106,0.6581081,0.7461056,0.92875546,1.0628021,0.9206899,0.94843346,1.1493253,1.0881509,1.136793,1.0780009,1.0531601,1.2591807,1.061531,1.003378,1.1488041,1.1982263,1.1995783,1.2602983,1.1753485,1.1016465,1.0161391,0.84618455,0.70483255,0.5579912,0.073724054,0.00021660204,172.26562,186.6211,215.33203,387.59766,0.053544257,228.9893,2.192543,21298.258,40.19153,3262.2588,-0.035656214,0.24860577,0.08586186,39.4339,27.267883,14.253421,13.495991,-10.38695,-11.651305,-20.437162,-12.534114,-8.072533,-8.716864,-1.0166768,3.486806,-1.6149322,-15.103081,0 days 00:00:26.516226226,0 days 00:00:26.556226226
0 days 00:00:00.300000,0 days 00:00:00.340000,answer4,179.91998,0.75624186,0.008363745,0.0038204025,0.056556996,22.4555,0.40192938,0.95115423,0.025850045,0.0088813305,0.21736002,0.5135519,0.6326267,0.6999628,0.8578381,0.9582727,0.8625285,0.94382906,1.1429828,0.97079605,1.0176612,1.0779783,1.1342174,1.2145363,1.0281016,0.96666974,1.2501239,1.276056,1.2098069,1.2729214,1.144673,1.0867763,1.026924,0.8966505,0.7498822,0.5772834,0.0610327,0.00035043093,172.26562,172.26562,215.33203,373.2422,0.07006488,222.22282,2.1445699,21327.338,37.277218,2771.882,-0.03340867,0.24070315,0.0794377,38.87849,25.242157,13.4483595,19.387384,-8.05616,-11.087254,-21.078142,-9.682744,-4.7230964,-14.427897,-6.8396893,3.7335863,5.787044,-13.043126,0 days 00:00:26.526226226,0 days 00:00:26.566226226
0 days 00:00:00.310000,0 days 00:00:00.350000,answer4,176.83397,0.73977,0.013872109,0.0050925636,0.06204885,21.32958,0.395678,0.9575601,0.025117345,0.00925926,0.21369584,0.48633984,0.5982893,0.645859,0.7824888,0.8456487,0.81064683,0.93067247,1.1193503,0.868643,0.9502342,1.2507963,1.3405272,1.2008375,1.0295886,0.9815294,1.3478991,1.3797675,1.2257051,1.2731014,1.1619507,1.0740728,1.0385894,0.94895273,0.7885106,0.602865,0.04533501,0.00053816574,172.26562,172.26562,215.33203,358.88672,0.08909458,216.22221,2.084568,25170.732,35.1219,2389.586,-0.0293871,0.23319937,0.07032172,37.543453,22.47284,15.264119,22.601385,-5.115024,-13.088122,-23.700422,-6.1333103,2.8668702,-12.982583,-15.916478,3.2803442,8.338716,-9.792775,0 days 00:00:26.536226226,0 days 00:00:26.576226226
0 days 00:00:00.320000,0 days 00:00:00.360000,answer4,168.58403,0.7160375,0.020718433,0.007514673,0.070126235,19.328682,0.40419087,0.9835307,0.024360219,0.009259259,0.21127601,0.46090803,0.5630473,0.5830396,0.72969645,0.770935,0.7834298,0.9340436,1.0743642,0.7846083,0.94876784,1.5946503,1.6339312,1.1858126,1.0794164,1.0328414,1.4346724,1.5367028,1.2368811,1.276275,1.2168504,1.0870618,1.0427345,0.9665888,0.77978444,0.6234775,0.038493346,0.00070458953,172.26562,172.26562,215.33203,373.2422,0.08348011,215.25447,2.1020088,29293.412,30.730486,1855.1224,-0.027926477,0.23125146,0.06485656,37.68205,19.660757,15.709439,22.776335,-4.640657,-13.521981,-23.81463,-2.831607,7.7931724,-9.183504,-20.726175,3.2729237,9.417133,-7.482179,0 days 00:00:26.546226226,0 days 00:00:26.586226226
0 days 00:00:00.330000,0 days 00:00:00.370000,answer4,161.51035,0.71539307,0.04975264,0.024186395,0.10227361,16.098248,0.40863368,1.0210179,0.022546137,0.009448224,0.21004641,0.43661058,0.5260187,0.51120454,0.7201248,0.775343,0.7793946,0.95819736,1.036328,0.7487164,0.9823521,1.9409369,1.8968086,1.1395411,1.1760503,1.1538831,1.5218893,1.7224194,1.2501326,1.2866443,1.2796106,1.136345,1.0367553,0.940176,0.73749894,0.64343566,0.034068663,0.00072565424,172.26562,172.26562,215.33203,401.95312,0.080977775,223.2481,2.169141,38189.55,26.835974,1354.0859,-0.02391163,0.23917186,0.05637006,37.0637,18.207808,16.87168,19.418184,-8.166027,-12.008307,-21.909323,-2.3859937,10.794117,1.8380779,-20.272705,5.6496053,7.171459,-9.175302,0 days 00:00:26.556226226,0 days 00:00:26.596226226
0 days 00:00:00.340000,0 days 00:00:00.380000,answer4,155.75426,0.7191326,0.06899804,0.028328523,0.24102233,12.647365,0.4112624,1.0557013,0.020104565,0.010393046,0.20705844,0.4067223,0.47942933,0.45234323,0.76039463,0.87849903,0.80911636,0.9660599,0.9915963,0.7614732,0.9899389,2.092621,2.0133755,1.0701423,1.309466,1.3387341,1.5597633,1.8266411,1.2854899,1.3483776,1.3858811,1.2326304,1.0491601,0.8877925,0.6782274,0.6672986,0.03762197,0.00062920916,172.26562,172.26562,272.7539,445.01953,0.09074258,243.04564,2.421529,50025.03,24.293463,1137.5804,-0.020065254,0.26040068,0.047068786,36.70023,18.542654,16.432459,14.916183,-9.828954,-17.566128,-17.601725,2.700739,6.9294724,11.257182,-14.450584,4.616318,6.2798595,-6.0766244,0 days 00:00:26.566226226,0 days 00:00:26.606226226
0 days 00:00:00.350000,0 days 00:00:00.390000,answer4,155.96312,0.73391026,0.07938702,0.037308685,0.285004,9.404321,0.41271195,1.0771223,0.017696574,0.011715797,0.20015232,0.36794686,0.4282085,0.42177406,0.8211141,1.0182037,0.875175,0.9982589,1.0056475,0.8474446,0.9686685,2.0269873,1.987362,1.0086931,1.4381756,1.5149274,1.5366777,1.8230842,1.2952813,1.414096,1.4691743,1.315724,1.0616566,0.83098525,0.6323895,0.69737417,0.04036658,0.00064126105,172.26562,215.33203,344.53125,459.375,0.09872226,273.43137,2.70918,68049.57,21.976494,874.409,-0.015689079,0.2927587,0.038380574,37.355053,16.962082,11.565883,11.485322,-11.955539,-14.4293375,-15.541908,2.0695446,3.134526,13.160751,-13.292933,8.72829,6.0195713,-5.241697,0 days 00:00:26.576226226,0 days 00:00:26.616226226
0 days 00:00:00.360000,0 days 00:00:00.400000,answer4,157.3784,0.730488,0.056604777,0.024024101,0.27090454,8.38961,0.41291085,1.0831761,0.0155717665,0.0134164775,0.18687026,0.321124,0.3772175,0.42925552,0.8625638,1.1160623,0.9817377,1.0423545,1.0988132,0.98406696,0.9413707,1.8469135,1.8710092,0.9856765,1.471609,1.5640839,1.4743509,1.7585012,1.3002199,1.4712847,1.5342096,1.3605353,1.0685811,0.7893388,0.60363346,0.7211967,0.043251023,0.0006683313,172.26562,258.39844,416.3086,473.73047,0.090355285,304.84805,2.975577,78706.38,20.567999,741.62714,-0.011993795,0.32649428,0.028745785,37.73437,16.26302,7.335897,5.573649,-10.776761,-12.675199,-18.184221,2.5898585,0.98344916,8.000948,-11.757981,13.566169,6.823078,-6.872521,0 days 00:00:26.586226226,0 days 00:00:26.626226226
0 days 00:00:00.370000,0 days 00:00:00.410000,answer4,159.86983,0.71657306,0.034666725,0.020593572,0.15325129,7.888087,0.4181689,1.0857139,0.0154653145,0.013794407,0.17048877,0.27946943,0.34140268,0.46300277,0.8693598,1.1382321,1.096399,1.106935,1.3150958,1.1653283,0.9190672,1.6854004,1.7561737,1.0142756,1.3770016,1.4478674,1.4561418,1.766642,1.3125672,1.5121037,1.5357242,1.334117,1.0522012,0.7838996,0.596155,0.73351073,0.043591518,0.00081477995,172.26562,287.10938,430.66406,473.73047,0.07147188,317.574,3.0447328,83294.13,19.487217,654.37054,-0.010846771,0.33980742,0.025885694,37.782497,15.705653,4.679749,2.1521986,-11.188327,-4.058148,-21.5316,-0.7267019,2.1621158,-0.6834281,-9.661767,21.927834,8.436996,-14.2165985,0 days 00:00:26.596226226,0 days 00:00:26.636226226
0 days 00:00:00.380000,0 days 00:00:00.420000,answer4,167.14888,0.70904034,0.01570657,0.008343658,0.14679635,7.7049937,0.4163011,1.0874211,0.01705928,0.013038549,0.15756826,0.2581931,0.33015004,0.48737428,0.8530554,1.1077611,1.1477213,1.1383653,1.5845337,1.333571,0.90839237,1.5661947,1.6635189,1.0773501,1.1831188,1.2474416,1.5097278,1.8733902,1.3501295,1.5391006,1.4966141,1.2677389,1.0185035,0.81950426,0.6105078,0.7434215,0.041150674,0.0007765422,172.26562,244.04297,358.88672,459.375,0.08662046,294.2045,2.8287754,70348.42,20.970192,792.1548,-0.013518547,0.3149492,0.03090415,37.438297,17.950788,5.2913556,3.3352063,-7.8470635,-2.9291599,-24.622576,0.90002936,2.8484466,-4.1351895,-7.868195,22.902113,8.130208,-19.270933,0 days 00:00:26.606226226,0 days 00:00:26.646226226
0 days 00:00:00.390000,0 days 00:00:00.430000,answer4,176.45164,0.70784307,0.04086445,0.031648822,0.118180506,6.9930816,0.41774496,1.08473,0.020666225,0.012282692,0.15585166,0.26793873,0.34874544,0.47765705,0.82676816,1.0733451,1.1090182,1.1496388,1.797688,1.3827572,0.89712685,1.4747528,1.5822549,1.1358436,1.0235156,1.0943061,1.5321547,1.9399809,1.4021622,1.5967041,1.4462276,1.1923784,1.0139098,0.8916011,0.6356239,0.75503117,0.036169175,0.00064437685,172.26562,200.97656,287.10938,387.59766,0.11616459,253.53728,2.4662867,54348.777,24.758408,1123.8427,-0.02023253,0.27137986,0.046379566,37.911755,20.274141,5.8088074,6.9421525,-6.0274653,0.69639605,-19.601578,3.1432388,2.281456,-7.8505855,-7.2649226,17.438871,7.520409,-17.499603,0 days 00:00:26.616226226,0 days 00:00:26.656226226
0 days 00:00:00.400000,0 days 00:00:00.440000,answer4,186.01619,0.72353435,0.08114257,0.039802086,0.20179749,7.809214,0.43212163,1.0717632,0.024379551,0.01266062,0.16363727,0.30708024,0.4040133,0.45249036,0.8038209,1.0572184,1.0381984,1.1839758,1.8537698,1.2811855,0.88996094,1.367794,1.4762611,1.1426715,0.9468642,1.0247971,1.5013603,1.8905836,1.4462067,1.6868105,1.3823196,1.1247916,1.036312,0.9742151,0.6610775,0.768429,0.051412076,0.00037775034,172.26562,186.6211,215.33203,358.88672,0.16012575,228.39142,2.274356,36061.312,29.53826,1627.4034,-0.03134885,0.24556464,0.06562694,39.12309,24.856821,8.450259,5.0080056,-7.628164,-0.13344646,-18.333384,5.531672,0.40528202,-11.978172,-9.375859,7.868482,6.354056,-14.282986,0 days 00:00:26.626226226,0 days 00:00:26.666226226
0 days 00:00:00.410000,0 days 00:00:00.450000,answer4,191.10393,0.7475675,0.10067731,0.055695284,0.15911959,8.756721,0.43495807,1.0504498,0.025449105,0.015684051,0.16976804,0.35159025,0.47601804,0.43817186,0.7690081,1.0692493,1.047383,1.2858983,1.7674233,1.0973328,0.8880127,1.2067977,1.2774224,1.0769933,0.95622545,1.0282453,1.3947878,1.7036562,1.5007173,1.8583771,1.3393661,1.0741419,1.0657488,1.0255656,0.68263674,0.76115817,0.05262618,0.00025818325,172.26562,200.97656,215.33203,358.88672,0.1823508,230.47527,2.2852266,34598.766,29.500101,1621.1328,-0.031820092,0.24777992,0.06524626,39.41412,27.271202,8.547312,-3.4639103,-11.540543,4.170849,-12.80122,7.023024,-6.51374,-11.815516,-6.6868954,-5.9782867,3.2285185,-10.583497,0 days 00:00:26.636226226,0 days 00:00:26.676226226
0 days 00:00:00.420000,0 days 00:00:00.460000,answer4,193.40692,0.7667064,0.06670173,0.03552166,0.2369842,9.415265,0.45525908,1.0414749,0.023886895,0.01984127,0.15959185,0.37165096,0.530917,0.46262932,0.73938227,1.1353661,1.2119465,1.4176416,1.6719915,0.9978984,0.89698845,1.0111732,1.0353413,0.9620034,0.99025744,1.0454842,1.3029394,1.5255326,1.5675937,2.1567667,1.340067,1.0265422,1.0517825,1.0293945,0.7075748,0.7298915,0.065524854,0.00050297764,186.6211,215.33203,287.10938,473.73047,0.1797948,272.2386,2.6128156,50324.5,25.42663,1274.0511,-0.028037617,0.29187444,0.05854476,39.790756,27.26535,5.2909036,-14.826655,-14.722596,3.9976346,-19.364151,6.3921547,-13.599822,-8.636632,-3.1387231,-14.219943,0.4488496,-16.181013,0 days 00:00:26.646226226,0 days 00:00:26.686226226
0 days 00:00:00.430000,0 days 00:00:00.470000,answer4,193.633,0.7772303,0.034982163,0.042453077,0.19862711,10.184491,0.46820283,1.0556039,0.021662364,0.02324263,0.13511027,0.35769412,0.54746026,0.4884572,0.6994025,1.2618629,1.5133423,1.4895169,1.6950396,1.0969688,0.9574499,0.84289056,0.8225073,0.8690035,1.0212169,1.0670155,1.2540337,1.4048284,1.6249834,2.4955451,1.3927568,1.0038928,0.9952108,0.9842162,0.728805,0.69648916,0.057818454,0.0012530023,186.6211,215.33203,401.95312,545.5078,0.15763462,307.27762,2.734625,69221.16,19.110304,716.0809,-0.020366283,0.32648626,0.048495304,39.783554,23.04992,-1.0057214,-19.04159,-13.53654,10.189534,-16.271294,4.597204,-19.03147,-2.1188166,-0.38880268,-17.120821,-8.686959,-22.751577,0 days 00:00:26.656226226,0 days 00:00:26.696226226
0 days 00:00:00.440000,0 days 00:00:00.480000,answer4,193.02606,0.7756076,0.015744483,0.028237782,0.20183639,11.6941,0.4911416,1.0926288,0.020375831,0.024187453,0.10904899,0.32470748,0.52663183,0.4813384,0.65711284,1.4328235,1.8343917,1.458038,1.9018143,1.4094855,1.1005688,0.7609404,0.72612476,0.847307,1.0585572,1.096956,1.2688967,1.3705224,1.6129543,2.6495771,1.4484243,1.0117933,0.94492465,0.9317948,0.7525215,0.69109374,0.065866955,0.0018020393,186.6211,215.33203,516.7969,602.9297,0.11316808,344.09268,2.8553066,81181.49,15.426712,496.70422,-0.019821959,0.3640356,0.050299574,39.65427,20.205832,-5.930243,-17.458864,-13.419754,11.49847,-16.246016,0.78311586,-16.219456,2.4871178,-0.37498403,-12.609035,-14.894402,-30.795784,0 days 00:00:26.666226226,0 days 00:00:26.706226226
0 days 00:00:00.450000,0 days 00:00:00.490000,answer4,191.93872,0.77376944,0.020419296,0.023312515,0.13438047,13.379085,0.48209476,1.127249,0.019873893,0.02248677,0.09563473,0.2976784,0.4973705,0.44467106,0.6163663,1.5914198,2.0585992,1.3350215,2.1084006,1.7560488,1.3012042,0.7632637,0.7262955,0.8844733,1.0975021,1.1450833,1.3242351,1.3720614,1.5439234,2.4974,1.4611658,1.0725509,0.93405104,0.8999424,0.77587444,0.7082352,0.06194356,0.0016773395,172.26562,215.33203,559.8633,602.9297,0.08654515,348.06802,2.804095,79208.69,14.695186,500.36783,-0.019074867,0.36790165,0.048921306,39.37341,20.111269,-6.549401,-13.566312,-12.905613,11.704419,-10.561125,-1.0171417,-10.419367,9.010032,-1.5002567,-13.5486765,-19.524054,-29.430328,0 days 00:00:26.676226226,0 days 00:00:26.716226226
0 days 00:00:00.460000,0 days 00:00:00.500000,answer4,191.36317,0.74371576,0.011806985,0.008260014,0.08791393,-23.973135,0.47031316,1.1438586,0.018748656,0.020219197,0.09452003,0.28262413,0.47062182,0.40434122,0.5796923,1.6738685,2.1072314,1.2105874,2.1028926,1.8955851,1.483524,0.8170557,0.7616203,0.91104525,1.1679187,1.2421912,1.3813938,1.3785983,1.4714708,2.1385255,1.4668361,1.2347897,1.0047926,0.9122615,0.8229454,0.7233892,0.060806427,0.0010179351,172.26562,215.33203,559.8633,602.9297,0.06744048,349.07437,2.8264472,78413.055,15.419026,521.3545,-0.017431468,0.37008718,0.04628781,37.21237,22.405,-5.0652018,-13.214215,-12.779531,3.7768915,-8.864852,-4.733578,-4.5663195,13.619934,-6.5596976,-16.908178,-18.126207,-24.330515,0 days 00:00:26.686226226,0 days 00:00:26.726226226
0 days 00:00:00.470000,0 days 00:00:00.510000,answer4,0.0,0.71003175,0.0,0.0,0.0,-61.819607,0.4470849,1.1468925,0.017197592,0.019085413,0.10100302,0.273312,0.437778,0.38949275,0.5563617,1.6339936,1.9801658,1.1226059,1.7868785,1.7250013,1.553059,0.88230306,0.79677457,0.9273239,1.2894557,1.4275957,1.4524506,1.3714372,1.4949404,1.8974037,1.566236,1.5021588,1.121018,0.9532561,0.87445515,0.7027459,0.0458346,0.0005661321,172.26562,200.97656,545.5078,588.5742,0.09960044,330.97165,2.805875,97147.805,14.780479,459.38437,-0.014008071,0.3485521,0.03707975,33.994953,21.030142,3.3248234,-12.734589,-11.741971,-2.0160482,-1.5329672,0.10020542,-3.6741436,18.762863,-6.594088,-21.552582,-13.825589,-16.762676,0 days 00:00:26.696226226,0 days 00:00:26.736226226
0 days 00:00:00.480000,0 days 00:00:00.520000,answer4,0.0,0.683914,0.0,0.0,0.0,-100.0,0.44167325,1.1695452,0.014905252,0.020786094,0.107171126,0.26197514,0.3999091,0.37947384,0.53968495,1.4517597,1.694398,1.0835592,1.325099,1.3924054,1.5328468,0.9411879,0.8332017,0.9940308,1.4972206,1.8067034,1.5999451,1.4183093,1.7168504,1.9581108,1.8210434,1.8364264,1.2632772,1.0007969,0.89610523,0.6566811,0.03275498,0.0006808949,172.26562,200.97656,502.4414,545.5078,0.12708521,325.76276,2.801749,149203.12,12.566296,301.6932,-0.010739292,0.3355147,0.027552607,28.975386,16.760452,13.942749,-11.70557,-11.619228,-6.8532395,-2.65131,0.030261755,-4.7246532,18.687368,-6.376583,-22.309679,-10.721028,-12.269252,0 days 00:00:26.706226226,0 days 00:00:26.746226226
0 days 00:00:00.490000,0 days 00:00:00.530000,answer4,0.0,0.67816883,0.0,0.0,0.0,-100.0,0.4009877,1.2151785,0.011990294,0.024565384,0.1103979,0.24438708,0.35250378,0.35550475,0.53764933,1.1812247,1.309662,1.01536,0.92521745,1.090392,1.4552125,0.9946788,0.8812134,1.1330439,1.6672827,2.3366373,1.8669201,1.5916786,2.08906,2.284027,2.2278636,2.1037853,1.3506008,1.0325768,0.8562359,0.6015267,0.015483382,0.00067477487,172.26562,186.6211,459.375,502.4414,0.1275298,320.6134,2.7743661,204598.64,10.4784975,182.41766,-0.006338224,0.32268748,0.015779013,25.587488,13.596158,23.77436,-10.3226,-8.475461,-6.060772,-8.306788,1.2778425,-1.3565049,24.265274,-4.278339,-18.88624,-3.8580525,-12.850875,0 days 00:00:26.716226226,0 days 00:00:26.756226226
0 days 00:00:00.500000,0 days 00:00:00.540000,answer4,0.0,0.69179994,0.0,0.0,0.0,-100.0,0.37476507,1.251725,0.009623012,0.028533638,0.10762546,0.22084121,0.3102624,0.31933123,0.5566227,0.9113018,0.9367347,0.9078207,0.6669565,0.8802126,1.3802687,1.0467938,0.9318583,1.2683926,1.7157673,2.7247982,2.1256788,1.8651495,2.4565916,2.6783707,2.653858,2.1882381,1.3450607,1.0318495,0.7619012,0.5525637,0.01352246,0.00059564965,186.6211,272.7539,445.01953,473.73047,0.088819444,356.57394,2.8095531,253998.55,9.481119,139.12177,-0.004523467,0.35616258,0.011283492,23.536203,13.02953,26.313128,-12.429208,-5.8895383,-11.732849,-19.572372,-0.96463615,1.3262957,23.685156,-5.6600776,-15.367595,0.23568225,-11.72848,0 days 00:00:26.726226226,0 days 00:00:26.766226226
0 days 00:00:00.510000,0 days 00:00:00.550000,answer4,0.0,0.68820256,0.0,0.0,0.0,-100.0,0.3319647,1.2296003,0.00812414,0.034769464,0.09663332,0.19145845,0.27553764,0.2901294,0.59081125,0.7283845,0.6632984,0.76078576,0.5274711,0.736327,1.3057717,1.0829306,0.948788,1.2819554,1.5798546,2.6913235,2.1866732,2.0752547,2.5527442,2.8692186,2.9190094,2.1233807,1.285225,1.0160426,0.66689616,0.5237012,0.012052809,0.0003224027,200.97656,344.53125,459.375,473.73047,0.060065,391.78464,2.819746,277948.62,10.334676,159.68468,-0.0030771063,0.39559278,0.008602827,22.578558,14.850049,22.578491,-13.818723,-5.699383,-16.848192,-23.676641,-3.1128995,0.8444527,25.708094,-5.572991,-11.614221,1.2166802,-12.55196,0 days 00:00:26.736226226,0 days 00:00:26.776226226
0 days 00:00:00.520000,0 days 00:00:00.560000,answer4,0.0,0.67568564,0.0,0.0,0.0,-100.0,0.3597031,1.1836885,0.007410684,0.040816326,0.08207265,0.16054052,0.2491036,0.28233945,0.625535,0.6459047,0.51743215,0.652463,0.47912192,0.65378094,1.2134806,1.0908037,0.96677417,1.2537416,1.4778214,2.3284552,2.0682542,2.180706,2.5299547,2.9281209,3.0115387,2.0316703,1.2441367,0.9844958,0.60205626,0.5155962,0.014088755,0.00069730455,272.7539,430.66406,473.73047,516.7969,0.05304325,505.6312,3.0315924,502845.9,8.511664,119.151794,-0.0026570375,0.48045245,0.007873915,20.177195,11.207878,23.23203,-16.860525,-8.90277,-22.13643,-26.297724,0.7904975,-5.506189,17.813133,0.64016503,-5.1187863,-2.9861991,-9.244744,0 days 00:00:26.746226226,0 days 00:00:26.786226226
0 days 00:00:00.530000,0 days 00:00:00.570000,answer4,0.0,0.66398335,0.0,0.0,0.0,-100.0,0.42405796,1.2046112,0.007338462,0.04799698,0.068101965,0.13565052,0.2346461,0.30074617,0.6537189,0.63145244,0.46079123,0.6112645,0.51486415,0.6536193,1.1598763,1.1072153,1.0642157,1.3823432,1.6169735,2.0236475,1.9925151,2.3625336,2.720931,3.0650327,3.0573528,2.0627134,1.3316225,0.9875536,0.58683985,0.5336686,0.014619473,0.0018139147,330.17578,445.01953,473.73047,1421.1914,0.048463523,686.5588,3.460884,1.0488568e+06,6.6177883,84.090096,-0.0026487072,0.58971983,0.0079456605,17.208973,5.432853,25.592207,-17.512098,-8.911809,-23.010126,-26.705847,-0.6250301,-8.496735,11.191339,6.9652953,1.8754,-5.230746,-8.4772,0 days 00:00:26.756226226,0 days 00:00:26.796226226
0 days 00:00:00.540000,0 days 00:00:00.580000,answer4,0.0,0.67398864,0.0,0.0,0.0,-65.236404,0.47557917,1.3354975,0.0072911885,0.049697656,0.062616706,0.11958117,0.22619718,0.3295928,0.656225,0.638949,0.46220028,0.63240486,0.6040554,0.74008965,1.1802192,1.1710825,1.2477907,1.7141647,1.9983311,2.0057573,2.1302767,2.7651596,3.314494,3.360192,3.259587,2.2922556,1.5581421,1.0563345,0.6274306,0.56980395,0.013525418,0.0022447696,358.88672,445.01953,502.4414,2368.6523,0.057256024,891.6512,4.047407,2.0126186e+06,3.7843206,22.688911,-0.002489363,0.7166957,0.007277841,13.870808,2.7317514,26.059454,-18.992508,-5.398957,-22.741735,-23.844116,-1.078848,-5.9374385,8.593784,7.94999,3.3155763,-6.6145196,-5.447436,0 days 00:00:26.766226226,0 days 00:00:26.806226226
0 days 00:00:00.550000,0 days 00:00:00.590000,answer4,226.05215,0.7076492,0.0,0.0,0.5269579,-30.077318,0.46631625,1.5092825,0.0075966083,0.046107333,0.061673243,0.11306862,0.22786541,0.34895837,0.64003795,0.63954693,0.49230146,0.71329,0.69885474,0.86230356,1.3060269,1.2991215,1.4745237,2.0758407,2.407455,2.1361961,2.3485715,3.195219,3.9096239,3.645613,3.5861082,2.6462946,1.8842407,1.2021629,0.7250693,0.60137296,0.010643859,0.0020128575,301.46484,445.01953,502.4414,2684.4727,0.05544946,933.5297,4.143598,2.395398e+06,3.7909641,21.18603,-0.0021154804,0.7442673,0.0064745434,12.855564,3.6415203,19.892946,-17.070463,-1.7444826,-24.638178,-19.175106,-4.6801114,-3.4367378,7.8123374,2.6748536,-3.3564723,-5.145593,-7.5138226,0 days 00:00:26.776226226,0 days 00:00:26.816226226
0 days 00:00:00.560000,0 days 00:00:00.600000,answer4,225.7605,0.73664,0.071051866,0.0,0.43608513,5.4661107,0.47998235,1.5991167,0.014077272,0.037037037,0.06385077,0.12238395,0.26226547,0.37242353,0.6161704,0.64149183,0.5518253,0.81900424,0.7756683,0.9916671,1.4691801,1.4471365,1.6258835,2.210859,2.5140626,2.1961496,2.3599834,3.2095802,3.9435298,3.5951385,3.7484448,2.9957898,2.146691,1.3908147,0.8743629,0.63267785,0.04376878,0.0012848717,244.04297,358.88672,430.66406,1765.7227,0.16309714,711.95435,3.5825083,1.8222406e+06,8.06493,125.181526,-0.010470464,0.5973852,0.020304272,16.207546,10.089807,14.327976,-13.535289,0.53613126,-27.095114,-20.355858,-8.016059,-9.415395,3.604086,-4.7350984,-11.475659,-7.698416,-10.5676775,0 days 00:00:26.786226226,0 days 00:00:26.826226226
0 days 00:00:00.570000,0 days 00:00:00.610000,answer4,224.61989,0.76444364,0.06275073,0.036989827,0.33503994,5.2059865,0.54322785,1.5691375,0.023215277,0.026077097,0.06660887,0.16051775,0.36381245,0.4236208,0.6317566,0.6770231,0.6523853,0.9679821,0.8758173,1.1992589,1.6236615,1.5455195,1.7159227,2.1374266,2.3071334,2.116144,2.0981038,2.7497747,3.364896,3.20177,3.474706,3.003731,2.187807,1.5312926,1.0589584,0.66194224,0.11730183,0.0025324447,215.33203,287.10938,330.17578,803.90625,0.22717053,453.4823,2.7673159,782382.56,15.001426,396.7847,-0.030434608,0.41980562,0.06439244,23.628992,12.655452,6.5033717,-7.7302136,-1.4416032,-23.666441,-23.236404,-13.856975,-17.825089,-4.9231715,-4.511003,-16.819399,-9.040763,-20.650612,0 days 00:00:26.796226226,0 days 00:00:26.836226226
0 days 00:00:00.580000,0 days 00:00:00.620000,answer4,223.57372,0.77783346,0.047414917,0.033006083,0.28418812,8.621774,0.62820345,1.4943085,0.031859998,0.019274376,0.07025815,0.24416701,0.5582078,0.5294128,0.7040933,0.74564093,0.79855853,1.1816506,1.1149391,1.63842,1.7836057,1.5994177,1.7571454,2.012665,1.970067,1.9694728,1.7626104,2.1445553,2.6296895,2.6595657,2.8514583,2.6684692,2.00239,1.5600792,1.2042493,0.6912341,0.16842175,0.00553109,215.33203,215.33203,258.39844,416.3086,0.25363556,281.64578,2.2116623,126773.31,20.519638,600.6179,-0.048340302,0.2966229,0.10793153,30.009155,13.709249,1.5891347,-7.2758994,-0.17714565,-13.594203,-26.126753,-22.142075,-27.30368,-12.134486,-6.1148586,-18.316458,-14.01798,-24.522774,0 days 00:00:26.806226226,0 days 00:00:26.846226226
0 days 00:00:00.590000,0 days 00:00:00.630000,answer4,222.76349,0.7792308,0.029071823,0.017951893,0.21135007,12.837712,0.65348345,1.4615401,0.03522904,0.014928195,0.07528319,0.35961437,0.81012964,0.6653641,0.7977698,0.82189816,0.99236554,1.4485999,1.5270413,2.430489,1.9870144,1.5997406,1.7495308,1.9297982,1.7132769,1.8274188,1.5343605,1.7156754,2.1570368,2.2086077,2.2041335,2.1594648,1.7317781,1.5179056,1.3102969,0.7254486,0.19070685,0.008783103,215.33203,215.33203,258.39844,358.88672,0.15762608,273.5841,2.0155408,91731.97,22.23207,701.7126,-0.05990878,0.28950465,0.18608737,32.450928,13.732877,-6.121571,-7.2605877,0.7128873,-4.28809,-25.035078,-26.51618,-32.343563,-14.620809,-2.229402,-22.550852,-16.814993,-28.846441,0 days 00:00:26.816226226,0 days 00:00:26.856226226
0 days 00:00:00.600000,0 days 00:00:00.640000,answer4,222.28322,0.7752598,0.0152068995,0.016206823,0.039989244,17.359732,0.64909315,1.4741153,0.035720516,0.014172335,0.07665142,0.4544908,0.99355096,0.7515847,0.83075637,0.84945863,1.168645,1.714869,1.9745474,3.3439467,2.1924813,1.5593433,1.6494128,1.8469366,1.5855716,1.696632,1.4399462,1.4859582,1.9738225,1.9561785,1.8119949,1.7748947,1.5455441,1.4799767,1.4043082,0.76549435,0.17529511,0.010543766,215.33203,215.33203,258.39844,301.46484,0.09446582,272.19363,1.9230342,113795.41,20.547865,585.2509,-0.0597062,0.28602543,0.22928987,30.385561,15.3589325,-8.826398,-9.170416,3.3737764,-0.4186381,-24.599764,-27.32669,-38.558502,-17.563776,-3.5961235,-28.043966,-20.14399,-27.700562,0 days 00:00:26.826226226,0 days 00:00:26.866226226
0 days 00:00:00.610000,0 days 00:00:00.650000,answer4,221.52995,0.77652997,0.010366191,0.009904935,0.05359785,17.482399,0.61980516,1.4761564,0.03572503,0.012849584,0.07644672,0.49802908,1.0597482,0.7755483,0.75492305,0.80408245,1.2715253,1.8590535,2.2267773,3.9073868,2.2700422,1.4879001,1.4854115,1.7062254,1.5309801,1.582945,1.3667399,1.3295082,1.9068495,1.828524,1.6685201,1.6162977,1.5086209,1.5237764,1.5071578,0.8270442,0.16982675,0.009431307,215.33203,215.33203,258.39844,258.39844,0.08104072,266.87527,1.8030161,126771.81,20.605827,555.03394,-0.058812242,0.28023565,0.22510262,28.760244,17.899824,-10.941508,-4.2107224,5.652164,0.5865093,-19.59403,-28.171354,-40.417187,-19.946997,-5.5504193,-33.1019,-19.914948,-26.499283,0 days 00:00:26.836226226,0 days 00:00:26.876226226
0 days 00:00:00.620000,0 days 00:00:00.660000,answer4,220.2732,0.77993137,0.011017531,0.004963979,0.057435412,17.273819,0.59510326,1.4370464,0.034570348,0.013227512,0.073774956,0.4929621,1.020914,0.7458158,0.61255234,0.70794517,1.256166,1.8730959,2.2301445,3.8835697,2.164377,1.3844513,1.3319764,1.5673691,1.4899384,1.4881145,1.3078882,1.2272898,1.8405148,1.7957807,1.7147843,1.5470943,1.5530638,1.5983642,1.5709534,0.8843026,0.16152118,0.0071651903,215.33203,215.33203,258.39844,258.39844,0.07238706,261.12598,1.718582,132046.25,21.152899,568.1558,-0.0570724,0.27417794,0.173805,27.00302,17.874601,-8.214884,-5.915838,8.562358,3.825507,-18.148466,-27.653921,-46.049957,-25.000748,-11.93119,-33.47189,-18.148663,-27.359903,0 days 00:00:26.846226226,0 days 00:00:26.886226226
0 days 00:00:00.630000,0 days 00:00:00.670000,answer4,218.43626,0.78133196,0.011269231,0.005652908,0.059282154,18.603832,0.56442064,1.3710207,0.03357971,0.013038549,0.07334428,0.4765917,0.9617815,0.7164281,0.48915938,0.5977989,1.1380882,1.8053756,2.0852225,3.408472,1.94171,1.2945886,1.2033644,1.4366499,1.4611102,1.4165878,1.3007585,1.2440214,1.7943096,1.7883778,1.8571209,1.5322213,1.5990602,1.6031002,1.4987863,0.92250586,0.14545299,0.004860236,215.33203,215.33203,258.39844,258.39844,0.07319265,252.91783,1.6545407,124289.82,23.504995,689.7861,-0.054241363,0.26653913,0.1259696,26.491266,18.269619,-3.554138,-7.155178,10.258206,7.361709,-19.091377,-30.154135,-47.031055,-23.405586,-15.393257,-27.494339,-18.229544,-23.270697,0 days 00:00:26.856226226,0 days 00:00:26.896226226
0 days 00:00:00.640000,0 days 00:00:00.680000,answer4,215.6908,0.7814508,0.007813192,0.005540863,0.055671483,20.63706,0.5398239,1.2886661,0.03286563,0.016250944,0.07621161,0.46081463,0.9005349,0.6846192,0.4558003,0.52544135,0.96235394,1.6870028,1.8852186,2.7680178,1.666324,1.184867,1.0984513,1.3266726,1.417594,1.3590962,1.3238014,1.3595139,1.7405409,1.7640009,1.9861159,1.4948368,1.5898981,1.5382361,1.3298292,0.91952616,0.13343018,0.002887957,215.33203,215.33203,244.04297,258.39844,0.08131889,246.73085,1.68585,108577.75,25.703651,816.3198,-0.051973242,0.26138195,0.12265128,25.898066,21.344301,2.1390235,-8.857876,5.7260075,2.9737132,-21.090973,-28.995733,-44.730213,-22.160223,-11.483508,-20.490063,-14.522704,-23.049704,0 days 00:00:26.866226226,0 days 00:00:26.906226226
0 days 00:00:00.650000,0 days 00:00:00.690000,answer4,212.40381,0.7833882,0.0077893324,0.009903458,0.050143003,20.934488,0.50080377,1.19249,0.03118161,0.01984127,0.08294223,0.44511318,0.83228976,0.6549763,0.528952,0.50575703,0.80794305,1.4892974,1.5908333,2.0650313,1.3827777,1.0643567,0.9883445,1.2099973,1.3735136,1.303995,1.3436966,1.5070997,1.6813761,1.6686403,1.9891762,1.4630618,1.5587608,1.4286183,1.1490268,0.8891616,0.11496908,0.0014812915,215.33203,215.33203,229.6875,301.46484,0.09021214,244.63252,1.7957726,92687.04,28.007147,964.11896,-0.046428815,0.26084578,0.11282302,26.539297,26.792303,6.5313907,-5.4397755,-4.093779,-5.872837,-19.673851,-27.727112,-31.116514,-15.377883,-9.395171,-17.0439,-14.73309,-18.142282,0 days 00:00:26.876226226,0 days 00:00:26.916226226
0 days 00:00:00.660000,0 days 00:00:00.700000,answer4,209.2907,0.78286296,0.009560474,0.008521746,0.048961032,21.332983,0.46566996,1.0867747,0.0287436,0.023431594,0.09582683,0.42660227,0.757428,0.6374274,0.6790893,0.53374153,0.7176834,1.2030808,1.2274526,1.4201818,1.1400906,0.9244781,0.91878086,1.1451756,1.3198462,1.2563776,1.3042816,1.5288138,1.5327039,1.4772925,1.8284607,1.4090849,1.5452461,1.3602515,1.0321852,0.83455974,0.09875081,0.0004328324,215.33203,215.33203,229.6875,358.88672,0.090724446,246.25627,1.9266505,74291.914,28.916235,1045.6533,-0.03988399,0.26406336,0.09921959,27.59043,29.730438,8.825967,-0.39605665,-8.800221,-16.354265,-17.06944,-25.113668,-23.500185,-11.374439,-4.1797357,-15.350198,-13.848168,-20.304075,0 days 00:00:26.886226226,0 days 00:00:26.926226226
0 days 00:00:00.670000,0 days 00:00:00.710000,answer4,206.10725,0.78206587,0.009714361,0.008794232,0.04387228,21.508722,0.44177303,0.98552483,0.02580901,0.024187453,0.1090829,0.401987,0.6784904,0.6422465,0.8406384,0.5748847,0.7073378,0.9158394,0.8873107,0.9771022,1.033343,0.8053811,0.87960225,1.1137874,1.2428389,1.1842842,1.2118069,1.3974322,1.333314,1.2368164,1.5662144,1.3136992,1.5123676,1.3156413,0.972651,0.76954454,0.08915373,0.0005011103,215.33203,215.33203,287.10938,416.3086,0.08250784,257.17603,2.0987396,65165.76,27.958145,1015.3167,-0.033120118,0.27664757,0.083577104,29.232168,30.528158,5.9879327,2.8083115,-9.660306,-19.665436,-22.884367,-28.239288,-17.108759,-4.6049724,-1.308074,-18.675837,-18.344389,-16.74536,0 days 00:00:26.896226226,0 days 00:00:26.936226226
0 days 00:00:00.680000,0 days 00:00:00.720000,answer4,201.99602,0.7754809,0.007847307,0.004748826,0.051196694,20.895027,0.43263564,0.9097646,0.02259775,0.021541951,0.121202506,0.3700119,0.5939691,0.659972,0.9455126,0.59051776,0.7330477,0.71852,0.6828792,0.8266733,1.1292983,0.74285585,0.87574434,1.0773541,1.1448503,1.0977108,1.1074404,1.2042774,1.1577078,1.0105511,1.293813,1.223015,1.4324073,1.2574922,0.94103235,0.71602386,0.07242751,0.00086354854,200.97656,215.33203,344.53125,430.66406,0.09558872,273.14804,2.280011,83283.85,24.145876,791.1306,-0.024976386,0.29266495,0.06334191,30.022318,28.997948,0.75905275,4.8434033,-4.3303385,-14.564195,-27.624155,-32.653576,-15.117103,0.66933805,3.611768,-14.832478,-18.070173,-15.196965,0 days 00:00:26.906226226,0 days 00:00:26.946226226
0 days 00:00:00.690000,0 days 00:00:00.730000,answer4,197.5063,0.772659,0.009808221,0.0068189963,0.08023157,18.450304,0.43934956,0.8811224,0.019960603,0.01851852,0.13046266,0.33421886,0.5074209,0.6815717,0.97442746,0.5921755,0.7690162,0.61731255,0.61348695,0.85825443,1.3044554,0.7495759,0.89896387,1.0119373,1.0680085,1.0712713,1.0588553,1.1146959,1.1464059,0.89749473,1.1195816,1.1985897,1.3412275,1.2028066,0.94690275,0.7000625,0.059627656,0.0009051123,186.6211,215.33203,387.59766,430.66406,0.09572562,297.5576,2.4617085,138518.36,19.05307,504.3575,-0.018496444,0.31527624,0.048934836,27.822489,28.501307,2.6832,2.0004714,-7.389031,-9.754151,-29.23852,-31.864328,-7.6876373,5.0568204,3.8989716,-12.710574,-17.03287,-9.3324175,0 days 00:00:26.916226226,0 days 00:00:26.956226226
0 days 00:00:00.700000,0 days 00:00:00.740000,answer4,194.18805,0.7669324,0.010026619,0.008617184,0.07405138,15.3567095,0.46951517,0.910989,0.018555561,0.016250946,0.1422951,0.30386075,0.432999,0.685396,0.93066317,0.62191695,0.835017,0.593962,0.65269977,0.92809105,1.386047,0.82147336,0.9567061,0.97634536,1.0794291,1.1723565,1.1217012,1.2405514,1.3481003,0.9289673,1.0786281,1.2796183,1.3038788,1.1456108,0.9898687,0.72952837,0.044884995,0.0009598187,172.26562,215.33203,330.17578,430.66406,0.11163747,298.80496,2.5137565,176702.83,15.515149,315.5286,-0.01565162,0.3120829,0.039168898,25.550665,25.358269,8.252049,-2.1574018,-9.581547,-6.3975616,-22.749931,-19.351027,-7.3494782,2.4534729,2.0969946,-8.498567,-16.10515,-10.960327,0 days 00:00:26.926226226,0 days 00:00:26.966226226
0 days 00:00:00.710000,0 days 00:00:00.750000,answer4,191.55,0.7659664,0.012644003,0.013337646,0.060926452,13.880567,0.5024486,0.9982187,0.01881985,0.017195769,0.15774406,0.28724375,0.3871291,0.66714686,0.8447008,0.71018916,0.93632644,0.6053732,0.75413275,0.94330573,1.2915696,0.9365038,1.0678328,1.0754491,1.2186469,1.405612,1.3071388,1.5753336,1.7224687,1.1308644,1.225704,1.421161,1.3527638,1.1026086,1.0514575,0.7752774,0.042465027,0.00084659556,172.26562,215.33203,272.7539,416.3086,0.09184606,292.2059,2.500058,193514.11,14.368951,266.33203,-0.016968405,0.30247852,0.03910083,23.645805,22.937073,14.064576,-4.53383,-12.107007,-8.429122,-20.559586,-8.729985,-7.628187,0.6696022,0.24994878,-9.984586,-17.347534,-14.049286,0 days 00:00:26.936226226,0 days 00:00:26.976226226
0 days 00:00:00.720000,0 days 00:00:00.760000,answer4,188.85028,0.76608247,0.008548613,0.011059631,0.06932955,13.168556,0.53536206,1.1084353,0.019849503,0.018896447,0.17242217,0.285686,0.3742533,0.62800956,0.7465636,0.886606,1.0958046,0.64912784,0.8929669,0.8948889,1.1158472,1.1063361,1.1978866,1.287577,1.4051414,1.6917948,1.5594326,1.9492435,2.0991547,1.4253992,1.4776411,1.5399485,1.4100302,1.0456457,1.0714265,0.8104815,0.04747049,0.0009840744,172.26562,215.33203,330.17578,473.73047,0.11460724,302.34262,2.5927846,175256.73,14.196663,273.748,-0.018779881,0.31277373,0.044047486,25.345541,20.183973,12.328709,-6.8895264,-11.231419,-6.712803,-16.856436,-0.37487015,-5.8481326,3.173272,-5.44459,-11.429294,-15.989978,-18.109276,0 days 00:00:26.946226226,0 days 00:00:26.986226226
0 days 00:00:00.730000,0 days 00:00:00.770000,answer4,185.6859,0.7660982,0.008274814,0.0076466263,0.09221754,13.2497835,0.5805072,1.2071487,0.021779297,0.019274376,0.18580933,0.29317543,0.3810972,0.5965622,0.6838657,1.1425614,1.2887913,0.7250805,1.0573975,0.8690689,1.0430781,1.3440477,1.3302833,1.4932479,1.5046612,1.9277234,1.8481375,2.1750667,2.25385,1.6888946,1.7275156,1.574996,1.3890587,0.97168237,1.0574441,0.8327696,0.076601066,0.001209124,172.26562,258.39844,445.01953,516.7969,0.1144858,336.3113,2.7845132,170561.67,13.824989,266.1409,-0.02322975,0.34975716,0.062330198,27.143045,19.479776,9.752885,-8.199894,-13.65179,-4.071907,-20.611015,-0.2328641,-0.041487217,13.328994,-12.525734,-13.292927,-10.275683,-20.761496,0 days 00:00:26.956226226,0 days 00:00:26.996226226
0 days 00:00:00.740000,0 days 00:00:00.780000,answer4,182.9417,0.75785786,0.010030256,0.012585848,0.13263308,13.215309,0.61605793,1.2678441,0.024512472,0.018329555,0.19706564,0.3016082,0.38754225,0.59946513,0.6781192,1.4501381,1.4885464,0.8216607,1.2100052,0.8464503,1.0700148,1.5885254,1.3574586,1.5170999,1.4496826,2.1605783,2.1864936,2.2145026,2.1771076,1.7906126,1.8604902,1.5499463,1.2953467,0.89664984,1.01682,0.85201573,0.10430601,0.0013456162,172.26562,258.39844,545.5078,574.21875,0.12069554,362.4617,2.9364188,155501.81,13.398976,270.4426,-0.027735809,0.3785964,0.08385402,28.882792,20.364584,10.197955,-13.131465,-19.734545,0.59961766,-17.606747,-2.2482893,3.647989,21.830956,-20.410854,-13.540398,-4.1291413,-18.15782,0 days 00:00:26.966226226,0 days 00:00:27.006226226
0 days 00:00:00.750000,0 days 00:00:00.790000,answer4,179.69952,0.7357184,0.011757624,0.015780315,0.12937279,13.935651,0.62585473,1.3009702,0.025829991,0.018518517,0.21349318,0.31118545,0.38949117,0.63278526,0.7039527,1.6877174,1.5879618,0.93626565,1.3085781,0.8254544,1.1033406,1.7349676,1.312779,1.4048456,1.3363987,2.4666421,2.5766103,2.177906,1.996637,1.7895255,1.9167477,1.5177191,1.1888152,0.86029077,0.97742057,0.8676944,0.100872956,0.0016145172,172.26562,244.04297,430.66406,545.5078,0.12867777,335.90787,2.824297,150028.56,13.215751,264.06555,-0.030683653,0.34952462,0.08825863,27.953989,21.794281,15.192294,-11.695621,-20.972237,1.9767016,-14.311597,-5.17257,2.0207937,23.05485,-19.927282,-13.991222,2.65573,-17.438803,0 days 00:00:26.976226226,0 days 00:00:27.016226226
0 days 00:00:00.760000,0 days 00:00:00.800000,answer4,179.01897,0.71715766,0.014619452,0.021417014,0.13677408,12.491066,0.5745832,1.3004682,0.024641424,0.0202192,0.23327799,0.32237735,0.3892691,0.64069456,0.72832704,1.7037598,1.4619743,0.9972689,1.2767549,0.7646978,1.0698518,1.7574873,1.2299384,1.2658019,1.2710795,2.749257,2.8248103,2.121596,1.8681246,1.7873936,1.960981,1.5151095,1.1548295,0.897671,0.94545174,0.8743887,0.06891555,0.0014044628,172.26562,186.6211,315.8203,516.7969,0.12953287,290.7093,2.5278127,155099.56,13.95769,282.40283,-0.028353073,0.30080056,0.076060176,25.639023,23.901123,18.508879,-6.02846,-15.121791,-0.24893253,-10.836025,-4.3861675,2.4175928,21.34167,-16.529657,-14.075588,6.014525,-15.076596,0 days 00:00:26.986226226,0 days 00:00:27.026226226
0 days 00:00:00.770000,0 days 00:00:00.810000,answer4,178.21103,0.69987077,0.012154583,0.014845145,0.13786227,-25.23284,0.5116965,1.2616067,0.021362836,0.024943309,0.2470061,0.32841006,0.38672376,0.57915014,0.7173605,1.4879651,1.1630946,0.9810602,1.1387011,0.6912329,0.9606915,1.6625515,1.1906044,1.1932257,1.2555132,2.9044113,2.8333673,2.0007236,1.7763381,1.8212708,1.9803772,1.5296758,1.1917611,1.0075426,0.91469187,0.85832644,0.033385757,0.0012698057,172.26562,172.26562,215.33203,488.08594,0.15208948,266.27872,2.318346,192701.17,13.266274,239.39697,-0.02129218,0.27079597,0.050954893,22.50727,24.760109,20.412863,0.06724175,-11.616395,-2.418429,-8.826909,-5.0142827,3.465635,19.195616,-13.898277,-14.456918,9.841329,-18.065428,0 days 00:00:26.996226226,0 days 00:00:27.036226226
0 days 00:00:00.780000,0 days 00:00:00.820000,answer4,0.0,0.6896549,0.0,0.0,0.0,-63.55044,0.44934973,1.1788303,0.016847821,0.030612245,0.24369536,0.31549802,0.36962304,0.46951032,0.6874717,1.1832445,0.84212685,0.8835848,0.946898,0.62154937,0.8493903,1.5217109,1.1782718,1.1386408,1.2388633,2.7712479,2.5563734,1.7994381,1.6751189,1.8249894,1.9128069,1.5109788,1.2398276,1.1226654,0.91696566,0.8290958,0.023539132,0.00079391897,172.26562,186.6211,301.46484,502.4414,0.14156963,303.69983,2.5229168,278137.88,12.389066,202.85754,-0.014183703,0.30688912,0.032892916,21.221313,26.128904,17.793585,0.31326914,-13.243463,-3.3009405,-10.26361,-3.3762486,6.003782,20.724688,-9.132722,-14.374766,8.768933,-16.618736,0 days 00:00:27.006226226,0 days 00:00:27.046226226
0 days 00:00:00.790000,0 days 00:00:00.830000,answer4,0.0,0.6835491,0.0,0.0,0.0,-100.0,0.3902518,1.0631351,0.0120346965,0.03552532,0.21352243,0.26645935,0.3173951,0.3763685,0.66052413,0.9630305,0.64896446,0.7500067,0.7809138,0.5428046,0.7443993,1.3023411,1.0955142,1.058568,1.1769685,2.4534929,2.1880534,1.5959426,1.5716505,1.6932249,1.7196194,1.438734,1.2328151,1.1553632,0.91478944,0.7800484,0.020856095,0.00052813615,258.39844,287.10938,401.95312,516.7969,0.13959233,399.8212,2.7790785,397472.78,10.488517,138.75543,-0.0073024724,0.40299368,0.016682642,19.1118,25.42473,16.846678,-6.073216,-24.106531,-6.6839232,-11.450788,-5.2920337,8.731177,22.777185,-1.295524,-7.661293,8.146319,-12.1469145,0 days 00:00:27.016226226,0 days 00:00:27.056226226
0 days 00:00:00.800000,0 days 00:00:00.840000,answer4,0.0,0.67856044,0.0,0.0,0.0,-100.0,0.33730626,0.9433034,0.007922437,0.041383218,0.17169994,0.20114772,0.24747491,0.33535835,0.637194,0.83362645,0.5511436,0.6475474,0.6621103,0.4783794,0.66644603,1.0545073,0.9615159,0.9521549,1.0995375,2.0573757,1.8277931,1.4539984,1.4879761,1.4762849,1.487651,1.3081557,1.1668731,1.113885,0.91300106,0.7330501,0.01618473,0.00026396985,258.39844,358.88672,488.08594,516.7969,0.11790094,506.04898,3.1930828,880225.3,8.270568,88.04746,-0.0035267603,0.48952857,0.007925381,17.385832,25.958662,13.065824,-7.160173,-25.556145,-5.7382407,-14.338773,-5.844725,7.591286,20.509083,4.578544,-3.3434954,9.548009,-6.555391,0 days 00:00:27.026226226,0 days 00:00:27.066226226
0 days 00:00:00.810000,0 days 00:00:00.850000,answer4,0.0,0.67417413,0.0,0.0,0.0,-100.0,0.28386047,0.8293781,0.0056765187,0.04931973,0.13019367,0.14054972,0.18194313,0.3222548,0.6020964,0.72780514,0.4776211,0.58014256,0.576693,0.4159195,0.60022634,0.8325476,0.8125656,0.8606147,1.0198575,1.6399843,1.5096647,1.3551646,1.4232908,1.2498745,1.2826902,1.1797707,1.0697991,1.0138361,0.869116,0.68960905,0.009658426,0.00016154202,272.7539,430.66406,488.08594,502.4414,0.08258885,576.8661,3.2792394,1.3004041e+06,6.8401985,59.222767,-0.001642154,0.5426677,0.0041342154,15.292946,24.990107,12.697624,-7.344868,-24.295588,-8.850468,-17.116793,-4.16701,3.830324,15.780978,3.8444557,3.148119,8.501491,-4.273329,0 days 00:00:27.036226226,0 days 00:00:27.076226226
0 days 00:00:00.820000,0 days 00:00:00.860000,answer4,0.0,0.6538909,0.0,0.0,0.0,-100.0,0.2506818,0.7399161,0.0046281465,0.06122449,0.10176653,0.1050857,0.14629684,0.3056395,0.54240876,0.60279274,0.4018713,0.5365542,0.5210954,0.3897051,0.5511901,0.69291896,0.7294705,0.798642,0.9498773,1.3003377,1.273161,1.2643899,1.3306968,1.0854453,1.1390454,1.086216,0.9831783,0.9261489,0.81648844,0.6573971,0.004333409,0.00011580586,229.6875,416.3086,473.73047,502.4414,0.050953817,643.28033,3.4315274,1.9017754e+06,5.2287984,31.889275,-0.00089372415,0.58124,0.0023699668,14.612981,24.908106,9.962311,-2.8264883,-19.123655,-6.367026,-18.015093,-6.661959,0.7018766,13.758176,3.005246,3.3783512,7.319697,-7.4762154,0 days 00:00:27.046226226,0 days 00:00:27.086226226
0 days 00:00:00.830000,0 days 00:00:00.870000,answer4,0.0,0.62190825,0.0,0.0,0.0,-100.0,0.22592717,0.6769755,0.0036736454,0.07860922,0.08734413,0.08832822,0.12797679,0.26901785,0.4655969,0.48478737,0.33173016,0.5074735,0.48831367,0.40209237,0.5290636,0.64905256,0.7233737,0.7852621,0.91225815,1.0193366,1.0748218,1.1677451,1.2240925,1.003555,1.0423545,1.0389237,0.9208954,0.85683984,0.7712566,0.6298723,0.0026074657,9.579322e-05,215.33203,358.88672,473.73047,1521.6797,0.03711076,780.1032,3.6661518,2.8002882e+06,4.4703827,25.134832,-0.0005323425,0.66482884,0.0014922833,12.726445,21.675316,8.302237,-0.21705484,-13.119172,-6.461714,-15.273349,-0.16507435,2.8464558,13.117923,9.84842,8.293559,5.752188,-6.5549617,0 days 00:00:27.056226226,0 days 00:00:27.096226226
0 days 00:00:00.840000,0 days 00:00:00.880000,answer4,0.0,0.5933702,0.0,0.0,0.0,-100.0,0.32666382,0.68964285,0.0038124125,0.09183673,0.08483083,0.080484636,0.12076812,0.24159731,0.39162716,0.39731398,0.30621383,0.5146902,0.51171905,0.5000519,0.5687962,0.70262975,0.8577375,0.93181944,1.0236946,0.925306,1.0148913,1.1556528,1.2206761,1.0636059,1.05607,1.1066282,0.94417363,0.8525774,0.7512335,0.6059263,0.0025642973,0.0017044639,244.04297,545.5078,1019.2383,2655.7617,0.055330053,1111.4283,4.5090017,3.402005e+06,3.3431845,15.988658,-0.00075574935,0.86389464,0.0017297858,10.132308,12.6150675,7.6748524,2.6001103,-3.5266485,-7.5403347,-8.494381,0.1524123,-4.686035,6.4077106,12.725666,8.445174,6.016563,-4.091742,0 days 00:00:27.066226226,0 days 00:00:27.106226226
0 days 00:00:00.850000,0 days 00:00:00.890000,answer4,0.0,0.6020899,0.0,0.0,0.0,-100.0,0.39170954,0.8052395,0.0043634474,0.09580499,0.09095869,0.07994654,0.11932816,0.24078737,0.32835764,0.3515441,0.33806744,0.5981304,0.5915614,0.73949623,0.7037644,0.86376286,1.2447665,1.3424028,1.3407158,1.0090197,1.076374,1.2458748,1.3986984,1.3267677,1.2180141,1.3135874,1.0973599,0.9148572,0.7584479,0.60363656,0.002152475,0.0024828173,258.39844,660.35156,1478.6133,3890.332,0.0620497,1396.6039,5.282091,3.935558e+06,2.557224,10.450774,-0.00082245824,1.0388404,0.0018157813,8.4083395,5.2612796,7.261549,3.3854046,4.837025,-11.76165,-4.6684785,7.966247,-9.494076,0.44736698,10.821987,8.636918,1.1884056,-2.9724703,0 days 00:00:27.076226226,0 days 00:00:27.116226226
0 days 00:00:00.860000,0 days 00:00:00.900000,answer4,0.0,0.6536425,0.0,0.0,0.0,-65.89472,0.44066834,1.0070913,0.005174463,0.08522298,0.094612755,0.08545055,0.12969625,0.26864496,0.29525352,0.3494921,0.43245426,0.73699194,0.70633703,1.05262,0.8604629,1.0906783,1.8697819,2.0002258,1.8384304,1.2214087,1.2372493,1.429067,1.7564262,1.7849067,1.5272136,1.6722025,1.3492575,1.003378,0.7706666,0.6214636,0.002715272,0.0027144458,287.10938,732.1289,1665.2344,4148.7305,0.06540658,1502.5106,5.5301204,3.947097e+06,2.4353855,10.048508,-0.00095630594,1.1099899,0.0021705006,7.786865,2.6376822,8.468056,-0.20730925,2.479351,-19.548122,-4.150361,9.842398,-15.540736,-4.8893094,5.058599,5.2412834,-4.7031593,-7.00812,0 days 00:00:27.086226226,0 days 00:00:27.126226226
0 days 00:00:00.870000,0 days 00:00:00.910000,answer4,184.42654,0.7168296,0.0,0.0,0.0,-31.539865,0.40143943,1.1865911,0.0072790976,0.06311414,0.09670076,0.10584751,0.16589119,0.31440595,0.2956838,0.40391,0.5945936,0.8568444,0.7984317,1.2938248,0.96506596,1.3113166,2.4540312,2.5475504,2.2440796,1.4014463,1.4038876,1.548553,2.0352337,2.206255,1.7910465,1.9591664,1.5667763,1.0614845,0.7816031,0.6477389,0.0053773317,0.0013501252,244.04297,473.73047,1033.5938,3029.004,0.09004563,1083.5295,4.470694,2.974603e+06,4.81617,42.79788,-0.00252216,0.83568925,0.0051198252,12.180362,9.547601,8.924507,0.56384116,-1.5812477,-21.280767,-6.4926457,14.771553,-7.264454,-2.9563313,-0.25546518,-2.3204782,-8.328621,-12.72403,0 days 00:00:27.096226226,0 days 00:00:27.136226226
0 days 00:00:00.880000,0 days 00:00:00.920000,answer4,183.26477,0.7562065,0.0,0.0,0.0,3.7597268,0.4274552,1.2330604,0.010847881,0.040627364,0.10131585,0.14956678,0.223795,0.3649155,0.3376117,0.5490125,0.8114743,0.9119985,0.85154647,1.3261714,0.9524223,1.399825,2.5782497,2.5986116,2.295626,1.3859273,1.4725395,1.5374705,2.0257103,2.2777064,1.8387408,1.9660519,1.6098253,1.0615064,0.7741348,0.65781254,0.019300163,0.0007790691,186.6211,287.10938,602.9297,1808.7891,0.11878726,679.4615,3.525061,1.7472235e+06,8.299859,111.592896,-0.006521065,0.57154876,0.017843125,18.211702,16.220716,7.8599877,-2.2813513,-7.476519,-17.730322,-3.824702,12.381227,-3.130434,-2.3741877,-3.0130103,-5.8804383,-10.318355,-18.871475,0 days 00:00:27.106226226,0 days 00:00:27.146226226
0 days 00:00:00.890000,0 days 00:00:00.930000,answer4,180.39085,0.7640217,0.0,0.0,0.37208,6.0830026,0.46509132,1.188882,0.015039424,0.021919878,0.12210821,0.22558899,0.31910196,0.43200335,0.41339254,0.79416704,1.0825292,0.9752347,0.943351,1.2231721,0.930528,1.4150966,2.3126447,2.2602081,2.072655,1.2664789,1.4925133,1.4422331,1.7832886,2.0486856,1.6771578,1.7259089,1.5013548,1.0563965,0.74540424,0.6497306,0.028554669,0.0006877818,172.26562,200.97656,373.2422,559.8633,0.13092212,338.39365,2.7130945,345209.66,12.41258,203.58159,-0.0111062825,0.34141234,0.03010507,25.171484,19.64073,6.488945,-1.1654805,-7.4410744,-11.299819,-1.5394096,12.124442,3.340437,-2.3765376,-7.651062,-11.079094,-9.948678,-18.762995,0 days 00:00:27.116226226,0 days 00:00:27.156226226
0 days 00:00:00.900000,0 days 00:00:00.940000,answer4,177.83098,0.76417977,0.017203325,0.011326876,0.2644152,9.265998,0.47444296,1.1238214,0.01750186,0.014172335,0.16170828,0.32626975,0.43306446,0.5003632,0.49409723,1.0683078,1.3420453,1.1202887,1.0413699,1.1174728,0.98106545,1.4180527,1.9359369,1.836367,1.7257203,1.1372887,1.4870343,1.3439223,1.504858,1.7008625,1.4454074,1.402018,1.3111387,1.0467685,0.70577383,0.63215464,0.03038379,0.00064576924,172.26562,186.6211,373.2422,488.08594,0.10983273,304.19327,2.4903228,207151.33,15.25824,304.78348,-0.014961119,0.3144499,0.04003515,27.480042,20.513535,6.3048096,-1.0795869,-7.5809765,-6.479551,-3.0932243,13.609471,7.405403,-0.92596453,-10.595321,-13.3485,-8.024103,-18.82372,0 days 00:00:27.126226226,0 days 00:00:27.166226226
0 days 00:00:00.910000,0 days 00:00:00.950000,answer4,176.28436,0.7518978,0.015488546,0.009048752,0.113013744,12.698364,0.44376466,1.0929313,0.017888622,0.01303855,0.20076407,0.41139767,0.529979,0.54248095,0.5567675,1.2327949,1.493627,1.3320377,1.0851029,1.0479901,1.0955426,1.4817129,1.6977458,1.591945,1.4601908,1.0876329,1.4875587,1.3096547,1.353769,1.4758433,1.2778326,1.1869311,1.1400462,1.033431,0.6836691,0.61976415,0.020971226,0.0005486678,172.26562,172.26562,258.39844,459.375,0.08075143,261.39664,2.2802489,180204.77,16.590216,347.23648,-0.01529063,0.27079025,0.037555706,28.123331,22.44538,6.6467977,2.5720465,-6.002613,-3.1966918,-7.511963,16.318253,12.638827,-1.4729317,-16.874289,-18.843433,-5.270226,-15.024423,0 days 00:00:27.136226226,0 days 00:00:27.176226226
0 days 00:00:00.920000,0 days 00:00:00.960000,answer4,175.93083,0.7331698,0.009291445,0.009139304,0.06276921,14.569588,0.39435306,1.0420259,0.016259886,0.021919882,0.22772127,0.4554683,0.57621616,0.5227882,0.56368166,1.1965617,1.4554495,1.4594069,0.9758415,0.9663758,1.2040018,1.5271646,1.5061293,1.4268512,1.2307196,1.0411994,1.4337856,1.2695665,1.257579,1.3138871,1.1644723,1.0439773,0.9926695,0.9895229,0.6834116,0.60822564,0.012786571,0.0004412251,172.26562,172.26562,200.97656,344.53125,0.080569,234.0606,2.088174,168768.2,17.420475,370.23593,-0.013339176,0.24224919,0.031131165,27.069923,24.298792,7.5886025,6.1476874,-3.24611,-0.059193928,-7.1400084,15.85731,14.582557,2.2766888,-17.538782,-22.245989,-8.262176,-15.726756,0 days 00:00:27.146226226,0 days 00:00:27.186226226
0 days 00:00:00.930000,0 days 00:00:00.970000,answer4,176.25499,0.70683545,0.009852692,0.0054587424,0.07095274,15.331519,0.34326157,0.95784026,0.012828312,0.04856387,0.2226909,0.4358962,0.5479104,0.4563084,0.5316591,1.0345246,1.2779402,1.4171333,0.80936456,0.86208767,1.1966916,1.4694632,1.296935,1.2591137,1.0530893,0.9650574,1.3362575,1.2126257,1.1610323,1.1476616,1.0928373,0.96859854,0.9033103,0.94133395,0.7079875,0.5963366,0.008711797,0.000269627,172.26562,172.26562,301.46484,416.3086,0.09409992,286.2007,2.3633375,375195.25,14.145276,258.78122,-0.008176305,0.28634036,0.019171678,24.91216,25.10827,4.3585296,5.205602,-5.413527,-1.1326028,-4.0362954,12.238938,16.19118,2.3876045,-17.643904,-17.1625,-7.7547174,-17.003622,0 days 00:00:27.156226226,0 days 00:00:27.196226226
0 days 00:00:00.940000,0 days 00:00:00.980000,answer4,0.0,0.6705089,0.008749542,0.005941862,0.07363623,14.899337,0.2975509,0.86594766,0.008894273,0.08786848,0.19927001,0.3760114,0.46904325,0.36741483,0.47388008,0.85871047,1.0563893,1.2392651,0.68483347,0.7430463,1.0854158,1.2821045,1.1046246,1.1114614,0.9392476,0.8910119,1.2402011,1.1667677,1.0872765,1.0162992,1.0347301,0.9495123,0.8933334,0.9140555,0.74373883,0.586994,0.004287776,0.00017722124,157.91016,172.26562,401.95312,445.01953,0.09371675,398.72754,2.638367,1.04209575e+06,10.095593,152.94093,-0.0040113446,0.36702335,0.009280464,19.777084,25.437523,6.05218,3.0249436,-7.9125237,1.4395238,1.2867326,14.75871,18.51406,1.7341636,-11.472867,-11.441497,-8.778552,-17.940735,0 days 00:00:27.166226226,0 days 00:00:27.206226226
0 days 00:00:00.950000,0 days 00:00:00.990000,answer4,0.0,0.63297194,0.0,0.0,0.0,-100.0,0.3534627,0.83855134,0.006327612,0.1292517,0.16324379,0.29549712,0.3640778,0.28972432,0.41314518,0.7251494,0.8657376,1.0416094,0.64162666,0.65952545,0.9747097,1.1073884,1.0404049,1.0941072,0.9796722,0.91263986,1.2534248,1.2617759,1.1189984,1.0156473,1.0738934,1.0697812,1.0262035,0.9742875,0.8251808,0.6148849,0.0026159927,0.0010156027,157.91016,789.5508,2196.3867,3057.7148,0.08993045,1370.9777,4.082951,4.4671055e+06,4.5983987,35.63168,-0.0015189731,1.0295631,0.003927821,10.510663,19.045216,6.9764876,5.647535,-6.587784,-2.827607,3.9067345,14.807456,18.2072,0.4166924,-10.787011,-9.2958555,-8.919274,-14.397456,0 days 00:00:27.176226226,0 days 00:00:27.216226226
0 days 00:00:00.960000,0 days 00:00:01,answer4,0.0,0.5997041,0.0,0.0,0.0,-100.0,0.42186818,0.9236029,0.005146637,0.15343915,0.13052016,0.22273268,0.26866975,0.23105101,0.3540213,0.6004653,0.70760727,0.9206562,0.64712924,0.61865395,0.99003905,1.0901737,1.1423122,1.3121257,1.2674576,1.0936822,1.4197851,1.600972,1.3384925,1.2702289,1.2640561,1.3374057,1.3252969,1.16217,0.98833674,0.70963544,0.0010356316,0.0021272239,545.5078,1478.6133,3875.9766,5354.59,0.06202474,2352.617,5.3465276,6.84154e+06,2.1454484,10.449858,-0.0010495145,1.6751461,0.0031234995,2.1324973,11.379481,8.945113,10.1638155,-2.056443,-1.5780586,3.1540763,15.6039095,14.145557,-1.382638,-5.0401444,-11.857842,-8.748563,-7.72904,0 days 00:00:27.186226226,0 days 00:00:27.226226226
0 days 00:00:00.960000,0 days 00:00:01.000997732,answer4,0.0,0.5874276,0.0,0.0,0.0,-100.0,0.47593185,1.1263138,0.004755504,0.1638322,0.105539285,0.16921665,0.20563102,0.20175503,0.2955875,0.47198918,0.58916116,0.87549925,0.6920008,0.67860526,1.2293851,1.3214,1.4047832,1.8143913,1.9142447,1.4555149,1.7051636,2.1540697,1.7276506,1.7590643,1.6355406,1.6999382,1.73307,1.4245778,1.1747139,0.84566593,0.00041618908,0.0029293296,904.39453,2081.543,4995.703,7393.0664,0.061981454,3065.9343,6.550091,8.1332345e+06,1.0936202,3.7034523,-0.00080141536,2.143764,0.00263237,-2.729085,0.537415,7.267483,14.129399,4.674519,-4.5201635,1.8048722,9.6573515,4.6451063,-1.622076,-3.3079617,-12.489715,-8.385685,-1.7516772,0 days 00:00:27.186226226,0 days 00:00:27.227223958
0 days 00:00:00,0 days 00:00:00.040000,answer5,0.0,0.6614229,0.0,0.0,0.0,-100.0,0.35626587,0.98834115,0.0043811053,0.07331821,0.12921618,0.27204838,0.41952792,0.5544473,0.66972893,0.76589614,0.84702843,0.9178292,0.9822495,1.0430994,1.1020993,1.1600702,1.2171308,1.2728368,1.3262117,1.3755809,1.4180565,1.4484811,1.4578775,1.432704,1.3587462,1.2323397,1.069155,0.8959276,0.7342484,0.5943311,0.004559968,0.0010368987,344.53125,445.01953,559.8633,2339.9414,0.017130045,902.67456,4.407731,1.8634754e+06,3.9030526,23.249868,-0.00089175906,0.73431903,0.0022879548,11.776909,6.555996,16.8659,-6.287867,-29.33725,-15.742305,-0.38854268,-15.9798355,-0.4897515,10.698459,-0.24637382,-6.6812663,-3.3120348,-1.0506483,0 days 00:00:31.798465132,0 days 00:00:31.838465132
0 days 00:00:00.010000,0 days 00:00:00.050000,answer5,0.0,0.65723974,0.0,0.0,0.0,-100.0,0.35151705,0.98834115,0.004444006,0.07275132,0.12921618,0.27204838,0.41952792,0.5544473,0.66972893,0.76589614,0.84702843,0.9178292,0.9822495,1.0430994,1.1020993,1.1600702,1.2171308,1.2728368,1.3262117,1.3755809,1.4180565,1.4484811,1.4578775,1.432704,1.3587462,1.2323397,1.069155,0.8959276,0.7342484,0.5943311,0.004591496,0.0009079445,358.88672,445.01953,574.21875,2325.586,0.033043277,899.3609,4.392673,1.9083095e+06,4.0402246,23.865074,-0.0008602063,0.7416621,0.0024623189,12.139764,6.6132603,13.864102,-5.485924,-31.558279,-15.5628395,0.432465,-9.881366,1.253513,11.853768,-0.43250045,-4.5883536,0.3604094,-1.1994585,0 days 00:00:31.808465132,0 days 00:00:31.848465132
0 days 00:00:00.020000,0 days 00:00:00.060000,answer5,0.0,0.6487523,0.0,0.0,0.0,-100.0,0.33475175,0.98834115,0.0041876775,0.073885106,0.12921618,0.27204838,0.41952792,0.5544473,0.66972893,0.76589614,0.84702843,0.9178292,0.9822495,1.0430994,1.1020993,1.1600702,1.2171308,1.2728368,1.3262117,1.3755809,1.4180565,1.4484811,1.4578775,1.432704,1.3587462,1.2323397,1.069155,0.8959276,0.7342484,0.5943311,0.003713062,0.0006831349,330.17578,459.375,602.9297,2526.5625,0.048568506,971.4002,4.653298,2.4858622e+06,3.8284023,20.840689,-0.00071040285,0.79223937,0.0019634615,11.87447,8.046055,11.058212,-4.323169,-29.340284,-13.156501,3.3398592,-5.5840173,4.8044596,8.262267,-3.4328222,-5.470539,1.2005957,-2.1708477,0 days 00:00:31.818465132,0 days 00:00:31.858465132
0 days 00:00:00.030000,0 days 00:00:00.070000,answer5,0.0,0.6444042,0.0,0.0,0.0,-100.0,0.31543964,0.98834115,0.0038864904,0.077286474,0.12921618,0.27204838,0.41952792,0.5544473,0.66972893,0.76589614,0.84702843,0.9178292,0.9822495,1.0430994,1.1020993,1.1600702,1.2171308,1.2728368,1.3262117,1.3755809,1.4180565,1.4484811,1.4578775,1.432704,1.3587462,1.2323397,1.069155,0.8959276,0.7342484,0.5943311,0.0027869463,0.0005486928,272.7539,373.2422,516.7969,2225.0977,0.046367336,884.31757,4.3236704,2.5047028e+06,3.9831436,21.982391,-0.00068604597,0.7184604,0.0016332082,11.95358,9.416653,9.620174,-0.7329583,-22.477713,-8.326461,5.523086,-7.4846263,-2.3593135,2.2537892,-6.8179474,-8.785367,-2.6476588,-2.5431802,0 days 00:00:31.828465132,0 days 00:00:31.868465132
0 days 00:00:00.040000,0 days 00:00:00.080000,answer5,0.0,0.6351286,0.0,0.0,0.0,-100.0,0.30692255,0.98034763,0.0037651248,0.08446712,0.1255468,0.28009915,0.4358995,0.54022974,0.6356999,0.7531476,0.83474904,0.9098452,1.0010923,1.0920581,1.1159538,1.1617975,1.1815618,1.2591907,1.3093662,1.3255005,1.3490597,1.3922733,1.4675913,1.426567,1.3530302,1.240967,1.0750482,0.88537294,0.7396671,0.5977221,0.0023723037,0.00044735288,244.04297,401.95312,516.7969,2153.3203,0.04802118,886.456,4.3909297,2.6488758e+06,3.8851092,20.341347,-0.0006286696,0.7212363,0.0012688384,11.694707,10.556951,7.723619,-1.4386116,-16.629288,-8.330103,2.8459978,-8.177165,-5.493149,1.8436623,-6.4040203,-12.961284,-11.142479,-4.9762225,0 days 00:00:31.838465132,0 days 00:00:31.878465132
0 days 00:00:00.050000,0 days 00:00:00.090000,answer5,0.0,0.6301471,0.0,0.0,0.0,-100.0,0.2968135,0.9635668,0.0036857782,0.09183673,0.118660934,0.28912917,0.44527563,0.51542014,0.6063532,0.73737484,0.7994812,0.8729678,1.0201358,1.1686608,1.1389347,1.1355038,1.1100849,1.2423171,1.2327076,1.2276807,1.2330862,1.3077456,1.4862839,1.4474087,1.3340149,1.2548193,1.1016378,0.8765839,0.73977894,0.61068696,0.0026039795,0.00037837029,287.10938,387.59766,488.08594,2009.7656,0.050042257,854.8689,4.103932,2.591971e+06,3.9935105,20.924757,-0.00062391843,0.71026516,0.0014776466,11.266926,11.747197,5.546457,-3.1548443,-16.425348,-9.513204,-1.9768919,-8.354308,-7.268116,4.7368317,1.3953451,-7.37604,-11.807896,-5.486401,0 days 00:00:31.848465132,0 days 00:00:31.888465132
0 days 00:00:00.060000,0 days 00:00:00.100000,answer5,0.0,0.62850577,0.0,0.0,0.0,-100.0,0.28118253,0.9347475,0.0032414785,0.10128495,0.10919725,0.2789143,0.43200755,0.48673427,0.58974355,0.71853757,0.7520087,0.8062558,1.0376273,1.2704744,1.1433047,1.0717415,1.0099818,1.231408,1.1109092,1.0937905,1.0917629,1.2029707,1.4920455,1.4979905,1.306593,1.2547706,1.1115057,0.8524189,0.72609687,0.624644,0.002372213,0.00032475966,330.17578,488.08594,732.1289,3043.3594,0.04866004,1107.4808,4.695983,3.613148e+06,3.394212,15.756892,-0.0004406171,0.8970332,0.0012261831,10.427761,10.666767,3.2885144,-8.654587,-18.032381,-10.985774,-4.361192,-6.883472,-6.2754874,7.670057,8.595236,-2.4559987,-10.21439,-6.6422253,0 days 00:00:31.858465132,0 days 00:00:31.898465132
0 days 00:00:00.070000,0 days 00:00:00.110000,answer5,0.0,0.63001686,0.0,0.0,0.0,-100.0,0.25931406,0.90160364,0.0027483162,0.10903249,0.104616694,0.24480651,0.38519165,0.46883735,0.6144615,0.701696,0.72027797,0.736901,1.0251817,1.2913518,1.1244811,0.9920318,0.9358317,1.2262717,0.96312827,0.9811085,1.0345503,1.1473747,1.4577869,1.5458406,1.2543963,1.2309313,1.0922532,0.8402198,0.6944819,0.62768203,0.00162115,0.00024296134,315.8203,459.375,746.4844,3344.8242,0.03897283,1177.0006,4.8674035,4.2047885e+06,3.1189706,13.316346,-0.0003137358,0.9360139,0.0009363023,10.237901,11.616127,3.8347943,-6.4488235,-16.678339,-7.991575,-3.4791098,-7.0322437,-0.92849493,6.097311,5.166521,2.3992202,-3.566467,-4.4075146,0 days 00:00:31.868465132,0 days 00:00:31.908465132
0 days 00:00:00.080000,0 days 00:00:00.120000,answer5,0.0,0.6316778,0.0,0.0,0.0,-100.0,0.25254837,0.8676112,0.0025088813,0.1154573,0.10966668,0.2099582,0.34394982,0.44924882,0.6075501,0.64665705,0.68048185,0.7152469,1.0156771,1.2298092,1.0939445,0.9556153,0.9061916,1.2145336,0.8626688,0.9112573,1.0535792,1.1056346,1.3957082,1.5123154,1.1838506,1.1821865,1.06286,0.82676584,0.66419286,0.6183412,0.00096133846,0.00024323701,229.6875,416.3086,846.97266,3761.1328,0.030188344,1232.9777,5.1711383,4.5994975e+06,2.8414109,11.337757,-0.00024865544,0.9552763,0.0006378416,10.360671,10.616261,4.62835,-0.5297597,-11.819015,-3.4818032,1.3078865,-6.910681,-0.84848166,2.9633138,-0.876185,0.37413606,-2.3854735,-0.22544765,0 days 00:00:31.878465132,0 days 00:00:31.918465132
0 days 00:00:00.090000,0 days 00:00:00.130000,answer5,0.0,0.6208827,0.0,0.0,0.0,-100.0,0.2509999,0.844598,0.0024361592,0.118291765,0.12491027,0.20634097,0.33155748,0.42628625,0.56321484,0.56638724,0.6399985,0.7418294,0.9953014,1.1063204,1.1043907,0.9773135,0.90539664,1.1834886,0.79500896,0.87154794,1.1240487,1.0604284,1.3556987,1.4471155,1.136446,1.1454786,1.0615848,0.8297531,0.64732575,0.6123734,0.00081135036,0.00022586138,172.26562,315.8203,645.9961,3517.0898,0.025159987,1103.3706,4.8932223,4.2763625e+06,2.9527957,12.083172,-0.00028166684,0.8481002,0.0006663667,10.2914,13.841163,6.458746,2.366511,-6.5187964,-0.062368393,1.221435,-5.3785553,2.132794,2.7521818,-4.1440344,-1.8166205,0.35777488,1.8893787,0 days 00:00:31.888465132,0 days 00:00:31.928465132
0 days 00:00:00.100000,0 days 00:00:00.140000,answer5,0.0,0.59078914,0.0,0.0,0.0,-100.0,0.24462013,0.83690697,0.002251421,0.11848072,0.14274591,0.22775964,0.3283198,0.38632354,0.5036952,0.4803547,0.58257383,0.8112146,0.98730564,1.0061361,1.1713098,1.0407575,0.924468,1.1596704,0.76070255,0.8554754,1.1727456,1.0090908,1.3421769,1.4107723,1.1313926,1.1013073,1.0934956,0.8585357,0.64448375,0.62676805,0.00048662245,0.00022930976,143.55469,401.95312,1033.5938,4521.9727,0.02721134,1319.7797,5.196504,4.9897685e+06,2.5502884,9.681316,-0.00023363977,0.99193066,0.00047997563,8.8294,11.952266,3.341444,3.7422554,-0.8163946,4.3996015,3.421532,-1.4504771,1.454405,1.8957118,-0.61060643,-3.759753,2.2472055,1.9764348,0 days 00:00:31.898465132,0 days 00:00:31.938465132
0 days 00:00:00.110000,0 days 00:00:00.150000,answer5,0.0,0.5494731,0.0,0.0,0.0,-100.0,0.2876082,0.85906035,0.0028968502,0.11451247,0.14713866,0.24612759,0.3212165,0.34656847,0.4618249,0.44106802,0.5363241,0.87214214,0.9976778,0.9680932,1.2495384,1.1092008,0.96933967,1.1710355,0.7908903,0.92447716,1.3026825,1.0666133,1.3860941,1.4819845,1.2022619,1.0612385,1.1087885,0.8844947,0.639787,0.6489609,0.0004766582,0.0017341048,875.6836,1177.1484,1693.9453,4277.9297,0.04038581,1720.278,5.270679,4.0063188e+06,2.1063886,10.75884,-0.00036472478,1.195186,0.00057623634,6.580561,5.975922,9.492999,1.1277227,-8.278561,7.349876,0.54603416,-5.1280236,1.1471046,5.1141677,-5.785253,-2.7586079,3.9268801,-3.6057117,0 days 00:00:31.908465132,0 days 00:00:31.948465132
0 days 00:00:00.120000,0 days 00:00:00.160000,answer5,0.0,0.5465147,0.0,0.0,0.0,-100.0,0.33056304,0.91536427,0.00367871,0.10449735,0.13871105,0.24656747,0.30075234,0.31403026,0.44520473,0.44079804,0.5037803,0.91899747,1.0483872,0.96765774,1.3083147,1.1742483,1.0603946,1.2447294,0.90408546,1.1799412,1.6576824,1.3540372,1.4602226,1.5842997,1.2721782,1.0162035,1.0781502,0.88702416,0.6297183,0.66335624,0.00043362658,0.0031923212,1650.8789,1966.6992,2483.496,3962.1094,0.042884797,2155.4675,5.4337935,3.0758788e+06,1.6521949,11.947627,-0.00047490487,1.42942,0.0009267377,5.5614414,-2.6245165,13.809876,2.6010773,-18.285162,14.096469,4.370891,-10.31927,3.131046,6.254835,-9.114101,1.4133714,6.5251427,-3.7015727,0 days 00:00:31.918465132,0 days 00:00:31.958465132
0 days 00:00:00.130000,0 days 00:00:00.170000,answer5,0.0,0.58049816,0.0,0.0,0.0,-100.0,0.34359732,0.9966908,0.0038103033,0.09334845,0.12432904,0.22776522,0.28191125,0.30540112,0.4362215,0.45664072,0.49382982,0.9567216,1.1378969,0.964814,1.3193896,1.2186191,1.1724751,1.3734883,1.1529051,1.6294941,2.258692,1.8101338,1.5748366,1.6088594,1.2930285,0.98674506,1.0289592,0.83598167,0.614636,0.6501863,0.00043474813,0.0033611078,1737.0117,2397.3633,2756.25,3158.2031,0.049817618,2238.1355,5.505266,2.5001655e+06,1.7345408,12.937785,-0.00049061264,1.4593223,0.0009653406,5.208734,-5.6397934,19.157972,1.6022243,-26.09423,15.640266,8.973998,-15.07297,2.1324637,5.7207837,-11.321612,4.9025335,6.9267306,1.2401263,0 days 00:00:31.928465132,0 days 00:00:31.968465132
0 days 00:00:00.140000,0 days 00:00:00.180000,answer5,0.0,0.6308594,0.0,0.0,0.0,-100.0,0.29794103,1.0453542,0.0032055778,0.077475436,0.11767677,0.21385224,0.27671343,0.33693466,0.4631319,0.47175145,0.5155913,0.9767373,1.1813508,0.93498063,1.2696949,1.1889356,1.2305496,1.4586123,1.358188,1.9789248,2.7319775,2.0989835,1.6620841,1.5326505,1.2368591,0.98388225,0.9851722,0.76595736,0.59363693,0.6143815,0.0007730623,0.0018444387,1047.9492,1650.8789,1966.6992,2899.8047,0.04042684,1714.0731,5.236334,2.7648915e+06,2.7186277,16.740189,-0.00038706078,1.1806076,0.0009093616,8.431393,0.24576537,15.530716,0.25219464,-23.150253,9.104955,8.147786,-13.085385,0.33401427,3.4781973,-6.4378757,6.508171,6.9032726,4.837347,0 days 00:00:31.938465132,0 days 00:00:31.978465132
0 days 00:00:00.150000,0 days 00:00:00.190000,answer5,0.0,0.6588883,0.0,0.0,0.0,-100.0,0.25952724,1.0171994,0.0025935725,0.06122449,0.1174404,0.21157299,0.29567215,0.3790822,0.52271193,0.4795557,0.5439451,0.975609,1.1569595,0.9064498,1.1898061,1.1139483,1.2173485,1.4128431,1.4135753,1.9505645,2.631461,1.9506592,1.6450435,1.390892,1.1371063,0.9812637,0.96815395,0.71571654,0.5735523,0.5662524,0.0011104508,0.0004303246,301.46484,875.6836,1191.5039,2684.4727,0.03906447,1206.691,4.9598575,3.1070342e+06,3.581269,19.199644,-0.00029554626,0.9069023,0.000712296,10.68866,4.9930778,12.012702,0.5207737,-18.617731,0.19171643,3.0921688,-12.815576,-3.3883536,2.1781433,-4.243051,0.9631441,4.4494896,3.4843044,0 days 00:00:31.948465132,0 days 00:00:31.988465132
0 days 00:00:00.160000,0 days 00:00:00.200000,answer5,0.0,0.683145,0.0,0.0,0.0,-64.14564,0.27177042,0.9467903,0.0049419,0.044595614,0.12053845,0.2425533,0.37088704,0.4400507,0.63928556,0.5280258,0.58873683,0.9507634,1.0716734,0.91954905,1.1116871,1.0349102,1.1708939,1.2631241,1.2809439,1.6061716,2.127156,1.5536194,1.5298858,1.2897196,1.0804063,0.98701864,0.9518292,0.6845414,0.5540508,0.51852745,0.002660718,0.00029126936,215.33203,287.10938,459.375,1679.5898,0.045467913,677.65137,4.021123,1.8431821e+06,5.964933,53.178562,-0.0007890858,0.5730662,0.0017775466,16.040453,10.001811,11.97068,-1.4859513,-16.409668,-4.512969,-3.7018492,-14.484792,-3.3168457,2.103061,-8.09864,-1.3840204,-0.15808614,-5.719658,0 days 00:00:31.958465132,0 days 00:00:31.998465132
0 days 00:00:00.170000,0 days 00:00:00.210000,answer5,206.7716,0.71486086,0.0,0.0,0.68453866,-29.616781,0.3426926,0.91802263,0.009019302,0.03287982,0.12524559,0.33234167,0.5471627,0.548419,0.82184964,0.6416213,0.69023615,0.96467835,1.0370756,1.0060003,1.106343,1.0393418,1.1559414,1.1300564,1.131869,1.2908521,1.648537,1.2437649,1.4144269,1.2578217,1.1008816,1.0074656,0.9149328,0.68118376,0.54785043,0.4826924,0.020036414,0.0005247817,200.97656,229.6875,401.95312,1076.6602,0.10736046,507.18896,3.399646,1.1220859e+06,10.0081415,179.32552,-0.0052705123,0.45243272,0.008592892,19.996267,11.401394,14.793475,-4.2580295,-18.52217,-4.772379,-5.461909,-18.92967,-8.581859,-0.9015524,-15.066905,-9.971573,-2.8883724,-9.461656,0 days 00:00:31.968465132,0 days 00:00:32.008465132
0 days 00:00:00.180000,0 days 00:00:00.220000,answer5,204.82191,0.73926634,0.21671435,0.0,0.60662585,5.642342,0.43315253,0.9882622,0.014769905,0.026832955,0.13504334,0.5025005,0.8334815,0.7515126,1.123755,0.8437238,0.8879916,1.0447192,1.1114906,1.1306342,1.1681114,1.1379766,1.1698612,1.1076897,1.1184663,1.253153,1.5480757,1.2325264,1.4341393,1.3232273,1.2110943,1.0681267,0.87494564,0.6779229,0.5497506,0.45489812,0.05112986,0.0007693072,200.97656,258.39844,387.59766,459.375,0.16505945,345.1445,2.9240992,307399.3,14.547192,336.97,-0.012277561,0.35063362,0.027998606,25.379263,13.584499,19.754824,-10.070676,-22.337646,-9.1740465,-9.272885,-20.428335,-11.458969,0.054648716,-15.27435,-11.245622,-4.279781,-9.591156,0 days 00:00:31.978465132,0 days 00:00:32.018465132
0 days 00:00:00.190000,0 days 00:00:00.230000,answer5,201.09761,0.7456896,0.19018023,0.12573797,0.6263816,5.854937,0.5097232,1.1377941,0.01925739,0.02399849,0.15056385,0.739779,1.1814189,1.1119663,1.5720941,1.1079046,1.1320573,1.1675898,1.263309,1.2412919,1.2444777,1.2654723,1.1957539,1.2062215,1.2473748,1.4488707,1.6545211,1.3960148,1.682824,1.5341142,1.3651146,1.1536655,0.84020156,0.68369436,0.55485886,0.44149145,0.0749845,0.001258707,215.33203,272.7539,373.2422,430.66406,0.18179761,322.9451,2.7447002,142388.45,16.08285,400.0085,-0.017979696,0.33776346,0.045637082,26.316824,13.632507,26.662,-12.089961,-26.93778,-12.564858,-15.922124,-20.412619,-19.714148,-3.2706985,-8.730765,-14.660403,-2.9058077,-5.280142,0 days 00:00:31.988465132,0 days 00:00:32.028465132
0 days 00:00:00.200000,0 days 00:00:00.240000,answer5,195.8832,0.742135,0.11392349,0.10015831,0.32693785,8.217308,0.55283695,1.3054434,0.021586314,0.024565382,0.16864805,0.9427927,1.4339606,1.5406345,2.1143672,1.3792368,1.2838926,1.2229775,1.3712064,1.3068024,1.3190962,1.3647591,1.2326536,1.354196,1.4849926,1.775354,1.7991314,1.6316622,2.1311471,1.8967346,1.4675231,1.2051158,0.82712936,0.68337107,0.5666283,0.43751624,0.109828554,0.0017447596,215.33203,330.17578,416.3086,459.375,0.16330253,351.46753,2.7591333,134677.11,15.368045,385.7924,-0.023058698,0.36912036,0.06482942,27.020548,12.902359,31.400839,-12.091382,-30.029818,-13.126213,-23.682312,-19.40043,-15.213847,2.367272,3.701866,-11.764892,-3.2978199,-3.5071633,0 days 00:00:31.998465132,0 days 00:00:32.038465132
0 days 00:00:00.210000,0 days 00:00:00.250000,answer5,191.72107,0.74143505,0.06184912,0.056409467,0.22016716,8.820042,0.5898559,1.4401011,0.022724455,0.023620559,0.19472457,1.050885,1.4943905,1.8944925,2.5679767,1.6017185,1.2866685,1.1817803,1.3695399,1.3683006,1.3817242,1.3529505,1.2732631,1.4801822,1.7056922,2.0816867,1.9379988,1.9293003,2.6674116,2.347764,1.4982172,1.2086333,0.83814377,0.6843012,0.5945788,0.45030376,0.12336225,0.0025897974,200.97656,330.17578,401.95312,445.01953,0.14057739,354.05453,2.8027716,153718.95,13.079219,285.85657,-0.02657756,0.36792254,0.07419432,25.84152,14.070007,35.719288,-11.918118,-31.162962,-6.737043,-26.223656,-20.724264,-14.657178,3.867891,11.107839,-9.652204,-4.383528,-3.5624866,0 days 00:00:32.008465132,0 days 00:00:32.048465132
0 days 00:00:00.220000,0 days 00:00:00.260000,answer5,189.2492,0.7520173,0.02900201,0.026050545,0.17866224,9.075382,0.6402795,1.5364051,0.024417907,0.022108844,0.22475691,1.0636692,1.416769,2.0881696,2.7359333,1.7090744,1.2077326,1.070681,1.2837834,1.4704808,1.4536595,1.2813426,1.3075681,1.546031,1.8707489,2.3273537,2.155628,2.2820075,3.2099435,2.80292,1.4863552,1.202506,0.8849036,0.71044517,0.6631722,0.49089876,0.14174323,0.0037820823,186.6211,315.8203,401.95312,445.01953,0.14149447,357.02304,2.8410406,171899.67,11.534381,230.74867,-0.032126546,0.36688352,0.08318702,24.72129,15.562345,37.85851,-11.209985,-31.82167,-2.6740048,-29.068937,-23.580118,-10.665795,7.7811675,13.302825,-9.181977,-6.2977767,-5.0631967,0 days 00:00:32.018465132,0 days 00:00:32.058465132
0 days 00:00:00.230000,0 days 00:00:00.270000,answer5,188.0399,0.76317215,0.049231395,0.017822998,0.23164284,8.768163,0.6411757,1.5828503,0.027344791,0.020030236,0.26224813,1.05052,1.310408,2.1405041,2.6467392,1.7221102,1.1697477,0.9878078,1.1927692,1.569671,1.5188478,1.2343535,1.3106714,1.5049353,1.8975344,2.3803153,2.3827076,2.559073,3.512515,3.042695,1.4863888,1.2249693,0.96624213,0.7683341,0.7594402,0.5525606,0.14114268,0.0035099213,172.26562,301.46484,387.59766,416.3086,0.122987844,332.7081,2.7645438,171422.78,12.619784,251.9873,-0.035585757,0.34202775,0.09874668,24.464193,19.216364,36.320263,-9.300537,-28.667143,-0.288807,-28.384989,-22.84504,-7.2287765,6.444467,8.606635,-11.023099,-3.8045247,-2.3611913,0 days 00:00:32.028465132,0 days 00:00:32.068465132
0 days 00:00:00.240000,0 days 00:00:00.280000,answer5,187.38441,0.7708166,0.050969135,0.027092233,0.2025551,11.235358,0.6325285,1.5879003,0.030170739,0.017951624,0.29019725,1.041565,1.2615255,2.1491446,2.4029496,1.628625,1.1899147,0.9536068,1.0955014,1.5936545,1.5161834,1.2610592,1.3168446,1.4202371,1.845067,2.2688966,2.5067034,2.640891,3.5883844,3.059946,1.5179042,1.297317,1.0689669,0.86700845,0.8681178,0.6352008,0.15811719,0.0029199633,172.26562,301.46484,387.59766,401.95312,0.09984124,322.18298,2.6325724,157379.47,14.523506,311.34586,-0.039395645,0.3346928,0.1159093,23.799528,21.987326,35.100143,-6.0514464,-28.638224,-5.2003417,-30.787935,-20.828142,-3.8009777,4.013518,4.2561502,-12.462215,-4.4530315,-0.47681174,0 days 00:00:32.038465132,0 days 00:00:32.078465132
0 days 00:00:00.250000,0 days 00:00:00.290000,answer5,186.6386,0.77504706,0.042531025,0.023035549,0.12896906,13.889163,0.6044845,1.533021,0.031617057,0.01643991,0.3064029,1.0233879,1.2269713,2.121454,2.199791,1.5023394,1.2136575,0.9293377,0.9748864,1.4853792,1.4217087,1.3227862,1.3407763,1.3014737,1.7294878,2.0252085,2.41026,2.4783776,3.3365242,2.8451016,1.5481037,1.3689693,1.1363057,0.9667773,0.94092804,0.702153,0.18011768,0.0016439768,172.26562,301.46484,387.59766,387.59766,0.08597237,307.04608,2.5358562,112628.414,17.617449,426.23767,-0.04455003,0.32654554,0.136847,24.504074,25.773455,35.938873,-3.9542701,-28.564787,-9.964108,-29.448027,-18.006277,-3.0279882,4.6329575,1.8117434,-11.167386,-0.26461482,-0.62487775,0 days 00:00:32.048465132,0 days 00:00:32.088465132
0 days 00:00:00.260000,0 days 00:00:00.300000,answer5,186.09895,0.7747782,0.019933783,0.0155067695,0.092594065,16.224632,0.618805,1.4531809,0.0326738,0.016250946,0.3105441,0.98633003,1.1825727,2.070279,2.0576909,1.3654121,1.1975762,0.90022486,0.8544426,1.3231869,1.2380694,1.3310376,1.3531231,1.2123033,1.6510204,1.8101859,2.2017117,2.2458944,2.967223,2.5973282,1.5701977,1.4231712,1.1647058,1.0477437,0.97985935,0.7408738,0.20548975,0.0019080546,172.26562,301.46484,387.59766,387.59766,0.07434684,312.6582,2.5481708,115184.75,17.166807,404.7772,-0.04880287,0.33240202,0.15087612,23.492842,27.178703,38.511597,-3.5600185,-32.213802,-11.411399,-26.958471,-18.970182,-6.0045185,4.742912,4.436407,-9.539253,0.9805346,-1.742453,0 days 00:00:32.058465132,0 days 00:00:32.098465132
0 days 00:00:00.270000,0 days 00:00:00.310000,answer5,185.84943,0.7809569,0.011970483,0.0019981049,0.13892211,16.720821,0.64764327,1.3933796,0.03414731,0.01814059,0.3080661,0.94126445,1.1364938,2.000364,1.9850755,1.3042113,1.1742544,0.8616106,0.8124354,1.1916847,1.0623641,1.3014094,1.3305092,1.1628467,1.6918529,1.7682055,2.0765724,2.0616972,2.6080732,2.4081595,1.5827297,1.4328299,1.1578912,1.0897189,1.0136873,0.76386046,0.22306992,0.0024960767,172.26562,258.39844,387.59766,387.59766,0.09039118,310.86694,2.583771,119919.664,16.982859,401.38864,-0.05497642,0.32963285,0.1665373,24.411009,27.002985,37.427525,-2.6677306,-36.535446,-7.760324,-22.621223,-19.865356,-9.619092,8.154465,4.487598,-12.574182,4.3199058,-1.9567027,0 days 00:00:32.068465132,0 days 00:00:32.108465132
0 days 00:00:00.280000,0 days 00:00:00.320000,answer5,185.85957,0.78257984,0.014562133,0.0029798355,0.1253375,17.32791,0.6915327,1.3798367,0.034888834,0.020597128,0.3064591,0.90061575,1.0941278,1.9038839,1.9097639,1.3193241,1.2009815,0.86117053,0.9013725,1.1686267,0.96023744,1.2973099,1.2686222,1.1452843,1.904088,1.9352169,2.1033967,1.9720637,2.337054,2.2893608,1.5836005,1.395389,1.156678,1.1031036,1.0678005,0.7902232,0.22247113,0.004120464,172.26562,258.39844,387.59766,387.59766,0.09128538,315.82407,2.5983322,144061.14,14.978722,321.1567,-0.057255004,0.33072057,0.17335443,24.818876,24.62049,34.84773,-1.5670619,-40.573143,-3.054758,-17.079088,-22.238434,-12.2363615,11.103508,5.483047,-16.031132,3.0352008,-1.0785831,0 days 00:00:32.078465132,0 days 00:00:32.118465132
0 days 00:00:00.290000,0 days 00:00:00.330000,answer5,185.63283,0.7849079,0.016820798,0.0035351787,0.08454692,17.337624,0.74023694,1.4208946,0.035126653,0.02248677,0.30182567,0.8686414,1.0706848,1.7787412,1.8003863,1.4140759,1.3234969,0.9130314,1.0993394,1.288834,0.98277783,1.370812,1.263199,1.2171274,2.2692087,2.1994774,2.2295487,1.9244428,2.215407,2.241645,1.5603547,1.3539416,1.1838847,1.1008497,1.1260668,0.845459,0.21626736,0.0050864634,172.26562,215.33203,387.59766,401.95312,0.10848128,310.35596,2.6580245,154266.67,14.431717,305.49643,-0.06170769,0.32267895,0.17890263,25.907867,21.523916,31.366209,-0.039354473,-39.661274,-2.2908525,-14.740018,-18.026428,-14.635842,11.687291,6.382999,-16.417624,-2.6267202,-2.528714,0 days 00:00:32.088465132,0 days 00:00:32.128465132
0 days 00:00:00.300000,0 days 00:00:00.340000,answer5,185.25432,0.78517073,0.016625406,0.0070669227,0.031408563,17.461578,0.76604587,1.4826845,0.035032917,0.02362056,0.29861572,0.8419733,1.0544205,1.6120917,1.6351142,1.578042,1.5305995,1.0148401,1.3557701,1.5382247,1.0873836,1.480906,1.3558744,1.4067502,2.66104,2.3504794,2.3282921,1.8980064,2.1325188,2.1930027,1.5178705,1.3268113,1.2058386,1.09132,1.1388752,0.9151321,0.18694735,0.005714523,172.26562,215.33203,373.2422,459.375,0.1385702,310.3476,2.6827106,179661.8,13.651303,270.20718,-0.060372967,0.3196082,0.16854961,26.64451,18.586033,28.042322,0.74639493,-38.693924,-0.5179126,-10.612294,-12.327405,-14.93823,8.628537,7.3563023,-12.965009,-10.819219,-8.100911,0 days 00:00:32.098465132,0 days 00:00:32.138465132
0 days 00:00:00.310000,0 days 00:00:00.350000,answer5,184.50146,0.7891464,0.0122513,0.010072989,0.028527273,16.540277,0.81106234,1.5565103,0.035739686,0.023431594,0.29209587,0.8082902,1.0258691,1.4231405,1.4558321,1.8166808,1.7937337,1.1446024,1.6187649,1.8968977,1.2175239,1.5721754,1.5651417,1.7667776,2.9647276,2.2908201,2.322882,1.914279,2.1155062,2.188986,1.4990406,1.3771443,1.221602,1.0913796,1.1059294,0.9794464,0.19730377,0.005886639,172.26562,229.6875,430.66406,516.7969,0.1645557,335.632,2.8089068,219995.62,13.300625,250.1504,-0.06105241,0.34432873,0.17803013,27.219992,16.153421,23.4366,-1.2499181,-36.174408,-2.5286818,-8.260535,-3.3794715,-14.842914,6.181164,8.765232,-9.234172,-17.74659,-13.821972,0 days 00:00:32.108465132,0 days 00:00:32.148465132
0 days 00:00:00.320000,0 days 00:00:00.360000,answer5,183.51117,0.79214907,0.006737324,0.012338604,0.037802935,16.065638,0.86245686,1.6298736,0.037206214,0.023053667,0.28530464,0.7653692,0.9785324,1.232469,1.2882769,2.1557379,2.1224382,1.2983589,1.9084873,2.2679527,1.3463694,1.6533738,1.8729167,2.2238343,3.019594,2.0892496,2.2337427,1.962648,2.086514,2.177682,1.5372686,1.4583763,1.2120025,1.0975329,1.068484,1.0341996,0.241697,0.0063014072,172.26562,301.46484,488.08594,574.21875,0.17665856,375.21936,2.890686,244971.12,12.771507,223.97578,-0.064539544,0.3847017,0.20506185,27.890013,14.265048,17.971708,-2.7349045,-35.93689,-0.9419504,-5.867332,3.596061,-10.94193,6.404883,5.7218304,-6.6538124,-18.641933,-20.366184,0 days 00:00:32.118465132,0 days 00:00:32.158465132
0 days 00:00:00.330000,0 days 00:00:00.370000,answer5,182.13847,0.7883157,0.0048440583,0.008984806,0.055417955,16.644522,0.9024296,1.6995482,0.037641767,0.020786092,0.27616748,0.7104165,0.90482527,1.0613518,1.1654862,2.5239704,2.4670136,1.4872574,2.2168186,2.5836608,1.4752884,1.771824,2.2379615,2.6161597,2.811054,1.9210163,2.1211765,2.0183773,2.0508573,2.1450093,1.6290178,1.5491037,1.2015134,1.107524,1.0651392,1.0702597,0.27914354,0.006747952,172.26562,401.95312,559.8633,574.21875,0.16274613,412.08926,2.9357889,251338.48,12.408424,214.02483,-0.06633851,0.4233068,0.22598054,28.05014,12.199237,13.045933,-4.5295086,-32.131165,-0.6850958,-5.9978995,8.549673,-6.305378,7.210048,1.5969514,-5.262134,-16.542028,-23.02384,0 days 00:00:32.128465132,0 days 00:00:32.168465132
0 days 00:00:00.340000,0 days 00:00:00.380000,answer5,180.71265,0.7840573,0.0024911182,0.0044814786,0.055838425,16.368996,0.9048452,1.7543043,0.036253024,0.01814059,0.26926708,0.6584969,0.8319543,0.9272819,1.0821592,2.7418926,2.6593306,1.7302567,2.5195024,2.803748,1.646339,1.9866962,2.6705043,2.8346717,2.3841743,1.8257045,2.0649126,2.0582373,2.0017977,2.0418167,1.7273146,1.6151584,1.210568,1.10924,1.1024108,1.1084753,0.24793048,0.0073791766,172.26562,387.59766,545.5078,574.21875,0.18420435,402.17654,2.9293578,273035.84,12.045166,201.63263,-0.063557304,0.4107674,0.20977817,28.280622,11.172745,8.723077,-1.5911738,-28.055267,4.524403,-8.236904,7.2111816,-0.80000085,4.2949004,-7.004003,0.6901843,-12.119514,-24.154963,0 days 00:00:32.138465132,0 days 00:00:32.178465132
0 days 00:00:00.350000,0 days 00:00:00.390000,answer5,179.73042,0.7822234,0.005042155,0.0029238926,0.054755006,15.579236,0.85787326,1.7640508,0.033454042,0.015684051,0.26281592,0.6170353,0.7762734,0.83008355,0.99271774,2.563084,2.5371225,2.0139194,2.7573032,2.9240673,1.838591,2.24012,3.046565,2.833443,1.9209428,1.7217983,2.049287,2.0768285,1.9239851,1.8916725,1.7993838,1.6293672,1.2434543,1.0976425,1.1435603,1.1342583,0.157692,0.0074973605,172.26562,301.46484,430.66406,502.4414,0.20005329,359.79312,2.8166943,283218.4,11.695667,186.5592,-0.05287224,0.36393976,0.15890634,27.600534,10.847755,6.69649,0.7592232,-18.685942,8.294345,-10.40758,3.835809,-4.8456454,-2.8861072,-12.355019,4.473706,-7.779856,-21.513992,0 days 00:00:32.148465132,0 days 00:00:32.188465132
0 days 00:00:00.360000,0 days 00:00:00.400000,answer5,179.19676,0.7883165,0.0067272387,0.0034884138,0.07101157,13.97436,0.8389556,1.7346262,0.03138664,0.014928195,0.25706002,0.58660775,0.73917824,0.7953229,0.9094071,2.0479898,2.165146,2.31129,2.9282112,2.966254,2.042085,2.4350278,3.2422323,2.7318153,1.5426064,1.5482956,2.0226495,2.055589,1.8608323,1.7899729,1.8735815,1.6053039,1.2902268,1.0801767,1.1479326,1.1254843,0.10321489,0.0078818025,172.26562,200.97656,358.88672,488.08594,0.18783127,325.66312,2.8490994,278655.22,11.252927,171.52483,-0.04680356,0.32685003,0.12959297,27.653015,10.826083,5.907183,0.65386677,-10.5545,11.087985,-13.269038,1.1431007,-10.525356,-9.435687,-13.366075,7.580275,-0.95798427,-17.333708,0 days 00:00:32.158465132,0 days 00:00:32.198465132
0 days 00:00:00.370000,0 days 00:00:00.410000,answer5,178.64922,0.7935536,0.00808435,0.00464084,0.07961219,14.633052,0.83186334,1.6818565,0.031142525,0.016250946,0.24880718,0.5592689,0.70983124,0.81524444,0.8406758,1.4694935,1.775472,2.5752828,3.0477698,2.9696133,2.2527134,2.4714153,3.1698363,2.590563,1.2877009,1.3318288,1.9533796,1.9950434,1.7955037,1.767579,1.9802707,1.549517,1.3156004,1.0654205,1.1111231,1.0793146,0.09712216,0.008537035,172.26562,200.97656,315.8203,502.4414,0.1428597,323.18646,2.903537,233239.2,11.2893715,180.59029,-0.04378679,0.32616413,0.12384864,27.97782,10.967079,3.9137313,-2.7694561,-5.232554,11.893466,-15.26167,-0.61248225,-15.364362,-10.663848,-12.209487,6.9964523,1.3505055,-16.009247,0 days 00:00:32.168465132,0 days 00:00:32.208465132
0 days 00:00:00.380000,0 days 00:00:00.420000,answer5,177.93188,0.79925376,0.0060724006,0.0039585703,0.093642354,17.695875,0.8870597,1.6463695,0.032007314,0.018329555,0.23894829,0.52889377,0.675081,0.86724716,0.81944066,1.1166787,1.5923743,2.7797127,3.1072845,2.9802988,2.507507,2.4486248,2.9460533,2.4684012,1.1375477,1.1660061,1.8317586,1.89634,1.7575145,1.8862448,2.132282,1.5247345,1.3076792,1.0653845,1.0310987,0.992466,0.12248117,0.011322743,172.26562,244.04297,373.2422,617.28516,0.109895684,349.84067,3.1591578,212807.14,10.510048,170.83025,-0.046588372,0.3540728,0.13909273,29.250803,9.820871,1.50522,-7.244968,-1.9130253,9.210137,-16.955435,1.1741222,-12.319893,-7.4011807,-12.037845,3.69645,2.8615167,-14.798612,0 days 00:00:32.178465132,0 days 00:00:32.218465132
0 days 00:00:00.390000,0 days 00:00:00.430000,answer5,177.36821,0.7993848,0.0046700593,0.0050373976,0.093044914,18.925638,0.9228013,1.638369,0.032225236,0.020030234,0.22960694,0.4981724,0.63963544,0.9192624,0.8333194,1.0132176,1.6416302,2.9308627,3.072428,2.9936113,2.826741,2.5359504,2.7294676,2.3336155,1.0286231,1.0681399,1.7127746,1.7985635,1.7088727,2.0651278,2.2548196,1.5590124,1.273356,1.0695645,0.9511611,0.91005486,0.13144718,0.013595636,172.26562,244.04297,387.59766,689.0625,0.09932661,370.89822,3.3088303,202618.67,9.634463,155.30003,-0.04879127,0.37527776,0.15007003,30.032211,9.602584,-1.9262284,-9.702827,2.2462575,7.3213024,-19.822847,2.997496,-8.238269,-3.912923,-17.518087,-0.32575718,2.9726675,-13.074433,0 days 00:00:32.188465132,0 days 00:00:32.228465132
0 days 00:00:00.400000,0 days 00:00:00.440000,answer5,176.84746,0.80102444,0.004238527,0.005745974,0.0931648,19.920275,0.9428127,1.6387821,0.03220414,0.020408163,0.22086523,0.4717071,0.6130185,0.9432943,0.8493302,1.0258056,1.8271676,3.0286262,2.939799,2.9327514,3.168741,2.8465993,2.557724,2.123863,0.9419942,1.0069216,1.600728,1.6889995,1.6371341,2.2767525,2.3024585,1.610391,1.2247944,1.0534157,0.8702977,0.8451564,0.13873117,0.014926836,172.26562,272.7539,387.59766,732.1289,0.08743331,381.6333,3.3852432,187346.69,9.001279,146.36378,-0.051720142,0.3862617,0.16056895,31.40217,9.287787,-3.7740939,-12.125293,6.7248287,7.286054,-24.298319,6.115196,-5.405212,-1.1360444,-23.186563,-7.118483,6.617172,-7.6328716,0 days 00:00:32.198465132,0 days 00:00:32.238465132
0 days 00:00:00.410000,0 days 00:00:00.450000,answer5,176.34123,0.80066186,0.004100445,0.006044356,0.08625371,19.030767,0.9303432,1.6251043,0.032358505,0.01984127,0.21560276,0.45107797,0.59235215,0.9441348,0.84985965,1.050942,2.004059,3.069886,2.7799282,2.761593,3.4403791,3.282725,2.375509,1.8511599,0.8749197,0.9775366,1.5202352,1.5982023,1.5612164,2.4282253,2.2393172,1.6153578,1.1536492,0.9857637,0.8118703,0.8172078,0.1341018,0.0150317615,172.26562,287.10938,416.3086,732.1289,0.08304611,388.47302,3.4140694,187021.58,8.839175,143.85918,-0.050302822,0.39294228,0.16105019,32.311466,9.18275,-4.61247,-12.501498,5.40608,13.003128,-27.497904,6.4108424,-5.9406495,4.169642,-27.037703,-8.787839,7.4720473,-3.2278178,0 days 00:00:32.208465132,0 days 00:00:32.248465132
0 days 00:00:00.420000,0 days 00:00:00.460000,answer5,175.5793,0.79585654,0.004273969,0.0060965144,0.06767674,19.064333,0.9275078,1.578475,0.03261411,0.018707482,0.20938466,0.43248972,0.5743785,0.92952013,0.8388513,1.0364664,2.0674593,3.0302155,2.642514,2.4962285,3.538065,3.575731,2.135888,1.5834068,0.85413736,0.9871271,1.4522387,1.5367869,1.5134522,2.4392977,2.0867841,1.554195,1.0571252,0.87858266,0.76615095,0.82387185,0.14243674,0.014256429,172.26562,330.17578,430.66406,732.1289,0.088328876,396.05908,3.4465723,185755.94,9.025402,148.29268,-0.050060913,0.4015586,0.16348845,33.00623,8.083538,-3.784012,-12.451385,1.5652567,15.181786,-28.401297,7.251592,-8.836131,6.629274,-27.494276,-8.815936,5.9284205,2.2260165,0 days 00:00:32.218465132,0 days 00:00:32.258465132
0 days 00:00:00.430000,0 days 00:00:00.470000,answer5,175.09424,0.79160815,0.00365868,0.006121131,0.05046844,18.788858,0.90970117,1.5069504,0.032531545,0.017573697,0.20445438,0.4148543,0.5543669,0.91327745,0.83132595,1.0029829,2.0309296,2.8988485,2.5334787,2.2253149,3.450918,3.5814981,1.9012374,1.4075629,0.89383143,1.0532187,1.3703111,1.5027691,1.5111793,2.3194275,1.8692055,1.4542812,0.93619776,0.7617345,0.7270071,0.8304966,0.14609961,0.0128024975,172.26562,330.17578,430.66406,717.77344,0.09616404,390.3389,3.4486787,170685.3,9.537757,172.07002,-0.049827676,0.39809772,0.1653535,34.16933,7.0917144,-2.8938043,-10.989642,-0.7673202,15.801984,-27.875925,9.065987,-11.647611,7.283507,-25.078703,-9.289901,4.033531,5.415262,0 days 00:00:32.228465132,0 days 00:00:32.268465132
0 days 00:00:00.440000,0 days 00:00:00.480000,answer5,175.02388,0.7897031,0.0027895633,0.0053057824,0.034314424,18.038984,0.87928987,1.4239746,0.031504836,0.01643991,0.19863908,0.39784357,0.53539973,0.895415,0.8240642,0.9502253,1.9350462,2.6780949,2.377341,2.0159628,3.2320926,3.3052223,1.7372961,1.3516947,0.97264034,1.1444678,1.2606484,1.4628148,1.5308628,2.120814,1.677323,1.4275328,0.8233249,0.6676565,0.692388,0.8085294,0.14083937,0.011422177,172.26562,315.8203,401.95312,703.41797,0.091619454,377.39468,3.3707626,151716.88,9.522174,175.5318,-0.047606096,0.38683307,0.15936592,34.43272,6.5739136,-1.2618335,-10.868512,2.0225127,10.970983,-26.088984,10.322237,-15.851352,7.943077,-24.734686,-9.094722,1.9536885,6.6574264,0 days 00:00:32.238465132,0 days 00:00:32.278465132
0 days 00:00:00.450000,0 days 00:00:00.490000,answer5,175.20827,0.7925511,0.0017868169,0.0041448153,0.04015411,17.135181,0.8431724,1.3427328,0.030664222,0.015873017,0.19293445,0.38405314,0.521499,0.8717003,0.8097448,0.8899638,1.8251318,2.4010332,2.146784,1.8985205,2.9963045,2.928643,1.6436688,1.3373739,1.0313339,1.1807163,1.1326267,1.4023777,1.5361661,1.9841518,1.5751861,1.470983,0.7413605,0.605721,0.65305823,0.7500119,0.12672491,0.011084285,172.26562,272.7539,387.59766,689.0625,0.0764602,363.19775,3.3059876,145897.72,9.562747,178.59612,-0.04421179,0.3726116,0.14684516,34.5413,7.6299186,-0.71452945,-12.445724,6.003998,10.8066435,-28.363855,10.501082,-16.854315,11.100403,-24.154968,-8.932052,-0.7782795,4.0284276,0 days 00:00:32.248465132,0 days 00:00:32.288465132
0 days 00:00:00.460000,0 days 00:00:00.500000,answer5,175.35942,0.79423237,0.002080267,0.0032177644,0.052265387,17.21081,0.8325235,1.2706939,0.030104257,0.015873017,0.18690163,0.3728439,0.50894874,0.8365578,0.7877038,0.8352995,1.705485,2.132412,1.8820219,1.867848,2.8280413,2.5758781,1.538991,1.2774719,1.0374855,1.1379384,1.042628,1.3489224,1.5061239,1.9123849,1.5922083,1.5556674,0.68802094,0.5679412,0.61869764,0.6936145,0.11764375,0.012024793,172.26562,272.7539,387.59766,703.41797,0.069711156,367.13013,3.3015873,158921.38,9.360224,162.41243,-0.04186468,0.37517735,0.13677816,34.226032,8.806254,-0.93974596,-15.386772,8.299893,12.623525,-30.99473,8.777572,-17.658533,17.0634,-26.346384,-8.932339,-2.5880237,2.9556732,0 days 00:00:32.258465132,0 days 00:00:32.298465132
0 days 00:00:00.470000,0 days 00:00:00.510000,answer5,175.39238,0.79474384,0.0020121415,0.0028332898,0.05994394,18.008642,0.8287061,1.2161907,0.029582262,0.015873017,0.1803664,0.36364082,0.49821422,0.7943921,0.76568955,0.80664593,1.5999714,1.9362292,1.6601095,1.8605299,2.737797,2.301569,1.3936195,1.1727558,0.9851592,1.0355978,1.0191087,1.3605494,1.4442306,1.9006952,1.700524,1.6066114,0.6696553,0.5630338,0.58882004,0.6754417,0.11012327,0.011696278,172.26562,244.04297,387.59766,717.77344,0.061134785,370.91495,3.325039,168414.14,9.397861,161.60353,-0.041418057,0.3779706,0.13307494,34.014984,10.555549,-1.8813375,-17.758482,9.061485,15.991168,-33.024033,8.299409,-14.523061,17.512062,-28.152206,-9.206178,-2.920746,0.83309346,0 days 00:00:32.268465132,0 days 00:00:32.308465132
0 days 00:00:00.480000,0 days 00:00:00.520000,answer5,175.35387,0.797189,0.0034464768,0.0032441337,0.05907494,18.839912,0.8394304,1.1825122,0.029356048,0.015873017,0.17534326,0.3559847,0.4882246,0.75152653,0.7463941,0.81103516,1.5256943,1.8385657,1.5396519,1.8578988,2.7370389,2.1297913,1.2469945,1.0545503,0.91620785,0.9373901,1.0476316,1.4137145,1.3595213,1.8967701,1.8175392,1.5940242,0.6760722,0.5837613,0.5661363,0.6778517,0.10303136,0.014271433,172.26562,244.04297,430.66406,746.4844,0.06276826,386.4199,3.3905728,176739.7,8.743585,147.66725,-0.041110158,0.39115977,0.13227905,34.493572,10.2195635,-3.4201794,-19.264334,12.027989,16.084635,-31.217255,6.023085,-12.8192625,19.265005,-29.58182,-10.2572565,-2.040184,-0.18044603,0 days 00:00:32.278465132,0 days 00:00:32.318465132
0 days 00:00:00.490000,0 days 00:00:00.530000,answer5,175.706,0.8000882,0.0047854437,0.0028267049,0.077343136,18.154474,0.857886,1.1718668,0.029329501,0.015873017,0.17152141,0.3487669,0.4794929,0.71684045,0.7306929,0.82560855,1.4935226,1.8100954,1.5020424,1.8359882,2.746542,2.0422657,1.1635594,0.9964995,0.87377864,0.89159185,1.1015139,1.4592676,1.3084686,1.9036213,1.8818184,1.5860525,0.73855644,0.6326092,0.5565777,0.67123824,0.10007334,0.015491486,172.26562,258.39844,473.73047,746.4844,0.0683847,397.5543,3.4428005,182474.17,8.402889,143.44408,-0.041075636,0.40090406,0.1335683,33.555073,10.202693,-3.8942497,-19.955786,13.5460205,13.934026,-27.51915,3.6300476,-9.077823,15.624801,-27.516174,-10.870603,-2.983475,1.2823101,0 days 00:00:32.288465132,0 days 00:00:32.328465132
0 days 00:00:00.500000,0 days 00:00:00.540000,answer5,176.42455,0.8019416,0.0056484216,0.0037853539,0.086493336,17.70169,0.87449425,1.176427,0.029610947,0.016250946,0.16781636,0.34146082,0.471141,0.6872867,0.7119847,0.8448959,1.4751053,1.797699,1.5205832,1.8225585,2.7493446,1.9880027,1.1487483,0.99650556,0.88547844,0.8831695,1.1368757,1.4731401,1.3322102,1.9268044,1.8668796,1.5915111,0.8524888,0.6963977,0.56823224,0.65077937,0.094050534,0.01759825,172.26562,287.10938,531.15234,789.5508,0.0804407,416.4747,3.5035355,201657.77,7.8370132,126.15607,-0.039895054,0.41679013,0.13125046,32.81095,9.72038,-5.2945075,-20.252481,14.172238,14.113576,-26.899103,3.7260475,-9.580948,13.099704,-22.72577,-12.375363,-6.254046,3.4016178,0 days 00:00:32.298465132,0 days 00:00:32.338465132
0 days 00:00:00.510000,0 days 00:00:00.550000,answer5,177.36168,0.8030319,0.0059701446,0.0027243868,0.08326951,18.082483,0.90096587,1.196029,0.02921804,0.017006805,0.16332576,0.333855,0.4634901,0.663845,0.7006518,0.86233336,1.4463024,1.7794923,1.5798119,1.8214002,2.7178295,1.9131697,1.1427975,1.0269122,0.9678275,0.9135898,1.1480073,1.4687456,1.4815162,2.0023098,1.8220067,1.6319095,1.0278233,0.78002495,0.60618633,0.63158554,0.09506074,0.018096527,172.26562,315.8203,545.5078,832.6172,0.08932865,430.7876,3.57249,229418.45,7.485456,111.989624,-0.04025954,0.42734027,0.12971495,30.999823,11.026851,-5.0825,-22.686775,13.899518,15.097859,-24.025713,1.5735222,-10.277431,8.572669,-14.637451,-14.852483,-8.488723,7.1877847,0 days 00:00:32.308465132,0 days 00:00:32.348465132
0 days 00:00:00.520000,0 days 00:00:00.560000,answer5,178.445,0.8035446,0.0053526033,0.003668533,0.062957145,18.555113,0.9244264,1.2284191,0.02859916,0.018896447,0.15785587,0.32601488,0.45615658,0.63656175,0.69116586,0.88795775,1.4050881,1.7623686,1.6688484,1.8125964,2.622306,1.7608223,1.1315694,1.0903363,1.0650374,0.9600226,1.135032,1.4814558,1.7273394,2.1387513,1.8235283,1.6808109,1.2937133,0.8948856,0.68105364,0.6476158,0.08401022,0.018090779,172.26562,315.8203,602.9297,890.03906,0.096519835,461.00146,3.662034,288897.5,6.8268456,84.3805,-0.038420547,0.45114446,0.12189863,28.773766,12.639847,-7.1002364,-24.311533,14.459264,14.7888565,-20.171759,3.421418,-12.18956,5.3015018,-10.64861,-13.130428,-10.797768,5.228789,0 days 00:00:32.318465132,0 days 00:00:32.358465132
0 days 00:00:00.530000,0 days 00:00:00.570000,answer5,179.36845,0.8022296,0.00576092,0.0036781384,0.063775264,18.015837,0.951462,1.2676781,0.028133206,0.02324263,0.15161613,0.3182665,0.4500784,0.6018131,0.6839752,0.92507154,1.3575535,1.7643589,1.7955523,1.8216805,2.4875124,1.5387462,1.1145784,1.1541351,1.1381274,1.0298953,1.1237668,1.5127336,1.9754952,2.2532547,1.9003118,1.7343693,1.6244669,1.0589527,0.771158,0.6721615,0.07944124,0.01934871,172.26562,330.17578,660.35156,904.39453,0.0979136,490.74698,3.7692223,320689.0,6.570434,74.674286,-0.038339894,0.47703922,0.11943402,27.108477,13.685206,-8.119433,-27.15412,14.018116,15.028354,-12.801438,-1.9100941,-10.658482,0.88596123,-5.8589025,-12.965279,-10.971855,1.7079681,0 days 00:00:32.328465132,0 days 00:00:32.368465132
0 days 00:00:00.540000,0 days 00:00:00.580000,answer5,180.56721,0.8002403,0.0063262507,0.0039061287,0.054447725,17.201998,0.9589987,1.3103476,0.027558366,0.029856386,0.14466812,0.30988827,0.44313225,0.5587173,0.66671157,0.9558969,1.3136305,1.7635069,1.9059391,1.8636347,2.3275735,1.30066,1.141651,1.2224269,1.1402094,1.130362,1.1556573,1.5562915,2.1692133,2.257141,2.008466,1.8220879,2.0273116,1.3113604,0.8686871,0.70421034,0.06473019,0.023002526,172.26562,344.53125,717.77344,961.8164,0.098197825,529.68805,3.8351243,412543.28,6.48163,68.473015,-0.03520936,0.5076694,0.11184717,24.816223,14.385394,-10.755977,-25.645735,13.646991,16.221146,-8.893937,-6.042125,-6.8341427,-2.764943,-6.2828536,-10.389924,-12.457367,-3.2724457,0 days 00:00:32.338465132,0 days 00:00:32.378465132
0 days 00:00:00.550000,0 days 00:00:00.590000,answer5,182.0827,0.794338,0.006417682,0.0026522651,0.06098178,16.451815,0.9359412,1.3365217,0.026348865,0.038737718,0.13538603,0.3004616,0.43709874,0.5128301,0.6348756,0.9570711,1.2655597,1.7201214,1.9500909,1.9282488,2.1741486,1.1197023,1.1938539,1.2522068,1.1221548,1.2099792,1.2202893,1.5837129,2.2275083,2.1220648,2.0954437,1.9026737,2.3625433,1.623279,0.9603119,0.7379481,0.053693295,0.022558274,172.26562,315.8203,732.1289,976.1719,0.09712585,542.9633,3.824323,511544.25,6.3687882,63.360394,-0.03158599,0.5149098,0.098938994,23.298162,15.292294,-12.072383,-24.38833,13.2304945,16.948015,-6.960379,-10.769101,-7.1285744,-4.240107,-5.932691,-13.026126,-12.82001,-5.5542884,0 days 00:00:32.348465132,0 days 00:00:32.388465132
0 days 00:00:00.560000,0 days 00:00:00.600000,answer5,184.71344,0.7931764,0.006209914,0.0016885021,0.10103867,16.126467,0.90495664,1.3385487,0.024509959,0.04780801,0.12653129,0.2910755,0.43327296,0.46697137,0.59038734,0.91349554,1.203554,1.6161857,1.9171683,1.973478,2.0176597,1.0320315,1.2229346,1.2296827,1.1129576,1.2513992,1.2748979,1.5779883,2.190441,1.9254495,2.1120815,1.9525738,2.5736065,1.9447838,1.0623475,0.78931016,0.039992694,0.021252794,172.26562,272.7539,732.1289,1033.5938,0.101296626,565.0765,3.7849143,680730.25,6.0094776,50.939545,-0.027493268,0.52626806,0.08390685,21.165464,17.290934,-15.007354,-20.393284,14.195886,18.95883,-6.2128263,-10.105985,-7.371259,-4.7366776,-6.956038,-13.906924,-13.826049,-6.6840553,0 days 00:00:32.358465132,0 days 00:00:32.398465132
0 days 00:00:00.570000,0 days 00:00:00.610000,answer5,187.34283,0.7958083,0.0047067576,0.0011672985,0.13678809,14.533772,0.87195307,1.3146962,0.022754371,0.054988664,0.116978526,0.27961195,0.42778918,0.41889095,0.540353,0.8536496,1.1386958,1.4976741,1.7963729,1.9552859,1.8426399,1.0320722,1.2134107,1.1897677,1.1435801,1.2139271,1.2518963,1.5276865,2.0272713,1.7316709,2.0718179,1.9859232,2.662742,2.1997492,1.1955413,0.8671039,0.034144815,0.01695936,186.6211,344.53125,746.4844,1047.9492,0.1240081,613.99274,3.8195312,878840.5,5.662723,43.075817,-0.023796296,0.5648672,0.07209395,19.836304,18.443651,-19.3049,-17.844526,13.227649,15.666177,-2.8249028,-8.7676325,-6.609564,-5.8944497,-7.645451,-16.751402,-16.817772,-7.099159,0 days 00:00:32.368465132,0 days 00:00:32.408465132
0 days 00:00:00.580000,0 days 00:00:00.620000,answer5,189.7088,0.8032487,0.0069351755,0.0016953954,0.1338483,11.816467,0.85600424,1.2748836,0.021571249,0.058201056,0.107500084,0.2652564,0.4168969,0.37513104,0.5035333,0.8272783,1.0794507,1.4086097,1.6513572,1.9031467,1.6696061,1.0710622,1.1669027,1.1389741,1.1712837,1.1446074,1.1368985,1.4710826,1.8376433,1.554037,1.9764868,2.0087712,2.6515791,2.3562887,1.3397287,0.91386294,0.038227428,0.017743079,200.97656,445.01953,760.83984,1105.3711,0.132961,667.33154,3.9165516,986501.75,5.386717,37.50104,-0.021525806,0.6120894,0.06963552,19.446032,19.06634,-23.015196,-18.702656,12.756233,14.151628,-2.9574451,-9.663543,-1.795421,-7.484339,-5.418198,-16.32186,-19.050539,-8.678376,0 days 00:00:32.378465132,0 days 00:00:32.418465132
0 days 00:00:00.590000,0 days 00:00:00.630000,answer5,191.19934,0.80664366,0.0064715873,0.0034814372,0.092861466,9.905326,0.85057706,1.2308164,0.020938821,0.058578987,0.09752994,0.24724281,0.3979117,0.34855756,0.49365273,0.86092454,1.0378387,1.3697315,1.5102688,1.8603722,1.5396124,1.1226717,1.1306626,1.1070428,1.1431757,1.0582254,0.99706745,1.4049624,1.6614906,1.3883252,1.8340721,2.0470102,2.591357,2.404968,1.4300485,0.9165029,0.050124373,0.019578412,215.33203,559.8633,775.1953,1119.7266,0.12316191,705.55194,4.072346,986431.7,5.530474,39.24065,-0.020490535,0.65167004,0.07000794,20.297367,19.147429,-26.572256,-21.188772,12.408099,9.228379,-5.1938934,-11.632427,0.9327555,-6.795803,-5.2558365,-14.206876,-19.57178,-8.792938,0 days 00:00:32.388465132,0 days 00:00:32.428465132
0 days 00:00:00.600000,0 days 00:00:00.640000,answer5,193.09132,0.7967364,0.0078708,0.0056396425,0.08581688,10.1996565,0.82423383,1.1780722,0.019943386,0.055933487,0.0877674,0.22835493,0.37650624,0.34351268,0.5038849,0.9294862,0.9960785,1.334304,1.4434067,1.8215204,1.4478517,1.1523122,1.1194316,1.0689567,1.0547115,0.9847565,0.90748453,1.3423886,1.5411267,1.2688745,1.6893724,2.0097654,2.3767393,2.323824,1.4171475,0.8603142,0.05179012,0.019322863,215.33203,574.21875,832.6172,1119.7266,0.10691627,713.5175,4.124077,889736.0,5.84915,44.19589,-0.018734435,0.66416734,0.06444198,20.977869,17.975517,-26.757324,-23.155695,12.112102,11.939891,-10.308567,-10.84407,-0.2254777,-7.0674496,-5.6370177,-12.1392565,-13.919955,-14.03598,0 days 00:00:32.398465132,0 days 00:00:32.438465132
0 days 00:00:00.610000,0 days 00:00:00.650000,answer5,195.5644,0.7866661,0.0048112515,0.0072630546,0.09629532,11.483851,0.7521243,1.1103376,0.017615983,0.052721087,0.08029,0.21044956,0.35670504,0.34016714,0.5073164,0.96626705,0.93122166,1.2254235,1.4423598,1.7548453,1.3899212,1.1315488,1.1224598,1.0407132,0.93701285,0.92235994,0.9060366,1.2790488,1.4421872,1.2042791,1.5547246,1.8493804,2.0551262,2.1265821,1.2986478,0.7937042,0.039906442,0.01723049,215.33203,574.21875,890.03906,1134.082,0.11042374,721.56537,4.1112165,879520.3,5.8939195,45.395267,-0.014647002,0.67007166,0.04908229,20.783838,16.042072,-25.690577,-20.648666,11.464187,14.15286,-11.879707,-11.088292,-1.5447564,-5.730266,-5.2394986,-10.581547,-14.5777025,-19.709583,0 days 00:00:32.408465132,0 days 00:00:32.448465132
0 days 00:00:00.620000,0 days 00:00:00.660000,answer5,198.53047,0.77252746,0.0076337005,0.006983506,0.14526178,11.911134,0.66067237,1.0245851,0.014390429,0.047430083,0.07342965,0.19099467,0.33458376,0.32088944,0.48538122,0.91705424,0.8487811,1.083736,1.4089445,1.5973922,1.3167533,1.0700477,1.1181339,1.0291786,0.84644604,0.8667626,0.9638643,1.224286,1.3251451,1.1679899,1.4503485,1.5939738,1.6885138,1.8699242,1.1249446,0.7217135,0.022257501,0.011630878,272.7539,631.6406,904.39453,1148.4375,0.12555535,747.9052,4.1374207,893490.3,5.876339,45.84315,-0.009340254,0.691832,0.030519346,19.795408,13.465003,-23.680328,-20.708319,10.502694,15.187751,-11.074786,-9.105811,0.20944516,-8.411273,-8.099243,-11.326331,-12.091301,-21.095901,0 days 00:00:32.418465132,0 days 00:00:32.458465132
0 days 00:00:00.630000,0 days 00:00:00.670000,answer5,202.20967,0.760627,0.0056850105,0.008289638,0.14585954,10.032165,0.5998427,0.93083787,0.0128599405,0.042517006,0.06654621,0.17073494,0.31295317,0.28685454,0.4526113,0.7992409,0.7628326,0.97572047,1.2889292,1.3894905,1.231524,0.97590953,1.0797616,1.0448549,0.80365115,0.8279597,1.0146681,1.1886309,1.2090344,1.1146327,1.3196915,1.3081352,1.3864374,1.6051273,0.9458318,0.64002115,0.01529228,0.007609068,344.53125,689.0625,861.3281,1062.3047,0.12521218,740.50464,3.9365776,743280.8,6.6482024,63.88506,-0.0071113114,0.6939494,0.024085289,20.57223,11.212124,-23.019823,-20.661179,6.936395,12.997243,-9.656623,-9.894982,-0.5924943,-12.462776,-7.599836,-13.210796,-14.520902,-15.782212,0 days 00:00:32.428465132,0 days 00:00:32.468465132
0 days 00:00:00.640000,0 days 00:00:00.680000,answer5,203.9841,0.7304792,0.0072242795,0.007957579,0.1778436,-27.411577,0.58445746,0.85184175,0.01264637,0.037981857,0.057959054,0.1526018,0.29661772,0.26003328,0.4376293,0.66234976,0.69940305,1.0048456,1.1024932,1.1867422,1.1587852,0.8957676,1.0390829,1.0999699,0.81406564,0.8040466,1.0179623,1.1299673,1.123763,1.0393562,1.1709219,1.0991907,1.187858,1.3614155,0.79444474,0.5506163,0.011943739,0.0055404655,358.88672,760.83984,818.2617,1019.2383,0.10436628,731.16846,3.861478,553784.6,7.4007277,82.47162,-0.0069685015,0.6955476,0.022997985,21.550978,8.17401,-23.996225,-21.855356,4.2957606,9.229727,-9.626024,-8.357266,-6.98501,-20.566788,-11.169856,-15.298889,-12.174961,-10.57628,0 days 00:00:32.438465132,0 days 00:00:32.478465132
0 days 00:00:00.650000,0 days 00:00:00.690000,answer5,0.0,0.6975992,0.0,0.0,0.0,-64.496376,0.5748778,0.80168724,0.0125190765,0.03420257,0.05058539,0.1401246,0.28798607,0.2526556,0.45859835,0.5617772,0.65507036,1.1278416,0.9443193,1.0467454,1.1388596,0.8293867,1.0338317,1.2009879,0.86332744,0.8130646,1.0004528,1.0586518,1.0979627,0.97543997,1.0175091,0.95727366,1.0326467,1.1395893,0.68637466,0.47280526,0.012132652,0.0061519197,373.2422,775.1953,832.6172,1047.9492,0.094788946,729.0516,3.85699,419908.88,7.8543916,96.19241,-0.0068019647,0.69703275,0.021636853,22.867315,4.90304,-22.651087,-19.584238,0.7957494,8.710219,-11.509609,-8.145893,-10.272158,-19.3374,-6.6481953,-12.958771,-13.485962,-9.298119,0 days 00:00:32.448465132,0 days 00:00:32.488465132
0 days 00:00:00.660000,0 days 00:00:00.700000,answer5,0.0,0.66325706,0.0,0.0,0.0,-100.0,0.5665538,0.7813776,0.011707127,0.03306878,0.047147915,0.13516851,0.29334465,0.2711648,0.5098179,0.51696867,0.63001925,1.183892,0.8413415,0.94147485,1.142873,0.7884078,1.1118716,1.3709499,0.9563003,0.8424141,1.030677,1.0121623,1.1061444,0.94255036,0.8985558,0.8719647,0.90224904,0.9425276,0.6028827,0.4229482,0.019108532,0.005147887,315.8203,645.9961,746.4844,1019.2383,0.1036733,658.1767,4.079601,397922.4,8.137223,105.79129,-0.0063908547,0.6325683,0.014594995,24.064636,2.8963974,-15.865711,-17.223396,-4.078578,2.0253484,-16.643185,-4.2607408,-8.815239,-18.92272,-9.785735,-7.411241,-12.935325,-11.157669,0 days 00:00:32.458465132,0 days 00:00:32.498465132
0 days 00:00:00.670000,0 days 00:00:00.710000,answer5,0.0,0.6515116,0.0,0.0,0.0,-100.0,0.5605954,0.78221774,0.011702747,0.03420257,0.050696284,0.13199185,0.30640337,0.31287456,0.57011503,0.53145003,0.6164098,1.1021782,0.7719323,0.84505945,1.1095581,0.79686266,1.2943339,1.5601214,1.0520126,0.8964505,1.1414496,1.0330912,1.1107717,0.94924974,0.84942764,0.82696897,0.77218646,0.7774554,0.53141063,0.39719936,0.027933195,0.004329055,330.17578,545.5078,645.9961,961.8164,0.11514487,601.2779,4.091583,399673.66,8.757802,119.242714,-0.006186463,0.5826229,0.013358983,25.691025,1.5804864,-9.666367,-14.892704,-7.4105415,-3.0933237,-21.488375,0.69933957,-5.4480247,-11.138588,-12.13107,-0.047969025,-7.410029,-12.760273,0 days 00:00:32.468465132,0 days 00:00:32.508465132
0 days 00:00:00.680000,0 days 00:00:00.720000,answer5,0.0,0.650692,0.0,0.0,0.0,-100.0,0.6100907,0.8024828,0.013112013,0.036659107,0.060809564,0.12860225,0.32981467,0.37350944,0.63879067,0.6048282,0.6156618,0.94097877,0.73602915,0.7893283,1.0406367,0.8786969,1.5610256,1.7204279,1.1568869,0.96102,1.2951638,1.1227256,1.0940247,0.9820246,0.8629482,0.8126773,0.670665,0.6356561,0.46726885,0.3843521,0.039065223,0.0067092483,344.53125,473.73047,645.9961,933.10547,0.13492073,572.7497,4.0775447,325930.22,8.924445,132.80095,-0.00819396,0.56272894,0.02093851,27.956282,-1.3438011,-8.586626,-15.792989,-6.911349,-6.9304366,-25.064611,2.8740318,-7.934105,-8.117322,-15.494598,6.0342155,-4.5297475,-13.236659,0 days 00:00:32.478465132,0 days 00:00:32.518465132
0 days 00:00:00.690000,0 days 00:00:00.730000,answer5,0.0,0.65860605,0.0,0.0,0.0,-100.0,0.62824947,0.834095,0.013949517,0.03930461,0.07179157,0.12026548,0.35161516,0.44294277,0.70817214,0.719166,0.62792176,0.8401663,0.7487729,0.7977271,0.959935,1.029921,1.8977413,1.783699,1.2354819,1.0061449,1.3958989,1.1968342,1.0535594,1.0186845,0.936282,0.81648064,0.60130715,0.5299248,0.41816887,0.37786734,0.047943577,0.0075864666,416.3086,516.7969,660.35156,961.8164,0.13646553,598.3508,3.914697,275779.22,9.230964,152.47249,-0.009294326,0.59209317,0.027495347,29.193731,-3.5656834,-12.956365,-17.81353,-5.9671874,-9.935188,-27.542564,5.762382,-9.0666485,-3.1315196,-14.06345,10.883143,0.704406,-13.588487,0 days 00:00:32.488465132,0 days 00:00:32.528465132
0 days 00:00:00.700000,0 days 00:00:00.740000,answer5,0.0,0.67859364,0.0,0.0,0.0,-100.0,0.6412393,0.86680204,0.014244159,0.04100529,0.07974359,0.11048702,0.35615358,0.4845589,0.7541321,0.807817,0.65405077,0.8582656,0.79463077,0.8880815,0.9602413,1.1965224,2.1960056,1.7755662,1.2916209,1.0449713,1.416618,1.2227272,1.0133504,1.0349998,1.0002952,0.8250284,0.5636304,0.46034527,0.37871206,0.3682995,0.041172847,0.009070095,445.01953,588.5742,760.83984,1091.0156,0.16100223,660.6799,4.134167,235409.94,8.135523,139.72206,-0.009013853,0.64541537,0.025975503,30.055395,-7.8691936,-14.269301,-18.634405,-3.5931616,-9.178146,-25.040741,5.364782,-7.003596,-3.2854269,-16.62471,9.615536,-1.4048452,-9.63002,0 days 00:00:32.498465132,0 days 00:00:32.538465132
0 days 00:00:00.710000,0 days 00:00:00.750000,answer5,0.0,0.6978474,0.0,0.0,0.0,-100.0,0.6529464,0.8948738,0.014416657,0.041572183,0.08168117,0.10477731,0.3559009,0.5077033,0.746356,0.8269364,0.73279476,0.95138216,0.8218422,0.985312,1.0131449,1.3379188,2.3688219,1.8087678,1.3292557,1.0641222,1.3766861,1.2282666,0.9939949,1.0430008,1.044535,0.83233386,0.5589414,0.43804404,0.35138884,0.3628095,0.039136007,0.0076528923,387.59766,631.6406,717.77344,990.52734,0.1697889,650.2175,3.9663913,217069.05,8.2418165,146.39764,-0.010651202,0.6385966,0.026950283,29.72959,-7.776365,-14.294318,-17.97183,-4.173182,-11.180264,-23.59076,9.26593,-7.067579,-9.978019,-22.768555,3.074659,-5.01588,-7.5101285,0 days 00:00:32.508465132,0 days 00:00:32.548465132
0 days 00:00:00.720000,0 days 00:00:00.760000,answer5,0.0,0.7001164,0.0,0.0,0.0,-100.0,0.63588405,0.91219383,0.014338621,0.041194256,0.08027303,0.10513216,0.3409586,0.48410597,0.662304,0.7453187,0.8550889,1.0413644,0.79332167,1.0361245,1.0736095,1.4038388,2.326379,1.9692063,1.358684,1.0999507,1.3526963,1.2482681,0.9901822,1.0514417,1.0805757,0.86509943,0.5854812,0.46263587,0.34053314,0.3644652,0.01981243,0.008072396,459.375,703.41797,775.1953,1119.7266,0.18639572,748.56055,3.906147,325761.62,7.3910775,112.56298,-0.008699672,0.7135362,0.02287969,26.315039,-9.868127,-14.0925665,-15.673172,-0.3448614,-6.966603,-12.42971,10.759246,-7.439722,-12.027144,-25.961412,-1.7607212,-11.319074,-8.642475,0 days 00:00:32.518465132,0 days 00:00:32.558465132
0 days 00:00:00.730000,0 days 00:00:00.770000,answer5,0.0,0.70461196,0.0,0.0,0.0,-100.0,0.6474495,0.93324924,0.013167359,0.03968254,0.07775488,0.110456705,0.3276728,0.44894087,0.56304187,0.6420745,0.9818607,1.0976562,0.7640086,1.0539471,1.1158714,1.4188353,2.1226668,2.1930711,1.3982687,1.1724871,1.3416252,1.2954454,1.0285434,1.0994928,1.1377095,0.9358807,0.66008013,0.5305045,0.3652234,0.38135907,0.020475931,0.007831612,488.08594,703.41797,789.5508,1105.3711,0.1738619,763.50006,3.9541924,389544.0,7.931124,112.481575,-0.008754161,0.72687006,0.023723388,24.014969,-7.940828,-17.23593,-17.511675,-0.79039645,-7.205293,-11.367645,9.798152,-8.863528,-12.684035,-19.701368,-4.0263777,-10.437525,-8.045371,0 days 00:00:32.528465132,0 days 00:00:32.568465132
0 days 00:00:00.740000,0 days 00:00:00.780000,answer5,0.0,0.70160407,0.0,0.0,0.0,-100.0,0.5949021,0.9408048,0.011753309,0.03911565,0.07549957,0.111957334,0.2957016,0.40766573,0.50756305,0.5783517,1.0204005,1.0559723,0.7774039,1.0488533,1.1051234,1.3611488,1.8131386,2.303992,1.4543318,1.2772903,1.3249758,1.308268,1.0788203,1.1400717,1.2099527,0.99984187,0.75370455,0.62111145,0.42903504,0.4007478,0.015348612,0.006498871,545.5078,631.6406,818.2617,1177.1484,0.15189514,773.84296,4.1183524,445077.16,8.176406,105.09002,-0.005287278,0.73356324,0.016376136,22.432129,-8.228439,-17.274843,-18.304686,-4.962747,-6.4578457,-8.088803,3.5209668,-7.8884444,-4.053551,-5.958634,-1.1895005,-5.3652987,-7.5959,0 days 00:00:32.538465132,0 days 00:00:32.578465132
0 days 00:00:00.750000,0 days 00:00:00.790000,answer5,0.0,0.71531886,0.0,0.0,0.0,-100.0,0.6010136,0.93546814,0.0116564175,0.03760393,0.075716,0.107795,0.25699005,0.39659926,0.55062556,0.59302264,0.95656174,0.9675772,0.83391976,1.0633632,1.0787351,1.270059,1.511962,2.162722,1.5218477,1.4160957,1.2851473,1.275186,1.1424321,1.1588249,1.2472094,1.032079,0.83053875,0.6773286,0.5002551,0.40957525,0.028413132,0.0061974414,459.375,545.5078,789.5508,1076.6602,0.12129149,684.52686,4.1485343,352487.25,9.237504,135.80571,-0.006447325,0.6669452,0.019538848,24.23143,-6.354281,-17.333014,-22.529861,-9.92607,-9.016732,-13.925044,-0.5329929,-9.688675,4.4657235,3.2882946,2.7685554,-0.44575068,-1.4055734,0 days 00:00:32.548465132,0 days 00:00:32.588465132
0 days 00:00:00.760000,0 days 00:00:00.800000,answer5,0.0,0.7005002,0.0,0.0,0.0,-100.0,0.58039683,0.91102916,0.012322581,0.037414964,0.08059638,0.102449834,0.22673982,0.42851195,0.68415564,0.66797715,0.8712571,0.8768015,0.8760412,1.075481,1.0331123,1.1385618,1.2418035,1.8246294,1.5986217,1.5453755,1.2209884,1.2123796,1.165291,1.1155201,1.2244176,0.9945399,0.8625097,0.6757097,0.53846526,0.40481973,0.03470379,0.0057015656,445.01953,473.73047,746.4844,947.46094,0.10049897,635.11597,3.8320446,253870.61,10.839382,195.14746,-0.0074077398,0.6328991,0.023229996,26.572777,-4.919546,-15.882236,-24.209162,-14.292851,-6.654936,-8.511751,-4.3138213,-9.410694,13.486553,7.1809134,3.8838644,-2.4182303,2.3784425,0 days 00:00:32.558465132,0 days 00:00:32.598465132
0 days 00:00:00.770000,0 days 00:00:00.810000,answer5,0.0,0.6848925,0.0,0.0,0.0,-100.0,0.5525195,0.875921,0.011837855,0.03911565,0.08340707,0.102324285,0.21314263,0.45446303,0.81142473,0.7070772,0.7918479,0.8284368,0.87152195,1.0665451,0.98644084,0.99366075,1.0512983,1.4482698,1.6701027,1.6715136,1.1746931,1.1534495,1.1400849,1.057433,1.1636397,0.94478816,0.84780407,0.6222537,0.522936,0.39538813,0.03115634,0.0046698567,430.66406,473.73047,760.83984,961.8164,0.11396831,644.66876,3.7688954,311763.2,10.458993,182.6829,-0.0067065246,0.63685244,0.020951286,25.783007,-5.031664,-14.269567,-25.669504,-14.512591,-5.1688747,-9.5751505,-7.775917,-16.745565,13.085284,1.3117696,0.8958828,-2.7083094,4.2738023,0 days 00:00:32.568465132,0 days 00:00:32.608465132
0 days 00:00:00.780000,0 days 00:00:00.820000,answer5,0.0,0.6675055,0.0,0.0,0.0,-100.0,0.50280905,0.83955646,0.01004337,0.040249433,0.082115024,0.10606644,0.21513516,0.4599788,0.86538905,0.6848586,0.74428445,0.8224454,0.8553644,1.0132776,0.9159157,0.851578,0.9131139,1.145347,1.6969371,1.7760566,1.1519641,1.115005,1.11183,1.0231814,1.0921841,0.9018803,0.82566637,0.57934946,0.48664263,0.39290085,0.020421157,0.003414749,430.66406,473.73047,789.5508,976.1719,0.107099354,674.4189,3.848113,398592.34,9.881782,159.93063,-0.0048642117,0.6579775,0.014778265,24.104338,-4.2757287,-12.430362,-27.169306,-18.071314,-0.0017210642,-4.0175185,-11.128924,-18.677723,8.434677,1.8809942,-1.3761231,0.53856325,5.9508767,0 days 00:00:32.578465132,0 days 00:00:32.618465132
0 days 00:00:00.790000,0 days 00:00:00.830000,answer5,0.0,0.6668284,0.0,0.0,0.0,-100.0,0.47554484,0.80936164,0.0094911335,0.041194256,0.07540823,0.10690483,0.2103606,0.43211985,0.81116843,0.59396625,0.6703883,0.8028156,0.8635344,0.9261169,0.82962066,0.7379499,0.83253926,0.9847126,1.6704553,1.9054829,1.2095166,1.0905534,1.1056272,1.0256292,1.0270188,0.88546896,0.8112822,0.57787895,0.46285248,0.39403105,0.011248476,0.0030338448,430.66406,516.7969,832.6172,1091.0156,0.10952274,726.4222,4.064998,539307.0,8.120557,96.48258,-0.0028332614,0.6904483,0.0088101635,21.12953,-6.678644,-11.643524,-25.825302,-18.216566,1.5822268,-4.432727,-14.681468,-21.19864,6.2140822,3.1320798,3.1840172,7.616302,6.0497746,0 days 00:00:32.588465132,0 days 00:00:32.628465132
0 days 00:00:00.800000,0 days 00:00:00.840000,answer5,0.0,0.67293257,0.0,0.0,0.0,-100.0,0.546397,0.80766916,0.011313441,0.038548753,0.072395,0.106384926,0.2145404,0.42669296,0.7184523,0.5416985,0.6191339,0.80825204,0.9225767,0.8906069,0.7836755,0.6919375,0.79799,0.91533417,1.5853664,2.0627124,1.3490971,1.0696788,1.1381779,1.081977,0.9953575,0.907207,0.8249938,0.611532,0.46734896,0.39627776,0.023333818,0.0070945937,401.95312,559.8633,818.2617,1091.0156,0.13441245,717.54364,4.077358,429964.22,8.255649,121.02476,-0.0062706596,0.6882667,0.019842165,23.795105,-5.338018,-12.637035,-28.407267,-15.954955,4.698296,-0.26777002,-19.087515,-19.080545,10.109869,0.5421734,-1.7167393,7.4540863,4.5730195,0 days 00:00:32.598465132,0 days 00:00:32.638465132
0 days 00:00:00.810000,0 days 00:00:00.850000,answer5,0.0,0.7002278,0.0,0.0,0.0,-63.584366,0.6317191,0.84270924,0.015014976,0.036092218,0.076494284,0.1198284,0.25152186,0.4574891,0.64921206,0.5794627,0.6381604,0.8847027,1.0146784,0.94182986,0.8294058,0.7020955,0.7885227,0.9270759,1.5031415,2.232189,1.5179962,1.0697292,1.1884457,1.150594,1.0072597,0.9569659,0.87707084,0.65853316,0.4861034,0.40193167,0.037264373,0.008028638,344.53125,602.9297,818.2617,1033.5938,0.17493398,676.04694,4.1031313,329584.9,8.543026,146.81306,-0.011245268,0.6549036,0.03041218,26.446083,-3.7518072,-12.531625,-29.321106,-13.828723,5.5057907,-0.33021444,-21.0613,-22.835098,6.223203,-8.393669,-11.205383,-2.1384861,0.91139364,0 days 00:00:32.608465132,0 days 00:00:32.648465132
0 days 00:00:00.820000,0 days 00:00:00.860000,answer5,229.3216,0.720771,0.0,0.0,0.26841664,-29.335539,0.7344418,0.9213278,0.019824935,0.034013607,0.08325473,0.16643916,0.3721706,0.53368205,0.62565273,0.6863389,0.75708324,1.037387,1.1313881,1.0665355,0.99793,0.7753858,0.81882447,0.97447985,1.4844685,2.3951766,1.6319876,1.1371733,1.2828937,1.2779642,1.0934155,1.0528919,0.94369787,0.69894797,0.50895184,0.42040113,0.073283166,0.010990918,287.10938,502.4414,760.83984,947.46094,0.23097126,582.97504,3.7924125,196999.3,8.853263,170.75972,-0.019061847,0.5788797,0.049807567,29.133102,-1.5815039,-10.133091,-31.261887,-10.907432,6.211221,-5.046557,-21.99694,-29.239187,-1.1389583,-17.366064,-23.701029,-12.005775,-0.92485213,0 days 00:00:32.618465132,0 days 00:00:32.658465132
0 days 00:00:00.830000,0 days 00:00:00.870000,answer5,225.96777,0.7401113,0.048210368,0.10223013,0.22556181,5.1950393,0.8709824,1.040883,0.025963686,0.032501888,0.08619169,0.25963977,0.57642025,0.6231339,0.6634307,0.8027621,1.0213593,1.2332072,1.2585601,1.2109318,1.2320548,0.91385436,0.8762395,1.0488151,1.5611792,2.4338298,1.6695982,1.3448157,1.5075784,1.5333815,1.2747635,1.1939081,0.9977603,0.7407817,0.5400973,0.45866165,0.09014705,0.020265698,301.46484,531.15234,732.1289,904.39453,0.28294334,570.4806,3.7026289,204340.05,8.143665,142.17204,-0.033361573,0.56683546,0.09539831,28.368599,-2.3942192,-8.922837,-35.76992,-8.565778,5.533556,-14.791196,-14.351975,-31.481873,-8.313533,-22.021019,-27.734438,-19.21689,-3.2824986,0 days 00:00:32.628465132,0 days 00:00:32.668465132
0 days 00:00:00.840000,0 days 00:00:00.880000,answer5,217.57288,0.73910147,0.049286366,0.078975104,0.1744684,4.681481,0.9621067,1.1754045,0.03042251,0.032312926,0.08655412,0.37957382,0.77411366,0.69360614,0.7428544,0.8517968,1.3382257,1.3738886,1.3912562,1.3735348,1.4862232,1.1300765,0.9721644,1.1478245,1.7145306,2.3518195,1.6418194,1.6115751,1.8584076,1.9183518,1.5008469,1.3409952,1.006729,0.7811484,0.5786343,0.5139678,0.10251314,0.032337304,287.10938,545.5078,717.77344,990.52734,0.2835401,569.64355,3.6855621,197642.0,6.9573517,117.916016,-0.043565232,0.56371146,0.12454703,29.962938,-3.2340758,-9.855881,-34.83797,-1.175848,8.231569,-19.97006,-11.323814,-33.179916,-5.2322197,-18.721128,-31.576437,-19.489222,-1.8834391,0 days 00:00:32.638465132,0 days 00:00:32.678465132
0 days 00:00:00.850000,0 days 00:00:00.890000,answer5,211.70753,0.7388126,0.109041296,0.07724849,0.13957568,4.634065,1.0035604,1.2940825,0.03171588,0.030045351,0.08873335,0.49585143,0.904162,0.72631764,0.83249855,0.8627636,1.5416142,1.4574504,1.5026284,1.5878626,1.7604299,1.3843002,1.0784662,1.2605554,1.8454176,2.1147656,1.6236421,1.8396698,2.2098687,2.3772576,1.7375227,1.4545294,0.9829852,0.7971757,0.61806613,0.56161034,0.09893659,0.043371275,272.7539,531.15234,760.83984,1062.3047,0.30691352,575.84106,3.729543,220805.64,6.0923514,93.67368,-0.04793608,0.5633869,0.13785136,30.375128,-3.986274,-9.973389,-35.26656,4.719414,9.32883,-25.135809,-7.742761,-35.340736,-5.4947066,-17.708906,-30.05578,-22.649778,-7.4538383,0 days 00:00:32.648465132,0 days 00:00:32.688465132
0 days 00:00:00.860000,0 days 00:00:00.900000,answer5,206.786,0.74688774,0.11150939,0.09178706,0.10902626,5.9358253,0.995792,1.3646593,0.032848943,0.026832953,0.10036891,0.5983799,0.9382231,0.7238624,0.8744629,0.8746751,1.5210716,1.5227674,1.5977627,1.7738204,1.9953178,1.5712465,1.2058293,1.3793492,1.8751885,1.8428516,1.5960113,1.9123212,2.4313354,2.733875,1.9254599,1.4805737,0.96572405,0.79200864,0.64326686,0.6053886,0.10201899,0.045414727,215.33203,416.3086,789.5508,1062.3047,0.2818519,539.99286,3.6652825,233532.62,6.3034377,102.43105,-0.051296126,0.52721405,0.14172678,31.75907,-1.823339,-9.153689,-29.41706,10.554638,12.49194,-23.355988,-3.3313048,-36.687813,-7.1992455,-15.752522,-25.132858,-19.651146,-7.145803,0 days 00:00:32.658465132,0 days 00:00:32.698465132
0 days 00:00:00.870000,0 days 00:00:00.910000,answer5,203.54305,0.75757486,0.09902144,0.08274659,0.11083213,5.4765067,1.0399936,1.3900601,0.039028015,0.022675738,0.12806548,0.69019365,0.9611416,0.7079229,0.83904475,0.8770132,1.3067784,1.6112314,1.6967858,1.8768164,2.1325514,1.6556398,1.3613232,1.4817725,1.7911196,1.6501044,1.5753435,1.895431,2.463915,2.8894832,2.064872,1.4459529,0.9675649,0.7827118,0.65456086,0.6342221,0.108504735,0.05105403,200.97656,272.7539,818.2617,990.52734,0.33442596,496.3939,3.3338387,237089.44,6.5426908,109.35702,-0.07389585,0.48394683,0.20510578,31.583818,-1.5002818,-6.11873,-26.126534,17.37452,17.312403,-21.5249,-0.40117392,-36.964935,-12.150041,-20.19008,-20.665598,-14.37362,-9.938789,0 days 00:00:32.668465132,0 days 00:00:32.708465132
0 days 00:00:00.880000,0 days 00:00:00.920000,answer5,200.83838,0.76855797,0.018104529,0.04646663,0.12931454,8.068471,1.0997381,1.4026514,0.05043013,0.018140588,0.17654695,0.8012109,1.0021783,0.6922493,0.7649308,0.87597656,1.1108726,1.740591,1.7881817,1.8391594,2.0970173,1.6972423,1.5265423,1.57059,1.6579018,1.5766977,1.6052803,1.9122801,2.439703,2.8790243,2.1772373,1.4109459,0.9964374,0.80259824,0.6625966,0.6649484,0.1409459,0.047619134,186.6211,258.39844,617.28516,875.6836,0.36359873,425.65976,2.9263146,181617.25,8.39574,190.92378,-0.124577165,0.421986,0.3091887,33.496624,1.466566,-3.0761805,-22.088762,19.86913,23.348928,-14.269417,3.8330958,-30.989447,-12.084759,-23.750343,-20.83919,-10.326918,-7.697727,0 days 00:00:32.678465132,0 days 00:00:32.718465132
0 days 00:00:00.890000,0 days 00:00:00.930000,answer5,198.17358,0.76876664,0.009838105,0.0032103874,0.15334575,9.494822,1.1240002,1.4110171,0.061747048,0.015684051,0.26190332,0.93676656,1.0739312,0.67601436,0.68880415,0.87131476,1.0309812,1.8478609,1.8539613,1.7489463,1.952837,1.8356466,1.6331936,1.578937,1.5470835,1.6339482,1.6390691,1.9571257,2.4072466,2.682634,2.1840932,1.3995911,1.0295018,0.8448009,0.6834889,0.6867663,0.16986835,0.046521004,172.26562,200.97656,416.3086,775.1953,0.35118845,337.462,2.4801126,120304.875,9.534844,255.69844,-0.18394597,0.3418386,0.42543963,35.28451,3.6420727,-1.3428186,-17.478485,22.450209,28.586502,-10.307202,5.065637,-22.69719,-10.2217,-26.683456,-23.253708,-11.6050415,-6.0888042,0 days 00:00:32.688465132,0 days 00:00:32.728465132
0 days 00:00:00.900000,0 days 00:00:00.940000,answer5,196.41106,0.7706087,0.011316054,0.0038808149,0.12854233,12.341891,1.1317183,1.4119811,0.068144865,0.016250944,0.3631668,1.0777689,1.1474863,0.6548723,0.6380424,0.9225547,1.0518264,1.8676127,1.8377562,1.6795788,1.8246107,2.034889,1.6375271,1.5496787,1.4792633,1.6719241,1.6454153,2.0265112,2.372943,2.3730876,2.0762932,1.4135107,1.0713853,0.87789947,0.7179761,0.69793004,0.19909559,0.047555882,172.26562,186.6211,215.33203,746.4844,0.289419,284.3039,2.274398,85679.03,10.367986,307.92456,-0.22536366,0.29271874,0.49480915,36.98303,6.121952,-2.3397253,-13.798785,23.022738,28.782072,-9.297469,6.2185845,-15.239173,-8.36607,-24.953012,-21.412758,-20.229746,-6.38125,0 days 00:00:32.698465132,0 days 00:00:32.738465132
0 days 00:00:00.910000,0 days 00:00:00.950000,answer5,195.13142,0.77161676,0.013802865,0.0043699346,0.0984751,12.591618,1.1347862,1.3892232,0.06525613,0.019085413,0.45392165,1.1532362,1.1606377,0.65237397,0.61712635,1.0358402,1.1011933,1.7262357,1.7672955,1.6678438,1.7866033,2.1818783,1.5788358,1.4764748,1.4546318,1.6038793,1.5436529,2.0239975,2.297178,2.027343,1.9012651,1.4034754,1.1326106,0.891427,0.7632509,0.7175986,0.18401372,0.06332611,172.26562,172.26562,215.33203,803.90625,0.31169936,296.56433,2.427812,101946.375,9.143947,248.75188,-0.20619172,0.3023429,0.4707009,37.04234,7.691536,-5.2069316,-12.617859,25.565496,26.787325,-14.4420805,6.5285068,-13.614812,-3.269371,-17.302855,-18.452518,-22.71266,-6.407028,0 days 00:00:32.708465132,0 days 00:00:32.748465132
0 days 00:00:00.920000,0 days 00:00:00.960000,answer5,194.1139,0.7716945,0.012698793,0.0075674355,0.110960536,11.927875,1.1119947,1.3537416,0.054382548,0.02324263,0.484805,1.0969819,1.0629083,0.66327393,0.6299477,1.1587349,1.1149158,1.4566308,1.6881415,1.7274748,1.8482528,2.2269747,1.5427262,1.4411345,1.4342262,1.4432606,1.4204632,1.9986024,2.1472716,1.8215369,1.7584157,1.3653649,1.2170558,0.8904876,0.8025642,0.7551312,0.16203777,0.0758921,172.26562,244.04297,401.95312,961.8164,0.36377645,378.8259,2.9078586,158454.86,7.6395373,179.49641,-0.14538416,0.37592968,0.35820946,35.838203,6.3754344,-8.299342,-12.886022,23.84313,23.279167,-19.318478,5.449614,-11.023247,2.787431,-10.786621,-12.559937,-22.247643,-8.719756,0 days 00:00:32.718465132,0 days 00:00:32.758465132
0 days 00:00:00.930000,0 days 00:00:00.970000,answer5,193.34839,0.77474135,0.010114794,0.005870191,0.13829514,9.278865,1.0759025,1.3222781,0.042422388,0.02702192,0.45772222,0.93112165,0.8707096,0.6775171,0.6678345,1.2556987,1.0940467,1.1598291,1.6423484,1.8000761,1.92173,2.2185278,1.5871042,1.4356909,1.4234629,1.29458,1.356141,1.9271868,1.9851846,1.8329382,1.702495,1.3051916,1.3029323,0.89311486,0.82731587,0.8087308,0.12214101,0.078033864,172.26562,258.39844,645.9961,1091.0156,0.35500455,464.95694,3.371517,239934.3,6.6316094,113.349,-0.08149783,0.45087218,0.231776,33.84695,3.8796403,-9.838844,-12.947121,23.2232,20.345808,-23.47583,8.16558,-8.627154,9.167149,-5.8793426,-10.589867,-16.270365,-9.38382,0 days 00:00:32.728465132,0 days 00:00:32.768465132
0 days 00:00:00.940000,0 days 00:00:00.980000,answer5,192.7936,0.77758837,0.008845902,0.004885338,0.19027059,7.876577,1.0451093,1.2947431,0.036322642,0.027966743,0.39674065,0.7381549,0.6690658,0.66807026,0.708761,1.2940902,1.0503626,0.91910046,1.6244787,1.8141893,1.9348965,2.2795656,1.7085508,1.4596077,1.3917422,1.2401606,1.3450059,1.8081132,1.8529595,1.9412068,1.6677394,1.2470407,1.3236607,0.89790773,0.84019905,0.841947,0.10837656,0.071138225,172.26562,272.7539,775.1953,1148.4375,0.25733873,506.68118,3.5951424,269101.06,6.13916,96.03408,-0.057280514,0.48844847,0.17620106,33.44457,1.7057581,-11.282733,-10.715954,22.653854,16.338459,-26.223131,10.845947,-5.796552,9.667197,-4.8532453,-9.917739,-13.702442,-11.4977,0 days 00:00:32.738465132,0 days 00:00:32.778465132
0 days 00:00:00.950000,0 days 00:00:00.990000,answer5,192.52815,0.7848215,0.010656358,0.0022632119,0.20652889,6.9224486,1.0399337,1.2647974,0.03718436,0.0287226,0.3397543,0.60084957,0.5408695,0.65147537,0.7336865,1.3029215,0.99747133,0.7651262,1.5951018,1.7417883,1.8856258,2.3608768,1.8553977,1.5125456,1.3548217,1.2626505,1.3537863,1.6426564,1.7720324,1.9664818,1.5905094,1.2105547,1.281837,0.89402246,0.8419207,0.82996726,0.12066054,0.066050336,172.26562,215.33203,703.41797,1091.0156,0.1497641,475.78223,3.496928,250191.3,6.5348144,107.79972,-0.06283704,0.46165824,0.18529952,34.60954,1.8198477,-10.977765,-8.269198,22.03039,13.083415,-26.396652,8.845966,-6.6612115,8.834683,-4.2935243,-10.493367,-12.852993,-10.958252,0 days 00:00:32.748465132,0 days 00:00:32.788465132
0 days 00:00:00.960000,0 days 00:00:01,answer5,192.56917,0.7862207,0.009631193,0.008476242,0.12551413,8.147388,1.0569438,1.2321167,0.03949948,0.027777776,0.30262467,0.53918403,0.5032696,0.65987974,0.7604737,1.3029974,0.96151,0.68809223,1.5526155,1.6283379,1.8255993,2.4159336,1.9554772,1.5407478,1.3015367,1.2829648,1.3313364,1.4604412,1.7252163,1.8650204,1.506177,1.2170161,1.1994916,0.88299155,0.8423855,0.78371286,0.15246935,0.064979084,172.26562,215.33203,574.21875,1033.5938,0.1351839,437.04843,3.376298,204016.48,6.769726,120.66349,-0.07481844,0.43034875,0.2171186,36.276333,3.738659,-11.821607,-8.728593,22.04509,9.410973,-28.717392,6.109614,-6.6532598,9.174299,-7.3212686,-9.813653,-13.266205,-12.251315,0 days 00:00:32.758465132,0 days 00:00:32.798465132
0 days 00:00:00.960000,0 days 00:00:01.000997732,answer5,192.6522,0.78640574,0.006315159,0.0115665635,0.093733944,9.519204,1.0606676,1.1990746,0.03952153,0.028911566,0.27952483,0.5214291,0.51729494,0.6901436,0.7921562,1.3147507,0.9599399,0.68577033,1.4914743,1.5279092,1.768704,2.3773115,1.9486036,1.545067,1.2554927,1.260895,1.3077091,1.319876,1.6647326,1.6809262,1.4387032,1.2644706,1.1329414,0.8669484,0.83218557,0.73098,0.16841356,0.06006593,172.26562,215.33203,574.21875,990.52734,0.11928356,436.53796,3.3921356,191487.14,7.090828,130.45045,-0.076052345,0.43301967,0.2217073,36.645092,4.149958,-12.548843,-10.93753,21.116549,8.448987,-25.593672,7.096227,-6.482406,9.787375,-10.461162,-9.684888,-14.520687,-11.5339775,0 days 00:00:32.758465132,0 days 00:00:32.799462864
0 days 00:00:00,0 days 00:00:00.040000,answer6,215.41606,0.7817719,0.0,0.0,0.20585136,14.967738,0.49675965,0.98834115,0.013982102,0.027210884,0.12921618,0.27204838,0.41952792,0.5544473,0.66972893,0.76589614,0.84702843,0.9178292,0.9822495,1.0430994,1.1020993,1.1600702,1.2171308,1.2728368,1.3262117,1.3755809,1.4180565,1.4484811,1.4578775,1.432704,1.3587462,1.2323397,1.069155,0.8959276,0.7342484,0.5943311,0.035525978,0.0031203358,229.6875,315.8203,445.01953,631.6406,0.041068055,396.9541,3.093565,118843.46,9.059837,220.2105,-0.008815542,0.4080188,0.025041977,34.57573,0.0652194,-0.4511049,-21.137796,-8.138598,10.172282,-34.09552,-26.533411,4.270271,-11.053104,-14.5937605,-21.82332,-13.79171,-7.0785484,0 days 00:00:40.640640641,0 days 00:00:40.680640641
0 days 00:00:00.010000,0 days 00:00:00.050000,answer6,212.76271,0.78046393,0.011268443,0.0,0.20306557,11.338276,0.48520622,0.98834115,0.012983962,0.02834467,0.12921618,0.27204838,0.41952792,0.5544473,0.66972893,0.76589614,0.84702843,0.9178292,0.9822495,1.0430994,1.1020993,1.1600702,1.2171308,1.2728368,1.3262117,1.3755809,1.4180565,1.4484811,1.4578775,1.432704,1.3587462,1.2323397,1.069155,0.8959276,0.7342484,0.5943311,0.03379109,0.0033677109,301.46484,387.59766,516.7969,746.4844,0.08223636,458.55078,3.2674503,117913.99,9.424343,240.8041,-0.007724177,0.46999082,0.02429658,34.6281,0.95126724,-3.6981647,-23.390116,-8.479214,7.63537,-33.92403,-22.86556,7.050178,-1.6374906,-11.272639,-21.175127,-10.54499,-3.289725,0 days 00:00:40.650640641,0 days 00:00:40.690640641
0 days 00:00:00.020000,0 days 00:00:00.060000,answer6,209.62183,0.7838228,0.015245612,0.0078543015,0.18100977,8.201764,0.4619074,0.98834115,0.011219002,0.030234316,0.12921618,0.27204838,0.41952792,0.5544473,0.66972893,0.76589614,0.84702843,0.9178292,0.9822495,1.0430994,1.1020993,1.1600702,1.2171308,1.2728368,1.3262117,1.3755809,1.4180565,1.4484811,1.4578775,1.432704,1.3587462,1.2323397,1.069155,0.8959276,0.7342484,0.5943311,0.027855054,0.0029280244,373.2422,502.4414,645.9961,803.90625,0.11098236,534.90106,3.5512965,124484.9,9.938273,261.00757,-0.0058434824,0.54445434,0.020156203,34.460293,1.0822941,-7.0884604,-27.640726,-6.682759,6.774877,-28.465073,-19.346674,6.224533,6.0624766,-7.16849,-18.502296,-5.26433,2.1652887,0 days 00:00:40.660640641,0 days 00:00:40.700640641
0 days 00:00:00.030000,0 days 00:00:00.070000,answer6,206.41649,0.7851637,0.014612292,0.009512671,0.11833037,6.8811984,0.47897533,0.98834115,0.010762111,0.030612245,0.12921618,0.27204838,0.41952792,0.5544473,0.66972893,0.76589614,0.84702843,0.9178292,0.9822495,1.0430994,1.1020993,1.1600702,1.2171308,1.2728368,1.3262117,1.3755809,1.4180565,1.4484811,1.4578775,1.432704,1.3587462,1.2323397,1.069155,0.8959276,0.7342484,0.5943311,0.019656606,0.0044272062,488.08594,574.21875,746.4844,1047.9492,0.1069041,625.79987,3.7155597,138516.0,8.319904,209.27916,-0.005366797,0.6257188,0.019009823,34.041286,-2.2507665,-13.135201,-30.0346,-4.8044944,9.84669,-24.46673,-12.637673,9.117539,4.655068,-8.461297,-25.080008,-12.695483,2.216946,0 days 00:00:40.670640641,0 days 00:00:40.710640641
0 days 00:00:00.040000,0 days 00:00:00.080000,answer6,204.72041,0.79382735,0.018266054,0.012077957,0.12815465,6.7791314,0.4947789,0.99670774,0.012189378,0.030612245,0.124839894,0.2764534,0.41667417,0.53579074,0.62957895,0.79771143,0.9105303,0.9791952,1.0159168,1.0552884,1.1275896,1.1604414,1.2284257,1.3357757,1.3336439,1.3594341,1.3916475,1.4274803,1.480567,1.4326214,1.3514404,1.2316712,1.074101,0.8978643,0.73968166,0.6000361,0.023127263,0.0037033784,430.66406,617.28516,746.4844,976.1719,0.10422812,612.8183,3.6272628,126047.625,8.094792,213.04573,-0.006669877,0.6151576,0.023550967,34.416813,-2.2368271,-14.344804,-30.555578,-6.203396,10.987362,-18.937553,-9.029137,4.59165,-2.5239952,-12.335785,-27.037514,-17.800413,-2.3703306,0 days 00:00:40.680640641,0 days 00:00:40.720640641
0 days 00:00:00.050000,0 days 00:00:00.090000,answer6,203.28517,0.80217093,0.01551582,0.013271712,0.11773644,7.8021035,0.5369713,1.0148357,0.014989473,0.029667422,0.11991175,0.30455634,0.43589365,0.50711304,0.5616545,0.8830525,1.0220991,1.1000301,1.0887816,1.0546576,1.1163603,1.1663829,1.2749954,1.447395,1.3646832,1.3270836,1.3712,1.404544,1.5028478,1.4269232,1.3355953,1.2241422,1.0761834,0.90090054,0.7509076,0.61783427,0.037474547,0.003526474,373.2422,617.28516,689.0625,947.46094,0.114695795,587.0655,3.3352234,97435.055,7.167633,209.24788,-0.01120491,0.59541184,0.038799357,35.93408,-1.3722461,-15.006076,-28.217865,-8.646475,12.419049,-16.796917,-0.47279072,7.050608,-8.526679,-20.057455,-32.440594,-24.127134,-8.55609,0 days 00:00:40.690640641,0 days 00:00:40.730640641
0 days 00:00:00.060000,0 days 00:00:00.100000,answer6,201.85966,0.80776453,0.014912247,0.012318694,0.15583198,9.033313,0.55138105,1.0426635,0.01692702,0.02834467,0.11749721,0.36383203,0.48638877,0.4738238,0.4796594,1.0232787,1.1798147,1.2516041,1.1688825,1.0413774,1.0825967,1.206643,1.3743992,1.561257,1.4153086,1.2849747,1.3751501,1.3795079,1.506236,1.406797,1.3190454,1.2030005,1.0680621,0.91320986,0.7739425,0.65295833,0.04489169,0.002482509,244.04297,602.9297,645.9961,803.90625,0.107684635,529.38153,3.209794,88472.81,7.0733333,216.9063,-0.013340664,0.5440758,0.04698655,37.287167,0.46036148,-13.541641,-25.759186,-8.367464,13.227473,-14.060437,2.6969478,7.568587,-10.297141,-25.384705,-34.245693,-21.313631,-10.755203,0 days 00:00:40.700640641,0 days 00:00:40.740640641
0 days 00:00:00.070000,0 days 00:00:00.110000,answer6,200.01378,0.8067739,0.008982312,0.010926942,0.11739687,12.62088,0.56516254,1.0684328,0.017581029,0.025510205,0.12699546,0.4387264,0.5635657,0.46018526,0.43746868,1.1402508,1.2614967,1.3805443,1.2293372,0.9901441,0.99302226,1.312975,1.5357059,1.590882,1.4871254,1.2668852,1.4068089,1.3663044,1.4828922,1.376862,1.3048614,1.1820347,1.0469515,0.91343707,0.80055314,0.6832376,0.044741318,0.0027618147,229.6875,602.9297,689.0625,803.90625,0.09849582,523.9467,3.1796534,93541.0,6.2177143,184.39555,-0.014733642,0.5366107,0.050680924,38.18326,-0.24924238,-13.143327,-22.081663,-6.334699,14.636597,-12.527253,7.124228,10.177849,-11.753306,-30.111563,-34.86291,-18.398643,-8.206576,0 days 00:00:40.710640641,0 days 00:00:40.750640641
0 days 00:00:00.080000,0 days 00:00:00.120000,answer6,197.10724,0.7944193,0.0070741116,0.008433735,0.108758055,14.612117,0.56550294,1.0875038,0.01793646,0.021352986,0.14459799,0.501355,0.62955415,0.4546341,0.41707894,1.1710473,1.255254,1.4789277,1.2460619,0.95657915,0.9554495,1.5125923,1.6501513,1.5548677,1.5550214,1.2917334,1.4558247,1.3346761,1.4312192,1.3384242,1.3244754,1.1528918,1.0199149,0.89567393,0.83603716,0.7110555,0.035211027,0.0037868426,215.33203,473.73047,717.77344,818.2617,0.094940566,487.1512,3.1685362,110612.49,5.7946906,150.49544,-0.014768715,0.4956435,0.04715106,38.23612,-0.10719923,-12.962502,-17.510546,-3.778403,17.708822,-12.947105,3.8821294,5.6315875,-6.4965596,-33.51771,-37.90581,-14.770947,-7.0964622,0 days 00:00:40.720640641,0 days 00:00:40.760640641
0 days 00:00:00.090000,0 days 00:00:00.130000,answer6,194.45166,0.78500557,0.0071785315,0.007382684,0.079927854,16.221975,0.5596033,1.0993624,0.018665811,0.017195767,0.16872911,0.5447152,0.67634773,0.45774165,0.4093524,1.0985907,1.1385903,1.5135664,1.2214189,0.93583536,0.9678959,1.7174101,1.6887499,1.5277438,1.6547976,1.3610158,1.4775215,1.2883472,1.4007893,1.3201278,1.3607044,1.1362306,1.0330228,0.86558205,0.8814905,0.73710394,0.030985216,0.0040586474,200.97656,344.53125,574.21875,775.1953,0.10287806,421.88138,2.9819648,111986.336,6.826559,165.74059,-0.016237626,0.42897043,0.04399665,37.838146,1.2433015,-9.7028265,-11.065796,-0.87987083,17.204548,-12.754231,5.451075,4.458512,-6.9585114,-30.578966,-38.790726,-16.267962,-1.6042897,0 days 00:00:40.730640641,0 days 00:00:40.770640641
0 days 00:00:00.100000,0 days 00:00:00.140000,answer6,192.05998,0.7722283,0.009236335,0.006102718,0.06564029,14.480858,0.55366087,1.108015,0.02048348,0.015495087,0.20366855,0.58694524,0.713341,0.4756498,0.41111484,0.9932671,1.0026873,1.473106,1.1345886,0.9371555,1.006808,1.8130318,1.591159,1.5374266,1.7846375,1.4715389,1.5019398,1.2568039,1.3860774,1.3259789,1.4259506,1.1319187,1.0784693,0.8462706,0.9348934,0.7839604,0.0301523,0.0035934823,186.6211,215.33203,387.59766,717.77344,0.11015711,346.53174,2.7428963,100682.91,8.959914,239.87224,-0.019968292,0.35534796,0.04783703,37.827343,5.29555,-4.9251857,-8.466582,-1.5947905,20.144236,-9.73105,2.3878672,0.9738333,1.5105587,-27.518095,-39.75134,-16.87591,-0.6985545,0 days 00:00:40.740640641,0 days 00:00:40.780640641
0 days 00:00:00.110000,0 days 00:00:00.150000,answer6,189.71333,0.7590286,0.011932905,0.0065938756,0.098438464,13.17138,0.55366176,1.1209944,0.02194523,0.015306123,0.2546738,0.63522196,0.74911475,0.52155375,0.4401127,0.8871209,0.88733464,1.3645681,1.0056429,0.92586327,1.0092725,1.7106959,1.444115,1.5845305,1.9691159,1.6341838,1.555529,1.3032428,1.4193035,1.3579024,1.5038519,1.1830202,1.13916,0.85711837,0.9699068,0.8337018,0.031629425,0.002493759,172.26562,200.97656,215.33203,645.9961,0.10522435,293.6179,2.561916,87247.35,11.669778,332.67383,-0.023582028,0.30438292,0.053165745,37.43761,7.2782626,3.252653,-6.798184,-4.7473483,19.02282,-6.341055,1.6059546,0.31096253,0.66856986,-23.543463,-32.709576,-17.460644,3.7439086,0 days 00:00:40.750640641,0 days 00:00:40.790640641
0 days 00:00:00.120000,0 days 00:00:00.160000,answer6,183.72192,0.74326116,0.010433267,0.011123031,0.073924206,13.293117,0.58472717,1.1531476,0.021717077,0.015495088,0.31062937,0.6554273,0.739448,0.62034655,0.51301277,0.8286478,0.83686894,1.2561139,0.87782496,0.91618776,0.9458558,1.4609541,1.2882899,1.7141262,2.2390897,1.8722835,1.7015786,1.4777006,1.4966835,1.3768021,1.6187912,1.3058761,1.1816982,0.8801193,0.98750323,0.8799751,0.045538854,0.0021792047,172.26562,244.04297,330.17578,660.35156,0.16534293,329.83585,2.880833,103283.71,11.784579,319.23285,-0.0231367,0.3420216,0.057800263,36.630615,7.632338,7.5564675,-9.972195,-15.2402115,17.518095,-3.1547518,-1.8230127,-4.862354,9.564084,-18.558342,-22.034592,-15.638615,3.4963522,0 days 00:00:40.760640641,0 days 00:00:40.800640641
0 days 00:00:00.130000,0 days 00:00:00.170000,answer6,177.7525,0.73824817,0.010835561,0.01249462,0.1292426,11.6521225,0.59028643,1.2075945,0.021173554,0.014172335,0.35360435,0.6351289,0.6836814,0.77679366,0.61271507,0.79675275,0.8110663,1.1547407,0.8036482,0.92517,0.84955186,1.1947379,1.1881913,1.9112395,2.534952,2.1462615,1.9872583,1.7262157,1.5956358,1.3805279,1.8136746,1.4874992,1.2024065,0.8881097,1.0115658,0.9263281,0.051135898,0.002116859,172.26562,244.04297,373.2422,631.6406,0.17293037,334.09024,3.0696335,117952.195,12.047718,291.5789,-0.02055309,0.34603366,0.055397827,34.93484,7.3626084,11.127198,-9.32157,-17.47048,15.172211,-3.3795319,-2.4434683,-9.523922,10.313076,-16.013758,-10.951865,-12.651706,3.2415998,0 days 00:00:40.770640641,0 days 00:00:40.810640641
0 days 00:00:00.140000,0 days 00:00:00.180000,answer6,173.54155,0.7443924,0.0072632707,0.01351009,0.12351947,8.448713,0.5810975,1.2666494,0.022672808,0.011904762,0.37594613,0.5904127,0.60867053,0.96562237,0.69709176,0.7803499,0.7620017,1.0279813,0.8002577,0.9323526,0.7554788,1.0018495,1.169285,2.0921974,2.7916396,2.3698292,2.2721121,1.9256433,1.6950423,1.3747922,2.0516114,1.6900796,1.2481235,0.88547724,1.0798389,0.9891987,0.059721757,0.0019342647,172.26562,244.04297,373.2422,545.5078,0.21913262,317.77884,2.981845,109538.9,15.571698,479.27573,-0.024048656,0.3307067,0.0672988,33.404846,10.891978,12.453235,-5.980847,-17.263346,14.034757,-4.3804016,-6.8473163,-15.612263,14.511073,-13.497105,-5.994898,-9.393727,1.5358324,0 days 00:00:40.780640641,0 days 00:00:40.820640641
0 days 00:00:00.150000,0 days 00:00:00.190000,answer6,173.204,0.7554689,0.025034072,0.030585652,0.15269454,6.5274315,0.60395485,1.312687,0.028260788,0.010204081,0.39193466,0.5759461,0.58289045,1.1468232,0.7505583,0.76026344,0.6912532,0.8913541,0.8429017,0.9217364,0.6979905,0.9206433,1.1833419,2.1552527,3.006015,2.5247843,2.4170406,1.9868222,1.7417258,1.387894,2.2662227,1.8413559,1.3028625,0.88120675,1.1914614,1.069582,0.08267053,0.002163863,172.26562,186.6211,287.10938,416.3086,0.184987,258.17667,2.6203432,77505.055,17.592783,575.8671,-0.041407194,0.27175808,0.11045722,34.20396,13.4802065,16.29792,0.14940898,-15.341544,13.185008,-5.837957,-6.7764435,-19.921936,12.45047,-14.305345,-9.368157,-7.929462,5.0128574,0 days 00:00:40.790640641,0 days 00:00:40.830640641
0 days 00:00:00.160000,0 days 00:00:00.200000,answer6,173.22331,0.7625974,0.023204269,0.031823184,0.10927222,9.600898,0.6436212,1.343194,0.034413178,0.009637188,0.41429675,0.6176057,0.63407046,1.2845815,0.78553957,0.69919544,0.61589986,0.7648546,0.8756259,0.8811484,0.7021549,0.9223905,1.2399554,2.0987637,3.1767452,2.6039112,2.3721411,1.9710757,1.7951881,1.4646798,2.3580744,1.9202385,1.3667656,0.9070754,1.3066477,1.1444176,0.12358139,0.0027265379,172.26562,172.26562,287.10938,344.53125,0.17597061,237.35286,2.3734808,55911.145,20.493826,749.5549,-0.059892844,0.25235936,0.16482307,33.990414,15.092811,19.479471,4.2202992,-13.942555,12.914535,-11.110223,-9.888372,-22.178583,11.165919,-12.459165,-13.746724,-8.220856,8.8280115,0 days 00:00:40.800640641,0 days 00:00:40.840640641
0 days 00:00:00.170000,0 days 00:00:00.210000,answer6,173.32854,0.7696319,0.027044237,0.029569348,0.089670874,14.469129,0.6775262,1.3723726,0.037841003,0.010015116,0.43561813,0.6797614,0.7126253,1.3932837,0.8455431,0.65009695,0.5834376,0.69617957,0.85143465,0.84881926,0.7475384,0.9399139,1.303043,2.0538342,3.3672092,2.6695335,2.3074563,2.0090744,1.8741131,1.5668045,2.3232129,1.9318384,1.386655,0.93541557,1.3786211,1.1906214,0.15083177,0.0030981076,172.26562,172.26562,330.17578,344.53125,0.13920167,242.90395,2.4284208,55889.09,18.733181,631.1214,-0.06770966,0.258395,0.19428562,34.42572,14.038304,23.283623,4.2784038,-18.260376,11.722999,-13.558388,-7.952713,-20.114197,11.0929575,-10.620309,-10.640954,-11.436025,8.658458,0 days 00:00:40.810640641,0 days 00:00:40.850640641
0 days 00:00:00.180000,0 days 00:00:00.220000,answer6,173.90627,0.77140754,0.010229298,0.008768489,0.07236811,16.858988,0.6654056,1.3980154,0.03791639,0.010204081,0.44236317,0.7163846,0.7642751,1.4626044,0.91673946,0.61470336,0.5776903,0.672606,0.78056747,0.8301058,0.7967844,0.9468016,1.4145489,2.038193,3.4232054,2.6762364,2.3240511,2.098439,1.9850835,1.6710709,2.2835114,1.9426546,1.3954445,0.94861954,1.4131182,1.2125939,0.15860027,0.002550014,172.26562,172.26562,344.53125,358.88672,0.09964178,245.41547,2.4209783,60660.168,20.159307,678.19696,-0.06577657,0.26173013,0.19766136,32.82147,16.20529,23.82788,4.452419,-17.085318,9.324281,-16.232218,-7.705197,-19.072615,13.0808935,-14.302707,-6.887272,-8.015283,6.621046,0 days 00:00:40.820640641,0 days 00:00:40.860640641
0 days 00:00:00.190000,0 days 00:00:00.230000,answer6,174.55415,0.7733825,0.009711005,0.0071819588,0.06785435,17.450714,0.64439696,1.3939646,0.038219213,0.011337869,0.4308521,0.7075653,0.7624863,1.4821916,0.9692804,0.6237957,0.5682779,0.64671296,0.69153136,0.8076957,0.7725351,0.89315194,1.5002059,1.9774252,3.2991247,2.643396,2.3905566,2.1186347,2.0228066,1.7028226,2.2987254,1.9665537,1.3916591,0.9354523,1.4253808,1.2142581,0.16286089,0.0019711645,172.26562,172.26562,330.17578,358.88672,0.11987897,240.09076,2.3922236,54969.05,21.120548,723.607,-0.07141302,0.25663662,0.20960486,32.9108,19.384184,27.434336,4.856743,-22.263517,5.9230676,-12.272842,-5.9925485,-21.353163,16.906729,-14.476033,-4.7912707,-5.9175677,2.9887955,0 days 00:00:40.830640641,0 days 00:00:40.870640641
0 days 00:00:00.200000,0 days 00:00:00.240000,answer6,174.37337,0.7725835,0.0053997845,0.010302485,0.0654931,18.147532,0.64890933,1.3624021,0.040451188,0.013227512,0.40940693,0.6789603,0.7428948,1.4453892,0.9900685,0.6612391,0.56054515,0.61715806,0.622771,0.75139505,0.6937115,0.82490206,1.515828,1.8730663,3.062646,2.5738735,2.4162219,2.0216372,1.9823561,1.6756706,2.3788989,1.9871545,1.3840121,0.91816705,1.4294649,1.2050184,0.17433302,0.0017899033,172.26562,172.26562,287.10938,358.88672,0.1051762,237.61566,2.3450599,52055.91,22.90371,847.8247,-0.079377316,0.25449947,0.22899294,32.242306,21.815683,28.298035,4.4181495,-23.661697,3.4676812,-12.027583,-4.278521,-22.129782,16.980593,-15.742645,-8.615802,-5.4705844,2.6300209,0 days 00:00:40.840640641,0 days 00:00:40.880640641
0 days 00:00:00.210000,0 days 00:00:00.250000,answer6,173.93794,0.77608126,0.008557215,0.00817286,0.05124952,19.784523,0.65155005,1.3187289,0.041995924,0.015117158,0.38589957,0.6550749,0.73630446,1.3827883,0.98885864,0.6940686,0.562005,0.56962067,0.5802645,0.6742449,0.59411806,0.74611807,1.4611431,1.7420622,2.8399866,2.5185106,2.4285445,1.895381,1.8871526,1.6194884,2.44465,2.014877,1.3704672,0.9228673,1.3975925,1.1748656,0.18724297,0.0019700984,172.26562,172.26562,287.10938,344.53125,0.11695564,237.00267,2.3557503,48104.184,22.297546,829.01984,-0.08424815,0.2537628,0.24106668,32.235806,22.611526,33.013954,3.375612,-28.426561,1.9605064,-8.331358,-6.0909114,-20.740944,16.696129,-16.92605,-4.8721104,-7.8647866,-0.9660966,0 days 00:00:40.850640641,0 days 00:00:40.890640641
0 days 00:00:00.220000,0 days 00:00:00.260000,answer6,173.63039,0.77788717,0.0076922574,0.00811009,0.041620556,19.838133,0.6454224,1.284771,0.039618608,0.015495088,0.3605808,0.62794715,0.7260894,1.3186618,0.9813919,0.7222416,0.59084463,0.53468823,0.55765295,0.5928073,0.5210542,0.6728366,1.368537,1.6760635,2.6911213,2.450531,2.5234048,1.9029754,1.8375813,1.5509316,2.4061759,2.0749948,1.3577868,0.9484156,1.2967143,1.1120154,0.1791932,0.0020312292,172.26562,172.26562,301.46484,358.88672,0.10115116,245.72694,2.4102836,58127.816,20.641426,724.64545,-0.07367744,0.26224932,0.21772349,31.057043,23.230377,35.225613,-0.5439129,-30.578646,1.240592,-5.6247177,-7.451349,-14.609917,13.182159,-20.85676,0.33182287,-9.536792,0.10714364,0 days 00:00:40.860640641,0 days 00:00:40.900640641
0 days 00:00:00.230000,0 days 00:00:00.270000,answer6,173.5122,0.7766041,0.006439327,0.006090395,0.04365358,19.810411,0.61515737,1.2541361,0.036124308,0.013605442,0.33256972,0.58631086,0.6927045,1.2595931,0.9651225,0.71118087,0.61312145,0.507126,0.5405595,0.5294514,0.47433147,0.6067894,1.3020836,1.6129054,2.587111,2.3908868,2.6203825,1.9837246,1.8220978,1.4986134,2.2863142,2.1463335,1.3594117,0.98472524,1.1586066,1.0354792,0.17479594,0.0021449989,172.26562,172.26562,344.53125,358.88672,0.09386671,253.39336,2.4586112,64220.824,19.128035,602.8049,-0.06327384,0.27014253,0.19419257,30.379028,23.631775,38.553463,0.4900628,-33.14574,-0.77936316,-2.7717113,-9.389478,-17.505154,13.708764,-17.58106,1.2190398,-7.6350665,3.2044744,0 days 00:00:40.870640641,0 days 00:00:40.910640641
0 days 00:00:00.240000,0 days 00:00:00.280000,answer6,173.28625,0.77571225,0.0050092735,0.0069905086,0.060025293,19.649927,0.5856119,1.2101408,0.035109658,0.010770976,0.3068337,0.53707606,0.6420676,1.198956,0.93717295,0.6647069,0.5928053,0.48242712,0.5226278,0.48115155,0.4363575,0.5476303,1.253735,1.5346041,2.4733908,2.324406,2.6032522,2.0317843,1.8180231,1.4740233,2.1267288,2.1357195,1.3437799,1.0088296,1.0325109,0.95306134,0.16643299,0.0017712998,172.26562,172.26562,344.53125,358.88672,0.08134686,252.12105,2.4188163,62796.41,20.666735,690.3951,-0.058921862,0.26941478,0.18449004,29.364355,24.733232,39.86604,2.046282,-30.807129,-0.34352994,-6.69951,-8.508623,-20.323858,9.9059,-13.615609,-0.22015554,-3.5429325,4.4540486,0 days 00:00:40.880640641,0 days 00:00:40.920640641
0 days 00:00:00.250000,0 days 00:00:00.290000,answer6,172.84814,0.7750341,0.005128822,0.00458228,0.06214373,21.221907,0.5742437,1.1605396,0.035643555,0.008503401,0.2844186,0.49503076,0.5988895,1.138939,0.90230703,0.58391386,0.5428577,0.46362558,0.50705475,0.4602286,0.42884934,0.5272813,1.2279042,1.4851059,2.4090052,2.2667089,2.4196558,1.9504294,1.8000656,1.4880248,2.026287,1.9795986,1.3091938,1.0194955,0.96654963,0.8926091,0.1638221,0.0017859355,172.26562,172.26562,344.53125,344.53125,0.062592134,247.0946,2.3828163,57808.95,21.55633,750.42596,-0.06063908,0.26442593,0.18589745,29.51684,23.229897,40.357906,7.388765,-28.828241,-0.94355243,-8.147708,-9.185253,-25.936203,9.780728,-10.740109,-3.3560963,-1.7420521,4.931658,0 days 00:00:40.890640641,0 days 00:00:40.930640641
0 days 00:00:00.260000,0 days 00:00:00.300000,answer6,172.49788,0.77588964,0.005850001,0.0032615457,0.059057683,22.40434,0.5683885,1.1153544,0.035308428,0.0077475435,0.26812133,0.46934688,0.5776801,1.0821437,0.8649002,0.49583912,0.49645063,0.4440391,0.5019211,0.4732702,0.44303107,0.5334273,1.2183346,1.5184644,2.3744814,2.2340362,2.191283,1.7994131,1.7304554,1.493059,1.9484596,1.7549977,1.275941,1.0140876,0.9534116,0.842618,0.15643485,0.0017379321,172.26562,172.26562,344.53125,344.53125,0.06824312,244.15181,2.3660839,58970.676,21.864843,758.2819,-0.06012975,0.2611276,0.18199885,29.302114,22.857285,39.613438,10.056007,-28.038345,-0.97274166,-5.404829,-12.106488,-25.981985,6.7485785,-10.735965,-2.2316139,-2.8877041,3.9700375,0 days 00:00:40.900640641,0 days 00:00:40.940640641
0 days 00:00:00.270000,0 days 00:00:00.310000,answer6,172.32617,0.77418566,0.0047314647,0.0017110069,0.046738714,22.360334,0.5571011,1.0805821,0.03402684,0.007936508,0.2545845,0.45326623,0.568105,1.0205226,0.8246251,0.43411255,0.48403588,0.4392961,0.51676387,0.5141337,0.4738218,0.5632114,1.2168087,1.6163241,2.3532999,2.1974995,2.0485995,1.6610951,1.6377214,1.4556805,1.8333625,1.5425588,1.2580355,0.99745685,0.93476325,0.7954518,0.13849302,0.0019072812,172.26562,172.26562,330.17578,344.53125,0.06320093,241.47185,2.3445272,58336.7,21.67537,792.94147,-0.05626643,0.25772765,0.16833676,30.616287,20.624544,39.203785,11.856681,-29.435617,0.0029043157,-2.3055487,-13.699769,-26.673166,6.5950313,-8.709873,-3.3502915,-4.5161843,5.0841126,0 days 00:00:40.910640641,0 days 00:00:40.950640641
0 days 00:00:00.280000,0 days 00:00:00.320000,answer6,172.12923,0.7700502,0.006105605,0.0028808087,0.04846811,22.542887,0.5253635,1.0400416,0.03279802,0.008125473,0.24179356,0.43744957,0.5550263,0.95395947,0.78187823,0.40616146,0.50267947,0.44364884,0.5404698,0.55039644,0.4840217,0.58526975,1.1823648,1.6980327,2.3423107,2.1660206,1.9346075,1.5260838,1.4869152,1.3739743,1.6388512,1.3855983,1.2303662,0.96688205,0.8865214,0.739799,0.11856243,0.0015929672,172.26562,172.26562,315.8203,344.53125,0.060169805,236.87926,2.3000543,51848.63,22.285982,854.3659,-0.050625566,0.25327468,0.15174936,31.458632,21.84282,38.67653,11.727951,-31.84693,-0.38828933,1.9048284,-11.362254,-27.534971,4.3878284,-7.8851914,-4.913209,-3.7641866,5.23865,0 days 00:00:40.920640641,0 days 00:00:40.960640641
0 days 00:00:00.290000,0 days 00:00:00.330000,answer6,171.74922,0.76063854,0.007670322,0.003750325,0.043534636,22.611723,0.48607984,0.9792544,0.030636251,0.0088813305,0.22929662,0.4189767,0.5357869,0.8773863,0.72995263,0.4159126,0.52259386,0.45684895,0.57374287,0.5651415,0.46214798,0.58405477,1.1013032,1.6850109,2.187093,2.0298312,1.7960277,1.3763329,1.3271466,1.2875389,1.4214376,1.2512443,1.1946923,0.9440995,0.81586665,0.6711505,0.09504176,0.0010607939,172.26562,172.26562,272.7539,344.53125,0.06418729,225.98894,2.257366,37957.08,25.948013,1228.3702,-0.045847993,0.24265389,0.13049065,32.705936,23.891638,36.585064,9.873343,-30.37416,-0.105855875,5.155935,-11.134305,-25.667925,1.3072447,-5.9398193,-4.965725,-2.1949103,1.1781045,0 days 00:00:40.930640641,0 days 00:00:40.970640641
0 days 00:00:00.300000,0 days 00:00:00.340000,answer6,171.59126,0.7542414,0.007137945,0.0051287273,0.053988952,21.37394,0.42848408,0.8991248,0.026170196,0.009448224,0.21631646,0.39470187,0.50630075,0.7753194,0.6607489,0.45115408,0.5189806,0.46871582,0.60886765,0.55553144,0.4190612,0.5579028,0.9587882,1.5931383,1.9269723,1.7976516,1.592124,1.1925387,1.1592141,1.192551,1.2518588,1.1478313,1.1636529,0.9337948,0.74135184,0.5921762,0.0615464,0.0005792551,172.26562,172.26562,244.04297,330.17578,0.10917485,214.05444,2.1801076,35461.37,27.595278,1298.4938,-0.03474404,0.2297014,0.09352679,32.156876,26.558815,34.221935,7.3303037,-27.07435,-1.1720496,13.792178,-12.372743,-23.7917,0.8805132,-3.4067879,-3.5115862,-4.813027,-2.196988,0 days 00:00:40.940640641,0 days 00:00:40.980640641
0 days 00:00:00.310000,0 days 00:00:00.350000,answer6,171.25362,0.73390204,0.0077924435,0.006564083,0.14754961,17.782373,0.36172605,0.8113728,0.019690545,0.010015116,0.19306433,0.35465193,0.45951116,0.6421414,0.5791493,0.5055863,0.47847286,0.45581102,0.62167364,0.53172934,0.3780992,0.5222566,0.82904243,1.4606462,1.558021,1.4796716,1.3492665,1.0215033,1.0240083,1.0920175,1.1531731,1.0954542,1.1631151,0.94041055,0.6910116,0.51620704,0.03285269,0.00030423576,172.26562,172.26562,229.6875,373.2422,0.16183299,223.44911,2.277776,58891.043,26.388617,1169.2147,-0.020695806,0.23800988,0.05179833,30.062277,26.16245,30.300055,5.7273183,-23.595406,-6.369532,9.18323,-10.442539,-17.142395,0.96998096,0.23899846,-1.9430653,-8.6017,-8.77045,0 days 00:00:40.950640641,0 days 00:00:40.990640641
0 days 00:00:00.320000,0 days 00:00:00.360000,answer6,171.25153,0.71169156,0.0075473543,0.007612768,0.1987352,-23.31369,0.29406276,0.7266445,0.013343565,0.010770974,0.1635499,0.30067873,0.39204755,0.48284206,0.4841105,0.56413496,0.4172428,0.41886306,0.6066991,0.4994136,0.36356798,0.5106241,0.7483614,1.3163041,1.239039,1.1614925,1.0974988,0.8695626,0.9206998,0.9975019,1.109742,1.0700744,1.13953,0.92975426,0.6357754,0.45364627,0.01043051,0.00018276989,157.91016,172.26562,215.33203,330.17578,0.1603844,218.6834,2.2062376,74714.695,23.739847,842.4792,-0.008890499,0.23098075,0.020930909,28.516685,24.245016,26.274065,6.402244,-16.388931,-9.179988,8.379562,0.042720795,-12.324378,6.336987,-0.48931745,-5.3296437,-11.114663,-10.590322,0 days 00:00:40.960640641,0 days 00:00:41.000640641
0 days 00:00:00.330000,0 days 00:00:00.370000,answer6,0.0,0.6890912,0.0,0.0,0.0,-62.70164,0.24282396,0.6500475,0.008950374,0.013038549,0.13067336,0.2394708,0.31540403,0.3470782,0.39296424,0.5656975,0.35298836,0.3652694,0.5550985,0.45923766,0.37661383,0.52799493,0.74575996,1.2003907,0.99774045,0.89249295,0.86549073,0.7431202,0.8445242,0.9319942,1.0680237,1.0375711,1.0553006,0.8992507,0.5799926,0.41109204,0.0053178356,0.00010208229,143.55469,172.26562,244.04297,344.53125,0.123102106,229.34393,2.3745863,102944.34,21.290293,649.35394,-0.0033045758,0.2408719,0.0072104014,26.802237,21.748222,23.437944,10.43576,-10.020411,-12.056832,0.72681206,2.9134548,-10.968476,1.9380627,-0.22375353,-4.694017,-7.803574,-9.925841,0 days 00:00:40.970640641,0 days 00:00:41.010640641
0 days 00:00:00.340000,0 days 00:00:00.380000,answer6,0.0,0.6816458,0.0,0.0,0.0,-100.0,0.21818869,0.58984286,0.006556038,0.01984127,0.10533873,0.18626039,0.2537872,0.26673755,0.31747174,0.5011528,0.30326745,0.32505092,0.51576287,0.43709254,0.415635,0.5755221,0.80876213,1.147581,0.827688,0.7034888,0.6897557,0.6299162,0.7738276,0.88530827,1.0066863,0.96008635,0.9407246,0.86484194,0.51424295,0.37992585,0.004249767,9.324913e-05,157.91016,215.33203,272.7539,301.46484,0.071577564,250.06555,2.5115573,126008.19,20.519638,592.06805,-0.002228753,0.26258802,0.004431965,27.077003,18.791018,18.5254,13.676781,-3.9346962,-13.709165,1.1017073,-1.462264,-15.597585,-5.051757,0.028277406,-3.05347,-3.2943103,-5.7782416,0 days 00:00:40.980640641,0 days 00:00:41.020640641
0 days 00:00:00.350000,0 days 00:00:00.390000,answer6,0.0,0.66767174,0.0,0.0,0.0,-100.0,0.20134677,0.5526379,0.0051519135,0.03155707,0.08518257,0.14595817,0.21734023,0.24496679,0.2653397,0.3812816,0.2715657,0.30954418,0.5111537,0.4342432,0.4459107,0.61703914,0.8925132,1.1883373,0.7183132,0.6004496,0.58900136,0.5448238,0.71029925,0.8471787,0.9379654,0.8836039,0.8650462,0.84402657,0.4605298,0.35697183,0.004132451,9.5782685e-05,172.26562,229.6875,301.46484,344.53125,0.059808444,286.923,2.770629,218844.55,16.899687,401.1954,-0.0012285704,0.29581872,0.0021893275,24.773651,16.554789,16.799929,15.06722,-4.223791,-17.909477,-0.34083605,-6.281263,-24.26361,-17.79407,-3.7752702,1.3515806,0.49378744,-4.8002152,0 days 00:00:40.990640641,0 days 00:00:41.030640641
0 days 00:00:00.360000,0 days 00:00:00.400000,answer6,0.0,0.64231014,0.0,0.0,0.0,-100.0,0.19924419,0.5461609,0.003956651,0.045351475,0.06722502,0.11447968,0.20040667,0.24634327,0.23585863,0.28791958,0.2603699,0.31325224,0.54004294,0.45238212,0.45870188,0.6387376,0.9941769,1.3167423,0.6710176,0.5751281,0.5570493,0.50624365,0.6862328,0.8337972,0.8911614,0.84489465,0.87629896,0.8466216,0.43721566,0.34788266,0.0031479236,0.00012999373,200.97656,258.39844,344.53125,875.6836,0.04753366,411.4673,3.1977794,582679.06,11.919147,223.16716,-0.00070711033,0.38759017,0.0011454858,21.647074,12.868724,13.899625,11.914838,-7.509566,-20.843786,2.6078107,-3.118611,-25.072477,-18.912825,-3.9341087,1.2601991,-2.9927862,-5.7312922,0 days 00:00:41.000640641,0 days 00:00:41.040640641
0 days 00:00:00.370000,0 days 00:00:00.410000,answer6,0.0,0.62527674,0.0,0.0,0.0,-100.0,0.25741318,0.59659976,0.00327377,0.054232806,0.053658754,0.08995416,0.19118245,0.24132521,0.21963735,0.26322338,0.28291947,0.34562722,0.6071773,0.51132816,0.4891515,0.6521052,1.1510733,1.5341654,0.74894947,0.6646324,0.6090973,0.55676347,0.7387691,0.919136,0.9819946,0.93860936,1.0267133,0.87622094,0.45757923,0.36059847,0.0019693386,0.0006355627,229.6875,344.53125,890.03906,1579.1016,0.044566795,717.45844,3.9360561,1.1337054e+06,6.715052,84.11824,-0.000520312,0.5884412,0.0010799207,16.255926,6.035448,12.976874,4.303085,-8.461148,-22.89223,10.228207,-2.9340992,-25.3076,-12.70559,-2.6469142,1.7485965,-7.51763,-8.027928,0 days 00:00:41.010640641,0 days 00:00:41.050640641
0 days 00:00:00.380000,0 days 00:00:00.420000,answer6,0.0,0.6292622,0.0,0.0,0.0,-100.0,0.28387666,0.7020936,0.0030133205,0.05347695,0.045684326,0.07123942,0.17757344,0.22496098,0.21771479,0.3088647,0.33899632,0.39936617,0.6896555,0.6198396,0.56306905,0.6875331,1.3774389,1.743308,0.9300966,0.86102176,0.7647033,0.70970774,0.88096493,1.1067125,1.2063699,1.1829716,1.2854558,0.94592047,0.52002794,0.39523754,0.0015356356,0.0007137545,244.04297,401.95312,1033.5938,2182.0312,0.044809103,897.5407,4.6785307,1.5958196e+06,3.8176422,25.513285,-0.0003900953,0.71518373,0.000968003,13.8794985,2.1279507,10.689719,-0.4880128,-9.017521,-20.997288,13.6347275,-4.0820346,-15.978314,-3.5984523,-0.84112614,3.7792218,-7.922313,-8.952006,0 days 00:00:41.020640641,0 days 00:00:41.060640641
0 days 00:00:00.390000,0 days 00:00:00.430000,answer6,0.0,0.6509612,0.0,0.0,0.0,-100.0,0.2921476,0.83141327,0.0027203318,0.043650795,0.04568247,0.061611813,0.16165555,0.20745933,0.22958992,0.37935746,0.4085029,0.46468413,0.7705892,0.78380775,0.68087745,0.76757985,1.6660533,1.8754963,1.1375165,1.0979515,0.97802615,0.9168639,1.0727938,1.3325692,1.4893938,1.4901196,1.5346117,1.0324898,0.5965085,0.43495286,0.001374077,0.00075784704,215.33203,387.59766,1091.0156,2182.0312,0.038637232,944.78174,4.98939,1.7531725e+06,3.3689873,20.057138,-0.0003873189,0.7391874,0.00086468225,13.091652,0.54470664,11.137433,0.49477133,-4.9881773,-18.99481,11.989857,-2.1444302,-13.784836,-1.7662357,-1.2023147,7.125994,-3.189888,-9.499092,0 days 00:00:41.030640641,0 days 00:00:41.070640641
0 days 00:00:00.400000,0 days 00:00:00.440000,answer6,0.0,0.68126136,0.0,0.0,0.0,-64.97933,0.23932622,0.9015422,0.0035478214,0.029478459,0.050901756,0.06604663,0.15043108,0.20063297,0.247836,0.42445707,0.4694747,0.51083773,0.8210936,0.89459896,0.7534836,0.8532639,1.8877544,1.8336886,1.2148256,1.2020644,1.109027,1.0525316,1.1968617,1.4349643,1.6369724,1.654075,1.58105,1.0837855,0.6493793,0.4600598,0.0008285258,0.00027694242,172.26562,272.7539,545.5078,1579.1016,0.0356941,660.08386,4.340299,1.3240064e+06,5.6995273,56.66955,-0.00036887126,0.5468776,0.0007226596,16.867577,5.9438252,10.833278,5.4172363,-3.9237022,-15.379598,8.956227,6.0345464,-9.761184,-7.4101233,-4.676922,5.323835,-2.204854,-12.509056,0 days 00:00:41.040640641,0 days 00:00:41.080640641
0 days 00:00:00.410000,0 days 00:00:00.450000,answer6,181.04079,0.71608305,0.0,0.0,0.2081138,-29.47863,0.25731683,0.8830157,0.0074883946,0.01776266,0.06318889,0.09221097,0.16436975,0.21291386,0.28048986,0.44742918,0.5201749,0.5193414,0.7930713,0.88751197,0.7490051,0.911143,1.9640466,1.6709324,1.129283,1.1333585,1.1020584,1.058555,1.2092189,1.373075,1.5421857,1.5594708,1.3921676,1.0608388,0.6582391,0.46412852,0.005181681,0.0002472312,157.91016,200.97656,387.59766,947.46094,0.0887159,448.82727,3.4272728,763161.5,15.37513,616.5898,-0.0034372963,0.39383098,0.0058348808,22.37197,11.419811,16.542143,10.180566,-6.1177144,-16.767693,3.766463,9.557906,-6.733293,-9.662043,-6.9155517,0.02861627,-4.95857,-15.132851,0 days 00:00:41.050640641,0 days 00:00:41.090640641
0 days 00:00:00.420000,0 days 00:00:00.460000,answer6,179.83067,0.7466326,0.14724752,0.0,0.3683448,5.1343718,0.31420696,0.8283902,0.014129157,0.011148904,0.08442011,0.1512567,0.22808897,0.27484626,0.3544059,0.51867944,0.6179562,0.52327687,0.73128504,0.80759287,0.7121323,0.9314303,1.8820144,1.4766413,0.9759316,0.99019116,1.0027689,0.97283316,1.1712102,1.267017,1.3487859,1.3136653,1.1320457,0.9812563,0.6367313,0.45168266,0.02630081,0.0001875867,172.26562,200.97656,301.46484,430.66406,0.14778881,283.25403,2.666526,207969.02,22.914644,1144.129,-0.011034933,0.28785577,0.027817657,30.398607,19.045082,19.040075,5.6067834,-11.107529,-20.228828,-2.8145418,9.969131,-4.5506454,-7.5772686,-8.13119,-9.653699,-7.6872354,-15.278816,0 days 00:00:41.060640641,0 days 00:00:41.100640641
0 days 00:00:00.430000,0 days 00:00:00.470000,answer6,177.53436,0.76330954,0.12074412,0.06548557,0.42189702,8.458205,0.39292493,0.80922025,0.022401273,0.009637188,0.120028436,0.25934815,0.35930577,0.43333316,0.52772534,0.6940799,0.80616826,0.55650383,0.6732561,0.72782964,0.70590323,0.9642772,1.7161804,1.2998295,0.8548763,0.90525323,0.9495626,0.88674873,1.1825234,1.2339277,1.1943029,1.080782,0.9550931,0.89882,0.61377996,0.44028756,0.07094149,0.00018894688,172.26562,200.97656,301.46484,344.53125,0.19980077,238.28717,2.4119353,34342.11,31.247774,2112.408,-0.026751826,0.25747535,0.07244919,36.061916,25.171555,24.622147,3.8334854,-13.724702,-22.271011,-11.284495,9.068699,-3.1806495,-4.564532,-8.790081,-12.85633,-1.2781925,-10.258177,0 days 00:00:41.070640641,0 days 00:00:41.110640641
0 days 00:00:00.440000,0 days 00:00:00.480000,answer6,175.78217,0.77055997,0.050259933,0.054549914,0.35302982,10.632617,0.42884147,0.8501949,0.029212236,0.010015118,0.16940768,0.4009193,0.5362065,0.7050702,0.8149276,0.87878853,1.0191808,0.6483203,0.66398627,0.7192833,0.75841063,1.0271927,1.5504583,1.1559707,0.8065472,0.9135805,0.98000795,0.8578915,1.2721373,1.3160557,1.1617347,0.9548113,0.9098043,0.8425028,0.60614526,0.43572447,0.10429182,0.00015537965,172.26562,200.97656,330.17578,373.2422,0.16807097,239.71327,2.3769863,20489.791,35.615353,3133.9465,-0.041689616,0.26083896,0.11941322,38.937695,28.450655,25.104036,1.2275673,-12.532239,-19.171667,-14.190993,3.4643538,-6.501585,-6.338878,-8.2192545,-13.206688,3.9464886,-2.5102518,0 days 00:00:41.080640641,0 days 00:00:41.120640641
0 days 00:00:00.450000,0 days 00:00:00.490000,answer6,174.62776,0.7726376,0.02894605,0.022543302,0.1366781,16.24166,0.43974313,0.9000046,0.033608887,0.010959939,0.21677025,0.52952343,0.6894042,1.0144259,1.1141471,0.94878554,1.1352664,0.7685461,0.70287627,0.73685884,0.8194132,1.1053985,1.3989631,1.0236408,0.7910457,0.9462209,1.0152172,0.86363083,1.3418112,1.3846521,1.1704621,0.9008367,0.9126331,0.819079,0.6090932,0.44141915,0.132519,0.0001592093,172.26562,186.6211,330.17578,358.88672,0.12241459,232.37726,2.307677,16637.223,41.73093,4304.089,-0.054071438,0.2532889,0.15523684,39.479446,29.647293,26.242838,5.9296107,-9.753877,-16.87374,-13.605123,-2.0571547,-10.491572,-8.502135,-10.395737,-9.588365,8.637,2.037009,0 days 00:00:41.090640641,0 days 00:00:41.130640641
0 days 00:00:00.460000,0 days 00:00:00.500000,answer6,174.26398,0.771921,0.0107467,0.014869168,0.097042896,18.099451,0.43308076,0.9267537,0.035280436,0.011715797,0.25357,0.60906416,0.7841008,1.2382487,1.3091452,0.84901905,1.075022,0.84801024,0.73879546,0.7720764,0.8644298,1.1737579,1.312389,0.9372714,0.7947328,0.9856047,1.0604175,0.9099218,1.3306965,1.3757015,1.1505307,0.90383214,0.92719513,0.8208012,0.61672944,0.45453134,0.15086442,0.00015749758,172.26562,172.26562,330.17578,344.53125,0.07973901,228.98163,2.2881234,14518.794,42.551174,4686.014,-0.06109805,0.2497799,0.17537086,39.360363,30.15935,27.741243,11.311867,-7.552901,-15.013782,-15.217697,-10.631389,-10.589208,-8.667769,-12.678296,-4.664828,10.003545,2.2830923,0 days 00:00:41.100640641,0 days 00:00:41.140640641
0 days 00:00:00.470000,0 days 00:00:00.510000,answer6,174.02864,0.7702519,0.00870056,0.007565916,0.07179397,20.53507,0.44143176,0.9288831,0.03594528,0.011715797,0.26828715,0.62882686,0.80619836,1.3240595,1.3556108,0.7188118,0.940715,0.8637047,0.76848507,0.81689715,0.9031694,1.2292949,1.2878739,0.90540296,0.8012112,1.0083723,1.0912894,0.96388245,1.262492,1.2901798,1.1023707,0.94212455,0.93246,0.8440523,0.6241794,0.47100917,0.16088273,0.0001778654,172.26562,172.26562,344.53125,344.53125,0.07813918,232.2174,2.313755,14883.216,40.58252,4483.085,-0.062153112,0.253466,0.18187432,39.452477,29.879692,26.541906,12.922719,-7.507688,-16.963158,-17.86583,-10.623839,-7.4441433,-7.238491,-11.807902,-2.302119,9.894774,0.69891167,0 days 00:00:41.110640641,0 days 00:00:41.150640641
0 days 00:00:00.480000,0 days 00:00:00.520000,answer6,174.30017,0.7690692,0.00763544,0.005087131,0.087671794,20.030313,0.44935092,0.9289362,0.036442596,0.011148904,0.2708836,0.6194823,0.7982483,1.3096789,1.3367001,0.67063856,0.84253615,0.82800776,0.79051965,0.8411851,0.92329305,1.2675382,1.3576173,0.932965,0.80749816,1.0323654,1.1452504,1.0072478,1.1831366,1.1994909,1.0587634,0.9913211,0.9325006,0.87485236,0.6388013,0.49181923,0.16356342,0.00018632009,172.26562,172.26562,330.17578,344.53125,0.08646359,231.9276,2.3275318,14482.93,37.421505,4066.4246,-0.06392782,0.25310016,0.18493068,39.923267,30.166801,25.860102,13.35142,-10.664933,-18.979156,-15.615331,-8.141564,-5.550141,-7.5590096,-13.156021,-0.18546443,10.919685,-3.9373062,0 days 00:00:41.120640641,0 days 00:00:41.160640641
0 days 00:00:00.490000,0 days 00:00:00.530000,answer6,174.61214,0.76702285,0.008032712,0.0066728033,0.10821238,19.130365,0.44939566,0.93345135,0.036465008,0.010770976,0.26466468,0.59651124,0.7728639,1.2544222,1.2990421,0.70395833,0.82260317,0.80488044,0.82391995,0.85548836,0.94157237,1.2546464,1.410901,0.98513275,0.8272949,1.0725274,1.1836549,1.0347146,1.133773,1.1508689,1.04592,1.0316151,0.9333815,0.89820766,0.65374404,0.51342493,0.14859481,0.00018221814,172.26562,172.26562,301.46484,344.53125,0.08715511,227.28668,2.2940972,14558.246,39.84491,4336.2446,-0.06368046,0.24775957,0.17853767,39.950527,30.188118,25.281305,12.599087,-11.852898,-17.472675,-11.302962,-7.755281,-10.026668,-5.317745,-11.490941,-1.7955195,8.40692,-2.723656,0 days 00:00:41.130640641,0 days 00:00:41.170640641
0 days 00:00:00.500000,0 days 00:00:00.540000,answer6,175.31514,0.76808685,0.014964163,0.0069403476,0.0896393,18.49692,0.44564876,0.93954426,0.035629503,0.010770976,0.2552924,0.5704293,0.7429493,1.1853398,1.2628477,0.7728717,0.8417304,0.8100179,0.8769961,0.8593864,0.9331455,1.1879518,1.4046394,1.0432061,0.8776069,1.1374263,1.1655418,1.0421767,1.1205686,1.1589718,1.0701519,1.0637637,0.9401378,0.9058911,0.66353375,0.5355752,0.1471808,0.00016246848,172.26562,172.26562,301.46484,358.88672,0.098907135,228.65358,2.3178198,14577.644,38.224155,4083.6204,-0.062263682,0.24929892,0.1730805,39.756775,31.077368,26.07281,10.91011,-12.784276,-18.079203,-9.362385,-6.3979087,-15.0204,-4.425141,-7.2324886,-1.0953139,6.699079,-1.7912446,0 days 00:00:41.140640641,0 days 00:00:41.180640641
0 days 00:00:00.510000,0 days 00:00:00.550000,answer6,175.76836,0.77102643,0.023066176,0.007560281,0.094326675,17.567373,0.44791403,0.94598365,0.03477223,0.011715797,0.244664,0.5441479,0.71297956,1.1110247,1.2169191,0.81929797,0.8413618,0.82117176,0.9197926,0.88450146,0.91409874,1.094181,1.3134084,1.1094569,0.966386,1.2055722,1.1487166,1.0737251,1.1451133,1.2069172,1.1199652,1.0960275,0.96565884,0.91008997,0.66108376,0.5493131,0.13798638,0.00018819491,172.26562,172.26562,315.8203,358.88672,0.091387056,229.08455,2.3045838,16400.775,39.729034,4056.7258,-0.05882919,0.24960755,0.16506837,38.619358,29.99349,27.912247,9.519036,-12.217347,-17.518236,-8.650151,-8.857103,-15.778495,-4.2991705,-2.0971248,-0.04148841,3.0370579,-2.495868,0 days 00:00:41.150640641,0 days 00:00:41.190640641
0 days 00:00:00.520000,0 days 00:00:00.560000,answer6,175.86613,0.77877665,0.02218469,0.009410912,0.07484379,17.608759,0.47736132,0.9734675,0.034726083,0.012849584,0.2314841,0.5141693,0.67574906,1.0538007,1.1816229,0.88377064,0.8416217,0.8412531,0.9444869,0.94419616,0.9043401,1.022575,1.2017866,1.2466784,1.120696,1.2415105,1.1649977,1.1551205,1.2383071,1.3142171,1.2451993,1.1525611,1.0261201,0.935455,0.65751606,0.57091904,0.15003373,0.00033460857,172.26562,186.6211,344.53125,373.2422,0.0995919,239.50441,2.3499038,21557.994,34.512463,2938.052,-0.05561694,0.2607953,0.16767198,37.170895,29.179873,27.914787,5.718703,-15.194001,-21.599745,-6.4665318,-2.8426092,-17.870089,-3.897788,1.898119,1.8290157,-2.5484269,-6.034304,0 days 00:00:41.160640641,0 days 00:00:41.200640641
0 days 00:00:00.530000,0 days 00:00:00.570000,answer6,175.6303,0.779275,0.017473584,0.0077241673,0.074841775,18.002367,0.51895446,1.0397977,0.034573585,0.014172335,0.21682328,0.48297283,0.6409283,1.0225711,1.1608213,1.0003434,0.8585098,0.88234234,0.95188314,1.0149525,0.89475507,0.99169713,1.138749,1.5068097,1.3948463,1.2781312,1.3014964,1.3190352,1.3698864,1.493731,1.5224423,1.2280515,1.1047087,0.97842425,0.6768153,0.60300916,0.16862716,0.00062925956,172.26562,200.97656,344.53125,373.2422,0.07734796,250.63383,2.4139993,28465.922,30.438715,2187.7898,-0.05615334,0.27220342,0.17531188,35.182953,26.636774,31.26596,3.614926,-19.938868,-23.197327,-3.2640314,0.3972632,-24.264374,-0.43191037,2.2043252,1.0388079,-2.7909193,-10.269797,0 days 00:00:41.170640641,0 days 00:00:41.210640641
0 days 00:00:00.540000,0 days 00:00:00.580000,answer6,175.19215,0.7790823,0.009206519,0.007530868,0.055516917,19.768364,0.55735594,1.1489722,0.03422882,0.015306123,0.20317267,0.45285758,0.6096557,1.0113814,1.1489711,1.132322,0.9171915,0.96551305,0.9461723,1.0709128,0.8953238,0.98085564,1.0875647,1.8667408,1.8644246,1.3895482,1.5401834,1.5614809,1.524878,1.7702547,2.0219316,1.3372049,1.1687926,1.0157875,0.73565775,0.6544968,0.18805479,0.0010435855,172.26562,215.33203,344.53125,387.59766,0.075678885,264.1394,2.48794,40157.88,23.189293,1137.5713,-0.055566434,0.28562453,0.18138544,33.102337,25.809113,34.596455,-0.16882634,-24.833761,-23.541986,0.23998237,6.152622,-33.026688,5.140551,3.478234,-2.9287736,-3.239556,-9.050212,0 days 00:00:41.180640641,0 days 00:00:41.220640641
0 days 00:00:00.550000,0 days 00:00:00.590000,answer6,174.62077,0.77498347,0.0076935,0.0034965847,0.034599144,20.547026,0.5639965,1.2608795,0.033252086,0.015684051,0.1909007,0.42519236,0.58549243,1.0069548,1.1368035,1.2262532,1.0061741,1.0709958,0.9397402,1.0812981,0.8911155,0.97282344,1.0509467,2.1411197,2.3868499,1.596449,1.7775435,1.8323364,1.699664,2.047787,2.541824,1.4425659,1.1822525,1.0089585,0.82648134,0.714344,0.18886447,0.0010860802,172.26562,215.33203,344.53125,387.59766,0.06971806,269.3046,2.5228493,44140.387,22.726639,1029.0565,-0.05300936,0.29101023,0.17468931,32.50897,24.670282,35.9642,-1.649548,-28.449537,-19.462988,-0.8050151,6.441341,-33.052883,5.4025497,0.71365833,-4.911338,-2.675105,-6.4710793,0 days 00:00:41.190640641,0 days 00:00:41.230640641
0 days 00:00:00.560000,0 days 00:00:00.600000,answer6,174.09709,0.7718255,0.0087755555,0.0048055057,0.053488847,19.393486,0.5489399,1.3286501,0.032432508,0.016250946,0.18111543,0.4003674,0.5639279,0.99082637,1.1057452,1.1822861,1.0813247,1.1615366,0.95398134,1.0521873,0.87821144,0.97362375,1.0176249,2.1955445,2.7448733,1.8073298,1.9488081,2.094331,1.872036,2.201803,2.8424346,1.5007597,1.149932,0.9693551,0.91475385,0.7601843,0.1795243,0.0009908299,172.26562,244.04297,344.53125,387.59766,0.07486762,271.27344,2.4929812,47002.645,23.40967,997.59717,-0.04887949,0.29325405,0.16407628,31.937698,24.670614,35.465427,-1.926371,-28.50068,-14.828945,-1.2620133,6.697394,-33.639477,-0.0081733065,-3.0053127,-2.0098073,-0.6002264,-2.6678362,0 days 00:00:41.200640641,0 days 00:00:41.240640641
0 days 00:00:00.570000,0 days 00:00:00.610000,answer6,173.26805,0.7727928,0.012672522,0.006948276,0.057699934,17.399113,0.5358538,1.3371096,0.031675283,0.01643991,0.17296924,0.37962702,0.5442592,0.959374,1.0537852,1.0375453,1.139115,1.2303919,1.0160517,0.9997825,0.8630248,0.98561716,0.99952817,2.0142815,2.7476864,1.9359914,2.0107193,2.3212209,2.0129035,2.2049274,2.7846365,1.5168957,1.130541,0.9430662,0.96834785,0.79255885,0.16771166,0.0007670454,172.26562,244.04297,344.53125,373.2422,0.082448535,266.41928,2.4610913,46838.99,25.757675,1139.3331,-0.047268953,0.28833103,0.15725613,31.35877,25.244507,34.72759,-2.7040756,-27.291933,-8.420684,-0.77124804,1.4896274,-30.59081,-5.7725444,-8.400786,-0.960403,3.019866,1.6826911,0 days 00:00:41.210640641,0 days 00:00:41.250640641
0 days 00:00:00.580000,0 days 00:00:00.620000,answer6,172.38959,0.7702877,0.011159133,0.008989062,0.06848868,17.792818,0.5171419,1.3033663,0.030500555,0.016250946,0.1672829,0.36364794,0.52604663,0.912687,0.9828988,0.83303994,1.1517019,1.2740375,1.1381422,0.95886105,0.8307951,0.99770254,0.98002595,1.7336372,2.4797602,1.9703847,2.0314026,2.4590023,2.0660896,2.1230242,2.5418675,1.4697803,1.140254,0.9583579,0.99279183,0.804301,0.14778356,0.0006887437,172.26562,244.04297,344.53125,358.88672,0.083051495,261.7785,2.4287477,49159.97,25.220266,1057.4371,-0.043414727,0.28294295,0.14526428,30.280142,26.544092,34.591263,-3.3376312,-25.099388,-2.060928,2.551476,-1.7026058,-35.057858,-9.43724,-7.889641,-1.8357321,10.38666,2.689909,0 days 00:00:41.220640641,0 days 00:00:41.260640641
0 days 00:00:00.590000,0 days 00:00:00.630000,answer6,171.22893,0.77008057,0.007074849,0.005556118,0.08425149,18.862722,0.51089936,1.2644209,0.029263824,0.015684051,0.16380624,0.3517265,0.5099488,0.8632229,0.9103456,0.65569085,1.1401801,1.2985377,1.2696499,0.93467927,0.81986827,0.9817128,0.94353706,1.4977573,2.1800706,2.015448,2.0315843,2.4548895,2.0080965,2.096655,2.3462896,1.4185725,1.1725472,1.0124413,1.0010318,0.7966526,0.136295,0.00068578636,172.26562,215.33203,344.53125,344.53125,0.07503202,259.73093,2.4400399,49793.98,25.017096,1075.0052,-0.041233208,0.28037152,0.135615,29.988693,26.340652,34.13104,-3.1818273,-23.986282,-0.9688406,5.418038,-5.3207984,-36.568752,-7.3512387,-7.977774,-7.09658,12.902688,2.9801874,0 days 00:00:41.230640641,0 days 00:00:41.270640641
0 days 00:00:00.600000,0 days 00:00:00.640000,answer6,170.45946,0.77017015,0.00944095,0.0077712424,0.07745162,20.175459,0.4911944,1.2243308,0.027886307,0.015117158,0.16080417,0.3391347,0.4920415,0.81536883,0.841867,0.562659,1.112882,1.2890167,1.3416524,0.91921824,0.8337415,0.92617035,0.9165147,1.3359817,1.9690537,2.0882902,2.004956,2.343104,1.8963016,2.052361,2.2130125,1.341103,1.1918297,1.0604199,1.0064112,0.77870613,0.12349983,0.0006191698,172.26562,215.33203,344.53125,344.53125,0.070978485,262.25543,2.4570756,48233.26,23.756765,988.42145,-0.035570323,0.2832667,0.119927146,30.134409,26.522665,33.23076,-2.0264935,-27.18081,-0.6863875,5.832396,-3.5345592,-35.296673,-6.645441,-6.435187,-6.021024,11.0339365,1.3313348,0 days 00:00:41.240640641,0 days 00:00:41.280640641
0 days 00:00:00.610000,0 days 00:00:00.650000,answer6,169.81734,0.77411586,0.01475867,0.008509644,0.10288028,19.438833,0.4908217,1.1906384,0.026114548,0.016061982,0.1568624,0.3232517,0.47086653,0.77433586,0.78335077,0.5566611,1.0680795,1.2280313,1.3180126,0.9210267,0.87280446,0.8527279,0.9258084,1.2619954,1.9395889,2.157768,1.9532937,2.1984394,1.7566537,1.9625288,2.1148577,1.3021039,1.2095296,1.0947765,0.99115676,0.7620852,0.117647104,0.0008664055,172.26562,215.33203,344.53125,344.53125,0.058836196,268.35275,2.4833395,57356.355,21.533075,821.57904,-0.032187685,0.2886893,0.10976123,29.345205,25.673197,33.48335,-0.28210926,-28.408857,-5.0475636,8.842876,-7.8527145,-33.08847,-1.7830843,-4.2055397,-5.1591096,5.222777,0.9390564,0 days 00:00:41.250640641,0 days 00:00:41.290640641
0 days 00:00:00.620000,0 days 00:00:00.660000,answer6,169.43312,0.7764104,0.0145667335,0.01220065,0.08034507,20.69892,0.47036278,1.1547399,0.025072986,0.017195767,0.15212871,0.30653146,0.45025492,0.7405284,0.7364683,0.61376953,1.0023257,1.1113948,1.1978375,0.912673,0.91609615,0.80278635,0.9897489,1.2121658,2.0061207,2.1641128,1.8953967,2.1195362,1.6423559,1.800696,1.9425806,1.282134,1.2184978,1.1048139,0.9501605,0.75212485,0.10854468,0.0008389012,172.26562,244.04297,344.53125,344.53125,0.050059844,268.62207,2.4696863,59038.81,21.803276,796.1936,-0.02923054,0.2890626,0.10058648,29.274118,25.668268,35.09405,2.927304,-30.78522,-6.6791115,4.944352,-7.706592,-27.190285,-0.79012936,-2.892636,-4.3222427,3.3878047,0.44306827,0 days 00:00:41.260640641,0 days 00:00:41.300640641
0 days 00:00:00.630000,0 days 00:00:00.670000,answer6,169.00908,0.77523345,0.008534306,0.0082542775,0.07865248,21.567572,0.45370364,1.1118947,0.024650974,0.019085413,0.147672,0.29286745,0.433954,0.7135771,0.7032068,0.65450543,0.90287703,0.97542816,1.054796,0.9047341,0.9241436,0.8000326,1.0865148,1.1605613,2.0827196,2.070772,1.8317076,2.038808,1.5446253,1.6546017,1.7443533,1.2665807,1.2083104,1.0826623,0.8882143,0.7410391,0.107635975,0.00078754494,172.26562,244.04297,344.53125,344.53125,0.04380237,266.7336,2.4519298,57021.715,23.77606,930.866,-0.029035425,0.28746903,0.09792179,29.570242,24.948294,35.89124,6.365139,-27.094522,-9.288188,1.7858909,-8.745137,-29.462667,-0.9254918,-4.626131,-3.6305583,5.875404,2.261494,0 days 00:00:41.270640641,0 days 00:00:41.310640641
0 days 00:00:00.640000,0 days 00:00:00.680000,answer6,168.61359,0.7770001,0.006641681,0.006471753,0.06508703,22.35642,0.4336379,1.0616573,0.024166131,0.020219197,0.1444147,0.285148,0.4275174,0.6926894,0.6818382,0.6643823,0.7807059,0.8673591,0.94046205,0.87306184,0.89236975,0.8591218,1.2023972,1.0909663,2.0616298,1.9460077,1.7800188,1.9283763,1.4538549,1.550155,1.5372978,1.2302083,1.1549377,1.0275549,0.8220964,0.70852065,0.1057609,0.0005555441,172.26562,244.04297,344.53125,344.53125,0.046310175,262.5708,2.4544039,46718.402,25.841547,1087.8143,-0.028509595,0.28432843,0.093958564,30.762995,24.676893,36.899647,8.701089,-27.945154,-9.343671,-1.6501049,-7.5088577,-26.225935,-4.0780396,-8.460927,-0.4158179,12.60249,1.8169255,0 days 00:00:41.280640641,0 days 00:00:41.320640641
0 days 00:00:00.650000,0 days 00:00:00.690000,answer6,167.69325,0.77560097,0.008963783,0.0045516198,0.034251716,23.577272,0.41831896,1.0073217,0.022866456,0.022108844,0.14156075,0.2790827,0.4225408,0.6713081,0.66127485,0.63576764,0.668618,0.81577444,0.88947695,0.83914566,0.8382118,0.92899734,1.2747389,1.0115664,1.9106374,1.7962555,1.7299637,1.7946621,1.398654,1.4648298,1.3748671,1.1621531,1.0791965,0.9537415,0.7705175,0.67682403,0.09442202,0.0004952921,172.26562,244.04297,344.53125,344.53125,0.06613122,263.10437,2.4432878,50711.832,24.922552,990.79034,-0.025478842,0.28460053,0.08314115,30.061127,25.013788,35.99878,7.662845,-26.130243,-5.4809093,-1.2948754,-10.768364,-27.827414,-4.3637414,-8.405182,1.2086605,12.409329,3.633591,0 days 00:00:41.290640641,0 days 00:00:41.330640641
0 days 00:00:00.660000,0 days 00:00:00.700000,answer6,166.97505,0.77169824,0.0087437285,0.0039021354,0.06893253,21.92193,0.40256265,0.9654222,0.020900652,0.023809524,0.13845272,0.27131167,0.41447893,0.6443061,0.6322518,0.60768485,0.6031904,0.8026271,0.87460417,0.8364899,0.81297463,0.96872616,1.2601426,0.9476538,1.7287912,1.6749624,1.7092724,1.7348131,1.3513284,1.3939937,1.2601775,1.1052042,1.0256191,0.90986824,0.7431076,0.6489467,0.07832062,0.0004652332,172.26562,244.04297,344.53125,344.53125,0.06496837,261.27042,2.4629085,55184.047,23.959105,896.345,-0.021308413,0.28200147,0.067732394,29.77037,25.157125,35.249947,6.8964458,-27.267168,-1.3361822,-1.7553793,-13.442276,-22.281214,-3.526785,-6.8853755,-1.1644424,8.667754,0.9510055,0 days 00:00:41.300640641,0 days 00:00:41.340640641
0 days 00:00:00.670000,0 days 00:00:00.710000,answer6,166.47432,0.7649312,0.0069913864,0.0045611872,0.06605825,21.376799,0.3797265,0.933548,0.019157073,0.023809522,0.13461107,0.26050675,0.39812803,0.60677695,0.59059435,0.58321184,0.5848519,0.79916096,0.8586223,0.8432567,0.85350275,0.96706676,1.1544634,0.89036083,1.5143586,1.5717096,1.7116979,1.796361,1.3086039,1.357802,1.1935025,1.0416526,0.9818799,0.898266,0.7387848,0.6325131,0.060391694,0.0003957221,172.26562,229.6875,344.53125,344.53125,0.06361598,257.2565,2.443218,62612.17,23.647753,833.4233,-0.017259361,0.2767874,0.05387668,29.18406,25.109068,34.702614,5.380894,-23.861404,4.2414703,-6.0012946,-14.79186,-20.753908,-1.3306893,-9.698752,-5.3225937,9.9723015,0.5724626,0 days 00:00:41.310640641,0 days 00:00:41.350640641
0 days 00:00:00.680000,0 days 00:00:00.720000,answer6,166.20625,0.7600231,0.0063084923,0.0052284133,0.08649412,20.2707,0.35045174,0.9011884,0.017517162,0.022297807,0.13061476,0.25050035,0.37918457,0.5597992,0.54049003,0.54734486,0.5824253,0.79371136,0.83957314,0.8522225,0.9461116,0.93101007,1.0097424,0.8331178,1.2911834,1.4418777,1.6595135,1.8576759,1.2357069,1.3717028,1.1835054,0.99873286,0.9444723,0.8967368,0.73875475,0.6151864,0.045823652,0.00027650522,172.26562,186.6211,330.17578,344.53125,0.05082141,243.72522,2.4175599,63903.355,25.559168,935.6091,-0.015023197,0.26196074,0.04358134,29.336565,26.97484,33.166515,3.8558662,-17.940212,6.0302243,-6.728644,-13.691365,-21.043379,-1.5402218,-11.584947,-5.2536044,12.563169,-1.646154,0 days 00:00:41.320640641,0 days 00:00:41.360640641
0 days 00:00:00.690000,0 days 00:00:00.730000,answer6,166.55803,0.7606767,0.004642117,0.005174028,0.07741288,20.512068,0.31209132,0.8543133,0.01588995,0.017762661,0.12736309,0.24379192,0.35990646,0.50187975,0.48531607,0.4963311,0.552891,0.7695093,0.83000976,0.8287583,1.0463953,0.92301005,0.9151754,0.7728227,1.0508655,1.2892047,1.5237154,1.7835954,1.1540906,1.3563577,1.1729082,0.9561277,0.8880554,0.88142556,0.7210922,0.58154655,0.028982421,0.00018183584,172.26562,172.26562,272.7539,330.17578,0.056158897,225.36116,2.2575336,61897.168,29.429651,1188.64,-0.0121596875,0.24176764,0.03321336,29.212067,26.583673,30.899786,7.9761376,-8.752741,6.717585,-8.234351,-14.440114,-20.318287,-3.332339,-12.350563,-5.3448024,14.690906,0.353328,0 days 00:00:41.330640641,0 days 00:00:41.370640641
0 days 00:00:00.700000,0 days 00:00:00.740000,answer6,167.21928,0.7593584,0.0059149186,0.005758052,0.086262144,19.238405,0.2758472,0.79482317,0.014897811,0.013794407,0.12522705,0.2411083,0.3415861,0.43112838,0.4259185,0.44677365,0.49901602,0.72198254,0.81859994,0.7901854,1.098443,0.92948645,0.88556075,0.7135853,0.8653571,1.0940822,1.2945033,1.5512425,1.1039085,1.2844839,1.1404829,0.94110227,0.85004455,0.8478784,0.67912364,0.54459316,0.015254039,9.3992065e-05,172.26562,172.26562,215.33203,287.10938,0.05815795,204.6336,2.0069609,57293.59,33.894806,1478.459,-0.010364427,0.2191393,0.02633086,29.062407,27.83716,29.233027,10.851548,-3.438056,3.873252,-6.6145024,-8.75315,-15.990346,-4.673781,-9.9939375,-5.151509,5.838755,-0.43537632,0 days 00:00:41.340640641,0 days 00:00:41.380640641
0 days 00:00:00.710000,0 days 00:00:00.750000,answer6,168.5659,0.76063544,0.006845929,0.0040373025,0.077602215,17.940378,0.26191884,0.7363477,0.015536419,0.010959939,0.12596829,0.24391566,0.32978272,0.3658626,0.37587914,0.42176232,0.4406965,0.6566724,0.79641205,0.7493661,1.0722266,0.96944505,0.91944885,0.6888392,0.74960107,0.91095036,1.0470775,1.270717,1.0753018,1.1413263,1.0461384,0.9409763,0.85092807,0.81777567,0.62956166,0.5084076,0.0110856565,7.403796e-05,172.26562,172.26562,172.26562,272.7539,0.062566526,191.51904,1.8815721,44282.035,40.13553,2112.7766,-0.011391492,0.20525365,0.02766261,30.088537,28.926111,27.805504,16.011925,-0.005592346,-0.499825,-6.910627,-6.1853085,-11.276105,-9.8044815,-10.4843645,-2.0993578,5.040251,0.9366042,0 days 00:00:41.350640641,0 days 00:00:41.390640641
0 days 00:00:00.720000,0 days 00:00:00.760000,answer6,169.43602,0.7580862,0.00829854,0.004298654,0.098591514,17.740904,0.26822096,0.6937104,0.017149419,0.010770976,0.12866627,0.2524883,0.33190838,0.32934156,0.355412,0.43192694,0.40833583,0.6036032,0.76442283,0.71870756,1.006739,1.0307443,0.9649628,0.68399143,0.6804983,0.76147336,0.8425488,1.0658199,1.0554451,1.010037,0.9266117,0.93948716,0.8771042,0.79655904,0.5856166,0.48402083,0.017490108,5.5909215e-05,172.26562,172.26562,186.6211,287.10938,0.06648096,194.48457,1.9152125,35372.727,44.827557,2778.6682,-0.014604435,0.20931216,0.03671288,32.20435,32.17221,26.18461,14.087438,0.12832022,-3.4871395,-9.561194,-5.7071996,-9.078002,-11.861917,-9.275481,-0.6940248,3.5252879,1.504521,0 days 00:00:41.360640641,0 days 00:00:41.400640641
0 days 00:00:00.730000,0 days 00:00:00.770000,answer6,170.37749,0.74963254,0.010212537,0.007039225,0.099816225,19.06127,0.29553422,0.68182725,0.02005035,0.011715797,0.13389887,0.26594695,0.35025942,0.34389567,0.3835791,0.4627572,0.4148308,0.59453994,0.7683938,0.7431869,0.98112136,1.1246533,0.9847329,0.70943356,0.62588745,0.66437674,0.72171116,0.966124,1.0398189,0.9358521,0.8378918,0.93544674,0.91475195,0.7958543,0.56460994,0.4639531,0.029603278,9.8419514e-05,172.26562,172.26562,215.33203,330.17578,0.07828572,204.6554,2.1060085,28608.516,46.189823,3102.1719,-0.017921684,0.22143848,0.046082143,34.350895,31.357872,23.075827,13.453221,4.037026,-2.9531193,-14.615224,-13.249181,-9.005864,-13.322537,-6.375817,0.21799321,7.2743506,3.1979647,0 days 00:00:41.370640641,0 days 00:00:41.410640641
0 days 00:00:00.740000,0 days 00:00:00.780000,answer6,171.56995,0.7264664,0.024827838,0.010444127,0.2287596,15.825055,0.35332456,0.71952325,0.024689278,0.011715797,0.14041992,0.2864709,0.39375588,0.41392675,0.46217194,0.49576756,0.44832054,0.6141928,0.81912047,0.8785618,1.1268166,1.3066401,1.0123229,0.75783247,0.5761555,0.6342108,0.7018674,0.9684455,1.0917782,0.9449102,0.8246148,0.9519046,0.9674978,0.84373254,0.57728213,0.46888578,0.07160083,0.00021500695,172.26562,186.6211,244.04297,344.53125,0.16311322,215.36548,2.2323158,26433.625,43.684345,2873.4988,-0.033350464,0.23360859,0.078915484,34.421818,31.703918,21.254082,13.770677,8.935851,-2.4573936,-27.608734,-19.984564,-6.4017167,-10.425007,-5.231705,-1.7919201,2.818795,1.7053719,0 days 00:00:41.380640641,0 days 00:00:41.420640641
0 days 00:00:00.750000,0 days 00:00:00.790000,answer6,173.49715,0.7084882,0.028355168,0.0215836,0.25969923,14.785339,0.40982935,0.8211922,0.028490849,0.011337869,0.14751889,0.30674282,0.44660863,0.5098109,0.5733983,0.54596454,0.5136607,0.6388821,0.8660781,1.1359457,1.4903275,1.5945415,1.1011333,0.8615605,0.57738143,0.6760357,0.8053891,1.0758904,1.2729493,1.0491471,0.9187072,1.0421845,1.0866041,0.9599393,0.6380522,0.5165441,0.090278745,0.00039719,172.26562,186.6211,287.10938,344.53125,0.22546957,226.5988,2.3906953,38435.17,35.694576,1982.3048,-0.03725727,0.24522634,0.08874068,31.887848,29.18764,21.785135,15.620833,8.8658905,-6.3327203,-31.650078,-22.120316,-0.622791,-5.1203046,-4.7602353,-2.420536,0.76754934,1.2047964,0 days 00:00:41.390640641,0 days 00:00:41.430640641
0 days 00:00:00.760000,0 days 00:00:00.800000,answer6,176.60457,0.70956904,0.036349595,0.022403406,0.31031886,10.85416,0.49394235,0.992852,0.031738408,0.010015117,0.1544154,0.3252375,0.5017938,0.6030815,0.69945693,0.66092515,0.6173263,0.6729522,0.8772976,1.3885363,2.0628126,2.0673428,1.3337015,1.0749387,0.6793647,0.84613746,1.0486501,1.2834493,1.5765911,1.2462956,1.1160955,1.207283,1.2990012,1.1127385,0.74175763,0.616968,0.116606295,0.0010645529,172.26562,200.97656,301.46484,358.88672,0.24825062,239.3908,2.5761826,45833.418,28.662115,1345.7877,-0.044617876,0.257897,0.10088658,30.78598,25.94161,23.653223,16.543802,1.717687,-13.684456,-33.387928,-16.595602,5.197932,2.7545662,-9.094291,-9.313111,-2.8247097,3.389495,0 days 00:00:41.400640641,0 days 00:00:41.440640641
0 days 00:00:00.770000,0 days 00:00:00.810000,answer6,180.18665,0.7324076,0.023483492,0.026763143,0.18403001,9.1987,0.5455165,1.1909648,0.035432998,0.0088813305,0.16130728,0.34328726,0.5509737,0.6618595,0.82494146,0.905816,0.7800961,0.73998827,0.8454323,1.4928659,2.5366268,2.5602727,1.6373097,1.3581403,0.9069054,1.1845988,1.4050446,1.5327644,1.9355415,1.5109569,1.3397875,1.3850145,1.5548878,1.2442288,0.84207195,0.72436637,0.116678454,0.0012403947,172.26562,186.6211,287.10938,358.88672,0.25470665,235.75697,2.5143564,45577.23,27.047361,1393.9271,-0.05638543,0.25338688,0.1290354,31.453112,22.696114,27.563866,13.594556,-8.346881,-16.477617,-23.998087,-11.267995,9.741897,6.4057617,-9.429933,-16.400871,-2.698285,4.584966,0 days 00:00:41.410640641,0 days 00:00:41.450640641
0 days 00:00:00.780000,0 days 00:00:00.820000,answer6,185.17165,0.7535569,0.029284934,0.021396136,0.1845035,8.052116,0.5860538,1.3510069,0.04000975,0.008314437,0.16804476,0.3659294,0.59561825,0.69196254,0.9498866,1.2061224,0.987556,0.86225295,0.82953024,1.4313059,2.6750553,2.8785627,1.8555113,1.6295198,1.2256471,1.6555771,1.7908465,1.7537199,2.1832557,1.7225434,1.484479,1.5051932,1.7117237,1.2874926,0.8987281,0.7801116,0.16173147,0.0012410345,172.26562,186.6211,244.04297,358.88672,0.22387065,229.13197,2.3841858,31481.85,30.937279,2035.5446,-0.08581377,0.24680263,0.18691976,33.64951,23.309982,30.015114,12.097529,-14.655917,-15.057523,-20.326752,-11.066026,6.8461876,5.7246304,-13.201038,-17.8359,-2.530237,4.8123837,0 days 00:00:41.420640641,0 days 00:00:41.460640641
0 days 00:00:00.790000,0 days 00:00:00.830000,answer6,189.35295,0.75829697,0.030928835,0.021579303,0.11523253,12.86523,0.56709725,1.4163097,0.04118636,0.008314437,0.16784535,0.39173952,0.6456039,0.70396966,1.0630904,1.4338561,1.151236,0.97725964,0.85000175,1.3053025,2.4348304,2.8382957,1.8750769,1.7088572,1.465826,2.0521748,2.0385513,1.8588072,2.2429457,1.8409649,1.5294274,1.5576202,1.7324076,1.2723955,0.902893,0.7830684,0.1669695,0.00069728954,172.26562,186.6211,258.39844,358.88672,0.2969391,229.32051,2.2243812,27498.195,34.035,2260.1143,-0.088339694,0.24795921,0.19834034,32.974506,26.952902,30.026329,8.674481,-15.234946,-15.251785,-18.907354,-16.218597,1.7645863,3.7729416,-13.238721,-16.115196,-0.015152454,2.1583812,0 days 00:00:41.430640641,0 days 00:00:41.470640641
0 days 00:00:00.800000,0 days 00:00:00.840000,answer6,192.56842,0.75315017,0.03390464,0.019594623,0.1791435,15.170647,0.5729731,1.406243,0.038942855,0.009826153,0.1576036,0.40101528,0.6743891,0.7090319,1.1658397,1.4651217,1.2193717,1.0234197,0.88782436,1.2223232,2.018477,2.4889753,1.7069998,1.5927567,1.5518045,2.2312083,2.1340172,1.912392,2.1335366,1.893486,1.5987679,1.7131096,1.7392353,1.2575752,0.9021078,0.7619257,0.18692541,0.0006441197,172.26562,200.97656,315.8203,373.2422,0.21481568,253.10316,2.3711624,45584.86,28.766203,1625.3188,-0.07543609,0.27290007,0.17585476,29.834833,29.66508,30.213388,2.501353,-14.647282,-20.353127,-17.198565,-22.628256,-2.8249846,8.659191,-17.12278,-11.338417,-0.6747062,0.93895644,0 days 00:00:41.440640641,0 days 00:00:41.480640641
0 days 00:00:00.810000,0 days 00:00:00.850000,answer6,195.01099,0.7344416,0.041988015,0.026014337,0.16803266,14.7741585,0.58563167,1.383803,0.038063597,0.011148904,0.14156362,0.39176655,0.6801484,0.7039493,1.2457952,1.3726703,1.2127603,0.99523145,0.9278869,1.1879717,1.6721796,2.0840461,1.5378952,1.3714756,1.5023769,2.2500918,2.1717658,2.007054,1.9903665,1.9613749,1.7722906,1.9928328,1.8497387,1.2718712,0.9319064,0.7518694,0.17085421,0.00085456506,172.26562,200.97656,315.8203,387.59766,0.25828263,256.144,2.373222,55191.793,24.910904,986.7427,-0.067465715,0.27526268,0.16676944,28.09114,30.173899,31.804428,-2.1550498,-14.707935,-19.867212,-14.150036,-25.410494,0.55036926,9.500576,-18.64834,-10.018763,1.9512058,-2.9790552,0 days 00:00:41.450640641,0 days 00:00:41.490640641
0 days 00:00:00.820000,0 days 00:00:00.860000,answer6,198.33691,0.7230125,0.03557131,0.02251473,0.15757316,11.391484,0.60378164,1.3942858,0.036859293,0.015117158,0.12902507,0.36727527,0.6531792,0.68023807,1.2797416,1.2623252,1.2149081,0.941926,0.9704636,1.2004175,1.4165694,1.7496296,1.4673449,1.2232736,1.4365554,2.284518,2.3133793,2.2403672,1.9654208,2.0960128,1.9950056,2.2705886,2.0356643,1.3209287,0.98949736,0.7471755,0.16293645,0.0012022714,172.26562,200.97656,315.8203,387.59766,0.2406841,260.79385,2.449262,78035.74,21.021318,652.48456,-0.06486742,0.27784112,0.15572546,26.808992,29.006273,34.355114,-3.6795874,-17.84181,-14.783206,-12.663426,-24.272034,2.0659893,4.4864144,-17.175474,-5.459234,2.2267597,-6.5470786,0 days 00:00:41.460640641,0 days 00:00:41.500640641
0 days 00:00:00.830000,0 days 00:00:00.870000,answer6,201.27702,0.7210667,0.029590959,0.019623151,0.17711593,10.437684,0.57983017,1.4302925,0.03185511,0.018518519,0.122881286,0.340436,0.6135313,0.6229358,1.2433294,1.194399,1.238573,0.9146455,1.0174301,1.2656617,1.2878551,1.5444307,1.5041523,1.2122251,1.4359065,2.4106152,2.5726593,2.6002312,2.104148,2.2222643,2.0661411,2.3330834,2.0969331,1.3880504,1.0767471,0.7583358,0.11281047,0.0015471679,172.26562,200.97656,287.10938,401.95312,0.28436908,273.548,2.468773,181892.11,18.480843,534.1188,-0.05220991,0.28317598,0.12109673,25.333961,25.636642,32.98595,-0.37620974,-22.609121,-4.9195256,-14.673884,-22.136642,4.304901,0.12944038,-9.8525915,-8.372121,0.29761124,-10.895089,0 days 00:00:41.470640641,0 days 00:00:41.510640641
0 days 00:00:00.840000,0 days 00:00:00.880000,answer6,203.1313,0.7405133,0.040946707,0.041675508,0.111383565,10.63632,0.5571372,1.4576293,0.024694422,0.023053667,0.11529376,0.31043693,0.56390244,0.54137033,1.1303682,1.1310952,1.2488223,0.9000869,1.0746223,1.3717299,1.2445911,1.4015179,1.5410041,1.2805524,1.4609464,2.5716314,2.8460217,2.9293766,2.3864686,2.2871134,1.9672066,2.1096764,1.974485,1.4951934,1.2061435,0.80870795,0.0700086,0.0019616962,172.26562,215.33203,287.10938,401.95312,0.21352051,305.9785,2.5609353,333704.66,12.9271555,233.33838,-0.02736339,0.3064266,0.06094006,21.970085,23.732458,29.746752,-0.7413185,-26.87031,2.5410218,-18.404427,-22.703009,1.7093226,-0.41454697,-6.265474,-13.11086,-1.818385,-13.360046,0 days 00:00:41.480640641,0 days 00:00:41.520640641
0 days 00:00:00.850000,0 days 00:00:00.890000,answer6,203.58519,0.7525273,0.04532796,0.043122705,0.19793618,10.1126585,0.5515475,1.4713413,0.020233842,0.027210886,0.09764814,0.2737858,0.5073382,0.4622403,1.0012344,1.0600342,1.2272612,0.90092117,1.114712,1.4969968,1.2704469,1.2807007,1.4546465,1.334709,1.501617,2.701395,3.0540428,3.1785681,2.6679509,2.3121126,1.8221431,1.8639172,1.7787527,1.6211613,1.3780466,0.89249057,0.052778468,0.0024628236,186.6211,215.33203,301.46484,416.3086,0.15268356,355.65414,2.6588013,507507.84,9.715167,116.3079,-0.018707657,0.3447647,0.052635457,18.98329,22.743391,26.330536,-7.250202,-31.520514,5.0630307,-19.832434,-30.773092,-1.9723964,0.12406564,-7.029947,-18.484182,-4.8493214,-15.324219,0 days 00:00:41.490640641,0 days 00:00:41.530640641
0 days 00:00:00.860000,0 days 00:00:00.900000,answer6,203.92195,0.7581088,0.07548467,0.06439782,0.1445217,11.037349,0.5609223,1.4762081,0.019460728,0.029478459,0.076065056,0.2407036,0.4559338,0.4088342,0.89703727,0.99550265,1.2001566,0.93418837,1.164679,1.5865113,1.2859664,1.1945558,1.2914299,1.3124309,1.5133418,2.7893803,3.1666386,3.3463337,2.8329408,2.2998068,1.7697291,1.7398577,1.6600009,1.7107023,1.5339569,0.97472507,0.050551694,0.0028765944,186.6211,215.33203,330.17578,416.3086,0.10330954,379.04968,2.694379,601340.56,8.730554,94.07168,-0.017558625,0.36044076,0.05014241,17.935816,22.90803,25.410524,-11.589662,-33.30013,7.0181866,-17.318327,-32.754833,-5.1755514,-2.9095676,-12.893582,-14.842238,-3.9184391,-14.752261,0 days 00:00:41.500640641,0 days 00:00:41.540640641
0 days 00:00:00.870000,0 days 00:00:00.910000,answer6,203.3589,0.7521956,0.04962084,0.03765548,0.1577152,11.768485,0.56617844,1.4789658,0.018876446,0.030234315,0.057405103,0.21708675,0.41693544,0.39593482,0.8534522,0.9478874,1.1822022,1.0099032,1.2270209,1.6168879,1.2637124,1.1346374,1.1382686,1.2872868,1.5163854,2.7954433,3.1913052,3.519962,2.846736,2.27971,1.8008842,1.7864661,1.6599358,1.7097229,1.5729218,1.0250219,0.05313416,0.0030936794,200.97656,215.33203,387.59766,430.66406,0.10252422,406.27792,2.8043292,616228.56,8.2137575,85.38531,-0.01541411,0.38492534,0.04736772,17.57715,20.558788,24.31309,-13.629094,-35.04115,3.8563366,-17.372652,-33.51877,-7.7514815,-5.5245976,-13.725941,-9.930082,-7.171074,-12.467354,0 days 00:00:41.510640641,0 days 00:00:41.550640641
0 days 00:00:00.880000,0 days 00:00:00.920000,answer6,201.2371,0.75213265,0.060974564,0.043464053,0.15063103,11.170262,0.5409621,1.4531827,0.018660353,0.02834467,0.051018525,0.20886095,0.39640382,0.3992467,0.8418555,0.89153194,1.1338474,1.0355915,1.2369618,1.557388,1.2626323,1.1464096,1.1026467,1.3374056,1.5270933,2.6360276,3.046788,3.5428276,2.7532787,2.1900003,1.7754517,1.8505359,1.718954,1.6266737,1.4856247,1.0276977,0.047317754,0.0024899035,186.6211,215.33203,387.59766,430.66406,0.090325415,369.46704,2.6466043,506410.62,9.519828,118.033875,-0.015628606,0.35561872,0.03907908,17.848711,20.656897,25.750017,-4.0370183,-28.465357,-1.2443527,-21.317476,-29.94317,-1.731218,-5.355967,-11.100005,-8.0603695,-10.667874,-7.8807473,0 days 00:00:41.520640641,0 days 00:00:41.560640641
0 days 00:00:00.890000,0 days 00:00:00.930000,answer6,198.72438,0.7506884,0.029916361,0.03016903,0.20791595,10.970632,0.4945658,1.386271,0.018125644,0.025888132,0.05326803,0.2101313,0.38710788,0.40158507,0.81708044,0.7867949,1.0070878,0.9769397,1.1666887,1.4245518,1.317326,1.2463607,1.1907234,1.4753877,1.5439826,2.3303115,2.7168293,3.2684915,2.580448,2.0464346,1.6837572,1.8311778,1.7351815,1.5165204,1.334469,0.99441147,0.040883224,0.0017309687,186.6211,215.33203,330.17578,416.3086,0.08738407,328.3834,2.4101102,369897.4,11.4296,167.79854,-0.0149273835,0.3242172,0.03619184,17.62633,19.883017,26.203276,5.255711,-20.745306,-6.970228,-25.344933,-29.463905,-3.6802204,-8.187024,-10.209858,-9.663139,-7.490416,-5.7416987,0 days 00:00:41.530640641,0 days 00:00:41.570640641
0 days 00:00:00.900000,0 days 00:00:00.940000,answer6,195.96846,0.7451938,0.029106937,0.023620227,0.23459709,12.227952,0.4559375,1.2909538,0.017870732,0.024187453,0.05901659,0.21535425,0.38271615,0.3882049,0.75454277,0.66924447,0.8343384,0.889139,1.0444964,1.3048784,1.4426712,1.3644462,1.3298184,1.6086353,1.5294398,1.9300364,2.2650623,2.7397232,2.3211987,1.8969704,1.5570282,1.7804518,1.699587,1.4313363,1.2037247,0.9227373,0.028493732,0.000981317,172.26562,215.33203,272.7539,401.95312,0.08624375,288.3364,2.1939194,316280.22,12.665798,195.24745,-0.013538063,0.28962168,0.03147638,18.146915,20.42856,22.453789,7.8288875,-11.393429,-7.847525,-21.704367,-27.169762,-5.087275,-10.801509,-11.169818,-9.363748,-7.3401527,-6.913778,0 days 00:00:41.540640641,0 days 00:00:41.580640641
0 days 00:00:00.910000,0 days 00:00:00.950000,answer6,192.01129,0.7143447,0.008351852,0.015614662,0.20457734,14.512286,0.50821525,1.2238102,0.02043415,0.023053667,0.06663519,0.22725272,0.39270735,0.36393476,0.6477123,0.58123547,0.74284905,0.9740774,1.065073,1.3465481,1.6059294,1.5007172,1.5333558,1.6800519,1.48818,1.606854,1.8392038,2.203673,1.9991416,1.7481035,1.4954729,1.7641453,1.6019939,1.3849783,1.1131978,0.84604186,0.03147531,0.0019800754,172.26562,215.33203,215.33203,387.59766,0.14470547,281.36423,2.1279938,268170.6,13.608451,242.3993,-0.019291116,0.28424522,0.043392178,21.270567,16.498793,11.875698,4.568974,-4.4246387,-0.2379214,-9.198872,-21.910517,-12.319312,-17.576017,-20.948832,-11.289971,-6.773149,-9.822881,0 days 00:00:41.550640641,0 days 00:00:41.590640641
0 days 00:00:00.920000,0 days 00:00:00.960000,answer6,188.38887,0.6868384,0.011790586,0.0059736683,0.15372887,16.19482,0.64228773,1.2647691,0.02365765,0.023620559,0.07307149,0.24102707,0.41762483,0.35220048,0.55078703,0.5945886,0.8825014,1.4269232,1.4598898,1.7163967,1.9209728,1.7003503,1.8602711,1.762961,1.484397,1.4552556,1.5615606,1.9052583,1.7354774,1.685473,1.5564957,1.8644549,1.500104,1.3561488,1.0356734,0.7841329,0.0538584,0.005178592,186.6211,215.33203,229.6875,502.4414,0.18657303,314.24295,2.4774609,257004.81,12.41325,226.31694,-0.026634956,0.3155174,0.056112096,24.926447,10.165984,2.2682326,-2.378887,1.9008937,3.3975754,-3.3073819,-17.27076,-13.825175,-18.580183,-26.497787,-13.105522,-10.22384,-10.916561,0 days 00:00:41.560640641,0 days 00:00:41.600640641
0 days 00:00:00.930000,0 days 00:00:00.970000,answer6,192.04614,0.6767397,0.0452327,0.05048706,0.27315682,8.415599,0.78347975,1.4552957,0.026018953,0.025132276,0.08168828,0.25736102,0.46248475,0.36288616,0.49043313,0.71157044,1.350447,2.1922195,2.354481,2.4798892,2.5231931,2.1862972,2.3473232,1.9707044,1.595798,1.4763895,1.4415473,1.8133234,1.652544,1.7372317,1.7797147,2.0373728,1.4620954,1.3369719,0.9735079,0.7602139,0.07267409,0.010525916,200.97656,215.33203,301.46484,689.0625,0.19047481,361.58694,2.9154205,245372.67,11.320338,209.303,-0.03361666,0.3596437,0.066902675,27.0996,4.1045194,-3.8207512,-4.148077,8.987821,3.2114267,-2.1353009,-11.686493,-16.784935,-18.23203,-29.735573,-18.422647,-9.695998,-9.464604,0 days 00:00:41.570640641,0 days 00:00:41.610640641
0 days 00:00:00.940000,0 days 00:00:00.980000,answer6,197.43665,0.70070434,0.058465254,0.07903256,0.25831646,4.3797936,0.8483177,1.7353601,0.026116528,0.025699168,0.092458405,0.27076426,0.50420874,0.3983148,0.48916897,0.87481767,1.8727541,2.857916,3.4064512,3.4774811,3.4634254,3.0301821,2.9671535,2.2662432,1.7922082,1.6134114,1.4470907,1.8425173,1.8054267,1.931832,2.11626,2.174801,1.4484177,1.2979028,0.9266532,0.75150156,0.0691405,0.022559797,200.97656,215.33203,358.88672,976.1719,0.18412523,417.24918,3.2358444,307360.0,8.485329,131.08757,-0.03250636,0.40347806,0.064792946,27.201439,0.55180025,-2.3077428,-4.124074,15.086406,1.6567084,-13.261014,-11.514596,-14.4537325,-10.464416,-21.990492,-17.478354,-8.173932,-8.669528,0 days 00:00:41.580640641,0 days 00:00:41.620640641
0 days 00:00:00.950000,0 days 00:00:00.990000,answer6,203.42334,0.733895,0.09049892,0.085366316,0.20273633,3.1685696,0.8724024,1.9741778,0.02510281,0.026266063,0.10373662,0.2724564,0.50113994,0.44026887,0.5287469,1.0483732,2.1374018,3.0997941,4.0413594,4.4294734,4.583904,3.8897545,3.3827302,2.5462248,1.9931258,1.7263851,1.5021658,1.8873967,2.100603,2.212553,2.4111478,2.1818848,1.4455911,1.2372386,0.89634275,0.72882557,0.051397264,0.039441403,200.97656,344.53125,674.70703,1148.4375,0.19823305,532.58954,3.5611103,357823.6,6.556623,89.707664,-0.027783616,0.49922308,0.066235214,27.47677,-2.5221996,-3.6051166,-5.23865,17.098467,3.2270749,-16.902998,-12.148885,-11.629757,-3.8806827,-10.944466,-18.15705,-9.461925,-7.6495376,0 days 00:00:41.590640641,0 days 00:00:41.630640641
0 days 00:00:00.960000,0 days 00:00:01,answer6,202.78662,0.7540073,0.10522816,0.062100317,0.17523341,3.3251565,0.868246,2.0709999,0.025223086,0.025510205,0.11387027,0.2689126,0.46461865,0.46442243,0.5754512,1.1684493,2.0274258,2.9866145,4.031158,5.060847,5.517678,4.3854604,3.4473534,2.6975863,2.0856254,1.7654473,1.5465578,1.8814038,2.3166533,2.4039075,2.4656465,2.0737467,1.4040276,1.1393348,0.8682418,0.6855611,0.041327056,0.046005707,186.6211,344.53125,746.4844,1234.5703,0.23889816,537.9755,3.5340805,323051.44,5.5649304,78.681564,-0.027754014,0.50294876,0.07272565,28.967318,-3.7792504,-3.775482,-4.289163,18.760794,4.8445077,-17.587841,-14.46637,-9.472955,-0.35966864,-9.0289955,-15.906741,-11.533528,-6.519596,0 days 00:00:41.600640641,0 days 00:00:41.640640641
0 days 00:00:00.960000,0 days 00:00:01.000997732,answer6,202.98236,0.76491815,0.119957425,0.03883432,0.14773047,4.488385,0.86323756,2.0237818,0.026106432,0.025510205,0.12199276,0.2660284,0.41980204,0.47137615,0.6108272,1.2808676,1.7930657,2.7784688,3.5884438,5.151301,5.9040465,4.387486,3.1680775,2.7046354,2.0746474,1.7732245,1.5663338,1.8680676,2.3073988,2.4334877,2.246649,1.8886108,1.3282541,1.0318291,0.82951146,0.62389225,0.04910996,0.03990585,186.6211,344.53125,703.41797,1033.5938,0.21003127,501.34122,3.4135828,263244.5,5.9256725,97.374725,-0.03107143,0.4745426,0.080439456,30.853308,-4.0959578,-3.185033,-3.860962,13.357816,4.7350025,-13.071193,-13.208547,-5.4657326,0.45862094,-10.297294,-20.994598,-12.006188,-6.933722,0 days 00:00:41.600640641,0 days 00:00:41.641638373
0 days 00:00:00,0 days 00:00:00.040000,answer7,0.0,0.61803085,0.0,0.0,0.0,-100.0,0.23958494,0.98834115,0.0021104647,0.10582011,0.12921618,0.27204838,0.41952792,0.5544473,0.66972893,0.76589614,0.84702843,0.9178292,0.9822495,1.0430994,1.1020993,1.1600702,1.2171308,1.2728368,1.3262117,1.3755809,1.4180565,1.4484811,1.4578775,1.432704,1.3587462,1.2323397,1.069155,0.8959276,0.7342484,0.5943311,0.0006627795,0.00019590305,244.04297,459.375,1851.8555,5469.4336,0.00786473,1645.0187,5.560617,6.5071765e+06,2.286132,8.279513,-0.00019158407,1.2358838,0.00045802337,9.459053,10.100842,3.8884337,-1.2733864,-4.544627,-7.950594,0.026380124,0.71627444,-4.740915,6.100945,-5.255096,3.9835193,-7.190493,-4.215758,0 days 00:00:59.259259259,0 days 00:00:59.299259259
0 days 00:00:00.010000,0 days 00:00:00.050000,answer7,0.0,0.63107467,0.0,0.0,0.0,-100.0,0.23428787,0.98834115,0.0022766571,0.097694635,0.12921618,0.27204838,0.41952792,0.5544473,0.66972893,0.76589614,0.84702843,0.9178292,0.9822495,1.0430994,1.1020993,1.1600702,1.2171308,1.2728368,1.3262117,1.3755809,1.4180565,1.4484811,1.4578775,1.432704,1.3587462,1.2323397,1.069155,0.8959276,0.7342484,0.5943311,0.0006899789,0.00018404493,172.26562,344.53125,1205.8594,3517.0898,0.017186938,1214.2748,5.02257,4.7889875e+06,3.2894995,16.099808,-0.0002473036,0.93695027,0.00043563612,12.3062315,10.298973,4.1800365,0.81742555,-4.2365127,-5.622032,5.5908313,4.1910777,0.4925944,4.264012,-2.3122492,4.540558,-4.1248355,-3.5392523,0 days 00:00:59.269259259,0 days 00:00:59.309259259
0 days 00:00:00.020000,0 days 00:00:00.060000,answer7,0.0,0.6410728,0.0,0.0,0.0,-100.0,0.22030859,0.98834115,0.0022713046,0.09656086,0.12921618,0.27204838,0.41952792,0.5544473,0.66972893,0.76589614,0.84702843,0.9178292,0.9822495,1.0430994,1.1020993,1.1600702,1.2171308,1.2728368,1.3262117,1.3755809,1.4180565,1.4484811,1.4578775,1.432704,1.3587462,1.2323397,1.069155,0.8959276,0.7342484,0.5943311,0.0005697029,0.00017703755,143.55469,287.10938,746.4844,2483.496,0.0276576,970.392,4.890619,3.7247458e+06,3.7135985,18.646612,-0.00023123709,0.7709343,0.00035056027,13.631846,8.897536,2.713899,3.0595322,-0.26815066,-1.5301094,6.6532807,2.737397,2.0179546,0.8570142,-3.274667,2.3475492,-0.5020279,-4.143837,0 days 00:00:59.279259259,0 days 00:00:59.319259259
0 days 00:00:00.030000,0 days 00:00:00.070000,answer7,0.0,0.6204736,0.0,0.0,0.0,-100.0,0.21264392,0.98834115,0.002073084,0.097316705,0.12921618,0.27204838,0.41952792,0.5544473,0.66972893,0.76589614,0.84702843,0.9178292,0.9822495,1.0430994,1.1020993,1.1600702,1.2171308,1.2728368,1.3262117,1.3755809,1.4180565,1.4484811,1.4578775,1.432704,1.3587462,1.2323397,1.069155,0.8959276,0.7342484,0.5943311,0.0004887593,0.00018757826,200.97656,387.59766,933.10547,2282.5195,0.026886681,1004.3462,4.9948945,3.26465e+06,3.8117912,19.918528,-0.00018866143,0.80858946,0.00027053815,13.126373,7.0061417,-1.3180794,2.304877,0.47998402,-6.323168,2.8381863,3.8120048,9.143406,3.7617874,-0.73640966,-0.6148047,-1.5119648,-2.8417225,0 days 00:00:59.289259259,0 days 00:00:59.329259259
0 days 00:00:00.040000,0 days 00:00:00.080000,answer7,0.0,0.61105096,0.0,0.0,0.0,-100.0,0.2087781,0.98303103,0.0018329271,0.09882843,0.12034897,0.26039574,0.4078362,0.537485,0.6553089,0.767114,0.8581559,0.87362736,0.95236045,1.0398124,1.1354822,1.1900915,1.2390374,1.2647362,1.3035641,1.3277392,1.3865467,1.4373208,1.4711813,1.4337316,1.3241149,1.2285174,1.0925518,0.91412234,0.7447822,0.59283966,0.00038817432,0.00019879713,258.39844,516.7969,1335.0586,4234.8633,0.024091499,1438.3975,5.469454,5.1638575e+06,2.817112,12.001926,-0.0001231198,1.1199603,0.0002431029,10.588165,6.164734,-2.933302,3.4847088,0.8695431,-9.907348,-5.452877,1.8013734,12.513906,0.7473316,-3.6735895,-4.49103,-7.597519,-6.245646,0 days 00:00:59.299259259,0 days 00:00:59.339259259
0 days 00:00:00.050000,0 days 00:00:00.090000,answer7,0.0,0.0,0.0,0.0,0.0,-100.0,0.21355726,0.97993594,0.0017104163,0.08805745,0.10441006,0.24149676,0.38948008,0.50799876,0.6299148,0.7517902,0.848876,0.81683224,0.9241445,1.0278221,1.1973501,1.230627,1.3000944,1.3083614,1.2739179,1.2529346,1.3538933,1.4229445,1.4978381,1.4363505,1.287991,1.234036,1.1353843,0.94089174,0.7645059,0.5984463,0.00036278006,0.00022167664,330.17578,674.70703,1579.1016,4722.949,0.020285323,1614.9379,5.656985,5.4976935e+06,2.5772955,10.390931,-0.00011959658,1.2490603,0.0002651549,9.73135,4.347161,-4.853864,4.1404276,-0.3153452,-13.782353,-4.02706,4.6878915,12.123963,-2.9348738,-1.3694829,-0.042794228,-8.51033,-6.3913894,0 days 00:00:59.309259259,0 days 00:00:59.349259259
0 days 00:00:00.060000,0 days 00:00:00.100000,answer7,0.0,0.66595423,0.0,0.0,0.0,-100.0,0.20998628,0.97678703,0.0018249879,0.06991685,0.08889956,0.23325296,0.37309232,0.46563962,0.5994134,0.73243326,0.81718415,0.7776515,0.8943903,1.0133468,1.2382056,1.2469116,1.3739997,1.4083704,1.2436036,1.1773797,1.3205343,1.3720407,1.5213007,1.4343191,1.2511665,1.2505451,1.1873266,0.9804557,0.79409,0.60090774,0.00024765302,0.00019891291,287.10938,559.8633,1406.8359,4708.5938,0.021225894,1535.9781,5.385423,5.4878165e+06,2.581798,10.542289,-0.00012560349,1.1746907,0.00026976326,9.495402,5.9183326,-3.8566625,6.7593575,3.6521482,-9.190322,2.9792926,3.449646,5.9705353,-8.995107,-1.6905276,-1.9059685,-8.192424,-10.768949,0 days 00:00:59.319259259,0 days 00:00:59.359259259
0 days 00:00:00.070000,0 days 00:00:00.110000,answer7,0.0,0.687821,0.0,0.0,0.0,-64.39335,0.22383256,0.98719263,0.004378746,0.046863187,0.0886377,0.2757969,0.4066546,0.4524778,0.59289247,0.68905693,0.7528298,0.8046975,0.9340699,1.0114536,1.2434993,1.1924882,1.3930889,1.5318986,1.2356116,1.2206844,1.3810678,1.3471857,1.5332435,1.4523855,1.2550575,1.2598743,1.2164341,0.9981932,0.80352455,0.5942027,0.00083365623,0.0002184381,258.39844,430.66406,890.03906,2483.496,0.04329064,964.9319,4.2201047,2.8818862e+06,5.862476,71.50014,-0.00066984305,0.76211673,0.0011592524,13.089992,7.558393,3.8015516,9.15371,5.2103696,-4.2539124,4.8683696,-3.3165781,0.36212584,-7.4268384,-4.4761186,-2.9370148,-4.4249625,-11.745662,0 days 00:00:59.329259259,0 days 00:00:59.369259259
0 days 00:00:00.080000,0 days 00:00:00.120000,answer7,193.28784,0.7189348,0.0,0.0,0.52195746,-29.271662,0.2728013,1.0241122,0.009380787,0.024943313,0.112553515,0.41737592,0.5515913,0.5093804,0.6462944,0.6662685,0.7234041,0.8668113,1.0192659,1.029124,1.2588245,1.1567528,1.3521987,1.5967237,1.2629749,1.3895751,1.5605049,1.379241,1.5517883,1.5157896,1.2764379,1.2526263,1.1936598,0.9823179,0.79170984,0.5637243,0.006417239,0.0003078907,172.26562,215.33203,344.53125,789.5508,0.11053375,443.88242,2.7587278,1.1029418e+06,14.051358,422.34534,-0.005657896,0.38486922,0.009316833,18.638596,12.532233,14.3958025,12.372781,6.6162868,0.05578057,0.14074118,-9.554444,-0.085031666,-7.9978814,-11.020496,-11.955556,-6.125897,-14.2177305,0 days 00:00:59.339259259,0 days 00:00:59.379259259
0 days 00:00:00.090000,0 days 00:00:00.130000,answer7,195.48659,0.7482911,0.08470547,0.0,0.47067633,7.044843,0.34447107,1.1136078,0.015395525,0.013605442,0.1604962,0.7263225,0.9047313,0.7132241,0.85090464,0.6912778,0.75827265,0.92116815,1.139581,1.0731302,1.3587967,1.2157066,1.3020134,1.5962067,1.3534771,1.6677493,1.879454,1.5412487,1.6143793,1.6371256,1.2966967,1.2159065,1.1344293,0.92476255,0.75060225,0.5261404,0.016974472,0.00045808894,172.26562,215.33203,215.33203,287.10938,0.14148349,236.65501,2.0152647,135038.44,23.023987,988.66144,-0.012495008,0.2433082,0.023329748,25.723356,13.7255945,22.042978,12.5,2.5752678,-1.48028,-8.358036,-18.426615,-4.934536,-7.7758775,-11.750786,-10.25854,-4.907155,-10.559814,0 days 00:00:59.349259259,0 days 00:00:59.389259259
0 days 00:00:00.100000,0 days 00:00:00.140000,answer7,198.97185,0.7617567,0.060671847,0.03103899,0.40514663,9.606019,0.3946654,1.2553827,0.018668514,0.00925926,0.21620703,1.138487,1.4317245,1.108243,1.3172687,0.80686826,0.85687095,0.9961384,1.2617304,1.176717,1.569338,1.3799396,1.3090938,1.6075945,1.5328721,1.9542894,2.1587532,1.7663727,1.702732,1.7392178,1.3209772,1.2011188,1.0532049,0.8433915,0.7019794,0.48882103,0.029353226,0.000603693,172.26562,215.33203,215.33203,330.17578,0.13913499,227.44102,1.9806544,45349.223,28.922396,1459.3177,-0.01783879,0.24275188,0.03594278,30.298761,14.422395,21.159285,11.194503,2.0369346,-8.88956,-13.413665,-22.014847,-8.930633,-4.7106166,-9.316022,-10.400409,-6.893996,-10.05968,0 days 00:00:59.359259259,0 days 00:00:59.399259259
0 days 00:00:00.110000,0 days 00:00:00.150000,answer7,201.59381,0.77004606,0.034055445,0.02119005,0.17779887,13.465668,0.40324602,1.3883349,0.018899554,0.009070295,0.24813382,1.4579428,1.8810673,1.5873934,1.9726176,0.9476358,0.9618079,1.0697836,1.3153175,1.3085285,1.7955317,1.521197,1.3586569,1.6447192,1.7505593,2.1124022,2.2220404,1.889172,1.7412271,1.7689976,1.3661604,1.2246045,1.0031601,0.7971936,0.67293376,0.47792616,0.03562921,0.00058126234,172.26562,215.33203,258.39844,401.95312,0.09023943,246.84608,2.1419566,56106.832,27.707909,1368.5684,-0.017129561,0.26407063,0.038671497,30.260046,16.090012,18.715492,11.236255,-2.3476899,-18.28075,-17.456608,-25.271189,-13.693902,-0.30526724,-5.3961673,-7.9669356,-6.8665566,-7.7981935,0 days 00:00:59.369259259,0 days 00:00:59.409259259
0 days 00:00:00.120000,0 days 00:00:00.160000,answer7,202.11305,0.77462465,0.01759739,0.011579056,0.07268729,16.822105,0.40662718,1.4638368,0.01817976,0.01058201,0.2379095,1.5174996,2.0382426,1.9521856,2.6424587,1.059164,1.0411392,1.0908608,1.2908934,1.4087552,1.9357138,1.5525788,1.4298997,1.7109226,1.9247322,2.1096127,2.0745728,1.8741807,1.7041897,1.7225528,1.4618956,1.3177142,0.99206233,0.7939425,0.6746405,0.5014417,0.03859968,0.00057824585,172.26562,215.33203,315.8203,416.3086,0.0617377,263.9684,2.2385147,74897.51,24.951632,1043.0253,-0.014978458,0.28176644,0.03666694,28.04834,17.421865,16.200209,9.966255,-4.531763,-25.508512,-20.302055,-23.326284,-15.590325,0.58772707,-7.0581965,-6.7624073,-11.54221,-11.721348,0 days 00:00:59.379259259,0 days 00:00:59.419259259
0 days 00:00:00.130000,0 days 00:00:00.170000,answer7,201.49004,0.7752347,0.017845364,0.0073349294,0.080657594,18.320074,0.4071456,1.4664965,0.017870525,0.012849584,0.20260394,1.3695993,1.9163342,2.075023,3.0054462,1.0937613,1.1140378,1.0432653,1.1920369,1.4014846,1.8766108,1.4835428,1.507452,1.7951919,1.9493767,1.9543134,1.8661324,1.7623116,1.6199517,1.6714967,1.5986805,1.4582272,1.0311303,0.84298724,0.7308288,0.56708354,0.042368297,0.00048900873,172.26562,215.33203,373.2422,430.66406,0.047159314,274.00778,2.30565,84244.35,23.403305,823.17114,-0.014445379,0.29251146,0.036982536,26.404243,19.87012,14.815404,10.530049,-8.047289,-29.648417,-20.989332,-18.17262,-16.348944,-4.6270347,-10.991966,-2.4723642,-9.372498,-14.397079,0 days 00:00:59.389259259,0 days 00:00:59.429259259
0 days 00:00:00.140000,0 days 00:00:00.180000,answer7,200.53194,0.7707839,0.015790196,0.008687046,0.060088202,18.932896,0.43393216,1.4572119,0.018391022,0.016628874,0.1700824,1.1855607,1.7186886,2.033985,3.0789049,1.0842594,1.1720117,0.99157804,1.1262685,1.3097348,1.6552091,1.4015617,1.5991033,1.9108667,1.8612667,1.7819691,1.7933531,1.7402244,1.6215357,1.6635648,1.7559522,1.6589108,1.1327698,0.9248719,0.8417414,0.67353743,0.048077162,0.0005267468,172.26562,215.33203,387.59766,430.66406,0.03250537,284.9982,2.3660326,140046.44,20.521435,649.0711,-0.015871605,0.30101904,0.040898815,24.576525,21.889053,14.374667,8.144759,-9.271531,-30.049303,-20.727163,-16.03842,-14.529887,-10.114795,-14.723447,4.769198,-9.186307,-15.947881,0 days 00:00:59.399259259,0 days 00:00:59.439259259
0 days 00:00:00.150000,0 days 00:00:00.190000,answer7,199.56831,0.76314354,0.01263314,0.00746366,0.07903256,18.973158,0.5233724,1.5159969,0.019214561,0.020786092,0.15670383,1.0655321,1.5697927,1.9522148,2.9338515,1.118764,1.2741334,1.0292345,1.1634707,1.2559863,1.4262406,1.349678,1.6816465,2.066476,1.7609863,1.7102098,1.916245,1.9705219,1.8431711,1.796394,2.0034862,2.020051,1.3676167,1.0889101,1.0536529,0.8409498,0.052057896,0.0011799218,172.26562,215.33203,387.59766,430.66406,0.051912438,370.11655,2.5890734,655111.56,14.901898,414.05948,-0.017535558,0.35760573,0.044614296,19.667456,25.032755,13.894412,2.6805248,-11.699496,-24.095963,-16.721563,-15.914528,-12.062908,-12.848106,-13.280029,7.2611465,-11.810879,-15.810096,0 days 00:00:59.409259259,0 days 00:00:59.449259259
0 days 00:00:00.160000,0 days 00:00:00.200000,answer7,198.7857,0.75530547,0.022053106,0.008822908,0.06812089,17.282461,0.5863907,1.6682469,0.020053737,0.023809522,0.15938622,0.9982536,1.4599156,1.8734614,2.7515147,1.1695031,1.3624102,1.1549569,1.2920218,1.290865,1.3048005,1.345503,1.7299551,2.1462784,1.7417225,1.7940248,2.212828,2.4694545,2.3507395,2.1229684,2.394313,2.5493298,1.7858213,1.4009951,1.3928863,1.1205149,0.051122483,0.0015191953,172.26562,215.33203,344.53125,430.66406,0.06572636,412.73935,2.6330473,979421.56,9.05494,120.4187,-0.01908317,0.38304272,0.04709005,14.753673,27.332129,13.425698,0.23970263,-9.160137,-16.599026,-18.163294,-17.488062,-11.29787,-12.812039,-13.046944,7.060228,-11.490537,-13.174693,0 days 00:00:59.419259259,0 days 00:00:59.459259259
0 days 00:00:00.170000,0 days 00:00:00.210000,answer7,198.5177,0.7518185,0.026912661,0.014205538,0.06607298,15.854939,0.6567549,1.9086542,0.020812064,0.024565382,0.16839814,0.95578027,1.3733615,1.7632624,2.5173318,1.2660421,1.4857794,1.2783002,1.4812495,1.4670826,1.3933467,1.4001745,1.7707849,2.1916788,1.8469034,2.0696127,2.6716182,3.199558,3.0446825,2.6803472,2.921671,3.1496537,2.3407724,1.837841,1.8325214,1.5172571,0.04696803,0.0024344537,172.26562,215.33203,301.46484,430.66406,0.08384656,510.58755,2.7572281,1.8030616e+06,5.921959,41.9834,-0.019920448,0.44784537,0.048185498,12.429784,25.404663,11.833919,0.33756208,-9.246756,-11.671006,-18.873594,-17.708496,-9.126824,-6.702824,-11.262311,1.4166375,-15.166095,-17.353441,0 days 00:00:59.429259259,0 days 00:00:59.469259259
0 days 00:00:00.180000,0 days 00:00:00.220000,answer7,197.9995,0.7512215,0.024769822,0.014212037,0.04093918,13.816495,0.64586014,2.115537,0.020988801,0.022297809,0.17941564,0.91872066,1.2993461,1.6217643,2.2443047,1.2791319,1.5560503,1.3356843,1.6666645,1.7146174,1.5959506,1.5496645,1.8655916,2.1662757,1.9865783,2.4382315,3.1047192,3.8058903,3.6453962,3.2534382,3.3114185,3.4287014,2.7377121,2.2511241,2.1676786,1.8798876,0.042398483,0.0028370507,172.26562,215.33203,244.04297,416.3086,0.080705225,468.83337,2.597544,1.623317e+06,6.5106606,50.746243,-0.020533575,0.41571236,0.048075154,12.996648,22.775894,12.124695,6.0713983,-4.8081894,-6.8961434,-22.914759,-19.838879,-9.3647175,-9.110385,-11.676987,-0.6513111,-8.240466,-14.537353,0 days 00:00:59.439259259,0 days 00:00:59.479259259
0 days 00:00:00.190000,0 days 00:00:00.230000,answer7,197.7889,0.7534585,0.017407823,0.015874209,0.03852233,13.84391,0.62553805,2.16877,0.021050727,0.018518519,0.18579383,0.8791168,1.2359957,1.4664707,1.9595069,1.2300014,1.5448629,1.3208369,1.7873317,1.8565065,1.7607932,1.7896633,1.9960147,2.1051772,2.0454206,2.677536,3.2963932,3.9521801,3.8704586,3.4852183,3.3240178,3.2542152,2.7789924,2.3920212,2.2056782,1.9878103,0.038709212,0.002770873,172.26562,215.33203,229.6875,401.95312,0.07605486,434.47412,2.4774194,1.4402824e+06,7.8218513,78.63608,-0.020462459,0.39002538,0.04694065,14.502097,21.02537,12.439831,6.6597137,-4.876021,-7.4141426,-22.141296,-17.908175,-6.1195655,-12.066421,-14.583217,-2.6032698,-7.8240905,-13.273811,0 days 00:00:59.449259259,0 days 00:00:59.489259259
0 days 00:00:00.200000,0 days 00:00:00.240000,answer7,197.38985,0.76024705,0.014105034,0.012360826,0.04247059,14.037091,0.5651806,2.040439,0.021139646,0.0143613,0.18921368,0.83568186,1.1799182,1.3382801,1.7350293,1.1457005,1.4510002,1.2925472,1.8200256,1.8009173,1.7459303,2.0029194,2.0686038,1.9772586,1.9622087,2.6948223,3.13819,3.6199424,3.6873102,3.2754729,2.9487941,2.7510955,2.475732,2.212631,1.9218469,1.7803332,0.041800518,0.0019613353,172.26562,215.33203,215.33203,387.59766,0.068631604,323.96558,2.2908475,589314.94,11.954585,195.14381,-0.021442326,0.31296453,0.048449785,18.11043,21.611244,14.248652,6.556559,-3.5425618,-9.411732,-22.028936,-16.232267,-5.6030726,-16.002213,-17.094439,-0.527606,-1.954917,-8.284919,0 days 00:00:59.459259259,0 days 00:00:59.499259259
0 days 00:00:00.210000,0 days 00:00:00.250000,answer7,197.34602,0.7660513,0.011346272,0.010944944,0.0463105,15.85776,0.50009614,1.7814031,0.020914862,0.0111489035,0.19165288,0.79006386,1.1243119,1.2436231,1.5879612,1.0695263,1.2797338,1.2688295,1.677656,1.5484265,1.5677325,2.0897791,1.9763083,1.7898359,1.7637657,2.4139032,2.7021224,2.9922216,3.1470454,2.7420003,2.427611,2.2191966,2.0362833,1.7973242,1.4916333,1.3779262,0.04209934,0.000962282,172.26562,215.33203,215.33203,387.59766,0.056982536,271.19638,2.1840093,262859.4,16.403212,357.0698,-0.021338297,0.27750638,0.047418058,22.00103,22.035042,16.306723,7.281105,-3.3108397,-16.735718,-20.330194,-14.972844,-3.3925905,-10.222301,-18.653498,-1.3325644,-3.9987297,-9.483999,0 days 00:00:59.469259259,0 days 00:00:59.509259259
0 days 00:00:00.220000,0 days 00:00:00.260000,answer7,196.9344,0.77114797,0.011285979,0.008665479,0.07308707,17.154684,0.45776942,1.5142056,0.020545501,0.009826153,0.19379877,0.7430747,1.0647999,1.1756009,1.4933606,1.0675248,1.1529303,1.204776,1.4188486,1.3105875,1.3810048,1.9601183,1.7103853,1.6393914,1.5870724,2.0080748,2.2620385,2.4212832,2.4751084,2.1993153,2.0048132,1.7976681,1.6326367,1.3569144,1.1121495,0.99606746,0.04155754,0.0006867817,172.26562,215.33203,215.33203,387.59766,0.051013574,249.71991,2.1517677,123546.68,21.006495,582.1833,-0.020811489,0.26283172,0.046014432,25.125015,22.235132,18.1796,7.5219865,-3.9561942,-17.782194,-19.593634,-16.476427,-4.5077744,-4.0832796,-14.358251,-2.1795719,-10.011901,-13.599492,0 days 00:00:59.479259259,0 days 00:00:59.519259259
0 days 00:00:00.230000,0 days 00:00:00.270000,answer7,197.00279,0.7704589,0.016047515,0.0051522385,0.08362313,18.55783,0.4211749,1.2803221,0.020157421,0.010015117,0.19421934,0.6957927,0.9991029,1.1205463,1.4237229,1.0504313,1.029954,1.080221,1.1296074,1.1886927,1.2689381,1.674964,1.3922335,1.527556,1.4615439,1.5948606,1.9099655,1.9521652,1.8582824,1.7737136,1.6888875,1.4389915,1.2814859,1.0041275,0.83615804,0.7122102,0.038213048,0.0005238168,172.26562,215.33203,215.33203,387.59766,0.05026416,242.94374,2.1149757,80593.58,24.792612,875.7132,-0.019333508,0.25838503,0.042358574,27.172842,21.712662,19.620707,7.889853,-3.877652,-17.137371,-21.577133,-18.920166,-8.982803,-2.4177532,-6.9751954,-2.5405567,-13.560901,-17.138962,0 days 00:00:59.489259259,0 days 00:00:59.529259259
0 days 00:00:00.240000,0 days 00:00:00.280000,answer7,197.07936,0.76893574,0.017959254,0.0068957484,0.082847595,18.951317,0.40132117,1.1175085,0.01998361,0.010770976,0.1863317,0.6486232,0.9355611,1.0590211,1.3374282,1.0329249,0.9744598,0.94305825,0.94235396,1.1576904,1.2279716,1.3421369,1.1115876,1.4838465,1.4143704,1.2810526,1.688914,1.6278539,1.4610385,1.4969501,1.4678025,1.1704,1.0237601,0.7974655,0.67814475,0.5644757,0.036782146,0.0003899182,172.26562,215.33203,215.33203,387.59766,0.054828804,238.97906,2.055418,61960.918,26.590673,991.3593,-0.01863893,0.25545478,0.041823644,27.947737,22.955942,17.487707,6.897824,-7.7166686,-14.860616,-20.644234,-16.437317,-14.367012,-4.329618,-5.10026,-4.196733,-17.68113,-18.281054,0 days 00:00:59.499259259,0 days 00:00:59.539259259
0 days 00:00:00.250000,0 days 00:00:00.290000,answer7,197.40855,0.76636034,0.014996596,0.0056458563,0.06499824,19.389967,0.39663294,1.0213999,0.019854823,0.011526833,0.17386018,0.6056852,0.87812877,1.0081822,1.2577953,0.959933,0.92776173,0.86229134,0.92254144,1.1497234,1.1738272,1.0736622,0.969068,1.4860545,1.4090251,1.1353264,1.5495825,1.4011761,1.2945789,1.3441591,1.2805144,1.0032407,0.8456075,0.72909826,0.5941916,0.52137923,0.036181692,0.00040150128,172.26562,215.33203,215.33203,387.59766,0.054702725,239.82338,2.054148,61927.594,26.171972,961.0048,-0.018187946,0.2564094,0.041000284,27.917595,22.179832,16.597525,10.677944,-9.997869,-13.726773,-16.972645,-17.130455,-21.56723,-10.478131,-4.078111,0.5764324,-12.2928915,-16.480583,0 days 00:00:59.509259259,0 days 00:00:59.549259259
0 days 00:00:00.260000,0 days 00:00:00.300000,answer7,197.3149,0.7704355,0.010090173,0.006973026,0.058947336,19.392166,0.3940262,0.97336835,0.01967079,0.012093727,0.16375016,0.571052,0.8333046,0.9621225,1.1820189,0.86959434,0.8825342,0.8377425,0.98126715,1.1146528,1.1017727,0.92280895,0.93472534,1.5310255,1.4147619,1.0990173,1.4642814,1.2438602,1.2281548,1.2458587,1.1595907,0.9498165,0.75763035,0.75309783,0.5646363,0.53850013,0.035008192,0.00039692599,172.26562,215.33203,215.33203,387.59766,0.044061165,236.28009,2.0257175,68154.24,25.847435,878.82745,-0.018610215,0.25214317,0.041018467,27.114424,23.432337,16.41936,13.982239,-9.155834,-14.503292,-14.090688,-18.008486,-21.57852,-10.969932,-4.9285126,2.3528788,-11.84706,-17.270792,0 days 00:00:59.519259259,0 days 00:00:59.559259259
0 days 00:00:00.270000,0 days 00:00:00.310000,answer7,197.3866,0.77241725,0.009618819,0.006700641,0.06584684,19.923466,0.38708162,0.9545471,0.019404108,0.012282692,0.1619434,0.54319954,0.79372525,0.9277282,1.1230358,0.77020067,0.8218809,0.82533866,1.0405617,1.0759981,1.0312074,0.85079765,0.95098186,1.5766417,1.4154114,1.1362865,1.4230236,1.160107,1.2019749,1.1790357,1.1044832,0.97114897,0.7496273,0.8264387,0.5777428,0.57970566,0.033145413,0.00038223466,172.26562,215.33203,215.33203,387.59766,0.038255755,238.5783,2.0461814,87801.195,24.4885,774.53516,-0.017824553,0.2537727,0.038461205,25.845316,24.955801,17.697767,16.359934,-7.537905,-13.591187,-14.188832,-22.503252,-22.41443,-10.795573,-1.1221823,4.7950053,-9.447377,-16.362194,0 days 00:00:59.529259259,0 days 00:00:59.569259259
0 days 00:00:00.280000,0 days 00:00:00.320000,answer7,197.21472,0.7750737,0.015857419,0.00920112,0.06241256,19.883614,0.38700578,0.9491436,0.01919992,0.012093727,0.16345392,0.5192335,0.7568703,0.89221674,1.0775217,0.7092783,0.7661333,0.7919293,1.0321031,1.0491897,1.0060468,0.8399084,0.96935767,1.5596114,1.3930659,1.1927967,1.4031553,1.1352836,1.1926742,1.1609172,1.1401702,1.0023353,0.8072123,0.907295,0.6062289,0.603748,0.03249845,0.00033108765,172.26562,215.33203,215.33203,387.59766,0.04156932,238.96608,2.0263236,94085.54,24.208817,752.65405,-0.017528437,0.25383046,0.037783045,25.215021,26.09461,17.313635,13.373031,-6.7732787,-16.7297,-15.9626665,-21.664629,-17.18899,-6.217327,-2.304236,-3.1424484,-11.2329,-17.401575,0 days 00:00:59.539259259,0 days 00:00:59.579259259
0 days 00:00:00.290000,0 days 00:00:00.330000,answer7,197.12654,0.7763365,0.01877875,0.01268236,0.045146834,20.38054,0.3843665,0.94611573,0.018818751,0.012471656,0.16154368,0.49603558,0.72420543,0.84416026,1.0253575,0.71555996,0.7731568,0.76520854,0.9567039,0.99866265,0.9880545,0.87523955,0.96411496,1.4875499,1.362464,1.2215564,1.3506342,1.1550075,1.1944801,1.1937944,1.2351707,1.0112189,0.88790613,0.95432013,0.6433099,0.6135948,0.030095378,0.00031037992,172.26562,215.33203,215.33203,344.53125,0.039266538,237.8653,1.9915944,93891.27,23.517782,704.8003,-0.016615318,0.25238836,0.03574522,24.973269,26.164566,16.845854,12.151601,-9.457815,-19.308321,-14.907414,-13.330977,-15.194026,-8.877152,-6.515751,-7.1413627,-10.881162,-15.993362,0 days 00:00:59.549259259,0 days 00:00:59.589259259
0 days 00:00:00.300000,0 days 00:00:00.340000,answer7,197.29921,0.77620155,0.019942248,0.009862698,0.030991038,21.329138,0.38223854,0.94364923,0.018575503,0.012849584,0.15518202,0.47307563,0.6938553,0.7955373,0.97690016,0.76193184,0.8261547,0.78340214,0.89167374,0.9393561,0.9639291,0.9624664,0.9800763,1.4022087,1.351768,1.2552881,1.2775182,1.1703209,1.191764,1.2358695,1.3104528,0.9807623,0.93848515,0.9581279,0.6654536,0.59332114,0.029109227,0.00031903718,172.26562,215.33203,215.33203,344.53125,0.041841205,235.14473,1.9879137,74363.18,25.020952,828.45557,-0.01623682,0.25032017,0.034697235,26.543726,24.055971,15.824333,12.273395,-9.355195,-20.905993,-12.898637,-12.085706,-12.304997,-9.882273,-8.514402,-10.856687,-7.537842,-15.397283,0 days 00:00:59.559259259,0 days 00:00:59.599259259
0 days 00:00:00.310000,0 days 00:00:00.350000,answer7,197.03387,0.7749577,0.013949308,0.006346857,0.07223173,21.138174,0.38852382,0.94726783,0.018671794,0.013227512,0.14929491,0.4541848,0.6723428,0.75231576,0.93329,0.81207055,0.89453125,0.8476612,0.8673411,0.89934707,0.9403861,1.0768433,1.0470238,1.3780966,1.3961035,1.2904077,1.2261561,1.181321,1.175233,1.2446023,1.3293697,0.95201904,0.9404874,0.92820674,0.6809651,0.55936366,0.03039766,0.00040793847,172.26562,215.33203,215.33203,344.53125,0.044114042,234.20569,1.9908043,65726.516,25.263918,857.4079,-0.016847363,0.24959396,0.035895403,27.0595,22.186121,15.736655,15.139394,-10.000258,-19.842192,-11.208824,-12.82005,-14.350326,-12.354808,-8.011786,-7.38289,-6.4607754,-15.911446,0 days 00:00:59.569259259,0 days 00:00:59.609259259
0 days 00:00:00.320000,0 days 00:00:00.360000,answer7,196.49886,0.7714238,0.012661072,0.0022130422,0.067970775,20.679274,0.38885286,0.95303375,0.018703299,0.013983372,0.14713624,0.43825746,0.6505769,0.7288017,0.905119,0.8186764,0.9209214,0.9327385,0.8846833,0.9038299,0.9206807,1.1441191,1.1252215,1.3802304,1.4685297,1.3592113,1.2553444,1.1707586,1.1642714,1.2144252,1.2657362,0.9550316,0.9282797,0.8872989,0.6913559,0.5176404,0.029411515,0.0003993802,172.26562,215.33203,215.33203,387.59766,0.054998945,234.58002,1.9931417,63797.137,25.16487,878.6484,-0.016385516,0.24998105,0.035069093,27.101591,21.79357,16.566063,13.583298,-11.04401,-18.842821,-6.8587203,-18.53018,-13.830513,-11.029629,-8.83822,-7.9721355,-5.320547,-13.799924,0 days 00:00:59.579259259,0 days 00:00:59.619259259
0 days 00:00:00.330000,0 days 00:00:00.370000,answer7,195.35359,0.7691848,0.014004146,0.0029730054,0.09167543,19.193459,0.3795358,0.9539182,0.01835873,0.015117158,0.14677975,0.42481264,0.6314624,0.716557,0.88472456,0.7951986,0.9010944,1.0124983,0.90998083,0.92501754,0.9157813,1.1412091,1.1472887,1.3475227,1.5010289,1.4110376,1.356823,1.1334339,1.1736032,1.1945411,1.1821662,0.9892189,0.9489487,0.8443369,0.6834666,0.4833415,0.028638234,0.00034845227,172.26562,215.33203,215.33203,387.59766,0.04857108,232.25081,1.9689711,59683.77,26.050432,954.3239,-0.016160613,0.24770467,0.03472364,26.901075,23.21829,17.586044,10.9071,-9.990214,-17.50241,-5.370384,-18.722801,-15.1095,-12.236492,-11.563519,-6.634971,-5.180153,-10.139489,0 days 00:00:59.589259259,0 days 00:00:59.629259259
0 days 00:00:00.340000,0 days 00:00:00.380000,answer7,194.64232,0.76710206,0.015307295,0.0027771508,0.038090114,20.247465,0.34851065,0.9329737,0.017335339,0.017384732,0.14743222,0.41013026,0.60748214,0.70193166,0.8463311,0.7589843,0.8520775,1.0726185,0.92584944,0.8966398,0.8791643,1.077058,1.0888898,1.2644752,1.4192375,1.3923336,1.4265267,1.0907356,1.1949867,1.2183589,1.1041311,1.0112853,0.9727176,0.7917383,0.6474729,0.45872703,0.023121862,0.00020996295,172.26562,215.33203,215.33203,344.53125,0.042019576,226.15833,1.9295396,51541.31,29.457804,1224.7177,-0.014221471,0.24186914,0.029585049,28.074923,24.623373,19.143835,7.530117,-7.2356935,-14.743482,-6.259804,-15.483329,-13.807758,-15.031339,-12.572982,-6.0498834,-1.6375914,-8.443686,0 days 00:00:59.599259259,0 days 00:00:59.639259259
0 days 00:00:00.350000,0 days 00:00:00.390000,answer7,194.40688,0.7660949,0.020184832,0.0052335723,0.059714597,20.49385,0.33561814,0.8923106,0.01654163,0.018896447,0.1472476,0.39212015,0.57653743,0.688256,0.80317163,0.7315252,0.8006428,1.094365,0.9364639,0.82739514,0.82437205,1.0047774,0.98807925,1.1503377,1.2598566,1.3091067,1.4070925,1.0613608,1.1827954,1.2567564,1.0650975,0.97988874,0.94900584,0.7373273,0.59021384,0.4362824,0.022538826,0.000168035,172.26562,215.33203,215.33203,344.53125,0.04644035,230.01924,1.9985605,50677.688,30.778173,1338.2487,-0.012896955,0.24661283,0.026918879,28.89451,24.831322,19.205305,7.052542,-8.115994,-13.891037,-9.396804,-13.317127,-16.33397,-14.776561,-11.361409,-3.6930726,1.5685383,-11.032962,0 days 00:00:59.609259259,0 days 00:00:59.649259259
0 days 00:00:00.360000,0 days 00:00:00.400000,answer7,194.66167,0.7684129,0.02068896,0.0081974985,0.04723583,19.643118,0.3338515,0.8487987,0.016206814,0.019274376,0.14672615,0.37413672,0.5458248,0.68003017,0.7697131,0.7322809,0.7736053,1.0597273,0.943332,0.7489147,0.7680883,0.96697664,0.9406988,1.080702,1.1029037,1.1861118,1.3010539,1.0934134,1.1415483,1.2751611,1.0537682,0.89782566,0.85712963,0.683898,0.5313016,0.41389433,0.022906974,0.00016502039,172.26562,215.33203,215.33203,344.53125,0.051408246,232.33717,2.0362222,50201.95,31.984985,1445.1094,-0.012518577,0.2494208,0.026520818,30.37992,23.46852,20.243353,6.317877,-9.77956,-16.390083,-13.502056,-8.647679,-11.413449,-15.688922,-11.798911,-3.1046937,0.6882561,-14.52728,0 days 00:00:59.619259259,0 days 00:00:59.659259259
0 days 00:00:00.370000,0 days 00:00:00.410000,answer7,195.15446,0.76958513,0.022378767,0.012115094,0.06808586,18.311882,0.3361647,0.8206246,0.016187517,0.018707482,0.14410812,0.35721233,0.5166492,0.68891054,0.7726688,0.7531349,0.76750183,0.9915471,0.92765236,0.7069935,0.7381983,0.973427,0.9599497,1.058541,1.0421025,1.1160501,1.1847656,1.1542768,1.0887326,1.2298108,1.0515586,0.82318944,0.75052357,0.6491893,0.49320126,0.3963443,0.025371155,0.00017463714,172.26562,215.33203,215.33203,387.59766,0.050898463,240.68768,2.1374476,52348.39,31.0659,1394.9928,-0.01217151,0.25875208,0.026998632,30.712042,22.797312,19.90214,8.959751,-12.295379,-20.401575,-14.5805855,-10.474929,-12.195981,-13.418313,-11.124585,-1.4806229,-0.03963956,-11.891757,0 days 00:00:59.629259259,0 days 00:00:59.669259259
0 days 00:00:00.380000,0 days 00:00:00.420000,answer7,195.70013,0.77148205,0.013947743,0.010676582,0.05637856,17.838694,0.3406483,0.8144736,0.01621758,0.018518517,0.13913839,0.34423313,0.4986229,0.7124607,0.81054324,0.7848496,0.7930766,0.9114552,0.88022876,0.70021564,0.7487624,1.0148607,1.010652,1.0814425,1.1045188,1.0864973,1.1184088,1.2163814,1.0550977,1.1444674,1.0346581,0.794203,0.69066507,0.63203424,0.4801797,0.38866284,0.029950598,0.00018615741,172.26562,215.33203,258.39844,387.59766,0.04310525,247.59595,2.2261114,50416.457,30.878805,1397.7338,-0.012659079,0.2667105,0.02911818,31.38297,22.279203,20.127218,10.254455,-14.522292,-23.859201,-15.503742,-12.376685,-8.949689,-12.281593,-9.53434,-3.1051905,-5.2687173,-10.054799,0 days 00:00:59.639259259,0 days 00:00:59.679259259
0 days 00:00:00.390000,0 days 00:00:00.430000,answer7,196.34337,0.7723554,0.011000294,0.008384329,0.03974077,17.948997,0.34462127,0.82084256,0.01614736,0.019085413,0.13420145,0.3344365,0.48849693,0.73674935,0.8537651,0.8015364,0.8185753,0.8466551,0.8233761,0.7157671,0.7669421,1.0621406,1.0465335,1.1137878,1.2568597,1.1200366,1.0912862,1.2591907,1.0499396,1.0518459,0.9953546,0.7921581,0.6830879,0.62817794,0.484598,0.3864098,0.032313738,0.00021770578,172.26562,215.33203,272.7539,387.59766,0.041244853,252.3976,2.2897167,50242.39,29.724306,1334.9408,-0.012627062,0.2719316,0.029791528,31.088572,21.477892,20.987143,12.733968,-18.406748,-23.636927,-13.414505,-15.870534,-12.419459,-11.559189,-5.9426346,-3.8172443,-5.095551,-8.281129,0 days 00:00:59.649259259,0 days 00:00:59.689259259
0 days 00:00:00.400000,0 days 00:00:00.440000,answer7,197.05449,0.7720375,0.006390314,0.0050225523,0.020127444,17.552862,0.36371723,0.8452027,0.015973033,0.01946334,0.12927479,0.32554555,0.4813831,0.75228953,0.88851947,0.8130312,0.84048414,0.7993934,0.80479527,0.77262306,0.7772965,1.0937372,1.0594321,1.1768198,1.4846025,1.2511545,1.1194596,1.3084978,1.0583392,1.0005411,0.9734655,0.81845784,0.7104618,0.6410711,0.503767,0.3908269,0.032550972,0.00034816962,172.26562,215.33203,315.8203,387.59766,0.043164942,259.43216,2.3299828,58421.06,26.09678,1079.0865,-0.012297525,0.27812913,0.029759794,30.53138,18.789684,21.981888,11.6437235,-21.259005,-24.515295,-9.317032,-17.929358,-13.998488,-9.354204,-3.83961,-3.1322305,-6.8386483,-12.211739,0 days 00:00:59.659259259,0 days 00:00:59.699259259
0 days 00:00:00.410000,0 days 00:00:00.450000,answer7,197.40967,0.76880187,0.0099319285,0.005605968,0.02328323,17.359722,0.37561393,0.88905054,0.015501794,0.018896447,0.1241874,0.31671223,0.47465646,0.7435441,0.89594644,0.846023,0.8730386,0.79777557,0.8426804,0.8856252,0.79095054,1.114333,1.0937515,1.2617487,1.6874555,1.4562973,1.2004389,1.398033,1.1044453,1.0108687,0.9960873,0.86131454,0.75394964,0.66818506,0.5212824,0.39598277,0.029583141,0.00042078304,172.26562,215.33203,330.17578,401.95312,0.04148716,263.96664,2.3343215,67941.32,23.667917,889.71747,-0.01135466,0.28175706,0.027866878,29.949831,16.233763,20.403566,8.809688,-19.928793,-22.216131,-7.518507,-19.753716,-14.964233,-9.601096,-4.1196814,-2.325137,-7.0272255,-13.6362295,0 days 00:00:59.669259259,0 days 00:00:59.709259259
0 days 00:00:00.420000,0 days 00:00:00.460000,answer7,197.88805,0.76545453,0.015033652,0.007458867,0.04640458,17.362888,0.37883413,0.94294053,0.015069188,0.01643991,0.11717627,0.30644333,0.46326637,0.716002,0.8875208,0.86864024,0.89473516,0.8527723,0.9084854,1.04913,0.83223635,1.1443008,1.150953,1.3603977,1.7945403,1.6799868,1.3044579,1.485933,1.1651002,1.0620729,1.067627,0.9528591,0.8014838,0.7044304,0.5377187,0.4081832,0.02724027,0.00045311576,172.26562,215.33203,358.88672,401.95312,0.03923076,268.9538,2.338273,80242.24,21.966257,729.8321,-0.010278129,0.28626156,0.025435872,29.031126,14.895726,17.998987,7.6851096,-16.747066,-23.061712,-7.556839,-21.882942,-16.352133,-7.8470874,-7.291884,-1.8411312,-8.255385,-14.093787,0 days 00:00:59.679259259,0 days 00:00:59.719259259
0 days 00:00:00.430000,0 days 00:00:00.470000,answer7,198.64314,0.7691006,0.025078699,0.0138445655,0.072085,18.110415,0.37977925,0.98717517,0.015044797,0.014739229,0.1105709,0.29803,0.45489,0.6826108,0.87125105,0.88189584,0.96017045,0.96479374,0.9370573,1.1749338,0.91021276,1.1499023,1.1808839,1.4018303,1.7617679,1.7761782,1.387204,1.5303308,1.2338251,1.1441625,1.1630464,1.0729165,0.8622637,0.7531097,0.56972486,0.43299022,0.02847155,0.00033641877,172.26562,215.33203,330.17578,401.95312,0.040765136,269.10458,2.358894,90332.375,22.37668,718.7498,-0.0108209485,0.28648257,0.026334308,28.220407,18.906832,15.633199,4.20022,-18.017017,-21.24935,-7.1414866,-18.040556,-14.227531,-9.071656,-10.136733,-8.6115465,-9.149888,-11.515247,0 days 00:00:59.689259259,0 days 00:00:59.729259259
0 days 00:00:00.440000,0 days 00:00:00.480000,answer7,199.62337,0.7652939,0.028285367,0.012410426,0.09232538,17.123888,0.37257066,1.0036272,0.015065167,0.013605442,0.106516086,0.2928102,0.4503893,0.6548124,0.85395724,0.8489187,1.0309882,1.0922503,0.91030127,1.1970983,0.97578055,1.1491203,1.1847063,1.3360707,1.6024647,1.7226228,1.4162273,1.4978007,1.2879586,1.2344729,1.2383951,1.1634222,0.9258852,0.8118231,0.6296646,0.47985193,0.02761546,0.00028950928,172.26562,215.33203,330.17578,401.95312,0.044613138,267.80865,2.3260517,102004.625,22.106966,672.9484,-0.0107666,0.2847453,0.025736766,27.229492,21.641516,14.240257,4.9247475,-17.249334,-20.27883,-10.428159,-15.328208,-11.475304,-10.832578,-15.24541,-10.177215,-3.6972501,-10.114892,0 days 00:00:59.699259259,0 days 00:00:59.739259259
0 days 00:00:00.450000,0 days 00:00:00.490000,answer7,200.23247,0.7670975,0.02139044,0.013138645,0.10226058,16.47027,0.3820758,1.0109619,0.015315648,0.013605443,0.105870396,0.2916653,0.45220998,0.6345536,0.8313699,0.81713104,1.1043504,1.169391,0.85809755,1.1077113,0.99935395,1.1379592,1.1837722,1.2307628,1.4406842,1.6156187,1.4435943,1.4610372,1.3422762,1.3355446,1.3029348,1.2255902,1.0068235,0.8920591,0.722476,0.5721729,0.02669516,0.00030039766,172.26562,215.33203,287.10938,401.95312,0.05078842,272.76462,2.297734,175128.44,18.624054,466.39185,-0.011012445,0.2859614,0.02596458,24.906092,23.969038,13.955936,5.8310227,-20.51468,-18.209162,-11.440213,-11.555626,-9.323383,-11.44428,-18.788301,-10.440452,-4.692711,-9.742404,0 days 00:00:59.709259259,0 days 00:00:59.749259259
0 days 00:00:00.460000,0 days 00:00:00.500000,answer7,200.25838,0.7609253,0.012373597,0.0085963,0.112008214,15.03708,0.38229927,1.0219282,0.015687065,0.013227512,0.10755447,0.29328826,0.4591763,0.61951774,0.8053791,0.7754157,1.0981737,1.1625177,0.8287026,0.99325275,1.0127364,1.1649915,1.2191372,1.1450962,1.3303541,1.5430311,1.5107203,1.4762434,1.4293965,1.4578243,1.3585488,1.2416021,1.0879093,0.95836115,0.8118383,0.6793631,0.02774599,0.0003664908,172.26562,215.33203,287.10938,401.95312,0.050496995,270.48642,2.2588134,185185.83,18.324776,434.97226,-0.011429657,0.28292856,0.02641604,23.871656,21.823942,16.809391,9.418635,-16.089355,-17.419455,-18.585348,-15.235471,-11.029453,-11.175494,-18.795301,-8.041989,-2.5761943,-8.851256,0 days 00:00:59.719259259,0 days 00:00:59.759259259
0 days 00:00:00.470000,0 days 00:00:00.510000,answer7,200.28943,0.76701164,0.008548033,0.011360225,0.11095139,15.007786,0.39840674,1.0467566,0.016749894,0.011715797,0.111426614,0.29750845,0.4692265,0.6083496,0.78015965,0.7544567,1.0282129,1.0718393,0.81978387,0.9345842,1.0579125,1.256657,1.293467,1.137174,1.3297398,1.5529212,1.6391121,1.5721378,1.5385996,1.564209,1.4039941,1.2600025,1.141409,0.9831908,0.84864235,0.76095295,0.03015693,0.00044567417,172.26562,215.33203,229.6875,387.59766,0.049048036,265.0797,2.24632,180455.62,18.57318,456.43735,-0.013057421,0.27689043,0.029231245,24.155481,20.652328,19.963837,10.257057,-16.68878,-17.614906,-19.841112,-15.064252,-7.408144,-6.4449883,-18.198853,-9.3161545,-7.704962,-8.951257,0 days 00:00:59.729259259,0 days 00:00:59.769259259
0 days 00:00:00.480000,0 days 00:00:00.520000,answer7,200.17949,0.7668574,0.009694661,0.009011064,0.104879916,14.318088,0.41309214,1.075776,0.018162107,0.010582011,0.1176549,0.30642024,0.4879817,0.61258656,0.7740888,0.7659993,0.97075987,0.98784465,0.8320382,0.94964224,1.1595303,1.3859593,1.3482413,1.1513273,1.3996133,1.5701605,1.7509564,1.6932163,1.6562175,1.6406738,1.434668,1.2647963,1.1528934,0.9599665,0.8231559,0.77378446,0.039021675,0.0004994008,172.26562,215.33203,244.04297,387.59766,0.05634449,255.17992,2.252917,99205.56,22.98646,735.9528,-0.01630163,0.2707868,0.036616307,26.748838,19.22965,19.719906,7.9025383,-12.583096,-17.400553,-22.476141,-16.775082,-6.1346955,-6.450945,-17.64023,-10.886993,-7.008381,-7.4422054,0 days 00:00:59.739259259,0 days 00:00:59.779259259
0 days 00:00:00.490000,0 days 00:00:00.530000,answer7,199.93404,0.7714787,0.008740368,0.007826741,0.070606686,15.240495,0.43007216,1.0993453,0.01905305,0.009448224,0.12537113,0.31791988,0.5077463,0.62643427,0.7912801,0.823293,0.9735575,0.94289607,0.84614444,1.0182142,1.2671475,1.5489045,1.3929272,1.1503978,1.4519411,1.5641292,1.7968916,1.7691761,1.7183238,1.6576214,1.4355459,1.289455,1.1264197,0.93523073,0.76892376,0.7370873,0.041516125,0.00053464767,172.26562,215.33203,229.6875,387.59766,0.057175484,255.1554,2.244003,88809.34,22.930115,750.8198,-0.017698621,0.2710595,0.039804246,27.056946,20.362833,17.142944,7.533132,-13.844326,-19.524794,-21.54177,-15.380176,-0.5041591,-3.5580184,-19.470194,-11.210876,-9.380174,-9.558951,0 days 00:00:59.749259259,0 days 00:00:59.789259259
0 days 00:00:00.500000,0 days 00:00:00.540000,answer7,199.84969,0.77020246,0.0051512304,0.005152412,0.061178844,16.784674,0.4360129,1.1192403,0.019309549,0.009070295,0.13100177,0.32745424,0.52218133,0.64683,0.82203215,0.9021101,1.0348763,0.95286685,0.8898547,1.1176935,1.3598446,1.6523336,1.4123284,1.1617984,1.4694667,1.5334988,1.7451655,1.7953418,1.7238427,1.6054983,1.4402366,1.352996,1.1082422,0.9443865,0.741736,0.70662993,0.045223784,0.0005597798,172.26562,215.33203,272.7539,387.59766,0.05987276,259.27368,2.2513962,84006.04,23.270874,782.74884,-0.018209597,0.2761701,0.0430534,27.179222,20.041689,14.43565,7.8827834,-11.269889,-19.987394,-21.302511,-18.868063,-5.9048004,-5.359361,-16.679514,-7.2664323,-10.724103,-10.187732,0 days 00:00:59.759259259,0 days 00:00:59.799259259
0 days 00:00:00.510000,0 days 00:00:00.550000,answer7,199.83466,0.7716875,0.0054459893,0.0042091007,0.045505617,18.181208,0.4275788,1.1236708,0.019112678,0.009070295,0.13253589,0.32994315,0.52296954,0.6633473,0.85074466,0.9159607,1.0628529,0.97651356,0.96457225,1.214673,1.4261442,1.6495143,1.4024677,1.2219901,1.4483091,1.5115474,1.6401516,1.7746911,1.6625875,1.5129966,1.4291824,1.4187374,1.0783191,0.960135,0.7557702,0.68878704,0.042170193,0.0005319284,172.26562,215.33203,258.39844,387.59766,0.048508126,260.35898,2.2335572,85343.23,23.16511,781.9165,-0.017111309,0.27728394,0.04137822,27.3044,19.608976,14.441002,10.214955,-13.221955,-18.108572,-18.697533,-20.066484,-10.44443,-5.6915455,-14.084252,-5.0035133,-10.492726,-11.523393,0 days 00:00:59.769259259,0 days 00:00:59.809259259
0 days 00:00:00.520000,0 days 00:00:00.560000,answer7,199.94774,0.7735849,0.003606499,0.0030031856,0.04629455,19.163034,0.42124066,1.1135162,0.01926103,0.009070295,0.13276789,0.32716006,0.5140064,0.6664781,0.85853404,0.8736064,1.0547514,0.9838912,1.035511,1.2843065,1.4499522,1.5613832,1.3560909,1.3331336,1.4483857,1.5667148,1.5385827,1.7467235,1.5785497,1.4044542,1.3828678,1.4331762,1.0324165,0.9468661,0.77453405,0.66658,0.041382987,0.00056580175,172.26562,215.33203,258.39844,387.59766,0.044921786,255.5685,2.1910982,69675.414,25.26536,977.08185,-0.017433181,0.27293542,0.042221356,29.049417,17.15394,16.023748,10.949161,-13.414856,-15.908935,-16.367891,-21.77021,-13.041301,-6.586489,-11.979221,-6.400131,-9.58522,-9.605908,0 days 00:00:59.779259259,0 days 00:00:59.819259259
0 days 00:00:00.530000,0 days 00:00:00.570000,answer7,199.82298,0.77793795,0.0029394561,0.002180446,0.0374794,19.026613,0.41997543,1.0896913,0.01947169,0.009070295,0.13513356,0.32481548,0.50669736,0.6601687,0.8481579,0.7963247,1.0252438,1.0145354,1.0999804,1.3188587,1.4427743,1.4458815,1.2734095,1.4174551,1.4613711,1.6786531,1.4637142,1.6920091,1.499084,1.3369759,1.3191605,1.3536943,0.9640074,0.88455486,0.757906,0.6114065,0.040292762,0.00053312734,172.26562,215.33203,215.33203,387.59766,0.036009107,247.6873,2.1502879,57096.55,27.06555,1181.9302,-0.018411849,0.26492953,0.042515486,30.29582,16.790361,17.2689,9.193103,-13.63559,-13.668311,-12.296745,-20.431793,-13.946694,-5.56842,-12.786891,-10.229994,-6.839005,-8.336505,0 days 00:00:59.789259259,0 days 00:00:59.829259259
0 days 00:00:00.540000,0 days 00:00:00.580000,answer7,199.84027,0.7765519,0.0034533674,0.0025314565,0.056825873,19.285093,0.43209133,1.0741202,0.019276386,0.009070295,0.13790882,0.32313383,0.5006216,0.643688,0.82701254,0.79177046,1.0469075,1.0624226,1.1137093,1.2988462,1.4081712,1.3909192,1.213842,1.4292582,1.4668037,1.8290869,1.4730781,1.6309208,1.4333873,1.3385547,1.2830715,1.2549578,0.92717236,0.8308332,0.72133607,0.54971045,0.039626762,0.0005744303,172.26562,215.33203,229.6875,401.95312,0.042618085,253.52222,2.2103999,63274.395,25.511368,1090.1276,-0.017740289,0.2704063,0.041023616,29.988214,16.444712,16.951479,5.7601075,-15.10481,-17.161001,-10.73816,-20.048903,-8.594356,-2.2651834,-15.665932,-14.917506,-5.6569047,-10.787871,0 days 00:00:59.799259259,0 days 00:00:59.839259259
0 days 00:00:00.550000,0 days 00:00:00.590000,answer7,199.53752,0.7711687,0.00791429,0.0030374136,0.06037715,17.980772,0.4282751,1.0685315,0.018885644,0.009070295,0.13969813,0.32051933,0.49370217,0.63231933,0.81108624,0.8323569,1.0924023,1.1300912,1.1192871,1.2594051,1.3981638,1.3755769,1.182335,1.3786494,1.4544164,1.9133321,1.5128369,1.5535216,1.3920165,1.3892951,1.2903657,1.1764506,0.92999816,0.8011193,0.69125825,0.5116151,0.039349392,0.00052381674,172.26562,215.33203,229.6875,401.95312,0.04512753,256.87918,2.2568042,66330.19,25.506205,1067.545,-0.016935183,0.27422938,0.03946115,30.33787,17.146492,15.1016245,5.687765,-15.326015,-15.060031,-11.304867,-18.510998,-10.629039,-1.959803,-14.966542,-14.71643,-3.6921976,-9.05286,0 days 00:00:59.809259259,0 days 00:00:59.849259259
0 days 00:00:00.560000,0 days 00:00:00.600000,answer7,199.53584,0.7664216,0.010975237,0.0058096834,0.056222763,16.965435,0.4239957,1.0660045,0.018730724,0.009070295,0.13904618,0.31515086,0.4835259,0.62571055,0.7995793,0.866596,1.132205,1.1966248,1.1216393,1.1942081,1.3952503,1.353396,1.1650066,1.3278836,1.4287521,1.8921369,1.58258,1.5002645,1.372518,1.4478031,1.3004693,1.126605,0.93608004,0.79984254,0.7005165,0.51272446,0.038622536,0.00049796706,172.26562,215.33203,229.6875,401.95312,0.054633092,257.23718,2.240565,69586.56,25.296991,1004.89355,-0.01651906,0.27445653,0.03954285,30.226774,17.057943,15.252704,6.4735317,-17.992434,-11.378762,-13.111736,-17.173052,-11.151576,-5.5924697,-15.7785845,-14.461174,-2.5607498,-8.704665,0 days 00:00:59.819259259,0 days 00:00:59.859259259
0 days 00:00:00.570000,0 days 00:00:00.610000,answer7,199.47063,0.7680071,0.015734082,0.0087585915,0.06389604,17.183035,0.40680882,1.0510789,0.01907433,0.009070295,0.13691233,0.30954278,0.4742411,0.61879855,0.78545594,0.84732515,1.116809,1.2117369,1.117875,1.1274494,1.3665653,1.3171425,1.1490515,1.2990876,1.4119158,1.8051058,1.6259661,1.4666351,1.3872315,1.467126,1.2703536,1.0754703,0.90627575,0.7926137,0.71731853,0.5240486,0.036323704,0.00044460685,172.26562,215.33203,215.33203,387.59766,0.052130897,247.79529,2.1220963,59900.8,27.547445,1198.1725,-0.016785698,0.26493672,0.039558947,30.449295,16.801483,17.881933,8.058555,-17.643385,-9.849713,-14.147267,-16.572365,-13.818257,-7.6664333,-14.86792,-14.258904,-2.014341,-7.9352803,0 days 00:00:59.829259259,0 days 00:00:59.869259259
0 days 00:00:00.580000,0 days 00:00:00.620000,answer7,199.48119,0.7718219,0.018074093,0.009389888,0.09728982,18.100874,0.41662058,1.0332781,0.019588746,0.009448224,0.13599044,0.3083541,0.47483572,0.60997754,0.76618934,0.7828501,1.0415808,1.1776779,1.1058758,1.085344,1.311375,1.2639308,1.1328863,1.2856784,1.380159,1.6804276,1.6686233,1.4798423,1.4424928,1.4641572,1.2678393,1.062239,0.8686902,0.7861569,0.740679,0.5413789,0.039305676,0.0004808899,172.26562,215.33203,215.33203,387.59766,0.05816151,245.30864,2.0943995,61875.98,26.21731,1088.4344,-0.018380508,0.261776,0.042681336,28.470566,18.447855,19.149973,6.944908,-14.124888,-10.842133,-16.991356,-19.274492,-12.907704,-6.9593406,-17.526525,-10.158864,-2.903638,-13.22287,0 days 00:00:59.839259259,0 days 00:00:59.879259259
0 days 00:00:00.590000,0 days 00:00:00.630000,answer7,199.38557,0.771128,0.015647596,0.00909744,0.12629129,18.921648,0.41971764,1.0306902,0.019561598,0.009826153,0.13659692,0.3099964,0.47957602,0.5985833,0.74486756,0.72629565,0.9414074,1.1040442,1.0743903,1.062098,1.2383155,1.2503046,1.1477426,1.2693633,1.33204,1.5667511,1.7727247,1.530701,1.505784,1.47272,1.3495951,1.141991,0.89253,0.80732995,0.77611595,0.5660816,0.037807543,0.0005143716,172.26562,215.33203,215.33203,387.59766,0.058018953,245.28218,2.1012404,74232.48,24.242529,920.16876,-0.01827692,0.26065454,0.040866543,26.591187,20.44133,19.075579,8.316234,-10.779789,-12.095738,-16.614546,-20.732828,-11.075896,-5.963572,-21.272638,-5.1793175,-0.0864741,-13.424263,0 days 00:00:59.849259259,0 days 00:00:59.889259259
0 days 00:00:00.600000,0 days 00:00:00.640000,answer7,198.86491,0.7645097,0.013067757,0.010413658,0.10681666,18.854826,0.4274641,1.0441941,0.019258939,0.011337869,0.13991012,0.31200626,0.48450533,0.5935867,0.7337089,0.69894475,0.8507891,1.0300075,1.054471,1.0615498,1.2035336,1.2841705,1.2095114,1.2441865,1.2330779,1.4199625,1.8882061,1.5622898,1.5290715,1.4898201,1.4948525,1.3139877,0.9927867,0.8576827,0.84538597,0.6210409,0.04116507,0.0005313913,172.26562,215.33203,215.33203,387.59766,0.060539413,248.46289,2.1536772,83838.53,22.373606,716.4947,-0.018949896,0.2637164,0.04252982,25.607727,23.159157,15.296715,10.016648,-7.697098,-13.35033,-20.396088,-20.294985,-7.5782113,-5.5375943,-25.777658,-0.16952436,0.9507757,-15.885551,0 days 00:00:59.859259259,0 days 00:00:59.899259259
0 days 00:00:00.610000,0 days 00:00:00.650000,answer7,198.57623,0.7405402,0.012284226,0.011794752,0.07478363,18.59645,0.41459647,1.0615396,0.018498486,0.018518519,0.14249934,0.30988118,0.4815201,0.5892156,0.72462153,0.6871838,0.80493885,0.99277323,1.0498422,1.0465683,1.1966473,1.3416609,1.3003858,1.2160732,1.1216618,1.2786374,2.016156,1.5926819,1.4782745,1.4805406,1.6134714,1.4988581,1.1284432,0.90094835,0.92298937,0.68355465,0.035257008,0.00051855436,172.26562,215.33203,215.33203,387.59766,0.056729775,248.82213,2.1274116,91083.086,21.933495,686.2007,-0.016775249,0.26330268,0.03783537,25.813187,22.28324,15.241305,10.2132,-8.377851,-13.584439,-17.945658,-20.940035,-4.620015,-6.4731297,-31.648819,1.9893761,1.8526578,-15.647755,0 days 00:00:59.869259259,0 days 00:00:59.909259259
0 days 00:00:00.620000,0 days 00:00:00.660000,answer7,198.13756,0.7133005,0.016826276,0.013501164,0.049637675,-20.984177,0.4172494,1.0682124,0.019494824,0.02985639,0.14199068,0.30450547,0.4730532,0.5814782,0.7093188,0.66505593,0.7849291,0.9475681,1.0552875,1.0241952,1.205125,1.3892584,1.3848205,1.1957088,1.0383557,1.1834558,2.04936,1.592193,1.3729259,1.440085,1.6418234,1.6325938,1.2774833,0.9602309,0.9795825,0.7431366,0.034955025,0.0005329256,172.26562,215.33203,215.33203,387.59766,0.05867816,259.68472,2.1460197,182884.3,19.115738,533.2547,-0.01646021,0.27040946,0.036720444,23.7593,23.922867,13.024175,13.304207,-6.0934925,-16.156555,-17.812826,-26.163061,-4.077265,-7.1893516,-29.911453,2.2190855,-0.2584506,-16.948954,0 days 00:00:59.879259259,0 days 00:00:59.919259259
0 days 00:00:00.630000,0 days 00:00:00.670000,answer7,0.0,0.69061404,0.0,0.0,0.0,-60.59239,0.5023798,1.1188539,0.020991758,0.04270597,0.13968842,0.2989926,0.47177327,0.5850765,0.6800248,0.6494028,0.8019147,0.91407734,1.08538,1.0353565,1.2284417,1.3883947,1.4488144,1.2673618,1.0821695,1.2109144,2.0570612,1.6508378,1.4021918,1.5013442,1.7065152,1.8462359,1.5702528,1.152435,1.0747851,0.84075975,0.050686803,0.0011192047,186.6211,215.33203,244.04297,387.59766,0.10056117,369.62778,2.4210951,926359.2,13.048668,295.03757,-0.018861866,0.34644595,0.033459377,18.30712,25.558151,13.884854,12.762753,-7.040989,-17.590105,-10.161439,-26.432554,-8.443931,-13.556439,-21.845644,-0.9276209,-5.8887153,-11.602093,0 days 00:00:59.889259259,0 days 00:00:59.929259259
0 days 00:00:00.640000,0 days 00:00:00.680000,answer7,0.0,0.69155186,0.0,0.0,0.0,-100.0,0.5767707,1.2509938,0.021669937,0.05083144,0.13993174,0.2964947,0.48263577,0.6079679,0.6416033,0.64765763,0.84581226,0.9135969,1.1407362,1.0921291,1.2561299,1.3234224,1.478495,1.4764471,1.3351351,1.38349,2.0416632,1.7764329,1.6601706,1.7594973,1.8479242,2.2399251,2.1452045,1.6279272,1.2941076,1.0713073,0.06556481,0.001462709,186.6211,215.33203,258.39844,387.59766,0.1142174,523.3737,2.746812,2.125972e+06,7.4060655,83.43076,-0.022262262,0.4549516,0.03501147,13.305369,29.734297,11.064837,15.419759,-10.216048,-17.510107,-5.0428686,-24.431044,-14.356888,-19.405794,-12.00347,-4.5331216,-12.841457,-6.571219,0 days 00:00:59.899259259,0 days 00:00:59.939259259
0 days 00:00:00.650000,0 days 00:00:00.690000,answer7,0.0,0.69533175,0.0,0.0,0.0,-100.0,0.6149735,1.4546198,0.020971574,0.051587302,0.14138222,0.29757142,0.50574124,0.6405652,0.6054668,0.69137377,0.9159172,0.9761202,1.1915487,1.2089753,1.3419374,1.2189525,1.4960251,1.7637602,1.6776794,1.5970469,2.0119858,1.940801,2.124839,2.2426786,2.1170027,2.766215,2.893936,2.347068,1.6508821,1.4546418,0.06871038,0.0016329373,186.6211,215.33203,272.7539,387.59766,0.13100293,600.59296,2.852535,2.7559972e+06,4.9494457,28.680153,-0.023133209,0.50911707,0.03629334,11.032496,30.512604,9.597764,11.083438,-9.90135,-16.29561,-5.9703965,-20.092112,-16.856262,-19.30242,-9.745225,-9.91023,-18.448172,-8.174573,0 days 00:00:59.909259259,0 days 00:00:59.949259259
0 days 00:00:00.660000,0 days 00:00:00.700000,answer7,0.0,0.6957047,0.0,0.0,0.0,-100.0,0.5657001,1.6103773,0.019438658,0.04554044,0.14226805,0.2964917,0.51067656,0.6461096,0.5797898,0.7558728,1.0113438,1.1154832,1.2142586,1.3248159,1.4272519,1.1144763,1.4817915,1.907664,1.9147276,1.7367176,1.9555229,2.0898724,2.537483,2.6515617,2.3316534,3.1439717,3.4281018,2.8511975,1.9298595,1.7708508,0.04604966,0.0011304434,172.26562,215.33203,258.39844,401.95312,0.11634898,584.68866,2.8204072,2.6885012e+06,5.125825,30.72941,-0.018430347,0.497653,0.033670004,12.649203,30.385286,6.3148026,7.95042,-8.582131,-11.554265,-5.1402564,-19.86282,-11.544144,-15.873664,-14.377903,-7.799849,-17.324373,-7.3224664,0 days 00:00:59.919259259,0 days 00:00:59.959259259
0 days 00:00:00.670000,0 days 00:00:00.710000,answer7,0.0,0.6891437,0.0,0.0,0.0,-100.0,0.5782048,1.6393658,0.021950088,0.03968254,0.13840914,0.29649252,0.5057718,0.62635434,0.5743439,0.82820845,1.1179142,1.2810736,1.2397585,1.3848244,1.4859076,1.1019711,1.463892,1.8046632,1.8721269,1.7292762,1.8535132,2.1320875,2.6386268,2.7336214,2.4547093,3.1769712,3.4556065,2.897353,1.9718276,1.8582121,0.06981588,0.00097155414,186.6211,215.33203,258.39844,373.2422,0.20062049,465.433,2.602707,1.7421396e+06,6.673481,53.253315,-0.02537167,0.41463625,0.04758057,14.800427,29.627151,4.4378285,3.2885754,-6.9618173,-12.577858,-6.2385125,-18.027567,-9.096359,-15.989217,-24.19665,-9.988283,-12.822197,-8.161217,0 days 00:00:59.929259259,0 days 00:00:59.969259259
0 days 00:00:00.680000,0 days 00:00:00.720000,answer7,0.0,0.6891215,0.0,0.0,0.0,-100.0,0.6117076,1.5882162,0.025755072,0.037226003,0.1353497,0.30125314,0.5019024,0.6100152,0.577715,0.90729314,1.2379409,1.489234,1.3616966,1.3456788,1.4731075,1.235684,1.4763616,1.5987955,1.6812459,1.6782707,1.7418793,2.1196277,2.5561752,2.5418699,2.5085785,3.0036938,3.1414258,2.5627222,1.8114576,1.6946491,0.08052123,0.0010466621,186.6211,215.33203,244.04297,344.53125,0.23129351,405.78394,2.4778435,1.2391954e+06,7.8216224,72.40762,-0.032048345,0.37255773,0.06258559,16.37278,28.99914,3.1722538,2.8107102,-6.91383,-13.228588,-2.4819791,-13.361271,-8.446988,-22.656225,-29.6258,-9.1529875,-8.3439865,-3.6909094,0 days 00:00:59.939259259,0 days 00:00:59.979259259
0 days 00:00:00.690000,0 days 00:00:00.730000,answer7,0.0,0.70039755,0.0,0.0,0.0,-60.6816,0.6389119,1.5370857,0.027171992,0.03930461,0.1348203,0.31057286,0.51666665,0.62608725,0.59845257,0.9745827,1.3334681,1.673851,1.5763892,1.2840528,1.4002255,1.4488996,1.5096974,1.515015,1.5197605,1.6375576,1.6032958,2.0449288,2.4009507,2.295592,2.6180084,2.819807,2.763136,2.2250159,1.634298,1.4990994,0.093805335,0.0012359838,200.97656,215.33203,258.39844,344.53125,0.26053587,388.0392,2.508752,1.0718494e+06,8.0928955,75.62487,-0.034920096,0.3632611,0.067524254,16.908659,28.996069,1.9457899,2.0516636,-4.4587774,-17.523478,-5.0770764,-10.350023,-17.901672,-22.123468,-27.959654,-7.657927,-7.070391,-8.581237,0 days 00:00:59.949259259,0 days 00:00:59.989259259
0 days 00:00:00.700000,0 days 00:00:00.740000,answer7,209.45355,0.71995085,0.0,0.0,0.28205863,-25.183908,0.6050126,1.5175229,0.024222165,0.042517006,0.13325422,0.31454933,0.5345721,0.6519529,0.6216047,1.0158972,1.3550035,1.7578605,1.7382833,1.2910428,1.3626498,1.6203231,1.5375929,1.5797801,1.450646,1.6026376,1.4676124,1.9597974,2.3326974,2.235669,2.8665943,2.7045174,2.475464,1.9863582,1.5139471,1.3452922,0.062044427,0.0012583078,200.97656,215.33203,258.39844,373.2422,0.17542934,406.75757,2.5662918,1.1677684e+06,7.60626,67.052246,-0.025417149,0.3765612,0.054591667,16.671541,27.359978,1.8124896,0.02962915,0.66638845,-17.812576,-8.880412,-10.913865,-19.671783,-17.477724,-23.473349,-7.1055284,-8.71094,-10.373727,0 days 00:00:59.959259259,0 days 00:00:59.999259259
0 days 00:00:00.710000,0 days 00:00:00.750000,answer7,208.29247,0.7334706,0.054173276,0.0,0.24584074,10.753995,0.56990606,1.4691273,0.019964397,0.04213908,0.122390114,0.300663,0.5250972,0.652744,0.66193706,1.0049119,1.3075099,1.6599392,1.7058414,1.4045614,1.3845234,1.6373644,1.4842671,1.6208192,1.4199146,1.5426658,1.3593903,1.8647441,2.2346728,2.2322712,3.0105314,2.5262003,2.2071311,1.7401372,1.3853607,1.2017239,0.0600578,0.0011848599,215.33203,215.33203,272.7539,416.3086,0.1372698,413.3254,2.6921713,1.1133514e+06,8.215207,81.66259,-0.018282449,0.3872284,0.04082593,16.958557,24.664206,1.788271,-4.2774677,-2.837329,-21.029009,-15.897695,-18.418728,-20.977102,-10.180744,-20.480684,-11.080945,-13.943332,-13.53889,0 days 00:00:59.969259259,0 days 00:01:00.009259259
0 days 00:00:00.720000,0 days 00:00:00.760000,answer7,206.20103,0.74821395,0.044989962,0.035672195,0.2822353,8.153368,0.5453727,1.3883181,0.017416773,0.03930461,0.10522968,0.2754645,0.49377763,0.61781746,0.70125914,0.9543461,1.2083198,1.4390794,1.5382318,1.5679989,1.5265656,1.5468687,1.3987788,1.5459142,1.3889958,1.516836,1.3607324,1.7733036,2.145418,2.2119372,2.9596004,2.2061927,1.9100021,1.4641663,1.2089356,1.0304967,0.04925969,0.0015460342,215.33203,215.33203,258.39844,416.3086,0.1027318,387.871,2.58792,905809.5,8.901388,93.26577,-0.015272749,0.3693101,0.036813296,17.86811,19.52797,3.9436867,-3.524209,-3.2385235,-15.026741,-19.724186,-23.916138,-18.651093,-6.5797405,-19.169792,-15.302884,-12.474048,-12.875332,0 days 00:00:59.979259259,0 days 00:01:00.019259259
0 days 00:00:00.730000,0 days 00:00:00.770000,answer7,202.73079,0.75571746,0.01603492,0.027531542,0.11422553,9.5702505,0.5226118,1.2947538,0.016368546,0.030801212,0.0902707,0.25024047,0.44896296,0.56425595,0.7173664,0.90709156,1.1167272,1.2293991,1.3819529,1.652164,1.6999496,1.4328903,1.3274158,1.4285713,1.397089,1.6268789,1.4845701,1.7107782,2.1074495,2.067397,2.5456007,1.7971839,1.6161307,1.1981002,1.0156543,0.8495098,0.040000863,0.0017155219,200.97656,215.33203,258.39844,430.66406,0.089913584,366.06662,2.5780075,708064.7,9.913888,116.68591,-0.012769832,0.3542811,0.031107696,19.619055,14.996242,6.3914466,-0.78560734,-10.210125,-10.512792,-17.293365,-25.791702,-16.402182,-5.908095,-15.271857,-15.241959,-12.979892,-12.315967,0 days 00:00:59.989259259,0 days 00:01:00.029259259
0 days 00:00:00.740000,0 days 00:00:00.780000,answer7,201.28499,0.7635598,0.024154378,0.022724316,0.09233286,11.13218,0.49515936,1.2134322,0.016526984,0.022675738,0.08843126,0.23920481,0.4188718,0.51624316,0.69677705,0.8727601,1.0222164,1.1333276,1.3458191,1.6569332,1.7943269,1.3300953,1.299455,1.3666166,1.456244,1.826199,1.6364394,1.6337708,2.0737808,1.8387116,2.0291202,1.4139757,1.313867,0.985332,0.85495216,0.7057697,0.02919747,0.0017107005,186.6211,215.33203,244.04297,373.2422,0.10261179,332.47443,2.4053328,564735.56,13.038775,239.93254,-0.012870199,0.32484612,0.030482216,22.437775,13.227042,8.384709,3.4928215,-8.974014,-1.9874607,-10.832466,-22.260963,-19.134203,-7.1209564,-12.830686,-13.16529,-9.582939,-10.709193,0 days 00:00:59.999259259,0 days 00:01:00.039259259
0 days 00:00:00.750000,0 days 00:00:00.790000,answer7,201.12561,0.76627153,0.02435199,0.02293052,0.07915426,11.588966,0.47484073,1.1361747,0.01854688,0.015873017,0.1025575,0.24580298,0.40783072,0.4802244,0.64667064,0.8460663,0.9267673,1.176906,1.3867594,1.5582377,1.7461447,1.2522889,1.2996944,1.349785,1.5166659,1.9314991,1.6923634,1.5241281,1.9820279,1.5717683,1.5463687,1.1361505,1.0691949,0.82466626,0.7306382,0.5893373,0.03400274,0.0011618618,172.26562,215.33203,229.6875,315.8203,0.08695892,277.50583,2.185002,263702.78,18.510614,486.6139,-0.017284846,0.28270352,0.038476434,25.862938,14.496807,9.129722,4.964046,-8.168148,-2.7272227,-5.197937,-19.119455,-17.594774,-12.3148575,-15.668281,-11.18027,-8.482816,-7.565969,0 days 00:01:00.009259259,0 days 00:01:00.049259259
0 days 00:00:00.760000,0 days 00:00:00.800000,answer7,201.93617,0.7675404,0.027674712,0.022587508,0.0929602,13.701655,0.44875935,1.0486711,0.020562014,0.011715797,0.12070707,0.26445505,0.4183137,0.46333978,0.6100511,0.8269057,0.85710794,1.2865216,1.3769442,1.4103073,1.5823237,1.1814905,1.270878,1.3012582,1.5258131,1.8000377,1.5717465,1.3630733,1.779769,1.328928,1.2290429,0.96826154,0.8923318,0.7049508,0.6371674,0.49372467,0.037529986,0.0007593296,172.26562,215.33203,215.33203,258.39844,0.091065794,241.95245,1.9626607,105544.5,24.583872,812.64325,-0.020438453,0.2554213,0.045146655,28.653456,16.812551,8.30552,5.078548,-4.9939623,-5.41053,-5.9995666,-16.933367,-16.449684,-15.312146,-17.4654,-14.314242,-8.499415,-6.330672,0 days 00:01:00.019259259,0 days 00:01:00.059259259
0 days 00:00:00.770000,0 days 00:00:00.810000,answer7,202.46863,0.7734797,0.016018242,0.011388968,0.09495265,15.082982,0.43322477,0.961617,0.021351479,0.011337869,0.13574888,0.28719595,0.44116616,0.46519765,0.60741645,0.79160374,0.8118005,1.3592987,1.279696,1.2252952,1.4234681,1.1377418,1.2083954,1.2232641,1.4747133,1.5124007,1.3762966,1.1978165,1.5484761,1.155656,1.0650872,0.87613153,0.78903025,0.6274244,0.56454194,0.4171772,0.04071958,0.00053864083,172.26562,215.33203,215.33203,301.46484,0.06711414,237.32216,1.9447037,67632.21,28.35753,1149.8295,-0.021802276,0.25293273,0.048830748,29.679153,18.182745,10.653399,6.2412305,-5.9320946,-10.939542,-7.4563355,-16.887175,-15.001758,-14.957505,-16.850992,-14.531983,-8.652202,-5.240912,0 days 00:01:00.029259259,0 days 00:01:00.069259259
0 days 00:00:00.780000,0 days 00:00:00.820000,answer7,203.14638,0.77086663,0.011585615,0.00878953,0.06455877,18.196672,0.41816577,0.888148,0.02069028,0.013983372,0.13977878,0.30081668,0.4556179,0.4841009,0.6477669,0.7537353,0.7994907,1.3171678,1.0869569,1.0608693,1.2856065,1.0779302,1.1105862,1.1745543,1.3981298,1.2502619,1.2253577,1.0963525,1.3470553,1.0588113,0.9921732,0.81706876,0.73616505,0.59315056,0.51373273,0.3686104,0.04076581,0.00043659937,172.26562,215.33203,215.33203,344.53125,0.061702598,241.75862,2.016694,61637.793,28.788996,1223.9064,-0.01987762,0.2584281,0.045390498,29.29477,19.43142,13.149402,5.720693,-10.153872,-12.961411,-8.990647,-17.766138,-15.871788,-13.073695,-14.010495,-14.115532,-9.7979,-7.8760524,0 days 00:01:00.039259259,0 days 00:01:00.079259259
0 days 00:00:00.790000,0 days 00:00:00.830000,answer7,203.24988,0.76823515,0.010747936,0.0063466243,0.07290332,17.703773,0.41325748,0.841055,0.019097662,0.017951624,0.13755916,0.29901436,0.44899416,0.51283085,0.7086296,0.7179112,0.7944317,1.1516218,0.9170185,0.97188497,1.1591276,0.98503464,1.0068389,1.1867926,1.3494349,1.1232551,1.1629916,1.0613025,1.2296766,1.0522872,0.9732327,0.78524417,0.70632154,0.5830266,0.49146822,0.35149798,0.04332972,0.00040765177,172.26562,215.33203,272.7539,401.95312,0.06654065,256.96655,2.209873,62484.895,26.513952,1093.3829,-0.017800706,0.27514863,0.04123797,28.697672,20.414877,15.24482,4.966425,-13.59043,-15.169845,-10.298539,-17.939898,-19.018301,-10.404876,-6.669787,-9.739654,-10.605706,-9.897532,0 days 00:01:00.049259259,0 days 00:01:00.089259259
0 days 00:00:00.800000,0 days 00:00:00.840000,answer7,203.62561,0.7622597,0.009334418,0.0025965087,0.07797825,18.104017,0.41135964,0.82211685,0.016920447,0.021541951,0.13198355,0.28156528,0.41951516,0.5475385,0.7793544,0.71266836,0.79435736,0.98200345,0.82599616,0.94960386,1.02982,0.88306475,0.9449975,1.2309285,1.3343471,1.0907468,1.1472344,1.0738006,1.1979709,1.105032,0.96749425,0.7958196,0.70921916,0.5884044,0.49455032,0.35702148,0.042632878,0.0003973809,186.6211,244.04297,330.17578,416.3086,0.0721504,285.7103,2.424447,77989.37,22.777288,799.5166,-0.013860747,0.30581757,0.03357173,28.034943,20.538021,12.548083,1.3804129,-14.866431,-17.654902,-11.148343,-16.701769,-19.02424,-11.685181,-2.5350463,-5.219662,-9.702462,-8.546347,0 days 00:01:00.059259259,0 days 00:01:00.099259259
0 days 00:00:00.810000,0 days 00:00:00.850000,answer7,204.41283,0.7588729,0.0055824774,0.0030270629,0.1182713,15.667305,0.39964876,0.8177573,0.014484805,0.023431594,0.1236538,0.25159904,0.37246355,0.58056253,0.8373497,0.7547417,0.79429245,0.8455992,0.8160744,0.968127,0.9542714,0.81282085,0.9276271,1.2246412,1.3164631,1.0903301,1.1113594,1.100706,1.2420759,1.158408,0.9348278,0.837213,0.72924876,0.5998102,0.50950617,0.3679173,0.041741062,0.00041335332,200.97656,301.46484,401.95312,430.66406,0.08076848,328.10495,2.5594254,95601.44,20.044538,602.8568,-0.010205018,0.3510338,0.026857985,27.578188,19.096098,10.319404,-0.94431144,-16.358637,-19.627678,-15.589456,-19.880674,-12.452977,-7.697386,3.5057952,-2.8992484,-11.285408,-4.5462155,0 days 00:01:00.069259259,0 days 00:01:00.109259259
0 days 00:00:00.820000,0 days 00:00:00.860000,answer7,205.26042,0.7614372,0.0030742008,0.0025598912,0.12434074,14.606429,0.38443246,0.8194178,0.01240237,0.022864701,0.1148001,0.21323399,0.30890426,0.60384196,0.8820711,0.8086137,0.78435594,0.766808,0.84147865,0.97766286,0.94808215,0.80278206,0.9527429,1.1462601,1.2841462,1.1129669,1.0587816,1.1155702,1.3245324,1.17021,0.89929104,0.9124182,0.7633476,0.6194137,0.51674324,0.3758024,0.040115822,0.00039273823,272.7539,358.88672,416.3086,430.66406,0.077389024,375.15283,2.4455411,119952.125,18.206758,480.43216,-0.007689487,0.40067112,0.022651842,25.720306,17.48865,8.070134,-3.779958,-16.46746,-21.92369,-15.376827,-21.715612,-6.9108276,-0.8940528,4.7615676,1.5519066,-5.5121403,1.6919717,0 days 00:01:00.079259259,0 days 00:01:00.119259259
0 days 00:00:00.830000,0 days 00:00:00.870000,answer7,205.99255,0.76703566,0.004462151,0.0058251047,0.102523915,12.613864,0.3621833,0.81355333,0.011131368,0.026266063,0.10517981,0.17582606,0.2469427,0.60826194,0.89911586,0.8550992,0.76847214,0.69220424,0.85185546,0.9659953,0.96733624,0.8205002,0.9767611,1.0084625,1.2179824,1.149442,1.0149641,1.138527,1.4037353,1.1289939,0.8832646,0.961126,0.7862646,0.64093345,0.5078165,0.37732267,0.035853315,0.00034907748,287.10938,387.59766,430.66406,430.66406,0.07401169,395.629,2.380586,129874.1,17.96042,442.99036,-0.0059968363,0.42261323,0.019459823,25.04863,17.22518,8.8793335,-6.144569,-18.476149,-21.449759,-19.376104,-23.734276,-3.306803,3.4381526,7.21689,2.011193,-4.83545,-0.45020056,0 days 00:01:00.089259259,0 days 00:01:00.129259259
0 days 00:00:00.840000,0 days 00:00:00.880000,answer7,207.02058,0.7653949,0.0099863475,0.0084147565,0.10194423,12.255104,0.3471733,0.7956638,0.011306029,0.037037037,0.0975958,0.15265879,0.20912607,0.5955921,0.89149934,0.8673949,0.7264771,0.6072625,0.8181661,0.92034674,0.9519007,0.8169215,0.9754874,0.8834711,1.1575928,1.1779863,0.9845683,1.1491195,1.4367323,1.0987257,0.9034974,0.95575243,0.789037,0.64205045,0.4954472,0.38284814,0.034237657,0.00025540972,287.10938,344.53125,430.66406,430.66406,0.07242595,375.31348,2.3604767,121552.28,19.171003,508.26248,-0.0063632927,0.40156856,0.020150593,24.59857,19.561575,11.67836,-4.296659,-19.097395,-22.98791,-22.359764,-20.229506,-9.600043,2.7390947,7.0514984,0.4893888,-5.5899816,-2.981476,0 days 00:01:00.099259259,0 days 00:01:00.139259259
0 days 00:00:00.850000,0 days 00:00:00.890000,answer7,208.64452,0.7530718,0.011641554,0.011388328,0.08208149,13.511856,0.39014915,0.79776746,0.0127887055,0.05820106,0.09255806,0.15314847,0.21566959,0.5696588,0.86256295,0.8550064,0.6622362,0.55054337,0.77454233,0.86380434,0.8760713,0.79300576,0.97354156,0.8543144,1.1490647,1.218803,1.0318657,1.2035438,1.4594698,1.1626261,0.99047416,0.97249275,0.82430583,0.65357864,0.5334516,0.44561338,0.032545343,0.0004612724,229.6875,287.10938,430.66406,430.66406,0.07083554,438.94775,2.6272695,831879.75,15.301414,399.3684,-0.0075684353,0.42970005,0.022529436,20.577667,23.07287,15.127557,0.621754,-23.074862,-20.381433,-23.11181,-19.707176,-17.1844,-0.97591966,-0.58958787,2.3086915,-10.418507,-8.8548765,0 days 00:01:00.109259259,0 days 00:01:00.149259259
0 days 00:00:00.860000,0 days 00:00:00.900000,answer7,207.78595,0.7291,0.009154645,0.008809116,0.1009705,13.630401,0.5151243,0.8810417,0.014455986,0.07917612,0.09176022,0.17645936,0.26673326,0.5335707,0.8126691,0.8284556,0.5924897,0.53514355,0.73857766,0.8163002,0.8308029,0.79225427,1.011685,0.98412687,1.302832,1.3676144,1.2542232,1.4224243,1.6432997,1.4291315,1.1591476,1.1936283,1.0007789,0.75734043,0.7173271,0.64830536,0.030491872,0.0021526443,215.33203,229.6875,875.6836,2569.629,0.09273305,891.0437,3.1897976,3.5177392e+06,9.321225,225.92657,-0.009360983,0.71921706,0.026840167,11.812886,24.894312,18.381996,6.909888,-23.296082,-17.520773,-19.763905,-20.196718,-19.072462,-3.2991447,-6.130188,0.6449604,-16.229342,-5.820515,0 days 00:01:00.119259259,0 days 00:01:00.159259259
0 days 00:00:00.870000,0 days 00:00:00.910000,answer7,207.51942,0.69411784,0.004114439,0.0076209903,0.08781392,-23.862381,0.6182378,1.099782,0.01489685,0.09013605,0.09476457,0.20812748,0.3334484,0.4923861,0.7455618,0.78367835,0.5446107,0.5784628,0.7404947,0.8268681,0.8748118,0.8596572,1.0842324,1.2898237,1.6608144,1.7796978,1.8075438,1.8740982,2.1032827,1.9302187,1.4802886,1.798819,1.4398378,1.0616579,1.126186,1.0749567,0.026028344,0.003910957,215.33203,215.33203,890.03906,4766.0156,0.10081821,1339.5118,3.7213738,6.408268e+06,2.8811905,12.579769,-0.009407862,1.018768,0.026625494,3.7521527,24.6791,19.091942,9.114252,-24.061487,-10.842732,-14.451606,-26.761892,-19.537764,-1.061504,-8.789432,-1.7247859,-19.344543,-6.4526153,0 days 00:01:00.129259259,0 days 00:01:00.169259259
0 days 00:00:00.880000,0 days 00:00:00.920000,answer7,0.0,0.6696852,0.0,0.0,0.0,-62.59262,0.6517659,1.4043341,0.014682529,0.08541194,0.101050496,0.2299593,0.38536474,0.461424,0.67760867,0.7487804,0.5405411,0.65127516,0.78435993,0.906456,1.0154976,0.99893147,1.1393061,1.6459446,2.124002,2.3655517,2.6083562,2.4475772,2.710622,2.4914587,1.9200968,2.6776237,2.0719678,1.526461,1.661972,1.6204945,0.02684009,0.00430345,215.33203,244.04297,890.03906,6258.9844,0.12051318,1516.6696,4.1326632,7.4432305e+06,2.236934,7.3675704,-0.008858847,1.1400992,0.02329585,2.4651859,24.064276,18.02336,8.182685,-21.598404,-9.74506,-12.019103,-29.707582,-18.350296,2.3725817,-7.6772275,-4.536439,-19.253426,-3.3405302,0 days 00:01:00.139259259,0 days 00:01:00.179259259
0 days 00:00:00.890000,0 days 00:00:00.930000,answer7,0.0,0.6590316,0.0,0.0,0.0,-100.0,0.5899989,1.6104245,0.014199365,0.069161,0.10723398,0.23600335,0.41178384,0.45302212,0.6207239,0.7227924,0.57438534,0.7254891,0.8318717,0.9869516,1.1623937,1.1253558,1.1278499,1.8709954,2.4411628,2.802517,3.1035445,2.8071518,3.043885,2.7903156,2.3116305,3.2337797,2.5646827,1.9014916,1.9782201,1.9358001,0.03333059,0.0029532134,215.33203,244.04297,387.59766,4120.0195,0.13012265,1117.8191,3.6189377,5.3812425e+06,3.4374416,17.059542,-0.009132031,0.8699152,0.026996762,5.3902345,24.75476,16.802702,7.1847396,-21.651876,-12.075871,-8.99769,-29.713415,-20.917685,1.6063007,-10.727626,-6.7871385,-18.11307,-3.5349028,0 days 00:01:00.149259259,0 days 00:01:00.189259259
0 days 00:00:00.900000,0 days 00:00:00.940000,answer7,0.0,0.66866297,0.0,0.0,0.0,-100.0,0.519347,1.5971338,0.014074921,0.051587302,0.10977133,0.22342665,0.4177477,0.48052514,0.58957386,0.7091673,0.6015961,0.7765941,0.86744434,0.9879463,1.1752762,1.1644039,1.067068,1.8535949,2.398218,2.8480263,3.0455666,2.7581694,2.8256347,2.6548145,2.4197462,3.1968281,2.6336286,1.964408,1.8844018,1.8718992,0.03805156,0.0014132465,229.6875,272.7539,358.88672,1923.6328,0.1619991,787.70166,3.3129828,3.2878068e+06,4.3557086,24.10935,-0.008192845,0.6518497,0.021989765,7.7725043,25.75956,16.13466,5.896688,-23.318277,-18.006107,-8.780846,-30.183762,-21.911016,-2.726867,-14.345329,-0.40452543,-10.937099,1.2455392,0 days 00:01:00.159259259,0 days 00:01:00.199259259
0 days 00:00:00.910000,0 days 00:00:00.950000,answer7,0.0,0.67137223,0.0,0.0,0.0,-100.0,0.47966477,1.4173776,0.013653277,0.037981857,0.10802863,0.20468187,0.42533588,0.54006714,0.5624363,0.68699765,0.5979567,0.8079007,0.8692877,0.88614255,1.0806624,1.1349782,1.028532,1.6451281,2.1190464,2.5219717,2.4844809,2.4410756,2.3347237,2.3213155,2.242538,2.6880064,2.3150623,1.7606444,1.5145015,1.5303173,0.048211318,0.0009840876,244.04297,272.7539,315.8203,401.95312,0.155954,553.3807,2.8098183,1.8195821e+06,5.816522,40.556282,-0.009046095,0.49225554,0.02146521,8.971871,25.799072,17.216759,4.9863,-21.540224,-19.163393,-14.672969,-28.657804,-24.240639,-11.257698,-15.665271,-4.6731806,-7.0994945,4.4622684,0 days 00:01:00.169259259,0 days 00:01:00.209259259
0 days 00:00:00.920000,0 days 00:00:00.960000,answer7,0.0,0.6751749,0.0,0.0,0.0,-100.0,0.4596578,1.2285628,0.013412182,0.03174603,0.104179285,0.1819311,0.43379083,0.60814315,0.53674746,0.66582394,0.5539488,0.8061903,0.85515136,0.7748181,0.95442003,1.0753789,1.0214742,1.395228,1.7809061,2.1524384,1.9806131,2.1091864,1.925558,2.0383453,1.9402462,2.221635,1.9206114,1.5084896,1.1816969,1.2156802,0.051546257,0.0008228841,258.39844,287.10938,330.17578,401.95312,0.13761394,530.1651,2.787864,1.542169e+06,6.0854707,44.13509,-0.008083731,0.48069036,0.013124215,9.440194,25.914597,17.070774,3.975418,-20.354631,-19.423635,-18.556335,-33.664448,-23.265085,-8.069362,-13.382233,-1.0511737,-4.3349595,5.327081,0 days 00:01:00.179259259,0 days 00:01:00.219259259
0 days 00:00:00.930000,0 days 00:00:00.970000,answer7,0.0,0.6740821,0.0,0.0,0.0,-100.0,0.43880987,1.1030699,0.014096506,0.030612245,0.104150616,0.16863984,0.44701967,0.65974027,0.50322056,0.6651059,0.51448417,0.77476734,0.8348883,0.7172694,0.8793134,1.0346256,1.0175961,1.1610993,1.5517988,1.8226553,1.66703,1.8848605,1.7514085,1.9069452,1.6835333,1.9428552,1.6410972,1.3273712,1.0068132,1.011528,0.05445464,0.00063196855,244.04297,272.7539,287.10938,373.2422,0.10243738,423.3772,2.4371207,931525.5,7.5775642,67.85016,-0.009222455,0.40065038,0.015673587,11.158742,28.746992,17.283358,3.6241372,-17.418108,-16.889875,-18.687504,-31.210005,-21.344152,-7.844544,-14.115627,-5.716524,-9.13852,3.150427,0 days 00:01:00.189259259,0 days 00:01:00.229259259
0 days 00:00:00.940000,0 days 00:00:00.980000,answer7,0.0,0.6684162,0.0,0.0,0.0,-100.0,0.41376558,1.0154885,0.014352594,0.032123964,0.10809689,0.1707089,0.47102252,0.6724973,0.4728296,0.69412667,0.51282245,0.7265785,0.8150739,0.72013885,0.841049,0.98646575,0.9971132,0.97584695,1.3481531,1.5753378,1.5093709,1.7077341,1.6353945,1.7865497,1.5098301,1.7437941,1.4689755,1.1777148,0.9099958,0.86548096,0.05823629,0.00044792704,244.04297,258.39844,287.10938,358.88672,0.10119193,376.96213,2.2422638,685542.25,10.134105,132.94606,-0.010206096,0.3662218,0.01909742,13.694614,30.356348,16.992493,1.6496817,-16.688032,-16.800508,-16.895067,-32.454777,-17.581991,-7.48045,-18.47864,-4.108864,-9.158593,-2.5798619,0 days 00:01:00.199259259,0 days 00:01:00.239259259
0 days 00:00:00.950000,0 days 00:00:00.990000,answer7,0.0,0.66405374,0.0,0.0,0.0,-100.0,0.3495946,0.9220578,0.012812511,0.037226003,0.110713325,0.173167,0.4739963,0.6430811,0.4378294,0.6907714,0.5435204,0.6877293,0.78649944,0.72771734,0.7782593,0.9092989,0.95487887,0.82809925,1.1406206,1.3430995,1.3780308,1.507535,1.45504,1.6110398,1.3572072,1.5497786,1.3150398,1.0109258,0.8147853,0.7448387,0.044242904,0.00023706899,244.04297,258.39844,287.10938,330.17578,0.13174373,368.39267,2.178859,662880.8,10.347085,135.50404,-0.0079555055,0.3617688,0.014502336,14.499992,29.46414,15.327866,0.53058046,-15.246057,-14.200554,-15.320049,-27.386038,-20.517836,-11.856336,-22.951563,-5.3340926,-6.7641544,-1.1114842,0 days 00:01:00.209259259,0 days 00:01:00.249259259
0 days 00:00:00.960000,0 days 00:00:01,answer7,0.0,0.6630809,0.0,0.0,0.0,-100.0,0.31067762,0.8278658,0.009306011,0.04062736,0.106263705,0.16683656,0.44513503,0.5795396,0.38480294,0.64344966,0.60387176,0.6768361,0.7698245,0.723403,0.70073825,0.84352523,0.932614,0.7452233,0.9591231,1.1424227,1.2214494,1.3132855,1.276826,1.4018914,1.2444283,1.3276259,1.1329182,0.8479748,0.70736843,0.6271315,0.031132735,0.00019144187,258.39844,258.39844,301.46484,387.59766,0.115402125,413.80923,2.4399862,848117.7,9.466369,121.05895,-0.005274543,0.3957931,0.009930699,14.700272,24.471918,11.476116,-1.4155601,-13.438022,-13.6350355,-12.672357,-21.442522,-20.49895,-14.405459,-24.647018,-4.0050206,-6.084,-2.7459793,0 days 00:01:00.219259259,0 days 00:01:00.259259259
0 days 00:00:00.960000,0 days 00:00:01.000997732,answer7,0.0,0.6700079,0.0,0.0,0.0,-100.0,0.27054814,0.7425432,0.0065987767,0.044217687,0.09565795,0.14167453,0.37478426,0.50923365,0.33163545,0.5747898,0.6648421,0.68131024,0.7587456,0.70112395,0.63332397,0.799586,0.92012185,0.7313695,0.8297641,0.9818327,1.0783758,1.1513199,1.1190518,1.1864765,1.132857,1.1216652,0.94315004,0.7158895,0.6018951,0.5256465,0.01023376,0.00013367279,272.7539,272.7539,315.8203,445.01953,0.10059696,457.3457,2.7347672,1.0044063e+06,7.66575,70.59082,-0.0015773998,0.43469477,0.002522111,14.834648,21.908628,8.253539,-2.6446073,-16.904753,-15.400994,-11.251697,-16.47816,-15.832703,-15.062177,-21.935175,-1.3032993,-5.661963,-0.9019284,0 days 00:01:00.219259259,0 days 00:01:00.260256991
0 days 00:00:00,0 days 00:00:00.040000,answer8,0.0,0.5396295,0.0,0.0,0.0,-100.0,0.45233807,0.98834115,0.004820652,0.16666667,0.12921618,0.27204838,0.41952792,0.5544473,0.66972893,0.76589614,0.84702843,0.9178292,0.9822495,1.0430994,1.1020993,1.1600702,1.2171308,1.2728368,1.3262117,1.3755809,1.4180565,1.4484811,1.4578775,1.432704,1.3587462,1.2323397,1.069155,0.8959276,0.7342484,0.5943311,0.0013033616,0.0017751785,330.17578,1464.2578,3014.6484,4866.504,0.02001041,2100.1965,5.8945446,4.7236575e+06,1.5985848,6.5798454,-0.00078606396,1.4537721,0.0021764,2.662793,6.134769,9.0747595,-6.7485023,-5.4077435,-6.2510266,16.685904,2.2441165,-7.002419,-0.36133933,-4.0293245,-7.4446144,-12.131424,-12.904175,0 days 00:01:10.370370370,0 days 00:01:10.410370370
0 days 00:00:00.010000,0 days 00:00:00.050000,answer8,0.0,0.5270635,0.0,0.0,0.0,-100.0,0.50525635,0.98834115,0.005652729,0.18499623,0.12921618,0.27204838,0.41952792,0.5544473,0.66972893,0.76589614,0.84702843,0.9178292,0.9822495,1.0430994,1.1020993,1.1600702,1.2171308,1.2728368,1.3262117,1.3755809,1.4180565,1.4484811,1.4578775,1.432704,1.3587462,1.2323397,1.069155,0.8959276,0.7342484,0.5943311,0.0011674614,0.0024279444,1335.0586,2713.1836,4019.5312,5368.9453,0.047880705,2899.2559,6.1442375,4.8117645e+06,0.8657222,5.103361,-0.0010505532,1.9238812,0.0032701704,-2.855499,9.703134,13.099271,-7.9177704,-3.3319743,-9.82557,13.070714,-1.643699,-8.1801605,-4.8402553,-3.6170318,-6.7352843,-9.245797,-11.687556,0 days 00:01:10.380370370,0 days 00:01:10.420370370
0 days 00:00:00.020000,0 days 00:00:00.060000,answer8,0.0,0.0,0.0,0.0,0.0,-100.0,0.61926776,0.98834115,0.008305908,0.20445955,0.12921618,0.27204838,0.41952792,0.5544473,0.66972893,0.76589614,0.84702843,0.9178292,0.9822495,1.0430994,1.1020993,1.1600702,1.2171308,1.2728368,1.3262117,1.3755809,1.4180565,1.4484811,1.4578775,1.432704,1.3587462,1.2323397,1.069155,0.8959276,0.7342484,0.5943311,0.0008894442,0.0037892095,2684.4727,3947.754,4823.4375,5770.8984,0.1065444,3858.965,6.0551543,3.9352532e+06,0.26890483,5.6922035,-0.0026217408,2.4668267,0.00838563,-10.486575,14.1325655,17.874361,-10.098863,2.1664426,-11.839988,13.847932,-0.6418211,-8.973411,-5.5841165,-5.287527,-10.083229,-3.8608704,-7.0595417,0 days 00:01:10.390370370,0 days 00:01:10.430370370
0 days 00:00:00.030000,0 days 00:00:00.070000,answer8,0.0,0.0,0.0,0.0,0.0,-100.0,0.70024824,0.98834115,0.01139271,0.21579744,0.12921618,0.27204838,0.41952792,0.5544473,0.66972893,0.76589614,0.84702843,0.9178292,0.9822495,1.0430994,1.1020993,1.1600702,1.2171308,1.2728368,1.3262117,1.3755809,1.4180565,1.4484811,1.4578775,1.432704,1.3587462,1.2323397,1.069155,0.8959276,0.7342484,0.5943311,0.0009245716,0.0050189723,3933.3984,4407.129,5110.547,6029.297,0.13299741,4406.3325,5.89887,2.9422588e+06,0.11778802,6.954744,-0.0038397328,2.7985342,0.012807368,-15.020663,19.310167,19.238306,-11.071953,5.590715,-12.180683,11.540946,-1.5920463,-10.433245,-5.0126033,-7.8913,-13.029457,-5.1890984,-7.486998,0 days 00:01:10.400370370,0 days 00:01:10.440370370
0 days 00:00:00.040000,0 days 00:00:00.080000,answer8,0.0,0.5601709,0.0,0.0,0.0,-100.0,0.7760598,1.0130345,0.014264363,0.22222221,0.12996508,0.27504233,0.43223754,0.5679708,0.6660472,0.77498466,0.8429021,0.8893664,0.956613,1.0149766,1.0904894,1.1575485,1.1854268,1.2313548,1.3229795,1.3981365,1.4452714,1.5104035,1.5494379,1.5205139,1.4892688,1.3492154,1.1547419,0.9546774,0.78119516,0.6481274,0.0012984356,0.0066632503,4277.9297,4421.4844,5124.9023,6043.6523,0.14928812,4594.6636,5.8206844,2.361781e+06,0.17666961,7.893711,-0.0051837955,2.9098299,0.018969582,-16.782873,22.362814,21.198584,-14.281367,4.843426,-11.876289,11.903483,-0.7493122,-8.402068,0.4877874,-9.794166,-13.310679,-6.331843,-5.2553673,0 days 00:01:10.410370370,0 days 00:01:10.450370370
0 days 00:00:00.050000,0 days 00:00:00.090000,answer8,0.0,0.0,0.0,0.0,0.0,-100.0,0.81953955,1.0568794,0.015794085,0.21976568,0.13075283,0.28195265,0.45280263,0.58590084,0.6805399,0.77911854,0.8251603,0.8537011,0.9149969,0.9870613,1.0855595,1.1324675,1.1294924,1.1862231,1.3177451,1.4333205,1.5230068,1.6225185,1.6764647,1.6540381,1.7041454,1.5536765,1.3520122,1.043554,0.8410824,0.7315674,0.0015415611,0.0070232376,4335.3516,4478.9062,5354.59,5943.164,0.16769838,4691.3115,5.662967,2.2624968e+06,0.0006227195,8.515134,-0.0070911683,2.988204,0.028589765,-17.989145,24.34648,22.591728,-14.736636,4.8801947,-14.897102,9.534699,-10.108111,-9.968066,-0.98753196,-9.452475,-8.029977,-10.744132,-6.915081,0 days 00:01:10.420370370,0 days 00:01:10.460370370
0 days 00:00:00.060000,0 days 00:00:00.100000,answer8,0.0,0.0,0.0,0.0,0.0,-100.0,0.8135808,1.0978152,0.015436719,0.20653816,0.122892916,0.2774696,0.46855137,0.60953784,0.71072465,0.7667136,0.78267336,0.8002732,0.86837715,0.977386,1.0688275,1.0707197,1.0525335,1.1683775,1.32526,1.4386083,1.602446,1.7735643,1.7846779,1.7740084,1.870463,1.7306228,1.6359429,1.1491165,0.8967491,0.8166776,0.0014153464,0.0068321363,4349.707,4766.0156,5426.367,5828.3203,0.19942176,4815.9043,5.545979,2.0471134e+06,0.11477866,8.890621,-0.0070634237,3.0866356,0.030550899,-19.819624,22.339823,21.014435,-15.740173,1.1823641,-18.49744,8.384575,-15.104371,-13.016678,-6.360298,-4.386623,-6.2659817,-12.963433,-4.180199,0 days 00:01:10.430370370,0 days 00:01:10.470370370
0 days 00:00:00.070000,0 days 00:00:00.110000,answer8,0.0,0.62258685,0.0,0.0,0.0,-100.0,0.7100583,1.0821038,0.0134334015,0.17479213,0.1100294,0.2632786,0.48370716,0.6466016,0.7312043,0.7006779,0.7183566,0.7685695,0.8288002,0.97779065,1.0457057,1.0044951,0.99111825,1.2030147,1.3132664,1.3569646,1.595878,1.8217393,1.7152139,1.7388004,1.7855301,1.661122,1.787867,1.1647962,0.89753896,0.8226347,0.00285457,0.0045191576,3014.6484,4651.172,5526.8555,6172.8516,0.21351147,4443.946,5.4136405,4.1559032e+06,0.20521466,7.416018,-0.0058375127,2.904975,0.024764813,-17.702036,23.399122,19.47849,-9.216517,1.8326321,-16.91603,4.125547,-18.57938,-16.840788,-17.419731,-6.106163,-8.371765,-10.010358,-3.5087564,0 days 00:01:10.440370370,0 days 00:01:10.480370370
0 days 00:00:00.080000,0 days 00:00:00.120000,answer8,0.0,0.6490268,0.0,0.0,0.0,-64.38487,0.57536995,1.0092081,0.011322948,0.13284202,0.09895894,0.25346068,0.5234501,0.72174734,0.7086908,0.6193883,0.65522015,0.7335625,0.8041932,0.99804896,1.0136486,0.9716766,0.97780436,1.2307916,1.2296222,1.1990452,1.490949,1.7127523,1.508821,1.5522852,1.4732119,1.3750262,1.6892982,1.0841917,0.8546261,0.7589397,0.006375818,0.002809419,1607.8125,3229.9805,3861.621,6144.1406,0.16813266,3342.321,5.1994195,5.824062e+06,0.9829636,5.818437,-0.0032196399,2.2513807,0.011087467,-11.14475,23.087328,18.44586,-3.3294487,0.9561243,-13.7046,-3.2349117,-19.519735,-15.931786,-21.446112,-9.500736,-9.108269,-8.585563,-6.825149,0 days 00:01:10.450370370,0 days 00:01:10.490370370
0 days 00:00:00.090000,0 days 00:00:00.130000,answer8,203.41655,0.70298934,0.0,0.0,0.2408661,-28.538528,0.55810076,0.93610287,0.01496222,0.093726374,0.109246016,0.30157807,0.6599779,0.89610523,0.72751456,0.5871852,0.6419516,0.7398131,0.81543607,1.0780257,1.0582415,1.0502255,1.0431254,1.1867243,1.0971782,1.0452896,1.3629497,1.4870677,1.2714192,1.3021325,1.1021177,1.0293535,1.3660522,0.91919994,0.78170246,0.67906284,0.034822907,0.0019343336,229.6875,1521.6797,2067.1875,4220.508,0.20965146,1782.829,4.109863,5.6307545e+06,2.9917705,19.476517,-0.012398948,1.2710668,0.023899978,-0.44866434,26.285704,19.691345,4.673853,4.27626,-9.02358,-15.200276,-24.209227,-15.872577,-18.324299,-15.762944,-10.868938,-7.76449,-6.3285656,0 days 00:01:10.460370370,0 days 00:01:10.500370370
0 days 00:00:00.100000,0 days 00:00:00.140000,answer8,202.6977,0.7401263,0.07405289,0.0,0.3350252,5.595258,0.6370946,0.93349,0.021764807,0.06368103,0.1461522,0.46950638,0.9374151,1.2240596,0.97846794,0.66914016,0.69360036,0.7863502,0.89542323,1.3065706,1.247343,1.2364594,1.2133924,1.1131396,0.9793377,0.9868396,1.2730922,1.2623504,1.0968219,1.0862061,0.8039768,0.7835538,1.0280448,0.74872595,0.6919162,0.61285543,0.082367025,0.0024557656,215.33203,229.6875,330.17578,2009.7656,0.22970665,761.88257,3.1179981,2.8273538e+06,5.605824,45.059284,-0.02675878,0.60732085,0.058928918,7.1760716,26.632301,18.932947,5.752416,2.8427563,-12.579476,-20.68281,-29.315424,-14.966294,-10.701518,-7.411532,-8.881713,-8.529199,-7.152872,0 days 00:01:10.470370370,0 days 00:01:10.510370370
0 days 00:00:00.110000,0 days 00:00:00.150000,answer8,200.67644,0.76484156,0.056864917,0.055469543,0.29549542,7.4586926,0.71657354,1.0334865,0.026718372,0.04818594,0.19869833,0.7193074,1.2585689,1.6378273,1.6915331,0.8765836,0.8419607,0.906606,1.0653118,1.7024549,1.5719242,1.4826268,1.4478216,1.104755,0.9903159,1.0548226,1.2056719,1.1518457,1.0305489,0.9786207,0.64176047,0.67704725,0.8023767,0.63128096,0.6217322,0.5786477,0.12010308,0.0030125838,215.33203,229.6875,344.53125,387.59766,0.24298312,410.80054,2.6655006,937617.7,7.6455255,69.72571,-0.03614943,0.3851966,0.08662825,12.568096,26.429388,16.64142,4.0761237,-1.7248536,-16.269747,-22.336197,-26.612852,-18.139248,-6.959881,0.21628182,-6.1067176,-8.095556,-4.3732104,0 days 00:01:10.480370370,0 days 00:01:10.520370370
0 days 00:00:00.120000,0 days 00:00:00.160000,answer8,198.91437,0.7639902,0.050670072,0.038833898,0.2354192,9.4727545,0.73221046,1.1851039,0.025481954,0.03628118,0.23808496,0.9267308,1.4550352,2.0128613,2.7651234,1.1451321,1.0828056,1.1184177,1.3072366,2.03203,1.8715636,1.7112871,1.6732836,1.2988268,1.1506892,1.1636304,1.1448349,1.1057061,1.0047184,0.96095705,0.5790929,0.65501,0.6909256,0.57520103,0.58894104,0.55457526,0.115836054,0.003992439,215.33203,287.10938,387.59766,473.73047,0.18353122,438.7681,2.8987396,791623.3,7.677302,71.8325,-0.031231994,0.41625002,0.084883235,14.604253,21.738848,12.875403,2.6024048,-10.570122,-24.71535,-16.919289,-17.02919,-21.482645,-11.559163,4.153452,-2.8680751,-6.1271834,-4.9766355,0 days 00:01:10.490370370,0 days 00:01:10.530370370
0 days 00:00:00.130000,0 days 00:00:00.170000,answer8,196.96053,0.75460196,0.021618446,0.027884906,0.11552018,12.620433,0.7098376,1.2947105,0.022226622,0.026266063,0.24261539,0.967583,1.4052194,2.1372573,3.529271,1.3773316,1.3491324,1.326373,1.5779567,2.1448457,1.9392458,1.8054851,1.8346305,1.7311035,1.4359179,1.2326406,1.1301724,1.0885096,0.98247665,0.9664948,0.5483352,0.64861673,0.6132273,0.544239,0.57925063,0.52453995,0.08147644,0.00480904,200.97656,287.10938,387.59766,473.73047,0.14316292,457.72366,2.9738529,826461.8,7.167353,64.15421,-0.021784263,0.42734578,0.06221057,15.165187,16.925173,12.365735,4.1418242,-16.984465,-22.379179,-10.709702,-9.919978,-24.807013,-17.099472,4.6887593,0.03985957,-7.884134,-8.64503,0 days 00:01:10.500370370,0 days 00:01:10.540370370
0 days 00:00:00.140000,0 days 00:00:00.180000,answer8,192.70258,0.74109155,0.01787863,0.012749386,0.088377826,12.406646,0.701101,1.3321825,0.022639534,0.01776266,0.22927119,0.8957937,1.2393912,2.0185757,3.5922318,1.5118264,1.6263019,1.5519079,1.7649727,2.0188925,1.8385779,1.7925459,1.9147276,2.273803,1.7770551,1.2278348,1.202342,1.0495712,0.9421757,0.93976045,0.5100547,0.6158147,0.53639644,0.50880975,0.5713418,0.48677075,0.0590596,0.0052634757,186.6211,272.7539,330.17578,459.375,0.15994792,419.3049,2.8640423,684168.56,8.283363,95.92749,-0.022345275,0.39310813,0.05564049,17.658827,14.153026,12.622722,6.374285,-21.48498,-19.686567,-2.7675924,-4.486062,-22.144045,-19.2015,2.6965446,-4.9983363,-10.407685,-9.644887,0 days 00:01:10.510370370,0 days 00:01:10.550370370
0 days 00:00:00.150000,0 days 00:00:00.190000,answer8,190.74097,0.7416954,0.0103015425,0.012462617,0.100010514,11.56338,0.6904669,1.3070478,0.026638597,0.011904762,0.22709478,0.83245784,1.113881,1.7946173,3.097243,1.6114239,1.8068957,1.6790981,1.7883505,1.8468,1.6613675,1.6692468,1.9288435,2.6899643,2.0244348,1.2221769,1.3262194,0.9861541,0.88352966,0.8688751,0.46391997,0.5616656,0.46668747,0.45998278,0.54028296,0.4320298,0.07950889,0.004508238,172.26562,215.33203,315.8203,401.95312,0.1675982,337.2654,2.6319888,412543.66,11.811416,223.68513,-0.03521276,0.32822403,0.07996617,22.016146,15.320735,17.419409,8.676575,-22.165352,-18.375751,0.50735265,-5.2369704,-20.854591,-13.749787,2.9703538,-5.374369,-11.745674,-14.003811,0 days 00:01:10.520370370,0 days 00:01:10.560370370
0 days 00:00:00.160000,0 days 00:00:00.200000,answer8,189.91414,0.7498018,0.010377046,0.009593238,0.08250939,11.311769,0.6830093,1.263956,0.029364375,0.0111489035,0.25668606,0.84224606,1.0991343,1.6365248,2.6190171,1.7166308,1.9262776,1.7832137,1.6574684,1.7619334,1.5940768,1.5748543,1.9020213,2.703474,2.0250576,1.2126273,1.4172786,0.90286636,0.8153091,0.7886629,0.4371355,0.5166519,0.4113845,0.40419447,0.48540136,0.37272418,0.09247813,0.00341816,172.26562,215.33203,301.46484,387.59766,0.18578513,278.54068,2.5365856,160894.55,14.8860235,332.10034,-0.04170254,0.28715214,0.092119515,26.589682,15.851829,16.314774,6.2032456,-15.838879,-20.385635,0.4363316,-2.0936444,-15.140588,-7.4884276,-5.4003243,-8.746609,-7.477178,-12.376442,0 days 00:01:10.530370370,0 days 00:01:10.570370370
0 days 00:00:00.170000,0 days 00:00:00.210000,answer8,192.63441,0.757878,0.016021611,0.015385923,0.14193092,11.072129,0.6473119,1.2089461,0.028647698,0.013038549,0.27569988,0.8564651,1.1097187,1.6151749,2.3637497,1.8084898,1.9220484,1.8497976,1.5137769,1.7212507,1.5512377,1.6020865,1.8743439,2.3800814,1.7749043,1.1733669,1.4140822,0.79018,0.72350997,0.7149387,0.44131866,0.49566782,0.37688923,0.35078672,0.41928092,0.31374964,0.10378454,0.0025847212,186.6211,215.33203,358.88672,387.59766,0.18408908,281.4868,2.6195872,101472.19,15.905759,382.35278,-0.038932305,0.29613027,0.09094436,27.951914,15.230396,12.727528,3.4020455,-12.199597,-25.901522,-4.7979207,-8.731765,-18.261362,-7.4583397,-13.900331,-4.737596,0.3604765,-14.249428,0 days 00:01:10.540370370,0 days 00:01:10.580370370
0 days 00:00:00.180000,0 days 00:00:00.220000,answer8,193.20317,0.76572317,0.032103643,0.023771584,0.19737053,10.572296,0.5960603,1.13219,0.027150018,0.015873017,0.26852724,0.8238263,1.0784572,1.6445738,2.238346,1.7752553,1.7791977,1.8070207,1.4345084,1.6408333,1.5183378,1.7391571,1.774923,1.8574759,1.4058584,1.0720543,1.327876,0.6937282,0.63913417,0.64842254,0.46324936,0.5008263,0.35519597,0.30999145,0.3712983,0.2688661,0.10458135,0.001603753,186.6211,215.33203,373.2422,387.59766,0.17031848,289.26352,2.617105,87279.51,17.60643,490.15598,-0.03258832,0.30717745,0.0845716,28.398123,17.402315,10.403007,1.7682204,-9.556167,-25.057283,-11.204661,-15.211934,-14.323524,-4.8572664,-17.735424,-6.010357,4.774882,-9.746972,0 days 00:01:10.550370370,0 days 00:01:10.590370370
0 days 00:00:00.190000,0 days 00:00:00.230000,answer8,193.27669,0.7714629,0.03588048,0.022001423,0.17761739,11.717702,0.56474715,1.0447356,0.026751757,0.018518519,0.23599724,0.7465752,0.9974348,1.6512156,2.169593,1.5578108,1.5166745,1.6392645,1.4093338,1.5128762,1.4907705,1.8661256,1.582311,1.4186324,1.1163827,0.9531899,1.2026758,0.63146096,0.60003394,0.6013405,0.48633137,0.52237445,0.3531597,0.2957759,0.3565363,0.24924986,0.11632881,0.0012437563,186.6211,215.33203,387.59766,387.59766,0.14098065,294.29333,2.5507848,96431.71,18.69635,521.06744,-0.033275753,0.3136321,0.095061146,26.780258,20.533722,12.912496,4.3107185,-6.6699195,-23.565445,-17.16085,-23.633904,-19.38661,-4.4610524,-9.635465,-2.7758055,4.4487495,-5.6603265,0 days 00:01:10.560370370,0 days 00:01:10.600370370
0 days 00:00:00.200000,0 days 00:00:00.240000,answer8,193.37291,0.7762592,0.034818023,0.013987102,0.1133357,13.646072,0.5414712,0.95088416,0.026609147,0.02116402,0.21363342,0.6740816,0.9129219,1.6083484,2.1292212,1.2578566,1.193596,1.3279088,1.3461488,1.3157014,1.4415585,1.785868,1.3181683,1.1067027,0.93052834,0.8595063,1.0720778,0.6319699,0.6333134,0.5914254,0.50883037,0.55083716,0.36988315,0.30928656,0.37652275,0.25709218,0.11629224,0.000783538,172.26562,215.33203,387.59766,387.59766,0.11572107,293.34006,2.450149,150583.1,18.594316,492.731,-0.034458306,0.31104824,0.100046806,24.81122,26.479628,17.45933,4.369971,-4.1240187,-20.663458,-22.53485,-21.20686,-16.814545,-4.3277583,-4.5268817,-1.0645908,4.3371253,-2.1092846,0 days 00:01:10.570370370,0 days 00:01:10.610370370
0 days 00:00:00.210000,0 days 00:00:00.250000,answer8,193.98962,0.7736023,0.019515814,0.0086909495,0.049591213,16.399315,0.533655,0.8818617,0.023851687,0.02399849,0.2127194,0.6233567,0.83791757,1.5008913,2.0441444,0.98199415,0.9572694,1.045201,1.2322114,1.1487603,1.410955,1.5390844,1.0955955,0.96098775,0.83833534,0.824066,0.99473673,0.6857979,0.74287313,0.64467484,0.5500272,0.589395,0.40638366,0.35373187,0.41695687,0.29033968,0.09086203,0.0008595614,172.26562,215.33203,387.59766,387.59766,0.09615486,305.08615,2.4586723,247762.75,15.256729,298.86716,-0.028302973,0.3170793,0.081552766,21.207788,26.912043,19.699327,3.7785265,-4.015719,-17.98702,-21.81034,-21.611916,-20.130285,-5.443016,0.038922787,-0.37926245,2.978852,-4.3012743,0 days 00:01:10.580370370,0 days 00:01:10.620370370
0 days 00:00:00.220000,0 days 00:00:00.260000,answer8,194.09282,0.77281433,0.013051403,0.00883975,0.067348875,16.905457,0.5040064,0.84003514,0.020366738,0.026077097,0.2069873,0.57209057,0.7653429,1.3501066,1.8826782,0.8296316,0.8334031,0.8613083,1.1423606,1.0181202,1.3491036,1.2627447,0.9887778,0.9065187,0.7894191,0.83111376,0.9846847,0.7683849,0.86569303,0.7377141,0.6015597,0.6322227,0.4513382,0.40688863,0.46610022,0.33662173,0.06520885,0.00073356024,172.26562,215.33203,387.59766,401.95312,0.09556336,321.1768,2.4994907,324380.62,12.903145,198.64885,-0.019799352,0.32948175,0.056704957,20.079252,26.509577,17.15034,0.81326914,-8.081758,-15.967636,-22.570868,-19.844397,-16.710276,-6.102358,-5.1799088,-1.5181042,3.4834623,-6.7923675,0 days 00:01:10.590370370,0 days 00:01:10.630370370
0 days 00:00:00.230000,0 days 00:00:00.270000,answer8,193.98134,0.76962423,0.01017408,0.014691394,0.099512585,16.63904,0.47879806,0.8163035,0.016933313,0.028155707,0.1890044,0.5044038,0.67601174,1.1805676,1.6623272,0.7918275,0.82433176,0.76472497,1.0850202,0.94228554,1.3091372,1.1160827,0.9682143,0.87348205,0.77083856,0.86555004,1.0197731,0.85018134,0.922682,0.8085599,0.63012356,0.6593949,0.48368874,0.44593954,0.50362617,0.37611374,0.050996184,0.00074779306,186.6211,258.39844,387.59766,416.3086,0.0917011,343.12558,2.6177266,346648.38,12.252881,178.71704,-0.01367116,0.3517559,0.040515337,20.111824,23.405283,14.463397,1.7496904,-11.522386,-17.376022,-23.55631,-21.861603,-12.562386,-0.43114614,-5.025359,-3.474287,1.3430904,-7.1263123,0 days 00:01:10.600370370,0 days 00:01:10.640370370
0 days 00:00:00.240000,0 days 00:00:00.280000,answer8,193.53694,0.7710843,0.011869802,0.014764521,0.11163028,14.947232,0.47124532,0.8080451,0.014248819,0.028533636,0.15659781,0.4261068,0.5816633,1.0160557,1.4313344,0.8274258,0.86262554,0.7184174,1.1008706,0.96943647,1.314856,1.1580913,1.0445832,0.8586562,0.7969162,0.925798,1.0512857,0.8991921,0.8974834,0.8182797,0.6137613,0.6663544,0.504528,0.4549413,0.5188256,0.3950865,0.037911233,0.0012134111,200.97656,272.7539,387.59766,473.73047,0.09142217,378.19138,2.8550093,411656.25,11.039256,151.47115,-0.009535133,0.37989625,0.028476363,20.765713,17.671247,8.428191,3.9407895,-10.248524,-19.481966,-23.945557,-22.159414,-8.910024,0.4877654,-7.395103,-2.3259146,-0.6720465,-7.9733315,0 days 00:01:10.610370370,0 days 00:01:10.650370370
0 days 00:00:00.250000,0 days 00:00:00.290000,answer8,193.33624,0.7754676,0.019077552,0.017643875,0.08159066,14.382215,0.49402305,0.8203394,0.01249963,0.027777778,0.13005477,0.3602767,0.50222653,0.8881936,1.2399683,0.93163395,0.9437973,0.70067215,1.1578526,1.0904548,1.3889098,1.3495051,1.2083209,0.8872219,0.8450677,1.0166725,1.0687495,0.92107683,0.82590777,0.775932,0.5747364,0.65061533,0.5191989,0.44657874,0.5086876,0.39651227,0.032229964,0.0018587311,200.97656,272.7539,387.59766,531.15234,0.08341334,406.8671,3.1104667,455312.75,10.07518,131.60738,-0.0077739893,0.402656,0.023029232,21.543058,12.233795,4.9200134,5.49011,-11.973755,-20.532011,-20.412752,-22.22936,-5.5807776,3.157574,-7.409144,-4.1223145,-3.3503177,-12.622353,0 days 00:01:10.620370370,0 days 00:01:10.660370370
0 days 00:00:00.260000,0 days 00:00:00.300000,answer8,192.79004,0.7817891,0.022973165,0.015640663,0.05947933,12.801145,0.5199831,0.864193,0.011774982,0.025510205,0.116368294,0.31925008,0.45076677,0.7824972,1.077498,1.0569462,1.0474862,0.7016689,1.2690158,1.3022537,1.5078425,1.5719825,1.3871498,1.0521936,0.9709379,1.2041566,1.1419643,0.9282139,0.7753704,0.7377095,0.55142736,0.6346512,0.54099995,0.45342395,0.4957057,0.3915387,0.023230856,0.0025534,186.6211,229.6875,387.59766,588.5742,0.06865749,427.22208,3.2412035,526272.2,8.509333,99.74368,-0.00674927,0.40984073,0.019351013,21.491308,7.952001,4.8272986,8.855187,-15.699653,-17.977821,-10.765034,-22.793684,-8.324912,4.6661425,-3.1564617,-7.5658565,-5.446188,-17.093994,0 days 00:01:10.630370370,0 days 00:01:10.670370370
0 days 00:00:00.270000,0 days 00:00:00.310000,answer8,192.37428,0.77762157,0.02612681,0.018122673,0.026629264,13.247211,0.53419524,0.9206218,0.012734023,0.022486774,0.11582074,0.30480894,0.43177542,0.7181471,0.9635609,1.1572462,1.1471657,0.71712667,1.3695583,1.4349608,1.5783405,1.6586479,1.5256162,1.3120025,1.1294178,1.4931396,1.293419,0.96356124,0.76477927,0.7396267,0.5610501,0.6289714,0.5607243,0.48503873,0.49002612,0.39163473,0.028791895,0.0027122833,172.26562,215.33203,387.59766,545.5078,0.060318824,412.9983,3.1565049,486294.72,8.68549,107.35989,-0.0083233705,0.39598203,0.024038559,21.292261,9.259177,11.337483,9.777635,-20.714956,-17.928658,-7.8352838,-20.95962,-8.118339,5.1416855,-2.722535,-7.584452,-2.8201544,-17.610914,0 days 00:01:10.640370370,0 days 00:01:10.680370370
0 days 00:00:00.280000,0 days 00:00:00.320000,answer8,192.77258,0.76772356,0.020218842,0.0126642985,0.06528753,12.897342,0.53779596,0.96062094,0.01504629,0.0202192,0.12548019,0.31235194,0.43924126,0.7043052,0.91487885,1.1844176,1.1976194,0.7225562,1.3087524,1.3841577,1.5647898,1.5456362,1.5347611,1.5999341,1.3030984,1.8280716,1.5061959,1.0472941,0.7847576,0.7689485,0.5907392,0.6328693,0.5643171,0.5250221,0.4858867,0.400062,0.035226617,0.0027766244,172.26562,215.33203,387.59766,473.73047,0.07043994,386.68338,2.9361737,428136.72,9.303749,126.48681,-0.010872717,0.37237242,0.0309562,21.208336,10.228221,18.93214,12.942782,-26.852217,-20.168383,-7.473988,-20.155085,-9.166917,6.182947,-4.557795,-8.012189,-5.7522736,-14.843411,0 days 00:01:10.650370370,0 days 00:01:10.690370370
0 days 00:00:00.290000,0 days 00:00:00.330000,answer8,193.84435,0.761864,0.013374537,0.010643799,0.060584903,14.736972,0.57886875,0.9894976,0.017734563,0.018518517,0.14219911,0.33743933,0.47062102,0.71268195,0.91263944,1.1254687,1.1803625,0.77919406,1.1718496,1.2360321,1.5026474,1.3550086,1.5078334,1.880915,1.484345,2.1045818,1.7091522,1.1802744,0.8358791,0.8110209,0.63410527,0.6521372,0.56054157,0.54613775,0.47722864,0.41664156,0.037795264,0.0041338624,172.26562,215.33203,330.17578,416.3086,0.09499789,356.8777,2.769146,356362.16,9.490038,135.2538,-0.014798377,0.34495786,0.03732933,22.314325,8.889324,21.02079,13.3116865,-25.265,-15.902108,-3.830575,-16.138365,-12.929933,1.455629,-8.614776,-4.7949824,-6.7252564,-12.650439,0 days 00:01:10.660370370,0 days 00:01:10.700370370
0 days 00:00:00.300000,0 days 00:00:00.340000,answer8,194.69337,0.7607097,0.0066423924,0.0048891124,0.09105336,13.988065,0.60578316,1.0185055,0.01961709,0.018707482,0.15809882,0.37260517,0.522924,0.7039905,0.9108948,1.0467712,1.1669736,0.93336517,1.0318598,1.1272769,1.4597408,1.2228881,1.4722141,2.1748254,1.649763,2.2277915,1.8673491,1.3094951,0.9074268,0.84420353,0.68845147,0.67608595,0.5607111,0.54955643,0.46619037,0.4296904,0.035128754,0.005424132,172.26562,215.33203,272.7539,416.3086,0.096978344,335.84824,2.5576036,313085.16,9.208321,133.30623,-0.017946722,0.32267785,0.04065198,23.21068,6.8170223,19.716179,13.375606,-24.211283,-12.923218,3.7406075,-13.028133,-15.882417,-3.4307537,-10.301869,-10.051459,-11.941751,-14.972867,0 days 00:01:10.670370370,0 days 00:01:10.710370370
0 days 00:00:00.310000,0 days 00:00:00.350000,answer8,194.89668,0.7678179,0.0059700073,0.0065758154,0.0730513,14.041107,0.61810297,1.0620325,0.019700471,0.020786094,0.16746514,0.4052371,0.58080107,0.6362354,0.8503566,0.99491864,1.1666809,1.1844467,1.0764695,1.1723175,1.4704232,1.2025872,1.4457364,2.5398996,1.8781081,2.2146893,1.9611734,1.3626312,0.98701936,0.85754937,0.73567915,0.6965279,0.5711558,0.5499732,0.4767834,0.42797872,0.0275899,0.006673968,172.26562,215.33203,215.33203,416.3086,0.09019346,336.7471,2.433412,341828.72,8.482625,116.8836,-0.018393481,0.31676218,0.038363498,23.462614,3.8283699,16.307169,14.762581,-20.46604,-7.0727,12.504776,-10.82439,-21.198153,-10.420256,-6.3626957,-11.745464,-13.501391,-18.897898,0 days 00:01:10.680370370,0 days 00:01:10.720370370
0 days 00:00:00.320000,0 days 00:00:00.360000,answer8,194.45894,0.7725852,0.0049668974,0.0053431676,0.12197534,12.919597,0.59909767,1.0985131,0.018416649,0.026643991,0.1678676,0.420866,0.6196744,0.542208,0.73933285,1.0128206,1.2126074,1.3917036,1.2389765,1.2875357,1.4678617,1.2205487,1.4227325,2.8413715,2.0649168,2.1167593,1.9669629,1.3172319,1.0686876,0.86344784,0.7624245,0.6977709,0.59480023,0.5787156,0.5186755,0.42484108,0.025865262,0.006081074,172.26562,215.33203,215.33203,473.73047,0.07943228,355.20505,2.4434376,432093.25,8.45843,109.85944,-0.016582856,0.33221516,0.03549576,22.496025,4.9818463,13.457278,16.02526,-24.043816,-6.950601,13.098264,-7.7740307,-17.756193,-12.09274,-3.104884,-18.155844,-18.447437,-23.47374,0 days 00:01:10.690370370,0 days 00:01:10.730370370
0 days 00:00:00.330000,0 days 00:00:00.370000,answer8,193.73262,0.7789901,0.004292281,0.004343619,0.09388361,13.689396,0.5800792,1.1003321,0.016272616,0.036470145,0.15848833,0.40920556,0.6181639,0.4641398,0.6249143,1.0882996,1.2565794,1.4298128,1.3385983,1.3551064,1.3620844,1.2246943,1.4335985,2.9680936,2.1427987,1.970579,1.8664107,1.206844,1.1124144,0.86110145,0.7693248,0.68484855,0.62316257,0.611331,0.58210284,0.44593814,0.02320383,0.005773637,172.26562,215.33203,272.7539,588.5742,0.07823784,414.38004,2.6950133,665380.56,7.9616466,92.19034,-0.013036207,0.37892568,0.029367113,21.57367,6.2355194,10.883839,17.284311,-27.121973,-10.381306,11.038255,1.0503794,-18.813137,-11.743396,-5.8483334,-13.2735815,-18.270723,-25.581526,0 days 00:01:10.700370370,0 days 00:01:10.740370370
0 days 00:00:00.340000,0 days 00:00:00.380000,answer8,192.40247,0.7802315,0.003062632,0.0021772336,0.098469906,13.311672,0.5570073,1.0704468,0.013941663,0.045351475,0.14478315,0.37191948,0.56603247,0.43184814,0.55111426,1.2035103,1.327284,1.2917976,1.2918391,1.313677,1.1753277,1.2074708,1.5636362,2.8535688,2.0194383,1.7973562,1.6833085,1.1200023,1.1027354,0.8738621,0.7859556,0.68595487,0.6698052,0.64932513,0.6385818,0.5114828,0.021997718,0.004559863,172.26562,258.39844,387.59766,674.70703,0.09326322,500.3959,3.0715628,926884.0,7.142521,69.67562,-0.009355429,0.45402086,0.02321484,19.442198,8.9861355,8.503713,15.706178,-30.469889,-20.309603,6.700475,8.703225,-9.094721,-8.601268,-10.660531,-10.81997,-18.534355,-27.419958,0 days 00:01:10.710370370,0 days 00:01:10.750370370
0 days 00:00:00.350000,0 days 00:00:00.390000,answer8,190.9043,0.7772953,0.002431237,0.0017146616,0.09361172,12.445282,0.53309065,1.0236608,0.012632475,0.049130764,0.13203426,0.32565057,0.48942935,0.43608904,0.5295791,1.3263419,1.4048401,1.0805305,1.104271,1.1574768,0.97604084,1.1917882,1.771697,2.5664465,1.7528192,1.610559,1.494249,1.1128964,1.0552357,0.90270346,0.82450294,0.709445,0.7197103,0.68673897,0.67028624,0.5838223,0.020795476,0.0037317034,172.26562,258.39844,502.4414,674.70703,0.082605995,536.45416,3.2625525,1.02725156e+06,6.7895103,60.89232,-0.0071116476,0.48677555,0.019592538,18.76612,9.9979105,10.227488,14.087166,-30.695166,-24.354757,2.7038813,11.47684,-0.58007115,-8.412082,-11.662049,-6.5413995,-13.262108,-27.916536,0 days 00:01:10.720370370,0 days 00:01:10.760370370
0 days 00:00:00.360000,0 days 00:00:00.400000,answer8,189.46654,0.77813464,0.0048005995,0.005732579,0.0970382,11.966693,0.5249717,0.9855087,0.012318385,0.044595618,0.12627722,0.28580716,0.4129287,0.45942667,0.54063195,1.4217733,1.4492956,0.89886254,0.9638389,1.0030456,0.8681603,1.1596013,1.9430021,2.2010305,1.4865808,1.4526197,1.3402342,1.1901295,1.030426,0.9617545,0.8842303,0.75398296,0.76464945,0.73295516,0.6768982,0.6150839,0.023640076,0.0024242331,172.26562,301.46484,559.8633,617.28516,0.07353231,532.7402,3.342624,925269.2,7.2203617,68.40582,-0.00649289,0.49459895,0.01996152,18.41118,11.500656,10.529521,9.014487,-28.646942,-22.953133,0.17588079,8.154266,4.647667,-6.2112236,-3.3647902,-7.870318,-13.231812,-28.296427,0 days 00:01:10.730370370,0 days 00:01:10.770370370
0 days 00:00:00.370000,0 days 00:00:00.410000,answer8,188.01898,0.7770601,0.0051455316,0.0066990927,0.07175381,12.121513,0.53309554,0.96402174,0.012816541,0.0345805,0.12914701,0.26461247,0.36536726,0.49524212,0.5744349,1.4820637,1.4501113,0.79974204,0.92034507,0.9140238,0.8601027,1.1182994,1.9412161,1.8033334,1.291429,1.3437958,1.2595886,1.294268,1.0961514,1.0488535,0.9483698,0.79896903,0.80177027,0.7972787,0.67410976,0.5919411,0.027199866,0.0019156492,172.26562,258.39844,545.5078,588.5742,0.05588199,478.35104,3.2718573,741908.0,8.03995,84.17224,-0.0074392892,0.45444837,0.02336964,19.489244,13.172448,11.080821,3.669047,-24.86395,-18.126097,-1.4415083,5.2157145,3.935025,-6.030729,-0.39568806,-8.634847,-8.71639,-23.841871,0 days 00:01:10.740370370,0 days 00:01:10.780370370
0 days 00:00:00.380000,0 days 00:00:00.420000,answer8,186.04393,0.771815,0.006030313,0.007597426,0.022161119,13.735221,0.5389624,0.9569866,0.013662598,0.024187453,0.13775982,0.26244876,0.35209063,0.550682,0.63159364,1.4809628,1.3802756,0.80093366,0.95984143,0.92490387,0.9370072,1.0826787,1.7612972,1.4641677,1.1752466,1.2414306,1.2130138,1.3609194,1.2417434,1.16332,1.0149561,0.85151607,0.8336002,0.83276373,0.6722979,0.5541989,0.03341405,0.0014936276,172.26562,258.39844,488.08594,574.21875,0.05853067,437.24194,3.2120876,603350.75,9.08447,106.01202,-0.008888204,0.42535993,0.026969165,20.08936,15.803882,9.529403,-0.1557654,-19.801844,-18.329315,-7.5135703,2.21725,0.7099204,-3.8434067,0.36920953,-7.8336034,-10.601642,-18.249407,0 days 00:01:10.750370370,0 days 00:01:10.790370370
0 days 00:00:00.390000,0 days 00:00:00.430000,answer8,183.49211,0.76008224,0.0056053833,0.0054229796,0.04273663,14.058765,0.5304281,0.95574427,0.015163838,0.017195767,0.14946046,0.27605298,0.36667433,0.63056487,0.70695907,1.3919412,1.2612807,0.84401804,0.97891206,0.963465,1.0593958,1.0856795,1.5243077,1.216061,1.0823655,1.1088991,1.1749715,1.385408,1.4089729,1.2878208,1.0874773,0.9412594,0.87071604,0.84730095,0.6660192,0.53336734,0.037397873,0.0012371877,172.26562,215.33203,416.3086,502.4414,0.07494664,372.68735,2.9861338,470301.25,10.582425,145.11101,-0.011643417,0.36879706,0.032091495,20.455006,18.83193,13.165271,0.97590804,-12.4633875,-20.31315,-14.895913,-1.2066605,2.1961033,-5.4027977,-1.8923391,-4.7181563,-8.8501005,-13.333371,0 days 00:01:10.760370370,0 days 00:01:10.800370370
0 days 00:00:00.400000,0 days 00:00:00.440000,answer8,182.10625,0.75556916,0.007350248,0.0056122113,0.051267043,14.328053,0.4975327,0.9406015,0.017461633,0.013605443,0.16576795,0.30377665,0.40446243,0.7064,0.7539737,1.1634616,1.05061,0.8667145,0.9435847,0.97507477,1.1938764,1.1081942,1.3346354,1.0832943,0.9719784,0.9482108,1.1195538,1.3792046,1.525331,1.397575,1.1378247,1.0341259,0.8787524,0.83110493,0.65563387,0.52251595,0.03430057,0.0011091493,172.26562,200.97656,315.8203,416.3086,0.097485155,305.93774,2.5763273,326948.84,12.946874,215.29645,-0.014888958,0.30810788,0.037165526,20.356997,21.278196,16.923172,7.1635785,-1.0263067,-15.400795,-21.42782,-5.1187577,-3.6741836,-10.4042015,-0.24685943,-3.322272,-7.252329,-12.839021,0 days 00:01:10.770370370,0 days 00:01:10.810370370
0 days 00:00:00.410000,0 days 00:00:00.450000,answer8,181.60225,0.7590321,0.008878049,0.00934441,0.071339756,13.319505,0.45557427,0.8982157,0.019620227,0.011526833,0.18608262,0.34029123,0.45342064,0.7516654,0.75318885,0.87059546,0.8051961,0.81238383,0.8685729,0.9299857,1.2513708,1.0937532,1.2186172,1.0089082,0.85390705,0.8106661,1.0274019,1.3510813,1.5329962,1.4464148,1.1238896,1.0814899,0.8475294,0.79691297,0.6319216,0.5053664,0.030514747,0.00085780566,172.26562,186.6211,258.39844,344.53125,0.095658265,252.4644,2.2023785,197081.88,17.148676,387.91797,-0.018421037,0.25957972,0.043194305,21.34854,23.547363,21.56003,13.362193,2.836233,-13.160064,-21.678545,-6.8227077,-8.57886,-15.40565,-1.4974371,0.020320177,-2.5107172,-10.823536,0 days 00:01:10.780370370,0 days 00:01:10.820370370
0 days 00:00:00.420000,0 days 00:00:00.460000,answer8,182.22188,0.7647357,0.010529469,0.010454061,0.059432153,15.238922,0.41066217,0.83001894,0.02098743,0.010204081,0.20779611,0.37868533,0.50411993,0.75026363,0.7098883,0.5922016,0.58658755,0.74221796,0.80549145,0.85769373,1.1966558,1.0322702,1.1273214,0.9330253,0.74650717,0.7332129,0.90981406,1.2797271,1.4375029,1.3988823,1.0359975,1.023068,0.7778905,0.74229926,0.5954298,0.47594246,0.026625412,0.00057552004,172.26562,172.26562,215.33203,330.17578,0.0727034,225.33653,1.9662222,124158.27,22.472076,671.4792,-0.02048242,0.23596473,0.04762957,23.117662,25.403254,21.941315,17.487114,4.7590647,-7.8168793,-21.041292,-9.652871,-14.919963,-19.68548,-2.1922934,-0.4839848,0.7295695,-5.9948506,0 days 00:01:10.790370370,0 days 00:01:10.830370370
0 days 00:00:00.430000,0 days 00:00:00.470000,answer8,182.70117,0.7652373,0.013973151,0.0118297385,0.061080996,18.403048,0.39044055,0.7539043,0.021236783,0.010015116,0.2224658,0.4061853,0.53956157,0.73291874,0.68241566,0.43421528,0.46326813,0.68800884,0.76342255,0.7864359,1.041063,0.9413845,1.0198491,0.8371537,0.6723712,0.6876839,0.7827231,1.1628027,1.2727126,1.2536706,0.9131257,0.9079043,0.7157976,0.674661,0.5508487,0.44886157,0.031077078,0.0003206431,172.26562,172.26562,215.33203,344.53125,0.039338056,219.82475,1.9830235,78251.195,26.2553,889.918,-0.021998838,0.233851,0.0519989,25.238184,29.338303,21.681498,16.441267,1.0910684,-11.353707,-19.689432,-10.889649,-11.47671,-18.34242,-2.3861394,3.1125317,0.25332245,-3.996123,0 days 00:01:10.800370370,0 days 00:01:10.840370370
0 days 00:00:00.440000,0 days 00:00:00.480000,answer8,184.01685,0.7597359,0.014425412,0.009523072,0.06068502,22.33806,0.3785883,0.69105536,0.02102714,0.010393046,0.22613017,0.41589746,0.55220264,0.72839093,0.6999152,0.3766173,0.4220954,0.6685739,0.7093904,0.7281163,0.8748417,0.8652003,0.8986619,0.7204519,0.6242555,0.648412,0.6909938,1.0351074,1.1191446,1.0720993,0.8171983,0.80546373,0.6843324,0.63322574,0.5184586,0.43226266,0.033808053,0.00021676783,172.26562,172.26562,215.33203,344.53125,0.033506393,222.81116,2.0321715,75944.055,26.230738,888.03253,-0.021653086,0.23769505,0.051708426,25.398582,32.822468,20.076246,15.274994,-0.13593197,-11.44481,-21.042252,-13.121537,-9.389078,-16.08222,-1.8895925,-0.13624191,0.96129805,-4.100948,0 days 00:01:10.810370370,0 days 00:01:10.850370370
0 days 00:00:00.450000,0 days 00:00:00.490000,answer8,184.24712,0.7616984,0.011814942,0.00865472,0.054365244,23.36334,0.37262306,0.6546381,0.020050164,0.01058201,0.22128701,0.4083043,0.54571646,0.72512406,0.73390895,0.3825473,0.41449407,0.6540845,0.65306133,0.6954613,0.7961922,0.8337837,0.8092237,0.6343979,0.60069364,0.60412115,0.67285496,0.92645884,1.0047349,0.92677927,0.77565986,0.75940865,0.6796548,0.62637645,0.5079947,0.42826593,0.031660862,0.00023618068,172.26562,172.26562,215.33203,344.53125,0.049129736,223.96843,2.0945523,78819.01,25.366846,823.5799,-0.019757574,0.23867343,0.04656352,25.266043,31.880228,19.859684,18.344439,0.32925662,-14.556399,-22.262146,-15.437553,-6.084717,-10.784049,-4.076775,1.5487465,2.3658416,-7.0449767,0 days 00:01:10.820370370,0 days 00:01:10.860370370
0 days 00:00:00.460000,0 days 00:00:00.500000,answer8,184.12239,0.7651944,0.012886904,0.0108238645,0.077416174,20.32477,0.3791807,0.64999634,0.018713983,0.010770974,0.20973438,0.38756764,0.52589506,0.7200067,0.7662336,0.42306414,0.42300686,0.6531936,0.6301982,0.6892852,0.79726213,0.8520169,0.7701439,0.6047644,0.61477095,0.59153026,0.7319908,0.8667242,0.93867666,0.86077625,0.78966564,0.76593167,0.6925087,0.64302653,0.5177857,0.43414566,0.031857785,0.00027498745,172.26562,186.6211,258.39844,358.88672,0.07397396,238.21635,2.2269132,103188.15,22.801666,661.84796,-0.01669312,0.25296193,0.039504975,25.06972,29.481283,17.700747,16.297323,-1.9415251,-13.07323,-20.333883,-17.166986,-9.06586,-8.616054,-4.4537616,0.20526887,4.3532863,-6.658188,0 days 00:01:10.830370370,0 days 00:01:10.870370370
0 days 00:00:00.470000,0 days 00:00:00.510000,answer8,182.91426,0.77460504,0.02262278,0.017893331,0.08784187,17.348236,0.39511952,0.6718654,0.017677123,0.010393046,0.19297497,0.35972312,0.49853912,0.7055643,0.7788429,0.47922674,0.44502106,0.67861253,0.6861353,0.7407367,0.87973875,0.89348155,0.7769285,0.62738854,0.665561,0.62057906,0.8371492,0.8715797,0.91239125,0.87824553,0.8331749,0.78203636,0.70129067,0.6577949,0.5266661,0.4391184,0.033686202,0.00037205778,172.26562,200.97656,301.46484,373.2422,0.07420934,254.79108,2.376165,119675.0,21.600372,602.26245,-0.01444482,0.2702007,0.035412613,25.975618,25.89462,15.655235,11.162769,-2.5045905,-11.330405,-20.338602,-18.457731,-9.962665,-6.8560467,-0.5289483,2.0713422,2.3699043,-10.185078,0 days 00:01:10.840370370,0 days 00:01:10.880370370
0 days 00:00:00.480000,0 days 00:00:00.520000,answer8,182.60393,0.7768313,0.02493579,0.018600516,0.080889374,16.039804,0.40687236,0.71163327,0.01679011,0.009826153,0.17386246,0.33076206,0.46662357,0.7060216,0.7888401,0.5588805,0.49090537,0.7297065,0.8162024,0.8544832,0.9782184,0.9390829,0.8085838,0.68479186,0.7246327,0.66783136,0.93322736,0.9233745,0.9169554,0.9543149,0.8975976,0.80535084,0.71534115,0.6684106,0.5243807,0.44408503,0.036633167,0.00041065,172.26562,215.33203,344.53125,387.59766,0.06230318,271.18323,2.4789279,142872.98,19.217192,465.29605,-0.012971706,0.2869568,0.033470802,25.960375,25.531212,11.943024,6.098446,-1.9933182,-11.543544,-21.225517,-17.353838,-12.410851,-7.2344646,1.8627033,2.7127602,2.1697888,-12.599042,0 days 00:01:10.850370370,0 days 00:01:10.890370370
0 days 00:00:00.490000,0 days 00:00:00.530000,answer8,182.02226,0.77680683,0.020941405,0.0169663,0.070290856,18.005945,0.4043163,0.75364846,0.015944788,0.00925926,0.15698774,0.30733338,0.43773803,0.7175066,0.7924407,0.62715095,0.54212016,0.80014825,0.96700263,0.9741611,1.0285987,0.9688522,0.86961174,0.7485847,0.7741504,0.7074897,0.96816367,0.98493356,0.9600523,1.054151,0.9752581,0.8388539,0.72893053,0.68544984,0.5230847,0.45610666,0.033734392,0.00043753066,172.26562,215.33203,344.53125,387.59766,0.040929385,273.77084,2.4657068,166245.5,18.111568,411.4834,-0.012142227,0.2881311,0.03132577,25.19541,24.851736,11.8479185,8.386107,-0.23501015,-14.235947,-21.847315,-12.811866,-15.159328,-11.594316,0.26051617,6.987922,4.8281474,-11.48048,0 days 00:01:10.860370370,0 days 00:01:10.900370370
0 days 00:00:00.500000,0 days 00:00:00.540000,answer8,181.37598,0.7730196,0.013563448,0.00719347,0.038591266,20.349524,0.3875378,0.7806948,0.014907087,0.009259259,0.14692129,0.29240286,0.41677392,0.7131873,0.7737279,0.6504118,0.55754644,0.8502224,1.0638524,1.005916,1.0088488,1.0228901,0.97876614,0.82197255,0.8160302,0.7191243,0.93528986,0.99943453,1.0131954,1.1348084,1.0478734,0.8784528,0.7487325,0.7057887,0.5231517,0.47274503,0.027040437,0.00040664058,172.26562,200.97656,344.53125,387.59766,0.035852056,267.4943,2.3932397,185201.75,17.460184,377.18393,-0.010882753,0.2798734,0.027954683,24.242737,24.85488,12.382141,12.787435,2.3218067,-18.938566,-20.278788,-6.246792,-16.855825,-17.135458,-1.8083683,6.7228394,8.60735,-6.5364966,0 days 00:01:10.870370370,0 days 00:01:10.910370370
0 days 00:00:00.510000,0 days 00:00:00.550000,answer8,180.71114,0.7726236,0.012339081,0.00593036,0.047044337,20.785753,0.3738197,0.78860945,0.014550115,0.00925926,0.14342315,0.2853449,0.40575787,0.6842229,0.7261836,0.6023331,0.54350615,0.8971941,1.0835046,0.914404,0.930798,1.0773534,1.0915517,0.87403136,0.8596813,0.73384,0.87781316,0.98155975,1.0656589,1.1841984,1.1099433,0.91103864,0.76899815,0.7252763,0.5316593,0.49456942,0.021697706,0.00034584,172.26562,186.6211,301.46484,373.2422,0.03556369,257.33792,2.2943838,196568.62,17.247591,359.27457,-0.010481245,0.2678578,0.02609436,23.316526,25.403784,15.1128645,13.39489,2.1258175,-15.669559,-17.052244,-3.1504338,-18.034048,-21.12635,-6.697579,4.175657,12.084644,-2.0811555,0 days 00:01:10.880370370,0 days 00:01:10.920370370
0 days 00:00:00.520000,0 days 00:00:00.560000,answer8,179.91382,0.76958895,0.010032351,0.0030216277,0.03332184,20.66454,0.3583958,0.78052,0.01446212,0.009448224,0.14400768,0.28251818,0.39958826,0.63470834,0.66668826,0.53012544,0.5371936,0.9265692,1.0295186,0.7699806,0.8687902,1.0851425,1.1393534,0.8734861,0.89869493,0.7741197,0.8393979,0.95090485,1.1074667,1.213833,1.1514717,0.91876155,0.77962357,0.72490376,0.5362455,0.510427,0.018302314,0.00027504648,172.26562,172.26562,258.39844,373.2422,0.039071914,252.79231,2.2418191,207800.17,17.17002,353.44278,-0.009698265,0.26246965,0.024452208,23.15622,26.883078,15.88042,10.905037,0.7881209,-13.327167,-15.844676,-2.2420974,-17.574278,-14.983925,-8.683438,-3.3678606,10.623218,-0.0889194,0 days 00:01:10.890370370,0 days 00:01:10.930370370
0 days 00:00:00.530000,0 days 00:00:00.570000,answer8,179.25085,0.7688238,0.0059058242,0.005078795,0.050428808,19.34691,0.3551185,0.7712086,0.014537573,0.00925926,0.14668839,0.28198645,0.3959552,0.59136206,0.60999614,0.47761473,0.5686877,0.9567013,0.955332,0.67878515,0.84146327,1.0227662,1.0951976,0.83539844,0.90219575,0.842338,0.85878295,0.9459258,1.1361591,1.2387843,1.1905317,0.91653556,0.7896063,0.7112367,0.5379207,0.5234721,0.016406957,0.00023794519,172.26562,172.26562,215.33203,358.88672,0.043233246,245.97229,2.1893973,209109.3,17.20595,352.37863,-0.009856302,0.25488603,0.024778277,22.986574,27.297615,17.202871,9.231524,0.1913523,-8.378245,-12.685719,-3.5857763,-18.160185,-13.248746,-12.026047,-1.424921,9.221549,-1.9389797,0 days 00:01:10.900370370,0 days 00:01:10.940370370
0 days 00:00:00.540000,0 days 00:00:00.580000,answer8,178.36511,0.762589,0.0073732375,0.005635545,0.04666775,18.917662,0.36310753,0.77198905,0.014362991,0.0088813305,0.14921175,0.28203008,0.39220753,0.562937,0.5745006,0.4877324,0.64013964,0.99411374,0.89482355,0.66969466,0.8337396,0.9316072,1.0069026,0.8103657,0.89919066,0.91981816,0.92074996,0.9665582,1.1485353,1.247653,1.2225957,0.943762,0.8065737,0.68991417,0.5437297,0.5326286,0.01599686,0.00024448265,172.26562,172.26562,215.33203,358.88672,0.037906095,249.7035,2.2241018,225369.38,16.612791,328.0483,-0.009563091,0.25797716,0.024934283,23.55304,27.219713,15.572499,6.9917088,-2.655571,-11.570781,-7.3147106,-0.932717,-16.169249,-10.540235,-10.918918,-1.3960919,3.9790258,-4.0109367,0 days 00:01:10.910370370,0 days 00:01:10.950370370
0 days 00:00:00.550000,0 days 00:00:00.590000,answer8,177.8332,0.75996906,0.008685174,0.007375195,0.04823509,19.330196,0.37272474,0.78673,0.014602605,0.008314437,0.1534497,0.2840402,0.39069,0.5461435,0.55659145,0.55433106,0.7253227,1.0133005,0.8330366,0.7173136,0.83092993,0.88609314,0.9536071,0.8666456,0.92703897,0.9886262,0.994252,1.0149955,1.1347362,1.2294838,1.2483816,0.9994817,0.8414338,0.6780875,0.55388355,0.53308314,0.015418435,0.00029026272,172.26562,172.26562,215.33203,344.53125,0.036177155,241.08443,2.1872313,204793.39,17.374842,363.79965,-0.010578512,0.24921419,0.026894724,23.658407,26.164454,17.659267,9.716833,-4.1086917,-14.363187,-4.7073774,0.15791903,-11.308228,-9.110927,-10.457073,-0.8336646,-0.6957011,-7.830191,0 days 00:01:10.920370370,0 days 00:01:10.960370370
0 days 00:00:00.560000,0 days 00:00:00.600000,answer8,176.71773,0.7521879,0.008817217,0.007672642,0.044799197,19.190153,0.36659098,0.80942273,0.014682452,0.008314437,0.15893309,0.2883051,0.392922,0.5199415,0.5388241,0.6468337,0.7876766,0.9954675,0.7724082,0.7812113,0.832211,0.8955507,0.94445163,0.98557186,1.0218511,1.0345125,1.0683666,1.1131299,1.1096249,1.1938034,1.2510151,1.0632514,0.8813966,0.6813037,0.56240183,0.524026,0.012421888,0.0003227628,172.26562,172.26562,215.33203,301.46484,0.03883406,232.1123,2.0585613,185923.06,17.905191,390.05832,-0.010510343,0.23971093,0.026040042,23.264206,24.881683,19.24691,11.938714,-4.127405,-14.5436735,-3.4369152,0.33020425,-7.2193108,-5.2760124,-8.344003,-3.5766928,-8.33997,-10.225509,0 days 00:01:10.930370370,0 days 00:01:10.970370370
0 days 00:00:00.570000,0 days 00:00:00.610000,answer8,175.2881,0.747212,0.0063985493,0.0070887655,0.048175607,19.19384,0.3308215,0.81373334,0.014161377,0.009826153,0.16290136,0.2917124,0.39514944,0.45894125,0.50013334,0.7138303,0.7842226,0.9038791,0.67595506,0.814054,0.8442354,0.9060993,0.92442054,1.0719266,1.1257218,1.071016,1.1129303,1.2112942,1.0794358,1.1589814,1.2156583,1.0856587,0.8906012,0.6887178,0.5646134,0.50497633,0.008208898,0.00027792543,172.26562,172.26562,200.97656,258.39844,0.04679105,215.44527,1.817876,152878.19,19.402208,456.22705,-0.009856438,0.22295444,0.023239657,21.538223,24.945257,23.50461,16.009836,-2.0403855,-8.875294,-2.929388,-0.54362816,-4.2733893,-1.8818259,-7.0546374,-8.507992,-12.38416,-14.395467,0 days 00:01:10.940370370,0 days 00:01:10.980370370
0 days 00:00:00.580000,0 days 00:00:00.620000,answer8,173.8742,0.730203,0.006163256,0.006018695,0.06419069,17.974886,0.29458657,0.79118896,0.012642618,0.021352986,0.16214234,0.289103,0.39128935,0.37320986,0.43299744,0.6803699,0.69657904,0.77390766,0.59589815,0.8105212,0.83635855,0.88254905,0.85751384,1.0697025,1.18508,1.1051992,1.1674824,1.2995418,1.0618585,1.1136013,1.1468084,1.0504158,0.867697,0.68961316,0.55170184,0.47976995,0.004357605,0.00023701834,172.26562,172.26562,200.97656,215.33203,0.053800475,211.2419,1.6752405,162550.48,18.706938,426.96298,-0.007603591,0.21683586,0.017608238,19.517908,23.932829,26.151575,17.592697,0.14297299,-0.8031772,1.0250612,-6.811071,-6.678034,-4.487074,-7.2320385,-8.478899,-11.732441,-13.623402,0 days 00:01:10.950370370,0 days 00:01:10.990370370
0 days 00:00:00.590000,0 days 00:00:00.630000,answer8,173.31989,0.7154937,0.006085322,0.00530597,0.07368549,-21.432402,0.26292178,0.7482912,0.010054123,0.04667422,0.15347277,0.27325714,0.36940682,0.286077,0.35886976,0.5765684,0.57858247,0.6596062,0.55142826,0.75974673,0.79594773,0.8236974,0.75454587,0.9820073,1.1787204,1.1375504,1.1893955,1.3035759,1.0425817,1.0702988,1.0774174,1.0032649,0.84676903,0.68323153,0.53934026,0.46021092,0.0023149243,0.00016551942,172.26562,172.26562,186.6211,215.33203,0.056374278,225.95776,1.7046331,271635.72,15.885142,325.49228,-0.00501341,0.2249862,0.011462465,16.830797,24.378012,25.297867,18.464876,2.0674417,0.7602606,5.9033504,-6.365023,-8.75965,-3.816699,-9.348067,-9.447092,-8.290448,-10.877285,0 days 00:01:10.960370370,0 days 00:01:11.000370370
0 days 00:00:00.600000,0 days 00:00:00.640000,answer8,0.0,0.6741564,0.0,0.0,0.0,-60.96999,0.24922492,0.7107627,0.0073106624,0.09013605,0.13847713,0.24253412,0.32814094,0.23002267,0.29878673,0.44353995,0.49162626,0.6101337,0.56304836,0.7052546,0.7474453,0.7713658,0.6735954,0.8757367,1.1512609,1.1741124,1.1911888,1.2476469,1.0143774,1.0278535,1.0305423,0.9772386,0.86143357,0.68683934,0.5367437,0.4608829,0.0013719377,0.00016374215,172.26562,172.26562,200.97656,258.39844,0.059511587,302.49072,2.077305,713598.2,10.866055,165.40016,-0.002660218,0.27804843,0.0059514698,14.567058,22.240166,19.897497,17.915163,2.5555859,3.7014294,10.030837,-8.984478,-12.449485,-5.2789807,-11.7448845,-8.021111,-4.69738,-3.4148195,0 days 00:01:10.970370370,0 days 00:01:11.010370370
0 days 00:00:00.610000,0 days 00:00:00.650000,answer8,0.0,0.6175651,0.0,0.0,0.0,-100.0,0.25408143,0.7064514,0.004706969,0.13756613,0.11648801,0.19642,0.27155495,0.19998097,0.2621063,0.3690703,0.4707948,0.63452166,0.6354076,0.69835025,0.7362611,0.7416963,0.6409231,0.81694597,1.1831588,1.2023839,1.1585189,1.1818795,0.99788547,1.0519933,1.0282971,1.0272216,0.9412281,0.7241368,0.57395846,0.50655407,0.00071908097,0.00020716258,186.6211,301.46484,1794.4336,2540.918,0.05879782,1065.4066,3.5062487,3.675602e+06,5.7935753,58.81512,-0.0011723082,0.8060263,0.0025653343,9.985978,19.812754,10.578783,11.896995,-0.6905546,3.0048504,12.000325,-4.7995768,-15.817243,-2.8603566,-4.8005595,-7.5942535,-7.8122997,-3.1083841,0 days 00:01:10.980370370,0 days 00:01:11.020370370
0 days 00:00:00.620000,0 days 00:00:00.660000,answer8,0.0,0.55264217,0.0,0.0,0.0,-100.0,0.26351485,0.7401075,0.0032961324,0.17649281,0.093129806,0.14616774,0.21093988,0.18620533,0.23772074,0.3402573,0.49341807,0.69260865,0.72457284,0.7636321,0.77938074,0.73450154,0.65202284,0.8139537,1.267427,1.2434651,1.1282493,1.16503,1.0091889,1.1679744,1.0608635,1.1474875,1.0716968,0.83200747,0.6812071,0.5996854,0.00043749006,0.0002695379,244.04297,1837.5,3947.754,5139.258,0.0511213,2303.8525,5.0994782,6.9804335e+06,2.373762,15.18538,-0.000421886,1.6537882,0.0009699481,4.509888,16.794336,4.346359,10.519581,-2.020085,5.6326156,12.62921,-8.110912,-15.621757,-3.488549,0.6347308,-7.7961316,-4.646052,-1.2431248,0 days 00:01:10.990370370,0 days 00:01:11.030370370
0 days 00:00:00.630000,0 days 00:00:00.670000,answer8,0.0,0.53715587,0.0,0.0,0.0,-100.0,0.37156954,0.84958106,0.003456219,0.20143612,0.07251305,0.1022016,0.15901192,0.17908151,0.2184452,0.34310082,0.5174273,0.7444659,0.8359131,0.91089535,0.8750493,0.7782498,0.7127554,0.9244995,1.5163561,1.4493986,1.3070321,1.3514996,1.1683799,1.4486707,1.1660438,1.3511558,1.2828757,1.0655736,0.87886286,0.7296493,0.00029201535,0.0038109806,990.52734,2670.1172,5153.6133,7120.3125,0.06341336,3318.2454,6.309244,7.9560715e+06,0.98717076,3.5650043,-0.000612487,2.2950895,0.0013560792,-4.061189,8.657672,6.965355,9.572516,-6.6885757,8.303584,13.6360445,-12.294293,-12.65398,-2.6339624,7.7951093,-6.668572,-1.5494556,-2.8530047,0 days 00:01:11.000370370,0 days 00:01:11.040370370
0 days 00:00:00.640000,0 days 00:00:00.680000,answer8,0.0,0.54582566,0.0,0.0,0.0,-100.0,0.45440516,1.0446229,0.00473753,0.19879062,0.06094454,0.074829,0.1261641,0.17286253,0.21167408,0.36961892,0.52938277,0.76948017,0.94060963,1.0556185,1.0107102,0.9310829,0.8606065,1.162727,1.9449736,1.9765664,1.845334,1.7935721,1.5051298,1.8464304,1.3399998,1.6010528,1.5870533,1.4351063,1.1446884,0.8639768,0.0003882683,0.0059250123,1679.5898,3344.8242,5340.2344,7263.867,0.06463315,3687.5168,6.4699636,7.0598425e+06,0.99458,3.8350246,-0.00089518283,2.513714,0.0022467652,-7.178205,2.794328,10.11863,13.3174925,-11.429311,7.4226913,14.036447,-16.07575,-1.2008613,-1.7497443,6.0965962,-7.1728463,5.3011374,-1.5255076,0 days 00:01:11.010370370,0 days 00:01:11.050370370
0 days 00:00:00.650000,0 days 00:00:00.690000,answer8,0.0,0.59265924,0.0,0.0,0.0,-100.0,0.51381636,1.2901305,0.0055972445,0.1802721,0.057404432,0.064899825,0.12037482,0.17648005,0.22858073,0.4244186,0.5358066,0.79724336,1.0369892,1.1622661,1.1792327,1.1803908,1.0902735,1.4472748,2.4986336,2.8030777,2.6833122,2.4662082,1.9623145,2.171629,1.5396496,1.8093892,1.9210391,1.843269,1.3848864,0.9583497,0.00078184024,0.006656757,1737.0117,2641.4062,5182.324,7378.711,0.07619196,3600.8623,6.4601426,7.153384e+06,1.143078,3.9971478,-0.0011067513,2.453386,0.0030488772,-6.9519095,0.8044365,12.817668,11.755408,-17.767866,6.40938,12.436661,-21.338007,2.0012698,-2.4174001,5.6042805,-8.826074,1.7089049,-4.158193,0 days 00:01:11.020370370,0 days 00:01:11.060370370
0 days 00:00:00.660000,0 days 00:00:00.700000,answer8,0.0,0.62529117,0.0,0.0,0.0,-100.0,0.47396004,1.4736189,0.007453322,0.14096749,0.059277475,0.072759785,0.15276773,0.20505695,0.2874471,0.5440798,0.5756787,0.86962056,1.1063169,1.1985112,1.323629,1.3982855,1.2874917,1.6328384,2.8716705,3.4054203,3.3002036,3.0004795,2.3069284,2.2411232,1.7109407,1.935381,2.1778772,2.140117,1.5148052,0.99538106,0.0040793805,0.0033456811,1004.8828,1837.5,4076.9531,7350.0,0.075142644,3002.5261,5.820881,8.608647e+06,1.2434012,3.9768448,-0.0014626415,2.1092632,0.003595164,-0.71336776,9.955519,9.361022,9.350074,-18.414076,-2.0040228,8.823226,-24.830406,0.6183036,-7.144834,-0.9580886,-11.497182,-2.3078692,-5.232082,0 days 00:01:11.030370370,0 days 00:01:11.070370370
0 days 00:00:00.670000,0 days 00:00:00.710000,answer8,0.0,0.6803827,0.0,0.0,0.0,-64.76962,0.48250055,1.5016632,0.0130273,0.09656084,0.06697006,0.10539979,0.24314554,0.304598,0.40389958,0.71452475,0.69215745,0.9818325,1.1184155,1.1986872,1.4349165,1.5077825,1.3626829,1.5870506,2.7797687,3.3138282,3.2085,3.0222375,2.3302004,2.0535016,1.7948513,1.9423989,2.2220635,2.1878638,1.4909401,0.9750275,0.02813547,0.0015463257,315.8203,1076.6602,2325.586,4995.703,0.12361622,1983.2993,4.6528697,7.24427e+06,2.8100824,15.190399,-0.0057903216,1.4550538,0.010276093,6.400336,18.687092,9.45334,7.29849,-14.087967,-8.532274,-0.7043384,-26.040266,-5.8697276,-9.028789,-6.506098,-16.87162,-5.9123683,-4.090323,0 days 00:01:11.040370370,0 days 00:01:11.080370370
0 days 00:00:00.680000,0 days 00:00:00.720000,answer8,211.40291,0.71538305,0.0,0.0,0.8118006,-33.838917,0.5689591,1.4504081,0.023218917,0.056500375,0.08179874,0.17929554,0.4262061,0.51729625,0.6053969,0.9439125,0.93545264,1.1374007,1.1122345,1.1929631,1.5261945,1.5683247,1.3668966,1.431826,2.39379,2.733362,2.670845,2.6454713,2.1753,1.8510154,1.8560797,1.9018224,2.0813482,2.0569785,1.381729,0.93767005,0.09384344,0.001437127,215.33203,258.39844,358.88672,2339.9414,0.26038012,851.5467,3.2199094,3.8868462e+06,6.442633,63.161236,-0.026998142,0.69173914,0.05415989,13.980781,23.991257,10.366151,6.4674535,-14.730351,-16.162111,-8.489627,-21.206537,-4.5223994,-10.809314,-15.523377,-22.878876,-3.8257885,-4.480035,0 days 00:01:11.050370370,0 days 00:01:11.090370370
0 days 00:00:00.690000,0 days 00:00:00.730000,answer8,210.80241,0.7416708,0.1302627,0.0,0.5689569,3.6432438,0.64460564,1.4122318,0.03359044,0.02834467,0.106556766,0.30913696,0.71786004,0.8122191,0.91299987,1.2308782,1.3725132,1.3202497,1.1202117,1.2062274,1.6255689,1.7553333,1.4092325,1.3161565,1.9811982,2.1209822,2.098153,2.127597,1.9853525,1.7519404,1.8692136,1.8119001,1.8189373,1.8028024,1.2404883,0.8943147,0.15525578,0.0016180178,200.97656,244.04297,258.39844,358.88672,0.30946806,373.29062,2.3783758,1.02854256e+06,12.947234,234.99275,-0.057491552,0.35751423,0.12000469,20.773901,24.979933,10.387816,6.3219237,-14.9791975,-18.679388,-12.700482,-12.874415,-4.359464,-9.157048,-19.00824,-28.607141,-8.015145,-6.4953437,0 days 00:01:11.060370370,0 days 00:01:11.100370370
0 days 00:00:00.700000,0 days 00:00:00.740000,answer8,211.31407,0.740436,0.090487115,0.056908116,0.38300577,6.73877,0.66896534,1.4424859,0.038262643,0.0202192,0.1367036,0.47979388,1.044623,1.0472893,1.2731256,1.5557356,1.9525503,1.4955765,1.1806659,1.2385075,1.7009686,2.0161555,1.5485034,1.3253073,1.7700262,1.89211,1.8582712,1.8461294,1.9013618,1.7186642,1.8184706,1.6893829,1.5618625,1.5274445,1.0887662,0.83663756,0.17669092,0.0016225133,186.6211,215.33203,229.6875,301.46484,0.29363564,267.18854,2.036716,293023.34,19.369719,480.53418,-0.07682127,0.27580154,0.16321833,24.703384,24.445974,12.177635,5.791368,-17.21099,-17.716722,-7.3425345,-10.400095,0.20738189,-11.016963,-24.108276,-26.934052,-11.032403,-10.481743,0 days 00:01:11.070370370,0 days 00:01:11.110370370
0 days 00:00:00.710000,0 days 00:00:00.750000,answer8,213.10777,0.72505045,0.047836527,0.045027077,0.13154615,13.117149,0.58822006,1.4355888,0.034409586,0.020975055,0.15920354,0.6171252,1.2590741,1.0963196,1.512167,1.7425021,2.3769944,1.5765582,1.2621549,1.2527186,1.6633152,2.1474626,1.6597509,1.3637797,1.6339523,1.8070177,1.7340864,1.6670585,1.7654537,1.5942453,1.6554155,1.5275661,1.3454752,1.2396429,0.91966224,0.74660707,0.13080706,0.0011225351,172.26562,215.33203,215.33203,258.39844,0.23203094,244.2331,1.9242586,149271.7,22.342123,594.58246,-0.06418383,0.25710705,0.13715921,26.23224,23.038666,12.379536,7.1666756,-14.293129,-15.940471,-3.7689877,-12.073471,-2.5750659,-10.038876,-24.51551,-22.21415,-12.56487,-11.357648,0 days 00:01:11.080370370,0 days 00:01:11.120370370
0 days 00:00:00.720000,0 days 00:00:00.760000,answer8,214.86096,0.70417595,0.0109355785,0.03445994,0.15568447,-24.365015,0.48177278,1.3327482,0.024194745,0.025132274,0.1633476,0.63398504,1.2092646,0.9479057,1.4665338,1.6323862,2.3682296,1.4759607,1.2725514,1.2303585,1.5375643,2.0305595,1.680812,1.3461747,1.4332963,1.7192665,1.5883168,1.5699564,1.5784483,1.3903661,1.4620005,1.3514391,1.187777,0.9852299,0.747072,0.64264745,0.06750543,0.00083968014,172.26562,215.33203,215.33203,301.46484,0.2520118,295.99716,2.1417327,483525.66,17.58831,441.14023,-0.033887144,0.29166636,0.071777664,23.098137,19.89855,12.290868,8.024232,-8.64677,-13.091727,-5.3163524,-10.899215,2.0555665,-9.451054,-26.016153,-14.961083,-10.595162,-12.234845,0 days 00:01:11.090370370,0 days 00:01:11.130370370
0 days 00:00:00.730000,0 days 00:00:00.770000,answer8,0.0,0.680022,0.0,0.0,0.0,-62.690918,0.38962016,1.1614379,0.013913578,0.03325775,0.14496247,0.52764064,0.9556852,0.72951937,1.2210547,1.3182682,1.9698052,1.2600108,1.1962407,1.1488261,1.3321052,1.7505556,1.6098161,1.2538496,1.1848526,1.541659,1.4230437,1.4727577,1.403196,1.1770738,1.3308898,1.2056447,1.0632856,0.8091256,0.6143655,0.5531502,0.024324698,0.0005268484,186.6211,229.6875,287.10938,401.95312,0.22261155,381.43213,2.6679096,841003.3,11.538817,202.4798,-0.010549381,0.35962728,0.022076206,19.666643,18.110315,9.483117,4.276001,-8.236591,-14.226298,-8.084948,-8.210421,1.1145616,-9.674573,-23.252691,-9.925906,-8.306623,-13.951375,0 days 00:01:11.100370370,0 days 00:01:11.140370370
0 days 00:00:00.740000,0 days 00:00:00.780000,answer8,0.0,0.6615531,0.0,0.0,0.0,-100.0,0.34351575,0.9984236,0.008074068,0.041194256,0.11575719,0.37511095,0.6539754,0.54076916,0.9358883,1.0038605,1.4595271,1.0399396,1.0669123,1.081586,1.1476914,1.4744307,1.5099111,1.1519805,0.9528462,1.323915,1.2419035,1.3579551,1.3181019,1.0696764,1.31906,1.1129544,0.959954,0.7056524,0.5379601,0.50169384,0.0062414627,0.0004302327,200.97656,229.6875,301.46484,473.73047,0.14018278,445.51465,2.9666045,1.1484021e+06,7.1042104,60.20036,-0.002422055,0.40711775,0.004793303,16.398895,16.373228,7.345363,0.76476765,-5.023678,-14.950043,-9.766175,-4.851681,-2.9050171,-8.995598,-19.343014,-6.8411164,-6.669763,-17.388655,0 days 00:01:11.110370370,0 days 00:01:11.150370370
0 days 00:00:00.750000,0 days 00:00:00.790000,answer8,0.0,0.6416373,0.0,0.0,0.0,-100.0,0.3488913,0.9085224,0.0064987945,0.053099018,0.09068749,0.26458922,0.4577041,0.42342758,0.7408886,0.83563954,1.0766019,0.9169824,0.9748071,1.0532664,1.0238901,1.2941259,1.4494487,1.0972146,0.84093136,1.1485757,1.1454979,1.2915133,1.3391861,1.0776176,1.3988757,1.0926973,0.9141423,0.68305486,0.5111659,0.4790517,0.0059507024,0.0005196168,200.97656,229.6875,301.46484,531.15234,0.05547893,481.49368,3.0887032,1.232206e+06,6.4912496,52.541996,-0.00206747,0.42928413,0.0041268035,14.569897,14.658591,8.080662,1.5559651,-0.48965517,-14.425065,-8.548209,-7.618357,-5.3246455,-11.862495,-16.023996,-6.1040287,-7.268329,-17.126083,0 days 00:01:11.120370370,0 days 00:01:11.160370370
0 days 00:00:00.760000,0 days 00:00:00.800000,answer8,0.0,0.62672096,0.0,0.0,0.0,-100.0,0.36740842,0.89490336,0.005867805,0.068216175,0.07881244,0.2058476,0.3577834,0.3594543,0.6144732,0.7546722,0.83034134,0.901064,0.98097515,1.1221141,1.0326661,1.2344162,1.44001,1.1339711,0.882592,1.0538425,1.1414529,1.2658314,1.4170995,1.2000774,1.5213667,1.1333789,0.9306548,0.7005159,0.50774497,0.46632847,0.0039415252,0.0008381353,200.97656,301.46484,645.9961,1564.7461,0.060542475,740.0013,3.7700021,1.9221224e+06,5.1643867,37.849823,-0.0016142665,0.5992995,0.0033792092,12.610051,8.608571,6.8245907,2.0242677,7.1584086,-11.455903,-5.255606,-6.69883,-6.1867733,-9.002073,-9.506146,-4.177116,-5.255172,-13.827491,0 days 00:01:11.130370370,0 days 00:01:11.170370370
0 days 00:00:00.770000,0 days 00:00:00.810000,answer8,0.0,0.6073393,0.0,0.0,0.0,-100.0,0.3646005,0.92997295,0.004719774,0.08295541,0.0792466,0.17531614,0.30030298,0.31389108,0.5221965,0.6994423,0.7002947,0.9341207,1.0288057,1.2328635,1.150014,1.3030287,1.4746914,1.2261912,1.0150579,1.0696548,1.2252096,1.3518473,1.4930854,1.3502045,1.6228007,1.2010002,1.0060288,0.7310322,0.51332736,0.45964304,0.0020547821,0.0009296164,200.97656,373.2422,976.1719,2454.7852,0.056989897,980.4074,4.4748917,2.724694e+06,3.7342498,21.435364,-0.001050544,0.7592667,0.0021412903,10.288516,5.080973,6.600122,3.204896,7.3528476,-7.3058877,-0.3566443,-5.984283,1.6021115,-4.8129463,-10.798518,-3.3365023,-5.9281926,-10.712981,0 days 00:01:11.140370370,0 days 00:01:11.180370370
0 days 00:00:00.780000,0 days 00:00:00.820000,answer8,0.0,0.5910451,0.0,0.0,0.0,-100.0,0.35184154,0.96971416,0.0040609646,0.09523809,0.08516672,0.15262438,0.25365493,0.27553877,0.45125476,0.6441171,0.6728987,0.97532636,1.0729086,1.3172431,1.239245,1.3608608,1.499498,1.3551761,1.1883982,1.1640574,1.3500239,1.4981403,1.5442461,1.4528575,1.6435542,1.2342075,1.0514885,0.7407243,0.529593,0.4597622,0.0010869962,0.00095504645,200.97656,373.2422,1435.5469,3287.4023,0.052762464,1191.0558,5.087984,3.468898e+06,2.8561566,12.517571,-0.0005588331,0.8996113,0.0012243447,9.061339,2.556322,7.3411317,3.4918356,2.0441198,-0.9893713,6.329468,1.8910738,-1.676589,-5.20445,-9.124118,-2.5196726,-5.8623753,-12.077363,0 days 00:01:11.150370370,0 days 00:01:11.190370370
0 days 00:00:00.790000,0 days 00:00:00.830000,answer8,0.0,0.58369637,0.0,0.0,0.0,-100.0,0.4139363,1.0184788,0.0042581554,0.097127736,0.09024048,0.13626249,0.21866573,0.24930502,0.38689014,0.58222336,0.6954384,1.0070517,1.1132885,1.369826,1.2883563,1.3869947,1.542173,1.5800816,1.4092584,1.3350405,1.4714622,1.6762714,1.6418778,1.5795431,1.6061449,1.2527556,1.0600886,0.73784894,0.57962865,0.483729,0.0010217014,0.0034004345,430.66406,861.3281,1679.5898,3316.1133,0.051238507,1424.0775,5.2786274,3.2574328e+06,2.5047982,10.795411,-0.0008492547,1.036704,0.0017416981,6.661494,-0.38510862,8.839481,7.9805226,1.7907494,0.9218319,4.4557915,3.467558,-8.624507,-12.233424,-5.7303824,-4.2916827,-7.9320235,-8.684428,0 days 00:01:11.160370370,0 days 00:01:11.200370370
0 days 00:00:00.800000,0 days 00:00:00.840000,answer8,0.0,0.60779876,0.0,0.0,0.0,-100.0,0.43540037,1.0730217,0.004524527,0.091647774,0.09187066,0.12938811,0.20580257,0.2577999,0.34247613,0.5186959,0.7108965,1.0153036,1.1437831,1.4092649,1.3087416,1.3765346,1.5901747,1.8577772,1.6478562,1.4825268,1.6054434,1.8448935,1.8402241,1.7589064,1.5359873,1.2597176,1.0422372,0.74732476,0.6576335,0.517301,0.0010708232,0.0037563967,430.66406,890.03906,1952.3438,3517.0898,0.06451393,1541.4672,5.4934793,3.3461562e+06,2.3134272,9.793526,-0.00088068424,1.1062331,0.0019125011,5.699383,-2.6136882,10.491792,8.661338,4.211956,1.9569782,-1.9300041,-0.29522833,-13.87017,-18.520939,-0.35171744,-4.31242,-6.250445,-6.4349113,0 days 00:01:11.170370370,0 days 00:01:11.210370370
0 days 00:00:00.810000,0 days 00:00:00.850000,answer8,0.0,0.6461413,0.0,0.0,0.0,-100.0,0.46904802,1.1535898,0.0045612934,0.07955404,0.089160524,0.13041879,0.20886774,0.31068322,0.34732723,0.4767773,0.70654845,1.0379764,1.2039332,1.5068706,1.4042543,1.4041752,1.6754667,2.1574728,1.854753,1.5720491,1.7740201,1.9861034,2.1583343,2.076269,1.5245482,1.2913666,1.0521322,0.7644768,0.73046714,0.54888207,0.0013930085,0.0040991697,445.01953,961.8164,2081.543,3775.4883,0.06493022,1647.0289,5.7612424,3.2734702e+06,2.1386888,9.252067,-0.0009534624,1.1694783,0.0021373713,5.689055,-3.848418,10.175045,3.4391432,4.020451,-2.4314783,-10.781993,-4.8995748,-14.888898,-17.215137,0.1056579,-0.9949319,-3.5415163,-3.529794,0 days 00:01:11.180370370,0 days 00:01:11.220370370
0 days 00:00:00.820000,0 days 00:00:00.860000,answer8,0.0,0.6887978,0.0,0.0,0.0,-64.20716,0.4016656,1.1924452,0.0051502814,0.06462585,0.08707335,0.14268857,0.22528084,0.40103212,0.40174368,0.46164152,0.6795862,1.0375711,1.2122589,1.5668036,1.4816546,1.4510279,1.6967462,2.2198508,1.8683826,1.5194296,1.9004703,2.0151436,2.3284519,2.3036792,1.5501523,1.308405,1.0718957,0.76030606,0.7513361,0.56096095,0.002589031,0.0015301061,200.97656,387.59766,1464.2578,2756.25,0.062211156,1163.428,4.8705487,2.8583128e+06,3.444372,20.74453,-0.0011358194,0.8586378,0.0027118055,9.405997,2.3606918,12.207622,3.0492733,3.914524,-4.350926,-13.587353,-6.000517,-15.343326,-13.666028,-5.810816,1.5404305,-1.0594548,-6.9303226,0 days 00:01:11.190370370,0 days 00:01:11.230370370
0 days 00:00:00.830000,0 days 00:00:00.870000,answer8,175.09688,0.7048666,0.0,0.0,0.24080238,-27.378195,0.3884225,1.1547402,0.006350813,0.050264552,0.093372285,0.17090367,0.2548351,0.4850433,0.46180734,0.4940693,0.6804719,1.0245932,1.1790282,1.5394111,1.4617003,1.4048494,1.624132,2.038389,1.6910175,1.3482131,1.9025944,1.8847389,2.2047052,2.27866,1.5282054,1.2714815,1.0388682,0.70893127,0.7021815,0.5510391,0.0030919604,0.0012130371,186.6211,272.7539,846.97266,1607.8125,0.060286175,770.23926,3.777837,1.8730414e+06,5.6533065,49.138874,-0.0020669615,0.5972281,0.0046686954,13.640523,6.0650253,12.613549,5.664267,6.077973,-1.9636054,-9.077641,-0.9522767,-14.489596,-12.617148,-8.948457,1.104426,-6.8996806,-9.743335,0 days 00:01:11.200370370,0 days 00:01:11.240370370
0 days 00:00:00.840000,0 days 00:00:00.880000,answer8,175.38213,0.70247203,0.025936302,0.0,0.1947307,9.232601,0.35877517,1.061583,0.0076289144,0.038359787,0.11319733,0.22147317,0.30274478,0.52938884,0.50315946,0.56846845,0.6998634,0.97574306,1.1294211,1.4296936,1.3702928,1.3417797,1.5135428,1.7135023,1.4641875,1.1461339,1.7369055,1.620575,1.8215281,2.0302641,1.4197321,1.192182,0.9557948,0.63973397,0.62796503,0.53388476,0.003155823,0.0008455021,172.26562,186.6211,258.39844,401.95312,0.05978253,404.5419,2.6813977,1.0845972e+06,7.6453443,71.906136,-0.0028378598,0.35975242,0.0064594294,17.56841,9.412342,11.875304,12.2395935,10.096456,-1.7753072,-7.225573,1.0444137,-10.729042,-7.266619,-9.698977,-3.1501408,-7.4280686,-13.059512,0 days 00:01:11.210370370,0 days 00:01:11.250370370
0 days 00:00:00.850000,0 days 00:00:00.890000,answer8,176.29765,0.7041758,0.025393687,0.022746887,0.0834127,10.788146,0.33086815,0.94943666,0.008227996,0.029667422,0.14477439,0.2858313,0.3599861,0.508238,0.49392566,0.6433963,0.707866,0.90345734,1.0851,1.3275439,1.2498149,1.2549239,1.392979,1.416256,1.2890677,0.9721875,1.4756943,1.3212236,1.4131647,1.6807333,1.230065,1.0615358,0.82406455,0.583452,0.5543782,0.5056934,0.0020835542,0.0007122999,172.26562,172.26562,215.33203,244.04297,0.047436893,333.32056,2.2164896,949886.44,8.995919,92.94208,-0.003388012,0.30613026,0.0075662644,19.75482,10.112518,11.6059265,15.495285,12.521932,3.5547283,-3.4002182,3.8814716,-10.209748,-6.310158,-7.080112,-6.195452,-9.906859,-16.588964,0 days 00:01:11.220370370,0 days 00:01:11.260370370
0 days 00:00:00.860000,0 days 00:00:00.900000,answer8,178.65166,0.7051806,0.022824705,0.024946637,0.12658685,11.216996,0.31522262,0.8751363,0.008373894,0.025888132,0.17093103,0.33700836,0.40323162,0.45156714,0.47126436,0.6915508,0.6987452,0.84865665,1.0734974,1.2638264,1.1898891,1.2366747,1.282795,1.2564883,1.2117324,0.8894353,1.2336016,1.1128033,1.1635131,1.4533014,1.0995584,0.93902403,0.719346,0.5584986,0.5104864,0.48611656,0.001781797,0.00062251545,172.26562,172.26562,215.33203,215.33203,0.03636807,344.17496,2.12344,1.124316e+06,8.669044,84.86051,-0.003257827,0.31376502,0.0073741525,19.663572,10.882825,11.09937,16.200722,13.421047,3.9161053,-4.4525485,6.4223537,-13.926106,-4.507714,-6.5928025,-9.54404,-8.206683,-16.107725,0 days 00:01:11.230370370,0 days 00:01:11.270370370
0 days 00:00:00.870000,0 days 00:00:00.910000,answer8,180.00119,0.7078932,0.028651183,0.022428056,0.13858661,-25.393797,0.3077513,0.8209743,0.008462765,0.026643991,0.18354593,0.3629096,0.42598414,0.39502394,0.4491684,0.68343586,0.65154964,0.8263583,1.0813093,1.1884965,1.125641,1.2306107,1.1432693,1.1267031,1.1398624,0.867086,1.0497636,0.9941278,1.0371637,1.31471,1.0576261,0.84238976,0.65063256,0.5572635,0.4866121,0.47408807,0.0017712266,0.0005077063,172.26562,172.26562,215.33203,215.33203,0.035256717,331.04785,2.0452442,1.0764505e+06,9.031764,91.55908,-0.0034784665,0.30403176,0.007850823,19.200563,12.520386,11.334683,14.80254,16.351725,8.475381,-1.6541151,4.6481,-16.666605,-7.358606,-9.020595,-10.023613,-5.050269,-12.681934,0 days 00:01:11.240370370,0 days 00:01:11.280370370
0 days 00:00:00.880000,0 days 00:00:00.920000,answer8,0.0,0.6941433,0.0,0.0,0.0,-62.742176,0.3105285,0.79761785,0.008175052,0.03325775,0.17814326,0.36190096,0.4336669,0.3628521,0.42350054,0.66659325,0.6215648,0.85411435,1.1242603,1.0920438,1.1035641,1.2314953,0.9994583,1.0245179,1.05236,0.87601185,0.9631273,0.9945798,1.01509,1.2833394,1.0892311,0.8136368,0.63868207,0.5714145,0.48503065,0.47788396,0.0019579285,0.00047974227,172.26562,172.26562,215.33203,244.04297,0.042319346,354.5828,2.118873,1.1504256e+06,8.551535,83.21166,-0.0030501208,0.3231674,0.0067319325,18.212904,13.023662,9.292511,9.557081,16.741627,10.309859,-4.842713,1.9291073,-11.35228,-6.9017873,-16.194635,-13.8350935,-6.3159394,-12.324079,0 days 00:01:11.250370370,0 days 00:01:11.290370370
0 days 00:00:00.890000,0 days 00:00:00.930000,answer8,0.0,0.6798462,0.0,0.0,0.0,-100.0,0.30520877,0.79685205,0.0073091085,0.04365079,0.16535816,0.34555337,0.42838097,0.35439762,0.40331325,0.65414983,0.6194279,0.89522606,1.1765634,1.0120119,1.1246532,1.2455573,0.90560824,0.9059146,0.9600727,0.89097303,0.9516099,1.0420791,1.0418357,1.320838,1.1498897,0.8547731,0.6783967,0.5943992,0.50542706,0.4917418,0.0016539263,0.000446448,172.26562,172.26562,215.33203,373.2422,0.048294794,403.3807,2.3115928,1.4559384e+06,7.8303113,72.78833,-0.0025418901,0.35713756,0.0055587203,17.092531,13.425687,7.718304,7.0244923,19.187609,12.651757,-4.4172096,0.52103513,-9.858189,-5.1262264,-17.176363,-13.743964,-5.353676,-11.479203,0 days 00:01:11.260370370,0 days 00:01:11.300370370
0 days 00:00:00.900000,0 days 00:00:00.940000,answer8,0.0,0.6678884,0.0,0.0,0.0,-100.0,0.29000732,0.8005766,0.0058747306,0.065381706,0.14703439,0.3153285,0.40450072,0.3506705,0.3888793,0.6441207,0.64534837,0.9238222,1.2073703,0.98459774,1.1553947,1.2059219,0.85815114,0.82561964,0.87732893,0.88219833,0.9914363,1.0893307,1.092033,1.3472279,1.1616824,0.92680264,0.73601836,0.61531615,0.53338313,0.50547427,0.0012532199,0.00037871033,172.26562,172.26562,215.33203,703.41797,0.052104976,569.4287,2.7306106,2.5270562e+06,6.0678024,46.567516,-0.0015322374,0.47884998,0.0032968621,15.633685,12.218937,4.8752985,4.9658713,15.562877,11.2914,-4.8895707,-0.0485998,-10.723577,-7.71714,-14.773679,-9.274511,-8.83257,-12.163829,0 days 00:01:11.270370370,0 days 00:01:11.310370370
0 days 00:00:00.910000,0 days 00:00:00.950000,answer8,0.0,0.64807814,0.0,0.0,0.0,-100.0,0.27476057,0.7977975,0.004576344,0.091458805,0.1288147,0.27626392,0.36097255,0.33623758,0.39412132,0.61029255,0.67706084,0.92417353,1.1907227,0.9919568,1.172298,1.1262275,0.8339924,0.8036701,0.8393348,0.86968464,1.033153,1.0844764,1.0891052,1.3462812,1.1570878,0.9773831,0.78799415,0.63380677,0.57077414,0.5268499,0.00063377625,0.00032624035,172.26562,172.26562,215.33203,961.8164,0.03954727,689.78107,3.0775898,3.3168422e+06,4.6829247,26.690865,-0.00095897604,0.5642182,0.0022063605,14.168401,12.266009,2.0585938,7.287113,14.447282,11.796449,0.3949046,-0.08475844,-14.232778,-3.2644413,-12.139637,-8.623733,-4.3733816,-11.707474,0 days 00:01:11.280370370,0 days 00:01:11.320370370
0 days 00:00:00.920000,0 days 00:00:00.960000,answer8,0.0,0.6317505,0.0,0.0,0.0,-100.0,0.25290918,0.77820015,0.0036275454,0.11413454,0.11290234,0.23505034,0.31049868,0.31093618,0.40212587,0.5512503,0.6888742,0.89823383,1.1488532,0.9940438,1.120107,1.0160903,0.801141,0.8010027,0.8287578,0.8713642,1.0300008,1.0292774,1.0318226,1.2843404,1.1253806,1.0077171,0.81929517,0.66198605,0.6021657,0.5499867,0.00045837415,0.0002456073,172.26562,186.6211,430.66406,2985.9375,0.032843832,1018.36456,3.6864834,5.428202e+06,3.5542374,16.225393,-0.00057007145,0.8021834,0.0013093041,12.547256,12.776146,-0.7823217,5.9633155,12.144115,11.494167,3.1319382,-2.1519797,-12.0901575,-1.889205,-13.50562,-9.195144,-4.272729,-10.837326,0 days 00:01:11.290370370,0 days 00:01:11.330370370
0 days 00:00:00.930000,0 days 00:00:00.970000,answer8,0.0,0.6197298,0.0,0.0,0.0,-100.0,0.23414929,0.7472202,0.0028497754,0.12301587,0.10024125,0.18716474,0.26586363,0.2932131,0.4002869,0.52664864,0.6988247,0.83869314,1.0465722,0.94610935,1.0423418,0.9278801,0.75712085,0.7884515,0.8232599,0.8903796,0.9799641,0.95927864,0.93025255,1.2001532,1.0905396,1.0096959,0.8432196,0.70212764,0.6191843,0.5602575,0.00051081117,0.00019797271,215.33203,301.46484,904.39453,5340.2344,0.0316194,1432.0361,4.4537587,7.6608145e+06,2.8369007,11.529044,-0.0003886663,1.1041254,0.000885529,11.271594,12.896422,-2.5133483,3.867116,7.403868,2.758875,2.9673507,-1.3759581,-6.068046,4.0798116,-9.427912,-11.741292,-1.9965316,-7.2581267,0 days 00:01:11.300370370,0 days 00:01:11.340370370
0 days 00:00:00.940000,0 days 00:00:00.980000,answer8,0.0,0.62842673,0.0,0.0,0.0,-100.0,0.22412772,0.7172559,0.0023158398,0.1154573,0.09280723,0.14210014,0.22828789,0.29342183,0.3976896,0.547625,0.710063,0.75637096,0.9096435,0.8766229,0.961957,0.86585134,0.73187137,0.7649524,0.8321244,0.9256049,0.9010784,0.8973017,0.8584507,1.1144675,1.0494453,1.0161153,0.8699786,0.7432408,0.607745,0.5538382,0.0005624246,0.0001758916,215.33203,387.59766,1177.1484,6919.336,0.03385443,1703.0968,5.14926,8.943961e+06,2.2233465,6.9546013,-0.00021029834,1.3055722,0.0005135156,10.708632,11.531625,-2.5684774,2.7339585,2.8236043,-4.8174176,2.4749808,-0.31269693,-2.5375636,6.1220107,-2.3048456,-6.2157893,-5.4181037,-2.0450814,0 days 00:01:11.310370370,0 days 00:01:11.350370370
0 days 00:00:00.950000,0 days 00:00:00.990000,answer8,0.0,0.63725513,0.0,0.0,0.0,-100.0,0.22954907,0.7007246,0.002176296,0.09996221,0.08969454,0.105552666,0.20461333,0.32297316,0.42549133,0.616425,0.7250472,0.6966364,0.7790683,0.7985229,0.8933154,0.8085045,0.74408627,0.77215505,0.86267096,0.95780224,0.847048,0.87164164,0.8623967,1.053133,1.0075995,1.0326775,0.88521594,0.75513655,0.57555294,0.52587897,0.0008058607,0.00015944384,215.33203,401.95312,1076.6602,5282.8125,0.030303145,1499.624,5.243536,7.2743515e+06,2.720505,10.775085,-0.0002225528,1.1631651,0.00053452264,12.101344,11.318848,0.019227663,-0.3491079,-2.1700656,-9.245904,2.0502744,1.6178504,-3.4928448,6.6050887,0.87981397,-0.6249547,-0.21100967,0.82677937,0 days 00:01:11.320370370,0 days 00:01:11.360370370
0 days 00:00:00.960000,0 days 00:00:01,answer8,0.0,0.6454639,0.0,0.0,0.0,-100.0,0.23225926,0.705105,0.0022833913,0.08522298,0.09367005,0.09185779,0.19180357,0.35670337,0.49846044,0.6862526,0.7346707,0.6823816,0.7058199,0.76206374,0.84992075,0.74184585,0.79687953,0.81278133,0.9292309,1.0167133,0.8388004,0.85926914,0.9278181,1.0565946,1.0004021,1.0399264,0.8804545,0.7330881,0.545929,0.49939504,0.00072429696,0.0001719406,157.91016,373.2422,818.2617,3875.9766,0.025430158,1240.8405,5.0986557,5.449026e+06,3.0467918,12.786828,-0.0002279341,0.9672246,0.0005155614,12.667712,11.39988,2.5226905,-0.9678531,-1.7757341,-5.536094,4.3324084,5.6409283,-7.200844,9.914356,5.5772414,0.033250015,0.6910599,-1.6405853,0 days 00:01:11.330370370,0 days 00:01:11.370370370
0 days 00:00:00.960000,0 days 00:00:01.000997732,answer8,0.0,0.64586353,0.0,0.0,0.0,-100.0,0.22713679,0.7187589,0.0023490072,0.07823129,0.09846028,0.09531502,0.1965865,0.38629815,0.56317014,0.7206301,0.73585445,0.70973474,0.6841052,0.7377608,0.8071122,0.6642328,0.86224836,0.8455591,0.96350366,1.0894691,0.8719714,0.8601195,1.0105187,1.1323429,1.0387393,1.0424863,0.8535716,0.6971604,0.53885007,0.48193145,0.0008608213,0.0001400379,186.6211,330.17578,660.35156,3258.6914,0.025519082,1079.1556,4.7606187,4.4381305e+06,3.3087642,14.67014,-0.0002356323,0.84374785,0.00056810345,12.0575485,13.627868,4.7090497,-3.1648057,-2.4322462,-6.68368,2.459113,7.0613136,-11.177325,5.591553,-0.70046616,-5.410791,4.730688,-5.2787204,0 days 00:01:11.330370370,0 days 00:01:11.371368102
0 days 00:00:00,0 days 00:00:00.040000,answer8,0.0,0.5800781,0.0,0.0,0.0,-100.0,0.3762746,0.98834115,0.0033781277,0.18197279,0.12921618,0.27204838,0.41952792,0.5544473,0.66972893,0.76589614,0.84702843,0.9178292,0.9822495,1.0430994,1.1020993,1.1600702,1.2171308,1.2728368,1.3262117,1.3755809,1.4180565,1.4484811,1.4578775,1.432704,1.3587462,1.2323397,1.069155,0.8959276,0.7342484,0.5943311,0.0005498349,0.0013528302,416.3086,1722.6562,4722.949,9115.723,0.010613476,3195.7012,7.009009,1.2977236e+07,1.344336,3.9890664,-0.0003905272,2.2831306,0.00093484414,2.3864152,1.1058232,3.4347446,6.7434373,3.6546752,-6.456019,-4.2442727,9.350806,-0.8592579,9.882489,4.566722,0.7278858,-3.1357393,1.0795264,0 days 00:01:18.778778779,0 days 00:01:18.818778779
0 days 00:00:00.010000,0 days 00:00:00.050000,answer8,0.0,0.58745265,0.0,0.0,0.0,-100.0,0.36835575,0.98834115,0.0033457587,0.18310659,0.12921618,0.27204838,0.41952792,0.5544473,0.66972893,0.76589614,0.84702843,0.9178292,0.9822495,1.0430994,1.1020993,1.1600702,1.2171308,1.2728368,1.3262117,1.3755809,1.4180565,1.4484811,1.4578775,1.432704,1.3587462,1.2323397,1.069155,0.8959276,0.7342484,0.5943311,0.0010060356,0.0012080272,416.3086,1291.9922,3818.5547,8311.816,0.02430822,2791.8362,6.575178,1.1581437e+07,1.6113275,5.0275917,-0.00042751755,2.016054,0.001138396,3.6816828,2.8665707,2.877697,6.2651563,3.4284356,-8.617484,-9.315923,5.16007,1.7843393,11.24725,5.8528876,2.7358055,-2.7395923,-0.38029733,0 days 00:01:18.788778779,0 days 00:01:18.828778779
0 days 00:00:00.020000,0 days 00:00:00.060000,answer8,0.0,0.5935169,0.0,0.0,0.0,-100.0,0.3456497,0.98834115,0.00327248,0.18272865,0.12921618,0.27204838,0.41952792,0.5544473,0.66972893,0.76589614,0.84702843,0.9178292,0.9822495,1.0430994,1.1020993,1.1600702,1.2171308,1.2728368,1.3262117,1.3755809,1.4180565,1.4484811,1.4578775,1.432704,1.3587462,1.2323397,1.069155,0.8959276,0.7342484,0.5943311,0.0011474557,0.0009126219,416.3086,990.52734,3875.9766,8455.371,0.036418457,2734.9268,6.4045696,1.1917744e+07,1.5814518,4.7984257,-0.00038467138,1.9920067,0.0011870362,4.5095973,4.4539843,2.268632,3.404849,1.8355526,-8.959743,-11.575703,-0.3787516,2.9248068,7.733628,4.116609,3.5829556,0.4484931,-0.2819985,0 days 00:01:18.798778779,0 days 00:01:18.838778779
0 days 00:00:00.030000,0 days 00:00:00.070000,answer8,0.0,0.5836641,0.0,0.0,0.0,-100.0,0.3309504,0.98834115,0.003169025,0.18159486,0.12921618,0.27204838,0.41952792,0.5544473,0.66972893,0.76589614,0.84702843,0.9178292,0.9822495,1.0430994,1.1020993,1.1600702,1.2171308,1.2728368,1.3262117,1.3755809,1.4180565,1.4484811,1.4578775,1.432704,1.3587462,1.2323397,1.069155,0.8959276,0.7342484,0.5943311,0.0014383822,0.0007203235,401.95312,617.28516,3115.1367,7881.1523,0.038306937,2408.0757,6.039449,1.101576e+07,1.7142072,5.143376,-0.0004014788,1.7833166,0.0012388666,5.98955,6.988215,1.9048519,2.148066,-3.6933477,-10.248528,-8.292361,-2.935973,3.0682247,11.659158,6.529989,3.4921367,0.3322774,-4.632152,0 days 00:01:18.808778779,0 days 00:01:18.848778779
0 days 00:00:00.040000,0 days 00:00:00.080000,answer8,0.0,0.5882352,0.0,0.0,0.0,-100.0,0.32129645,0.9784687,0.0030176695,0.17668177,0.1270718,0.2700045,0.41310325,0.55670744,0.65059596,0.7767534,0.8720551,0.9423997,0.9883904,1.0278999,1.0655793,1.1365234,1.1876041,1.2544065,1.3194268,1.3506298,1.4325944,1.4307785,1.4014882,1.3812586,1.3384179,1.2173774,1.0631615,0.9107976,0.72568846,0.5994711,0.0009440254,0.00060412067,459.375,961.8164,4493.2617,8785.547,0.037102427,2900.3396,6.4629993,1.2658657e+07,1.33976,3.7107115,-0.0003147865,2.1305447,0.0010291397,5.1121054,6.152642,-1.1388665,0.73486644,-5.3137183,-5.886271,-0.5168877,-0.658658,3.3801987,7.0888896,-0.6237688,1.9607903,0.9687398,-2.1715162,0 days 00:01:18.818778779,0 days 00:01:18.858778779
0 days 00:00:00.050000,0 days 00:00:00.090000,answer8,0.0,0.6061588,0.0,0.0,0.0,-100.0,0.32735965,0.96743697,0.002969043,0.17422526,0.12222608,0.2665895,0.39458194,0.5626097,0.6067772,0.8113982,0.924813,1.002118,1.0088285,0.99539024,1.0030918,1.0935371,1.1547245,1.2071579,1.3187779,1.3299434,1.4554485,1.4053526,1.3161697,1.3440164,1.3081328,1.1918149,1.0719986,0.9311571,0.71950704,0.6071971,0.0011356912,0.0006091432,473.73047,861.3281,4048.2422,8283.105,0.036111142,2708.2732,6.339817,1.1699181e+07,1.4883242,4.2539916,-0.00034296792,1.9987713,0.0010648738,5.3613343,6.977688,-2.16454,-0.8813696,-7.9696403,-7.2683234,1.047884,1.6336247,4.650648,9.736461,0.57561827,0.08496388,1.0511727,-4.1368947,0 days 00:01:18.828778779,0 days 00:01:18.868778779
0 days 00:00:00.060000,0 days 00:00:00.100000,answer8,0.0,0.625736,0.0,0.0,0.0,-100.0,0.3302569,0.9597809,0.0030552214,0.17384732,0.117357016,0.27020904,0.37965432,0.5908449,0.5654284,0.87270087,1.010058,1.0992123,1.0354767,0.9569783,0.9419834,1.0659784,1.11555,1.1431171,1.3120046,1.2971243,1.4354534,1.3888717,1.2301264,1.3339545,1.278375,1.1554922,1.0884075,0.9432276,0.71239454,0.61432356,0.0013133506,0.0005729191,430.66406,846.97266,3531.4453,7838.086,0.03512763,2538.7107,6.238856,1.0990487e+07,1.674757,5.0694356,-0.00037306666,1.8834248,0.0011452263,6.517206,7.5542397,-2.7639666,-3.4433835,-5.8614573,-7.7900925,-3.33078,3.089886,3.9366395,1.9504642,-4.1060066,-2.1145413,1.5018224,1.3205036,0 days 00:01:18.838778779,0 days 00:01:18.878778779
0 days 00:00:00.070000,0 days 00:00:00.110000,answer8,0.0,0.6232275,0.0,0.0,0.0,-100.0,0.32104704,0.9593416,0.0031308318,0.17328043,0.1144301,0.2786421,0.38191518,0.6260156,0.5444656,0.90756184,1.0600122,1.199736,1.0551448,0.9152041,0.9220648,1.0757649,1.1254007,1.1106592,1.2873578,1.2442851,1.3639365,1.3913713,1.2107238,1.4046301,1.2524587,1.1136438,1.113571,0.9270751,0.707648,0.6091661,0.0013917498,0.000516307,358.88672,602.9297,3014.6484,7780.664,0.035119947,2320.049,6.050446,1.0738042e+07,1.7871628,5.330552,-0.0003748211,1.7343475,0.0011405343,7.72059,8.749263,-1.5721654,-3.0925865,-5.503673,-9.935184,-5.0313873,5.0193,2.9334955,0.15950744,-0.23747908,-2.5745132,2.092424,-0.17720215,0 days 00:01:18.848778779,0 days 00:01:18.888778779
0 days 00:00:00.080000,0 days 00:00:00.120000,answer8,0.0,0.6052633,0.0,0.0,0.0,-100.0,0.32179192,0.95823485,0.0031067189,0.16855632,0.11284098,0.2911336,0.41397467,0.6565699,0.5608415,0.8954795,1.0704328,1.2829126,1.0691451,0.894604,0.9240095,1.0920134,1.1420078,1.1312515,1.263497,1.1644511,1.2797793,1.3946999,1.2107977,1.4647584,1.2201663,1.0533394,1.1094455,0.90786296,0.7121156,0.5959788,0.0011662331,0.0005350697,330.17578,689.0625,3186.914,7866.797,0.03462888,2386.3958,6.1603146,1.0765493e+07,1.7026776,5.0137577,-0.00036863075,1.7836972,0.0010341464,7.872661,7.879584,-3.795721,-0.52819425,-5.847307,-6.526254,-4.067286,4.213411,-1.2332722,-8.826417,-3.7141387,-3.0868206,1.8199171,-0.40729508,0 days 00:01:18.858778779,0 days 00:01:18.898778779
0 days 00:00:00.090000,0 days 00:00:00.130000,answer8,0.0,0.5896504,0.0,0.0,0.0,-100.0,0.33001512,0.959544,0.0031128295,0.15513983,0.10838574,0.28905556,0.43802175,0.63890725,0.57139724,0.8429964,1.0537037,1.3589145,1.1208359,0.8883326,0.9425563,1.1115545,1.2093519,1.2221866,1.2747632,1.0893908,1.2726293,1.3699079,1.20206,1.4586898,1.1679093,0.99556905,1.0958056,0.9066356,0.72846586,0.5901193,0.00094978046,0.00069907686,401.95312,803.90625,3502.7344,8067.7734,0.03563947,2530.7878,6.325737,1.0558083e+07,1.5683836,4.4648,-0.0003448329,1.8888149,0.0009829286,6.5160885,4.104208,-7.625965,1.9312316,-8.679524,-8.0421505,-0.8815771,5.8056087,1.0911759,-8.802222,-2.6540532,0.3026333,3.3244972,-4.937319,0 days 00:01:18.868778779,0 days 00:01:18.908778779
0 days 00:00:00.100000,0 days 00:00:00.140000,answer8,0.0,0.59450644,0.0,0.0,0.0,-100.0,0.3498349,0.9770677,0.0032456592,0.1409675,0.10312533,0.27490333,0.4378859,0.60345227,0.57458925,0.80393434,1.0145124,1.3715962,1.2286316,0.93781775,0.98830014,1.1592242,1.322519,1.3389653,1.3478632,1.115307,1.3526602,1.3552648,1.1842365,1.3926934,1.1359812,0.97953606,1.087038,0.9306733,0.7677862,0.59526294,0.0010147794,0.0009835124,416.3086,933.10547,2828.0273,7321.289,0.03576233,2348.0515,6.356623,8.817083e+06,1.734245,5.2327557,-0.000380157,1.7537512,0.0009994787,6.0448613,1.430698,-8.372493,3.1635864,-7.676626,-6.9187922,-1.9580154,-2.0355904,-0.3230039,-5.4411645,-2.321836,2.2228618,6.2325654,-3.507987,0 days 00:01:18.878778779,0 days 00:01:18.918778779
0 days 00:00:00.110000,0 days 00:00:00.150000,answer8,0.0,0.6013997,0.0,0.0,0.0,-100.0,0.36729026,1.0149902,0.0033989288,0.13076341,0.10298416,0.25666556,0.41526687,0.5719448,0.57730633,0.810632,1.023325,1.3674313,1.3896431,1.0247566,1.0847477,1.2633382,1.4425393,1.4318175,1.4536644,1.2499601,1.4435387,1.3657349,1.1939877,1.3020893,1.1564716,1.031518,1.0897757,0.95074874,0.7903938,0.5994642,0.0012032186,0.0011322083,459.375,890.03906,1995.4102,6187.207,0.03996005,1991.4962,6.154639,6.8316735e+06,2.1599436,7.481791,-0.0004698912,1.5098878,0.0011068763,7.419806,-0.06187284,-8.744328,1.2763469,-5.4613433,-7.568218,3.7249339,1.4816521,3.4706938,4.346106,-0.37140372,2.7224658,5.0784574,-1.4222871,0 days 00:01:18.888778779,0 days 00:01:18.928778779
0 days 00:00:00.120000,0 days 00:00:00.160000,answer8,0.0,0.6206778,0.0,0.0,0.0,-100.0,0.3623167,1.0494081,0.0034000084,0.11810281,0.11173389,0.2490902,0.39273,0.55056673,0.5793131,0.81377095,1.0284859,1.3065021,1.5140527,1.142721,1.2130748,1.392984,1.4741062,1.4402632,1.5319458,1.4385791,1.4690619,1.3981873,1.2204356,1.2493023,1.2387605,1.1295518,1.0898091,0.9416976,0.7767756,0.5911079,0.00089697243,0.0011729667,430.66406,1004.8828,2253.8086,6058.008,0.04211403,2027.0254,6.2178345,6.804096e+06,2.1265788,7.3861938,-0.0004393818,1.5232226,0.0011062355,7.1660876,0.2344079,-6.864975,2.7960851,2.5569377,-2.074279,3.2984746,-2.9104252,-0.87220573,7.830358,-2.2829201,0.47592974,3.395644,1.3037852,0 days 00:01:18.898778779,0 days 00:01:18.938778779
0 days 00:00:00.130000,0 days 00:00:00.170000,answer8,0.0,0.65239537,0.0,0.0,0.0,-65.16584,0.36696148,1.0714005,0.003421412,0.10147393,0.12289264,0.2673845,0.384703,0.5419062,0.57559067,0.78534675,1.0706729,1.2739316,1.5838032,1.2527341,1.3492819,1.5065106,1.4226559,1.412703,1.6055504,1.5571122,1.423838,1.4434725,1.2562891,1.2250789,1.3235712,1.2058692,1.0694743,0.89295214,0.73154837,0.5715396,0.0008375861,0.0013476461,445.01953,961.8164,2024.1211,4981.3477,0.043673187,1844.0721,6.079056,5.8714285e+06,2.444148,9.249405,-0.0004780202,1.4042593,0.0012190006,8.722978,-1.588519,-7.399639,2.7677097,2.7842767,-1.9646639,4.6451955,1.7747875,-1.3038706,4.854034,-3.7116706,-1.5884541,-1.9163829,1.1663166,0 days 00:01:18.908778779,0 days 00:01:18.948778779
0 days 00:00:00.140000,0 days 00:00:00.180000,answer8,177.83624,0.6962126,0.0,0.0,0.0,-30.469734,0.3800354,1.0806906,0.005725088,0.073129244,0.12985551,0.32318532,0.40723732,0.555335,0.57076645,0.7239179,1.09785,1.2709743,1.5683508,1.3373154,1.458961,1.5632778,1.3660733,1.4242479,1.6289358,1.5484266,1.3880924,1.4880466,1.3207093,1.23201,1.3521519,1.2406216,1.038582,0.826325,0.684151,0.5525562,0.0015849792,0.0015275682,344.53125,803.90625,1679.5898,3904.6875,0.059227396,1555.9064,5.400619,4.8944985e+06,3.1587913,15.950615,-0.000940952,1.1907742,0.0022927343,10.329723,-0.10199801,-3.142999,5.134791,5.86169,-0.28487456,-3.2942321,-4.6461177,-6.138645,-3.7214146,-7.9295335,-1.6835953,-5.748821,0.20004742,0 days 00:01:18.918778779,0 days 00:01:18.958778779
0 days 00:00:00.150000,0 days 00:00:00.190000,answer8,176.01488,0.7378796,0.0,0.0,0.0,4.198628,0.48945466,1.1252874,0.012194235,0.04478458,0.14024496,0.45812687,0.5109988,0.712635,0.629727,0.7216566,1.1089549,1.2707921,1.5682825,1.3972975,1.5316557,1.5964774,1.4047667,1.5923973,1.7332788,1.5361773,1.468721,1.6066343,1.4571327,1.2742754,1.3354658,1.2425566,1.0090909,0.7602909,0.65554494,0.5342899,0.02562765,0.0029523969,258.39844,488.08594,818.2617,1665.2344,0.14172995,881.499,4.2695537,2.2107455e+06,5.987827,67.69464,-0.007874042,0.7198953,0.02257088,16.556444,1.6371938,6.880469,7.7669044,-1.3238987,-7.8869386,-7.0325165,-5.868374,-10.572387,-7.0131927,-4.8641157,2.7565072,-8.809678,-2.7973843,0 days 00:01:18.928778779,0 days 00:01:18.968778779
0 days 00:00:00.160000,0 days 00:00:00.200000,answer8,174.50342,0.762428,0.0,0.0,0.0,4.347113,0.59933394,1.2383286,0.020852724,0.024754345,0.17598729,0.7309787,0.7669719,1.1591307,0.8536194,0.8948641,1.1748105,1.2838165,1.5863196,1.3875732,1.5674839,1.568216,1.5088323,1.9329671,1.9684714,1.6536993,1.7074156,1.82333,1.6622537,1.353185,1.3221112,1.2527987,0.99179024,0.71551913,0.6335583,0.5208416,0.091732174,0.0036981052,172.26562,244.04297,358.88672,674.70703,0.2013212,434.9222,3.1601489,752113.25,10.266927,193.06892,-0.023653978,0.40410578,0.07594039,22.181917,7.942314,18.377485,8.172829,-9.354267,-11.996613,-9.615811,-10.512211,-13.6791,-5.4451957,-4.1501794,3.3839567,-10.311165,-3.1466544,0 days 00:01:18.938778779,0 days 00:01:18.978778779
0 days 00:00:00.170000,0 days 00:00:00.210000,answer8,173.91718,0.77634525,0.029610768,0.0,0.35839137,7.1644464,0.7212495,1.4257482,0.029836178,0.015684051,0.25180647,1.1495796,1.2101156,1.9818058,1.2855539,1.26968,1.2702795,1.2555571,1.6161247,1.3501042,1.5998365,1.4902931,1.6102971,2.4171042,2.355646,1.9289831,2.052539,2.0681334,1.9116768,1.5023862,1.3935847,1.2798008,0.98644257,0.68788123,0.61890256,0.52534175,0.18274598,0.0053916257,172.26562,272.7539,344.53125,387.59766,0.22016053,319.29092,2.8173094,168869.36,13.512803,297.8004,-0.045885187,0.328702,0.15308101,26.392443,10.478828,25.5262,9.332189,-15.942544,-19.114742,-12.127075,-6.750855,-19.623312,1.2844057,4.19643,5.0986586,-12.722159,-5.4063888,0 days 00:01:18.948778779,0 days 00:01:18.988778779
0 days 00:00:00.180000,0 days 00:00:00.220000,answer8,175.11487,0.78080815,0.021577662,0.010147961,0.2959461,10.514842,0.78594136,1.6363206,0.03878781,0.015495087,0.35276088,1.5823876,1.679108,3.0184739,1.8505663,1.8284043,1.4603472,1.2672766,1.6707983,1.323232,1.6044844,1.3622808,1.6561493,2.8255672,2.8339684,2.2212343,2.3717527,2.2389443,2.1094625,1.6745356,1.506093,1.296646,0.97763085,0.6718879,0.6140657,0.5462811,0.31379977,0.005476181,172.26562,315.8203,344.53125,387.59766,0.19244201,304.8285,2.697508,99707.836,16.414444,454.63623,-0.07373094,0.32276288,0.26017484,28.902582,13.452587,25.142023,5.3070483,-19.196249,-16.079445,-11.224422,-5.881319,-22.152029,2.422846,5.348715,4.8020186,-12.604749,-5.0470834,0 days 00:01:18.958778779,0 days 00:01:18.998778779
0 days 00:00:00.190000,0 days 00:00:00.230000,answer8,176.91429,0.7806287,0.010726281,0.007058785,0.14811982,15.323995,0.8584383,1.7907044,0.047051698,0.01643991,0.43685308,1.8650411,2.0094001,3.8398514,2.3391712,2.3186567,1.6488117,1.337635,1.6925297,1.3639446,1.6147108,1.2891439,1.6469458,2.992813,3.1257179,2.3595417,2.5621655,2.2776892,2.2414362,1.8417058,1.6252766,1.2953931,0.9575143,0.6648492,0.6380725,0.57344705,0.46777353,0.0064445124,172.26562,330.17578,344.53125,387.59766,0.17524464,303.94797,2.6573994,77726.64,17.105947,518.7148,-0.105382524,0.32446244,0.37798524,30.410662,13.178776,24.63436,5.1413713,-18.368004,-17.136345,-15.192386,-2.9651935,-22.123518,3.1555092,6.2515244,3.0679553,-9.491511,-6.214524,0 days 00:01:18.968778779,0 days 00:01:19.008778779
0 days 00:00:00.200000,0 days 00:00:00.240000,answer8,180.3001,0.777,0.0057800594,0.004215145,0.11253608,17.594948,0.906523,1.8723651,0.05316807,0.017384732,0.4795229,1.9424917,2.1080506,4.223903,2.660703,2.6548433,1.7970872,1.4634358,1.7703847,1.4562521,1.6070131,1.3613404,1.677292,2.943156,3.2512925,2.3353753,2.6234577,2.2624822,2.3059742,1.9647423,1.6481394,1.2681671,0.93393177,0.66584456,0.68504244,0.5915742,0.58955544,0.0065447018,172.26562,344.53125,344.53125,387.59766,0.18129504,303.7011,2.6131995,61350.59,19.127884,672.41766,-0.13111854,0.3267623,0.45894885,31.99911,12.990413,23.044748,5.279221,-20.51169,-15.006745,-16.960293,-4.299942,-17.279861,-0.63504505,5.1849923,3.840149,-5.4620023,-3.4557133,0 days 00:01:18.978778779,0 days 00:01:19.018778779
0 days 00:00:00.210000,0 days 00:00:00.250000,answer8,185.75763,0.7662719,0.0081661,0.002968469,0.06265173,19.09957,0.96524423,1.8976116,0.054573577,0.018707482,0.48260534,1.8888359,2.067894,4.1537337,2.8378236,2.773709,1.9061564,1.5488101,1.8126243,1.5161244,1.6074625,1.5310669,1.7522178,2.8171623,3.2351964,2.2781866,2.7046404,2.3038375,2.3281593,2.0372653,1.5731672,1.2288579,0.9237831,0.69374347,0.7458208,0.5890208,0.6369663,0.008968379,172.26562,344.53125,358.88672,401.95312,0.19549453,307.63934,2.6594055,65236.605,16.98108,572.3383,-0.14724089,0.32929996,0.4864436,31.918066,11.416293,25.468658,8.02466,-23.694036,-18.114988,-19.140684,-4.3877788,-11.163678,-0.66627115,8.283703,0.93784714,-5.850577,-6.9609475,0 days 00:01:18.988778779,0 days 00:01:19.028778779
0 days 00:00:00.220000,0 days 00:00:00.260000,answer8,195.6375,0.75111705,0.011899944,0.0044064466,0.043452397,17.213682,0.97474474,1.90369,0.051161412,0.020975055,0.45587862,1.774067,1.9757289,3.7799747,2.9101782,2.736089,1.9764422,1.5197043,1.849124,1.5272197,1.5548997,1.6926371,1.9019451,2.8048718,3.2423286,2.2989428,2.8475943,2.3875399,2.3605726,2.141536,1.4586824,1.2039686,0.95200205,0.75224686,0.8069649,0.58480245,0.52573067,0.010132874,172.26562,301.46484,373.2422,416.3086,0.25574315,310.42667,2.6990526,89091.164,15.634358,491.58847,-0.13164379,0.32838386,0.4057276,30.241598,11.264758,25.209093,6.724733,-26.362366,-17.170172,-15.742905,-4.05441,-12.213256,-6.702452,8.921599,1.9057916,-5.6742005,-9.988151,0 days 00:01:18.998778779,0 days 00:01:19.038778779
0 days 00:00:00.230000,0 days 00:00:00.270000,answer8,206.8105,0.7473938,0.017023187,0.006004717,0.06779125,14.389251,0.91884685,1.8666683,0.042779494,0.022864701,0.3973759,1.5738875,1.8374032,3.0974343,2.7929459,2.5465817,2.0210063,1.4197036,1.8482918,1.4924866,1.425013,1.7031709,2.013117,2.78397,3.207341,2.3952062,3.0302763,2.4895496,2.3415735,2.234076,1.3761659,1.2107457,1.0188416,0.8314319,0.85553646,0.5902416,0.34550318,0.010104756,186.6211,258.39844,401.95312,459.375,0.3710977,333.865,2.846495,168000.67,11.762417,266.30594,-0.09244487,0.3417469,0.27158123,26.857368,9.689938,24.555079,4.772245,-28.54425,-16.368315,-10.494281,-4.334976,-12.199182,-6.9177246,4.4996047,0.109724015,-7.1102567,-16.047722,0 days 00:01:19.008778779,0 days 00:01:19.048778779
0 days 00:00:00.240000,0 days 00:00:00.280000,answer8,217.59065,0.7490454,0.02961806,0.012511502,0.17261381,10.686961,0.83921653,1.7857022,0.033504333,0.023431594,0.312274,1.3008724,1.6677724,2.2975771,2.493973,2.202818,1.9427524,1.3027748,1.7717013,1.4533738,1.2689471,1.6014248,2.0637329,2.6904342,3.0580006,2.4824293,3.1530476,2.56651,2.275438,2.3251922,1.4048322,1.2703012,1.0824399,0.9114128,0.9065671,0.6216584,0.18956195,0.008556292,200.97656,229.6875,416.3086,473.73047,0.3326151,363.63315,2.9259088,256675.62,10.364872,189.26848,-0.051851794,0.3626221,0.14636502,22.84522,8.886969,21.835655,3.7052352,-27.799026,-15.172727,-14.241219,-6.6937394,-16.42474,-7.627362,-1.6919314,0.06288811,-6.3821144,-19.020044,0 days 00:01:19.018778779,0 days 00:01:19.058778779
0 days 00:00:00.250000,0 days 00:00:00.290000,answer8,224.32501,0.7547767,0.056842804,0.021779224,0.2395946,8.6216955,0.7958477,1.6720792,0.030323407,0.021730915,0.22043617,1.0199457,1.5069815,1.5978347,2.076924,1.8212519,1.7284037,1.247077,1.7100154,1.4670826,1.1534681,1.4762458,1.9740683,2.4522667,2.851982,2.5103824,3.0942814,2.5892284,2.1305673,2.3354018,1.4792877,1.3689185,1.1003413,0.9556318,0.9396747,0.66636187,0.13994908,0.008766242,215.33203,229.6875,373.2422,459.375,0.3132755,364.1494,2.7886906,273936.44,8.949409,124.42428,-0.037179366,0.35898146,0.09407096,21.255154,5.9186893,18.581917,2.1536987,-26.44808,-13.4793625,-15.360112,-13.849589,-26.629936,-7.127026,-5.2925925,-4.6329017,-12.520164,-22.155603,0 days 00:01:19.028778779,0 days 00:01:19.068778779
0 days 00:00:00.260000,0 days 00:00:00.300000,answer8,232.20518,0.7504671,0.05583396,0.030439846,0.23344491,7.4088798,0.8074775,1.565743,0.03258966,0.018707482,0.1506163,0.8230882,1.4189044,1.1964301,1.6830597,1.4987282,1.4973178,1.2361311,1.6291958,1.5381547,1.15939,1.3983663,1.812941,2.2407553,2.740167,2.4856598,2.8886366,2.5107272,1.944348,2.2590468,1.512208,1.4410249,1.0586151,0.95899725,0.94451267,0.6822975,0.19077194,0.009971998,215.33203,229.6875,315.8203,373.2422,0.20077129,335.85147,2.4445205,210673.75,9.641137,158.84113,-0.05026224,0.33553895,0.11493018,22.702082,4.306677,16.84297,3.527584,-25.721779,-14.039029,-13.568463,-17.934662,-33.248947,-12.295631,-6.006102,-12.571887,-17.644434,-21.442286,0 days 00:01:19.038778779,0 days 00:01:19.078778779
0 days 00:00:00.270000,0 days 00:00:00.310000,answer8,240.6908,0.7518322,0.044007868,0.026576528,0.16899544,9.565761,0.7670515,1.4645494,0.035061095,0.017762661,0.11018822,0.72729915,1.42807,1.0368645,1.3433356,1.2971851,1.368316,1.2930473,1.5784951,1.5948582,1.2081724,1.3407875,1.6018375,2.068393,2.6392357,2.4073088,2.561578,2.2908542,1.7530137,2.0724204,1.421188,1.4547964,0.9896758,0.93702763,0.8998105,0.65452594,0.24055259,0.008207807,215.33203,229.6875,258.39844,315.8203,0.22512676,293.51486,2.0499852,118359.77,13.179368,310.4705,-0.058867406,0.30194843,0.12439894,25.26142,5.715145,15.428569,2.8579977,-26.672836,-12.985985,-6.896862,-20.520836,-31.97551,-17.054094,-12.467767,-18.858091,-20.782358,-18.638376,0 days 00:01:19.048778779,0 days 00:01:19.088778779
0 days 00:00:00.280000,0 days 00:00:00.320000,answer8,249.05794,0.7511621,0.01707904,0.02069913,0.12090195,12.080165,0.6847231,1.3461896,0.03200497,0.018707484,0.09853909,0.66495866,1.4522086,0.99672365,1.0895804,1.2282426,1.3670436,1.3613396,1.4835281,1.5342841,1.2193686,1.2582804,1.4087316,1.8885117,2.4275568,2.2022274,2.2038,1.9744791,1.5296015,1.7608465,1.2508377,1.3720388,0.9329796,0.901627,0.8074592,0.5861363,0.23930775,0.0049625807,229.6875,244.04297,272.7539,344.53125,0.20512612,290.1992,1.9933907,85508.35,16.92151,483.99753,-0.051123526,0.30566204,0.10883382,27.274275,9.330994,13.431973,2.8781488,-26.75386,-16.11143,-5.6278605,-17.380308,-22.351252,-16.853388,-15.055074,-15.827319,-18.772348,-16.490007,0 days 00:01:19.058778779,0 days 00:01:19.098778779
0 days 00:00:00.290000,0 days 00:00:00.330000,answer8,254.2328,0.7075251,0.017963642,0.02105097,0.16023408,13.449618,0.5852166,1.1979834,0.024734767,0.020597128,0.1014202,0.5732817,1.3726367,0.98475593,0.9388952,1.2164227,1.3599283,1.356644,1.3075707,1.3357228,1.1510586,1.1596417,1.2437649,1.6096202,2.0214283,1.8539277,1.8357544,1.6698252,1.3284669,1.4002862,1.0946318,1.2609799,0.8970308,0.8599768,0.69902676,0.51486796,0.178734,0.0018617748,244.04297,272.7539,330.17578,416.3086,0.22482462,316.23892,2.350829,105218.875,18.077705,507.50546,-0.032381013,0.33503973,0.06918697,27.122131,11.6705885,11.721063,-0.96571904,-25.232431,-20.396082,-9.531721,-18.123444,-15.019329,-11.816579,-13.695153,-8.174174,-17.377901,-11.842552,0 days 00:01:19.068778779,0 days 00:01:19.108778779
0 days 00:00:00.300000,0 days 00:00:00.340000,answer8,254.79561,0.6949382,0.018770183,0.022478161,0.18348272,9.766677,0.4953635,1.0356902,0.016573254,0.022864701,0.10313922,0.4406681,1.1473318,0.90970856,0.8433587,1.1683878,1.2511225,1.2758614,1.1158835,1.0995051,1.033764,1.0806872,1.1313888,1.3079395,1.5558652,1.4333081,1.4818211,1.4162186,1.154951,1.0841117,1.0098556,1.1625482,0.8685441,0.8023629,0.5925594,0.4570515,0.088325985,0.0011961662,258.39844,287.10938,387.59766,516.7969,0.20525105,368.15366,2.8314905,241893.7,14.922394,363.158,-0.014407884,0.37801373,0.031991262,25.522318,9.453835,7.580881,-1.8748747,-20.266874,-24.149893,-10.650867,-14.388768,-12.008306,-13.075479,-14.602879,-1.6673597,-12.07088,-9.074277,0 days 00:01:19.078778779,0 days 00:01:19.118778779
0 days 00:00:00.310000,0 days 00:00:00.350000,answer8,252.84688,0.6901717,0.021494651,0.019464316,0.23053485,5.8759637,0.4359654,0.90035295,0.011751209,0.030423278,0.097293176,0.3154997,0.8646021,0.78608084,0.7644046,1.0463494,1.0575675,1.1300722,0.95983696,0.93450874,0.9472421,1.0521892,1.0734949,1.0873253,1.1973486,1.1072332,1.1982672,1.223853,1.0419258,0.90309376,0.9749296,1.0930384,0.8488385,0.7566007,0.5274324,0.42014802,0.038529996,0.0010037489,258.39844,287.10938,387.59766,531.15234,0.15356554,390.03085,2.956754,345319.34,11.652295,192.64955,-0.0062862854,0.39304093,0.012527189,23.027267,8.265022,4.2151012,0.17598169,-16.42589,-23.516693,-12.57848,-15.55643,-11.932846,-13.918639,-12.88926,-4.4327016,-10.162953,-8.96914,0 days 00:01:19.088778779,0 days 00:01:19.128778779
0 days 00:00:00.320000,0 days 00:00:00.360000,answer8,250.42007,0.713046,0.022555027,0.01236105,0.23996288,-31.240631,0.40524927,0.8121748,0.009982874,0.044028718,0.083430596,0.23999335,0.6501206,0.6491976,0.6451735,0.86774015,0.85982686,1.0013331,0.86684924,0.84744495,0.8948143,1.0616039,1.0626721,0.9850485,0.96188766,0.95576745,1.0329117,1.0857407,0.9709932,0.8619978,0.9633817,1.0497109,0.8525402,0.7552523,0.50653106,0.40458035,0.024618467,0.0009124794,244.04297,272.7539,330.17578,473.73047,0.09564844,379.66885,2.7025506,401966.16,10.372441,141.80186,-0.004514649,0.376482,0.009683625,20.143984,8.225121,4.21542,3.484108,-13.27805,-22.630615,-12.756801,-16.46625,-12.652336,-20.01987,-18.94069,-10.592172,-7.8385043,-14.248113,0 days 00:01:19.098778779,0 days 00:01:19.138778779
0 days 00:00:00.330000,0 days 00:00:00.370000,answer8,0.0,0.68138814,0.0,0.0,0.0,-65.53567,0.39081725,0.77116746,0.008633112,0.062169313,0.07107896,0.20549051,0.52188706,0.52920216,0.5118175,0.7156108,0.7019756,0.88363284,0.81686383,0.8312653,0.8862708,1.0786146,1.0717111,0.9592059,0.84111404,0.94040877,0.9723832,1.0132608,0.9461878,0.93170357,0.9660409,1.0066283,0.8988581,0.8016482,0.5333216,0.41417137,0.019583741,0.0009684484,244.04297,272.7539,516.7969,1076.6602,0.09787893,556.04297,3.2146213,1.0487189e+06,8.446529,107.96308,-0.003696477,0.49166572,0.007868299,16.504303,7.0952363,4.2023516,4.565744,-10.211094,-17.549582,-14.310529,-19.054876,-12.187566,-15.57046,-10.770481,-11.873592,-9.045009,-14.652813,0 days 00:01:19.108778779,0 days 00:01:19.148778779
0 days 00:00:00.340000,0 days 00:00:00.380000,answer8,0.0,0.64334995,0.0,0.0,0.0,-100.0,0.37434423,0.7627244,0.00614856,0.07653061,0.06318906,0.18381675,0.4330367,0.43598154,0.4040874,0.606587,0.5982802,0.7674737,0.7578876,0.83310026,0.8969055,1.0681679,1.0815384,0.96955603,0.8141811,1.0021929,1.0124321,1.0367192,0.9877377,1.0649883,0.9904709,0.9849636,0.9617734,0.8525676,0.57955915,0.44363913,0.011720746,0.0010935433,244.04297,358.88672,1062.3047,1923.6328,0.083103895,893.1397,4.17051,2.061015e+06,5.7485924,61.338913,-0.0023846335,0.71558374,0.004683673,12.481839,2.738179,6.62847,4.785379,-11.947909,-16.248884,-13.891446,-13.404705,-9.349845,-12.768331,-9.986454,-9.48879,-9.668324,-13.074323,0 days 00:01:19.118778779,0 days 00:01:19.158778779
0 days 00:00:00.350000,0 days 00:00:00.390000,answer8,0.0,0.6305983,0.0,0.0,0.0,-100.0,0.3532013,0.768658,0.0040201703,0.08201058,0.062298585,0.15692508,0.3438244,0.3493081,0.3358223,0.5318092,0.5381861,0.6728985,0.73216623,0.83035946,0.9179132,1.054299,1.0820616,0.9852655,0.8810347,1.0722146,1.0791618,1.1375985,1.0627569,1.1944066,1.0370579,0.9773887,0.99036837,0.86546797,0.61285347,0.481663,0.0021679134,0.0011187913,244.04297,387.59766,1392.4805,2670.1172,0.0741963,1152.8539,5.1044555,2.9688512e+06,3.2269728,15.89047,-0.0005633459,0.8928618,0.0013878954,10.619426,-0.37202707,5.257259,5.4038124,-10.14447,-8.53758,-9.734122,-6.646912,-7.633863,-4.723576,-3.879318,-5.5818152,-8.419815,-8.547845,0 days 00:01:19.128778779,0 days 00:01:19.168778779
0 days 00:00:00.360000,0 days 00:00:00.400000,answer8,0.0,0.6421843,0.0,0.0,0.0,-100.0,0.3551743,0.7799182,0.0037097323,0.08012094,0.06618861,0.13041593,0.26853082,0.28632692,0.3047121,0.47579995,0.51467496,0.61702293,0.74256414,0.8213999,0.9504709,1.0657388,1.093986,0.99608326,1.0072899,1.1280489,1.1064645,1.2496119,1.1434804,1.2818986,1.08137,0.98614985,0.97500396,0.83865714,0.63082093,0.5151636,0.0018332995,0.0012318017,244.04297,430.66406,1579.1016,2670.1172,0.033469293,1218.272,5.276073,3.0417862e+06,3.068117,14.585681,-0.0005307286,0.9372743,0.0013421526,10.323556,-1.4921647,4.8211937,6.9328346,-8.259962,-9.606715,-9.657975,-4.1627955,-9.246484,-6.3567758,-5.043707,-4.910707,-5.212146,-5.1339636,0 days 00:01:19.138778779,0 days 00:01:19.178778779
0 days 00:00:00.370000,0 days 00:00:00.410000,answer8,0.0,0.6422481,0.0,0.0,0.0,-100.0,0.35942233,0.79149455,0.0038702954,0.07312926,0.07514183,0.11919612,0.22558762,0.2639064,0.29539323,0.42680788,0.5258023,0.616255,0.79421395,0.81615686,0.9961438,1.1336186,1.1191257,0.98819685,1.1095992,1.1516536,1.0845627,1.2997489,1.1865821,1.2901958,1.1178979,1.0253401,0.94383025,0.8135414,0.62897515,0.5313843,0.0022553923,0.0012377645,244.04297,373.2422,1234.5703,2253.8086,0.03493185,1039.1678,5.0863323,2.5160905e+06,3.4895515,18.418882,-0.000642284,0.8221266,0.0014577747,12.192039,0.22354305,3.2168477,8.130048,-1.1551588,-8.006722,-7.614456,-8.317189,-8.615066,-5.211882,-5.8193107,-3.8288155,-2.693777,0.8717559,0 days 00:01:19.148778779,0 days 00:01:19.188778779
0 days 00:00:00.380000,0 days 00:00:00.420000,answer8,0.0,0.6357969,0.0,0.0,0.0,-100.0,0.36015964,0.8031029,0.0037832574,0.068027206,0.08774954,0.12275025,0.21115653,0.28626826,0.3118725,0.3962389,0.549912,0.6521541,0.8623683,0.8537236,1.0628142,1.2387949,1.1504136,0.94946676,1.1376843,1.1408447,1.0270407,1.273991,1.2272173,1.2590102,1.1307224,1.0706967,0.93235,0.7980566,0.62484986,0.52252764,0.002556993,0.0012587957,272.7539,387.59766,1119.7266,2067.1875,0.034913216,957.6538,5.051966,2.0923996e+06,3.8452291,22.353127,-0.0006742336,0.7729257,0.0014578736,13.44431,-0.17986935,2.973025,6.483099,0.3580272,-9.995194,-12.063629,-8.7357,-5.8547826,-6.492328,-4.4880624,-1.6831897,0.73319197,4.495229,0 days 00:01:19.158778779,0 days 00:01:19.198778779
0 days 00:00:00.390000,0 days 00:00:00.430000,answer8,0.0,0.62740177,0.0,0.0,0.0,-100.0,0.34121045,0.8045539,0.003512241,0.06481481,0.097132325,0.1335817,0.21076494,0.3243837,0.346692,0.3827227,0.5826442,0.7003196,0.89242554,0.8948071,1.0918096,1.277323,1.1483344,0.9091578,1.0882437,1.1052022,1.0156227,1.2190847,1.2759701,1.2031211,1.1093155,1.0995193,0.93259,0.7709866,0.61280626,0.49383977,0.0023387654,0.0009937388,258.39844,387.59766,918.75,2153.3203,0.039010968,901.521,4.9807277,1.9850146e+06,4.0270452,24.175835,-0.0006140353,0.73372036,0.001353813,14.208676,0.73247045,4.102614,3.0973713,-3.167139,-5.5716424,-9.170467,-9.089977,-4.4643416,-5.149445,-4.174793,0.9767351,-1.4268975,2.51457,0 days 00:01:19.168778779,0 days 00:01:19.208778779
0 days 00:00:00.400000,0 days 00:00:00.440000,answer8,0.0,0.629251,0.0,0.0,0.0,-100.0,0.31573388,0.786629,0.003186375,0.06179138,0.104308195,0.14369029,0.2042433,0.34386382,0.3795803,0.38966283,0.61415595,0.73606896,0.8747716,0.9007287,1.0512587,1.1975536,1.0759842,0.8768801,0.9951787,1.0771304,1.0432887,1.1833935,1.3085455,1.1554056,1.050116,1.0805885,0.89987177,0.71700984,0.5938101,0.45526525,0.0017103992,0.00073991204,229.6875,387.59766,846.97266,2311.2305,0.039536286,893.43945,4.9601445,2.0735751e+06,4.084458,24.774012,-0.00048470174,0.72156096,0.001138359,14.418994,1.1291254,7.219377,0.748611,-7.355633,-3.163162,-5.8327775,-4.153214,-2.366348,-3.785124,-2.3159482,1.4849035,-0.42221108,-0.31715092,0 days 00:01:19.178778779,0 days 00:01:19.218778779
0 days 00:00:00.410000,0 days 00:00:00.450000,answer8,0.0,0.6258792,0.0,0.0,0.0,-100.0,0.29272082,0.7520511,0.0028970446,0.060090702,0.10031385,0.14874737,0.19239141,0.32925227,0.39674306,0.42267457,0.63352704,0.7506974,0.80774117,0.8462402,0.9320798,1.0206975,0.98314476,0.87750334,0.8961363,1.0613275,1.08737,1.1787158,1.2872313,1.1243869,0.9665962,1.0235437,0.84176785,0.65510684,0.56809163,0.42130014,0.0013276591,0.00052872376,244.04297,445.01953,789.5508,2311.2305,0.041114982,912.7819,4.873787,2.1260388e+06,4.17691,25.771133,-0.0003837155,0.7409399,0.0009179572,13.831215,1.0408626,6.6768613,-1.7930397,-12.475314,-5.3549542,-3.0788615,-2.5194001,-0.1058623,-5.884435,-4.96007,1.3635074,-5.011335,-6.7489467,0 days 00:01:19.188778779,0 days 00:01:19.228778779
0 days 00:00:00.420000,0 days 00:00:00.460000,answer8,0.0,0.62629527,0.0,0.0,0.0,-100.0,0.28004345,0.71219033,0.0027519558,0.058956917,0.09250635,0.1516709,0.18003838,0.30615053,0.39272916,0.46753386,0.6587705,0.7458019,0.74097204,0.7651291,0.83915406,0.86158687,0.8988722,0.9049782,0.8119777,1.0348791,1.1043535,1.1458251,1.1769224,1.0714024,0.88924026,0.9568789,0.7837418,0.60989785,0.5291528,0.39678285,0.0012759663,0.00048912794,287.10938,445.01953,775.1953,2038.4766,0.03511093,879.6668,4.8642516,1.9897531e+06,4.6672235,31.280344,-0.0003577401,0.7327106,0.0008288652,15.441407,0.014733235,3.3648937,-0.4549267,-12.223762,-9.837287,-3.2765207,-1.5023762,2.088497,-3.5442288,-7.239489,0.018562475,-6.084087,-6.4657445,0 days 00:01:19.198778779,0 days 00:01:19.238778779
0 days 00:00:00.430000,0 days 00:00:00.470000,answer8,0.0,0.6247681,0.0,0.0,0.0,-100.0,0.27490345,0.6832941,0.0026832602,0.05895691,0.08070863,0.14653267,0.17442657,0.29076853,0.38511857,0.51449573,0.6847239,0.7571938,0.7133848,0.7166831,0.83495307,0.7915632,0.8744335,0.942234,0.75496083,0.9685917,1.0732943,1.0834795,1.0408424,1.0200195,0.83943003,0.87815,0.74912244,0.58497775,0.48409602,0.3814629,0.0012435109,0.00048222742,330.17578,531.15234,832.6172,1880.5664,0.031555757,918.8252,4.981688,1.860514e+06,5.0487485,36.548862,-0.00031639886,0.7803321,0.0007738597,16.210775,-2.2967196,-2.3107717,-3.3219712,-11.4011,-9.881949,-6.016708,-2.7215652,-0.28828064,-6.001726,-7.3163853,-0.6320873,-7.251669,-6.93907,0 days 00:01:19.208778779,0 days 00:01:19.248778779
0 days 00:00:00.440000,0 days 00:00:00.480000,answer8,0.0,0.6252669,0.0,0.0,0.0,-100.0,0.265164,0.66544694,0.0025803575,0.06443688,0.07281948,0.13501088,0.17998345,0.29553947,0.38747624,0.5294506,0.6871555,0.80693406,0.7620562,0.72042817,0.9142068,0.8064851,0.8456238,0.95647746,0.72861594,0.8600499,1.0083255,0.9917276,0.91894555,0.95099,0.83405524,0.79056674,0.723408,0.5707856,0.44902933,0.37547377,0.0012537544,0.00043570207,315.8203,473.73047,861.3281,1650.8789,0.027125826,858.99365,4.934659,1.6437754e+06,5.5111766,42.814423,-0.00031026147,0.74459237,0.00062577607,17.659653,-1.8641366,-5.4923587,-2.7249143,-6.890592,-6.3410497,-9.27565,-5.9819984,-8.197914,-7.330174,-4.522877,0.7182724,0.47452354,-1.1612669,0 days 00:01:19.218778779,0 days 00:01:19.258778779
0 days 00:00:00.450000,0 days 00:00:00.490000,answer8,0.0,0.6113023,0.0,0.0,0.0,-100.0,0.25643942,0.6579533,0.0026650864,0.07029479,0.07135326,0.121484995,0.18849766,0.30402467,0.39770937,0.5143658,0.6575227,0.8631935,0.837872,0.77619606,1.0231472,0.87146044,0.8051424,0.9384083,0.71636397,0.7453448,0.91294986,0.9094688,0.86587477,0.936008,0.87611675,0.7014144,0.69482845,0.56717557,0.4378672,0.37299547,0.0010609055,0.00043831384,344.53125,516.7969,961.8164,1636.5234,0.028269053,921.96783,4.982813,1.7089246e+06,5.201098,39.090694,-0.0002682458,0.79007196,0.00055928604,16.717422,-1.592053,-7.2741685,-3.830808,-1.3850435,-5.108013,-14.00652,-2.3404787,-7.9561257,-6.754547,2.5601804,-2.096615,1.652091,-2.6370842,0 days 00:01:19.228778779,0 days 00:01:19.268778779
0 days 00:00:00.460000,0 days 00:00:00.500000,answer8,0.0,0.6019849,0.0,0.0,0.0,-100.0,0.30121803,0.6792033,0.0027039405,0.077097505,0.070974536,0.113424025,0.19741528,0.30157292,0.40883818,0.5065221,0.61608267,0.8958866,0.9102424,0.88713264,1.1182823,0.98910874,0.80604035,0.94024324,0.74697345,0.6798225,0.85631067,0.8895475,0.91938204,1.0168972,0.9928775,0.67335385,0.70213,0.5911724,0.452883,0.3761687,0.0011612131,0.0011775169,430.66406,703.41797,1248.9258,1823.1445,0.03323358,1067.3527,5.209769,1.5802269e+06,4.3615913,31.242357,-0.00037127128,0.8802957,0.00072953524,14.38245,-5.3957367,-6.8796306,-4.688159,3.018342,-10.510815,-15.411983,-0.7892981,-6.074068,-5.5229983,3.421751,-3.917495,-2.5167162,-6.4243083,0 days 00:01:19.238778779,0 days 00:01:19.278778779
0 days 00:00:00.470000,0 days 00:00:00.510000,answer8,0.0,0.5982783,0.0,0.0,0.0,-100.0,0.30957475,0.7255366,0.0027292513,0.08390022,0.07148752,0.11401764,0.19914424,0.28739813,0.3997426,0.5030188,0.6021318,0.862802,0.96412516,1.0192227,1.1755375,1.1314974,0.8869047,0.98024017,0.81360555,0.6878616,0.8609682,0.9272914,1.042924,1.1707125,1.1552583,0.7441783,0.7670696,0.62625265,0.48364082,0.38691652,0.00074138725,0.0013025041,488.08594,904.39453,1492.9688,2411.7188,0.04031789,1274.3864,5.55409,1.9418526e+06,3.460414,20.80374,-0.00032749062,1.0152587,0.00074801286,11.46333,-7.6541767,-6.0583262,-4.57651,7.4904504,-9.520581,-11.093361,0.40405282,-5.8737397,-4.9187565,-0.4837904,-1.7801085,-6.288792,-8.75446,0 days 00:01:19.248778779,0 days 00:01:19.288778779
0 days 00:00:00.480000,0 days 00:00:00.520000,answer8,0.0,0.6090235,0.0,0.0,0.0,-100.0,0.3178979,0.788157,0.002640102,0.088246405,0.07153805,0.11836102,0.20138742,0.2736596,0.38000846,0.51548594,0.6151187,0.81765217,1.0188178,1.1353933,1.1796116,1.2316613,1.0245028,1.0506208,0.9047341,0.7583305,0.92609197,1.0426435,1.2005042,1.3260794,1.3085834,0.920088,0.8947694,0.66593665,0.50923735,0.40126464,0.00086371735,0.0012859764,445.01953,861.3281,1435.5469,2483.496,0.038657922,1245.1528,5.543389,1.929769e+06,3.2886505,19.0972,-0.00034955613,0.98522645,0.0007865057,10.918475,-7.1960416,-3.6533015,-6.2369766,7.3957477,-9.924817,-6.2564597,-4.27936,-7.602719,-8.995809,-2.9128904,5.974142,-6.6050725,-5.0997767,0 days 00:01:19.258778779,0 days 00:01:19.298778779
0 days 00:00:00.490000,0 days 00:00:00.530000,answer8,0.0,0.62006736,0.0,0.0,0.0,-100.0,0.266994,0.8215917,0.0024310707,0.0952381,0.07865695,0.124213934,0.2053423,0.28130728,0.35679802,0.49212447,0.61412746,0.7739541,1.0665733,1.1551467,1.1105007,1.222073,1.0808858,1.0708205,0.95315295,0.8287566,0.99575585,1.1679724,1.3090396,1.3760643,1.3603836,1.1150111,0.9994013,0.68354493,0.52713645,0.41264164,0.00056812516,0.00052413245,301.46484,588.5742,1263.2812,2799.3164,0.032136586,1177.5531,5.456955,2.8475272e+06,3.4630878,18.51124,-0.00022088415,0.9239766,0.0004951742,11.593703,-1.7071921,-0.29527155,-3.6822891,8.7911005,-2.5395591,-4.992423,-5.679402,-6.6725388,-8.84019,-0.8183131,10.375402,-2.4072077,-0.07234446,0 days 00:01:19.268778779,0 days 00:01:19.308778779
0 days 00:00:00.500000,0 days 00:00:00.540000,answer8,0.0,0.62872475,0.0,0.0,0.0,-100.0,0.2606622,0.8092825,0.0023603418,0.09939531,0.09615532,0.13047391,0.21105951,0.3047934,0.34992853,0.46387005,0.5965927,0.7478115,1.0572389,1.0843364,1.0095237,1.0981431,1.0203953,1.0247271,0.9189775,0.8586292,1.000389,1.2231971,1.3274537,1.317299,1.287649,1.2405733,1.0287267,0.68590283,0.53712803,0.42036876,0.0006799254,0.00042247385,229.6875,430.66406,1091.0156,2583.9844,0.024309887,1094.1676,5.4404807,3.2128888e+06,3.5819025,18.676567,-0.00022954804,0.8634564,0.0004479957,13.09922,1.298437,0.1273017,-3.1764534,7.2986016,-3.6798127,-3.545024,-3.5323036,-2.836666,-4.808207,2.5977566,11.044084,-3.6003332,1.5253991,0 days 00:01:19.278778779,0 days 00:01:19.318778779
0 days 00:00:00.510000,0 days 00:00:00.550000,answer8,0.0,0.6268213,0.0,0.0,0.0,-100.0,0.2468675,0.77429026,0.0023088234,0.10090703,0.11822779,0.1449873,0.22455943,0.32232907,0.35409355,0.44228998,0.58208686,0.7292807,0.9825991,0.9745514,0.9186751,0.95625323,0.8994052,0.94894534,0.85349363,0.88205796,0.9774594,1.196311,1.2904925,1.2128323,1.1756634,1.2610364,0.99283934,0.6949711,0.5574878,0.43861702,0.00050638354,0.00033997954,186.6211,358.88672,990.52734,2871.0938,0.025559662,1136.9277,5.2679734,4.3006395e+06,3.3897362,15.775009,-0.00022188901,0.8848545,0.00047319176,12.5824175,4.1422286,1.4383997,1.6350666,5.6973596,2.6654308,0.08167537,-1.8008312,-4.1347985,-2.7884858,-2.4735394,3.1770706,-4.8101635,-1.589832,0 days 00:01:19.288778779,0 days 00:01:19.328778779
0 days 00:00:00.520000,0 days 00:00:00.560000,answer8,0.0,0.62575287,0.0,0.0,0.0,-100.0,0.26146877,0.7506807,0.0024793919,0.101096,0.13230687,0.16699307,0.24033241,0.32566354,0.36714467,0.4417421,0.6015112,0.7401774,0.90833765,0.8727011,0.86220044,0.8539832,0.81377643,0.8860143,0.8229432,0.95843965,0.96499443,1.109541,1.2260103,1.1216401,1.1067456,1.2188388,0.948698,0.7255679,0.61261946,0.48877573,0.00067265355,0.00034398097,244.04297,459.375,990.52734,3201.2695,0.030853713,1231.7672,5.277633,4.5940155e+06,3.150359,13.700912,-0.00025575768,0.9669445,0.0006268158,12.144301,5.1895967,-1.5594922,1.8134665,-2.663637,1.5213052,4.3385587,-1.7345018,-8.58311,-3.1486807,-6.3525367,0.02342701,-1.2648941,-0.33704233,0 days 00:01:19.298778779,0 days 00:01:19.338778779
0 days 00:00:00.530000,0 days 00:00:00.570000,answer8,0.0,0.62210554,0.0,0.0,0.0,-100.0,0.2889494,0.774107,0.0028982523,0.1037415,0.13744532,0.19590557,0.2726353,0.3360144,0.3974278,0.467621,0.66466755,0.78988266,0.88582474,0.8122557,0.84454745,0.81531674,0.8031443,0.8948429,0.8962305,1.1030906,1.0261254,1.0948273,1.1945862,1.0850751,1.1458759,1.2119107,0.972878,0.8040516,0.7049729,0.56962436,0.001244793,0.00043146615,229.6875,387.59766,861.3281,3273.0469,0.03933094,1183.7925,5.0674367,4.539652e+06,3.088558,12.9729805,-0.0004099613,0.92580414,0.00095847883,11.613006,7.4693885,1.2980905,3.6637752,-5.811991,1.1287466,5.741956,-4.227625,-9.375873,-5.2143097,-7.4629817,-0.97353935,-3.104099,-2.1741087,0 days 00:01:19.308778779,0 days 00:01:19.348778779
0 days 00:00:00.540000,0 days 00:00:00.580000,answer8,0.0,0.6114744,0.0,0.0,0.0,-100.0,0.32619298,0.83617526,0.0032855824,0.11375662,0.13345553,0.22121693,0.30523074,0.37356254,0.44329834,0.5147917,0.75583154,0.8623666,0.93181545,0.7918418,0.85561067,0.8488777,0.84283274,0.9492531,1.0593548,1.2539731,1.1586971,1.181178,1.198069,1.117178,1.2433659,1.255509,1.0429912,0.9143098,0.831172,0.654774,0.0015286948,0.00062071305,287.10938,516.7969,1091.0156,3732.4219,0.044193316,1306.8778,5.409357,4.416213e+06,2.9231193,12.016491,-0.00047448286,1.0236049,0.0012017069,11.251491,4.924505,-1.7308458,0.37258434,-9.714305,-3.8007557,2.930577,-4.7939153,-7.637797,-5.4701233,-6.584217,-0.6966693,-1.5935553,-2.1583667,0 days 00:01:19.318778779,0 days 00:01:19.358778779
0 days 00:00:00.550000,0 days 00:00:00.590000,answer8,0.0,0.5931168,0.0,0.0,0.0,-100.0,0.34461284,0.9262411,0.0033879417,0.1286848,0.13011056,0.22498131,0.31859994,0.4296986,0.5100918,0.58305115,0.8576944,0.9340518,1.0167164,0.83954096,0.9272959,0.9450553,0.9491091,1.0532023,1.2569008,1.3518791,1.3202804,1.3284717,1.2687883,1.2234719,1.3711395,1.3811593,1.1616217,1.0399747,0.9428993,0.7164801,0.0014515804,0.00081877486,344.53125,631.6406,1564.7461,4593.75,0.0431255,1569.4443,5.6782036,5.2329845e+06,2.6302884,10.479556,-0.00048734853,1.2030873,0.0012578764,9.510369,2.6284273,-3.6233013,-0.6609221,-5.4150767,-5.175249,1.8629881,-4.400374,-3.872079,-3.308686,-2.4911087,3.6418648,-0.5749286,-0.80246705,0 days 00:01:19.328778779,0 days 00:01:19.368778779
0 days 00:00:00.560000,0 days 00:00:00.600000,answer8,0.0,0.585432,0.0,0.0,0.0,-100.0,0.3502076,1.010029,0.0032705301,0.14058958,0.12270186,0.21098252,0.30544004,0.44104633,0.5436545,0.6354361,0.92582184,0.96147346,1.1004748,0.9420735,1.0566598,1.1021581,1.1033632,1.1387227,1.3910171,1.416313,1.4750179,1.4381523,1.385909,1.3600144,1.489411,1.4981519,1.2826613,1.1620682,1.0262488,0.7457819,0.00080022175,0.0010256137,502.4414,976.1719,2526.5625,6373.828,0.038475275,2127.2737,6.238917,6.9827915e+06,1.9918232,6.6100082,-0.00036928235,1.6005799,0.0011325945,6.668653,-1.9262663,-9.010149,-0.5818138,-3.2126846,-3.433937,1.3612089,-4.3081155,0.36590734,-1.0709592,-3.08627,-2.6480157,2.6956666,-2.9425974,0 days 00:01:19.338778779,0 days 00:01:19.378778779
0 days 00:00:00.570000,0 days 00:00:00.610000,answer8,0.0,0.588746,0.0,0.0,0.0,-100.0,0.36990514,1.0799149,0.0032558802,0.14663643,0.11538735,0.18528189,0.27063647,0.4025872,0.54047996,0.6657886,0.9671723,0.9789997,1.1937727,1.0709691,1.2072172,1.2658105,1.291757,1.2022465,1.433515,1.4892179,1.5566101,1.4522699,1.5285522,1.4905038,1.636272,1.5874267,1.3879303,1.2857099,1.098294,0.77338153,0.00057097943,0.0012331851,602.9297,1134.082,3474.0234,7450.4883,0.034656152,2501.46,6.5315685,8.2367895e+06,1.5716486,4.5547338,-0.0003953687,1.8579077,0.0011575301,4.5409966,-2.1331623,-11.067665,-0.048881907,1.5429798,-1.3088849,4.9711003,2.0485437,1.5124711,0.71175617,0.23082428,-1.7178463,3.1151865,-5.5386558,0 days 00:01:19.348778779,0 days 00:01:19.388778779
0 days 00:00:00.580000,0 days 00:00:00.620000,answer8,0.0,0.6083403,0.0,0.0,0.0,-100.0,0.4020116,1.1395103,0.0037715428,0.15022676,0.1112882,0.17446862,0.2557652,0.35100064,0.52876616,0.6911195,0.98820955,0.96816903,1.2652397,1.1720892,1.3045951,1.3462285,1.4532629,1.2851516,1.4525007,1.6293224,1.5759434,1.4391594,1.6583385,1.6004876,1.7981454,1.6375155,1.5066513,1.4287008,1.1850656,0.8200844,0.0014191543,0.0015107346,588.5742,1047.9492,3387.8906,7680.176,0.041037504,2526.7297,6.461323,8.627101e+06,1.5315794,4.3777337,-0.00056111836,1.8758699,0.0015089832,4.56449,-0.39763466,-9.886614,1.0045983,-4.7116475,-5.55929,5.658527,-0.05667607,-2.3894188,-1.5748743,2.4735541,-4.653879,0.035234492,-9.180291,0 days 00:01:19.358778779,0 days 00:01:19.398778779
0 days 00:00:00.590000,0 days 00:00:00.630000,answer8,0.0,0.6128652,0.0,0.0,0.0,-100.0,0.43915728,1.206853,0.004617158,0.1568405,0.10793067,0.18471698,0.26924288,0.34896222,0.58399457,0.7685829,1.031214,0.9906659,1.3005233,1.2351516,1.3322569,1.3723809,1.5446597,1.379865,1.5374314,1.82694,1.5778083,1.4691778,1.7641977,1.7514,1.9477199,1.6857618,1.621737,1.5797459,1.2814631,0.8846509,0.0029823205,0.0017028224,502.4414,760.83984,2928.5156,7192.09,0.05002596,2297.2822,6.053284,8.3738605e+06,1.692864,4.985592,-0.00083822524,1.7205776,0.0023845434,5.3370996,1.6348544,-8.637045,-3.0710592,-10.210288,-10.921684,1.9838985,-1.850828,-4.7578044,-0.1476969,5.367945,-5.318574,0.90074015,-6.0564523,0 days 00:01:19.368778779,0 days 00:01:19.408778779
0 days 00:00:00.600000,0 days 00:00:00.640000,answer8,0.0,0.6124533,0.0,0.0,0.0,-100.0,0.4523817,1.2695829,0.005418628,0.16836734,0.11028412,0.22189486,0.31781566,0.408739,0.71792364,0.86790866,1.1037139,1.0534974,1.2927941,1.2585415,1.2939304,1.3518826,1.5791782,1.4475673,1.6637851,2.0199306,1.5718342,1.5082611,1.8186809,1.9163636,2.005961,1.7522583,1.7434629,1.6782905,1.3424257,0.96223193,0.0033944352,0.0016971197,358.88672,617.28516,2081.543,7421.7773,0.06353725,2145.7778,5.738535,9.093995e+06,1.795413,5.2478523,-0.0011126128,1.6230031,0.0029640791,7.5352764,4.847605,-7.937332,-0.9283139,-12.373418,-12.099521,2.4313297,-3.6305797,-7.5614204,-1.8913504,0.10885397,-8.971406,0.7915118,-2.9011452,0 days 00:01:19.378778779,0 days 00:01:19.418778779
0 days 00:00:00.610000,0 days 00:00:00.650000,answer8,0.0,0.5956536,0.0,0.0,0.0,-100.0,0.45494178,1.3076063,0.005618381,0.18159485,0.10672585,0.27814546,0.39095464,0.4915855,0.8770531,0.95952517,1.1687976,1.1385766,1.2371514,1.2566603,1.2639455,1.3914522,1.5640951,1.4111973,1.7063018,2.1427994,1.566803,1.5218898,1.8240241,2.0484462,1.9669739,1.7767221,1.8193527,1.7106732,1.354482,1.0234307,0.0038974674,0.0015599956,301.46484,531.15234,2124.6094,7751.953,0.06814195,2146.7134,5.634796,1.0082861e+07,1.8006763,5.172605,-0.0012402887,1.6313726,0.003510515,8.003944,6.430016,-9.445704,-2.5575473,-9.934751,-12.138489,-4.8864646,-5.7383056,-5.913967,-3.2737663,-7.0206122,-15.445857,-1.1166469,-5.2929935,0 days 00:01:19.388778779,0 days 00:01:19.428778779
0 days 00:00:00.620000,0 days 00:00:00.660000,answer8,0.0,0.58108646,0.0,0.0,0.0,-100.0,0.44152126,1.3073862,0.0053121247,0.19406651,0.10718907,0.32772985,0.46254852,0.5567007,0.9449792,0.98445344,1.1973034,1.2150499,1.1755234,1.2381622,1.2560078,1.4478136,1.5692765,1.3350037,1.6214333,2.09888,1.5070378,1.499898,1.7766905,2.0838847,1.9083923,1.7676622,1.8361583,1.6772434,1.3364426,1.060578,0.0030772674,0.0014199765,272.7539,689.0625,3502.7344,8871.68,0.068237275,2580.268,6.025541,1.2577875e+07,1.4972569,4.042799,-0.0011203721,1.9403343,0.002975233,8.340221,7.9362445,-9.587146,1.6321629,-6.7732754,-11.972862,-3.2713308,-2.7911577,-7.161062,-8.239051,-9.275165,-12.320888,-1.2729565,-5.5069804,0 days 00:01:19.398778779,0 days 00:01:19.438778779
0 days 00:00:00.630000,0 days 00:00:00.670000,answer8,0.0,0.58268285,0.0,0.0,0.0,-100.0,0.4378039,1.2806,0.004887914,0.20427059,0.10501257,0.34445396,0.49816933,0.59303457,0.92059684,0.9657195,1.1573149,1.2318233,1.1162523,1.221683,1.2648555,1.4560341,1.5638334,1.2879244,1.4809924,1.9645935,1.4277037,1.5103432,1.7343239,2.0262651,1.8557523,1.7498255,1.8203974,1.6358963,1.3161992,1.0465991,0.0031649622,0.0014325412,358.88672,803.90625,4665.5273,9201.855,0.061437096,2872.2869,6.337082,1.3300224e+07,1.3409787,3.5848083,-0.00091208104,2.1421468,0.0026602994,6.3912816,6.2846103,-9.995625,-3.0971782,-8.130933,-14.422128,-6.381043,-7.729338,-5.262661,-8.255232,-2.860121,-8.591729,-1.9970392,-4.7510705,0 days 00:01:19.408778779,0 days 00:01:19.448778779
0 days 00:00:00.640000,0 days 00:00:00.680000,answer8,0.0,0.5846719,0.0,0.0,0.0,-100.0,0.40943182,1.2362088,0.004459322,0.22089946,0.10572953,0.3129612,0.46759105,0.5979503,0.84435993,0.9193697,1.0519513,1.1881511,1.0407981,1.2132413,1.2807993,1.3708777,1.5354056,1.2858636,1.377623,1.7381853,1.3559246,1.5696721,1.7113017,1.9230728,1.8337094,1.7551813,1.7802893,1.5886787,1.3003994,0.992341,0.0020242715,0.0012615387,430.66406,1263.2812,6201.5625,9474.609,0.054376543,3433.2656,6.6703014,1.4596925e+07,1.040424,2.877451,-0.0006430202,2.5296087,0.0019744788,4.930794,6.3306804,-10.115299,-1.1513684,-5.2965727,-12.68234,-3.617564,-4.6507764,-1.7756649,-4.6554503,3.1645343,-0.11100165,-1.6143585,-2.9723914,0 days 00:01:19.418778779,0 days 00:01:19.458778779
0 days 00:00:00.650000,0 days 00:00:00.690000,answer8,0.0,0.58078194,0.0,0.0,0.0,-100.0,0.38916647,1.181542,0.004100639,0.23828419,0.10512149,0.2653657,0.40091905,0.5656617,0.7751115,0.8622902,0.93791795,1.085012,0.96714634,1.2052054,1.2779486,1.2086066,1.4350075,1.2879422,1.3344654,1.532641,1.3453217,1.5981756,1.6866522,1.7965006,1.7749254,1.7555904,1.7449012,1.5355381,1.3028306,0.9332977,0.001533622,0.0010624507,488.08594,1679.5898,6345.117,9417.1875,0.048813403,3696.3738,6.7559485,1.4584704e+07,0.9079115,2.7411034,-0.00051935366,2.7022755,0.001866377,3.1218102,6.7908,-11.618519,-2.4397118,-7.4225516,-9.880498,-4.4344964,-8.61002,-0.8435939,-1.4562517,4.8135624,-3.3901575,-6.4013076,-8.700755,0 days 00:01:19.428778779,0 days 00:01:19.468778779
0 days 00:00:00.660000,0 days 00:00:00.700000,answer8,0.0,0.56523603,0.0,0.0,0.0,-100.0,0.35591558,1.1152742,0.0036742568,0.25925925,0.09847773,0.22462158,0.3462213,0.5080086,0.7206437,0.794473,0.80362225,0.9289414,0.86653924,1.1488129,1.2709017,1.0796816,1.291378,1.2522458,1.2968626,1.3415822,1.3852253,1.54806,1.6346403,1.6649805,1.6680108,1.7180706,1.7022511,1.4950291,1.3143548,0.8934913,0.0011611534,0.00078672677,488.08594,3086.4258,7364.3555,9689.941,0.04444057,4256.217,6.8886676,1.5532212e+07,0.60938406,2.274731,-0.0003965853,3.089647,0.0015838281,1.5439895,8.159463,-10.501912,4.6436763,-7.561876,-13.928317,-9.08187,-12.999669,-0.6974716,-3.1480935,3.2067177,-4.500014,-6.0804367,-8.574353,0 days 00:01:19.438778779,0 days 00:01:19.478778779
0 days 00:00:00.670000,0 days 00:00:00.710000,answer8,0.0,0.55653435,0.0,0.0,0.0,-100.0,0.34384432,1.0460706,0.0035065683,0.26814058,0.091483116,0.19964056,0.33325204,0.45375553,0.6571117,0.72413063,0.7050505,0.77353364,0.7880795,1.0279454,1.2100434,1.0179981,1.1669226,1.1951424,1.2529591,1.213148,1.4112905,1.4003959,1.5307503,1.537096,1.5340352,1.6407385,1.6634992,1.4522823,1.3287392,0.8888133,0.0010892428,0.00064591184,502.4414,4177.4414,7694.5312,9689.941,0.041201513,4480.824,6.96138,1.5450947e+07,0.46735883,2.1164632,-0.00036823828,3.2475176,0.0013879811,0.70622015,9.109137,-11.036307,4.5397124,-10.606819,-17.20058,-8.9282,-12.918088,-2.0773153,-3.9179878,0.02968339,-7.2839036,-3.454399,-5.545324,0 days 00:01:19.448778779,0 days 00:01:19.488778779
0 days 00:00:00.680000,0 days 00:00:00.720000,answer8,0.0,0.55303395,0.0,0.0,0.0,-100.0,0.3300427,0.99033505,0.003501157,0.26776266,0.08713894,0.18481588,0.3433158,0.4371272,0.61307245,0.65427953,0.6155189,0.6446448,0.716371,0.88828564,1.1089699,1.0263857,1.0671159,1.1236832,1.2000526,1.166344,1.4098908,1.2621291,1.4596163,1.4673351,1.4337683,1.5763369,1.6462978,1.43355,1.2927033,0.88996077,0.0009334569,0.00054183824,459.375,5239.746,8168.2617,9733.008,0.04033107,4755.1587,7.0188394,1.5696795e+07,0.32835642,1.9943422,-0.00033274142,3.4354668,0.0013099067,0.06371313,11.406301,-6.243433,7.027008,-5.9749284,-17.165827,-10.040868,-13.69379,-0.7918225,-1.8244596,1.5172547,-3.7456062,0.55389714,0.28308535,0 days 00:01:19.458778779,0 days 00:01:19.498778779
0 days 00:00:00.690000,0 days 00:00:00.730000,answer8,0.0,0.5563608,0.0,0.0,0.0,-100.0,0.3448491,0.96204805,0.003584712,0.2585034,0.09626909,0.17654528,0.339259,0.45352587,0.5748678,0.6106239,0.585413,0.58927506,0.674987,0.7873512,0.9843349,1.0711936,1.0299525,1.0988475,1.1713489,1.1736077,1.3895513,1.2195693,1.4312916,1.462326,1.4070258,1.544021,1.6247663,1.4081532,1.219742,0.8893995,0.00089401635,0.00064658216,502.4414,4708.5938,7952.9297,9833.496,0.04144539,4678.1343,7.093574,1.5541092e+07,0.38517502,2.036291,-0.00035170096,3.3790407,0.0013543338,0.38407567,10.450797,-5.8157773,4.7686577,-7.757595,-13.208783,-4.088039,-4.3682003,3.4965665,-0.72424144,1.7677526,-0.9275713,2.0946653,-0.3576394,0 days 00:01:19.468778779,0 days 00:01:19.508778779
0 days 00:00:00.700000,0 days 00:00:00.740000,answer8,0.0,0.5594016,0.0,0.0,0.0,-100.0,0.3508905,0.96421164,0.0036708752,0.24074073,0.11750758,0.18838906,0.31902763,0.45995414,0.5436649,0.60441816,0.606849,0.5865276,0.6673965,0.75798035,0.8844206,1.1083962,1.0203578,1.1183888,1.1869222,1.2216611,1.4496883,1.3013068,1.4859363,1.5188985,1.437301,1.5339742,1.5726027,1.3642658,1.1262623,0.8874015,0.00074032554,0.0007784471,502.4414,3947.754,7838.086,9804.785,0.043164477,4528.564,7.0811996,1.5314933e+07,0.45653066,2.0958917,-0.000357662,3.2608204,0.0014152635,0.44217345,9.75927,-0.08836397,7.736877,-6.13501,-6.605936,-1.3635975,-0.04784584,7.0562224,1.4251546,1.7443981,0.8869361,-0.9103131,-3.2664165,0 days 00:01:19.478778779,0 days 00:01:19.518778779
0 days 00:00:00.710000,0 days 00:00:00.750000,answer8,0.0,0.57647866,0.0,0.0,0.0,-100.0,0.3721883,0.99082017,0.0036169009,0.2224112,0.14516617,0.21689372,0.29303262,0.4600711,0.5266328,0.6332293,0.6480498,0.6316929,0.6951216,0.7433898,0.8280112,1.1341537,1.0460384,1.1934487,1.2696198,1.2822815,1.6152061,1.4461659,1.5995184,1.5887245,1.4852548,1.5506955,1.4929094,1.3036617,1.047743,0.88461,0.0008986771,0.00090248004,502.4414,2842.3828,7120.3125,9517.676,0.042760354,4053.1355,7.028958,1.4282845e+07,0.66244024,2.3422003,-0.0004157181,2.9141502,0.0014345357,1.0370421,8.827294,1.0004549,5.091987,-9.895469,-6.3013406,3.7020445,5.298474,6.6754155,0.9491083,-0.59300643,3.6709883,2.0425727,-0.18873978,0 days 00:01:19.488778779,0 days 00:01:19.528778779
0 days 00:00:00.720000,0 days 00:00:00.760000,answer8,0.0,0.59227777,0.0,0.0,0.0,-100.0,0.35525575,1.0149711,0.003433387,0.19879062,0.16301517,0.2490625,0.2886208,0.43525562,0.5274831,0.6921239,0.6820472,0.67259353,0.73524886,0.7277608,0.81279135,1.1181973,1.0658647,1.2415428,1.36244,1.3251613,1.7690951,1.540244,1.7423816,1.6585546,1.5508162,1.5682687,1.4064513,1.2072482,0.97686905,0.8701124,0.0008836586,0.00076731195,445.01953,2124.6094,6617.871,9259.277,0.04287493,3719.0918,6.8312244,1.3845735e+07,0.7867196,2.5151114,-0.00038729483,2.6681185,0.0012450974,1.0582651,10.462966,4.3125305,3.2399042,-5.0907245,-6.801317,-0.620385,4.213835,3.7204008,5.7021623,1.1512192,0.3884503,-4.004664,-3.9398067,0 days 00:01:19.498778779,0 days 00:01:19.538778779
0 days 00:00:00.730000,0 days 00:00:00.770000,answer8,0.0,0.60524553,0.0,0.0,0.0,-100.0,0.3312465,1.0040294,0.0031181641,0.17441422,0.1711927,0.27803776,0.30287376,0.41428745,0.55402195,0.7421077,0.6786356,0.6882908,0.7348056,0.7145559,0.81570727,1.0719639,1.0344005,1.1991407,1.35538,1.2952741,1.7608827,1.5220827,1.789756,1.6808515,1.6170382,1.5527134,1.3218247,1.0997177,0.89237285,0.81684804,0.001020501,0.0005604014,330.17578,1349.4141,4651.172,8685.059,0.039020833,2985.3699,6.3926806,1.2245855e+07,1.1947856,3.5022967,-0.0003807766,2.1637983,0.0010838594,3.5431747,12.961169,2.368736,0.25674123,-2.7268884,-9.504828,-1.6206356,5.1282353,5.485539,8.21149,1.7099948,-1.2105206,-2.8690493,-5.6757455,0 days 00:01:19.508778779,0 days 00:01:19.548778779
0 days 00:00:00.740000,0 days 00:00:00.780000,answer8,0.0,0.6060489,0.0,0.0,0.0,-100.0,0.282648,0.94466656,0.0027225753,0.15060468,0.16818756,0.28705317,0.31997854,0.39219108,0.58272535,0.76869005,0.6633853,0.6829643,0.6979494,0.7196036,0.8010037,0.9899802,0.97031546,1.0775546,1.2088147,1.203189,1.560256,1.4024786,1.6683842,1.6216612,1.6162981,1.4414033,1.2141404,0.9883732,0.79248834,0.72226185,0.00078938185,0.00032263584,272.7539,818.2617,3689.3555,8311.816,0.03504357,2572.544,6.082489,1.1462456e+07,1.4490538,4.169069,-0.00027486472,1.8835119,0.0007244337,5.3028436,13.547862,1.6180621,0.48793438,-0.9499564,-8.116891,-2.0061164,3.4108515,7.4618526,7.448456,2.439356,-2.178728,-1.5237249,-9.820815,0 days 00:01:19.518778779,0 days 00:01:19.558778779
0 days 00:00:00.750000,0 days 00:00:00.790000,answer8,0.0,0.6079581,0.0,0.0,0.0,-100.0,0.25163522,0.8515269,0.0023354406,0.13114135,0.16218811,0.28399324,0.32605383,0.36778626,0.5737564,0.7458051,0.64247817,0.66525006,0.6367698,0.731503,0.7627589,0.89723617,0.8884451,0.9120865,1.0009298,1.0790203,1.3261465,1.2574561,1.4196664,1.448469,1.5138421,1.2494091,1.0807859,0.8815047,0.67727715,0.609083,0.000577597,0.0002120645,200.97656,545.5078,2784.961,7651.465,0.027715819,2178.654,5.949001,9.986232e+06,1.6833111,4.866038,-0.00021292474,1.6104733,0.00048603816,6.9566226,12.896094,0.78027505,0.08786216,-2.114365,-4.3497596,3.5742037,1.596901,9.975099,6.529642,-4.028643,-1.5803027,1.3274592,-7.693369,0 days 00:01:19.528778779,0 days 00:01:19.568778779
0 days 00:00:00.760000,0 days 00:00:00.800000,answer8,0.0,0.6104757,0.0,0.0,0.0,-100.0,0.23601115,0.7669286,0.0020555982,0.11281178,0.15359883,0.26811716,0.31515715,0.35720694,0.5394588,0.6881828,0.6216109,0.6613093,0.62016195,0.72274214,0.7089889,0.81492853,0.8311832,0.8081812,0.8636341,1.0031012,1.1797653,1.1525923,1.1694187,1.2243899,1.3410066,1.0698787,0.94574374,0.79230136,0.5793846,0.5081004,0.00039336018,0.000194646,215.33203,531.15234,2813.6719,7134.668,0.024007278,2074.0454,5.974361,9.156639e+06,1.8317391,5.674416,-0.0001536573,1.5290388,0.00035471495,7.0089116,10.727386,2.4374874,1.4724733,-3.1734097,-4.6603293,5.127004,-2.9343407,4.038529,4.237449,-1.9122328,2.7050416,1.0198298,-8.527682,0 days 00:01:19.538778779,0 days 00:01:19.578778779
0 days 00:00:00.770000,0 days 00:00:00.810000,answer8,0.0,0.6185416,0.0,0.0,0.0,-100.0,0.2360184,0.7141912,0.0019582585,0.09807256,0.14396198,0.24902016,0.2900664,0.35447547,0.49570167,0.628182,0.592992,0.6517561,0.64166766,0.71908253,0.6879652,0.7745895,0.79803854,0.7788744,0.83699226,0.98600954,1.1470561,1.1327785,1.0244852,1.0267974,1.1863077,0.94209474,0.84663624,0.6996174,0.5013244,0.43249834,0.0003861119,0.00024188,200.97656,545.5078,2268.164,5584.2773,0.02084895,1779.0645,5.8300185,7.0212905e+06,2.2329671,8.197989,-0.00014716585,1.3216506,0.00033993841,8.096293,6.296886,2.4405935,0.94257694,-3.0968654,-3.7470665,5.1871715,-4.5063744,8.117272,7.4239063,0.6588895,6.5225163,-0.07043648,-5.965576,0 days 00:01:19.548778779,0 days 00:01:19.588778779
0 days 00:00:00.780000,0 days 00:00:00.820000,answer8,0.0,0.6228046,0.0,0.0,0.0,-100.0,0.24843363,0.7057864,0.0020923521,0.085600905,0.13981633,0.23701406,0.272387,0.38300928,0.4882426,0.59996843,0.56335706,0.6630163,0.6952391,0.7372528,0.71718115,0.8148394,0.80191916,0.8408701,0.880233,1.0450276,1.1917688,1.2191733,0.9727173,0.9244258,1.0942749,0.86542654,0.76937765,0.6123067,0.4461743,0.37542716,0.0005843893,0.0003558978,200.97656,459.375,1593.457,3976.4648,0.021714421,1352.3553,5.524528,4.5890915e+06,2.9455805,14.129272,-0.0001920833,1.0215236,0.00041597473,10.857629,2.3786898,6.458484,2.0533113,-3.6721325,-3.5948505,-0.2827239,-6.963225,6.2844753,6.1354675,0.12291113,9.442821,5.493597,-5.3120465,0 days 00:01:19.558778779,0 days 00:01:19.598778779
0 days 00:00:00.790000,0 days 00:00:00.830000,answer8,0.0,0.62321466,0.0,0.0,0.0,-100.0,0.24708737,0.721448,0.0021837836,0.08182162,0.1396207,0.23572135,0.2771667,0.42174783,0.50919384,0.5969904,0.55052555,0.6912258,0.74354404,0.7849474,0.7657836,0.8937952,0.8424368,0.9428541,0.9376009,1.1573882,1.2643976,1.3266089,0.97099924,0.9068883,1.0237292,0.7915713,0.70971537,0.5399632,0.4009163,0.33231726,0.00059282786,0.0003638419,186.6211,401.95312,1177.1484,2756.25,0.022423247,1091.411,5.2532997,3.202482e+06,3.4873273,18.266493,-0.00020870747,0.8429248,0.00041202843,12.826629,1.0666171,7.723068,2.225988,-5.4384446,-1.5848535,1.5183244,-7.0187974,5.809253,3.6346443,-3.4929802,4.491039,5.093332,-4.485678,0 days 00:01:19.568778779,0 days 00:01:19.608778779
0 days 00:00:00.800000,0 days 00:00:00.840000,answer8,0.0,0.61781406,0.0,0.0,0.0,-100.0,0.2459655,0.7430771,0.0021069695,0.088246405,0.1423056,0.24187528,0.30209294,0.44551888,0.52970105,0.6052561,0.59735566,0.7537984,0.775796,0.84342116,0.8190901,0.95214456,0.8999927,1.0185225,0.98239535,1.2629801,1.3417181,1.375606,1.0005554,0.93050486,0.9679977,0.7327578,0.6449009,0.48383343,0.3640535,0.30583274,0.000545009,0.0003607031,215.33203,445.01953,1062.3047,2612.6953,0.024026556,1049.2949,5.285378,2.950809e+06,3.7147043,20.025986,-0.0002096517,0.8251192,0.00037887122,13.872441,0.09057355,7.4617686,-0.124401726,-5.4189763,0.5815077,3.2167575,-1.8976383,1.5620481,3.2308514,-5.168184,0.49668607,0.29374108,-6.4415536,0 days 00:01:19.578778779,0 days 00:01:19.618778779
0 days 00:00:00.810000,0 days 00:00:00.850000,answer8,0.0,0.61701196,0.0,0.0,0.0,-100.0,0.23535557,0.7528263,0.0020328828,0.10034013,0.14139616,0.2491247,0.33510032,0.45130694,0.5467356,0.6002491,0.6671216,0.8125294,0.8102607,0.87847185,0.84724855,0.9280469,0.9231267,1.0594712,1.0058092,1.2871488,1.3437438,1.3155323,1.0397562,0.96357584,0.9299459,0.71620464,0.59791285,0.46975493,0.35339633,0.30051282,0.00048479447,0.00026036645,229.6875,459.375,933.10547,2899.8047,0.023741657,1132.9794,5.320263,3.793198e+06,3.4670913,16.57042,-0.00018459723,0.89766246,0.0003693666,13.204095,3.125718,3.4146023,-1.4039202,-5.04868,-0.3646009,5.0404425,-1.322491,-1.1112528,0.8978996,0.6178019,1.3269778,-0.6678502,-5.959288,0 days 00:01:19.588778779,0 days 00:01:19.628778779
0 days 00:00:00.820000,0 days 00:00:00.860000,answer8,0.0,0.62046474,0.0,0.0,0.0,-100.0,0.24185331,0.75603193,0.0021076659,0.112244904,0.13630506,0.25134155,0.3488526,0.44973263,0.5674502,0.59962314,0.74481314,0.8673014,0.8559289,0.89827746,0.8729396,0.8617816,0.8954585,1.0548292,0.997561,1.2133875,1.2878414,1.2033378,1.1061198,0.9958567,0.9262789,0.7481501,0.5893032,0.49317715,0.37751302,0.31366885,0.0006839966,0.0002454993,258.39844,502.4414,918.75,3072.0703,0.023126716,1197.0292,5.374228,4.3278705e+06,3.2968779,14.660103,-0.00020769537,0.95200044,0.0004199474,13.013702,4.991201,1.0303979,-5.115148,-4.429116,-0.012160142,1.2344667,-2.1811044,-0.92007446,-0.19439657,2.6322615,2.236758,2.318417,-4.281911,0 days 00:01:19.598778779,0 days 00:01:19.638778779
0 days 00:00:00.830000,0 days 00:00:00.870000,answer8,0.0,0.620615,0.0,0.0,0.0,-100.0,0.24174325,0.7634577,0.002322021,0.11866969,0.12931484,0.2556572,0.35903773,0.46570837,0.5929103,0.60370475,0.7630954,0.9204485,0.923553,0.90279317,0.8927918,0.81756514,0.85718775,1.044201,0.9564509,1.1089977,1.1921455,1.1367294,1.1619058,1.0391883,0.9678609,0.81657714,0.617469,0.5399695,0.43832514,0.3463123,0.0006737494,0.00021952158,229.6875,459.375,976.1719,4450.1953,0.02440021,1385.0355,5.34964,5.9548335e+06,2.8494618,11.127826,-0.00021317252,1.0827798,0.0004629355,12.008591,8.106846,-0.3790935,-2.8285773,-3.0262692,-0.11588907,-0.7770193,-4.112851,-5.8918285,-5.0111623,-2.1859741,2.9041665,2.961378,-6.084581,0 days 00:01:19.608778779,0 days 00:01:19.648778779
0 days 00:00:00.840000,0 days 00:00:00.880000,answer8,0.0,0.61635756,0.0,0.0,0.0,-100.0,0.26407817,0.78950596,0.0025397001,0.11961451,0.1244543,0.26142088,0.3769866,0.49777403,0.63260126,0.6241534,0.7650098,0.97497195,0.99504584,0.9229037,0.9144478,0.8352993,0.84125465,1.0114112,0.91831183,1.0542995,1.1482091,1.1523663,1.2024789,1.1237892,1.0517367,0.89808077,0.69197613,0.59300226,0.51829416,0.39687753,0.00093947747,0.00029285238,272.7539,473.73047,1004.8828,4722.949,0.028358856,1452.9113,5.3771224,6.262e+06,2.7608602,10.529731,-0.00027158126,1.1330242,0.00063500484,11.606488,8.070609,-1.1815478,-6.6987166,-3.1914968,0.7251354,-2.6423655,-3.7397196,-4.8039646,0.06830692,-4.513485,1.7101561,2.493027,-5.418611,0 days 00:01:19.618778779,0 days 00:01:19.658778779
0 days 00:00:00.850000,0 days 00:00:00.890000,answer8,0.0,0.60246664,0.0,0.0,0.0,-100.0,0.28301367,0.8395481,0.0026277239,0.12188208,0.12088462,0.26380762,0.39258656,0.5064811,0.6563263,0.67446536,0.79041964,1.018382,1.0713575,1.0088676,0.97281903,0.89803046,0.8696814,0.97124165,0.9183875,1.0838445,1.2052302,1.2620044,1.2645363,1.2510749,1.1728611,0.9912936,0.7872099,0.64021474,0.5838054,0.45243987,0.0008774818,0.00046996874,358.88672,545.5078,1349.4141,5627.3438,0.032768566,1693.9401,5.6099854,6.9108e+06,2.4285576,8.523357,-0.000276853,1.3001167,0.000711322,9.797924,5.35055,-3.1113708,-9.89503,-1.3600335,4.6141148,-1.3875322,-6.14959,-0.220205,5.309496,-2.2442608,1.9276034,-0.6724274,-8.779858,0 days 00:01:19.628778779,0 days 00:01:19.668778779
0 days 00:00:00.860000,0 days 00:00:00.900000,answer8,0.0,0.58655995,0.0,0.0,0.0,-100.0,0.3014032,0.9039741,0.00267122,0.12471656,0.11860758,0.258979,0.39478505,0.49927732,0.67428035,0.7362635,0.8364291,1.0244793,1.0989665,1.1444246,1.0743055,0.96956253,0.91530484,0.9643721,0.97539705,1.1562415,1.3364366,1.4087853,1.3527832,1.3914218,1.3180757,1.0986768,0.9002765,0.70936877,0.6400375,0.5057923,0.0009629894,0.0005605282,416.3086,645.9961,1995.4102,5483.789,0.03364535,1839.7705,5.8749123,6.711074e+06,2.2690165,8.038873,-0.0002874134,1.3871498,0.00075552665,8.120815,5.166403,-2.7203636,-9.889362,-2.2478516,1.223515,-3.6429017,-8.545543,3.125433,8.346799,2.0288093,-0.019655665,-1.6088381,-8.795463,0 days 00:01:19.638778779,0 days 00:01:19.678778779
0 days 00:00:00.870000,0 days 00:00:00.910000,answer8,0.0,0.57496154,0.0,0.0,0.0,-100.0,0.32031044,0.9801585,0.0029233384,0.12962963,0.11686165,0.24745224,0.38092533,0.49399796,0.66708946,0.7775135,0.8602467,1.0006152,1.1007541,1.3010645,1.2514886,1.0569005,0.98687154,1.041025,1.0891517,1.2621509,1.5347247,1.5676585,1.5139073,1.5206872,1.4550937,1.1983161,1.0159923,0.8124816,0.6826351,0.54851645,0.00074734906,0.0008814043,401.95312,890.03906,2497.8516,5928.8086,0.032880355,2031.3516,6.1575027,6.820738e+06,2.081128,7.243068,-0.0002885482,1.5042795,0.0006911869,5.9932857,1.8783655,-1.7131429,-3.9598715,0.54274416,1.8798503,-4.9273586,-12.31649,0.70314056,3.126623,3.0851557,-0.15894131,-3.8040133,-8.283423,0 days 00:01:19.648778779,0 days 00:01:19.688778779
0 days 00:00:00.880000,0 days 00:00:00.920000,answer8,0.0,0.5767109,0.0,0.0,0.0,-100.0,0.37382945,1.0697947,0.0036462264,0.1356765,0.11957445,0.2453358,0.3789452,0.5190763,0.6541408,0.780183,0.8488533,0.97468066,1.0612149,1.4223744,1.5379127,1.2199985,1.1279451,1.22348,1.2337028,1.4234815,1.7194296,1.6926864,1.6795431,1.6123543,1.601366,1.3105258,1.1374036,0.9475778,0.73536825,0.6075075,0.0011745265,0.002071781,387.59766,1105.3711,2426.0742,5857.0312,0.042882893,2062.462,6.124885,6.805568e+06,2.145312,7.6664276,-0.00055100815,1.5287341,0.0014238764,5.8550067,1.1150867,-2.0083811,2.1395414,3.090995,-3.525852,-9.066893,-11.167423,3.129958,9.421239,-1.5327607,-3.0703,-1.873025,-3.2205982,0 days 00:01:19.658778779,0 days 00:01:19.698778779
0 days 00:00:00.890000,0 days 00:00:00.930000,answer8,0.0,0.59578377,0.0,0.0,0.0,-100.0,0.448207,1.1959761,0.0048299725,0.13454272,0.12974928,0.2548194,0.41005602,0.6115673,0.6889371,0.79019815,0.87743276,0.9799884,1.0504804,1.4739436,1.9830728,1.5508684,1.3654157,1.4547501,1.4089562,1.667798,1.8909584,1.8066826,1.8233423,1.7415527,1.7843456,1.4605865,1.2661589,1.0835781,0.82324266,0.71689767,0.0028167414,0.0032613527,401.95312,1148.4375,2167.6758,6244.629,0.05513613,2079.088,5.964207,7.1061595e+06,2.1310537,7.413206,-0.0010015339,1.5619353,0.002826863,6.3015075,0.67220885,-4.1991653,3.3393936,1.7211694,-6.520912,-15.924335,-11.69891,4.8592014,14.837232,-6.5161014,-5.4096627,2.2783642,1.5009245,0 days 00:01:19.668778779,0 days 00:01:19.708778779
0 days 00:00:00.900000,0 days 00:00:00.940000,answer8,0.0,0.607651,0.0,0.0,0.0,-100.0,0.51025313,1.3574554,0.005792894,0.1377551,0.14525588,0.27990738,0.464209,0.7151394,0.80003303,0.89112186,1.022277,1.0679528,1.1248507,1.4998926,2.4231927,1.9828337,1.6571652,1.6211452,1.5693384,1.9780542,2.0074883,1.9414829,1.9802284,1.9719238,2.0159533,1.6557337,1.4239675,1.2248682,0.9516924,0.8781336,0.004207716,0.0036087418,445.01953,990.52734,2354.2969,6675.293,0.07393267,2112.3398,5.875914,7.6378135e+06,1.978244,6.5085053,-0.00139878,1.5934844,0.004132926,6.586429,4.0840955,-6.7845097,-2.1440132,-1.6785928,-7.7328925,-14.222024,-3.7525005,8.704136,16.25549,-6.7436814,-9.060773,2.605778,1.0466398,0 days 00:01:19.678778779,0 days 00:01:19.718778779
0 days 00:00:00.910000,0 days 00:00:00.950000,answer8,0.0,0.61030746,0.0,0.0,0.0,-100.0,0.531818,1.5138836,0.0062036323,0.13813303,0.16333519,0.31549934,0.53820777,0.8220045,0.9815616,1.0853969,1.2440802,1.232427,1.2863768,1.5013012,2.6635473,2.2877867,1.8875521,1.6850468,1.6774884,2.2089272,2.0397232,2.09491,2.1667175,2.3097441,2.2500362,1.8500589,1.5732268,1.349174,1.1104699,1.0363733,0.005499821,0.0031723601,387.59766,732.1289,2311.2305,6689.6484,0.07425489,2026.0538,5.9374976,7.5920155e+06,1.9188147,6.0682435,-0.0015986391,1.5285124,0.004479078,7.396816,6.0457244,-6.0757117,-5.560326,-2.1541994,-5.0360703,-14.81256,-2.251403,2.352265,7.5282555,-3.8455813,-6.6701217,3.4585183,-0.07124416,0 days 00:01:19.688778779,0 days 00:01:19.728778779
0 days 00:00:00.920000,0 days 00:00:00.960000,answer8,0.0,0.5938088,0.0,0.0,0.0,-100.0,0.50867724,1.593196,0.0059198793,0.1441799,0.17153712,0.35260084,0.59916544,0.87607694,1.0975764,1.2767938,1.381979,1.3687235,1.4986106,1.5146023,2.5557148,2.2730045,1.9559399,1.6779032,1.717884,2.2356322,1.9834837,2.2069206,2.3818421,2.63984,2.3156927,1.9252545,1.6631182,1.4401473,1.2078761,1.1051818,0.0047945078,0.0024775611,373.2422,602.9297,2110.254,6187.207,0.07284778,1914.4595,5.954698,7.1943345e+06,2.0406654,6.6551137,-0.0013979133,1.4414579,0.0038074597,7.7121353,6.4143577,-5.0998473,-7.3356895,-0.79253656,-3.053896,-12.899074,-2.1610835,1.5486754,2.3980858,3.3531437,-6.4698386,-0.75317526,-3.7998407,0 days 00:01:19.698778779,0 days 00:01:19.738778779
0 days 00:00:00.930000,0 days 00:00:00.970000,answer8,0.0,0.58921224,0.0,0.0,0.0,-100.0,0.47176138,1.5680906,0.0051798914,0.15022676,0.16713029,0.36687866,0.6153773,0.8685281,1.1026429,1.3447737,1.3844765,1.3848953,1.6154209,1.5401545,2.2657979,2.02024,1.8591508,1.6507572,1.6817998,2.0874407,1.8696165,2.1579244,2.518176,2.8116014,2.194101,1.8855513,1.6576153,1.453904,1.2038435,1.0625602,0.0037324962,0.00229962,373.2422,717.77344,2311.2305,6215.918,0.060482174,2002.9473,6.0921454,7.22083e+06,1.9666758,6.384337,-0.0010982531,1.4988441,0.0028120836,7.082878,5.015524,-5.8841248,-6.929741,-0.48889408,-4.4745636,-15.388225,-6.382734,-0.6618652,3.9209518,5.5595818,-7.049523,-1.5767738,-2.8404503,0 days 00:01:19.708778779,0 days 00:01:19.748778779
0 days 00:00:00.940000,0 days 00:00:00.980000,answer8,0.0,0.5914697,0.0,0.0,0.0,-100.0,0.42108378,1.4552361,0.0044196877,0.15551777,0.14734489,0.34714827,0.58227617,0.8186665,1.0070671,1.2480769,1.2559158,1.2535781,1.529935,1.540082,1.9984576,1.7566887,1.6706334,1.6123749,1.6087486,1.8365903,1.7412819,1.9575762,2.455303,2.7238305,1.9217144,1.7793249,1.5767301,1.382342,1.127531,0.9569221,0.0023249253,0.0017259513,416.3086,803.90625,2985.9375,6718.3594,0.05347835,2198.779,6.137649,7.8410825e+06,1.7162279,5.2052846,-0.00072045316,1.6359392,0.0020407753,5.549355,5.0762253,-7.9338965,-5.095675,-1.3957286,-9.525161,-16.48404,-7.457091,1.0157294,4.9785075,4.602019,-9.819642,-6.5885377,-2.5863254,0 days 00:01:19.718778779,0 days 00:01:19.758778779
0 days 00:00:00.950000,0 days 00:00:00.990000,answer8,0.0,0.5985048,0.0,0.0,0.0,-100.0,0.39374915,1.315906,0.0038026364,0.15759636,0.12398452,0.29425326,0.51554507,0.7220389,0.92146736,1.098379,1.145527,1.0946771,1.3042332,1.4785827,1.789599,1.5786943,1.4596556,1.5249987,1.5202116,1.6194681,1.5935622,1.6849966,2.2397819,2.467973,1.6859666,1.6891217,1.4821982,1.2751122,1.0541781,0.84935015,0.002028777,0.0013237605,459.375,803.90625,3129.4922,6876.2695,0.04490972,2243.8218,6.0908866,7.9520325e+06,1.6459252,4.853781,-0.00057846034,1.6724615,0.0016387557,4.770599,5.033294,-9.966889,-8.378136,-3.6992137,-12.0243025,-14.36839,-6.0087905,1.0048311,7.9602304,5.596456,-9.460129,-3.217131,0.011395971,0 days 00:01:19.728778779,0 days 00:01:19.768778779
0 days 00:00:00.960000,0 days 00:00:01,answer8,0.0,0.59441036,0.0,0.0,0.0,-100.0,0.36164108,1.1849251,0.0035178366,0.15570672,0.10757333,0.24677838,0.46052316,0.62428623,0.83385855,0.95186704,1.0558476,1.000162,1.0613333,1.3305019,1.6340276,1.4627005,1.2841123,1.3844694,1.4287742,1.4096713,1.4243895,1.4857837,1.9278922,2.1306918,1.5625063,1.6461264,1.4083291,1.1706766,1.0136585,0.761512,0.0016153501,0.00090945605,401.95312,789.5508,3474.0234,6675.293,0.043404758,2273.4297,6.042936,8.1369425e+06,1.591458,4.72266,-0.00047539882,1.6834191,0.0013670205,4.742139,7.383438,-9.679314,-6.5989785,1.9961962,-10.977879,-9.356655,-5.114414,5.4252777,5.9265213,-1.2109108,-11.237813,-5.692051,-1.0957927,0 days 00:01:19.738778779,0 days 00:01:19.778778779
0 days 00:00:00.960000,0 days 00:00:01.000997732,answer8,0.0,0.58973455,0.0,0.0,0.0,-100.0,0.35429534,1.0877048,0.0034316692,0.1553288,0.1007565,0.22030294,0.43748364,0.5482809,0.7336821,0.85958725,0.9700962,0.972712,0.9724822,1.1917167,1.4755378,1.3624231,1.1631277,1.2267956,1.3766441,1.2538128,1.268346,1.4025534,1.6519915,1.8275833,1.5272366,1.6170176,1.360458,1.1073796,0.96271056,0.6896085,0.0015320265,0.00088651833,358.88672,832.6172,2899.8047,6402.539,0.042713244,2162.874,5.980868,7.7805565e+06,1.7207875,5.262675,-0.00045908426,1.6078115,0.0012780196,5.2983646,6.5951333,-10.146187,-6.2819405,3.8662536,-8.062112,-5.838501,-11.362142,-1.7956225,2.0897038,-2.3998299,-7.8260937,-4.7752023,-1.6591191,0 days 00:01:19.738778779,0 days 00:01:19.779776511
0 days 00:00:00,0 days 00:00:00.040000,answer10,0.0,0.6564923,0.0,0.0,0.0,-100.0,0.22532998,0.98834115,0.0022900451,0.09656084,0.12921618,0.27204838,0.41952792,0.5544473,0.66972893,0.76589614,0.84702843,0.9178292,0.9822495,1.0430994,1.1020993,1.1600702,1.2171308,1.2728368,1.3262117,1.3755809,1.4180565,1.4484811,1.4578775,1.432704,1.3587462,1.2323397,1.069155,0.8959276,0.7342484,0.5943311,0.00037224495,0.00016912988,114.84375,272.7539,746.4844,4019.5312,0.0069640744,1120.203,4.7956166,4.6606525e+06,2.8197882,10.717177,-0.0002242714,0.865819,0.00042509384,10.849106,14.176595,-1.4763507,-3.1463861,5.0803685,7.902239,2.2041543,10.253808,7.50877,9.924545,4.7733474,-7.231201,2.3505719,7.647181,0 days 00:01:31.157824491,0 days 00:01:31.197824491
0 days 00:00:00.010000,0 days 00:00:00.050000,answer10,0.0,0.6599667,0.0,0.0,0.0,-100.0,0.23680253,0.98834115,0.0024415425,0.10071807,0.12921618,0.27204838,0.41952792,0.5544473,0.66972893,0.76589614,0.84702843,0.9178292,0.9822495,1.0430994,1.1020993,1.1600702,1.2171308,1.2728368,1.3262117,1.3755809,1.4180565,1.4484811,1.4578775,1.432704,1.3587462,1.2323397,1.069155,0.8959276,0.7342484,0.5943311,0.00046896216,0.00021605306,143.55469,401.95312,760.83984,3057.7148,0.017478934,1038.8838,4.788466,3.874649e+06,3.3394635,15.001556,-0.00028444352,0.83071256,0.0004965909,13.042324,12.932326,-3.7249432,-5.6076474,5.654284,9.009434,1.7079738,8.01427,4.211771,7.851334,2.458892,-10.3159075,-1.418047,10.852474,0 days 00:01:31.167824491,0 days 00:01:31.207824491
0 days 00:00:00.020000,0 days 00:00:00.060000,answer10,0.0,0.65527743,0.0,0.0,0.0,-100.0,0.23930724,0.98834115,0.0026659993,0.10355253,0.12921618,0.27204838,0.41952792,0.5544473,0.66972893,0.76589614,0.84702843,0.9178292,0.9822495,1.0430994,1.1020993,1.1600702,1.2171308,1.2728368,1.3262117,1.3755809,1.4180565,1.4484811,1.4578775,1.432704,1.3587462,1.2323397,1.069155,0.8959276,0.7342484,0.5943311,0.00054469,0.00022902594,200.97656,531.15234,789.5508,3718.0664,0.026213171,1183.2538,4.9245095,4.567258e+06,3.2305622,14.138442,-0.0002883638,0.9585201,0.00051275356,14.039574,12.262005,-6.8646026,-8.107932,4.571452,8.3878975,1.8473978,5.9856505,-1.7507561,3.3956573,2.2153347,-16.328033,-7.1969223,9.750009,0 days 00:01:31.177824491,0 days 00:01:31.217824491
0 days 00:00:00.030000,0 days 00:00:00.070000,answer10,0.0,0.65094846,0.0,0.0,0.0,-100.0,0.25343958,0.98834115,0.002765404,0.100529104,0.12921618,0.27204838,0.41952792,0.5544473,0.66972893,0.76589614,0.84702843,0.9178292,0.9822495,1.0430994,1.1020993,1.1600702,1.2171308,1.2728368,1.3262117,1.3755809,1.4180565,1.4484811,1.4578775,1.432704,1.3587462,1.2323397,1.069155,0.8959276,0.7342484,0.5943311,0.00077418727,0.00026072437,229.6875,531.15234,732.1289,4019.5312,0.029698111,1239.5225,4.939197,5.277722e+06,3.1865118,13.555877,-0.00037758495,1.0115638,0.00073448446,15.1176405,13.262942,-7.7191253,-6.782924,2.305452,5.566814,2.8299038,6.34384,3.2915566,2.1166523,-1.704143,-20.124422,-14.279803,5.812269,0 days 00:01:31.187824491,0 days 00:01:31.227824491
0 days 00:00:00.040000,0 days 00:00:00.080000,answer10,0.0,0.65591663,0.0,0.0,0.0,-100.0,0.25332722,0.9954373,0.003001539,0.08484504,0.12520804,0.29004863,0.4451499,0.57105833,0.68278533,0.82000476,0.87255365,0.8937249,0.97488564,1.0534927,1.1118003,1.221121,1.2439551,1.2918667,1.3102382,1.352552,1.4343157,1.4466486,1.4576715,1.3952279,1.3435966,1.2183942,1.0741736,0.8999605,0.7514418,0.5994927,0.0011918658,0.00028762795,229.6875,401.95312,689.0625,4048.2422,0.030981192,1264.9219,4.846527,5.9651635e+06,2.9663372,11.049072,-0.00043362097,1.0248159,0.000879338,15.925026,14.210559,-8.095089,-3.252487,1.8346311,1.6885023,-6.8990455,2.8167343,4.2938266,0.23168607,-3.006981,-21.916872,-15.025914,0.04987089,0 days 00:01:31.197824491,0 days 00:01:31.237824491
0 days 00:00:00.050000,0 days 00:00:00.090000,answer10,0.0,0.6563716,0.0,0.0,0.0,-100.0,0.2584459,1.0027156,0.003384576,0.06405895,0.11520121,0.329607,0.50212026,0.6021067,0.72778255,0.8849702,0.85229486,0.8114142,0.94048196,1.0459751,1.1333529,1.372986,1.2901201,1.2949005,1.2616358,1.3123397,1.4749327,1.4439565,1.4595838,1.3409563,1.3187815,1.1892775,1.0709195,0.91055375,0.7723376,0.6120166,0.0015747413,0.00033184842,186.6211,258.39844,559.8633,2282.5195,0.031736925,948.74194,4.26828,4.4173365e+06,3.8988998,19.25782,-0.0005782057,0.7839968,0.0011475143,16.736422,15.18044,-5.155573,0.58082217,2.4208617,-2.499698,-19.243286,-4.5513234,7.9537354,1.896022,-8.95254,-22.980669,-15.7441635,-1.7357935,0 days 00:01:31.207824491,0 days 00:01:31.247824491
0 days 00:00:00.060000,0 days 00:00:00.100000,answer10,0.0,0.66528565,0.0,0.0,0.0,-100.0,0.29277578,1.0434068,0.0052458183,0.05366591,0.10609301,0.385664,0.5820455,0.65455776,0.8510308,0.9582494,0.79855675,0.71522397,0.9328925,1.0447828,1.2226752,1.6998771,1.4704992,1.331852,1.2318311,1.3047506,1.5842651,1.5094234,1.4780402,1.3195611,1.3312453,1.1876116,1.0676309,0.92978287,0.78815013,0.6422834,0.0020315868,0.0007527462,200.97656,301.46484,746.4844,1277.6367,0.03708884,832.15765,4.265881,2.9719372e+06,4.3037257,23.329453,-0.00070495653,0.70008355,0.0014592769,16.647768,11.819073,-4.731295,2.15235,3.6894815,-6.3260293,-26.412165,-4.910444,6.341072,3.534251,-9.778112,-16.323256,-9.329498,-3.4772956,0 days 00:01:31.217824491,0 days 00:01:31.257824491
0 days 00:00:00.070000,0 days 00:00:00.110000,answer10,0.0,0.66717213,0.0,0.0,0.0,-100.0,0.5058257,1.1944269,0.008739158,0.05385487,0.10100504,0.4133369,0.62333614,0.7250889,1.0908463,1.0300466,0.7357464,0.7227761,1.1195937,1.1738666,1.5295643,2.3082752,1.9972366,1.5534068,1.3512155,1.429048,1.8281116,1.6985941,1.5880073,1.4695123,1.5399938,1.3505516,1.1424831,1.0022607,0.80894804,0.7222462,0.005719325,0.021737365,430.66406,660.35156,1004.8828,1363.7695,0.11230425,937.5994,4.292752,1.7643879e+06,4.7569747,30.764734,-0.0044803475,0.79134655,0.013034469,14.288985,3.0824277,-12.373104,0.54772264,9.560357,-12.555038,-24.192743,-4.5380187,2.9427416,6.5475135,-8.235465,-4.5932984,-3.9401102,0.043185074,0 days 00:01:31.227824491,0 days 00:01:31.267824491
0 days 00:00:00.080000,0 days 00:00:00.120000,answer10,0.0,0.67430574,0.0,0.0,0.0,-100.0,0.67299646,1.5302595,0.0121737495,0.06405896,0.10601581,0.40945172,0.6159708,0.8237627,1.4143544,1.1432986,0.7864694,0.96365684,1.6577524,1.646423,2.2398932,3.3188345,3.0505755,2.114054,1.743446,1.7320671,2.2312424,2.0184996,1.8256849,1.8290119,2.073856,1.7903432,1.3714596,1.1499413,0.8637054,0.86697793,0.007709808,0.035488844,674.70703,1019.2383,1320.7031,1564.7461,0.15440182,1153.2035,4.63113,1.425834e+06,4.744246,32.3315,-0.0067896023,0.9712743,0.021135844,14.089244,-4.603706,-20.919962,-2.0118499,17.002382,-13.072967,-20.572607,-1.698769,-2.5551374,10.080493,-6.073423,2.8010185,0.8855501,3.3545945,0 days 00:01:31.237824491,0 days 00:01:31.277824491
0 days 00:00:00.090000,0 days 00:00:00.130000,answer10,0.0,0.67162967,0.0,0.0,0.0,-100.0,0.7827654,2.0143301,0.013101744,0.071617536,0.11964495,0.3816947,0.5818146,0.94827795,1.7705561,1.3551182,0.9790279,1.4252592,2.5794632,2.5003388,3.2972386,4.5226583,4.4736934,2.912858,2.2645235,2.0954745,2.7336128,2.4351492,2.187052,2.3858998,2.8801177,2.426163,1.7595373,1.3404473,0.9687856,1.0481825,0.013179933,0.039736103,760.83984,1076.6602,1335.0586,1507.3242,0.19057761,1195.8397,4.691743,1.2154746e+06,4.8120136,33.544144,-0.008251085,1.0141667,0.024354443,14.113637,-5.8226256,-24.680254,-8.80532,19.421625,-12.289214,-21.124443,-1.3374996,-0.052781742,11.991048,-5.4780984,5.8542523,-0.5426626,3.010381,0 days 00:01:31.247824491,0 days 00:01:31.287824491
0 days 00:00:00.100000,0 days 00:00:00.140000,answer10,0.0,0.65758073,0.0,0.0,0.0,-100.0,0.6594533,2.363462,0.011237681,0.076908536,0.13785055,0.3637598,0.56362003,1.0188324,1.9515685,1.5837437,1.1873432,1.8286123,3.2863863,3.273242,4.1786156,5.2191324,5.290842,3.3988478,2.5363376,2.3211877,3.1530983,2.855234,2.4801152,2.8306339,3.4380865,2.8517063,2.0497382,1.448512,1.0484675,1.1545048,0.010844088,0.02206873,645.9961,1019.2383,1306.3477,1478.6133,0.13502768,1139.8912,4.7731113,1.3533786e+06,4.78573,32.906372,-0.005120968,0.9699976,0.01494284,15.666382,-2.8977878,-18.650824,-8.739327,17.660238,-3.4848888,-23.60904,-1.6205751,7.8603287,13.65845,-6.1358185,2.4867153,-3.322593,-1.963044,0 days 00:01:31.257824491,0 days 00:01:31.297824491
0 days 00:00:00.110000,0 days 00:00:00.150000,answer10,0.0,0.64985055,0.0,0.0,0.0,-100.0,0.5678928,2.3672736,0.008546358,0.082010575,0.15631837,0.35479245,0.5741572,1.0060115,1.8907446,1.6843653,1.255157,1.8636326,3.263688,3.2990267,4.204888,4.929084,5.0634503,3.2754908,2.3801234,2.3116262,3.3437424,3.1568139,2.6390707,2.9963148,3.4602091,2.8216903,2.049315,1.3963947,1.0618356,1.1111728,0.009745428,0.009438607,445.01953,789.5508,1320.7031,2196.3867,0.116018474,1128.495,5.0530286,1.8093279e+06,4.054581,25.32573,-0.0030331875,0.93159324,0.0073005706,14.538896,0.31918707,-9.346521,-8.982068,14.375079,-3.5005686,-27.070974,-0.12536035,13.585022,11.097317,-6.7854633,2.2680144,-1.4713513,-2.161033,0 days 00:01:31.267824491,0 days 00:01:31.307824491
0 days 00:00:00.120000,0 days 00:00:00.160000,answer10,0.0,0.6421274,0.0,0.0,0.0,-100.0,0.5155653,2.1071765,0.0067821597,0.08730159,0.16169758,0.3463044,0.5803596,0.92418605,1.6395359,1.6364268,1.1632721,1.6084418,2.664142,2.7062485,3.559227,4.0160823,4.1050477,2.7725174,2.005685,2.1790287,3.3483658,3.3304007,2.6332846,2.855215,3.073087,2.4485195,1.7985911,1.2483065,1.0168105,0.9658029,0.005575527,0.006514642,445.01953,818.2617,1335.0586,2239.4531,0.08524463,1141.7563,5.126631,1.8172855e+06,4.023975,25.268501,-0.0019707812,0.9375339,0.0046707927,14.208777,-1.3028744,-7.5198135,-9.094699,11.095172,-1.5394036,-27.145742,-1.2011595,10.926121,9.752354,-9.336857,-1.3906908,-0.7915067,-4.075485,0 days 00:01:31.277824491,0 days 00:01:31.317824491
0 days 00:00:00.130000,0 days 00:00:00.170000,answer10,0.0,0.63466257,0.0,0.0,0.0,-100.0,0.5052574,1.8152863,0.00591683,0.09070294,0.15382694,0.3269837,0.5620025,0.8358071,1.3758278,1.4380755,1.0256006,1.2909003,2.036782,1.9775143,2.7317536,3.0899065,3.2555487,2.3176906,1.7523202,2.068218,3.2615757,3.3510563,2.5906305,2.6312428,2.676822,2.075166,1.4911875,1.1022028,0.96542317,0.8133823,0.0046662088,0.004647223,430.66406,746.4844,1335.0586,2713.1836,0.0718909,1201.5894,5.3846345,2.075449e+06,3.5323794,19.465858,-0.0015803389,0.9670965,0.0032912632,12.522616,-1.8517176,-6.0535316,-12.272159,8.258691,-2.2069027,-26.522835,-0.4997832,7.817318,6.787416,-7.697409,-0.6727068,0.19265246,-3.8827322,0 days 00:01:31.287824491,0 days 00:01:31.327824491
0 days 00:00:00.140000,0 days 00:00:00.180000,answer10,0.0,0.6384812,0.0,0.0,0.0,-100.0,0.507423,1.6643852,0.0058735665,0.088624336,0.13866575,0.3057433,0.52211225,0.76904994,1.2106884,1.2493497,0.9861562,1.1715822,1.8379349,1.6633521,2.2279384,2.5345595,2.7404912,2.0549424,1.6882557,2.0519884,3.2558677,3.3200428,2.5576274,2.528148,2.5072443,1.8779249,1.337533,1.042009,0.9614525,0.73335737,0.003775433,0.0045293183,473.73047,846.97266,1320.7031,2727.539,0.05949219,1251.3905,5.4840393,2.2324628e+06,3.5031147,19.017199,-0.0015532108,1.0061207,0.0036368638,12.1892,-1.5603706,-8.444097,-15.615909,7.7681155,8.119237,-20.020344,-3.9023001,6.495678,7.4339166,-7.411812,-3.07607,2.2680047,-6.189106,0 days 00:01:31.297824491,0 days 00:01:31.337824491
0 days 00:00:00.150000,0 days 00:00:00.190000,answer10,0.0,0.6458625,0.0,0.0,0.0,-100.0,0.5043401,1.5851287,0.005961785,0.08578987,0.12190769,0.28787398,0.48789707,0.72576493,1.1082863,1.0563365,0.9994195,1.1592221,1.840429,1.6685934,1.9472955,2.1622047,2.3694112,1.7997389,1.6649789,2.0883253,3.2725155,3.2194507,2.5358555,2.5036323,2.4058561,1.7432384,1.3028051,1.065627,0.9824074,0.694277,0.0038829085,0.0046268986,430.66406,904.39453,1291.9922,3186.914,0.0652746,1286.9421,5.4203525,2.4808965e+06,3.2501876,16.210695,-0.0015172221,1.0222996,0.0040107835,10.690148,-0.6066301,-8.41578,-17.592745,8.7793665,9.499557,-23.128489,-13.993679,3.6365204,1.5923332,-5.0729165,-7.017633,5.8766913,-3.6942103,0 days 00:01:31.307824491,0 days 00:01:31.347824491
0 days 00:00:00.160000,0 days 00:00:00.200000,answer10,0.0,0.6609144,0.0,0.0,0.0,-100.0,0.49888444,1.5358101,0.006044697,0.08125473,0.110145986,0.27683532,0.48486128,0.73992544,1.0604318,0.8822322,1.0048538,1.1903068,1.8570503,1.7575874,1.710064,1.9150052,2.0081255,1.5343868,1.6390438,2.1475875,3.2858412,3.0330722,2.5750928,2.5485933,2.347677,1.6473303,1.3501059,1.1416402,1.0102305,0.673043,0.0050480403,0.004045408,373.2422,732.1289,1220.2148,3143.8477,0.06689068,1205.4093,5.1884894,2.5274338e+06,3.324772,16.697706,-0.0016068583,0.96046704,0.003943868,10.648266,1.2677207,-7.020908,-19.639088,6.9983897,9.424874,-23.050102,-20.490364,-5.4248486,-2.190202,-6.389857,-12.318512,10.329095,1.7062798,0 days 00:01:31.317824491,0 days 00:01:31.357824491
0 days 00:00:00.170000,0 days 00:00:00.210000,answer10,0.0,0.6637701,0.0,0.0,0.0,-100.0,0.48527312,1.4808716,0.005884295,0.079743005,0.10048706,0.2619768,0.48790994,0.8044574,1.0457834,0.75502676,0.97348577,1.2451558,1.8057417,1.8285891,1.5146722,1.7469878,1.730095,1.3223531,1.5890001,2.169175,3.121149,2.7676108,2.5880747,2.5323536,2.28488,1.5648464,1.3932099,1.2202044,0.99974483,0.6496909,0.005580042,0.0035954975,358.88672,660.35156,1134.082,3143.8477,0.064161465,1149.651,5.0387626,2.402243e+06,3.4486961,17.628357,-0.0015616851,0.9278386,0.004006434,10.697997,1.684347,-8.617732,-22.515945,6.0570045,3.940212,-23.69963,-19.311588,-6.2382255,-3.5819187,-2.2791183,-7.4631295,12.493122,5.7881007,0 days 00:01:31.327824491,0 days 00:01:31.367824491
0 days 00:00:00.180000,0 days 00:00:00.220000,answer10,0.0,0.6601204,0.0,0.0,0.0,-100.0,0.46926656,1.4148296,0.0058729053,0.07690854,0.09600737,0.24639845,0.49292326,0.8931575,1.0619569,0.6863485,0.90048534,1.2593557,1.6939496,1.8076296,1.329328,1.5867275,1.5340074,1.2421803,1.5508665,2.100558,2.8450925,2.4432774,2.577072,2.4430637,2.217827,1.5539455,1.4027224,1.2308656,0.95663786,0.6331811,0.0057996307,0.0031018152,358.88672,516.7969,1091.0156,2684.4727,0.060919497,1103.2621,4.955479,2.4519962e+06,3.5983727,18.501844,-0.0015213704,0.899421,0.003984764,11.48561,3.3459437,-7.624769,-20.848396,6.224318,3.7334957,-21.367369,-18.182848,-10.786067,-0.70302516,-0.3670385,-0.3922402,9.396592,4.0463653,0 days 00:01:31.337824491,0 days 00:01:31.377824491
0 days 00:00:00.190000,0 days 00:00:00.230000,answer10,0.0,0.6585168,0.0,0.0,0.0,-100.0,0.46494126,1.3467093,0.0059284307,0.074452005,0.101232536,0.24164604,0.482743,0.92729837,1.0719076,0.662142,0.83144695,1.2280737,1.6272162,1.7711754,1.244072,1.4414102,1.4303875,1.262844,1.4984188,1.977817,2.5077364,2.1415825,2.434309,2.2930543,2.143422,1.5814501,1.3973273,1.1961235,0.8920014,0.6276013,0.0049642506,0.0039636088,373.2422,689.0625,1148.4375,2268.164,0.06080277,1131.4658,5.005338,2.4084232e+06,3.6160498,18.557863,-0.0015162147,0.9271853,0.0043143183,11.745266,3.7940109,-8.677742,-16.746626,13.574391,3.3581202,-19.6924,-20.15695,-9.855379,1.5337015,3.4908094,0.80778855,8.632602,4.09294,0 days 00:01:31.347824491,0 days 00:01:31.387824491
0 days 00:00:00.200000,0 days 00:00:00.240000,answer10,0.0,0.65430784,0.0,0.0,0.0,-100.0,0.47238335,1.2930886,0.0060228365,0.07199547,0.10976798,0.25603268,0.47989547,0.91596967,1.071879,0.6513144,0.76489705,1.1303719,1.6248504,1.7434651,1.2927254,1.3152169,1.4079819,1.3414593,1.45366,1.8346454,2.210809,1.9173943,2.2939882,2.13286,2.0572445,1.6009817,1.4117635,1.1419095,0.83243245,0.62678677,0.0056975256,0.0043188855,373.2422,602.9297,1134.082,1665.2344,0.061320543,1069.3734,4.947436,2.199677e+06,3.78036,20.22114,-0.0016767572,0.88275075,0.0043820296,12.734814,4.0981593,-7.4092116,-14.725764,15.313579,2.2312539,-22.515345,-22.592415,-14.963954,-1.0186092,4.9630957,-0.73490614,2.8787954,3.7665348,0 days 00:01:31.357824491,0 days 00:01:31.397824491
0 days 00:00:00.210000,0 days 00:00:00.250000,answer10,0.0,0.6545162,0.0,0.0,0.0,-100.0,0.46078908,1.2541631,0.0059429393,0.071617536,0.119650275,0.2857317,0.49268594,0.8767112,1.0550413,0.61586183,0.7133742,1.0100895,1.6710769,1.6942754,1.37565,1.2201738,1.3709155,1.3828524,1.4392308,1.7334269,1.9722296,1.7588425,2.1888998,2.0573404,2.0326416,1.5899367,1.4356666,1.1059375,0.78670186,0.62329936,0.004982833,0.0039215987,373.2422,602.9297,1105.3711,2368.6523,0.05399635,1090.7023,4.9676347,2.158251e+06,3.4929838,18.26642,-0.0015524857,0.88555115,0.004016264,12.230382,5.87805,-5.7047195,-15.828708,19.073305,3.136612,-20.634466,-21.144484,-17.26794,-0.0040426254,8.797241,-0.5059045,5.9046493,5.117969,0 days 00:01:31.367824491,0 days 00:01:31.407824491
0 days 00:00:00.220000,0 days 00:00:00.260000,answer10,0.0,0.6518533,0.0,0.0,0.0,-100.0,0.44749022,1.2203523,0.0057065617,0.07785336,0.12447178,0.3071108,0.50220686,0.83289486,1.0268723,0.5816129,0.6850156,0.9279683,1.7412826,1.6108323,1.3879889,1.1303284,1.3239514,1.3683237,1.4297657,1.6329793,1.7526613,1.6676031,2.130542,2.0571463,2.0691764,1.544828,1.4347763,1.0751383,0.76839894,0.61528367,0.004491918,0.0031886147,373.2422,602.9297,1033.5938,2440.4297,0.050749347,1088.1237,4.8553395,2.0897234e+06,3.449194,17.988647,-0.001455689,0.8847057,0.0037085891,11.95665,7.1382413,-6.5278344,-18.296612,17.599724,5.024176,-19.42783,-16.839724,-23.021233,-2.7465289,8.385876,1.6204334,6.0834403,1.4830145,0 days 00:01:31.377824491,0 days 00:01:31.417824491
0 days 00:00:00.230000,0 days 00:00:00.270000,answer10,0.0,0.64002436,0.0,0.0,0.0,-100.0,0.4233515,1.1780753,0.005398972,0.08578987,0.1291454,0.3101752,0.50806934,0.7827981,0.98884076,0.54974824,0.6457198,0.87359303,1.7657043,1.4931742,1.2522717,1.0378824,1.2382525,1.3037825,1.4179426,1.4975845,1.6085153,1.608667,2.0748622,2.117167,2.130646,1.4922887,1.383638,1.0387901,0.775225,0.60547304,0.003850301,0.002696922,344.53125,602.9297,1033.5938,3072.0703,0.05195647,1127.4326,4.8498545,2.3131568e+06,3.0634558,14.836833,-0.0012444503,0.8920944,0.003095154,10.982044,9.399106,-3.7586994,-17.226114,20.672197,6.102264,-19.245127,-15.673993,-23.69166,-3.844372,11.6567335,3.827347,12.340759,0.99409246,0 days 00:01:31.387824491,0 days 00:01:31.427824491
0 days 00:00:00.240000,0 days 00:00:00.280000,answer10,0.0,0.6265945,0.0,0.0,0.0,-100.0,0.4038712,1.1265243,0.004857218,0.09032502,0.13427019,0.2950236,0.481586,0.7038397,0.9189663,0.5274906,0.60682064,0.825352,1.6947347,1.3579254,1.0501219,0.9758548,1.1552497,1.226,1.3984016,1.3464159,1.4912729,1.580808,2.0218794,2.1858404,2.161872,1.446332,1.2957993,1.023345,0.799766,0.58466154,0.0026193496,0.0021999364,358.88672,789.5508,1880.5664,3229.9805,0.050966274,1356.0476,5.105379,2.817696e+06,2.5949533,12.228686,-0.0009536185,1.0146719,0.0023609467,9.617313,8.716864,-2.345543,-17.39595,19.912428,5.3817573,-19.164635,-9.311105,-18.828926,-5.3457627,15.207143,1.9114252,10.655541,-0.20577733,0 days 00:01:31.397824491,0 days 00:01:31.437824491
0 days 00:00:00.250000,0 days 00:00:00.290000,answer10,0.0,0.61824375,0.0,0.0,0.0,-100.0,0.3871334,1.079217,0.004411677,0.09032502,0.14271593,0.28557813,0.43765125,0.61521196,0.84605694,0.54308236,0.55387944,0.7722241,1.5087639,1.2008206,0.89221454,0.9486327,1.1053971,1.2084814,1.4371767,1.2239413,1.4299054,1.5630499,2.0124643,2.204971,2.154439,1.3821644,1.2072206,1.0099863,0.81657594,0.5570358,0.002132471,0.0014475161,272.7539,617.28516,1952.3438,4019.5312,0.0494547,1372.8192,5.2246313,3.1496778e+06,2.1436367,8.719789,-0.00077000546,0.9905799,0.0018419656,9.2036085,8.564188,2.2087097,-14.177236,19.620367,3.5787945,-15.490066,-1.037227,-12.330612,1.4381281,21.406599,1.8354,10.282218,-1.0387982,0 days 00:01:31.407824491,0 days 00:01:31.447824491
0 days 00:00:00.260000,0 days 00:00:00.300000,answer10,0.0,0.6157033,0.0,0.0,0.0,-100.0,0.37851968,1.0407627,0.004200609,0.086167805,0.15371443,0.28937548,0.39175102,0.53611046,0.7519936,0.57668895,0.50825095,0.7237086,1.2731637,1.064705,0.8424137,0.9414158,1.1104001,1.2642475,1.533192,1.1742617,1.363019,1.5161997,1.966216,2.154309,2.1285667,1.3084326,1.1290383,0.9992285,0.82818145,0.53124404,0.0016020428,0.001376755,244.04297,588.5742,2009.7656,4033.8867,0.047691714,1343.1575,5.2318707,3.1094088e+06,2.1832845,8.748642,-0.00071833323,0.9739439,0.001489756,9.544675,7.6577535,0.5301242,-7.9834533,20.55507,2.3761075,-13.301623,2.0801494,-16.601889,1.5545344,19.151875,-3.8778465,5.9971466,-4.45351,0 days 00:01:31.417824491,0 days 00:01:31.457824491
0 days 00:00:00.270000,0 days 00:00:00.310000,answer10,0.0,0.6139363,0.0,0.0,0.0,-100.0,0.36982098,1.0088025,0.004139073,0.0808768,0.1573993,0.30757174,0.3771623,0.4777106,0.6581487,0.6100811,0.48804975,0.71820897,1.1035906,0.98643476,0.9031644,0.95116544,1.1667246,1.3855883,1.6146002,1.1977967,1.2761574,1.4117055,1.8242621,2.0021255,2.0462644,1.2095022,1.0434448,0.9562111,0.8332031,0.5225897,0.0016205739,0.0015240299,186.6211,531.15234,1234.5703,3186.914,0.04641655,1087.7358,4.9517198,2.4861722e+06,2.8200028,12.869774,-0.00078651967,0.8377304,0.0016299841,11.543736,6.0481477,-2.5294352,-2.295715,22.592789,4.040224,-14.104098,0.29045996,-21.685364,0.09626707,13.180205,-9.491978,5.2048354,-5.788794,0 days 00:01:31.427824491,0 days 00:01:31.467824491
0 days 00:00:00.280000,0 days 00:00:00.320000,answer10,0.0,0.6233674,0.0,0.0,0.0,-100.0,0.351928,0.97371507,0.0038860934,0.0808768,0.15090084,0.32397553,0.3991413,0.4410483,0.56130654,0.6053125,0.48200455,0.75118685,1.045901,0.9877828,1.0155908,0.97526044,1.226461,1.4726853,1.5907092,1.2237793,1.1773779,1.2710739,1.5748982,1.7875398,1.8946067,1.1055658,0.9598968,0.9061988,0.8567031,0.5296834,0.00130004,0.0015349635,258.39844,703.41797,1234.5703,3172.5586,0.045615017,1145.2462,4.9658837,2.5303082e+06,2.9620047,13.375244,-0.00069944677,0.9095364,0.0014423244,11.463244,5.573013,-8.792637,-0.6390429,23.55371,8.515763,-14.614602,-2.7596219,-23.512497,-5.5478053,6.9664693,-13.22255,4.167,-9.560113,0 days 00:01:31.437824491,0 days 00:01:31.477824491
0 days 00:00:00.290000,0 days 00:00:00.330000,answer10,0.0,0.647767,0.0,0.0,0.0,-100.0,0.32903716,0.92927736,0.003603099,0.09240363,0.13408768,0.32867816,0.4355601,0.40473095,0.4756814,0.59340215,0.5014382,0.77952576,1.0792394,1.0212532,1.0889038,1.0123819,1.2414972,1.4641541,1.4389372,1.2341288,1.0947386,1.1667215,1.3081379,1.5405506,1.6583833,1.0070983,0.8751944,0.861265,0.87912256,0.5364006,0.001039509,0.0013116392,258.39844,674.70703,1148.4375,2354.2969,0.041585688,1066.6915,4.838873,2.3539978e+06,3.3592217,16.587748,-0.0006116075,0.86409026,0.0013875946,12.357967,5.731348,-9.76574,-1.1032405,20.292236,11.888066,-11.9737015,-3.5019085,-16.382265,-3.3679264,3.1991415,-13.35809,2.314372,-15.376231,0 days 00:01:31.447824491,0 days 00:01:31.487824491
0 days 00:00:00.300000,0 days 00:00:00.340000,answer10,0.0,0.6623055,0.0,0.0,0.0,-100.0,0.30726567,0.878691,0.00354506,0.11829176,0.124615945,0.32665202,0.45729542,0.37088028,0.4241782,0.5996588,0.53858966,0.77563405,1.1003362,1.0194782,1.0651785,0.99248266,1.179038,1.3688191,1.2728277,1.2073182,1.0823085,1.1420995,1.1066828,1.3140534,1.3897066,0.93048877,0.8214409,0.8281457,0.8808918,0.5271685,0.0009951144,0.0008675522,258.39844,473.73047,904.39453,2196.3867,0.037282653,964.9891,4.6094604,2.5215738e+06,3.7699149,19.798532,-0.0005816413,0.786783,0.0012366474,13.357483,8.358377,-6.891689,-0.371295,15.157959,14.571922,-6.052128,-5.2736297,-11.461118,-4.1751394,4.8186927,-10.936425,-2.0422776,-15.9369,0 days 00:01:31.457824491,0 days 00:01:31.497824491
0 days 00:00:00.310000,0 days 00:00:00.350000,answer10,0.0,0.6514755,0.0,0.0,0.0,-100.0,0.2845982,0.8285243,0.0036833298,0.15400605,0.12787534,0.3213655,0.4689379,0.36217856,0.39732173,0.61070704,0.5797832,0.7106202,1.0299243,0.9715419,0.95978516,0.90683633,1.064252,1.2411066,1.1640564,1.1829871,1.1258546,1.1624279,0.9876116,1.1220962,1.1470269,0.90129465,0.805398,0.81176996,0.86778873,0.5110849,0.0011228769,0.00063375576,200.97656,258.39844,918.75,3847.2656,0.034611817,1229.5037,4.6917987,5.5935235e+06,3.4233081,17.724909,-0.0005399661,0.96751815,0.0010640933,13.709567,11.732432,-2.2316356,3.616435,11.935226,13.373946,-5.5189996,-11.850242,-9.300097,-1.9353195,4.3665156,-10.630929,-4.639908,-12.136157,0 days 00:01:31.467824491,0 days 00:01:31.507824491
0 days 00:00:00.320000,0 days 00:00:00.360000,answer10,0.0,0.62244344,0.0,0.0,0.0,-100.0,0.276747,0.7937098,0.0036478143,0.19009824,0.14311631,0.3102142,0.46148512,0.38579372,0.41209063,0.58893293,0.58823633,0.62532336,0.8831286,0.8921251,0.83406305,0.79293346,0.96081716,1.1415128,1.1553658,1.1961578,1.2105389,1.2022343,0.9558762,0.98142004,0.9629359,0.9223292,0.8288056,0.82935137,0.85291,0.5187598,0.000988469,0.0005062996,172.26562,330.17578,3186.914,6459.961,0.033664804,2111.826,5.150067,1.0048125e+07,2.3176305,11.263851,-0.00047403565,1.5933803,0.0010096496,10.765213,14.039998,-0.19668348,6.953785,7.1293597,12.6864395,-6.555069,-14.822842,-7.4880347,-1.1552001,9.560522,-1.699473,-0.07496166,-3.8667374,0 days 00:01:31.477824491,0 days 00:01:31.517824491
0 days 00:00:00.330000,0 days 00:00:00.370000,answer10,0.0,0.6071651,0.0,0.0,0.0,-100.0,0.27796334,0.78133726,0.0034175746,0.21749811,0.15374725,0.28832147,0.43335375,0.421132,0.44670987,0.533588,0.5489467,0.5732289,0.73844314,0.8142744,0.7318442,0.73605746,0.90740824,1.084171,1.1753472,1.1877569,1.2582698,1.2458434,0.98675567,0.8968315,0.86869437,0.9946545,0.8859503,0.9111375,0.8880968,0.60420704,0.00073535537,0.00039032684,215.33203,904.39453,5569.922,8886.035,0.036672708,3204.6055,5.895513,1.3855643e+07,0.8580882,2.5181673,-0.0003687098,2.372469,0.00094090885,7.576613,16.013823,-5.0183372,9.554929,6.2131553,12.112357,-11.742854,-10.637852,-6.4129205,-3.0209935,6.6961865,4.866564,2.7683039,-0.4272766,0 days 00:01:31.487824491,0 days 00:01:31.527824491
0 days 00:00:00.340000,0 days 00:00:00.380000,answer10,0.0,0.59338933,0.0,0.0,0.0,-100.0,0.28671432,0.79481465,0.00313247,0.2324263,0.14995612,0.25631604,0.3894453,0.44245556,0.49007985,0.49841127,0.48930955,0.5649031,0.6566654,0.7337091,0.65274644,0.769608,0.92909425,1.053399,1.1499468,1.1675895,1.282794,1.328228,1.0594816,0.88012457,0.8636612,1.0966464,0.9692826,1.0541047,0.95034313,0.7868801,0.0007013453,0.00034483426,287.10938,2555.2734,7694.5312,8685.059,0.03596795,3944.0784,6.330377,1.4102011e+07,0.33808398,1.6051182,-0.00032766638,2.8869,0.00095883384,4.770658,17.112558,-6.821381,6.913199,1.7937471,9.923153,-16.763985,-6.9048924,-1.5249654,-5.81349,1.1949743,10.073865,5.6467476,0.5916136,0 days 00:01:31.497824491,0 days 00:01:31.537824491
0 days 00:00:00.350000,0 days 00:00:00.390000,answer10,0.0,0.5888657,0.0,0.0,0.0,-100.0,0.28678107,0.8239952,0.0028649531,0.2345049,0.12830399,0.22435844,0.34196648,0.43600264,0.52585363,0.51920897,0.45583257,0.5929611,0.6442635,0.66659135,0.59973353,0.8474143,0.9980846,1.0580977,1.1117779,1.1343131,1.2904261,1.4423699,1.1357847,0.90909815,0.9015295,1.1952004,1.0558347,1.2005965,1.0140485,0.9942233,0.000619237,0.00034435396,416.3086,3459.668,7522.2656,8426.66,0.03347214,4135.4644,6.5994973,1.3150588e+07,0.2517656,1.6241513,-0.00026945476,3.0133793,0.00087018084,3.4004753,14.784831,-10.195399,3.7973425,-3.2722788,5.6555157,-17.792797,-6.603583,-1.6120062,-7.219677,-1.6204683,7.522673,1.4944927,-2.542031,0 days 00:01:31.507824491,0 days 00:01:31.547824491
0 days 00:00:00.360000,0 days 00:00:00.400000,answer10,0.0,0.5778248,0.0,0.0,0.0,-100.0,0.27784148,0.8477114,0.0025979148,0.22581255,0.10352379,0.19504954,0.30654654,0.4204899,0.5293574,0.5887463,0.47425053,0.60367435,0.6521294,0.6100526,0.56229097,0.90194017,1.0504729,1.0626373,1.0749072,1.1636742,1.3131179,1.4910625,1.183919,0.96678025,0.9551432,1.2648743,1.1263231,1.2747785,1.0475731,1.1171832,0.000557871,0.0002899114,488.08594,4364.0625,7292.578,8369.238,0.029504249,4214.9614,6.7386303,1.2523477e+07,0.2181238,1.706397,-0.00020718602,3.0498466,0.0006991177,1.7743467,14.230813,-8.755429,0.25449458,-7.931291,2.5846186,-12.965256,-5.753082,-0.59324723,-0.5138933,0.8111822,3.7768533,4.1914444,-2.606801,0 days 00:01:31.517824491,0 days 00:01:31.557824491
0 days 00:00:00.370000,0 days 00:00:00.410000,answer10,0.0,0.5934856,0.0,0.0,0.0,-100.0,0.2645276,0.8526356,0.0024104493,0.20823886,0.08226838,0.16819672,0.27571175,0.4082125,0.5113573,0.65292424,0.51656485,0.5809133,0.64528996,0.58028954,0.53135586,0.8778806,1.0507709,1.0267805,1.0775951,1.2594088,1.3211209,1.4616407,1.2073617,1.023097,1.023368,1.3090621,1.1761675,1.2493349,1.0554277,1.0964255,0.00046002222,0.00024816507,574.21875,4349.707,7077.246,8412.305,0.027531216,4283.5913,6.828216,1.1812623e+07,0.20370416,1.8532537,-0.00016448459,3.072984,0.00060621236,0.16269462,14.108844,-9.847991,-3.6591349,-7.876257,-0.098069154,-12.205745,-7.3943076,-5.2183857,2.0898054,1.5630916,1.0390803,3.2600975,-3.5063045,0 days 00:01:31.527824491,0 days 00:01:31.567824491
0 days 00:00:00.380000,0 days 00:00:00.420000,answer10,0.0,0.61722755,0.0,0.0,0.0,-100.0,0.2525213,0.8329703,0.0024083208,0.17894936,0.07207295,0.15024589,0.26568314,0.4139236,0.4756494,0.67652124,0.5432117,0.54277235,0.6271999,0.5675773,0.50456136,0.8016446,0.990364,0.94390535,1.0537885,1.3231483,1.2611985,1.3376722,1.2005378,1.0769593,1.0947806,1.3293475,1.1974766,1.1641793,1.0487375,0.99406964,0.000806295,0.00019285259,488.08594,3387.8906,6086.7188,8168.2617,0.02909472,3674.504,6.202099,1.1000821e+07,0.5403581,2.464573,-0.00020317733,2.642155,0.00072494085,1.1410497,19.11651,-7.6383004,-4.664002,-3.2471035,0.10757121,-14.789173,-9.014661,-9.759179,-1.1507044,-0.80367136,-0.6947899,5.7225757,-2.2354057,0 days 00:01:31.537824491,0 days 00:01:31.577824491
0 days 00:00:00.390000,0 days 00:00:00.430000,answer10,0.0,0.6441968,0.0,0.0,0.0,-100.0,0.24367721,0.801344,0.0026896086,0.14928193,0.07276868,0.14885522,0.29700583,0.45367765,0.448431,0.66122633,0.536045,0.5122157,0.5941811,0.553613,0.46943876,0.7251491,0.9212995,0.83912605,0.972388,1.2912014,1.1556834,1.2248383,1.1983485,1.1149832,1.1380444,1.3185725,1.1934503,1.0820163,1.0101746,0.9022102,0.0014357682,0.00015269422,387.59766,1937.9883,3933.3984,7795.0195,0.028793221,2787.2864,5.3732586,9.593344e+06,1.1261654,3.7388067,-0.00030076166,2.027159,0.0010365797,3.439208,23.207987,-4.3825254,-2.0463574,-1.8433946,-0.62772715,-20.305729,-10.169412,-10.978698,-9.323839,-4.5638986,0.13612549,2.9904442,-1.7761847,0 days 00:01:31.547824491,0 days 00:01:31.587824491
0 days 00:00:00.400000,0 days 00:00:00.440000,answer10,0.0,0.6578646,0.0,0.0,0.0,-100.0,0.24648397,0.7739578,0.0031711627,0.120559335,0.0823937,0.17207469,0.3804566,0.53265095,0.4375193,0.6553883,0.5146859,0.50193304,0.56474996,0.5269615,0.44966757,0.6860638,0.8789682,0.8292243,0.9018634,1.17621,1.0287937,1.1398665,1.2136073,1.1296507,1.1034064,1.2534477,1.1486348,1.0288091,0.94218534,0.84369105,0.0020185576,0.00015908193,258.39844,301.46484,1780.0781,7278.2227,0.029516669,1806.0802,4.5538297,8.563885e+06,1.7439624,4.83506,-0.00040914232,1.3631592,0.001399119,6.7505507,25.137163,0.29418254,4.557444,-4.177254,-4.474043,-20.15286,-4.0184755,-12.206107,-15.525737,0.2935567,-3.702985,-1.7218143,-0.22800553,0 days 00:01:31.557824491,0 days 00:01:31.597824491
0 days 00:00:00.410000,0 days 00:00:00.450000,answer10,0.0,0.66707706,0.0,0.0,0.0,-100.0,0.25254467,0.7647917,0.0036197568,0.102607705,0.09969309,0.21851365,0.4917747,0.6451833,0.44445813,0.6698831,0.5215153,0.51314616,0.54601866,0.50098956,0.45072785,0.6909439,0.8765318,0.95007807,0.9109812,1.079926,0.95834416,1.0671072,1.2032518,1.1133164,1.0177168,1.1640726,1.0920142,0.9899943,0.85829115,0.81011146,0.0028889906,0.00016994809,258.39844,301.46484,473.73047,5368.9453,0.030380765,1392.891,4.118558,6.637896e+06,2.3203773,7.5578537,-0.00056046766,1.0797609,0.001930261,9.201499,24.272116,0.0039863586,9.030772,-5.094825,-7.3844337,-15.490753,-3.2647333,-16.448736,-15.915059,-2.8102922,-4.30436,-5.191031,0.20415395,0 days 00:01:31.567824491,0 days 00:01:31.607824491
0 days 00:00:00.420000,0 days 00:00:00.460000,answer10,0.0,0.66565704,0.0,0.0,0.0,-100.0,0.25566706,0.7753636,0.0038744474,0.093726374,0.11317167,0.2719286,0.57366973,0.7441905,0.47096506,0.6964572,0.5684188,0.5290683,0.516728,0.4803462,0.4787376,0.7276346,0.9173906,1.1617842,1.0411146,1.0597785,0.9514666,0.9985911,1.1550075,1.0629054,0.9571765,1.1137258,1.0459981,0.9504614,0.80222195,0.7705142,0.0029766273,0.00016648164,244.04297,301.46484,445.01953,5153.6133,0.031903446,1330.6776,4.1208878,6.2707145e+06,2.3858824,7.7852902,-0.0005914148,1.0378717,0.0019136207,9.196896,23.578302,1.7217245,11.57665,-7.8512535,-16.306389,-13.254287,-2.977588,-15.299413,-11.237648,-5.8706117,-8.582961,-6.073375,-0.6380572,0 days 00:01:31.577824491,0 days 00:01:31.617824491
0 days 00:00:00.430000,0 days 00:00:00.470000,answer10,0.0,0.6614636,0.0,0.0,0.0,-100.0,0.25369188,0.7922761,0.0040073656,0.0835223,0.120986186,0.3146256,0.607676,0.8033411,0.5327911,0.69592667,0.6242026,0.5432604,0.49261412,0.48128676,0.51763886,0.7783401,0.9680349,1.2967935,1.1781517,1.0703725,0.9927578,0.93862176,1.0721644,1.0097011,0.9505461,1.1217028,1.038354,0.92993754,0.78388625,0.7354632,0.0031258175,0.00013766342,229.6875,315.8203,401.95312,5024.414,0.032644305,1294.5895,4.1533995,6.0879415e+06,2.401893,7.823757,-0.00063216686,1.0134976,0.001806134,9.417684,26.193472,0.5257037,11.384801,-6.3672614,-15.711758,-16.51209,-9.266926,-11.94199,-9.487806,-6.9761624,-4.3670673,-1.2771178,-0.25755215,0 days 00:01:31.587824491,0 days 00:01:31.627824491
0 days 00:00:00.440000,0 days 00:00:00.480000,answer10,0.0,0.6579388,0.0,0.0,0.0,-100.0,0.26353955,0.810445,0.004330699,0.072184436,0.12118196,0.33384344,0.60132515,0.80671406,0.6400545,0.7043403,0.6737235,0.5536745,0.46681347,0.49043402,0.5565246,0.83476233,1.0073204,1.2555586,1.2349589,1.1043624,1.0801221,0.9490671,1.0299531,0.9596641,0.9826136,1.1586994,1.0510387,0.9568798,0.80383253,0.71410686,0.0031244957,0.00013608609,229.6875,315.8203,459.375,6402.539,0.03659599,1372.5381,4.355974,6.3083065e+06,2.2043483,6.6544394,-0.00061962055,1.0690093,0.0017451448,8.958753,27.072012,1.182284,7.9388747,-12.787216,-14.581192,-20.455637,-10.33989,-0.8725095,-5.4141145,-5.2088103,-7.8585734,0.5512169,-1.2029625,0 days 00:01:31.597824491,0 days 00:01:31.637824491
0 days 00:00:00.450000,0 days 00:00:00.490000,answer10,0.0,0.673948,0.0,0.0,0.0,-100.0,0.33477476,0.8564517,0.007674334,0.05234316,0.1252166,0.3597404,0.62352616,0.80909747,0.8116854,0.812805,0.7607202,0.5914361,0.47424483,0.5100522,0.6316161,0.9298742,1.078218,1.1223673,1.2596006,1.1997994,1.2020193,1.1166677,1.0989369,0.9410391,1.0196648,1.1448659,1.0560082,1.0369228,0.83525825,0.7163587,0.012944597,0.0004475135,229.6875,301.46484,430.66406,4392.7734,0.09073701,1038.8932,3.9881134,4.288377e+06,4.278936,31.972063,-0.003075324,0.83678514,0.0061474345,13.037823,25.49012,1.461538,5.946016,-17.383478,-9.037659,-25.202934,-10.662286,6.6743293,-6.4186645,-7.8097816,-11.723369,-2.3176115,-1.3610262,0 days 00:01:31.607824491,0 days 00:01:31.647824491
0 days 00:00:00.460000,0 days 00:00:00.500000,answer10,0.0,0.6986181,0.0,0.0,0.0,-62.685978,0.45103765,0.9721295,0.015837895,0.03306878,0.14540683,0.45076132,0.7472498,0.85648775,1.0556086,1.1246814,0.98222286,0.7111135,0.56805784,0.59731084,0.8094496,1.0986159,1.2364192,1.0627738,1.384003,1.4435158,1.3561875,1.5295496,1.2776743,0.9548891,1.0601987,1.0972301,1.0302011,1.1034454,0.8525193,0.7397921,0.033340394,0.0010882751,215.33203,258.39844,358.88672,2325.586,0.18104617,622.20294,3.2881172,1.9499259e+06,8.683045,126.110344,-0.014247488,0.53903705,0.025356865,19.061148,21.92431,3.910354,5.510391,-20.301992,-4.059372,-24.142496,-7.724008,8.591918,-3.184049,-9.23705,-16.175108,-12.620212,-6.074497,0 days 00:01:31.617824491,0 days 00:01:31.657824491
0 days 00:00:00.470000,0 days 00:00:00.510000,answer10,181.0725,0.72762984,0.0,0.0,0.30724597,-26.43126,0.5624693,1.1790974,0.028252875,0.017384732,0.19907863,0.6953332,1.0430555,0.98136264,1.3284755,1.6521674,1.3493904,0.9205055,0.72760195,0.77089053,1.1702869,1.3594989,1.5700861,1.1773136,1.6936684,1.851943,1.549181,2.162873,1.55841,1.0072913,1.1145278,1.0602078,0.9932206,1.1065756,0.8537981,0.75978845,0.060735952,0.001909447,186.6211,215.33203,258.39844,387.59766,0.28465304,290.23923,2.4918227,293717.94,16.373247,400.56274,-0.044379633,0.2931454,0.084054224,24.910141,21.58396,9.163671,11.603592,-13.7434435,1.1766529,-26.545382,-5.7712955,11.174469,-4.6951337,-11.249992,-17.73456,-20.339373,-7.0660057,0 days 00:01:31.627824491,0 days 00:01:31.667824491
0 days 00:00:00.480000,0 days 00:00:00.520000,answer10,181.18614,0.7480101,0.10757959,0.0,0.2780838,11.864224,0.6101938,1.4145588,0.03995397,0.009826153,0.30242097,1.1522373,1.4885329,1.1532125,1.5582266,2.1401627,1.7258247,1.2031697,0.93532753,1.0054698,1.5880073,1.6350117,2.0142558,1.3854693,2.0135415,2.2498345,1.6890168,2.7926004,1.8454069,1.0708379,1.1463054,1.0564194,0.98402804,1.048134,0.8281755,0.7668965,0.08082085,0.0020039133,172.26562,186.6211,215.33203,287.10938,0.27177238,223.12573,1.9587389,94900.46,24.330614,811.9109,-0.08299446,0.23442908,0.1643676,28.348074,23.828293,11.460456,14.585109,-8.364065,6.8739166,-21.063202,-4.0282903,10.314681,-9.769919,-11.939751,-15.327103,-21.020483,-5.5048623,0 days 00:01:31.637824491,0 days 00:01:31.677824491
0 days 00:00:00.490000,0 days 00:00:00.530000,answer10,181.62622,0.75654674,0.07823111,0.04245013,0.2160623,13.17152,0.602573,1.568839,0.046778847,0.008692366,0.43249556,1.6483029,1.8869715,1.2853249,1.6470866,2.257146,1.9135138,1.4711533,1.0820976,1.1482494,1.8104892,1.8109007,2.398132,1.5328432,2.168989,2.5364034,1.8193036,3.044573,2.022896,1.136233,1.148611,1.0698917,0.99770087,0.97065455,0.7936211,0.7562289,0.08133983,0.0018093417,172.26562,172.26562,215.33203,215.33203,0.21249968,201.4433,1.6689554,56595.668,28.990458,1052.9982,-0.10754952,0.21399255,0.22525068,28.767916,25.808867,16.56375,18.832869,-7.109017,8.451337,-17.882437,-1.8686546,9.694042,-13.316985,-22.546503,-16.44377,-9.563979,-0.31198272,0 days 00:01:31.647824491,0 days 00:01:31.687824491
0 days 00:00:00.500000,0 days 00:00:00.540000,answer10,183.99084,0.7596962,0.03612986,0.030389704,0.09817626,16.9204,0.5882819,1.5958406,0.047777176,0.008503402,0.535246,1.9681622,2.0806186,1.3411173,1.6024357,1.9435118,1.890612,1.6877809,1.1127931,1.1323963,1.7278986,1.8823446,2.6787271,1.5831109,2.0942242,2.6414747,1.9331325,2.8485081,2.0019455,1.1754909,1.1670513,1.0693203,1.0169393,0.8984099,0.74025947,0.738344,0.07653779,0.0015372448,172.26562,172.26562,215.33203,215.33203,0.12112229,198.19841,1.6138148,48977.5,31.213099,1242.2181,-0.10973596,0.21097589,0.2351671,28.975298,25.314468,18.239473,20.60795,-6.1554875,4.5799704,-12.429986,3.0826309,3.64907,-14.559777,-32.608807,-13.9808,-1.5496727,0.017488798,0 days 00:01:31.657824491,0 days 00:01:31.697824491
0 days 00:00:00.510000,0 days 00:00:00.550000,answer10,186.63715,0.7555315,0.013031915,0.017471898,0.0403419,19.536787,0.5632169,1.5291809,0.04567862,0.008503402,0.5587065,1.9663416,2.0243118,1.2794636,1.4705968,1.4552898,1.7479852,1.8101239,1.064016,1.0316664,1.4650998,1.8375955,2.7821198,1.620344,1.948933,2.6275446,2.0434601,2.4364626,1.8582352,1.1927747,1.2616748,1.0833018,0.9973472,0.8196178,0.6769576,0.6987345,0.06780032,0.001524526,172.26562,172.26562,215.33203,215.33203,0.109909974,198.27034,1.5659122,45343.203,32.475048,1432.2858,-0.09681075,0.21110146,0.20523699,28.030905,22.610197,21.057291,20.282305,-1.4300895,2.9819534,-10.8953085,3.9531574,-3.1939685,-14.831151,-34.711727,-11.835658,-2.326465,-3.5162604,0 days 00:01:31.667824491,0 days 00:01:31.707824491
0 days 00:00:00.520000,0 days 00:00:00.560000,answer10,188.83308,0.75161725,0.012888986,0.01383854,0.03450624,21.298494,0.55512697,1.4496027,0.043586325,0.008503402,0.5142146,1.7742363,1.8663193,1.1707689,1.31754,1.1087006,1.5543786,1.8147078,1.0331472,0.98470235,1.2807986,1.7457021,2.742057,1.7453479,1.8726335,2.524585,2.1188977,2.1038554,1.7322153,1.1954695,1.4482387,1.1320301,0.94593936,0.73132175,0.6046409,0.62722325,0.07530284,0.0014052003,172.26562,172.26562,215.33203,215.33203,0.09634054,199.21382,1.5738969,32586.596,37.114605,2115.0222,-0.09296572,0.21281888,0.18191914,28.870163,19.824331,21.663824,16.97302,4.530739,1.9279367,-7.785938,0.5015338,-11.469731,-15.150822,-29.660233,-7.6340575,-7.4030395,-8.656528,0 days 00:01:31.677824491,0 days 00:01:31.717824491
0 days 00:00:00.530000,0 days 00:00:00.570000,answer10,188.178,0.746723,0.011256673,0.018061707,0.064578235,21.241585,0.54432636,1.3822193,0.043302562,0.008503402,0.44412556,1.5470396,1.7071546,1.0335337,1.189205,0.9929369,1.3580991,1.6992983,1.0839654,1.0441328,1.2208582,1.5838183,2.4712107,1.9263211,1.9182434,2.3663156,2.0776129,1.9360236,1.7166381,1.1915051,1.6289072,1.1810999,0.8856426,0.6588536,0.54259646,0.5325653,0.07867906,0.0011626143,172.26562,172.26562,215.33203,215.33203,0.091064185,199.23584,1.545729,25535.572,40.279568,2536.5557,-0.09224182,0.21332626,0.17212011,29.195478,19.098282,23.873713,13.986922,3.0668275,2.9797685,-6.4800587,-2.3470044,-13.468586,-13.219544,-18.582064,-11.06755,-13.15758,-12.05629,0 days 00:01:31.687824491,0 days 00:01:31.727824491
0 days 00:00:00.540000,0 days 00:00:00.580000,answer10,184.07796,0.7416487,0.015137364,0.01644229,0.074265964,20.126472,0.5540686,1.3384933,0.04288582,0.009448224,0.3875328,1.3602719,1.5763615,0.9247248,1.0926872,1.0006398,1.1500021,1.4779139,1.1518949,1.1177467,1.2474848,1.43704,2.1238883,2.0480642,2.0788043,2.307374,2.0490253,1.8617601,1.7824045,1.2258662,1.7302026,1.2112877,0.86460286,0.6319127,0.5109332,0.4504,0.07767441,0.001440599,172.26562,172.26562,215.33203,215.33203,0.081332184,199.97462,1.5579265,32077.87,37.871983,2282.552,-0.09168607,0.2135057,0.17241752,27.655317,18.302656,26.941225,17.258839,2.7710812,0.3751053,-6.0355744,-7.500632,-13.45457,-8.778394,-14.419861,-14.489112,-11.053233,-11.837837,0 days 00:01:31.697824491,0 days 00:01:31.737824491
0 days 00:00:00.550000,0 days 00:00:00.590000,answer10,176.27205,0.7354241,0.01075467,0.013188888,0.102886945,20.143112,0.5421672,1.3134936,0.038894463,0.010770976,0.3529456,1.2038268,1.4315338,0.85869473,1.0319651,1.032397,1.0030632,1.2613401,1.1875318,1.1543149,1.2716368,1.3253704,1.8372489,2.0908995,2.24569,2.3508785,2.0630443,1.8324562,1.845827,1.2910273,1.7452594,1.2396952,0.9042589,0.65726227,0.52140415,0.41126466,0.058834936,0.0014457843,172.26562,172.26562,215.33203,215.33203,0.1347336,203.86688,1.6218551,84245.664,30.079817,1407.5765,-0.07493987,0.21496587,0.14879687,25.465172,19.3796,27.196075,17.888206,2.2201033,0.9847171,-4.348946,-8.80919,-11.770706,-8.750337,-11.75715,-12.188878,-10.892537,-10.850972,0 days 00:01:31.707824491,0 days 00:01:31.747824491
0 days 00:00:00.560000,0 days 00:00:00.600000,answer10,168.44429,0.7260719,0.016185967,0.012584698,0.107002735,18.352198,0.5204336,1.296892,0.030846154,0.014739229,0.3318909,1.0330019,1.2163275,0.8451741,0.9650585,1.0039703,0.8912311,1.0790895,1.1618596,1.1225433,1.2466023,1.2844197,1.7508055,2.0868673,2.3276265,2.4344146,2.1498554,1.8590721,1.8779683,1.3729187,1.714801,1.3011504,0.97573423,0.7118635,0.56269485,0.4122533,0.041202847,0.0016060461,157.91016,172.26562,229.6875,258.39844,0.21795706,233.6791,1.9291052,275363.75,19.794992,563.7321,-0.048483938,0.23737387,0.102113105,23.28762,17.50019,27.557112,19.203579,2.8472967,-1.2421414,-5.352228,-8.080819,-9.175945,-10.1983595,-13.204517,-2.8428333,-3.3549817,-8.3371935,0 days 00:01:31.717824491,0 days 00:01:31.757824491
0 days 00:00:00.570000,0 days 00:00:00.610000,answer10,164.14035,0.7086234,0.014388681,0.015867822,0.1228443,-21.444563,0.48036125,1.2640514,0.022625796,0.01946334,0.31144485,0.843043,0.96489954,0.8984387,0.8895688,0.9163814,0.8230598,0.99088377,1.1424817,1.0611608,1.1700565,1.2757908,1.7653767,2.0795534,2.2565587,2.370786,2.1663635,1.8536936,1.8233145,1.4032038,1.6686467,1.3873414,1.0371113,0.74414414,0.59130305,0.4307355,0.03398456,0.0011751914,157.91016,172.26562,258.39844,301.46484,0.2183541,253.73329,2.2840178,337838.16,15.521439,288.2469,-0.026051579,0.25645104,0.058848202,23.925795,17.682894,24.057398,16.573606,1.45147,-3.8120592,-4.727951,-5.754892,-12.462616,-12.3211565,-13.810405,3.798618,-0.47572342,-2.1797488,0 days 00:01:31.727824491,0 days 00:01:31.767824491
0 days 00:00:00.580000,0 days 00:00:00.620000,answer10,0.0,0.6936979,0.0,0.0,0.0,-61.844227,0.4464457,1.2033384,0.017080838,0.023809524,0.27623174,0.6508066,0.7353573,0.9641848,0.8184256,0.8347741,0.78540677,0.9474828,1.1134986,0.9884477,1.0443236,1.2933348,1.796785,2.0170534,2.0885708,2.116836,2.0317428,1.818717,1.7244748,1.3756651,1.5643717,1.4301311,1.077748,0.7517672,0.5912726,0.44938883,0.03102544,0.0010806044,157.91016,186.6211,287.10938,330.17578,0.18540919,284.86166,2.622873,419692.47,12.5932665,190.87604,-0.013232009,0.28378925,0.028767101,22.465883,17.058039,21.254652,16.572803,-0.22263551,-10.11985,-9.433742,-5.5921006,-7.549391,-16.216112,-14.092193,5.2800603,-0.15498114,1.4943022,0 days 00:01:31.737824491,0 days 00:01:31.777824491
0 days 00:00:00.590000,0 days 00:00:00.630000,answer10,0.0,0.68183756,0.0,0.0,0.0,-100.0,0.4170624,1.1303784,0.013370462,0.027210886,0.22652066,0.49066117,0.5897439,0.9969681,0.74325055,0.75600654,0.7621145,0.92765635,1.050176,0.91613847,0.96211386,1.3235584,1.7851642,1.8984427,1.9061142,1.8243752,1.8128291,1.741456,1.6116818,1.324484,1.4352769,1.4219356,1.1083461,0.7462711,0.57037264,0.4581816,0.028446743,0.0008733154,172.26562,229.6875,301.46484,330.17578,0.11406702,314.267,2.7145157,396870.4,12.002716,181.87921,-0.009261286,0.31180063,0.019880647,20.54093,15.914485,18.413033,14.687095,0.53228563,-10.938153,-11.60104,-9.32587,-8.0241165,-19.945694,-18.111444,-0.5287056,-4.356991,4.9881873,0 days 00:01:31.747824491,0 days 00:01:31.787824491
0 days 00:00:00.600000,0 days 00:00:00.640000,answer10,0.0,0.67503285,0.0,0.0,0.0,-100.0,0.3868834,1.0580506,0.010655105,0.030423282,0.17887555,0.37280867,0.510695,0.95143414,0.65435386,0.70368075,0.7428518,0.8853372,0.9320946,0.8779578,0.9167555,1.3048592,1.697466,1.7289246,1.7236819,1.5993079,1.617477,1.6717186,1.5246248,1.3070685,1.300073,1.3775531,1.1484228,0.76259154,0.5608848,0.4578164,0.019762604,0.00078462204,157.91016,258.39844,301.46484,330.17578,0.10559205,328.02573,2.8156154,443658.9,10.153205,129.20837,-0.005332668,0.3206755,0.011746645,18.217226,15.847104,19.293535,14.550891,0.84942013,-9.502922,-12.083947,-10.643962,-2.6709588,-19.311956,-14.990799,-3.1866035,-4.659787,0.82402444,0 days 00:01:31.757824491,0 days 00:01:31.797824491
0 days 00:00:00.610000,0 days 00:00:00.650000,answer10,0.0,0.669589,0.0,0.0,0.0,-100.0,0.35983145,1.0015231,0.008224344,0.036092214,0.14070454,0.27790385,0.45969105,0.86031985,0.5504897,0.65733796,0.7132185,0.8258459,0.7999684,0.86347955,0.92015266,1.2373748,1.5995115,1.5852703,1.5621691,1.5153637,1.5200251,1.641502,1.4641126,1.3333429,1.213314,1.3327416,1.1707293,0.7916656,0.5589078,0.44445792,0.01636332,0.00067604356,186.6211,287.10938,301.46484,358.88672,0.092287876,375.56912,2.7577088,518996.25,9.1253395,108.94586,-0.0034359992,0.36255875,0.010625915,16.717363,12.650468,17.235796,10.580689,-1.0435947,-11.310059,-12.157029,-13.37135,-6.057981,-17.860727,-14.808262,-4.765784,-3.0847595,2.8048308,0 days 00:01:31.767824491,0 days 00:01:31.807824491
0 days 00:00:00.620000,0 days 00:00:00.660000,answer10,0.0,0.66225475,0.0,0.0,0.0,-100.0,0.32264775,0.94524103,0.0066553554,0.049697656,0.12008128,0.20818074,0.40726617,0.7496891,0.46565723,0.61193234,0.67108136,0.77255696,0.7153675,0.87112,0.9128458,1.1027516,1.4433742,1.4778423,1.40929,1.4561828,1.4621645,1.5782472,1.4040076,1.3750587,1.1702032,1.279624,1.1451535,0.7964728,0.54974765,0.4203705,0.010114953,0.0004763616,172.26562,272.7539,301.46484,502.4414,0.079371035,425.31274,3.0714161,810923.3,7.8913326,86.79431,-0.002277294,0.38933215,0.007352471,15.669019,12.680078,16.794247,8.807554,1.5261124,-9.143815,-10.036861,-10.47906,-6.2314224,-15.974093,-7.600263,-0.17871761,-0.883327,2.1558409,0 days 00:01:31.777824491,0 days 00:01:31.817824491
0 days 00:00:00.630000,0 days 00:00:00.670000,answer10,0.0,0.6547763,0.0,0.0,0.0,-100.0,0.3049585,0.8963124,0.0050132307,0.070861675,0.10392565,0.15537113,0.34412184,0.6374712,0.41981184,0.5698507,0.62067324,0.735698,0.69806075,0.88744825,0.8828227,0.9707473,1.31341,1.3967752,1.2773591,1.3883,1.4060892,1.4666713,1.3426156,1.4248009,1.1557435,1.2520432,1.1232548,0.7895808,0.5392688,0.4022099,0.005718389,0.00042170208,186.6211,287.10938,315.8203,1134.082,0.068141825,605.2961,3.463855,1.61532e+06,5.5595927,45.410053,-0.0010730061,0.5130725,0.003816513,13.042423,11.360131,11.601375,5.09055,3.1701133,-9.549783,-7.9157233,-12.192067,-10.157487,-16.646029,-7.5274544,1.9515363,0.087270804,2.0224545,0 days 00:01:31.787824491,0 days 00:01:31.827824491
0 days 00:00:00.640000,0 days 00:00:00.680000,answer10,0.0,0.64465284,0.0,0.0,0.0,-100.0,0.3027949,0.86498594,0.003839053,0.094293274,0.09263947,0.13056125,0.28017426,0.52459025,0.40674734,0.5295813,0.59046274,0.7447569,0.72892284,0.9029787,0.8782947,0.88410205,1.1839525,1.3349819,1.1835294,1.291182,1.3204906,1.3316026,1.3230577,1.4695296,1.1854515,1.2791215,1.1335292,0.80061483,0.55418295,0.40459934,0.00211698,0.00040632024,157.91016,301.46484,502.4414,2569.629,0.043807,862.8576,4.3256154,2.7798702e+06,3.761037,21.20397,-0.0006292544,0.6771706,0.0018663226,11.143712,12.989074,8.410151,4.2145114,6.555966,-6.037607,-4.2741857,-6.2386074,-5.289738,-12.557691,-2.1842315,-0.46120152,-0.6668733,1.5584942,0 days 00:01:31.797824491,0 days 00:01:31.837824491
0 days 00:00:00.650000,0 days 00:00:00.690000,answer10,0.0,0.636867,0.0,0.0,0.0,-100.0,0.31763813,0.86735326,0.0034783382,0.1128118,0.08350607,0.12584595,0.22862653,0.42029107,0.4168098,0.5236793,0.59527487,0.76622295,0.7870529,0.930458,0.87304974,0.85095024,1.0798992,1.2644696,1.138015,1.2107621,1.2680258,1.2285541,1.3613235,1.5557286,1.2702634,1.3900105,1.2270247,0.8801718,0.6286904,0.4464796,0.0015092337,0.00042528287,186.6211,401.95312,1866.2109,4608.1055,0.03328696,1462.4515,5.120097,5.1323585e+06,2.3624527,9.365872,-0.000504122,1.0842379,0.0013714599,7.749433,14.508316,3.7921448,0.0657177,3.7859833,-6.372665,-1.4023684,-5.7028937,-5.0884404,-8.696892,-1.3129989,-2.682641,-1.950729,-0.9512693,0 days 00:01:31.807824491,0 days 00:01:31.847824491
0 days 00:00:00.660000,0 days 00:00:00.700000,answer10,0.0,0.6328799,0.0,0.0,0.0,-100.0,0.32654452,0.902689,0.0033254502,0.12566137,0.07752808,0.12927979,0.19687615,0.33757505,0.44724908,0.5512187,0.6235109,0.79866105,0.8279156,0.9298305,0.8903896,0.85230035,0.9776643,1.2056855,1.1600598,1.1815618,1.2804079,1.2003754,1.4591917,1.6902264,1.4131833,1.5783483,1.3759235,1.005942,0.7543483,0.52466065,0.0010514194,0.0004444978,186.6211,373.2422,2713.1836,5770.8984,0.03338733,1741.107,5.451763,6.325832e+06,1.7557216,5.6817803,-0.00048477773,1.2571827,0.0010970971,5.2582545,16.797754,5.5208945,-1.2087446,2.9426124,-4.314441,-0.24495451,-1.6984547,-1.8555835,-3.2308333,1.3787785,-3.2283452,-4.114042,-0.19563992,0 days 00:01:31.817824491,0 days 00:01:31.857824491
0 days 00:00:00.670000,0 days 00:00:00.710000,answer10,0.0,0.6284635,0.0,0.0,0.0,-100.0,0.32309285,0.9425772,0.0033481878,0.13416478,0.07796817,0.13774192,0.18663943,0.27619776,0.47658834,0.60113084,0.6470911,0.7935826,0.84128743,0.9177635,0.8696224,0.83638984,0.87860775,1.1452577,1.2011318,1.1962668,1.3927746,1.2308031,1.5506278,1.843762,1.5513107,1.7460089,1.5191647,1.1091973,0.8721905,0.60790247,0.00086065877,0.00045000607,186.6211,330.17578,2799.3164,5986.2305,0.032251354,1824.5397,5.3725457,6.9733695e+06,1.6500559,5.0255585,-0.0004910207,1.3085209,0.0010193613,4.281017,17.822603,8.436093,-2.1644523,1.459586,0.04968357,3.82636,-4.6383452,-2.468325,0.11004058,-0.6475921,-1.9648298,-5.7207923,-7.0731945,0 days 00:01:31.827824491,0 days 00:01:31.867824491
0 days 00:00:00.680000,0 days 00:00:00.720000,answer10,0.0,0.62262124,0.0,0.0,0.0,-100.0,0.3147519,0.9649975,0.0032850618,0.14247921,0.07798329,0.13794295,0.19315957,0.24516799,0.49992236,0.6386202,0.6316364,0.77078074,0.8439774,0.88835925,0.8122601,0.78664607,0.7906187,1.0749704,1.2123405,1.254506,1.5792059,1.2988902,1.5936009,1.9740824,1.6434814,1.8229308,1.6024837,1.1318444,0.9266674,0.6578539,0.0009997163,0.00043774443,215.33203,301.46484,2483.496,5742.1875,0.035969395,1724.9349,5.23902,6.49524e+06,1.78746,5.607101,-0.00046886667,1.2354113,0.0010388405,3.9288623,17.60837,10.907941,-6.3282714,-1.7478242,1.1186807,1.6081315,-9.27695,-5.416902,0.07511882,-0.534414,0.16961344,-0.49187532,-5.232674,0 days 00:01:31.837824491,0 days 00:01:31.877824491
0 days 00:00:00.690000,0 days 00:00:00.730000,answer10,0.0,0.61721456,0.0,0.0,0.0,-100.0,0.31121936,0.9638903,0.0030202612,0.14758126,0.0803348,0.13202566,0.20106097,0.24460773,0.5020284,0.63984114,0.58985454,0.72981524,0.8457926,0.8840006,0.7343196,0.7331362,0.73150283,1.0167977,1.177292,1.3410153,1.751442,1.3670746,1.6051327,2.055432,1.7211952,1.7575098,1.5844516,1.0942546,0.90038466,0.64084417,0.0009785973,0.00047274283,200.97656,358.88672,2871.0938,5713.4766,0.036533102,1885.4213,5.4721584,6.6714695e+06,1.6895542,5.4781585,-0.00039518136,1.3281134,0.0009130663,3.490235,15.770035,12.900493,-8.274609,0.15940444,0.6984183,1.7001971,-12.230148,-8.366378,-0.6216311,3.4792602,2.0475142,7.081085,-7.074639,0 days 00:01:31.847824491,0 days 00:01:31.887824491
0 days 00:00:00.700000,0 days 00:00:00.740000,answer10,0.0,0.61630726,0.0,0.0,0.0,-100.0,0.30287066,0.94943386,0.0027743133,0.14909297,0.08071979,0.11899861,0.20097357,0.27061418,0.49735656,0.6136877,0.5473616,0.6999404,0.8413353,0.8972874,0.6452181,0.703522,0.70902556,0.97243696,1.1015888,1.4290293,1.8620162,1.4017452,1.6130251,2.062047,1.79434,1.6306849,1.5171596,1.0526876,0.83558226,0.5868965,0.0009395922,0.00044588183,215.33203,445.01953,3861.621,6029.297,0.036466856,2146.0232,5.831833,7.3952525e+06,1.4576778,4.630789,-0.00031249798,1.4979409,0.0007810816,2.5268304,15.9798355,13.965199,-10.20968,-1.1920127,-1.8108315,0.09794712,-11.6273775,-5.931352,-2.0842073,3.6115131,5.536122,12.824534,-3.2208939,0 days 00:01:31.857824491,0 days 00:01:31.897824491
0 days 00:00:00.710000,0 days 00:00:00.750000,answer10,0.0,0.61664087,0.0,0.0,0.0,-100.0,0.29478607,0.93203187,0.0025870667,0.14342403,0.08350959,0.11060953,0.18782876,0.29930374,0.4954567,0.57408744,0.5290942,0.69510573,0.81748194,0.8942687,0.5957074,0.7168786,0.71431845,0.9432892,1.0383507,1.4840335,1.8602749,1.4153848,1.6534675,2.0106814,1.838987,1.5129277,1.4256662,1.0331415,0.771054,0.53191906,0.0006384105,0.00044439457,172.26562,445.01953,3890.332,6258.9844,0.028246552,2199.7183,5.972751,7.8861495e+06,1.4472681,4.547215,-0.00028534935,1.5337543,0.0006413898,3.0960233,15.387543,14.333851,-8.657938,1.2431684,1.9193282,3.0361578,-7.8961854,-0.075175606,0.53213626,3.3907242,4.0965724,12.80173,-1.039352,0 days 00:01:31.867824491,0 days 00:01:31.907824491
0 days 00:00:00.720000,0 days 00:00:00.760000,answer10,0.0,0.62485254,0.0,0.0,0.0,-100.0,0.27249673,0.9040196,0.002443636,0.13473167,0.085960664,0.10872959,0.17056048,0.31232738,0.49667645,0.5540822,0.556077,0.7083165,0.7871911,0.8595822,0.5811639,0.74838716,0.7133484,0.89284104,1.0022684,1.4764215,1.7900683,1.3968662,1.6606754,1.8792094,1.7791257,1.4113998,1.3250344,0.9988103,0.7082892,0.50109607,0.0005810508,0.00033082606,229.6875,473.73047,3718.0664,6531.7383,0.02428438,2178.3604,6.0191894,8.293818e+06,1.5726405,4.8317857,-0.0002232914,1.5469898,0.0005390621,4.4230156,14.971627,11.722682,-12.704285,-4.115688,2.7912443,2.2700298,-6.5216565,2.4832106,3.5563004,0.28502807,1.4364179,10.352729,4.7632327,0 days 00:01:31.877824491,0 days 00:01:31.917824491
0 days 00:00:00.730000,0 days 00:00:00.770000,answer10,0.0,0.62197,0.0,0.0,0.0,-100.0,0.25724185,0.8634351,0.002249527,0.13057445,0.08434535,0.112068325,0.16161232,0.3050836,0.5027004,0.5566601,0.59256333,0.7311421,0.781971,0.8113737,0.6144041,0.78104895,0.6968942,0.82079726,1.0180931,1.408145,1.6476141,1.3555346,1.6130353,1.7201592,1.5895067,1.2858807,1.2021911,0.9294053,0.6436165,0.4834682,0.00050510094,0.0003009823,229.6875,445.01953,2770.6055,6172.8516,0.024164213,1944.311,5.7835937,7.6368705e+06,1.8927377,6.201608,-0.00019582792,1.4017953,0.00047467052,6.079315,12.319626,9.677496,-11.165137,-2.5323527,4.585618,-0.07950469,-8.583857,-1.3308239,1.906228,4.64831,-2.7964904,6.0966544,4.0712757,0 days 00:01:31.887824491,0 days 00:01:31.927824491
0 days 00:00:00.740000,0 days 00:00:00.780000,answer10,0.0,0.626924,0.0,0.0,0.0,-100.0,0.24108048,0.8163031,0.00210901,0.12490553,0.079405464,0.11503098,0.16534573,0.2946819,0.5002223,0.58637077,0.62000614,0.72487336,0.7981655,0.7897337,0.6586905,0.8033573,0.69500273,0.7829078,1.056427,1.3004147,1.4532431,1.2852038,1.5213977,1.565441,1.3478227,1.1257088,1.0717723,0.8463437,0.57838124,0.4579294,0.00057720795,0.00024345801,272.7539,445.01953,2009.7656,5612.9883,0.024238387,1723.7653,5.580319,6.7820035e+06,2.156593,7.4145317,-0.00017309387,1.2644771,0.00043600413,7.337152,11.546715,8.869052,-9.388998,-4.517868,-1.0824782,-3.630085,-6.032972,-0.26925325,-4.103889,8.425827,-2.0907643,2.8345044,1.3663474,0 days 00:01:31.897824491,0 days 00:01:31.937824491
0 days 00:00:00.750000,0 days 00:00:00.790000,answer10,0.0,0.6252973,0.0,0.0,0.0,-100.0,0.22721012,0.76969653,0.0019869083,0.11772487,0.0725419,0.11716077,0.18055141,0.29152623,0.49656355,0.61607176,0.5963345,0.6810165,0.82133293,0.82268023,0.6944899,0.8011484,0.7188351,0.8037707,1.0617328,1.1808628,1.2436994,1.2006553,1.4059706,1.4187428,1.116932,0.97188425,0.9458921,0.7862621,0.5367784,0.42867208,0.0005267022,0.00022418266,244.04297,416.3086,1191.5039,5412.0117,0.023793979,1526.5463,5.315746,6.2787745e+06,2.3757963,8.330895,-0.00016353547,1.1436678,0.000409876,8.487929,11.467736,7.0709176,-3.5315874,-1.495914,0.5817418,-7.013729,-10.727699,-3.3294373,-6.704342,14.561444,0.6000428,0.53869367,-5.84622,0 days 00:01:31.907824491,0 days 00:01:31.947824491
0 days 00:00:00.760000,0 days 00:00:00.800000,answer10,0.0,0.6317845,0.0,0.0,0.0,-100.0,0.21425305,0.73158765,0.0019449623,0.10090703,0.069203824,0.12299013,0.20204757,0.30118415,0.47976303,0.6158765,0.5364638,0.6284274,0.84915304,0.90150446,0.72167987,0.77722955,0.7773218,0.87312704,1.0114256,1.0660442,1.0610089,1.1137438,1.2806727,1.2964481,0.95937824,0.8546638,0.84424067,0.7526954,0.5199766,0.4050077,0.0005971084,0.00018767214,244.04297,373.2422,1047.9492,4335.3516,0.022167766,1327.39,5.004818,5.372111e+06,2.7864597,11.176434,-0.00016445921,1.0176646,0.00036238527,9.65923,12.221438,5.0368185,-1.7995076,0.528364,1.187642,-9.439216,-11.512471,-9.402353,-11.344951,12.374852,3.7219813,2.292957,-6.809483,0 days 00:01:31.917824491,0 days 00:01:31.957824491
0 days 00:00:00.770000,0 days 00:00:00.810000,answer10,0.0,0.63459027,0.0,0.0,0.0,-100.0,0.2012748,0.69657564,0.0019670806,0.082955405,0.069049396,0.13102518,0.21957128,0.31872228,0.46733618,0.58152777,0.48094225,0.6120183,0.8721221,0.9521895,0.7422266,0.7510454,0.81406873,0.9238066,0.9104915,0.9474847,0.9336247,1.022767,1.1541902,1.1903713,0.8656046,0.7807502,0.7581783,0.71147776,0.5082502,0.39212334,0.0005086229,0.00015937275,200.97656,330.17578,875.6836,3775.4883,0.024007007,1159.0171,4.760239,4.6831265e+06,3.144146,13.759797,-0.00015481132,0.9037461,0.00032485585,11.353573,12.45975,4.1354704,-2.0962913,5.1457143,3.7917202,-10.995258,-9.859846,-12.124099,-11.54362,9.559589,4.0294476,4.7265887,-4.3106337,0 days 00:01:31.927824491,0 days 00:01:31.967824491
0 days 00:00:00.780000,0 days 00:00:00.820000,answer10,0.0,0.6370375,0.0,0.0,0.0,-100.0,0.2045546,0.6740692,0.0021502224,0.065570675,0.071611315,0.14187385,0.23411785,0.34262517,0.46364975,0.55110484,0.46573046,0.67925,0.91917276,0.9644219,0.7826757,0.7516902,0.8550561,0.9223556,0.8345125,0.86219126,0.8709714,0.95004374,1.042768,1.1043079,0.8110483,0.7270091,0.6788719,0.64007187,0.4780604,0.38060725,0.0007079702,0.00014543568,215.33203,330.17578,703.41797,2153.3203,0.024658345,876.7386,4.550218,2.9092048e+06,4.412107,27.941416,-0.00018806546,0.7193168,0.00041132522,15.072834,9.857151,3.3709946,-4.48014,1.6647102,3.1418686,-8.806105,-4.685644,-9.311018,-12.5102415,0.9461067,4.533584,7.160583,-0.049527485,0 days 00:01:31.937824491,0 days 00:01:31.977824491
0 days 00:00:00.790000,0 days 00:00:00.830000,answer10,0.0,0.6340277,0.0,0.0,0.0,-100.0,0.2145424,0.6724181,0.0022880267,0.05687831,0.078110725,0.15123244,0.23863848,0.3786826,0.49200067,0.57562923,0.5280549,0.7957516,0.93720055,0.910568,0.85623217,0.79881877,0.9230835,0.9102846,0.8271079,0.84720117,0.8730816,0.923222,0.9598679,1.0292851,0.7794879,0.69758433,0.61390007,0.55790895,0.43727866,0.3626565,0.0008986313,0.00016309775,215.33203,373.2422,617.28516,1909.2773,0.025047744,770.9265,4.580549,2.1296602e+06,5.261494,40.070065,-0.0002230053,0.6512004,0.00055567245,17.362764,7.655529,4.012125,-3.6380293,-3.6859386,-0.63661987,-6.933125,-2.840459,0.37001482,-2.0548003,0.6346199,3.7325833,7.561217,2.1124227,0 days 00:01:31.947824491,0 days 00:01:31.987824491
0 days 00:00:00.800000,0 days 00:00:00.840000,answer10,0.0,0.6322832,0.0,0.0,0.0,-100.0,0.23311359,0.7027069,0.0023950308,0.054799695,0.08216258,0.15671305,0.23697393,0.41812587,0.5683065,0.65024847,0.64439887,0.90178424,0.9345486,0.89635617,0.9787657,0.88099116,1.0423089,0.94754124,0.92251676,0.9380925,0.94855994,0.9786749,0.9022928,0.94465345,0.76553077,0.69800824,0.5760581,0.5063115,0.40670028,0.34375378,0.0011627357,0.00023080422,287.10938,401.95312,617.28516,1406.8359,0.025801035,718.7957,4.4676824,1.3597464e+06,5.709769,46.42869,-0.00025687934,0.62872994,0.000680726,17.216948,2.664858,2.3878448,-3.8188336,-10.091292,-5.644542,-6.9447913,-10.1258,-0.19879024,0.04444949,0.7495057,5.786867,4.686001,-0.6002284,0 days 00:01:31.957824491,0 days 00:01:31.997824491
0 days 00:00:00.810000,0 days 00:00:00.850000,answer10,0.0,0.63422436,0.0,0.0,0.0,-100.0,0.24207158,0.75676686,0.0026079314,0.058767956,0.08182683,0.15950868,0.24043395,0.46160468,0.67618746,0.7222052,0.7577999,0.94497496,0.90967417,0.9434328,1.115877,0.9735961,1.1817878,1.040103,1.0687551,1.0874144,1.0775781,1.1272768,0.8781473,0.8795596,0.80581707,0.7229827,0.5798939,0.5019426,0.40223512,0.3353236,0.0013719769,0.00027241305,272.7539,401.95312,574.21875,1464.2578,0.02686233,706.9827,4.2591443,1.2511706e+06,5.401858,43.52302,-0.00029501622,0.6144087,0.00083873613,16.032743,2.5614116,4.3117137,-3.7778523,-8.694896,-7.563127,-11.9589615,-15.359466,-0.5383229,-0.31167856,0.40049157,6.364224,3.8123872,-4.067737,0 days 00:01:31.967824491,0 days 00:01:32.007824491
0 days 00:00:00.820000,0 days 00:00:00.860000,answer10,0.0,0.6455407,0.0,0.0,0.0,-100.0,0.24423432,0.8090248,0.0028124377,0.07634165,0.07785972,0.16677089,0.25518206,0.49120986,0.777853,0.7400555,0.8334899,0.90516156,0.90607953,1.0616187,1.1886708,1.0530977,1.2512649,1.1322699,1.1783074,1.2062309,1.1932274,1.3020046,0.9046394,0.8587732,0.8973668,0.75957805,0.6117095,0.5281084,0.41592017,0.3381953,0.0013934545,0.00030202558,258.39844,373.2422,545.5078,1378.125,0.028325403,666.84564,4.13658,1.0935275e+06,5.6305165,48.63084,-0.00033338493,0.58379465,0.0008757804,16.61529,3.3901536,5.0725746,-6.0699077,-6.7574773,-4.836389,-13.193352,-16.626228,-4.2046275,-3.9098396,0.062442463,7.17938,1.8789907,-7.2343154,0 days 00:01:31.977824491,0 days 00:01:32.017824491
0 days 00:00:00.830000,0 days 00:00:00.870000,answer10,0.0,0.64925814,0.0,0.0,0.0,-100.0,0.24014826,0.83837026,0.002914305,0.10997733,0.07802598,0.1852399,0.28583154,0.5193251,0.8437093,0.71882915,0.86592835,0.86367255,0.93190163,1.1787419,1.158925,1.0713869,1.2425009,1.1534342,1.1991143,1.2719841,1.2558142,1.4130472,0.9364731,0.8862049,0.98595756,0.77145386,0.64969844,0.5548082,0.42723024,0.348389,0.001726224,0.00025768703,215.33203,358.88672,445.01953,961.8164,0.027444849,563.09326,3.9103897,941345.7,6.65027,63.20924,-0.00040621005,0.5114458,0.0010628765,18.942772,7.526196,7.3057117,-5.007877,-6.6550713,-1.2316228,-9.807603,-16.223457,-5.387754,-1.1911857,0.8284382,5.19016,5.572689,-6.404215,0 days 00:01:31.987824491,0 days 00:01:32.027824491
0 days 00:00:00.840000,0 days 00:00:00.880000,answer10,0.0,0.6418682,0.0,0.0,0.0,-100.0,0.23248072,0.8381836,0.0028549277,0.15702946,0.08979636,0.20838203,0.30275694,0.53681964,0.8682947,0.6975322,0.8734398,0.8366251,0.95988345,1.2224451,1.0634725,1.0223848,1.1478348,1.0860716,1.1521783,1.273847,1.2298864,1.3916669,0.959136,0.9446966,1.0299919,0.7787635,0.697479,0.58790666,0.4532299,0.37825307,0.0015356828,0.00021222426,244.04297,373.2422,674.70703,3531.4453,0.029925263,1061.711,4.2359385,4.46209e+06,5.4473786,50.652065,-0.00037630674,0.87212235,0.0009879691,17.079956,11.678879,3.9836495,-4.2596326,-7.18894,1.4445063,-4.8598447,-12.6647415,-5.050367,3.0542762,8.75283,7.801209,7.450125,-1.1041349,0 days 00:01:31.997824491,0 days 00:01:32.037824491
0 days 00:00:00.850000,0 days 00:00:00.890000,answer10,0.0,0.62207454,0.0,0.0,0.0,-100.0,0.23472233,0.8309617,0.0027947966,0.20086925,0.10053214,0.21670313,0.29535553,0.5403587,0.8675243,0.68694824,0.8696959,0.8700845,0.96827555,1.1499554,0.94117284,0.9205313,1.0237118,1.0008687,1.1174238,1.2508007,1.1924416,1.2900327,0.97737235,1.0146265,1.0428734,0.8466003,0.7878137,0.65768164,0.5146997,0.46091953,0.0013947076,0.0001419382,315.8203,717.77344,3129.4922,6086.7188,0.031958114,2204.1826,4.884007,8.997313e+06,3.28354,28.253424,-0.00031883284,1.6864018,0.0010121089,11.841836,16.107782,1.3257024,-6.907387,-13.046994,-0.8346987,-1.4225378,-9.890285,-6.921785,0.6325464,3.7224884,10.99742,8.59958,4.819983,0 days 00:01:32.007824491,0 days 00:01:32.047824491
0 days 00:00:00.860000,0 days 00:00:00.900000,answer10,0.0,0.60383344,0.0,0.0,0.0,-100.0,0.2377647,0.83796626,0.0028093047,0.22430082,0.10734177,0.20435517,0.26853147,0.5125693,0.8358834,0.67411137,0.8409739,0.9014694,0.9452949,1.0010644,0.8519549,0.8552483,0.92308444,0.96612644,1.1075538,1.1937381,1.1683874,1.1890488,1.0390029,1.0756916,1.0920218,1.0186825,0.94349676,0.7957073,0.6307901,0.6449928,0.0008506353,0.00013684695,387.59766,3072.0703,5598.633,8685.059,0.03445008,3665.6199,5.676808,1.3323893e+07,0.5862303,2.3554907,-0.00024338109,2.7234032,0.00089014746,6.9010844,18.66038,-2.9426882,-3.0221536,-11.37847,-0.95967937,-2.573766,-2.8364677,-3.7566593,2.2705889,1.8644701,15.690661,5.0662346,8.025661,0 days 00:01:32.017824491,0 days 00:01:32.057824491
0 days 00:00:00.870000,0 days 00:00:00.910000,answer10,0.0,0.6026407,0.0,0.0,0.0,-100.0,0.24107899,0.8668184,0.0027217937,0.22316705,0.100848235,0.17579417,0.24098271,0.4524995,0.7769604,0.6734994,0.84188604,0.91678286,0.9154603,0.85007524,0.7859359,0.85499287,0.8707158,1.0077786,1.1168063,1.1248373,1.1764126,1.1424779,1.1543823,1.1070029,1.1768456,1.2567391,1.1392331,0.98332626,0.776809,0.9181938,0.00071544474,0.00012895874,445.01953,4665.5273,7823.7305,8670.703,0.03379373,4429.722,6.059443,1.4160549e+07,0.080521785,1.4349462,-0.00021137625,3.2683563,0.0008840142,4.4186053,17.905865,-7.099518,-4.504673,-17.259596,-3.604991,-0.85029155,0.6315208,-0.6034234,1.101022,-2.9346695,12.952426,-0.3346103,6.2771626,0 days 00:01:32.027824491,0 days 00:01:32.067824491
0 days 00:00:00.880000,0 days 00:00:00.920000,answer10,0.0,0.6098008,0.0,0.0,0.0,-100.0,0.23210786,0.8951275,0.0026253976,0.20767196,0.087941654,0.15601227,0.23762548,0.3903322,0.70172244,0.69481593,0.85696715,0.8862715,0.87399864,0.7472604,0.77946454,0.8886774,0.8664744,1.0716413,1.1102463,1.082692,1.1622065,1.1075001,1.2498409,1.1151642,1.2619795,1.4379879,1.282055,1.1536402,0.90386057,1.1669362,0.00062314124,0.00011560874,387.59766,4407.129,7651.465,8555.859,0.033920083,4215.626,5.9376144,1.3742913e+07,0.15932891,1.5188583,-0.00019983726,3.1047318,0.0007961131,4.029639,18.74257,-9.042113,-1.9516128,-15.35082,-6.0602684,-5.448508,-0.36258826,-3.2064266,1.1809381,-2.081352,2.9530392,-5.2975883,1.2521591,0 days 00:01:32.037824491,0 days 00:01:32.077824491
0 days 00:00:00.890000,0 days 00:00:00.930000,answer10,0.0,0.6203006,0.0,0.0,0.0,-100.0,0.23125641,0.906892,0.0025340084,0.19387756,0.075369954,0.15481824,0.26021597,0.3489733,0.6302048,0.7376222,0.87025857,0.82576996,0.83802176,0.7033229,0.82371944,0.91118866,0.8837698,1.1023048,1.0841615,1.0530998,1.1102015,1.0672305,1.2835742,1.1156367,1.3245647,1.5112103,1.330782,1.2523144,1.0015842,1.2792715,0.0007214143,9.548598e-05,301.46484,2067.1875,7292.578,8469.727,0.029563874,3511.2644,5.774683,1.3125865e+07,0.5281441,1.7903728,-0.00021113257,2.5899122,0.00075240945,4.2107177,21.124968,-8.176049,-3.2188008,-14.381637,-8.130706,-7.2357025,-2.9780264,-5.906441,-2.2033896,-7.0627556,-1.9428924,-7.1286526,-4.2498317,0 days 00:01:32.047824491,0 days 00:01:32.087824491
0 days 00:00:00.900000,0 days 00:00:00.940000,answer10,0.0,0.6083352,0.0,0.0,0.0,-100.0,0.23173039,0.90438837,0.0025164864,0.19198792,0.068890594,0.17512746,0.29709297,0.34007525,0.5790005,0.7576268,0.8516659,0.7750063,0.7939167,0.66465586,0.865103,0.89973736,0.89423734,1.1024222,1.054473,1.0338463,1.0701947,1.0342402,1.2627002,1.1798207,1.3965036,1.5245463,1.318434,1.2747887,1.0781096,1.2218801,0.0005922938,9.8163575e-05,186.6211,516.7969,6804.492,8254.395,0.02953255,3070.911,5.769083,1.2489676e+07,0.7515728,2.1109936,-0.00021046896,2.242036,0.0006315088,3.841817,23.398577,-2.76768,-0.09758381,-8.086567,-8.212956,-6.0399833,0.6860253,-6.3357015,-2.7432435,-6.904331,-3.6732123,-2.9496744,-5.789635,0 days 00:01:32.057824491,0 days 00:01:32.097824491
0 days 00:00:00.910000,0 days 00:00:00.950000,answer10,0.0,0.60626405,0.0,0.0,0.0,-100.0,0.24451602,0.91316956,0.0025177475,0.19690098,0.079863995,0.20812827,0.3322314,0.34608057,0.5473017,0.7275186,0.7831356,0.7282472,0.7706663,0.6504825,0.8891923,0.91715837,0.9341848,1.1015171,1.0472656,1.0286938,1.0822871,1.057272,1.262426,1.3173461,1.5198768,1.5539871,1.319007,1.2768943,1.1606628,1.1009808,0.00051818177,0.0001333296,172.26562,502.4414,6416.8945,8110.84,0.025657574,2989.157,5.8678193,1.1994916e+07,0.8026851,2.2949858,-0.00022403372,2.1586807,0.0006234871,3.0509026,23.050482,1.4451141,4.0792794,-1.8636614,-3.7907999,-2.7349806,2.450656,-0.9809206,-0.91208935,-2.3637817,2.1178386,4.59622,-5.2545757,0 days 00:01:32.067824491,0 days 00:01:32.107824491
0 days 00:00:00.920000,0 days 00:00:00.960000,answer10,0.0,0.6056221,0.0,0.0,0.0,-100.0,0.24939461,0.9422445,0.0024397431,0.20124716,0.10313067,0.23304749,0.34636173,0.3473731,0.5330346,0.6655,0.7297891,0.7019754,0.769273,0.6718959,0.8920033,0.9585212,0.9783433,1.1269081,1.1079094,1.0821166,1.1889598,1.1491332,1.2985703,1.4938599,1.6537212,1.5943408,1.348617,1.2915183,1.2322234,1.00023,0.00038461768,0.0001626304,172.26562,775.1953,6431.25,7981.6406,0.027273776,3176.409,6.091042,1.194882e+07,0.6978349,2.2081254,-0.00020378116,2.2753494,0.00058969826,1.763162,21.416021,2.924121,4.989403,-2.26886,0.7181205,-0.14201505,0.4315454,-2.407326,3.0788841,2.412124,-1.1617489,4.8861895,-5.1078296,0 days 00:01:32.077824491,0 days 00:01:32.117824491
0 days 00:00:00.930000,0 days 00:00:00.970000,answer10,0.0,0.6070153,0.0,0.0,0.0,-100.0,0.25418997,0.97797984,0.002336255,0.2027589,0.12578745,0.24437743,0.34591365,0.34501114,0.5351956,0.61303097,0.68696785,0.6788891,0.7745082,0.73217434,0.9174993,1.0271941,0.99670696,1.1784506,1.2118611,1.2126538,1.3214561,1.2647024,1.3338724,1.6663531,1.7399579,1.5725864,1.3689009,1.3246512,1.2668399,0.9419331,0.00047012683,0.00018246914,200.97656,760.83984,6201.5625,7809.375,0.024555778,3032.1697,6.1351066,1.1371909e+07,0.7884715,2.4094095,-0.00021173403,2.1748803,0.00056948315,2.012077,20.44012,3.3351862,5.5961576,-4.5569606,0.5584844,-2.6917362,-4.191865,-3.1596634,5.8414707,3.9169407,-4.310289,5.4236927,-5.633494,0 days 00:01:32.087824491,0 days 00:01:32.127824491
0 days 00:00:00.940000,0 days 00:00:00.980000,answer10,0.0,0.61104304,0.0,0.0,0.0,-100.0,0.24350737,0.9953311,0.002236126,0.19368859,0.13330771,0.23779953,0.3478879,0.3521731,0.54887825,0.5987264,0.6852054,0.6770539,0.7693019,0.7819322,0.94718766,1.0571508,0.9568472,1.2448034,1.3043035,1.3492435,1.4303926,1.3465775,1.3075399,1.7376567,1.7392155,1.4838649,1.3238317,1.3677435,1.2513922,0.8985922,0.00052520673,0.00015272625,229.6875,818.2617,6187.207,7852.4414,0.025205066,3104.7444,6.152468,1.1424075e+07,0.74673384,2.327319,-0.00018772161,2.2344606,0.0005023935,2.6796367,20.65735,2.7450564,4.1407657,-11.06237,-2.7598772,-1.1551474,-4.3066974,-5.4308276,3.4588754,3.0597394,-8.514693,5.961806,-7.0929856,0 days 00:01:32.097824491,0 days 00:01:32.137824491
0 days 00:00:00.950000,0 days 00:00:00.990000,answer10,0.0,0.6066611,0.0,0.0,0.0,-100.0,0.23201501,0.98144644,0.002236246,0.18121694,0.12824881,0.22856289,0.3522779,0.37253007,0.5546856,0.6037489,0.70475197,0.68140584,0.72591233,0.7666042,0.9528486,1.0526711,0.87729424,1.3156153,1.316831,1.4142326,1.4503561,1.3595771,1.2389983,1.7382089,1.6569551,1.3760128,1.2298051,1.3880833,1.1923721,0.8390169,0.00046149408,0.00012750244,215.33203,559.8633,6000.586,8039.0625,0.023618646,2988.569,6.0481734,1.1556619e+07,0.8104043,2.3985517,-0.00017860648,2.1528335,0.00045789106,2.903654,21.834658,4.5990214,4.974677,-9.493572,-5.085459,-1.5117908,-0.76811713,0.026326815,0.4468526,2.786521,-9.319227,7.524761,-4.789879,0 days 00:01:32.107824491,0 days 00:01:32.147824491
0 days 00:00:00.960000,0 days 00:00:01,answer10,0.0,0.61467457,0.0,0.0,0.0,-100.0,0.22041382,0.94441444,0.0022895595,0.16855632,0.12296914,0.22603719,0.36938298,0.4051316,0.53314275,0.59387,0.7168131,0.689713,0.67759436,0.7014285,0.93115616,1.0323181,0.83283377,1.3330421,1.2302614,1.3695472,1.402449,1.2964497,1.1516501,1.6569643,1.5341572,1.3199741,1.1336083,1.3878884,1.12246,0.7839303,0.0004898683,9.136972e-05,215.33203,473.73047,6072.3633,7995.996,0.02430286,2913.4988,5.74386,1.1725187e+07,0.8266142,2.3573303,-0.00019018562,2.1058948,0.0004554235,3.2639987,24.657654,3.4177942,8.078164,-6.235741,-4.22597,-1.7021435,-3.4515274,-3.3129456,-4.1737766,-6.631073,-10.93074,7.346985,-4.2216954,0 days 00:01:32.117824491,0 days 00:01:32.157824491
0 days 00:00:00.960000,0 days 00:00:01.000997732,answer10,0.0,0.61091,0.0,0.0,0.0,-100.0,0.21239424,0.8993271,0.0023886391,0.1632653,0.122840784,0.23644452,0.3925887,0.42178345,0.49235848,0.5578993,0.7185239,0.6932184,0.63749886,0.64713407,0.91157097,1.0037675,0.8383153,1.2744436,1.1168056,1.2487642,1.3232509,1.2063651,1.0942074,1.5392491,1.4031354,1.3025765,1.0654036,1.3296475,1.057201,0.74750906,0.00043035927,8.577426e-05,186.6211,315.8203,4966.992,7881.1523,0.024075126,2503.5425,5.2909575,1.1226528e+07,1.1067092,2.9003675,-0.00020791324,1.826189,0.0006038461,4.268099,24.962685,3.2658498,10.44921,-2.1209717,-0.7555087,-3.7276542,-2.6341798,-2.326671,-3.652208,-9.146396,-9.821767,3.000014,-4.906174,0 days 00:01:32.117824491,0 days 00:01:32.158822223
