start,end,label,F0final_sma,voicingFinalUnclipped_sma,jitterLocal_sma,jitterDDP_sma,shimmerLocal_sma,logHNR_sma,audspec_lengthL1norm_sma,audspecRasta_lengthL1norm_sma,pcm_RMSenergy_sma,pcm_zcr_sma,audSpec_Rfilt_sma[0],audSpec_Rfilt_sma[1],audSpec_Rfilt_sma[2],audSpec_Rfilt_sma[3],audSpec_Rfilt_sma[4],audSpec_Rfilt_sma[5],audSpec_Rfilt_sma[6],audSpec_Rfilt_sma[7],audSpec_Rfilt_sma[8],audSpec_Rfilt_sma[9],audSpec_Rfilt_sma[10],audSpec_Rfilt_sma[11],audSpec_Rfilt_sma[12],audSpec_Rfilt_sma[13],audSpec_Rfilt_sma[14],audSpec_Rfilt_sma[15],audSpec_Rfilt_sma[16],audSpec_Rfilt_sma[17],audSpec_Rfilt_sma[18],audSpec_Rfilt_sma[19],audSpec_Rfilt_sma[20],audSpec_Rfilt_sma[21],audSpec_Rfilt_sma[22],audSpec_Rfilt_sma[23],audSpec_Rfilt_sma[24],audSpec_Rfilt_sma[25],pcm_fftMag_fband250-650_sma,pcm_fftMag_fband1000-4000_sma,pcm_fftMag_spectralRollOff25.0_sma,pcm_fftMag_spectralRollOff50.0_sma,pcm_fftMag_spectralRollOff75.0_sma,pcm_fftMag_spectralRollOff90.0_sma,pcm_fftMag_spectralFlux_sma,pcm_fftMag_spectralCentroid_sma,pcm_fftMag_spectralEntropy_sma,pcm_fftMag_spectralVariance_sma,pcm_fftMag_spectralSkewness_sma,pcm_fftMag_spectralKurtosis_sma,pcm_fftMag_spectralSlope_sma,pcm_fftMag_psySharpness_sma,pcm_fftMag_spectralHarmonicity_sma,mfcc_sma[1],mfcc_sma[2],mfcc_sma[3],mfcc_sma[4],mfcc_sma[5],mfcc_sma[6],mfcc_sma[7],mfcc_sma[8],mfcc_sma[9],mfcc_sma[10],mfcc_sma[11],mfcc_sma[12],mfcc_sma[13],mfcc_sma[14],original_start,original_end
0 days 00:00:00,0 days 00:00:00.040000,answer1 ,0.0,0.5909359,0.0,0.0,0.0,-100.0,0.55027276,0.98834115,0.006771385,0.06632653,0.12921618,0.27204838,0.41952792,0.5544473,0.66972893,0.76589614,0.84702843,0.9178292,0.9822495,1.0430994,1.1020993,1.1600702,1.2171308,1.2728368,1.3262117,1.3755809,1.4180565,1.4484811,1.4578775,1.432704,1.3587462,1.2323397,1.069155,0.8959276,0.7342484,0.5943311,0.003425517,0.007495936,373.2422,1047.9492,1521.6797,2540.918,0.0209679,1265.2917,5.3623695,1.5409549e+06,2.6390104,13.717273,-0.0017895877,0.9929764,0.004241789,11.281308,-8.931588,1.432619,-0.69261605,11.233769,-11.898496,-2.120104,-19.989805,-6.1968217,2.7343843,0.165833,1.2675266,4.314674,-8.804369,0 days 00:00:04.704704705,0 days 00:00:04.744704705
0 days 00:00:00.010000,0 days 00:00:00.050000,answer1 ,0.0,0.59282845,0.0,0.0,0.0,-100.0,0.5769553,0.98834115,0.0072484887,0.06122449,0.12921618,0.27204838,0.41952792,0.5544473,0.66972893,0.76589614,0.84702843,0.9178292,0.9822495,1.0430994,1.1020993,1.1600702,1.2171308,1.2728368,1.3262117,1.3755809,1.4180565,1.4484811,1.4578775,1.432704,1.3587462,1.2323397,1.069155,0.8959276,0.7342484,0.5943311,0.0039223335,0.0101639135,315.8203,1033.5938,1363.7695,2225.0977,0.046359688,1141.2555,5.2267413,1.3108644e+06,2.795805,16.027956,-0.0025333806,0.91144246,0.0058524013,13.441287,-8.301492,2.207875,3.9057734,15.423434,-10.426951,0.41901454,-15.943919,-5.156349,3.9877348,-1.1548249,0.44153115,1.5639267,-6.150173,0 days 00:00:04.714704705,0 days 00:00:04.754704705
0 days 00:00:00.020000,0 days 00:00:00.060000,answer1 ,0.0,0.6086881,0.0,0.0,0.0,-100.0,0.5864003,0.98834115,0.0077366442,0.055555556,0.12921618,0.27204838,0.41952792,0.5544473,0.66972893,0.76589614,0.84702843,0.9178292,0.9822495,1.0430994,1.1020993,1.1600702,1.2171308,1.2728368,1.3262117,1.3755809,1.4180565,1.4484811,1.4578775,1.432704,1.3587462,1.2323397,1.069155,0.8959276,0.7342484,0.5943311,0.005049689,0.010623351,287.10938,918.75,1349.4141,2095.8984,0.07904301,1052.5331,5.108635,1.1896236e+06,2.7883604,16.50857,-0.0028262797,0.8452534,0.0065689753,14.428304,-7.488541,4.288465,7.582905,16.70659,-8.748563,-0.18300359,-11.751374,-5.0996413,-0.476086,-3.595916,-1.0247952,3.4648628,-6.0696297,0 days 00:00:04.724704705,0 days 00:00:04.764704705
0 days 00:00:00.030000,0 days 00:00:00.070000,answer1 ,0.0,0.64333266,0.0,0.0,0.0,-100.0,0.58537316,0.98834115,0.009928983,0.049886625,0.12921618,0.27204838,0.41952792,0.5544473,0.66972893,0.76589614,0.84702843,0.9178292,0.9822495,1.0430994,1.1020993,1.1600702,1.2171308,1.2728368,1.3262117,1.3755809,1.4180565,1.4484811,1.4578775,1.432704,1.3587462,1.2323397,1.069155,0.8959276,0.7342484,0.5943311,0.007460834,0.009604506,244.04297,732.1289,1191.5039,1909.2773,0.09660566,911.1624,4.7359395,1.0676029e+06,3.4581602,25.796698,-0.003354124,0.74394894,0.0081763,15.744431,-5.792349,3.6401675,8.8141775,12.274083,-8.231069,0.82798153,-15.328889,-6.8818116,-4.7510247,-8.996105,-3.8660548,2.820268,-7.5939307,0 days 00:00:04.734704705,0 days 00:00:04.774704705
0 days 00:00:00.040000,0 days 00:00:00.080000,answer1 ,0.0,0.6769163,0.0,0.0,0.0,-100.0,0.6951458,1.0123786,0.015347074,0.0462963,0.12790701,0.29341677,0.4783117,0.58266383,0.7100399,0.82843703,0.9027168,0.9697499,1.0676683,1.0526155,1.1089333,1.2021326,1.2276692,1.268454,1.35564,1.435719,1.4922385,1.4217572,1.4365257,1.4415741,1.3704935,1.2628715,1.0608627,0.88053614,0.7501375,0.59276885,0.029551113,0.014344245,244.04297,445.01953,1004.8828,1708.3008,0.16549377,760.1296,4.4468994,863279.7,3.759209,29.585442,-0.010512956,0.63683814,0.020054253,19.201307,-5.37665,3.303271,2.6768198,6.775727,-9.461061,1.9372658,-16.881987,-13.33548,-2.5812051,-16.595476,-9.203055,4.640519,-13.512609,0 days 00:00:04.744704705,0 days 00:00:04.784704705
0 days 00:00:00.050000,0 days 00:00:00.090000,answer1 ,0.0,0.6769536,0.0,0.0,0.0,-100.0,0.90909433,1.0983443,0.021268038,0.044028725,0.12600173,0.34903166,0.6085417,0.65240157,0.85857064,1.0403382,1.1061376,1.1911834,1.3389688,1.1122937,1.1557243,1.29597,1.2636881,1.3269022,1.4809898,1.5902256,1.6822338,1.4222158,1.4094051,1.4516507,1.4392258,1.3860525,1.0475569,0.84017825,0.78218246,0.5992845,0.05775873,0.030798903,215.33203,373.2422,775.1953,1335.0586,0.21243405,626.36255,4.3815556,544341.7,4.1277623,36.372494,-0.023390768,0.5632642,0.03847538,24.2707,-6.849083,-0.8592148,-2.6446555,1.4451199,-11.572438,10.160642,-17.106455,-19.246122,1.9333229,-24.877718,-6.2631683,-1.4338584,-15.196666,0 days 00:00:04.754704705,0 days 00:00:04.794704705
0 days 00:00:00.060000,0 days 00:00:00.100000,answer1 ,0.0,0.6599844,0.0,0.0,0.0,-100.0,1.0415021,1.2555907,0.026537633,0.04195011,0.12574734,0.4533714,0.79827946,0.76758,1.1163427,1.4150611,1.4863958,1.6344767,1.8054967,1.2166804,1.2665344,1.426301,1.3279843,1.5015205,1.7645487,1.8649069,1.9645578,1.5037584,1.3640054,1.4453694,1.5482904,1.6361867,1.0205919,0.77138376,0.80571955,0.6142685,0.07487693,0.03634925,215.33203,373.2422,789.5508,1191.5039,0.25417745,604.72,4.340533,430103.97,4.1041636,38.45505,-0.03042294,0.5511615,0.050731804,26.777267,-9.840245,0.82497644,-4.4489455,-1.1939389,-13.690541,14.041328,-15.949364,-25.181849,2.2071955,-31.794672,-2.9793541,-4.01615,-16.457033,0 days 00:00:04.764704705,0 days 00:00:04.804704705
0 days 00:00:00.070000,0 days 00:00:00.110000,answer1 ,0.0,0.6451003,0.0,0.0,0.0,-100.0,1.2443088,1.4813147,0.028646344,0.040816326,0.13260944,0.55453014,0.960598,0.9166417,1.4106827,1.8862559,1.9562588,2.1948383,2.2592318,1.343664,1.4260582,1.5767146,1.4465084,1.9069796,2.2933867,2.2396874,2.3612254,1.8366966,1.410006,1.4661313,1.7501253,2.030278,1.0231123,0.7068235,0.7949663,0.6301753,0.12964195,0.064578675,229.6875,473.73047,832.6172,1536.0352,0.2966915,709.38324,4.6750393,544501.7,3.5361166,32.10939,-0.04423012,0.6229403,0.06529347,26.50521,-13.327573,6.1412196,-7.556671,-8.244387,-16.329224,18.932379,-13.288154,-21.552528,1.9825864,-31.98941,4.2446117,-11.959476,-13.07874,0 days 00:00:04.774704705,0 days 00:00:04.814704705
0 days 00:00:00.080000,0 days 00:00:00.120000,answer1 ,0.0,0.6607084,0.0,0.0,0.0,-100.0,1.2434629,1.6756634,0.029527614,0.038170826,0.14125066,0.6025708,1.035562,1.0562637,1.6463722,2.3501933,2.290924,2.505475,2.388641,1.3661205,1.5044603,1.6394348,1.5249176,2.3521361,2.9923813,2.5917168,2.7105806,2.4149768,1.5055927,1.4816612,1.9122499,2.4181592,1.0675578,0.65480036,0.7631218,0.65013176,0.19630377,0.058933508,258.39844,416.3086,703.41797,1521.6797,0.32798228,686.81354,4.510033,574669.06,3.6444542,29.81414,-0.04760464,0.60158104,0.06731022,25.594803,-11.996984,12.251557,-9.1116295,-16.183638,-21.945059,16.398712,-13.805188,-19.57556,8.931745,-30.169214,5.5380535,-17.820002,-11.507698,0 days 00:00:04.784704705,0 days 00:00:04.824704705
0 days 00:00:00.090000,0 days 00:00:00.130000,answer1 ,0.0,0.67409796,0.0,0.0,0.0,-100.0,1.2248129,1.761703,0.028862871,0.035714287,0.14546795,0.58711594,1.031057,1.1870778,1.808204,2.7132256,2.354846,2.4219103,2.1136854,1.2550915,1.4473964,1.5642748,1.4950104,2.591478,3.533417,2.763071,2.8965092,2.9434006,1.6010404,1.4973279,2.011433,2.677374,1.1278682,0.6208465,0.74537295,0.6707786,0.24105161,0.055182215,272.7539,445.01953,617.28516,1306.3477,0.32953975,647.08307,4.378774,498676.5,4.374742,40.25969,-0.051522523,0.57984865,0.08151326,25.436117,-7.69952,13.484515,-10.802882,-22.171041,-29.242554,13.599781,-14.47945,-19.258722,13.614433,-28.921019,8.377332,-20.913942,-9.873627,0 days 00:00:04.794704705,0 days 00:00:04.834704705
0 days 00:00:00.100000,0 days 00:00:00.140000,answer1 ,0.0,0.6733079,0.0,0.0,0.0,-100.0,0.90880376,1.6568165,0.025144825,0.03382464,0.14515318,0.54430914,0.9523158,1.2557472,1.886476,2.7101834,2.0997508,2.00113,1.648481,1.0478786,1.2602115,1.3402809,1.3072218,2.4199421,3.5499494,2.5973074,2.6333432,3.0344846,1.5563335,1.4110478,1.8961548,2.606474,1.1378928,0.5940456,0.74785566,0.69325525,0.17743252,0.018437434,244.04297,330.17578,488.08594,717.77344,0.29797164,476.5149,3.758056,319957.6,6.440188,76.799644,-0.034248028,0.45639956,0.06377802,25.99646,-0.32505545,12.426166,-3.5042717,-21.161488,-25.878656,8.941494,-15.827937,-22.881004,11.3029785,-22.055725,8.674083,-16.20767,-6.2514877,0 days 00:00:04.804704705,0 days 00:00:04.844704705
0 days 00:00:00.110000,0 days 00:00:00.150000,answer1 ,0.0,0.6577812,0.0,0.0,0.0,-100.0,0.6741295,1.3911853,0.019837305,0.03325775,0.14161974,0.5008481,0.81286305,1.2012383,1.7609634,2.3048027,1.6390313,1.5338432,1.2431165,0.8358874,1.0316032,1.0712384,1.0311065,1.9346232,2.9626205,2.1317713,2.055671,2.560672,1.3414675,1.2262306,1.5936593,2.2058804,1.0345818,0.5772143,0.7523268,0.6859352,0.08500922,0.0055674277,200.97656,301.46484,473.73047,617.28516,0.25458172,431.5275,3.6631958,316923.66,7.230105,89.8786,-0.018547304,0.41883883,0.04455386,26.082382,3.131625,9.287005,0.95304394,-17.391167,-17.998398,11.237308,-14.980777,-19.792383,8.386007,-15.612938,6.8991604,-10.433642,-5.095617,0 days 00:00:04.814704705,0 days 00:00:04.854704705
0 days 00:00:00.120000,0 days 00:00:00.160000,answer1 ,0.0,0.6493423,0.0,0.0,0.0,-100.0,0.5304196,1.0900785,0.013339318,0.03628118,0.13639309,0.4422079,0.6410697,1.0136324,1.4709574,1.6637274,1.192608,1.1944894,1.0007101,0.6886255,0.83889896,0.8667734,0.783057,1.4282147,2.1823132,1.5946394,1.4354194,1.9105622,1.095682,1.0209926,1.2359213,1.6554648,0.8802443,0.5851421,0.747638,0.6366567,0.023296243,0.0026563893,186.6211,315.8203,531.15234,732.1289,0.20881285,471.40152,3.8794367,421857.0,6.9935145,82.85495,-0.0072590895,0.44760275,0.016434727,24.631653,3.1035087,5.6305676,1.5393528,-12.473142,-12.371465,10.416959,-14.020831,-16.550123,4.6686087,-9.550122,0.64877254,-5.2172704,-4.094547,0 days 00:00:04.824704705,0 days 00:00:04.864704705
0 days 00:00:00.130000,0 days 00:00:00.170000,answer1 ,0.0,0.64121103,0.0,0.0,0.0,-100.0,0.47182384,0.8512943,0.009210414,0.058767956,0.12312728,0.36666706,0.48024228,0.75769216,1.1005298,1.1564765,0.89868355,0.97663456,0.84129167,0.5947735,0.6970765,0.73039645,0.6164427,1.063536,1.5641699,1.1619593,1.0342535,1.4178303,0.91070634,0.8625198,0.952046,1.1913251,0.7312562,0.6044279,0.7373225,0.56226355,0.0106885815,0.0018747459,200.97656,344.53125,588.5742,890.03906,0.12642665,536.3619,4.1776137,548579.2,6.13106,60.63086,-0.003073388,0.49818948,0.0059368513,22.634268,1.9093685,2.7502155,-1.0900569,-15.303969,-13.571709,10.877446,-9.759409,-11.57019,1.0903634,-11.714123,-1.3910943,-9.003683,-10.454349,0 days 00:00:04.834704705,0 days 00:00:04.874704705
0 days 00:00:00.140000,0 days 00:00:00.180000,answer1 ,0.0,0.6247543,0.0,0.0,0.0,-100.0,0.4468474,0.73334074,0.007106746,0.09977325,0.10634345,0.28993347,0.3824738,0.5584039,0.8304083,0.89784974,0.7956268,0.8564816,0.74755114,0.55598587,0.6270894,0.6570805,0.56065375,0.9156427,1.2320894,0.9174133,0.8815997,1.2051673,0.89140815,0.81778747,0.84056216,0.9568236,0.6505566,0.6420776,0.74530345,0.5045474,0.0076122335,0.0016301442,215.33203,330.17578,631.6406,1191.5039,0.08037921,597.9213,4.4160614,728732.7,5.5255504,49.095272,-0.0022040529,0.53869754,0.0038363782,20.173815,1.871769,3.2067587,-2.1372864,-13.714348,-11.130786,5.8763604,-4.956698,-11.903172,-5.628018,-7.6622124,-2.0630748,-9.539249,-13.280658,0 days 00:00:04.844704705,0 days 00:00:04.884704705
0 days 00:00:00.150000,0 days 00:00:00.190000,answer1 ,0.0,0.59689516,0.0,0.0,0.0,-100.0,0.47939333,0.70501304,0.00712244,0.14682539,0.09354571,0.23393731,0.3363023,0.4505438,0.66446954,0.7723933,0.7624066,0.7599785,0.7007997,0.5532221,0.60369235,0.61401516,0.57857746,0.89574844,1.0726128,0.80822974,0.8568192,1.1388744,0.9979666,0.8441413,0.85681844,0.8974653,0.6436274,0.7518802,0.8882573,0.55401367,0.0063469764,0.0019789012,258.39844,1320.7031,2627.0508,3186.914,0.087044835,1608.2352,4.866593,3.678837e+06,3.45924,29.351347,-0.0021328034,1.2158836,0.0049684723,14.719583,6.683766,-1.6359463,5.3569865,-14.636807,-5.2954807,3.0404985,-4.2377796,-14.056287,-5.3544693,-5.06393,-1.1030732,-6.4605823,-15.110921,0 days 00:00:04.854704705,0 days 00:00:04.894704705
0 days 00:00:00.160000,0 days 00:00:00.200000,answer1 ,0.0,0.5915645,0.0,0.0,0.0,-100.0,0.53084713,0.75267273,0.007996123,0.1787604,0.09215832,0.19963183,0.31630585,0.41094056,0.556984,0.68038803,0.71256727,0.7004792,0.69652367,0.57031155,0.61739904,0.61298513,0.64457244,0.92554384,1.0070024,0.7923431,0.91008234,1.1499041,1.2056671,0.9329111,0.9867669,0.98062706,0.72877485,1.0269645,1.3331743,0.77848196,0.005307155,0.0023918606,445.01953,3301.7578,4636.8164,5182.324,0.09465412,2885.0215,5.418078,6.314416e+06,1.3847107,11.643867,-0.0020927545,2.0698328,0.006571543,7.378348,11.169201,-5.6816707,12.336479,-10.242927,0.27345452,0.027181039,-4.697308,-13.853099,-7.614309,-3.7655962,-1.9773688,4.0300927,-11.489704,0 days 00:00:04.864704705,0 days 00:00:04.904704705
0 days 00:00:00.170000,0 days 00:00:00.210000,answer1 ,0.0,0.61774653,0.0,0.0,0.0,-100.0,0.6592608,0.8938716,0.011301034,0.1761149,0.10281062,0.19186862,0.3136486,0.40754834,0.4943658,0.5835111,0.654826,0.7051489,0.72927254,0.6177444,0.6772277,0.6820965,0.74352366,0.9711234,1.0450233,0.856611,1.0376538,1.2444992,1.484502,1.1035634,1.2414932,1.2041558,0.98002434,1.6726694,2.261317,1.2344322,0.0053771883,0.004129654,445.01953,4722.949,6431.25,6804.492,0.13626598,3816.6194,5.692917,8.857895e+06,-0.099773325,1.4257202,-0.0038843344,2.680895,0.012481672,1.6906213,15.752442,-9.189261,17.97806,-9.675498,2.7592916,4.691784,-7.5437493,-9.802047,-11.95988,-6.1602345,-5.888853,5.6012077,-11.772288,0 days 00:00:04.874704705,0 days 00:00:04.914704705
0 days 00:00:00.180000,0 days 00:00:00.220000,answer1 ,0.0,0.6783089,0.0,0.0,0.0,-64.436646,0.8293391,1.1294894,0.016276645,0.14720333,0.11968944,0.22185318,0.33894122,0.41113862,0.47370374,0.5526576,0.63704747,0.8011598,0.80663204,0.68313533,0.76892835,0.82365346,0.88888067,1.0527729,1.2369885,0.98812723,1.2660422,1.4965688,1.7977997,1.3854228,1.6363035,1.5882508,1.4202157,2.7125244,3.488036,1.7702497,0.012002553,0.008791093,387.59766,3675.0,4938.2812,6589.16,0.18684046,3189.2795,5.242005,7.7958665e+06,0.34229088,2.158189,-0.011054846,2.2386029,0.028413532,1.3360649,15.26038,-4.204162,15.356769,-5.7872357,1.8886436,11.139756,-5.905062,-6.217327,-17.934275,-6.898529,-10.116677,2.371099,-16.448732,0 days 00:00:04.884704705,0 days 00:00:04.924704705
0 days 00:00:00.190000,0 days 00:00:00.230000,answer1 ,212.93707,0.7301596,0.0,0.0,0.2338914,-28.655561,0.983556,1.3943998,0.02279289,0.10468632,0.13442583,0.30112574,0.42066917,0.42700326,0.5363187,0.62631917,0.7095645,0.9689471,0.933866,0.75542384,0.88342446,0.9856947,1.0273916,1.2014183,1.5917553,1.1962557,1.5476142,1.9254874,2.1249073,1.8208824,2.0978994,2.0208375,1.9392961,3.7340333,4.2534757,2.0903597,0.0310496,0.012447371,200.97656,1665.2344,2942.871,6258.9844,0.22899549,2144.2405,4.632662,6.4685215e+06,1.1687359,3.6578293,-0.01925419,1.5291582,0.050501514,3.3241262,16.19811,-1.3667186,9.941536,-10.72747,-2.6233268,13.494435,-9.562753,-10.866717,-17.14449,-5.69675,-17.158796,-4.7857614,-19.427866,0 days 00:00:04.894704705,0 days 00:00:04.934704705
0 days 00:00:00.200000,0 days 00:00:00.240000,answer1 ,215.2166,0.7657086,0.024741717,0.0,0.21865116,6.5655866,1.1767532,1.6448234,0.031526227,0.068594106,0.14221817,0.43276915,0.5829339,0.481436,0.73734134,0.84106797,0.93950176,1.1836296,1.1234474,0.8337137,1.0201355,1.1206256,1.1262854,1.4191068,2.098191,1.5261143,1.8693637,2.458524,2.4056559,2.3774245,2.574128,2.4295912,2.3642695,4.313891,4.2738914,2.090154,0.10039791,0.02136678,200.97656,215.33203,1091.0156,4335.3516,0.29625073,1195.6849,3.9454603,4.0144588e+06,2.5000849,10.250006,-0.043624546,0.9006708,0.11916524,6.900955,15.030757,2.8759153,1.1071659,-16.664267,-9.689885,13.648282,-11.426414,-15.78226,-14.231288,-8.770135,-22.874731,-7.0469265,-20.968466,0 days 00:00:04.904704705,0 days 00:00:04.944704705
0 days 00:00:00.210000,0 days 00:00:00.250000,answer1 ,220.32768,0.7765384,0.019199992,0.017169584,0.22863829,7.546396,1.3058511,1.8155761,0.042885017,0.047430083,0.1380821,0.5732069,0.8159744,0.60972524,1.1152688,1.1605176,1.2863886,1.3666935,1.331771,0.88426113,1.1131178,1.2158586,1.1624328,1.6165327,2.6291902,1.9991287,2.2018042,2.8946416,2.6034665,2.952112,2.9496777,2.7135906,2.5421886,3.9956863,3.5300457,1.8036146,0.30449963,0.033094782,215.33203,229.6875,502.4414,2426.0742,0.36475316,764.93024,3.4767532,2.0814525e+06,3.8684204,23.0177,-0.09029925,0.6203925,0.24630487,10.780244,13.156713,8.519397,-7.3999143,-25.244623,-19.45049,11.593141,-17.647932,-22.574348,-10.465184,-15.113579,-22.71148,-8.650786,-17.790604,0 days 00:00:04.914704705,0 days 00:00:04.954704705
0 days 00:00:00.220000,0 days 00:00:00.260000,answer1 ,224.34898,0.77971464,0.019065706,0.01377403,0.14384434,8.212436,1.465435,1.9277515,0.054447908,0.03363568,0.122644216,0.6875958,1.0588888,0.82603294,1.6825927,1.5367498,1.694115,1.5085759,1.5256929,0.9340334,1.1620337,1.2910019,1.1657457,1.7094079,3.032575,2.5938528,2.5463412,3.0994236,2.7229378,3.329306,3.1504862,2.8704035,2.4948113,3.2073116,2.6832645,1.4857191,0.5963731,0.045884684,215.33203,287.10938,445.01953,617.28516,0.4444035,501.9686,3.1708775,682902.0,5.2697377,39.914043,-0.15029329,0.45587012,0.4416325,14.750653,9.92424,10.902322,-16.30147,-30.215332,-24.615992,8.29041,-23.449127,-27.071653,-6.6326904,-20.382614,-23.295853,-9.180602,-18.351685,0 days 00:00:04.924704705,0 days 00:00:04.964704705
0 days 00:00:00.230000,0 days 00:00:00.270000,answer1 ,227.69011,0.7765839,0.009456173,0.011478444,0.096929036,9.688266,1.5626551,1.9946378,0.06407205,0.027399847,0.108095594,0.75302935,1.2549912,1.064495,2.2931292,1.9091524,1.9992294,1.5784845,1.6758184,0.9952814,1.1513971,1.3602036,1.1892688,1.6712044,3.2440624,3.3073523,2.9585826,3.0778217,2.872391,3.4840996,3.2759151,2.9110816,2.3262274,2.2842832,1.9145073,1.2004806,0.807893,0.083830304,215.33203,301.46484,445.01953,1105.3711,0.45041648,496.86743,3.1238277,493433.6,4.980288,38.075325,-0.18788755,0.4520789,0.5472155,16.386961,8.511292,16.063902,-19.68548,-32.025425,-25.688074,6.0521283,-27.484838,-32.29626,3.3401268,-22.411058,-20.523554,-7.073385,-16.175217,0 days 00:00:04.934704705,0 days 00:00:04.974704705
0 days 00:00:00.240000,0 days 00:00:00.280000,answer1 ,229.74895,0.764105,0.01006688,0.008349153,0.07647673,10.007997,1.6342114,2.0256183,0.06903876,0.025510205,0.101472594,0.74943525,1.331573,1.2782094,2.8335505,2.2195513,2.0939188,1.569438,1.6828946,1.0724528,1.1424307,1.3727112,1.1885883,1.5687703,3.2138302,3.9815795,3.3437564,2.9631627,3.1023712,3.413639,3.3772478,2.8092659,2.1560218,1.6745267,1.3850727,1.0406023,1.1884576,0.09615778,272.7539,358.88672,459.375,1105.3711,0.5173676,528.27814,3.1027985,461660.1,4.9124722,37.211624,-0.22485365,0.4875296,0.68654567,16.62811,8.763213,18.46023,-23.376062,-35.785053,-25.767225,1.1459244,-28.560493,-28.894598,11.752393,-18.280134,-17.688356,-8.02655,-13.077634,0 days 00:00:04.944704705,0 days 00:00:04.984704705
0 days 00:00:00.250000,0 days 00:00:00.290000,answer1 ,223.89189,0.7547701,0.011596144,0.01107923,0.082564026,9.3386755,1.5902375,2.0102499,0.07384501,0.024376417,0.111404024,0.7138758,1.3323835,1.3902389,3.0456312,2.4183683,2.0192027,1.4799753,1.5554342,1.1068125,1.1344823,1.28861,1.1341321,1.4397774,3.0114386,4.3504024,3.5897598,2.911329,3.356797,3.2616682,3.505099,2.6286213,2.0440423,1.3570175,1.0913985,0.98859936,1.2319797,0.09042432,272.7539,301.46484,401.95312,1105.3711,0.7161773,493.3834,2.9250915,439462.72,5.5635486,48.540874,-0.24923122,0.45513615,0.6803992,16.486649,13.55042,24.815742,-23.231443,-35.60902,-21.427233,3.0256069,-26.774164,-25.736017,14.957707,-17.860418,-16.513697,-11.708096,-12.207379,0 days 00:00:04.954704705,0 days 00:00:04.994704705
0 days 00:00:00.260000,0 days 00:00:00.300000,answer1 ,215.02881,0.74645597,0.018928776,0.022683933,0.08973376,7.924839,1.4680319,1.9051293,0.07555275,0.024754345,0.13115846,0.67348737,1.3004647,1.4311737,2.9669437,2.4227931,1.8562852,1.2999098,1.2940172,1.0539001,1.1021818,1.1160604,1.020367,1.3115035,2.614747,4.1541405,3.5400555,2.9386883,3.4669492,2.9921749,3.4300106,2.3908253,1.9219548,1.1849958,0.9341488,0.9844269,1.3713322,0.048251826,272.7539,287.10938,373.2422,473.73047,0.7486551,395.98837,2.6803977,247097.3,8.358396,108.754906,-0.28957263,0.3921304,0.7773309,18.288939,17.427717,26.893572,-23.004923,-36.263195,-21.019207,-4.8010907,-26.639471,-21.991966,12.531371,-19.462147,-13.7486725,-18.080969,-13.988269,0 days 00:00:04.964704705,0 days 00:00:05.004704705
0 days 00:00:00.270000,0 days 00:00:00.310000,answer1 ,204.38768,0.7417574,0.02617985,0.028099572,0.08532071,7.421219,1.2478813,1.7131172,0.06777079,0.024565382,0.14640279,0.6585365,1.2481343,1.4035438,2.5991392,2.2281768,1.7191545,1.0822438,1.0485053,0.95770496,1.0580313,0.94574493,0.8862212,1.1346084,2.1153564,3.4581478,3.1606467,2.980233,3.2788765,2.618789,3.0605767,2.1446211,1.7238731,1.0868382,0.8442161,0.9527324,0.89086264,0.023006072,215.33203,229.6875,344.53125,488.08594,0.8089452,349.41177,2.750655,224824.25,9.088862,122.19683,-0.22338133,0.34999326,0.5691521,19.165998,19.892097,26.027338,-20.949667,-30.99408,-15.845768,-8.290515,-30.04036,-17.19219,12.282493,-22.905485,-16.58632,-20.319155,-15.738292,0 days 00:00:04.974704705,0 days 00:00:05.014704705
0 days 00:00:00.280000,0 days 00:00:00.320000,answer1 ,199.98918,0.7365133,0.030621998,0.035807878,0.1538691,6.391098,1.0921656,1.4760324,0.051684108,0.02362056,0.15749685,0.63292044,1.1123984,1.3130813,2.1605,1.899642,1.5921427,0.8599601,0.8637064,0.89096117,1.0375441,0.8570195,0.79634494,0.97222275,1.6490297,2.6576374,2.6475315,2.8466384,2.8151572,2.1456995,2.4830613,1.8745369,1.4817923,1.0034539,0.75455236,0.8718138,0.60984963,0.014859817,215.33203,287.10938,401.95312,531.15234,0.5877378,402.12708,3.0427601,325996.53,8.922709,117.49597,-0.14453463,0.39963636,0.39928302,20.330618,17.153418,21.628542,-15.269947,-28.463572,-17.067354,-9.122789,-31.368948,-5.124984,18.323755,-16.03482,-11.636954,-19.725065,-13.126904,0 days 00:00:04.984704705,0 days 00:00:05.024704705
0 days 00:00:00.290000,0 days 00:00:00.330000,answer1 ,199.00786,0.74189305,0.026254438,0.035677534,0.16157484,5.9861493,0.917641,1.2460905,0.036404517,0.021730915,0.15847075,0.5649732,0.8897765,1.1673001,1.7162819,1.566758,1.4527493,0.69300795,0.7431261,0.88875127,1.0774801,0.8611331,0.7488697,0.8402026,1.2886356,2.0093288,2.12732,2.5344198,2.2632563,1.6654831,1.8809584,1.5698141,1.2864698,0.96329445,0.6729824,0.7675112,0.22309053,0.009643115,200.97656,287.10938,387.59766,559.8633,0.5347573,414.17358,3.0947678,447256.1,8.198473,87.664635,-0.053381424,0.40454733,0.15260802,19.889292,16.486013,16.29378,-10.803699,-24.172998,-13.8483305,-6.8450675,-33.79832,3.3838427,16.13608,-13.018872,-13.869868,-20.499062,-11.024292,0 days 00:00:04.994704705,0 days 00:00:05.034704705
0 days 00:00:00.300000,0 days 00:00:00.340000,answer1 ,198.60085,0.74207544,0.027567958,0.036371488,0.16447844,5.741078,0.81396127,1.0570306,0.029983893,0.017573696,0.16190912,0.4841585,0.6766629,0.9782183,1.3414913,1.303804,1.2898502,0.6102707,0.67045903,0.925216,1.1484877,0.9093626,0.7175012,0.76297385,1.0445145,1.5725155,1.7471876,2.0714548,1.7737623,1.2643577,1.3954731,1.2530402,1.1747979,0.93897825,0.6055251,0.6608195,0.16595678,0.006607886,200.97656,272.7539,344.53125,516.7969,0.31951597,379.43887,2.9360752,382879.66,10.834679,178.86896,-0.04549523,0.37685105,0.11634064,23.153036,16.933487,12.17998,-6.443731,-20.372583,-10.200128,-6.1743264,-34.367184,7.809529,13.808101,-11.708667,-15.33242,-18.89248,-11.492741,0 days 00:00:05.004704705,0 days 00:00:05.044704705
0 days 00:00:00.310000,0 days 00:00:00.350000,answer1 ,198.47517,0.74502516,0.027434789,0.03976869,0.083180934,8.253661,0.72561175,0.91119313,0.029758975,0.0147392275,0.16493689,0.42680904,0.56202084,0.8279505,1.0833402,1.1174607,1.1191272,0.5931811,0.60964566,0.96247673,1.2159606,0.94616824,0.69314784,0.72455746,0.8465145,1.2574176,1.4736185,1.627966,1.4078918,0.9903083,1.0475041,0.97752506,1.0574476,0.8570134,0.5455797,0.55545217,0.13708372,0.0043641534,186.6211,215.33203,315.8203,459.375,0.25200897,311.37003,2.7954502,230580.05,13.618614,291.51175,-0.04514287,0.31838736,0.09703823,26.769333,16.760864,13.081281,-4.4466357,-16.153883,-8.53579,-10.916394,-35.522194,5.013388,13.432545,-17.478354,-17.962196,-18.412758,-14.245599,0 days 00:00:05.014704705,0 days 00:00:05.054704705
0 days 00:00:00.320000,0 days 00:00:00.360000,answer1 ,196.7275,0.7390926,0.03407799,0.042687014,0.14148273,9.244757,0.6913514,0.80087495,0.029950673,0.012849584,0.1650079,0.41066542,0.5418074,0.7357972,0.93296677,0.96776587,0.95224005,0.6116914,0.5732382,0.9824824,1.2548286,0.9743473,0.64807415,0.67631865,0.69388324,1.0389075,1.3070189,1.2719622,1.1058679,0.8183324,0.8340597,0.77523154,0.89397866,0.7209673,0.48613963,0.44916692,0.14701252,0.0044253767,186.6211,215.33203,330.17578,430.66406,0.16972871,292.5284,2.7991705,98234.375,14.186111,329.27057,-0.046434194,0.30671796,0.0929224,30.339378,14.615893,13.624692,-3.4815428,-13.88665,-8.82632,-11.460953,-41.6731,2.7726202,19.506083,-20.197311,-17.006422,-11.991306,-15.155572,0 days 00:00:05.024704705,0 days 00:00:05.064704705
0 days 00:00:00.330000,0 days 00:00:00.370000,answer1 ,195.4207,0.7417453,0.031170333,0.03881124,0.15552546,8.958273,0.66868263,0.7314987,0.029982114,0.01266062,0.16605562,0.40992272,0.54401684,0.6956567,0.87110084,0.86077803,0.82745916,0.6361267,0.55704886,0.983135,1.267551,1.0177072,0.61809546,0.6551239,0.6181744,0.9231474,1.2602271,1.0435008,0.8770432,0.70789814,0.72643954,0.6732249,0.7304487,0.5707281,0.42197707,0.3563788,0.11296768,0.0044681164,172.26562,215.33203,315.8203,430.66406,0.15145482,289.95593,2.72768,103933.1,12.583786,279.75168,-0.040267307,0.3012004,0.07569018,31.073914,12.40739,14.784371,-1.9618574,-12.440566,-11.381902,-4.8580093,-42.46095,3.695573,21.505457,-23.883913,-14.699326,-11.140038,-15.01315,0 days 00:00:05.034704705,0 days 00:00:05.074704705
0 days 00:00:00.340000,0 days 00:00:00.380000,answer1 ,194.88214,0.73661184,0.038644176,0.039080244,0.22854544,9.110035,0.6552866,0.69657546,0.02962395,0.014172335,0.16270266,0.40582165,0.53616124,0.65561134,0.7947688,0.81326723,0.76157856,0.67821336,0.5673001,0.9627269,1.2297812,1.0841409,0.60641074,0.63685656,0.615166,0.8816983,1.3174939,0.9198218,0.74041694,0.64769065,0.693458,0.6439294,0.6294561,0.4735911,0.36556208,0.28733775,0.09367595,0.0045020324,172.26562,215.33203,272.7539,473.73047,0.14642118,287.86227,2.5620205,103251.48,10.2459955,194.9793,-0.03838486,0.29658267,0.07391137,31.91416,10.466538,14.495128,-5.4233193,-11.372673,-8.403866,1.9987248,-39.80547,6.4491596,18.715715,-30.502304,-20.282955,-10.452202,-16.456678,0 days 00:00:05.044704705,0 days 00:00:05.084704705
0 days 00:00:00.350000,0 days 00:00:00.390000,answer1 ,194.49425,0.7403726,0.029144535,0.028842583,0.14693414,10.893533,0.6710105,0.6932614,0.028955443,0.016817838,0.16160032,0.3966061,0.51465726,0.5919275,0.6985013,0.8396132,0.7808234,0.7674694,0.5982333,0.94624966,1.1788625,1.1861748,0.64391756,0.6367598,0.66030455,0.8819379,1.4274172,0.85889477,0.6938009,0.63862026,0.6870696,0.6455812,0.5935608,0.4276115,0.32570302,0.24289902,0.07895129,0.0052683563,172.26562,215.33203,229.6875,516.7969,0.14673845,290.8354,2.5336735,109213.52,8.998879,161.1446,-0.037310593,0.29702726,0.07418832,33.282703,6.8369927,14.797086,-7.0783076,-9.171588,-7.3622074,4.891771,-31.19256,11.823073,16.923159,-34.025887,-25.201622,-11.541797,-17.409273,0 days 00:00:05.054704705,0 days 00:00:05.094704705
0 days 00:00:00.360000,0 days 00:00:00.400000,answer1 ,194.15106,0.75086695,0.025072956,0.023854665,0.19831498,12.197125,0.76137716,0.722922,0.029985761,0.021541951,0.16108066,0.38772503,0.4995936,0.52957344,0.6045521,0.94976807,0.88992244,0.8609247,0.65034443,0.95338136,1.1358004,1.2890968,0.7554833,0.6610051,0.7173855,0.9416166,1.5218058,0.91950434,0.7627282,0.7271741,0.7132855,0.6633616,0.5784187,0.4003274,0.2999759,0.22213523,0.121590614,0.0077630044,186.6211,258.39844,344.53125,574.21875,0.1749808,337.3738,2.8351738,131726.47,7.32613,111.135155,-0.042806912,0.3410317,0.08467543,33.43208,2.844362,18.702246,-13.7784605,-10.441593,-5.661549,-1.3052565,-23.085161,12.484828,18.346556,-32.66161,-22.988825,-13.105044,-19.980917,0 days 00:00:05.064704705,0 days 00:00:05.104704705
0 days 00:00:00.370000,0 days 00:00:00.410000,answer1 ,193.18915,0.77079296,0.016886754,0.017589122,0.1320157,11.483464,0.84451675,0.78977805,0.03174357,0.026077097,0.1647435,0.37985638,0.48984972,0.4923338,0.5657708,1.1179783,1.0592259,0.9476888,0.7455886,1.0134722,1.1381307,1.3409592,0.89929134,0.72989446,0.78560805,1.0788857,1.5721636,1.1608709,0.94774276,0.91235065,0.8141764,0.7098208,0.5625985,0.3863289,0.2938302,0.22506726,0.14717929,0.00949043,186.6211,258.39844,459.375,588.5742,0.18644176,379.43906,2.9730923,167471.08,6.349884,80.83906,-0.046476007,0.37958458,0.10460365,31.715292,1.661685,20.646338,-19.066505,-11.094541,-1.488577,0.13890076,-16.04397,8.458245,19.492422,-28.333937,-17.285486,-17.562605,-22.218544,0 days 00:00:05.074704705,0 days 00:00:05.114704705
0 days 00:00:00.380000,0 days 00:00:00.420000,answer1 ,192.53125,0.7862074,0.03346056,0.026547214,0.17261545,10.626556,0.90654474,0.8879675,0.032921012,0.030045351,0.16840787,0.36942923,0.47545388,0.48099288,0.56810796,1.3106618,1.2505684,1.0001258,0.8889304,1.0961642,1.1396033,1.287807,1.0232974,0.8638556,0.8710527,1.3113648,1.571513,1.6135544,1.2812613,1.1588486,1.0253683,0.82485324,0.5539884,0.38127956,0.30932438,0.2613369,0.18419868,0.0109638935,200.97656,358.88672,574.21875,602.9297,0.20656168,433.01303,3.048769,209323.2,5.7713714,60.295094,-0.049430344,0.42871872,0.12542124,29.050873,1.6441756,23.093071,-26.615839,-15.322558,3.2859986,0.9494061,-7.99569,0.9920389,20.200539,-27.902702,-12.547959,-25.111174,-24.150055,0 days 00:00:05.084704705,0 days 00:00:05.124704705
0 days 00:00:00.390000,0 days 00:00:00.430000,answer1 ,192.25903,0.7946868,0.031131929,0.029460594,0.09553033,11.965137,0.9202394,0.9904987,0.033551678,0.03287982,0.16981415,0.35921454,0.45982197,0.47406653,0.56516415,1.4764885,1.4010339,1.0753928,1.0604732,1.1564071,1.1020665,1.1344748,1.081541,1.0250363,0.94804126,1.5714322,1.5327405,2.0937097,1.7058477,1.3929063,1.3277164,1.0087,0.56073433,0.38684687,0.34445167,0.33884227,0.18526788,0.010507324,186.6211,358.88672,574.21875,602.9297,0.16867726,443.29297,2.9421947,234329.94,6.2401943,70.85865,-0.050346453,0.43751144,0.14570166,27.732122,3.1885965,21.48671,-27.70141,-15.487148,6.7853312,6.111711,0.36145672,-6.6293073,20.137308,-31.466516,-9.128164,-27.871428,-23.214209,0 days 00:00:05.094704705,0 days 00:00:05.134704705
0 days 00:00:00.400000,0 days 00:00:00.440000,answer1 ,192.36406,0.79445195,0.02418677,0.020423817,0.085615136,14.23264,0.9592946,1.0696627,0.03352122,0.034391534,0.16861407,0.35141113,0.4509615,0.46785644,0.5527249,1.5644604,1.4765259,1.1985444,1.2288314,1.1749177,1.0408579,1.0032218,1.1004866,1.1857277,0.98549896,1.7429647,1.475141,2.3965256,2.0923903,1.5354079,1.5963632,1.2053863,0.59313864,0.3953799,0.38482222,0.44307065,0.20517857,0.011226629,186.6211,358.88672,574.21875,602.9297,0.13333821,450.04398,3.0147269,248241.94,6.6524124,80.93173,-0.054477587,0.4436841,0.1572062,27.732994,3.1712782,20.26155,-28.914915,-15.466222,6.3909,2.6416333,2.6635032,-7.781627,16.67128,-34.83009,-2.9087574,-28.044504,-20.184755,0 days 00:00:05.104704705,0 days 00:00:05.144704705
0 days 00:00:00.410000,0 days 00:00:00.450000,answer1 ,193.15877,0.78868705,0.008707946,0.006862192,0.0609552,17.07812,0.9883003,1.1204891,0.033886462,0.035336357,0.16614233,0.3467679,0.4489614,0.4823924,0.56648177,1.5792547,1.4824868,1.3314797,1.3703753,1.1589094,0.98392886,0.9536047,1.1333086,1.3082609,0.98374206,1.780653,1.418784,2.527067,2.3673737,1.6233841,1.7616711,1.3385738,0.64768034,0.4010767,0.41507563,0.5552831,0.21359022,0.011138751,186.6211,315.8203,559.8633,602.9297,0.13074827,448.1157,3.1485736,258686.2,7.050265,89.244286,-0.056723595,0.44191304,0.15921752,27.878113,4.3834457,19.369621,-29.735535,-15.920463,5.638638,-0.5545557,4.117506,-8.844346,14.4064245,-33.712906,3.0422344,-26.412863,-16.563223,0 days 00:00:05.114704705,0 days 00:00:05.154704705
0 days 00:00:00.420000,0 days 00:00:00.460000,answer1 ,193.70105,0.79071736,0.007668926,0.0035844285,0.07793348,17.126099,0.9824529,1.1423334,0.03383221,0.03514739,0.16245238,0.34404898,0.4509605,0.5157366,0.6082068,1.5309767,1.446735,1.4144255,1.4691216,1.14096,0.97157294,0.99286985,1.1599678,1.4059554,0.9695763,1.7036816,1.3733244,2.5491686,2.432143,1.6810193,1.8182329,1.3605232,0.71302444,0.42088494,0.43026054,0.63483757,0.21721677,0.010921898,200.97656,330.17578,574.21875,602.9297,0.1371605,448.10095,3.1344423,246772.94,7.1471915,93.73587,-0.056334898,0.44337472,0.15486969,28.000166,3.737218,18.939497,-30.438852,-16.142477,4.077603,-2.817652,1.6130596,-8.246539,12.239162,-31.56819,-0.38362598,-26.596838,-17.812904,0 days 00:00:05.124704705,0 days 00:00:05.164704705
0 days 00:00:00.430000,0 days 00:00:00.470000,answer1 ,193.88634,0.7927892,0.014006638,0.007915055,0.09189588,16.578386,0.96613264,1.1437776,0.033762682,0.03382464,0.15595554,0.33920145,0.45084333,0.54807395,0.6577271,1.4652151,1.4080149,1.4254066,1.4910074,1.1256884,0.98508507,1.0271931,1.1480778,1.4654837,0.9866511,1.5973719,1.350246,2.5592947,2.3485873,1.7788453,1.8340836,1.2952675,0.7605633,0.4484301,0.43159154,0.6543123,0.20582168,0.009975781,200.97656,330.17578,574.21875,602.9297,0.14022951,447.78604,3.1351233,241475.61,7.009605,89.60357,-0.05389705,0.44358885,0.14767872,28.242887,3.6029036,20.091461,-31.796473,-16.12805,3.4076078,-0.094368935,3.31375,-11.598531,14.037486,-28.554243,-4.5967855,-25.830328,-19.401129,0 days 00:00:05.134704705,0 days 00:00:05.174704705
0 days 00:00:00.440000,0 days 00:00:00.480000,answer1 ,193.44292,0.7966636,0.013130668,0.010177084,0.08325448,16.367977,0.9590888,1.1265157,0.03426834,0.031934995,0.15042353,0.33443594,0.44957516,0.5513846,0.66759396,1.3957869,1.3724432,1.420401,1.4353657,1.1157157,1.0112119,1.0236253,1.1209263,1.5228893,1.0449469,1.4958711,1.3336223,2.4422324,2.0912144,1.9064713,1.8675243,1.2360681,0.77552575,0.47654852,0.42642745,0.62118137,0.19749832,0.008983772,186.6211,272.7539,574.21875,602.9297,0.117049366,437.54483,3.0408394,225646.83,7.0234585,89.19393,-0.054704946,0.43555427,0.14903633,28.663261,2.2918446,19.583332,-30.636124,-12.055451,-0.8927601,5.311684,6.021994,-13.874372,14.886662,-31.43833,-6.858034,-25.387217,-23.527487,0 days 00:00:05.144704705,0 days 00:00:05.184704705
0 days 00:00:00.450000,0 days 00:00:00.490000,answer1 ,192.53261,0.79185086,0.012897772,0.009996464,0.07001983,17.27102,0.96769786,1.1072778,0.03391065,0.02834467,0.14805518,0.33000174,0.44900128,0.52772087,0.6389027,1.3321658,1.3348521,1.4308147,1.3623148,1.1286927,1.0522743,1.008101,1.127922,1.5951701,1.1306885,1.4268718,1.3370608,2.2557557,1.815587,1.9971918,1.9001317,1.2304496,0.76643825,0.48914787,0.42076805,0.55314153,0.18591483,0.009769264,172.26562,258.39844,574.21875,602.9297,0.10371027,439.5709,3.0770113,230588.36,6.61962,77.95416,-0.053358886,0.43577823,0.1435109,29.262869,0.22446568,19.912382,-29.950571,-9.210159,-1.0546545,8.987727,6.370186,-14.355476,15.28947,-31.259844,-5.45725,-25.56546,-24.67447,0 days 00:00:05.154704705,0 days 00:00:05.194704705
0 days 00:00:00.460000,0 days 00:00:00.500000,answer1 ,190.4049,0.7796441,0.008075024,0.0066246414,0.07401574,17.51702,0.949477,1.0914736,0.032322492,0.024565382,0.15042563,0.32551697,0.4439384,0.50265807,0.6108225,1.2674742,1.2747048,1.453484,1.3308034,1.1604003,1.084569,1.033294,1.2291142,1.6517428,1.2127174,1.3857177,1.3405361,2.0624263,1.576971,1.95471,1.9003997,1.2751322,0.7560305,0.48526928,0.41773877,0.4917172,0.16864622,0.009931352,172.26562,258.39844,574.21875,602.9297,0.114059746,436.02158,3.116085,221253.75,6.3607025,72.76001,-0.04893666,0.43258062,0.13661672,30.221764,-1.7187074,18.173061,-26.436808,-7.6185327,-4.04916,9.043118,4.040465,-11.6007,14.793977,-34.40208,-0.53245467,-21.928404,-24.780594,0 days 00:00:05.164704705,0 days 00:00:05.204704705
0 days 00:00:00.470000,0 days 00:00:00.510000,answer1 ,188.94456,0.7606661,0.006804675,0.00534804,0.07828105,17.347746,0.852452,1.0543491,0.028906854,0.020030236,0.15126859,0.31530073,0.42820477,0.49230003,0.59091234,1.1781737,1.1680906,1.4084793,1.3342891,1.1788821,1.0925342,1.127689,1.394578,1.6099132,1.2179508,1.347581,1.2858796,1.865872,1.3967546,1.7196698,1.7795639,1.2594501,0.7460688,0.48129153,0.41116223,0.43121698,0.12391362,0.008349562,172.26562,258.39844,559.8633,602.9297,0.14127372,416.308,3.1616027,192207.3,6.640471,92.46054,-0.0368965,0.41586545,0.105387755,31.902258,-1.9508013,15.882453,-22.331251,-5.804956,-5.855144,6.721457,-1.3787867,-6.0072346,11.409238,-32.459503,-0.09625244,-15.237786,-22.032768,0 days 00:00:05.174704705,0 days 00:00:05.214704705
0 days 00:00:00.480000,0 days 00:00:00.520000,answer1 ,188.73726,0.7533867,0.0096619325,0.0060541723,0.13535915,15.190587,0.7281969,0.9711507,0.026578495,0.015495087,0.15094258,0.30292866,0.41070756,0.5086317,0.6035898,1.0346457,0.9964623,1.2543268,1.2675871,1.1196055,1.0538825,1.2434729,1.5216923,1.4117733,1.130366,1.2426333,1.1654721,1.6221656,1.2302419,1.3734497,1.5012217,1.1299961,0.72697544,0.47764146,0.39527678,0.37423047,0.10105189,0.005019274,172.26562,215.33203,445.01953,531.15234,0.18679853,349.8654,3.012458,125485.164,10.001015,276.04025,-0.03393885,0.35767373,0.08470424,34.507248,1.6149669,16.60473,-14.603131,-4.382307,-11.313428,-1.4492527,-9.171868,1.1890832,7.7585177,-32.126842,0.9152043,-9.341865,-16.570656,0 days 00:00:05.184704705,0 days 00:00:05.224704705
0 days 00:00:00.490000,0 days 00:00:00.530000,answer1 ,189.67094,0.7384322,0.019026592,0.013637646,0.23450677,12.975339,0.6235196,0.8529232,0.026189039,0.012093727,0.14719288,0.2935495,0.39997467,0.5376737,0.6263878,0.86238676,0.80529594,1.0379308,1.1110581,0.98772854,1.0003253,1.3530846,1.533544,1.1360084,0.97527933,1.0555984,0.990686,1.289793,1.0346677,1.0596596,1.1479378,0.9201272,0.6930361,0.47915104,0.3774499,0.32047543,0.07619456,0.0027756349,172.26562,215.33203,330.17578,473.73047,0.20171726,297.03995,2.7308505,74672.54,12.620529,438.65268,-0.030679548,0.3106751,0.06763196,36.487743,4.662115,14.173573,-8.991769,-2.2767227,-13.365657,-7.458156,-13.104136,3.9823895,5.8236237,-28.953133,-7.175987,-5.8912697,-13.06752,0 days 00:00:05.194704705,0 days 00:00:05.234704705
0 days 00:00:00.500000,0 days 00:00:00.540000,answer1 ,158.53345,0.72946256,0.17215972,0.15906557,0.27736482,11.263175,0.57033235,0.7355302,0.026166236,0.010015117,0.1463505,0.2933104,0.40640822,0.5646212,0.64058614,0.6997664,0.64827776,0.838309,0.90142304,0.8334406,0.9890688,1.3932067,1.3747039,0.8899398,0.8350423,0.82959753,0.836757,0.9778536,0.8554633,0.8544068,0.8273193,0.71237594,0.64732975,0.4780544,0.37213722,0.2780343,0.07394687,0.002046291,172.26562,215.33203,229.6875,401.95312,0.1971397,254.86365,2.5203648,42597.8,15.730794,675.20337,-0.03334852,0.27120438,0.06402193,38.36256,7.8638573,13.738834,-4.21154,-1.3286389,-11.155072,-10.928744,-15.866966,5.881672,6.1282296,-26.481049,-13.776113,-7.988252,-10.531793,0 days 00:00:05.204704705,0 days 00:00:05.244704705
0 days 00:00:00.510000,0 days 00:00:00.550000,answer1 ,126.33834,0.71114415,0.17373306,0.3031805,0.22307213,10.976944,0.5431028,0.6545291,0.024933243,0.009826153,0.14413376,0.29715085,0.42496642,0.5815489,0.6316772,0.5847313,0.5566763,0.73053426,0.75042576,0.7299528,1.0463845,1.3821589,1.1584852,0.734906,0.7552598,0.6460979,0.7245986,0.75357866,0.710567,0.75426835,0.6330032,0.5721546,0.5938922,0.47975826,0.3840219,0.2568229,0.07121568,0.002093749,172.26562,215.33203,229.6875,387.59766,0.16199517,252.98738,2.488594,38774.23,16.802374,808.8768,-0.03064917,0.2697221,0.055816922,39.165356,8.037658,9.594431,-3.1913521,0.8621723,-8.567742,-12.251185,-17.937227,0.7777346,4.7669244,-26.026953,-19.722137,-6.5229096,-10.461017,0 days 00:00:05.214704705,0 days 00:00:05.254704705
0 days 00:00:00.520000,0 days 00:00:00.560000,answer1 ,94.4788,0.7141134,0.16664316,0.2940241,0.08781776,11.961296,0.5421727,0.61714065,0.023652136,0.011337868,0.14299582,0.29861632,0.4437395,0.59276456,0.5890583,0.50331956,0.5121389,0.7037659,0.69715816,0.7022639,1.180935,1.3509898,0.9825992,0.66971326,0.7278393,0.5562384,0.6676859,0.6444647,0.62288314,0.71359366,0.5513768,0.497453,0.5467442,0.48753652,0.40745953,0.2523242,0.081845134,0.0029291876,172.26562,215.33203,244.04297,358.88672,0.14202604,249.37408,2.5674458,37844.99,16.919184,821.28217,-0.032846704,0.26573285,0.04898706,39.548016,7.207957,9.786411,0.93022823,4.5887675,-5.0152593,-13.188175,-22.841211,-2.597942,4.2736,-28.292395,-19.302942,-3.943246,-8.478015,0 days 00:00:05.224704705,0 days 00:00:05.264704705
0 days 00:00:00.530000,0 days 00:00:00.570000,answer1 ,94.25979,0.7214706,0.021493798,0.1499093,0.089363,12.1193695,0.5587172,0.6147968,0.023902418,0.013983372,0.14220348,0.29604265,0.46214902,0.6231612,0.56023896,0.4379634,0.4746195,0.6949279,0.69398904,0.74975604,1.3633403,1.3582433,0.9114345,0.66053814,0.71542317,0.5471141,0.6802585,0.60931295,0.5852721,0.70561624,0.5511901,0.47370768,0.5058244,0.4966003,0.4265854,0.25920382,0.10095212,0.0049494454,172.26562,215.33203,272.7539,358.88672,0.13622148,262.47226,2.702669,44167.234,14.655189,649.0674,-0.034171533,0.27865657,0.04523949,39.61922,5.5408454,10.702554,3.3318508,7.682247,-5.4930916,-22.249376,-29.627481,-6.4328065,10.0840025,-28.438208,-18.757929,1.502613,-11.188759,0 days 00:00:05.234704705,0 days 00:00:05.274704705
0 days 00:00:00.540000,0 days 00:00:00.580000,answer1 ,94.58054,0.72044164,0.020874286,0.008181276,0.073377796,13.586884,0.5852797,0.6390095,0.02476587,0.01776266,0.13979544,0.2883153,0.46900296,0.6683833,0.56440544,0.38983414,0.43312678,0.6845849,0.7008357,0.87598675,1.5789328,1.4078417,0.9317983,0.67160434,0.7174142,0.6085741,0.77749205,0.60633177,0.5863395,0.72909373,0.5924928,0.48587596,0.48644194,0.5105597,0.43921164,0.26997188,0.10697832,0.007412682,186.6211,229.6875,301.46484,387.59766,0.11601917,283.55054,2.8862362,60572.645,10.793468,366.9294,-0.033281293,0.29775438,0.039686885,39.04022,3.413023,11.907483,4.257841,8.066321,-4.66812,-24.23326,-38.813503,-6.4700623,17.207941,-26.746927,-18.351711,4.179219,-11.556844,0 days 00:00:05.244704705,0 days 00:00:05.284704705
0 days 00:00:00.550000,0 days 00:00:00.590000,answer1 ,94.6034,0.7026574,0.02177627,0.011498181,0.1095743,-23.846375,0.6163259,0.6810753,0.0253604,0.023053667,0.13760312,0.27818173,0.4662514,0.71696734,0.6154408,0.36623016,0.39419842,0.6490918,0.6528585,1.0814823,1.8110104,1.4917821,0.98046255,0.6997934,0.7297254,0.7175415,0.9842103,0.633239,0.60733145,0.7731193,0.6480382,0.52635807,0.4942732,0.5214815,0.45139456,0.27988845,0.11545723,0.012026575,186.6211,244.04297,330.17578,430.66406,0.105643906,323.19302,3.137386,95686.54,7.6215477,186.67403,-0.030802317,0.33212435,0.035142664,38.26889,1.5248445,13.388802,4.5999303,7.252238,-7.734947,-29.060648,-46.873432,-2.6020792,26.459572,-26.410484,-17.672327,3.4347258,-14.783597,0 days 00:00:05.254704705,0 days 00:00:05.294704705
0 days 00:00:00.560000,0 days 00:00:00.600000,answer1 ,0.0,0.6784722,0.0,0.0,0.0,-61.55396,0.72348523,0.74343735,0.027272811,0.029478455,0.13155861,0.26576686,0.45352778,0.75252706,0.70478016,0.402171,0.40013802,0.65594727,0.63304335,1.3695902,2.0656512,1.6063854,1.0522102,0.7460733,0.7680788,0.83508474,1.1981602,0.67853093,0.6372584,0.83990294,0.7132921,0.5934403,0.52590567,0.5353169,0.4712913,0.29373974,0.15457152,0.025063982,200.97656,287.10938,401.95312,689.0625,0.16582704,383.19116,3.4801493,115409.31,5.1847496,88.87052,-0.03698023,0.38889182,0.059643645,39.5741,-0.9858354,6.554853,-0.71331245,6.1250787,-8.595773,-26.472536,-43.456326,-2.862829,28.397825,-26.021416,-16.035435,0.8360025,-15.694989,0 days 00:00:05.264704705,0 days 00:00:05.304704705
0 days 00:00:00.570000,0 days 00:00:00.610000,answer1 ,0.0,0.67201656,0.0,0.0,0.0,-100.0,0.90698624,0.84797573,0.03140381,0.037226003,0.12790675,0.24973965,0.42745256,0.74735504,0.7825102,0.5070154,0.48618197,0.7767685,0.7745493,1.7525549,2.3767138,1.8756237,1.2145758,0.87637,0.84664917,0.9466327,1.3310459,0.7431759,0.7350092,0.97669744,0.832834,0.7054634,0.5863034,0.54777724,0.5007837,0.31967887,0.14374758,0.077754915,315.8203,531.15234,674.70703,1004.8828,0.28739557,576.3151,4.0169387,155011.19,3.0884326,38.667347,-0.04206763,0.5528094,0.09375564,39.209194,-7.8196316,-1.3839427,-8.271213,14.272044,-7.9582825,-25.167166,-26.281706,-6.0590477,26.813904,-23.650467,-12.184986,1.5808283,-14.417174,0 days 00:00:05.274704705,0 days 00:00:05.314704705
0 days 00:00:00.580000,0 days 00:00:00.620000,answer1 ,0.0,0.6802222,0.0,0.0,0.0,-100.0,1.0941216,1.0184608,0.03469784,0.042894933,0.12772666,0.23218273,0.3890431,0.69915825,0.8287013,0.6807614,0.68270606,1.0249296,1.2805012,2.257491,2.7674625,2.4235892,1.5549268,1.1255792,0.9688711,1.0179783,1.3101171,0.814699,0.98238355,1.2571479,1.072359,0.84657115,0.6544757,0.5683821,0.5435974,0.36864042,0.12865049,0.15378584,473.73047,775.1953,961.8164,1306.3477,0.3348666,770.70264,4.427212,173057.8,2.1398296,33.757656,-0.05075148,0.7177634,0.13374905,38.64156,-13.624615,-10.645683,-15.787895,22.329195,-3.742243,-23.49241,-7.201074,-9.752397,22.277252,-15.894661,-10.246911,2.7417164,-13.537198,0 days 00:00:05.284704705,0 days 00:00:05.324704705
0 days 00:00:00.590000,0 days 00:00:00.630000,answer1 ,0.0,0.69001865,0.0,0.0,0.0,-100.0,1.2403603,1.2679701,0.034533266,0.046863187,0.12806107,0.2137537,0.3410847,0.6207793,0.80998,0.8560632,0.9474988,1.3566443,2.2500012,2.8143585,3.1455991,3.223569,2.1542037,1.482474,1.1757083,1.1061952,1.2411228,0.9050283,1.5069948,1.7940477,1.4834293,1.0348762,0.73844653,0.6039722,0.5915504,0.44178152,0.07474943,0.2127686,602.9297,1033.5938,1234.5703,1421.1914,0.3372333,953.13965,4.7204213,248088.33,1.9181385,28.162933,-0.0498986,0.8565929,0.14220417,34.09444,-20.493727,-9.647259,-19.203438,29.298838,-3.0878747,-24.501022,2.6616392,-15.840793,17.99262,-15.961784,-9.183618,4.7228184,-10.613599,0 days 00:00:05.294704705,0 days 00:00:05.334704705
0 days 00:00:00.600000,0 days 00:00:00.640000,answer1 ,0.0,0.6942601,0.0,0.0,0.0,-100.0,1.2502313,1.516168,0.031095812,0.047619045,0.12991703,0.19967377,0.2979089,0.5565341,0.75479156,0.92172414,1.1554183,1.599885,3.1631784,3.263573,3.2771652,3.976773,2.8365557,1.8485883,1.4291197,1.2201003,1.2236694,1.0347073,2.2355182,2.463712,1.9850582,1.2167902,0.81985384,0.64879423,0.6420068,0.51935554,0.06693009,0.21624911,574.21875,1047.9492,1220.2148,1449.9023,0.31754842,960.98834,4.686542,276254.84,2.173982,30.387136,-0.048494846,0.85837966,0.13285835,32.75499,-20.70009,-6.94178,-17.920778,28.722595,-1.354246,-25.475641,5.5696297,-17.206337,16.02419,-14.651936,-7.3106437,6.659544,-9.8089695,0 days 00:00:05.304704705,0 days 00:00:05.344704705
0 days 00:00:00.610000,0 days 00:00:00.650000,answer1 ,0.0,0.7034025,0.0,0.0,0.0,-100.0,1.2482146,1.6684159,0.029250316,0.04648526,0.12996058,0.1949535,0.28115118,0.53888077,0.69953275,0.88171846,1.2224535,1.6831607,3.6024818,3.4518127,3.1051912,4.3207455,3.3870008,2.0822604,1.666039,1.3447481,1.2823521,1.1794885,2.8509076,2.978381,2.318407,1.3509785,0.8807309,0.6895916,0.6769712,0.5789153,0.067081355,0.210059,488.08594,1062.3047,1220.2148,1492.9688,0.3134404,949.8781,4.740563,299050.12,1.9550389,25.138617,-0.046869542,0.84438616,0.111195825,32.56981,-21.576006,-3.744653,-16.072783,28.948557,-2.3130853,-27.165884,2.5907784,-20.774256,10.830728,-17.14622,-5.073439,7.5834675,-8.340994,0 days 00:00:05.314704705,0 days 00:00:05.354704705
0 days 00:00:00.620000,0 days 00:00:00.660000,answer1 ,0.0,0.7011501,0.0,0.0,0.0,-100.0,1.1582179,1.6762205,0.02956964,0.04497355,0.13040365,0.1973358,0.28383556,0.5510179,0.65243953,0.7733383,1.1471978,1.6290169,3.3949976,3.3922822,2.7236185,4.1550937,3.6482315,2.1560001,1.7858304,1.4191055,1.3397436,1.292421,3.1181443,3.150335,2.3373497,1.394096,0.8993934,0.7170257,0.694103,0.5993796,0.054570604,0.18931396,445.01953,1047.9492,1162.793,1507.3242,0.2890065,920.28033,4.5876923,275757.97,1.7023396,24.341211,-0.040914495,0.82405883,0.09805199,33.30464,-20.33216,-4.5349736,-12.617677,28.761484,0.20339791,-26.573395,1.9657434,-19.118494,5.9512887,-13.246226,-4.509599,7.7028584,-9.839362,0 days 00:00:05.324704705,0 days 00:00:05.364704705
0 days 00:00:00.630000,0 days 00:00:00.670000,answer1 ,0.0,0.699518,0.0,0.0,0.0,-100.0,1.0950099,1.5684742,0.029494956,0.04213908,0.13248718,0.20609836,0.29711935,0.5523979,0.6198451,0.7017207,1.0550293,1.5336566,2.9577415,3.1470509,2.4011564,3.66525,3.5662138,2.0673869,1.7194237,1.3473669,1.2931284,1.3124441,2.8869743,2.954749,2.0734892,1.3639683,0.8909769,0.73870236,0.70325327,0.59269756,0.045076232,0.16201651,401.95312,990.52734,1191.5039,1507.3242,0.2606936,891.9939,4.604325,274048.25,1.5658522,22.845572,-0.03675539,0.8013522,0.08872215,33.633102,-17.549906,-8.019093,-11.431182,31.929892,-1.4994255,-24.861555,3.2615535,-15.099555,5.6606393,-16.790236,-5.6815724,3.559078,-12.136136,0 days 00:00:05.334704705,0 days 00:00:05.374704705
0 days 00:00:00.640000,0 days 00:00:00.680000,answer1 ,0.0,0.68626493,0.0,0.0,0.0,-100.0,1.0325235,1.4320107,0.027986987,0.04138322,0.12979501,0.21181293,0.30857745,0.52989465,0.5816682,0.67128104,1.0121847,1.4648882,2.5812128,2.8270805,2.1951017,3.1109917,3.298896,1.8962864,1.5302209,1.2027997,1.191885,1.2525078,2.4860036,2.6496046,1.7877043,1.378027,0.8837907,0.75173306,0.71508485,0.5832489,0.041770667,0.122621514,387.59766,947.46094,1148.4375,1421.1914,0.25200346,857.8033,4.6036887,265518.12,1.9310776,25.23472,-0.030448405,0.7792079,0.08018574,33.30244,-14.783775,-11.043613,-14.71391,31.043411,-1.7022223,-22.799479,4.015795,-14.717626,7.367411,-22.323198,-5.4300675,1.3239017,-13.641574,0 days 00:00:05.344704705,0 days 00:00:05.384704705
0 days 00:00:00.650000,0 days 00:00:00.690000,answer1 ,0.0,0.693559,0.0,0.0,0.0,-65.014595,1.0165852,1.3080777,0.026226481,0.040627364,0.12761378,0.21628086,0.31922758,0.4969013,0.5528235,0.6768985,1.0475539,1.4402466,2.305056,2.4675066,2.044517,2.5869443,2.9058838,1.7068906,1.3219115,1.043868,1.1063786,1.1750941,2.082095,2.3132503,1.6030102,1.4654608,0.91268057,0.7610085,0.7374893,0.59343,0.05002467,0.09215021,301.46484,818.2617,1091.0156,1306.3477,0.232656,777.57275,4.6699834,260685.92,2.3173585,28.525427,-0.030359566,0.7174509,0.06835666,33.45709,-12.047227,-11.26411,-16.137655,29.303862,-2.0417025,-16.996103,2.859421,-14.1499815,6.557562,-28.114626,-2.0763419,-2.5169985,-12.859428,0 days 00:00:05.354704705,0 days 00:00:05.394704705
0 days 00:00:00.660000,0 days 00:00:00.700000,answer1 ,185.80157,0.7080564,0.0,0.0,0.1734834,-30.381943,1.0055093,1.2336615,0.025121296,0.04176115,0.12686531,0.22345932,0.34573293,0.49143872,0.53440344,0.7001174,1.1039759,1.4647317,2.0887787,2.1139488,1.8298268,2.165805,2.5869315,1.5759324,1.2101007,0.9817321,1.1201025,1.1390465,1.8964248,2.0458117,1.5680938,1.6649915,0.96504354,0.75109226,0.7533516,0.6274612,0.064005814,0.06989177,258.39844,631.6406,933.10547,1177.1484,0.20704018,671.66595,4.470275,272417.66,3.127778,33.942932,-0.03180078,0.6275873,0.06630905,32.971104,-10.343338,-5.8602166,-16.063501,24.868103,-2.9009438,-13.864247,4.534776,-18.564726,4.4714,-35.198135,1.170005,-3.437993,-11.790532,0 days 00:00:05.364704705,0 days 00:00:05.404704705
0 days 00:00:00.670000,0 days 00:00:00.710000,answer1 ,186.28041,0.7302723,0.23368105,0.0,0.17918666,3.2578967,0.9964575,1.1972903,0.023880554,0.04232804,0.12947363,0.23452832,0.37699342,0.5116734,0.53187335,0.7191627,1.1365739,1.4982816,1.9186646,1.7911705,1.54611,1.8705401,2.40526,1.5490423,1.211379,1.0050169,1.1803349,1.1538607,1.8409181,1.8366922,1.6170346,1.8568777,1.0374144,0.742469,0.75711036,0.6710929,0.06296233,0.051636074,215.33203,545.5078,904.39453,1277.6367,0.21462202,639.8711,4.4243894,301565.5,3.2444603,31.509363,-0.030761125,0.59714437,0.06730967,32.549175,-9.318812,-4.960344,-14.004307,23.450678,-8.102923,-9.912873,7.670195,-18.453585,2.1454058,-37.576862,4.1609435,-2.7825506,-10.645378,0 days 00:00:05.374704705,0 days 00:00:05.414704705
0 days 00:00:00.680000,0 days 00:00:00.720000,answer1 ,187.16402,0.727711,0.23368105,0.049339425,0.24003151,-31.72751,0.940737,1.1763729,0.02263937,0.045918364,0.13142012,0.24882089,0.40178072,0.52964157,0.5303423,0.72905856,1.1194369,1.5033765,1.7123438,1.4718094,1.2410256,1.7117716,2.3271809,1.6048769,1.2709537,1.059624,1.2419869,1.2124735,1.7809645,1.7454295,1.7045139,1.9791685,1.0974203,0.7443611,0.76047033,0.7254443,0.055449665,0.033923637,215.33203,430.66406,832.6172,1248.9258,0.21293205,604.0909,4.214406,345854.28,3.7743275,33.722424,-0.026464766,0.56172436,0.061578374,30.612862,-7.5509562,-2.2916458,-13.471606,18.511942,-10.681595,-9.627243,14.559273,-19.708994,1.3029042,-43.4937,3.381204,-0.112539105,-13.142398,0 days 00:00:05.384704705,0 days 00:00:05.424704705
0 days 00:00:00.690000,0 days 00:00:00.730000,answer1 ,0.0,0.7039222,0.0,0.0,0.0,-66.36016,0.8351186,1.1336199,0.02047062,0.05536659,0.129012,0.25631893,0.40315545,0.5187502,0.52042896,0.7190619,1.0424637,1.4256511,1.4823127,1.1863126,0.9793331,1.5487741,2.2315695,1.6264538,1.3130254,1.0859662,1.2556214,1.284999,1.6272043,1.7236389,1.7251943,1.9580173,1.1040449,0.7574227,0.77126884,0.7981184,0.038441718,0.026011318,200.97656,401.95312,703.41797,1148.4375,0.18675227,559.97784,3.9787884,346278.25,4.70862,46.730194,-0.020344228,0.5220185,0.046709806,29.279541,-4.6027,-1.443817,-10.259057,13.190308,-7.4731407,-8.25528,15.991608,-19.645226,1.2563597,-41.839474,6.377161,-1.0882409,-15.554767,0 days 00:00:05.394704705,0 days 00:00:05.434704705
0 days 00:00:00.700000,0 days 00:00:00.740000,answer1 ,0.0,0.66591483,0.0,0.0,0.0,-100.0,0.66479427,1.0433806,0.016735708,0.0776644,0.12115391,0.250508,0.38102093,0.47322488,0.49490574,0.66584903,0.9006632,1.2386352,1.1984215,0.942126,0.7804232,1.2819644,1.9299868,1.5377951,1.2939873,1.0587091,1.2095572,1.3510685,1.3919259,1.6585761,1.5928248,1.7917747,1.072769,0.80137324,0.81052047,0.89813036,0.024339257,0.008905429,200.97656,258.39844,502.4414,1004.8828,0.16834565,479.1056,3.655941,461019.84,6.0224824,58.321,-0.012558659,0.44987524,0.02738711,25.909143,0.9221557,0.9341784,-5.2144012,5.527931,-0.8827793,-9.797162,7.73946,-21.355177,2.4901142,-34.71081,5.0305343,-6.5184727,-15.752312,0 days 00:00:05.404704705,0 days 00:00:05.444704705
0 days 00:00:00.710000,0 days 00:00:00.750000,answer1 ,0.0,0.6432246,0.0,0.0,0.0,-100.0,0.5370402,0.92604095,0.011783705,0.10449735,0.11175733,0.22827514,0.3407768,0.41962215,0.45148292,0.56786346,0.71149,0.97277445,0.95045614,0.76948863,0.6487028,0.9581499,1.4895679,1.3258384,1.197514,0.9921214,1.1255547,1.3709785,1.1943682,1.4884883,1.3364916,1.5388331,1.0313407,0.89906806,0.9149578,1.0411037,0.013346207,0.00410187,200.97656,258.39844,559.8633,1105.3711,0.14071432,606.7961,3.8959293,1.3302909e+06,5.797388,51.34674,-0.006763389,0.53919756,0.01381367,22.366518,6.0094323,-3.2250488,0.6084521,3.2886581,6.374443,-12.712556,-1.4869822,-18.969484,1.3859153,-23.122559,7.1462655,-5.023973,-12.329608,0 days 00:00:05.414704705,0 days 00:00:05.454704705
0 days 00:00:00.720000,0 days 00:00:00.760000,answer1 ,0.0,0.6313481,0.0,0.0,0.0,-100.0,0.4689293,0.82571906,0.008142482,0.12169313,0.09874418,0.19047962,0.29007402,0.37806177,0.40203917,0.44294834,0.52962446,0.71518946,0.76439285,0.6614888,0.58403665,0.6943245,1.0532253,1.1073288,1.07888,0.93034077,1.0078722,1.340252,1.0996422,1.2551633,1.0569695,1.2740742,1.0565175,1.0980424,1.1445509,1.214434,0.008143068,0.0026811557,229.6875,301.46484,961.8164,3387.8906,0.1170972,1116.1102,4.535094,4.077899e+06,3.9915574,26.688421,-0.002847635,0.9028778,0.006441547,16.432716,8.475102,-6.9914193,5.0710793,-1.9580946,8.864685,-17.272194,-9.642838,-18.753683,-5.083607,-14.50472,2.247276,-2.2602265,-6.2136803,0 days 00:00:05.424704705,0 days 00:00:05.464704705
0 days 00:00:00.730000,0 days 00:00:00.770000,answer1 ,0.0,0.63853866,0.0,0.0,0.0,-100.0,0.4526689,0.78095776,0.007017125,0.13284202,0.08747425,0.15320198,0.24273153,0.3541964,0.3568482,0.3403289,0.4083995,0.5497145,0.6476174,0.58395624,0.53747797,0.5527069,0.7742172,0.97594595,0.99441504,0.8790844,0.9111989,1.287074,1.1311069,1.1027318,0.8795717,1.0769116,1.144022,1.394856,1.5369635,1.4021506,0.0058427346,0.0020147187,215.33203,344.53125,1291.9922,5684.7656,0.083575286,1630.1797,5.0645814,7.1772565e+06,2.2367113,7.8768573,-0.0019845476,1.2671303,0.004185891,13.28934,11.132094,-7.615207,7.4556365,-5.471313,11.070371,-16.317926,-3.494835,-18.079435,-12.233821,-7.601249,2.1399891,0.7374442,-5.6819954,0 days 00:00:05.434704705,0 days 00:00:05.474704705
0 days 00:00:00.740000,0 days 00:00:00.780000,answer1 ,0.0,0.6373312,0.0,0.0,0.0,-100.0,0.44581163,0.78409773,0.0072349994,0.1345427,0.08314075,0.1287332,0.21547365,0.34534368,0.3238342,0.27221167,0.360526,0.49023727,0.5651664,0.515173,0.49170327,0.5073547,0.6752829,0.94570756,0.98616725,0.85872597,0.8560192,1.2482216,1.2348987,1.0447055,0.8098135,0.95832664,1.2622805,1.7101778,1.9497944,1.5475239,0.0061989725,0.0015660865,200.97656,330.17578,1220.2148,7550.9766,0.07236951,1776.4132,5.0336547,8.544222e+06,1.811813,4.908518,-0.0021937403,1.3643975,0.0044604703,12.1832,13.000709,-3.3495762,12.04811,-7.6750054,9.315765,-12.301547,2.0497587,-15.191556,-19.069784,-13.079848,-2.9103253,2.857113,-0.10033369,0 days 00:00:05.444704705,0 days 00:00:05.484704705
0 days 00:00:00.750000,0 days 00:00:00.790000,answer1 ,0.0,0.6302572,0.0,0.0,0.0,-100.0,0.46038103,0.80744743,0.007814789,0.14474678,0.086670466,0.12435538,0.21087986,0.3508418,0.30902782,0.25022563,0.37276205,0.50557667,0.4976001,0.46331307,0.44571432,0.49965563,0.6859889,0.9995804,1.0458074,0.87635046,0.85921687,1.2436525,1.327,1.0743824,0.81660414,0.897454,1.3592062,1.9034365,2.1849582,1.6033729,0.007104444,0.0016292633,200.97656,330.17578,990.52734,7522.2656,0.068622954,1701.7441,4.9989696,8.530853e+06,1.9492337,5.4172096,-0.0024787607,1.3181554,0.005701968,13.5420685,13.212738,-2.7157993,11.242217,-9.424557,7.2664533,-8.930538,7.009524,-14.039191,-17.926508,-12.840356,-2.5998614,3.0754442,-2.1594515,0 days 00:00:05.454704705,0 days 00:00:05.494704705
0 days 00:00:00.760000,0 days 00:00:00.800000,answer1 ,0.0,0.6201499,0.0,0.0,0.0,-100.0,0.45392886,0.8220908,0.0075355456,0.16496599,0.09332196,0.12588935,0.21319623,0.3601201,0.30923453,0.27072984,0.41883418,0.5551724,0.45636347,0.42741144,0.4270743,0.50409603,0.7432926,1.0596954,1.0925349,0.89395183,0.88238806,1.252124,1.3456513,1.1417791,0.87257844,0.86623365,1.4016064,1.9343246,2.1456635,1.5810938,0.0067763147,0.0014007889,272.7539,459.375,2828.0273,7694.5312,0.07315196,1995.527,5.248896,9.391944e+06,1.7821411,4.9961553,-0.0021711756,1.536981,0.0058595208,12.582595,12.038341,-5.746969,6.297598,-11.239296,4.573513,-11.154178,10.478821,-11.478002,-13.759529,-13.835214,-3.5870106,4.1497045,-2.193655,0 days 00:00:05.464704705,0 days 00:00:05.504704705
0 days 00:00:00.770000,0 days 00:00:00.810000,answer1 ,0.0,0.6109951,0.0,0.0,0.0,-100.0,0.45096734,0.826163,0.006719189,0.19085412,0.09184509,0.11967813,0.2159247,0.37444293,0.31771448,0.32149148,0.45970592,0.58821005,0.45037732,0.42555523,0.45241413,0.5064452,0.7721298,1.065977,1.1098663,0.9228609,0.909143,1.2927359,1.3118895,1.2359174,0.94956666,0.8452998,1.3824263,1.8470097,1.9854116,1.5262002,0.007856019,0.0013525019,315.8203,473.73047,3129.4922,7938.574,0.074819475,2203.531,5.314549,1.0184446e+07,1.5392995,4.031979,-0.0018036338,1.6850432,0.0050032022,11.238185,11.09966,-7.665383,0.9337716,-15.005994,6.479093,-18.562273,5.213125,-16.88588,-8.616723,-8.513974,-4.790015,2.5388553,-6.159029,0 days 00:00:05.474704705,0 days 00:00:05.514704705
0 days 00:00:00.780000,0 days 00:00:00.820000,answer1 ,0.0,0.60684854,0.0,0.0,0.0,-100.0,0.4384358,0.82785255,0.0061098696,0.21598639,0.08352792,0.10701784,0.20835309,0.37050733,0.33321023,0.3898687,0.47136116,0.56806093,0.48007694,0.45404434,0.5074927,0.501748,0.7697532,1.0431589,1.1001554,0.9476881,0.9351568,1.3272377,1.2749912,1.3502092,1.0240476,0.82982606,1.3090559,1.7603207,1.8741723,1.5031257,0.0058996566,0.0014100667,344.53125,933.10547,5412.0117,8441.016,0.08114081,2888.1868,5.7287383,1.2072485e+07,1.0233278,2.683689,-0.0013967071,2.1681788,0.0040284563,9.345253,10.368936,-8.46997,3.6304862,-15.246628,6.923439,-21.076262,5.547621,-15.862819,-3.0209246,-2.9476004,-4.952519,2.8494377,-10.639132,0 days 00:00:05.484704705,0 days 00:00:05.524704705
0 days 00:00:00.790000,0 days 00:00:00.830000,answer1 ,0.0,0.597017,0.0,0.0,0.0,-100.0,0.43702567,0.8315034,0.006056359,0.22089948,0.077266745,0.099018164,0.20107293,0.35049716,0.35200086,0.43035722,0.44847646,0.51039505,0.508086,0.494521,0.55568314,0.516062,0.7591546,1.0042076,1.107663,1.0000964,0.9614963,1.3589048,1.280998,1.4190887,1.0488887,0.8283666,1.2139941,1.7179179,1.8568268,1.5180477,0.0053287917,0.0015462958,344.53125,1277.6367,5670.41,8354.883,0.07295982,3262.875,5.819325,1.2785115e+07,0.783988,2.3704367,-0.0014247444,2.4263792,0.0039300392,9.15717,10.760669,-6.339602,10.10833,-14.570121,10.74252,-21.532722,4.2829576,-13.996121,-0.7034809,0.08019352,-2.833215,3.8432474,-9.553136,0 days 00:00:05.494704705,0 days 00:00:05.534704705
0 days 00:00:00.800000,0 days 00:00:00.840000,answer1 ,0.0,0.5954168,0.0,0.0,0.0,-100.0,0.42591414,0.8354036,0.0059467745,0.21371882,0.07993871,0.10321125,0.19182587,0.30854034,0.38519287,0.4473277,0.41858563,0.44208083,0.52877444,0.52767986,0.58097416,0.5573965,0.790076,1.0229466,1.169581,1.0619262,0.98062325,1.3680863,1.3116301,1.4076148,1.0139583,0.8493839,1.1360146,1.6738962,1.8224238,1.5408049,0.0025802108,0.0016016621,387.59766,1722.6562,7622.754,8785.547,0.06846609,3861.2988,6.3478665,1.431948e+07,0.4337065,1.6137356,-0.0010624708,2.853305,0.003415809,8.867851,8.9189005,-6.1763616,14.10201,-14.558522,7.707159,-17.955973,13.304974,-6.938793,3.709809,3.1691196,3.9417636,-0.41143498,-9.030524,0 days 00:00:05.504704705,0 days 00:00:05.544704705
0 days 00:00:00.810000,0 days 00:00:00.850000,answer1 ,0.0,0.60235125,0.0,0.0,0.0,-100.0,0.43154764,0.83820444,0.005880762,0.19236583,0.0890052,0.11425302,0.18219288,0.26691443,0.42816767,0.45820984,0.41317973,0.40543732,0.5328036,0.5358977,0.5956399,0.6159213,0.8661719,1.0938256,1.2674845,1.085032,0.97858447,1.40004,1.3683991,1.3280381,0.9573281,0.90405864,1.0887244,1.597912,1.7011338,1.51896,0.0029650412,0.0016825706,401.95312,1363.7695,7091.6016,8441.016,0.05984797,3517.5713,6.2215924,1.3458624e+07,0.65114975,2.001722,-0.0011150377,2.6090667,0.0032520934,9.445039,7.9985886,-4.7796903,11.75732,-14.8554735,6.143528,-18.346666,16.368315,-3.3178844,2.8110209,3.0547798,7.202329,-6.4051723,-6.860781,0 days 00:00:05.514704705,0 days 00:00:05.554704705
0 days 00:00:00.820000,0 days 00:00:00.860000,answer1 ,0.0,0.6103764,0.0,0.0,0.0,-100.0,0.4337103,0.8368325,0.0058420408,0.16043085,0.09469616,0.12060872,0.18097937,0.25554225,0.4597639,0.49310932,0.44642997,0.41099223,0.548855,0.52768105,0.61168295,0.6652065,0.9512654,1.1573977,1.3653814,1.0718688,0.97145325,1.490887,1.4136533,1.230974,0.91892177,0.96214277,1.0583379,1.4380444,1.5020348,1.4097347,0.0045044036,0.001644163,387.59766,961.8164,5081.836,8340.527,0.0662612,2877.7063,5.881918,1.1847539e+07,1.090695,2.853967,-0.0012168258,2.1651318,0.00364754,11.022751,5.6899486,-5.5562096,6.921797,-17.873697,2.6151943,-18.270245,15.097706,-4.466244,-0.9496471,-3.8704464,7.9326324,-6.6554484,-6.006575,0 days 00:00:05.524704705,0 days 00:00:05.564704705
0 days 00:00:00.830000,0 days 00:00:00.870000,answer1 ,0.0,0.62698185,0.0,0.0,0.0,-100.0,0.42138445,0.8272185,0.0055531594,0.12641723,0.094980866,0.11901341,0.18690594,0.28441688,0.4624368,0.5337532,0.50556755,0.44716105,0.5720213,0.5095361,0.6291637,0.681485,1.0161768,1.2121534,1.4095825,1.0524886,0.9611354,1.5769404,1.4238348,1.1430484,0.8991702,0.99200463,1.0362953,1.2404008,1.287397,1.230608,0.005042478,0.0014764922,344.53125,516.7969,3143.8477,7823.7305,0.06410599,2218.796,5.5201306,9.866517e+06,1.5393845,3.9966366,-0.0012318625,1.6968956,0.0035962434,12.497258,5.2516723,-4.101876,6.3882713,-19.509361,2.1691687,-16.502941,12.632478,-7.3038,-5.604469,-6.799085,8.59924,-5.1065655,-0.754234,0 days 00:00:05.534704705,0 days 00:00:05.574704705
0 days 00:00:00.840000,0 days 00:00:00.880000,answer1 ,0.0,0.6445126,0.0,0.0,0.0,-100.0,0.388756,0.8023228,0.005445173,0.0925926,0.09388369,0.11743009,0.20204459,0.3415232,0.4284141,0.5251791,0.540484,0.5117453,0.6134236,0.49590456,0.62972003,0.69331354,1.0359263,1.2125506,1.3478163,1.0629178,0.954529,1.5992845,1.3844494,1.057891,0.85411054,0.9638526,1.0139046,1.0390078,1.1137084,1.027377,0.004228285,0.0012215128,272.7539,401.95312,1435.5469,6072.3633,0.063516594,1713.2236,5.067475,7.6003255e+06,2.1242535,6.6999087,-0.001122238,1.3314365,0.0034537546,13.962382,4.397842,-3.652055,9.86605,-14.769073,7.4436555,-13.838685,9.874768,-9.602275,-13.695084,-13.592171,10.242892,0.8359995,4.377319,0 days 00:00:05.544704705,0 days 00:00:05.584704705
0 days 00:00:00.850000,0 days 00:00:00.890000,answer1 ,0.0,0.6584191,0.0,0.0,0.0,-100.0,0.36804274,0.76343346,0.0065504448,0.06368103,0.099393666,0.12896681,0.22400711,0.39038673,0.39322972,0.47339258,0.5367848,0.5706698,0.65074897,0.48454526,0.60123485,0.696104,1.0150174,1.2087768,1.243821,1.083743,0.93736476,1.5107818,1.3014182,0.9727513,0.7830081,0.8878972,0.98354715,0.87128854,0.9588286,0.8415606,0.0037242367,0.0010366271,215.33203,287.10938,1004.8828,3588.8672,0.06770217,1155.3158,4.508289,4.6966825e+06,3.90915,23.97988,-0.0015232539,0.91717833,0.0031369699,16.852262,6.426188,1.9891148,13.464809,-11.616778,8.740451,-9.322793,9.978873,-11.667253,-16.236506,-10.722323,10.139037,-0.92524856,3.0976455,0 days 00:00:05.554704705,0 days 00:00:05.594704705
0 days 00:00:00.860000,0 days 00:00:00.900000,answer1 ,0.0,0.6870377,0.0,0.0,0.0,-64.50106,0.38358453,0.7239794,0.00858277,0.04213908,0.11037608,0.16857125,0.2638921,0.43144372,0.40560696,0.4306341,0.50355625,0.5967033,0.66909975,0.4940954,0.57883364,0.704441,0.9768788,1.2128797,1.1354151,1.0492958,0.902209,1.367052,1.195009,0.89734226,0.72259957,0.81627846,0.93958515,0.76056147,0.808691,0.6824133,0.013967018,0.0010334608,186.6211,272.7539,559.8633,1248.9258,0.09125707,659.6594,3.861929,2.0756674e+06,7.5653024,90.58655,-0.0036223482,0.5667287,0.0040969993,21.868437,8.687907,3.346963,13.178524,-7.8191743,-0.2800261,-14.249588,3.9212399,-12.583633,-15.281064,-10.343159,10.515157,-4.551704,-5.345324,0 days 00:00:05.564704705,0 days 00:00:05.604704705
0 days 00:00:00.870000,0 days 00:00:00.910000,answer1 ,165.93867,0.7066985,0.0,0.0,0.25260705,-29.373209,0.434388,0.7071166,0.011537609,0.030612245,0.12199018,0.22745498,0.3358941,0.50921565,0.5123628,0.49080023,0.48903644,0.5839289,0.66691715,0.53588825,0.5943311,0.7232254,0.98220795,1.2165197,1.0832442,0.96641463,0.88071966,1.2536329,1.0794343,0.8321736,0.7135213,0.77338773,0.885035,0.7012622,0.66949564,0.5569382,0.038992587,0.0014745322,229.6875,287.10938,373.2422,502.4414,0.11979035,399.1688,3.3418396,541401.56,10.824418,160.52391,-0.007236616,0.39607152,0.016812317,26.575472,10.6578665,4.5195327,10.7354555,-13.153567,-12.788297,-23.235449,-1.6324865,-8.758338,-8.202732,-6.630602,12.96989,-8.136183,-11.483932,0 days 00:00:05.574704705,0 days 00:00:05.614704705
0 days 00:00:00.880000,0 days 00:00:00.920000,answer1 ,163.75108,0.72180605,0.15022448,0.0,0.2870929,7.967472,0.45844772,0.71920365,0.013217829,0.026077097,0.13144566,0.28307986,0.42777553,0.6531524,0.7243926,0.6936248,0.50447035,0.55907744,0.64126396,0.59329253,0.652273,0.76508236,1.0401193,1.2270632,1.071714,0.87321883,0.8693792,1.183702,0.97217655,0.7819257,0.7428635,0.7670116,0.82560784,0.6740296,0.56795233,0.47359967,0.0519195,0.0015416205,272.7539,330.17578,416.3086,502.4414,0.12826684,382.4668,3.2387073,220203.27,13.418248,237.46925,-0.009028899,0.39826497,0.023973601,29.585577,11.1859865,2.4823902,10.465396,-15.401234,-20.138388,-29.7323,-1.4268789,-4.974502,-3.723219,-7.6250014,15.279349,-5.7792554,-11.931451,0 days 00:00:05.584704705,0 days 00:00:05.624704705
0 days 00:00:00.890000,0 days 00:00:00.930000,answer1 ,161.66206,0.6977012,0.15022448,0.22229765,0.18697797,-27.531471,0.44243583,0.74081033,0.012329578,0.023809522,0.13633102,0.30602646,0.4742194,0.7803504,0.945442,0.92588645,0.5361826,0.56800485,0.62592083,0.65700144,0.7469967,0.84175044,1.1202568,1.2007701,1.0517106,0.82704085,0.86448073,1.1458923,0.8949526,0.74096435,0.76580423,0.75324875,0.75814986,0.64456815,0.51848054,0.430635,0.04433928,0.001563233,272.7539,373.2422,459.375,574.21875,0.133051,423.17957,3.3425496,258545.08,12.354492,212.68556,-0.007454502,0.434787,0.024164597,30.162577,8.329347,-0.25174093,9.527161,-16.191282,-13.212743,-29.025976,2.2290654,-1.6840512,2.1046574,-4.1657395,14.621899,-1.2989124,-8.535565,0 days 00:00:05.594704705,0 days 00:00:05.634704705
0 days 00:00:00.900000,0 days 00:00:00.940000,answer1 ,0.0,0.6722447,0.0,0.0,0.0,-62.65932,0.3738843,0.7373705,0.009667323,0.020786092,0.13727969,0.2937226,0.4504563,0.7718783,1.0423108,1.0490152,0.5692163,0.60121125,0.61262804,0.687875,0.79470706,0.89133567,1.0997823,1.1229254,1.0240833,0.84051365,0.8590055,1.0774089,0.85189503,0.7322926,0.74882287,0.71666557,0.69021344,0.60324275,0.49457192,0.408573,0.020667156,0.00083009404,229.6875,401.95312,488.08594,602.9297,0.10812336,439.73502,3.5686102,348377.47,11.089873,174.71655,-0.0039308215,0.4430852,0.011643085,28.885986,7.5715346,-0.5455654,6.6759,-15.40581,-7.2406178,-20.56619,6.133147,-2.2389915,5.7597046,-3.7865202,6.848314,-1.0237466,-7.219187,0 days 00:00:05.604704705,0 days 00:00:05.644704705
0 days 00:00:00.910000,0 days 00:00:00.950000,answer1 ,0.0,0.6741331,0.0,0.0,0.0,-65.90365,0.34409925,0.70793706,0.0073864176,0.018329553,0.12938958,0.2628725,0.38604006,0.6481102,0.95221466,0.9661607,0.58546776,0.62735754,0.6198012,0.69061345,0.79183125,0.90170795,0.9851696,1.0272957,0.9939935,0.9018738,0.8887636,0.975084,0.8325289,0.7620988,0.7132943,0.6852541,0.6513782,0.5734949,0.47104105,0.38352847,0.011075559,0.00075090193,215.33203,387.59766,445.01953,559.8633,0.105790675,440.61923,3.4894783,374181.25,9.49685,127.36979,-0.0021103735,0.43821678,0.0043456745,26.260862,5.0811214,1.4048551,5.80311,-13.057565,-5.3252335,-14.23635,-2.8534606,-6.7089634,2.8733943,-6.93029,1.1260124,0.12404966,-5.790743,0 days 00:00:05.614704705,0 days 00:00:05.654704705
0 days 00:00:00.920000,0 days 00:00:00.960000,answer1 ,170.1019,0.6914374,0.0,0.0,0.0,-31.053995,0.32682702,0.6715012,0.007438792,0.01606198,0.121249564,0.24020648,0.34730554,0.5181325,0.7693138,0.79405445,0.59244275,0.61595666,0.6363313,0.6839096,0.72929144,0.8423644,0.8303483,0.93217534,0.98643833,0.966384,0.97738713,0.8755923,0.83638614,0.79828566,0.6829812,0.68233556,0.6503433,0.5645561,0.4381676,0.34709284,0.010242656,0.0005413377,200.97656,301.46484,401.95312,459.375,0.0990876,372.3662,3.2061653,277406.75,11.114293,207.68816,-0.0026014023,0.3746073,0.0057215667,27.204468,7.328022,6.2130265,5.876976,-11.096356,-3.7884495,-8.232619,-7.2947197,-8.616649,-2.0732155,-9.023354,2.0949569,-1.596161,-8.697845,0 days 00:00:05.624704705,0 days 00:00:05.664704705
0 days 00:00:00.930000,0 days 00:00:00.970000,answer1 ,166.8081,0.7132263,0.0,0.0,0.17245236,5.859238,0.33554903,0.6519034,0.008868967,0.014550264,0.12211303,0.24607575,0.35951027,0.48521128,0.61101025,0.647,0.5778082,0.5925068,0.670677,0.66935205,0.6726797,0.7844236,0.7227812,0.8857384,1.005107,0.99383456,1.0825497,0.7943125,0.8318252,0.8180689,0.68747354,0.7194917,0.6822648,0.57682973,0.40741983,0.30342236,0.0106715085,0.00056070037,200.97656,215.33203,301.46484,373.2422,0.09484893,294.89655,2.7637827,147814.78,13.389268,324.33524,-0.0039375327,0.30295336,0.009171937,29.48146,8.82437,8.305882,9.214433,-4.213007,-4.477341,-3.7688692,-11.147016,-12.014515,-4.1121054,-9.1824,1.4210762,2.4963002,-7.3243575,0 days 00:00:05.634704705,0 days 00:00:05.674704705
0 days 00:00:00.940000,0 days 00:00:00.980000,answer1 ,161.05717,0.7239459,0.0667976,0.0,0.17432225,8.676125,0.34672788,0.65148634,0.010920613,0.013983372,0.14498234,0.29149064,0.38676134,0.51822054,0.56532246,0.6138565,0.57193226,0.58344585,0.7134028,0.685369,0.67073846,0.7462074,0.68357915,0.88447714,1.0079287,0.9572136,1.1189705,0.7544801,0.8191972,0.7950788,0.70312744,0.75333834,0.72560483,0.58996147,0.39141694,0.26254138,0.013231854,0.00051917677,157.91016,172.26562,330.17578,416.3086,0.10094038,254.67033,2.7144384,77078.195,14.747703,452.0166,-0.0064095724,0.26770914,0.014537058,33.898663,12.534767,7.292133,8.980773,-1.1419901,-5.700132,-1.5876848,-6.3309093,-0.8545799,1.5683571,1.560346,5.369152,-2.354994,-11.158398,0 days 00:00:05.644704705,0 days 00:00:05.684704705
0 days 00:00:00.950000,0 days 00:00:00.990000,answer1 ,156.96606,0.73657686,0.0667976,0.0,0.178062,10.739705,0.37000918,0.6597046,0.013478654,0.014172335,0.18449263,0.3583002,0.41165802,0.5672679,0.64465535,0.698548,0.592843,0.5970003,0.7265787,0.71145314,0.711904,0.7337096,0.64613134,0.8875595,0.98773974,0.88814956,1.0443063,0.73200077,0.7896652,0.7680667,0.7127803,0.7670087,0.77269953,0.5997967,0.38684615,0.23115812,0.027975619,0.0004829086,157.91016,215.33203,358.88672,445.01953,0.10794275,272.9274,2.8382485,58861.0,15.220063,544.46387,-0.008633445,0.29101065,0.022110188,35.813965,15.506454,7.221007,5.907978,-2.449709,-11.418782,-2.1706078,-9.327348,3.965558,7.1467285,8.3614855,1.5665722,-3.7645388,-7.2584796,0 days 00:00:05.654704705,0 days 00:00:05.694704705
0 days 00:00:00.960000,0 days 00:00:01,answer1 ,155.07672,0.74547267,0.027063213,0.06114046,0.15669383,11.204516,0.4051919,0.6805759,0.016011791,0.0143613005,0.21629739,0.40019616,0.44081855,0.64388114,0.8357019,0.86774707,0.6672085,0.6306173,0.68825215,0.72959757,0.7796189,0.7445288,0.6155499,0.8852875,0.9430662,0.84677505,0.94444466,0.7339155,0.7730084,0.75178295,0.7135944,0.76473397,0.8516817,0.62342304,0.38969132,0.21355395,0.060584944,0.00042467754,200.97656,272.7539,430.66406,488.08594,0.12851685,311.4819,2.960841,42446.71,17.215242,766.5464,-0.012337089,0.33689976,0.037057985,37.69153,18.298521,7.2347703,1.1523778,-10.907754,-19.432035,-6.7857285,-12.976178,11.947507,5.9783783,6.2105255,0.021763483,-4.6363034,-4.1032276,0 days 00:00:05.664704705,0 days 00:00:05.704704705
0 days 00:00:00.960000,0 days 00:00:01.000997732,answer1 ,154.5525,0.74632215,0.036486626,0.06214566,0.21773048,8.431381,0.4270505,0.70974845,0.01933348,0.014739229,0.22977585,0.404447,0.5081122,0.7709648,1.0510408,1.027356,0.77830523,0.69070214,0.600527,0.7186615,0.82748747,0.7507027,0.60483116,0.85637516,0.88776946,0.86180955,0.9046543,0.77889705,0.79287463,0.75677234,0.7098953,0.7694498,0.93524367,0.6362979,0.38640046,0.21410453,0.10462054,0.00037806455,244.04297,315.8203,387.59766,430.66406,0.15221862,319.51157,2.839426,30955.682,20.506556,1020.26245,-0.017636402,0.34831133,0.06232074,38.392056,19.027449,11.015925,0.11619464,-13.41804,-20.301165,-11.924717,-15.596225,7.9121304,2.270746,-7.501471,-2.2360716,-3.5323398,3.5111816,0 days 00:00:05.664704705,0 days 00:00:05.705702437
0 days 00:00:00,0 days 00:00:00.040000,answer2 ,0.0,0.63630587,0.0,0.0,0.0,-100.0,0.4161426,0.98834115,0.0058587766,0.0462963,0.12921618,0.27204838,0.41952792,0.5544473,0.66972893,0.76589614,0.84702843,0.9178292,0.9822495,1.0430994,1.1020993,1.1600702,1.2171308,1.2728368,1.3262117,1.3755809,1.4180565,1.4484811,1.4578775,1.432704,1.3587462,1.2323397,1.069155,0.8959276,0.7342484,0.5943311,0.0032967783,0.0017128746,215.33203,258.39844,832.6172,1665.2344,0.03090805,657.99567,4.1373343,973558.56,4.326135,30.785034,-0.0016229972,0.5625407,0.0036520732,17.583899,0.7573509,2.3943012,7.893333,6.3522954,-11.827441,16.983912,1.3816385,-10.313985,-9.390442,-12.836987,5.0743146,12.175998,-8.114726,0 days 00:00:16.783450117,0 days 00:00:16.823450117
0 days 00:00:00.010000,0 days 00:00:00.050000,answer2 ,0.0,0.63855505,0.0,0.0,0.0,-100.0,0.42227963,0.98834115,0.0066630407,0.046107333,0.12921618,0.27204838,0.41952792,0.5544473,0.66972893,0.76589614,0.84702843,0.9178292,0.9822495,1.0430994,1.1020993,1.1600702,1.2171308,1.2728368,1.3262117,1.3755809,1.4180565,1.4484811,1.4578775,1.432704,1.3587462,1.2323397,1.069155,0.8959276,0.7342484,0.5943311,0.006995058,0.002215335,258.39844,287.10938,732.1289,1579.1016,0.05968823,640.3288,4.0726185,763038.8,4.703403,39.25407,-0.0018865335,0.56617004,0.0043160436,19.960869,-1.7283319,0.067481436,6.758934,4.933548,-20.778997,7.717158,-7.040163,-14.621582,-6.780578,-13.057738,4.880403,6.027826,-6.36409,0 days 00:00:16.793450117,0 days 00:00:16.833450117
0 days 00:00:00.020000,0 days 00:00:00.060000,answer2 ,0.0,0.64462596,0.0,0.0,0.0,-100.0,0.4554836,0.98834115,0.0074715912,0.047052156,0.12921618,0.27204838,0.41952792,0.5544473,0.66972893,0.76589614,0.84702843,0.9178292,0.9822495,1.0430994,1.1020993,1.1600702,1.2171308,1.2728368,1.3262117,1.3755809,1.4180565,1.4484811,1.4578775,1.432704,1.3587462,1.2323397,1.069155,0.8959276,0.7342484,0.5943311,0.0076583303,0.006541543,445.01953,645.9961,933.10547,1521.6797,0.09783433,805.5083,4.3341756,622333.0,5.467151,55.43056,-0.002259737,0.7115369,0.0053192466,21.87287,-5.5255294,-5.974177,5.648924,7.410908,-20.65392,-3.914892,-9.289836,-11.5844145,-0.5392008,-13.075363,4.3184485,2.3587654,-0.5209983,0 days 00:00:16.803450117,0 days 00:00:16.843450117
0 days 00:00:00.030000,0 days 00:00:00.070000,answer2 ,0.0,0.6460492,0.0,0.0,0.0,-100.0,0.4769144,0.98834115,0.0073851855,0.04818594,0.12921618,0.27204838,0.41952792,0.5544473,0.66972893,0.76589614,0.84702843,0.9178292,0.9822495,1.0430994,1.1020993,1.1600702,1.2171308,1.2728368,1.3262117,1.3755809,1.4180565,1.4484811,1.4578775,1.432704,1.3587462,1.2323397,1.069155,0.8959276,0.7342484,0.5943311,0.0066715744,0.009167147,502.4414,904.39453,1105.3711,1464.2578,0.087626494,948.11554,4.574427,947207.0,5.7788825,57.300663,-0.0023998544,0.8206788,0.005326985,21.887352,-7.3983836,-9.929855,6.498522,15.168198,-16.549673,-16.415392,-10.722005,-1.8943397,12.746185,-12.589455,-0.15933649,-5.307638,-1.1152377,0 days 00:00:16.813450117,0 days 00:00:16.853450117
0 days 00:00:00.040000,0 days 00:00:00.080000,answer2 ,0.0,0.6736446,0.0,0.0,0.0,-63.27115,0.45623973,0.98576117,0.006915474,0.046107333,0.13471091,0.27932122,0.4037137,0.51639605,0.66303843,0.7745072,0.85513335,0.8891633,0.9527312,1.0788957,1.1968023,1.2533182,1.2015445,1.2151796,1.284177,1.3303293,1.4044636,1.4624122,1.4836826,1.4491798,1.3364987,1.2067423,1.0550274,0.86633015,0.7371845,0.59930533,0.0029964924,0.008957482,445.01953,918.75,1378.125,1492.9688,0.08190912,985.7966,4.8096642,1.0623854e+06,5.860618,58.87425,-0.0020052772,0.8419693,0.004492933,21.81637,-6.7126527,-9.37534,6.6853943,18.31978,-6.8952928,-14.3052,-0.8533403,7.361509,16.652565,-10.383511,-0.93738717,-3.443498,1.7326493,0 days 00:00:16.823450117,0 days 00:00:16.863450117
0 days 00:00:00.050000,0 days 00:00:00.090000,answer2 ,192.8247,0.7154084,0.0,0.0,0.03291147,-30.191736,0.47715795,0.98162276,0.009790046,0.041572183,0.14990129,0.31238508,0.40163264,0.47424734,0.68457174,0.828093,0.92818433,0.91036874,0.9617858,1.1241746,1.2720684,1.3216513,1.1176635,1.101641,1.2113967,1.2783831,1.4016409,1.4659624,1.5196042,1.4622003,1.3053718,1.1467515,1.0042273,0.8103986,0.7346487,0.5932364,0.015753184,0.0058679134,272.7539,574.21875,1076.6602,1248.9258,0.12568963,740.28265,4.4649377,874420.3,6.1650677,86.36375,-0.0053365757,0.65577155,0.008614373,27.130777,-2.556817,-7.065979,-0.38686022,13.701469,-4.543904,-10.261676,-4.3765893,1.6998507,17.87094,-12.6781435,-5.847236,-5.9567714,-3.80653,0 days 00:00:16.833450117,0 days 00:00:16.873450117
0 days 00:00:00.060000,0 days 00:00:00.100000,answer2 ,193.17314,0.76743346,0.0,0.0,0.2792094,3.0019352,0.6081364,1.0041595,0.0155117735,0.03590325,0.16632955,0.39012942,0.44861516,0.4787747,0.7682347,1.001448,1.1198843,1.0402561,1.068909,1.213137,1.3423051,1.3498517,1.0166849,0.98532194,1.1582422,1.2799035,1.4756355,1.4300388,1.53466,1.4638076,1.3469111,1.1038945,0.934072,0.73779994,0.69827634,0.55502164,0.044194806,0.011314322,229.6875,387.59766,875.6836,1134.082,0.19361365,570.72266,4.1975694,372031.75,5.4838486,88.29429,-0.012930379,0.5384162,0.035104506,32.72356,-3.6432207,-7.01012,-8.359637,11.765019,-8.317241,-2.5038497,-7.9806633,-5.9023194,17.193163,-20.684484,-9.587031,-2.8557804,-8.817829,0 days 00:00:16.843450117,0 days 00:00:16.883450117
0 days 00:00:00.070000,0 days 00:00:00.110000,answer2 ,194.64107,0.7881329,0.18234977,0.0,0.31457156,2.7239258,0.7780824,1.0952339,0.02116011,0.03344671,0.17576383,0.5087685,0.58398485,0.58865786,0.94116116,1.3309771,1.481968,1.433946,1.3860859,1.385019,1.3720974,1.2783004,0.9559557,0.9584411,1.1906642,1.4516522,1.7001404,1.3518738,1.5621977,1.46674,1.5324732,1.1324104,0.9010002,0.6832189,0.63474685,0.48783717,0.06937615,0.020369777,287.10938,473.73047,703.41797,1004.8828,0.20681578,544.7625,4.03003,156863.39,4.9353576,85.30166,-0.020842254,0.53962034,0.06318327,36.930893,-5.445568,-9.334785,-19.732454,9.931072,-9.576108,2.1433897,-16.262589,-15.498935,19.030449,-25.831621,-12.175839,-4.867264,-12.02316,0 days 00:00:16.853450117,0 days 00:00:16.893450117
0 days 00:00:00.080000,0 days 00:00:00.120000,answer2 ,198.3427,0.78654844,0.12235618,0.06401633,0.32813314,6.8964286,0.8706052,1.2724298,0.023607269,0.03325775,0.17485915,0.6384646,0.76935595,0.75027424,1.14047,1.7922274,1.9733127,2.0173652,1.8574408,1.7244107,1.5185677,1.2623934,1.015132,1.0265903,1.2983538,1.7841133,2.0294154,1.2929715,1.6637249,1.5609807,1.8990375,1.2938493,0.9501262,0.6449236,0.56698006,0.43783292,0.07965196,0.027145855,287.10938,574.21875,789.5508,1091.0156,0.17449808,590.17523,4.018858,181219.2,3.8617687,47.678455,-0.02552496,0.57878566,0.08411702,36.145397,-8.54622,-9.01064,-22.38285,14.877217,-11.2426,5.698605,-10.813441,-18.073545,22.340921,-30.33465,-11.7944,-7.047648,-11.348335,0 days 00:00:16.863450117,0 days 00:00:16.903450117
0 days 00:00:00.090000,0 days 00:00:00.130000,answer2 ,202.36528,0.78062576,0.027253876,0.044505503,0.094921745,11.0702095,0.88442355,1.4604836,0.024588345,0.035147395,0.16664366,0.7201051,0.9051321,0.8522437,1.2436271,2.1450548,2.3717144,2.442394,2.2545643,2.0994694,1.7293501,1.3328905,1.1581784,1.1317773,1.4137162,2.1208937,2.3465154,1.3128171,1.9057298,1.7986146,2.319699,1.5503765,1.0684823,0.6269049,0.52264196,0.43303505,0.07920814,0.03549171,244.04297,588.5742,789.5508,1119.7266,0.15782559,588.5615,3.9245946,201183.17,3.7444382,41.22589,-0.026878128,0.57318974,0.08595195,34.670795,-8.965984,-7.3032794,-25.316835,17.974976,-10.829278,0.25284895,-12.163055,-19.272081,21.909142,-32.017063,-14.350345,-14.684354,-13.186877,0 days 00:00:16.873450117,0 days 00:00:16.913450117
0 days 00:00:00.100000,0 days 00:00:00.140000,answer2 ,206.39522,0.78531504,0.010756828,0.0047927317,0.054668695,10.926698,0.912661,1.5778631,0.02619181,0.035714287,0.16124883,0.75917935,0.9940426,0.86664563,1.2516769,2.2571926,2.562269,2.548648,2.4284217,2.3729599,1.9136544,1.4095063,1.2655966,1.194418,1.4363198,2.2713048,2.4928615,1.4276581,2.2300675,2.0496457,2.6118672,1.7698636,1.1640521,0.6196184,0.49900723,0.46670905,0.083830155,0.045898855,215.33203,516.7969,789.5508,1105.3711,0.1899082,556.1797,3.8423817,202511.02,3.4313438,35.43974,-0.032940302,0.5412468,0.09899157,35.578518,-7.647663,-6.276218,-25.61328,21.658155,-6.204967,-5.780992,-10.378022,-17.118883,21.16539,-34.70244,-12.468541,-17.727243,-13.358192,0 days 00:00:16.883450117,0 days 00:00:16.923450117
0 days 00:00:00.110000,0 days 00:00:00.150000,answer2 ,209.35649,0.78456354,0.012261883,0.007342351,0.06741286,10.579237,0.94511604,1.6074005,0.027403513,0.034202572,0.15376237,0.761741,1.0358132,0.83038014,1.2191316,2.1030965,2.529497,2.378173,2.3840497,2.47765,2.0414789,1.4683601,1.306648,1.2060101,1.3755261,2.163028,2.5054672,1.6345196,2.5744467,2.2288249,2.7094615,1.8511473,1.1966292,0.64711004,0.4912026,0.5192569,0.08443148,0.05670823,215.33203,473.73047,818.2617,1119.7266,0.19432116,567.2786,3.8567188,205771.02,3.178379,34.9392,-0.036060132,0.54928666,0.11939031,34.792545,-7.2986794,-7.586354,-28.275564,20.396912,-2.1979792,-14.103635,-15.965446,-16.167591,13.847796,-32.524754,-12.552924,-19.886751,-13.507061,0 days 00:00:16.893450117,0 days 00:00:16.933450117
0 days 00:00:00.120000,0 days 00:00:00.160000,answer2 ,213.13976,0.7872684,0.013146942,0.006704805,0.062343206,11.308766,0.9738398,1.5991317,0.032801494,0.031368103,0.15649664,0.7672319,1.0707167,0.8252945,1.282589,1.861148,2.433789,2.3147166,2.340167,2.5103197,2.1002386,1.451815,1.2567401,1.1756328,1.2700503,1.9327497,2.4341853,1.8746427,2.9181116,2.2581246,2.6206365,1.7699944,1.1721896,0.6942537,0.5098839,0.57570463,0.08959637,0.054632206,200.97656,416.3086,832.6172,1062.3047,0.20340316,539.5759,3.819987,181481.38,3.3082702,47.86229,-0.04363669,0.527494,0.14586605,36.55239,-4.216975,-7.4736886,-27.983526,19.977541,5.8658752,-12.74453,-11.183459,-16.49549,10.551871,-27.658144,-7.075272,-15.666411,-7.6765122,0 days 00:00:16.903450117,0 days 00:00:16.943450117
0 days 00:00:00.130000,0 days 00:00:00.170000,answer2 ,218.3687,0.78376454,0.0076546506,0.0055444106,0.17430119,8.745801,1.0491134,1.5925423,0.044006754,0.026832955,0.16910392,0.79237264,1.1144155,0.87779826,1.4764022,1.6589531,2.2976248,2.495135,2.3745444,2.5052972,2.0771372,1.4147795,1.2099361,1.13668,1.1935067,1.7059761,2.2817638,2.0283434,3.1527135,2.2368248,2.4905615,1.6413406,1.1273582,0.76901984,0.5519921,0.6265138,0.2702012,0.052075367,200.97656,373.2422,703.41797,990.52734,0.37355104,485.12036,3.5486374,145781.56,4.0331616,79.0073,-0.09384892,0.48222807,0.29587576,38.243183,-0.5491266,-8.944113,-29.239685,20.36638,2.9474728,-17.252745,-13.19798,-21.319763,4.4927297,-24.898642,-7.7600975,-10.3303385,-7.3269706,0 days 00:00:16.913450117,0 days 00:00:16.953450117
0 days 00:00:00.140000,0 days 00:00:00.180000,answer2 ,224.78944,0.79357594,0.009862921,0.005321674,0.17469548,9.703602,1.149583,1.591825,0.060438126,0.022108844,0.18164064,0.8485827,1.2188928,0.9908182,1.8259608,1.5860748,2.1109238,2.6724403,2.4117901,2.4328568,1.9838734,1.3877907,1.2006656,1.1206852,1.1565683,1.5387498,2.0618317,2.0340216,3.1761248,2.246559,2.4135091,1.5701985,1.0986527,0.85777825,0.6135202,0.64693755,0.65206474,0.048105743,200.97656,315.8203,559.8633,789.5508,0.49464497,402.58228,3.1347625,94662.78,5.791368,138.88596,-0.17957048,0.4129124,0.501129,40.765095,3.055888,-7.969687,-28.104523,21.211275,-7.6597066,-21.55799,-14.679443,-23.36447,4.436495,-23.448229,-7.2723427,-6.9676666,-11.849404,0 days 00:00:16.923450117,0 days 00:00:16.963450117
0 days 00:00:00.150000,0 days 00:00:00.190000,answer2 ,232.05699,0.7943662,0.0122789545,0.0044193477,0.16907604,10.4568205,1.2696396,1.6100773,0.07720161,0.019652305,0.18815334,0.935702,1.4478596,1.1631013,2.338272,1.7078851,1.9252845,2.6628048,2.337154,2.2697122,1.8781971,1.433363,1.2508934,1.1656505,1.1604304,1.4317213,1.8376023,1.9366875,3.0139687,2.3488977,2.429401,1.5632477,1.0979816,0.97782326,0.70742226,0.6527908,1.3025532,0.044933274,215.33203,258.39844,445.01953,602.9297,0.5712839,345.21,2.7089403,56676.793,10.146137,413.39706,-0.29107073,0.3654778,0.7991983,40.41609,5.9466915,-7.6178837,-26.17668,15.138299,-19.35372,-31.374222,-17.906609,-22.810095,0.64347005,-20.501806,-15.294612,-7.78775,-18.447153,0 days 00:00:16.933450117,0 days 00:00:16.973450117
0 days 00:00:00.160000,0 days 00:00:00.200000,answer2 ,239.90718,0.7927537,0.01502649,0.0054114317,0.07432773,16.595612,1.358549,1.6666943,0.09654689,0.019085413,0.167997,1.012343,1.7782663,1.3666638,2.8498306,2.027994,1.751558,2.3133194,2.1369975,2.016095,1.8001419,1.5547423,1.3379602,1.310912,1.2692178,1.4084038,1.7822379,1.9210056,2.879032,2.639144,2.5301425,1.6284462,1.155907,1.1702029,0.852348,0.67314285,2.192378,0.035755865,215.33203,258.39844,401.95312,473.73047,0.5777747,324.00867,2.4474404,43152.633,12.902551,511.7946,-0.44180954,0.34720588,1.1243298,37.17779,6.383442,-3.3897982,-24.936808,6.069721,-28.423721,-38.714237,-19.422142,-24.431944,-1.5885276,-18.828646,-20.829231,-12.851954,-24.245031,0 days 00:00:16.943450117,0 days 00:00:16.983450117
0 days 00:00:00.170000,0 days 00:00:00.210000,answer2 ,247.8596,0.7931883,0.015055512,0.00608775,0.05951954,17.248251,1.5517346,1.7845745,0.1209205,0.020408163,0.1439175,1.0546083,2.0868924,1.5674658,3.1920595,2.5057464,1.6265268,1.911908,1.9390221,1.7340256,1.7111772,1.6567425,1.4017735,1.5439161,1.559269,1.5201045,1.9593815,2.1182137,2.9741528,3.200967,2.7188113,1.7556525,1.269437,1.4185308,1.0739974,0.75463563,3.8162365,0.0321446,215.33203,258.39844,416.3086,488.08594,0.6785469,326.1091,2.3863332,43849.72,15.411986,648.141,-0.7106547,0.3504819,1.784618,34.432175,8.073077,0.6043823,-27.33027,-2.355795,-28.689314,-39.716984,-19.184368,-30.2302,-2.6507244,-15.962349,-23.62235,-12.754593,-25.404085,0 days 00:00:16.953450117,0 days 00:00:16.993450117
0 days 00:00:00.180000,0 days 00:00:00.220000,answer2 ,254.77989,0.8039942,0.011352598,0.007764095,0.09772721,16.227613,1.8239045,1.9786485,0.14377269,0.022864701,0.12067663,1.0479368,2.2934065,1.7540364,3.314415,3.0714443,1.5665284,1.6828438,1.9199365,1.5045456,1.5690838,1.6416513,1.4127971,1.7816523,2.0522194,1.755304,2.3276653,2.6332576,3.2915232,4.0938354,3.1295063,2.0169852,1.4206759,1.745046,1.3794718,0.91841656,5.9727397,0.03698705,229.6875,330.17578,430.66406,502.4414,0.84236765,349.62198,2.421938,58889.625,13.2550125,408.67654,-1.0186304,0.37339368,2.897639,31.561922,10.139384,2.6163073,-34.717083,-8.743234,-28.144348,-34.925907,-18.084494,-38.94444,-3.932277,-16.149008,-20.185736,-12.160576,-30.00418,0 days 00:00:16.963450117,0 days 00:00:17.003450117
0 days 00:00:00.190000,0 days 00:00:00.230000,answer2 ,259.02707,0.81423026,0.011527218,0.0074844137,0.093214996,14.505825,2.0383956,2.2200186,0.15912768,0.024754345,0.115876555,0.9888273,2.3284922,1.9035534,3.3050013,3.6612835,1.6143373,1.6804901,2.116947,1.3970648,1.4271837,1.5164927,1.3653735,2.000654,2.7001705,2.0594218,2.7847807,3.436266,3.6228726,5.066923,3.7293208,2.399869,1.5743927,2.0840356,1.7454773,1.0953854,7.679091,0.05220279,244.04297,401.95312,502.4414,531.15234,0.7826076,391.63638,2.5049384,68755.93,13.714599,435.83627,-1.2110909,0.41687155,3.9061706,30.397135,10.732533,2.557641,-38.243923,-14.283929,-25.086554,-28.863901,-17.1429,-38.47727,-1.2004533,-8.784894,-18.92128,-11.305801,-31.924631,0 days 00:00:16.973450117,0 days 00:00:17.013450117
0 days 00:00:00.200000,0 days 00:00:00.240000,answer2 ,261.43674,0.8211515,0.00889228,0.006231165,0.08006442,14.951172,2.1426344,2.4412758,0.16184063,0.027399851,0.1235666,0.88370067,2.229818,1.991684,3.2545106,4.150459,1.8094448,1.859572,2.3486042,1.414605,1.3031658,1.3644778,1.3070377,2.226493,3.4045944,2.28887,3.1267693,4.268218,3.801912,5.713612,4.27421,2.7709913,1.7110753,2.4334648,2.1706583,1.2416586,8.3271475,0.06367723,258.39844,473.73047,516.7969,545.5078,0.6539969,420.84555,2.5656612,76463.586,13.471283,381.6113,-1.2418929,0.4470333,4.816768,29.365564,10.825486,-0.04277563,-38.79382,-19.758791,-26.615654,-23.486792,-12.942996,-36.997528,-5.2812667,-5.286915,-18.271654,-13.618945,-32.06419,0 days 00:00:16.983450117,0 days 00:00:17.023450117
0 days 00:00:00.210000,0 days 00:00:00.250000,answer2 ,263.36697,0.81981677,0.00683309,0.004754162,0.033803597,16.649809,2.104185,2.5479183,0.15679628,0.027966743,0.1321127,0.7505458,2.0303743,1.9850789,3.083182,4.352605,2.0313861,1.9827595,2.3700025,1.4868742,1.2472236,1.2679505,1.2527462,2.5209885,4.059763,2.323182,3.1680424,4.7069306,3.8829753,5.805116,4.4548144,3.0284812,1.8181807,2.6671555,2.5361576,1.3012519,7.821257,0.07330773,258.39844,473.73047,516.7969,559.8633,0.48739743,425.7395,2.5281749,82812.305,14.048915,407.09738,-1.1375083,0.45169368,4.4758534,28.58695,10.154162,-0.8581595,-36.600037,-19.042898,-31.320099,-24.54481,-10.733975,-37.61141,-6.073133,2.2643354,-21.133558,-21.393942,-27.497879,0 days 00:00:16.993450117,0 days 00:00:17.033450117
0 days 00:00:00.220000,0 days 00:00:00.260000,answer2 ,265.61218,0.81874615,0.003897888,0.003805557,0.035932153,17.648695,2.0773604,2.5216348,0.14959301,0.02834467,0.13787152,0.6332734,1.8099982,1.9163846,2.7700465,4.179669,2.1660244,2.0015795,2.1463683,1.5815865,1.2262526,1.2079391,1.2253374,2.760516,4.491675,2.1758125,2.9702625,4.638601,3.97498,5.491549,4.228192,3.0813468,1.9416164,2.7240674,2.737195,1.3443567,7.196524,0.08046865,258.39844,416.3086,516.7969,559.8633,0.46013293,413.69254,2.5387459,96143.586,14.104743,371.86536,-1.0521978,0.43783525,3.9064648,27.143066,12.082615,-1.9060531,-36.315144,-18.444654,-30.079317,-25.361443,-8.596882,-40.27202,-8.88095,1.1645817,-18.916088,-27.441696,-25.002535,0 days 00:00:17.003450117,0 days 00:00:17.043450117
0 days 00:00:00.230000,0 days 00:00:00.270000,answer2 ,268.58972,0.810455,0.002839795,0.0026026731,0.04242174,18.641771,2.0128105,2.4085562,0.13945656,0.029667422,0.13049693,0.554882,1.6261224,1.8236092,2.3591845,3.7133884,2.1284285,1.9160701,1.823265,1.6550001,1.2197611,1.1439186,1.218552,2.7808273,4.5689464,1.9936829,2.7324789,4.323151,4.0904922,5.047439,3.9162476,3.0657454,2.0814223,2.6057937,2.7103274,1.3932282,6.3548064,0.07855215,258.39844,344.53125,516.7969,559.8633,0.43674788,400.09677,2.5109787,104842.77,13.301857,311.81686,-0.9288168,0.42238072,3.2472904,25.414164,11.32893,-0.904893,-38.183792,-18.476948,-28.937857,-28.22451,-15.73286,-41.70435,-7.8042817,-3.9048898,-20.620253,-30.84305,-25.220917,0 days 00:00:17.013450117,0 days 00:00:17.053450117
0 days 00:00:00.240000,0 days 00:00:00.280000,answer2 ,271.2725,0.80120283,0.0043775314,0.004738286,0.042547476,18.527206,1.8848515,2.257126,0.124014705,0.029856386,0.118941694,0.5133448,1.4786315,1.7090243,1.8768367,3.0967007,1.9552202,1.8095716,1.584455,1.723835,1.2113866,1.0869299,1.1986184,2.5141528,4.329844,1.9671412,2.6718109,4.112082,4.084615,4.5225863,3.5997097,2.9402382,2.2213967,2.351283,2.5292773,1.477642,4.9373727,0.07460296,258.39844,272.7539,445.01953,559.8633,0.59520364,377.23178,2.461545,124147.914,13.357773,308.50226,-0.74351805,0.39611706,2.5219882,24.274078,10.201253,-0.9583049,-35.018063,-19.69777,-17.702076,-24.467573,-21.76859,-43.307606,-8.221246,-15.397954,-21.413279,-31.655828,-21.791346,0 days 00:00:17.023450117,0 days 00:00:17.063450117
0 days 00:00:00.250000,0 days 00:00:00.290000,answer2 ,273.07455,0.7896922,0.0058979527,0.0059182127,0.078552656,15.397248,1.7241534,2.0888035,0.101425886,0.03287982,0.10735243,0.4789311,1.3238912,1.5518103,1.4359317,2.5034413,1.7687954,1.7479912,1.4417759,1.7386665,1.1774917,1.0533568,1.1999257,2.103457,3.8327749,2.1423748,2.7669904,4.021234,3.766402,3.866966,3.2874424,2.7358959,2.2820938,2.0422437,2.3660138,1.5656418,3.4100215,0.054963693,258.39844,272.7539,459.375,559.8633,0.6431176,384.9081,2.526498,146651.33,12.467822,250.29842,-0.5189149,0.4018266,1.8437213,23.693068,8.859361,-2.678283,-31.235544,-21.35289,-14.106202,-22.566305,-22.876152,-40.40935,-3.5261142,-23.85375,-21.250084,-27.093094,-21.18818,0 days 00:00:17.033450117,0 days 00:00:17.073450117
0 days 00:00:00.260000,0 days 00:00:00.300000,answer2 ,273.5653,0.75624543,0.0075884657,0.007356775,0.09352696,-24.556067,1.6020204,1.9114431,0.08190309,0.034769464,0.1030791,0.4219301,1.1360697,1.3550459,1.0804882,2.00209,1.5751891,1.6634563,1.3721008,1.697234,1.1758676,1.0439603,1.2461245,1.7446159,3.2949498,2.4026592,2.786215,3.866113,3.3471634,3.1601279,2.8426898,2.4881427,2.2433834,1.7072749,2.3154542,1.6260926,2.0629754,0.051788073,258.39844,301.46484,473.73047,559.8633,0.6736769,420.37106,2.6529992,211271.39,11.292615,194.84547,-0.317307,0.43209457,0.94965714,22.367188,7.9152303,-6.2432103,-27.04933,-20.927301,-9.030797,-23.936152,-20.350393,-37.756195,-1.2343867,-21.54805,-14.101735,-25.901377,-15.8541765,0 days 00:00:17.043450117,0 days 00:00:17.083450117
0 days 00:00:00.270000,0 days 00:00:00.310000,answer2 ,0.0,0.7223379,0.0,0.0,0.0,-63.9697,1.5337749,1.743238,0.06871576,0.035525322,0.11036729,0.34700063,0.9229274,1.1340014,0.88880557,1.6649967,1.4510512,1.5856843,1.3742924,1.5953989,1.2131425,1.0537947,1.4568969,1.4999828,2.7277622,2.5361912,2.639115,3.5232275,2.9582767,2.561393,2.3409793,2.2485843,2.0787747,1.4366306,2.3280787,1.6468297,1.3785282,0.045853633,287.10938,401.95312,574.21875,689.0625,0.5958483,500.37817,3.1108768,249668.86,10.449036,165.80319,-0.2126741,0.5071662,0.64511615,23.262459,5.2149515,-10.997029,-25.538202,-18.977959,-8.820079,-25.770521,-11.55034,-26.295565,0.041051228,-20.350643,-7.7446103,-16.101011,-15.1080065,0 days 00:00:17.053450117,0 days 00:00:17.093450117
0 days 00:00:00.280000,0 days 00:00:00.320000,answer2 ,0.0,0.701955,0.0,0.0,0.0,-64.71401,1.4942421,1.592158,0.06135961,0.03382464,0.12126389,0.27269286,0.73395437,0.9554333,0.8152697,1.4319868,1.3856834,1.5251325,1.4955648,1.4928454,1.2609508,1.0821295,1.8099037,1.3507084,2.2705622,2.4405525,2.2860482,3.0578363,2.6965792,2.1410668,1.8899145,2.0455754,1.8360139,1.2388778,2.2192771,1.5402831,1.0278577,0.06364665,287.10938,416.3086,660.35156,818.2617,0.6087006,537.2105,3.361988,243146.11,9.234093,157.5225,-0.17826109,0.54001486,0.5227001,25.900412,2.3283064,-14.91022,-25.55001,-14.69312,-7.359167,-23.111528,-10.092541,-28.596977,-8.312908,-20.2422,-2.7208436,-12.095778,-9.622756,0 days 00:00:17.063450117,0 days 00:00:17.103450117
0 days 00:00:00.290000,0 days 00:00:00.330000,answer2 ,269.25385,0.72665334,0.0,0.0,0.43048042,-30.546288,1.4096998,1.4433174,0.05890439,0.028155707,0.12838776,0.22820163,0.5959286,0.8402718,0.7701525,1.2394425,1.3815054,1.5292678,1.7610273,1.4462112,1.2496644,1.1264449,2.031272,1.2424469,1.9408957,2.1664064,1.8724629,2.5339115,2.4125135,1.8152272,1.540373,1.7957393,1.5718718,1.112215,1.8805089,1.3139055,0.75406665,0.07974775,301.46484,473.73047,775.1953,961.8164,0.58196074,566.9894,3.5998535,190192.86,8.355437,164.86586,-0.15368597,0.56887454,0.37606537,29.27037,1.1230022,-18.080591,-27.91661,-10.373976,-7.8942256,-14.81841,-11.83711,-33.323532,-11.938918,-19.047768,-5.6070175,-9.008754,-9.302756,0 days 00:00:17.073450117,0 days 00:00:17.113450117
0 days 00:00:00.300000,0 days 00:00:00.340000,answer2 ,265.82886,0.7546339,0.117909096,0.16191186,0.34017184,4.2819657,1.3414847,1.2903781,0.07256525,0.022675738,0.1282196,0.22386958,0.54288167,0.8165968,0.73258895,1.0708308,1.3622919,1.5173364,2.0328844,1.4598237,1.1358776,1.1412934,1.9451075,1.1735965,1.7308307,1.8546356,1.4853398,2.0417752,2.0015812,1.5267062,1.3403636,1.5034045,1.3486118,1.0070763,1.421946,1.0043619,1.1946187,0.0932208,272.7539,373.2422,674.70703,818.2617,0.67632073,478.5939,3.134597,113374.75,8.99772,268.23743,-0.22071142,0.48838162,0.55573887,32.748615,3.8862321,-15.436539,-27.430346,-8.087113,-10.82017,-12.0166445,-21.016357,-45.24527,-15.5655365,-14.763058,-6.742334,-13.094708,-12.825073,0 days 00:00:17.083450117,0 days 00:00:17.123450117
0 days 00:00:00.310000,0 days 00:00:00.350000,answer2 ,258.8417,0.76343983,0.10336703,0.14132161,0.22423428,4.648357,1.3326463,1.1527296,0.09690843,0.017006803,0.12247882,0.25964808,0.57801795,0.88202876,0.6991318,0.9511721,1.2629353,1.4097241,2.1110747,1.5061369,1.0139884,1.096353,1.5634661,1.1597027,1.5950574,1.5841554,1.1999596,1.632246,1.6159302,1.286152,1.243615,1.2521911,1.219103,0.93840224,1.0290707,0.75923157,2.9466572,0.08331776,272.7539,344.53125,502.4414,602.9297,0.8511377,398.67587,2.6302786,68240.195,13.705104,734.4654,-0.47748193,0.41568875,1.0821079,34.938305,7.7243094,-12.649213,-24.358337,-6.4190445,-16.080782,-16.638489,-29.556631,-46.156097,-14.506722,-13.51577,-11.126458,-20.38149,-16.928392,0 days 00:00:17.093450117,0 days 00:00:17.133450117
0 days 00:00:00.320000,0 days 00:00:00.360000,answer2 ,255.8775,0.7415859,0.05633904,0.05651007,0.17764284,-29.519365,1.3259618,1.0449951,0.11448804,0.013794407,0.12115388,0.33328804,0.69004077,0.98786145,0.6990498,0.87726045,1.1189309,1.1879992,1.9309,1.5273796,0.962157,1.0591265,1.2049482,1.1543483,1.3895985,1.3740789,1.04806,1.3526865,1.3383394,1.1195099,1.1714734,1.0691599,1.1476449,0.90405077,0.78634566,0.6144808,4.093494,0.07952073,258.39844,258.39844,301.46484,373.2422,0.92039657,301.15445,2.0979443,29522.17,17.144554,1014.0701,-0.6669846,0.32518825,1.8740264,37.566284,11.156661,-9.53102,-18.837423,-0.05509885,-15.554074,-26.874268,-35.872784,-41.67843,-16.877718,-18.47199,-13.80022,-22.51123,-18.033937,0 days 00:00:17.103450117,0 days 00:00:17.143450117
0 days 00:00:00.330000,0 days 00:00:00.370000,answer2 ,0.0,0.71476537,0.0,0.0,0.0,-64.34762,1.2684594,0.97277737,0.108074576,0.012849584,0.12580691,0.4271966,0.82327956,1.0742927,0.7099171,0.81395537,0.96368504,0.9710682,1.6050287,1.5060259,1.0176662,1.1054398,1.0157205,1.1215918,1.1426667,1.1916417,0.97745246,1.2159837,1.1870793,1.0205948,1.0731181,0.97661453,1.1140646,0.8925813,0.6694689,0.55027246,3.8455508,0.06545504,244.04297,258.39844,287.10938,315.8203,0.92923015,283.68933,2.0882466,23923.69,18.488817,1133.4733,-0.652849,0.30724683,1.7555417,38.449833,12.456584,-11.092797,-15.311301,6.8678756,-14.762726,-32.073055,-37.969856,-32.722622,-16.69161,-23.450119,-16.365679,-21.934158,-17.037107,0 days 00:00:17.113450117,0 days 00:00:17.153450117
0 days 00:00:00.340000,0 days 00:00:00.380000,answer2 ,0.0,0.7011035,0.0,0.0,0.0,-100.0,1.10089,0.9123904,0.08507977,0.013038549,0.13200106,0.49502182,0.84843874,1.0237972,0.690478,0.73605436,0.8509221,0.82023984,1.3195524,1.4411596,1.1272012,1.2583343,0.9407122,1.02504,0.91099006,1.0354191,0.92953515,1.1346192,1.1072692,0.96924764,0.9628574,0.9035633,1.0499654,0.8836227,0.61664367,0.50946456,1.8645444,0.05943547,229.6875,244.04297,287.10938,401.95312,0.8135043,296.0863,2.2942343,44618.066,13.441688,662.1679,-0.36198393,0.31480387,1.1526003,37.93914,10.60464,-12.399949,-14.220917,11.919365,-9.11614,-33.133244,-33.9389,-26.701925,-12.485867,-19.262024,-21.059546,-18.831255,-17.159636,0 days 00:00:17.123450117,0 days 00:00:17.163450117
0 days 00:00:00.350000,0 days 00:00:00.390000,answer2 ,0.0,0.6953891,0.0,0.0,0.0,-100.0,0.9498767,0.84323615,0.071632646,0.0134164775,0.13743916,0.5175349,0.7763285,0.8764222,0.6317504,0.64581555,0.7595887,0.731551,1.0845671,1.2988718,1.1403207,1.3651098,0.87533635,0.9073395,0.7745729,0.9236803,0.8831788,1.064029,1.0393778,0.9433422,0.86631066,0.8217285,0.9527891,0.84269524,0.5917935,0.47266647,1.0166498,0.030376459,215.33203,244.04297,272.7539,401.95312,0.9573655,285.4529,2.2105062,41312.414,23.028847,1737.8525,-0.23482533,0.30385256,0.42983952,37.060257,12.642285,-7.275295,-11.816806,7.413816,-8.842183,-29.289131,-28.415285,-27.191187,-10.429927,-19.95012,-25.465479,-18.547857,-15.756649,0 days 00:00:17.133450117,0 days 00:00:17.173450117
0 days 00:00:00.360000,0 days 00:00:00.400000,answer2 ,0.0,0.70303154,0.0,0.0,0.0,-61.082577,0.8455472,0.77202016,0.06704604,0.013794406,0.13421607,0.49307525,0.65286636,0.7092397,0.55127734,0.55437666,0.6797578,0.6581592,0.8881776,1.0717858,1.0293541,1.305688,0.7997027,0.8273077,0.74863,0.8800159,0.8747339,0.99374056,1.0116719,0.94169265,0.8076086,0.7415059,0.8641812,0.82079554,0.582678,0.45028675,0.93172044,0.01583672,215.33203,244.04297,272.7539,387.59766,0.7544737,277.37503,2.0448866,38158.63,30.503477,2167.1628,-0.20493157,0.29671213,0.39352512,33.79687,14.185013,-1.5492157,-9.3066225,0.8883311,-9.318467,-27.389845,-27.622206,-30.638336,-19.365738,-21.252075,-27.48149,-16.197115,-14.785289,0 days 00:00:17.143450117,0 days 00:00:17.183450117
0 days 00:00:00.370000,0 days 00:00:00.410000,answer2 ,264.05997,0.71802884,0.0,0.0,0.22003974,-25.090212,0.7983466,0.7235086,0.06542682,0.013605442,0.12850036,0.44548273,0.5773511,0.6214636,0.47826537,0.4591935,0.6070549,0.58290523,0.7073123,0.8155007,0.81794286,1.0978793,0.7633149,0.82573843,0.804389,0.9223221,0.92523175,0.96077305,1.0523181,0.98722816,0.8050522,0.6932015,0.82858896,0.84538335,0.59389347,0.464938,1.0104153,0.004139336,229.6875,258.39844,272.7539,315.8203,0.65403366,268.00717,1.9401207,45599.86,35.4729,2328.8074,-0.20139045,0.2903166,0.35175648,29.680868,16.35246,4.8377824,-5.7105618,-4.395689,-13.662305,-25.507812,-24.748833,-36.191227,-25.831362,-21.939781,-24.715624,-12.23108,-12.515603,0 days 00:00:17.153450117,0 days 00:00:17.193450117
0 days 00:00:00.380000,0 days 00:00:00.420000,answer2 ,266.02197,0.75268906,0.11582686,0.09792388,0.27762547,10.963214,0.8302703,0.7233014,0.06482778,0.013038549,0.12279772,0.39576808,0.556314,0.62408423,0.4309282,0.38746142,0.54469335,0.53465784,0.5774934,0.6298792,0.6537428,0.8825965,0.81524825,0.917669,0.8916011,1.0367622,1.045199,0.9895914,1.1260396,1.081917,0.8794939,0.7053666,0.87254953,0.96307063,0.63320607,0.5077062,1.1594015,0.0051560425,244.04297,258.39844,287.10938,315.8203,0.58992743,275.26718,1.9297074,51997.406,32.606926,1590.7811,-0.19929032,0.29816929,0.6008503,27.421915,15.195442,5.4329715,-4.2589374,-3.9892015,-17.454123,-25.06883,-27.419867,-36.624535,-27.674002,-20.103035,-24.581537,-7.27047,-16.941994,0 days 00:00:17.163450117,0 days 00:00:17.203450117
0 days 00:00:00.390000,0 days 00:00:00.430000,answer2 ,269.32724,0.78001666,0.08857178,0.084141165,0.29482806,9.568798,0.90945023,0.77090234,0.06788481,0.015117158,0.121869825,0.3437959,0.5521068,0.66625476,0.41907588,0.37560165,0.5060125,0.52629423,0.5139907,0.5811529,0.5947488,0.7667063,0.9224027,1.0779736,1.0102513,1.2106602,1.2016242,1.0802473,1.2205015,1.228673,1.0259798,0.7732475,0.9546018,1.1284971,0.6866162,0.5545729,1.4331175,0.0070569296,258.39844,258.39844,301.46484,315.8203,0.57422316,286.64365,1.9037253,57946.637,30.055716,1363.54,-0.22371747,0.31037426,0.678123,27.260931,13.929199,6.5513425,-7.137814,-7.0137024,-20.309874,-23.404627,-27.048803,-37.518818,-19.482529,-14.402471,-23.29165,-9.092048,-18.132383,0 days 00:00:17.173450117,0 days 00:00:17.213450117
0 days 00:00:00.400000,0 days 00:00:00.440000,answer2 ,275.94507,0.79123354,0.06854653,0.066913374,0.20986557,13.295354,1.0315391,0.8459994,0.07420862,0.01851852,0.12487224,0.30706164,0.568032,0.7280975,0.42515245,0.44750223,0.51169395,0.5829343,0.5114253,0.6792148,0.6464126,0.7554192,1.0229845,1.2367495,1.1192249,1.3994784,1.3844709,1.1922034,1.307805,1.4347773,1.1782724,0.8685728,1.0303459,1.2325991,0.7172416,0.58344114,1.8857069,0.024632832,258.39844,258.39844,301.46484,301.46484,0.4765581,292.25107,1.7757491,43235.26,28.282854,1331.4318,-0.2889895,0.31634995,0.8368389,29.098154,10.943484,3.651946,-13.079028,-4.649216,-15.980859,-25.801733,-31.142477,-38.578384,-18.496672,-17.18931,-27.574568,-13.235412,-19.895174,0 days 00:00:17.183450117,0 days 00:00:17.223450117
0 days 00:00:00.410000,0 days 00:00:00.450000,answer2 ,280.2069,0.7853904,0.021211898,0.024229815,0.09231111,16.856152,1.1121899,0.92850924,0.06852528,0.024565382,0.12694411,0.27826217,0.57366794,0.7621865,0.43474808,0.5786442,0.5702072,0.7180678,0.5861936,0.9236234,0.79635495,0.8245278,1.1137766,1.3073813,1.1962436,1.5275453,1.5615625,1.3043712,1.4574558,1.7035456,1.2662784,0.922834,1.063147,1.2270613,0.7141921,0.6024175,1.4757148,0.05412386,258.39844,272.7539,315.8203,502.4414,0.3842218,342.24496,2.1345923,85795.88,18.563759,717.915,-0.22551163,0.3598117,0.50372773,29.69998,6.4488754,-1.59294,-18.861395,-2.0265071,-5.8782334,-31.004623,-24.815435,-38.087704,-17.619833,-13.534238,-27.374842,-13.941379,-16.121511,0 days 00:00:17.193450117,0 days 00:00:17.233450117
0 days 00:00:00.420000,0 days 00:00:00.460000,answer2 ,281.56912,0.78896683,0.012700006,0.007895056,0.11570281,14.775172,1.1476482,1.0067497,0.05740441,0.02985639,0.12588431,0.25269032,0.5440759,0.741479,0.4215279,0.6948526,0.661896,0.94580746,0.7378533,1.2729067,1.0207162,0.92873174,1.2220885,1.2621697,1.2319189,1.5808754,1.6855704,1.4034792,1.7051398,2.0282662,1.287109,0.89781904,1.0465223,1.1444303,0.70383245,0.62784916,0.9385732,0.07387705,258.39844,301.46484,502.4414,775.1953,0.41970697,448.62305,2.7459214,162552.56,10.278616,265.74594,-0.15571849,0.45056137,0.3589015,28.987246,1.1885833,-8.505599,-22.221657,3.6219776,6.9139657,-33.232204,-20.811659,-37.130188,-20.265535,-11.575704,-33.067265,-8.308629,-15.039592,0 days 00:00:17.203450117,0 days 00:00:17.243450117
0 days 00:00:00.430000,0 days 00:00:00.470000,answer2 ,281.38095,0.80563045,0.007007128,0.0054293033,0.21227366,8.572045,1.1873671,1.0774908,0.050999995,0.03344671,0.12310845,0.23010838,0.48654786,0.67826223,0.40057865,0.7569186,0.7503424,1.2703767,0.9574873,1.5847698,1.262104,1.0347825,1.392911,1.1576601,1.2200059,1.572121,1.7324815,1.4725169,1.9991528,2.3444946,1.3182122,0.801073,1.0071216,1.0976833,0.7213609,0.6425774,0.6604966,0.06574143,258.39844,315.8203,516.7969,947.46094,0.52748364,480.0638,3.0034828,187138.3,7.5790825,132.3051,-0.12042717,0.47870326,0.2933924,28.95695,0.47620857,-10.287747,-25.191309,3.1673632,9.472414,-31.271887,-14.447719,-36.070663,-25.444817,-7.9792747,-34.42571,1.5809008,-14.690018,0 days 00:00:17.213450117,0 days 00:00:17.253450117
0 days 00:00:00.440000,0 days 00:00:00.480000,answer2 ,280.23758,0.8269124,0.00783092,0.008801057,0.23537798,6.82473,1.2084588,1.1342558,0.049627643,0.034391534,0.12433475,0.20154028,0.41432235,0.5999229,0.4003737,0.79328203,0.8223122,1.6349236,1.1844541,1.6317266,1.3890148,1.1156565,1.5896916,1.0807518,1.221644,1.564881,1.7180735,1.5272709,2.2100952,2.5842638,1.4062592,0.70933825,0.99634457,1.1370618,0.78651327,0.6465958,0.59766906,0.04026112,272.7539,401.95312,674.70703,933.10547,0.5021786,526.62665,3.1255102,202787.77,7.544216,119.53149,-0.111783616,0.5239962,0.29939523,27.609451,1.0692557,-11.946216,-27.89853,-1.5790266,5.011765,-25.509714,-8.617618,-29.8874,-28.624474,-9.047442,-32.6778,11.666785,-11.768897,0 days 00:00:17.223450117,0 days 00:00:17.263450117
0 days 00:00:00.450000,0 days 00:00:00.490000,answer2 ,279.04428,0.8363347,0.006170592,0.0071309083,0.18160008,9.725318,1.2782084,1.1835566,0.05017673,0.032123957,0.12704965,0.17119868,0.36477575,0.5513894,0.44098508,0.86238545,0.9016814,1.9488112,1.3681217,1.4196838,1.3736914,1.2149032,1.7797123,1.0718881,1.2519355,1.5588175,1.7364792,1.5527416,2.28701,2.7302008,1.5041493,0.69046754,1.0907402,1.249056,0.88024443,0.64435124,0.6647611,0.026829561,373.2422,473.73047,660.35156,846.97266,0.45689833,553.78516,2.9939375,203752.17,8.683007,141.47069,-0.12333421,0.5541431,0.38441095,25.862457,0.8539581,-15.063334,-31.192545,-7.4148736,-4.264709,-23.646149,-2.9228828,-20.097801,-28.512093,-9.639942,-27.231173,16.956656,-4.358455,0 days 00:00:17.233450117,0 days 00:00:17.273450117
0 days 00:00:00.460000,0 days 00:00:00.500000,answer2 ,277.82108,0.8343458,0.005628699,0.005432546,0.072901316,13.173622,1.349895,1.2449307,0.04931351,0.028533636,0.13116397,0.13822491,0.32421592,0.5176759,0.5348241,0.9996603,1.0126797,2.1285243,1.460404,1.0961365,1.2265984,1.3438617,1.9883422,1.1189958,1.4030439,1.6000582,1.8785406,1.6102396,2.3376656,2.8052702,1.5394782,0.7786854,1.3099028,1.3935175,0.9978458,0.69264126,0.54288167,0.028106546,459.375,559.8633,803.90625,861.3281,0.34213114,636.31177,3.1824245,262791.47,8.136999,113.79358,-0.10486827,0.62798953,0.40355095,22.28972,-0.24573497,-15.944668,-31.117594,-18.03739,-7.156471,-18.408068,1.3751818,-11.445966,-24.25104,-9.34084,-20.965456,17.680834,1.2544373,0 days 00:00:17.243450117,0 days 00:00:17.283450117
0 days 00:00:00.470000,0 days 00:00:00.510000,answer2 ,276.41602,0.8276529,0.0026381332,0.0024719264,0.062098492,12.11933,1.4346222,1.3295271,0.05407879,0.023242632,0.1317117,0.11618385,0.2968423,0.49849328,0.64105606,1.1490659,1.129888,2.1361,1.4509491,0.8708637,1.0806941,1.4900097,2.2951899,1.2148768,1.7063364,1.7078099,2.2081134,1.6910924,2.4375553,2.825076,1.4616566,0.9438038,1.5744148,1.5305952,1.1437396,0.83559006,0.76294166,0.039630793,445.01953,473.73047,717.77344,846.97266,0.3772504,609.8139,3.111125,286143.6,8.217356,109.83216,-0.13292779,0.6007778,0.46712434,20.918634,-0.13377889,-13.785992,-24.34191,-26.589945,-9.553615,-19.800514,2.9049852,-11.778756,-26.135653,-13.185763,-18.85646,13.641116,1.38447,0 days 00:00:17.253450117,0 days 00:00:17.293450117
0 days 00:00:00.480000,0 days 00:00:00.520000,answer2 ,275.02164,0.8230963,0.0017453432,0.0019856205,0.06131558,11.590496,1.5204569,1.4301862,0.06391165,0.018896447,0.13089885,0.12258314,0.3083308,0.5168275,0.7343263,1.2468067,1.1899642,1.9887716,1.3323342,0.7651982,0.9768071,1.5977498,2.7411098,1.3764454,2.1295638,1.9103999,2.6739876,1.806448,2.5900142,2.8163369,1.3621765,1.1269658,1.7444152,1.6266164,1.3027325,1.0670305,1.2569041,0.05502067,344.53125,387.59766,545.5078,746.4844,0.41026524,512.68494,2.870329,274665.4,8.168003,104.597206,-0.19732638,0.5086297,0.5505375,21.034548,1.8146768,-7.090757,-15.446541,-30.932745,-12.509891,-25.541397,2.4867659,-17.786837,-28.044687,-20.604307,-20.92275,9.996478,-4.2769833,0 days 00:00:17.263450117,0 days 00:00:17.303450117
0 days 00:00:00.490000,0 days 00:00:00.530000,answer2 ,273.45938,0.82197076,0.002874085,0.0020605365,0.052147616,14.319921,1.5651708,1.5160041,0.07536746,0.015495088,0.13114138,0.160699,0.37520123,0.5856414,0.78820115,1.2525225,1.1585287,1.7312422,1.1421545,0.7232497,0.92143387,1.618679,3.1171544,1.5970839,2.540808,2.1733932,3.1318424,1.9472796,2.7095664,2.840648,1.3447884,1.273769,1.700841,1.6572925,1.4687916,1.3241562,1.7872089,0.060624313,258.39844,287.10938,387.59766,645.9961,0.41031814,422.69693,2.5354297,262892.66,8.681549,112.0513,-0.26726755,0.42351088,0.6520017,20.972107,4.0274816,-0.6788896,-10.595355,-31.709246,-14.083402,-34.078144,3.0967445,-26.89736,-26.61452,-23.484785,-25.486746,7.8329277,-10.060027,0 days 00:00:17.273450117,0 days 00:00:17.313450117
0 days 00:00:00.500000,0 days 00:00:00.540000,answer2 ,271.72983,0.8224623,0.0027125375,0.0027876727,0.05480343,17.084133,1.6198598,1.5682122,0.08676433,0.01606198,0.12807585,0.21743591,0.48592377,0.6957216,0.8135137,1.2022237,1.0728625,1.4363279,0.9339843,0.72838,0.8864319,1.5279769,3.0545456,1.8394957,2.8252847,2.4254735,3.414048,2.1496084,2.826274,2.9851933,1.5454518,1.4047027,1.5061153,1.6134148,1.5811306,1.4739246,2.4162142,0.06360621,258.39844,272.7539,301.46484,559.8633,0.32710725,388.7159,2.274377,253759.45,8.69749,109.03077,-0.3533261,0.39000368,0.82758355,19.191465,5.790441,7.565763,-17.467058,-33.41575,-14.953681,-35.83685,-1.5496794,-38.58212,-20.741722,-20.271618,-30.370966,0.05167675,-17.148874,0 days 00:00:17.283450117,0 days 00:00:17.323450117
0 days 00:00:00.510000,0 days 00:00:00.550000,answer2 ,269.55453,0.8204837,0.0029270097,0.0027248412,0.047372967,19.2379,1.7456846,1.6106138,0.102487855,0.018707482,0.12405179,0.27422383,0.5957019,0.80095476,0.845517,1.1692824,1.0072321,1.2117386,0.7786122,0.76135546,0.8355692,1.3361678,2.5435495,2.0022962,2.9045875,2.7109044,3.5276177,2.5601146,3.0544884,3.266163,2.0675595,1.587533,1.2957326,1.5313781,1.6270547,1.456571,3.3245668,0.06716112,258.39844,258.39844,301.46484,559.8633,0.34803638,384.4221,2.2115545,260265.94,8.111962,91.88387,-0.4852284,0.383924,1.5499855,18.30107,8.274123,14.5877,-28.24643,-34.446674,-12.897186,-34.369144,-3.5020657,-43.736023,-17.96617,-19.592691,-29.684504,-2.4207344,-22.298958,0 days 00:00:17.293450117,0 days 00:00:17.333450117
0 days 00:00:00.520000,0 days 00:00:00.560000,answer2 ,266.34958,0.81584376,0.0028769448,0.0033645034,0.08140267,18.938383,1.9344283,1.66861,0.12336639,0.022297807,0.11816433,0.32232288,0.6806118,0.8824859,0.910234,1.1969036,1.0099664,1.1225114,0.7084327,0.7870322,0.77878016,1.1069444,1.8490243,2.0546024,2.7718465,2.9898376,3.5385163,3.1923485,3.4621336,3.61436,2.8810675,1.8976784,1.18915,1.4354786,1.5761954,1.307231,4.916512,0.08512042,258.39844,258.39844,301.46484,545.5078,0.48152733,382.87268,2.2246563,250651.38,7.5814176,78.40805,-0.72518736,0.3817263,2.1636868,18.369736,10.702077,19.68972,-39.765064,-33.45982,-14.645145,-32.124523,-5.3218365,-45.782574,-17.737686,-24.717016,-27.950895,-5.9032016,-23.030375,0 days 00:00:17.303450117,0 days 00:00:17.343450117
0 days 00:00:00.530000,0 days 00:00:00.570000,answer2 ,261.80426,0.8114998,0.0036894514,0.0023989691,0.06703886,19.724894,2.109086,1.7545727,0.14513075,0.024565382,0.11892172,0.37504616,0.7467683,0.94453144,1.0228412,1.2763139,1.0665758,1.1631216,0.7007777,0.76561147,0.72814745,0.9332466,1.402112,1.9843401,2.4377382,3.2914848,3.5804787,3.955469,3.9751656,3.934727,3.7663739,2.341118,1.1939117,1.3679781,1.4339975,1.1120931,6.7542534,0.11491811,258.39844,258.39844,301.46484,531.15234,0.5646391,375.9418,2.2127354,240367.25,7.3848634,72.71994,-1.0155127,0.37473497,2.938317,19.348501,12.930656,25.568657,-44.706203,-30.496582,-16.120565,-31.687668,-4.4963183,-37.493458,-18.919653,-32.385803,-25.574484,-0.40885568,-21.599974,0 days 00:00:17.313450117,0 days 00:00:17.353450117
0 days 00:00:00.540000,0 days 00:00:00.580000,answer2 ,256.7112,0.80654436,0.0051531233,0.0027971298,0.058648378,19.59739,2.186711,1.8271747,0.16334648,0.024376417,0.12541212,0.4422373,0.8101754,0.9919364,1.1694634,1.3527535,1.1296662,1.265859,0.6927194,0.67318743,0.68973774,0.8318035,1.2000399,1.847274,2.0387394,3.5532322,3.657809,4.499241,4.3666897,4.183523,4.3587193,2.8781917,1.2255317,1.3173144,1.2458464,0.95943743,8.254386,0.13938804,258.39844,258.39844,301.46484,502.4414,0.61834186,362.91653,2.1555154,227097.88,7.4491706,70.5334,-1.2819365,0.3625373,3.264712,19.32657,16.278353,31.887201,-48.848087,-33.918636,-20.256779,-29.334925,-4.1546493,-38.81209,-16.21466,-39.009724,-27.774595,-1.9529032,-19.786085,0 days 00:00:17.323450117,0 days 00:00:17.363450117
0 days 00:00:00.550000,0 days 00:00:00.590000,answer2 ,250.94124,0.7956658,0.0074234414,0.002228764,0.027597472,20.878126,2.2172549,1.8474935,0.1746829,0.02399849,0.13094924,0.5201251,0.8629162,1.0115832,1.3257962,1.3903488,1.1687765,1.3334299,0.6471066,0.55991024,0.65370095,0.76605487,1.1025397,1.6770072,1.7280641,3.8129408,3.695543,4.5362935,4.4137397,4.3121095,4.51539,3.4420364,1.2381796,1.2697312,1.0599147,0.860645,9.224825,0.1451664,258.39844,258.39844,301.46484,502.4414,0.5917017,351.37454,2.149059,208810.17,7.9459014,82.64916,-1.490194,0.35329148,3.8034904,19.724106,19.161102,35.12205,-50.490467,-36.58484,-23.789728,-25.630835,-5.2994246,-40.895973,-9.828955,-43.039265,-30.437546,-2.204293,-19.313711,0 days 00:00:17.333450117,0 days 00:00:17.373450117
0 days 00:00:00.560000,0 days 00:00:00.600000,answer2 ,242.57166,0.76589936,0.008428,0.0047553484,0.026747167,20.119463,2.1612825,1.801875,0.17158186,0.023431594,0.13003586,0.5909217,0.88440114,0.98573214,1.4523401,1.3520207,1.173921,1.3284413,0.5844256,0.47297373,0.6019735,0.6890559,0.9992314,1.5213085,1.56943,3.992117,3.550834,4.191838,4.168425,4.344009,4.280659,3.842399,1.1972748,1.1920838,0.9343223,0.81857824,8.539863,0.14951454,244.04297,258.39844,287.10938,488.08594,0.6760594,347.90747,2.169504,223702.19,7.7024384,75.19977,-1.451363,0.3472426,3.6103938,19.483809,20.821154,36.12965,-52.59889,-39.235107,-23.39518,-24.713455,-3.4322538,-49.342945,-9.711884,-42.114216,-31.13002,-7.096555,-18.498907,0 days 00:00:17.343450117,0 days 00:00:17.383450117
0 days 00:00:00.570000,0 days 00:00:00.610000,answer2 ,234.52052,0.74145025,0.012304368,0.004458578,0.080186516,17.561548,2.0167189,1.7068229,0.14807403,0.025132274,0.1239999,0.62463236,0.83356667,0.8993495,1.5063347,1.2397537,1.1302723,1.2381324,0.559274,0.4432086,0.564794,0.62342054,0.88718367,1.399684,1.4979601,4.0274453,3.2446992,3.6810055,3.785492,4.2565875,3.9280117,3.9504805,1.1360744,1.095564,0.8756859,0.82478404,5.85082,0.14847796,229.6875,258.39844,344.53125,588.5742,1.1147076,431.8804,2.5532124,475924.4,6.302192,57.909725,-1.0476431,0.39527836,2.7034333,18.153044,19.597567,33.94914,-49.401646,-34.609867,-17.410025,-26.068901,-2.7683191,-48.246464,-4.307709,-37.3286,-26.861132,-2.34285,-19.246975,0 days 00:00:17.353450117,0 days 00:00:17.393450117
0 days 00:00:00.580000,0 days 00:00:00.620000,answer2 ,228.1108,0.727093,0.015655005,0.011510703,0.18001951,11.431611,1.8270817,1.5834085,0.12838091,0.026643991,0.11801783,0.62151283,0.7397247,0.7865727,1.449839,1.047481,1.0298434,1.1009722,0.58314735,0.45219883,0.55880624,0.58438134,0.839263,1.2927145,1.4440857,3.8889647,2.8824508,3.3050928,3.4691727,4.008222,3.5081742,3.6364355,1.0714351,1.0270334,0.872441,0.8506389,3.8986619,0.13327564,215.33203,258.39844,330.17578,516.7969,1.4480467,417.3108,2.4874856,470009.5,6.504411,60.287037,-0.77683496,0.37986922,1.8310531,16.84182,19.293488,34.56268,-44.50023,-34.56174,-11.409514,-29.022272,-5.944744,-50.956272,-10.04128,-35.127285,-27.58103,-1.5500841,-19.097025,0 days 00:00:17.363450117,0 days 00:00:17.403450117
0 days 00:00:00.590000,0 days 00:00:00.630000,answer2 ,224.10321,0.730676,0.019341571,0.01586385,0.25340065,6.653169,1.6759348,1.4508198,0.11749198,0.027210884,0.11569329,0.59405214,0.6360814,0.6776314,1.3138081,0.83012843,0.86563605,0.93980974,0.6310697,0.4775519,0.5921912,0.5736298,0.8331197,1.1787105,1.4220551,3.5932643,2.5707922,3.0166492,3.1942937,3.5944536,3.0869472,3.1656446,1.0299436,0.9948527,0.8919849,0.90132,2.8069942,0.09495637,215.33203,258.39844,330.17578,459.375,1.2948295,400.579,2.4437327,445821.6,7.6210866,85.24592,-0.62425596,0.36693516,1.3598976,15.881791,20.274122,33.32426,-37.08578,-29.827894,-8.584197,-30.1304,-12.726657,-53.08217,-4.9192348,-33.213917,-23.860567,-1.8968353,-15.228066,0 days 00:00:17.373450117,0 days 00:00:17.413450117
0 days 00:00:00.600000,0 days 00:00:00.640000,answer2 ,219.12495,0.7256856,0.016898692,0.023035696,0.23368095,6.133929,1.551065,1.3204179,0.108095735,0.027777778,0.118064255,0.56284875,0.562067,0.5970244,1.1695111,0.65477914,0.69054127,0.7703845,0.6555484,0.4991362,0.62720495,0.56785625,0.8176047,1.04055,1.4637547,3.265602,2.3297026,2.707692,2.9140234,3.0924108,2.6782799,2.6939847,1.0378007,0.97443205,0.89536864,0.9446948,2.677346,0.06871935,215.33203,244.04297,315.8203,358.88672,1.1293845,361.4203,2.3269546,357834.9,8.027907,89.05076,-0.6013596,0.34308472,1.1954099,15.453723,22.412994,36.148834,-34.423527,-30.787079,-9.151837,-28.464212,-16.190485,-55.897526,-0.308026,-26.395979,-24.128168,-6.268623,-11.950902,0 days 00:00:17.383450117,0 days 00:00:17.423450117
0 days 00:00:00.610000,0 days 00:00:00.650000,answer2 ,215.82013,0.70601386,0.014574898,0.022597412,0.18945318,-28.410873,1.4436029,1.2124919,0.087626226,0.027966743,0.12489769,0.5283396,0.5037322,0.5289476,1.0650202,0.5512006,0.5438042,0.6199953,0.63833684,0.5093803,0.6522872,0.5559666,0.7691321,0.9328199,1.5259327,2.934407,2.1421707,2.3851337,2.6418478,2.6427853,2.3242104,2.439978,1.1633843,0.93487716,0.89089704,0.97530454,1.495773,0.060321853,215.33203,229.6875,358.88672,416.3086,0.72320265,421.19113,2.6184092,570515.7,6.487062,62.246067,-0.36907473,0.3799421,0.8012989,13.076237,23.542498,35.48538,-30.64913,-25.98694,-9.969199,-24.875305,-18.41808,-47.146484,8.625123,-21.501373,-16.304941,-8.768867,-9.042671,0 days 00:00:17.393450117,0 days 00:00:17.433450117
0 days 00:00:00.620000,0 days 00:00:00.660000,answer2 ,0.0,0.6828398,0.0,0.0,0.0,-63.237106,1.2981486,1.1295018,0.061954413,0.030423278,0.1449012,0.4790881,0.4332099,0.45966843,0.98525745,0.49498746,0.44295266,0.4973869,0.59614986,0.50968,0.6567519,0.5537571,0.70347375,0.8725996,1.5466007,2.672103,2.0246675,2.0180175,2.3612278,2.2971213,2.0653572,2.33094,1.4504656,0.9041707,0.8936817,0.97283095,0.54658175,0.05147715,215.33203,215.33203,358.88672,445.01953,0.7222292,450.52515,2.8713887,702923.5,5.1223164,34.409195,-0.16697294,0.39657357,0.4229981,11.1212015,25.726576,36.598713,-24.780304,-22.66849,-10.961574,-15.94313,-20.418701,-40.3688,11.169961,-15.644733,-13.969922,-4.1045628,-4.8626556,0 days 00:00:17.403450117,0 days 00:00:17.443450117
0 days 00:00:00.630000,0 days 00:00:00.670000,answer2 ,0.0,0.6707406,0.0,0.0,0.0,-100.0,1.1887351,1.063292,0.050558653,0.03344671,0.18106121,0.4226981,0.3682002,0.4071928,0.8663068,0.44790754,0.38285896,0.41604838,0.54433364,0.5000946,0.65320307,0.55434775,0.64955205,0.8545024,1.461418,2.4943104,1.9636291,1.7146374,2.076535,1.9854555,1.8219627,2.2710896,1.857552,0.9147856,0.920842,0.9150683,0.43614563,0.036968887,200.97656,229.6875,315.8203,430.66406,0.37256157,438.17422,2.9630105,699355.0,5.256717,36.364655,-0.1296055,0.38577843,0.25897864,10.707784,27.97064,35.909946,-17.883152,-16.931763,-9.109779,-7.413773,-28.16729,-31.437584,12.061286,-16.455553,-12.551891,-1.3891817,-1.2842265,0 days 00:00:17.413450117,0 days 00:00:17.453450117
0 days 00:00:00.640000,0 days 00:00:00.680000,answer2 ,0.0,0.67121536,0.0,0.0,0.0,-100.0,1.0349416,0.99217707,0.04392886,0.03628118,0.2403602,0.37168625,0.31743562,0.37144652,0.71260065,0.40197694,0.3460507,0.37357986,0.49736533,0.48743343,0.6576421,0.5771869,0.62875146,0.84785515,1.2907966,2.2738059,1.8658079,1.4504906,1.7550002,1.6736864,1.5916033,2.1585412,2.2030385,0.9525066,0.93431634,0.8156407,0.3343424,0.02150817,186.6211,229.6875,258.39844,373.2422,0.38117257,376.00977,2.8465126,532175.3,6.535206,57.070343,-0.10623994,0.34204268,0.17344828,12.898366,29.407309,36.061806,-12.790786,-10.583683,-7.8744473,-3.2785215,-22.780222,-22.872435,10.523359,-15.219476,-13.115733,1.3919859,0.17072003,0 days 00:00:17.423450117,0 days 00:00:17.463450117
0 days 00:00:00.650000,0 days 00:00:00.690000,answer2 ,0.0,0.6715192,0.0,0.0,0.0,-100.0,0.8914872,0.8991739,0.03884718,0.037037037,0.3070892,0.32924116,0.28673068,0.34843564,0.5587136,0.36627075,0.34028828,0.35671926,0.44355762,0.47102466,0.64220554,0.59405017,0.61257225,0.80391675,1.085513,2.0148628,1.6776228,1.2379501,1.4614272,1.363578,1.3411783,1.9000753,2.2800198,0.96926165,0.90596104,0.6802557,0.20862293,0.015285366,186.6211,229.6875,258.39844,373.2422,0.38841018,371.41492,2.902428,527977.0,6.5995865,57.951183,-0.069308646,0.3379455,0.105924875,14.066234,30.108572,34.679302,-12.602618,-9.696248,-4.9617786,-0.93459415,-19.725191,-11.386574,10.327809,-14.28891,-15.929428,2.2446353,1.1483269,0 days 00:00:17.433450117,0 days 00:00:17.473450117
0 days 00:00:00.660000,0 days 00:00:00.700000,answer2 ,0.0,0.6822117,0.0,0.0,0.0,-100.0,0.7474992,0.7928875,0.03117621,0.034013607,0.34695077,0.28467557,0.2632902,0.32317314,0.45073363,0.33474132,0.35665727,0.35491297,0.39605618,0.4621412,0.62675005,0.6203454,0.6258654,0.74722844,0.8911206,1.6471909,1.3868288,1.0746561,1.2402514,1.1146914,1.0994292,1.5866407,2.0850108,0.91565037,0.8240936,0.5559916,0.12800103,0.00542225,215.33203,229.6875,258.39844,358.88672,0.35670117,352.91586,2.7364924,464983.25,7.2242546,66.86822,-0.045384515,0.33113125,0.09011251,15.274094,27.63783,30.448336,-11.086122,-5.321378,-7.308518,-5.363209,-13.028333,-10.102273,3.7167804,-14.592328,-13.554805,3.261914,5.712027,0 days 00:00:17.443450117,0 days 00:00:17.483450117
0 days 00:00:00.670000,0 days 00:00:00.710000,answer2 ,0.0,0.6986006,0.0,0.0,0.0,-100.0,0.6637508,0.6932319,0.024083206,0.0287226,0.33172575,0.23049235,0.23742765,0.3004287,0.38088003,0.30215335,0.38263455,0.3543936,0.35771444,0.4589276,0.60034734,0.64574486,0.6221275,0.6926566,0.7536812,1.3246881,1.1109573,0.9422042,1.0819894,0.9635515,0.9089537,1.2774168,1.7381252,0.8322962,0.7260259,0.46648574,0.10477679,0.004238792,244.04297,244.04297,287.10938,373.2422,0.2876165,391.3186,2.7194767,543565.94,6.551867,54.757725,-0.023008937,0.3639491,0.0625545,14.25573,26.141378,27.117477,-12.599892,-8.002052,-6.6679783,-8.2116995,-17.06207,-14.504547,3.6365917,-15.248179,-19.068804,3.7820375,7.453136,0 days 00:00:17.453450117,0 days 00:00:17.493450117
0 days 00:00:00.680000,0 days 00:00:00.720000,answer2 ,0.0,0.70844054,0.0,0.0,0.0,-100.0,0.6081552,0.61958295,0.020191293,0.0228647,0.2660505,0.17746685,0.21933426,0.2917156,0.32265115,0.27608278,0.4012911,0.35186577,0.34558025,0.4814175,0.60383004,0.66771364,0.6090287,0.67589855,0.67522097,1.1097709,0.9365968,0.83054405,0.9611042,0.85213834,0.779176,1.0632538,1.4120086,0.7441929,0.6434991,0.4117259,0.11403806,0.0031767965,258.39844,258.39844,301.46484,344.53125,0.18716867,378.49283,2.3955472,433034.5,7.563872,78.11652,-0.01889682,0.3623416,0.05687624,15.061554,21.322868,22.834188,-11.856842,-8.173808,-8.5559435,-10.460999,-21.88677,-20.984884,1.4672089,-18.425379,-22.127893,-0.69802076,1.9998523,0 days 00:00:17.463450117,0 days 00:00:17.503450117
0 days 00:00:00.690000,0 days 00:00:00.730000,answer2 ,0.0,0.6969442,0.0,0.0,0.0,-100.0,0.54874074,0.5668506,0.018363198,0.018329553,0.19378322,0.14164026,0.2121958,0.29004642,0.274558,0.26875135,0.40097845,0.34946623,0.35400948,0.51581246,0.6214146,0.67648405,0.57359713,0.68337154,0.6501939,0.97495276,0.84962016,0.73478365,0.83936244,0.75393885,0.7028262,0.9083112,1.1324468,0.6756914,0.57842535,0.3814533,0.09380231,0.0023772605,244.04297,258.39844,287.10938,344.53125,0.12365655,359.72305,2.308255,365076.5,8.660703,101.21051,-0.015670972,0.35125926,0.0491804,16.103834,21.447365,20.625416,-11.368655,-12.202568,-6.176789,-9.359368,-23.670334,-22.440615,4.367333,-18.47016,-23.863886,-2.5929859,-2.5429375,0 days 00:00:17.473450117,0 days 00:00:17.513450117
0 days 00:00:00.700000,0 days 00:00:00.740000,answer2 ,0.0,0.67860204,0.0,0.0,0.0,-100.0,0.47858748,0.52494645,0.016147122,0.01643991,0.14549802,0.12552638,0.20700197,0.28379586,0.24307112,0.28013158,0.37910593,0.33834615,0.38016614,0.55635995,0.6388647,0.67494106,0.54220325,0.6865292,0.6432897,0.8871148,0.805953,0.6454887,0.72113615,0.6343601,0.63781625,0.78719544,0.923471,0.6126604,0.5202735,0.34830832,0.0637405,0.0012890844,229.6875,258.39844,287.10938,358.88672,0.12106892,327.74646,2.4647713,254595.25,10.11173,137.27643,-0.011401053,0.33001474,0.027974427,18.866446,19.216042,18.283167,-6.5294585,-7.3785644,-8.055095,-9.119563,-25.44963,-21.206802,4.1566577,-14.47379,-16.439852,-1.7408185,-4.10463,0 days 00:00:17.483450117,0 days 00:00:17.523450117
0 days 00:00:00.710000,0 days 00:00:00.750000,answer2 ,0.0,0.6757794,0.0,0.0,0.0,-100.0,0.43031934,0.48762932,0.01313592,0.01643991,0.12478841,0.12327541,0.19867086,0.2647107,0.24218524,0.2883706,0.35128132,0.331405,0.41918838,0.5846798,0.64690554,0.6909184,0.5529726,0.68197614,0.6336416,0.77894634,0.74600697,0.56597316,0.61394054,0.529446,0.5706817,0.67118806,0.77361435,0.53428537,0.44602707,0.31328392,0.03814655,0.0008112075,215.33203,258.39844,272.7539,387.59766,0.12246877,321.64072,2.6524909,227023.45,10.648042,157.04877,-0.0075371345,0.3262297,0.01851456,21.298347,17.239922,16.578024,-5.8716683,-5.1176553,-9.007446,-10.169314,-21.581572,-20.387508,4.6255145,-14.85912,-12.890511,1.2212318,-1.2516146,0 days 00:00:17.493450117,0 days 00:00:17.533450117
0 days 00:00:00.720000,0 days 00:00:00.760000,answer2 ,0.0,0.67598516,0.0,0.0,0.0,-100.0,0.3947235,0.456889,0.011421981,0.01643991,0.12134009,0.12638015,0.18302576,0.23914568,0.25726995,0.28534856,0.33609068,0.33688405,0.46007523,0.6061111,0.6515005,0.72385097,0.58854896,0.6771429,0.61169153,0.67623734,0.66251343,0.50810444,0.53152865,0.45993546,0.49328384,0.5668656,0.6727019,0.46028277,0.3688445,0.2744098,0.024746947,0.00070589216,200.97656,258.39844,272.7539,416.3086,0.11363846,309.7841,2.9129722,181735.11,10.81173,175.98528,-0.005456116,0.31540942,0.007776003,24.137735,13.518136,14.198018,-4.44179,-0.81596565,-6.575666,-7.5930133,-16.978706,-15.785519,1.2486339,-11.699131,-11.295803,-0.5473733,-0.19494422,0 days 00:00:17.503450117,0 days 00:00:17.543450117
0 days 00:00:00.730000,0 days 00:00:00.770000,answer2 ,0.0,0.6782837,0.0,0.0,0.0,-100.0,0.37506756,0.4372681,0.009806494,0.017573697,0.12554045,0.12741654,0.16954565,0.22174628,0.27285588,0.27948436,0.35382614,0.35584792,0.49697217,0.6256462,0.6770888,0.7664605,0.6444288,0.69429827,0.58599514,0.5902569,0.57906985,0.46746734,0.48385128,0.4250474,0.42481768,0.4813558,0.5977975,0.3917619,0.2967893,0.23360194,0.024487672,0.0005656894,215.33203,258.39844,272.7539,430.66406,0.104299195,306.0795,2.971257,141538.86,11.737573,223.05232,-0.0049395007,0.31591544,0.009099607,26.996317,12.416028,13.553622,-6.3521614,-0.4859712,-7.5633864,-7.0655937,-12.129891,-12.141097,0.15963621,-10.054942,-12.940537,-1.2640275,2.2744253,0 days 00:00:17.513450117,0 days 00:00:17.553450117
0 days 00:00:00.740000,0 days 00:00:00.780000,answer2 ,0.0,0.67252254,0.0,0.0,0.0,-100.0,0.34338412,0.4263306,0.008750189,0.020030234,0.12922217,0.119652696,0.15832554,0.21061753,0.2783564,0.28378943,0.39476395,0.3745345,0.53262043,0.6314416,0.72282094,0.78643614,0.6906457,0.72698975,0.56419724,0.5123014,0.5071709,0.4561336,0.46081397,0.41139457,0.3786757,0.4180889,0.53498656,0.3486643,0.24867503,0.20327646,0.017187601,0.0004795616,229.6875,258.39844,315.8203,502.4414,0.11241584,337.76007,3.207762,169707.08,10.904987,205.11194,-0.0034071887,0.3447461,0.007377966,27.388075,9.934266,9.679539,-6.7061157,2.518737,-9.304704,-9.584861,-8.507279,-9.244133,-2.3446152,-4.1293344,-6.970097,-3.1360369,1.4675595,0 days 00:00:17.523450117,0 days 00:00:17.563450117
0 days 00:00:00.750000,0 days 00:00:00.790000,answer2 ,0.0,0.66811794,0.0,0.0,0.0,-100.0,0.33009228,0.42292035,0.007231319,0.0228647,0.12741105,0.10454428,0.15202244,0.21343136,0.26638502,0.29289562,0.4347274,0.3745742,0.559742,0.64008087,0.7860876,0.7861545,0.74292856,0.77713156,0.5604672,0.4487932,0.45429027,0.46020207,0.45312452,0.39469135,0.3584167,0.38567424,0.491534,0.32890844,0.22247638,0.17923395,0.01773019,0.00049892557,258.39844,272.7539,330.17578,473.73047,0.09624364,356.24756,3.0330448,162951.2,11.0719385,214.20683,-0.00306934,0.3656442,0.007991894,27.028528,7.229275,8.166272,-5.9868217,3.0951252,-14.518659,-11.489933,-11.493252,-10.786029,-4.9865437,-5.5436597,-7.1667075,-5.3329854,1.6866773,0 days 00:00:17.533450117,0 days 00:00:17.573450117
0 days 00:00:00.760000,0 days 00:00:00.800000,answer2 ,0.0,0.6559001,0.0,0.0,0.0,-100.0,0.30229762,0.42489305,0.005835103,0.025699168,0.114401184,0.08281811,0.14329724,0.21170883,0.24985121,0.28920972,0.46049723,0.3736947,0.563777,0.6557632,0.85479426,0.780811,0.8073903,0.83094335,0.5877578,0.40560564,0.4227772,0.47806206,0.4516228,0.37684724,0.36101797,0.37393346,0.46328223,0.32596508,0.21270035,0.1686896,0.008238044,0.0005435448,258.39844,330.17578,473.73047,732.1289,0.09125774,448.8148,3.370237,298452.1,8.629191,137.95941,-0.001380032,0.439116,0.0046854666,24.624977,1.2855415,3.276263,-5.828359,1.6689047,-13.792209,-10.200456,-9.526617,-10.096491,-6.340582,-4.2639627,-6.452803,-6.0355988,3.9949932,0 days 00:00:17.543450117,0 days 00:00:17.583450117
0 days 00:00:00.770000,0 days 00:00:00.810000,answer2 ,0.0,0.6519465,0.0,0.0,0.0,-100.0,0.2956737,0.43294397,0.0048973667,0.027588814,0.10003232,0.06623224,0.13303554,0.20587027,0.23225321,0.27376923,0.4778818,0.39196292,0.5479359,0.682518,0.90743893,0.7914017,0.8902127,0.89238864,0.63125306,0.39724222,0.40878925,0.5094165,0.45373055,0.35901678,0.36929643,0.37131596,0.44635665,0.3355051,0.2128522,0.16883558,0.0071889577,0.0005247248,258.39844,344.53125,502.4414,775.1953,0.06578491,460.79605,3.5266428,307298.72,8.567899,137.37675,-0.0012348435,0.44983003,0.0037748273,25.264853,0.5154566,2.8023145,-3.9054892,-0.09042195,-12.74072,-8.363178,-5.9694934,-7.450578,-8.490884,-6.8242316,-7.301309,-4.3921375,7.025641,0 days 00:00:17.553450117,0 days 00:00:17.593450117
0 days 00:00:00.780000,0 days 00:00:00.820000,answer2 ,0.0,0.6481001,0.0,0.0,0.0,-100.0,0.28876284,0.444486,0.0043963394,0.028533636,0.08977723,0.060453165,0.12485967,0.19523434,0.23178385,0.26283866,0.4989594,0.4404455,0.5172357,0.6827398,0.92623204,0.8294425,0.9421082,0.943855,0.6830256,0.42375958,0.41126195,0.5442597,0.46550047,0.35886684,0.38167217,0.3672699,0.43342325,0.34926018,0.21735175,0.17502105,0.0039823246,0.0004555213,244.04297,330.17578,531.15234,890.03906,0.060837895,470.557,3.88517,341709.66,7.7093186,109.62018,-0.0008879628,0.45395926,0.002145211,25.741974,0.3777322,4.1364284,-4.4106903,-1.3236512,-12.541944,-7.9554424,-0.07571077,-4.9366164,-6.8213253,-5.469391,-10.591772,-2.3843405,8.033517,0 days 00:00:17.563450117,0 days 00:00:17.603450117
0 days 00:00:00.790000,0 days 00:00:00.830000,answer2 ,0.0,0.65069824,0.0,0.0,0.0,-100.0,0.2759571,0.4534804,0.0040510413,0.0287226,0.084722705,0.06721651,0.11704653,0.18349223,0.24438627,0.2629248,0.5130808,0.48749542,0.50672644,0.65571415,0.9204723,0.8589632,0.9294047,0.9778831,0.72962874,0.4627333,0.42186356,0.5747986,0.47615516,0.37373456,0.38876906,0.36246344,0.41806558,0.3632203,0.22508425,0.18444602,0.0034757105,0.00040641357,229.6875,315.8203,531.15234,904.39453,0.05026966,481.5929,3.988178,380342.5,7.6541905,106.97406,-0.0008124053,0.46030554,0.0016913158,25.8852,0.6142604,4.745647,-3.1415503,-2.8503335,-10.181801,-5.602529,-2.7544749,-8.051223,-5.169643,-4.6576777,-13.1446085,-4.941047,4.9215817,0 days 00:00:17.573450117,0 days 00:00:17.613450117
0 days 00:00:00.800000,0 days 00:00:00.840000,answer2 ,0.0,0.6565458,0.0,0.0,0.0,-100.0,0.26937592,0.46066725,0.0038771986,0.027777778,0.08228731,0.08403211,0.11375868,0.1816776,0.26432404,0.27705482,0.51560974,0.50956315,0.5103392,0.6318566,0.9149155,0.85769105,0.8585212,1.0137821,0.7705646,0.50411004,0.44797662,0.5827804,0.48758635,0.3960909,0.3948172,0.36353132,0.40767673,0.3775094,0.23764181,0.19165032,0.0027098565,0.00040919366,215.33203,330.17578,545.5078,961.8164,0.0456942,495.23495,4.175917,402933.72,7.5901413,106.068695,-0.0007067998,0.47083226,0.0012086967,25.956535,0.097951315,4.351162,-2.3260524,-4.252528,-9.4130125,-3.9869988,-5.4300537,-9.659336,-2.7375813,1.1535417,-15.143247,-7.2935348,1.6129783,0 days 00:00:17.583450117,0 days 00:00:17.623450117
0 days 00:00:00.810000,0 days 00:00:00.850000,answer2 ,0.0,0.659379,0.0,0.0,0.0,-100.0,0.25663245,0.46436334,0.003944611,0.027210884,0.079995684,0.10251873,0.111493684,0.17663091,0.28754485,0.2941421,0.50257134,0.507986,0.53034115,0.65213394,0.92453146,0.8162723,0.77744174,1.0255216,0.7961381,0.5250012,0.47518647,0.56952214,0.498646,0.40872225,0.39272073,0.36799815,0.4031031,0.39355126,0.25696537,0.19676608,0.002303316,0.00038940608,200.97656,315.8203,559.8633,904.39453,0.044993475,476.4216,4.15584,382433.84,8.700722,145.77403,-0.0006732243,0.45514238,0.0011065956,26.987082,1.6394725,1.4625988,-0.9792144,-2.3438969,-5.6170526,-3.198,-6.4848347,-6.89999,-2.4790208,6.524216,-11.991305,-8.247444,-1.0479876,0 days 00:00:17.593450117,0 days 00:00:17.633450117
0 days 00:00:00.820000,0 days 00:00:00.860000,answer2 ,0.0,0.65753806,0.0,0.0,0.0,-100.0,0.26220846,0.4708852,0.004164472,0.027210884,0.08225454,0.11618196,0.11905178,0.18262134,0.30068234,0.31012365,0.4891243,0.49737334,0.55701303,0.709369,0.92557997,0.7875647,0.7594603,1.0281729,0.80740833,0.5288628,0.4944985,0.5530116,0.5068469,0.4109819,0.39376226,0.3775706,0.41281304,0.41244367,0.27700388,0.20323725,0.0036777228,0.0003958951,215.33203,287.10938,416.3086,689.0625,0.046754796,403.02612,3.7543926,264011.4,9.825263,176.12877,-0.00086954614,0.3985541,0.001243054,28.032814,2.3829947,2.553673,2.12385,0.7010761,-9.751279,-5.4566665,-5.915049,-8.515274,-6.7739067,2.3962667,-10.991401,-6.4110236,-0.61997837,0 days 00:00:17.603450117,0 days 00:00:17.643450117
0 days 00:00:00.830000,0 days 00:00:00.870000,answer2 ,0.0,0.65014184,0.0,0.0,0.0,-100.0,0.26266432,0.48433867,0.0041805464,0.027966743,0.0896736,0.12744577,0.13529362,0.19319494,0.30646732,0.3362981,0.47753248,0.4858534,0.5852197,0.77475643,0.91179204,0.8196924,0.81882447,1.0146317,0.8153803,0.52686936,0.50531024,0.5633075,0.5176403,0.4181932,0.40444836,0.39058468,0.43697944,0.43181852,0.2894158,0.21618094,0.0034672944,0.0004328466,200.97656,258.39844,430.66406,717.77344,0.055020873,390.3462,3.624131,262337.1,9.638729,171.47105,-0.00090127037,0.38471356,0.001421229,28.142416,1.9641479,3.220334,4.9374027,2.4282205,-8.336581,-6.6264915,-5.595505,-5.666605,-5.2594686,0.06765973,-9.187438,-9.649353,-2.744336,0 days 00:00:17.613450117,0 days 00:00:17.653450117
0 days 00:00:00.840000,0 days 00:00:00.880000,answer2 ,0.0,0.6513029,0.0,0.0,0.0,-100.0,0.2623136,0.50438094,0.0038328406,0.02834467,0.09508357,0.13099034,0.14870542,0.21218133,0.30191746,0.35961166,0.47987905,0.4749051,0.6026601,0.8047518,0.89785784,0.90630156,0.9286938,1.0141867,0.84017485,0.54691786,0.52538055,0.6169562,0.5239477,0.43106127,0.4321889,0.41405305,0.45855758,0.44383535,0.28995183,0.23315346,0.003089862,0.00044934757,229.6875,315.8203,488.08594,961.8164,0.055092275,473.81445,3.9084175,349950.66,7.932901,116.04956,-0.0006925687,0.45562243,0.0012441576,26.955795,-2.2840598,3.7311487,4.1137466,-1.0247318,-12.762591,-7.973591,-5.311955,-4.753669,-2.6936579,-4.9192033,-7.3937497,-6.789943,0.2713715,0 days 00:00:17.623450117,0 days 00:00:17.663450117
0 days 00:00:00.850000,0 days 00:00:00.890000,answer2 ,0.0,0.6598771,0.0,0.0,0.0,-100.0,0.2596796,0.52980953,0.0036243815,0.026266063,0.096691675,0.13118269,0.15344271,0.23122926,0.30139813,0.37592125,0.49551663,0.4868203,0.61585236,0.7859144,0.88762313,0.99973327,1.0237446,1.0413195,0.8934075,0.5949313,0.5761853,0.70112306,0.54033136,0.45049462,0.47091618,0.4504989,0.4796463,0.4555283,0.28778622,0.24781024,0.0019631828,0.00039354968,215.33203,315.8203,574.21875,1047.9492,0.045016795,504.61728,4.225247,396235.5,7.0759625,92.31445,-0.00055780914,0.47943273,0.0011073236,26.727242,-2.1513243,3.9977207,2.0547562,-2.6444874,-10.049547,-2.6953306,-4.2502174,-0.8429337,-4.43347,-4.9010906,-4.700685,-4.0085373,2.7021627,0 days 00:00:17.633450117,0 days 00:00:17.673450117
0 days 00:00:00.860000,0 days 00:00:00.900000,answer2 ,0.0,0.66661423,0.0,0.0,0.0,-100.0,0.25938413,0.55187577,0.004815634,0.021730915,0.09842279,0.13049938,0.15086144,0.24405193,0.31834176,0.3732108,0.5228416,0.5244197,0.63021225,0.7375892,0.89187485,1.0331264,1.0653898,1.0622277,0.9302409,0.6521719,0.64959365,0.7793071,0.57109326,0.4752063,0.5047639,0.48758462,0.49274024,0.4695065,0.29718584,0.25630817,0.0024501316,0.00034824116,215.33203,315.8203,516.7969,933.10547,0.041604917,477.20926,4.145254,380039.12,8.302266,135.87419,-0.00063744123,0.45576462,0.0011941134,27.052027,-0.9395516,5.9668465,2.121901,-2.5091245,-8.634768,-2.522052,-3.9530628,-2.2399123,-6.520504,-5.828936,-5.879931,2.1030319,4.8212695,0 days 00:00:17.643450117,0 days 00:00:17.683450117
0 days 00:00:00.870000,0 days 00:00:00.910000,answer2 ,0.0,0.68312025,0.0,0.0,0.0,-100.0,0.31933647,0.58117723,0.010478244,0.016628874,0.10558901,0.14651188,0.17605607,0.28466877,0.36564168,0.37715375,0.5730076,0.60829425,0.65762067,0.7106518,0.90563583,1.0148953,1.065698,1.087232,0.9564862,0.7111309,0.7228694,0.84787416,0.61394405,0.5111584,0.5474287,0.53298205,0.5099447,0.4925871,0.32317495,0.2623717,0.04196653,0.0004136519,200.97656,272.7539,416.3086,602.9297,0.13763054,375.4463,3.3772032,233318.95,15.701737,810.14374,-0.007700909,0.37357888,0.013658736,31.12934,4.341191,8.2075815,1.4854037,-3.4126909,-9.151517,-4.3040285,-9.92641,-9.704396,-11.99727,-10.074871,-9.802062,-3.6017392,0.9336384,0 days 00:00:17.653450117,0 days 00:00:17.693450117
0 days 00:00:00.880000,0 days 00:00:00.920000,answer2 ,0.0,0.7079776,0.0,0.0,0.0,-100.0,0.36636373,0.62016314,0.016658505,0.013605443,0.11982829,0.19350266,0.26279125,0.38283685,0.4393357,0.4189779,0.6489117,0.7098792,0.6856589,0.7466653,0.95196414,0.9497018,1.0565943,1.1015443,0.9400303,0.74701625,0.7648812,0.9263592,0.6602407,0.55887914,0.5915386,0.58038807,0.5273022,0.5214743,0.3616432,0.27629825,0.09410248,0.0004613121,215.33203,258.39844,330.17578,416.3086,0.16622543,306.34058,2.5460942,106511.46,27.462503,2040.9803,-0.015511534,0.32140127,0.046217635,35.022038,8.97351,9.566429,0.32784644,-4.8442383,-11.454102,-13.612629,-13.300247,-13.412347,-15.055135,-13.39615,-12.3462715,-10.022297,-3.5930946,0 days 00:00:17.663450117,0 days 00:00:17.703450117
0 days 00:00:00.890000,0 days 00:00:00.930000,answer2 ,0.0,0.7144273,0.0,0.0,0.0,-100.0,0.38484868,0.66385335,0.018931609,0.012093727,0.12953146,0.24500082,0.41076848,0.5501806,0.521154,0.51134175,0.7480653,0.7942799,0.6883223,0.82307357,0.9837628,0.90071505,1.0594757,1.1181644,0.90091854,0.7730145,0.7809601,1.0009526,0.6878009,0.59966666,0.64280075,0.6185546,0.53152454,0.54798394,0.39609554,0.29607877,0.11296769,0.00041963163,244.04297,258.39844,301.46484,301.46484,0.21028991,281.75452,1.9148121,22285.906,35.910614,2748.9646,-0.018071232,0.30773887,0.05667222,37.05026,11.271099,9.083234,-2.1653378,-10.5300665,-16.901327,-17.330627,-16.302612,-15.952161,-18.759079,-19.12924,-14.857703,-9.856067,-6.577951,0 days 00:00:17.673450117,0 days 00:00:17.713450117
0 days 00:00:00.900000,0 days 00:00:00.940000,answer2 ,0.0,0.70785815,0.0,0.0,0.0,-100.0,0.33743572,0.69049096,0.01569067,0.011904762,0.12969601,0.2739676,0.5535616,0.70528954,0.54402226,0.6105328,0.825449,0.84006697,0.68001086,0.88231426,0.9580829,0.86782473,1.0539991,1.1242453,0.8514867,0.77449465,0.7741855,1.0248488,0.6899939,0.6171165,0.6788953,0.6383059,0.5358057,0.5790235,0.4229302,0.3166143,0.08169622,0.00031608457,258.39844,258.39844,301.46484,301.46484,0.1296247,287.93985,1.8545843,33103.94,33.93491,2341.4055,-0.012300874,0.31333145,0.049523067,34.742054,10.859881,6.4861183,0.49323305,-9.41154,-15.875712,-13.064525,-14.034804,-16.681694,-22.479294,-19.581467,-17.348375,-7.877566,-7.308106,0 days 00:00:17.683450117,0 days 00:00:17.723450117
0 days 00:00:00.910000,0 days 00:00:00.950000,answer2 ,0.0,0.7009659,0.0,0.0,0.0,-100.0,0.31596687,0.69221956,0.0148219615,0.011337869,0.12240329,0.2665799,0.60433584,0.74968463,0.5025664,0.64234537,0.8431429,0.8092475,0.67619306,0.90997434,0.8988398,0.887711,1.0431236,1.1175375,0.82355213,0.78127766,0.78921056,0.95998734,0.6790354,0.62401557,0.6943223,0.6391701,0.5459742,0.61559343,0.4422224,0.32966092,0.03911024,0.00041212814,244.04297,258.39844,287.10938,315.8203,0.12825163,285.73282,1.981532,45857.637,27.398268,1421.7262,-0.006512474,0.3083048,0.02057218,33.30537,8.25077,5.427116,4.698864,-5.424944,-13.979789,-9.020433,-17.311209,-16.550905,-18.393568,-17.896694,-21.044092,-6.1970825,-8.489091,0 days 00:00:17.693450117,0 days 00:00:17.733450117
0 days 00:00:00.920000,0 days 00:00:00.960000,answer2 ,219.32918,0.72624993,0.0,0.0,0.0,0.0,0.4005148,0.70739555,0.021575337,0.01058201,0.11683217,0.27321756,0.6003106,0.71644586,0.46246067,0.6356011,0.843332,0.7773989,0.72001356,0.93159914,0.9027254,0.9903898,1.0392233,1.111057,0.8720889,0.81053966,0.8773709,0.9318362,0.70493627,0.63782185,0.7161322,0.66453266,0.5826798,0.6667678,0.46460637,0.34236538,0.13298221,0.00082002446,229.6875,258.39844,272.7539,315.8203,0.24682672,273.3191,2.0753946,40137.074,25.069769,1382.432,-0.028329715,0.29453167,0.05057891,34.968777,8.667751,8.246856,3.660555,-4.2086406,-10.695582,-13.556838,-22.296244,-11.347378,-18.672678,-21.912779,-21.246553,-11.941447,-7.990753,0 days 00:00:17.703450117,0 days 00:00:17.743450117
0 days 00:00:00.930000,0 days 00:00:00.970000,answer2 ,220.13086,0.75218654,0.15154436,0.0,0.3342774,7.0483074,0.5229893,0.77970785,0.03338349,0.010204081,0.11895666,0.3472104,0.61293566,0.68550044,0.55885243,0.6624134,0.87259847,0.7705109,0.80535966,0.9996939,1.1007237,1.1656681,1.0744857,1.14486,1.0172282,0.8627278,1.1155237,1.0958222,0.81562304,0.69565773,0.77342767,0.7410324,0.64833546,0.7176593,0.49668053,0.37291685,0.20028995,0.0016527534,215.33203,244.04297,301.46484,358.88672,0.34844837,268.624,2.158106,33012.86,24.067167,1490.334,-0.05111589,0.2895179,0.114913285,36.86867,8.353467,12.598828,0.47357717,-8.849177,-11.216285,-24.716438,-28.357428,-5.8520246,-11.054673,-21.315353,-16.157732,-18.195665,-11.3306265,0 days 00:00:17.713450117,0 days 00:00:17.753450117
0 days 00:00:00.940000,0 days 00:00:00.980000,answer2 ,220.9836,0.77540356,0.13382776,0.0570708,0.37156954,6.9601283,0.6603534,0.92894477,0.048110455,0.010015116,0.13114013,0.51508045,0.73404366,0.7575323,0.94446117,0.8366273,0.949925,0.8079484,0.90117097,1.1212181,1.4177256,1.3844562,1.1296552,1.1971308,1.2163566,0.9510229,1.5593077,1.5884308,1.0225124,0.78752494,0.86828065,0.8606138,0.74497324,0.7613363,0.53119224,0.43289652,0.47300568,0.0021500872,215.33203,229.6875,301.46484,387.59766,0.53097415,262.47714,2.147406,19507.742,24.926027,1799.6807,-0.12595247,0.28470942,0.2860866,39.52335,12.193062,18.456581,-2.8306572,-16.639193,-10.610112,-33.949436,-35.26321,1.1612669,-6.3277555,-20.862942,-8.399973,-24.418108,-14.099388,0 days 00:00:17.723450117,0 days 00:00:17.763450117
0 days 00:00:00.950000,0 days 00:00:00.990000,answer2 ,224.01367,0.7860125,0.09839458,0.057070803,0.44615385,6.7837696,0.7534492,1.125504,0.06360305,0.010204081,0.1471026,0.7365667,0.92201495,0.8850906,1.5937773,1.1621166,1.03119,0.85809016,0.9800205,1.2784386,1.7012249,1.5361227,1.1772519,1.2759314,1.4223052,1.0905381,2.1134527,2.3460476,1.2856593,0.90574104,0.99483585,1.0055217,0.88415265,0.816366,0.5860433,0.5275039,0.68339103,0.0027163234,215.33203,215.33203,301.46484,430.66406,0.43737176,262.60617,2.1028004,21456.674,28.57842,2339.5178,-0.19664927,0.28455108,0.48964295,38.556915,13.893943,20.00776,-3.3050773,-20.506693,-10.898805,-33.517796,-39.85409,-0.17749386,-1.0364693,-15.579257,-6.5083084,-28.02781,-18.730103,0 days 00:00:17.733450117,0 days 00:00:17.773450117
0 days 00:00:00.960000,0 days 00:00:01,answer2 ,225.77354,0.7949211,0.036770523,0.023955017,0.21471696,10.845164,0.8850476,1.3183464,0.07990696,0.010204081,0.16200197,0.92928976,1.1095184,1.0058101,2.2847507,1.5726188,1.0988915,0.88692474,1.0567111,1.4666961,1.7996367,1.5944513,1.1931075,1.3580543,1.6153227,1.3751086,2.5745914,3.0116508,1.5513601,1.0386556,1.1989558,1.1836997,1.0231626,0.8697911,0.64616495,0.67008096,1.2048974,0.0031584464,215.33203,215.33203,258.39844,445.01953,0.4551737,263.85205,2.072542,18545.408,28.88603,2349.1887,-0.31721905,0.2866358,0.7822152,38.60538,15.953076,22.073524,-6.8591723,-24.590414,-11.058311,-32.839367,-37.7167,-9.4161005,6.9146976,-19.50212,-6.1394143,-29.429678,-19.094193,0 days 00:00:17.743450117,0 days 00:00:17.783450117
0 days 00:00:00.960000,0 days 00:00:01.000997732,answer2 ,227.01378,0.79644793,0.029643074,0.02317866,0.28665864,10.594562,1.0902303,1.5295328,0.09126403,0.010204081,0.16779332,1.0435752,1.2563412,1.0959145,2.8189323,2.03418,1.2222644,0.9689768,1.1642232,1.6463064,1.7378548,1.568987,1.2460488,1.5092269,1.891316,1.9527861,2.862093,3.5674953,1.9165112,1.2502131,1.6561195,1.4612246,1.1457903,0.9369381,0.7260096,0.92073077,1.6864151,0.008270655,215.33203,229.6875,315.8203,459.375,0.3502865,289.71524,2.1964667,41183.355,26.028234,1856.0258,-0.402704,0.31229505,1.0767379,34.88313,13.829694,22.894135,-13.375167,-32.46504,-13.784187,-31.04392,-25.345818,-23.723076,13.243885,-22.956903,-7.020804,-31.958664,-20.771154,0 days 00:00:17.743450117,0 days 00:00:17.784447849
0 days 00:00:00,0 days 00:00:00.040000,answer3 ,247.178,0.8086311,0.0,0.0,0.06666718,15.312412,0.9516619,0.98834115,0.032725483,0.02626606,0.12921618,0.27204838,0.41952792,0.5544473,0.66972893,0.76589614,0.84702843,0.9178292,0.9822495,1.0430994,1.1020993,1.1600702,1.2171308,1.2728368,1.3262117,1.3755809,1.4180565,1.4484811,1.4578775,1.432704,1.3587462,1.2323397,1.069155,0.8959276,0.7342484,0.5943311,0.12305784,0.061591834,258.39844,660.35156,890.03906,990.52734,0.05940796,623.31244,3.5720232,165365.58,4.868099,85.63509,-0.04503241,0.6124702,0.15569218,32.735714,5.424211,-22.041723,-34.668095,13.806371,9.506029,-15.894574,-11.046281,-29.320192,0.4224372,-17.22193,-15.133826,-8.640533,-16.380312,0 days 00:00:24.324324324,0 days 00:00:24.364324324
0 days 00:00:00.010000,0 days 00:00:00.050000,answer3 ,248.61943,0.81035024,0.019413032,0.0042572664,0.07450806,14.177897,0.9760208,0.98834115,0.034785483,0.024754345,0.12921618,0.27204838,0.41952792,0.5544473,0.66972893,0.76589614,0.84702843,0.9178292,0.9822495,1.0430994,1.1020993,1.1600702,1.2171308,1.2728368,1.3262117,1.3755809,1.4180565,1.4484811,1.4578775,1.432704,1.3587462,1.2323397,1.069155,0.8959276,0.7342484,0.5943311,0.18371315,0.05767584,258.39844,516.7969,818.2617,990.52734,0.12883385,575.1464,3.4954426,146052.16,4.8965764,91.27822,-0.05447982,0.5716981,0.18001269,34.431442,6.077307,-21.22732,-36.342678,13.241119,6.403459,-17.007608,-14.156404,-26.188234,-2.3922343,-16.158808,-19.586931,-8.3329735,-14.6104765,0 days 00:00:24.334324324,0 days 00:00:24.374324324
0 days 00:00:00.020000,0 days 00:00:00.060000,answer3 ,251.36665,0.8120887,0.01541948,0.004060513,0.072796226,14.350703,1.0069008,0.98834115,0.03713058,0.023053667,0.12921618,0.27204838,0.41952792,0.5544473,0.66972893,0.76589614,0.84702843,0.9178292,0.9822495,1.0430994,1.1020993,1.1600702,1.2171308,1.2728368,1.3262117,1.3755809,1.4180565,1.4484811,1.4578775,1.432704,1.3587462,1.2323397,1.069155,0.8959276,0.7342484,0.5943311,0.25287148,0.065504156,258.39844,430.66406,760.83984,1004.8828,0.17353739,538.3798,3.4938653,127803.164,4.1873274,79.76648,-0.065451495,0.54038024,0.23269977,37.870396,5.811077,-20.851202,-35.528973,13.421013,5.3855386,-19.373995,-15.358218,-22.989319,-4.0445285,-13.529023,-18.302351,-10.582609,-10.629303,0 days 00:00:24.344324324,0 days 00:00:24.384324324
0 days 00:00:00.030000,0 days 00:00:00.070000,answer3 ,254.68297,0.8105276,0.0076118796,0.0037936226,0.06058703,14.488454,0.9863603,0.98834115,0.037502706,0.021164022,0.12921618,0.27204838,0.41952792,0.5544473,0.66972893,0.76589614,0.84702843,0.9178292,0.9822495,1.0430994,1.1020993,1.1600702,1.2171308,1.2728368,1.3262117,1.3755809,1.4180565,1.4484811,1.4578775,1.432704,1.3587462,1.2323397,1.069155,0.8959276,0.7342484,0.5943311,0.27247325,0.064917155,258.39844,358.88672,760.83984,1004.8828,0.18142252,522.7338,3.4436018,115969.35,3.410546,68.43976,-0.067393936,0.5266172,0.23258193,40.08865,4.6231503,-22.047983,-36.143963,10.549125,7.8215256,-22.823023,-21.457628,-20.864386,-6.2222886,-16.171967,-22.137056,-10.181638,-10.700999,0 days 00:00:24.354324324,0 days 00:00:24.394324324
0 days 00:00:00.040000,0 days 00:00:00.080000,answer3 ,257.83627,0.81221455,0.005226944,0.0045638722,0.062689684,14.677921,0.92290545,0.9656041,0.035296943,0.020408163,0.12810062,0.26802298,0.42252314,0.56139016,0.6582856,0.77011013,0.8204588,0.91400486,0.9515545,1.0299249,1.1130804,1.1491934,1.2038356,1.2181921,1.3146319,1.3697468,1.3993555,1.4458729,1.4138651,1.3498259,1.2577833,1.1621765,1.0434232,0.85694814,0.7078581,0.5755407,0.25827396,0.057339642,258.39844,358.88672,703.41797,947.46094,0.16172838,507.2241,3.3837223,110144.93,3.2205575,67.325195,-0.058825415,0.51231843,0.20639427,41.49442,3.79728,-21.956781,-31.447296,8.547372,9.012025,-24.33071,-24.181982,-16.735441,-5.0362263,-16.524702,-18.936977,-12.763832,-5.665703,0 days 00:00:24.364324324,0 days 00:00:24.404324324
0 days 00:00:00.050000,0 days 00:00:00.090000,answer3 ,260.73575,0.8079095,0.007486988,0.0072479732,0.067862846,14.358898,0.8590309,0.93047446,0.03390974,0.020597128,0.1266565,0.25726297,0.42457142,0.5734629,0.6335459,0.77296406,0.75583076,0.88794595,0.887011,0.9943113,1.0929065,1.1584452,1.1939602,1.1624826,1.3177427,1.3693632,1.3545197,1.426145,1.3368697,1.2247747,1.1203737,1.081394,1.0162736,0.79946256,0.66689306,0.55716425,0.263202,0.03611653,258.39844,287.10938,617.28516,861.3281,0.15954767,463.58133,3.1427686,99851.4,5.6041884,166.15254,-0.051586706,0.47383705,0.1569453,40.164646,4.0171714,-20.337387,-29.334585,6.719912,3.2545137,-24.294561,-26.156837,-17.873224,-5.2327538,-18.788485,-20.215048,-11.14873,-4.2674317,0 days 00:00:24.374324324,0 days 00:00:24.414324324
0 days 00:00:00.060000,0 days 00:00:00.100000,answer3 ,263.3346,0.79996234,0.010510634,0.007237377,0.08642772,14.227782,0.838443,0.8971574,0.036601257,0.021730915,0.12629476,0.24753028,0.43436646,0.6005241,0.5918059,0.7715711,0.66077477,0.8382413,0.7766292,0.9261596,1.0313369,1.1925691,1.1733832,1.1415435,1.3346872,1.4040767,1.3128351,1.3902425,1.2362287,1.0943738,0.98092014,1.0369639,1.0352737,0.77586824,0.6455017,0.56638813,0.35865417,0.024512134,258.39844,272.7539,459.375,703.41797,0.16905516,400.5654,2.7495406,114989.81,11.016407,307.07974,-0.062021405,0.41592443,0.22849023,38.301662,7.7964787,-17.29268,-21.391273,5.6892257,-0.66471547,-21.741514,-25.476639,-18.206886,-4.3673925,-18.918762,-17.457373,-14.037853,-0.7883539,0 days 00:00:24.384324324,0 days 00:00:24.424324324
0 days 00:00:00.070000,0 days 00:00:00.110000,answer3 ,268.1794,0.7847418,0.01033219,0.0064302124,0.091946125,14.660203,0.93116665,0.9421174,0.042886596,0.02399849,0.1259274,0.25009987,0.46007013,0.6529732,0.5487738,0.76552254,0.57676786,0.7653169,0.6780655,0.8641119,0.91992456,1.250193,1.2094607,1.3715549,1.5471903,1.574413,1.3735427,1.4077963,1.2147137,1.0896233,1.0197606,1.2132674,1.2268242,0.9383466,0.7403905,0.7104206,0.55068046,0.022952847,258.39844,258.39844,373.2422,602.9297,0.20604293,392.36694,2.438628,423672.03,12.600128,306.43668,-0.08883625,0.3998669,0.27888444,30.841019,9.997539,-16.776213,-13.185851,-1.9786777,-9.844291,-17.294485,-29.013922,-28.423891,-10.586339,-21.080854,-18.215414,-17.148483,-7.2582545,0 days 00:00:24.394324324,0 days 00:00:24.434324324
0 days 00:00:00.080000,0 days 00:00:00.120000,answer3 ,272.43057,0.74783874,0.008019262,0.005463147,0.078485884,14.520701,1.0600542,1.1151773,0.04919519,0.026455028,0.11691027,0.2641095,0.50626755,0.7373324,0.49961385,0.74642444,0.5244959,0.69764185,0.6033733,0.82421535,0.7963951,1.2702154,1.3506528,1.9522413,2.114527,2.0060823,1.6860598,1.5779969,1.2713276,1.2583717,1.2693253,1.6258011,1.7428824,1.4502591,1.0393966,1.0626893,0.7185549,0.024271583,258.39844,258.39844,301.46484,459.375,0.2379166,420.70486,2.2228549,797711.3,11.7112465,212.8712,-0.11183884,0.41009346,0.31859115,21.717155,11.291496,-13.387741,-5.5638986,-12.517787,-16.112732,-9.575408,-35.145374,-35.68855,-19.42805,-23.25766,-20.326551,-19.566923,-12.636585,0 days 00:00:24.404324324,0 days 00:00:24.444324324
0 days 00:00:00.090000,0 days 00:00:00.130000,answer3 ,313.1685,0.749146,0.0069349906,0.0074322745,0.06456584,4.896365,1.2070742,1.426178,0.059707537,0.030234316,0.10272574,0.27709174,0.5562394,0.8387447,0.48023963,0.72217816,0.50664234,0.6602042,0.58470947,0.8073937,0.6870521,1.2584044,1.6121777,2.8626606,3.121032,2.7167141,2.2428875,1.962855,1.430233,1.6333615,1.7661537,2.170221,2.6381438,2.3067513,1.5649675,1.570845,0.8763533,0.02396254,258.39844,272.7539,315.8203,459.375,0.2908297,444.17148,2.3880866,899550.0,8.749028,95.280846,-0.13341297,0.42754495,0.27776572,16.057405,10.328486,-9.745279,-7.5938287,-19.133314,-24.04363,-5.9055824,-33.766647,-44.52563,-25.742193,-18.9078,-19.157618,-13.000305,-14.75566,0 days 00:00:24.414324324,0 days 00:00:24.454324324
0 days 00:00:00.100000,0 days 00:00:00.140000,answer3 ,351.03513,0.7720509,0.26141983,0.25345066,0.14681058,-0.7131247,1.6157242,1.8516287,0.08082714,0.03344671,0.089844346,0.2718452,0.58249116,0.96001315,0.555985,0.6929369,0.56799054,0.73744226,0.63108706,0.82965374,0.637223,1.2825681,2.0500038,4.107659,4.451842,3.626599,2.95743,2.457449,1.697423,2.3840454,2.7244856,2.7353733,3.7531598,3.1806448,2.147829,2.0293207,1.5581545,0.05652942,301.46484,330.17578,473.73047,559.8633,0.7507086,504.49512,2.7585,678372.2,8.05115,90.13892,-0.30021343,0.48746872,0.6745289,16.315977,6.596214,-10.57739,-16.467272,-17.065426,-30.202284,-5.249663,-23.603605,-48.366074,-23.646767,-17.569956,-16.388771,0.28009447,-7.8208833,0 days 00:00:24.424324324,0 days 00:00:24.464324324
0 days 00:00:00.110000,0 days 00:00:00.150000,answer3 ,387.5847,0.8284171,0.29259196,0.3006129,0.22409002,-4.127194,2.1475184,2.2742484,0.110408805,0.03590325,0.09028449,0.2506792,0.56533957,1.1008072,0.8142033,0.6741214,0.78572494,1.0524601,0.76765126,0.94406414,0.73405576,1.4301497,2.59497,5.275423,5.321533,4.3702216,3.5977633,2.9058752,2.072172,3.5380766,3.9821453,3.3063195,4.625611,3.605708,2.5116332,2.2134643,2.1584375,0.1938057,344.53125,502.4414,631.6406,717.77344,1.0632621,581.46564,3.0029705,358864.72,8.386189,107.2564,-0.62235624,0.57164246,1.9201102,18.262484,1.8265243,-18.122662,-29.271217,-11.215766,-31.232147,-8.348838,-18.355064,-47.26637,-18.642057,-18.130222,-11.472959,8.954811,0.23524618,0 days 00:00:24.434324324,0 days 00:00:24.474324324
0 days 00:00:00.120000,0 days 00:00:00.160000,answer3 ,385.9214,0.8535041,0.29398474,0.30040526,0.2363887,5.038349,2.6274219,2.6624966,0.13468038,0.036659107,0.09918601,0.21543479,0.49821126,1.2584248,1.2628355,0.650814,1.2522603,1.687315,0.9926188,1.2443677,1.058437,1.7009987,3.2225683,6.2853737,5.4780746,4.6827197,4.2076077,3.2535808,2.6143172,4.809376,5.179588,4.101595,5.1146884,3.5663767,2.5954835,2.1926596,2.5642145,0.36910173,387.59766,660.35156,775.1953,818.2617,1.127842,688.2715,3.0214489,294686.34,7.656229,97.44428,-0.88975066,0.67249113,3.1071682,16.461975,-4.0680413,-25.050575,-37.674133,-7.828708,-29.128534,-7.8416786,-18.069,-42.046474,-16.625156,-19.625547,-1.7124319,8.994506,8.844493,0 days 00:00:24.444324324,0 days 00:00:24.484324324
0 days 00:00:00.130000,0 days 00:00:00.170000,answer3 ,384.48572,0.861352,0.039077528,0.054648716,0.13370582,11.342862,2.8095655,2.9860601,0.14253025,0.03628118,0.10929891,0.17339623,0.4024085,1.3785968,1.6848623,0.5947847,1.8826637,2.4778337,1.2046851,1.7645416,1.5962492,2.0361748,3.8223553,6.911555,5.030288,4.6495495,4.850884,3.6341178,3.3681514,5.898964,5.755141,5.180721,5.275027,3.3702028,2.482627,2.102485,2.3352203,0.6674163,387.59766,775.1953,775.1953,933.10547,0.7255168,738.9304,2.9259768,274702.78,7.548836,96.143166,-0.9909496,0.7172937,3.9963353,13.833917,-9.191932,-27.25421,-41.99797,-3.2935083,-23.55491,-12.099843,-21.494066,-34.486244,-17.419464,-15.975906,3.9453576,9.731599,18.61976,0 days 00:00:24.454324324,0 days 00:00:24.494324324
0 days 00:00:00.140000,0 days 00:00:00.180000,answer3 ,385.50143,0.8615399,0.007490957,0.0060915723,0.05766718,14.806476,2.67548,3.133404,0.13480583,0.03590325,0.11280901,0.13385068,0.3040724,1.408981,1.8882774,0.50382775,2.3012085,2.9473555,1.305554,2.3334014,2.1149194,2.2987044,4.0395045,6.768911,4.4773173,4.389517,5.3115377,4.038339,4.207088,6.219888,5.578037,6.0295625,5.1873536,3.2524393,2.31132,2.00473,2.1717753,0.81893086,387.59766,760.83984,789.5508,1047.9492,0.6114915,744.1486,2.9925072,332499.5,7.1470532,83.10032,-0.8301423,0.7166514,3.356013,11.967922,-11.210595,-27.30123,-42.49678,-0.50473887,-20.030842,-16.5764,-26.363136,-30.914206,-14.496306,-10.943402,7.148701,12.079173,25.807379,0 days 00:00:24.464324324,0 days 00:00:24.504324324
0 days 00:00:00.150000,0 days 00:00:00.190000,answer3 ,389.8134,0.8603943,0.0054829526,0.0053943447,0.059979815,14.57207,2.5303063,3.06159,0.12203885,0.036848072,0.110420406,0.10399437,0.23021306,1.3614513,1.8507179,0.40688685,2.308338,2.8845842,1.2444032,2.7162418,2.4240463,2.4601574,3.893687,5.9695697,4.0145745,4.097234,5.370815,4.3402863,4.79656,5.9383416,5.043287,6.2139087,4.804119,3.1269531,2.041385,1.8491641,2.197916,0.849096,387.59766,645.9961,789.5508,1162.793,0.596783,726.9383,3.0523674,390303.53,6.6095333,68.84191,-0.6778467,0.695604,2.8640652,11.431293,-13.081558,-25.885248,-43.53357,2.3739874,-21.172657,-23.30836,-30.965631,-29.112688,-9.009843,-9.698444,7.3075204,14.781251,28.56352,0 days 00:00:24.474324324,0 days 00:00:24.514324324
0 days 00:00:00.160000,0 days 00:00:00.200000,answer3 ,397.29947,0.85765356,0.0062259603,0.0049878615,0.05495369,14.412125,2.408055,2.7919433,0.118570514,0.038548753,0.104771994,0.091531545,0.17997038,1.2747717,1.7461653,0.35277462,1.988669,2.477976,1.1478177,2.7017345,2.4440968,2.564821,3.5070088,4.651508,3.5000582,3.7241218,5.1104245,4.3700967,4.784123,5.3131986,4.4055014,5.7147164,4.1680775,2.9043922,1.7223635,1.639833,2.3416812,0.61389184,387.59766,631.6406,789.5508,1047.9492,0.7873613,699.4814,2.989791,381108.75,6.9264693,75.96351,-0.6164821,0.67406076,2.5743332,11.684396,-12.603259,-26.671387,-45.061096,0.14901097,-20.44295,-23.247446,-31.808105,-21.485369,-5.0436826,-13.921886,12.75471,21.628,27.904055,0 days 00:00:24.484324324,0 days 00:00:24.524324324
0 days 00:00:00.170000,0 days 00:00:00.210000,answer3 ,407.0426,0.8589258,0.006004552,0.0054479246,0.059621412,13.77159,2.4541197,2.5093937,0.12050208,0.039493572,0.100256495,0.09271721,0.15108854,1.1957325,1.6971611,0.37016305,1.6659031,2.1426198,1.1349839,2.3950427,2.3470278,2.6087873,3.3746595,3.5856628,3.0051272,3.4052093,4.9038224,4.1852546,4.2596145,4.6817555,3.8213851,5.005381,3.572176,2.6330256,1.4309769,1.4787003,2.5222633,0.4942696,401.95312,645.9961,789.5508,947.46094,0.75589323,686.31104,2.952731,307643.25,7.223133,90.07101,-0.6773986,0.66796637,2.899542,13.416008,-13.993684,-28.46412,-44.874622,-2.464542,-20.550003,-23.839037,-29.199478,-13.791324,-4.2102036,-17.923056,18.290169,26.764044,25.599625,0 days 00:00:24.494324324,0 days 00:00:24.534324324
0 days 00:00:00.180000,0 days 00:00:00.220000,answer3 ,416.02402,0.8605817,0.007357132,0.0050602886,0.06638375,13.910942,2.5064292,2.3026779,0.12508787,0.03968254,0.09985149,0.09867251,0.13745445,1.1063465,1.680892,0.47401682,1.4361416,2.0270092,1.2960061,1.9707804,2.255984,2.6041796,3.6367195,2.9005127,2.590623,3.2334394,4.8691115,3.8867722,3.5721223,4.113374,3.2727182,4.4480896,3.1275644,2.4053764,1.2430928,1.382773,2.4640186,0.41638422,416.3086,775.1953,818.2617,861.3281,0.8952833,703.8301,2.9451458,250514.75,7.5261993,100.75965,-0.7192033,0.68772966,2.7851648,14.336825,-14.859775,-31.843622,-43.888866,-6.0212455,-21.197475,-19.1165,-27.12472,-10.790005,-2.0628052,-19.06183,24.286642,33.191757,22.050499,0 days 00:00:24.504324324,0 days 00:00:24.544324324
0 days 00:00:00.190000,0 days 00:00:00.230000,answer3 ,422.9174,0.8656544,0.008247445,0.006723991,0.09112554,12.271422,2.463106,2.1325855,0.1285686,0.038737718,0.10285896,0.10608235,0.12953322,1.0074394,1.6732664,0.6593837,1.2456203,2.025531,1.6149807,1.618918,2.239682,2.495292,4.060448,2.5696657,2.2608979,3.097843,4.5658774,3.4497116,2.9772928,3.383833,2.7905455,3.9158833,2.772456,2.2004917,1.1461743,1.3375164,2.5837395,0.46763086,430.66406,789.5508,846.97266,890.03906,0.746185,707.3948,2.9629743,211139.92,8.09192,132.94911,-0.7429364,0.69366616,2.8622282,16.531685,-15.276942,-37.682213,-41.158215,-6.6376214,-22.94105,-19.30181,-24.046522,-10.823105,1.6267792,-12.302432,30.683197,31.772545,19.374212,0 days 00:00:24.514324324,0 days 00:00:24.554324324
0 days 00:00:00.200000,0 days 00:00:00.240000,answer3 ,427.14404,0.8671964,0.009283344,0.005467899,0.09361243,11.9735565,2.4062498,1.9702159,0.13423127,0.036470145,0.108060695,0.1120649,0.12798221,0.9085469,1.6585298,0.90387124,1.0611227,2.0383897,2.0013206,1.3590102,2.2523606,2.3406641,4.244826,2.513593,2.0483258,2.9093869,3.8742268,2.9386084,2.564453,2.6509,2.4001477,3.3775127,2.440604,2.0202475,1.0859867,1.2848724,2.7289915,0.36765134,430.66406,803.90625,861.3281,890.03906,0.7473727,711.7745,2.8528864,173518.73,8.744634,184.44635,-0.84724474,0.7014763,3.3558195,18.674423,-13.99191,-40.496037,-39.26977,-9.015046,-24.393143,-16.12513,-20.210098,-9.131967,-1.77504,-6.25596,34.869816,31.0374,20.849787,0 days 00:00:24.524324324,0 days 00:00:24.564324324
0 days 00:00:00.210000,0 days 00:00:00.250000,answer3 ,430.77087,0.8651862,0.0078011057,0.0061061936,0.08737981,12.505513,2.249726,1.7739872,0.13356222,0.03287982,0.11552545,0.1212397,0.12485544,0.82245296,1.6186231,1.1339849,0.8818088,2.0150883,2.3368251,1.1497916,2.1403778,2.1295536,3.9516096,2.5244892,1.8867606,2.5387404,2.9578352,2.4081943,2.2207558,2.0017827,2.0254533,2.833677,2.1821048,1.7927957,1.0311551,1.1781822,2.6071303,0.25861844,430.66406,803.90625,861.3281,875.6836,0.71465635,708.3107,2.7006772,117696.1,9.378,217.59276,-0.8518305,0.7040692,3.654351,21.113138,-11.816926,-40.831757,-37.70131,-7.3294435,-25.285124,-10.663936,-16.809563,-8.115275,-5.513897,-0.9181319,41.248642,30.009504,23.270025,0 days 00:00:24.534324324,0 days 00:00:24.574324324
0 days 00:00:00.220000,0 days 00:00:00.260000,answer3 ,433.30957,0.85873634,0.0050342805,0.0046226825,0.0749305,13.546616,1.9979477,1.5675217,0.113191724,0.02834467,0.1262503,0.13876963,0.1281402,0.737571,1.5225922,1.271531,0.7291839,1.8761925,2.4347103,0.9676931,1.9048251,1.9037472,3.3795662,2.5462468,1.7533841,2.1116128,2.2253323,2.0008733,1.932725,1.5324459,1.6559407,2.3541615,2.0677195,1.4994191,0.9469766,1.0079597,1.9191564,0.1455087,430.66406,703.41797,861.3281,875.6836,0.94303924,703.46564,2.7151937,132221.62,8.439052,180.67522,-0.6459073,0.6978404,2.7686856,22.636347,-10.77742,-35.57106,-32.98634,-5.6385913,-27.372862,-5.070128,-18.525274,-5.7188854,-7.0458636,-2.5233948,42.51707,22.852278,21.013794,0 days 00:00:24.544324324,0 days 00:00:24.584324324
0 days 00:00:00.230000,0 days 00:00:00.270000,answer3 ,436.10327,0.8546311,0.005421497,0.0066402345,0.09238573,11.817493,1.6222053,1.3636994,0.0870058,0.024187453,0.13727492,0.15543742,0.13460614,0.64961845,1.3720106,1.2810086,0.5919296,1.6066709,2.2322247,0.77332884,1.5459204,1.655108,2.7981787,2.4836342,1.6633216,1.7362894,1.7894645,1.7020572,1.6482893,1.2340693,1.3708467,2.0056279,2.053968,1.1771654,0.8442371,0.8138979,1.2638301,0.07425057,430.66406,574.21875,732.1289,875.6836,0.84499913,641.49493,2.5596263,135818.06,8.677608,154.3252,-0.33906326,0.64381665,1.5340358,22.311203,-9.0666275,-30.182877,-29.586065,-6.252018,-34.673534,-2.911026,-16.350163,-5.6196723,-3.1796134,-1.6177431,48.237324,21.76184,21.408743,0 days 00:00:24.554324324,0 days 00:00:24.594324324
0 days 00:00:00.240000,0 days 00:00:00.280000,answer3 ,438.85092,0.8558404,0.0065811346,0.006875869,0.081454076,11.388699,1.4010738,1.1769359,0.07066,0.021352986,0.1402987,0.16580923,0.1384766,0.5733946,1.2156514,1.2149478,0.4824758,1.2262102,1.7971324,0.62946606,1.2581168,1.4449396,2.372256,2.3176472,1.6081847,1.4924186,1.5397367,1.497939,1.3839025,1.0339867,1.1534636,1.6820368,1.9713694,0.8884732,0.7247489,0.64725024,1.1900325,0.068707846,430.66406,445.01953,602.9297,746.4844,0.6699341,566.3618,2.3760579,121077.76,9.359375,197.25468,-0.20229484,0.57931465,0.9054385,23.431726,-11.126862,-26.920172,-25.94519,-9.824825,-37.920498,-10.582961,-19.278587,-1.2255198,2.5281534,2.6823242,44.56522,18.257551,19.853455,0 days 00:00:24.564324324,0 days 00:00:24.604324324
0 days 00:00:00.250000,0 days 00:00:00.290000,answer3 ,443.2726,0.8622012,0.008883572,0.0067593227,0.08565638,10.465724,1.3873615,1.0314978,0.075362,0.01984127,0.13487859,0.16644351,0.14371894,0.5331883,1.1209397,1.1720314,0.3980328,0.90917635,1.3887529,0.5191837,1.0444051,1.2865845,2.0504682,2.0860174,1.6439127,1.3740705,1.3736806,1.4140964,1.206019,0.8945187,1.0005102,1.390224,1.7141026,0.71291393,0.6145244,0.52654886,1.678618,0.037577342,430.66406,445.01953,574.21875,732.1289,0.48604694,526.53705,2.1791124,74117.77,9.784961,269.46774,-0.27493382,0.55035645,1.2023102,25.517878,-11.873944,-24.105743,-27.677794,-17.100426,-37.162098,-12.678554,-19.503199,-3.905914,-1.4883915,8.054869,43.82381,21.40507,21.949728,0 days 00:00:24.574324324,0 days 00:00:24.614324324
0 days 00:00:00.260000,0 days 00:00:00.300000,answer3 ,447.25137,0.8672519,0.008066588,0.0052749366,0.062435035,13.8113785,1.4960831,0.9535672,0.087484084,0.020030236,0.12239163,0.16011389,0.14774536,0.53099495,1.1119697,1.2178549,0.34428883,0.7458706,1.1815097,0.47077313,0.93381834,1.2286838,1.8204575,1.8672729,1.8081608,1.3993664,1.2824212,1.459376,1.1459732,0.8292535,0.8840296,1.133309,1.355669,0.64166003,0.52975863,0.4400243,2.1768506,0.043780476,430.66406,459.375,574.21875,746.4844,0.4809765,529.13556,2.1396677,58885.7,8.985101,282.25552,-0.35320497,0.5539629,1.4719588,26.157686,-17.015213,-21.572458,-30.251457,-22.66979,-35.873867,-14.345914,-25.389227,-4.5940275,-1.4147631,13.855003,39.471996,24.076208,20.677362,0 days 00:00:24.584324324,0 days 00:00:24.624324324
0 days 00:00:00.270000,0 days 00:00:00.310000,answer3 ,450.09155,0.8685815,0.008837427,0.0054644477,0.07286454,16.208473,1.6263255,0.9565107,0.099862196,0.0202192,0.11259527,0.15914364,0.158372,0.5487054,1.1637053,1.3591067,0.32091007,0.7406978,1.2040602,0.44918022,0.88374275,1.257171,1.6505665,1.7593619,2.097068,1.6032733,1.3079499,1.6483011,1.2350231,0.81681484,0.84421325,0.97085285,1.0583711,0.65518016,0.48206234,0.38284793,2.9268332,0.037662253,430.66406,473.73047,574.21875,875.6836,0.4840618,535.89374,2.1663885,54982.137,9.673362,376.51318,-0.47128543,0.5609827,1.8548378,25.843882,-17.6595,-17.52171,-33.46697,-27.315855,-35.132874,-9.824115,-23.956465,-5.1868997,-3.0607827,14.37753,40.549465,29.173615,22.756304,0 days 00:00:24.594324324,0 days 00:00:24.634324324
0 days 00:00:00.280000,0 days 00:00:00.320000,answer3 ,450.75406,0.86919,0.008323564,0.005965373,0.05729112,18.668627,1.6823438,1.0078511,0.109479964,0.020408163,0.10985006,0.16430569,0.17191796,0.57021314,1.2326874,1.5375614,0.31217828,0.79179,1.3229754,0.43489265,0.86985517,1.335147,1.4991909,1.7474018,2.34925,1.873971,1.4251423,1.9051269,1.4166802,0.83377653,0.9030928,0.9370055,0.93104094,0.7205805,0.4630747,0.3454208,3.6580057,0.048620146,430.66406,473.73047,473.73047,760.83984,0.34420943,517.279,2.0166895,49847.28,10.64943,388.12695,-0.55510503,0.54535455,2.0980327,25.437658,-17.501474,-15.463378,-35.07823,-25.12454,-36.950058,-10.858788,-29.416601,2.1144123,0.4331167,15.865868,39.698032,28.027483,21.845688,0 days 00:00:24.604324324,0 days 00:00:24.644324324
0 days 00:00:00.290000,0 days 00:00:00.330000,answer3 ,449.2487,0.8694317,0.00950204,0.0060599563,0.055887606,20.069948,1.7249126,1.0635208,0.118462704,0.020408163,0.11652998,0.1751406,0.18400455,0.5896507,1.2886581,1.6886028,0.3181093,0.8154585,1.4008523,0.43451992,0.9078991,1.4536091,1.3995448,1.7890544,2.3665645,2.012759,1.5732851,2.1524796,1.6089822,0.8521579,0.99412435,0.95439816,0.95729876,0.8138551,0.46958163,0.33441627,4.454647,0.053383306,430.66406,473.73047,473.73047,631.6406,0.26261714,505.80502,1.9333587,45602.504,13.941658,625.49274,-0.6603983,0.53615427,2.4779263,25.949217,-14.550487,-16.655085,-33.378757,-22.843252,-35.39981,-14.810475,-28.777964,11.341132,-2.8128688,17.875511,44.621227,27.297462,21.822687,0 days 00:00:24.614324324,0 days 00:00:24.654324324
0 days 00:00:00.300000,0 days 00:00:00.340000,answer3 ,446.66492,0.87148476,0.007793494,0.0040879254,0.036617894,20.64503,1.7449251,1.0869263,0.12882,0.020408163,0.13291387,0.1875378,0.19951117,0.6189144,1.3308095,1.7700895,0.32890785,0.819434,1.4215811,0.43794298,0.93257576,1.4988228,1.3382431,1.8233622,2.2138176,1.970913,1.6336341,2.2442687,1.688087,0.8603999,1.0270592,0.9371002,1.0623852,0.9369343,0.49622342,0.34861627,5.302213,0.04996939,430.66406,459.375,473.73047,617.28516,0.28678763,498.48184,1.8782411,40558.0,13.668625,575.0256,-0.7796319,0.53022623,3.0469635,26.868612,-12.234436,-18.433836,-28.806852,-27.235556,-35.426556,-12.126378,-30.202608,10.250884,-7.557625,25.543524,43.187244,31.301788,22.527542,0 days 00:00:24.624324324,0 days 00:00:24.664324324
0 days 00:00:00.310000,0 days 00:00:00.350000,answer3 ,443.2627,0.8713255,0.0073219743,0.0034341991,0.033666633,21.676394,1.7947664,1.0834154,0.1369081,0.020597128,0.14220096,0.193489,0.21943271,0.65460217,1.3528589,1.7749295,0.330947,0.8326378,1.4248713,0.45031857,0.908624,1.4086598,1.3237125,1.8171926,2.1422443,1.8970996,1.6177592,2.0849667,1.6773697,0.9086564,0.97381043,0.85447246,1.1548954,1.0793322,0.5525885,0.3911256,5.838925,0.04157142,430.66406,445.01953,473.73047,746.4844,0.333616,508.5786,1.9412084,45218.562,13.549431,594.57135,-0.8904896,0.5385277,3.627674,25.399145,-10.6394205,-19.61412,-27.605154,-37.996517,-34.618595,-9.351624,-27.180487,-5.7302914,-13.522057,33.02787,37.60449,38.444397,24.83169,0 days 00:00:24.634324324,0 days 00:00:24.674324324
0 days 00:00:00.320000,0 days 00:00:00.360000,answer3 ,438.64413,0.86914426,0.005280726,0.0029727856,0.029317304,22.945028,1.8642884,1.0878079,0.1393253,0.021352986,0.14130919,0.19896011,0.23735839,0.6922887,1.3493255,1.7086941,0.3272514,0.9123904,1.4896635,0.44474003,0.80310583,1.175272,1.292874,1.7441425,2.366161,1.9995693,1.6151305,1.7795053,1.7179712,1.0671525,0.9006632,0.74921006,1.1983658,1.2427915,0.65678173,0.4723271,5.777757,0.034828335,430.66406,430.66406,473.73047,875.6836,0.40101814,528.1495,2.0664718,57324.848,10.335701,331.3331,-0.92614,0.5541274,3.9077327,22.843077,-8.062319,-16.778034,-30.730448,-46.609356,-27.9095,-3.9793205,-25.386915,-18.462639,-16.514914,38.845554,28.890617,44.270153,28.113884,0 days 00:00:24.644324324,0 days 00:00:24.684324324
0 days 00:00:00.330000,0 days 00:00:00.370000,answer3 ,432.7618,0.86736757,0.0045748153,0.0025741719,0.03072952,22.464579,1.9068221,1.1292886,0.1291318,0.02324263,0.13174836,0.20867614,0.24594289,0.7154371,1.2996622,1.5645704,0.3272482,1.0250734,1.5624315,0.43534124,0.66194487,0.9069147,1.1858466,1.6176676,2.8083808,2.387615,1.8076035,1.5665445,1.9992628,1.3687593,0.88438845,0.69820243,1.1690073,1.3697143,0.8174756,0.59604263,4.7095695,0.053685337,430.66406,430.66406,473.73047,890.03906,0.48626867,555.73553,2.2306519,98178.13,8.516562,212.7171,-0.7956798,0.5725801,3.455659,19.08146,-6.718788,-10.1542,-35.142242,-53.857418,-12.846107,-4.2355113,-22.182203,-25.265905,-15.473904,38.37375,29.162073,44.987637,28.768744,0 days 00:00:24.654324324,0 days 00:00:24.694324324
0 days 00:00:00.340000,0 days 00:00:00.380000,answer3 ,426.29922,0.86458856,0.0043779067,0.0027425152,0.04953064,20.812256,1.8560721,1.209693,0.11024339,0.026643991,0.12578893,0.22302775,0.24148393,0.71212196,1.1939667,1.3406357,0.34772098,1.1125032,1.5506929,0.42766574,0.5449132,0.6992235,1.0152189,1.5135322,3.146054,2.868826,2.2498958,1.7190981,2.6087983,1.8127197,0.9207271,0.7161121,1.1348307,1.4557327,1.0280493,0.74267775,3.2304246,0.06722325,430.66406,430.66406,588.5742,875.6836,0.5746829,581.8349,2.338434,174570.67,7.096372,102.47235,-0.5642449,0.58547825,2.521495,15.283429,-5.7804084,-3.1932888,-37.457096,-57.299763,-1.4011303,-3.7945206,-21.645529,-20.171465,-20.426867,39.566517,28.672218,42.389984,29.87353,0 days 00:00:24.664324324,0 days 00:00:24.704324324
0 days 00:00:00.350000,0 days 00:00:00.390000,answer3 ,419.96155,0.85811776,0.0034780214,0.0026052564,0.056655582,18.30429,1.8399916,1.3043771,0.0957186,0.029667422,0.1308461,0.23583682,0.23948449,0.68702555,1.0551347,1.0828705,0.4052284,1.1411082,1.4293143,0.43934938,0.4773204,0.57539576,0.84435695,1.5497202,3.2808282,3.251502,2.8481739,2.2595625,3.2200432,2.309453,0.97531325,0.7975505,1.0839131,1.4886618,1.227882,0.8779268,2.229173,0.08669829,430.66406,430.66406,703.41797,861.3281,0.5620342,608.019,2.4573514,228836.17,6.5157127,79.208725,-0.40831742,0.60109925,1.8390564,13.906013,-6.4081435,0.9423849,-36.883556,-59.724518,3.1870353,-1.4518814,-17.291767,-25.342436,-21.516665,35.36768,28.936022,36.897778,27.043129,0 days 00:00:24.674324324,0 days 00:00:24.714324324
0 days 00:00:00.360000,0 days 00:00:00.400000,answer3 ,408.99377,0.8416958,0.003986264,0.003863724,0.052986924,17.309248,1.8843313,1.3816546,0.08899787,0.03325775,0.13679074,0.2424453,0.2545812,0.6570131,0.92136455,0.85274285,0.5227616,1.1357859,1.2567235,0.46998093,0.46337166,0.52933246,0.7484596,1.8348049,3.320762,3.2373247,3.2144918,2.837284,3.5775118,2.8113396,1.0412394,0.91335416,1.0475549,1.4724213,1.4098002,1.0137757,1.845912,0.104699545,430.66406,430.66406,818.2617,861.3281,0.47208917,639.88525,2.5977201,302361.6,6.499111,71.36151,-0.36948666,0.6238192,1.5601193,13.135825,-5.7366576,-2.7763395,-35.68426,-56.793407,-1.6171097,-3.4767954,-6.0044155,-32.46494,-28.58967,32.96403,22.823608,27.093094,26.70756,0 days 00:00:24.684324324,0 days 00:00:24.724324324
0 days 00:00:00.370000,0 days 00:00:00.410000,answer3 ,393.39795,0.82985955,0.0048947926,0.004380509,0.06392634,16.056948,1.8608669,1.4196606,0.08744272,0.035714287,0.14169538,0.24237275,0.28053492,0.6424338,0.8183996,0.6649887,0.7386939,1.1224296,1.0798644,0.5283243,0.49236313,0.55997616,0.7477134,2.296557,3.270216,2.8196404,3.2063549,3.1063688,3.4871824,3.2226622,1.1603664,1.0481983,1.0478888,1.444589,1.5583097,1.1830496,1.6775059,0.098321564,416.3086,416.3086,803.90625,832.6172,0.5889175,645.6442,2.6662529,409760.4,6.8797364,74.06736,-0.3428984,0.6269843,1.4509617,11.8407545,-4.679482,-7.6021028,-31.52283,-50.027935,-4.0354366,-7.2302513,3.417286,-33.28849,-26.165619,22.34719,24.458887,25.366348,27.146063,0 days 00:00:24.694324324,0 days 00:00:24.734324324
0 days 00:00:00.380000,0 days 00:00:00.420000,answer3 ,373.81583,0.81220454,0.013924204,0.014040512,0.09867457,14.349559,2.0009499,1.4482504,0.08626274,0.037981857,0.1440443,0.24657874,0.3126833,0.6431359,0.7380578,0.5298539,1.1069455,1.1323642,0.9281203,0.6718047,0.55539846,0.68579125,0.89775926,2.8570821,3.1965122,2.3226874,2.9084918,2.9937057,3.152962,3.4911315,1.3386669,1.1655369,1.0906936,1.3984808,1.6924534,1.4535695,1.3540164,0.16407366,416.3086,516.7969,789.5508,933.10547,0.7797222,714.1138,2.9703138,563120.94,6.7667313,64.96222,-0.340174,0.6773518,1.3323666,11.729554,-7.09993,-13.219729,-24.591429,-46.066204,-5.633835,-9.766372,11.0774765,-32.255245,-28.169662,15.120267,18.336372,19.50451,25.120115,0 days 00:00:24.704324324,0 days 00:00:24.744324324
0 days 00:00:00.390000,0 days 00:00:00.430000,answer3 ,352.61264,0.796635,0.017605042,0.015212692,0.1208139,11.316691,2.1780596,1.5061693,0.08882404,0.04232804,0.14635873,0.24616951,0.35164848,0.6383874,0.64408934,0.43531844,1.6837744,1.1389726,0.77981883,0.9543953,0.6497016,0.91402644,1.2783382,3.3295715,3.0825586,2.0588062,2.6202562,2.8126764,2.8410575,3.6588886,1.6167313,1.2548381,1.1878257,1.3698359,1.7436014,1.7227564,0.82954717,0.2735006,502.4414,617.28516,760.83984,1234.5703,1.0403739,795.4001,3.1389382,663003.5,6.324466,56.70729,-0.33919135,0.7359398,1.2619768,10.981877,-12.851022,-13.332124,-23.020132,-39.49864,-8.575825,-9.52938,15.179115,-30.154867,-24.773272,2.6637537,10.782655,14.875869,20.165125,0 days 00:00:24.714324324,0 days 00:00:24.754324324
0 days 00:00:00.400000,0 days 00:00:00.440000,answer3 ,331.9028,0.7824523,0.020329487,0.017676443,0.11860505,10.228853,2.5148485,1.6237336,0.096916914,0.045351475,0.14911813,0.24455531,0.43530098,0.62350136,0.5393185,0.43812656,2.4238188,1.1375654,0.6927963,1.3541183,0.7927441,1.2570306,1.9273599,3.604948,3.0938823,2.2368255,2.4983385,2.7956247,2.6365588,3.7782376,2.0976841,1.3887926,1.2277844,1.3263842,1.6725992,1.8440628,0.7175676,0.37238976,588.5742,717.77344,732.1289,1378.125,1.083609,859.3023,3.454168,659672.94,5.741195,49.767437,-0.4231143,0.7850814,1.4134098,12.716565,-17.712967,-13.233361,-25.803465,-35.016827,-15.23751,-10.696221,19.920486,-33.451416,-17.888855,-8.639058,-1.8754514,8.120395,9.083599,0 days 00:00:24.724324324,0 days 00:00:24.764324324
0 days 00:00:00.410000,0 days 00:00:00.450000,answer3 ,312.79993,0.7896138,0.020248808,0.017834669,0.1221231,8.290284,2.8270617,1.8031162,0.10634621,0.048374906,0.14511599,0.2396583,0.6243594,0.6135914,0.43519685,0.5787584,3.1061642,1.1001678,0.7198612,1.759499,1.0230051,1.7299684,2.7180526,3.7208834,3.3089368,2.7224762,2.5441678,2.8815165,2.6501448,3.999546,2.85886,1.6145687,1.2140107,1.2917782,1.509523,1.7712069,1.1187667,0.5595439,559.8633,689.0625,789.5508,1607.8125,1.2118982,873.21075,3.7055454,672642.25,5.072883,42.399555,-0.5034571,0.7843282,1.6020991,12.556752,-21.015568,-11.921241,-29.639963,-29.35144,-20.454765,-15.56102,14.869142,-37.033142,-12.691154,-18.224586,-10.493871,5.008097,1.8377274,0 days 00:00:24.734324324,0 days 00:00:24.774324324
0 days 00:00:00.420000,0 days 00:00:00.460000,answer3 ,300.62546,0.81536275,0.021914179,0.018231256,0.14047275,7.405679,3.0641415,1.9737802,0.11591431,0.047430083,0.13533284,0.2387572,0.9070031,0.6273344,0.36000848,0.830427,3.3506882,1.0412089,0.892616,2.0500038,1.3667308,2.3701677,3.346752,3.705012,3.4227216,3.1928713,2.802943,2.9234383,2.672347,4.081283,3.6415062,1.9056257,1.1728789,1.3029763,1.3603501,1.6173025,1.5264349,0.78476864,516.7969,732.1289,861.3281,1607.8125,1.2803273,886.5925,4.018239,648637.75,4.773085,39.304104,-0.56839496,0.7909463,1.8435726,13.653682,-22.412819,-16.965841,-25.071646,-26.833664,-20.165117,-20.332687,2.6462662,-35.71959,-14.032333,-25.389345,-13.239268,5.352984,-4.9167404,0 days 00:00:24.744324324,0 days 00:00:24.784324324
0 days 00:00:00.430000,0 days 00:00:00.470000,answer3 ,294.31213,0.8375721,0.02186583,0.015929496,0.14135326,7.3049397,3.31633,2.1049993,0.12881438,0.04478458,0.1278945,0.2575191,1.1741213,0.6265711,0.31324133,1.089902,2.9764888,1.0343908,1.2483311,2.2890742,1.7847967,3.1702805,3.6846864,3.6525173,3.3369486,3.500048,3.1952145,2.8325617,2.7031612,4.0781617,4.12652,2.146664,1.1851051,1.3767608,1.2793465,1.5396694,1.3550239,1.0680075,588.5742,803.90625,933.10547,1693.9453,1.4443421,960.6018,3.8052623,593904.06,4.9323745,42.367672,-0.748082,0.8512884,2.5958116,12.729878,-24.824326,-18.613783,-21.531065,-15.691734,-9.844872,-18.08924,-1.2818803,-38.01323,-15.186589,-25.684492,-9.04784,10.241242,-5.939951,0 days 00:00:24.754324324,0 days 00:00:24.794324324
0 days 00:00:00.440000,0 days 00:00:00.480000,answer3 ,292.2703,0.84866714,0.01326979,0.007795992,0.10659849,9.153697,3.366519,2.1525822,0.14006965,0.042517006,0.1267577,0.2810159,1.3119375,0.5970723,0.28534943,1.2110649,2.2958791,1.1330048,1.6961699,2.5325363,2.1139252,3.8484507,3.7024066,3.4744701,2.940983,3.4827642,3.511359,2.7089462,2.6825237,3.9759667,4.2499347,2.2975595,1.2831968,1.4735624,1.233449,1.5168568,1.0465447,0.9972563,760.83984,875.6836,918.75,1449.9023,1.3057734,985.0889,3.4104083,502929.1,5.3925896,48.40175,-0.88934165,0.8835521,3.2809498,12.40504,-23.715631,-21.41102,-25.337896,-7.545443,-5.619997,-16.157011,-2.0330102,-38.20732,-18.580463,-29.291636,-4.570246,13.371856,-5.229579,0 days 00:00:24.764324324,0 days 00:00:24.804324324
0 days 00:00:00.450000,0 days 00:00:00.490000,answer3 ,290.39197,0.8422982,0.0082841925,0.0070776604,0.08798355,10.994953,3.336334,2.1201668,0.14359443,0.04138322,0.13596295,0.3109735,1.3128278,0.5462691,0.2718226,1.2081294,1.7040454,1.3373121,2.0892668,2.7365437,2.262082,4.1348934,3.4428575,3.0983493,2.4292233,3.2876618,3.5735214,2.601615,2.6526148,3.904515,4.2555585,2.3837383,1.3833089,1.4858618,1.1551135,1.4202652,1.0832442,0.822841,846.97266,875.6836,904.39453,1177.1484,1.0685111,951.6176,3.0574512,400952.47,5.737848,57.972492,-0.99797726,0.86788225,3.8674908,13.891869,-22.362677,-17.43923,-33.348698,0.6626578,-1.5672792,-12.781468,-4.2371554,-38.814297,-15.740803,-31.431295,-5.3949456,16.654467,-4.090399,0 days 00:00:24.774324324,0 days 00:00:24.814324324
0 days 00:00:00.460000,0 days 00:00:00.500000,answer3 ,286.31488,0.8336694,0.003406806,0.006078342,0.055326436,13.307251,3.064396,1.9988977,0.13451079,0.041950118,0.14693315,0.32425967,1.2604827,0.51374114,0.26938894,1.1687614,1.4586891,1.5083814,2.2486575,2.802123,2.2010224,3.7764442,2.933294,2.571174,1.9606934,2.93561,3.2590847,2.530071,2.6101456,3.758829,4.290341,2.3826978,1.4188966,1.3781242,1.0278248,1.2356683,1.3104429,0.58116996,775.1953,861.3281,890.03906,1062.3047,0.9016373,888.6224,3.1869504,352738.47,6.199805,69.87613,-0.8512841,0.8251228,3.4211218,16.352682,-19.023039,-19.192648,-38.970776,-3.0187123,-2.229955,-13.743981,-5.883755,-38.315998,-15.780816,-30.250685,-7.059254,8.469124,-5.3047104,0 days 00:00:24.784324324,0 days 00:00:24.824324324
0 days 00:00:00.470000,0 days 00:00:00.510000,answer3 ,281.53738,0.82630986,0.0049417387,0.0053441585,0.09784943,12.67751,2.719018,1.7936562,0.117571056,0.040816326,0.15121572,0.33607206,1.2308301,0.515981,0.2812424,1.1674281,1.384027,1.542933,2.090746,2.6825774,1.9970938,3.0403156,2.3104918,2.034766,1.6084291,2.5374312,2.7753,2.4307954,2.3860888,3.3812573,4.107714,2.1929808,1.3492751,1.1879474,0.89739084,1.0147313,1.2769485,0.44986045,617.28516,846.97266,875.6836,990.52734,0.94185406,834.7859,3.2915983,349068.75,6.1290107,69.5048,-0.6348374,0.781291,2.6444213,18.494188,-16.495901,-15.76201,-36.798115,-6.2328086,0.08419951,-13.508369,-7.411347,-41.80464,-12.537105,-27.529367,-8.371938,5.9090004,-9.3578825,0 days 00:00:24.794324324,0 days 00:00:24.834324324
0 days 00:00:00.480000,0 days 00:00:00.520000,answer3 ,276.82324,0.8139825,0.0052311136,0.0052978466,0.08514131,12.666802,2.4554274,1.5676519,0.10369421,0.03628118,0.14830455,0.35241604,1.1793665,0.51304215,0.31106117,1.1931834,1.3175886,1.4489584,1.7617536,2.4760053,1.7082577,2.2532487,1.8124251,1.6492872,1.4346479,2.1467578,2.2536163,2.262581,2.0780926,2.9668314,3.7150097,1.8473543,1.2160679,1.015144,0.826133,0.8718185,1.1115048,0.30846047,531.15234,832.6172,861.3281,961.8164,0.8908658,818.42267,3.359173,382119.6,6.115496,62.92697,-0.46309054,0.7683287,1.8616556,18.259954,-12.902087,-17.53578,-36.714447,-11.157211,-2.390529,-15.954613,-0.21689765,-44.069565,-13.283142,-19.129883,-8.312317,5.7802777,-13.556285,0 days 00:00:24.804324324,0 days 00:00:24.844324324
0 days 00:00:00.490000,0 days 00:00:00.530000,answer3 ,271.87582,0.8035738,0.0058310493,0.0050453544,0.08572366,10.2077055,2.1902492,1.3498629,0.09500382,0.029478455,0.13193196,0.3744279,1.0815374,0.49384275,0.37430605,1.239164,1.2110215,1.2826065,1.3823943,2.1124067,1.3579631,1.6661158,1.502348,1.4327761,1.3729477,1.7871389,1.8504057,2.017197,1.6819001,2.576563,3.1225774,1.4584264,1.0844258,0.9018357,0.8252322,0.7749464,1.5054356,0.16129003,488.08594,732.1289,760.83984,861.3281,0.84921676,735.5383,3.1606464,327934.6,7.3861566,104.86645,-0.39028677,0.70572686,1.4311547,19.332994,-10.62646,-15.220291,-36.97641,-21.551231,-13.266736,-14.723305,-0.22143118,-40.230152,-15.365639,-16.232368,-11.30912,9.213164,-20.147406,0 days 00:00:24.814324324,0 days 00:00:24.854324324
0 days 00:00:00.500000,0 days 00:00:00.540000,answer3 ,267.52682,0.8011589,0.0071807965,0.007726209,0.120208524,9.61121,2.0068264,1.169387,0.09694467,0.022675738,0.11580675,0.4204775,0.9785635,0.47048184,0.47880697,1.300984,1.0771174,1.1073653,1.0800389,1.6584024,1.0333674,1.3100876,1.3559842,1.3065208,1.3123221,1.5005461,1.5618553,1.7422276,1.3578529,2.2343938,2.507907,1.172585,0.9826536,0.8320697,0.8428368,0.6628072,2.1684074,0.094488315,445.01953,559.8633,645.9961,803.90625,0.893359,616.8611,3.0097454,203404.42,8.528429,147.41618,-0.42025176,0.6130478,1.418713,23.032827,-6.560497,-13.023852,-34.173428,-27.782923,-22.261879,-15.223226,-1.6564175,-30.446136,-22.048151,-16.035692,-9.652771,7.9920716,-23.453278,0 days 00:00:24.824324324,0 days 00:00:24.864324324
0 days 00:00:00.510000,0 days 00:00:00.550000,answer3 ,263.38016,0.8060534,0.00708155,0.008631576,0.16506396,7.7482986,1.8145441,1.0175595,0.10466791,0.01814059,0.100969516,0.49843857,0.95850426,0.47596106,0.6153254,1.3949666,1.0137085,0.9227693,0.83833,1.188147,0.788377,1.099423,1.2573801,1.1851588,1.183885,1.2801093,1.3460779,1.4889393,1.0967757,1.843449,1.8895458,0.9689982,0.90339774,0.7709033,0.8113606,0.5356471,3.327258,0.040216554,344.53125,387.59766,531.15234,703.41797,0.9354773,480.23242,2.7699158,88224.31,10.530129,271.42776,-0.51060194,0.5009497,1.5725174,27.917196,-2.3240807,-7.9292016,-31.763453,-32.431873,-26.72598,-19.67633,-7.1634617,-23.872503,-21.94046,-22.907461,-15.736098,3.8200915,-24.130402,0 days 00:00:24.834324324,0 days 00:00:24.874324324
0 days 00:00:00.520000,0 days 00:00:00.560000,answer3 ,261.978,0.8153529,0.008098158,0.009567427,0.1875671,9.84391,1.7107638,0.9030261,0.113100894,0.016250946,0.09680072,0.64300555,1.0874324,0.5335098,0.7308826,1.4282001,0.95393395,0.7481301,0.63579047,0.8573572,0.64274675,1.0108023,1.1599301,1.0469476,1.0123215,1.1419035,1.2168194,1.3102845,0.9135537,1.4536127,1.3772043,0.8164541,0.8352229,0.69527835,0.7117286,0.41882682,3.9609444,0.03241511,258.39844,287.10938,445.01953,602.9297,0.8580505,385.4869,2.5880246,59383.707,11.565049,325.02988,-0.6023198,0.409878,1.7613096,30.800169,2.2770119,-0.2633141,-26.22289,-29.73176,-29.493784,-27.951101,-13.192535,-21.93454,-24.864943,-29.244423,-20.69504,0.26977268,-23.465677,0 days 00:00:24.844324324,0 days 00:00:24.884324324
0 days 00:00:00.530000,0 days 00:00:00.570000,answer3 ,261.5012,0.81795025,0.011711906,0.012728634,0.12558116,11.963923,1.6946703,0.8316192,0.12164428,0.015495087,0.10302811,0.8190525,1.2994581,0.61517996,0.7937205,1.4012057,0.91596955,0.6266319,0.4916204,0.6955087,0.5857363,0.98935366,1.0314318,0.8911032,0.868038,1.044192,1.1296244,1.1870708,0.8126888,1.191425,1.090622,0.7062757,0.7601107,0.62080747,0.59975785,0.35248503,4.5755897,0.02391216,258.39844,272.7539,445.01953,545.5078,0.71015877,364.8978,2.4673607,46306.62,11.866119,377.98026,-0.69969016,0.39096627,2.4372318,33.02879,3.8907583,1.3078433,-27.711695,-29.063417,-26.965828,-27.76145,-13.678528,-23.518995,-18.822474,-31.043592,-27.51974,0.28593674,-23.853302,0 days 00:00:24.854324324,0 days 00:00:24.894324324
0 days 00:00:00.540000,0 days 00:00:00.580000,answer3 ,262.992,0.82536703,0.010736809,0.011646041,0.0863507,15.310768,1.7068777,0.7972948,0.12909792,0.014739229,0.1148777,0.9590704,1.4661201,0.683589,0.8094494,1.3330511,0.885434,0.5635508,0.39915502,0.63317436,0.5674613,0.9928732,0.91874766,0.79857796,0.8136692,1.0023285,1.1125244,1.111514,0.75667447,1.0726348,0.9930946,0.6447747,0.68762964,0.57037115,0.5254691,0.3138445,4.981235,0.02319963,258.39844,272.7539,445.01953,545.5078,0.6121477,356.35645,2.4154313,42383.09,11.291789,354.36978,-0.7651382,0.38256618,3.1293142,34.091866,3.8613408,4.076941,-24.9756,-29.989431,-29.324411,-24.01444,-11.85583,-22.519775,-19.39035,-29.404413,-27.482283,2.3396971,-26.937052,0 days 00:00:24.864324324,0 days 00:00:24.904324324
0 days 00:00:00.550000,0 days 00:00:00.590000,answer3 ,265.05685,0.8285373,0.009570853,0.010310221,0.06267849,17.452997,1.85945,0.79794985,0.13429391,0.014550265,0.13143991,1.0082054,1.5150476,0.7193529,0.81343395,1.303974,0.90146023,0.58846825,0.38808346,0.62758285,0.5653852,1.0159127,0.8954482,0.8063291,0.8625455,1.0170189,1.1495428,1.0700288,0.73975754,1.04506,0.9874511,0.6211591,0.6216237,0.54388523,0.51586324,0.29263553,5.5018287,0.033097226,258.39844,287.10938,516.7969,559.8633,0.4805367,385.895,2.590295,47729.246,8.761216,274.95312,-0.8516385,0.41179886,3.836877,36.114788,0.82758504,2.6711147,-24.922722,-34.097713,-26.45912,-18.800947,-4.193085,-25.013083,-21.149855,-29.27212,-26.670937,8.771858,-26.770773,0 days 00:00:24.874324324,0 days 00:00:24.914324324
0 days 00:00:00.560000,0 days 00:00:00.600000,answer3 ,267.2961,0.8313828,0.0034077931,0.003960567,0.036416113,20.77933,1.9215927,0.8224011,0.13316838,0.017762661,0.14758788,0.96731824,1.4402007,0.7172964,0.81806684,1.3304125,0.9593737,0.66311926,0.4265341,0.63867015,0.55940914,1.076437,0.99225473,0.9163752,0.98303574,1.0810604,1.2395753,1.0639535,0.76845855,1.0575358,0.9992555,0.60978764,0.57124573,0.5318288,0.5417196,0.28191802,5.494463,0.050781,258.39844,301.46484,516.7969,559.8633,0.37733117,393.26584,2.6076956,55598.145,8.168784,227.01823,-0.84628755,0.41761908,3.7252395,35.64554,-2.0841408,4.95396,-21.679907,-35.734844,-28.221949,-20.568296,1.9850663,-21.97394,-27.037903,-29.107004,-24.466936,10.573129,-27.891281,0 days 00:00:24.884324324,0 days 00:00:24.924324324
0 days 00:00:00.570000,0 days 00:00:00.610000,answer3 ,268.6738,0.83468145,0.003433972,0.0023224307,0.035912376,20.981043,2.0151236,0.8702747,0.12882563,0.02362056,0.16011168,0.887459,1.3349384,0.7098856,0.79479724,1.3371587,1.0042745,0.73781806,0.4897027,0.6669404,0.5497992,1.2188936,1.2381082,1.1098928,1.1218514,1.153282,1.3790913,1.1585801,0.8761447,1.0870886,1.0214453,0.6115438,0.5586583,0.5451496,0.582836,0.2916905,5.008015,0.09031805,258.39844,301.46484,516.7969,574.21875,0.3719778,407.83313,2.66768,80619.86,7.0122056,140.20512,-0.78066605,0.42713773,3.3920395,33.882088,-5.085136,4.5550075,-19.977037,-34.062283,-24.885973,-23.24951,4.4917235,-19.081928,-33.955643,-31.884964,-18.625345,10.587522,-28.602684,0 days 00:00:24.894324324,0 days 00:00:24.934324324
0 days 00:00:00.580000,0 days 00:00:00.620000,answer3 ,268.74606,0.8407922,0.003368444,0.003002294,0.053026795,18.892656,2.2012353,0.94703406,0.12717728,0.03117914,0.16319618,0.795592,1.2229317,0.69604665,0.74211067,1.306775,1.0395056,0.8122239,0.58311754,0.7470019,0.5719394,1.4341736,1.5667148,1.3259134,1.2563353,1.2167953,1.5803148,1.4102517,1.0680563,1.1342188,1.121516,0.66126156,0.58327645,0.6044147,0.6399578,0.33924416,4.484159,0.15608187,258.39844,301.46484,602.9297,660.35156,0.4492835,446.81958,2.813689,129457.66,6.4829793,109.55042,-0.7423107,0.4560667,3.2106454,30.365946,-7.187986,2.1993265,-20.145151,-31.314074,-20.667454,-25.437483,2.5683794,-18.768576,-35.79095,-35.833134,-13.085233,7.891102,-31.66567,0 days 00:00:24.904324324,0 days 00:00:24.944324324
0 days 00:00:00.590000,0 days 00:00:00.630000,answer3 ,267.41492,0.84602785,0.0030442886,0.0027385077,0.0572157,17.951155,2.5021255,1.0617799,0.12917571,0.037792895,0.1556203,0.7055247,1.1137083,0.67865163,0.6808755,1.2275069,1.0620297,0.8962167,0.69347674,0.90412134,0.64986366,1.6363682,1.8851112,1.5581814,1.4083257,1.2602476,1.8551339,1.881555,1.343214,1.2171699,1.3845142,0.8145979,0.6671446,0.74975157,0.73920935,0.43815365,4.045004,0.23846142,258.39844,373.2422,703.41797,746.4844,0.48852718,524.88873,3.0540104,214366.45,5.3974767,57.831432,-0.76170367,0.51731545,3.2934487,25.761946,-8.591004,-1.7721037,-23.782724,-29.830355,-17.031702,-24.83374,0.79202586,-22.875849,-37.501556,-37.018055,-9.439875,4.3978243,-33.019722,0 days 00:00:24.914324324,0 days 00:00:24.954324324
0 days 00:00:00.600000,0 days 00:00:00.640000,answer3 ,265.24756,0.8488923,0.0026479913,0.002690022,0.04757388,18.681692,2.8081782,1.2173778,0.13467473,0.041194256,0.14364067,0.6229624,1.0100275,0.65620553,0.6532113,1.1605763,1.1270694,1.0549426,0.84806186,1.1274076,0.7830859,1.7504269,2.1074312,1.8382549,1.6318537,1.3276418,2.1561894,2.4721649,1.681057,1.3798248,1.8396009,1.0441842,0.8093793,0.96159893,0.88044184,0.5845809,3.8943202,0.33349594,272.7539,459.375,789.5508,818.2617,0.53540164,605.04004,3.289735,273824.56,4.6534886,38.65053,-0.84843564,0.58385986,3.5477161,23.172865,-10.169303,-3.5928411,-27.54979,-30.373438,-16.388708,-21.239737,4.4307995,-28.257408,-38.669735,-32.583237,-8.542812,2.1839173,-32.493515,0 days 00:00:24.924324324,0 days 00:00:24.964324324
0 days 00:00:00.610000,0 days 00:00:00.650000,answer3 ,262.93555,0.85008603,0.003073234,0.0018579466,0.031441268,19.927261,3.036105,1.3887148,0.14054297,0.042517006,0.13545269,0.5587525,0.9205316,0.63270766,0.6674014,1.1154982,1.2338219,1.248484,0.9857537,1.3268058,0.92123777,1.7666184,2.2355967,2.2459047,1.9420265,1.4795508,2.4399922,2.9276664,2.0470297,1.6607652,2.385549,1.2731628,0.9852276,1.2081972,1.0311052,0.7317459,3.7157505,0.4947751,272.7539,545.5078,789.5508,1062.3047,0.5266215,667.56744,3.413705,342071.47,4.194322,31.323187,-0.9059374,0.6293483,3.636648,21.504562,-11.56284,-1.6129562,-26.877615,-31.874304,-18.75637,-16.686588,9.090027,-29.397943,-40.147755,-27.340475,-12.787747,4.800532,-31.269318,0 days 00:00:24.934324324,0 days 00:00:24.974324324
0 days 00:00:00.620000,0 days 00:00:00.660000,answer3 ,261.109,0.8520418,0.0036303725,0.001325021,0.030096198,18.980314,3.2069275,1.5355049,0.14773251,0.04138322,0.13594379,0.52050054,0.8534436,0.61177665,0.7023871,1.0789427,1.3616872,1.4050647,1.0622673,1.4398608,1.0069033,1.7481991,2.3598988,2.7917511,2.3057954,1.7391018,2.6356907,3.0579338,2.2601945,2.0156097,2.8256366,1.4394852,1.140153,1.4441556,1.1545614,0.82618666,3.6760967,0.75596505,272.7539,617.28516,775.1953,1406.8359,0.5331624,713.59467,3.4961183,396193.34,3.648023,25.120432,-0.967964,0.65799034,3.808485,21.23876,-12.745846,-0.7069013,-22.176458,-33.18475,-23.612192,-10.2679205,12.736752,-31.806856,-38.493343,-26.706612,-16.924799,9.718587,-34.139164,0 days 00:00:24.944324324,0 days 00:00:24.984324324
0 days 00:00:00.630000,0 days 00:00:00.670000,answer3 ,259.96048,0.85317844,0.0033266672,0.0013249619,0.033733185,17.77092,3.343134,1.6277524,0.15625852,0.040249433,0.13952951,0.5094505,0.8128359,0.5985019,0.73533684,1.0365207,1.494141,1.4931588,1.0673053,1.4609348,1.0231906,1.6862353,2.5209572,3.350805,2.6944962,2.064916,2.723938,2.857669,2.1959794,2.3338528,3.0319767,1.5485197,1.207306,1.6459918,1.2267874,0.861231,3.7350864,0.9332056,272.7539,689.0625,775.1953,1406.8359,0.6301684,737.66034,3.4845388,407291.12,3.4413617,23.50192,-1.1203642,0.675935,4.3712807,20.797209,-12.730701,-1.8404297,-19.980516,-37.111374,-27.92166,-2.9460888,13.440272,-39.0562,-38.093235,-28.423113,-20.595337,10.61108,-38.126724,0 days 00:00:24.954324324,0 days 00:00:24.994324324
0 days 00:00:00.640000,0 days 00:00:00.680000,answer3 ,259.41318,0.8531622,0.002681262,0.0013863129,0.035719927,17.196915,3.3523464,1.6519781,0.16891915,0.039115645,0.13695107,0.5159889,0.79219484,0.59414315,0.7614613,0.99751997,1.6213242,1.5380636,1.0427622,1.4143404,0.9992067,1.5362406,2.5820374,3.675846,3.0958474,2.317417,2.6983588,2.526015,1.8874413,2.4845097,2.9593945,1.6230155,1.2224292,1.8015448,1.2677389,0.8596411,4.144272,0.8907342,287.10938,746.4844,775.1953,1162.793,0.63107806,725.341,3.3509667,342507.34,3.8257656,33.103115,-1.342322,0.6756692,5.3991065,21.512598,-10.910594,-4.27112,-21.189716,-43.030933,-30.159678,4.5422416,10.440158,-43.525433,-39.90081,-26.814463,-23.421652,6.213489,-38.54272,0 days 00:00:24.964324324,0 days 00:00:25.004324324
0 days 00:00:00.650000,0 days 00:00:00.690000,answer3 ,259.11948,0.85212725,0.0016240795,0.0013001867,0.035484377,18.940802,3.2589672,1.6055193,0.17917103,0.03930461,0.12999493,0.5260167,0.7802779,0.5954094,0.794724,0.9916131,1.7357124,1.5894718,1.0363303,1.3228582,0.93191403,1.3031387,2.3917809,3.6435578,3.4542887,2.352829,2.5163028,2.1932638,1.558138,2.4371154,2.6631958,1.6237345,1.2373023,1.8417782,1.26276,0.82999104,4.726874,0.716743,301.46484,746.4844,775.1953,818.2617,0.601089,686.4146,3.2051353,248450.19,4.188857,40.88712,-1.5058516,0.65748733,6.4775796,23.35879,-7.9808273,-3.5975866,-24.444174,-47.817505,-29.889091,10.626892,11.561447,-44.055664,-43.928448,-20.101715,-24.985123,2.9425642,-32.993465,0 days 00:00:24.974324324,0 days 00:00:25.014324324
0 days 00:00:00.660000,0 days 00:00:00.700000,answer3 ,258.7993,0.8496065,0.001205919,0.0009861632,0.027775114,20.852198,3.1221325,1.506814,0.18098539,0.03930461,0.119543694,0.5280377,0.7653682,0.59549147,0.8444095,1.0257055,1.7947432,1.6240921,1.0362064,1.1903511,0.8250622,1.0617768,1.9750925,3.318821,3.6913564,2.1997383,2.246918,1.9234301,1.3776269,2.2574341,2.2204013,1.5386201,1.27628,1.7477337,1.2154194,0.77750677,5.2802377,0.58746845,301.46484,660.35156,775.1953,818.2617,0.46875033,655.3362,3.163236,204988.3,4.4048705,47.584534,-1.5185738,0.63716006,6.593863,24.33937,-6.24291,-3.0004299,-26.84999,-53.956944,-30.976038,12.209882,10.647938,-44.837612,-46.16423,-16.702593,-25.013702,-1.3669528,-29.693558,0 days 00:00:24.984324324,0 days 00:00:25.024324324
0 days 00:00:00.670000,0 days 00:00:00.710000,answer3 ,258.0225,0.8430259,0.0010069124,0.0009778134,0.021950694,22.5087,2.9531043,1.3832092,0.1767832,0.037792895,0.11911722,0.51908994,0.74349475,0.59020895,0.9073605,1.083442,1.7535411,1.5873051,1.0076947,1.0606929,0.69247556,0.8835647,1.5298977,2.881258,3.6693382,1.9668573,1.9487764,1.7123445,1.3280119,2.0413334,1.770583,1.4312816,1.3046857,1.5383887,1.1582843,0.73441,5.807379,0.46918783,301.46484,588.5742,775.1953,803.90625,0.46880198,616.482,3.1599681,189718.67,5.3704147,70.393074,-1.4104356,0.6067969,6.406877,24.96424,-1.9836498,-1.4170681,-25.917046,-56.106304,-28.634184,12.396827,14.406043,-45.01584,-40.887177,-13.68884,-18.334194,-3.5535393,-26.892004,0 days 00:00:24.994324324,0 days 00:00:25.034324324
0 days 00:00:00.680000,0 days 00:00:00.720000,answer3 ,257.1694,0.836448,0.0014717146,0.0015046684,0.029760584,19.90241,2.6923103,1.2555951,0.16710053,0.034202572,0.12322324,0.50431186,0.71480656,0.5785156,0.9764541,1.1403375,1.5967156,1.4502071,0.9305377,0.913589,0.58303934,0.7371776,1.2082514,2.3830993,3.2228787,1.7819624,1.709199,1.5303386,1.3447522,1.8682827,1.4647297,1.4146439,1.2586908,1.3201755,1.1306329,0.7589183,6.4212804,0.28996658,301.46484,516.7969,689.0625,775.1953,0.6067299,560.8809,3.0410576,170462.14,7.8468876,119.68255,-1.2904142,0.5643069,5.417856,23.635582,5.077025,-0.5842314,-28.85167,-59.134827,-27.80664,5.2907233,15.135162,-45.644104,-32.257168,-18.664137,-15.736964,-2.6361034,-28.790749,0 days 00:00:25.004324324,0 days 00:00:25.044324324
0 days 00:00:00.690000,0 days 00:00:00.730000,answer3 ,256.03394,0.8308374,0.0023945575,0.0017631688,0.04913339,18.230566,2.4391193,1.1405514,0.15920879,0.029289493,0.1299121,0.48760474,0.6806641,0.56071347,1.0472451,1.1826361,1.3452758,1.2190759,0.80283505,0.75635266,0.5309723,0.61094093,1.0109538,1.8805147,2.5262327,1.6992855,1.5515724,1.373742,1.3653446,1.770145,1.3350881,1.4953636,1.1585428,1.1458372,1.1414416,0.8460467,6.991671,0.13060503,301.46484,502.4414,602.9297,674.70703,0.66959554,509.2888,2.8026638,149255.5,10.097217,174.34682,-1.1723847,0.52445996,4.808458,22.544413,9.870373,4.4168763,-28.326204,-58.709274,-28.392105,-2.1243143,15.458762,-42.13396,-19.652994,-18.736267,-16.033903,1.4087448,-28.202873,0 days 00:00:25.014324324,0 days 00:00:25.054324324
0 days 00:00:00.700000,0 days 00:00:00.740000,answer3 ,254.02954,0.82529706,0.002735923,0.0026232966,0.060077954,15.598975,2.2465286,1.0456961,0.15173288,0.025888132,0.13763131,0.47125432,0.6456975,0.54077,1.1075804,1.2056193,1.0621235,0.9437146,0.63781935,0.5943459,0.5180859,0.51627725,0.88536066,1.4230143,1.8100361,1.7156652,1.4671501,1.253547,1.4048486,1.783399,1.3555284,1.6047487,1.017084,1.0328034,1.1428773,0.91111714,7.219809,0.08338988,287.10938,488.08594,516.7969,588.5742,0.571209,480.41553,2.5861642,141351.52,10.40503,168.52603,-1.0834143,0.49957433,4.001513,21.036299,11.873855,12.586209,-29.052813,-58.15472,-33.478786,-12.256511,14.1580515,-37.170708,-9.718064,-19.296051,-21.639763,5.6591434,-31.550545,0 days 00:00:25.024324324,0 days 00:00:25.064324324
0 days 00:00:00.710000,0 days 00:00:00.750000,answer3 ,250.3929,0.80961674,0.0025661553,0.002554123,0.057307884,15.798225,2.1538775,0.9837387,0.143821,0.022297807,0.13574187,0.45863667,0.61510056,0.52235216,1.1376129,1.1968907,0.80974025,0.69131047,0.47995117,0.48096332,0.5277085,0.4876763,0.797801,1.092913,1.3729815,1.8417549,1.4517123,1.190631,1.4946283,1.8827816,1.4301986,1.6749831,0.8917422,0.9367478,1.0791368,0.8955099,6.7616267,0.09504345,272.7539,473.73047,516.7969,516.7969,0.47126773,465.65088,2.5165603,145395.88,9.784392,157.71121,-0.99459934,0.48299828,3.7258337,20.435959,10.034359,18.770676,-29.04719,-55.766315,-35.18046,-19.605278,8.37734,-37.146442,-2.1591434,-18.482971,-25.791891,2.6088536,-29.230576,0 days 00:00:25.034324324,0 days 00:00:25.074324324
0 days 00:00:00.720000,0 days 00:00:00.760000,answer3 ,241.73816,0.78450996,0.0037728187,0.004245902,0.043643724,16.038801,1.9964947,0.9430874,0.12874421,0.021730915,0.13396794,0.4535533,0.5903135,0.50401187,1.1112329,1.1288668,0.62563646,0.50965315,0.36149558,0.4124529,0.5260446,0.5003639,0.70676214,0.88008094,1.1687176,1.9776124,1.4171638,1.1948435,1.6451203,2.045898,1.5178028,1.723632,0.8059843,0.8266786,0.9548242,0.79756,5.2698784,0.09232349,258.39844,416.3086,502.4414,516.7969,0.54881984,459.89017,2.60966,219538.31,7.937238,99.50022,-0.79962057,0.4656143,2.8854773,19.576063,13.224808,26.083008,-33.803654,-50.75304,-34.54982,-20.67843,10.086757,-39.41097,0.28961864,-20.150496,-27.17344,0.87193173,-23.66027,0 days 00:00:25.044324324,0 days 00:00:25.084324324
0 days 00:00:00.730000,0 days 00:00:00.770000,answer3 ,229.4314,0.74550503,0.007873171,0.0046203337,0.09413209,15.572166,1.7170366,0.8985488,0.10226668,0.020597128,0.12934186,0.45508388,0.55655956,0.47437128,1.013777,0.9667675,0.50673646,0.40827358,0.30546263,0.37084284,0.51635665,0.50936234,0.60845906,0.73539466,1.0582706,1.9782578,1.3116155,1.2202855,1.7949365,2.1203043,1.5519056,1.7741565,0.77687556,0.7084377,0.8109705,0.6994626,3.1474047,0.0663544,244.04297,344.53125,473.73047,502.4414,0.84020966,437.241,2.700411,292999.34,7.640081,93.21693,-0.5141876,0.4337937,1.8268031,18.406252,14.770099,26.584198,-32.30955,-43.45003,-29.344477,-18.837654,8.642878,-41.59517,-1.9890145,-22.355856,-22.931541,-3.5238507,-16.149212,0 days 00:00:25.054324324,0 days 00:00:25.094324324
0 days 00:00:00.740000,0 days 00:00:00.780000,answer3 ,221.36517,0.71568376,0.010623122,0.005737571,0.11576478,-23.392859,1.4036936,0.8309565,0.07433168,0.020597128,0.13736032,0.4571152,0.506397,0.4289848,0.8496616,0.7418129,0.42136094,0.34749666,0.28092128,0.33548045,0.5033907,0.49470004,0.51420903,0.63862646,0.9699432,1.812931,1.1448783,1.2245771,1.8542491,2.0420883,1.4752531,1.7279339,0.77651983,0.60077167,0.69026583,0.62794095,1.4116302,0.046348974,229.6875,258.39844,387.59766,473.73047,0.8317774,398.76724,2.691632,327093.38,7.116385,71.11135,-0.27261004,0.3877127,0.78619415,18.17721,16.3007,31.779716,-23.656204,-36.538742,-22.497377,-17.708643,10.611775,-37.35627,-2.465356,-18.122086,-21.773163,-3.3521512,-12.906517,0 days 00:00:25.064324324,0 days 00:00:25.104324324
0 days 00:00:00.750000,0 days 00:00:00.790000,answer3 ,0.0,0.69422764,0.0,0.0,0.0,-62.378357,1.0748452,0.7312107,0.049783845,0.021730915,0.16014963,0.4302578,0.4334071,0.37016097,0.6568691,0.5188355,0.3500979,0.29379988,0.25708106,0.31073228,0.4968786,0.4732288,0.4574771,0.57341605,0.84399,1.5102059,0.9763543,1.1691227,1.7431537,1.747568,1.2695328,1.5198642,0.7533156,0.5265599,0.60208887,0.5673284,0.45542994,0.018524026,229.6875,244.04297,387.59766,473.73047,0.7893792,378.63687,2.737917,300739.78,7.820942,90.257454,-0.11199697,0.37087163,0.29098663,18.94722,13.928849,29.97569,-12.6365385,-31.268923,-17.113922,-20.365067,8.726366,-25.64017,-1.8341589,-14.296868,-17.588243,-2.4274018,-11.930066,0 days 00:00:25.074324324,0 days 00:00:25.114324324
0 days 00:00:00.760000,0 days 00:00:00.800000,answer3 ,0.0,0.6828324,0.0,0.0,0.0,-100.0,0.87127465,0.6197429,0.034664065,0.022675738,0.18779053,0.37538972,0.35962167,0.31534532,0.48311567,0.36634827,0.28692535,0.23861718,0.23429675,0.32334265,0.49822608,0.45992288,0.45228282,0.5397105,0.72035146,1.2312392,0.8412679,1.0359797,1.5002718,1.3335972,0.98495406,1.1796383,0.6801464,0.46601012,0.5273212,0.4916021,0.26491103,0.010633373,229.6875,244.04297,344.53125,473.73047,0.46103513,356.23828,2.722435,232684.98,8.2637,103.056145,-0.06539408,0.35396633,0.1419032,21.550842,11.826694,28.386894,-6.139665,-28.369211,-13.742223,-19.06145,6.320746,-24.515947,-2.0360422,-8.378591,-13.559734,-0.8564206,-16.2074,0 days 00:00:25.084324324,0 days 00:00:25.124324324
0 days 00:00:00.770000,0 days 00:00:00.810000,answer3 ,0.0,0.6930623,0.0,0.0,0.0,-63.6068,0.71459866,0.5177288,0.024755456,0.023431597,0.20968966,0.29829207,0.28780147,0.26627243,0.3605932,0.28748858,0.24276866,0.19716531,0.22365363,0.36085787,0.48969182,0.44002286,0.47700468,0.5222288,0.60408825,1.0228807,0.7355444,0.87135905,1.1974124,0.949835,0.7383811,0.85448843,0.5679541,0.40513587,0.45393118,0.39640674,0.1311062,0.0054046097,215.33203,272.7539,430.66406,588.5742,0.3932024,418.63342,3.12938,300893.62,7.0288467,83.78283,-0.024562465,0.40397704,0.058837563,22.970617,7.604548,24.136543,-6.2871704,-26.09757,-10.746541,-11.866489,8.1373625,-23.622787,0.37984833,-5.2205005,-5.449831,4.123336,-20.000961,0 days 00:00:25.094324324,0 days 00:00:25.134324324
0 days 00:00:00.780000,0 days 00:00:00.820000,answer3 ,246.47063,0.71567374,0.0,0.0,0.4428897,-30.44989,0.64565307,0.44318983,0.01969889,0.021730915,0.20474334,0.23380174,0.23173629,0.22607054,0.2955973,0.2585852,0.21826768,0.17419463,0.2394805,0.41667652,0.47733054,0.4175324,0.49845168,0.5096059,0.52521306,0.89740914,0.64760923,0.7024855,0.92029303,0.68258065,0.5793036,0.6535433,0.46743092,0.34822205,0.38379583,0.3129746,0.094530486,0.004216711,215.33203,344.53125,445.01953,588.5742,0.22959583,430.4407,3.1362636,262801.16,6.943382,81.48982,-0.018745631,0.42068207,0.041716095,24.113281,5.6159987,21.681559,-6.623034,-25.209661,-14.050583,-9.133577,4.1969905,-28.07399,6.5785832,-1.2963989,-6.276634,2.3014088,-24.937935,0 days 00:00:25.104324324,0 days 00:00:25.144324324
0 days 00:00:00.790000,0 days 00:00:00.830000,answer3 ,247.53947,0.73936313,0.05999638,0.0,0.3579824,5.5170503,0.5764317,0.3957208,0.0180829,0.019652305,0.18076855,0.19167604,0.1933831,0.19540568,0.2696297,0.25816324,0.20596622,0.16438796,0.25927818,0.44736004,0.46978834,0.40355095,0.48156378,0.48670337,0.4880682,0.8111852,0.57742965,0.5813368,0.7141767,0.5745265,0.50959677,0.54846627,0.4024416,0.30536854,0.31914863,0.24937113,0.06818696,0.002794913,215.33203,344.53125,502.4414,602.9297,0.2102145,437.35706,3.043623,250552.3,7.203851,91.082954,-0.012511183,0.4303929,0.038047474,24.409498,5.36134,21.526062,-9.091409,-23.761473,-17.913168,-13.060361,3.1470852,-23.477335,10.318961,-1.2344378,-14.174107,2.3848164,-21.825317,0 days 00:00:25.114324324,0 days 00:00:25.154324324
0 days 00:00:00.800000,0 days 00:00:00.840000,answer3 ,250.74493,0.7322204,0.048354667,0.016613815,0.23518352,5.9527245,0.54288596,0.36760068,0.017280925,0.018707482,0.14973862,0.16869581,0.1793772,0.18261069,0.26787058,0.27205655,0.20173042,0.1610273,0.27055708,0.43765643,0.49250242,0.43314734,0.44422033,0.44966105,0.47252575,0.71211237,0.51754206,0.5028789,0.58125967,0.53927064,0.47692546,0.50262505,0.37581357,0.28273124,0.27370998,0.20937116,0.08571402,0.0016722366,244.04297,330.17578,473.73047,516.7969,0.1354618,377.6605,2.656788,120957.9,9.897132,172.07715,-0.014672368,0.39249095,0.051772702,26.703562,6.9203835,19.11946,-9.27094,-20.24283,-24.712877,-19.871649,-0.5804272,-21.332088,7.8003173,-5.253159,-18.220394,1.7385578,-17.67174,0 days 00:00:25.124324324,0 days 00:00:25.164324324
0 days 00:00:00.810000,0 days 00:00:00.850000,answer3 ,252.75174,0.71435547,0.047242146,0.016613815,0.1535026,-27.204184,0.48157844,0.3493339,0.016564278,0.021919878,0.1294822,0.15775912,0.18891998,0.19149251,0.26004586,0.27151993,0.20609774,0.16879404,0.26991677,0.398736,0.5345387,0.48617518,0.4052945,0.40666518,0.45271778,0.6011035,0.4623774,0.45315334,0.51302963,0.5242198,0.45318452,0.47167894,0.3662026,0.27850744,0.24804433,0.18302564,0.06988242,0.00097597827,244.04297,258.39844,387.59766,473.73047,0.123773,335.02463,2.428797,100607.09,11.4839325,224.51868,-0.011935803,0.35134152,0.04899342,27.887527,8.075775,17.447706,-8.061115,-14.777047,-20.286192,-17.204144,1.0334448,-20.542635,-3.6896966,-11.709404,-21.964325,6.1168594,-11.519977,0 days 00:00:25.134324324,0 days 00:00:25.174324324
0 days 00:00:00.820000,0 days 00:00:00.860000,answer3 ,0.0,0.6966834,0.0,0.0,0.0,-63.171127,0.45285955,0.3380431,0.0147145735,0.032312926,0.124769986,0.151729,0.20603605,0.2117901,0.23867317,0.2480432,0.21846168,0.18691988,0.26527783,0.37071443,0.57173187,0.5207894,0.3974214,0.38355398,0.42430952,0.5006489,0.42372084,0.4269178,0.4822346,0.5037496,0.43589976,0.4555967,0.36559197,0.2772008,0.2321456,0.16519275,0.06100173,0.0009134176,244.04297,258.39844,315.8203,401.95312,0.107881136,311.51498,2.3416145,98240.12,13.269549,296.6947,-0.011009145,0.326987,0.03750265,28.45556,7.325622,19.366646,-5.13357,-9.567608,-19.585348,-13.9678545,-0.016187588,-24.247076,-6.1146846,-13.751769,-17.684124,2.3768213,-12.9462385,0 days 00:00:25.144324324,0 days 00:00:25.184324324
0 days 00:00:00.830000,0 days 00:00:00.870000,answer3 ,0.0,0.6809559,0.0,0.0,0.0,-100.0,0.44886518,0.34184667,0.012791622,0.04232804,0.1271001,0.14694218,0.21659283,0.22953422,0.20811647,0.20811571,0.2307303,0.208795,0.2691426,0.39631557,0.5977679,0.5205955,0.41631272,0.40144706,0.42059717,0.45707095,0.42925486,0.4396787,0.47830608,0.485478,0.44189408,0.47088543,0.38989553,0.29207328,0.23419191,0.17118026,0.03822719,0.0013298489,244.04297,258.39844,301.46484,660.35156,0.13053854,435.46362,2.6683922,788520.8,10.688033,214.19429,-0.007324675,0.40707314,0.020737855,23.467154,6.426307,18.36772,-1.7002517,-10.518073,-12.684726,-10.915179,-4.5741677,-27.311926,-5.206976,-13.191972,-12.7191925,-0.85989434,-12.426417,0 days 00:00:25.154324324,0 days 00:00:25.194324324
0 days 00:00:00.840000,0 days 00:00:00.880000,answer3 ,0.0,0.6931252,0.0,0.0,0.0,-63.97867,0.48333797,0.37063098,0.010625544,0.047619045,0.12881035,0.14305395,0.2112995,0.23406494,0.18429606,0.16839796,0.23479122,0.22330244,0.2803,0.46079835,0.6069066,0.5039699,0.45014548,0.45963034,0.46102014,0.48404828,0.50667673,0.5210356,0.5157779,0.5043568,0.4977325,0.54672,0.48486975,0.3432993,0.26406002,0.21704172,0.028254395,0.001901249,229.6875,258.39844,344.53125,1406.8359,0.107343055,615.7104,3.2272613,1.7498984e+06,7.818828,137.77885,-0.0058928016,0.52241236,0.011042163,16.99929,7.328296,19.465277,1.2378598,-9.779476,-11.593623,-9.132129,-10.648068,-28.599558,-5.5613327,-14.191661,-3.5824535,-2.5133069,-11.531703,0 days 00:00:25.164324324,0 days 00:00:25.204324324
0 days 00:00:00.850000,0 days 00:00:00.890000,answer3 ,218.63416,0.7148051,0.0,0.0,0.29214102,-28.832808,0.5839672,0.43627238,0.019039022,0.044217687,0.12608172,0.14496589,0.20354706,0.24266683,0.1950277,0.15664482,0.23473258,0.22957374,0.3138223,0.53566927,0.6163046,0.5166263,0.48924097,0.53598386,0.55704176,0.5995377,0.6681406,0.68020105,0.6083212,0.57065374,0.6177234,0.7189701,0.68899363,0.45245108,0.3343679,0.30579153,0.060171615,0.0034034878,229.6875,272.7539,401.95312,1464.2578,0.18064304,658.9768,3.6400852,1.83385e+06,5.599767,49.493458,-0.011536007,0.55908144,0.01975173,13.853634,10.119244,20.234016,-1.9298605,-16.57495,-13.906837,-7.210739,-18.314852,-26.181442,-1.9923991,-12.407092,-1.3915566,1.6426281,-10.256546,0 days 00:00:25.174324324,0 days 00:00:25.214324324
0 days 00:00:00.860000,0 days 00:00:00.900000,answer3 ,218.43896,0.7557556,0.075629905,0.23805292,0.528094,4.36346,0.8787281,0.5468534,0.04295361,0.034958426,0.12573104,0.17005885,0.2165196,0.29150712,0.2769598,0.1877981,0.25434747,0.24984808,0.37458658,0.5799899,0.6205264,0.57242674,0.5436696,0.6259146,0.7460095,0.8372806,0.91117,0.88627225,0.783331,0.73944646,0.8226101,0.98147106,0.94504094,0.6096223,0.44494426,0.4211053,0.7572796,0.01732597,258.39844,330.17578,416.3086,1191.5039,0.5355175,563.1942,3.303338,1.1659819e+06,7.0740724,82.465355,-0.12548523,0.5056414,0.42478827,16.383482,12.668754,28.435898,-6.887605,-25.460318,-25.464014,-9.664813,-14.395024,-33.535145,2.224704,-8.717107,-5.9790864,5.8629994,-10.90801,0 days 00:00:25.184324324,0 days 00:00:25.224324324
0 days 00:00:00.870000,0 days 00:00:00.910000,answer3 ,218.84143,0.7746236,0.07248495,0.16962391,0.5418877,4.2773323,1.2913312,0.7120307,0.074616015,0.02702192,0.13355999,0.24225207,0.27182826,0.42620233,0.5113491,0.30994958,0.32084486,0.3046224,0.47321257,0.6196745,0.65018135,0.67653894,0.65731084,0.7663691,1.1175867,1.2467762,1.2339729,1.0759773,1.0386435,1.0736414,1.1413442,1.3021265,1.1306903,0.73637205,0.5486986,0.5030723,1.881978,0.05366374,315.8203,387.59766,430.66406,473.73047,0.67857164,436.0332,2.7989767,258335.33,9.236718,132.19136,-0.3038781,0.44032463,1.1595782,21.752417,9.927896,33.191265,-14.3675375,-35.45238,-36.644848,-12.575745,-10.186399,-42.35194,13.047549,-3.5856304,-10.052413,9.617146,-15.496173,0 days 00:00:25.194324324,0 days 00:00:25.234324324
0 days 00:00:00.880000,0 days 00:00:00.920000,answer3 ,220.50285,0.7961227,0.030951232,0.09885111,0.48212042,7.3366036,1.5585445,0.923992,0.095203765,0.021730915,0.15033005,0.35589704,0.37081325,0.645717,0.95215386,0.5787841,0.42610034,0.40515026,0.6210433,0.68970495,0.7303911,0.8186763,0.83468294,0.96805334,1.7361975,1.7896727,1.5821896,1.2230734,1.3596214,1.5700445,1.5324463,1.5697203,1.1644497,0.78701496,0.6133974,0.54846597,2.838379,0.07091909,330.17578,430.66406,445.01953,473.73047,0.7470403,436.75598,2.49182,179137.44,10.572426,190.91594,-0.45961055,0.45030323,1.7424631,24.64351,7.7302747,35.564415,-16.725815,-37.421062,-39.428852,-16.44911,-3.4040968,-51.405117,15.639722,0.4802451,-9.8842,10.463108,-14.680382,0 days 00:00:25.204324324,0 days 00:00:25.244324324
0 days 00:00:00.890000,0 days 00:00:00.930000,answer3 ,221.48079,0.8067326,0.034344263,0.021687457,0.16108488,13.620969,1.5691108,1.1220059,0.09967808,0.021730915,0.16574936,0.46568727,0.4755477,0.847972,1.4350485,0.8936465,0.54054457,0.51868397,0.7941475,0.8172558,0.86554354,0.98116636,1.0430156,1.1982285,2.461632,2.249282,1.8136612,1.3132476,1.6929016,2.041542,1.8604927,1.6876545,1.0916892,0.75821877,0.6161137,0.54348344,2.8994262,0.07381474,344.53125,430.66406,459.375,473.73047,0.457196,442.63843,2.3944523,170908.23,11.045527,221.56995,-0.465835,0.4571941,1.7841487,26.650568,3.719242,33.824352,-17.819593,-34.534573,-39.487003,-16.893097,-5.771116,-49.139767,15.18531,6.1668725,-12.26019,5.306838,-15.08002,0 days 00:00:25.214324324,0 days 00:00:25.254324324
0 days 00:00:00.900000,0 days 00:00:00.940000,answer3 ,221.11992,0.81030947,0.014174097,0.011477844,0.077480264,16.866714,1.4914659,1.2329079,0.09887612,0.021352986,0.16887742,0.51724124,0.5411343,0.93869305,1.7404753,1.1487664,0.61895937,0.60485685,0.9679904,0.9876535,1.0232996,1.0840706,1.1652638,1.3168515,2.914301,2.4274936,1.8631963,1.3825607,1.9791598,2.248686,1.9911026,1.6137441,1.0081426,0.703789,0.57477665,0.5245239,2.7931511,0.05118911,358.88672,430.66406,473.73047,473.73047,0.39762115,432.68686,2.3106291,119234.52,11.614414,248.44856,-0.44185683,0.45329323,1.7277012,27.50966,3.7035725,32.795376,-21.90788,-34.78226,-33.296875,-22.446953,-8.515018,-50.32376,14.442851,10.568884,-11.247685,-0.7362848,-14.651158,0 days 00:00:25.224324324,0 days 00:00:25.264324324
0 days 00:00:00.910000,0 days 00:00:00.950000,answer3 ,220.13066,0.80923814,0.00846022,0.003928962,0.07196059,18.139946,1.5105163,1.2423824,0.099402785,0.02116402,0.15723665,0.5095591,0.55663985,0.9181244,1.7859954,1.2462602,0.6663587,0.65106606,1.1019171,1.1270367,1.0943564,1.1018769,1.184726,1.3184869,2.9243443,2.3174198,1.7688719,1.4297066,2.241289,2.2101219,1.9428787,1.4408199,0.933315,0.6413471,0.532837,0.49935147,2.951331,0.046415776,401.95312,430.66406,459.375,473.73047,0.29774472,436.1154,2.237685,109078.18,11.204529,224.91321,-0.45560622,0.45826566,1.8498567,27.957743,2.124409,32.274334,-27.123777,-37.66125,-31.36032,-25.012634,-3.9129276,-53.80731,9.803208,7.6867485,-9.87112,0.5079212,-17.458103,0 days 00:00:25.234324324,0 days 00:00:25.274324324
0 days 00:00:00.920000,0 days 00:00:00.960000,answer3 ,218.98875,0.8100026,0.008149774,0.0047124773,0.07158527,19.17779,1.549661,1.2111902,0.09899429,0.020786092,0.13549091,0.4768788,0.54075783,0.8719146,1.7006369,1.2484157,0.71881145,0.6925644,1.2136211,1.2029012,1.0888914,1.0551897,1.1477846,1.2698911,2.5874455,2.1027596,1.733684,1.5077552,2.4634275,2.0974352,1.891667,1.3177198,0.8543713,0.5686603,0.51380086,0.48846862,3.1016579,0.040813718,401.95312,430.66406,459.375,473.73047,0.2630819,435.53793,2.2280788,111859.59,11.365448,215.01672,-0.47605228,0.45840105,1.9770927,27.355108,1.7397636,32.354366,-33.059544,-39.52212,-27.867325,-29.549215,-0.22784519,-58.529068,8.693265,-2.440924,-3.4289227,0.68173546,-21.03015,0 days 00:00:25.244324324,0 days 00:00:25.284324324
0 days 00:00:00.930000,0 days 00:00:00.970000,answer3 ,217.43994,0.8106583,0.008518177,0.004295185,0.044930186,20.167253,1.5195645,1.1914734,0.0945586,0.020597128,0.11705048,0.45129845,0.5197875,0.85517335,1.6129985,1.203611,0.79537433,0.7525241,1.3156773,1.1824666,1.0351988,1.0110545,1.141597,1.2982365,2.1965902,1.9110454,1.8075551,1.5892214,2.634995,2.059868,1.8759937,1.2852095,0.77387196,0.5032198,0.54363555,0.5050524,2.826585,0.03674558,387.59766,430.66406,445.01953,473.73047,0.2475015,433.35034,2.238891,111722.56,11.875073,236.39369,-0.43595037,0.45650506,1.792276,27.493835,0.980165,30.930128,-31.044733,-41.222286,-28.07905,-29.94584,4.1335645,-55.790802,3.6251276,-4.59985,-3.1500504,2.4262836,-22.511702,0 days 00:00:25.254324324,0 days 00:00:25.294324324
0 days 00:00:00.940000,0 days 00:00:00.980000,answer3 ,215.06006,0.8070697,0.008169721,0.0027606722,0.035029802,20.8593,1.4554256,1.1798916,0.089009516,0.020030234,0.108026765,0.42795384,0.49101195,0.84528846,1.5133619,1.1176387,0.8813768,0.8163221,1.3851608,1.117489,1.0282332,1.0265843,1.1874462,1.3929834,1.901735,1.758825,1.8467237,1.6536946,2.6576736,1.9878153,1.8755041,1.3373942,0.71949726,0.47367644,0.60614544,0.5196181,2.3452392,0.030733824,387.59766,430.66406,445.01953,473.73047,0.2534043,434.83093,2.2113104,120018.96,12.479115,254.28198,-0.36178032,0.45779645,1.5688176,27.18191,1.2332827,27.936792,-28.73416,-37.101273,-28.226355,-29.029785,4.1061068,-52.148083,3.6971216,-4.943426,-1.7109443,2.8593092,-19.33079,0 days 00:00:25.264324324,0 days 00:00:25.304324324
0 days 00:00:00.950000,0 days 00:00:00.990000,answer3 ,212.00029,0.80371493,0.006789733,0.00088517525,0.034661066,20.51124,1.3988843,1.1553572,0.08560786,0.01946334,0.110755585,0.40396234,0.45762673,0.83032066,1.3980957,1.0070628,0.9404049,0.86497873,1.4039965,1.0515505,1.0706099,1.1022149,1.2374102,1.4511372,1.6919041,1.6040636,1.7304301,1.641549,2.4979904,1.8132606,1.8425518,1.4379407,0.72391224,0.5024962,0.68503904,0.5380253,2.104585,0.023490334,387.59766,430.66406,430.66406,473.73047,0.22151405,432.6006,2.1847482,122708.1,13.429405,286.42633,-0.32367766,0.45673737,1.4344587,26.678991,4.072817,22.594292,-24.769989,-32.497974,-31.800827,-24.761469,4.7534204,-48.14273,2.3022716,-6.042936,-0.8535006,6.6387405,-14.810491,0 days 00:00:25.274324324,0 days 00:00:25.314324324
0 days 00:00:00.960000,0 days 00:00:01,answer3 ,209.68617,0.8023195,0.005997047,0.008272768,0.029393375,21.264662,1.4018484,1.1280072,0.084068835,0.018896447,0.121171206,0.3792707,0.42140913,0.8215491,1.2871993,0.8888896,0.96958023,0.9152694,1.3749088,0.9978371,1.1172147,1.249705,1.3248324,1.5077676,1.5848846,1.4399633,1.4477811,1.5606241,2.1753223,1.576554,1.850279,1.6367384,0.77790856,0.58287525,0.76333815,0.5553143,2.087005,0.025110794,387.59766,430.66406,430.66406,459.375,0.22544129,435.8127,2.180486,134674.62,12.40944,233.78447,-0.3191737,0.45864734,1.3680071,25.92446,5.4628086,18.78462,-21.316954,-26.275215,-41.343216,-20.726656,8.971852,-49.15687,1.4837936,-12.214894,6.0426006,8.319756,-11.955588,0 days 00:00:25.284324324,0 days 00:00:25.324324324
0 days 00:00:00.960000,0 days 00:00:01.000997732,answer3 ,208.37733,0.8036521,0.0062459935,0.009409645,0.023720732,21.724646,1.4266462,1.1196219,0.0839448,0.018707482,0.13406825,0.3639429,0.39445326,0.83209276,1.2016845,0.7858982,0.97892946,0.9827595,1.3281307,0.95980257,1.1486329,1.4267138,1.4669529,1.6144873,1.5402156,1.278085,1.1765848,1.4446545,1.7917932,1.3841673,1.953108,1.9520203,0.87422675,0.6880026,0.81550425,0.5932567,2.108055,0.032909695,387.59766,416.3086,430.66406,445.01953,0.22720294,433.45816,2.2554338,139741.36,11.221512,193.40552,-0.3284236,0.45436898,1.2525426,25.825647,6.322542,15.986171,-15.698094,-23.4302,-48.631138,-16.152365,12.112762,-50.186443,-0.9541059,-15.6009245,8.736848,9.238033,-11.302784,0 days 00:00:25.284324324,0 days 00:00:25.325322056
0 days 00:00:00,0 days 00:00:00.040000,answer4 ,187.55269,0.7801841,0.0,0.0,0.043512847,16.628706,0.75835866,0.98834115,0.0268353,0.026832955,0.12921618,0.27204838,0.41952792,0.5544473,0.66972893,0.76589614,0.84702843,0.9178292,0.9822495,1.0430994,1.1020993,1.1600702,1.2171308,1.2728368,1.3262117,1.3755809,1.4180565,1.4484811,1.4578775,1.432704,1.3587462,1.2323397,1.069155,0.8959276,0.7342484,0.5943311,0.10740486,0.0017788812,172.26562,215.33203,531.15234,602.9297,0.037293967,375.09573,2.9335861,309067.1,8.060786,90.36137,-0.037836175,0.37051848,0.09920875,23.548788,24.255432,15.897733,-31.893019,-8.492572,-7.3628325,4.9994855,9.5845785,-11.366305,4.368956,-27.376478,-1.3799831,-21.365427,-9.847478,0 days 00:00:38.471805138,0 days 00:00:38.511805138
0 days 00:00:00.010000,0 days 00:00:00.050000,answer4 ,184.88269,0.7748,0.006373178,0.0,0.08026577,15.993726,0.7689174,0.98834115,0.026645983,0.02834467,0.12921618,0.27204838,0.41952792,0.5544473,0.66972893,0.76589614,0.84702843,0.9178292,0.9822495,1.0430994,1.1020993,1.1600702,1.2171308,1.2728368,1.3262117,1.3755809,1.4180565,1.4484811,1.4578775,1.432704,1.3587462,1.2323397,1.069155,0.8959276,0.7342484,0.5943311,0.10993249,0.0019996704,172.26562,215.33203,502.4414,588.5742,0.08699419,393.64087,3.0710967,373235.0,7.399397,74.5791,-0.035640005,0.38370308,0.09721509,22.86738,23.61582,16.474361,-30.087366,-9.019762,-9.775185,1.9121975,9.533387,-15.641396,9.216666,-25.651575,0.12832427,-17.46956,-9.184917,0 days 00:00:38.481805138,0 days 00:00:38.521805138
0 days 00:00:00.020000,0 days 00:00:00.060000,answer4 ,181.36818,0.76893955,0.010868018,0.008510576,0.11069066,16.189413,0.75337154,0.98834115,0.025326328,0.029856386,0.12921618,0.27204838,0.41952792,0.5544473,0.66972893,0.76589614,0.84702843,0.9178292,0.9822495,1.0430994,1.1020993,1.1600702,1.2171308,1.2728368,1.3262117,1.3755809,1.4180565,1.4484811,1.4578775,1.432704,1.3587462,1.2323397,1.069155,0.8959276,0.7342484,0.5943311,0.103048705,0.0019642848,172.26562,258.39844,502.4414,574.21875,0.13259871,427.3278,3.229276,446184.75,6.7108207,58.834366,-0.029384732,0.41173825,0.08360776,21.922419,22.195303,16.868883,-28.92038,-10.808703,-12.829342,-1.8814272,9.914012,-18.180973,13.055135,-24.78926,1.6040848,-11.392177,-10.504653,0 days 00:00:38.491805138,0 days 00:00:38.531805138
0 days 00:00:00.030000,0 days 00:00:00.070000,answer4 ,178.67065,0.7711713,0.012056184,0.008791377,0.12247882,14.147391,0.7514062,0.98834115,0.023333475,0.030801209,0.12921618,0.27204838,0.41952792,0.5544473,0.66972893,0.76589614,0.84702843,0.9178292,0.9822495,1.0430994,1.1020993,1.1600702,1.2171308,1.2728368,1.3262117,1.3755809,1.4180565,1.4484811,1.4578775,1.432704,1.3587462,1.2323397,1.069155,0.8959276,0.7342484,0.5943311,0.09652105,0.0029919224,215.33203,358.88672,502.4414,588.5742,0.14124817,495.68582,3.3652585,553952.75,5.9231644,46.37859,-0.02407373,0.4663788,0.071550585,20.357893,19.330584,17.274803,-26.532906,-12.82828,-12.110786,-2.6462555,5.8333855,-11.696366,20.967974,-21.822126,1.8341002,-9.040786,-7.4026933,0 days 00:00:38.501805138,0 days 00:00:38.541805138
0 days 00:00:00.040000,0 days 00:00:00.080000,answer4 ,176.07912,0.7739332,0.0117375925,0.008273204,0.10977802,13.125347,0.73348993,0.9900713,0.020945003,0.03287982,0.12787992,0.25914606,0.39494932,0.5484163,0.6715839,0.77381295,0.82520455,0.8879234,0.975282,1.053291,1.1160398,1.1580691,1.2304848,1.251174,1.3151222,1.4324433,1.4934622,1.4531908,1.4722589,1.3942565,1.3544921,1.2229925,1.078518,0.89644676,0.7545078,0.600903,0.09378027,0.0030507098,272.7539,459.375,545.5078,588.5742,0.12200254,558.0148,3.3626614,624572.5,5.5235553,40.545635,-0.018972332,0.5225391,0.06210178,18.82662,18.32279,15.707703,-27.73459,-16.755049,-9.945161,-3.2917767,2.8004887,-8.014119,24.413895,-21.952278,5.5284915,-5.6915054,-10.729047,0 days 00:00:38.511805138,0 days 00:00:38.551805138
0 days 00:00:00.050000,0 days 00:00:00.090000,answer4 ,173.14606,0.77000564,0.0071642385,0.0068858713,0.12448114,11.672737,0.7252657,0.98522854,0.019814385,0.034202572,0.12334185,0.23698552,0.35874918,0.53889424,0.67327094,0.78820497,0.78600025,0.8369561,0.9738448,1.0335221,1.1401777,1.1394264,1.2272964,1.214156,1.2901305,1.5039824,1.5867878,1.4622164,1.4524177,1.3208247,1.3453428,1.2163768,1.0780694,0.8815785,0.7904258,0.6169626,0.10029861,0.0029652298,315.8203,502.4414,545.5078,588.5742,0.10879918,588.18726,3.3501978,683024.44,5.288219,36.041332,-0.01790369,0.5498421,0.06583387,18.243298,18.561369,14.851467,-26.656006,-18.880692,-10.546185,-4.202972,0.9505882,-9.588925,30.14181,-22.40137,8.229412,-6.1831565,-8.699596,0 days 00:00:38.521805138,0 days 00:00:38.561805138
0 days 00:00:00.060000,0 days 00:00:00.100000,answer4 ,169.10329,0.7600015,0.0070713037,0.005314739,0.12523173,11.649728,0.69915634,0.9733065,0.020197084,0.035336357,0.12205998,0.21575852,0.32522306,0.53660905,0.6830521,0.7992098,0.7235338,0.78383464,0.98552567,1.0214511,1.1673986,1.1076758,1.204907,1.1860164,1.2779912,1.5580803,1.6444527,1.4476913,1.3941154,1.2371815,1.3102028,1.199245,1.0555716,0.8498022,0.8321409,0.6372385,0.105142,0.0019523161,272.7539,445.01953,531.15234,545.5078,0.11070768,516.5207,3.276251,546077.56,6.671355,60.54475,-0.020081228,0.49677706,0.07293215,20.41607,20.45919,14.79362,-24.260859,-17.255295,-9.849275,-4.7952085,2.6299734,-16.854567,27.578035,-17.85231,11.829333,-4.317383,-10.577011,0 days 00:00:38.531805138,0 days 00:00:38.571805138
0 days 00:00:00.070000,0 days 00:00:00.110000,answer4 ,167.03386,0.7326246,0.0059528216,0.005803951,0.14912236,-25.27358,0.65534407,0.9391435,0.019586721,0.034769464,0.12530194,0.21120457,0.32766894,0.5430287,0.69794255,0.7852877,0.66131264,0.75010467,1.0143234,0.98106736,1.1331383,1.0577394,1.1350107,1.1884015,1.2632055,1.5295621,1.5764456,1.3696952,1.2646309,1.1705387,1.2230848,1.1436414,0.9883287,0.78964067,0.8483443,0.63908154,0.092189215,0.0017108886,215.33203,387.59766,516.7969,531.15234,0.12384675,466.05948,3.3197727,465697.84,7.9762726,88.54191,-0.01859046,0.4564487,0.06458215,22.060928,20.54245,16.32575,-19.499739,-19.51175,-9.596919,-3.198184,1.3708869,-18.672884,27.638306,-17.117949,9.470416,-2.7781227,-8.030919,0 days 00:00:38.541805138,0 days 00:00:38.581805138
0 days 00:00:00.080000,0 days 00:00:00.120000,answer4 ,0.0,0.70374155,0.0,0.0,0.0,-62.596996,0.6080275,0.89786386,0.0171824,0.0345805,0.13278186,0.21058387,0.34156355,0.54272765,0.68656874,0.7202428,0.6128284,0.73539335,1.0031508,0.9562874,1.0837153,1.044618,1.0705105,1.2300519,1.273415,1.4786968,1.4809147,1.2436409,1.1443807,1.1223844,1.094537,1.0418068,0.9199297,0.7340197,0.8285119,0.61120194,0.06416127,0.0017342997,215.33203,344.53125,531.15234,588.5742,0.1568998,486.60776,3.5425808,617727.7,7.8148365,87.83802,-0.013989806,0.46270528,0.045922104,21.554857,17.797224,16.023695,-16.437166,-17.825378,-7.436336,-0.8490277,1.0360637,-16.011793,23.525404,-16.757387,6.4978347,-0.31864786,-5.641979,0 days 00:00:38.551805138,0 days 00:00:38.591805138
0 days 00:00:00.090000,0 days 00:00:00.130000,answer4 ,0.0,0.6850011,0.0,0.0,0.0,-100.0,0.5648917,0.85170144,0.014558817,0.041005295,0.135416,0.20433666,0.3539437,0.5196394,0.6421489,0.6295095,0.59772295,0.7267657,0.92832357,0.91928214,1.0160328,1.0532146,1.0017009,1.2473336,1.242373,1.4727281,1.4681739,1.1336919,1.0529925,1.043652,0.95109075,0.9157405,0.86058694,0.6824567,0.78371876,0.5616629,0.04583442,0.0019902221,229.6875,315.8203,531.15234,617.28516,0.16670763,502.20297,3.7076313,662784.2,7.177616,76.503456,-0.009675187,0.470596,0.027524443,21.497889,17.029356,17.682274,-16.262085,-22.711374,-5.118946,-0.1334176,-2.8441036,-11.485179,25.373573,-26.105179,2.4885402,-2.2571156,-3.8399699,0 days 00:00:38.561805138,0 days 00:00:38.601805138
0 days 00:00:00.100000,0 days 00:00:00.140000,answer4 ,0.0,0.67324066,0.0,0.0,0.0,-100.0,0.5225275,0.8091426,0.013414256,0.05914588,0.13117243,0.18747598,0.35349247,0.47955513,0.5725858,0.54126024,0.6084899,0.70522666,0.7912156,0.8789525,0.9840498,1.0875309,0.9427099,1.2065538,1.191763,1.4367157,1.4898325,1.0790728,1.0291706,0.9421647,0.8455329,0.8283906,0.82923985,0.65828615,0.72424346,0.5130257,0.03355902,0.0015802536,258.39844,315.8203,531.15234,631.6406,0.1672293,503.4766,3.8097885,695030.56,6.806764,65.6802,-0.007002445,0.46995842,0.01877734,21.017418,17.343466,17.186209,-16.099314,-18.24225,-6.79046,-4.0711527,-2.4442427,-5.4230027,22.98951,-24.462769,0.88912874,-7.041214,-1.610961,0 days 00:00:38.571805138,0 days 00:00:38.611805138
0 days 00:00:00.110000,0 days 00:00:00.150000,answer4 ,0.0,0.6658198,0.0,0.0,0.0,-100.0,0.54205996,0.78399515,0.013673524,0.08975813,0.12537122,0.17479604,0.3692396,0.45523274,0.50952125,0.48813745,0.6168437,0.6754875,0.6734294,0.88187903,0.98134154,1.1012837,0.8821941,1.1125379,1.1220386,1.3646826,1.4841594,1.075728,1.048955,0.88667345,0.7956862,0.7984826,0.84310454,0.7045767,0.72135586,0.4911381,0.051723253,0.001657762,244.04297,287.10938,445.01953,559.8633,0.17099206,482.14426,3.514574,892898.7,6.9288955,65.144936,-0.009971671,0.4519943,0.026056573,19.492342,22.148153,15.905498,-14.166031,-16.924932,-4.038859,-6.0771523,-11.0139265,-7.5423374,19.2554,-20.597961,-7.122004,-7.1275086,-4.6483283,0 days 00:00:38.581805138,0 days 00:00:38.621805138
0 days 00:00:00.120000,0 days 00:00:00.160000,answer4 ,0.0,0.6416854,0.0,0.0,0.0,-100.0,0.5657184,0.792841,0.013783019,0.120370366,0.12046457,0.16759653,0.3929138,0.44460392,0.46210155,0.45446527,0.59098005,0.61137444,0.6017055,0.8991644,0.9786764,1.0992202,0.8678336,1.039586,1.083934,1.2715268,1.4297551,1.0924405,1.0906353,0.95610374,0.8273377,0.8594914,0.9929401,0.905958,0.856251,0.5168098,0.042669814,0.00164312,258.39844,358.88672,1937.9883,3072.0703,0.18530379,1252.9296,4.1937833,4.6441055e+06,5.0109487,43.31516,-0.008028586,0.96864104,0.02184257,12.049844,25.711565,13.646187,-9.096985,-10.567446,-11.402997,-4.857988,-11.887481,-6.2567825,12.1501,-12.745761,-7.8677697,-1.896463,-8.516969,0 days 00:00:38.591805138,0 days 00:00:38.631805138
0 days 00:00:00.130000,0 days 00:00:00.170000,answer4 ,0.0,0.62452906,0.0,0.0,0.0,-100.0,0.6484664,0.87417966,0.013317143,0.14153439,0.11793666,0.16622244,0.41172782,0.44864878,0.42219484,0.42044362,0.5426919,0.5569376,0.5944143,0.95798445,0.99055976,1.1303004,0.987662,1.1099157,1.1289132,1.2366697,1.3826022,1.1622835,1.1521524,1.2194487,0.9636195,1.0351185,1.3601319,1.3836117,1.2381825,0.608299,0.03987823,0.0024616292,244.04297,358.88672,3273.0469,5268.457,0.18045269,1852.4078,4.7572665,7.7605375e+06,2.7299182,14.872155,-0.00822186,1.3673493,0.022142611,6.109907,26.646173,11.152058,-2.6391313,-8.393998,-15.181611,-3.1733048,-11.850479,-8.601374,3.1864212,-11.447239,-8.380596,2.7074986,-12.987716,0 days 00:00:38.601805138,0 days 00:00:38.641805138
0 days 00:00:00.140000,0 days 00:00:00.180000,answer4 ,0.0,0.60856175,0.0,0.0,0.0,-100.0,0.6819253,1.0188122,0.012297306,0.14342405,0.11481669,0.1691465,0.40327373,0.4343425,0.38034472,0.374873,0.48679125,0.5236754,0.6411529,1.0141277,0.98643446,1.2063984,1.3259972,1.4274038,1.2807795,1.2834052,1.406557,1.3259952,1.2149738,1.620871,1.1511914,1.3099316,1.8694191,2.0212324,1.7747654,0.74121827,0.015506971,0.0045275,215.33203,373.2422,4349.707,7105.957,0.156381,2340.3958,5.5247226,9.518519e+06,1.3385304,3.822457,-0.0050725713,1.6788063,0.012669887,2.039982,21.24513,11.693244,4.827465,-2.6325812,-17.81499,2.159619,-2.7541924,-8.198745,-8.079371,-10.336169,1.9224768,1.9363651,-16.360008,0 days 00:00:38.611805138,0 days 00:00:38.651805138
0 days 00:00:00.150000,0 days 00:00:00.190000,answer4 ,0.0,0.6074391,0.0,0.0,0.0,-100.0,0.68778056,1.1658295,0.010334964,0.13416478,0.10973651,0.1710047,0.35634932,0.39707598,0.3381088,0.32667527,0.4598998,0.5430835,0.74937963,1.0505499,1.0178813,1.3408842,1.8743216,1.967014,1.4759377,1.3277426,1.452905,1.59752,1.2994186,2.0052016,1.2951719,1.5191783,2.2291245,2.442544,2.1365497,0.8283108,0.011520593,0.005757667,200.97656,502.4414,3689.3555,6144.1406,0.12149922,2088.2673,5.562938,7.4756465e+06,1.5382013,4.8093114,-0.004480788,1.489242,0.011744425,2.863165,13.690575,9.680553,3.5649137,-0.95399815,-10.7821,2.2030928,4.0630765,-7.5094304,-15.913387,-10.713346,4.1032004,3.5092554,-16.05525,0 days 00:00:38.621805138,0 days 00:00:38.661805138
0 days 00:00:00.160000,0 days 00:00:00.200000,answer4 ,0.0,0.6108856,0.0,0.0,0.0,-100.0,0.68866104,1.2627692,0.009562117,0.12414966,0.1072638,0.17787844,0.309401,0.35145655,0.30517432,0.2944918,0.47942996,0.6320529,0.96426934,1.0988346,1.1203016,1.4923172,2.438989,2.5225894,1.6668516,1.3470358,1.4921876,1.9163465,1.3868027,2.259459,1.3205394,1.5449013,2.223717,2.39785,2.1593575,0.8225022,0.006147418,0.006921558,186.6211,473.73047,2483.496,4837.793,0.12053424,1674.5875,5.405749,5.1160425e+06,2.063321,7.97941,-0.0041347407,1.1993772,0.009263267,5.267566,8.4022455,8.8864355,1.6529862,3.2229788,-3.9952822,4.3649197,10.742294,-9.069251,-19.22095,-10.692169,5.6713657,3.3928268,-15.262462,0 days 00:00:38.631805138,0 days 00:00:38.671805138
0 days 00:00:00.170000,0 days 00:00:00.210000,answer4 ,0.0,0.597548,0.0,0.0,0.0,-100.0,0.72263813,1.2963527,0.010157454,0.11904762,0.111215614,0.18115003,0.2690409,0.31297284,0.30790678,0.29243603,0.5451284,0.7758959,1.2154409,1.1364785,1.2887515,1.6690801,2.8477383,2.9197817,1.8523911,1.314259,1.4815512,2.1820378,1.500966,2.3586977,1.2835685,1.3847165,1.932145,1.9629973,1.8491157,0.729708,0.0076198042,0.00908701,172.26562,545.5078,1923.6328,3875.9766,0.120307624,1396.0831,5.420835,3.5720362e+06,2.5058258,11.716981,-0.0047975015,1.0151856,0.009777869,8.6810465,4.2644253,9.056141,-2.589694,2.073677,-4.3055615,1.2309067,19.279737,-5.1160283,-14.167733,-7.114865,5.965878,4.551004,-8.290951,0 days 00:00:38.641805138,0 days 00:00:38.681805138
0 days 00:00:00.180000,0 days 00:00:00.220000,answer4 ,0.0,0.5908391,0.0,0.0,0.0,-100.0,0.7876148,1.3212517,0.011376113,0.12169313,0.11749437,0.18200223,0.26029783,0.29991505,0.34542346,0.32268947,0.64932567,0.96174175,1.4237212,1.2253977,1.4944019,1.8876806,3.0943592,3.1139252,2.081119,1.2403799,1.446293,2.3821108,1.6342996,2.4177485,1.320227,1.2089847,1.5875233,1.5140642,1.5087453,0.6326702,0.008273844,0.013808105,344.53125,846.97266,2239.4531,5096.1914,0.13642712,1680.4032,5.594263,4.6534445e+06,2.4531472,11.238475,-0.0056978785,1.2210149,0.011438352,9.546364,0.416471,8.602696,-4.699434,6.2882614,-8.175468,-1.5846752,25.719732,-9.8074255,-15.839452,-7.594212,7.9967456,0.0032334328,-11.429985,0 days 00:00:38.651805138,0 days 00:00:38.691805138
0 days 00:00:00.190000,0 days 00:00:00.230000,answer4 ,0.0,0.5860638,0.0,0.0,0.0,-100.0,0.82715654,1.3670496,0.012067706,0.12282691,0.12288544,0.17303067,0.26245728,0.29823932,0.39946565,0.3525573,0.7149685,1.1378884,1.5572246,1.3632561,1.6517671,2.1378148,3.266957,3.2718384,2.4364388,1.1524591,1.3880224,2.5565689,1.8087267,2.533741,1.4754672,1.1269611,1.3651085,1.2129186,1.2048103,0.571711,0.007433627,0.017697016,559.8633,1291.9922,3115.1367,5483.789,0.14722921,2102.01,5.95977,5.618344e+06,2.1316538,9.291043,-0.0054404177,1.4944391,0.013165387,8.468858,-4.604525,9.249794,-8.027241,10.271969,-8.782185,-4.8277774,28.13862,-16.350492,-16.893206,-2.8918445,13.679048,1.5031315,-4.156791,0 days 00:00:38.661805138,0 days 00:00:38.701805138
0 days 00:00:00.200000,0 days 00:00:00.240000,answer4 ,0.0,0.59034586,0.0,0.0,0.0,-100.0,0.81577414,1.4080843,0.011645566,0.12301587,0.12057388,0.1599709,0.26208457,0.30176142,0.44041297,0.35982087,0.7282896,1.2631707,1.6469316,1.4779674,1.7148997,2.3415003,3.3165371,3.3056602,2.7266357,1.093489,1.3512286,2.7827141,2.0004177,2.6401958,1.656477,1.1125394,1.2198181,1.0536108,0.9908035,0.5426762,0.0052647255,0.01756625,617.28516,1421.1914,3517.0898,5670.41,0.14636232,2276.3242,6.0122914,5.9326465e+06,1.8653055,7.117513,-0.004825169,1.595533,0.013276619,7.669665,-6.1214275,10.442887,-10.086396,11.3839445,-3.0094872,-5.6202946,25.160994,-17.918894,-19.831316,-6.942953,15.732491,3.9117095,-3.3761566,0 days 00:00:38.671805138,0 days 00:00:38.711805138
0 days 00:00:00.210000,0 days 00:00:00.250000,answer4 ,0.0,0.59734017,0.0,0.0,0.0,-100.0,0.7999061,1.4161825,0.010775153,0.11734694,0.11385262,0.1461281,0.26090398,0.31351465,0.45291314,0.34007025,0.6892338,1.2939409,1.7253882,1.5476238,1.7099972,2.440749,3.2183933,3.184823,2.8093042,1.1435804,1.3213576,2.9523761,2.1528761,2.6854465,1.7328653,1.0932482,1.1541647,0.9809809,0.83430856,0.5227006,0.006598659,0.016361602,502.4414,1335.0586,3014.6484,3976.4648,0.13993932,1915.8833,5.8293815,3.9919168e+06,2.076275,9.020217,-0.0044857548,1.3394318,0.012605033,8.2732725,-7.7449455,11.712413,-9.15066,9.475442,-3.6376379,-7.862495,17.637709,-16.835066,-19.655573,-3.0087605,12.444416,7.547088,4.804275,0 days 00:00:38.681805138,0 days 00:00:38.721805138
0 days 00:00:00.220000,0 days 00:00:00.260000,answer4 ,0.0,0.5949967,0.0,0.0,0.0,-100.0,0.7647936,1.3738505,0.009701333,0.10978836,0.103477925,0.1383487,0.2583333,0.33910236,0.45651677,0.32503965,0.6517815,1.201232,1.6700801,1.5215092,1.6767677,2.4833677,2.9873683,2.870494,2.637335,1.3546616,1.3118669,2.955202,2.2155592,2.52338,1.6547289,1.0223134,1.1539396,0.9674315,0.7496195,0.49065924,0.007273316,0.014617767,344.53125,1306.3477,2655.7617,3904.6875,0.121035196,1776.4327,5.765284,3.50901e+06,2.1252236,9.284173,-0.003948882,1.2554106,0.010679782,7.8686614,-7.624063,12.061345,-6.09899,4.636599,-10.15694,-10.3947,7.7693353,-9.160024,-17.858543,-5.5703397,2.7674072,6.3303666,-0.13464005,0 days 00:00:38.691805138,0 days 00:00:38.731805138
0 days 00:00:00.230000,0 days 00:00:00.270000,answer4 ,0.0,0.62164193,0.0,0.0,0.0,-100.0,0.7285575,1.3051504,0.008803682,0.10204082,0.08904323,0.13150634,0.26591548,0.36980745,0.4516927,0.33021724,0.6335024,1.0230243,1.4688843,1.5306035,1.6499295,2.5138092,2.8443077,2.5455127,2.3012688,1.6318359,1.3190551,2.6678083,2.0912957,2.2588127,1.5194626,0.9256248,1.1911832,0.99440384,0.7401913,0.44521022,0.0072664376,0.014141078,502.4414,1536.0352,2282.5195,4062.5977,0.10823872,1836.0254,5.80188,3.4163682e+06,2.235932,9.711833,-0.0032732266,1.3197552,0.008993393,6.9033885,-9.860359,7.9897056,-4.1161847,5.005558,-18.068161,-15.170601,0.23534453,-9.900856,-14.910218,-4.4129395,-4.0391164,10.881378,-6.897639,0 days 00:00:38.701805138,0 days 00:00:38.741805138
0 days 00:00:00.240000,0 days 00:00:00.280000,answer4 ,0.0,0.6194346,0.0,0.0,0.0,-100.0,0.6441774,1.2167422,0.007854784,0.09051398,0.07564743,0.12565142,0.26708326,0.39147392,0.44874993,0.34218922,0.5991762,0.8030185,1.1854873,1.603868,1.6454759,2.5752695,2.7818906,2.2594624,1.9518737,1.77948,1.2982936,2.1621606,1.8250812,1.9687446,1.3767887,0.8238499,1.1896353,1.0003887,0.7663056,0.38825178,0.005399753,0.011730838,502.4414,1507.3242,2024.1211,3646.289,0.088167764,1734.548,5.5811443,3.277588e+06,2.6655233,12.64405,-0.0026055817,1.27821,0.0075562503,8.179008,-9.464274,6.572065,1.2599106,9.989683,-20.639574,-21.40728,-2.910066,-5.916998,-8.178547,-1.4027013,-5.9297576,14.268677,-14.156541,0 days 00:00:38.711805138,0 days 00:00:38.751805138
0 days 00:00:00.250000,0 days 00:00:00.290000,answer4 ,0.0,0.62432003,0.0,0.0,0.0,-100.0,0.5315789,1.0898975,0.006442843,0.07898715,0.06574175,0.11844035,0.24912465,0.38160482,0.43895745,0.34575406,0.5542414,0.62767625,0.9304393,1.5910276,1.5700006,2.5114048,2.6560967,1.963099,1.6030512,1.6490942,1.2489184,1.6298434,1.453139,1.7225672,1.2190257,0.71811134,1.0665599,0.92538863,0.7722599,0.32576516,0.0033547934,0.008096394,516.7969,1205.8594,1765.7227,3316.1133,0.08337305,1564.8662,5.4395843,2.898876e+06,3.1011562,15.939014,-0.0017178046,1.1775045,0.0048155226,10.527003,-9.689642,6.551183,0.75392014,8.247505,-20.791893,-21.064127,4.8625894,-2.0796282,-4.8690763,0.6746591,-4.749355,19.781874,-13.26592,0 days 00:00:38.721805138,0 days 00:00:38.761805138
0 days 00:00:00.260000,0 days 00:00:00.300000,answer4 ,0.0,0.6149567,0.0,0.0,0.0,-100.0,0.44351682,0.9364005,0.005201821,0.06670446,0.06328531,0.111861914,0.22274084,0.35858417,0.4230099,0.3391335,0.51188785,0.53692895,0.77111053,1.4475106,1.4316082,2.2759213,2.35029,1.6563934,1.3405365,1.3292146,1.1173978,1.2127641,1.1232429,1.493523,1.0179917,0.6067721,0.8607004,0.7710242,0.70599383,0.26698247,0.0028826979,0.0044446937,358.88672,904.39453,1492.9688,2569.629,0.07084324,1260.4796,5.232249,2.3467732e+06,3.702769,22.16848,-0.0011912453,0.9890036,0.0031292234,14.285571,-8.739475,6.536302,-1.1427553,6.2729697,-18.940447,-17.031336,9.179188,-3.521159,-8.155055,-1.3152205,-5.663358,16.339437,-9.368729,0 days 00:00:38.731805138,0 days 00:00:38.771805138
0 days 00:00:00.270000,0 days 00:00:00.310000,answer4 ,0.0,0.6216946,0.0,0.0,0.0,-100.0,0.38686642,0.78234226,0.0045265486,0.057823125,0.065203905,0.109165825,0.20606177,0.33123097,0.39770472,0.34953842,0.5205415,0.5390342,0.6966471,1.1691613,1.2194885,1.8784801,1.880098,1.3668756,1.1893595,0.998689,0.94402283,0.9702733,0.8845648,1.2445337,0.79552245,0.5053274,0.66362435,0.6039681,0.5868297,0.22495174,0.002979995,0.0016503396,315.8203,617.28516,1191.5039,2225.0977,0.062038977,1010.5342,5.056322,1.7608009e+06,4.457205,33.44631,-0.00084968825,0.82753325,0.0022258228,17.377243,-6.8345428,3.7316084,-6.1093903,0.21566741,-15.347743,-8.547706,14.795948,-5.6715355,-13.081029,-3.4106166,-7.4690747,8.350358,-4.7255816,0 days 00:00:38.741805138,0 days 00:00:38.781805138
0 days 00:00:00.280000,0 days 00:00:00.320000,answer4 ,0.0,0.6198473,0.0,0.0,0.0,-100.0,0.36619806,0.6733725,0.0041686087,0.05234316,0.06846871,0.109095134,0.21104528,0.31411022,0.36330724,0.38057217,0.56367713,0.60281533,0.69649595,0.96292084,1.0492439,1.4715052,1.4633085,1.1813172,1.1164956,0.7999924,0.7933114,0.8160711,0.744004,1.029727,0.62508905,0.43339562,0.55305266,0.4896845,0.4644799,0.2044998,0.0027382446,0.0012910515,258.39844,574.21875,961.8164,1751.3672,0.055094842,820.5732,4.935451,1.0728209e+06,4.769713,39.11664,-0.00081006327,0.7012362,0.002146735,19.55456,-5.993917,2.21081,-3.8694513,2.1716545,-12.672112,-3.7714617,11.381349,-8.498316,-12.6311035,-2.3222082,-7.8475347,3.3586843,-5.3794208,0 days 00:00:38.751805138,0 days 00:00:38.791805138
0 days 00:00:00.290000,0 days 00:00:00.330000,answer4 ,0.0,0.6130119,0.0,0.0,0.0,-100.0,0.33292887,0.6095287,0.003772674,0.058578987,0.07261987,0.1160359,0.21838589,0.29226187,0.34257102,0.41717887,0.6008566,0.6594257,0.73730856,0.8592213,0.9685654,1.1830783,1.1637982,1.0567063,1.0660434,0.7059517,0.6905308,0.7148133,0.6694176,0.8463566,0.5193905,0.39526662,0.525646,0.43808356,0.382468,0.2057668,0.002101592,0.000916183,287.10938,574.21875,890.03906,1679.5898,0.049967725,791.7896,4.9681706,1.0107083e+06,5.032452,42.752502,-0.00065085664,0.6859402,0.0016517839,19.736696,-4.9370565,-0.053555805,-2.573539,1.6743016,-9.394657,-0.14244,12.575898,-1.9497665,-5.634668,0.57278043,-4.0551124,1.6569074,-3.7300122,0 days 00:00:38.761805138,0 days 00:00:38.801805138
0 days 00:00:00.300000,0 days 00:00:00.340000,answer4 ,0.0,0.60607255,0.0,0.0,0.0,-100.0,0.31216204,0.5755046,0.003468152,0.073885106,0.0775402,0.122495316,0.21544325,0.27045053,0.34655824,0.43395224,0.6009257,0.67601246,0.7579713,0.8005891,0.93444496,1.0135583,0.9972205,0.9933961,1.0266823,0.68154424,0.6491718,0.65424913,0.61474127,0.7048932,0.47141603,0.38719472,0.535527,0.42531493,0.34992158,0.22190607,0.0015785504,0.00078428996,301.46484,516.7969,875.6836,1765.7227,0.044702023,815.3143,5.053946,1.2359079e+06,4.9109306,38.780506,-0.00050746923,0.6980529,0.001087278,19.0152,-3.783498,0.35383463,1.5341436,-1.7756633,-11.650566,1.9098668,9.980457,-2.8555062,-3.726133,-1.3406669,1.6165357,4.175382,-1.6145725,0 days 00:00:38.771805138,0 days 00:00:38.811805138
0 days 00:00:00.310000,0 days 00:00:00.350000,answer4 ,0.0,0.6101933,0.0,0.0,0.0,-100.0,0.33328494,0.56874067,0.0035097033,0.10185185,0.08160483,0.1261202,0.20044756,0.25245932,0.37055108,0.42897305,0.5790754,0.66327196,0.76980495,0.77484584,0.91624683,0.9359668,0.90747756,0.9530888,1.0028647,0.69848466,0.6648366,0.66787523,0.5878441,0.6140279,0.48064098,0.43339404,0.58796805,0.45341823,0.37241974,0.2635487,0.0015187372,0.0007725335,401.95312,660.35156,1995.4102,3962.1094,0.042570263,1431.9512,5.538406,4.348762e+06,3.908333,28.313148,-0.00049595156,1.1318134,0.0010737296,14.794452,-1.1024063,-3.106908,-1.5764405,-3.943537,-7.747919,5.0838847,7.426603,-1.3714007,-0.45448622,-3.5671911,8.430163,2.0402756,-1.837244,0 days 00:00:38.781805138,0 days 00:00:38.821805138
0 days 00:00:00.320000,0 days 00:00:00.360000,answer4 ,0.0,0.60598725,0.0,0.0,0.0,-100.0,0.36855206,0.59399927,0.0039593824,0.13473167,0.085360415,0.12749325,0.19596334,0.26087123,0.4014224,0.42328307,0.5731595,0.64113575,0.7825138,0.7628682,0.90182215,0.921218,0.8671524,0.9285775,1.014692,0.7423165,0.74773103,0.76913506,0.5968716,0.5932386,0.5290222,0.5464858,0.7001862,0.5388177,0.4506898,0.34195328,0.0021414247,0.0010626893,344.53125,559.8633,2153.3203,5110.547,0.04768567,1637.5605,5.6683526,6.0068905e+06,3.084858,17.815575,-0.00066523557,1.2646064,0.0015704053,12.679817,2.4844234,-1.986853,1.827929,-3.9464767,-8.812041,0.929722,-2.0423527,-0.12236675,-1.5983118,-7.124103,8.55719,1.8644118,-1.5738939,0 days 00:00:38.791805138,0 days 00:00:38.831805138
0 days 00:00:00.330000,0 days 00:00:00.370000,answer4 ,0.0,0.58955985,0.0,0.0,0.0,-100.0,0.40420237,0.6598422,0.0044061304,0.1676115,0.08992496,0.13525689,0.20385964,0.2974886,0.42975283,0.4213619,0.5763443,0.63227963,0.8030453,0.786849,0.92378396,0.9548664,0.86973,0.931648,1.0637115,0.81817406,0.94759196,0.9563647,0.67059565,0.6684168,0.6228554,0.7454326,0.88058686,0.6949327,0.5761122,0.4549303,0.0020811108,0.0013340488,358.88672,674.70703,3057.7148,7350.0,0.052441757,2237.2395,6.0462003,9.289619e+06,1.7815245,5.4987407,-0.0007356562,1.6689168,0.00206795,8.526963,3.873006,1.1108071,0.287209,-2.469332,-5.2785296,-0.09159732,-4.4681177,4.1352262,1.0712014,-8.566564,11.05313,3.8725202,-0.9421811,0 days 00:00:38.801805138,0 days 00:00:38.841805138
0 days 00:00:00.340000,0 days 00:00:00.380000,answer4 ,0.0,0.550942,0.0,0.0,0.0,-100.0,0.43430638,0.75349253,0.005072601,0.19274376,0.09527888,0.14827959,0.22118872,0.34147033,0.45015135,0.4182894,0.58004475,0.6351909,0.8092876,0.8021374,0.97452146,1.0156361,0.8804299,0.9410594,1.1173812,0.9468784,1.3106413,1.2177936,0.8205414,0.8313529,0.74423844,1.0008059,1.097418,0.8871506,0.71847695,0.5851623,0.0021314805,0.0022719179,459.375,1306.3477,4005.1758,7694.5312,0.057436347,2709.9294,6.1055026,1.0071345e+07,1.6119953,5.1810484,-0.0008485772,1.962581,0.0028288774,6.3404408,4.1469197,7.1636252,0.24368954,-5.586687,-2.935851,-2.1530907,-9.07612,3.4006302,-0.5840576,-15.341228,7.876185,7.4170184,2.0274403,0 days 00:00:38.811805138,0 days 00:00:38.851805138
0 days 00:00:00.350000,0 days 00:00:00.390000,answer4 ,0.0,0.5349639,0.0,0.0,0.0,-100.0,0.5186568,0.86725587,0.006561972,0.20502646,0.09794048,0.16614342,0.25031343,0.39570332,0.46438885,0.4090288,0.5723315,0.63651854,0.7702053,0.7894322,1.0083106,1.0833722,0.9093494,0.9984284,1.2117033,1.1727239,1.8423451,1.5220894,1.0576074,1.0617238,0.898863,1.2771935,1.3092734,1.0820342,0.8579285,0.7036998,0.0031937342,0.0047389003,502.4414,2081.543,5211.035,8871.68,0.071659364,3334.3215,6.354328,1.1534211e+07,1.1038398,3.277259,-0.0013779023,2.3624728,0.004537897,1.8713506,4.242096,12.911591,-1.2634715,-9.036142,-4.7031527,-3.1886816,-11.897399,0.6583517,-1.8059231,-18.44233,5.2521105,5.498148,-0.04495986,0 days 00:00:38.821805138,0 days 00:00:38.861805138
0 days 00:00:00.360000,0 days 00:00:00.400000,answer4 ,0.0,0.5278618,0.0,0.0,0.0,-100.0,0.6870149,1.0358217,0.009778784,0.2089947,0.09561455,0.17274879,0.28007331,0.4255284,0.47888002,0.41826883,0.573375,0.6419808,0.7385292,0.79714936,1.0293692,1.1605608,0.9564751,1.0944934,1.3745209,1.5597807,2.5778816,1.9608129,1.4839869,1.4532458,1.173052,1.6618341,1.6289482,1.3281492,1.0210367,0.84506893,0.0035082207,0.013986158,1320.7031,3100.7812,5871.3867,8886.035,0.11247874,3951.1433,6.57363,9.956187e+06,0.9278303,3.1235523,-0.0027954224,2.7104232,0.01021207,-4.394998,2.8756886,15.3149605,-6.3465805,-9.304465,-5.579787,-5.778925,-16.331945,2.5656488,1.3670386,-16.526474,2.8149312,4.2705865,-0.14157219,0 days 00:00:38.831805138,0 days 00:00:38.871805138
0 days 00:00:00.370000,0 days 00:00:00.410000,answer4 ,0.0,0.5714658,0.0,0.0,0.0,-100.0,0.96692675,1.312193,0.015922429,0.20578231,0.09402388,0.17959847,0.3226336,0.44789985,0.48825037,0.45524362,0.59434515,0.64481527,0.7356999,0.8475187,1.0997515,1.3098997,1.1178213,1.2928964,1.6169153,2.1429672,3.5107841,2.7127762,2.2059479,2.0667133,1.6688751,2.2842858,2.2168586,1.7324234,1.2868023,1.0412701,0.0036383334,0.052524973,2038.4766,3244.336,5053.125,8096.4844,0.19147392,3967.6836,6.455683,7.0363945e+06,1.0788463,4.006067,-0.008823554,2.6346338,0.034309793,-10.047318,2.274204,19.557196,-4.9935694,-4.0511203,-7.3501697,-6.616804,-13.572075,8.350978,-2.6883628,-19.014997,3.156349,2.0502408,-3.704087,0 days 00:00:38.841805138,0 days 00:00:38.881805138
0 days 00:00:00.380000,0 days 00:00:00.420000,answer4 ,0.0,0.6075329,0.0,0.0,0.0,-100.0,1.2831409,1.7293907,0.025123881,0.20143612,0.0994251,0.19045581,0.35165867,0.4329512,0.5026832,0.52641505,0.6364295,0.67148036,0.74949485,0.9412953,1.2444252,1.5451751,1.4081904,1.5609137,1.9284033,2.927005,4.669351,4.0074153,3.380058,2.9643085,2.5154572,3.2334664,3.1071174,2.3618453,1.6954492,1.3132948,0.0027383827,0.14723527,2871.0938,3359.1797,4823.4375,7134.668,0.2743881,4106.862,6.3120575,4.6176415e+06,1.4096619,5.5527787,-0.020933205,2.6408217,0.07719017,-15.913452,1.2855378,23.970947,-8.556664,-2.7837906,-2.7048385,-4.642589,-8.02539,18.695711,2.7534122,-19.508411,1.9175549,2.0171416,-4.72612,0 days 00:00:38.851805138,0 days 00:00:38.891805138
0 days 00:00:00.390000,0 days 00:00:00.430000,answer4 ,0.0,0.6442987,0.0,0.0,0.0,-100.0,1.5872456,2.238323,0.0350263,0.19803476,0.11604757,0.2143444,0.36581066,0.3989885,0.5103709,0.60652167,0.68885964,0.7467521,0.78432417,1.0868798,1.4839965,1.8759804,1.8092036,1.8793701,2.2574017,3.8025472,6.102011,5.9765725,4.613399,3.9074452,3.5661983,4.3056283,4.0911293,3.0974996,2.2442875,1.6648325,0.002574379,0.31784794,2885.4492,3100.7812,4378.418,6804.492,0.381619,3908.6062,5.848553,3.817297e+06,1.7064381,6.338412,-0.041734144,2.4807506,0.16372542,-18.083986,-0.2837855,23.689651,-2.211338,-0.7301858,4.8739066,-2.1935499,-7.9255257,24.183458,4.323136,-24.685333,5.173905,0.7009954,-11.069976,0 days 00:00:38.861805138,0 days 00:00:38.901805138
0 days 00:00:00.400000,0 days 00:00:00.440000,answer4 ,0.0,0.0,0.0,0.0,0.0,-100.0,1.8092761,2.7167342,0.0450702,0.19614512,0.13818155,0.25447324,0.3617302,0.3681508,0.5243625,0.6736741,0.7246817,0.84546536,0.84784555,1.2847314,1.7895902,2.2902677,2.3011913,2.2506948,2.6757383,4.7120595,7.638447,7.7914643,5.4393883,4.6077337,4.3998065,5.1300435,4.9106317,3.767906,2.8302248,2.0766168,0.0026523564,0.43465135,2784.961,2971.582,4636.8164,7306.9336,0.4874226,3998.9932,5.8458285,4.6054345e+06,1.6374087,5.6527042,-0.057689548,2.5855806,0.21992141,-19.511284,-3.4987586,21.2783,3.4644144,-1.7520736,5.951586,-1.8467588,-10.961682,23.133316,10.449557,-19.554327,5.778131,3.9638345,-9.3405485,0 days 00:00:38.871805138,0 days 00:00:38.911805138
0 days 00:00:00.410000,0 days 00:00:00.450000,answer4 ,0.0,0.63459295,0.0,0.0,0.0,-100.0,2.064646,3.0749238,0.052598357,0.19255479,0.15610568,0.28866333,0.34699678,0.37381458,0.5817246,0.72752094,0.7240219,0.95144147,1.0295862,1.6390668,2.1615803,2.817518,2.840025,2.7071705,3.2475097,5.5476856,9.0146265,8.702817,5.622435,5.0395045,4.6731257,5.4205384,5.387512,4.206407,3.2496204,2.4910135,0.0056826803,0.6493336,2727.539,2885.4492,4478.9062,8067.7734,0.58052504,3983.866,5.820701,5.2530575e+06,1.550845,4.845757,-0.08331088,2.6140728,0.30529007,-18.624895,-8.2620125,16.5678,9.195479,-1.2225841,5.0385647,-4.9501224,-16.666185,15.263755,8.557064,-12.028289,15.530738,9.5885,-8.174916,0 days 00:00:38.881805138,0 days 00:00:38.921805138
0 days 00:00:00.420000,0 days 00:00:00.460000,answer4 ,0.0,0.6262445,0.0,0.0,0.0,-100.0,2.2415295,3.2802436,0.05633576,0.1814059,0.1648618,0.32479712,0.34720504,0.4342989,0.6887652,0.7623585,0.7061949,1.0905085,1.370454,2.166097,2.5657942,3.5350103,3.6755161,3.4481192,3.7761145,6.0327363,9.449797,8.296432,5.434097,5.219333,4.3868117,5.2802777,5.5128937,4.3943353,3.471012,2.7525196,0.007878169,0.7406449,2339.9414,2512.207,4737.3047,8397.949,0.7184518,3894.617,6.0718846,6.4467e+06,1.3686832,4.0135026,-0.09780987,2.637114,0.32662278,-16.60155,-11.11979,12.428691,12.246228,1.7861964,-0.5174208,-8.653691,-13.423672,11.665424,-1.6829067,-9.5382805,16.701368,13.62968,-7.4053364,0 days 00:00:38.891805138,0 days 00:00:38.931805138
0 days 00:00:00.430000,0 days 00:00:00.470000,answer4 ,0.0,0.6278336,0.0,0.0,0.0,-100.0,2.3297617,3.349179,0.05595484,0.15778534,0.17124002,0.37636825,0.39921346,0.52941376,0.850245,0.8037381,0.7319734,1.2594535,1.7281166,2.7234962,2.9493911,4.280047,4.700008,4.347792,4.168484,6.0000577,8.722693,7.1990466,5.3216114,5.17394,3.9027722,4.9214363,5.258573,4.389635,3.4164238,2.7534878,0.015885793,0.7627656,1952.3438,2182.0312,4478.9062,8297.461,0.7367008,3503.7312,6.089027,7.1161725e+06,1.4108648,4.1313767,-0.107565664,2.4126673,0.34804595,-11.692176,-10.4286785,11.020801,16.302423,4.987452,-3.9263687,-12.0035925,-11.348857,10.545127,-9.846085,-10.349414,13.638062,5.9519806,-10.644202,0 days 00:00:38.901805138,0 days 00:00:38.941805138
0 days 00:00:00.440000,0 days 00:00:00.480000,answer4 ,0.0,0.660172,0.0,0.0,0.0,-65.77291,2.2609603,3.2858057,0.05516991,0.12414966,0.18234809,0.490494,0.5672906,0.6303398,1.0037915,0.8555352,0.84782743,1.4684916,2.0165884,3.1519547,3.362278,4.942024,5.691456,5.076023,4.1659894,5.3905807,7.1930747,5.983347,5.111427,4.7941823,3.4612916,4.5113835,4.687245,4.1569734,3.1902993,2.4987223,0.042159308,0.617611,1134.082,1751.3672,4076.9531,7163.379,0.72516066,2879.0007,5.8850245,7.070844e+06,1.5596844,5.0519586,-0.11003839,2.0420496,0.33554587,-6.299818,-8.242482,9.759918,19.863184,11.6305895,-6.729347,-12.975446,-9.0888405,8.783015,-15.899834,-20.751167,1.8037096,0.43628857,-14.26598,0 days 00:00:38.911805138,0 days 00:00:38.951805138
0 days 00:00:00.450000,0 days 00:00:00.490000,answer4 ,232.22476,0.7019008,0.0,0.0,0.0,-31.164373,2.141863,3.0814764,0.060570072,0.08824641,0.19937567,0.6993504,0.9305456,0.7501499,1.1089711,0.9227292,1.0329651,1.579205,2.0572813,3.258014,3.841069,5.366413,6.072666,5.076722,3.9454062,4.540731,5.5552144,4.749909,4.640163,4.137844,3.1576364,3.9493496,3.9264834,3.6985867,2.7897193,2.1318915,0.20795703,0.49889192,645.9961,1191.5039,2914.1602,4852.1484,0.67813176,1969.0898,5.029266,5.202547e+06,2.4897285,11.664523,-0.15354548,1.4268681,0.40595493,9.044012e-05,-3.4612408,12.390779,24.14902,14.115186,-10.615682,-20.794294,-15.714645,1.816812,-11.489657,-28.058546,-12.354842,-5.776914,-14.731288,0 days 00:00:38.921805138,0 days 00:00:38.961805138
0 days 00:00:00.460000,0 days 00:00:00.500000,answer4 ,237.93329,0.73251057,0.0,0.0,0.16249856,3.8539321,2.038491,2.7898905,0.06992255,0.059334844,0.20867807,0.9603305,1.510306,0.95838326,1.231472,1.0550389,1.1886964,1.5927774,2.0172746,3.156893,4.4445825,5.588619,5.502089,4.3243976,3.5784485,3.5776882,4.221234,3.622593,3.8662806,3.4569538,2.9965813,3.2727525,3.1336098,3.036412,2.2830513,1.7520131,0.60011715,0.46305075,215.33203,660.35156,1464.2578,2583.9844,0.6712396,1099.8146,3.9115665,2.7430158e+06,3.9797332,26.371275,-0.23153973,0.84774876,0.53018063,6.4931297,-0.409595,8.632327,16.957214,17.595894,-16.82309,-33.738346,-22.301363,-5.9370933,-7.957171,-29.782125,-19.561907,-5.6486726,-14.060456,0 days 00:00:38.931805138,0 days 00:00:38.971805138
0 days 00:00:00.470000,0 days 00:00:00.510000,answer4 ,247.75432,0.75545955,0.072226845,0.045068312,0.1249606,5.8997617,1.9066716,2.4719527,0.08074618,0.042894933,0.19977331,1.150944,2.1475923,1.2991871,1.4201783,1.3239683,1.2976665,1.5841445,1.9933738,2.9373817,4.7812076,5.337667,4.339768,3.25204,3.1012619,2.7094562,3.1000822,2.646897,3.0862916,2.900505,3.017255,2.6134765,2.4702713,2.3642638,1.786027,1.4100924,1.1616031,0.31851068,215.33203,244.04297,674.70703,1191.5039,0.7056629,636.37885,2.9800885,1.364498e+06,5.2932982,39.97189,-0.3024246,0.5410626,0.6749795,11.828911,4.8263793,5.6439824,5.571197,14.961041,-24.497824,-37.768642,-23.774252,-15.002857,-6.277992,-27.314774,-21.527954,-8.683799,-16.118227,0 days 00:00:38.941805138,0 days 00:00:38.981805138
0 days 00:00:00.480000,0 days 00:00:00.520000,answer4 ,259.13867,0.7716215,0.06317603,0.038368348,0.11013394,8.435105,1.8850132,2.21304,0.086778335,0.039493576,0.17813237,1.1965188,2.6365528,1.7444817,1.7289311,1.8200909,1.4186548,1.6916852,2.080238,2.790191,4.7128882,4.6002226,3.0939152,2.3921292,2.6380546,2.0153346,2.2534077,1.9827586,2.524266,2.501471,3.1626284,2.1669836,1.9514837,1.8063232,1.3399462,1.1117553,1.7427158,0.2077104,229.6875,258.39844,315.8203,832.6172,0.606179,505.81192,2.716264,860680.44,6.3814263,56.342728,-0.356052,0.45599255,1.0601972,16.532364,5.9990478,2.003565,-8.312371,12.308661,-30.34948,-33.98435,-21.809687,-22.720047,-3.6419525,-26.492651,-19.022644,-10.740063,-17.229567,0 days 00:00:38.951805138,0 days 00:00:38.991805138
0 days 00:00:00.490000,0 days 00:00:00.530000,answer4 ,267.76205,0.7813546,0.028534064,0.029101895,0.08089975,10.409491,1.8915282,2.0381734,0.086425275,0.04232804,0.15207376,1.0620143,2.7645743,2.1015344,2.0376663,2.5338972,1.6600813,2.064746,2.342587,2.797807,4.1428638,3.5540686,2.2449331,1.9171604,2.1892526,1.6515003,1.6987486,1.5467438,2.185095,2.260175,3.2279282,1.9680878,1.582367,1.4120663,1.0260819,0.86845607,1.9322792,0.122614704,244.04297,272.7539,373.2422,645.9961,0.6422884,495.0695,2.8249557,751233.5,7.187702,70.60488,-0.3434323,0.46155253,1.236244,18.816046,4.516487,-1.8452517,-20.089457,4.4059,-28.528006,-24.161146,-20.649294,-29.420584,-2.650631,-24.400118,-19.295265,-8.435386,-17.663034,0 days 00:00:38.961805138,0 days 00:00:39.001805138
0 days 00:00:00.500000,0 days 00:00:00.540000,answer4 ,274.0702,0.7842629,0.026391083,0.019937722,0.100570016,11.0230875,1.9908949,1.950895,0.08563896,0.046674225,0.13785572,0.8641598,2.6005993,2.281071,2.169915,3.1899655,2.0200891,2.6608894,2.7242286,3.158254,3.4912548,2.658068,1.7528216,1.6920339,1.8966218,1.6095024,1.4532108,1.3143386,1.986072,2.1026027,3.0350254,1.9043726,1.3282136,1.1591738,0.8254981,0.7074313,1.8940425,0.3090812,258.39844,287.10938,588.5742,846.97266,0.6557411,547.0161,3.2090046,634423.3,7.8166995,85.91272,-0.35070154,0.5189764,1.3027703,21.365515,1.1835023,-6.6988654,-25.241262,3.9993098,-18.375475,-20.202175,-25.71724,-30.679512,-0.8841544,-22.312798,-16.329735,-7.525064,-16.032026,0 days 00:00:38.971805138,0 days 00:00:39.011805138
0 days 00:00:00.510000,0 days 00:00:00.550000,answer4 ,280.1531,0.76750857,0.017072812,0.015568311,0.13496359,9.527573,2.075982,1.9303712,0.08608353,0.04799698,0.13151978,0.6633792,2.243357,2.2218266,2.1039774,3.6065845,2.4040425,3.4153688,3.327076,4.0352697,3.049495,2.0973866,1.4585862,1.5304645,1.6798344,1.7141193,1.4152399,1.2329191,1.8822008,2.0385125,2.5878637,1.8395394,1.1550235,1.0044259,0.7251341,0.62650746,1.5447607,0.65743953,344.53125,473.73047,846.97266,1033.5938,0.7299187,668.2985,3.5882485,590503.3,8.07866,94.42786,-0.34975123,0.63207513,1.1800561,22.19665,-0.10827404,-13.761807,-32.089657,2.1317463,-4.0726843,-17.655731,-27.761719,-32.596584,-0.6827049,-17.755888,-13.391937,-8.535495,-16.408894,0 days 00:00:38.981805138,0 days 00:00:39.021805138
0 days 00:00:00.520000,0 days 00:00:00.560000,answer4 ,239.40733,0.74793106,0.17610268,0.17024368,0.16967537,8.373685,2.1305237,1.93227,0.09252787,0.045540437,0.13193725,0.5354709,1.8808002,2.043884,1.9119941,3.5589905,2.7536595,4.152,4.105263,5.1182404,2.8659134,1.7566622,1.2798959,1.3708296,1.4663748,1.7568899,1.4429334,1.2446176,1.7658167,1.9881185,2.1502514,1.720517,1.0231137,0.8929086,0.70513254,0.6168073,1.335536,0.7430865,358.88672,660.35156,961.8164,1105.3711,0.7967134,726.4875,3.761513,515357.97,8.34706,109.19509,-0.38672498,0.68681246,1.1977891,23.934044,0.68713325,-18.218477,-34.613903,5.4558578,5.1010556,-17.205347,-25.20321,-38.070065,-0.09825846,-22.985903,-8.529558,-6.7704506,-20.116152,0 days 00:00:38.991805138,0 days 00:00:39.031805138
0 days 00:00:00.530000,0 days 00:00:00.570000,answer4 ,199.35445,0.7448897,0.33239222,0.32988504,0.19653748,6.2581367,2.1580842,1.9206496,0.096864395,0.040627364,0.13727012,0.47263777,1.6084634,1.885633,1.7471274,3.2171366,3.0132408,4.6157837,4.9054146,5.7725353,2.7931907,1.5370498,1.1483711,1.246591,1.2687304,1.6542746,1.4954373,1.2735983,1.6386338,1.939918,1.8943826,1.5883375,0.90028316,0.7881424,0.7385327,0.65617615,1.7259518,0.63271606,373.2422,660.35156,961.8164,1047.9492,0.9459653,697.986,3.6830273,420442.34,8.877673,130.46529,-0.4574102,0.6670597,1.3668256,24.872406,2.3123918,-18.75815,-35.8927,1.7198225,9.7019205,-18.690947,-20.522772,-44.58827,0.58527446,-26.930061,-5.546434,-1.4820166,-21.547491,0 days 00:00:39.001805138,0 days 00:00:39.041805138
0 days 00:00:00.540000,0 days 00:00:00.580000,answer4 ,158.73848,0.76358837,0.34555244,0.47965297,0.13052401,6.1119657,2.0457647,1.8489647,0.09746777,0.0345805,0.14203374,0.424486,1.4056867,1.8201758,1.6533427,2.7577808,3.2263343,4.700828,5.3291516,5.4627395,2.5324736,1.3431497,1.0583888,1.1914753,1.1039594,1.502323,1.5433787,1.2559972,1.4800248,1.8813294,1.8151346,1.4807142,0.7907888,0.68472356,0.79337174,0.6932886,1.7022387,0.29292536,315.8203,588.5742,875.6836,990.52734,1.1242325,640.1158,3.678754,377686.84,9.631551,149.69814,-0.4149016,0.6230162,1.1506547,25.27098,2.7121618,-17.952393,-37.582005,-3.652345,5.1456885,-16.26645,-16.814262,-45.4442,0.09702587,-30.408438,-0.25973415,6.704169,-19.396814,0 days 00:00:39.011805138,0 days 00:00:39.051805138
0 days 00:00:00.550000,0 days 00:00:00.590000,answer4 ,164.02254,0.7840037,0.1905939,0.32275948,0.1124095,5.2241993,2.0559,1.7385473,0.10383967,0.030234316,0.14452934,0.3593564,1.2488612,1.8979917,1.638106,2.428313,3.4029496,4.4228425,5.3324676,4.537559,2.0972598,1.2085041,1.0156122,1.1708426,0.97840166,1.3713583,1.5873604,1.2068974,1.3409771,1.8123165,1.7586217,1.4027673,0.7268751,0.5956862,0.8157627,0.7000138,2.2080812,0.2668806,330.17578,502.4414,875.6836,947.46094,1.1869856,608.9863,3.6559203,319936.94,11.033752,198.57866,-0.5033466,0.602745,1.4463534,25.572687,3.5082462,-19.84052,-44.95447,-10.720351,1.0532101,-17.569292,-16.484575,-42.028397,-2.6191137,-29.268486,7.859388,10.879571,-15.221736,0 days 00:00:39.021805138,0 days 00:00:39.061805138
0 days 00:00:00.560000,0 days 00:00:00.600000,answer4 ,168.24188,0.792463,0.03482612,0.16135238,0.118000366,5.416901,2.0463622,1.6183944,0.1171703,0.026643991,0.13487098,0.27418786,1.0943493,2.0498936,1.7108269,2.3241246,3.6209068,4.0094047,4.8618145,3.534386,1.6371242,1.1046103,1.0194012,1.13631,0.91276413,1.2586054,1.5488015,1.1379176,1.2543125,1.7561674,1.6460794,1.3473511,0.7241604,0.5438606,0.7689844,0.66703844,3.1502616,0.20411973,330.17578,516.7969,746.4844,861.3281,1.231382,577.0356,3.5007985,252895.81,13.238286,298.61887,-0.63630605,0.58130956,1.7815952,26.526106,2.9820035,-22.342926,-51.40685,-14.748344,-12.393894,-19.757399,-14.077626,-40.760265,-5.618593,-29.838232,7.3448167,8.464335,-10.162353,0 days 00:00:39.031805138,0 days 00:00:39.071805138
0 days 00:00:00.570000,0 days 00:00:00.610000,answer4 ,228.59148,0.7942526,0.10010504,0.15085937,0.26625752,5.2479033,2.134949,1.5257783,0.13466334,0.024565382,0.11806857,0.21144877,0.9840813,2.2270575,1.8501034,2.3276935,3.8764284,3.670544,4.313458,2.8653858,1.3212667,1.0353794,1.0344769,1.0640594,0.8806465,1.1313106,1.4213475,1.095438,1.2083341,1.7131721,1.4950045,1.2875857,0.75028783,0.51421624,0.6683207,0.605122,4.4385734,0.22389336,330.17578,430.66406,703.41797,832.6172,1.0447694,523.669,3.1789103,141553.77,13.831922,366.85498,-0.8627019,0.5393126,2.5431159,29.110762,3.421172,-22.38386,-56.082,-16.668344,-13.4557295,-24.033785,-15.931552,-42.35784,-9.986718,-29.599363,5.8129177,6.7203116,-7.131765,0 days 00:00:39.041805138,0 days 00:00:39.081805138
0 days 00:00:00.580000,0 days 00:00:00.620000,answer4 ,287.54318,0.7979996,0.11000153,0.15124117,0.29263875,6.3506103,2.042269,1.4486088,0.1365776,0.02324263,0.10219859,0.1903771,0.93718,2.3853724,1.9751335,2.272673,4.074639,3.4001427,3.6808023,2.4727056,1.1668439,1.0048664,1.0137659,0.9721723,0.8970842,1.0149661,1.2749357,1.089969,1.1651195,1.6963869,1.3500346,1.1985149,0.7420609,0.49301448,0.55842274,0.53444695,4.9441905,0.15325214,330.17578,344.53125,631.6406,760.83984,0.8586989,467.4113,2.86037,91581.414,14.066643,424.49893,-0.8996227,0.49129537,2.5163383,31.32608,3.250681,-18.235338,-55.371277,-17.271545,-13.961137,-24.866844,-17.421675,-43.13148,-9.673491,-31.600092,-0.9401981,7.00057,-5.8510137,0 days 00:00:39.051805138,0 days 00:00:39.091805138
0 days 00:00:00.590000,0 days 00:00:00.630000,answer4 ,343.97964,0.7866799,0.110151805,0.15712498,0.29136264,7.666424,1.8335804,1.3504257,0.11688104,0.023431594,0.095356464,0.19589378,0.8805969,2.363451,1.9730726,2.0213897,4.0327864,3.105241,3.0686176,2.2121837,1.0507556,0.9817564,0.93342304,0.8797987,0.9319766,0.9381551,1.1816936,1.1085577,1.0992526,1.6826372,1.2289426,1.0652462,0.6861356,0.46676764,0.47269675,0.45468763,3.4689362,0.14199929,344.53125,358.88672,689.0625,775.1953,0.7713194,491.7754,2.9004087,105541.086,13.2039795,383.7622,-0.66655594,0.51300555,2.0720441,31.30712,2.9542048,-14.234941,-56.71356,-17.43067,-7.016194,-21.156303,-16.685053,-40.407505,-8.875679,-27.716995,-0.32354984,11.67484,-5.9460588,0 days 00:00:39.061805138,0 days 00:00:39.101805138
0 days 00:00:00.600000,0 days 00:00:00.640000,answer4 ,341.39706,0.7739237,0.038986158,0.019245112,0.19572413,8.439899,1.5110489,1.2073804,0.08719512,0.023431594,0.10167357,0.20622343,0.79968864,2.1386092,1.7724031,1.6236714,3.6140926,2.6518354,2.5166664,1.9470835,0.93292385,0.9405963,0.8163081,0.78879815,0.9258819,0.8849953,1.1368288,1.0873717,1.0180854,1.6247506,1.1080865,0.90690327,0.606828,0.43522492,0.42024967,0.3861117,2.0829935,0.07757393,330.17578,358.88672,588.5742,746.4844,0.75565976,478.10922,2.872056,119354.875,14.213177,400.894,-0.3980364,0.49875554,1.1895968,31.285835,4.5929494,-11.75579,-50.08391,-12.327247,-5.166577,-20.02438,-13.53867,-39.2366,-7.316654,-26.39503,-2.433386,14.481888,-3.7328193,0 days 00:00:39.071805138,0 days 00:00:39.111805138
0 days 00:00:00.610000,0 days 00:00:00.650000,answer4 ,339.09842,0.7410023,0.032859582,0.02743575,0.13964696,8.380321,1.2324795,1.0286838,0.06147768,0.023053667,0.1068661,0.21294463,0.6797788,1.7361044,1.4456192,1.2319536,2.9508102,2.0954936,1.9919881,1.6362252,0.8203573,0.85879856,0.73007554,0.72448426,0.90387696,0.82401806,1.0266467,0.963006,0.90794665,1.4739012,0.99645805,0.76537126,0.5366502,0.40535095,0.38825703,0.3327956,0.8935532,0.0414923,315.8203,358.88672,574.21875,732.1289,0.6586137,474.0029,2.955638,123441.414,13.974568,379.43143,-0.1759646,0.49397647,0.63524777,31.362076,5.0548377,-13.647492,-43.092144,-10.025894,-10.596297,-17.306732,-10.167133,-44.505524,-8.410953,-22.755705,-6.740377,9.697363,-6.854837,0 days 00:00:39.081805138,0 days 00:00:39.121805138
0 days 00:00:00.620000,0 days 00:00:00.660000,answer4 ,338.18152,0.7129225,0.037701346,0.029989835,0.108257435,-27.89916,1.0220133,0.852927,0.04673056,0.023431594,0.10716184,0.22870316,0.57968163,1.3228532,1.1126679,0.9534602,2.254092,1.5792437,1.6505979,1.3458582,0.74596286,0.7577834,0.6662353,0.68390435,0.85721713,0.7253348,0.8277131,0.77131313,0.76742667,1.2245411,0.8630703,0.6375323,0.47143123,0.37582755,0.3699863,0.29650238,0.55442566,0.025468444,287.10938,344.53125,574.21875,789.5508,0.45105854,459.75943,3.1889446,105855.07,12.233574,348.88916,-0.104893684,0.47919607,0.2854462,34.488476,7.0066504,-16.491697,-34.396374,-6.8426933,-9.05882,-15.021131,-8.9331875,-48.052845,-10.380322,-20.318396,-11.443588,3.1964562,-12.600356,0 days 00:00:39.091805138,0 days 00:00:39.131805138
0 days 00:00:00.630000,0 days 00:00:00.670000,answer4 ,0.0,0.694895,0.0,0.0,0.0,-64.00584,0.86411875,0.70472795,0.038576607,0.023431594,0.09914764,0.24937557,0.52701324,1.0039777,0.8489478,0.7872977,1.7316386,1.2004129,1.3578237,1.1148195,0.69749546,0.64478487,0.6282952,0.6665945,0.81298,0.6161768,0.59522516,0.5728838,0.6076029,0.94318277,0.7272773,0.5270829,0.40598622,0.35104275,0.34249428,0.26336908,0.3473831,0.021240165,272.7539,330.17578,645.9961,760.83984,0.34773615,446.69717,3.2107515,85851.516,10.9269495,330.4244,-0.06950283,0.4670621,0.22067046,36.28679,7.347378,-17.810678,-31.674423,-7.581613,-13.386169,-9.905402,-7.0395026,-49.67471,-14.698222,-18.636488,-15.521073,-1.6644583,-16.032494,0 days 00:00:39.101805138,0 days 00:00:39.141805138
0 days 00:00:00.640000,0 days 00:00:00.680000,answer4 ,0.0,0.67751884,0.0,0.0,0.0,-100.0,0.7311204,0.5924122,0.031723484,0.024187453,0.09358412,0.2597175,0.49340627,0.77525544,0.6638565,0.6861828,1.3934783,0.96499306,1.1360862,0.9583099,0.6323593,0.53107095,0.57595795,0.6487828,0.7492497,0.5340208,0.44022742,0.4472625,0.48220095,0.69914454,0.5920282,0.43137097,0.3496405,0.32893834,0.3048651,0.2307257,0.20253193,0.01235471,272.7539,330.17578,617.28516,760.83984,0.2953691,435.84122,3.2141902,76926.22,9.949169,301.9564,-0.042445626,0.45674074,0.116455935,37.407578,8.9721,-14.217304,-29.443909,-8.585361,-7.128893,-4.476544,-8.549412,-44.145916,-14.065678,-17.726044,-11.281875,-1.634572,-14.440926,0 days 00:00:39.111805138,0 days 00:00:39.151805138
0 days 00:00:00.650000,0 days 00:00:00.690000,answer4 ,0.0,0.6790516,0.0,0.0,0.0,-100.0,0.61145157,0.508775,0.024019904,0.026455024,0.098317124,0.24804483,0.45333347,0.6050376,0.52983564,0.6074681,1.1669333,0.8114951,0.93849427,0.8143198,0.5612163,0.43180457,0.5280327,0.61805576,0.66557896,0.4885436,0.369858,0.38093352,0.40960684,0.53229326,0.5007781,0.3782246,0.31914786,0.3103724,0.26188198,0.19854318,0.13666695,0.004665264,272.7539,430.66406,617.28516,775.1953,0.26724073,460.6639,3.2493584,93714.19,9.590274,265.48532,-0.026215196,0.47844067,0.082893975,35.938244,8.891421,-11.316424,-28.772385,-3.9523628,-9.490605,5.1930804,-4.8354664,-37.701004,-10.036489,-17.90365,-7.516067,-2.1661499,-14.651031,0 days 00:00:39.121805138,0 days 00:00:39.161805138
0 days 00:00:00.660000,0 days 00:00:00.700000,answer4 ,0.0,0.6694393,0.0,0.0,0.0,-100.0,0.5347829,0.4526275,0.01745371,0.032690857,0.10863769,0.21951307,0.3838385,0.47560167,0.44159916,0.5454627,0.9714764,0.6855318,0.7796001,0.6913592,0.49493834,0.3714808,0.5004342,0.60067314,0.6013951,0.48768988,0.3578368,0.36364648,0.388316,0.43745664,0.46635067,0.3718535,0.3151019,0.30084476,0.23241194,0.17526478,0.072640896,0.0036146156,301.46484,445.01953,602.9297,832.6172,0.20926952,485.93277,3.5346162,123095.414,9.107088,216.0711,-0.014618655,0.4997301,0.042135775,34.08221,7.502627,-9.391262,-24.533094,-2.7712548,-9.305499,6.1080627,-4.2922993,-31.736181,-3.9047048,-13.598134,-1.2316593,0.80995274,-15.31834,0 days 00:00:39.131805138,0 days 00:00:39.171805138
0 days 00:00:00.670000,0 days 00:00:00.710000,answer4 ,0.0,0.68458366,0.0,0.0,0.0,-100.0,0.49185133,0.42210388,0.012485485,0.04818594,0.11682198,0.19580288,0.3049498,0.37883198,0.38408506,0.48725867,0.77687603,0.5832252,0.68913203,0.59834146,0.4774096,0.36924934,0.49822727,0.5923434,0.5684375,0.4997259,0.36521363,0.36907724,0.39764214,0.4054028,0.48429742,0.39863983,0.33159414,0.30303335,0.22965525,0.16942686,0.029805427,0.0030149594,301.46484,445.01953,617.28516,904.39453,0.20500559,510.4556,3.6291893,185823.45,9.441627,183.21375,-0.0068625486,0.51819974,0.019892681,31.148466,6.8541565,-11.978963,-22.663574,3.7882633,-10.935996,1.1104866,-3.0540235,-33.753742,-2.1835778,-12.837567,-2.3015747,4.707226,-11.916527,0 days 00:00:39.141805138,0 days 00:00:39.181805138
0 days 00:00:00.680000,0 days 00:00:00.720000,answer4 ,0.0,0.664781,0.0,0.0,0.0,-100.0,0.49916983,0.42222095,0.0116528785,0.06349206,0.11256423,0.16899808,0.2384132,0.3359706,0.36325982,0.43773022,0.6086581,0.5051684,0.61106545,0.54407007,0.508158,0.424997,0.53133625,0.6276179,0.5796494,0.5143418,0.38026094,0.39350525,0.43908238,0.4477171,0.5709124,0.45659915,0.37541893,0.3348856,0.26484475,0.20251918,0.031737488,0.0025405616,330.17578,344.53125,602.9297,1234.5703,0.13290265,650.2913,3.5928776,1.2636398e+06,8.363243,145.34258,-0.0057565863,0.59898967,0.019167332,24.24862,7.517563,-13.466247,-19.484808,0.7980855,-17.123545,-13.781812,-0.37906995,-35.28272,2.2475736,-11.434323,0.97184986,7.817328,-5.512894,0 days 00:00:39.151805138,0 days 00:00:39.191805138
0 days 00:00:00.690000,0 days 00:00:00.730000,answer4 ,0.0,0.6807235,0.0,0.0,0.0,-64.17988,0.58922845,0.4693344,0.011623557,0.073696144,0.10468323,0.15076722,0.20377403,0.34159002,0.37050477,0.3840609,0.4971366,0.4575285,0.55873734,0.541694,0.60249776,0.54795027,0.5946172,0.7067325,0.64881676,0.5669184,0.44649628,0.49565753,0.5363144,0.5743714,0.71918267,0.57530373,0.47427067,0.42399177,0.36733666,0.31175944,0.035772394,0.0047516003,315.8203,344.53125,746.4844,2354.2969,0.13061719,926.5376,3.859887,3.2071492e+06,6.0869126,79.81761,-0.0066769854,0.78209287,0.02227565,17.442251,8.280528,-11.522872,-13.883335,2.7189891,-12.455041,-19.170393,-7.1508737,-33.7047,4.1224327,-16.048775,2.640156,6.0831904,-1.993855,0 days 00:00:39.161805138,0 days 00:00:39.201805138
0 days 00:00:00.700000,0 days 00:00:00.740000,answer4 ,351.28104,0.71421236,0.0,0.0,0.2202506,-30.377556,0.75402886,0.58634776,0.021621898,0.07029478,0.09955054,0.14050718,0.20180385,0.38208926,0.4061614,0.3467866,0.4471328,0.42954206,0.51329726,0.5692398,0.75497556,0.7284418,0.75225,0.88040286,0.8192553,0.7067173,0.6201909,0.75904197,0.74273443,0.8098733,0.9492571,0.8027546,0.6829825,0.62041825,0.55743164,0.5222054,0.089482225,0.009411558,315.8203,344.53125,674.70703,2612.6953,0.18544734,1079.976,3.9146469,4.4781895e+06,3.6623075,17.262785,-0.014453024,0.88187665,0.03214484,11.296944,6.6164513,-6.223331,-8.193586,-3.4947693,-16.93248,-25.395187,-9.813499,-26.521955,-0.3998979,-15.302547,6.522986,4.475084,-2.093849,0 days 00:00:39.171805138,0 days 00:00:39.211805138
0 days 00:00:00.710000,0 days 00:00:00.750000,answer4 ,353.2102,0.7786312,0.15753946,0.10100474,0.28199935,3.1683023,1.0510005,0.7944169,0.04549597,0.055177625,0.102037884,0.14497225,0.2440923,0.48635864,0.51443404,0.3383539,0.45661798,0.43841317,0.5191767,0.6578861,0.9656703,0.98382074,1.0167714,1.1611814,1.1310772,1.0254254,0.9731968,1.2972232,1.1133071,1.1291938,1.2116413,1.1086441,1.0370364,0.96725446,0.8369047,0.79414946,0.88486814,0.020611728,315.8203,344.53125,588.5742,2095.8984,0.5207035,899.46564,3.299167,3.521929e+06,6.192927,62.201904,-0.124156944,0.76262707,0.50000787,11.065361,4.9969788,-3.806235,-8.915708,-8.908451,-16.265911,-31.224106,-28.104223,-25.916956,-9.304827,-14.047368,4.2988973,8.518826,3.5562363,0 days 00:00:39.181805138,0 days 00:00:39.221805138
0 days 00:00:00.720000,0 days 00:00:00.760000,answer4 ,356.18457,0.8146863,0.10530234,0.07682104,0.23356396,5.375,1.3325708,1.0618204,0.07579573,0.03892668,0.10487654,0.1549105,0.33995017,0.7011552,0.76340103,0.3654088,0.55165744,0.53413624,0.598228,0.81895876,1.1932534,1.2847185,1.3318759,1.4387964,1.5200906,1.4939259,1.4351125,1.9338881,1.6417736,1.5344338,1.5222417,1.375976,1.4579248,1.3751458,1.134316,1.001175,2.1892006,0.03135604,330.17578,344.53125,387.59766,818.2617,0.6614132,598.93744,2.3739612,1.602307e+06,10.119491,150.58257,-0.30679387,0.55868524,1.266657,12.532856,4.6853366,-6.046364,-21.390295,-15.921046,-25.53763,-38.702217,-28.634544,-34.579395,-14.803117,-11.63755,-1.0418853,18.760622,8.761872,0 days 00:00:39.191805138,0 days 00:00:39.231805138
0 days 00:00:00.730000,0 days 00:00:00.770000,answer4 ,357.11557,0.8215259,0.037665263,0.035896678,0.18221538,11.269638,1.5307293,1.3173033,0.093144484,0.026077097,0.10600829,0.15710007,0.4474446,1.0343114,1.1846553,0.42374387,0.7569539,0.74743015,0.71517205,1.040773,1.3492464,1.5840807,1.5909191,1.6822852,1.9192263,1.9010974,1.784287,2.3732834,2.171999,1.9961319,1.9217533,1.5083913,1.7767504,1.6776606,1.3208808,1.0783046,2.9538586,0.046889585,344.53125,344.53125,387.59766,473.73047,0.7432749,433.8905,1.868371,355715.38,12.587981,200.59161,-0.41999617,0.44905257,1.5141965,15.294422,3.5697994,-9.0062475,-28.394178,-15.984299,-28.407175,-37.110172,-24.49637,-40.96589,-12.661822,-9.193641,-2.0986285,23.742851,14.135226,0 days 00:00:39.201805138,0 days 00:00:39.241805138
0 days 00:00:00.740000,0 days 00:00:00.780000,answer4 ,353.30014,0.82205695,0.0075038224,0.016985392,0.07086479,16.48487,1.5798187,1.4906465,0.093986936,0.021730915,0.111996055,0.16114832,0.5275729,1.3629721,1.6117033,0.48077455,1.0489179,1.0471555,0.82118195,1.2520288,1.3902751,1.8093678,1.7582031,1.8584518,2.2315497,2.1614826,1.9436111,2.5442524,2.5686529,2.339635,2.2350085,1.5042475,1.8747936,1.7339743,1.3443304,1.0335202,2.9743176,0.051361028,344.53125,344.53125,387.59766,473.73047,0.4974953,429.8501,1.9031817,250862.62,13.275321,235.6897,-0.42789903,0.44720528,1.5585355,17.336977,1.66926,-5.214148,-26.798155,-18.360157,-27.715559,-32.825718,-13.0796995,-37.147793,-17.157324,-11.195554,0.6676453,22.688421,16.181005,0 days 00:00:39.211805138,0 days 00:00:39.251805138
0 days 00:00:00.750000,0 days 00:00:00.790000,answer4 ,347.41025,0.8210254,0.0102383485,0.011150886,0.05634156,17.784988,1.6068587,1.5767702,0.088516526,0.019463342,0.12868805,0.17652275,0.55136275,1.517464,1.8077378,0.52801925,1.28088,1.2566057,0.8537802,1.3258554,1.3297682,1.9351015,2.0149007,2.1350012,2.5012143,2.3198688,2.0000527,2.7070496,2.8661735,2.4175863,2.347272,1.4393854,1.7700421,1.5937923,1.2348121,0.95708466,2.3722482,0.0749585,344.53125,344.53125,373.2422,473.73047,0.47822925,445.96094,1.9658142,284401.4,10.936188,176.03932,-0.34539214,0.4528366,1.2647167,17.578218,-2.4163086,3.830672,-17.16236,-20.723204,-24.71302,-31.780458,-10.656695,-27.947153,-21.399979,-13.015401,7.583174,16.189638,14.600896,0 days 00:00:39.221805138,0 days 00:00:39.261805138
0 days 00:00:00.760000,0 days 00:00:00.800000,answer4 ,345.48776,0.81840307,0.012416602,0.011061907,0.06916165,15.941082,1.6741762,1.6341125,0.08962276,0.018329555,0.15295152,0.20179784,0.56446147,1.4930016,1.7276453,0.5616796,1.3206635,1.2561754,0.8360238,1.2614926,1.302842,2.0124056,2.5040703,2.5574179,2.8094065,2.590484,2.2493808,3.2890003,3.1662562,2.1731765,2.0917222,1.3509749,1.6215357,1.4113203,1.0974454,0.88359183,2.566345,0.117887676,344.53125,344.53125,358.88672,387.59766,0.44211134,444.97348,1.9625937,258309.19,9.4927225,149.35095,-0.36892986,0.44638535,1.6652498,17.423025,-7.274471,11.06443,-9.434142,-28.301023,-23.234964,-37.442272,-18.29835,-17.698002,-27.325424,-15.124898,13.29807,12.067593,13.368007,0 days 00:00:39.231805138,0 days 00:00:39.271805138
0 days 00:00:00.770000,0 days 00:00:00.810000,answer4 ,353.3705,0.8183176,0.008347559,0.007990704,0.06956795,15.0471735,1.8098431,1.7112786,0.100860916,0.017573696,0.16808264,0.21773142,0.6023061,1.4080878,1.5440849,0.5908405,1.2031461,1.0957302,0.8153197,1.1240133,1.3661288,2.0695975,3.219366,3.0333138,3.1644962,2.9979897,2.7469673,4.174423,3.4875126,1.8404341,1.7303728,1.2625983,1.5056075,1.2973422,0.99505967,0.83269495,3.247691,0.17071044,344.53125,344.53125,358.88672,387.59766,0.4662689,450.51675,1.9520737,258622.02,7.8612976,106.6894,-0.46393558,0.4478922,2.1191876,16.87863,-11.562871,11.8590355,-5.972984,-31.656816,-25.546045,-41.335182,-23.987364,-17.57456,-28.356155,-15.860452,15.137939,12.053613,12.190282,0 days 00:00:39.241805138,0 days 00:00:39.281805138
0 days 00:00:00.780000,0 days 00:00:00.820000,answer4 ,363.71158,0.82439727,0.009586625,0.0074120276,0.081345364,14.534611,2.0172842,1.8079666,0.11783036,0.017951624,0.16428179,0.21044879,0.62930703,1.373519,1.4897369,0.6251215,1.0886806,0.98064333,0.8540465,1.1018823,1.523245,2.2278368,3.9231975,3.5291355,3.6049879,3.2892978,3.2750823,4.8187757,3.5856278,1.6185735,1.4297776,1.1916679,1.4581404,1.2742081,0.94022006,0.79968816,4.488253,0.25800785,344.53125,358.88672,373.2422,401.95312,0.7026017,454.52646,2.0179653,201006.67,7.9982924,121.586426,-0.6497721,0.45848155,2.2731047,17.872694,-16.290236,4.1464114,-7.598535,-34.80625,-30.273836,-40.92454,-24.467056,-18.841337,-31.336111,-10.562041,17.454437,15.252255,14.421818,0 days 00:00:39.251805138,0 days 00:00:39.291805138
0 days 00:00:00.790000,0 days 00:00:00.830000,answer4 ,371.51523,0.8366707,0.011695229,0.0053509306,0.09002099,14.143613,2.2000542,1.874797,0.13972549,0.019652305,0.1518575,0.19709702,0.6078644,1.3893433,1.6258019,0.6558397,1.1305264,1.095074,0.9463529,1.2715036,1.7054981,2.5460808,4.3428607,3.9188871,3.882925,3.2838383,3.5425034,4.7780986,3.4251137,1.5304447,1.2467045,1.1195369,1.4100752,1.283412,0.9025925,0.75488925,6.268163,0.3421658,344.53125,373.2422,387.59766,516.7969,0.8043831,455.00528,2.0683317,148768.8,8.824875,165.51866,-0.92543507,0.4676319,3.4414482,21.85671,-18.804558,-2.013194,-9.728418,-31.939468,-28.233236,-38.12116,-21.088676,-15.703697,-32.210236,-7.744709,16.341873,20.525412,18.396654,0 days 00:00:39.261805138,0 days 00:00:39.301805138
0 days 00:00:00.800000,0 days 00:00:00.840000,answer4 ,372.07718,0.8457804,0.013457395,0.0063740145,0.10328821,14.655197,2.3550332,1.8851076,0.16084363,0.023809524,0.14660843,0.19904007,0.5333099,1.4186044,1.8843132,0.6903806,1.335514,1.4825096,1.0580308,1.659431,1.8765388,3.080306,4.3975368,4.0894666,3.8490913,2.9577198,3.3669538,4.087186,3.0828068,1.5089645,1.1579295,1.0431182,1.33184,1.247426,0.84312505,0.6850488,8.387641,0.43756413,344.53125,387.59766,387.59766,631.6406,0.83968097,459.12036,2.1434898,111228.48,10.5199175,257.26852,-1.2620999,0.47773966,4.7335443,26.712954,-20.570753,-8.268626,-13.661061,-25.30455,-27.870018,-38.35533,-15.945973,-12.770234,-28.61409,-6.7145066,15.2319,24.085379,21.931915,0 days 00:00:39.271805138,0 days 00:00:39.311805138
0 days 00:00:00.810000,0 days 00:00:00.850000,answer4 ,369.45358,0.8417588,0.015126643,0.0065356935,0.08223652,15.957034,2.434755,1.8473278,0.17064409,0.031746034,0.15415555,0.21789014,0.46355093,1.4383497,2.1266563,0.73865145,1.6368273,2.0447981,1.1557657,2.1775117,2.0628762,3.7435865,4.149074,3.8882668,3.435651,2.5283916,2.9282753,3.2228804,2.7379048,1.4846007,1.0790758,0.9307993,1.2107884,1.1240666,0.7476228,0.6025087,9.324889,0.5503575,344.53125,387.59766,401.95312,746.4844,0.6217513,466.29074,2.2585332,100509.59,11.784591,310.10904,-1.4573894,0.48726693,5.974697,31.04986,-21.029562,-12.053857,-15.974896,-20.72936,-23.5671,-41.937923,-13.055217,-12.256241,-23.728401,-10.303765,9.484916,24.693207,25.811808,0 days 00:00:39.281805138,0 days 00:00:39.321805138
0 days 00:00:00.820000,0 days 00:00:00.860000,answer4 ,363.3959,0.826657,0.01104802,0.007213472,0.09191615,16.024603,2.3681405,1.7722772,0.1558607,0.039871503,0.16184138,0.24481797,0.42698148,1.3836225,2.1243877,0.8205972,1.9341282,2.5389888,1.2502939,2.6036122,2.2647438,4.2076955,3.6686418,3.3074772,2.9099464,2.2089062,2.4379613,2.5176277,2.4657524,1.4759232,1.0431939,0.8263991,1.0756547,0.95481867,0.6474246,0.5777713,7.0408216,0.5562796,358.88672,488.08594,516.7969,861.3281,0.98586065,537.177,2.6160536,178265.64,12.04452,288.16428,-1.1938839,0.54770416,4.8051014,30.859293,-20.573637,-17.346552,-19.430956,-21.46847,-16.60737,-42.109726,-7.8215103,-18.695524,-15.859138,-14.375557,2.3588102,17.692835,26.873,0 days 00:00:39.291805138,0 days 00:00:39.331805138
0 days 00:00:00.830000,0 days 00:00:00.870000,answer4 ,354.387,0.79680365,0.013005837,0.00924514,0.108699165,14.420695,2.175003,1.6689482,0.120100476,0.04516251,0.15602821,0.25529566,0.41232693,1.2064122,1.8279539,0.9642146,2.1353521,2.761678,1.3778439,2.7567856,2.4565804,4.263739,3.044679,2.6463578,2.4882948,2.0163295,2.0248768,2.0551584,2.2428765,1.4986105,1.0260981,0.7693968,0.9636739,0.80883294,0.57599264,0.65726805,3.5682652,0.48093966,459.375,588.5742,631.6406,976.1719,1.1084687,645.2392,3.07426,310889.47,10.635045,192.50043,-0.72410816,0.63862276,2.799126,29.152292,-20.104027,-22.82669,-22.067453,-21.857668,-8.40293,-40.234272,-1.9084716,-21.164621,-8.344412,-19.431227,-3.1552284,7.376967,25.788954,0 days 00:00:39.301805138,0 days 00:00:39.341805138
0 days 00:00:00.840000,0 days 00:00:00.880000,answer4 ,349.20233,0.7366121,0.010630437,0.0090181595,0.15321296,-25.69551,1.9112482,1.5390391,0.08533748,0.044595618,0.14343478,0.25957134,0.4042965,0.9518921,1.361536,1.1798977,2.1697695,2.621052,1.5273477,2.5061886,2.5885766,3.8296883,2.3357155,2.067342,2.2320576,1.9872667,1.6816012,1.7698641,2.1169899,1.5197293,1.0080253,0.78285474,0.87039495,0.73899955,0.5455415,0.81538343,0.95849687,0.29417813,459.375,631.6406,717.77344,1062.3047,1.1506357,698.58014,3.5010793,473268.4,9.742833,129.2925,-0.30558148,0.67978245,1.1870805,28.045107,-16.393538,-22.060303,-22.153162,-22.24627,-3.4588852,-34.80299,2.7995377,-22.064117,-0.025754929,-17.68207,-12.064958,-1.5406662,26.090515,0 days 00:00:39.311805138,0 days 00:00:39.351805138
0 days 00:00:00.850000,0 days 00:00:00.890000,answer4 ,0.0,0.7040138,0.0,0.0,0.0,-63.225147,1.67874,1.3917783,0.07082526,0.039871503,0.1302946,0.2788327,0.41062438,0.7253472,0.96734685,1.4065166,1.98218,2.2269645,1.6118417,2.0088153,2.5612264,3.1679695,1.7358047,1.6299025,1.9624132,1.9725709,1.3881164,1.5259308,2.0391781,1.5258313,1.008474,0.87926865,0.8104482,0.716378,0.56069773,0.9532631,0.89182377,0.16031598,430.66406,516.7969,602.9297,947.46094,0.7847352,634.8398,3.4811785,551051.2,9.95866,123.753235,-0.22033389,0.62123495,0.6492174,27.938591,-9.038433,-19.08533,-22.222519,-17.180273,-7.1736884,-37.778408,-0.27294984,-24.368975,1.277465,-23.25083,-17.211355,-1.4128717,20.984331,0 days 00:00:39.321805138,0 days 00:00:39.361805138
0 days 00:00:00.860000,0 days 00:00:00.900000,answer4 ,0.0,0.71074086,0.0,0.0,0.0,-100.0,1.6736373,1.2553596,0.07983998,0.03382464,0.12619537,0.34991002,0.46673918,0.60114855,0.79166985,1.6642102,1.6486474,1.8032541,1.6473411,1.4930426,2.3778307,2.472317,1.317649,1.2990943,1.6676493,1.889234,1.1654805,1.2869943,1.9642884,1.5181786,1.0251522,1.0005172,0.7691347,0.7153011,0.5993511,0.97902006,1.852902,0.08701274,315.8203,445.01953,531.15234,846.97266,1.0182973,543.5445,3.4553576,454956.25,12.548671,216.9952,-0.32353422,0.546164,0.87108535,30.802246,-1.6976815,-15.915668,-24.431702,-17.209448,-9.481967,-37.001213,-1.896732,-30.193619,-0.14943258,-19.36957,-18.675888,-1.6352545,10.564907,0 days 00:00:39.331805138,0 days 00:00:39.371805138
0 days 00:00:00.870000,0 days 00:00:00.910000,answer4 ,0.0,0.72519,0.0,0.0,0.0,-100.0,1.6763911,1.1467794,0.09515565,0.030612245,0.12137535,0.49972185,0.58542514,0.5523016,0.8202078,1.9734592,1.3032008,1.5076747,1.6285248,1.172285,2.0301197,1.8642658,1.0949285,1.0496463,1.3391939,1.6747351,1.0265387,1.0744425,1.8169383,1.5168365,1.0837663,1.0860367,0.745677,0.7011635,0.64883167,0.8989703,2.7826097,0.058030907,287.10938,430.66406,473.73047,689.0625,0.9830716,477.537,3.1673965,302572.3,16.374529,368.6705,-0.45356822,0.49523807,1.2067682,33.443886,3.3143513,-16.271566,-28.973196,-16.483984,-12.381642,-40.022003,-3.2801125,-34.44701,-2.777646,-23.155611,-16.488253,-4.4737678,-8.010238,0 days 00:00:39.341805138,0 days 00:00:39.381805138
0 days 00:00:00.880000,0 days 00:00:00.920000,answer4 ,0.0,0.7117544,0.0,0.0,0.0,-100.0,1.625062,1.0724324,0.097981595,0.030045351,0.11631098,0.7081998,0.738955,0.51861644,0.94740295,2.2672796,1.056904,1.352744,1.5799068,1.046388,1.6459295,1.3843921,1.0043143,0.93134356,1.0882483,1.4073874,0.9562965,0.95610857,1.595265,1.4937782,1.1467253,1.0930691,0.72557944,0.67050767,0.6773388,0.77425116,2.8089216,0.04326198,258.39844,401.95312,488.08594,617.28516,1.1255493,429.77908,3.0997727,171853.05,19.75828,509.1316,-0.47995803,0.45240912,1.275369,35.46262,5.256736,-11.971921,-27.439566,-18.581566,-12.87986,-35.34319,-1.0983281,-34.338913,-5.6158695,-19.196226,-14.322873,-9.717231,-18.222765,0 days 00:00:39.351805138,0 days 00:00:39.391805138
0 days 00:00:00.890000,0 days 00:00:00.930000,answer4 ,0.0,0.67621595,0.0,0.0,0.0,-100.0,1.3712702,1.0015526,0.08190902,0.030801209,0.11751451,0.8919967,0.83203006,0.47888932,1.0084177,2.2884758,0.9081996,1.2432861,1.4315654,0.9837067,1.310023,1.0803819,0.9674117,0.87752384,0.9501269,1.2055806,0.9254487,0.9246715,1.3678532,1.4100189,1.1450275,1.0219027,0.70200926,0.6411453,0.6792207,0.64793825,1.8245019,0.03224608,229.6875,330.17578,445.01953,602.9297,0.90175074,387.12476,3.0166159,178896.89,18.953194,479.83118,-0.33277658,0.40663573,0.89698267,34.7739,6.3274484,-6.9747734,-20.339935,-14.44185,-10.924939,-31.953215,-3.1223757,-26.852257,-9.829324,-23.249138,-17.933004,-3.6920347,-13.363574,0 days 00:00:39.361805138,0 days 00:00:39.401805138
0 days 00:00:00.900000,0 days 00:00:00.940000,answer4 ,0.0,0.6659365,0.0,0.0,0.0,-100.0,1.12381,0.9112587,0.058688413,0.03155707,0.13097851,0.9416171,0.7981636,0.44654632,0.9214166,1.9022762,0.7959375,1.0763515,1.1781315,0.88782614,1.0687375,0.93245286,0.94350773,0.8515789,0.896254,1.0744869,0.92085594,0.937207,1.1772982,1.2724622,1.0766939,0.9547096,0.69173884,0.62216395,0.66294926,0.5303834,0.74783134,0.015431783,244.04297,287.10938,401.95312,617.28516,0.8995981,376.3588,3.0828464,231106.92,16.98467,382.17896,-0.15965562,0.39241397,0.36395106,32.83384,6.195274,-1.5551224,-13.524446,-9.938094,-11.117343,-25.55739,-5.0079536,-21.081507,-10.00294,-19.957508,-13.645443,1.1940769,-5.849846,0 days 00:00:39.371805138,0 days 00:00:39.411805138
0 days 00:00:00.910000,0 days 00:00:00.950000,answer4 ,0.0,0.6655467,0.0,0.0,0.0,-100.0,0.9776476,0.81750035,0.03956075,0.03155707,0.16070259,0.8373886,0.6641543,0.42316318,0.7348233,1.3423246,0.69257575,0.8977552,0.9181227,0.7621762,0.9369065,0.8932035,0.8911617,0.82644224,0.929018,1.0239526,0.89875174,0.94161224,1.0408251,1.1522762,0.9851737,0.9087805,0.69657737,0.6201771,0.6451903,0.43177423,0.32217005,0.013645486,258.39844,301.46484,387.59766,703.41797,0.65318,412.84436,3.2929766,350594.5,13.692803,248.11397,-0.07039075,0.42101288,0.19210224,31.160307,5.185527,-1.0449526,-10.126971,-4.2962885,-10.290559,-20.897295,-3.0291986,-19.561098,-3.9009063,-15.024407,-16.562204,5.505511,1.2062006,0 days 00:00:39.381805138,0 days 00:00:39.421805138
0 days 00:00:00.920000,0 days 00:00:00.960000,answer4 ,0.0,0.67239594,0.0,0.0,0.0,-100.0,0.8742454,0.73791283,0.029922849,0.033635676,0.19167696,0.65862375,0.50407946,0.4008427,0.56469494,0.91636866,0.5912791,0.7248685,0.71973276,0.6774831,0.86519045,0.87785643,0.81293994,0.8073762,0.96354455,0.98132414,0.85373765,0.91250324,0.92373437,1.0811281,0.9447518,0.8990341,0.7103929,0.61313915,0.6263936,0.36303863,0.23638195,0.010904704,258.39844,330.17578,416.3086,645.9961,0.42321607,435.1437,3.4740183,433309.38,12.544285,198.9602,-0.042196188,0.44062844,0.115233354,30.225126,5.1810226,-0.24342091,-10.3026495,-2.022392,-13.6319685,-18.080946,-1.5940133,-20.08455,3.9946966,-6.265425,-11.450332,3.5347102,-2.7911596,0 days 00:00:39.391805138,0 days 00:00:39.431805138
0 days 00:00:00.930000,0 days 00:00:00.970000,answer4 ,0.0,0.67309505,0.0,0.0,0.0,-100.0,0.79339916,0.68217915,0.02460351,0.035525322,0.20203924,0.4997991,0.39009413,0.3663027,0.4734356,0.75470954,0.50051093,0.60672826,0.6180878,0.65169495,0.83401865,0.8314166,0.72516173,0.81543,0.98772985,0.94039893,0.7897265,0.854345,0.81138974,1.0310383,0.9288549,0.87709695,0.72415113,0.6020227,0.59797615,0.32249784,0.15338589,0.009185147,272.7539,344.53125,445.01953,631.6406,0.30723798,459.36182,3.5675867,540110.0,11.58337,162.38667,-0.028668521,0.46191534,0.07420152,30.11184,4.4252853,-3.2919867,-9.1788645,-4.001057,-15.804733,-17.411684,-7.4380646,-19.836758,5.0687184,-2.2268193,-12.291122,3.4391677,-4.711599,0 days 00:00:39.401805138,0 days 00:00:39.441805138
0 days 00:00:00.940000,0 days 00:00:00.980000,answer4 ,0.0,0.6747939,0.0,0.0,0.0,-100.0,0.7024052,0.6330944,0.022208529,0.03798186,0.1914605,0.3944173,0.30955192,0.3359669,0.43779123,0.6936824,0.43219602,0.5260312,0.5619397,0.6561515,0.79406387,0.7597373,0.64806646,0.8115552,0.949433,0.87292105,0.7301853,0.7854757,0.7066548,0.97494435,0.890742,0.82777166,0.71854734,0.583347,0.574741,0.29307833,0.12574346,0.0065879603,301.46484,358.88672,445.01953,559.8633,0.2519715,475.42627,3.3308246,687014.9,11.057063,144.28859,-0.022180868,0.4777244,0.06727335,29.721382,5.1531806,-3.6123664,-9.207059,-4.0364485,-15.114728,-17.836,-8.829773,-17.29953,3.8288975,2.2432482,-6.0855365,7.5063095,-5.534149,0 days 00:00:39.411805138,0 days 00:00:39.451805138
0 days 00:00:00.950000,0 days 00:00:00.990000,answer4 ,0.0,0.667368,0.0,0.0,0.0,-100.0,0.61817485,0.5836213,0.01905911,0.040249433,0.16706963,0.323621,0.25711367,0.31643894,0.42215896,0.6497472,0.3792493,0.45281425,0.515652,0.6367869,0.7267968,0.66980535,0.59488434,0.7940264,0.8724413,0.7945113,0.70326716,0.72990185,0.63169,0.8953986,0.80411357,0.75539035,0.6827054,0.5673272,0.5630543,0.26818943,0.098985516,0.0050687385,315.8203,358.88672,445.01953,545.5078,0.22816785,509.27148,3.3153331,954150.3,9.896344,113.06434,-0.01613016,0.5048469,0.05014011,28.798597,5.266153,-2.1773756,-7.697479,-8.645268,-15.327678,-20.941956,-8.54071,-14.595817,2.3738258,4.7537794,-7.833115,9.188143,-7.909659,0 days 00:00:39.421805138,0 days 00:00:39.461805138
0 days 00:00:00.960000,0 days 00:00:01,answer4 ,0.0,0.667548,0.0,0.0,0.0,-100.0,0.55000263,0.5395252,0.01825076,0.04176115,0.15434985,0.28480515,0.22418624,0.29370624,0.3929863,0.58698183,0.34714234,0.40417668,0.4575069,0.56267637,0.65008277,0.60081726,0.57039213,0.76234764,0.7777235,0.72581285,0.6885617,0.7096491,0.6021811,0.83222073,0.7095707,0.6675167,0.6250494,0.56476176,0.5837448,0.24870412,0.056697156,0.0025810858,258.39844,301.46484,416.3086,545.5078,0.21727192,476.33444,3.294858,989365.8,9.243741,97.4916,-0.011031545,0.46628222,0.03400363,28.175745,8.001754,2.3290274,-3.319157,-7.832484,-10.778713,-19.30178,2.6481369,-5.2099624,-2.8954983,3.4158032,-12.534637,11.494797,-10.600822,0 days 00:00:39.431805138,0 days 00:00:39.471805138
0 days 00:00:00.960000,0 days 00:00:01.000997732,answer4 ,0.0,0.6668785,0.0,0.0,0.0,-100.0,0.55986017,0.515614,0.019428201,0.043083895,0.16025998,0.28635576,0.22425258,0.2679647,0.35917187,0.5570101,0.33491084,0.37034306,0.40416238,0.47408977,0.5832327,0.54321843,0.5658021,0.7384028,0.6901996,0.66328526,0.67703027,0.72950286,0.6415775,0.8095393,0.6709068,0.6031751,0.5770276,0.59782356,0.6307035,0.24601562,0.05615784,0.0019881818,200.97656,258.39844,373.2422,488.08594,0.23152335,406.91782,3.2658272,781480.25,10.861374,142.8202,-0.018418336,0.40024582,0.034039542,28.30367,13.724162,4.173861,-2.630298,-5.4629836,-7.483296,-21.17157,5.7196274,-2.800946,-8.893929,3.536129,-17.1988,5.2031713,-16.46345,0 days 00:00:39.431805138,0 days 00:00:39.472802870
0 days 00:00:00,0 days 00:00:00.040000,answer5_other1,191.87129,0.7499098,0.0,0.0,0.07355283,9.99814,0.5238155,0.98834115,0.017199067,0.021541951,0.12921618,0.27204838,0.41952792,0.5544473,0.66972893,0.76589614,0.84702843,0.9178292,0.9822495,1.0430994,1.1020993,1.1600702,1.2171308,1.2728368,1.3262117,1.3755809,1.4180565,1.4484811,1.4578775,1.432704,1.3587462,1.2323397,1.069155,0.8959276,0.7342484,0.5943311,0.054350555,0.0015904525,200.97656,244.04297,387.59766,473.73047,0.03744425,318.84814,3.0959196,71236.24,10.693755,245.38701,-0.014750975,0.33705938,0.040066216,37.015034,5.137029,10.743256,-8.668093,-4.1786995,-7.772074,-10.692536,-8.026001,-15.657981,8.5099745,-29.671133,9.004079,-2.7589672,-13.139867,0 days 00:01:12.105438772,0 days 00:01:12.145438772
0 days 00:00:00.010000,0 days 00:00:00.050000,answer5_other1,192.09058,0.75029254,0.050451204,0.0,0.07979182,9.953294,0.50504655,0.98834115,0.016371237,0.028911566,0.12921618,0.27204838,0.41952792,0.5544473,0.66972893,0.76589614,0.84702843,0.9178292,0.9822495,1.0430994,1.1020993,1.1600702,1.2171308,1.2728368,1.3262117,1.3755809,1.4180565,1.4484811,1.4578775,1.432704,1.3587462,1.2323397,1.069155,0.8959276,0.7342484,0.5943311,0.043482427,0.001363991,200.97656,258.39844,387.59766,516.7969,0.07505127,331.0308,3.1256409,97002.27,11.39478,255.2169,-0.012214324,0.3476751,0.03375032,34.974075,6.442511,7.391609,-7.171991,-7.2402306,-12.857811,-7.5001874,-7.4060097,-12.017562,7.651838,-29.38165,5.612867,-3.7320356,-14.216919,0 days 00:01:12.115438772,0 days 00:01:12.155438772
0 days 00:00:00.020000,0 days 00:00:00.060000,answer5_other1,192.83296,0.73516124,0.044903945,0.027474528,0.13920628,10.42585,0.50339,0.98834115,0.015248998,0.035714287,0.12921618,0.27204838,0.41952792,0.5544473,0.66972893,0.76589614,0.84702843,0.9178292,0.9822495,1.0430994,1.1020993,1.1600702,1.2171308,1.2728368,1.3262117,1.3755809,1.4180565,1.4484811,1.4578775,1.432704,1.3587462,1.2323397,1.069155,0.8959276,0.7342484,0.5943311,0.032876346,0.0012667143,186.6211,244.04297,387.59766,559.8633,0.09403706,353.90674,3.2093132,251850.86,11.015312,208.69861,-0.010136806,0.36300907,0.027772164,31.105032,9.736283,3.074681,-1.363428,-11.95025,-15.748222,-4.849963,-3.9169219,-5.9520087,3.0834818,-25.074053,1.5322436,-4.8325806,-11.507717,0 days 00:01:12.125438772,0 days 00:01:12.165438772
0 days 00:00:00.030000,0 days 00:00:00.070000,answer5_other1,203.90974,0.71464187,0.028257668,0.020561313,0.15250726,10.399087,0.5247881,0.98834115,0.013824803,0.039304614,0.12921618,0.27204838,0.41952792,0.5544473,0.66972893,0.76589614,0.84702843,0.9178292,0.9822495,1.0430994,1.1020993,1.1600702,1.2171308,1.2728368,1.3262117,1.3755809,1.4180565,1.4484811,1.4578775,1.432704,1.3587462,1.2323397,1.069155,0.8959276,0.7342484,0.5943311,0.029010331,0.0015417443,186.6211,244.04297,387.59766,574.21875,0.07867546,411.75803,3.3510602,558550.94,9.939256,154.95955,-0.00858111,0.40206185,0.022957722,25.000015,13.314778,1.4541343,3.123544,-14.641374,-20.649422,-0.59581107,-0.18903954,-6.032519,-1.8326286,-17.357882,-3.0424795,-7.138705,-8.898158,0 days 00:01:12.135438772,0 days 00:01:12.175438772
0 days 00:00:00.040000,0 days 00:00:00.080000,answer5_other1,218.9124,0.7220567,0.019658739,0.014845238,0.1490456,10.858887,0.6486835,1.0527164,0.02408321,0.03590325,0.13164227,0.2766709,0.43321088,0.56017417,0.69293404,0.7885709,0.8508399,0.91170794,0.99030906,1.010862,1.0892903,1.1624748,1.261561,1.3617531,1.485011,1.4585906,1.4110147,1.5478592,1.611848,1.6363115,1.5197898,1.3772968,1.2242724,1.0413047,0.8612747,0.6740505,0.06729658,0.0027612457,186.6211,229.6875,401.95312,559.8633,0.14409125,430.6725,3.4550698,656611.3,7.7357116,77.08789,-0.017668435,0.41073504,0.033446904,21.084051,16.504885,5.433922,2.436063,-15.147735,-23.806509,-0.711315,7.24779,-11.4137335,-3.1322854,-12.644276,-4.239928,-6.762899,-7.164299,0 days 00:01:12.145438772,0 days 00:01:12.185438772
0 days 00:00:00.050000,0 days 00:00:00.090000,answer5_other1,234.78801,0.7519,0.012227345,0.008072159,0.39010963,7.6469445,1.0050384,1.2545131,0.047570262,0.030990174,0.13418603,0.30736434,0.50800604,0.60971117,0.8275979,0.9194123,0.90756845,0.95518166,1.0820662,0.98252875,1.1206607,1.208398,1.3891808,1.6275045,2.0157988,1.8187114,1.4891338,1.8997971,2.0622005,2.2314596,1.9538456,1.7188702,1.5276388,1.3597044,1.1234777,0.8373303,0.8312494,0.020056002,200.97656,301.46484,430.66406,545.5078,0.57005256,435.95493,3.303098,519756.66,7.1902084,75.56271,-0.15281908,0.42227483,0.42104676,19.943222,15.115161,10.569164,-4.3416295,-24.205643,-32.54094,-1.5010427,4.7859054,-21.18399,-4.344926,-9.099228,-11.527133,-10.05156,-10.421944,0 days 00:01:12.155438772,0 days 00:01:12.195438772
0 days 00:00:00.060000,0 days 00:00:00.100000,answer5_other1,240.35681,0.7887669,0.037373375,0.022113154,0.47344586,6.830408,1.3538342,1.631446,0.07489715,0.026643991,0.13143909,0.36876592,0.6850524,0.72965366,1.1750602,1.270163,1.0397316,1.0868407,1.3149656,1.0060675,1.2018833,1.267017,1.6169945,2.0263317,2.8716671,2.5601625,1.7904812,2.638251,2.8554218,3.4146671,2.8097107,2.2681408,1.9225287,1.8227407,1.4895973,1.0542574,1.7553715,0.027696872,229.6875,387.59766,459.375,516.7969,0.733922,416.2665,2.9985569,233608.3,8.612138,112.437706,-0.29723617,0.42289552,0.9022121,20.247316,15.371826,13.9331255,-15.541415,-32.875988,-33.960556,-9.301119,-0.9084551,-26.795858,-5.510611,-9.29198,-11.494004,-7.7897124,-19.964758,0 days 00:01:12.165438772,0 days 00:01:12.205438772
0 days 00:00:00.070000,0 days 00:00:00.110000,answer5_other1,239.40251,0.79322845,0.039273057,0.03069593,0.45073095,8.944443,1.5431999,2.0784163,0.08428063,0.027588814,0.11962543,0.43779323,0.94240713,0.9093476,1.7627565,1.8499908,1.2292558,1.3130391,1.6443316,1.1610403,1.3564129,1.3052816,1.8237132,2.3342214,3.7143476,3.5938015,2.3499696,3.6940184,3.792921,4.7781606,3.6874816,2.7416859,2.2222245,2.2479982,1.7949635,1.2320316,2.2411878,0.03422901,244.04297,459.375,473.73047,516.7969,0.8166046,429.36743,2.7096436,145776.88,9.700639,139.94212,-0.36550125,0.44665828,1.1805274,19.88555,14.115692,12.231393,-21.232399,-42.91669,-31.779959,-12.303917,-11.0410795,-27.823248,-5.095363,-5.510508,-16.562454,-11.452939,-22.267797,0 days 00:01:12.175438772,0 days 00:01:12.215438772
0 days 00:00:00.080000,0 days 00:00:00.120000,answer5_other1,235.9215,0.7846563,0.03814996,0.030426735,0.17375314,12.321186,1.4080688,2.3922045,0.07305617,0.030612245,0.10276451,0.46632743,1.1430053,1.0428554,2.2633426,2.3453531,1.293251,1.4454788,1.9136443,1.4066772,1.4867144,1.2674161,1.866589,2.4112442,4.0433927,4.426312,3.0323179,4.7564607,4.5407176,5.598107,4.159479,2.9360878,2.37436,2.5333471,1.9976448,1.344429,1.7219087,0.024232937,258.39844,459.375,473.73047,502.4414,0.56369275,442.40836,2.6717088,209559.33,9.394775,127.469055,-0.26933134,0.45295218,0.8997734,17.453098,15.249179,13.452632,-21.633638,-40.409653,-23.125502,-19.223358,-19.94562,-26.885492,-3.2153254,-2.9587815,-7.1948934,-10.98111,-27.826475,0 days 00:01:12.185438772,0 days 00:01:12.225438772
0 days 00:00:00.090000,0 days 00:00:00.130000,answer5_other1,234.2404,0.77597785,0.015313492,0.01706224,0.10783458,13.484908,1.1917291,2.4150965,0.0531798,0.031934995,0.09111687,0.43116042,1.1485013,1.0447183,2.3635771,2.379494,1.1919456,1.3862389,1.9414476,1.6293406,1.5600182,1.1694553,1.7095798,2.2635775,3.711572,4.568849,3.512675,5.285071,4.8141217,5.421253,4.0051684,2.8426082,2.3507009,2.5982745,2.0060613,1.3659834,0.8903939,0.01947749,258.39844,445.01953,473.73047,488.08594,0.50863665,461.1378,2.762431,291134.16,8.369056,100.34448,-0.13841516,0.4626182,0.45934233,16.150812,13.154396,13.45192,-17.874578,-37.31833,-20.749788,-18.49277,-26.48371,-22.728315,-0.9563238,0.7292628,-4.6508107,-15.088176,-23.78363,0 days 00:01:12.195438772,0 days 00:01:12.235438772
0 days 00:00:00.100000,0 days 00:00:00.140000,answer5_other1,235.49042,0.7745185,0.014475425,0.010102921,0.1995045,9.62848,1.0003443,2.1817029,0.038974825,0.031179138,0.08391661,0.3651084,0.9924583,0.9211581,2.0075517,1.9623297,0.96059984,1.1408089,1.7667288,1.7413484,1.5918039,1.0742747,1.4342769,2.057031,3.0497468,4.056775,3.5623176,4.9826837,4.657045,4.4921107,3.4411173,2.6672153,2.168718,2.4344108,1.8196917,1.2930473,0.41416964,0.013438244,244.04297,373.2422,473.73047,488.08594,0.42536175,454.37708,2.7965305,420684.0,7.3695164,74.656845,-0.06962327,0.44348875,0.19358726,15.016694,12.742213,13.248398,-14.811765,-27.895956,-18.832644,-21.641336,-29.167198,-24.982712,0.935033,-1.3686756,-1.8817663,-19.058475,-24.683203,0 days 00:01:12.205438772,0 days 00:01:12.245438772
0 days 00:00:00.110000,0 days 00:00:00.150000,answer5_other1,237.69258,0.7840217,0.014622781,0.012237082,0.2486066,8.633366,0.90243673,1.858375,0.034921665,0.027777778,0.0839031,0.3120717,0.8098983,0.7678655,1.5195853,1.4379739,0.7575564,0.8901977,1.476574,1.6934658,1.5925719,1.0062923,1.1830982,1.8332711,2.3832874,3.2510064,3.259826,4.1508846,4.294945,3.492799,2.907584,2.537857,1.89963,2.1074445,1.5074009,1.1607541,0.291737,0.007738096,229.6875,315.8203,473.73047,488.08594,0.32658026,424.54272,2.70763,399308.22,8.728901,107.88983,-0.05344103,0.41758463,0.17399926,16.221176,14.502518,14.777003,-13.742459,-23.948372,-18.997702,-20.539522,-25.773901,-22.087547,6.0913873,-4.1820464,-5.698126,-23.247244,-19.148634,0 days 00:01:12.215438772,0 days 00:01:12.255438772
0 days 00:00:00.120000,0 days 00:00:00.160000,answer5_other1,236.78151,0.78294915,0.01206215,0.011632629,0.2385882,9.757722,0.8871519,1.6022816,0.037029874,0.024376417,0.08944351,0.29416475,0.7192283,0.6637792,1.1826206,1.1523889,0.6337974,0.7250907,1.2022429,1.5660943,1.5849142,0.9951088,1.0085403,1.6323237,1.9740361,2.6273725,2.794567,3.3259106,3.9844778,2.8380785,2.5134985,2.459638,1.6713496,1.7586203,1.2207395,1.0412942,0.3508195,0.006612312,229.6875,258.39844,473.73047,502.4414,0.2455488,394.77847,2.596197,347681.7,9.830182,137.08998,-0.06451785,0.39347878,0.23870827,16.910772,17.182085,18.728598,-12.974251,-20.43468,-19.517195,-27.367437,-24.353113,-20.139284,10.090346,-4.1788955,-3.9204204,-26.951956,-18.840353,0 days 00:01:12.225438772,0 days 00:01:12.265438772
0 days 00:00:00.130000,0 days 00:00:00.170000,answer5_other1,233.15643,0.77929157,0.009889032,0.009188831,0.14410391,13.294785,0.93664765,1.4592639,0.039953336,0.021352986,0.09925338,0.30521977,0.71291834,0.6256512,1.0307959,1.0793909,0.56733745,0.64113915,0.96770555,1.449503,1.5574468,1.004476,0.91349846,1.4557196,1.7425795,2.2243283,2.4590037,2.9576445,3.8532057,2.5641642,2.342584,2.3677106,1.5474182,1.4658953,1.0433375,0.9629368,0.41967562,0.00869647,229.6875,258.39844,459.375,488.08594,0.20614068,375.4214,2.5296,269845.03,10.380527,150.3619,-0.07907622,0.37897208,0.30315724,17.180782,17.437532,23.353472,-13.515605,-21.673746,-20.287848,-30.80961,-25.64247,-16.129236,10.902364,-2.8573036,-6.022136,-31.96817,-17.822365,0 days 00:01:12.235438772,0 days 00:01:12.275438772
0 days 00:00:00.140000,0 days 00:00:00.180000,answer5_other1,228.11243,0.77026206,0.015373235,0.0072932974,0.07567406,14.996526,0.9405251,1.4016961,0.038280185,0.0202192,0.10808873,0.322728,0.72890884,0.6236282,0.96745354,1.0434417,0.5790785,0.6260652,0.8060656,1.4516207,1.5763477,1.0293514,0.88742524,1.3901211,1.7142429,2.0738504,2.3088298,2.8805668,3.7619054,2.487622,2.2338314,2.2315834,1.5064522,1.2730813,0.9396078,0.89219785,0.35251892,0.011506942,229.6875,258.39844,387.59766,473.73047,0.21116622,375.1521,2.5110934,288698.75,9.438174,128.6935,-0.06991864,0.3729966,0.246408,17.614637,12.638256,21.075447,-12.635615,-19.304916,-18.017931,-25.75385,-27.070366,-20.565323,8.047793,-5.2368016,-11.5479965,-34.203846,-17.63415,0 days 00:01:12.245438772,0 days 00:01:12.285438772
0 days 00:00:00.150000,0 days 00:00:00.190000,answer5_other1,221.79724,0.7652707,0.015300003,0.009082104,0.108790256,13.7323,0.9349556,1.3881394,0.034498382,0.02248677,0.109006144,0.33488944,0.71722364,0.6188943,0.9137845,0.96034485,0.6799533,0.6647082,0.7683242,1.6227123,1.6407934,1.0321344,0.90111595,1.4027699,1.7750715,2.1255255,2.2977712,2.8430614,3.718895,2.47995,2.120911,2.0803504,1.4592439,1.1441027,0.8676188,0.8124662,0.24878006,0.01366284,215.33203,258.39844,387.59766,516.7969,0.26436818,393.35873,2.7132638,337258.44,8.441429,104.96421,-0.05600402,0.38336062,0.18805666,18.993694,8.939362,18.677101,-17.574955,-19.694738,-10.910556,-18.645805,-26.522299,-25.038284,7.553431,-5.0505695,-16.69365,-35.57415,-15.772079,0 days 00:01:12.255438772,0 days 00:01:12.295438772
0 days 00:00:00.160000,0 days 00:00:00.200000,answer5_other1,214.92236,0.75524503,0.016546087,0.00834261,0.13829274,11.626202,0.95086145,1.3808321,0.03328067,0.026832955,0.1087307,0.33713308,0.66387606,0.60203856,0.86046624,0.8381447,0.9164398,0.78067714,0.870202,1.8588886,1.6701106,1.0135632,0.9483819,1.4258118,1.8494326,2.3231423,2.3370993,2.6794832,3.659109,2.428427,1.9411961,1.9156853,1.3523725,1.0302823,0.7789424,0.71199894,0.20776404,0.014522933,215.33203,301.46484,387.59766,574.21875,0.27258536,411.43564,2.9509926,318148.88,8.035647,100.8697,-0.050982904,0.40147993,0.1586656,22.100737,6.0824485,18.146408,-22.087065,-20.783892,-4.999635,-10.878423,-20.668962,-24.982185,4.853871,-7.3693786,-13.027133,-29.581758,-12.622523,0 days 00:01:12.265438772,0 days 00:01:12.305438772
0 days 00:00:00.170000,0 days 00:00:00.210000,answer5_other1,211.07442,0.7216762,0.012298811,0.009113684,0.15189749,-26.27207,1.0238152,1.379665,0.035158288,0.03212396,0.111243784,0.3364792,0.59840876,0.5811422,0.81587523,0.78788143,1.2685839,0.9129691,1.0686201,1.9441671,1.5868549,1.0007378,1.0162357,1.3840599,1.8174652,2.5589955,2.3763912,2.5343344,3.7431753,2.4078715,1.7743152,1.8245605,1.2253002,0.9055593,0.674944,0.61511713,0.23561318,0.017958911,215.33203,301.46484,502.4414,645.9961,0.31435105,448.61157,3.16564,344615.8,6.652303,72.78434,-0.06040329,0.43087205,0.193977,22.778389,5.8895507,22.908827,-31.073404,-22.726263,-5.614177,-10.361797,-14.095065,-16.048569,3.965683,-13.586403,-12.449699,-30.450354,-11.792529,0 days 00:01:12.275438772,0 days 00:01:12.315438772
0 days 00:00:00.180000,0 days 00:00:00.220000,answer5_other1,0.0,0.693217,0.0,0.0,0.0,-63.34219,1.1154448,1.4127336,0.03614813,0.036470145,0.12219721,0.331947,0.5444365,0.58409935,0.7871554,0.87221557,1.6264143,1.0593506,1.2521963,1.8374319,1.4261509,1.0218308,1.1101269,1.3035312,1.7562724,2.7861917,2.4880025,2.6146805,4.0800786,2.4395165,1.7225357,1.8393387,1.182738,0.8048733,0.5927712,0.5449888,0.2741225,0.023813918,272.7539,401.95312,545.5078,703.41797,0.38288656,532.56104,3.4163551,425477.4,5.343466,49.556427,-0.06350321,0.49519312,0.18616171,21.91118,4.4555383,24.408249,-34.490772,-23.402254,-6.1448555,-5.1707234,-9.9459915,-9.769009,4.370524,-17.776588,-10.234559,-28.617048,-7.460464,0 days 00:01:12.285438772,0 days 00:01:12.325438772
0 days 00:00:00.190000,0 days 00:00:00.230000,answer5_other1,0.0,0.6668091,0.0,0.0,0.0,-100.0,1.0879825,1.4538428,0.033583052,0.036848072,0.13572931,0.30870506,0.4819573,0.6070688,0.7449768,1.0266838,1.7932988,1.1447886,1.3306078,1.5771979,1.2891372,1.088703,1.2218609,1.263615,1.7123686,2.9111025,2.6438363,2.859175,4.389972,2.4932086,1.7794533,1.9257599,1.2521274,0.76258093,0.5523408,0.50365525,0.24878664,0.024165308,330.17578,445.01953,574.21875,689.0625,0.43406475,611.0358,3.5160167,539177.0,4.219561,27.39506,-0.0521294,0.5540014,0.15396209,19.311651,3.3333886,25.328888,-34.507,-24.393,-10.255814,-5.5020485,-9.390585,-1.9807434,7.822806,-13.347355,-5.587763,-24.404892,-4.4882636,0 days 00:01:12.295438772,0 days 00:01:12.335438772
0 days 00:00:00.200000,0 days 00:00:00.240000,answer5_other1,0.0,0.66137433,0.0,0.0,0.0,-100.0,1.0165173,1.4647642,0.028875686,0.03628118,0.14817101,0.26288775,0.39515397,0.6068771,0.70605373,1.1820518,1.6824163,1.14079,1.2735305,1.3546861,1.2293364,1.1277409,1.2846105,1.2586912,1.7229494,2.9300137,2.695509,3.0517175,4.4889383,2.504994,1.8785099,1.9928714,1.3522052,0.76737326,0.5553177,0.49048007,0.21443908,0.02120951,416.3086,531.15234,559.8633,689.0625,0.36561275,689.3701,3.47454,604476.2,4.015604,25.151377,-0.035141658,0.621775,0.11748624,17.633718,2.428755,24.195978,-33.10654,-25.231623,-10.687503,-4.5548244,-5.897936,0.76011896,17.7629,-0.36398062,1.9955697,-19.558748,-2.37757,0 days 00:01:12.305438772,0 days 00:01:12.345438772
0 days 00:00:00.210000,0 days 00:00:00.250000,answer5_other1,0.0,0.65930814,0.0,0.0,0.0,-100.0,0.87316865,1.3923392,0.023510933,0.034958426,0.15085077,0.2107234,0.308982,0.57220423,0.67169476,1.207698,1.3866402,1.0623142,1.1628075,1.1673656,1.2039391,1.1003433,1.2705826,1.2833366,1.7232122,2.7858713,2.554934,2.9518073,4.0641227,2.364275,1.8801571,1.9233454,1.3873819,0.76719266,0.5641947,0.47484502,0.14328098,0.013283745,373.2422,516.7969,545.5078,689.0625,0.2847747,672.7883,3.51428,613690.2,4.1153526,26.777357,-0.022782506,0.6061964,0.08048475,17.452333,1.8046193,23.85533,-31.461441,-25.642286,-15.11786,-3.7964766,-8.172126,-2.1360834,15.895634,-1.9721575,1.1144937,-19.623281,-3.7131386,0 days 00:01:12.315438772,0 days 00:01:12.355438772
0 days 00:00:00.220000,0 days 00:00:00.260000,answer5_other1,0.0,0.65748566,0.0,0.0,0.0,-100.0,0.74572706,1.242494,0.018040508,0.034202572,0.14208649,0.1744336,0.25605986,0.49405095,0.62485564,1.0899256,1.0972363,0.9415495,1.0107112,1.0061854,1.1509539,1.0275714,1.2004986,1.2705609,1.613568,2.5177815,2.2351325,2.581143,3.332987,2.0646932,1.7183323,1.7014459,1.304423,0.74143714,0.5553286,0.45189402,0.08913811,0.009046088,315.8203,445.01953,545.5078,746.4844,0.21815538,643.19214,3.6682196,701952.7,4.6439304,34.47255,-0.015196695,0.57519424,0.050172027,18.182487,2.1726725,21.683342,-23.775854,-25.017326,-12.61895,-1.7303653,-7.4025,-1.129426,11.016675,-9.94684,-5.0757713,-20.631582,-4.5804443,0 days 00:01:12.325438772,0 days 00:01:12.365438772
0 days 00:00:00.230000,0 days 00:00:00.270000,answer5_other1,0.0,0.66274405,0.0,0.0,0.0,-100.0,0.62104875,1.0587403,0.013778352,0.035336357,0.12177869,0.15927203,0.25486252,0.43095252,0.5511499,0.88524055,0.892929,0.8458014,0.87660533,0.90001935,1.068315,0.9389028,1.1003917,1.1833433,1.4009333,2.1316996,1.8585024,2.0795672,2.5111809,1.6732754,1.4598494,1.4272012,1.1379323,0.69535524,0.52272266,0.4194646,0.05122273,0.0043567894,244.04297,373.2422,516.7969,703.41797,0.19693154,544.46423,3.6927223,601392.94,6.332428,67.567505,-0.009458768,0.49801353,0.019538265,19.879316,4.3216834,18.598776,-21.980612,-22.367226,-13.611023,-7.994615,-18.194849,-8.75657,3.1626062,-16.483957,-7.995809,-21.933092,-9.196884,0 days 00:01:12.335438772,0 days 00:01:12.375438772
0 days 00:00:00.240000,0 days 00:00:00.280000,answer5_other1,0.0,0.66006786,0.0,0.0,0.0,-100.0,0.5211182,0.88335115,0.012143261,0.035525322,0.099930935,0.15581296,0.27895904,0.39926136,0.45918676,0.6788605,0.74401456,0.754668,0.77412266,0.8385136,0.96468997,0.8859555,0.99908835,1.0546273,1.1416209,1.6960815,1.4998535,1.6079006,1.8388923,1.2917928,1.1782717,1.1623349,0.9420762,0.64922035,0.48707178,0.3843234,0.0354936,0.002238451,244.04297,301.46484,502.4414,645.9961,0.14684506,477.0262,3.5541942,494477.22,7.583103,91.139915,-0.0065755895,0.45132697,0.014749701,21.286064,5.406887,14.851105,-16.956041,-18.898691,-12.073728,-11.75185,-18.544075,-12.306018,0.8789975,-13.14344,-6.26574,-18.284143,-10.647618,0 days 00:01:12.345438772,0 days 00:01:12.385438772
0 days 00:00:00.250000,0 days 00:00:00.290000,answer5_other1,0.0,0.6588051,0.0,0.0,0.0,-100.0,0.47995666,0.75201344,0.010935939,0.036848072,0.0865438,0.15100877,0.2984641,0.40024495,0.3969973,0.5562279,0.621584,0.6795035,0.75939363,0.8511761,0.8855596,0.8367271,0.89143735,0.91420513,0.93224245,1.3134722,1.2023252,1.2385617,1.3886042,1.041163,0.9653228,0.9685485,0.7643842,0.6043282,0.45531237,0.34901285,0.03698911,0.0014913016,258.39844,315.8203,502.4414,574.21875,0.11357596,432.1335,3.4822464,278282.66,8.759112,122.86556,-0.006176966,0.4308239,0.012969427,23.682058,5.541825,12.399162,-19.841825,-16.044653,-12.22343,-12.222238,-23.033348,-19.03301,2.2079322,-6.0988746,-3.5952146,-15.517985,-11.297024,0 days 00:01:12.355438772,0 days 00:01:12.395438772
0 days 00:00:00.260000,0 days 00:00:00.300000,answer5_other1,0.0,0.6529722,0.0,0.0,0.0,-100.0,0.42593786,0.66403675,0.008859072,0.037981857,0.08282219,0.14201692,0.2884828,0.3908747,0.36416078,0.48707876,0.53109974,0.6346937,0.8267274,0.87175626,0.83933526,0.8146748,0.80180025,0.8421363,0.79730153,1.0326709,0.9822335,0.9640105,1.0902842,0.90716225,0.8090937,0.8182066,0.6461125,0.5548077,0.43095937,0.31445292,0.017681176,0.001112219,244.04297,373.2422,516.7969,703.41797,0.09815806,478.69077,3.8724582,349069.78,8.018664,107.85504,-0.0032236704,0.46749178,0.0070868996,24.179773,3.0043135,7.602197,-14.714698,-12.700226,-7.418402,-4.626312,-13.777142,-13.610333,1.8969873,-4.0917015,-2.1214225,-10.3753805,-8.983895,0 days 00:01:12.365438772,0 days 00:01:12.405438772
0 days 00:00:00.270000,0 days 00:00:00.310000,answer5_other1,0.0,0.6526807,0.0,0.0,0.0,-100.0,0.38068268,0.60968494,0.006640471,0.037981857,0.08957749,0.1317919,0.25118947,0.35176632,0.34411559,0.4419601,0.4828368,0.6195809,0.8932994,0.8539069,0.81939155,0.82228714,0.76635724,0.8237922,0.7261031,0.87452745,0.8487933,0.78609115,0.8877935,0.8327391,0.70381325,0.7090334,0.5854214,0.5076225,0.41086045,0.2871572,0.01131963,0.00078495196,244.04297,387.59766,516.7969,789.5508,0.07322308,508.88647,4.132855,452646.16,7.7354217,100.78202,-0.0021548748,0.48787394,0.0032518336,24.29074,2.3976414,7.002687,-11.223201,-9.415677,-8.218846,-0.74996567,-11.204029,-8.669445,5.195164,-5.909109,1.0916213,-5.8933015,-8.04819,0 days 00:01:12.375438772,0 days 00:01:12.415438772
0 days 00:00:00.280000,0 days 00:00:00.320000,answer5_other1,0.0,0.65215844,0.0,0.0,0.0,-100.0,0.33722436,0.57181716,0.0053544207,0.037226003,0.10102566,0.12569006,0.21218504,0.29305375,0.30358568,0.3903172,0.47821394,0.6365939,0.92159414,0.7868712,0.8071523,0.8368489,0.76587313,0.8415597,0.6757632,0.77095515,0.7768986,0.6769862,0.7311437,0.76608795,0.6382366,0.6287515,0.56654197,0.47396383,0.39242366,0.26893032,0.0043557477,0.00056595745,215.33203,358.88672,559.8633,861.3281,0.07186866,505.39038,4.154141,502477.84,7.7239137,98.65609,-0.0012507889,0.47866097,0.002284162,24.119646,2.2028294,5.079332,-5.8296757,-4.6857347,-2.3954537,8.735768,-2.1437433,-5.0814185,-1.4352522,-12.86528,-1.9526829,-6.8524704,-7.966864,0 days 00:01:12.385438772,0 days 00:01:12.425438772
0 days 00:00:00.290000,0 days 00:00:00.330000,answer5_other1,0.0,0.6560965,0.0,0.0,0.0,-100.0,0.3286023,0.54584885,0.0047569536,0.0345805,0.112861864,0.119218685,0.18443473,0.24891312,0.25871176,0.33767274,0.4955834,0.66452986,0.89156866,0.7036056,0.77859753,0.86934143,0.8112778,0.87040156,0.6518306,0.6841858,0.72644013,0.60650057,0.6360607,0.69930667,0.5944448,0.5758844,0.5594222,0.46787548,0.38195983,0.26144156,0.004570323,0.0005086329,244.04297,344.53125,574.21875,846.97266,0.061874,510.41653,4.234781,471460.03,8.008504,105.7229,-0.0011719106,0.48797002,0.0018005128,24.584108,1.831206,3.4230287,-6.0820813,-4.7879333,-7.070559,6.82037,-0.0975343,-4.8555965,-6.1820693,-9.654724,-0.51913494,-3.7139328,-3.4256709,0 days 00:01:12.395438772,0 days 00:01:12.435438772
0 days 00:00:00.300000,0 days 00:00:00.340000,answer5_other1,0.0,0.65525967,0.0,0.0,0.0,-100.0,0.32250488,0.53387886,0.0047786846,0.030801209,0.12385448,0.115525104,0.17718196,0.24068189,0.22184366,0.29998323,0.5124538,0.68367606,0.8451457,0.65711915,0.76328653,0.89612794,0.8645013,0.88933635,0.65104777,0.6175159,0.68776464,0.57671785,0.61548305,0.6589017,0.5665559,0.5429969,0.55694216,0.48218775,0.37452626,0.25949427,0.0040680547,0.00055335875,200.97656,315.8203,516.7969,832.6172,0.06896407,469.1,4.1020513,400118.97,7.925981,107.06408,-0.0012000105,0.44944945,0.001874772,24.830221,1.2929236,4.081434,-1.7262359,-1.6951529,-2.3604658,5.1381536,0.21025069,-2.8525918,-10.714553,-8.02478,-2.6694973,-4.670227,0.60320646,0 days 00:01:12.405438772,0 days 00:01:12.445438772
0 days 00:00:00.310000,0 days 00:00:00.350000,answer5_other1,0.0,0.65826386,0.0,0.0,0.0,-100.0,0.32588398,0.5375884,0.005017362,0.027777778,0.13191546,0.115913816,0.17759079,0.26482546,0.21803002,0.29280415,0.5166189,0.6968866,0.7989108,0.65853494,0.77477473,0.9664143,0.911902,0.9145703,0.6704163,0.579244,0.65088314,0.5709316,0.6497095,0.6459864,0.5473669,0.5177371,0.5546363,0.51180553,0.3738172,0.2650726,0.0056267884,0.0005908736,200.97656,344.53125,459.375,775.1953,0.06640362,458.1316,4.1138897,342781.12,8.494912,130.90068,-0.0013205637,0.44526124,0.00257393,26.28746,1.9704409,3.527786,-1.1913851,-3.494449,-9.278443,-4.119101,-2.1184566,0.098272,-5.7680187,-1.6653544,-0.056801558,-2.1078994,3.0867033,0 days 00:01:12.415438772,0 days 00:01:12.455438772
0 days 00:00:00.320000,0 days 00:00:00.360000,answer5_other1,0.0,0.6551687,0.0,0.0,0.0,-100.0,0.3153915,0.5482772,0.0054424815,0.024187453,0.14141081,0.12570913,0.17640372,0.30308336,0.24620543,0.31461307,0.498477,0.6703616,0.75289804,0.68380684,0.82869744,1.0579611,0.92743796,0.93140477,0.686371,0.5761299,0.63361824,0.5838156,0.6919863,0.6490653,0.53750664,0.50151575,0.5589018,0.5349467,0.36957765,0.27330223,0.0052144206,0.000575434,143.55469,344.53125,459.375,689.0625,0.06197122,416.94888,3.9489415,307979.0,8.861602,144.81572,-0.0013714276,0.40784416,0.0027762686,27.464323,2.9616642,5.3854957,1.8675572,-0.5448822,-6.348062,-2.4844158,-1.8544359,5.4681115,1.3921646,0.42390218,0.3776002,-4.921456,1.7756141,0 days 00:01:12.425438772,0 days 00:01:12.465438772
0 days 00:00:00.330000,0 days 00:00:00.370000,answer5_other1,0.0,0.653059,0.0,0.0,0.0,-100.0,0.30746746,0.55564684,0.0053444654,0.022297807,0.14993665,0.14512058,0.17245954,0.33294538,0.2800018,0.34053314,0.474911,0.64216554,0.73301506,0.692416,0.9009349,1.1359007,0.8996791,0.95220286,0.66663796,0.5712932,0.6263493,0.59955245,0.7043006,0.6559913,0.53085256,0.48302802,0.5622107,0.5452295,0.36833516,0.28081384,0.0054522348,0.00051069725,157.91016,358.88672,473.73047,689.0625,0.061834957,419.22888,3.842755,275048.53,9.633986,166.19151,-0.0013639936,0.41673234,0.0030871741,28.485868,3.7276878,2.8775225,0.8537102,0.32206663,-6.4878106,-5.7456203,-1.2805995,5.4973044,-3.0976198,1.5742222,1.8909187,-0.7642069,1.5605131,0 days 00:01:12.435438772,0 days 00:01:12.475438772
0 days 00:00:00.340000,0 days 00:00:00.380000,answer5_other1,0.0,0.6559523,0.0,0.0,0.0,-100.0,0.29264334,0.5584982,0.0050721634,0.020786094,0.15336636,0.1624298,0.16759491,0.34080747,0.30802897,0.35632417,0.45644212,0.6248499,0.7535048,0.6947648,0.962555,1.1406561,0.8618052,0.96632725,0.63860756,0.55242246,0.6312617,0.61557436,0.6946323,0.6773239,0.52580017,0.472437,0.561096,0.54699594,0.3702747,0.28507045,0.0033884123,0.00051988795,157.91016,301.46484,459.375,775.1953,0.05871874,416.76553,3.8102062,324024.5,8.80137,136.52525,-0.0010837847,0.4064006,0.0023829595,27.697922,2.646898,2.6768296,1.5662999,3.222297,0.6075408,-3.276285,-0.90641826,3.385711,-6.049871,3.3533018,2.7166874,-2.7975779,-0.7149105,0 days 00:01:12.445438772,0 days 00:01:12.485438772
0 days 00:00:00.350000,0 days 00:00:00.390000,answer5_other1,0.0,0.66445655,0.0,0.0,0.0,-100.0,0.28519392,0.5589823,0.0048120213,0.019652305,0.15366185,0.17817873,0.17291641,0.3272284,0.30854735,0.33670065,0.4513336,0.640646,0.81663305,0.7027301,0.9780891,1.0323857,0.84371644,0.97524077,0.62555933,0.54420775,0.6471879,0.6236339,0.67674947,0.71278715,0.52141887,0.47121587,0.5695427,0.5436292,0.3846378,0.29496154,0.0025737484,0.00046341735,172.26562,229.6875,373.2422,789.5508,0.053065274,382.4995,3.6821287,323493.1,9.203633,142.23451,-0.0011209213,0.37175462,0.0023952378,27.483706,4.5722375,2.861951,3.3243835,2.4794695,2.9779594,3.1557112,-1.7957414,-7.796799,-10.533452,0.5397771,2.9491117,-2.7089164,-2.2153256,0 days 00:01:12.455438772,0 days 00:01:12.495438772
0 days 00:00:00.360000,0 days 00:00:00.400000,answer5_other1,0.0,0.6772883,0.0,0.0,0.0,-100.0,0.2925758,0.5660231,0.0055102776,0.018707482,0.14940368,0.19269393,0.1969363,0.31689885,0.3079212,0.31543463,0.46066388,0.66321903,0.8858866,0.73074937,0.9243155,0.88592416,0.8542219,0.9843152,0.67116374,0.5710954,0.66530055,0.61818284,0.67581064,0.75566155,0.5325461,0.49042213,0.5982643,0.5498876,0.40574315,0.31393906,0.0036218902,0.00045803995,172.26562,200.97656,344.53125,631.6406,0.050160885,342.8888,3.5227058,278755.97,10.449833,182.07227,-0.0015575835,0.3365434,0.0023702674,27.748703,6.245796,5.437326,4.3736024,-0.411196,0.024333954,9.029195,-2.9268465,-13.773387,-10.01964,1.8279108,0.30642757,-8.002655,-3.8068078,0 days 00:01:12.465438772,0 days 00:01:12.505438772
0 days 00:00:00.370000,0 days 00:00:00.410000,answer5_other1,0.0,0.70641,0.0,0.0,0.0,-100.0,0.32859874,0.5886381,0.0109268315,0.017573696,0.15049875,0.221584,0.25805178,0.3281239,0.3218074,0.313019,0.4822589,0.656682,0.92232436,0.77608204,0.85973305,0.7905031,0.8827019,1.0223264,0.7569628,0.6368158,0.6858964,0.6105006,0.6978945,0.7955366,0.56916803,0.545535,0.67481637,0.57756937,0.42851397,0.33968544,0.01789322,0.0005709418,186.6211,215.33203,287.10938,430.66406,0.09696439,296.97,2.9848063,181499.08,17.23439,610.66,-0.005251882,0.3017465,0.008751123,29.05155,9.779583,7.355637,7.3189797,2.3810494,-8.603665,4.561359,-8.998601,-14.678229,-13.7574005,-0.50460994,-2.409261,-11.739627,-4.556878,0 days 00:01:12.475438772,0 days 00:01:12.515438772
0 days 00:00:00.380000,0 days 00:00:00.420000,answer5_other1,263.37482,0.7414002,0.0,0.0,0.0,0.0,0.46695736,0.6463069,0.022562226,0.018896447,0.15179144,0.27543935,0.39418474,0.4117354,0.39658403,0.38058528,0.5488752,0.69958776,0.9591875,0.84296566,0.8810303,0.84513354,0.9485795,1.103433,0.85212547,0.7090929,0.7080943,0.6195285,0.757121,0.82853705,0.62965345,0.62513286,0.7779034,0.64386445,0.45430914,0.35950348,0.14652602,0.0014188479,200.97656,229.6875,272.7539,373.2422,0.24473412,283.8853,2.5761583,92671.4,18.815153,822.7858,-0.030427553,0.2988899,0.061016385,34.345882,10.44292,4.1674848,3.199138,-0.04558627,-16.342138,-4.3418336,-14.778508,-11.711244,-20.473076,-5.363294,-10.22494,-15.073135,-4.5416036,0 days 00:01:12.485438772,0 days 00:01:12.525438772
0 days 00:00:00.390000,0 days 00:00:00.430000,answer5_other1,271.90372,0.77846235,0.0500998,0.0,0.46317357,2.9238083,0.76384467,0.7852642,0.037675418,0.022864701,0.14698328,0.34993455,0.6297405,0.5980424,0.563495,0.5921224,0.7335703,0.9394169,1.1116593,1.0352448,1.186877,1.1789455,1.1218339,1.2631685,0.9824202,0.79235005,0.77902776,0.69418,0.8870819,0.8833806,0.7055952,0.7364283,0.88916063,0.75363046,0.4893202,0.37325862,0.3945481,0.014530942,229.6875,258.39844,358.88672,516.7969,0.41482913,337.10416,2.576893,57070.793,15.935819,775.06177,-0.07675626,0.35569283,0.18849087,39.202072,4.7198443,-5.680853,-4.391988,-2.6791174,-20.958784,-11.647851,-20.807516,-8.999636,-23.53128,-12.75647,-17.747343,-19.361574,-4.347125,0 days 00:01:12.495438772,0 days 00:01:12.535438772
0 days 00:00:00.400000,0 days 00:00:00.440000,answer5_other1,287.11215,0.7930432,0.045865465,0.013792889,0.3362533,5.6018524,1.114159,1.0706261,0.047871422,0.0287226,0.13386734,0.40523362,0.90537995,0.87524873,0.7613413,1.0064964,1.1153324,1.6586676,1.6313003,1.5269165,1.9621159,1.9365839,1.5569404,1.5499668,1.1893829,0.9424719,0.96598935,0.8741932,1.164101,1.0281945,0.80766135,0.9182112,1.03942,0.92759365,0.5615607,0.39210734,0.48147896,0.060765833,272.7539,473.73047,574.21875,818.2617,0.5970312,506.7269,3.0597858,91358.23,7.815132,336.5007,-0.11019256,0.50883555,0.3157362,39.119358,-5.740227,-16.20649,-14.039853,-2.2102373,-17.620308,-10.319715,-22.557663,-7.489712,-32.991417,-16.64041,-20.732962,-16.647451,-1.5700573,0 days 00:01:12.505438772,0 days 00:01:12.545438772
0 days 00:00:00.410000,0 days 00:00:00.450000,answer5_other1,296.9211,0.7914081,0.02969308,0.011542232,0.1581905,7.51866,1.389788,1.5409673,0.052089885,0.03382464,0.11992485,0.4037507,1.0678898,1.1571412,0.8711138,1.5518475,1.686698,2.9571152,2.7638905,2.3663614,3.1334717,3.2398148,2.3428333,1.9981629,1.5365211,1.2044897,1.4111704,1.2910771,1.7014362,1.3670622,1.0038229,1.2243285,1.2993417,1.2167182,0.7119951,0.4371678,0.44273397,0.09485879,387.59766,674.70703,789.5508,1062.3047,0.57239133,678.541,3.5357282,180271.25,4.911711,100.41288,-0.116515584,0.6556826,0.3801426,32.72637,-13.696511,-19.805529,-18.144384,4.0324683,-9.840015,-9.665484,-22.202452,0.6083291,-40.261555,-19.389044,-16.263615,-10.201367,-1.2526034,0 days 00:01:12.515438772,0 days 00:01:12.555438772
0 days 00:00:00.420000,0 days 00:00:00.460000,answer5_other1,305.19492,0.791418,0.023721525,0.005271577,0.14289278,9.439143,1.5078784,2.0907664,0.056304187,0.035336357,0.11843431,0.35268518,1.0870734,1.3829336,0.8361411,1.9319078,2.2325022,4.153871,4.224321,3.2417812,4.23382,4.661979,3.3552086,2.5636656,1.8862056,1.486031,2.1145992,2.103601,2.4922068,1.8899063,1.3446523,1.7114357,1.7784667,1.6933184,0.96792525,0.51525325,0.6911287,0.10047754,401.95312,674.70703,717.77344,1076.6602,0.6679177,670.412,3.409852,205412.56,6.423969,111.625916,-0.15175559,0.6456208,0.44076368,27.92599,-11.469406,-17.050882,-19.819845,8.093534,-7.453693,-8.598549,-23.940191,7.2495522,-50.597336,-20.137627,-7.465922,-8.007171,-3.4849865,0 days 00:01:12.525438772,0 days 00:01:12.565438772
0 days 00:00:00.430000,0 days 00:00:00.470000,answer5_other1,312.56705,0.7923357,0.021162922,0.010092099,0.17545277,9.171403,1.5352687,2.518099,0.060673803,0.033068784,0.13053848,0.29694828,1.0165029,1.5572904,0.7491884,2.0350537,2.6497133,4.517426,5.1715717,3.54062,4.5336967,5.367495,4.1805253,3.0343096,2.107912,1.6716819,2.976077,3.2645502,3.2542467,2.4872916,1.9244118,2.3076277,2.4294167,2.331374,1.3037459,0.6313637,0.89589596,0.068322845,387.59766,502.4414,631.6406,918.75,0.6174329,588.074,3.2221048,242354.55,7.6857553,117.95341,-0.16859496,0.57381326,0.4433342,24.672508,-5.337173,-11.356369,-22.538465,1.2429565,-13.969121,-9.390797,-21.015007,10.1746,-46.821598,-25.801529,-2.5297508,-4.52483,-9.293719,0 days 00:01:12.535438772,0 days 00:01:12.575438772
0 days 00:00:00.440000,0 days 00:00:00.480000,answer5_other1,322.45358,0.7978678,0.01845029,0.016510872,0.17233284,8.318361,1.5639158,2.7091265,0.06328892,0.0287226,0.1392208,0.26647216,0.9811799,1.7289943,0.758786,1.9614443,2.948037,3.8952649,5.1786027,3.2056684,4.032362,4.9987087,4.4683595,3.284312,2.2159185,1.7890629,3.7281616,4.3405013,3.588618,2.9826152,2.6614692,2.9351377,3.0768127,2.9172153,1.60209,0.7522753,1.1175829,0.050847024,301.46484,330.17578,545.5078,818.2617,0.5863753,505.0962,3.0384743,250023.27,8.302335,122.748535,-0.1955374,0.5059945,0.47877824,23.189707,-3.002383,-9.096233,-26.882996,-7.5222,-26.235636,-6.1698117,-26.465828,3.2900145,-44.34621,-24.975311,-2.0597732,-6.3124413,-12.903316,0 days 00:01:12.545438772,0 days 00:01:12.585438772
0 days 00:00:00.450000,0 days 00:00:00.490000,answer5_other1,332.2018,0.801137,0.021327486,0.020762479,0.10994136,9.221441,1.5652827,2.6994045,0.06518919,0.02532124,0.13634183,0.2431361,0.97483563,1.8989649,0.8971774,1.8122759,3.137139,2.9467556,4.4195647,2.6100075,3.101839,3.954668,4.3454804,3.3717442,2.4297552,1.9828013,4.193632,4.6843777,3.3964055,3.3665435,3.3301518,3.513797,3.5712576,3.248709,1.7639246,0.8532262,1.1364945,0.055931676,301.46484,344.53125,545.5078,760.83984,0.53447145,507.59146,2.8480444,290458.94,8.132374,104.03961,-0.19203897,0.5061104,0.5846053,19.610422,-3.9133184,-6.2632184,-25.688417,-14.024181,-36.686733,-0.8791928,-27.470026,-8.185271,-36.619087,-22.181726,-0.6840873,0.46105704,-10.739829,0 days 00:01:12.555438772,0 days 00:01:12.595438772
0 days 00:00:00.460000,0 days 00:00:00.500000,answer5_other1,341.0741,0.7969269,0.016090035,0.021056669,0.0731139,10.033321,1.6383172,2.6414354,0.068175286,0.025132276,0.12012289,0.21565752,0.94099253,2.000889,1.1051512,1.6226529,3.2013264,2.2863839,3.502145,2.2311943,2.349255,3.0175626,3.99919,3.5879133,3.1092842,2.385279,4.377734,4.257603,2.998936,3.7659538,3.7195375,4.089195,3.831021,3.2627745,1.7961932,0.9033773,1.3290657,0.09188197,315.8203,344.53125,531.15234,775.1953,0.49577543,525.76434,2.7262115,346888.03,7.1342754,81.93145,-0.22497682,0.5136803,0.6819375,18.307222,-6.0496097,-3.6248598,-24.98188,-20.575014,-47.419857,6.914182,-29.778894,-21.034306,-34.884823,-13.077357,-4.3981686,-3.6778507,-2.9355192,0 days 00:01:12.565438772,0 days 00:01:12.605438772
0 days 00:00:00.470000,0 days 00:00:00.510000,answer5_other1,332.87244,0.7710555,0.0148227215,0.015760353,0.06595066,11.468415,1.5851626,2.5597541,0.06735852,0.025888132,0.11115855,0.18726532,0.8827961,2.0140703,1.2941233,1.3070663,3.0568898,2.009557,2.6640742,2.1057289,1.8593904,2.3774471,3.5409415,3.9205933,4.216477,2.8415337,4.149482,3.4238465,2.684399,4.090016,3.735378,4.490879,3.8504264,3.055624,1.7677034,0.9167425,1.3022383,0.09360229,315.8203,344.53125,545.5078,717.77344,0.5493497,519.6279,2.5962253,382009.75,6.8801475,72.97642,-0.2185837,0.5044472,0.73056346,18.075432,-3.5154574,-0.9924674,-20.048252,-20.99515,-46.916687,12.638878,-23.658659,-31.386292,-31.010637,-7.369389,-6.413488,-1.8232931,8.235181,0 days 00:01:12.575438772,0 days 00:01:12.615438772
0 days 00:00:00.480000,0 days 00:00:00.520000,answer5_other1,321.70987,0.74445325,0.009397074,0.012338464,0.07702562,10.308816,1.423687,2.4172187,0.055375833,0.026832955,0.11174566,0.17308354,0.78727335,1.8509568,1.3291391,1.0033107,2.7886353,1.984219,1.9570311,2.0027966,1.5587417,1.9408983,2.8854945,4.077926,5.301086,3.0333393,3.5461185,2.6434596,2.5126483,4.2172003,3.6869516,4.4429665,3.5630515,2.7709007,1.7644736,0.9142397,0.8379163,0.07988496,315.8203,344.53125,674.70703,1191.5039,0.5330122,623.9355,2.9536355,599173.56,5.543836,48.71936,-0.15246648,0.5777026,0.47468254,16.894558,-1.4233065,-2.473067,-20.719149,-18.174448,-43.464752,17.63476,-14.673062,-38.602665,-30.726233,-1.6887268,-19.26137,-5.0640798,9.43354,0 days 00:01:12.585438772,0 days 00:01:12.625438772
0 days 00:00:00.490000,0 days 00:00:00.530000,answer5_other1,316.006,0.7340591,0.0087839225,0.009627989,0.12485635,5.4218125,1.1202779,2.1431053,0.04016086,0.026455028,0.113876306,0.17455284,0.7012284,1.5754632,1.1970774,0.7599904,2.3294497,1.9055319,1.4731274,1.8145003,1.3549143,1.6196169,2.1956847,3.7021816,5.5320506,2.8359547,2.6712654,2.0338614,2.3078725,3.906852,3.5618265,3.8604813,3.055174,2.4261394,1.7262535,0.88580793,0.43898472,0.03255061,301.46484,330.17578,588.5742,1062.3047,0.4894512,567.90265,2.8096688,553126.94,6.736276,68.019005,-0.07966911,0.5331912,0.26979887,16.616465,1.8971249,-2.5326662,-14.989446,-11.391366,-40.1687,11.281887,-16.490828,-40.066082,-28.79544,-4.515411,-20.547606,-0.605746,7.4744225,0 days 00:01:12.595438772,0 days 00:01:12.635438772
0 days 00:00:00.500000,0 days 00:00:00.540000,answer5_other1,324.19785,0.7455079,0.03676757,0.035757612,0.16146548,4.9142814,0.862542,1.759669,0.029551381,0.026832955,0.11213788,0.17350109,0.6114734,1.2427001,0.9460819,0.59785205,1.7791244,1.6264447,1.1511955,1.4985615,1.1749252,1.412475,1.6775564,2.9140854,4.7243114,2.3328905,1.8751053,1.5565373,2.0018952,3.1964047,3.3217697,2.9354506,2.420657,2.0362422,1.5939778,0.8380328,0.21604729,0.014692741,301.46484,330.17578,473.73047,1004.8828,0.40491164,519.6663,2.5814106,460695.1,8.125607,107.71891,-0.036516685,0.4958733,0.10239819,17.921911,2.4277565,-3.3474028,-10.305539,-11.281573,-40.87644,4.231861,-15.645119,-35.817963,-27.684265,-7.370833,-19.547878,-1.0987774,7.2555656,0 days 00:01:12.605438772,0 days 00:01:12.645438772
0 days 00:00:00.510000,0 days 00:00:00.550000,answer5_other1,331.5267,0.7312873,0.052387644,0.05085569,0.19012228,-30.37467,0.7296011,1.3741117,0.024129571,0.028911566,0.1055442,0.17103691,0.52577347,0.983882,0.74064374,0.53075296,1.2919356,1.2201805,0.9826034,1.190324,1.016738,1.2568623,1.3621067,2.0956004,3.401614,1.8421618,1.3532981,1.253524,1.6532354,2.319851,2.7695735,2.0957596,1.851137,1.6021408,1.339969,0.7706554,0.19204013,0.005987268,315.8203,330.17578,445.01953,531.15234,0.2514452,431.78384,2.4681113,214569.05,10.05919,153.05534,-0.029520465,0.44245625,0.08568939,21.593103,4.1524315,-3.5324833,-9.144683,-15.425639,-34.025967,1.4637209,-17.271448,-28.205637,-21.80929,-8.794931,-7.452804,-3.8499565,6.329151,0 days 00:01:12.615438772,0 days 00:01:12.655438772
0 days 00:00:00.520000,0 days 00:00:00.560000,answer5_other1,0.0,0.6941398,0.0,0.0,0.0,-63.017788,0.6066608,1.0627376,0.018956192,0.03155707,0.107648544,0.16609234,0.44086608,0.802715,0.6232075,0.51294994,0.9963897,0.90228224,0.8815457,0.9419391,0.86593336,1.0973234,1.1488904,1.5191504,2.2673259,1.4798352,1.0647916,1.0781034,1.3383721,1.549054,2.0565014,1.4848574,1.3857241,1.1787237,1.0345815,0.7063773,0.09932515,0.0033684366,315.8203,344.53125,531.15234,660.35156,0.21763341,461.25504,2.9440746,228531.33,9.708203,149.85683,-0.01640243,0.46870145,0.058902834,23.81546,5.054829,-2.467896,-10.503796,-18.147081,-25.600677,7.9223495,-8.965259,-21.060247,-17.584005,-7.6601944,-2.8202946,-6.8654227,9.385243,0 days 00:01:12.625438772,0 days 00:01:12.665438772
0 days 00:00:00.530000,0 days 00:00:00.570000,answer5_other1,0.0,0.65924263,0.0,0.0,0.0,-100.0,0.5308296,0.86153346,0.012570961,0.04062736,0.11643044,0.16444127,0.35058618,0.64341307,0.5517254,0.53712314,0.8645862,0.7417633,0.8329448,0.80284524,0.7427172,0.933358,0.9779792,1.184178,1.582242,1.2786884,0.9296052,0.98735523,1.1378946,1.1026243,1.4469172,1.1281211,1.0739838,0.8676202,0.7803919,0.64033526,0.040593673,0.0025911173,315.8203,358.88672,645.9961,803.90625,0.1719022,529.88086,3.681741,336016.75,8.125298,109.072655,-0.00785111,0.52146524,0.02712672,24.10837,3.6310198,-2.5159004,-11.219589,-14.906926,-17.441957,10.77771,-7.354217,-14.863631,-11.769412,-5.0443783,-0.5895696,-5.009902,5.3942914,0 days 00:01:12.635438772,0 days 00:01:12.675438772
0 days 00:00:00.540000,0 days 00:00:00.580000,answer5_other1,0.0,0.6439845,0.0,0.0,0.0,-100.0,0.44930562,0.7362992,0.00939129,0.061980348,0.12999023,0.16741125,0.27486107,0.49527672,0.48302555,0.5544677,0.7769718,0.66881275,0.76361513,0.71542615,0.6645796,0.8127915,0.85365194,0.9642334,1.1996647,1.1662608,0.8651881,0.93245953,1.0080522,0.9186333,1.0583915,0.92752266,0.88268477,0.6722409,0.61423033,0.5733383,0.014678515,0.0013826933,301.46484,387.59766,660.35156,818.2617,0.13499367,549.9908,3.9610178,419669.25,7.6123605,89.5975,-0.0031334953,0.53380966,0.008089964,23.793615,3.410672,0.08577279,-7.6190524,-11.115532,-16.347536,10.725764,-1.7132615,-6.7735176,-8.362891,-6.7310014,-6.386234,-5.6905885,7.6923013,0 days 00:01:12.645438772,0 days 00:01:12.685438772
0 days 00:00:00.550000,0 days 00:00:00.590000,answer5_other1,0.0,0.634713,0.0,0.0,0.0,-100.0,0.48170748,0.6764447,0.008705302,0.103174604,0.13840611,0.16653131,0.22654642,0.38598058,0.41826227,0.55586636,0.7223236,0.63895637,0.6879079,0.7103858,0.67887884,0.7719709,0.81085825,0.83181185,0.99871033,1.088916,0.8543906,0.87374145,0.93904406,0.8866494,0.88449675,0.8124388,0.7737624,0.60854787,0.5638349,0.55834484,0.01759936,0.0022713055,301.46484,387.59766,674.70703,947.46094,0.09378204,687.8641,4.0974865,1.3542694e+06,6.408802,65.52705,-0.003881438,0.63920444,0.009335088,22.839247,4.128555,-8.088826,-4.7660027,-11.864433,-10.0560665,2.1511781,-3.8586166,-6.7356987,-3.822382,-5.7191844,-8.410469,-5.0745296,3.3251965,0 days 00:01:12.655438772,0 days 00:01:12.695438772
0 days 00:00:00.560000,0 days 00:00:00.600000,answer5_other1,0.0,0.60997206,0.0,0.0,0.0,-100.0,0.53578585,0.6862561,0.010197148,0.16080876,0.14159493,0.16893475,0.20837931,0.3398991,0.38715294,0.5552696,0.70507,0.63373154,0.63194555,0.7865074,0.7693073,0.7996373,0.8254295,0.770984,0.89853054,1.0163302,0.9088268,0.83769536,0.92915064,0.97343427,0.87816936,0.8036358,0.7788375,0.7162671,0.67852736,0.6994088,0.017011479,0.002439794,358.88672,588.5742,2727.539,3517.0898,0.11288961,1679.6108,4.7019596,5.431963e+06,4.368615,42.045227,-0.004254404,1.3282732,0.011721333,17.332981,11.347294,-14.476382,-2.8140965,-11.431384,-7.2210736,0.117328174,-0.7531114,-7.4249825,-3.3423173,-3.854531,-11.869342,-3.3082314,0.44576883,0 days 00:01:12.665438772,0 days 00:01:12.705438772
0 days 00:00:00.570000,0 days 00:00:00.610000,answer5_other1,0.0,0.56721,0.0,0.0,0.0,-100.0,0.61994094,0.7756521,0.011511738,0.21334088,0.14277558,0.17271657,0.20608993,0.33615685,0.38918486,0.55200166,0.71981424,0.63786393,0.6288629,0.8853636,0.87939215,0.87343997,0.83107966,0.7887316,0.8573952,0.9470763,1.0084118,0.86013585,1.0022873,1.2009941,1.0544683,0.92215157,0.9217604,1.1365992,1.0726393,1.1395607,0.016439088,0.0030215662,746.4844,2454.7852,4909.5703,6172.8516,0.13603361,3251.092,5.449408,8.455523e+06,1.3567561,7.560026,-0.00484495,2.3947847,0.016961522,9.325462,18.33455,-20.1449,0.15590008,-10.117526,-3.8468018,-5.2732086,-1.0807976,-7.7243075,-4.402097,1.8813263,-11.750049,1.9168729,-3.6801355,0 days 00:01:12.675438772,0 days 00:01:12.715438772
0 days 00:00:00.580000,0 days 00:00:00.620000,answer5_other1,0.0,0.54718,0.0,0.0,0.0,-100.0,0.6600128,0.9505419,0.012810212,0.2307256,0.1433555,0.17590015,0.20318909,0.33132222,0.399719,0.5269075,0.7014907,0.6242012,0.66495466,0.94432896,0.94010824,0.95252275,0.81437135,0.8409502,0.86576533,0.9145829,1.1618885,0.9862461,1.1489136,1.6150484,1.4564582,1.216043,1.2659626,2.0379908,1.8312784,1.9505905,0.007400269,0.002518485,2612.6953,4421.4844,7163.379,8584.57,0.14968087,5017.768,6.2048974,9.247357e+06,-0.31821772,2.8536367,-0.0042069023,3.5841763,0.020273905,-0.042295616,23.81315,-17.163067,2.7732534,-6.452326,-3.7494545,-1.4448028,-0.32297406,-5.5213103,-4.99572,2.9096096,-11.413016,6.1384635,-3.3665893,0 days 00:01:12.685438772,0 days 00:01:12.725438772
0 days 00:00:00.590000,0 days 00:00:00.630000,answer5_other1,0.0,0.58362955,0.0,0.0,0.0,-100.0,0.7182128,1.1675953,0.014176857,0.20294785,0.14058305,0.18016922,0.20173351,0.31386825,0.39623165,0.47764707,0.6198901,0.57021374,0.6585531,0.8777871,0.9098554,0.9976308,0.792633,0.9132428,0.93608886,0.94107944,1.3579868,1.254454,1.3486977,2.1479113,2.0343359,1.7348512,1.7646173,3.1505444,2.7782233,2.8586483,0.0073558823,0.0029430755,4033.8867,6201.5625,7235.1562,8268.75,0.16180086,5660.306,6.275825,7.3558065e+06,-0.7423889,3.30764,-0.0048890635,3.9857705,0.025054684,-5.218309,24.916954,-10.746799,4.824899,-8.788148,-7.5599494,-3.821283,-3.9252846,-7.4319625,-6.039231,-2.8627481,-7.5099087,1.8292294,-6.0439353,0 days 00:01:12.695438772,0 days 00:01:12.735438772
0 days 00:00:00.600000,0 days 00:00:00.640000,answer5_other1,0.0,0.65173143,0.0,0.0,0.0,-100.0,0.76334554,1.3475412,0.017974824,0.14947091,0.12872434,0.19613703,0.22671084,0.3060765,0.40167353,0.4350977,0.51699764,0.50970393,0.62033635,0.7623747,0.8534765,0.9812031,0.8022821,0.9811792,1.0616518,1.0771602,1.6649626,1.6689843,1.5744685,2.5367334,2.531769,2.3488777,2.2186294,3.78066,3.3939254,3.456274,0.035626534,0.0038768947,3617.5781,4277.9297,4923.926,7120.3125,0.22050364,4296.4956,5.4330635,5.8170795e+06,0.18485348,4.85678,-0.010201798,3.0376046,0.03866714,-4.7535324,25.002289,-1.6833773,2.8301315,-15.574681,-10.619041,-5.6945157,-14.650124,-14.117198,-8.260755,-15.431107,-6.787205,-6.7472687,-8.008949,0 days 00:01:12.705438772,0 days 00:01:12.745438772
0 days 00:00:00.610000,0 days 00:00:00.650000,answer5_other1,0.0,0.68952066,0.0,0.0,0.0,-100.0,0.8098553,1.4292942,0.023555078,0.09656084,0.115056135,0.2562462,0.31488135,0.3340685,0.45041466,0.446263,0.45219085,0.48047724,0.5710907,0.66628027,0.79627293,0.8926339,0.83247465,1.026001,1.221684,1.2811346,2.1355848,2.1546385,1.7725805,2.637565,2.7561426,2.771438,2.4469223,3.6182415,3.34418,3.3871872,0.10848171,0.0053629517,1722.6562,2268.164,2540.918,4421.4844,0.27804247,2363.2354,4.031387,4.258891e+06,2.5944614,18.389761,-0.027788633,1.7048584,0.067396864,0.8863435,26.487513,7.7308755,0.36497775,-21.60093,-10.487941,-8.111676,-24.346014,-16.759596,-12.754105,-19.60817,-7.1547704,-14.084964,-16.817362,0 days 00:01:12.715438772,0 days 00:01:12.755438772
0 days 00:00:00.620000,0 days 00:00:00.660000,answer5_other1,0.0,0.6821251,0.0,0.0,0.0,-100.0,0.7496999,1.39444,0.026303416,0.07142857,0.10287142,0.37494197,0.47701633,0.40827966,0.52955824,0.50254047,0.43500748,0.49575838,0.56203717,0.6329972,0.7732272,0.79341537,0.83831686,1.040183,1.319058,1.4725862,2.6507719,2.5197327,1.8877188,2.4142368,2.5553944,2.710914,2.3416626,2.8680913,2.738288,2.810834,0.1345793,0.005020125,215.33203,244.04297,272.7539,1937.9883,0.32502314,688.81396,2.72948,2.3569048e+06,4.699245,29.298086,-0.032094825,0.5655124,0.06854486,6.4857526,26.144356,12.042377,0.38218537,-23.99852,-5.1212306,-9.041973,-33.159634,-19.085878,-20.47596,-25.462626,-12.49062,-17.369492,-16.968124,0 days 00:01:12.725438772,0 days 00:01:12.765438772
0 days 00:00:00.630000,0 days 00:00:00.670000,answer5_other1,0.0,0.65596056,0.0,0.0,0.0,-100.0,0.64541936,1.2740943,0.021580277,0.074452005,0.10053597,0.48346734,0.6278618,0.4785048,0.57357174,0.54988664,0.42117694,0.5211792,0.5784606,0.6477112,0.77913904,0.7239296,0.79403496,1.0130831,1.3090619,1.5012485,2.922388,2.5541153,1.8387213,2.0502472,2.1558378,2.2517312,2.0227726,2.1496322,2.0268881,2.0512643,0.11224818,0.0036933385,229.6875,244.04297,272.7539,861.3281,0.28548002,571.2077,2.6280878,1.7177335e+06,5.084407,32.01328,-0.026736962,0.4874207,0.049440075,8.261939,23.97615,10.387199,3.3761833,-16.318289,-3.0911515,-9.671097,-34.191986,-17.774025,-18.410673,-18.441921,-11.0386505,-14.9105835,-18.435474,0 days 00:01:12.735438772,0 days 00:01:12.775438772
0 days 00:00:00.640000,0 days 00:00:00.680000,answer5_other1,0.0,0.6375818,0.0,0.0,0.0,-100.0,0.5331609,1.1117667,0.014085565,0.100151174,0.10188303,0.4993894,0.66596574,0.49990737,0.53684115,0.5479726,0.39932832,0.53006595,0.5924522,0.6542012,0.8008428,0.7053173,0.7242208,0.9801004,1.2069218,1.3594753,2.7559662,2.3047745,1.6980329,1.6898814,1.7464048,1.7147427,1.6168069,1.6204563,1.4986758,1.455308,0.04412407,0.0019196825,244.04297,258.39844,287.10938,1765.7227,0.1983217,755.01776,3.0658538,2.6798578e+06,4.007105,20.8943,-0.008859304,0.6161916,0.017962636,7.430922,20.427439,7.688919,3.1338358,-13.820973,-2.1461756,-11.108846,-26.14882,-18.092176,-18.546967,-19.303955,-10.447951,-14.930829,-11.01559,0 days 00:01:12.745438772,0 days 00:01:12.785438772
0 days 00:00:00.650000,0 days 00:00:00.690000,answer5_other1,0.0,0.604358,0.0,0.0,0.0,-100.0,0.5000854,0.9646452,0.008791638,0.13586546,0.10259366,0.41057035,0.5723807,0.46226045,0.46550336,0.49470273,0.3713149,0.50867313,0.58758444,0.6386939,0.8213051,0.7165647,0.67374533,0.9429396,1.0761863,1.1471728,2.312105,1.9943088,1.5754339,1.4356914,1.4989823,1.4078883,1.2937504,1.2852035,1.176839,1.1083814,0.018024318,0.0016691725,258.39844,301.46484,1205.8594,3789.8438,0.12089834,1217.2208,3.9403782,4.4493905e+06,2.6583006,10.373528,-0.0033830644,0.9234082,0.009878981,5.4100456,19.543974,7.2640495,-0.16412973,-11.001718,-4.250942,-13.770279,-21.442484,-12.633775,-13.203378,-14.113315,-0.4110867,-12.699504,-8.491357,0 days 00:01:12.755438772,0 days 00:01:12.795438772
0 days 00:00:00.660000,0 days 00:00:00.700000,answer5_other1,0.0,0.5505046,0.0,0.0,0.0,-100.0,0.55862486,0.8993462,0.008939903,0.16874528,0.10470452,0.29903498,0.43133685,0.39324448,0.42800117,0.44528887,0.37271473,0.49124327,0.57915336,0.6164709,0.7990108,0.7316048,0.6887519,0.9128197,0.98506063,1.0229357,1.9433069,1.9258127,1.6327171,1.4122529,1.4922155,1.4048117,1.148863,1.1194855,1.0244445,0.97771496,0.010842122,0.0029756834,301.46484,1335.0586,2713.1836,5239.746,0.08752915,2028.1309,4.95828,5.5742785e+06,1.6358563,6.23515,-0.002700422,1.4170116,0.009512922,1.8428488,19.39643,9.992875,-7.9620337,-10.712073,-1.5346066,-9.186678,-12.916583,-7.6608696,-13.378253,-16.652195,3.3350866,-9.910927,-6.280435,0 days 00:01:12.765438772,0 days 00:01:12.805438772
0 days 00:00:00.670000,0 days 00:00:00.710000,answer5_other1,0.0,0.52262074,0.0,0.0,0.0,-100.0,0.7170188,0.9564471,0.010624739,0.19312169,0.10801938,0.23538136,0.32530978,0.33368647,0.43852463,0.4136195,0.41037688,0.51419324,0.57582134,0.6148638,0.7448353,0.75037265,0.78085566,0.8965377,0.9291454,1.0729887,1.8820511,2.2316313,1.981846,1.686855,1.7752613,1.6797959,1.2679456,1.1752248,1.0448946,0.997588,0.006002883,0.00882146,1363.7695,2957.2266,4636.8164,6488.672,0.13967586,3312.0059,5.794412,5.5318585e+06,0.44393024,3.5759487,-0.004040651,2.21748,0.0149823455,-5.2377625,20.730541,11.232316,-12.307878,-5.77519,-0.10669017,-6.3633785,-10.966445,-0.089466095,-14.84644,-14.867404,5.5372486,-2.4973698,-9.10328,0 days 00:01:12.775438772,0 days 00:01:12.815438772
0 days 00:00:00.680000,0 days 00:00:00.720000,answer5_other1,0.0,0.5366067,0.0,0.0,0.0,-100.0,0.7713378,1.1021061,0.0117750615,0.19538927,0.11938528,0.21769363,0.26773253,0.28672186,0.43963018,0.40463734,0.45941544,0.57718855,0.60188884,0.66807747,0.7140386,0.77630085,0.8785793,0.88757163,0.9230776,1.2568681,2.0010083,2.673887,2.4824452,2.2237256,2.358765,2.107262,1.5917102,1.4362618,1.2141428,1.0867444,0.0037440502,0.009577211,1579.1016,4306.6406,5799.6094,7134.668,0.1751498,4142.7153,6.3382745,6.2913295e+06,-0.033424605,2.9372318,-0.0042714975,2.7616806,0.015801195,-8.200786,21.644516,10.468854,-13.625691,1.9066306,8.274146,2.208481,-7.140161,-3.25691,-12.1132555,-12.997283,-4.6176486,-2.1877377,-7.9206543,0 days 00:01:12.785438772,0 days 00:01:12.825438772
0 days 00:00:00.690000,0 days 00:00:00.730000,answer5_other1,0.0,0.58794576,0.0,0.0,0.0,-100.0,0.7129739,1.220174,0.010412318,0.17573696,0.13452868,0.21846075,0.23767716,0.2574967,0.40829948,0.40157875,0.49656487,0.66036195,0.6479279,0.7356105,0.7540357,0.82262677,0.94318837,0.90840036,0.9523694,1.4515209,2.003945,2.8435028,2.8496659,2.6541505,2.8161485,2.377288,1.8928455,1.6979121,1.3996812,1.1587342,0.0029448422,0.008286261,1521.6797,3502.7344,5986.2305,7522.2656,0.17747504,4015.1833,6.3521924,7.4210615e+06,0.118762724,2.9152591,-0.0038209464,2.7248476,0.014307712,-6.151398,20.46517,5.843347,-6.9416027,4.8904696,7.1127124,2.9357789,-5.7079773,-2.9872901,-11.49747,-6.444601,-5.962951,-3.101278,-2.5542731,0 days 00:01:12.795438772,0 days 00:01:12.835438772
0 days 00:00:00.700000,0 days 00:00:00.740000,answer5_other1,0.0,0.6274473,0.0,0.0,0.0,-100.0,0.5449471,1.2000288,0.007734204,0.14588058,0.14486267,0.21971901,0.22635598,0.242142,0.3654689,0.41010264,0.50425166,0.7176561,0.701386,0.7911288,0.84895116,0.88405305,0.9394169,0.92535955,0.9869401,1.4909496,1.7293582,2.4979844,2.748709,2.6029103,2.7824097,2.269708,1.91999,1.7300037,1.4121532,1.1087793,0.0030722397,0.0022836893,459.375,1952.3438,4981.3477,7292.578,0.12827756,3020.6697,6.129366,8.3160825e+06,0.7997828,3.0551045,-0.0017624177,2.1162024,0.005432434,0.27573904,18.1677,0.2868762,-3.6185825,5.325911,3.3490179,4.514223,-4.6326294,-6.836017,-10.085555,-5.2433753,-9.71168,-7.061914,0.5932825,0 days 00:01:12.805438772,0 days 00:01:12.845438772
0 days 00:00:00.710000,0 days 00:00:00.750000,answer5_other1,0.0,0.6453048,0.0,0.0,0.0,-100.0,0.44525614,1.0439976,0.0057253963,0.12585033,0.14798634,0.21665692,0.22654569,0.23788685,0.3444165,0.43275562,0.5108529,0.7394919,0.7309627,0.79481435,0.9053915,0.9343005,0.90492994,0.9429174,0.97704965,1.3394728,1.2970871,1.8628796,2.2564213,2.090224,2.2203734,1.8231155,1.6249193,1.4630613,1.1898843,0.92954564,0.003026888,0.0010278749,215.33203,559.8633,3057.7148,6215.918,0.07894086,1976.5361,5.538969,6.8488695e+06,1.5341927,4.7582717,-0.0011553838,1.430858,0.002645661,5.1963043,16.789225,-1.4287974,-1.389407,2.5507462,-2.8754017,3.318824,0.44593382,-1.4151812,-14.893521,-5.469897,-5.2889314,-7.4022713,-0.71271306,0 days 00:01:12.815438772,0 days 00:01:12.855438772
0 days 00:00:00.720000,0 days 00:00:00.760000,answer5_other1,0.0,0.64055413,0.0,0.0,0.0,-100.0,0.4072795,0.8603396,0.0053419047,0.13227513,0.14383654,0.20662463,0.23377322,0.25199702,0.36568558,0.46823382,0.54278624,0.7388757,0.7294035,0.77446985,0.87742895,0.960694,0.89896154,0.94050413,0.916894,1.0878336,0.94392306,1.3099985,1.6842388,1.4625372,1.5528196,1.3365599,1.2254833,1.1080264,0.89695734,0.7102837,0.0045744455,0.00069668953,229.6875,358.88672,1478.6133,4005.1758,0.06211328,1250.5763,4.9151154,4.1851062e+06,2.7586899,12.317073,-0.0012813043,0.9559198,0.0027245122,9.941152,17.209381,-4.0978284,-3.032664,-1.1344999,-5.1320825,3.1766136,1.3783412,-1.9412723,-16.64575,-5.9728494,-4.232586,-5.948965,-0.7814643,0 days 00:01:12.825438772,0 days 00:01:12.865438772
0 days 00:00:00.730000,0 days 00:00:00.770000,answer5_other1,0.0,0.61378795,0.0,0.0,0.0,-100.0,0.3732127,0.72820693,0.005125105,0.16609977,0.14156832,0.19879012,0.2418835,0.27958974,0.40076113,0.49770415,0.60576606,0.7368474,0.72092175,0.75774,0.799691,0.9290695,0.88502604,0.89967984,0.84378195,0.8751754,0.75945115,0.9874,1.2646598,1.0520564,1.1100113,0.9996776,0.91383505,0.8189819,0.67143655,0.54187554,0.0043867496,0.00053765555,215.33203,315.8203,689.0625,3100.7812,0.055114705,1011.535,4.8089404,3.5963868e+06,3.254885,14.715317,-0.0011924099,0.8099176,0.0022210153,12.731706,17.649775,-4.4019923,-2.3453414,-2.8253014,-2.4267566,4.198658,0.34286276,-3.2808673,-13.580266,-5.196088,-0.88535446,-5.0463443,0.6877186,0 days 00:01:12.835438772,0 days 00:01:12.875438772
0 days 00:00:00.740000,0 days 00:00:00.780000,answer5_other1,0.0,0.5625129,0.0,0.0,0.0,-100.0,0.3887345,0.67067665,0.005717361,0.20181406,0.14155814,0.19666739,0.24045707,0.3081033,0.44762138,0.51901,0.674414,0.7299493,0.71989536,0.77323866,0.7616661,0.87513036,0.87979966,0.8405721,0.8062396,0.7677701,0.7057201,0.85130376,1.0466284,0.86872596,0.90922195,0.84816694,0.78316265,0.6721084,0.5905592,0.47990215,0.0039964295,0.0005750632,315.8203,1952.3438,3186.914,4679.883,0.06417511,2192.7249,5.420307,7.5632665e+06,2.5622518,12.814395,-0.0011906949,1.6620623,0.0028607564,11.268321,18.702179,-8.036758,-2.5443516,-3.5990343,-1.7409023,3.3607209,-1.7207109,-3.4907923,-4.8267264,-4.3316865,-0.8599121,-7.703735,1.0012364,0 days 00:01:12.845438772,0 days 00:01:12.885438772
0 days 00:00:00.750000,0 days 00:00:00.790000,answer5_other1,0.0,0.5577089,0.0,0.0,0.0,-100.0,0.48428842,0.68588734,0.007696448,0.21145125,0.13874535,0.2022423,0.2325068,0.31536257,0.4793748,0.5383255,0.7032357,0.7127609,0.73786634,0.81570417,0.78451896,0.81312466,0.8431435,0.8241493,0.88347435,0.82109547,0.7914553,0.8814319,0.97385883,0.88665324,0.9063737,0.872756,0.82980657,0.65496427,0.6422314,0.5479103,0.0023939647,0.0022884638,1866.2109,4263.574,5828.3203,7723.242,0.09522408,4136.2964,6.329079,1.0174205e+07,0.9051428,5.3216405,-0.0015938045,3.0176928,0.0068104044,3.0387793,19.001053,-3.5291226,-0.52478075,-9.635667,3.5035331,9.48923,-4.6149426,-6.5241127,0.8378498,-2.9808338,-0.5938787,-12.555871,-4.4638534,0 days 00:01:12.855438772,0 days 00:01:12.895438772
0 days 00:00:00.760000,0 days 00:00:00.800000,answer5_other1,0.0,0.6089434,0.0,0.0,0.0,-66.05053,0.63874173,0.7953379,0.012436402,0.18235071,0.1331215,0.20723625,0.22198944,0.30820733,0.49765742,0.55629236,0.67845434,0.69150233,0.75731796,0.8626997,0.8513594,0.7984636,0.8253543,0.9832025,1.1475955,1.0979376,1.0783659,1.1564645,1.0508391,1.1226616,1.1015817,1.1087031,1.0803329,0.78868026,0.8119788,0.76078695,0.0031999683,0.0070525953,2497.8516,5756.543,8053.418,9689.941,0.13120872,5385.4106,6.9417152,1.2064104e+07,0.0020840366,2.191558,-0.0026268403,3.8538864,0.012940797,-4.1002994,16.574,1.2259318,1.1043252,-14.434033,0.7183644,12.491325,-8.516598,-11.543698,3.6645193,-1.4986283,3.0156639,-13.862652,-2.2248309,0 days 00:01:12.865438772,0 days 00:01:12.905438772
0 days 00:00:00.770000,0 days 00:00:00.810000,answer5_other1,254.651,0.7001014,0.0,0.0,0.0,-32.514072,0.86938304,1.0137872,0.026409512,0.12528343,0.12685893,0.2297287,0.25339976,0.34636387,0.5861311,0.6603399,0.6578683,0.7305241,0.8136224,0.9086271,0.9415118,0.85125345,0.9066229,1.4246984,1.6849254,1.6081797,1.5691277,1.6756248,1.2599877,1.5789609,1.4776597,1.4943756,1.4497913,1.0262527,1.0415604,1.0544697,0.15794694,0.010906052,2426.0742,4134.375,5469.4336,6589.16,0.3478237,3966.1868,5.815563,6.93304e+06,2.2052577,19.772493,-0.029165322,2.8553874,0.062785916,-0.84188175,15.861279,7.5352454,0.26406193,-25.782103,-11.529645,8.044431,-9.928319,-20.785032,-3.005976,-2.264324,3.8219965,-13.795718,-6.6039824,0 days 00:01:12.875438772,0 days 00:01:12.915438772
0 days 00:00:00.780000,0 days 00:00:00.820000,answer5_other1,255.63933,0.7579407,0.0,0.0,0.0,1.373799,1.1832389,1.3238151,0.045998607,0.071239606,0.119712174,0.29731068,0.38963854,0.5184286,0.88895255,0.98631096,0.7104726,0.88892573,0.94193774,0.93975145,1.0857935,1.0141119,1.2071327,2.2441611,2.5698216,2.3160844,2.1503038,2.23155,1.5488892,2.2466242,1.9530951,1.8307781,1.6867055,1.2141312,1.1951982,1.2433709,0.7445657,0.036157425,875.6836,1808.7891,2784.961,3430.957,0.54661685,1955.1626,4.4311185,3.907154e+06,5.1836095,51.945724,-0.120021015,1.456921,0.32600075,7.257507,12.096087,9.707732,-4.7434716,-33.252007,-31.626802,-6.0274963,-5.6501923,-31.19304,-8.424785,-7.0846696,-5.8964067,-11.305308,-11.558469,0 days 00:01:12.885438772,0 days 00:01:12.925438772
0 days 00:00:00.790000,0 days 00:00:00.830000,answer5_other1,255.19304,0.7661168,0.16390674,0.0,0.2807259,4.1849504,1.4276992,1.668104,0.064678974,0.03609221,0.11080118,0.44441673,0.71499604,0.8652956,1.5886879,1.7690424,0.8954325,1.1623892,1.1148254,0.979956,1.3098454,1.3114277,1.8662208,3.2645767,3.5496924,2.9936953,2.5819263,2.4808586,1.7934593,3.0079758,2.405911,1.9340976,1.6257939,1.208734,1.1879598,1.2026892,1.2683469,0.060314838,258.39844,301.46484,502.4414,545.5078,0.58313644,494.5294,3.087878,618971.56,7.4500012,78.249176,-0.20288377,0.47646162,0.696255,15.971637,9.763154,13.1252775,-8.243355,-40.684753,-48.130177,-16.990402,1.7476794,-37.84401,-8.767413,-11.370862,-18.006975,-11.900143,-25.9367,0 days 00:01:12.895438772,0 days 00:01:12.935438772
0 days 00:00:00.800000,0 days 00:00:00.840000,answer5_other1,253.76428,0.7331166,0.16390674,0.10054926,0.2807259,-29.351501,1.4299787,1.9344559,0.068473406,0.024943313,0.1029441,0.66626316,1.2032437,1.2737035,2.5255525,2.8984463,1.1464863,1.4196167,1.2318171,1.0433922,1.4977907,1.6496233,2.7365663,3.9661038,4.1096296,3.4484653,2.7935517,2.3123913,1.8715957,3.570738,2.7036037,1.753362,1.3140386,1.0340168,1.0387026,0.9842083,1.4796818,0.060199205,244.04297,287.10938,488.08594,531.15234,0.53511286,432.41513,2.8594558,321730.75,10.347926,176.33308,-0.24415068,0.42984354,0.7754099,20.104258,7.7706013,16.078104,-7.3453116,-38.384,-50.62685,-20.50992,2.6947393,-39.015034,-2.7545273,-16.047152,-22.904184,-5.5602226,-30.89264,0 days 00:01:12.905438772,0 days 00:01:12.945438772
0 days 00:00:00.810000,0 days 00:00:00.850000,answer5_other1,0.0,0.6983802,0.0,0.0,0.0,-63.239376,1.1342973,1.9577388,0.056752414,0.024754345,0.10439259,0.8264373,1.5103058,1.5012275,3.0335207,3.4302044,1.2851306,1.4768229,1.200287,1.0828537,1.5122427,1.8923593,3.3020413,3.9824145,3.9296405,3.4596548,2.711138,1.8924066,1.7326568,3.5621567,2.6768558,1.4453821,0.9878841,0.8034108,0.82629204,0.7334933,0.9485828,0.03476396,229.6875,272.7539,445.01953,502.4414,0.5435993,380.41968,2.9077911,225365.7,11.899346,225.427,-0.16513999,0.38519874,0.5250502,22.627382,9.559358,18.666185,-1.8951211,-31.660782,-46.649708,-16.613977,2.0032103,-32.474007,-2.6067457,-17.663666,-16.050863,-1.4570179,-27.61708,0 days 00:01:12.915438772,0 days 00:01:12.955438772
0 days 00:00:00.820000,0 days 00:00:00.860000,answer5_other1,0.0,0.6803538,0.0,0.0,0.0,-100.0,0.81665236,1.7099575,0.039870698,0.027588814,0.12205865,0.84938,1.5023322,1.4572293,2.7962043,3.0944169,1.227173,1.3404717,1.0741051,1.0665115,1.3165927,1.8783737,3.208805,3.2573335,3.0631912,2.9802723,2.3660057,1.4617988,1.4540411,2.9438322,2.2666519,1.1342025,0.7797978,0.61929077,0.6376446,0.5611815,0.47044554,0.0062611233,229.6875,258.39844,373.2422,445.01953,0.5508651,333.06754,2.7666378,199659.64,14.158437,278.42816,-0.08862247,0.34581503,0.16538346,24.16414,14.068783,15.1477585,1.1542374,-23.319878,-34.390915,-13.672227,0.8766174,-27.534485,-6.41513,-19.648085,-8.899722,0.9551246,-17.455744,0 days 00:01:12.925438772,0 days 00:01:12.965438772
0 days 00:00:00.830000,0 days 00:00:00.870000,answer5_other1,0.0,0.68993574,0.0,0.0,0.0,-100.0,0.6183148,1.3234781,0.025835237,0.034391534,0.14276998,0.72043556,1.2001876,1.2099333,2.0180478,2.1083622,1.0197045,1.0941262,0.91583437,0.9683418,1.0703257,1.6736068,2.5697682,2.380656,2.1368592,2.263089,1.8434576,1.1267862,1.1606275,2.0970113,1.6756302,0.8984211,0.6680439,0.49238345,0.49996924,0.45605206,0.13424456,0.002866783,229.6875,258.39844,315.8203,459.375,0.40430763,331.87375,2.6540687,231499.33,13.6331625,246.32855,-0.026259089,0.34212294,0.04698516,23.28398,14.313085,12.995631,5.681431,-21.02548,-32.54736,-12.48811,2.1781619,-26.247976,-5.680609,-16.553978,-9.790227,-5.2484584,-14.312001,0 days 00:01:12.935438772,0 days 00:01:12.975438772
0 days 00:00:00.840000,0 days 00:00:00.880000,answer5_other1,0.0,0.6810467,0.0,0.0,0.0,-100.0,0.53245693,0.99729943,0.01923133,0.0404384,0.15283701,0.547325,0.9036959,0.9369609,1.3405973,1.4214734,0.8285997,0.8913837,0.79539555,0.8637096,0.92376995,1.3756267,1.8772149,1.6935292,1.4532892,1.6040007,1.3455743,0.8843255,0.93194,1.417997,1.1682088,0.7359433,0.5991515,0.41111422,0.42404342,0.40207723,0.09587949,0.0014924137,244.04297,330.17578,358.88672,488.08594,0.21065955,366.47427,2.554862,243732.67,13.48656,236.55428,-0.01613429,0.37868333,0.03801413,23.735657,13.941625,7.313881,4.498562,-21.735636,-29.306051,-11.290448,-0.034457684,-23.452795,1.5592861,-12.693889,-9.86385,-9.249314,-15.447366,0 days 00:01:12.945438772,0 days 00:01:12.985438772
0 days 00:00:00.850000,0 days 00:00:00.890000,answer5_other1,0.0,0.66562885,0.0,0.0,0.0,-100.0,0.4777106,0.80862886,0.013652515,0.045351475,0.14967827,0.40004024,0.6745384,0.70086867,0.9671633,1.1316947,0.71645045,0.7603763,0.7109825,0.8160527,0.92789954,1.1619893,1.4200257,1.3360335,1.1423358,1.2367322,1.0343736,0.7366523,0.7920361,1.0350243,0.8849295,0.62754583,0.5355317,0.3729883,0.38687587,0.36552957,0.0523967,0.0013605141,244.04297,401.95312,430.66406,617.28516,0.16038302,451.4331,3.155812,478595.84,11.473369,182.07191,-0.009282093,0.44913325,0.02260226,23.931223,9.771813,4.675625,4.8662515,-20.047369,-26.405928,-9.437438,0.97406226,-13.722855,7.844889,-5.3633056,-11.302788,-7.833912,-15.627338,0 days 00:01:12.955438772,0 days 00:01:12.995438772
0 days 00:00:00.860000,0 days 00:00:00.900000,answer5_other1,0.0,0.6650644,0.0,0.0,0.0,-65.31939,0.43704733,0.7185612,0.009965847,0.044028725,0.1393499,0.28848794,0.48738217,0.5187296,0.77659655,0.993242,0.6498793,0.7050989,0.6849225,0.8120746,1.0414445,1.0905093,1.2017916,1.1667871,1.0273811,1.1009551,0.9123146,0.6716154,0.73886514,0.8303609,0.74940777,0.55860215,0.48569784,0.3656572,0.3601725,0.32526425,0.02315016,0.0015095109,258.39844,473.73047,775.1953,1076.6602,0.13878267,662.1528,4.0704126,1.1211275e+06,8.331365,107.11909,-0.003863913,0.60215735,0.0116380565,22.161047,3.601392,1.3945618,4.134852,-14.214458,-18.463667,-5.9501166,-0.96822065,-6.96586,6.503374,-3.6765268,-8.744759,0.055374783,-6.7535686,0 days 00:01:12.965438772,0 days 00:01:13.005438772
0 days 00:00:00.870000,0 days 00:00:00.910000,answer5_other1,226.86334,0.7060256,0.0,0.0,0.0,-31.495796,0.45810685,0.6932573,0.0148272,0.037792895,0.13433301,0.23501809,0.36634257,0.4146453,0.6793542,0.8664457,0.611562,0.7325573,0.7423609,0.8407619,1.1963342,1.1695914,1.1409076,1.028212,0.9577188,1.0780276,0.9091491,0.68977123,0.78347534,0.75136614,0.6950137,0.5226905,0.46377942,0.38011858,0.34217155,0.29298174,0.028311064,0.0016817087,244.04297,387.59766,689.0625,1033.5938,0.17423421,616.25604,3.9461935,1.0986588e+06,9.432159,148.561,-0.0068246634,0.55537933,0.014374621,22.399603,3.564463,3.4170954,3.3175325,-8.703838,-12.164101,-11.5104065,-4.742393,-6.40912,-0.24949901,-9.597577,-11.2122345,2.861375,-3.6646852,0 days 00:01:12.975438772,0 days 00:01:13.015438772
0 days 00:00:00.880000,0 days 00:00:00.920000,answer5_other1,226.5862,0.75820655,0.0,0.0,0.0,2.722511,0.68130565,0.74000597,0.032848645,0.029478459,0.13432609,0.24856348,0.3406447,0.41191554,0.7031643,0.786586,0.6117011,0.82337475,0.8754757,0.9152166,1.4091334,1.3947753,1.2198051,0.97916436,0.9427023,1.1660788,1.0280737,0.7903598,0.9148075,0.7793016,0.7151809,0.53620934,0.47707963,0.41062546,0.34393343,0.28195605,0.4060528,0.005049575,229.6875,373.2422,674.70703,933.10547,0.4532422,545.93787,3.4585733,795389.3,13.455147,399.8939,-0.07513629,0.5052317,0.20068419,26.203384,4.344947,5.239872,1.6559433,-11.775017,-16.401781,-19.645819,-12.587039,-9.917619,1.1871611,-14.531693,-11.218802,3.0586536,-9.992062,0 days 00:01:12.985438772,0 days 00:01:13.025438772
0 days 00:00:00.890000,0 days 00:00:00.930000,answer5_other1,225.5562,0.7947216,0.096097864,0.0,0.37251645,2.6984854,0.9522483,0.8753707,0.058293004,0.02248677,0.13568147,0.3534613,0.4663814,0.54559857,0.98588806,0.9123532,0.6537296,0.9528866,1.067797,1.1329904,1.7209166,1.7503904,1.429823,1.0168389,0.98635226,1.3705419,1.2703458,0.97345906,1.1083974,0.87559605,0.80881244,0.6000069,0.52203995,0.448758,0.37264264,0.29794803,0.99519855,0.01424592,215.33203,358.88672,401.95312,459.375,0.5610418,348.12943,2.5687172,96526.35,17.212921,605.7908,-0.1833212,0.37073353,0.6299375,31.722313,5.439907,7.640894,0.3429393,-16.287704,-23.995382,-33.58166,-24.95585,-12.2681055,3.2423685,-14.167152,-11.717801,-2.414932,-19.860847,0 days 00:01:12.995438772,0 days 00:01:13.035438772
0 days 00:00:00.900000,0 days 00:00:00.940000,answer5_other1,223.93562,0.80708265,0.06814571,0.045323987,0.2655833,8.0369,1.2005998,1.1066855,0.078149855,0.019841269,0.13707209,0.5560557,0.73649645,0.80236655,1.6794492,1.3463858,0.7372451,1.0919267,1.3067051,1.5686079,2.1637914,2.2466497,1.8154157,1.2119006,1.1135262,1.723147,1.5965894,1.185424,1.3093702,0.9918666,0.96261007,0.6846723,0.5748944,0.49059114,0.41601682,0.32504773,1.5887275,0.024295337,215.33203,430.66406,473.73047,473.73047,0.51197326,368.98203,2.5536635,48204.355,16.463966,691.42816,-0.2918041,0.3968221,0.9839608,35.354298,0.9208398,6.134129,1.9353722,-19.059439,-32.23759,-38.825752,-30.004572,-14.510429,8.054133,-10.784863,-10.108349,-1.7464246,-26.920557,0 days 00:01:13.005438772,0 days 00:01:13.045438772
0 days 00:00:00.910000,0 days 00:00:00.950000,answer5_other1,221.88133,0.81027335,0.015642317,0.0351185,0.22316408,14.867156,1.2656718,1.3636317,0.086797155,0.020030236,0.13593167,0.75954056,1.0176417,1.0832604,2.5561488,1.9005157,0.8049049,1.2092549,1.5922252,2.1035767,2.5721674,2.7905903,2.3505976,1.5486059,1.3085748,2.1557026,1.8765936,1.3425401,1.4962708,1.0777283,1.0871619,0.75645256,0.6147048,0.52095795,0.4519217,0.34085765,1.9077268,0.02927447,215.33203,430.66406,459.375,473.73047,0.26076075,364.92422,2.480403,42286.793,13.625165,561.6259,-0.35072148,0.39268002,1.22934,36.62969,-1.695015,6.938378,3.8689091,-19.0325,-34.574497,-40.371826,-29.835001,-18.953094,0.9610141,-7.2854543,-7.2798886,-0.9655207,-26.345367,0 days 00:01:13.015438772,0 days 00:01:13.055438772
0 days 00:00:00.920000,0 days 00:00:00.960000,answer5_other1,220.77135,0.81060743,0.010273362,0.011819568,0.0611408,20.555735,1.3009158,1.5395528,0.08861732,0.020030236,0.13368346,0.8791359,1.1808238,1.2823504,3.1695213,2.2493792,0.8340871,1.3074538,1.8609971,2.4217331,2.6647768,3.0426702,2.9140587,1.9516851,1.5019721,2.4527133,1.9145163,1.4507195,1.6898688,1.1748556,1.1811512,0.7918795,0.62796134,0.5433126,0.46682945,0.34023824,2.0712626,0.031122252,229.6875,430.66406,445.01953,473.73047,0.23222615,374.67505,2.447613,42389.215,11.66612,438.609,-0.37065694,0.40271592,1.2902905,36.55881,-2.0203607,9.139497,0.49151134,-19.890547,-38.16801,-37.55467,-17.679441,-25.720985,-10.040715,-2.0850625,-2.951127,2.829216,-26.805267,0 days 00:01:13.025438772,0 days 00:01:13.065438772
0 days 00:00:00.930000,0 days 00:00:00.970000,answer5_other1,220.98756,0.813162,0.008063509,0.009326625,0.045535672,22.053398,1.3322634,1.6057476,0.091984786,0.020030236,0.13763048,0.8766182,1.1717201,1.3630425,3.3308315,2.2989454,0.82947636,1.4016076,2.0392063,2.3608315,2.4448597,2.8852568,3.4288568,2.3960946,1.6256641,2.4915504,1.7306433,1.5484238,1.900788,1.3662767,1.3095506,0.8185217,0.6364723,0.55700356,0.46503344,0.33453193,2.3242152,0.03401707,244.04297,430.66406,445.01953,473.73047,0.23599076,386.84998,2.3922632,45421.01,11.334275,387.83206,-0.39989075,0.41525865,1.4752483,35.639153,-0.32480192,13.259544,-2.833975,-15.862567,-42.713573,-39.043705,-5.5741134,-27.92984,-15.803824,3.2461612,3.9976575,3.6617508,-25.113756,0 days 00:01:13.035438772,0 days 00:01:13.075438772
0 days 00:00:00.940000,0 days 00:00:00.980000,answer5_other1,221.28313,0.8135932,0.0055356002,0.0058796606,0.02039821,21.664503,1.3683672,1.5940962,0.09860066,0.0202192,0.14436425,0.81725454,1.086337,1.3793074,3.194788,2.1784246,0.797792,1.4622978,2.0562062,2.026005,2.0733936,2.4002802,3.735242,2.7898045,1.6357261,2.2286272,1.4274915,1.6989502,2.1197045,1.6721243,1.5805677,0.90115446,0.66267747,0.5799883,0.46131635,0.336678,2.7132788,0.036663074,301.46484,430.66406,459.375,473.73047,0.23459697,400.97287,2.313254,48224.31,12.177417,402.96066,-0.44624957,0.4302292,1.7075653,33.627262,2.571846,14.262505,-7.799511,-10.878524,-51.019062,-40.442932,1.3518425,-32.078686,-17.304655,4.7984548,10.589259,1.9711442,-29.146553,0 days 00:01:13.045438772,0 days 00:01:13.085438772
0 days 00:00:00.950000,0 days 00:00:00.990000,answer5_other1,220.45459,0.8121998,0.005611832,0.004366641,0.0049016695,21.979004,1.3795048,1.5722076,0.10500405,0.020030236,0.15238549,0.7517669,0.99781126,1.3798522,3.0695822,2.1233299,0.7776101,1.4924906,1.9787275,1.6922492,1.7987113,1.9161601,3.761409,3.0243514,1.5807266,1.8509821,1.2062973,1.8477572,2.2450173,1.9824991,1.9822,1.0866411,0.7203357,0.6231268,0.47835192,0.35702732,3.223439,0.029650629,344.53125,430.66406,473.73047,473.73047,0.20283647,404.8583,2.2441905,43086.625,16.40383,716.12787,-0.5124162,0.4362267,2.061753,32.76134,6.993187,12.762611,-10.418939,-10.764477,-53.06812,-37.974762,1.4989176,-32.45839,-15.9791765,3.8252306,15.457279,0.22584951,-30.041656,0 days 00:01:13.055438772,0 days 00:01:13.095438772
0 days 00:00:00.960000,0 days 00:00:01,answer5_other1,219.35097,0.8101855,0.0046674837,0.0063551813,0.037869364,21.923811,1.3645635,1.5306994,0.10512772,0.020030236,0.150324,0.69707876,0.93288404,1.3716816,2.9444396,2.0879338,0.7662859,1.4671888,1.8706504,1.4466428,1.5844265,1.5763422,3.479906,3.0235844,1.5500101,1.4924167,1.1320937,1.932621,2.189519,2.06297,2.2523441,1.3615948,0.7966356,0.6816346,0.5435022,0.4034753,3.405091,0.023707466,387.59766,430.66406,459.375,473.73047,0.2268462,402.99033,2.2280333,38836.566,18.11206,808.7712,-0.5370138,0.43564335,2.1736045,31.181097,10.103229,9.744187,-8.852759,-20.227137,-54.345398,-34.078053,-2.6439738,-34.231236,-19.40993,-2.2695725,19.649193,-2.692027,-32.917004,0 days 00:01:13.065438772,0 days 00:01:13.105438772
0 days 00:00:00.960000,0 days 00:00:01.000997732,answer5_other1,218.6486,0.8078285,0.0056975298,0.007996485,0.045446094,21.758509,1.3138981,1.4702431,0.096449964,0.01984127,0.14158109,0.6514284,0.87374336,1.3500357,2.7551289,1.9680548,0.7782363,1.4385687,1.7855597,1.266754,1.4014859,1.3690972,3.0202043,2.849127,1.6238889,1.2435598,1.2226278,1.9530964,1.9527744,1.8905605,2.2845933,1.676587,0.8639846,0.7342207,0.65908855,0.4723331,2.9251604,0.019397398,344.53125,430.66406,445.01953,473.73047,0.35067263,397.55478,2.2667644,45174.5,18.005575,759.023,-0.46634015,0.42924032,1.9089786,30.105242,10.885501,9.324178,-4.4760656,-24.009512,-51.290813,-29.03559,-6.0208116,-34.260117,-16.459162,-9.426845,23.79563,-2.8659718,-30.128607,0 days 00:01:13.065438772,0 days 00:01:13.106436504
0 days 00:00:00,0 days 00:00:00.040000,answer6  ,177.31688,0.75043297,0.0,0.0,0.062443975,10.063767,0.574038,0.98834115,0.011863667,0.037792895,0.12921618,0.27204838,0.41952792,0.5544473,0.66972893,0.76589614,0.84702843,0.9178292,0.9822495,1.0430994,1.1020993,1.1600702,1.2171308,1.2728368,1.3262117,1.3755809,1.4180565,1.4484811,1.4578775,1.432704,1.3587462,1.2323397,1.069155,0.8959276,0.7342484,0.5943311,0.017106531,0.0105269635,186.6211,416.3086,861.3281,1191.5039,0.036162168,581.283,4.159201,355112.88,4.730982,49.71156,-0.00706814,0.54824966,0.020900419,31.522203,-0.62191135,-1.5652922,-23.236734,26.462301,-4.5067277,0.18397205,-13.725186,-15.770207,25.437708,-10.076248,2.9091337,-14.808083,-10.583741,0 days 00:01:23.249916583,0 days 00:01:23.289916583
0 days 00:00:00.010000,0 days 00:00:00.050000,answer6  ,179.43066,0.75335044,0.007920941,0.0,0.06537036,9.941785,0.5633924,0.98834115,0.011433668,0.03892668,0.12921618,0.27204838,0.41952792,0.5544473,0.66972893,0.76589614,0.84702843,0.9178292,0.9822495,1.0430994,1.1020993,1.1600702,1.2171308,1.2728368,1.3262117,1.3755809,1.4180565,1.4484811,1.4578775,1.432704,1.3587462,1.2323397,1.069155,0.8959276,0.7342484,0.5943311,0.014339718,0.010411599,200.97656,488.08594,1004.8828,1220.2148,0.06237207,656.32294,4.2501283,418558.84,4.2917786,41.00707,-0.005891219,0.60633594,0.017733594,30.181183,-2.8031237,-1.731402,-23.341726,27.157064,-6.0092216,-2.2211883,-13.283661,-16.157482,27.2761,-12.604398,1.9067391,-12.664348,-11.830838,0 days 00:01:23.259916583,0 days 00:01:23.299916583
0 days 00:00:00.020000,0 days 00:00:00.060000,answer6  ,183.24744,0.75667787,0.009420131,0.010096652,0.1249091,9.503339,0.5487687,0.98834115,0.011071474,0.03968254,0.12921618,0.27204838,0.41952792,0.5544473,0.66972893,0.76589614,0.84702843,0.9178292,0.9822495,1.0430994,1.1020993,1.1600702,1.2171308,1.2728368,1.3262117,1.3755809,1.4180565,1.4484811,1.4578775,1.432704,1.3587462,1.2323397,1.069155,0.8959276,0.7342484,0.5943311,0.013326999,0.009586658,200.97656,488.08594,990.52734,1248.9258,0.09080874,667.4727,4.2825456,441479.0,4.326346,41.096592,-0.005127657,0.6142083,0.015462249,29.700838,-2.8038635,-1.5257589,-23.12648,26.592447,-6.2050133,-4.241641,-13.198195,-16.122879,28.120512,-14.069664,1.4323153,-10.03412,-13.279241,0 days 00:01:23.269916583,0 days 00:01:23.309916583
0 days 00:00:00.030000,0 days 00:00:00.070000,answer6  ,187.40862,0.7670758,0.00914763,0.010145488,0.12880136,7.8223443,0.56653166,0.98834115,0.011786491,0.041194256,0.12921618,0.27204838,0.41952792,0.5544473,0.66972893,0.76589614,0.84702843,0.9178292,0.9822495,1.0430994,1.1020993,1.1600702,1.2171308,1.2728368,1.3262117,1.3755809,1.4180565,1.4484811,1.4578775,1.432704,1.3587462,1.2323397,1.069155,0.8959276,0.7342484,0.5943311,0.013412603,0.011618626,200.97656,488.08594,1004.8828,1263.2812,0.09788296,656.33405,4.2236304,396897.53,4.247214,41.372303,-0.006060893,0.6073535,0.018615598,29.987946,-2.1735077,-4.16186,-22.027403,27.239649,-4.929404,-4.452457,-11.63841,-16.663675,25.13523,-17.69583,-3.1919582,-11.001788,-11.333304,0 days 00:01:23.279916583,0 days 00:01:23.319916583
0 days 00:00:00.040000,0 days 00:00:00.080000,answer6  ,192.08546,0.7696111,0.014441095,0.021416722,0.22190058,7.098509,0.6184925,1.005257,0.013543776,0.042517006,0.13054402,0.279857,0.4365095,0.5554657,0.6603674,0.7687194,0.8996257,0.9837766,0.99757415,1.0823395,1.0988256,1.1920334,1.2390927,1.2771679,1.3162627,1.3998222,1.4304582,1.4498924,1.4817983,1.4430351,1.3352007,1.2437457,1.1153859,0.93467456,0.7626114,0.62189054,0.016052857,0.014238936,200.97656,502.4414,918.75,1234.5703,0.112885915,628.0236,4.125295,355185.16,5.040981,58.563385,-0.008434588,0.59124756,0.025687063,29.917297,-0.4483181,-7.70533,-22.30366,26.207909,-1.7934862,-0.5854659,-11.464272,-14.115041,18.969597,-21.99449,-7.59798,-13.609973,-11.013963,0 days 00:01:23.289916583,0 days 00:01:23.329916583
0 days 00:00:00.050000,0 days 00:00:00.090000,answer6  ,196.76532,0.76274735,0.014924883,0.01827992,0.18745358,7.7922363,0.71154284,1.0685669,0.015507667,0.045918364,0.13253504,0.29874596,0.48041782,0.5334825,0.639682,0.7942036,1.0311192,1.1203531,1.0532146,1.1645538,1.0919833,1.2732056,1.3307419,1.3501148,1.3973575,1.4778668,1.4764237,1.5450376,1.5403146,1.4889649,1.3562998,1.3172864,1.25452,1.074334,0.85609895,0.70388085,0.018081442,0.017840223,215.33203,574.21875,990.52734,1220.2148,0.12711644,683.2049,4.112671,499108.9,4.943755,53.24236,-0.010940511,0.6297571,0.032857582,26.682344,-2.055452,-10.099297,-19.678902,25.122437,-1.2670757,6.9918466,-6.563514,-13.364044,13.303142,-25.902916,-10.96315,-19.600822,-15.486903,0 days 00:01:23.299916583,0 days 00:01:23.339916583
0 days 00:00:00.060000,0 days 00:00:00.100000,answer6  ,203.0738,0.7464082,0.018072033,0.021543466,0.15888198,8.535204,0.7837127,1.1973124,0.017037362,0.050264552,0.13233434,0.32162043,0.5478771,0.48697653,0.60386336,0.8373135,1.1993433,1.3057457,1.1517347,1.2911977,1.1194568,1.4253181,1.5321813,1.5211619,1.5806228,1.6521401,1.6094476,1.8156804,1.6641175,1.5680171,1.4339275,1.4785928,1.5357417,1.3778137,1.0635643,0.8743327,0.020715434,0.025366606,215.33203,645.9961,1033.5938,1205.8594,0.13619216,739.38165,4.130531,649383.5,5.172135,53.074158,-0.012677331,0.6686227,0.038898557,22.92189,-2.20877,-11.023068,-15.57816,22.008486,3.3166695,9.454339,-10.138848,-8.208337,8.547421,-27.144243,-8.412503,-21.468542,-19.550407,0 days 00:01:23.309916583,0 days 00:01:23.349916583
0 days 00:00:00.070000,0 days 00:00:00.110000,answer6  ,208.3973,0.7312955,0.012796025,0.013758126,0.08652391,8.812037,0.86623603,1.3890425,0.018266315,0.052532125,0.13292767,0.34223196,0.61427176,0.4285966,0.5783029,0.87068933,1.3075318,1.3819219,1.2375673,1.3710591,1.1848296,1.6200098,1.9199518,1.8149208,1.983605,1.8941282,1.8689386,2.358545,1.8406134,1.6703935,1.6055905,1.6974884,1.9348902,1.8865134,1.4172453,1.1523439,0.021641837,0.032343537,215.33203,531.15234,1134.082,1363.7695,0.15700054,802.06366,4.1972547,1.012059e+06,4.6202188,36.428776,-0.014360554,0.6960017,0.041652456,18.205767,-2.8689995,-9.976016,-5.2555985,19.440245,-0.2935489,6.6035857,-7.2434063,-4.5891113,5.4141927,-27.316305,-10.288989,-24.457787,-22.514921,0 days 00:01:23.319916583,0 days 00:01:23.359916583
0 days 00:00:00.080000,0 days 00:00:00.120000,answer6  ,211.62451,0.7146814,0.0122591015,0.017371938,0.087079465,-27.731337,0.94137067,1.6137584,0.019384569,0.05064248,0.13086581,0.3579344,0.6812354,0.3996378,0.5716954,0.8673563,1.3290447,1.3538628,1.2642945,1.3871447,1.2809142,1.9122796,2.467151,2.192649,2.5331037,2.1491883,2.172322,2.960499,2.0799315,1.8224043,1.7467223,1.8808918,2.376048,2.5534632,1.9492737,1.5378073,0.02958914,0.038573194,215.33203,430.66406,1105.3711,1464.2578,0.17222798,798.8486,4.188249,1.1153355e+06,4.663674,35.299473,-0.018159645,0.6884238,0.047820926,16.132963,-2.076484,-11.909944,0.9288452,15.536042,-1.6910549,-0.97572654,-8.711034,-3.0952704,-3.5388544,-27.99692,-15.94611,-22.385248,-18.65859,0 days 00:01:23.329916583,0 days 00:01:23.369916583
0 days 00:00:00.090000,0 days 00:00:00.130000,answer6  ,0.0,0.7025805,0.0,0.0,0.0,-64.28089,0.9298494,1.7903141,0.019827904,0.043839756,0.12919064,0.36349452,0.74767643,0.42783502,0.58366436,0.8106913,1.2768909,1.2394935,1.2169416,1.2800419,1.3127035,2.271372,2.9455025,2.4830635,2.9893982,2.268815,2.4069946,3.3715851,2.3223581,2.0925071,1.7748947,1.9418033,2.7147036,3.1462135,2.520172,1.9101585,0.039211813,0.030189151,215.33203,258.39844,918.75,1550.3906,0.20107178,744.0005,3.9345143,1.2649915e+06,4.5114155,30.726007,-0.017928382,0.63189286,0.043030128,14.399716,-0.2966993,-7.8819366,4.188337,13.707531,-6.1889596,-7.4364395,-3.6995833,-5.889899,-11.255071,-28.230143,-17.946608,-15.281598,-13.234014,0 days 00:01:23.339916583,0 days 00:01:23.379916583
0 days 00:00:00.100000,0 days 00:00:00.140000,answer6  ,0.0,0.6805659,0.0,0.0,0.0,-100.0,0.9154875,1.8692113,0.022682412,0.035147395,0.12503345,0.367479,0.8334939,0.5130094,0.62427133,0.74973845,1.1688949,1.1525317,1.1398892,1.1133755,1.2684065,2.5604174,3.145685,2.6260755,3.1554127,2.2087872,2.4738414,3.4462416,2.4800074,2.5598366,1.7286147,1.8879222,2.8156002,3.4088924,2.9415207,2.1045165,0.08649198,0.02381836,215.33203,258.39844,588.5742,1191.5039,0.2346379,595.9231,3.3986313,931512.3,5.433084,44.658962,-0.02587005,0.5230663,0.052482575,15.768872,3.2330935,-5.742037,0.34733772,13.725093,-8.271216,-17.29038,-6.7554603,-11.974591,-15.577248,-27.509436,-19.32419,-8.153417,-13.373134,0 days 00:01:23.349916583,0 days 00:01:23.389916583
0 days 00:00:00.110000,0 days 00:00:00.150000,answer6  ,0.0,0.6724903,0.0,0.0,0.0,-100.0,0.84946233,1.8070526,0.025724439,0.02834467,0.11825695,0.36895284,0.9237232,0.65695375,0.6780114,0.6972733,1.0127802,1.0980434,1.083229,0.95061713,1.1745561,2.5565484,2.9162,2.45677,2.8639183,1.9491688,2.3493655,3.226773,2.485999,3.0494063,1.6533016,1.7648764,2.6556098,3.2624204,3.0109205,2.0196943,0.12289884,0.016789645,215.33203,258.39844,387.59766,875.6836,0.22088857,483.14465,2.943904,679758.1,6.761528,70.6206,-0.030691976,0.4383761,0.053563606,17.128424,7.024727,-4.711567,-4.098142,17.708857,-10.71729,-25.069193,-12.069225,-18.870872,-17.945116,-26.907816,-19.21588,-6.3909264,-14.114642,0 days 00:01:23.359916583,0 days 00:01:23.399916583
0 days 00:00:00.120000,0 days 00:00:00.160000,answer6  ,0.0,0.66915435,0.0,0.0,0.0,-100.0,0.8605816,1.6701784,0.03173056,0.023431594,0.11032305,0.3887984,1.0236174,0.83847564,0.7415884,0.67454314,0.8543175,1.0799884,1.0494922,0.8622778,1.0799587,2.2536242,2.4737551,2.1450849,2.3796191,1.653934,2.1150296,2.8977928,2.3976042,3.3881156,1.621172,1.6544522,2.340965,2.8966887,2.7582684,1.7451515,0.21143758,0.014427756,215.33203,258.39844,258.39844,473.73047,0.21570563,358.73257,2.559634,313721.22,9.5578575,140.70894,-0.049752783,0.3510197,0.08046185,19.7576,10.109671,-3.6748803,-8.748885,18.066236,-10.404548,-27.24759,-18.152386,-26.321014,-23.212294,-25.951439,-20.921474,-6.970721,-16.125443,0 days 00:01:23.369916583,0 days 00:01:23.409916583
0 days 00:00:00.130000,0 days 00:00:00.170000,answer6  ,0.0,0.6742498,0.0,0.0,0.0,-100.0,0.81733036,1.5128899,0.035731513,0.021352986,0.100272395,0.42251503,1.1146157,1.0442443,0.77555496,0.67234707,0.7508986,1.0842447,1.060474,0.8533372,0.9913697,1.845822,1.9834051,1.768288,1.8655638,1.415388,1.826696,2.4770832,2.2798285,3.4286616,1.5645748,1.5853857,2.045984,2.5722911,2.3758228,1.4304701,0.26996458,0.009843562,215.33203,258.39844,272.7539,387.59766,0.17125814,328.1427,2.454592,231112.58,11.755261,202.34143,-0.057663888,0.33148408,0.08768276,20.705616,13.452846,-4.3156686,-12.163777,19.669878,-11.671855,-24.952606,-22.444002,-31.16924,-28.63765,-26.327665,-23.684896,-5.518017,-14.707103,0 days 00:01:23.379916583,0 days 00:01:23.419916583
0 days 00:00:00.140000,0 days 00:00:00.180000,answer6  ,0.0,0.67961246,0.0,0.0,0.0,-100.0,0.7970316,1.3783563,0.037956502,0.019652305,0.09482781,0.45260945,1.1776729,1.2350305,0.7416144,0.6686278,0.7126756,1.0927535,1.1015607,0.85108185,0.86911774,1.4883347,1.5967075,1.5086428,1.5292364,1.3015426,1.5747151,2.0726318,2.1510925,3.208905,1.4802414,1.5054766,1.864344,2.3825722,2.0056617,1.1695863,0.3777986,0.0058994237,215.33203,258.39844,287.10938,301.46484,0.18699627,301.49426,2.2551677,149525.75,15.132747,334.8026,-0.07505121,0.31393263,0.12020252,22.26608,15.884992,-2.9131272,-12.466123,17.453169,-10.711755,-16.811884,-24.39237,-35.559315,-35.30963,-25.050909,-26.795206,-3.7578735,-14.522201,0 days 00:01:23.389916583,0 days 00:01:23.429916583
0 days 00:00:00.150000,0 days 00:00:00.190000,answer6  ,0.0,0.6820776,0.0,0.0,0.0,-100.0,0.7496852,1.2730256,0.036680326,0.018329553,0.09701855,0.46589303,1.1785789,1.3110589,0.6859088,0.65809697,0.7174046,1.1057544,1.1587733,0.8330598,0.74756986,1.2146175,1.335025,1.3677179,1.3434068,1.2936692,1.3764375,1.7161444,1.9696909,2.926859,1.375688,1.3993268,1.796389,2.3045437,1.7382501,0.98178434,0.3005775,0.004699977,215.33203,244.04297,287.10938,344.53125,0.25990131,308.9471,2.268452,180703.95,14.059673,299.76636,-0.06212682,0.3176258,0.107900076,22.42261,17.263767,-3.8779202,-11.583619,18.315771,-10.062521,-8.45725,-22.706598,-35.34447,-33.894356,-19.559626,-26.693405,-0.87243503,-14.388179,0 days 00:01:23.399916583,0 days 00:01:23.439916583
0 days 00:00:00.160000,0 days 00:00:00.200000,answer6  ,0.0,0.69194126,0.0,0.0,0.0,-100.0,0.70335704,1.1761621,0.031180963,0.018707484,0.10808486,0.4543909,1.1069492,1.2511431,0.6367137,0.61646867,0.7124825,1.0975866,1.1918935,0.7937358,0.64425904,0.9903345,1.1734382,1.2946705,1.2625217,1.3194011,1.2129668,1.4605289,1.7455448,2.6291196,1.2767714,1.2504437,1.739901,2.20811,1.5404314,0.86232084,0.23850851,0.0037300775,215.33203,229.6875,272.7539,344.53125,0.2582221,299.0029,2.290882,160670.05,14.502984,320.3225,-0.054351762,0.3081241,0.09907334,23.217318,18.010307,-2.069702,-8.269051,17.014841,-5.6476555,-4.424052,-19.421206,-39.28882,-33.764835,-14.578399,-22.49009,1.9795212,-12.940773,0 days 00:01:23.409916583,0 days 00:01:23.449916583
0 days 00:00:00.170000,0 days 00:00:00.210000,answer6  ,0.0,0.71264744,0.0,0.0,0.0,-63.317684,0.63857,1.0896388,0.02688996,0.019274376,0.12899472,0.4388928,0.9808869,1.0620605,0.6597205,0.5687784,0.6894291,1.0568186,1.1496387,0.74707025,0.58634204,0.8370959,1.0964155,1.2530285,1.2256812,1.3311087,1.1241,1.3223397,1.5240093,2.4253795,1.2051829,1.1320853,1.6238331,2.0019257,1.3739934,0.7857972,0.096831135,0.0029951178,200.97656,215.33203,244.04297,344.53125,0.26820716,292.40994,2.3555253,180725.33,12.117471,215.63702,-0.032358218,0.29700515,0.063241385,23.668793,18.351723,1.6872956,-8.087596,19.20934,-6.7675514,-4.550188,-13.237273,-31.987892,-21.75062,-13.872971,-16.702417,4.5893803,-14.132321,0 days 00:01:23.419916583,0 days 00:01:23.459916583
0 days 00:00:00.180000,0 days 00:00:00.220000,answer6  ,209.23837,0.734431,0.0,0.0,0.38679308,-26.563452,0.5984597,1.0073799,0.023524715,0.020030236,0.14898326,0.42281377,0.84519386,0.8667962,0.74377877,0.5231554,0.65044576,0.94920903,1.0289998,0.686884,0.56391734,0.7815909,1.0768634,1.2014265,1.2146916,1.2766793,1.0884933,1.2569753,1.3569288,2.2202423,1.1418043,1.0417792,1.4466928,1.6966176,1.2386793,0.72223234,0.09325993,0.0024529728,200.97656,215.33203,244.04297,315.8203,0.1550165,271.30905,2.2930706,127499.79,14.331024,305.07016,-0.03147613,0.28067365,0.06020708,24.757914,17.404688,4.6336026,-3.9571743,16.724167,-10.951938,-11.098053,-12.720269,-26.518654,-19.61775,-14.342856,-16.736855,4.097916,-13.825385,0 days 00:01:23.429916583,0 days 00:01:23.469916583
0 days 00:00:00.190000,0 days 00:00:00.230000,answer6  ,207.14624,0.7412176,0.043047413,0.0,0.30115852,10.746639,0.56188715,0.93476605,0.023418466,0.01946334,0.15819521,0.41007793,0.73413736,0.71639794,0.8549316,0.50553554,0.63597935,0.80748224,0.8588085,0.61921644,0.5522136,0.77747506,1.0793899,1.1596247,1.2138652,1.1973311,1.1116138,1.2444066,1.2376541,1.9826564,1.0891136,0.9773479,1.2647684,1.3755922,1.0925956,0.64750713,0.057445798,0.0019091236,186.6211,215.33203,229.6875,358.88672,0.14544822,266.02744,2.2156131,126070.62,15.029441,343.526,-0.025011778,0.2750934,0.055013362,25.294687,16.263395,6.6799283,-5.550222,12.758667,-16.412699,-9.400321,-11.763522,-20.053741,-13.5688715,-15.585449,-15.6283,-0.6562419,-18.088457,0 days 00:01:23.439916583,0 days 00:01:23.479916583
0 days 00:00:00.200000,0 days 00:00:00.240000,answer6  ,202.90906,0.7351341,0.041850682,0.021846546,0.20486581,11.346264,0.55418015,0.882437,0.023445934,0.018896447,0.15607709,0.39997563,0.6570292,0.63088614,0.98810667,0.5068231,0.6355269,0.67319703,0.69848603,0.5494086,0.5551478,0.81337005,1.1114007,1.1183244,1.1967669,1.1540418,1.1700451,1.215036,1.152721,1.7198213,1.0407194,0.9259364,1.1639479,1.1724768,0.9637997,0.5742898,0.06461803,0.0017020706,186.6211,215.33203,229.6875,387.59766,0.118045114,261.247,2.2140753,107166.69,17.170706,437.20447,-0.027348623,0.27316955,0.06037433,25.756449,16.948868,7.8029866,-1.7279123,10.460452,-21.21993,-11.099961,-16.963816,-15.07215,-13.621203,-16.922714,-16.039505,4.998474,-14.746533,0 days 00:01:23.449916583,0 days 00:01:23.489916583
0 days 00:00:00.210000,0 days 00:00:00.250000,answer6  ,199.88336,0.7143075,0.042173795,0.021846546,0.12326875,-25.407967,0.51026255,0.8407127,0.021977916,0.017762661,0.15028606,0.3911943,0.6023522,0.5831318,1.0514718,0.5102754,0.6320457,0.5937107,0.59059435,0.507246,0.5429154,0.84212834,1.1353414,1.0947723,1.1601883,1.1552889,1.1973351,1.152768,1.0804868,1.4342076,1.0020014,0.8748298,1.1237565,1.0896665,0.83726025,0.52327436,0.045210835,0.0012575741,172.26562,215.33203,215.33203,358.88672,0.14609472,252.29272,2.1422334,110157.586,17.657076,464.0952,-0.022677796,0.2631229,0.04807402,26.01464,17.572767,7.967413,-0.26189375,12.755336,-21.124453,-5.0886602,-14.481392,-12.3250265,-10.887471,-18.38587,-13.024239,3.8261797,-15.775323,0 days 00:01:23.459916583,0 days 00:01:23.499916583
0 days 00:00:00.220000,0 days 00:00:00.260000,answer6  ,0.0,0.6981546,0.0,0.0,0.0,-62.71806,0.45288137,0.7931676,0.018244747,0.021919878,0.14619459,0.37131974,0.54681706,0.5386117,0.99462444,0.50225884,0.6167387,0.559369,0.5189583,0.47379628,0.52164894,0.857779,1.1008192,1.0601009,1.1032149,1.1547704,1.1738995,1.0597081,0.99448514,1.187853,0.9440627,0.8345097,1.084794,1.0608163,0.7239487,0.4912568,0.036558937,0.0009667992,186.6211,215.33203,229.6875,315.8203,0.1581537,251.24805,2.1522663,103563.77,18.031229,480.1412,-0.0178012,0.26272252,0.03562127,26.09639,16.840574,6.6959114,3.5731678,11.050376,-19.75871,-3.2595491,-14.632458,-10.5693865,-12.862809,-21.883568,-18.021276,1.3400635,-11.241445,0 days 00:01:23.469916583,0 days 00:01:23.509916583
0 days 00:00:00.230000,0 days 00:00:00.270000,answer6  ,0.0,0.67980415,0.0,0.0,0.0,-100.0,0.38377652,0.732168,0.013393536,0.030423282,0.13857716,0.33017722,0.4781908,0.48931587,0.83223134,0.4733298,0.58668727,0.54085755,0.47513366,0.4577035,0.49770024,0.8372612,0.9934003,1.0534827,1.0956545,1.1000333,1.0794941,0.9807274,0.9410391,0.9669878,0.83899,0.76920223,0.97875744,0.990833,0.63977456,0.47082725,0.014189213,0.0007232987,186.6211,215.33203,287.10938,344.53125,0.15391223,282.5184,2.4425716,161731.23,15.477736,378.70383,-0.007939395,0.28856054,0.015353144,25.72142,12.64132,5.3616624,3.0384252,6.004051,-13.483819,-1.8201526,-10.05717,-15.733756,-14.6099615,-13.152385,-14.535203,-10.309169,-9.418601,0 days 00:01:23.479916583,0 days 00:01:23.519916583
0 days 00:00:00.240000,0 days 00:00:00.280000,answer6  ,0.0,0.6687264,0.0,0.0,0.0,-100.0,0.34619632,0.66817474,0.008976263,0.048563868,0.12605841,0.2648059,0.38876224,0.43803003,0.65409917,0.45216313,0.57446843,0.5228503,0.4520348,0.45613155,0.4765154,0.75823826,0.83848834,1.0585824,1.1585103,1.0113257,0.95853835,0.954187,0.90713066,0.8061524,0.71615094,0.6950841,0.82430094,0.8544329,0.5774395,0.4480624,0.0104159685,0.00054910034,200.97656,258.39844,358.88672,502.4414,0.119940184,355.8185,3.2074413,288430.03,12.481843,255.13971,-0.0035892827,0.35478973,0.007316072,25.375242,9.964025,3.8901436,-0.7605315,-0.2358288,-11.478317,-1.5003291,-7.960846,-16.489779,-9.634835,-5.0296497,-10.093952,-9.287238,-4.1690526,0 days 00:01:23.489916583,0 days 00:01:23.529916583
0 days 00:00:00.250000,0 days 00:00:00.290000,answer6  ,0.0,0.66270584,0.0,0.0,0.0,-100.0,0.33718815,0.6275295,0.006946986,0.062547244,0.11265615,0.19727422,0.3004657,0.40586916,0.56441355,0.45239127,0.5587639,0.5069546,0.44515285,0.46313867,0.48053947,0.66981,0.7284531,1.0835507,1.2551771,0.9509906,0.8601509,0.95389813,0.9219733,0.718965,0.6113892,0.6294238,0.72064877,0.733504,0.5518255,0.43838918,0.0063547785,0.0005708633,200.97656,301.46484,416.3086,660.35156,0.08407631,464.8981,3.8170927,785187.25,8.700969,113.329865,-0.0017568349,0.44357434,0.004004926,23.65615,9.3004,0.9944787,-1.0253793,-2.1081414,-15.212024,-2.1272452,-6.9523826,-12.9978075,-5.7966194,4.059122,-4.35702,-8.8977785,-0.20995672,0 days 00:01:23.499916583,0 days 00:01:23.539916583
0 days 00:00:00.260000,0 days 00:00:00.300000,answer6  ,0.0,0.6558088,0.0,0.0,0.0,-100.0,0.3481275,0.62515956,0.006190032,0.06746032,0.10836711,0.14863814,0.2352127,0.38519302,0.5345885,0.47781673,0.5529299,0.48408726,0.44029728,0.48069456,0.49503902,0.6173691,0.7062718,1.1077716,1.3428296,0.96132565,0.8202228,0.9902956,0.9565703,0.707177,0.58920693,0.6261379,0.7344516,0.7056753,0.57672393,0.46925655,0.0056504062,0.0005858754,200.97656,301.46484,373.2422,775.1953,0.07172935,572.65765,4.0077415,1.7126336e+06,6.8577538,66.01813,-0.0016146876,0.5136818,0.0034260906,20.01737,11.886228,0.8841062,3.764966,-1.6551595,-16.979654,0.14489086,-6.3033104,-5.4731336,-1.4838625,-0.019370079,-6.754453,-7.8393,-1.4796171,0 days 00:01:23.509916583,0 days 00:01:23.549916583
0 days 00:00:00.270000,0 days 00:00:00.310000,answer6  ,0.0,0.6744301,0.0,0.0,0.0,-65.14124,0.38291192,0.66764325,0.0069293245,0.05990174,0.11052009,0.13395566,0.21538769,0.38220003,0.5344108,0.48736787,0.5515987,0.46647406,0.42727125,0.4840524,0.5272993,0.63347083,0.7677226,1.1380758,1.4270808,1.0768887,0.86180466,1.0522977,1.0207509,0.73596483,0.64903307,0.7011583,0.8966741,0.8334291,0.6765844,0.56725097,0.0065938956,0.0007826388,186.6211,258.39844,344.53125,689.0625,0.064758725,600.1589,3.68182,2.1247218e+06,5.7669845,40.78688,-0.0023846922,0.52052814,0.0050938632,16.2863,14.558831,2.5514677,10.542409,-3.2261837,-17.444439,1.3770939,-11.58118,-7.8055267,-7.288479,-4.8840256,-10.390498,-10.872804,0.4786167,0 days 00:01:23.519916583,0 days 00:01:23.559916583
0 days 00:00:00.280000,0 days 00:00:00.320000,answer6  ,180.04744,0.6989322,0.0,0.0,0.28481305,-28.58386,0.43215838,0.7520828,0.010657285,0.04440665,0.11844925,0.15400806,0.23716247,0.38482118,0.5329751,0.45911112,0.57942706,0.468086,0.43117574,0.49509227,0.55638355,0.69692487,0.8818006,1.2394301,1.5708233,1.2682372,0.971728,1.1692559,1.14213,0.79375523,0.80553895,0.84556836,1.1294879,1.0599998,0.8395389,0.723242,0.0076288036,0.0010299836,172.26562,215.33203,272.7539,559.8633,0.07914641,524.0284,3.1878502,1.8051644e+06,6.099402,48.708233,-0.0042729047,0.4512986,0.008631,15.250005,15.602127,5.9779625,12.871497,-0.11542988,-13.662304,6.499508,-7.6214166,-14.60753,-11.615483,-11.239715,-10.936154,-8.734965,-2.1970482,0 days 00:01:23.529916583,0 days 00:01:23.569916583
0 days 00:00:00.290000,0 days 00:00:00.330000,answer6  ,176.90344,0.72805524,0.11820148,0.0,0.2597383,6.981504,0.5252515,0.86322516,0.016791962,0.034391534,0.13445933,0.20709245,0.2950481,0.43122682,0.5719957,0.4423808,0.63964796,0.5118662,0.4766967,0.52435094,0.57784796,0.76754063,1.0341594,1.4329524,1.7483963,1.4749155,1.1193255,1.3277344,1.2896314,0.9057382,1.0789195,1.0404645,1.3196303,1.2428422,0.989741,0.8592503,0.033965994,0.001602694,172.26562,215.33203,287.10938,416.3086,0.15881838,393.60535,2.840842,844191.3,8.345368,103.68299,-0.015744252,0.36152324,0.032606974,18.76906,17.227491,9.166259,8.508288,1.5035578,-21.202345,4.993326,-3.9609833,-22.271013,-11.305355,-10.634881,-4.418553,-6.3257966,-7.115523,0 days 00:01:23.539916583,0 days 00:01:23.579916583
0 days 00:00:00.300000,0 days 00:00:00.340000,answer6  ,172.45586,0.74832916,0.09204971,0.040102154,0.3243458,8.180377,0.659903,0.99719,0.022546763,0.028155707,0.16253869,0.28221866,0.36369935,0.5158854,0.7013914,0.54437715,0.732476,0.6276073,0.5933707,0.59305197,0.6077818,0.8372198,1.2874564,1.8290993,1.9629397,1.6225027,1.2890501,1.4584821,1.3986869,1.1300384,1.4630142,1.2790099,1.4079984,1.2765384,1.0480824,0.9124222,0.05970342,0.005399222,172.26562,215.33203,344.53125,445.01953,0.24133904,366.64185,2.8371837,406188.0,8.412582,109.963295,-0.024329396,0.35037532,0.060124923,22.434578,14.677947,9.8381195,3.792368,3.3879135,-29.698095,10.468333,10.615918,-22.882296,-2.8961506,-9.276151,3.8692925,-4.0723658,-18.494583,0 days 00:01:23.549916583,0 days 00:01:23.589916583
0 days 00:00:00.310000,0 days 00:00:00.350000,answer6  ,169.2693,0.760467,0.06867803,0.037864346,0.30111447,8.22107,0.8129359,1.162975,0.026632989,0.030234316,0.20928733,0.3591241,0.419885,0.6302931,0.9455578,0.9146907,0.8518443,0.79431134,0.76735944,0.6887,0.6628334,0.9468591,1.7522106,2.4811866,2.1685796,1.7071711,1.4960914,1.5693649,1.4064946,1.4941591,1.8849877,1.566338,1.4318504,1.1657703,1.016218,0.9061789,0.1252863,0.012241468,172.26562,301.46484,445.01953,502.4414,0.27899972,414.43774,3.1143322,306062.47,7.878965,106.11655,-0.037030343,0.40207306,0.10590126,25.169558,12.78053,9.907598,2.7199996,-0.08620167,-39.76259,8.624127,19.22561,-17.904255,6.1762605,-7.128628,16.005877,-2.1487591,-22.325907,0 days 00:01:23.559916583,0 days 00:01:23.599916583
0 days 00:00:00.320000,0 days 00:00:00.360000,answer6  ,169.97417,0.772999,0.043119002,0.041251715,0.25969377,9.127461,0.8845391,1.3451885,0.029402196,0.030612245,0.25823766,0.41690412,0.4510251,0.73979443,1.2677461,1.5255734,0.9522519,1.0050136,0.97944546,0.7592271,0.74537927,1.1119527,2.4043143,3.2715256,2.3103905,1.7906337,1.7164813,1.6395448,1.3473262,1.8752464,2.1902573,1.8519392,1.4603882,1.031545,0.96249396,0.91026664,0.14720057,0.015445997,172.26562,301.46484,502.4414,545.5078,0.2429413,446.89767,3.2445285,335394.53,6.746836,78.967636,-0.041746195,0.43140754,0.13301904,25.774347,11.02535,6.8596025,3.511155,-1.8863673,-41.201168,11.257009,25.77857,-16.29337,5.8604035,-12.521472,20.812468,4.0539136,-21.525461,0 days 00:01:23.569916583,0 days 00:01:23.609916583
0 days 00:00:00.330000,0 days 00:00:00.370000,answer6  ,171.85469,0.7778657,0.03220104,0.027232409,0.088003136,10.732076,0.8646131,1.4754095,0.03001044,0.028911566,0.28885278,0.4418029,0.45905557,0.7937217,1.4887604,2.0855951,1.0191618,1.2183415,1.1931392,0.79982615,0.82263106,1.3181757,2.9830542,3.7515993,2.347267,1.8795818,1.869578,1.6817523,1.299158,2.090768,2.2703342,1.9925537,1.4543542,0.9321137,0.9450586,0.9344151,0.1514245,0.013314709,172.26562,301.46484,502.4414,545.5078,0.20323622,421.46542,3.165846,262020.39,7.8550076,111.35433,-0.04278679,0.41652957,0.138727,27.355478,10.952087,5.161965,3.138129,-2.311989,-37.22712,6.678229,24.009842,-15.553219,3.9400856,-13.997233,18.734896,5.464069,-19.881762,0 days 00:01:23.579916583,0 days 00:01:23.619916583
0 days 00:00:00.340000,0 days 00:00:00.380000,answer6  ,173.98216,0.7811222,0.01617708,0.022911003,0.09858181,12.35524,0.79305476,1.488366,0.027557319,0.024943309,0.28748074,0.44193003,0.46326518,0.7916517,1.5479993,2.330813,1.0253168,1.3398861,1.34399,0.81438726,0.86156654,1.4967327,3.1845465,3.583009,2.2050786,1.8976988,1.8661886,1.6642846,1.2996898,2.0442617,2.1485894,1.9366344,1.408742,0.8730171,0.9317964,0.908961,0.11216942,0.007836402,172.26562,215.33203,502.4414,545.5078,0.16656405,386.8694,3.0492737,218126.77,8.375738,123.07609,-0.03637411,0.3883023,0.11542731,28.132378,10.85353,4.4276614,0.45392895,1.9356731,-34.355343,7.550402,19.682594,-12.202661,1.6758548,-14.504447,13.977184,5.780578,-20.940004,0 days 00:01:23.589916583,0 days 00:01:23.629916583
0 days 00:00:00.350000,0 days 00:00:00.390000,answer6  ,175.23991,0.7781892,0.011938102,0.01254816,0.079341345,14.004269,0.70971775,1.3840656,0.024255259,0.020975059,0.26192427,0.42575058,0.46199557,0.72640634,1.4030982,2.191874,0.9859387,1.3405466,1.4077257,0.8425395,0.85408586,1.6076092,2.9464338,2.9423466,1.9896097,1.7714907,1.7204982,1.5638131,1.3047694,1.7924986,1.917285,1.7242293,1.3120204,0.8146772,0.8798282,0.79671365,0.07857175,0.00515308,172.26562,200.97656,459.375,545.5078,0.1435876,363.7318,2.9279387,182100.64,8.770158,138.06396,-0.027363395,0.36791074,0.08583531,29.371689,9.59494,3.7137673,1.0676934,5.9589043,-33.14573,7.54814,14.759953,-9.599124,0.4750924,-12.735763,12.821292,1.4530134,-19.892141,0 days 00:01:23.599916583,0 days 00:01:23.639916583
0 days 00:00:00.360000,0 days 00:00:00.400000,answer6  ,176.0952,0.7669969,0.011284501,0.0143579915,0.11893948,14.410956,0.65712756,1.2351124,0.023127502,0.018707484,0.23354143,0.4066018,0.4605887,0.6638224,1.2081385,1.9088875,0.93242115,1.2240276,1.3818575,0.8831149,0.80953103,1.6444098,2.4788284,2.2698007,1.7186975,1.5342575,1.5461688,1.444136,1.2659218,1.496363,1.6548758,1.5015335,1.2535344,0.75514156,0.7810449,0.6556755,0.06319936,0.0038705517,172.26562,186.6211,401.95312,545.5078,0.101258785,334.93945,2.8448772,155944.48,9.587532,168.01686,-0.02493442,0.34117496,0.07217906,30.268026,11.751381,2.8737714,0.71925324,7.815357,-32.632984,8.776615,9.654896,-6.412903,-3.446298,-17.914932,16.078226,-0.087370634,-18.975653,0 days 00:01:23.609916583,0 days 00:01:23.649916583
0 days 00:00:00.370000,0 days 00:00:00.410000,answer6  ,177.48616,0.7608466,0.005855166,0.010482014,0.08463926,15.280749,0.61839557,1.1004838,0.022906972,0.020975055,0.21669789,0.39066935,0.45547938,0.6321431,1.0214099,1.6204227,0.88679105,1.1204107,1.340896,0.9027171,0.7686829,1.6238823,1.9990824,1.8166269,1.4629778,1.3079783,1.4129677,1.3326756,1.1743888,1.2371892,1.4047457,1.3378057,1.2267624,0.69898325,0.67368,0.5465097,0.051248983,0.002638451,172.26562,172.26562,344.53125,531.15234,0.10335659,296.5007,2.8205492,121931.59,11.222632,235.80823,-0.024880463,0.30564126,0.06759151,32.411556,13.394707,2.2364767,0.4490908,9.018531,-26.644638,9.506226,4.442504,-6.254001,-3.3678596,-20.713472,15.74883,0.14914894,-13.93785,0 days 00:01:23.619916583,0 days 00:01:23.659916583
0 days 00:00:00.380000,0 days 00:00:00.420000,answer6  ,179.32545,0.7631343,0.014882428,0.009575791,0.10028854,16.140488,0.613486,1.00981,0.021321962,0.027777778,0.2072043,0.37722912,0.45142946,0.62426066,0.88610727,1.4073697,0.8888278,1.0712726,1.3124882,0.9156087,0.78646845,1.5865587,1.6048971,1.5109619,1.2641567,1.2058377,1.3480407,1.2649194,1.0673848,1.0637271,1.1961745,1.2197413,1.2207438,0.65942264,0.6033192,0.5109053,0.046710793,0.0025334263,172.26562,186.6211,387.59766,545.5078,0.10569576,306.3804,2.883419,134134.11,11.189841,232.88179,-0.022715082,0.31488386,0.059465636,31.977575,12.767558,-0.89937216,0.115225635,7.259884,-20.527239,11.141263,0.15623052,-4.282912,3.673376,-23.743116,7.489447,-2.4740918,-11.154651,0 days 00:01:23.629916583,0 days 00:01:23.669916583
0 days 00:00:00.390000,0 days 00:00:00.430000,answer6  ,181.59589,0.7745616,0.01819141,0.012642324,0.06575626,15.125936,0.6401804,0.97642595,0.019477377,0.036092214,0.19679986,0.36241147,0.44781294,0.60885566,0.79514456,1.2710428,0.9490611,1.0812045,1.326986,0.93896055,0.9065294,1.5927938,1.3596019,1.264018,1.1477178,1.2506697,1.37776,1.2366089,0.9874926,1.0128036,1.1132058,1.1714331,1.2274837,0.64907914,0.57630473,0.53529054,0.041715592,0.00362223,172.26562,200.97656,459.375,645.9961,0.11024197,353.72562,3.1307619,204156.83,9.571615,176.94295,-0.019526051,0.3541778,0.051606238,30.519712,10.2437725,-3.8888988,-1.747241,10.101352,-18.34495,8.858884,-1.4744596,-5.0440183,12.49322,-30.471045,1.1983547,-1.2845892,-10.486475,0 days 00:01:23.639916583,0 days 00:01:23.679916583
0 days 00:00:00.400000,0 days 00:00:00.440000,answer6  ,183.29793,0.7853337,0.016851759,0.012960884,0.093475364,13.32314,0.69872755,1.0011803,0.019363804,0.042517006,0.17831613,0.33974516,0.43702662,0.5740573,0.7369053,1.20828,1.0667287,1.1286733,1.3699375,1.0368268,1.1522559,1.7202882,1.2978216,1.071981,1.1443312,1.3698783,1.4879284,1.2320768,0.95364505,1.0942445,1.1540715,1.1791383,1.235809,0.65998393,0.5893651,0.6113706,0.044579074,0.0069938633,172.26562,272.7539,531.15234,775.1953,0.11077818,425.81674,3.4438717,263668.88,7.5246983,101.624794,-0.017699854,0.41868988,0.050811563,29.159101,7.919714,-9.601075,-3.7584507,11.803642,-17.07088,3.3628006,-0.44879058,-5.712934,18.195145,-36.088028,-3.240118,-0.55459577,-11.588269,0 days 00:01:23.649916583,0 days 00:01:23.689916583
0 days 00:00:00.410000,0 days 00:00:00.450000,answer6  ,184.02016,0.7863627,0.009437638,0.01267641,0.113491915,11.213449,0.81000924,1.0888146,0.021320805,0.04478458,0.15272768,0.3131881,0.4229631,0.558963,0.71829325,1.2061266,1.2590226,1.2279729,1.3982606,1.228179,1.4421978,2.0096009,1.4338914,0.9576733,1.1925265,1.4770756,1.7100691,1.273718,0.9807854,1.3758343,1.3635201,1.286618,1.2723833,0.69068646,0.6314729,0.7254326,0.05972966,0.013415967,186.6211,373.2422,617.28516,1062.3047,0.10705232,524.5925,3.8166554,367179.84,5.8742213,62.553555,-0.020597452,0.500581,0.065635614,27.694115,5.8049607,-10.972812,-11.069423,14.319184,-20.23318,-4.2248917,3.7091036,-7.916697,19.988886,-43.06714,-5.938005,3.9719975,-13.047107,0 days 00:01:23.659916583,0 days 00:01:23.699916583
0 days 00:00:00.420000,0 days 00:00:00.460000,answer6  ,183.974,0.7846901,0.0062266663,0.008842663,0.12955025,11.342037,0.9117233,1.2195741,0.02378144,0.04516251,0.13638438,0.29759505,0.41610274,0.59333324,0.73264194,1.180895,1.4852138,1.4065384,1.3897952,1.5154244,1.7406706,2.4130328,1.710095,0.9191417,1.2466577,1.513816,1.9979423,1.3623763,1.101942,1.8881973,1.7081271,1.453219,1.2826204,0.7228462,0.6843798,0.8099394,0.060563296,0.024957493,186.6211,373.2422,674.70703,1263.2812,0.15464167,577.33685,3.9244082,441791.62,4.8613515,45.369644,-0.026399583,0.536149,0.08544979,27.703192,3.6112223,-9.477757,-13.032676,21.526114,-17.741005,-9.620261,6.911261,-7.929085,19.227331,-43.214554,-10.759664,8.22234,-11.149873,0 days 00:01:23.669916583,0 days 00:01:23.709916583
0 days 00:00:00.430000,0 days 00:00:00.470000,answer6  ,182.717,0.77971333,0.0046256846,0.0060019377,0.12070953,11.083173,0.97552985,1.3684306,0.024521595,0.045351475,0.12917344,0.2939574,0.41718158,0.62852424,0.740935,1.1041054,1.7286009,1.6364803,1.31739,1.8493532,1.9957749,2.7734509,2.0178194,0.9699369,1.325465,1.5716738,2.351968,1.552248,1.3027918,2.5686467,2.1055412,1.5830374,1.272096,0.7604649,0.74125713,0.8413226,0.046585068,0.030870115,200.97656,473.73047,746.4844,1435.5469,0.17917307,647.1538,3.9011736,531297.8,3.9073513,27.297897,-0.027633086,0.5852161,0.0925439,25.563263,-0.75845504,-5.6355095,-14.449872,22.559649,-13.708434,-8.540252,10.371609,-8.473023,16.52418,-45.766766,-17.062716,8.4975195,-14.960652,0 days 00:01:23.679916583,0 days 00:01:23.719916583
0 days 00:00:00.440000,0 days 00:00:00.480000,answer6  ,181.19415,0.7723132,0.003902241,0.0034822915,0.17333925,11.8742075,0.95896417,1.4854175,0.02316063,0.047052156,0.13275306,0.2974479,0.4184158,0.6331651,0.71029186,0.94699305,1.9037882,1.84414,1.2556486,2.083258,2.2001693,2.86842,2.2305868,1.0921866,1.3913044,1.686402,2.6641273,1.7916851,1.6278883,3.1216812,2.4477568,1.6589893,1.2212993,0.80496454,0.7810715,0.8064213,0.025300609,0.02894673,186.6211,531.15234,760.83984,1378.125,0.18076907,655.45575,3.8595302,544721.7,3.888523,27.786407,-0.025598971,0.5905253,0.08589086,24.844078,-2.0879087,-3.8467407,-13.953786,26.144018,-5.5306697,-4.706283,11.39919,-9.357343,9.276603,-42.64725,-16.295805,7.438704,-12.240401,0 days 00:01:23.689916583,0 days 00:01:23.729916583
0 days 00:00:00.450000,0 days 00:00:00.490000,answer6  ,180.2964,0.7692029,0.0042161806,0.0020632145,0.15033191,11.511918,0.95365095,1.5486387,0.02127453,0.049697656,0.1388182,0.29738417,0.4100417,0.5953829,0.64121026,0.7822633,1.9089761,1.8952907,1.2431737,2.1193388,2.3222945,2.6911328,2.2782009,1.2816225,1.4928722,1.8711363,2.8480022,2.1099443,2.19027,3.2757213,2.538342,1.6728454,1.1977905,0.86785585,0.8189084,0.7757854,0.019137546,0.025161246,186.6211,531.15234,818.2617,1449.9023,0.16314654,708.8499,4.0170484,713012.8,3.638404,24.82546,-0.020362915,0.6166422,0.068711914,21.41056,-3.590688,-0.089232765,-11.801101,21.424059,-1.9064242,-4.804231,9.888345,-7.7105637,1.3484081,-35.93327,-11.566752,-0.8913161,-6.1447525,0 days 00:01:23.699916583,0 days 00:01:23.739916583
0 days 00:00:00.460000,0 days 00:00:00.500000,answer6  ,181.97044,0.7728326,0.0054087634,0.0046828804,0.13602225,10.1365795,0.987657,1.5850314,0.020914018,0.05102041,0.14183807,0.29051957,0.39322147,0.55239856,0.565469,0.66594654,1.7741312,1.7903895,1.3302344,2.0071497,2.402467,2.3491905,2.1440096,1.4952178,1.5990162,2.0262268,2.8513231,2.513652,3.1848495,3.0667598,2.4673533,1.766695,1.2813787,0.93666047,0.85237384,0.7623425,0.017455796,0.032936186,172.26562,531.15234,976.1719,1435.5469,0.1700251,782.26447,4.2419477,896629.3,3.3112535,20.67917,-0.019791571,0.65809184,0.06306722,19.525742,-3.4250634,1.7988815,-15.500905,27.983809,1.6164832,-4.935561,5.1933064,-5.7344437,-4.2582135,-27.478815,-5.4780927,-12.348828,1.0713285,0 days 00:01:23.709916583,0 days 00:01:23.749916583
0 days 00:00:00.470000,0 days 00:00:00.510000,answer6  ,185.03712,0.7866149,0.008405718,0.004865094,0.09896964,7.5814195,1.0607586,1.6272587,0.024015,0.049697656,0.14417522,0.28560713,0.38368678,0.5230704,0.52096015,0.63336843,1.5899963,1.6201092,1.4837275,1.9370967,2.5425255,2.117201,1.9690567,1.6743978,1.6862065,2.0316546,2.6803913,2.925605,4.562941,2.7255783,2.2765186,1.9153694,1.4592444,0.9771119,0.8872792,0.7558412,0.021641186,0.051334817,186.6211,545.5078,1091.0156,1464.2578,0.1987343,816.3696,4.3568172,876811.25,3.1905544,22.31539,-0.024627456,0.6861835,0.07694003,19.79605,-5.3033643,0.26254335,-16.742655,30.657532,3.1512063,-9.053378,5.2706733,-0.5228781,-7.084955,-24.328482,-4.360632,-21.660906,0.10471392,0 days 00:01:23.719916583,0 days 00:01:23.759916583
0 days 00:00:00.480000,0 days 00:00:00.520000,answer6  ,188.04143,0.7925827,0.012634958,0.01255513,0.12907349,6.861239,1.1620069,1.6882964,0.029319426,0.044217687,0.14086165,0.28790694,0.39588115,0.50331277,0.51586056,0.68627435,1.5256481,1.5577887,1.6481229,2.0923874,2.791236,2.0686138,1.8587456,1.8071228,1.7560912,1.8981203,2.4802,3.2873878,5.645439,2.449135,2.1560357,2.0712717,1.6721025,0.9648314,0.9054324,0.7298984,0.03028808,0.07943671,200.97656,717.77344,1162.793,1349.4141,0.22146815,812.9118,4.292464,668000.56,3.4385016,27.912842,-0.03716887,0.7094595,0.11864707,22.624495,-6.9838448,-5.337766,-21.133936,34.683117,2.027048,-7.3398643,3.3325365,-0.7481704,-7.4645534,-27.58399,-3.8841066,-28.138636,-3.8027313,0 days 00:01:23.729916583,0 days 00:01:23.769916583
0 days 00:00:00.490000,0 days 00:00:00.530000,answer6  ,189.20833,0.7893796,0.012752474,0.015165615,0.14396359,8.039707,1.2273294,1.7233229,0.034013152,0.035525322,0.14007843,0.30493382,0.43949035,0.5098149,0.5644892,0.7584087,1.582097,1.6591043,1.8216344,2.4703307,3.08406,2.1726673,1.8161454,1.8407745,1.7419459,1.6641911,2.2677965,3.3415802,5.882872,2.2435405,2.0943124,2.1740036,1.7588581,0.8981857,0.89341813,0.6816631,0.04917567,0.10428468,200.97656,602.9297,1076.6602,1320.7031,0.2315027,713.9842,4.0899887,452856.97,3.871479,35.023907,-0.05295675,0.64804417,0.16497703,25.899172,-6.015261,-7.2023335,-20.702848,36.861427,1.0589284,-11.577838,1.4702104,-6.0465717,-6.274159,-29.757736,-1.9784851,-25.423285,-2.2644062,0 days 00:01:23.739916583,0 days 00:01:23.779916583
0 days 00:00:00.500000,0 days 00:00:00.540000,answer6  ,188.94926,0.77848285,0.008713258,0.015383061,0.08819128,11.323888,1.1881286,1.6932203,0.034772977,0.02834467,0.13908558,0.3312513,0.50573707,0.55782133,0.66525054,0.7971542,1.6174145,1.7756352,1.9287876,2.8133926,3.185695,2.2743115,1.7300028,1.7656349,1.6834248,1.4720446,2.1215115,3.1488426,5.212846,2.1107142,2.05951,2.1420877,1.6747488,0.8066115,0.86029047,0.6439239,0.06348362,0.09634932,186.6211,430.66406,890.03906,1248.9258,0.23264788,613.6073,3.779938,394171.38,4.1880317,39.499836,-0.0573789,0.5645947,0.16792576,27.50202,-3.0474098,-4.9881034,-22.255896,37.189297,2.1259046,-16.080067,-5.783161,-15.2815275,-1.804746,-30.337637,-1.2840704,-21.030312,-1.8708787,0 days 00:01:23.749916583,0 days 00:01:23.789916583
0 days 00:00:00.510000,0 days 00:00:00.550000,answer6  ,188.37407,0.7604952,0.0055630147,0.0085098585,0.08671742,12.730843,1.0237027,1.5733895,0.03181218,0.025132276,0.14311601,0.3591948,0.57001024,0.6398422,0.7798457,0.77028054,1.5190686,1.7324587,1.8969579,2.810688,2.9549506,2.1739466,1.4828345,1.5579491,1.5293269,1.3429896,1.9927858,2.7602015,4.229587,2.0352433,2.0015533,1.9917306,1.4743115,0.7338514,0.80976695,0.6156381,0.06757151,0.061894063,172.26562,258.39844,588.5742,976.1719,0.2112288,467.64792,3.3123608,312387.25,5.982369,79.68118,-0.051995534,0.44043458,0.13795696,28.286493,2.9884436,0.11300802,-21.310625,33.621517,4.1280417,-19.306019,-8.479509,-16.418417,1.7325841,-27.412888,-4.4795127,-14.178421,-2.7859218,0 days 00:01:23.759916583,0 days 00:01:23.799916583
0 days 00:00:00.520000,0 days 00:00:00.560000,answer6  ,188.23425,0.7307656,0.00615331,0.0036671592,0.12030754,13.4207535,0.80894923,1.368524,0.02672181,0.02702192,0.14623417,0.37309578,0.6029282,0.69715923,0.84271103,0.71387845,1.2947319,1.5018668,1.6365347,2.313758,2.376261,1.8495101,1.1725335,1.3018438,1.332292,1.2479944,1.8549314,2.3402715,3.2855475,1.9349442,1.8231775,1.6791526,1.2289146,0.70021266,0.75070316,0.58043355,0.055167213,0.020234898,172.26562,215.33203,330.17578,789.5508,0.18814796,357.34927,2.911073,206681.61,8.236496,138.43285,-0.036418054,0.35097268,0.083002865,28.872534,7.138572,3.8478405,-19.502184,23.882935,-0.20148563,-14.339049,-4.848141,-11.714085,-2.7376356,-28.001625,-9.761336,-10.803483,-6.106514,0 days 00:01:23.769916583,0 days 00:01:23.809916583
0 days 00:00:00.530000,0 days 00:00:00.570000,answer6  ,188.48872,0.70536786,0.008616866,0.0046998006,0.19000536,12.621449,0.6316673,1.1290963,0.02016421,0.032123964,0.14212178,0.3462356,0.5658125,0.65480447,0.7892099,0.64588636,1.0464336,1.1943375,1.2727106,1.632545,1.712633,1.3976073,0.9035392,1.0849788,1.1480088,1.1630715,1.7137526,1.9674689,2.4634,1.7132173,1.5353113,1.3189389,1.0328863,0.7128485,0.6769789,0.52176595,0.032147087,0.0050009075,186.6211,229.6875,459.375,832.6172,0.21422517,420.19638,3.2363498,370282.84,8.5274725,140.36183,-0.021333264,0.39791068,0.045275193,26.388025,5.9083886,4.4807925,-14.012446,18.41036,0.6978772,-3.9440448,-4.748915,-4.96346,-5.838825,-24.290308,-7.7899365,-8.310443,-7.740415,0 days 00:01:23.779916583,0 days 00:01:23.819916583
0 days 00:00:00.540000,0 days 00:00:00.580000,answer6  ,188.25194,0.6960198,0.042144507,0.041581135,0.30505556,8.99326,0.5277755,0.91741043,0.014081321,0.036659107,0.13143453,0.2908438,0.47948095,0.535744,0.64583343,0.5874059,0.8414097,0.92662257,0.9621346,1.0687377,1.1842816,1.0269259,0.76063937,0.9711445,1.0329399,1.088304,1.5484552,1.6534382,1.8105005,1.4250911,1.2018188,1.0088996,0.8611786,0.75261825,0.6039756,0.4528136,0.014806948,0.002648998,186.6211,229.6875,502.4414,976.1719,0.18779159,457.55453,3.4494016,477248.6,8.089058,120.78992,-0.009958048,0.42564774,0.019925393,24.848604,3.2119188,4.7599363,-10.068688,16.511744,1.8216201,-0.11340475,-2.42003,-4.5034633,-6.845245,-19.973822,-8.958159,-7.9605756,-12.622897,0 days 00:01:23.789916583,0 days 00:01:23.829916583
0 days 00:00:00.550000,0 days 00:00:00.590000,answer6  ,188.8587,0.68976927,0.106606334,0.04240222,0.40111938,5.2435474,0.48717812,0.78444624,0.01010234,0.038170826,0.11651487,0.22684045,0.37675616,0.40651035,0.48411855,0.53150994,0.679918,0.7134004,0.80475163,0.78636765,0.90775913,0.8165813,0.7061183,0.9350051,0.99391276,1.1012454,1.4589405,1.4681349,1.4066505,1.2018391,0.95227957,0.8092398,0.7400977,0.80197954,0.5561498,0.41298142,0.0056895264,0.0028280504,186.6211,229.6875,545.5078,1062.3047,0.15336706,514.3907,3.709748,691502.56,6.8141,74.47646,-0.0038224899,0.4629375,0.008719433,21.84729,1.1840879,5.208797,-6.503385,14.37131,8.076434,-2.7719219,-5.5187125,-4.2997475,-0.49148417,-16.74407,-11.573678,-4.485818,-13.999925,0 days 00:01:23.799916583,0 days 00:01:23.839916583
0 days 00:00:00.560000,0 days 00:00:00.600000,answer6  ,198.99861,0.7031569,0.107763134,0.0630174,0.378135,2.6776772,0.51072043,0.7411475,0.009603682,0.034769464,0.105706036,0.1887166,0.3098841,0.34022823,0.37338877,0.49800012,0.5627731,0.5464836,0.7301752,0.6704771,0.8214291,0.7352138,0.6829981,0.92506415,0.96996355,1.2087221,1.4547709,1.4468492,1.3502733,1.2027454,0.8588807,0.7295343,0.68055654,0.893639,0.55838233,0.42497972,0.006752245,0.0033751924,172.26562,215.33203,387.59766,1837.5,0.07813969,584.6275,3.5124729,1.1855569e+06,5.9471107,61.212467,-0.004293275,0.47921863,0.009675101,18.271791,4.9399514,11.408723,-8.372909,14.342334,7.0073934,-13.863926,-5.1771493,-1.6507839,-2.45078,-13.236785,-18.56679,-6.5037026,-13.754424,0 days 00:01:23.809916583,0 days 00:01:23.849916583
0 days 00:00:00.570000,0 days 00:00:00.610000,answer6  ,212.7332,0.7187353,0.18287341,0.07999387,0.3424851,3.9030287,0.56154734,0.77106196,0.01436874,0.028533638,0.096932374,0.18346304,0.2993248,0.34309372,0.35035387,0.48654124,0.5048457,0.4424509,0.66354704,0.62871474,0.8238483,0.7271414,0.66780573,0.92130965,0.9573414,1.3851227,1.4901806,1.5560308,1.5955597,1.4020295,0.91463107,0.7321667,0.716747,1.0578275,0.6135151,0.4870868,0.016330803,0.003902688,172.26562,215.33203,344.53125,1665.2344,0.1181478,563.07367,3.203373,1.1891069e+06,6.0463395,60.45138,-0.0085636275,0.45915285,0.019994287,15.858897,8.544197,13.68253,-9.572955,12.195508,2.248068,-20.047777,-11.306084,-2.9946811,-5.4886975,-10.951577,-22.97135,-8.807697,-9.542598,0 days 00:01:23.819916583,0 days 00:01:23.859916583
0 days 00:00:00.580000,0 days 00:00:00.620000,answer6  ,228.19629,0.76253396,0.13254498,0.12810998,0.29470524,5.8543715,0.66737014,0.8424206,0.025901413,0.021352986,0.08895207,0.20769162,0.3560953,0.40163532,0.44469026,0.51354307,0.5152411,0.40998843,0.6145199,0.65190583,0.8415491,0.74584216,0.6707576,0.9179327,0.99597687,1.5498616,1.5073172,1.6816674,2.0148137,1.6524314,1.023413,0.7681384,0.83785886,1.2463585,0.68796045,0.5567916,0.119980514,0.00444961,186.6211,215.33203,315.8203,1492.9688,0.2665305,501.4139,2.8609374,948013.06,10.035605,255.50732,-0.037080664,0.42147335,0.08946147,20.049156,10.446973,12.113729,-14.888614,6.686331,-4.6802144,-24.421747,-15.307675,-9.636797,-12.744227,-5.563692,-26.454157,-13.662307,-10.804528,0 days 00:01:23.829916583,0 days 00:01:23.869916583
0 days 00:00:00.590000,0 days 00:00:00.630000,answer6  ,235.56868,0.78905106,0.1444754,0.11338208,0.351956,7.852459,0.8121033,0.91744757,0.040286783,0.015117158,0.08168104,0.26117533,0.49857736,0.51733536,0.70616674,0.6324057,0.64487535,0.49511957,0.6601364,0.7578594,0.8565847,0.783066,0.6935331,0.9275072,1.1196572,1.6404243,1.4212322,1.6816889,2.2875254,1.7425078,1.081872,0.7863781,0.93580765,1.3251756,0.7299685,0.5853744,0.31894925,0.00538938,200.97656,229.6875,301.46484,473.73047,0.35564864,325.3804,2.487951,206699.98,14.701175,524.4111,-0.08259214,0.33079302,0.20461391,29.746817,10.348171,3.6874688,-19.995064,-3.198527,-8.583369,-20.072977,-17.82689,-19.069878,-13.399516,-8.750873,-28.78431,-15.251434,-10.457999,0 days 00:01:23.839916583,0 days 00:01:23.879916583
0 days 00:00:00.600000,0 days 00:00:00.640000,answer6  ,240.60016,0.80390435,0.03999919,0.06403584,0.24494213,12.045331,0.93340826,0.974569,0.051585894,0.011904761,0.075444065,0.32763848,0.71197397,0.6926239,1.1376319,0.8958888,0.9379015,0.75656587,0.89976674,0.9706989,0.90379924,0.8099702,0.714844,0.93455267,1.2488228,1.6182691,1.2584294,1.5388246,2.1882484,1.5606071,1.0071555,0.754463,0.92165756,1.2077919,0.7082121,0.5570091,0.567301,0.009547531,215.33203,244.04297,330.17578,559.8633,0.3663942,321.07602,2.5456583,52061.637,14.809639,594.9788,-0.13063909,0.34225884,0.32827345,38.71036,9.93953,-5.7035832,-28.878418,-9.036142,-6.249327,-18.200018,-19.581205,-24.223902,-17.93023,-12.099189,-24.702118,-20.878878,-11.699608,0 days 00:01:23.849916583,0 days 00:01:23.889916583
0 days 00:00:00.610000,0 days 00:00:00.650000,answer6  ,242.51282,0.80475235,0.026553296,0.01727586,0.15911965,15.7726145,0.9688819,1.0124959,0.054998305,0.010959939,0.07233185,0.38207468,0.9275386,0.89120346,1.5440474,1.2763557,1.341353,1.1785039,1.2856475,1.2025496,0.96890765,0.8152938,0.7219894,0.9473569,1.2940729,1.4803553,1.072087,1.3823754,1.8391322,1.2365836,0.85543424,0.6969455,0.8021632,0.9776702,0.63637394,0.49654463,0.67627066,0.011157516,215.33203,258.39844,344.53125,631.6406,0.25332043,334.02942,2.5663345,47183.418,12.632355,585.2896,-0.14838217,0.35614416,0.36877203,42.364853,9.264194,-9.972802,-31.114204,-11.118051,-4.467939,-15.519409,-19.18961,-24.620737,-22.460953,-17.69623,-19.531057,-24.94523,-11.674107,0 days 00:01:23.859916583,0 days 00:01:23.899916583
0 days 00:00:00.620000,0 days 00:00:00.660000,answer6  ,241.54529,0.78549457,0.013119335,0.010492948,0.075280406,17.852613,0.89182085,1.0125022,0.0506551,0.010959939,0.07142226,0.39802837,1.0448498,1.0355263,1.7297363,1.5537359,1.6614012,1.576321,1.581922,1.3334899,1.0045884,0.77220774,0.6983595,0.96516633,1.2306157,1.2821312,0.90823054,1.2935311,1.4556586,0.94489306,0.7038843,0.6485384,0.6719006,0.76745325,0.55135334,0.44011378,0.60416335,0.009623383,215.33203,258.39844,301.46484,631.6406,0.23812823,332.41733,2.531829,42849.67,12.029187,558.613,-0.12726602,0.35515025,0.31639406,43.2997,10.234171,-9.387159,-32.00428,-12.039059,-5.699608,-14.480275,-17.531872,-26.080887,-26.626875,-16.15584,-16.109331,-28.360214,-10.957577,0 days 00:01:23.869916583,0 days 00:01:23.909916583
0 days 00:00:00.630000,0 days 00:00:00.670000,answer6  ,240.61551,0.7504533,0.008684262,0.006436971,0.08140725,-21.44488,0.737504,0.9510949,0.04061525,0.011526833,0.07308766,0.37523952,1.018382,1.0498819,1.5972037,1.5639563,1.716443,1.7251772,1.5743861,1.2630783,0.9447747,0.7078841,0.6542986,0.948217,1.1143411,1.0750362,0.8020859,1.217887,1.2096602,0.7815378,0.60165006,0.6089147,0.5841915,0.64376646,0.48123613,0.3961544,0.38982514,0.004321831,215.33203,258.39844,287.10938,559.8633,0.25518864,314.63315,2.4404736,40941.625,16.41037,828.5467,-0.08514517,0.33707318,0.20203088,42.39239,12.025708,-5.3176374,-27.013765,-11.565387,-6.0033937,-11.466081,-12.337169,-21.815712,-24.333649,-19.682077,-20.85173,-22.53717,-6.7235827,0 days 00:01:23.879916583,0 days 00:01:23.919916583
0 days 00:00:00.640000,0 days 00:00:00.680000,answer6  ,0.0,0.7103078,0.0,0.0,0.0,-60.8962,0.5484131,0.8296328,0.027602455,0.012282691,0.07536543,0.32609513,0.8642178,0.9202675,1.2618445,1.2724203,1.4607664,1.5180534,1.29922,1.0454627,0.8106751,0.6346768,0.5986096,0.9086542,1.0198164,0.9253011,0.74017215,1.0917975,1.0460149,0.71031666,0.547027,0.5689588,0.5336241,0.5805684,0.44043723,0.3700901,0.1804979,0.0014584246,215.33203,244.04297,272.7539,473.73047,0.31179664,305.13608,2.42847,65540.81,17.965034,791.1352,-0.039206162,0.32406262,0.09229209,37.79237,11.860157,-2.2429028,-19.64633,-7.362369,-3.0076191,-10.544904,-11.080399,-25.550394,-22.940104,-15.590346,-18.791475,-19.81507,-6.828379,0 days 00:01:23.889916583,0 days 00:01:23.929916583
0 days 00:00:00.650000,0 days 00:00:00.690000,answer6  ,0.0,0.6872303,0.0,0.0,0.0,-100.0,0.40937117,0.69117194,0.017206678,0.013605442,0.07878458,0.26522726,0.6661178,0.7328388,0.8957394,0.89582324,1.0627819,1.104214,0.97420424,0.8059475,0.67200494,0.5782451,0.55753744,0.84443253,0.9449651,0.8265228,0.6969006,0.9134361,0.9212392,0.67565566,0.5074121,0.5247893,0.4978938,0.5432913,0.42904377,0.35542202,0.05884093,0.00073806685,229.6875,244.04297,272.7539,430.66406,0.24281079,299.82578,2.451328,87585.73,18.747036,713.07227,-0.014876836,0.31646216,0.03136868,33.89161,11.037686,-0.3565856,-7.557923,-1.6116606,-3.2679436,-12.954112,-11.823043,-23.950943,-18.492311,-10.438272,-15.1358385,-14.203907,-6.065087,0 days 00:01:23.899916583,0 days 00:01:23.939916583
0 days 00:00:00.660000,0 days 00:00:00.700000,answer6  ,0.0,0.6880006,0.0,0.0,0.0,-100.0,0.3456811,0.58464605,0.011493939,0.015684051,0.08096697,0.20588255,0.48716426,0.5650161,0.6071568,0.5915706,0.707511,0.712735,0.7518091,0.6322217,0.5604434,0.53819686,0.5558942,0.82623625,0.8988264,0.78278446,0.6631994,0.7793004,0.82270527,0.6493221,0.48617402,0.49318814,0.47997844,0.5213127,0.4461544,0.35504723,0.022058701,0.0005821404,229.6875,244.04297,287.10938,416.3086,0.1675696,302.7581,2.5825102,96512.56,18.19384,575.5971,-0.0050615133,0.31907228,0.011507965,30.989792,10.177287,1.7951703,-3.0016162,-3.8670616,-6.8606725,-11.912112,-9.039026,-26.426424,-21.74676,-7.2561727,-8.355749,-13.142982,-8.389106,0 days 00:01:23.909916583,0 days 00:01:23.949916583
0 days 00:00:00.670000,0 days 00:00:00.710000,answer6  ,0.0,0.6912628,0.0,0.0,0.0,-100.0,0.34674993,0.53043616,0.009755514,0.017384732,0.08360132,0.157575,0.37317744,0.47804618,0.46776858,0.44776002,0.50220686,0.48122647,0.62532026,0.5416162,0.4786872,0.5084093,0.59119827,0.8589961,0.8754861,0.7740755,0.63255996,0.7203124,0.75819826,0.6322406,0.4777638,0.4881734,0.4824507,0.5155073,0.47628248,0.3627007,0.025393764,0.00044176154,244.04297,272.7539,358.88672,459.375,0.09200543,330.97104,2.8798978,88646.875,17.897684,563.5922,-0.00466909,0.3512449,0.012351122,31.585577,11.813945,1.6177713,-5.0119877,-9.782783,-12.247784,-10.275722,-4.8874373,-20.85465,-18.618158,-4.7415214,-3.8320322,-7.683424,-5.477014,0 days 00:01:23.919916583,0 days 00:01:23.959916583
0 days 00:00:00.680000,0 days 00:00:00.720000,answer6  ,0.0,0.6906174,0.0,0.0,0.0,-100.0,0.35209203,0.522597,0.009177421,0.020408163,0.09155524,0.13272727,0.32033002,0.45442483,0.44346917,0.42705092,0.4333264,0.42349792,0.55190223,0.50431424,0.42056903,0.49739996,0.64159244,0.90569305,0.8713498,0.80082303,0.6325182,0.7133176,0.73126847,0.62997836,0.4877495,0.50365704,0.5146156,0.53777665,0.52821684,0.38839734,0.023899853,0.00039014596,229.6875,272.7539,358.88672,488.08594,0.08771649,334.7203,3.1122806,128139.56,16.204119,463.20425,-0.004588997,0.3526062,0.009543999,30.634338,14.686172,0.15867837,-3.5860932,-11.913358,-8.772275,-7.2620006,-3.432617,-19.30065,-17.42531,-3.742402,-2.807452,-5.703642,-5.1212583,0 days 00:01:23.929916583,0 days 00:01:23.969916583
0 days 00:00:00.690000,0 days 00:00:00.730000,answer6  ,0.0,0.6818637,0.0,0.0,0.0,-100.0,0.33623934,0.5365944,0.008610279,0.023431594,0.10188865,0.12125513,0.2947899,0.45227817,0.4665475,0.45807472,0.41939488,0.42997327,0.51515037,0.5257861,0.41074547,0.48067233,0.67517,0.9486831,0.8805693,0.83629304,0.65901154,0.71947116,0.73524266,0.6495775,0.5073075,0.517225,0.55804557,0.5761563,0.5890243,0.42312083,0.017936738,0.0005327601,229.6875,272.7539,373.2422,502.4414,0.08575907,352.4751,3.2919729,163020.62,13.895737,323.9942,-0.0033345434,0.36702916,0.0075594275,29.993464,13.485967,-1.3165325,0.06583524,-9.186926,-6.0172687,-10.5365305,-7.134985,-19.115404,-10.278701,7.9451528,-2.918986,-7.28413,-7.742691,0 days 00:01:23.939916583,0 days 00:01:23.979916583
0 days 00:00:00.700000,0 days 00:00:00.740000,answer6  ,0.0,0.6746071,0.0,0.0,0.0,-100.0,0.3231224,0.5542391,0.0081448555,0.029478459,0.11578513,0.12126464,0.28528604,0.4514409,0.47418252,0.4883398,0.40490273,0.42580745,0.48448226,0.5813101,0.46191207,0.48980856,0.7032059,0.9657459,0.8911767,0.8741062,0.69314295,0.7221249,0.7354736,0.6901705,0.5280342,0.51401013,0.5940108,0.6122073,0.64345324,0.45883092,0.017077526,0.0005501625,215.33203,258.39844,315.8203,445.01953,0.081809975,320.919,3.070488,157447.98,14.441666,340.281,-0.0034382928,0.33371028,0.0076818797,29.831884,13.022885,1.4847866,7.126135,-4.7302213,-5.684798,-15.532144,-7.1627526,-17.957357,-6.727768,6.763308,-7.9982963,-8.435672,-9.545791,0 days 00:01:23.949916583,0 days 00:01:23.989916583
0 days 00:00:00.710000,0 days 00:00:00.750000,answer6  ,0.0,0.6649093,0.0,0.0,0.0,-100.0,0.3287427,0.57110864,0.008275754,0.037414968,0.12707977,0.126505,0.28163037,0.43360725,0.43739727,0.48213768,0.38448343,0.40134618,0.48178533,0.6618293,0.5604386,0.5353156,0.7501804,0.9952342,0.9307242,0.92385006,0.7143731,0.7153565,0.7321374,0.7594466,0.5622888,0.5052399,0.6043704,0.6188535,0.65682226,0.46639135,0.015048857,0.0010039071,215.33203,258.39844,301.46484,602.9297,0.083088316,338.52832,3.0523078,163532.56,13.317695,323.1174,-0.0031646322,0.34638262,0.009040237,30.712526,7.965323,1.4321795,6.6468797,3.371093,-6.004907,-12.145149,-4.514305,-22.436808,-4.8552766,5.5855713,-12.555546,-6.2203307,-8.643433,0 days 00:01:23.959916583,0 days 00:01:23.999916583
0 days 00:00:00.720000,0 days 00:00:00.760000,answer6  ,0.0,0.645678,0.0,0.0,0.0,-100.0,0.39469817,0.61408657,0.009637046,0.04346183,0.13162114,0.13280465,0.2880267,0.41202387,0.39179063,0.46045455,0.38215742,0.39996803,0.5097304,0.7539299,0.7075274,0.6726087,0.862734,1.0328649,1.0169302,1.0222207,0.75267655,0.74089736,0.75548404,0.8964717,0.67717093,0.56467575,0.6293829,0.6315847,0.6644044,0.47610965,0.015861146,0.0022964422,215.33203,258.39844,430.66406,875.6836,0.0844011,443.6543,3.1556594,538913.25,10.760715,241.37526,-0.003608608,0.41898188,0.011815379,26.171448,6.445372,-1.4088567,5.972447,10.970294,-6.952469,-12.756612,-3.779684,-23.819435,-1.9199697,-7.7401886,-16.35435,-2.9385636,-6.342315,0 days 00:01:23.969916583,0 days 00:01:24.009916583
0 days 00:00:00.730000,0 days 00:00:00.770000,answer6  ,0.0,0.6350562,0.0,0.0,0.0,-100.0,0.5572103,0.735387,0.011278574,0.04667422,0.12725629,0.14179167,0.29923126,0.3931634,0.36105946,0.4471556,0.42721978,0.4853908,0.6165847,0.9273834,1.0142277,1.0177771,1.1042856,1.0859017,1.1703229,1.2285485,0.86514026,0.8556079,0.8614829,1.134756,0.9651105,0.8234189,0.7342555,0.7231107,0.76577806,0.5440998,0.01321354,0.025843898,416.3086,602.9297,775.1953,1205.8594,0.12964578,734.5481,3.6993802,776222.25,6.6722484,82.82613,-0.0062818737,0.64604217,0.01627365,21.295675,0.9311026,-11.254349,3.1827176,21.17714,-5.0448337,-15.049248,-9.985368,-22.783564,4.3417163,-15.799416,-19.950203,-2.8462818,-6.2549443,0 days 00:01:23.979916583,0 days 00:01:24.019916583
0 days 00:00:00.740000,0 days 00:00:00.780000,answer6  ,0.0,0.6775524,0.0,0.0,0.0,-65.23659,0.62299305,0.9357536,0.012659647,0.044406652,0.11521486,0.14692678,0.2962583,0.3867011,0.3721024,0.45149812,0.5133908,0.6312508,0.7919929,1.175425,1.5493673,1.5696102,1.4599977,1.1640881,1.3622996,1.4700581,1.0586338,1.0616531,1.0442473,1.4502615,1.4246597,1.3090311,0.9136505,0.92002773,1.0125645,0.6786801,0.011917603,0.029132776,459.375,818.2617,1134.082,1363.7695,0.16421871,935.1318,4.2240834,1.0382117e+06,5.2859645,45.41725,-0.006450593,0.8022139,0.015349577,17.853823,-0.3295233,-15.175534,2.0834196,22.256433,-8.687469,-21.606333,-9.630755,-16.858725,7.250265,-20.440054,-18.850325,1.3739923,-6.247677,0 days 00:01:23.989916583,0 days 00:01:24.029916583
0 days 00:00:00.750000,0 days 00:00:00.790000,answer6  ,295.472,0.7538805,0.0,0.0,0.2898653,-32.22724,0.76174116,1.1773205,0.018669529,0.040627364,0.1051848,0.15551521,0.29807815,0.42622218,0.42601874,0.5237134,0.646506,0.8496435,1.0439562,1.4408647,2.1689656,2.2559652,1.8533049,1.2934815,1.5898315,1.7267323,1.3134421,1.3260471,1.2195476,1.7721049,1.9659647,1.8595003,1.0696331,1.1450969,1.3048956,0.8301134,0.04970115,0.033905093,473.73047,904.39453,1177.1484,1248.9258,0.26375905,913.80133,4.343996,698598.94,5.9578667,69.414925,-0.01500244,0.80458456,0.033325557,22.488947,-3.764291,-18.41418,-2.7785664,18.224924,-10.570512,-18.269287,-7.424078,-22.50795,8.0846615,-22.248999,-19.827719,6.3555493,-8.095766,0 days 00:01:23.999916583,0 days 00:01:24.039916583
0 days 00:00:00.760000,0 days 00:00:00.800000,answer6  ,294.8102,0.8214753,0.060514703,0.0,0.34645578,1.7077066,0.95480186,1.4064503,0.029197456,0.037792895,0.09875157,0.16026331,0.30726779,0.5224367,0.49147925,0.7047227,0.8574693,1.2094884,1.5127312,1.692078,2.6140263,2.8644187,2.1601293,1.53783,1.9358383,1.9825802,1.5138737,1.5183535,1.3387532,2.0818565,2.4522135,2.2154777,1.12635,1.2978134,1.4604915,0.9110117,0.09160272,0.033942886,488.08594,775.1953,1033.5938,1119.7266,0.38183117,818.3261,3.9319956,502293.1,7.068052,100.83258,-0.043237343,0.7517545,0.1490273,24.107718,-7.347969,-22.02156,-10.956932,11.816684,-12.725662,-9.584236,0.5693136,-36.074997,1.5679461,-20.04399,-21.948156,9.357689,-6.4732566,0 days 00:01:24.009916583,0 days 00:01:24.049916583
0 days 00:00:00.770000,0 days 00:00:00.810000,answer6  ,293.56357,0.8327294,0.04382095,0.08593649,0.21997027,4.646899,1.2431406,1.6334614,0.042048085,0.03911564,0.098451674,0.15980591,0.34589222,0.66563874,0.5426788,1.012607,1.1310314,1.8482304,2.304734,1.9125713,2.692768,3.2614079,2.3783634,1.907125,2.4394891,2.2741783,1.7122641,1.6332831,1.4408373,2.466007,2.9477031,2.4161756,1.1173218,1.3515702,1.4534688,0.95638865,0.12517521,0.05399407,660.35156,760.83984,890.03906,961.8164,0.41832212,792.8825,3.2137368,230443.77,8.038716,122.142426,-0.082342714,0.755213,0.30294108,24.535364,-11.479039,-25.823832,-19.575323,10.3562975,-10.785359,-2.6494849,4.6525807,-47.064056,0.01617376,-26.676416,-19.456263,11.667468,-6.1182365,0 days 00:01:24.019916583,0 days 00:01:24.059916583
0 days 00:00:00.780000,0 days 00:00:00.820000,answer6  ,289.43613,0.8065164,0.04030394,0.05940104,0.18111247,9.584336,1.3861085,1.9038218,0.046735223,0.042894933,0.10677358,0.15610111,0.40306148,0.8094001,0.55477303,1.3969663,1.4066569,2.8120015,3.460912,2.2564912,2.6069348,3.474741,2.5881665,2.3077247,2.9840803,2.6389854,2.004405,1.7115836,1.641797,3.0006158,3.5374038,2.6595232,1.1650659,1.3906735,1.4062918,1.0182387,0.13095333,0.06392799,846.97266,875.6836,904.39453,961.8164,0.3748738,870.6216,2.9188879,209352.83,7.8815913,116.836174,-0.10649862,0.8248377,0.4006786,22.557266,-11.236598,-26.077438,-21.634413,15.001248,-5.0677185,2.1587746,7.1239457,-48.016266,-2.1691198,-25.576975,-14.73203,16.595793,-5.0803123,0 days 00:01:24.029916583,0 days 00:01:24.069916583
0 days 00:00:00.790000,0 days 00:00:00.830000,answer6  ,284.8986,0.7627601,0.0072596087,0.008806436,0.095292516,11.353485,1.2411965,2.0858212,0.040244967,0.044028718,0.121438585,0.15193175,0.4501071,0.88464886,0.53758305,1.5881459,1.5077796,3.3958442,4.1031566,2.524479,2.4384272,3.4169648,2.8337507,2.4650345,3.1437674,2.8483775,2.4020798,1.7993265,1.9259933,3.519925,4.0235076,2.8908074,1.2917967,1.4296669,1.4279853,1.1088219,0.11328417,0.052337218,660.35156,760.83984,933.10547,1091.0156,0.3983548,831.4356,3.2515519,363332.72,6.41708,79.82255,-0.0809088,0.7736446,0.30002704,21.67631,-7.931186,-20.151514,-18.171972,17.631054,-1.9261945,-5.724563,3.9052417,-41.653427,-0.6631436,-28.981733,-11.666321,19.991709,-9.232503,0 days 00:01:24.039916583,0 days 00:01:24.079916583
0 days 00:00:00.800000,0 days 00:00:00.840000,answer6  ,282.0322,0.7292338,0.011352292,0.008210832,0.17470378,8.294904,0.99769753,2.0562227,0.02775579,0.041383218,0.13829984,0.15886216,0.46487427,0.83996564,0.5065907,1.5319948,1.393186,3.2638743,3.8177726,2.6049738,2.2313201,3.080468,2.8819828,2.2628822,2.8456173,2.8004415,2.7214787,1.8627056,2.1064212,3.6823518,4.0503488,2.8389237,1.3848702,1.4098072,1.4295174,1.1522655,0.08067891,0.033990357,559.8633,760.83984,1004.8828,1234.5703,0.38635004,855.87695,3.8693984,576960.94,5.3981643,57.14694,-0.042682514,0.7752292,0.15099408,20.605352,-5.5141196,-15.816269,-14.569266,17.635267,3.729359,-8.178033,2.603594,-34.354465,3.3209374,-24.727781,-15.822597,12.719697,-13.092975,0 days 00:01:24.049916583,0 days 00:01:24.089916583
0 days 00:00:00.810000,0 days 00:00:00.850000,answer6  ,281.54166,0.71346813,0.014281739,0.009847452,0.20398349,4.011084,0.77603555,1.784482,0.0191261,0.036470145,0.14824615,0.17533763,0.44561473,0.7302475,0.47246823,1.2476171,1.1399101,2.4673486,2.767741,2.289111,1.8936176,2.5111487,2.6600945,1.8254997,2.2634845,2.4926298,2.7185018,1.8107318,2.0394292,3.335541,3.4984734,2.3805642,1.3558632,1.2937261,1.3344283,1.0991555,0.062444877,0.019211844,373.2422,574.21875,890.03906,1205.8594,0.39725956,727.4012,3.9543521,582305.75,5.973581,71.30593,-0.015049937,0.6599616,0.04400426,22.074545,-2.427677,-11.426166,-8.665339,14.160258,2.3301976,-11.499419,1.7071104,-31.201654,1.907996,-29.103394,-15.9463005,13.955518,-11.016513,0 days 00:01:24.059916583,0 days 00:01:24.099916583
0 days 00:00:00.820000,0 days 00:00:00.860000,answer6  ,282.3755,0.707391,0.0167434,0.013050191,0.2048868,-31.693014,0.6521949,1.4360012,0.017045418,0.033068784,0.15096813,0.19201899,0.42694417,0.63182324,0.4515681,0.94916755,0.8831417,1.7110325,1.782723,1.7793717,1.5067488,1.9597794,2.2060807,1.435825,1.7586794,2.0803068,2.3805702,1.6278582,1.768486,2.6854832,2.71302,1.8376904,1.2017756,1.1191955,1.1436118,0.95216066,0.06911274,0.008273703,358.88672,488.08594,660.35156,933.10547,0.22760463,600.9825,3.3756917,428574.62,8.071618,119.70816,-0.013798521,0.56339103,0.03881308,24.046759,1.3664042,-8.080905,-5.272494,17.120054,-2.1500366,-8.687333,0.46848297,-34.360134,-4.1332307,-25.885374,-13.393054,17.909933,-5.786053,0 days 00:01:24.069916583,0 days 00:01:24.109916583
0 days 00:00:00.830000,0 days 00:00:00.870000,answer6  ,0.0,0.68645424,0.0,0.0,0.0,-66.337036,0.57708734,1.1479139,0.016578821,0.032690857,0.15483074,0.20895849,0.4235802,0.6144076,0.45588326,0.73292804,0.71189547,1.2819514,1.2699469,1.2772915,1.1674663,1.5364326,1.7428594,1.2077024,1.4242977,1.7067317,1.8946565,1.3714944,1.4643534,2.006582,2.0134215,1.4393924,1.0410373,0.9822275,0.95078325,0.7646491,0.07524959,0.003122518,258.39844,301.46484,401.95312,760.83984,0.20178996,413.15146,3.0463593,219549.5,10.101021,175.07849,-0.013760579,0.4174081,0.037259337,27.782646,6.5321655,-5.903191,-3.5447032,13.912572,-7.1024284,-6.049233,-5.824264,-32.453167,-11.962096,-23.56016,-10.331432,19.78383,-3.0150392,0 days 00:01:24.079916583,0 days 00:01:24.119916583
0 days 00:00:00.840000,0 days 00:00:00.880000,answer6  ,0.0,0.6730884,0.0,0.0,0.0,-100.0,0.5017063,0.9476459,0.013371005,0.037226003,0.15793438,0.20735429,0.40707377,0.6231571,0.48821163,0.6169916,0.62579876,1.0372174,1.0143555,0.9281533,0.93398196,1.2461401,1.4135011,1.0739139,1.194566,1.395852,1.4423727,1.1408514,1.25361,1.4984913,1.5349499,1.215129,0.9194929,0.8845145,0.79976016,0.5854176,0.05041757,0.00217689,330.17578,387.59766,430.66406,775.1953,0.16122936,475.3082,3.3257186,238014.92,9.998317,172.34717,-0.0085212095,0.4759134,0.027294837,27.159475,4.8431187,-7.985832,-8.174881,11.174622,-10.540631,-6.1774826,-0.10037867,-20.565836,-6.290155,-13.501003,-10.402133,15.138077,-1.8205072,0 days 00:01:24.089916583,0 days 00:01:24.129916583
0 days 00:00:00.850000,0 days 00:00:00.890000,answer6  ,0.0,0.66155756,0.0,0.0,0.0,-100.0,0.4447002,0.8139982,0.009670828,0.045540437,0.15358938,0.1956933,0.36284587,0.59818476,0.5345348,0.60732025,0.62648374,0.87596416,0.8810563,0.741333,0.7942441,1.0110908,1.144826,0.95666647,1.0590347,1.1836343,1.117382,1.016751,1.1237019,1.1396447,1.209537,1.0391593,0.84352833,0.80390745,0.68234897,0.46149158,0.023168406,0.0012817248,330.17578,387.59766,473.73047,861.3281,0.15547605,488.10812,3.7002814,221116.88,10.163251,187.877,-0.004415237,0.49073207,0.010356284,28.903006,5.379915,-9.325368,-11.615735,2.9329636,-8.158752,-4.750342,0.53465253,-16.328537,-0.3596948,-10.464414,-9.460022,7.8193603,-0.9846616,0 days 00:01:24.099916583,0 days 00:01:24.139916583
0 days 00:00:00.860000,0 days 00:00:00.900000,answer6  ,0.0,0.65540165,0.0,0.0,0.0,-100.0,0.410941,0.73287296,0.0074996836,0.056122452,0.13804914,0.17181848,0.29866642,0.52176464,0.5698365,0.64160603,0.66358966,0.734693,0.7783513,0.63955337,0.72137207,0.8630325,0.9835145,0.8642233,0.9941276,1.0879332,0.9194189,0.99983406,1.0528535,0.9513409,1.0193301,0.89159775,0.78475577,0.72171766,0.6179432,0.42377305,0.01488141,0.0010874303,330.17578,416.3086,645.9961,990.52734,0.13067807,601.45013,4.1110783,632468.5,8.122194,129.76881,-0.0027804824,0.57277006,0.005620975,25.585135,3.9707975,-10.468407,-9.515985,-0.69978285,-7.503189,-8.363965,7.9300876,-18.02369,4.285766,-9.136762,-8.232939,7.4129577,-0.5148471,0 days 00:01:24.109916583,0 days 00:01:24.149916583
0 days 00:00:00.870000,0 days 00:00:00.910000,answer6  ,0.0,0.6473589,0.0,0.0,0.0,-100.0,0.40340695,0.6972647,0.006552135,0.06519275,0.114403605,0.15218009,0.25206316,0.4311963,0.57699203,0.6412691,0.66964453,0.6220928,0.6830309,0.5912733,0.6779888,0.7855461,0.88300484,0.84238285,0.9787162,1.0777329,0.85680723,1.0344801,1.0159355,0.892472,0.9802873,0.8431404,0.75551075,0.68101025,0.62416595,0.465552,0.012481236,0.0010083887,258.39844,344.53125,645.9961,1277.6367,0.09710454,679.30316,4.257916,1.2265039e+06,6.5493603,92.482124,-0.0023227178,0.6005947,0.00402409,21.306038,6.164552,-8.676858,-5.705457,-1.8484749,-11.5701065,-11.369567,0.7607567,-24.943262,2.3431249,-17.965801,-9.430156,6.0977464,-8.500359,0 days 00:01:24.119916583,0 days 00:01:24.159916583
0 days 00:00:00.880000,0 days 00:00:00.920000,answer6  ,0.0,0.6431167,0.0,0.0,0.0,-100.0,0.42353955,0.7155897,0.005950525,0.07048375,0.097406596,0.14748822,0.23481302,0.36504054,0.5519119,0.5962301,0.6394932,0.5419325,0.60891986,0.56783557,0.6631512,0.7800552,0.8851614,0.8869992,0.98005253,1.144575,0.95663947,1.112178,1.0104008,0.911011,1.1079396,0.95331216,0.77940416,0.7601276,0.74592733,0.57732433,0.005194461,0.0014026522,258.39844,445.01953,961.8164,2483.496,0.07699754,992.23236,4.8571,2.3216568e+06,3.5465946,19.35495,-0.0013227398,0.800831,0.0033155868,15.080769,6.689352,-9.530318,-1.0703644,1.5089706,-9.91058,-9.451278,2.6827967,-15.524883,8.407291,-22.846537,-10.392928,9.194047,-16.595892,0 days 00:01:24.129916583,0 days 00:01:24.169916583
0 days 00:00:00.890000,0 days 00:00:00.930000,answer6  ,0.0,0.6511507,0.0,0.0,0.0,-100.0,0.44464025,0.7801273,0.0061121285,0.06689342,0.083510965,0.15225446,0.22928424,0.32924044,0.5202566,0.5318739,0.60763645,0.48967552,0.54433423,0.5590749,0.7051498,0.8541403,0.9844928,0.9575727,0.95202917,1.2609366,1.1803265,1.2562734,1.0562004,0.97759277,1.3621379,1.1891023,0.85526067,1.0001535,0.946352,0.6984484,0.0054340973,0.0018370388,272.7539,459.375,1062.3047,2583.9844,0.0603757,1066.7482,4.8851204,2.548694e+06,3.1091728,14.518231,-0.001423071,0.85038406,0.0035354625,13.286359,6.58668,-9.683529,-2.660433,1.8338934,-12.789016,-13.465253,-5.395779,-6.4539504,5.135124,-29.954649,-14.6767645,13.240491,-20.019325,0 days 00:01:24.139916583,0 days 00:01:24.179916583
0 days 00:00:00.900000,0 days 00:00:00.940000,answer6  ,0.0,0.6854885,0.0,0.0,0.0,-66.20457,0.4416778,0.84747696,0.0062833615,0.05650038,0.08050065,0.16827266,0.22950606,0.3214129,0.508122,0.4914153,0.5986228,0.4705199,0.51425153,0.58332103,0.7873738,0.95276356,1.1118162,0.99315816,0.92309386,1.353282,1.430947,1.4007341,1.0835558,1.0274594,1.5390582,1.3625609,0.9375512,1.31055,1.0912014,0.76335245,0.0054472513,0.0021283394,258.39844,445.01953,1033.5938,2454.7852,0.06314083,979.4627,4.8553653,2.1728735e+06,3.7778568,23.277788,-0.0015605143,0.7955122,0.0034856703,15.570317,6.4555717,-10.130307,2.3968942,3.977935,-8.558875,-12.517509,-7.2728677,-3.6272705,4.2251916,-21.766756,-14.112961,16.292643,-18.083368,0 days 00:01:24.149916583,0 days 00:01:24.189916583
0 days 00:00:00.910000,0 days 00:00:00.950000,answer6  ,311.33234,0.74432963,0.0,0.0,0.0,-34.530533,0.46481216,0.88928485,0.009449102,0.04497354,0.08401384,0.17556734,0.23643725,0.35212123,0.53386974,0.4960842,0.6254495,0.48859987,0.5330623,0.63865274,0.88551164,1.0452068,1.2419944,1.0307449,0.9194018,1.3915864,1.5804437,1.4713439,1.109968,1.0965486,1.4912516,1.3317548,0.9910082,1.50945,1.1017464,0.75958747,0.015836626,0.0025932032,272.7539,358.88672,760.83984,1277.6367,0.08778439,702.40717,4.2881165,1.1597426e+06,5.8731613,59.846493,-0.0030250594,0.62260073,0.008754802,19.026712,3.8097448,-11.489257,-0.12020111,-1.5079265,-12.358398,-18.455519,-8.521373,-8.30642,-4.299443,-15.475352,-14.242726,16.131773,-12.564182,0 days 00:01:24.159916583,0 days 00:01:24.199916583
0 days 00:00:00.920000,0 days 00:00:00.960000,answer6  ,311.26703,0.8066544,0.24677832,0.0,0.40151817,0.23232429,0.6722891,0.9343868,0.018814867,0.037037034,0.093379356,0.18074793,0.27582547,0.46175373,0.6009721,0.58345544,0.7394702,0.5796978,0.6739052,0.7889109,0.9907262,1.1248735,1.4019362,1.1564628,1.0108159,1.4166692,1.7119709,1.4672171,1.1566935,1.2241052,1.307233,1.1561651,1.0141345,1.4959518,0.96866757,0.712317,0.070032194,0.011510392,287.10938,430.66406,689.0625,1076.6602,0.22681975,609.10175,3.8406427,492130.75,6.751868,99.623634,-0.01928278,0.5798507,0.058170173,24.461205,-1.16423,-13.563466,-5.794234,-3.53358,-8.909798,-14.082185,-4.842435,-15.397339,-5.7044883,-13.302623,-10.2727785,14.860387,-13.16747,0 days 00:01:24.169916583,0 days 00:01:24.209916583
0 days 00:00:00.930000,0 days 00:00:00.970000,answer6  ,310.46542,0.83468705,0.17440253,0.09556121,0.3729452,1.8387651,0.98635477,1.0704483,0.03078798,0.03590325,0.10972786,0.17990191,0.3530213,0.6534405,0.6810921,0.83774596,1.0497783,0.7987707,1.0719217,1.099471,1.1860139,1.2834147,1.666368,1.4477959,1.2584642,1.520686,2.0220404,1.5794054,1.3330473,1.5311753,1.2314225,1.0251101,1.049936,1.338036,0.82424563,0.6996202,0.17172313,0.034457844,330.17578,545.5078,818.2617,947.46094,0.2968002,651.091,3.4915264,244172.62,6.5060067,105.36625,-0.048790667,0.6345036,0.18723555,26.718176,-8.233773,-15.692822,-18.643244,-5.3146715,-5.5608616,-16.854233,-1.2287052,-19.443266,-7.379818,-19.691538,-9.69505,11.89857,-12.473453,0 days 00:01:24.179916583,0 days 00:01:24.219916583
0 days 00:00:00.940000,0 days 00:00:00.980000,answer6  ,305.70602,0.8329293,0.06920732,0.07724515,0.3260742,5.5665994,1.2378298,1.3527845,0.037414584,0.036848072,0.11628505,0.17196627,0.45352268,0.8916108,0.74945897,1.2899414,1.6386352,1.1720778,1.8087435,1.5250107,1.56006,1.5788279,2.0109856,1.8791243,1.6482328,1.8403028,2.7524264,2.0146854,1.7623119,2.0673485,1.439496,1.0496024,1.1125607,1.1843377,0.7295247,0.72531396,0.23378748,0.052251548,430.66406,645.9961,933.10547,1047.9492,0.35137543,736.6425,3.5121498,214002.05,5.1807036,80.198875,-0.06596214,0.70776004,0.26007986,25.573378,-16.683252,-16.360212,-29.018417,-9.327928,-0.9595626,-17.946918,-2.2258584,-23.376945,-5.5566993,-24.929415,-13.114708,10.0878935,-13.8569,0 days 00:01:24.189916583,0 days 00:01:24.229916583
0 days 00:00:00.950000,0 days 00:00:00.990000,answer6  ,300.35806,0.8133591,0.029650984,0.040613037,0.31579924,6.2056127,1.2737185,1.6913773,0.036554445,0.041572187,0.116918705,0.16501176,0.53691053,1.0341551,0.7524028,1.7648274,2.266037,1.5964054,2.59694,1.9468247,2.007699,2.0209172,2.3845778,2.2788126,2.0889914,2.2630112,3.6679451,2.670902,2.3474548,2.7179012,1.8161124,1.1622508,1.1981455,1.1095104,0.6984946,0.76664895,0.22233696,0.062615454,516.7969,645.9961,918.75,1234.5703,0.2977042,781.7054,3.6328917,254760.42,4.475638,50.149242,-0.06286876,0.7377333,0.2567301,23.382818,-19.666979,-15.323272,-29.500502,-5.746717,-0.38507628,-20.349787,1.8275007,-18.661781,-8.507823,-28.213324,-19.756699,8.043789,-12.946822,0 days 00:01:24.199916583,0 days 00:01:24.239916583
0 days 00:00:00.960000,0 days 00:00:01,answer6  ,296.08044,0.79432154,0.0051620486,0.004936777,0.087010436,12.814716,1.1567798,1.8824731,0.03222604,0.044595618,0.10779209,0.15841794,0.5740518,1.0328666,0.70723677,1.9428905,2.4464133,1.9339409,3.0219393,2.1604216,2.277795,2.3910613,2.5378995,2.427035,2.298015,2.4912205,4.156634,3.0892437,2.8667023,3.1280317,2.0387971,1.2444962,1.2804629,1.1147138,0.71057844,0.80564255,0.14670508,0.04767732,674.70703,717.77344,904.39453,1220.2148,0.34938762,804.863,3.5159245,241382.25,5.333101,74.12441,-0.050038412,0.7596317,0.18369472,22.895517,-16.235107,-18.73643,-24.93152,-2.4814322,4.4454103,-19.97251,-2.1745825,-20.304855,-16.315903,-26.020563,-17.124075,11.391742,-7.4658656,0 days 00:01:24.209916583,0 days 00:01:24.249916583
0 days 00:00:00.960000,0 days 00:00:01.000997732,answer6  ,295.09253,0.78326386,0.0051961374,0.003925871,0.095555626,11.330083,0.96760875,1.8186536,0.026715761,0.047052156,0.10615178,0.16791487,0.5490907,0.90331,0.64405453,1.7537861,2.102773,2.0366695,2.867859,2.1681426,2.2185106,2.5150046,2.4150543,2.2586744,2.122704,2.3521035,3.9199936,2.986029,2.9656346,2.9888122,1.932537,1.2418293,1.3479716,1.1725192,0.7246769,0.8231861,0.08253307,0.035684485,602.9297,775.1953,961.8164,1234.5703,0.40166068,822.7181,3.8114836,285061.25,5.8605323,82.445015,-0.03399039,0.7726225,0.11353499,23.858366,-9.703298,-20.776022,-17.100554,5.835457,7.8785872,-18.022749,-5.6788445,-11.68645,-16.532602,-24.010302,-10.042581,12.107403,-6.6214843,0 days 00:01:24.209916583,0 days 00:01:24.250914315
0 days 00:00:00,0 days 00:00:00.040000,answer7 ,0.0,0.64783186,0.0,0.0,0.0,-100.0,0.29198858,0.98834115,0.0041476986,0.02985639,0.12921618,0.27204838,0.41952792,0.5544473,0.66972893,0.76589614,0.84702843,0.9178292,0.9822495,1.0430994,1.1020993,1.1600702,1.2171308,1.2728368,1.3262117,1.3755809,1.4180565,1.4484811,1.4578775,1.432704,1.3587462,1.2323397,1.069155,0.8959276,0.7342484,0.5943311,0.0039607896,0.00059007644,229.6875,373.2422,574.21875,976.1719,0.01898632,513.0468,4.1813354,306850.78,7.600851,108.13038,-0.00084358134,0.501761,0.0017070794,27.983728,-0.32757998,-1.4445499,-9.433417,0.50274915,-17.031794,-0.6124193,-3.296139,-20.034744,-0.26287857,-7.110967,3.6496723,-2.5879393,-10.677447,0 days 00:01:33.560226894,0 days 00:01:33.600226894
0 days 00:00:00.010000,0 days 00:00:00.050000,answer7 ,0.0,0.65479994,0.0,0.0,0.0,-100.0,0.29681638,0.98834115,0.004334235,0.027777778,0.12921618,0.27204838,0.41952792,0.5544473,0.66972893,0.76589614,0.84702843,0.9178292,0.9822495,1.0430994,1.1020993,1.1600702,1.2171308,1.2728368,1.3262117,1.3755809,1.4180565,1.4484811,1.4578775,1.432704,1.3587462,1.2323397,1.069155,0.8959276,0.7342484,0.5943311,0.0036180334,0.00058590795,186.6211,358.88672,531.15234,947.46094,0.03721278,482.83936,4.14947,307608.4,7.44533,108.03068,-0.00094684045,0.46989557,0.0021101327,29.001785,-0.5618863,-0.70694304,-4.4321094,3.4909532,-15.072206,-1.0003409,-0.6755083,-12.096372,-1.144574,-8.237216,4.207846,1.0214506,-5.250481,0 days 00:01:33.570226894,0 days 00:01:33.610226894
0 days 00:00:00.020000,0 days 00:00:00.060000,answer7 ,0.0,0.66103405,0.0,0.0,0.0,-100.0,0.2871907,0.98834115,0.0044789053,0.026832955,0.12921618,0.27204838,0.41952792,0.5544473,0.66972893,0.76589614,0.84702843,0.9178292,0.9822495,1.0430994,1.1020993,1.1600702,1.2171308,1.2728368,1.3262117,1.3755809,1.4180565,1.4484811,1.4578775,1.432704,1.3587462,1.2323397,1.069155,0.8959276,0.7342484,0.5943311,0.0026924068,0.00046859324,157.91016,315.8203,516.7969,904.39453,0.053132016,448.79422,4.1049423,319182.84,7.649353,114.83268,-0.0009051719,0.43423024,0.0023003016,29.175972,-0.15714288,0.81372356,-0.3657869,2.6833332,-9.820335,0.3509027,3.2954395,-4.9296846,-1.5040141,-7.9169145,3.2357566,3.8407414,-1.6398641,0 days 00:01:33.580226894,0 days 00:01:33.620226894
0 days 00:00:00.030000,0 days 00:00:00.070000,answer7 ,0.0,0.65733,0.0,0.0,0.0,-100.0,0.2769969,0.98834115,0.004399818,0.02834467,0.12921618,0.27204838,0.41952792,0.5544473,0.66972893,0.76589614,0.84702843,0.9178292,0.9822495,1.0430994,1.1020993,1.1600702,1.2171308,1.2728368,1.3262117,1.3755809,1.4180565,1.4484811,1.4578775,1.432704,1.3587462,1.2323397,1.069155,0.8959276,0.7342484,0.5943311,0.0027239453,0.00038834193,157.91016,287.10938,502.4414,846.97266,0.046753693,417.83044,4.1377535,282567.1,8.512241,137.54393,-0.00091486005,0.41020635,0.0021637718,29.748114,2.6132371,0.15084119,0.43368268,0.5936962,-6.691791,3.5778816,5.0529804,-2.7828064,-2.9754345,-2.838892,1.8511311,4.368234,-4.6264377,0 days 00:01:33.590226894,0 days 00:01:33.630226894
0 days 00:00:00.040000,0 days 00:00:00.080000,answer7 ,0.0,0.6512671,0.0,0.0,0.0,-100.0,0.25287843,0.97269124,0.0038646671,0.031746034,0.12861013,0.2644184,0.4097837,0.5219075,0.6336774,0.7481101,0.8375952,0.93851596,0.97544193,1.0393882,1.0583028,1.092315,1.1803193,1.2580508,1.3045212,1.3588446,1.4031887,1.4339844,1.4534106,1.4221476,1.3427025,1.1725606,1.0619756,0.901987,0.74741787,0.60079354,0.0015720105,0.0002720517,186.6211,416.3086,645.9961,890.03906,0.04417483,502.66064,4.2608614,390518.75,8.220494,124.32885,-0.0006151253,0.48022804,0.0014382297,26.926949,1.3647156,-0.097514786,-1.9979472,-1.1049815,0.45794424,7.6705914,9.249545,-7.5437284,-7.6505127,-3.4128199,-2.0422852,1.859743,-6.686264,0 days 00:01:33.600226894,0 days 00:01:33.640226894
0 days 00:00:00.050000,0 days 00:00:00.090000,answer7 ,0.0,0.6472034,0.0,0.0,0.0,-100.0,0.25604075,0.9489724,0.0036319606,0.035525322,0.12352756,0.250689,0.40383115,0.4871534,0.5785449,0.7165778,0.84056884,0.96308714,0.96461415,1.0362741,0.97156334,0.9783592,1.1061822,1.2386013,1.2779438,1.3490586,1.3481535,1.3891944,1.4874293,1.423288,1.3401626,1.0872551,1.0385742,0.90811944,0.7614977,0.60303175,0.0023774176,0.00026168698,200.97656,445.01953,617.28516,875.6836,0.048481625,504.4991,4.266705,365545.38,8.993957,146.58727,-0.00070156297,0.48710775,0.0011792918,27.754145,2.553153,-0.24919714,-4.355108,-1.1693754,-2.1695998,7.4011345,9.364536,-13.836621,-12.237274,-0.81978065,-5.2884445,1.7344718,-5.577547,0 days 00:01:33.610226894,0 days 00:01:33.650226894
0 days 00:00:00.060000,0 days 00:00:00.100000,answer7 ,0.0,0.64787865,0.0,0.0,0.0,-100.0,0.24950458,0.92414427,0.0036075395,0.040060468,0.11635845,0.23279367,0.40089455,0.4689057,0.52409595,0.66752046,0.8376791,0.982539,0.9378205,1.0330558,0.8756513,0.85513496,1.028734,1.2370192,1.2417579,1.3757082,1.277861,1.3273678,1.543231,1.4375635,1.3396553,0.99436545,1.0005507,0.91081494,0.77663016,0.6040438,0.0021587128,0.0002529579,215.33203,473.73047,588.5742,890.03906,0.05018772,526.8672,4.338717,425902.84,8.585534,130.48305,-0.0005957105,0.50369394,0.00094046374,26.983994,1.4743611,0.82259846,-2.6240418,-3.7233102,-1.242318,5.022487,8.24263,-17.045511,-11.570556,-1.0003656,-3.7649338,5.7847695,-2.7125893,0 days 00:01:33.620226894,0 days 00:01:33.660226894
0 days 00:00:00.070000,0 days 00:00:00.110000,answer7 ,0.0,0.6518609,0.0,0.0,0.0,-100.0,0.2559649,0.9206597,0.0036001701,0.041950118,0.1114557,0.21873267,0.40270174,0.487214,0.52912956,0.6187508,0.82099885,0.96710044,0.89350814,1.0283955,0.83918476,0.82952046,0.9721721,1.2710595,1.2271272,1.4568754,1.2412657,1.2894005,1.6246978,1.494226,1.3660494,0.96859807,0.9692697,0.9175072,0.78861237,0.60359764,0.0024385508,0.00027949395,186.6211,344.53125,473.73047,933.10547,0.043946955,479.4644,4.3434796,459120.62,8.509737,127.15341,-0.0006331495,0.45745873,0.00090480194,26.856771,2.9650412,3.0942829,-1.7232603,-3.3280003,-5.682363,0.038250208,5.344726,-13.489109,-6.340431,4.4045053,-5.7494245,8.625543,-0.4857178,0 days 00:01:33.630226894,0 days 00:01:33.670226894
0 days 00:00:00.080000,0 days 00:00:00.120000,answer7 ,0.0,0.6504623,0.0,0.0,0.0,-100.0,0.25750074,0.94049186,0.0037477529,0.043839756,0.11556182,0.2145748,0.4055142,0.5372829,0.5770881,0.6002173,0.7644107,0.9110009,0.81309867,1.0432776,0.8900156,0.8822589,0.94380945,1.2962292,1.2514896,1.5502577,1.3061002,1.3248099,1.6804508,1.5774933,1.4041872,0.9785535,0.9980705,0.956177,0.81573915,0.6151186,0.0022635688,0.00034927364,172.26562,330.17578,445.01953,875.6836,0.04156067,480.00244,4.195532,532424.8,7.7592735,95.76459,-0.0005890545,0.4512352,0.0012463594,24.500275,2.588032,5.7014403,1.2931131,-2.2191067,-3.2481792,-3.791653,-1.4931421,-8.246224,-0.52174693,5.4627395,-6.3124413,6.888678,-0.14550711,0 days 00:01:33.640226894,0 days 00:01:33.680226894
0 days 00:00:00.090000,0 days 00:00:00.130000,answer7 ,0.0,0.64538515,0.0,0.0,0.0,-100.0,0.28684887,0.9911788,0.0038919256,0.045729402,0.11792574,0.20882763,0.3967836,0.58628094,0.6241872,0.59773797,0.7031501,0.85281855,0.7462434,1.1155585,1.0295948,0.9760475,0.93383336,1.3069147,1.3382636,1.6298021,1.4920102,1.4936353,1.7740237,1.6882683,1.4805549,1.0289143,1.092516,1.0240036,0.8750515,0.6577018,0.003317407,0.00058761233,215.33203,344.53125,488.08594,990.52734,0.045297164,523.2387,4.0001454,562674.8,7.3469124,86.433586,-0.000739895,0.48945484,0.0019618291,22.695679,0.6631384,3.1376593,-1.7435671,-2.3264878,-2.5137331,-8.987981,-7.722992,-9.72885,-0.24965954,6.9900727,-4.35027,4.059242,1.7734289,0 days 00:01:33.650226894,0 days 00:01:33.690226894
0 days 00:00:00.100000,0 days 00:00:00.140000,answer7 ,0.0,0.6370402,0.0,0.0,0.0,-100.0,0.30175963,1.0673155,0.003934276,0.049886618,0.11565707,0.20593245,0.38978902,0.63437504,0.64636,0.6174671,0.67401665,0.8133974,0.7383644,1.28272,1.2139816,1.0501848,0.97067076,1.3142604,1.4488564,1.6737953,1.6999773,1.7585135,1.8889055,1.8244597,1.6129856,1.1240431,1.2461381,1.1045669,0.9667174,0.7340643,0.0032284863,0.00073741865,244.04297,387.59766,660.35156,1177.1484,0.053939734,617.35693,4.1532464,777290.7,6.7473774,74.58144,-0.00074283784,0.55933166,0.0020604578,20.9802,0.098237924,0.91288155,-1.9728059,-1.9406376,0.075171314,-10.416364,-9.378047,-13.524052,-0.54699767,5.6289735,-0.26901546,0.8470719,-3.0945225,0 days 00:01:33.660226894,0 days 00:01:33.700226894
0 days 00:00:00.110000,0 days 00:00:00.150000,answer7 ,0.0,0.6356412,0.0,0.0,0.0,-100.0,0.32370114,1.1604074,0.003745731,0.05291005,0.10468008,0.19980036,0.37971902,0.64094657,0.64421695,0.6285179,0.6979633,0.8357274,0.81457853,1.4914618,1.3690687,1.0820111,1.0486958,1.3517586,1.5322257,1.7283632,1.8904972,2.103549,2.0080752,1.9807614,1.8255564,1.2719892,1.4056487,1.1683253,1.1040864,0.86236924,0.0024752775,0.0008778577,272.7539,459.375,832.6172,1564.7461,0.04737671,769.52,4.6629505,1.108815e+06,5.123579,44.54587,-0.00064388005,0.6696799,0.0016165893,17.996574,-0.7158628,-2.5764005,-6.537163,-2.6470277,2.7172241,-9.409297,-5.247705,-16.81894,-1.1690774,0.7963975,1.0091004,0.32808122,-6.822352,0 days 00:01:33.670226894,0 days 00:01:33.710226894
0 days 00:00:00.120000,0 days 00:00:00.160000,answer7 ,0.0,0.6415315,0.0,0.0,0.0,-100.0,0.4019203,1.3012921,0.00879642,0.05536659,0.10108713,0.21204944,0.38440385,0.6231343,0.6722405,0.67334896,0.77289563,0.900532,0.93018913,1.6057,1.4320468,1.1011225,1.1334486,1.4438742,1.589801,1.8305758,2.0650024,2.535313,2.2234933,2.386131,2.354398,1.5699784,1.623067,1.293012,1.3214345,1.055314,0.004191496,0.0015163905,215.33203,459.375,875.6836,2512.207,0.06799617,937.9328,4.9811645,1.7987046e+06,3.498726,21.35446,-0.0014209271,0.7436847,0.0030722094,14.574871,5.521856,3.9229844,-9.819797,0.8736274,1.3602376,-6.1251683,3.766817,-14.680392,4.009692,0.4406968,-0.096191525,2.2634113,-10.693581,0 days 00:01:33.680226894,0 days 00:01:33.720226894
0 days 00:00:00.130000,0 days 00:00:00.170000,answer7 ,0.0,0.6500561,0.0,0.0,0.0,-100.0,0.68817973,1.5978698,0.016926466,0.055744518,0.12315228,0.27673164,0.4495236,0.6593952,0.8241222,0.8492017,0.9107442,1.0103459,1.0339266,1.5903554,1.4262203,1.163871,1.2798144,1.6844692,1.8779793,2.1376622,2.4572325,3.312116,2.7412112,3.2763348,3.4978707,2.2033956,2.0329788,1.6306902,1.7081265,1.3871411,0.08810543,0.009204952,200.97656,430.66406,689.0625,2124.6094,0.22669668,847.5726,4.6093035,1.6110334e+06,3.3922002,18.542177,-0.020836068,0.67284006,0.040388208,13.517193,11.223789,13.438054,-10.743957,-7.4646153,-7.135113,-5.121341,8.627421,-14.226353,5.642364,2.4683285,1.238442,1.3163693,-10.44825,0 days 00:01:33.690226894,0 days 00:01:33.730226894
0 days 00:00:00.140000,0 days 00:00:00.180000,answer7 ,0.0,0.6801465,0.0,0.0,0.0,-65.601585,0.9262313,2.1452587,0.026483506,0.054799695,0.18848239,0.43012872,0.6252737,0.83795136,1.1802076,1.2505093,1.1550117,1.1993083,1.1584178,1.5179195,1.4115256,1.3143547,1.561719,2.186117,2.6261027,2.6785583,3.1241157,4.540421,3.7897873,4.8479977,5.3825645,3.3677285,2.810346,2.405751,2.2962275,1.8901939,0.118181325,0.013275434,172.26562,315.8203,516.7969,1722.6562,0.32192466,714.4567,4.024321,1.4610989e+06,3.6702502,20.64427,-0.03711717,0.56232065,0.07246856,13.130371,17.451073,19.734987,-9.473309,-7.779083,-14.160537,0.386137,15.748294,-13.1343,0.52825165,7.3842773,2.5021136,0.49301234,-11.698728,0 days 00:01:33.700226894,0 days 00:01:33.740226894
0 days 00:00:00.150000,0 days 00:00:00.190000,answer7 ,172.97668,0.7165904,0.0,0.0,0.0,-29.803473,1.1702806,2.9037142,0.03269606,0.05706727,0.29934612,0.697145,0.9114902,1.1349034,1.6567411,1.8753861,1.5271468,1.5434548,1.4220009,1.544231,1.4573375,1.5580059,2.1059287,3.0349786,3.8735845,3.4649942,3.9261618,5.9728208,5.1984115,6.744167,7.5651917,4.877001,3.924446,3.6448193,3.0250442,2.5118177,0.13892965,0.02073913,172.26562,244.04297,488.08594,689.0625,0.37855113,549.55664,3.7067845,969308.0,4.2826104,24.895508,-0.055475652,0.47005248,0.12561077,14.4987335,16.701864,16.799612,-6.45136,-9.226733,-12.9447975,9.939736,19.723814,-14.359085,-7.7693543,6.582443,1.8622365,-0.3852407,-13.041355,0 days 00:01:33.710226894,0 days 00:01:33.750226894
0 days 00:00:00.160000,0 days 00:00:00.200000,answer7 ,174.6524,0.75763696,0.0,0.0,0.41873226,6.9752917,1.3027385,3.6120565,0.036645252,0.060279667,0.39897442,0.9661134,1.2059429,1.413447,2.032298,2.484537,2.0728128,2.186107,1.993961,1.7223772,1.5873836,1.8056053,2.857913,4.1456933,5.2140636,4.187863,4.485153,7.0081253,6.23807,8.106481,9.002441,6.035025,5.0364013,4.989556,3.672345,3.0647748,0.11206468,0.03076913,186.6211,287.10938,617.28516,1091.0156,0.32270083,627.8084,3.886727,1.0661512e+06,4.140076,24.235039,-0.063952245,0.5342149,0.18015178,14.925031,14.896947,8.489526,-9.068511,-7.1813126,-9.191115,18.873236,23.713984,-18.727892,-18.58044,4.696005,0.92757124,1.3928355,-13.554334,0 days 00:01:33.720226894,0 days 00:01:33.760226894
0 days 00:00:00.170000,0 days 00:00:00.210000,answer7 ,177.82361,0.7686405,0.043215945,0.0,0.3792533,8.285572,1.4284196,4.0242534,0.03773131,0.06386999,0.4282994,1.0977899,1.3283591,1.5094919,2.0490208,2.733722,2.6181972,3.0137517,2.8909957,1.9342638,1.7579813,1.9941978,3.7262332,5.161906,5.831246,4.6261544,4.5526814,7.2457733,6.5174575,8.681937,9.343158,6.4468555,5.7787337,5.9021363,4.0604234,3.3998091,0.09689992,0.050402176,200.97656,516.7969,1076.6602,1693.9453,0.35037383,858.164,4.2570496,1.3855266e+06,3.5009358,19.099558,-0.062358458,0.7066367,0.20296897,13.305606,10.334522,2.5434558,-8.913346,-7.706764,-7.804844,20.40235,27.96499,-23.016779,-26.966242,-1.2517223,3.382241,5.377373,-14.047233,0 days 00:01:33.730226894,0 days 00:01:33.770226894
0 days 00:00:00.180000,0 days 00:00:00.220000,answer7 ,180.43372,0.76858443,0.035677,0.028851166,0.23582429,8.468196,1.4453263,4.106108,0.035719607,0.06368103,0.3697387,1.0348816,1.2772534,1.4365506,1.8031225,2.5654442,3.103039,3.8157978,3.8282015,2.0794141,1.9601485,2.1549902,4.5574756,5.8029304,5.6411514,4.7277265,4.2664404,6.9473033,6.1619706,8.608521,8.780175,6.1860833,5.881584,6.109396,4.1497555,3.509719,0.08004724,0.05518505,373.2422,703.41797,1162.793,2081.543,0.3449545,1012.79987,4.440375,1.5207906e+06,3.2477248,17.146002,-0.057189632,0.8320234,0.19491749,11.555516,7.3500514,-3.0988023,-11.265807,-5.3702164,-8.356898,16.539862,30.40048,-24.319841,-34.58432,-8.795996,-1.0925096,5.6813354,-13.545497,0 days 00:01:33.740226894,0 days 00:01:33.780226894
0 days 00:00:00.190000,0 days 00:00:00.230000,answer7 ,181.33675,0.75453687,0.009682583,0.021526357,0.14645748,7.3801885,1.3603729,3.9163215,0.032668218,0.058012098,0.28103194,0.8755962,1.1314224,1.2863628,1.4639025,2.148244,3.347779,4.1695447,4.2824955,2.1303844,2.1343145,2.3439376,5.051995,5.737925,4.786448,4.5367846,3.7506113,6.0557847,5.7505784,8.327682,7.914805,5.8074493,5.4456162,5.66647,3.9740353,3.4231622,0.04183458,0.04713211,373.2422,760.83984,1134.082,1966.6992,0.31425917,1016.2928,4.374511,1.5794985e+06,3.249363,17.044199,-0.044833183,0.8328249,0.15305685,11.535993,6.3964133,-6.1619906,-10.112134,1.7361193,-8.310235,11.302653,31.50058,-25.5671,-29.916525,-13.876658,-8.580678,5.7716613,-9.748237,0 days 00:01:33.750226894,0 days 00:01:33.790226894
0 days 00:00:00.200000,0 days 00:00:00.240000,answer7 ,181.60316,0.7151378,0.012703292,0.011887453,0.069538526,-28.328508,1.1956443,3.524657,0.028258437,0.048563868,0.21723324,0.7366411,1.011768,1.1045009,1.231073,1.7887821,3.3495862,4.013635,4.0055976,2.140649,2.2387657,2.5352309,4.8887925,4.966553,3.8911865,4.1970706,3.152336,4.9071646,5.353414,7.5768085,6.829315,5.3835196,4.5876694,4.8870835,3.5590394,3.0876577,0.03827377,0.025864333,358.88672,645.9961,803.90625,1464.2578,0.2673994,850.7048,4.159866,1.2372464e+06,3.9372118,23.952423,-0.037626855,0.72627157,0.12195883,14.070446,7.9264627,-7.7320366,-12.639519,4.2728977,-7.125446,11.741837,30.25416,-21.253504,-21.421148,-10.974626,-17.44692,2.5324924,-7.7684073,0 days 00:01:33.760226894,0 days 00:01:33.800226894
0 days 00:00:00.210000,0 days 00:00:00.250000,answer7 ,0.0,0.68656486,0.0,0.0,0.0,-64.30924,0.9723224,2.9426043,0.022044726,0.03930461,0.19151002,0.6316612,0.92066646,0.9278782,1.0656275,1.5310296,3.0288296,3.4360688,3.2572105,2.064038,2.2097156,2.5155122,4.061004,3.8123312,3.0515983,3.6097472,2.4847326,3.5753872,4.7560163,6.2389336,5.4637523,4.7089834,3.578333,3.9527712,2.9247894,2.5095809,0.035261568,0.014025785,200.97656,545.5078,789.5508,1191.5039,0.26363817,734.99927,4.2247143,1.0741901e+06,4.3567414,28.525162,-0.025632918,0.6420747,0.079031564,16.495453,9.448031,-6.017624,-9.3489065,5.6887283,-6.235836,11.22733,27.596138,-19.361155,-18.906118,-5.5958686,-15.435967,2.2922604,-6.320596,0 days 00:01:33.770226894,0 days 00:01:33.810226894
0 days 00:00:00.220000,0 days 00:00:00.260000,answer7 ,0.0,0.659663,0.0,0.0,0.0,-100.0,0.715378,2.288924,0.016086927,0.035336357,0.18666957,0.5466148,0.81826,0.7499247,0.9340606,1.355558,2.4017656,2.6385925,2.4398758,1.8479118,2.0141425,2.2215493,2.9846284,2.7047586,2.3644817,2.9122791,1.9078017,2.590315,3.8789175,4.549152,4.048429,3.7387295,2.6273239,3.0333269,2.2024233,1.8145341,0.019575285,0.0046751006,186.6211,373.2422,645.9961,918.75,0.22312127,591.5803,3.831813,802612.06,5.5152984,47.524952,-0.012339786,0.52996725,0.034396082,18.42038,10.158219,-2.0705268,-6.99997,6.475798,-5.2144527,10.46346,21.10029,-11.699904,-15.947197,-0.6107545,-11.9863,-0.14409406,-10.565707,0 days 00:01:33.780226894,0 days 00:01:33.820226894
0 days 00:00:00.230000,0 days 00:00:00.270000,answer7 ,0.0,0.6590007,0.0,0.0,0.0,-100.0,0.56491226,1.7112523,0.011921972,0.03930461,0.18221526,0.46106067,0.70903164,0.62078285,0.8116186,1.2082149,1.689002,1.8379205,1.7628603,1.5213734,1.7115957,1.7922312,2.132727,1.9970437,1.8316823,2.2117326,1.5226661,1.9980721,2.9088461,3.0999277,2.8527946,2.693628,1.9048179,2.2378886,1.5646877,1.2281396,0.012754881,0.0025714326,186.6211,287.10938,574.21875,818.2617,0.172069,526.69476,3.8133724,685453.7,5.798675,52.281204,-0.006089341,0.4755009,0.012811471,19.361378,9.686156,2.6796122,-1.826035,6.3373857,-10.200717,3.5914905,17.720287,-8.44219,-11.609256,0.8014781,-8.503551,0.6887708,-14.216752,0 days 00:01:33.790226894,0 days 00:01:33.830226894
0 days 00:00:00.240000,0 days 00:00:00.280000,answer7 ,0.0,0.6427205,0.0,0.0,0.0,-100.0,0.47913447,1.2900143,0.009351734,0.04535147,0.16560774,0.3775684,0.58591306,0.52902514,0.7119977,1.0849417,1.1060032,1.1885003,1.2383579,1.2243363,1.4066229,1.4247903,1.621954,1.6030446,1.440945,1.6682316,1.3092688,1.6397508,2.0974073,2.1224334,2.0694845,1.9408497,1.4457203,1.6060625,1.1025422,0.82901365,0.010340104,0.0016122675,244.04297,330.17578,531.15234,1004.8828,0.12347149,554.1104,3.8841317,655917.6,5.7101345,51.632782,-0.004251582,0.50070816,0.009437173,19.528732,7.7784944,2.5769026,-5.118838,4.163826,-17.98652,2.8172581,14.722684,-5.04054,-3.7442772,2.0794158,-3.9784381,-2.7444127,-17.589571,0 days 00:01:33.800226894,0 days 00:01:33.840226894
0 days 00:00:00.250000,0 days 00:00:00.290000,answer7 ,0.0,0.63366306,0.0,0.0,0.0,-100.0,0.42425528,1.0322032,0.0066869133,0.049697656,0.13850828,0.2942868,0.4580344,0.4418691,0.63572675,0.99468917,0.8057434,0.8100602,0.86061984,1.0294281,1.1720232,1.1993836,1.3453093,1.3971852,1.1841838,1.3358036,1.1911858,1.4101328,1.5820907,1.640823,1.638291,1.51254,1.1664978,1.1818162,0.8107775,0.60027295,0.007716579,0.0013611895,244.04297,459.375,645.9961,1406.8359,0.090621024,700.35596,4.432565,868002.25,4.472337,32.681797,-0.0021526434,0.6134034,0.0043465314,17.582363,4.103975,1.8366205,-7.462054,2.9928992,-19.15837,3.4696019,22.830217,-0.8172722,0.84283257,4.244024,-4.885359,-4.2191563,-16.757545,0 days 00:01:33.810226894,0 days 00:01:33.850226894
0 days 00:00:00.260000,0 days 00:00:00.300000,answer7 ,0.0,0.63738513,0.0,0.0,0.0,-100.0,0.3900856,0.8920682,0.0047605783,0.047619045,0.109568484,0.22165914,0.3466681,0.37537587,0.57149535,0.88734215,0.70830566,0.6411577,0.66140026,0.9232778,1.0385016,1.0641019,1.2460998,1.3303576,1.0654535,1.1746553,1.119656,1.2401141,1.345517,1.4081188,1.4006246,1.2927495,0.9923174,0.9086351,0.6385631,0.48206127,0.0033347874,0.0014828515,258.39844,574.21875,1047.9492,1808.7891,0.07326802,847.61176,4.758134,985152.75,3.5816667,23.902107,-0.0010324614,0.71840554,0.0027440058,17.106108,-1.2719889,0.7849641,-7.4592705,1.2735418,-18.717829,4.2734265,23.715546,-3.154667,-5.1548104,2.982989,-4.175488,-4.1871514,-13.837307,0 days 00:01:33.820226894,0 days 00:01:33.860226894
0 days 00:00:00.270000,0 days 00:00:00.310000,answer7 ,0.0,0.65158314,0.0,0.0,0.0,-100.0,0.35653636,0.80827945,0.004307097,0.040438395,0.091077246,0.17593391,0.26898715,0.33188745,0.505624,0.7450778,0.6832013,0.57582754,0.55326533,0.8710747,0.9585852,0.96370333,1.2117007,1.2709048,1.0188397,1.1040406,1.0780123,1.1249567,1.2657762,1.2898432,1.2319044,1.1212492,0.87275666,0.7504507,0.5328203,0.41776744,0.0024895333,0.0012941861,186.6211,502.4414,933.10547,1607.8125,0.051994186,761.9809,4.6254597,909503.8,3.8461564,27.910131,-0.00086933485,0.6447134,0.002122152,17.77136,-0.67751664,4.881986,-3.3321733,3.553172,-14.51406,0.8701146,20.771597,-5.5421653,-6.869288,2.5436008,-6.3664804,-0.5745842,-9.344148,0 days 00:01:33.830226894,0 days 00:01:33.870226894
0 days 00:00:00.280000,0 days 00:00:00.320000,answer7 ,0.0,0.6627922,0.0,0.0,0.0,-100.0,0.34437117,0.755452,0.0045494917,0.033068784,0.0844165,0.15985774,0.24690254,0.34079194,0.44022608,0.58589906,0.6409127,0.5590549,0.51940066,0.83491045,0.9246626,0.90474916,1.2169822,1.2235717,0.991533,1.0800833,1.0839748,1.0373497,1.2103208,1.1917745,1.0960171,0.9705408,0.7846241,0.6581547,0.47227335,0.38276792,0.0022825403,0.001203616,186.6211,387.59766,846.97266,1320.7031,0.051290795,645.06903,4.387648,735533.0,4.542055,39.140186,-0.0009693971,0.5536169,0.0022977905,20.031378,0.33276215,5.6169333,1.0226535,5.474054,-14.398818,1.2971689,11.777222,-12.577633,-10.712509,-4.561752,-3.424639,3.5899982,-9.992404,0 days 00:01:33.840226894,0 days 00:01:33.880226894
0 days 00:00:00.290000,0 days 00:00:00.330000,answer7 ,0.0,0.6617251,0.0,0.0,0.0,-100.0,0.31596282,0.7116613,0.004835744,0.03174603,0.086030014,0.16274725,0.27144918,0.39916432,0.4100429,0.47969916,0.5690267,0.55578476,0.5243933,0.82013065,0.9373057,0.87488276,1.1443387,1.1047391,0.9323626,1.0299541,1.1114508,0.9467163,1.1048554,1.0642987,0.9784379,0.86983204,0.7351637,0.5958512,0.43833277,0.35620114,0.0036803016,0.0006223266,200.97656,287.10938,416.3086,933.10547,0.056379575,483.18762,4.033561,534129.2,6.473718,73.00084,-0.0010322169,0.44509792,0.0021718722,22.297249,3.923217,3.5079327,-0.3191932,7.4735274,-13.165642,-2.7918785,0.9031957,-11.029827,-5.85623,-5.3725085,-4.0933075,4.207924,-7.0184746,0 days 00:01:33.850226894,0 days 00:01:33.890226894
0 days 00:00:00.300000,0 days 00:00:00.340000,answer7 ,0.0,0.65001583,0.0,0.0,0.0,-100.0,0.3014194,0.67453957,0.0047147223,0.037226003,0.090238206,0.16842866,0.31959885,0.4583042,0.4115018,0.43858257,0.4986061,0.54845244,0.54272795,0.7984236,0.9711506,0.88381743,1.024486,0.96896863,0.85890514,0.964861,1.1095654,0.86115026,0.98083806,0.93443805,0.8744603,0.8141919,0.7071166,0.55231476,0.4209082,0.33599007,0.0038336895,0.00055857847,229.6875,272.7539,416.3086,846.97266,0.055019718,455.28268,3.8846276,459440.72,7.459057,92.71274,-0.0009924936,0.42972147,0.0021556804,23.531618,3.0777855,2.7164905,1.3343797,6.5205016,-14.752071,-4.9184256,-1.549789,-10.495136,-8.433558,-6.648233,-5.1644645,2.7033594,-4.2495775,0 days 00:01:33.860226894,0 days 00:01:33.900226894
0 days 00:00:00.310000,0 days 00:00:00.350000,answer7 ,0.0,0.66128093,0.0,0.0,0.0,-100.0,0.3138902,0.65795493,0.004353298,0.044406652,0.091160536,0.16186626,0.3591865,0.49585167,0.43618703,0.43622327,0.4826781,0.553107,0.5878209,0.778454,1.0219184,0.9321782,0.90911055,0.86236507,0.7952764,0.9115259,1.0784241,0.84768265,0.9029358,0.8369892,0.7970244,0.79855186,0.7248568,0.5464621,0.42715088,0.3318417,0.0040104203,0.0005891704,258.39844,387.59766,545.5078,1019.2383,0.05620281,592.5346,4.2207284,956671.7,7.160339,84.550255,-0.0008859791,0.5395065,0.0020357368,21.66982,3.9096138,-0.84849805,-2.0740383,4.1936383,-12.45147,-6.7555413,-2.993756,-4.2724276,-10.195567,-5.6778045,-4.181194,4.083268,0.70978403,0 days 00:01:33.870226894,0 days 00:01:33.910226894
0 days 00:00:00.320000,0 days 00:00:00.360000,answer7 ,0.0,0.7036149,0.0,0.0,0.0,-66.056404,0.3556869,0.68308765,0.006120693,0.049697656,0.09128062,0.1509775,0.37677768,0.49797276,0.46071064,0.43165073,0.5120806,0.57557446,0.62508655,0.770349,1.0919739,1.0152321,0.8705861,0.82144314,0.7987926,0.9355633,1.071966,0.9549658,0.94743556,0.85640955,0.79501253,0.8466204,0.81227684,0.59908223,0.47910038,0.37135854,0.0030450795,0.0010360454,258.39844,401.95312,832.6172,1765.7227,0.049923558,806.5019,4.605864,1.8352881e+06,5.3665814,49.299465,-0.0008614844,0.67648536,0.0018994398,16.896002,3.259591,0.09646448,-0.048116922,5.7490253,-9.791261,-5.4663224,0.055547636,-5.8643303,-11.61705,-9.648323,-5.363031,3.4764874,3.2486565,0 days 00:01:33.880226894,0 days 00:01:33.920226894
0 days 00:00:00.330000,0 days 00:00:00.370000,answer7 ,235.20065,0.7620024,0.0,0.0,0.0,-31.11674,0.6433814,0.8085971,0.022705214,0.047430083,0.0929327,0.16595945,0.42503747,0.5253734,0.5457899,0.4979907,0.6326882,0.6947983,0.75546026,0.8505099,1.2663002,1.2601911,1.064392,0.908566,0.93733126,1.1158653,1.1814079,1.205358,1.0979992,1.0579406,0.958739,1.030903,0.9700015,0.7169679,0.59514236,0.46987963,0.12914823,0.014599777,244.04297,401.95312,861.3281,1693.9453,0.27654073,797.86383,4.493096,1.7238209e+06,5.319151,66.79478,-0.028667578,0.6771695,0.06929777,20.14789,1.7736397,-4.3849583,-4.547191,4.4058456,-16.70594,-9.636355,2.948514,-8.68669,-7.897165,-16.978157,-9.247045,4.6932297,-5.1276407,0 days 00:01:33.890226894,0 days 00:01:33.930226894
0 days 00:00:00.340000,0 days 00:00:00.380000,answer7 ,235.20815,0.8003268,0.0,0.0,0.49531308,2.5924911,1.0742471,1.0878123,0.046857134,0.041194256,0.093892016,0.24645539,0.604763,0.65559864,0.84075516,0.78208905,0.93961245,0.997423,1.077825,1.1137867,1.6322018,1.848436,1.6442652,1.1103125,1.2732023,1.4919647,1.3985564,1.4737073,1.3637158,1.5553942,1.3930718,1.3763674,1.1592664,0.8573663,0.74337775,0.60971195,0.64554113,0.04462381,229.6875,358.88672,746.4844,1449.9023,0.52511936,657.8674,3.8764982,1.0989579e+06,6.350174,103.591515,-0.13522695,0.581932,0.40156356,26.33645,-1.4090523,-5.699248,-10.828827,3.3037522,-32.809666,-19.136932,8.314418,-23.246134,-7.7975197,-24.333181,-21.307749,3.8073158,-11.670006,0 days 00:01:33.900226894,0 days 00:01:33.940226894
0 days 00:00:00.350000,0 days 00:00:00.390000,answer7 ,232.59529,0.7968467,0.016809508,0.034466118,0.37246546,7.024985,1.4427525,1.5318514,0.06875073,0.039115645,0.09709045,0.43640748,1.0393902,0.94818497,1.5636457,1.4603057,1.5157267,1.531309,1.6815249,1.5431794,2.0898457,2.8602304,2.7684329,1.4668354,1.8181664,1.9913355,1.6252159,1.6131645,1.6592394,2.3295228,2.1086864,1.8334244,1.2771608,0.93843085,0.8743774,0.75730354,1.1449827,0.06560626,215.33203,344.53125,473.73047,717.77344,0.5803781,439.73474,3.2169893,169231.31,8.8681,176.47687,-0.23206472,0.44577155,0.6904729,33.98203,-0.5287118,-9.537433,-16.098507,0.22977717,-45.285053,-22.249718,19.797264,-34.21123,-5.9207573,-30.207281,-21.08308,7.0996537,-19.633583,0 days 00:01:33.910226894,0 days 00:01:33.950226894
0 days 00:00:00.360000,0 days 00:00:00.400000,answer7 ,226.19756,0.7720378,0.012023501,0.024725512,0.3170502,11.504514,1.4828564,2.0131795,0.07357813,0.058578987,0.098689646,0.70543665,1.6420056,1.352471,2.6832793,2.4322324,2.2007911,2.1436183,2.4500062,1.9813185,2.3779135,3.8320749,4.0852304,1.9258553,2.3649268,2.4504142,1.7936856,1.6087322,1.879399,2.9960833,2.8636644,2.3124547,1.3243302,0.95719236,0.9734969,0.90736556,1.327169,0.06380814,215.33203,330.17578,459.375,631.6406,0.53316075,408.5792,2.9431963,152848.05,10.662315,225.39954,-0.27462316,0.41924843,0.82629734,32.777367,2.07286,-8.982913,-13.7380295,-5.4160647,-48.591663,-21.10868,18.658281,-42.690434,-7.9935265,-33.63748,-14.201001,3.9654033,-22.081512,0 days 00:01:33.920226894,0 days 00:01:33.960226894
0 days 00:00:00.370000,0 days 00:00:00.410000,answer7 ,221.68475,0.7173726,0.004195614,0.017121056,0.108422644,-22.204718,1.3197312,2.2749171,0.06584415,0.10071806,0.1067422,0.9176895,2.0534456,1.639845,3.481315,2.9588573,2.3903666,2.4195783,2.8474207,2.093907,2.2653005,4.0666766,4.700942,2.311197,2.6849365,2.6662772,1.9263319,1.5652074,2.038479,3.3001163,3.3543522,2.7531803,1.3833984,1.000714,1.1089531,1.1126153,0.99395007,0.038466927,215.33203,258.39844,445.01953,545.5078,0.39727357,377.21387,2.8045912,200996.39,11.46008,225.03558,-0.21866459,0.3860315,0.63145924,27.783083,9.9911375,-3.0200202,-5.3488145,-6.8502374,-42.98318,-18.688257,15.06243,-39.979614,-9.837926,-28.388315,-2.416115,6.8602943,-20.485933,0 days 00:01:33.930226894,0 days 00:01:33.970226894
0 days 00:00:00.380000,0 days 00:00:00.420000,answer7 ,0.0,0.6524092,0.0,0.0,0.0,-60.58081,1.2089082,2.2854412,0.052167285,0.15721844,0.12329429,0.96339154,1.9942383,1.6560936,3.4437268,2.7480783,2.020012,2.222658,2.7316177,1.8976101,1.8808488,3.5367928,4.39163,2.4820802,2.694658,2.6268148,2.1725757,1.6387328,2.293109,3.2975101,3.5491984,3.2026508,1.682664,1.2969357,1.4280387,1.4465116,0.50895077,0.026713535,215.33203,473.73047,1923.6328,2583.9844,0.60109156,1162.4576,3.7530518,3.1585292e+06,8.102666,147.20726,-0.12892531,0.8851885,0.36109957,16.738485,15.197843,0.8514454,-0.7177899,-2.7836835,-35.159634,-15.5037985,8.249734,-32.356564,-16.278927,-17.777391,-0.7181696,9.604182,-16.744776,0 days 00:01:33.940226894,0 days 00:01:33.980226894
0 days 00:00:00.390000,0 days 00:00:00.430000,answer7 ,0.0,0.59825706,0.0,0.0,0.0,-100.0,1.1570436,2.1811445,0.037846945,0.21693122,0.14243573,0.8317452,1.5480599,1.3936211,2.6413004,1.9513507,1.3258654,1.7076784,2.1384034,1.5306959,1.4938923,2.7031138,3.4167068,2.3468585,2.5289361,2.4375505,2.5014782,1.8180729,2.8612518,3.441904,3.6896303,3.6230354,2.4675014,2.1512985,2.0522206,1.9651457,0.21084271,0.019075388,430.66406,2397.3633,4206.1523,5469.4336,0.5157599,2750.045,4.9266853,6.7261625e+06,3.6621659,48.857983,-0.06463259,1.9688058,0.1891314,5.5379143,22.90978,1.0277387,2.4673212,3.2510083,-27.530792,-13.647651,8.920484,-20.978518,-16.914583,-5.227572,-6.5028024,14.1674185,-9.275962,0 days 00:01:33.950226894,0 days 00:01:33.990226894
0 days 00:00:00.400000,0 days 00:00:00.440000,answer7 ,0.0,0.5722354,0.0,0.0,0.0,-100.0,1.0630926,2.159199,0.027610296,0.2637944,0.15988995,0.64172447,1.0558372,1.0424775,1.7559878,1.2709904,0.86545676,1.2513416,1.5608181,1.2378573,1.2650971,2.093174,2.532066,2.0582752,2.254668,2.172301,2.732642,2.0140169,3.5275548,3.8433583,3.9357874,3.8915856,3.774543,3.6298523,2.9676254,2.6042464,0.033759873,0.015697854,430.66406,4206.1523,6632.2266,8498.4375,0.47229996,4168.154,6.0445256,1.1244969e+07,0.22109745,2.145195,-0.018334625,2.9518807,0.06975428,-1.794919,27.096893,-2.579171,3.4937088,5.1302094,-22.998499,-10.304546,8.083692,-12.285896,-19.01976,-1.390627,-9.718741,10.710739,-10.346261,0 days 00:01:33.960226894,0 days 00:01:34.000226894
0 days 00:00:00.410000,0 days 00:00:00.450000,answer7 ,0.0,0.56116873,0.0,0.0,0.0,-100.0,0.9187536,2.1378334,0.022597259,0.2957294,0.15789141,0.47439122,0.72938967,0.731101,1.1545452,0.8897631,0.666442,0.95677906,1.1387656,1.058346,1.1422677,1.679613,1.8486406,1.7045145,1.9201323,1.8921379,2.6814263,2.1073427,3.799835,4.028255,4.011564,3.8914871,5.021051,5.0293713,3.757149,3.1114628,0.022661641,0.006903264,559.8633,6158.496,7895.508,9632.52,0.27429304,5189.2344,6.2924747,1.3141599e+07,-0.19328876,1.8261713,-0.013625987,3.7195995,0.064550534,-2.624363,29.914734,-5.685189,3.2572954,4.423785,-19.231966,-8.635209,4.814222,-9.693606,-15.771587,-4.33785,-12.6888075,3.7153008,-13.062268,0 days 00:01:33.970226894,0 days 00:01:34.010226894
0 days 00:00:00.420000,0 days 00:00:00.460000,answer7 ,0.0,0.55509096,0.0,0.0,0.0,-100.0,0.8755612,2.0271943,0.023113258,0.31084657,0.14958423,0.3568091,0.5545047,0.52940804,0.82725245,0.7409291,0.61665684,0.7978077,0.9042557,0.95681816,1.0373007,1.372159,1.3622171,1.4307076,1.5774215,1.6397146,2.467741,2.0689907,3.5352395,3.7870493,3.8266456,3.672104,5.5427012,5.5834656,4.056786,3.3127859,0.017891826,0.004432389,2081.543,6560.449,8627.637,9948.34,0.26197135,5777.614,6.5626526,1.2994933e+07,-0.32460472,2.090669,-0.011107522,4.1683235,0.05872177,-2.9247952,29.700302,-6.858751,-0.8811062,0.95101833,-17.03603,-3.2805626,6.9215946,-8.621532,-9.928863,-4.1337495,-8.361804,3.8927987,-14.061799,0 days 00:01:33.980226894,0 days 00:01:34.020226894
0 days 00:00:00.430000,0 days 00:00:00.470000,answer7 ,0.0,0.5468104,0.0,0.0,0.0,-100.0,0.9502063,1.8728708,0.02736649,0.30612245,0.13562088,0.26763046,0.4553492,0.4337347,0.67790085,0.71322536,0.6318934,0.7197377,0.7959325,0.9153606,0.9421827,1.1726694,1.0791843,1.2758528,1.34315,1.5249585,2.348182,1.9865832,3.0750942,3.3209238,3.5608113,3.5407898,5.3151894,5.316771,3.9258797,3.2200353,0.016892822,0.006523894,4005.1758,7120.3125,8972.168,10106.25,0.30911016,6644.813,6.738718,1.0454028e+07,-0.52107424,2.8135746,-0.013757261,4.785192,0.08894917,-6.940735,28.660059,-8.180259,-4.9130073,-3.1103585,-20.45868,-3.7117956,7.1296425,-6.4735065,-3.3729868,-2.7767208,-5.4162755,10.204523,-11.097692,0 days 00:01:33.990226894,0 days 00:01:34.030226894
0 days 00:00:00.440000,0 days 00:00:00.480000,answer7 ,0.0,0.0,0.0,0.0,0.0,-100.0,1.0838261,1.8112909,0.031200275,0.276644,0.12720211,0.20225911,0.3878485,0.41147223,0.65068,0.72550815,0.6466694,0.6921098,0.7349035,0.8870657,0.9017648,1.1143355,0.9553731,1.2509161,1.2649683,1.5716352,2.4622228,1.9910959,2.9142914,3.178251,3.651472,3.6418517,4.867814,4.9725595,3.7929363,3.0963564,0.015894154,0.0106210625,5368.9453,6876.2695,8900.391,10005.762,0.35789052,6863.877,6.7028785,7.51418e+06,-0.4402901,3.3231785,-0.01858071,4.8857403,0.12000754,-11.397277,27.791887,-5.7011046,-5.5285263,-3.6927674,-24.254349,-9.765327,6.874555,-4.8090897,-0.1782186,-0.702491,-6.0398617,15.835607,-10.176467,0 days 00:01:34.000226894,0 days 00:01:34.040226894
0 days 00:00:00.450000,0 days 00:00:00.490000,answer7 ,0.0,0.6427875,0.0,0.0,0.0,-65.5789,1.0694337,1.83756,0.028746374,0.21957672,0.12001332,0.16294153,0.33964267,0.42339838,0.639733,0.70684814,0.6145807,0.67280644,0.69995385,0.8448232,0.9253645,1.1870853,0.9660422,1.3284788,1.309354,1.6910671,2.724159,2.0853932,3.0639737,3.3711336,3.9556115,3.824342,4.5872083,4.821118,3.784978,2.926511,0.012423784,0.012090068,4478.9062,6287.6953,8182.617,9977.051,0.4072759,6295.862,6.6304736,7.7254185e+06,-0.21719283,3.124307,-0.01732509,4.436723,0.10521274,-12.078208,25.227518,-1.7953372,-0.5946649,2.0708115,-24.919342,-13.488202,3.6098812,-7.700812,-6.6442585,-3.8892148,-9.236896,17.048788,-9.449693,0 days 00:01:34.010226894,0 days 00:01:34.050226894
0 days 00:00:00.460000,0 days 00:00:00.500000,answer7 ,212.35492,0.68325704,0.0,0.0,0.0,-31.23126,1.0352045,1.8221087,0.028392872,0.15249433,0.117112346,0.17501198,0.34870934,0.45495072,0.6259974,0.6583388,0.5795036,0.6745131,0.71382266,0.8544831,1.050954,1.3643128,1.0652627,1.3819858,1.3869247,1.7517452,2.8567486,2.1476498,3.1758003,3.5352042,4.034369,3.7629616,4.1496115,4.3880925,3.5310571,2.5897036,0.024394304,0.012252842,2540.918,3919.043,5397.6562,7981.6406,0.4020711,4241.812,5.6988263,7.2035855e+06,0.9456063,5.5872726,-0.020630734,2.986574,0.077251755,-4.041638,22.768015,-1.1328026,1.18967,11.578826,-18.82961,-14.982188,2.9360893,-12.427775,-8.7856,-11.065639,-14.505206,11.656986,-11.8139,0 days 00:01:34.020226894,0 days 00:01:34.060226894
0 days 00:00:00.470000,0 days 00:00:00.510000,answer7 ,213.88963,0.75580484,0.0,0.0,0.0,3.0244133,1.1498798,1.7286838,0.037596837,0.09297052,0.11958212,0.25891468,0.44904447,0.54214114,0.66815156,0.66781133,0.645539,0.81255907,0.9021521,1.0277268,1.3277999,1.6322141,1.2719458,1.4122823,1.4423151,1.7137899,2.779763,2.05264,3.1397955,3.3812768,3.6029274,3.323804,3.411952,3.4489686,2.8675718,2.043111,0.23837255,0.023684898,1047.9492,1981.0547,2713.1836,4966.992,0.5367064,2232.0515,4.65873,5.4197465e+06,3.8218994,35.935925,-0.07300166,1.6269687,0.21505545,8.255549,17.878414,-7.952645,-4.707901,11.976602,-18.068752,-18.651968,0.98170376,-18.939203,-16.708387,-17.763025,-15.518078,7.8063736,-11.633437,0 days 00:01:34.030226894,0 days 00:01:34.070226894
0 days 00:00:00.480000,0 days 00:00:00.520000,answer7 ,213.02533,0.75359815,0.0,0.0,0.3804059,4.3471007,1.3444953,1.6381345,0.052592725,0.05083144,0.12813413,0.41193438,0.65519243,0.7306676,0.8798561,0.832084,0.9201114,1.2209612,1.3900954,1.4581257,1.8064064,1.9329678,1.5684687,1.4163042,1.4432584,1.644618,2.5436578,1.8334113,2.9563415,2.8924916,2.8518152,2.7271976,2.5075617,2.3533876,2.018027,1.4684163,0.53370994,0.03293432,200.97656,287.10938,416.3086,1923.6328,0.5031429,648.0145,3.4600258,1.828966e+06,7.529634,94.35482,-0.14623748,0.56543934,0.44280896,19.820694,14.74236,-13.549919,-12.339381,9.754857,-16.717115,-21.811483,-2.8085544,-21.833473,-16.537733,-19.91603,-14.10813,4.505979,-13.28463,0 days 00:01:34.040226894,0 days 00:01:34.080226894
0 days 00:00:00.490000,0 days 00:00:00.530000,answer7 ,203.7007,0.7394712,0.036898673,0.018137937,0.3065665,8.501315,1.3503109,1.6212317,0.05685186,0.03174603,0.13861524,0.59107363,0.89414674,1.0121531,1.2949244,1.1112295,1.3254408,1.7925277,2.0173194,2.0052211,2.3666325,2.1968353,1.8479462,1.4359192,1.4238769,1.6051416,2.2933452,1.6333572,2.7638695,2.313969,2.1614518,2.171207,1.7840186,1.5653938,1.3583455,1.0480651,0.5933664,0.03368722,200.97656,287.10938,416.3086,732.1289,0.6270816,427.94394,3.2263448,431063.47,9.873242,132.64436,-0.15982753,0.42460927,0.48415688,24.280676,12.70918,-13.538074,-12.275895,6.3727565,-18.853456,-24.24291,-6.723997,-21.36287,-19.82135,-17.115108,-11.814723,5.75214,-9.264833,0 days 00:01:34.050226894,0 days 00:01:34.090226894
0 days 00:00:00.500000,0 days 00:00:00.540000,answer7 ,192.7602,0.71336085,0.037357867,0.0181226,0.29190913,10.3201,1.1245271,1.5832969,0.04694745,0.02702192,0.15400754,0.70000523,1.0259495,1.2513602,1.6401399,1.2885119,1.5247263,2.2090905,2.449937,2.2483416,2.670346,2.2572422,1.936687,1.4336966,1.419129,1.5564032,2.0578606,1.4694777,2.4702437,1.7746519,1.6580635,1.7168967,1.3493328,1.1574796,0.970218,0.77592283,0.41291428,0.019136762,186.6211,272.7539,401.95312,631.6406,0.4360135,388.23392,3.0989714,362901.62,10.481556,147.32759,-0.11654783,0.38876033,0.33998927,25.44523,14.770599,-9.251701,-3.944438,8.088641,-16.166384,-15.830068,-8.1425295,-19.123423,-18.362556,-11.65615,-8.338772,11.629715,-3.6580627,0 days 00:01:34.060226894,0 days 00:01:34.100226894
0 days 00:00:00.510000,0 days 00:00:00.550000,answer7 ,181.16425,0.698093,0.0460456,0.035871018,0.23187257,11.260879,0.82194513,1.4190847,0.032850515,0.027777776,0.1776327,0.7004264,0.97335005,1.2937698,1.6425372,1.2065201,1.3662939,2.1252096,2.3256881,2.0731707,2.5234656,2.0336633,1.7427756,1.3286153,1.3584623,1.4318117,1.7551137,1.3070488,2.0449715,1.3747355,1.3296764,1.3287176,1.1079555,0.9765324,0.762558,0.6055041,0.12927769,0.0075411336,172.26562,215.33203,344.53125,473.73047,0.40407267,353.55466,2.938528,428019.34,10.173326,129.3445,-0.047812242,0.350137,0.115169175,24.031326,18.218689,-5.6323495,3.116516,12.927194,-14.154437,-14.886172,-9.049542,-18.648237,-17.545218,-5.121469,-9.13541,14.846166,-2.917207,0 days 00:01:34.070226894,0 days 00:01:34.110226894
0 days 00:00:00.520000,0 days 00:00:00.560000,answer7 ,176.62614,0.69463587,0.058288727,0.028380075,0.30072775,8.693416,0.6617874,1.1591371,0.02217226,0.029100528,0.19637257,0.5962784,0.7701871,1.1232842,1.3120017,0.940635,0.98915666,1.706534,1.8455367,1.6468592,2.050669,1.6471715,1.4100357,1.1625398,1.2460381,1.2410961,1.4396142,1.1150861,1.563907,1.0840894,1.0899724,1.0135669,0.951081,0.8669608,0.6422489,0.48664322,0.05619638,0.0038298543,172.26562,258.39844,387.59766,617.28516,0.24235432,420.0997,3.2685783,638524.56,8.746652,101.11484,-0.025291635,0.39937517,0.056705102,23.08734,16.837297,-6.8257995,3.8725898,14.172951,-10.83701,-8.751486,-5.999157,-17.065586,-12.34233,-1.4571567,-6.7007403,17.397707,-5.162204,0 days 00:01:34.080226894,0 days 00:01:34.120226894
0 days 00:00:00.530000,0 days 00:00:00.570000,answer7 ,172.47925,0.7020286,0.088955075,0.05015337,0.35121274,7.671619,0.57230425,0.9202159,0.016854364,0.027210884,0.20044275,0.47136986,0.5602455,0.87972426,0.9362147,0.7170333,0.72471744,1.2543372,1.3316483,1.3257437,1.5699228,1.2696389,1.0940557,1.0221039,1.0730598,1.0474628,1.1501395,0.95429486,1.1765534,0.8996039,0.9254299,0.8001289,0.8122957,0.76610166,0.56436354,0.39898238,0.031020718,0.0023978057,172.26562,258.39844,401.95312,645.9961,0.22139585,432.34924,3.4672587,634896.3,8.558061,96.70774,-0.012336771,0.4124411,0.02527838,23.563065,16.041903,-7.4517403,1.3319236,10.864483,-13.537005,-9.213792,-0.8361055,-12.523193,-12.5436945,2.1449456,-8.006225,11.484342,-9.1206255,0 days 00:01:34.090226894,0 days 00:01:34.130226894
0 days 00:00:00.540000,0 days 00:00:00.580000,answer7 ,172.32399,0.72268456,0.15666832,0.042085677,0.38352063,6.0247307,0.53377485,0.7731051,0.015513652,0.023431594,0.19169243,0.3722844,0.41122612,0.69086957,0.7047312,0.6449418,0.6623581,0.98901767,1.0293044,1.158616,1.2377272,1.0362955,0.8977063,0.9701002,0.93549436,0.89830536,0.95336944,0.8645993,0.94065565,0.8028193,0.80836827,0.6860799,0.70595044,0.6675272,0.50447345,0.3362169,0.021689696,0.001818945,157.91016,244.04297,387.59766,689.0625,0.19815135,409.47598,3.4068863,544684.3,9.436572,130.4949,-0.00987098,0.39247978,0.022365235,25.075293,16.004671,-6.7480044,0.3996447,10.003283,-14.067433,-0.837547,6.008702,-7.6701035,-10.152776,2.9938152,-6.1182656,7.1893024,-9.6398,0 days 00:01:34.100226894,0 days 00:01:34.140226894
0 days 00:00:00.550000,0 days 00:00:00.590000,answer7 ,172.99709,0.7357912,0.15552889,0.07616451,0.29646316,6.3865523,0.53552955,0.70332885,0.017751146,0.018896447,0.18949483,0.33353028,0.35477626,0.6054869,0.6018006,0.68824387,0.6969166,0.86336637,0.89905244,1.0586345,1.0512533,0.9129,0.78922343,0.9789373,0.8726887,0.7993796,0.8443226,0.8188924,0.8231699,0.74474937,0.72970074,0.6432367,0.6514475,0.5889771,0.4519926,0.29437515,0.029822325,0.0015373448,157.91016,186.6211,287.10938,516.7969,0.1533402,299.10388,2.8841038,217493.0,12.377303,214.62932,-0.01589691,0.30405587,0.03886922,27.736513,19.531061,-4.32182,1.7185379,12.269975,-16.889133,-1.2045146,3.9352667,-8.923792,-11.362129,2.511669,-7.171285,2.847271,-10.092178,0 days 00:01:34.110226894,0 days 00:01:34.150226894
0 days 00:00:00.560000,0 days 00:00:00.600000,answer7 ,175.61015,0.7433732,0.11717317,0.053950936,0.19845761,8.96505,0.52345353,0.67405844,0.020052543,0.014928195,0.20340033,0.34709466,0.3616512,0.5927313,0.5454073,0.75749326,0.7108297,0.78826743,0.8394003,1.0105265,0.9538786,0.83463144,0.7388134,0.9663141,0.8412537,0.7452385,0.8042988,0.7975256,0.7729023,0.71876365,0.70175123,0.6563401,0.6372377,0.5276,0.40251637,0.26965198,0.02792755,0.001632485,157.91016,172.26562,215.33203,416.3086,0.12490827,252.27232,2.5481756,140753.69,13.972436,284.17017,-0.018975481,0.259679,0.047030378,28.645353,20.179836,-0.037753582,1.4824048,18.663765,-13.031484,0.72013855,-0.016527971,-12.046941,-5.2682376,-1.2486098,-2.5285275,2.6710212,-13.013695,0 days 00:01:34.120226894,0 days 00:01:34.160226894
0 days 00:00:00.570000,0 days 00:00:00.610000,answer7 ,178.7491,0.7541664,0.030400852,0.047666382,0.118771076,12.756833,0.5513847,0.675234,0.021016642,0.0134164775,0.22124612,0.3824829,0.40247443,0.5983252,0.5217789,0.80617434,0.69413096,0.76086265,0.8504918,1.0549946,0.93389654,0.7789549,0.7279094,0.8930309,0.83276796,0.7500736,0.82980347,0.8039704,0.7563472,0.71538085,0.739389,0.7361147,0.65762264,0.48148236,0.3674551,0.25892285,0.03124904,0.0022994026,172.26562,172.26562,215.33203,416.3086,0.107254125,258.50827,2.5215213,132036.83,13.27151,267.1782,-0.021554949,0.26580152,0.05187665,28.783783,19.98313,-0.3336754,-3.3606026,21.126396,-11.493018,2.2775023,-6.8937225,-15.191157,-0.8866668,-5.8835435,-1.7284155,-1.0509077,-15.786571,0 days 00:01:34.130226894,0 days 00:01:34.170226894
0 days 00:00:00.580000,0 days 00:00:00.620000,answer7 ,181.53069,0.76110935,0.025313199,0.015024503,0.15516664,13.7064705,0.57152766,0.6985542,0.021595031,0.013227512,0.22458802,0.4127771,0.45468596,0.59925216,0.5205301,0.8259527,0.6985118,0.76353884,0.8968027,1.1850833,0.9454231,0.7266941,0.7349031,0.8042554,0.84052485,0.8255194,0.89120626,0.8619454,0.7667198,0.7169514,0.833865,0.8769495,0.70507145,0.4406762,0.35385367,0.25612685,0.030188119,0.0024075538,172.26562,172.26562,215.33203,430.66406,0.093971364,266.24075,2.493307,144963.67,11.903081,219.01985,-0.022439132,0.27173173,0.05238843,28.683817,19.216345,-0.052413464,-7.361397,19.49861,-10.733147,9.839239,-9.589971,-17.86135,2.0685241,-11.363772,-0.01183029,-6.242864,-17.07592,0 days 00:01:34.140226894,0 days 00:01:34.180226894
0 days 00:00:00.590000,0 days 00:00:00.630000,answer7 ,182.25398,0.7706306,0.023060976,0.01631628,0.094959594,13.956093,0.59971386,0.7368017,0.023315927,0.013983372,0.21601015,0.42392263,0.49229422,0.580108,0.537159,0.8240681,0.7841278,0.81527966,0.95480824,1.3409678,0.9576402,0.6841371,0.74582607,0.7468625,0.89993143,0.94155616,0.9599347,0.97190124,0.78117996,0.7175245,0.92719895,1.0444432,0.7799886,0.4087275,0.3573188,0.26392692,0.03546244,0.0026874084,172.26562,172.26562,215.33203,445.01953,0.106231235,268.77075,2.4466047,138330.7,11.985168,236.31421,-0.026828587,0.27505076,0.063195616,29.265793,19.61157,-1.138095,-8.471702,16.272638,-10.514094,14.055995,-9.94354,-19.230677,1.0402699,-13.982917,0.23210013,-12.300006,-13.066268,0 days 00:01:34.150226894,0 days 00:01:34.190226894
0 days 00:00:00.600000,0 days 00:00:00.640000,answer7 ,181.52899,0.77103615,0.017702043,0.013179979,0.12507723,13.599129,0.63573897,0.7806843,0.025392368,0.016250944,0.20041251,0.42522728,0.52204984,0.60585386,0.59202516,0.82964873,0.96890783,0.9149241,0.9907982,1.4494963,0.9495387,0.67859465,0.7622247,0.73660296,0.9690396,1.0289134,1.0000628,1.0900158,0.8032491,0.7210348,0.9735039,1.1638292,0.8722713,0.3926947,0.37488183,0.2819916,0.064801805,0.0025317126,172.26562,186.6211,272.7539,459.375,0.12895514,284.01343,2.6500254,113291.586,12.52424,268.1456,-0.031906683,0.29515514,0.07980529,31.095207,20.698288,-2.529791,-11.222814,12.306308,-12.93781,8.929053,-8.304489,-17.011843,-3.021783,-17.39311,1.4056247,-9.589431,-8.809154,0 days 00:01:34.160226894,0 days 00:01:34.200226894
0 days 00:00:00.610000,0 days 00:00:00.650000,answer7 ,180.48894,0.7756075,0.0063181855,0.01070698,0.08969322,13.821893,0.666915,0.82056445,0.026141575,0.018896447,0.1924278,0.41966853,0.53119874,0.66208965,0.65495944,0.85668546,1.2006387,1.0469388,1.0120441,1.5032142,0.91321707,0.712739,0.7808592,0.7563569,1.0025069,1.0671626,1.0249683,1.1914101,0.8583377,0.7511155,0.96322966,1.1966845,0.94910574,0.3870809,0.39522564,0.3048126,0.069978155,0.0031683964,172.26562,200.97656,387.59766,559.8633,0.17081757,316.6671,2.9342234,117097.93,11.9193945,264.00986,-0.032165535,0.3284813,0.08230785,31.698957,20.380358,-4.008299,-15.777659,11.136287,-9.412864,8.112849,-3.89184,-13.076648,-5.679606,-15.8938265,1.3676791,-9.303351,-6.76489,0 days 00:01:34.170226894,0 days 00:01:34.210226894
0 days 00:00:00.620000,0 days 00:00:00.660000,answer7 ,179.37685,0.78075886,0.011972833,0.011314034,0.1238032,14.038413,0.6937232,0.85463995,0.025597515,0.021352986,0.18339975,0.39984968,0.5165903,0.7202669,0.72051984,0.96534747,1.4505235,1.1959153,1.0565139,1.5152093,0.8495231,0.7803977,0.80383563,0.7783828,0.9761552,1.0627939,1.0565661,1.2517633,0.94364643,0.80499864,0.92967623,1.1570112,0.97247475,0.39318562,0.41289648,0.3231961,0.09152167,0.0028273684,186.6211,315.8203,502.4414,674.70703,0.20167941,388.50174,3.2829802,121445.1,10.9349985,260.74002,-0.03017048,0.4031786,0.08781454,32.59795,19.196835,-6.6933503,-22.477396,4.729873,-10.518086,9.1630125,1.2773284,-9.093143,-5.98152,-16.51999,2.0568845,-5.753837,-10.756187,0 days 00:01:34.180226894,0 days 00:01:34.220226894
0 days 00:00:00.630000,0 days 00:00:00.670000,answer7 ,178.68355,0.79365236,0.01236554,0.0135468505,0.09676173,12.635886,0.71121854,0.8864177,0.025043622,0.023053667,0.17405933,0.36510038,0.4702433,0.7276063,0.7573538,1.1867174,1.6725436,1.3383926,1.1564674,1.4840784,0.78298587,0.8271796,0.8133175,0.8108897,0.9265054,1.0754174,1.1160043,1.3091477,1.0493717,0.86663514,0.9322992,1.105218,0.9469512,0.4024949,0.42364573,0.3262342,0.09487554,0.0026846938,244.04297,416.3086,559.8633,732.1289,0.17984582,452.6034,3.3766353,128903.65,9.854248,231.58684,-0.027784906,0.46724096,0.0890855,32.245117,16.9555,-6.564201,-28.430044,1.9238873,-7.7145905,15.27299,6.4298744,-6.1851916,-2.7922268,-12.682982,4.121437,-6.4842925,-14.036021,0 days 00:01:34.190226894,0 days 00:01:34.230226894
0 days 00:00:00.640000,0 days 00:00:00.680000,answer7 ,178.51262,0.8012292,0.012023293,0.0145232575,0.084065616,12.542179,0.7373986,0.91400284,0.027012503,0.023809522,0.16298774,0.32692406,0.4162631,0.67547685,0.7896097,1.4877323,1.8383642,1.4512049,1.2804136,1.3930362,0.74632955,0.8328946,0.803488,0.84305716,0.8972626,1.1027819,1.1927137,1.3735832,1.1544486,0.8950713,0.9625344,1.0856038,0.8964999,0.41437533,0.42158937,0.31982687,0.15505792,0.0018334376,344.53125,516.7969,559.8633,717.77344,0.163269,495.7089,3.2824402,101188.81,11.312358,316.6766,-0.034471218,0.51613986,0.119431496,33.245525,16.776083,-7.256355,-33.141365,-2.1246855,-9.931186,14.319714,7.2801824,-0.6332984,-0.42508683,-13.810145,6.203436,-7.15373,-14.147977,0 days 00:01:34.200226894,0 days 00:01:34.240226894
0 days 00:00:00.650000,0 days 00:00:00.690000,answer7 ,179.68929,0.8043044,0.005099041,0.009231913,0.07768214,12.460597,0.77656084,0.94223446,0.03089559,0.024943309,0.15534429,0.3003089,0.3757962,0.6125443,0.85287386,1.8000535,1.9330448,1.5139669,1.3694845,1.2367306,0.7532962,0.8294473,0.78260857,0.86284494,0.89761734,1.1181866,1.2883986,1.4964942,1.26676,0.914624,1.0129994,1.1048218,0.86493975,0.42542922,0.41522148,0.31425643,0.22299452,0.0016266368,445.01953,516.7969,559.8633,703.41797,0.13784732,504.88113,3.067065,89881.805,10.976403,282.3276,-0.04470988,0.5274964,0.15262549,32.702396,17.223457,-4.55335,-36.914837,-2.7104905,-8.615415,12.533413,9.746135,5.974896,1.5502672,-13.6968155,7.1846776,-9.435441,-11.501629,0 days 00:01:34.210226894,0 days 00:01:34.250226894
0 days 00:00:00.660000,0 days 00:00:00.700000,answer7 ,182.13637,0.7980463,0.0048429,0.0066459193,0.0768193,14.801412,0.8003004,0.9705176,0.034115586,0.024565382,0.15346567,0.29463872,0.3707842,0.56456643,0.94023806,2.0220842,1.9555193,1.528583,1.3842582,1.0716714,0.78836805,0.8376801,0.75893784,0.8645976,0.9285186,1.0969577,1.4010636,1.6739084,1.4156061,0.9506054,1.0552424,1.1450232,0.8661359,0.4363034,0.41092125,0.31777835,0.27736583,0.001320011,401.95312,516.7969,559.8633,689.0625,0.14226171,491.39316,2.9567747,76753.18,11.708939,341.93396,-0.054335687,0.5164123,0.18742144,33.290764,18.516512,-2.0338333,-38.337658,-5.340074,-9.352808,9.520036,10.499295,7.9653153,-0.7224973,-16.092127,6.057963,-12.258046,-11.4896555,0 days 00:01:34.220226894,0 days 00:01:34.260226894
0 days 00:00:00.670000,0 days 00:00:00.710000,answer7 ,185.45326,0.7859664,0.007999122,0.0091308765,0.06399558,17.651155,0.7958479,0.9881018,0.034749586,0.02399849,0.15316965,0.30337775,0.39479086,0.56547195,1.0206057,2.1190405,1.9197898,1.5192362,1.2684594,0.9446082,0.8129964,0.86262554,0.75937027,0.8626845,0.97654104,1.0443712,1.4682069,1.8174204,1.5548458,1.0253726,1.0741683,1.1596985,0.88292265,0.4430143,0.409654,0.32820594,0.27952257,0.001278895,315.8203,516.7969,559.8633,689.0625,0.1351449,473.87146,3.044202,72095.03,10.775065,298.14557,-0.055552233,0.49912825,0.19258308,33.768364,19.088055,0.862902,-37.451565,-5.434829,-13.394881,5.510983,14.333018,6.3102856,-2.6533382,-14.832672,2.6993904,-14.196484,-8.808365,0 days 00:01:34.230226894,0 days 00:01:34.270226894
0 days 00:00:00.680000,0 days 00:00:00.720000,answer7 ,189.81651,0.7738001,0.008414207,0.012304728,0.02325665,18.533731,0.8039274,0.9955709,0.034119535,0.021541951,0.15081756,0.31889382,0.43321618,0.61579996,1.0404408,2.0419843,1.8468524,1.5207663,1.1141258,0.9187682,0.8522051,0.87580466,0.77015924,0.8784906,1.0343105,1.0114721,1.4508768,1.8519636,1.6470103,1.1260397,1.088535,1.1694875,0.9323013,0.44583797,0.41138494,0.33730063,0.23895901,0.0018532593,215.33203,473.73047,559.8633,703.41797,0.16353334,451.0093,3.289972,89688.22,10.968567,308.29773,-0.053586096,0.47333124,0.17752172,34.541256,19.49734,-1.4114786,-37.660175,-1.0739594,-16.81103,5.1368375,6.790171,-0.84227467,-4.285055,-15.592158,-1.0983199,-17.966139,-4.3912907,0 days 00:01:34.240226894,0 days 00:01:34.280226894
0 days 00:00:00.690000,0 days 00:00:00.730000,answer7 ,193.94722,0.767471,0.011772831,0.01681063,0.05085428,17.345343,0.8494131,1.0002022,0.03663753,0.018329555,0.14545046,0.33880457,0.4857584,0.7185147,1.0322706,1.8162922,1.7496339,1.5537057,1.0015804,0.99128133,0.92257804,0.87326217,0.78821135,0.9061616,1.0799118,1.021437,1.3351798,1.762681,1.6877273,1.2039267,1.1147718,1.2330991,1.0373319,0.4506117,0.40786752,0.34720495,0.23192173,0.002867777,200.97656,373.2422,502.4414,717.77344,0.22624202,414.34338,3.353779,115914.44,10.653405,254.04834,-0.063404985,0.4322857,0.1883899,34.532986,20.877579,-1.8229507,-38.04993,5.184893,-18.683144,6.6731534,-0.22388077,-8.817625,-6.404224,-16.826609,1.4637185,-21.248224,2.6451933,0 days 00:01:34.250226894,0 days 00:01:34.290226894
0 days 00:00:00.700000,0 days 00:00:00.740000,answer7 ,197.3431,0.7726572,0.015427068,0.0233488,0.11394576,14.119845,0.9457402,1.0282463,0.04415719,0.014928192,0.14347382,0.36913273,0.55655575,0.8513377,1.050169,1.5488943,1.6592718,1.6362505,1.0421361,1.1393704,1.0197632,0.8894432,0.80725676,0.9452928,1.1287252,1.0900439,1.2175957,1.684966,1.7099552,1.2455944,1.1669701,1.3897833,1.1983238,0.46815634,0.41076347,0.3651748,0.34117222,0.0041736583,200.97656,287.10938,459.375,689.0625,0.2909886,381.114,3.3351364,114214.13,11.587632,330.83627,-0.10143888,0.39789578,0.27810326,35.81141,21.859617,-2.6147807,-37.691837,6.292398,-16.84672,9.017466,-7.3099036,-14.364582,-9.677493,-19.373728,6.3177605,-20.656097,3.4620132,0 days 00:01:34.260226894,0 days 00:01:34.300226894
0 days 00:00:00.710000,0 days 00:00:00.750000,answer7 ,199.42102,0.78022504,0.026568606,0.02394408,0.17007421,12.448288,1.0223688,1.0815744,0.054709587,0.012093727,0.14906675,0.41670084,0.65853375,0.9847746,1.133606,1.3225561,1.5855116,1.7624445,1.2279209,1.3123962,1.1077381,0.93525535,0.8418243,1.0064776,1.182867,1.2048801,1.1802354,1.711042,1.7053572,1.2276512,1.2568916,1.5872345,1.2985348,0.50404364,0.4234421,0.39394793,0.45331922,0.0058245943,186.6211,229.6875,401.95312,660.35156,0.30767158,347.38632,3.114565,95546.125,12.40775,440.88394,-0.14717783,0.3647162,0.39912477,37.539173,21.818237,-0.8224698,-34.60734,5.8284335,-15.001025,8.417791,-8.152863,-19.40738,-11.184873,-22.946478,10.453959,-15.765143,-0.23901527,0 days 00:01:34.270226894,0 days 00:01:34.310226894
0 days 00:00:00.720000,0 days 00:00:00.760000,answer7 ,200.97777,0.78966594,0.035049383,0.02346844,0.16746645,12.892372,1.0572718,1.1397549,0.06433883,0.010959939,0.16308922,0.47601327,0.7769609,1.0898808,1.2604164,1.1797266,1.496265,1.877924,1.412583,1.4503621,1.1358266,1.0153222,0.91934377,1.0876831,1.2492228,1.3337196,1.2283479,1.8833704,1.6742965,1.1754527,1.3509468,1.6969852,1.2686557,0.5485249,0.4519706,0.4307373,0.5634211,0.0067575355,186.6211,229.6875,401.95312,559.8633,0.2950085,319.6561,2.8739262,62598.78,15.538493,704.21826,-0.19755818,0.33923483,0.5226087,38.60525,21.597206,0.58331174,-29.900566,3.50262,-12.416283,4.4939356,-9.756664,-19.489952,-13.294751,-25.263556,11.974949,-12.25339,-3.3877542,0 days 00:01:34.280226894,0 days 00:01:34.320226894
0 days 00:00:00.730000,0 days 00:00:00.770000,answer7 ,202.44264,0.7934267,0.033246573,0.01564866,0.12205791,14.60022,1.0607824,1.1790775,0.070870765,0.010204081,0.17526889,0.53144675,0.885331,1.1399598,1.3617649,1.0600868,1.3818275,1.9472483,1.5297817,1.5476713,1.1580335,1.1074967,1.0156158,1.1690608,1.3162967,1.4485302,1.3249863,2.0813804,1.5960597,1.1123216,1.4127499,1.6668128,1.1383559,0.59347785,0.49145818,0.4629959,0.56911236,0.007885081,172.26562,215.33203,344.53125,502.4414,0.22417791,296.64038,2.6120155,55839.113,17.476606,884.05255,-0.22958945,0.31526408,0.5907276,38.577045,20.77961,0.9657831,-26.519571,5.2729707,-9.375675,3.260012,-13.966289,-23.120178,-14.805776,-26.371607,10.664194,-10.772656,-4.1981473,0 days 00:01:34.290226894,0 days 00:01:34.330226894
0 days 00:00:00.740000,0 days 00:00:00.780000,answer7 ,204.8625,0.7953847,0.022627063,0.01191892,0.07973164,17.042051,1.0746756,1.1962835,0.07594055,0.010770976,0.18104386,0.56993127,0.96328044,1.1237487,1.3945198,0.9425315,1.2468575,1.9393183,1.5576321,1.6150266,1.1867605,1.1822852,1.0762783,1.2243223,1.3842443,1.5186781,1.4156481,2.2704198,1.5404844,1.0750307,1.4333502,1.5783187,1.04681,0.6259971,0.5272549,0.48359966,0.6023565,0.009250005,172.26562,215.33203,301.46484,430.66406,0.1865979,281.6033,2.4532545,51218.793,18.139872,937.42065,-0.2621856,0.29960284,0.6603111,38.301277,20.78327,2.1560242,-26.50649,6.72158,-6.937641,4.151357,-18.453943,-23.387094,-17.492037,-25.867792,11.547616,-14.582036,-2.9997299,0 days 00:01:34.300226894,0 days 00:01:34.340226894
0 days 00:00:00.750000,0 days 00:00:00.790000,answer7 ,209.04688,0.7926664,0.008826523,0.0061657536,0.05910028,19.826025,1.095029,1.198986,0.0805041,0.011337869,0.17720902,0.5873129,1.0088805,1.0663341,1.3748614,0.84857875,1.1481227,1.8670903,1.579257,1.7075311,1.2182198,1.2218918,1.1049489,1.2450539,1.4532748,1.5479902,1.4761273,2.3952684,1.503058,1.0513877,1.3837024,1.4873905,1.0345062,0.6457554,0.549514,0.4903734,0.69689775,0.013828904,186.6211,215.33203,258.39844,430.66406,0.19246292,278.89935,2.4048898,45187.406,17.538666,973.4155,-0.29530308,0.29721376,0.74946207,39.426384,19.363737,0.98991936,-25.482224,5.720831,-6.4144325,4.451429,-21.59532,-24.70664,-19.363022,-24.842249,12.311158,-16.780596,-5.7597885,0 days 00:01:34.310226894,0 days 00:01:34.350226894
0 days 00:00:00.760000,0 days 00:00:00.800000,answer7 ,215.12032,0.78999496,0.0071433783,0.004223546,0.041907568,21.17882,1.1297241,1.1977348,0.08510095,0.012849584,0.16507292,0.58679813,1.0328579,1.0110251,1.3633877,0.798666,1.0960039,1.748799,1.6358832,1.8360041,1.2238126,1.2054406,1.1232575,1.2617006,1.496746,1.5539955,1.5137905,2.4919164,1.4809946,1.0246055,1.3311179,1.4334284,1.0373633,0.6495886,0.54929155,0.48955843,0.9572058,0.015437103,200.97656,215.33203,301.46484,430.66406,0.25840256,282.3002,2.4186924,38825.07,15.64968,846.946,-0.34138727,0.30207327,0.91319484,40.048534,18.60756,1.2254343,-27.21189,2.6358535,-6.680945,0.9238496,-24.921432,-27.650003,-20.18498,-25.374365,17.749834,-19.366503,-11.387494,0 days 00:01:34.320226894,0 days 00:01:34.360226894
0 days 00:00:00.770000,0 days 00:00:00.810000,answer7 ,222.61902,0.7929527,0.008326946,0.0027648471,0.04342633,21.063229,1.2060055,1.2040509,0.087365456,0.015117158,0.14789683,0.57029325,1.0426582,0.9841506,1.4069271,0.83484954,1.0634729,1.6205564,1.7366079,2.0049145,1.2218407,1.159588,1.1982393,1.3061491,1.5250465,1.5486336,1.5420389,2.59299,1.4775195,0.9735549,1.2895607,1.381368,1.012114,0.6439505,0.5368662,0.4835352,1.3045244,0.020300882,215.33203,229.6875,358.88672,445.01953,0.34629285,301.37692,2.5333889,36961.496,13.008831,681.4716,-0.38225278,0.3228726,1.065289,41.16245,15.830907,-0.55389756,-28.131317,0.39086756,-9.361802,-2.5770102,-27.79457,-29.235506,-21.315666,-21.913904,22.25677,-21.451286,-17.26132,0 days 00:01:34.330226894,0 days 00:01:34.370226894
0 days 00:00:00.780000,0 days 00:00:00.820000,answer7 ,230.76402,0.79922897,0.013291041,0.0038345635,0.05926213,19.17914,1.3349911,1.2395774,0.091612436,0.019085413,0.1257699,0.53445035,1.0359255,0.9759421,1.5073911,0.96381235,1.0381125,1.5204555,1.8918568,2.1949174,1.3340235,1.1339284,1.3102163,1.4449359,1.6358242,1.5951637,1.6123037,2.6874838,1.5092431,0.9455387,1.2855253,1.3284773,0.95624256,0.6468957,0.5318244,0.48275363,1.7886785,0.02880103,215.33203,301.46484,430.66406,473.73047,0.44855228,339.22537,2.6771176,42713.25,11.607651,560.54425,-0.41604662,0.3627112,1.212931,40.722675,10.79614,-2.5819414,-29.59981,-4.6793,-12.102695,-6.2641435,-30.96792,-31.865458,-17.750908,-15.237859,18.244066,-26.50383,-19.162954,0 days 00:01:34.340226894,0 days 00:01:34.380226894
0 days 00:00:00.790000,0 days 00:00:00.830000,answer7 ,238.45514,0.8090474,0.014968666,0.007743223,0.08912251,17.60491,1.4987644,1.3220501,0.10194647,0.023053667,0.10473138,0.48869598,1.0221274,0.9690607,1.6308607,1.2071036,1.0411527,1.463118,2.1052122,2.3560202,1.6156498,1.1796049,1.4218259,1.6525124,1.8717123,1.7399744,1.7723957,2.8472507,1.610686,1.0041771,1.3277034,1.3080775,0.9228627,0.65888983,0.54993874,0.50195575,2.5784302,0.04322898,215.33203,373.2422,459.375,502.4414,0.55183953,369.72678,2.7667854,46610.504,9.837892,431.87912,-0.51093316,0.39458093,1.5388333,40.19183,6.9384212,-4.3649945,-32.35352,-9.18624,-12.50621,-11.034015,-31.038893,-32.27868,-11.741565,-14.867902,13.31313,-29.347818,-21.06774,0 days 00:01:34.350226894,0 days 00:01:34.390226894
0 days 00:00:00.800000,0 days 00:00:00.840000,answer7 ,244.63676,0.8189277,0.015991436,0.009041174,0.09680503,15.905538,1.7082424,1.45777,0.11801074,0.025888132,0.089460135,0.44409546,1.0111103,0.95905906,1.7319788,1.55944,1.1245965,1.4377017,2.362394,2.5159998,2.0702095,1.2990651,1.5168719,1.8368454,2.167777,2.0339806,2.0625613,3.1197135,1.8518952,1.20849,1.3961859,1.3325647,0.9266987,0.688929,0.6019424,0.5524505,3.5869853,0.09604218,229.6875,445.01953,488.08594,531.15234,0.6352826,395.62442,2.7999527,53586.957,10.107463,433.91415,-0.6576287,0.42049226,1.9649874,38.718456,5.468493,-3.760538,-37.85918,-12.352292,-7.162289,-17.658516,-31.213844,-29.922228,-6.3453636,-14.181426,8.046903,-31.542013,-21.731873,0 days 00:01:34.360226894,0 days 00:01:34.400226894
0 days 00:00:00.810000,0 days 00:00:00.850000,answer7 ,249.28996,0.8300264,0.014818937,0.008629247,0.0901579,15.993472,1.9086523,1.620588,0.13604173,0.026832955,0.08103159,0.41165638,1.0120684,0.9604222,1.7986317,1.9731642,1.3083061,1.458589,2.5601456,2.6369936,2.5530174,1.4464856,1.582306,1.88943,2.3504813,2.3765008,2.4607048,3.535516,2.2749014,1.5070673,1.5240825,1.4346641,0.9563883,0.7265871,0.67593,0.64020866,5.140534,0.1378847,244.04297,459.375,502.4414,545.5078,0.68955094,415.3127,2.780264,51522.934,8.210353,257.1398,-0.88412887,0.4412302,3.0043857,38.242603,5.8937383,-4.4863944,-44.629852,-13.41861,-5.0699005,-22.56328,-29.5158,-25.798803,-4.3591595,-20.359535,7.912522,-33.392662,-22.04659,0 days 00:01:34.370226894,0 days 00:01:34.410226894
0 days 00:00:00.820000,0 days 00:00:00.860000,answer7 ,252.47578,0.83696294,0.0113859065,0.004818421,0.06611473,17.340609,2.0732474,1.7737093,0.14760353,0.025699168,0.07990038,0.3838806,1.0075868,0.97285557,1.8260866,2.3663857,1.562665,1.5634066,2.6091187,2.7513437,2.9526842,1.5587744,1.6354245,1.8249003,2.3278472,2.6731331,2.8634012,3.9540408,2.8628814,1.8216639,1.7040762,1.5825042,0.99279135,0.77700925,0.7403057,0.7217767,6.2869563,0.17705554,330.17578,488.08594,516.7969,559.8633,0.6754499,448.97314,2.7514133,53022.707,9.6304245,319.2743,-1.0264333,0.47583446,3.7420838,37.785213,4.3463645,-4.6342387,-50.592976,-13.768627,-3.769708,-23.156105,-28.027468,-21.280487,-2.690623,-17.699133,3.4109256,-33.78643,-19.490538,0 days 00:01:34.380226894,0 days 00:01:34.420226894
0 days 00:00:00.830000,0 days 00:00:00.870000,answer7 ,254.40791,0.8413368,0.009313376,0.0044651465,0.054268446,20.245321,2.121954,1.8740674,0.15406595,0.024376417,0.081640676,0.35499766,0.98053217,0.9879454,1.8273511,2.6574888,1.808362,1.7533802,2.433479,2.7953017,3.1821606,1.598937,1.6347204,1.7732245,2.2629516,2.875414,3.174139,4.1158147,3.3861513,2.0515678,1.8922621,1.6908518,1.0018771,0.85139585,0.77910614,0.7746992,7.25314,0.15659292,344.53125,502.4414,516.7969,559.8633,0.5610028,464.56613,2.694315,45173.887,10.350762,347.62976,-1.1383361,0.49398616,4.431867,37.81159,3.8523445,-5.2634506,-50.71805,-19.267698,-6.6808496,-20.878576,-24.917458,-22.973383,0.4938991,-17.505327,-2.1326258,-32.056995,-19.283518,0 days 00:01:34.390226894,0 days 00:01:34.430226894
0 days 00:00:00.840000,0 days 00:00:00.880000,answer7 ,255.65193,0.8432557,0.005970322,0.00523358,0.042333145,21.163958,2.1550803,1.9046135,0.15770893,0.02324263,0.08438655,0.32300746,0.92814857,0.9882598,1.7921525,2.7954721,1.9612478,1.9617501,2.1759477,2.781316,3.1940506,1.5919743,1.612218,1.8031577,2.272537,3.0001934,3.3352747,3.8832467,3.559538,2.1873186,2.020316,1.7344908,0.99772567,0.9522551,0.79595166,0.7880134,7.3522773,0.18997145,358.88672,516.7969,516.7969,617.28516,0.4187684,478.4014,2.6797898,47788.406,12.546127,515.3449,-1.1431199,0.50766075,4.7265625,37.175137,3.4186668,-6.3945293,-50.050537,-20.055565,-8.123569,-16.104906,-25.361908,-24.478525,0.8851668,-13.38111,-4.585175,-27.520864,-19.96516,0 days 00:01:34.400226894,0 days 00:01:34.440226894
0 days 00:00:00.850000,0 days 00:00:00.890000,answer7 ,256.55887,0.8440872,0.0047563273,0.004264612,0.035597928,22.353045,2.1542947,1.8691044,0.15991634,0.02324263,0.08763508,0.29729176,0.872099,0.97722864,1.7184634,2.7801342,1.9810816,2.082584,1.9842067,2.769619,2.9476416,1.5530362,1.5553284,1.8866706,2.3809357,3.0090454,3.3741395,3.3658047,3.3256042,2.2366579,2.0382254,1.7338772,1.0240682,1.0604095,0.79955244,0.75537044,7.6205506,0.23891823,301.46484,516.7969,516.7969,674.70703,0.32442614,477.9285,2.6957963,48369.73,12.136238,485.04575,-1.1870776,0.50689393,4.957966,37.937153,4.538284,-7.8138123,-49.9016,-18.768715,-12.8361025,-8.054901,-29.659353,-26.402868,-2.4110072,-11.920605,-1.1898891,-26.955366,-22.348572,0 days 00:01:34.410226894,0 days 00:01:34.450226894
0 days 00:00:00.860000,0 days 00:00:00.900000,answer7 ,257.56897,0.84347945,0.0036546818,0.004427224,0.029776797,22.506304,2.2047555,1.7932826,0.16565418,0.023431594,0.09058396,0.2832761,0.83345824,0.96854687,1.6270834,2.6631453,1.910192,2.1026838,1.9521726,2.8071148,2.5550234,1.5311407,1.5202907,1.9586476,2.4618368,2.8328972,3.27861,2.7615616,2.8159513,2.1666982,1.9845814,1.745388,1.1215973,1.1413126,0.8035802,0.7079715,8.020261,0.3252404,301.46484,516.7969,516.7969,746.4844,0.31242594,483.807,2.7384017,54138.688,13.532788,568.7542,-1.2583903,0.51179934,5.303744,38.674538,5.024225,-12.055027,-48.791153,-15.532891,-16.74076,-3.3747628,-32.645603,-27.620806,-4.1331697,-11.7145605,1.7845172,-26.034658,-23.24643,0 days 00:01:34.420226894,0 days 00:01:34.460226894
0 days 00:00:00.870000,0 days 00:00:00.910000,answer7 ,258.30762,0.8417761,0.003513797,0.0034974208,0.028693369,24.278131,2.1907194,1.7014786,0.16831948,0.023431594,0.094519615,0.28055707,0.81680673,0.972095,1.5207301,2.4965155,1.8296562,2.086481,1.9876889,2.8542278,2.2095964,1.5406203,1.504563,2.0049555,2.4329088,2.5563984,3.0249193,2.2218664,2.2827065,2.004052,1.9136586,1.739987,1.2489132,1.1682414,0.80038404,0.64539427,8.251273,0.2904664,287.10938,516.7969,516.7969,760.83984,0.3851628,473.11978,2.7892876,53878.613,12.853202,523.3054,-1.3194373,0.50078547,5.621673,40.73965,5.8789544,-14.276202,-45.568233,-14.787974,-20.997053,-0.22116911,-30.86052,-30.44676,-3.6051056,-15.048638,-1.8979231,-24.01024,-23.581919,0 days 00:01:34.430226894,0 days 00:01:34.470226894
0 days 00:00:00.880000,0 days 00:00:00.920000,answer7 ,259.00598,0.8417235,0.0036807202,0.0041373116,0.029689675,23.554106,2.1606562,1.5940733,0.17236479,0.023620559,0.096558295,0.2887283,0.82015055,0.9907616,1.4164557,2.324155,1.7940942,2.1015527,1.9288677,2.737058,1.9816135,1.5534598,1.5001062,2.01849,2.3298652,2.2777483,2.642062,1.7907037,1.8203243,1.765845,1.8219754,1.6331202,1.2953749,1.1164279,0.7952563,0.6051503,8.476653,0.20633,272.7539,516.7969,516.7969,775.1953,0.38382676,460.81656,2.8284588,51029.51,11.162128,479.2179,-1.3907963,0.48831347,5.740146,42.54951,6.6926646,-15.776291,-42.214024,-18.906898,-22.093328,-1.6850319,-25.984732,-32.812595,-5.449758,-19.861826,-6.967819,-23.522429,-22.418793,0 days 00:01:34.440226894,0 days 00:01:34.480226894
0 days 00:00:00.890000,0 days 00:00:00.930000,answer7 ,259.53458,0.8425584,0.0030102637,0.0024800508,0.028837407,23.961718,2.1296957,1.4858646,0.17710708,0.023620559,0.09714397,0.3010876,0.8300937,1.0130616,1.3131624,2.158964,1.8000978,2.1534839,1.762846,2.4505439,1.8352003,1.5536283,1.5004778,1.9990989,2.1875162,2.0871143,2.2481852,1.4987274,1.5067347,1.571345,1.6659912,1.4358724,1.2265836,1.0357208,0.804574,0.5952262,8.7390785,0.119204484,258.39844,516.7969,516.7969,775.1953,0.37851062,452.30954,2.8390744,46330.047,9.930627,499.52832,-1.4579315,0.479942,6.405646,43.800644,7.7773347,-16.177307,-40.529186,-23.41279,-20.688028,-3.593235,-22.498182,-31.765478,-11.168466,-21.177805,-10.06582,-23.453127,-20.841993,0 days 00:01:34.450226894,0 days 00:01:34.490226894
0 days 00:00:00.900000,0 days 00:00:00.940000,answer7 ,259.68753,0.8449064,0.0027340446,0.001739126,0.022858292,23.909716,2.1141932,1.3713056,0.1813301,0.02362056,0.09677827,0.31429827,0.835954,1.0277513,1.2272204,2.0196702,1.820879,2.2169158,1.5497414,2.0818892,1.5960808,1.4963216,1.4641509,1.9171678,2.054282,1.9262652,1.9101387,1.3225541,1.3280789,1.4441944,1.4508947,1.1891898,1.0514588,0.92772657,0.7956795,0.5886645,9.284747,0.08575555,258.39844,516.7969,531.15234,775.1953,0.28400454,458.8773,2.8500109,42429.81,7.5659866,388.26196,-1.5727707,0.486631,6.8808537,46.15793,8.452705,-14.77872,-42.520256,-28.262487,-18.721346,-4.1006775,-14.520474,-35.615692,-15.467196,-20.337637,-10.839286,-20.751005,-20.353506,0 days 00:01:34.460226894,0 days 00:01:34.500226894
0 days 00:00:00.910000,0 days 00:00:00.950000,answer7 ,259.44785,0.8474266,0.00259077,0.0011990514,0.015511517,24.99714,2.1391194,1.2831593,0.18451273,0.023620559,0.09706932,0.31872597,0.82274884,1.0193075,1.1652745,1.9102517,1.8399467,2.2695673,1.4128923,1.8092738,1.3431268,1.4125298,1.4086933,1.7975584,1.9366975,1.7899498,1.6843624,1.2317183,1.2817587,1.4224335,1.2656068,0.9948497,0.88652223,0.8598934,0.7905509,0.5908304,9.09901,0.085236974,258.39844,516.7969,545.5078,775.1953,0.29872194,475.8278,2.88169,44420.125,7.964203,448.2504,-1.5886889,0.5027385,7.471096,45.808926,9.373049,-15.678566,-43.992676,-28.997873,-16.011312,-4.3996134,-10.760602,-37.092506,-16.100174,-18.037998,-13.790837,-16.982336,-20.785994,0 days 00:01:34.470226894,0 days 00:01:34.510226894
0 days 00:00:00.920000,0 days 00:00:00.960000,answer7 ,258.39114,0.84843683,0.0019782588,0.0014652129,0.01577391,25.00836,2.176411,1.230753,0.17795259,0.02324263,0.098153554,0.3118792,0.78603697,0.98383826,1.1104022,1.8027853,1.8558115,2.3076086,1.3717251,1.6846544,1.1586306,1.3327624,1.3531405,1.6817774,1.8310848,1.6895164,1.522453,1.1703616,1.2971958,1.5093976,1.2575647,0.9193118,0.762816,0.82917804,0.7828455,0.5886421,7.898109,0.12841742,272.7539,516.7969,631.6406,775.1953,0.39054203,504.17847,2.9640524,51251.312,6.346157,287.69693,-1.4842535,0.5282442,6.6746716,44.792988,8.64721,-17.27806,-48.37506,-22.788828,-17.488253,-3.9156768,-6.9607277,-43.727173,-11.562644,-19.872023,-15.468026,-14.993823,-23.096146,0 days 00:01:34.480226894,0 days 00:01:34.520226894
0 days 00:00:00.930000,0 days 00:00:00.970000,answer7 ,256.44754,0.8449027,0.002172623,0.0019662967,0.022789488,23.731932,2.2611609,1.2369622,0.16649538,0.024754345,0.09541833,0.29590726,0.7298355,0.9221421,1.04817,1.6636642,1.8703521,2.3233538,1.4222813,1.7134819,1.2066094,1.2934852,1.3407332,1.6247377,1.740643,1.6175119,1.4521564,1.1785363,1.3439955,1.7064205,1.5221653,1.0148255,0.73047847,0.85844177,0.8282022,0.6174617,6.1710167,0.2570043,287.10938,516.7969,703.41797,789.5508,0.46837008,538.32684,3.0751781,67091.91,6.8061237,263.80942,-1.2940567,0.55752724,5.5682774,40.276985,7.786844,-22.434998,-51.25194,-14.956306,-17.092657,-7.37087,-10.609511,-45.513233,-8.454476,-23.634996,-14.847217,-18.31001,-27.175842,0 days 00:01:34.490226894,0 days 00:01:34.530226894
0 days 00:00:00.940000,0 days 00:00:00.980000,answer7 ,253.56465,0.83747524,0.0023509539,0.0025383409,0.03418352,23.641348,2.2701871,1.30452,0.1459684,0.029667422,0.08832809,0.27590725,0.661928,0.8396538,0.96505445,1.4753742,1.8505462,2.2660825,1.5337359,1.8550993,1.5310215,1.3101727,1.3822285,1.6087627,1.6369988,1.5314306,1.4747868,1.3044294,1.3979925,2.0357478,2.1030562,1.3342175,0.79469466,0.9895881,0.96787757,0.70280105,4.360824,0.3387375,287.10938,516.7969,775.1953,803.90625,0.60193104,566.3191,3.2184842,109605.31,6.8025146,158.26239,-1.0103992,0.5780008,3.982952,35.422634,8.413416,-26.337805,-53.903942,-5.4705453,-15.923133,-11.76162,-12.799828,-46.79294,-4.7393613,-27.590006,-13.681468,-18.094435,-33.332874,0 days 00:01:34.500226894,0 days 00:01:34.540226894
0 days 00:00:00.950000,0 days 00:00:00.990000,answer7 ,252.57484,0.8295012,0.0036030523,0.0035089527,0.038416985,23.60554,2.120735,1.4026371,0.11745604,0.036659107,0.07973283,0.2557381,0.58757824,0.7399439,0.85509986,1.2352933,1.7374376,2.0390847,1.6201609,1.9754282,2.025843,1.3683048,1.4808985,1.6091995,1.5020205,1.4052695,1.6128443,1.6111788,1.4414672,2.4982128,2.9067745,1.8025635,0.90741545,1.1870515,1.1479242,0.8361003,2.682647,0.33575344,272.7539,502.4414,760.83984,890.03906,0.8226421,596.67596,3.3954363,263035.03,6.1255836,95.69284,-0.6563002,0.58645576,2.522339,30.05213,7.6384697,-24.253462,-51.317722,2.3207695,-12.124225,-19.535542,-14.450623,-41.04266,-3.1481888,-32.100086,-9.948232,-17.124296,-38.82863,0 days 00:01:34.510226894,0 days 00:01:34.550226894
0 days 00:00:00.960000,0 days 00:00:01,answer7 ,252.5829,0.8250657,0.004457924,0.0043960526,0.044603508,23.883804,2.032208,1.5126446,0.09427896,0.04195011,0.07773445,0.23557246,0.5091126,0.6271801,0.7337938,0.99329835,1.5506676,1.7136297,1.6104311,1.9751396,2.5932865,1.4790759,1.6048479,1.595805,1.3555998,1.2786306,1.8825426,2.0972557,1.5098467,3.0954297,3.7292283,2.2421901,1.0535884,1.441295,1.3391638,1.0044113,1.4554052,0.3043905,344.53125,574.21875,760.83984,1033.5938,0.91259795,673.531,3.5675316,406060.4,5.2692814,50.289684,-0.39426064,0.63766885,1.4345862,25.845617,6.979734,-21.86365,-49.456463,9.802721,-6.905403,-22.721773,-10.678245,-31.42262,1.2885742,-33.01238,-10.034515,-13.382728,-37.74991,0 days 00:01:34.520226894,0 days 00:01:34.560226894
0 days 00:00:00.960000,0 days 00:00:01.000997732,answer7 ,253.79652,0.82334644,0.0064536277,0.0061700414,0.12662058,14.105545,2.063464,1.606464,0.0853105,0.043650795,0.08375301,0.21335799,0.43284336,0.51896924,0.62706006,0.8063462,1.3420991,1.4077868,1.5191251,1.8813475,3.0679734,1.7224184,1.722621,1.6304413,1.2794063,1.2151252,2.1273267,2.576834,1.62278,3.708783,4.313514,2.5327976,1.1856333,1.6650244,1.4238409,1.1408554,1.0145894,0.38766637,430.66406,660.35156,775.1953,1119.7266,0.9098501,735.035,3.640832,455194.88,4.7711062,34.454327,-0.31478748,0.6865344,1.2313007,23.874372,2.5243082,-22.303236,-46.803375,14.287151,-8.319932,-23.723639,-6.585447,-26.75105,4.2077985,-29.07487,-9.787388,-14.205436,-31.159689,0 days 00:01:34.520226894,0 days 00:01:34.561224626
0 days 00:00:00,0 days 00:00:00.040000,answer8 ,0.0,0.54578316,0.0,0.0,0.0,-100.0,0.8094828,0.98834115,0.012625445,0.21107332,0.12921618,0.27204838,0.41952792,0.5544473,0.66972893,0.76589614,0.84702843,0.9178292,0.9822495,1.0430994,1.1020993,1.1600702,1.2171308,1.2728368,1.3262117,1.3755809,1.4180565,1.4484811,1.4578775,1.432704,1.3587462,1.2323397,1.069155,0.8959276,0.7342484,0.5943311,0.0062404214,0.008400422,3517.0898,4521.9727,6115.4297,7306.9336,0.04936208,4525.398,6.6268773,5.6328065e+06,-0.1800717,3.0068245,-0.0047609266,2.9983685,0.018011533,-11.171558,26.318552,9.228745,-18.907715,-5.8772907,-6.690428,-8.600306,-1.857378,-6.5194316,-13.430547,-11.209184,-5.433189,0.45616722,1.2512121,0 days 00:01:56.249582916,0 days 00:01:56.289582916
0 days 00:00:00.010000,0 days 00:00:00.050000,answer8 ,0.0,0.5685386,0.0,0.0,0.0,-100.0,0.74347967,0.98834115,0.011379596,0.19671202,0.12921618,0.27204838,0.41952792,0.5544473,0.66972893,0.76589614,0.84702843,0.9178292,0.9822495,1.0430994,1.1020993,1.1600702,1.2171308,1.2728368,1.3262117,1.3755809,1.4180565,1.4484811,1.4578775,1.432704,1.3587462,1.2323397,1.069155,0.8959276,0.7342484,0.5943311,0.0050078547,0.0059619523,3258.6914,4593.75,5943.164,7249.5117,0.08951808,4395.2734,6.5622153,6.1153665e+06,-0.15116043,2.8637743,-0.0039273812,2.921273,0.014876203,-9.971031,26.183306,8.784459,-14.744045,-2.2601135,-6.310604,-4.5621305,-3.8470304,-7.5067735,-15.385979,-16.383146,-1.6159989,-3.6172063,-2.7631576,0 days 00:01:56.259582916,0 days 00:01:56.299582916
0 days 00:00:00.020000,0 days 00:00:00.060000,answer8 ,0.0,0.596711,0.0,0.0,0.0,-100.0,0.6315229,0.98834115,0.009085937,0.17365836,0.12921618,0.27204838,0.41952792,0.5544473,0.66972893,0.76589614,0.84702843,0.9178292,0.9822495,1.0430994,1.1020993,1.1600702,1.2171308,1.2728368,1.3262117,1.3755809,1.4180565,1.4484811,1.4578775,1.432704,1.3587462,1.2323397,1.069155,0.8959276,0.7342484,0.5943311,0.0037169748,0.0031227267,2110.254,4134.375,5684.7656,7005.4688,0.12188244,3894.9426,6.426365,7.0098e+06,0.071870156,2.5701406,-0.0026807655,2.6150334,0.009803508,-6.387174,23.78154,4.1239014,-7.996082,6.3437953,-7.9120846,-3.6989012,-3.487161,-4.5065646,-16.623934,-20.59153,-3.2629502,-7.327368,-6.560478,0 days 00:01:56.269582916,0 days 00:01:56.309582916
0 days 00:00:00.030000,0 days 00:00:00.070000,answer8 ,0.0,0.6062414,0.0,0.0,0.0,-100.0,0.53045213,0.98834115,0.0068060514,0.14909297,0.12921618,0.27204838,0.41952792,0.5544473,0.66972893,0.76589614,0.84702843,0.9178292,0.9822495,1.0430994,1.1020993,1.1600702,1.2171308,1.2728368,1.3262117,1.3755809,1.4180565,1.4484811,1.4578775,1.432704,1.3587462,1.2323397,1.069155,0.8959276,0.7342484,0.5943311,0.0031031796,0.0016629138,1148.4375,2813.6719,4909.5703,6474.3164,0.09554865,3091.3584,6.145166,6.7532e+06,0.5414193,2.8406737,-0.0015792022,2.1146374,0.005422689,-1.2208744,19.320747,-0.14979275,-4.6583815,9.311303,-8.290041,1.2100295,-3.017328,3.4162114,-13.335888,-16.136795,-1.7869906,-5.489506,-5.1798577,0 days 00:01:56.279582916,0 days 00:01:56.319582916
0 days 00:00:00.040000,0 days 00:00:00.080000,answer8 ,0.0,0.61477906,0.0,0.0,0.0,-100.0,0.47120973,0.960445,0.005403265,0.12736206,0.13513322,0.26167014,0.39853218,0.52242714,0.66159123,0.7790052,0.8491909,0.925338,0.992466,1.0947818,1.142821,1.2481002,1.2217857,1.2949347,1.3205448,1.3424782,1.3466692,1.3442959,1.3545094,1.3141265,1.2368065,1.1371132,1.0017713,0.82483464,0.67799836,0.5426415,0.0024343792,0.0013404205,258.39844,1521.6797,4364.0625,5871.3867,0.07397525,2363.9712,6.03977,6.31101e+06,0.9596347,3.055751,-0.0010458535,1.6538486,0.002899171,2.8375924,13.547363,-3.6894758,-0.7438126,11.838124,-8.836702,2.8867981,1.2915945,9.1184845,-7.023933,-10.847641,-2.6133091,-6.4668617,-2.9647672,0 days 00:01:56.289582916,0 days 00:01:56.329582916
0 days 00:00:00.050000,0 days 00:00:00.090000,answer8 ,0.0,0.62083805,0.0,0.0,0.0,-100.0,0.46427163,0.9305661,0.004959019,0.10827664,0.14230265,0.24800467,0.36458752,0.48862875,0.68377566,0.80181855,0.8564863,0.9662016,0.99463505,1.2310816,1.2114955,1.3928939,1.2556677,1.3706756,1.3688154,1.3212113,1.2535727,1.2036184,1.2177087,1.1424593,1.0564291,0.98472214,0.87893754,0.7156716,0.5812778,0.4620379,0.0023650478,0.0015172823,272.7539,660.35156,3158.2031,5211.035,0.059847355,1800.61,5.898094,4.7884875e+06,1.4276476,4.433794,-0.000988749,1.2900643,0.0023523716,5.6084037,8.83288,-2.042635,-0.9727206,6.455046,-9.417314,5.2194943,-0.8420491,6.250786,-5.864716,-5.40642,3.0063374,-5.7265944,-0.93087035,0 days 00:01:56.299582916,0 days 00:01:56.339582916
0 days 00:00:00.060000,0 days 00:00:00.100000,answer8 ,0.0,0.6251785,0.0,0.0,0.0,-100.0,0.45574048,0.9066644,0.0049074288,0.09693878,0.15000844,0.24023503,0.3243803,0.47061566,0.7529066,0.80524373,0.8672859,1.0498415,0.99976414,1.4045945,1.2614106,1.5409752,1.281198,1.5501919,1.5297112,1.3152112,1.1736255,1.0323182,1.0697484,0.9519728,0.8612304,0.80595016,0.7177523,0.58343387,0.4643844,0.3692836,0.0021826802,0.0017530174,244.04297,588.5742,2397.3633,4120.0195,0.053296212,1531.7448,5.72868,3.7388688e+06,1.8744631,6.82823,-0.0010037281,1.1204146,0.0023270678,7.4750075,6.3725185,-1.6407789,2.0119245,5.7585244,-11.145812,5.5283446,2.4137886,-3.8539665,-6.72937,-3.7924051,1.5301441,-4.2354865,1.4658545,0 days 00:01:56.309582916,0 days 00:01:56.349582916
0 days 00:00:00.070000,0 days 00:00:00.110000,answer8 ,0.0,0.6202202,0.0,0.0,0.0,-100.0,0.44287255,0.9055732,0.0051203966,0.086167805,0.15445536,0.25618294,0.3010452,0.50332594,0.8135639,0.76013845,0.8841513,1.1358157,0.9455843,1.4949921,1.2808627,1.6015683,1.3170096,1.706802,1.718019,1.3550615,1.1507784,0.9443689,1.0309412,0.8701766,0.78109366,0.71411514,0.6010275,0.5079695,0.39395142,0.3219054,0.0022338387,0.0016995898,200.97656,358.88672,1248.9258,2899.8047,0.056114286,1079.2821,5.0578136,2.535414e+06,2.5536067,10.567424,-0.001242475,0.816988,0.0028315857,9.613396,6.715879,2.17045,4.015201,7.422562,-12.336399,5.583798,4.0133567,0.4940351,-7.184384,-6.7825904,-2.4764824,-2.9262598,5.544684,0 days 00:01:56.319582916,0 days 00:01:56.359582916
0 days 00:00:00.080000,0 days 00:00:00.120000,answer8 ,0.0,0.620934,0.0,0.0,0.0,-100.0,0.44449484,0.90735817,0.0054357536,0.0782313,0.15720868,0.28577414,0.29470697,0.5561914,0.84686714,0.7097981,0.88122004,1.1664457,0.8791444,1.4449075,1.2893268,1.6218554,1.3624163,1.8109654,1.8232948,1.428235,1.1668543,0.88892096,1.0165344,0.85610324,0.77096444,0.6840339,0.52931374,0.46405149,0.35807836,0.29810274,0.0021870171,0.0019144624,172.26562,330.17578,1205.8594,2727.539,0.06416289,1043.097,4.9689937,2.3045512e+06,2.6005316,11.099419,-0.0012711709,0.7899191,0.0029264635,9.859832,5.612539,4.3032985,6.131017,8.472197,-15.970691,3.5468075,5.6256843,0.56092435,-1.2874012,-10.828415,-3.988824,-0.16831224,2.7453225,0 days 00:01:56.329582916,0 days 00:01:56.369582916
0 days 00:00:00.090000,0 days 00:00:00.130000,answer8 ,0.0,0.6265013,0.0,0.0,0.0,-100.0,0.5043948,0.9263502,0.006299414,0.06972789,0.1558735,0.3069832,0.30495748,0.6120935,0.86313915,0.7128556,0.87690353,1.1455005,0.8202026,1.3887621,1.3852569,1.691408,1.4881315,1.8560123,1.7776781,1.5833994,1.239364,0.8789379,1.0310585,0.8871966,0.79453063,0.69648355,0.5003236,0.44242,0.3528423,0.29279003,0.005720644,0.0034869472,229.6875,373.2422,1234.5703,2770.6055,0.07924492,1056.815,4.973839,2.2308918e+06,2.8425667,13.2974,-0.0018526731,0.81165457,0.0037300056,9.665687,2.3690577,3.3174393,4.0681252,4.439785,-16.567186,-4.771032,-2.2313478,2.3672628,1.6128807,-13.41893,-2.1435997,0.68371373,-0.7001626,0 days 00:01:56.339582916,0 days 00:01:56.379582916
0 days 00:00:00.100000,0 days 00:00:00.140000,answer8 ,0.0,0.67699486,0.0,0.0,0.0,-66.05605,0.5675687,0.98512626,0.010859564,0.058012094,0.14556594,0.3130282,0.34872007,0.6886151,0.9406326,0.8395148,0.88656217,1.1381358,0.85974675,1.4406396,1.4919972,1.7739557,1.6974401,1.9401125,1.7021056,1.8261741,1.4122901,0.9334486,1.0833199,0.9550197,0.83886105,0.74565727,0.5043859,0.4385635,0.3679367,0.30085257,0.012604788,0.004226484,272.7539,416.3086,1205.8594,2713.1836,0.094404764,1036.3715,5.0331306,1.9511624e+06,3.340643,19.249367,-0.002883884,0.8186302,0.0069122757,11.699515,0.76244456,1.4471811,-0.56948715,-1.994236,-21.598745,-7.5288806,-5.281998,-7.2174478,-2.886515,-13.239597,0.9720626,0.28943714,-8.338702,0 days 00:01:56.349582916,0 days 00:01:56.389582916
0 days 00:00:00.110000,0 days 00:00:00.150000,answer8 ,194.42389,0.7285301,0.0,0.0,0.0,-32.180126,0.78606796,1.1264448,0.019121014,0.048752833,0.13358966,0.3302488,0.458251,0.86044663,1.1689926,1.1930618,1.0392957,1.2450176,1.0783451,1.720562,1.6460375,1.9380713,2.0513113,2.1753829,1.7484673,2.1079986,1.6802392,1.0564567,1.181507,1.0237834,0.9211066,0.82326,0.53087515,0.4488293,0.40191117,0.32451585,0.10118597,0.013167341,287.10938,401.95312,818.2617,1550.3906,0.23272122,760.5341,4.4883695,1.1100126e+06,4.623261,36.953995,-0.020058393,0.6604655,0.056396544,17.634321,0.09674176,-1.4558884,-4.616069,-7.1984696,-25.106138,-9.317863,-6.5288663,-4.5435863,-4.9458437,-17.963411,1.9750179,-5.466152,-13.051846,0 days 00:01:56.359582916,0 days 00:01:56.399582916
0 days 00:00:00.120000,0 days 00:00:00.160000,answer8 ,193.72974,0.7855254,0.0,0.0,0.0,1.7526058,0.9444038,1.3346041,0.028459312,0.04270597,0.13425942,0.40138617,0.6363105,1.1308275,1.511877,1.8895645,1.4854938,1.5929438,1.4688662,2.1051161,1.836958,2.1601326,2.473585,2.4300573,1.91296,2.2834017,1.9407107,1.2135383,1.2765846,1.0800304,1.0221516,0.90493554,0.5667313,0.46377996,0.42874178,0.34876,0.19960399,0.016462049,301.46484,430.66406,602.9297,1019.2383,0.3071263,592.7844,3.9038765,485939.4,6.2104278,74.60111,-0.03942495,0.56432533,0.12474644,23.400122,1.3537202,-3.4624984,-9.833098,-8.023164,-25.547882,-3.2275836,2.0294354,-2.7761223,-4.3034835,-25.436531,-1.323408,-8.658997,-16.095604,0 days 00:01:56.369582916,0 days 00:01:56.409582916
0 days 00:00:00.130000,0 days 00:00:00.170000,answer8 ,192.63445,0.8025847,0.0,0.0,0.07165525,4.939642,1.1223685,1.5848374,0.03378434,0.041572183,0.14769754,0.5333279,0.8140662,1.413793,1.9093179,2.8902798,2.2507553,2.2231686,1.9904729,2.4649818,2.0747159,2.4741256,2.8373835,2.6382911,2.1123335,2.378507,2.2255766,1.3516641,1.3120197,1.1393414,1.1589102,0.974899,0.6093406,0.4683107,0.43957376,0.37291762,0.2784951,0.021199306,401.95312,531.15234,645.9961,746.4844,0.32536396,579.11676,3.6355102,206319.05,7.151449,96.93597,-0.056091,0.5776663,0.18993849,26.50074,-1.1427875,-7.4420414,-15.710553,-11.200221,-23.319359,-1.4486613,2.4885042,-0.6064885,2.0930893,-32.501358,-1.8574663,-6.2097764,-17.296667,0 days 00:01:56.379582916,0 days 00:01:56.419582916
0 days 00:00:00.140000,0 days 00:00:00.180000,answer8 ,192.1989,0.80573934,0.013200875,0.014946749,0.05583614,9.008767,1.1158568,1.8027979,0.034822095,0.042517006,0.16513117,0.6591367,0.8989945,1.5773959,2.2150486,3.8505466,3.0803986,3.0543728,2.5158093,2.6842773,2.3599508,2.733245,2.9321764,2.6537187,2.1932075,2.4808464,2.5416367,1.4275293,1.3192207,1.2336906,1.3186501,1.0307549,0.65074855,0.45811942,0.43910015,0.3990394,0.26591238,0.016304247,488.08594,574.21875,689.0625,775.1953,0.1951866,610.0358,3.508959,205166.25,7.3323207,97.427284,-0.054714393,0.60904294,0.20343511,26.246367,-1.1428142,-8.31793,-21.967773,-10.341903,-17.418615,4.0916443,6.5285354,-4.4834075,7.8438745,-34.17175,-4.4009056,-2.1394503,-14.144524,0 days 00:01:56.389582916,0 days 00:01:56.429582916
0 days 00:00:00.150000,0 days 00:00:00.190000,answer8 ,191.62831,0.79890317,0.009810355,0.012222398,0.08693575,13.83535,1.1116195,1.8958864,0.03301631,0.045729402,0.1730339,0.7142083,0.8662501,1.5705028,2.2806995,4.2885165,3.4780152,3.729285,2.8501282,2.689617,2.5413384,2.789059,2.69431,2.481326,2.0940115,2.6197624,2.7993743,1.3867365,1.3209795,1.3564353,1.4949774,1.0901264,0.6922268,0.43734464,0.43230978,0.42247283,0.23688222,0.016516037,488.08594,574.21875,689.0625,775.1953,0.13416041,620.56714,3.6221435,263408.66,6.725654,74.90691,-0.050058138,0.6124999,0.1896315,25.576065,-0.55945325,-7.837841,-24.541573,-7.3972473,-17.540764,3.8752947,1.7354217,-6.3474975,14.646667,-37.457172,-4.472691,-0.3694851,-11.827979,0 days 00:01:56.399582916,0 days 00:01:56.439582916
0 days 00:00:00.160000,0 days 00:00:00.200000,answer8 ,190.27905,0.78472203,0.007721167,0.0070100427,0.07292204,14.586173,1.0519263,1.8641766,0.028783089,0.052532125,0.17044081,0.6935088,0.79046947,1.4702777,2.1877577,4.081108,3.3421583,3.910799,2.85828,2.56859,2.6157272,2.6084893,2.341557,2.2336557,1.9279957,2.7296398,2.9099214,1.3039464,1.3748908,1.4632044,1.6733322,1.1737165,0.74735755,0.4206154,0.42904273,0.44210967,0.18488155,0.0134948455,416.3086,559.8633,689.0625,775.1953,0.14405017,617.20087,3.7765656,366276.5,6.0716934,56.394764,-0.04047356,0.5992286,0.14954974,24.371817,1.2005225,-5.168158,-25.203821,-4.2297235,-19.714025,3.4749966,1.9501234,-9.99065,15.196236,-36.540043,-4.724214,-4.169913,-10.13572,0 days 00:01:56.409582916,0 days 00:01:56.449582916
0 days 00:00:00.170000,0 days 00:00:00.210000,answer8 ,189.53334,0.7479109,0.0055905078,0.0066517475,0.09728411,-23.358881,0.931983,1.7059592,0.022626853,0.062169313,0.16433892,0.63818306,0.72495,1.3392504,1.9497973,3.354739,2.7584085,3.4911125,2.4929936,2.2847757,2.4635477,2.2454858,2.0023146,1.973677,1.816543,2.6438296,2.7104995,1.1922833,1.4444829,1.5133982,1.7534704,1.2832891,0.8114523,0.4161186,0.42682192,0.45917407,0.122613154,0.010285641,315.8203,502.4414,631.6406,890.03906,0.18918924,628.6691,3.9500687,652087.1,5.3188796,43.515728,-0.0277674,0.58482844,0.09523555,21.772211,3.699726,-2.0959294,-19.245934,-3.1940498,-23.859972,2.1363127,-0.5056325,-13.695595,12.644118,-32.561703,-2.1157057,-7.726809,-3.6701386,0 days 00:01:56.419582916,0 days 00:01:56.459582916
0 days 00:00:00.180000,0 days 00:00:00.220000,answer8 ,0.0,0.69350713,0.0,0.0,0.0,-62.118195,0.7869236,1.5088276,0.016091572,0.0718065,0.14828192,0.5615427,0.6657917,1.2131499,1.6884815,2.5046933,2.0904067,2.707381,1.8996471,1.9706478,2.1674287,1.8462901,1.8189341,1.8355907,1.8815279,2.4234626,2.392267,1.1189845,1.4972296,1.4731802,1.6998829,1.3946167,0.87913483,0.4345913,0.43715617,0.479213,0.05533944,0.0064252242,301.46484,445.01953,689.0625,1492.9688,0.18929839,769.2338,4.247707,1.1812179e+06,4.0525975,25.816132,-0.013524993,0.6581924,0.043744564,16.672995,3.3912344,1.1376973,-12.52203,-7.403418,-30.509928,1.5376736,-2.653859,-16.964699,8.434128,-26.821562,-1.3828163,-14.232625,-2.633911,0 days 00:01:56.429582916,0 days 00:01:56.469582916
0 days 00:00:00.190000,0 days 00:00:00.230000,answer8 ,0.0,0.65136904,0.0,0.0,0.0,-100.0,0.6681877,1.3022579,0.011366856,0.0776644,0.12989752,0.45776784,0.5868562,1.0688926,1.3348895,1.7009773,1.4801273,1.9535111,1.329449,1.5856408,1.7690598,1.4855036,1.6939327,1.8413448,2.057785,2.1608822,2.0011015,1.0385429,1.4850706,1.4004701,1.5052742,1.4612833,0.90564185,0.4720017,0.4572376,0.49556088,0.02489151,0.005376112,287.10938,445.01953,1004.8828,1981.0547,0.16109292,919.1309,4.507526,1.6002021e+06,3.1330214,15.660316,-0.005974995,0.74381906,0.017791264,13.151135,2.5282142,3.1670182,-3.811329,-6.9265156,-33.55785,5.555535,0.6545283,-21.221207,0.95421726,-26.020288,-2.877673,-10.641002,3.8626435,0 days 00:01:56.439582916,0 days 00:01:56.479582916
0 days 00:00:00.200000,0 days 00:00:00.240000,answer8 ,0.0,0.6265931,0.0,0.0,0.0,-100.0,0.6245382,1.1403044,0.009018616,0.07842026,0.109991185,0.34426454,0.48514095,0.87631655,0.9620468,1.129728,1.0620974,1.4179406,0.9218531,1.2811812,1.4534311,1.2534837,1.6673579,1.9413381,2.219799,2.0061312,1.7079636,0.9587081,1.4033107,1.330126,1.2971295,1.4475776,0.8831801,0.5169069,0.47347343,0.49743506,0.011216905,0.006689628,430.66406,760.83984,1449.9023,2799.3164,0.11762259,1223.7903,5.0310674,1.8502626e+06,2.4871607,11.304089,-0.0032377858,0.94539976,0.010348758,10.42053,-3.3675811,1.4477414,-0.5189754,-3.4012487,-32.034492,8.867148,6.4902167,-18.42366,2.290452,-25.384146,-7.987299,-10.58385,-0.45296606,0 days 00:01:56.449582916,0 days 00:01:56.489582916
0 days 00:00:00.210000,0 days 00:00:00.250000,answer8 ,0.0,0.6203121,0.0,0.0,0.0,-100.0,0.6036547,1.0402321,0.007895316,0.0776644,0.100640625,0.26009175,0.40452155,0.6768658,0.65896183,0.78916544,0.8493964,1.1385611,0.7557803,1.102532,1.2541423,1.1342125,1.7038339,2.0242813,2.275657,1.9846987,1.5388384,0.91866136,1.3059567,1.3329811,1.1681191,1.3442807,0.8207733,0.5556338,0.47448292,0.47296217,0.0065552476,0.0066431905,401.95312,832.6172,1765.7227,2871.0938,0.100285105,1272.5874,5.2535977,1.84489e+06,2.3889935,11.339829,-0.0025383912,0.96965235,0.0071435063,10.558595,-5.107365,3.9882996,-0.20660432,0.57573926,-23.012146,14.021142,8.126182,-19.37398,-1.0905427,-23.448158,-9.246821,-4.914235,-3.181197,0 days 00:01:56.459582916,0 days 00:01:56.499582916
0 days 00:00:00.220000,0 days 00:00:00.260000,answer8 ,0.0,0.61101025,0.0,0.0,0.0,-100.0,0.59072214,0.9896109,0.00720543,0.07955404,0.102567434,0.22038747,0.3526536,0.5119641,0.49767002,0.6543184,0.77301806,0.99972326,0.74495715,1.0887598,1.1723439,1.0956436,1.717927,2.010265,2.185272,2.054189,1.4615827,0.9078848,1.2369661,1.38276,1.1283374,1.1972479,0.7539286,0.58340836,0.45863613,0.43747148,0.0050078942,0.0061770934,401.95312,846.97266,1794.4336,2942.871,0.089244045,1289.1748,5.4557986,1.8414951e+06,2.326909,10.97487,-0.002188189,0.9791705,0.005263182,11.138593,-5.5757174,3.6862316,-2.144443,0.9943655,-20.706888,14.423127,7.363678,-16.529207,6.20044,-16.198275,-10.650094,-6.610245,-9.111095,0 days 00:01:56.469582916,0 days 00:01:56.509582916
0 days 00:00:00.230000,0 days 00:00:00.270000,answer8 ,0.0,0.6082587,0.0,0.0,0.0,-100.0,0.573001,0.96408623,0.0067294524,0.0835223,0.11070002,0.20988755,0.33192044,0.433079,0.47046876,0.6422182,0.751733,0.90347546,0.7851014,1.1468083,1.1026506,1.0255736,1.6315784,1.8968071,2.0578022,2.1147788,1.4851245,0.9286917,1.2519678,1.4187297,1.1333145,1.071288,0.70854616,0.60309964,0.44995287,0.40094265,0.0070880516,0.004590715,301.46484,574.21875,1751.3672,2670.1172,0.078981064,1137.7689,5.3713937,1.8169921e+06,2.358709,10.717377,-0.0022082983,0.8722145,0.0045768227,11.981849,-1.9882193,7.9646,-4.5968494,-4.7680645,-21.608732,13.333672,3.0481536,-17.59262,6.329188,-8.43405,-5.687471,-3.3760211,-8.305992,0 days 00:01:56.479582916,0 days 00:01:56.519582916
0 days 00:00:00.240000,0 days 00:00:00.280000,answer8 ,0.0,0.6025258,0.0,0.0,0.0,-100.0,0.55158013,0.9399683,0.006471757,0.08711263,0.12311866,0.21152754,0.3218872,0.42345336,0.5077519,0.6600943,0.7446858,0.8192032,0.8155281,1.1066972,0.9971418,0.9256584,1.4379975,1.7834826,1.9373342,2.0975907,1.522213,0.92439556,1.3184556,1.4352468,1.1407019,1.0108716,0.6861661,0.63735056,0.46570516,0.3849149,0.005844316,0.003947047,287.10938,602.9297,1894.9219,3201.2695,0.076041885,1257.4612,5.4737935,2.129926e+06,2.1258209,9.219808,-0.0019289352,0.9410736,0.003946695,10.333692,0.68174046,8.765796,-3.9420786,-7.1879535,-22.923737,16.680098,10.287822,-16.437735,6.032286,-6.495626,-7.414514,-0.0647254,-6.2220345,0 days 00:01:56.489582916,0 days 00:01:56.529582916
0 days 00:00:00.250000,0 days 00:00:00.290000,answer8 ,0.0,0.60406345,0.0,0.0,0.0,-100.0,0.520232,0.9098864,0.006062295,0.08503401,0.1278708,0.20685582,0.298318,0.44130144,0.57262653,0.6658691,0.70729226,0.71600384,0.78254145,0.9866133,0.8829667,0.8247981,1.2628387,1.7022702,1.9022032,1.9501871,1.5369197,0.9051036,1.397386,1.424006,1.1350918,0.97659355,0.67142725,0.6816303,0.5083129,0.3900199,0.005360592,0.003657013,315.8203,559.8633,1981.0547,3258.6914,0.07479365,1309.3175,5.3998837,2.2046192e+06,2.0104263,8.468365,-0.0016275229,0.97095513,0.0033241932,8.403441,1.1893883,10.530398,-1.3992859,-11.633925,-25.5587,9.447421,10.080173,-16.542158,4.5020905,1.9272608,-2.5304906,3.7464268,-5.6765494,0 days 00:01:56.499582916,0 days 00:01:56.539582916
0 days 00:00:00.260000,0 days 00:00:00.300000,answer8 ,0.0,0.6086156,0.0,0.0,0.0,-100.0,0.46782985,0.86683464,0.005300281,0.0782313,0.12802362,0.19641133,0.2669645,0.4518527,0.6096558,0.6066305,0.633233,0.631009,0.7211036,0.8163326,0.7627692,0.75775003,1.144244,1.6522923,1.8599949,1.7023832,1.4735875,0.8962982,1.4052373,1.417395,1.1182137,0.9303805,0.6505421,0.7372024,0.5629242,0.40526918,0.0030723643,0.0028427427,315.8203,559.8633,2067.1875,3761.1328,0.066329226,1427.3976,5.442346,2.5905532e+06,1.8481569,7.423921,-0.0011355977,1.0400748,0.0026748432,6.953173,2.5212088,9.567645,2.4834554,-7.9433312,-25.160866,7.960091,13.172721,-16.238504,1.1506574,4.0833697,-1.0567594,8.025069,-6.8215156,0 days 00:01:56.509582916,0 days 00:01:56.549582916
0 days 00:00:00.270000,0 days 00:00:00.310000,answer8 ,0.0,0.6384757,0.0,0.0,0.0,-100.0,0.41259876,0.80634815,0.004586125,0.06934996,0.120523565,0.18402277,0.23483181,0.44617307,0.6232962,0.52926373,0.5389244,0.5585006,0.63297796,0.71299475,0.68725824,0.72097677,1.0501087,1.5885423,1.791937,1.4170119,1.2837721,0.90773344,1.3122343,1.3394004,1.0692209,0.8469498,0.6115667,0.7511162,0.589791,0.41592422,0.0036076673,0.0021400985,330.17578,459.375,1607.8125,3014.6484,0.060221415,1216.8204,5.052096,2.1272412e+06,2.348055,10.946822,-0.0009482082,0.9162493,0.0023066083,9.054154,3.5291054,9.387759,3.4781876,-10.497862,-27.43168,1.9008552,9.214775,-19.527115,1.418786,7.92943,2.8664868,1.240872,-3.2063677,0 days 00:01:56.519582916,0 days 00:01:56.559582916
0 days 00:00:00.280000,0 days 00:00:00.320000,answer8 ,0.0,0.64039797,0.0,0.0,0.0,-100.0,0.4252187,0.74866945,0.005975316,0.06216931,0.11330304,0.17181213,0.22726743,0.45443523,0.64285356,0.47764602,0.46733096,0.51884836,0.58839935,0.7496949,0.7102266,0.73537856,0.95828086,1.4763808,1.663148,1.1650313,1.0815679,0.94138527,1.1646452,1.1748184,0.9932377,0.75452155,0.5625295,0.69716626,0.5693864,0.4061111,0.004785569,0.0041802158,330.17578,631.6406,1335.0586,2612.6953,0.06983164,1098.0182,4.889154,1.6644346e+06,3.3424995,26.233582,-0.0013623083,0.86656374,0.0034027293,13.197376,-0.02224668,3.0407724,2.1998193,-3.6003435,-22.994276,-4.2144976,0.53419685,-18.373388,7.9042,5.230641,4.436564,-3.567134,-2.925624,0 days 00:01:56.529582916,0 days 00:01:56.569582916
0 days 00:00:00.290000,0 days 00:00:00.330000,answer8 ,0.0,0.6411455,0.0,0.0,0.0,-100.0,0.48640776,0.7234567,0.007909354,0.05612245,0.10708001,0.1665214,0.24537253,0.4642013,0.657154,0.5041855,0.47465125,0.5410052,0.6503752,1.012905,0.9250563,0.8402464,0.88136417,1.3366579,1.4898936,1.0065583,0.9373142,0.97123575,1.0142084,0.96863776,0.8981412,0.6914882,0.524627,0.59639436,0.50904983,0.39555,0.006681871,0.013210853,502.4414,832.6172,1062.3047,1622.168,0.091039896,967.8233,4.5030894,888065.44,5.496308,56.549805,-0.0028178573,0.83214635,0.0057829223,17.501738,-5.0605397,-7.269935,-1.2350777,0.08333111,-14.861907,-8.548799,-9.532085,-16.097532,17.052118,-0.47800112,4.5231605,-14.670596,-5.8828855,0 days 00:01:56.539582916,0 days 00:01:56.579582916
0 days 00:00:00.300000,0 days 00:00:00.340000,answer8 ,0.0,0.6289458,0.0,0.0,0.0,-100.0,0.53278303,0.7554757,0.008691399,0.049130764,0.10409236,0.16566728,0.27477756,0.47555867,0.69833463,0.63527536,0.5640522,0.6093142,0.8496677,1.5601168,1.3908509,1.0816196,0.87272185,1.1560961,1.2892432,0.94984674,0.944529,0.98918205,0.91037387,0.79807806,0.80846834,0.67087823,0.50724745,0.49453226,0.43956354,0.40227947,0.008767099,0.015272714,574.21875,904.39453,1191.5039,1349.4141,0.10641473,959.2178,4.6414237,703041.25,6.7516246,73.33456,-0.0034598687,0.8571438,0.0064080954,20.800146,-8.171338,-16.652033,-4.5573945,6.045967,-7.4756446,-13.466613,-15.8915825,-5.789334,31.688288,-7.6524367,6.130239,-13.078734,-8.705245,0 days 00:01:56.549582916,0 days 00:01:56.589582916
0 days 00:00:00.310000,0 days 00:00:00.350000,answer8 ,0.0,0.6586432,0.0,0.0,0.0,-65.00503,0.5044891,0.81690866,0.00913904,0.040627364,0.108810574,0.17832108,0.30793953,0.45457652,0.7147117,0.7906855,0.6844135,0.7180019,1.1183587,2.1329288,1.9378983,1.3649044,0.9070344,0.9901845,1.067377,0.96514446,1.0625105,0.9885079,0.83662575,0.70122546,0.7414667,0.68831784,0.5231736,0.44548216,0.38658977,0.4244341,0.007261289,0.013074089,516.7969,703.41797,1105.3711,1306.3477,0.101903915,877.95074,4.661377,768657.3,6.965757,74.95641,-0.0031728784,0.7862218,0.00528319,21.88199,-5.19157,-14.5924635,-3.4139802,7.3943267,-1.8698874,-4.661904,-15.878574,-1.3940376,28.067596,-15.945729,5.2617264,-14.735093,-8.175892,0 days 00:01:56.559582916,0 days 00:01:56.599582916
0 days 00:00:00.320000,0 days 00:00:00.360000,answer8 ,216.36398,0.71362036,0.0,0.0,0.0,-31.454264,0.51920915,0.85566086,0.012549116,0.032312926,0.12189718,0.22230168,0.37790084,0.45712766,0.75294083,0.9172432,0.8181656,0.8685837,1.3142809,2.3275082,2.1967266,1.5087347,0.91833997,0.8497599,0.87764484,0.9994119,1.1721668,0.9427967,0.7827906,0.66356707,0.7141657,0.7237746,0.53260726,0.42087862,0.34260198,0.4232646,0.037517,0.0047892686,301.46484,416.3086,803.90625,1062.3047,0.18064018,626.0719,4.2472086,590699.3,7.421116,105.978516,-0.00996888,0.57976735,0.016439984,28.089022,0.43998337,-8.007982,-8.3719,8.624542,-7.7700973,-2.7715423,-14.522465,-8.311614,23.620209,-26.682028,-1.5628271,-8.507505,-8.302884,0 days 00:01:56.569582916,0 days 00:01:56.609582916
0 days 00:00:00.330000,0 days 00:00:00.370000,answer8 ,215.77473,0.7659814,0.0,0.0,0.34958538,3.2774045,0.6207862,0.8805652,0.019595586,0.029856386,0.13478035,0.31325176,0.5260861,0.5057359,0.83500504,0.9891736,0.97533846,1.0709425,1.4337608,2.1619308,2.1945543,1.5086728,0.91343814,0.77252865,0.76126504,1.0488247,1.2591724,0.8681621,0.7577181,0.69420385,0.7692857,0.7883804,0.5204103,0.40479794,0.30744627,0.3798317,0.05537415,0.009710553,215.33203,301.46484,631.6406,976.1719,0.2383186,499.6052,3.741864,363835.9,6.781847,102.34979,-0.018525468,0.4767475,0.046450317,32.02376,-0.13148761,-5.5751457,-15.161174,11.625359,-12.0326185,-1.1019579,-17.491547,-19.766243,20.32131,-35.825634,-11.921326,-9.460896,-15.310921,0 days 00:01:56.579582916,0 days 00:01:56.619582916
0 days 00:00:00.340000,0 days 00:00:00.380000,answer8 ,214.98897,0.7996416,0.07482764,0.04327945,0.30133662,5.7077546,0.81194234,0.94540954,0.027121978,0.03155707,0.13755172,0.46940383,0.7927509,0.62744087,0.99984217,1.0878465,1.2502724,1.3811545,1.6214246,1.9439849,2.1916614,1.4620074,0.90539044,0.7595416,0.7445798,1.1383871,1.344541,0.8147657,0.7714097,0.80274105,0.9713047,0.9024647,0.47565722,0.38342658,0.2826783,0.31842127,0.10559898,0.022853995,215.33203,258.39844,531.15234,890.03906,0.29103333,429.94925,3.2831526,171871.77,6.4018846,98.391,-0.03774145,0.4285721,0.104767926,36.7787,-1.2285837,-6.306204,-26.047884,13.168666,-14.664996,-5.2689753,-18.175318,-31.448296,25.668543,-46.940258,-21.520409,-8.8068495,-22.880783,0 days 00:01:56.589582916,0 days 00:01:56.629582916
0 days 00:00:00.350000,0 days 00:00:00.390000,answer8 ,215.87517,0.79818463,0.05195612,0.031348553,0.29842263,9.606618,0.9273929,1.097476,0.031552497,0.036659107,0.13257168,0.6506064,1.0926002,0.76081437,1.2189151,1.2623793,1.682609,1.7933534,2.0066006,1.9723924,2.5552435,1.5624743,0.9359994,0.7808356,0.7983424,1.3172003,1.512927,0.8487194,0.8343995,0.99739075,1.3721608,1.0711879,0.43435195,0.3778526,0.28388497,0.278568,0.099991,0.033173133,215.33203,258.39844,689.0625,1091.0156,0.23147435,496.9205,3.362179,248049.58,4.612841,45.14378,-0.045587894,0.48191413,0.1458235,35.16576,-3.6147146,-6.849962,-29.333435,15.535724,-8.424998,-2.72974,-18.22999,-29.037584,29.579153,-50.280033,-27.325388,-7.231424,-24.833542,0 days 00:01:56.599582916,0 days 00:01:56.639582916
0 days 00:00:00.360000,0 days 00:00:00.400000,answer8 ,217.32005,0.77932954,0.026429107,0.026253207,0.12179431,12.458053,0.9933477,1.2801757,0.03345935,0.03892668,0.13201715,0.7850876,1.2935249,0.82824355,1.3533273,1.4029789,2.0760477,2.2014415,2.4744341,2.048083,3.1025245,1.7678572,1.0094839,0.8481999,0.902468,1.5803457,1.7711712,1.0117629,0.93930864,1.2100791,1.8475813,1.244914,0.43511352,0.41543218,0.3204557,0.28268635,0.114599206,0.03577583,215.33203,244.04297,689.0625,1033.5938,0.18132363,488.85486,3.2844057,258284.55,4.6381717,43.9923,-0.054513764,0.4722488,0.16938098,34.324276,-3.1706858,-4.997313,-26.076887,15.508306,-5.4716105,-0.16111231,-15.819161,-26.287226,25.219976,-53.134686,-26.549334,-2.1616004,-22.697739,0 days 00:01:56.609582916,0 days 00:01:56.649582916
0 days 00:00:00.370000,0 days 00:00:00.410000,answer8 ,218.77965,0.74398607,0.005698873,0.005132915,0.07632164,13.095004,1.0362111,1.4306675,0.034861784,0.036092214,0.15084612,0.843225,1.3493468,0.8608482,1.4022821,1.4364376,2.2709506,2.4808638,2.8288155,1.9727381,3.4388807,2.011183,1.1224712,0.96110517,1.0079707,1.8770396,2.0481822,1.310471,1.0847363,1.405619,2.2254255,1.3793608,0.48755693,0.5111035,0.4060297,0.32386854,0.107560754,0.03357696,215.33203,244.04297,689.0625,990.52734,0.16881186,494.04935,3.390481,283581.53,4.7176385,44.244358,-0.053914756,0.47387913,0.15878455,31.46894,-1.5828925,-2.84805,-20.794615,13.264069,-2.5916784,0.33404222,-14.298633,-19.08274,18.722029,-49.804962,-22.35177,5.136852,-19.72991,0 days 00:01:56.619582916,0 days 00:01:56.659582916
0 days 00:00:00.380000,0 days 00:00:00.420000,answer8 ,220.11043,0.7230957,0.005766794,0.003829193,0.08934017,9.571583,1.1502973,1.5335768,0.036864486,0.030612245,0.18078548,0.80705374,1.2491988,0.91811514,1.4547449,1.3658686,2.1946971,2.539055,2.9488983,1.7937884,3.351691,2.1845882,1.3858856,1.2253577,1.1173546,2.1497266,2.3104515,1.6831881,1.3050644,1.5901519,2.3549538,1.5010567,0.61141187,0.6925891,0.5618031,0.3955189,0.23535275,0.035231095,272.7539,301.46484,588.5742,904.39453,0.2799915,503.61075,3.4520454,275543.16,5.380184,56.333965,-0.06570596,0.48896846,0.1849311,28.707176,-1.4821004,-3.1647577,-16.404037,6.314768,-12.133639,-3.827259,-11.209466,-15.486674,7.894384,-38.59959,-7.898716,11.40625,-18.756187,0 days 00:01:56.629582916,0 days 00:01:56.669582916
0 days 00:00:00.390000,0 days 00:00:00.430000,answer8 ,219.88252,0.72787565,0.005059005,0.0043261913,0.11656395,6.515015,1.2348771,1.6271917,0.044297714,0.02248677,0.21093534,0.7611347,1.1478602,1.0996809,1.6295034,1.2746888,1.9998235,2.4639945,2.932314,1.6814919,2.9726021,2.2986202,1.7927023,1.6343445,1.2069534,2.3182728,2.510081,2.0009034,1.6017405,1.8008159,2.3005958,1.6636177,0.78498524,0.95594406,0.78111726,0.48225915,0.32577494,0.035519157,272.7539,301.46484,502.4414,875.6836,0.4727703,470.40146,3.403177,261778.75,6.447328,78.47442,-0.091875196,0.46048486,0.25020564,27.396399,1.2232473,-2.6641998,-13.484829,7.505162,-14.887517,-7.384887,-14.222621,-15.490705,-1.3378345,-32.23685,-3.3354876,16.383131,-17.772638,0 days 00:01:56.639582916,0 days 00:01:56.679582916
0 days 00:00:00.400000,0 days 00:00:00.440000,answer8 ,220.04826,0.75002384,0.01924461,0.030057704,0.17474003,2.800937,1.3059326,1.7108358,0.056964815,0.017195767,0.22916108,0.741796,1.1004738,1.3385129,1.9253238,1.2347535,1.8403934,2.3213012,2.831546,1.690858,2.5415924,2.330413,2.180332,1.9548578,1.2645098,2.3430216,2.6276739,2.1592438,1.8611374,2.0271714,2.2077749,1.8694993,0.9995942,1.2759191,1.0314441,0.5534248,0.588448,0.029764079,272.7539,287.10938,416.3086,717.77344,0.61530405,410.22266,3.0513287,196196.0,9.032686,156.30069,-0.1737455,0.41196108,0.46877146,28.253195,6.1797223,-3.6381083,-14.811688,7.1230674,-21.413582,-6.6803093,-19.457726,-14.965305,-3.6773918,-32.217793,-6.403456,18.342737,-21.658537,0 days 00:01:56.649582916,0 days 00:01:56.689582916
0 days 00:00:00.410000,0 days 00:00:00.450000,answer8 ,220.37347,0.7654554,0.03059215,0.049605235,0.16494428,6.729199,1.2803117,1.7431144,0.06910006,0.016250946,0.22844625,0.80325633,1.2077042,1.5130206,2.1635888,1.2243009,1.718959,2.148728,2.676218,1.7156296,2.2416608,2.3282516,2.3184142,1.9797659,1.2700969,2.2116492,2.643438,2.0761218,1.9523844,2.2123463,2.117097,2.0109458,1.2045708,1.5502545,1.222422,0.58170074,0.6884604,0.026290243,215.33203,215.33203,344.53125,559.8633,0.54191834,316.68176,2.6236618,126534.59,11.670367,254.80159,-0.23857562,0.32605,0.627462,29.57611,10.535319,-2.537009,-14.282257,11.273697,-19.331263,-9.158857,-28.167702,-15.504968,-3.8233035,-38.564396,-20.947104,15.524978,-24.391272,0 days 00:01:56.659582916,0 days 00:01:56.699582916
0 days 00:00:00.420000,0 days 00:00:00.460000,answer8 ,222.42635,0.76995844,0.03230662,0.05136196,0.17591764,10.244681,1.2145042,1.687851,0.06971166,0.017951624,0.21730413,0.90913105,1.402161,1.4988666,2.159972,1.2178112,1.6540173,1.9497329,2.4745567,1.6600024,2.0339754,2.2625964,2.1100464,1.6804339,1.2164173,1.984861,2.5243185,1.8775309,1.872242,2.3072052,2.0448105,1.9818983,1.3255739,1.6676966,1.2899655,0.5609997,0.6805566,0.01996662,215.33203,215.33203,301.46484,430.66406,0.46755528,292.3794,2.368548,97765.27,13.096656,303.45987,-0.24288066,0.30489036,0.62443995,30.193476,12.025165,-1.9121903,-17.401121,12.140483,-17.72701,-8.849496,-25.289927,-14.398084,-4.569975,-38.64239,-26.49733,12.402936,-26.741974,0 days 00:01:56.669582916,0 days 00:01:56.709582916
0 days 00:00:00.430000,0 days 00:00:00.470000,answer8 ,224.01495,0.7770807,0.021305999,0.02757438,0.15365218,13.193944,1.0985651,1.5653671,0.05695298,0.02116402,0.19535594,0.92425346,1.4806782,1.3286365,1.9372658,1.1815277,1.5904636,1.7365047,2.2517977,1.5202986,1.9120026,2.1625445,1.784284,1.3639932,1.1706518,1.7403449,2.3153653,1.6703911,1.7068597,2.2868125,1.9339952,1.8074795,1.3400882,1.5996054,1.2381955,0.5201463,0.43817815,0.020848906,215.33203,229.6875,315.8203,588.5742,0.43955603,339.6267,2.6100023,146337.23,11.328442,245.11401,-0.15851589,0.34566474,0.40057376,29.199137,8.499503,-3.6005094,-16.311089,13.043881,-16.887716,-9.214732,-23.126005,-15.695381,-4.4020753,-37.629505,-26.749893,11.052798,-22.681734,0 days 00:01:56.679582916,0 days 00:01:56.719582916
0 days 00:00:00.440000,0 days 00:00:00.480000,answer8 ,225.32475,0.78502077,0.0105287405,0.010428991,0.13817646,10.3056135,1.0023115,1.4163904,0.042738024,0.022108844,0.17456885,0.8219884,1.37368,1.1007358,1.5847273,1.0814048,1.5066643,1.5819982,2.094514,1.3783636,1.7992336,2.0329285,1.4962815,1.1829008,1.1543907,1.5200944,2.052692,1.5663376,1.560824,2.1762726,1.8128471,1.5752579,1.231069,1.3873514,1.0995115,0.4795115,0.23945157,0.014842588,215.33203,244.04297,387.59766,746.4844,0.38933542,390.12198,2.9570024,191072.19,9.213082,163.43687,-0.082538076,0.39127958,0.20475078,29.67546,5.596567,-4.663421,-19.623037,13.364467,-13.592247,-6.0930004,-17.957062,-19.546938,-3.272763,-38.581287,-21.867434,11.166966,-21.235954,0 days 00:01:56.689582916,0 days 00:01:56.729582916
0 days 00:00:00.450000,0 days 00:00:00.490000,answer8 ,226.04195,0.784735,0.012774478,0.00909494,0.09735575,8.741835,0.93887347,1.2779666,0.036134884,0.01984127,0.15698726,0.64288896,1.1301931,0.9148877,1.2927431,0.9749988,1.414045,1.4842716,1.9869949,1.2912322,1.6649774,1.8873762,1.33856,1.1219653,1.1693901,1.347175,1.8321074,1.586115,1.402814,2.0027535,1.6573601,1.3634768,1.076594,1.1192372,0.9244776,0.44350818,0.18326819,0.014574178,215.33203,244.04297,387.59766,818.2617,0.30988464,397.29166,2.9811475,188178.73,8.779751,168.48645,-0.056298513,0.39822844,0.14388384,30.96862,2.1956434,-3.339174,-19.776066,12.290889,-9.631537,-7.508091,-19.61455,-18.41133,-1.689683,-41.661575,-17.887215,8.009637,-21.018278,0 days 00:01:56.699582916,0 days 00:01:56.739582916
0 days 00:00:00.460000,0 days 00:00:00.500000,answer8 ,226.97864,0.7790708,0.008542877,0.007078012,0.049574424,9.967048,0.8822176,1.1603028,0.03492869,0.017006803,0.14551538,0.5164592,0.9401174,0.7849863,1.0713371,0.8840708,1.2997721,1.4167074,1.8890004,1.2730871,1.5016507,1.7082129,1.2468145,1.0780509,1.1678268,1.227296,1.6710011,1.664286,1.2734947,1.8074822,1.4706854,1.1924716,0.92682505,0.8621621,0.74317294,0.40538338,0.18178685,0.009630912,215.33203,229.6875,330.17578,717.77344,0.17339937,354.63797,2.7200224,140140.8,9.966171,218.20361,-0.058190376,0.3612667,0.1424489,32.991062,1.9653621,0.17084225,-22.140854,12.971355,-6.6738887,-6.445808,-18.0148,-19.739174,-4.8919168,-40.99519,-13.362731,2.406136,-22.829878,0 days 00:01:56.709582916,0 days 00:01:56.749582916
0 days 00:00:00.470000,0 days 00:00:00.510000,answer8 ,227.71358,0.7705862,0.007866341,0.0048361556,0.08480153,12.825959,0.7824344,1.0550307,0.0329845,0.013794407,0.13957904,0.4619408,0.84560543,0.7051347,0.91520756,0.8210974,1.1775795,1.2805748,1.6715914,1.2906675,1.2965152,1.4872605,1.1947446,1.0211529,1.1330005,1.1426357,1.5259647,1.7389684,1.1900009,1.5929822,1.293714,1.051839,0.8269027,0.6624716,0.5947897,0.36887893,0.16733648,0.0074912217,215.33203,215.33203,258.39844,531.15234,0.18726307,306.20053,2.3204918,103299.414,11.946292,290.20724,-0.053080633,0.31694683,0.14649825,32.65917,2.603686,4.0250454,-17.353481,13.575696,-9.55515,-9.103507,-19.396772,-19.737131,-4.3442283,-40.524506,-12.23338,-5.1432986,-23.622381,0 days 00:01:56.719582916,0 days 00:01:56.759582916
0 days 00:00:00.480000,0 days 00:00:00.520000,answer8 ,229.37212,0.76718193,0.007957841,0.0044043586,0.08073993,14.652665,0.70176154,0.95751494,0.02976538,0.013038549,0.13235104,0.43965554,0.8002637,0.66166455,0.80714005,0.76300937,1.0211378,1.0777609,1.3568068,1.2627863,1.1237217,1.27769,1.127626,0.9600625,1.0691013,1.0811914,1.3634363,1.7302417,1.1680036,1.3889784,1.1633669,0.95721847,0.77419525,0.54226583,0.4999248,0.3457881,0.1517967,0.005062684,215.33203,215.33203,258.39844,401.95312,0.1363885,290.76196,2.2102356,89982.445,13.179359,328.79602,-0.044327408,0.3033199,0.11964049,31.856573,4.921436,5.82149,-17.266447,13.503075,-12.640331,-13.992587,-21.232368,-21.798422,-0.99996185,-40.539524,-13.698548,-8.035804,-21.31772,0 days 00:01:56.729582916,0 days 00:01:56.769582916
0 days 00:00:00.490000,0 days 00:00:00.530000,answer8 ,230.3365,0.76719356,0.011222829,0.0053193686,0.11175871,14.324398,0.622806,0.86402184,0.026511034,0.0134164775,0.12343923,0.4166524,0.7562321,0.63381195,0.7180433,0.6982359,0.8705475,0.8625842,1.0131892,1.1696061,0.9870065,1.1048521,1.0205151,0.90548044,0.97425944,0.9917311,1.1747488,1.6185848,1.1768998,1.2274107,1.1102761,0.90791506,0.7299014,0.48207414,0.4512551,0.33931747,0.123882346,0.003751139,215.33203,229.6875,258.39844,344.53125,0.13893998,282.4596,2.1218002,90422.82,14.6764145,383.1879,-0.034531485,0.29563728,0.09516323,30.984732,7.2484493,6.7826443,-16.707102,14.574721,-15.23013,-20.443787,-18.155321,-20.084917,0.9092624,-40.711548,-15.58429,-11.540681,-21.742096,0 days 00:01:56.739582916,0 days 00:01:56.779582916
0 days 00:00:00.500000,0 days 00:00:00.540000,answer8 ,231.25482,0.7636207,0.02226434,0.0143823745,0.12126127,14.319202,0.604541,0.7921799,0.023954192,0.015117158,0.11336535,0.37960324,0.69291216,0.6082615,0.66427636,0.6507764,0.7648802,0.711649,0.77223414,1.022058,0.9321611,1.0185281,0.8885999,0.86127204,0.86652976,0.8741605,1.0344038,1.5137717,1.1945757,1.1308379,1.0911479,0.88689023,0.6924916,0.45852923,0.42623016,0.34653154,0.103579484,0.0032859454,215.33203,244.04297,272.7539,416.3086,0.12271146,304.9627,2.3408294,120026.96,13.707419,341.0679,-0.028224982,0.3159319,0.067877516,31.124601,7.5312805,5.7756705,-21.368286,15.41216,-14.133328,-23.73052,-14.966805,-14.658595,-0.19988354,-41.22913,-12.600277,-12.945896,-18.990047,0 days 00:01:56.749582916,0 days 00:01:56.789582916
0 days 00:00:00.510000,0 days 00:00:00.550000,answer8 ,231.44032,0.76526254,0.027024835,0.020657206,0.16100611,13.286582,0.6043941,0.7560942,0.022191586,0.016817838,0.107259154,0.34023702,0.6263953,0.58079296,0.63948745,0.6375622,0.7237533,0.64669675,0.6486509,0.92233306,0.9284293,0.98679036,0.80975026,0.85163903,0.7840044,0.7549119,0.94254905,1.461864,1.2763981,1.0933224,1.0926617,0.89902806,0.6671155,0.46402565,0.4178615,0.35493138,0.089227974,0.0040849545,215.33203,244.04297,272.7539,445.01953,0.13942653,318.79285,2.4022253,155584.52,13.175304,299.9053,-0.023030164,0.3270773,0.05680448,30.235014,6.603199,5.0320563,-20.113974,17.779268,-16.490799,-24.76944,-12.498512,-11.731301,-2.910514,-36.39356,-11.288074,-16.925055,-19.558153,0 days 00:01:56.759582916,0 days 00:01:56.799582916
0 days 00:00:00.520000,0 days 00:00:00.560000,answer8 ,234.88585,0.7642792,0.026459664,0.019630129,0.17008643,12.212105,0.6427488,0.7642891,0.023431614,0.018329553,0.107972346,0.3108444,0.5755182,0.5509146,0.622989,0.6379856,0.7233941,0.64128256,0.63132614,0.90585923,0.9629553,1.0200988,0.81849164,0.90110606,0.7913926,0.70266813,0.93012875,1.4749044,1.4064546,1.0959624,1.1025753,0.9360378,0.69146293,0.510871,0.4417102,0.37660813,0.08765468,0.005151046,215.33203,244.04297,272.7539,459.375,0.117623866,332.08243,2.4001245,204953.62,12.117317,232.28407,-0.023256788,0.33645487,0.058981836,28.28808,5.615963,3.1710682,-15.988967,16.866734,-13.361836,-20.416811,-14.427277,-12.890971,-4.243436,-34.073944,-12.452197,-13.964989,-17.091993,0 days 00:01:56.769582916,0 days 00:01:56.809582916
0 days 00:00:00.530000,0 days 00:00:00.570000,answer8 ,239.81184,0.7786532,0.0215981,0.012552538,0.17068017,11.966869,0.76495594,0.8238136,0.03430246,0.018329553,0.112501465,0.30562904,0.5688942,0.5570191,0.65240544,0.6897974,0.72341394,0.68127006,0.7056425,0.9817446,1.0368075,1.0854726,0.9137837,1.0101812,0.9168744,0.7741413,0.9817546,1.5150353,1.5807503,1.1427565,1.1264983,1.0000424,0.78676873,0.6165214,0.5203206,0.43312573,0.25660235,0.0075015426,215.33203,244.04297,315.8203,430.66406,0.25157312,322.79398,2.3641748,168590.58,14.456862,343.0327,-0.055500176,0.33254063,0.11944502,28.11646,7.0795326,1.3690697,-12.444446,10.96909,-15.815825,-21.892115,-19.1714,-17.836563,-4.7724066,-26.44311,-12.894062,-13.7194605,-19.054564,0 days 00:01:56.779582916,0 days 00:01:56.819582916
0 days 00:00:00.540000,0 days 00:00:00.580000,answer8 ,243.62402,0.78714275,0.015520248,0.010782202,0.2386229,9.959695,0.9629555,0.9299555,0.05533037,0.017006801,0.11592523,0.3309638,0.6244157,0.6279104,0.7889169,0.88134384,0.72201806,0.7532373,0.8001602,1.0891165,1.1165236,1.1677507,1.1000396,1.2102648,1.1453103,0.9755315,1.0689201,1.5190521,1.7501174,1.2715087,1.164125,1.0861273,0.9270911,0.7550749,0.6565783,0.5308172,0.9180684,0.009395799,215.33203,258.39844,387.59766,488.08594,0.4759663,336.40152,2.4543774,122504.75,14.91769,462.261,-0.16657852,0.35342023,0.41424534,29.70392,8.34441,0.81368726,-12.909607,0.1458009,-27.729471,-26.104456,-15.6794815,-20.718506,-2.5985315,-23.313616,-13.660828,-13.116382,-21.287817,0 days 00:01:56.789582916,0 days 00:01:56.829582916
0 days 00:00:00.550000,0 days 00:00:00.590000,answer8 ,239.57478,0.78489166,0.016542671,0.011814506,0.22365434,12.236501,1.1745971,1.0782038,0.075658195,0.015495085,0.117008686,0.3834063,0.74091095,0.7823302,1.1220876,1.3490939,0.739296,0.8540137,0.90022725,1.1363145,1.1745604,1.3008635,1.3955213,1.4831778,1.3805002,1.2527657,1.1526037,1.5073878,1.9618379,1.5223802,1.2189364,1.1855181,1.0747303,0.86765033,0.78839046,0.64178514,1.6859169,0.014392546,229.6875,258.39844,459.375,502.4414,0.5165781,346.94873,2.5505269,57155.297,14.687172,510.29556,-0.29011336,0.37197497,0.77024287,32.447998,8.9471655,3.2628553,-16.74762,-4.870937,-41.929478,-36.053185,-8.588962,-18.865082,-2.4222162,-21.626976,-12.483865,-12.12722,-21.650316,0 days 00:01:56.799582916,0 days 00:01:56.839582916
0 days 00:00:00.560000,0 days 00:00:00.600000,answer8 ,229.93915,0.7760151,0.009475947,0.0091512995,0.200224,14.775649,1.1912584,1.2181629,0.080906846,0.0143613,0.11623078,0.44800138,0.87284905,0.9687446,1.5730253,1.9374151,0.7608903,0.9037876,0.92527634,1.1158769,1.1713966,1.465932,1.7728559,1.7507706,1.5300922,1.4708389,1.1727577,1.461666,2.1960351,1.8665546,1.2973872,1.2826186,1.1605821,0.90623635,0.8494325,0.6949832,1.7870197,0.014373465,229.6875,258.39844,445.01953,502.4414,0.6347777,337.96774,2.474189,45083.574,14.124621,519.61115,-0.32115436,0.36322358,0.86770266,32.966175,8.909135,7.6913285,-16.396366,-1.0021273,-49.688473,-40.6994,-3.997324,-18.80543,-2.9161968,-21.169306,-14.229583,-9.186739,-23.386984,0 days 00:01:56.809582916,0 days 00:01:56.849582916
0 days 00:00:00.570000,0 days 00:00:00.610000,answer8 ,218.33624,0.75264615,0.019993728,0.012933888,0.14845558,17.02468,1.0786846,1.2767478,0.07378442,0.0143613,0.1193093,0.5004154,0.950331,1.0864826,1.8656754,2.1863537,0.7707531,0.8930475,0.9040468,1.053476,1.1100459,1.577219,2.002801,1.8415207,1.528551,1.5120535,1.1212269,1.4031888,2.3149705,2.1787167,1.3830199,1.3220857,1.1765798,0.8854494,0.8320094,0.676119,1.3505639,0.01220166,229.6875,244.04297,373.2422,473.73047,0.46348143,306.9058,2.349747,42057.594,17.031935,642.26385,-0.27586493,0.3298019,0.7360427,33.065754,12.151412,8.194801,-16.171225,7.2460175,-43.01291,-39.46494,-6.465509,-21.902437,-6.403031,-19.371853,-14.166036,-6.4546885,-22.263138,0 days 00:01:56.819582916,0 days 00:01:56.859582916
0 days 00:00:00.580000,0 days 00:00:00.620000,answer8 ,208.7584,0.7369996,0.025394564,0.015724547,0.12858225,16.531435,0.9097052,1.227986,0.06203411,0.014550265,0.12673289,0.5292544,0.9366951,1.0797609,1.8046798,1.9171263,0.7413945,0.82242745,0.863971,1.0453858,1.0354956,1.5144476,1.9285187,1.7084106,1.4016652,1.3645447,1.0215386,1.3103623,2.1958535,2.3093688,1.4318467,1.3089637,1.1842731,0.8972685,0.81851006,0.6291446,0.6625582,0.0069382363,215.33203,229.6875,301.46484,401.95312,0.5323815,270.50766,2.2024853,52351.363,19.280066,677.93195,-0.18408366,0.28941676,0.44740394,30.766962,17.367922,3.897645,-11.981286,13.771701,-35.361305,-31.777382,-13.602084,-26.2511,-8.300903,-16.475996,-17.085146,-7.575606,-24.952875,0 days 00:01:56.829582916,0 days 00:01:56.869582916
0 days 00:00:00.590000,0 days 00:00:00.630000,answer8 ,202.86676,0.727201,0.031430427,0.022737443,0.14997305,12.017722,0.8296737,1.1153013,0.052512407,0.014928195,0.13981405,0.5262766,0.8345955,0.9719531,1.4785601,1.3600845,0.7097818,0.7652335,0.8429406,1.0829705,0.954474,1.294491,1.5803627,1.4294668,1.2317169,1.142779,0.92784977,1.1796914,1.8286604,2.180806,1.4014517,1.2715765,1.2744287,1.0355026,0.9045761,0.6477919,0.42801368,0.004475655,200.97656,215.33203,301.46484,387.59766,0.3840318,275.0492,2.3129447,117270.48,17.527288,535.4881,-0.13549739,0.28946579,0.30936643,28.430037,24.57244,-3.8996437,-7.992412,12.160358,-26.928007,-20.83851,-16.979559,-22.253954,-7.1291084,-15.155686,-15.371911,-4.430034,-22.195503,0 days 00:01:56.839582916,0 days 00:01:56.879582916
0 days 00:00:00.600000,0 days 00:00:00.640000,answer8 ,199.4591,0.7210159,0.024804717,0.022138083,0.110323094,10.188136,0.79322314,1.0248712,0.04519473,0.014739229,0.16023768,0.5021092,0.7093788,0.8454356,1.1433393,0.96602744,0.7017713,0.7474847,0.8819559,1.1264521,0.8899822,1.0490118,1.2308851,1.16982,1.0723633,0.9669574,0.881861,1.044157,1.4183741,1.8848767,1.3038989,1.2625265,1.4941791,1.3210549,1.1026489,0.76986426,0.2560755,0.004165062,186.6211,215.33203,287.10938,358.88672,0.40322518,272.76178,2.3451195,136366.53,15.959849,352.43765,-0.09728837,0.28518605,0.20218605,26.713816,28.977255,-9.657615,-2.8115752,11.419328,-22.109674,-11.517644,-19.440226,-16.862976,-6.5395947,-15.505196,-11.331802,-1.376099,-23.892492,0 days 00:01:56.849582916,0 days 00:01:56.889582916
0 days 00:00:00.610000,0 days 00:00:00.650000,answer8 ,203.38371,0.7245319,0.020144181,0.019228024,0.14653392,7.6396904,0.7544144,0.9766846,0.042536214,0.014928193,0.18282418,0.46545196,0.589789,0.73921394,0.93947023,0.8255349,0.7109089,0.75650525,0.94012433,1.1207137,0.82120734,0.8787101,1.0392616,1.0057929,0.9940675,0.8921227,0.8880684,0.9360432,1.1064348,1.5467768,1.1718595,1.268613,1.7330528,1.6202669,1.2896086,0.9313747,0.1816622,0.003499088,172.26562,215.33203,301.46484,416.3086,0.3976808,281.6111,2.5159566,149813.39,15.287326,324.99075,-0.07366416,0.29385567,0.14982946,27.464045,28.76223,-10.254541,-1.4774061,5.9566636,-20.729055,-4.9533772,-17.599398,-13.7193365,-3.7013152,-14.086571,-5.3983707,-1.196913,-21.582834,0 days 00:01:56.859582916,0 days 00:01:56.899582916
0 days 00:00:00.620000,0 days 00:00:00.660000,answer8 ,206.99365,0.735118,0.030370817,0.024212396,0.19592385,7.112291,0.8045819,0.9568658,0.049207274,0.017573697,0.20204414,0.44056165,0.5293767,0.6798243,0.86116046,0.83581185,0.7448707,0.80342036,0.97677606,1.0691227,0.77167434,0.78033304,0.998573,0.96636885,1.0190114,0.90892124,0.9401352,0.8905037,0.9765191,1.3246456,1.0746545,1.2521517,1.8053592,1.7117081,1.2993696,1.0156134,0.35575438,0.0037686292,186.6211,215.33203,258.39844,416.3086,0.51392174,262.1798,2.3384354,78046.26,18.754967,543.3235,-0.12837185,0.27847433,0.27251327,30.213882,25.371458,-3.6511421,-4.8441386,3.4315488,-23.726913,-4.3665795,-12.385514,-19.968288,-4.2830625,-15.930931,-9.293727,-6.744448,-21.999771,0 days 00:01:56.869582916,0 days 00:01:56.909582916
0 days 00:00:00.630000,0 days 00:00:00.670000,answer8 ,210.54901,0.76252514,0.051849928,0.044908028,0.24508895,7.970721,0.9255202,0.97170454,0.056710776,0.0228647,0.20626406,0.43381706,0.5180797,0.668459,0.8814004,0.8867121,0.79590815,0.8768153,0.96047455,1.017712,0.7647163,0.7384873,1.0796577,1.1301007,1.2363257,1.0115987,1.0749096,0.92551214,1.0371169,1.3341812,1.0899715,1.2644482,1.6871924,1.5350418,1.1337768,0.9756389,0.46143445,0.0068997224,200.97656,215.33203,315.8203,445.01953,0.542851,282.0358,2.456703,91257.41,15.95744,444.14072,-0.15110786,0.29712057,0.36500442,29.843521,18.313898,4.841409,-8.196927,0.2870108,-31.50244,-5.7994447,-4.0044236,-28.550354,-2.9787529,-16.290903,-7.4829736,-9.482614,-19.460546,0 days 00:01:56.879582916,0 days 00:01:56.919582916
0 days 00:00:00.640000,0 days 00:00:00.680000,answer8 ,208.95634,0.7801037,0.0536862,0.046606164,0.22316933,8.79994,1.1355568,1.0601679,0.06406039,0.029478459,0.20027687,0.4433334,0.5481974,0.7195545,1.0031885,0.9347705,0.87997454,1.0004491,0.92941666,0.9996335,0.82023484,0.76182073,1.2787718,1.5825396,1.6914831,1.184517,1.3102947,1.060904,1.313344,1.6908321,1.2881178,1.3796129,1.4969748,1.220338,0.9305875,0.8951977,0.6953134,0.015681645,215.33203,229.6875,358.88672,430.66406,0.48706937,311.35095,2.510326,122369.31,13.215092,347.29395,-0.20379727,0.32279262,0.54642946,28.930296,13.881496,10.306319,-11.564603,1.8628839,-36.98628,-12.034133,5.1039643,-39.170483,-3.8359137,-17.959608,-4.121653,-9.911232,-18.013906,0 days 00:01:56.889582916,0 days 00:01:56.929582916
0 days 00:00:00.650000,0 days 00:00:00.690000,answer8 ,206.83614,0.786184,0.037674908,0.035443705,0.13864946,11.796691,1.3488735,1.2646984,0.06697404,0.0345805,0.19033219,0.45496705,0.5916872,0.80855244,1.1664323,0.9463454,0.9720016,1.1653614,0.96578616,1.0089413,0.90414333,0.8657811,1.6497892,2.4183433,2.3961227,1.4403774,1.653535,1.3151057,1.8048044,2.5283883,1.7451143,1.7169281,1.4295235,0.97670406,0.85937375,0.90771705,0.7263276,0.041400377,215.33203,229.6875,416.3086,445.01953,0.31619892,384.4562,2.7593365,322628.5,7.614025,90.93334,-0.20518138,0.3720202,0.6010769,24.702133,10.107792,13.40844,-12.003665,1.1692134,-41.593952,-12.159532,15.89075,-50.609295,-6.4154334,-20.876564,3.7916403,-7.379808,-15.160728,0 days 00:01:56.899582916,0 days 00:01:56.939582916
0 days 00:00:00.660000,0 days 00:00:00.700000,answer8 ,204.56172,0.7869849,0.010349034,0.007008033,0.08170652,13.834821,1.4424944,1.5354185,0.06595378,0.03703704,0.18432812,0.4501458,0.596728,0.890357,1.299758,0.9283747,1.0350507,1.3324379,1.0539099,1.0045432,0.9331648,1.0100397,2.12988,3.5057771,3.289621,1.7729979,1.9937245,1.6844212,2.3662808,3.5260105,2.3249083,2.2017143,1.5353466,0.8767333,0.9262624,1.0683688,0.7080892,0.05741858,215.33203,229.6875,430.66406,459.375,0.31889924,436.68958,2.9103563,450588.75,5.9505553,54.421417,-0.1960951,0.4082254,0.57154876,21.76417,9.992582,15.375844,-9.98861,-4.12748,-43.13388,-8.209487,22.045671,-52.80174,-9.257785,-21.822123,8.855294,-7.1462493,-10.848544,0 days 00:01:56.909582916,0 days 00:01:56.949582916
0 days 00:00:00.670000,0 days 00:00:00.710000,answer8 ,202.2989,0.78692675,0.0058543817,0.0030468935,0.112176456,14.282875,1.4635234,1.7673889,0.06433355,0.03590325,0.18352383,0.43859124,0.58578056,0.93488234,1.3323882,0.89301723,1.0632697,1.4419149,1.118487,0.9827586,0.8736332,1.1191777,2.5139806,4.3788495,4.0696254,2.1584156,2.2461245,2.0853393,2.8420837,4.197368,2.831445,2.6459978,1.7384542,0.8910258,1.0670916,1.3188932,0.6355071,0.059561204,215.33203,215.33203,416.3086,459.375,0.3352557,444.12277,2.9169943,522510.6,5.490603,43.224396,-0.18874885,0.40798494,0.52509785,19.155611,11.179413,18.444122,-7.417112,-9.187793,-41.79493,-3.9470832,21.232885,-52.639942,-10.0593,-23.930489,10.576867,-7.4513283,-10.487992,0 days 00:01:56.919582916,0 days 00:01:56.959582916
0 days 00:00:00.680000,0 days 00:00:00.720000,answer8 ,200.70683,0.785347,0.0055550802,0.003244768,0.09600747,14.735532,1.3700451,1.8622532,0.061699223,0.031368103,0.18571211,0.42119026,0.55379087,0.93011236,1.2637972,0.8409379,1.0565256,1.4739485,1.1065627,0.92357284,0.76329786,1.1646162,2.657492,4.6073475,4.3879666,2.5515056,2.4158847,2.41459,3.1025448,4.1404157,3.0148475,2.845502,1.9310266,0.948368,1.180519,1.5365041,0.54814804,0.038986508,215.33203,215.33203,401.95312,445.01953,0.30759618,400.86194,2.8221257,411517.75,6.877581,69.66796,-0.17274046,0.38045987,0.4690548,19.510008,12.435306,19.052654,-6.0632057,-11.558636,-36.70825,-3.0337956,16.99565,-45.5117,-10.67527,-29.584259,11.694484,-5.5755334,-6.342201,0 days 00:01:56.929582916,0 days 00:01:56.969582916
0 days 00:00:00.690000,0 days 00:00:00.730000,answer8 ,199.49487,0.783583,0.005678309,0.003350555,0.10126152,14.701405,1.3010145,1.8007919,0.05992508,0.025699168,0.19354574,0.41147402,0.5358258,0.8982337,1.1472497,0.7863183,1.027051,1.4633483,1.0550317,0.8802894,0.6820614,1.1759372,2.5819533,4.177094,4.0130634,2.803861,2.4875872,2.4840362,3.1294472,3.494011,2.81816,2.7590067,2.0032346,0.9825395,1.2132877,1.6169373,0.48438904,0.028048849,200.97656,215.33203,373.2422,430.66406,0.23186617,357.16965,2.6908014,336129.28,7.8385663,87.11417,-0.17194211,0.3466483,0.4563863,21.002478,13.145656,16.75847,-3.6129925,-7.9466243,-32.08647,-2.6568797,14.7499275,-43.068127,-11.18443,-34.956646,13.375885,-2.4042332,-5.4010696,0 days 00:01:56.939582916,0 days 00:01:56.979582916
0 days 00:00:00.700000,0 days 00:00:00.740000,answer8 ,198.10786,0.7829511,0.0038729,0.002763373,0.052276015,16.501604,1.2025868,1.6477709,0.057006497,0.019274376,0.2017799,0.4068145,0.5280145,0.8473039,1.0164634,0.70391864,0.95702034,1.4513474,1.0166258,0.85977715,0.67777544,1.2554561,2.4697773,3.4923098,3.2423956,2.8365078,2.4786708,2.2835739,2.97184,2.739936,2.378608,2.4948723,1.89642,0.94862205,1.1553218,1.5308918,0.39391112,0.02564936,186.6211,215.33203,315.8203,416.3086,0.20023294,323.50476,2.550454,243663.19,9.172212,133.81691,-0.16077332,0.3206264,0.40745437,23.239428,10.705726,15.196399,2.3084354,-2.3762984,-29.161911,-6.3651886,12.00045,-39.001537,-12.955951,-40.29304,11.343253,2.0542688,-0.9455909,0 days 00:01:56.949582916,0 days 00:01:56.989582916
0 days 00:00:00.710000,0 days 00:00:00.750000,answer8 ,196.70618,0.78155416,0.0032947038,0.001799001,0.088393174,16.432129,1.0826021,1.4550701,0.053107914,0.01398337,0.2086078,0.40014863,0.5156725,0.78440887,0.8937916,0.6163246,0.8495676,1.3943802,0.9904735,0.8863838,0.7673368,1.429367,2.3526037,2.8487556,2.4444044,2.619988,2.3033917,1.9116594,2.640096,2.1086595,1.8613688,2.1145897,1.654551,0.85935384,1.0568185,1.3191255,0.2929028,0.023789527,172.26562,215.33203,258.39844,401.95312,0.21529,297.96887,2.4104166,178113.0,11.395875,241.0396,-0.13712819,0.3001568,0.3306871,25.471033,9.374574,11.883403,8.0306635,4.870494,-25.906563,-13.258129,5.4159646,-34.44721,-8.281046,-35.927628,6.999496,3.0526736,-2.4492295,0 days 00:01:56.959582916,0 days 00:01:56.999582916
0 days 00:00:00.720000,0 days 00:00:00.760000,answer8 ,195.34602,0.781985,0.0036941823,0.0035244047,0.11638383,17.382032,0.96931034,1.2673265,0.050538648,0.010959939,0.21109717,0.39163145,0.5024223,0.7199066,0.7890618,0.5433548,0.735411,1.2578908,0.96302146,0.95860386,0.93671316,1.6439995,2.1576815,2.3031805,1.888615,2.207551,1.9997414,1.5508995,2.241402,1.6757802,1.4328655,1.6989083,1.3666035,0.7583373,0.9549632,1.0608454,0.26240933,0.017496355,172.26562,215.33203,215.33203,387.59766,0.18502755,267.63397,2.2595284,100571.055,14.828425,443.6223,-0.13063054,0.27720848,0.30062345,28.76584,9.693091,8.627989,9.268173,10.842654,-22.447937,-20.232203,-0.14919169,-28.790297,-6.4871564,-31.287277,1.4290285,0.26182875,-2.1187127,0 days 00:01:56.969582916,0 days 00:01:57.009582916
0 days 00:00:00.730000,0 days 00:00:00.770000,answer8 ,194.23499,0.7760764,0.0062144254,0.0062944703,0.11567572,17.889305,0.89164704,1.0973883,0.04875809,0.010015117,0.20944905,0.37904194,0.48098302,0.6669933,0.7132766,0.5237968,0.66502094,1.0803267,0.9329856,1.0412192,1.1161311,1.7520057,1.8484033,1.8112036,1.5213953,1.7450727,1.626294,1.302998,1.85707,1.3503453,1.1319572,1.3087356,1.1447399,0.6737208,0.836215,0.81271297,0.22244722,0.010474089,172.26562,215.33203,215.33203,387.59766,0.16269691,254.94606,2.2156477,70438.46,17.37121,620.4604,-0.11674272,0.2682668,0.26151076,31.703995,11.432228,6.147406,4.059933,13.318985,-22.60926,-17.578207,-1.5547934,-24.64515,-4.81167,-25.52268,0.69470924,-5.3365607,-3.7238252,0 days 00:01:56.979582916,0 days 00:01:57.019582916
0 days 00:00:00.740000,0 days 00:00:00.780000,answer8 ,192.78691,0.77291745,0.009441127,0.007597668,0.08823075,19.372288,0.8351128,0.95997,0.047402073,0.01058201,0.20982522,0.3675033,0.46260998,0.6234538,0.65276486,0.57153326,0.66982967,0.95334,0.9200612,1.1254884,1.1885495,1.6562179,1.5003403,1.394114,1.2782041,1.336061,1.2772435,1.1430836,1.5626992,1.1098881,0.9491146,1.0459169,1.028855,0.61407954,0.70369476,0.61474633,0.20070054,0.00708307,172.26562,215.33203,215.33203,358.88672,0.13436373,242.78847,2.160598,48581.363,18.662903,734.0141,-0.11461565,0.25762224,0.24425745,34.42599,13.377136,5.6306396,-1.6925274,14.911746,-21.395767,-8.600116,-1.283527,-20.519968,-6.4915276,-25.092903,0.17316659,-10.6204195,-3.32747,0 days 00:01:56.989582916,0 days 00:01:57.029582916
0 days 00:00:00.750000,0 days 00:00:00.790000,answer8 ,189.65193,0.7447253,0.013532286,0.008124604,0.056190133,19.109858,0.75317144,0.8541582,0.0430795,0.013038549,0.20827997,0.35280013,0.44184324,0.5843405,0.59516466,0.63887274,0.7152274,0.9033604,0.9154598,1.166945,1.1040807,1.4158357,1.2004942,1.0758741,1.1132154,1.0768024,1.0144197,1.0544037,1.3485304,0.9426408,0.8402564,0.90910333,0.98389703,0.5768283,0.5616787,0.46775723,0.15078199,0.0046185167,172.26562,215.33203,215.33203,358.88672,0.18279184,240.13054,2.1638854,45389.047,18.738752,736.3642,-0.089693256,0.25522164,0.18756108,35.304943,14.440522,6.1085095,-5.8652444,15.669148,-20.89976,-1.778494,-5.128243,-19.524555,-7.5821457,-22.392982,0.61862713,-11.530342,-4.1101465,0 days 00:01:56.999582916,0 days 00:01:57.039582916
0 days 00:00:00.760000,0 days 00:00:00.800000,answer8 ,187.28966,0.7213781,0.0127679,0.008074254,0.095089495,16.993505,0.6392195,0.76602954,0.034277868,0.015873015,0.20288272,0.32544878,0.40469503,0.52745056,0.52756405,0.6827042,0.7280428,0.8702891,0.89138025,1.1853329,0.94049305,1.1171865,0.9640016,0.84294873,0.9831645,0.94080573,0.83537745,0.9972372,1.1721466,0.833559,0.76030993,0.8364608,0.95753926,0.5638938,0.45576605,0.3700849,0.09164068,0.0030656557,172.26562,215.33203,215.33203,373.2422,0.23974836,244.46468,2.3139982,54460.45,16.682278,577.3859,-0.05853552,0.25843814,0.11728891,34.41015,15.816234,4.8595357,-7.396254,16.735456,-14.9512,0.54736406,-8.522715,-18.319784,-5.1575513,-14.693751,-0.5671564,-11.886138,-5.866429,0 days 00:01:57.009582916,0 days 00:01:57.049582916
0 days 00:00:00.770000,0 days 00:00:00.810000,answer8 ,187.02055,0.7155029,0.019238556,0.013360527,0.21831898,11.866179,0.5474327,0.689231,0.023866363,0.018518517,0.18631114,0.2752456,0.33314773,0.46032068,0.4607166,0.66876173,0.6886015,0.82622147,0.85120034,1.1572868,0.80203766,0.8834953,0.78497267,0.7145007,0.89637977,0.8597145,0.7224841,0.9540365,1.0204273,0.7597961,0.6709008,0.7632046,0.89894676,0.574938,0.39633903,0.31001803,0.045683328,0.002394642,172.26562,272.7539,344.53125,545.5078,0.27767316,326.97394,2.910024,107702.49,12.799932,361.38684,-0.025651857,0.3370823,0.05462833,32.436306,12.073425,0.41139683,-7.9910374,11.318591,-14.3574095,4.2169747,-6.1429486,-14.74784,-5.412771,-3.954807,3.8383725,-7.9683156,-2.9062588,0 days 00:01:57.019582916,0 days 00:01:57.059582916
0 days 00:00:00.780000,0 days 00:00:00.820000,answer8 ,189.25726,0.7413966,0.013299894,0.027146881,0.28382072,8.188503,0.5258095,0.63239855,0.018675914,0.018518519,0.16460888,0.21753769,0.2530358,0.40618256,0.41703883,0.647122,0.6285748,0.757633,0.7803135,1.0977489,0.74747115,0.7299888,0.66410017,0.6772745,0.8468364,0.81762934,0.6845233,0.9462828,0.8976231,0.7149913,0.5805765,0.68259186,0.82489353,0.5974108,0.37390125,0.28647324,0.044174552,0.002059709,172.26562,287.10938,401.95312,588.5742,0.26925978,354.46902,3.2415845,117300.32,11.44074,270.27502,-0.014667142,0.3663639,0.034226667,32.281975,10.654466,0.82089686,-6.585959,4.007656,-15.0416155,1.414348,-7.3953958,-7.1146927,-0.19515641,-2.5856235,5.2387395,-10.73882,-2.899676,0 days 00:01:57.029582916,0 days 00:01:57.069582916
0 days 00:00:00.790000,0 days 00:00:00.830000,answer8 ,190.83186,0.76567334,0.023025287,0.034538195,0.34030095,5.2358413,0.58297116,0.61259496,0.02109217,0.01643991,0.14438258,0.1741891,0.19530696,0.39626315,0.41543862,0.6501829,0.61968476,0.72380114,0.7154698,1.0116212,0.78909236,0.70743006,0.6298372,0.7302658,0.869842,0.8145149,0.73771685,0.9983141,0.8186555,0.66943914,0.5013313,0.6090376,0.7482825,0.5996744,0.36721495,0.29048103,0.07716742,0.0030922734,186.6211,287.10938,459.375,588.5742,0.2342153,374.23032,3.2973335,111555.79,11.391349,326.53244,-0.020836664,0.388507,0.060535554,34.59898,6.0559173,0.77347,-3.5053189,-3.4125633,-17.683674,-4.92905,-8.376983,-3.8932765,-0.07801688,-11.9697695,5.717937,-10.64688,1.5745577,0 days 00:01:57.039582916,0 days 00:01:57.079582916
0 days 00:00:00.800000,0 days 00:00:00.840000,answer8 ,190.5689,0.7697847,0.019557107,0.029293649,0.25167665,7.3926735,0.6671722,0.6382369,0.027387151,0.013794406,0.13230069,0.16680647,0.1951711,0.45173398,0.46741685,0.6903544,0.66150045,0.70884246,0.66304,0.9254468,0.9215544,0.82011175,0.70091504,0.8694503,1.0030545,0.86949056,0.8790145,1.1068445,0.7859676,0.6191507,0.4613687,0.5551905,0.6899108,0.57589895,0.36304626,0.31057617,0.13011433,0.0050314795,186.6211,229.6875,387.59766,445.01953,0.19540073,313.46695,2.8953807,64824.062,12.002854,373.69592,-0.037625197,0.33222297,0.10440969,37.839054,4.847269,5.5192184,5.078878,-7.0466933,-23.301188,-13.6806345,-12.319667,-5.9758077,-0.14929645,-18.311502,1.7730211,-15.19778,-0.28550836,0 days 00:01:57.049582916,0 days 00:01:57.089582916
0 days 00:00:00.810000,0 days 00:00:00.850000,answer8 ,188.6277,0.7548423,0.021266712,0.014774684,0.21647893,9.986125,0.7139342,0.6974427,0.030102437,0.012849584,0.12996201,0.19226651,0.24683361,0.53584117,0.5438692,0.7419718,0.7096754,0.7119954,0.6470095,0.8387156,1.0766624,1.0162317,0.90232205,1.0743394,1.2428392,0.9731981,1.0722742,1.2054306,0.82426363,0.5820525,0.4575719,0.5134317,0.6472068,0.5438952,0.36587834,0.33777332,0.13633144,0.007664619,186.6211,215.33203,373.2422,401.95312,0.1586649,306.36673,2.742155,73889.5,9.675038,283.66092,-0.04491033,0.32042968,0.12098152,38.490536,1.4709395,8.117676,11.801906,-10.353173,-26.568354,-13.373138,-4.404162,-7.5848737,-9.483094,-19.181896,1.0426587,-11.192348,0.48032737,0 days 00:01:57.059582916,0 days 00:01:57.099582916
0 days 00:00:00.820000,0 days 00:00:00.860000,answer8 ,187.54028,0.7203676,0.012732102,0.006619845,0.16475736,-24.884644,0.66354,0.75430316,0.026735472,0.014550265,0.13293733,0.22216731,0.29882914,0.5751826,0.5823689,0.76285,0.73565483,0.71705514,0.6512893,0.7509237,1.1202749,1.2076769,1.1950434,1.3007239,1.5455308,1.0694424,1.2166008,1.2221972,0.9092968,0.57058316,0.46712148,0.47388896,0.6179971,0.5381575,0.37820435,0.34988353,0.10010714,0.007105995,172.26562,215.33203,358.88672,445.01953,0.19033836,306.00494,2.7921531,97388.1,8.030581,189.69356,-0.036931273,0.31396675,0.093316324,37.253387,0.81381136,10.184209,15.143727,-10.947434,-27.577349,-6.9130855,4.3374534,-3.122886,-15.705417,-14.683543,-2.6629572,-8.461018,-2.0657232,0 days 00:01:57.069582916,0 days 00:01:57.109582916
0 days 00:00:00.830000,0 days 00:00:00.870000,answer8 ,0.0,0.6965565,0.0,0.0,0.0,-61.84972,0.57938147,0.77532023,0.020294668,0.017573697,0.13854523,0.22929692,0.31518793,0.5404237,0.54579836,0.74726105,0.7308573,0.70841545,0.641282,0.674772,1.0149196,1.2449061,1.4513311,1.4351401,1.7298149,1.1245013,1.2686234,1.1750431,1.0267493,0.5963232,0.4740363,0.44115242,0.6009607,0.5575681,0.40354046,0.34187564,0.04768348,0.0054122955,172.26562,244.04297,358.88672,559.8633,0.1970766,346.57004,3.2010772,151566.92,7.3318315,145.24066,-0.020314319,0.3469449,0.047795177,34.99464,0.028871695,10.393948,11.523046,-10.9347,-21.544,-2.8660686,11.3749695,0.35336998,-20.08584,-11.464417,-2.69057,-4.4826193,-2.2754848,0 days 00:01:57.079582916,0 days 00:01:57.119582916
0 days 00:00:00.840000,0 days 00:00:00.880000,answer8 ,0.0,0.6811449,0.0,0.0,0.0,-100.0,0.49818072,0.7528145,0.015667124,0.031746034,0.14287384,0.20928742,0.28200862,0.44629064,0.4465859,0.68721527,0.7194926,0.7103579,0.61423224,0.62749153,0.8324032,1.1430925,1.5036291,1.406994,1.715551,1.1178588,1.2284113,1.1124479,1.1436824,0.6638959,0.48371896,0.41331458,0.579973,0.58381176,0.43553618,0.32302046,0.017818796,0.0026039586,172.26562,229.6875,315.8203,545.5078,0.20636566,327.99713,3.0909808,161277.42,9.497465,197.32487,-0.01023416,0.3275515,0.022834865,33.027874,1.5471529,10.90043,8.300466,-6.9932914,-11.764583,0.052142818,16.132597,-1.3094654,-17.906628,-7.2770123,-9.491398,-3.9706507,-3.2707329,0 days 00:01:57.089582916,0 days 00:01:57.129582916
0 days 00:00:00.850000,0 days 00:00:00.890000,answer8 ,0.0,0.6726715,0.0,0.0,0.0,-100.0,0.44681725,0.70665306,0.0134637365,0.05536659,0.14379597,0.1834575,0.24135338,0.35440144,0.3433074,0.60528165,0.67602324,0.6756901,0.5825972,0.6161347,0.6862707,0.94639254,1.3261708,1.2286931,1.5158701,1.0917156,1.1770312,1.0923176,1.2168511,0.7630296,0.51685613,0.406448,0.56825596,0.61574095,0.4781611,0.32113183,0.012301005,0.0015622262,172.26562,215.33203,272.7539,445.01953,0.14850448,308.0076,2.7926123,227394.77,11.467011,218.00368,-0.0082940115,0.30650634,0.018027162,29.100723,5.0518475,12.526413,7.485245,-4.409612,-2.6542413,0.71807283,11.612026,-6.0168977,-15.210259,-7.239056,-8.96503,-3.2201202,-8.318126,0 days 00:01:57.099582916,0 days 00:01:57.139582916
0 days 00:00:00.860000,0 days 00:00:00.900000,answer8 ,0.0,0.64709973,0.0,0.0,0.0,-100.0,0.45850906,0.6874814,0.011839914,0.07936508,0.14238888,0.16803919,0.2131793,0.28809217,0.27561715,0.52939826,0.60319084,0.6096825,0.5850541,0.61469185,0.6032161,0.78669804,1.0822777,1.040677,1.2970163,1.1151752,1.1945782,1.1649917,1.3036557,0.94306827,0.6365972,0.45974007,0.60032207,0.69404554,0.5541299,0.36899444,0.008146239,0.0015164277,157.91016,186.6211,315.8203,1148.4375,0.14200228,458.23254,3.0141308,1.1204789e+06,10.1666975,180.5633,-0.0074532502,0.39337888,0.016094657,22.319147,8.961503,15.546303,5.3183722,-0.6119415,-2.129666,0.5466616,11.637283,-7.7111506,-8.519408,-6.4737153,-5.597978,0.61558264,-12.981789,0 days 00:01:57.109582916,0 days 00:01:57.149582916
0 days 00:00:00.870000,0 days 00:00:00.910000,answer8 ,0.0,0.65519553,0.0,0.0,0.0,-65.25889,0.4911456,0.7270091,0.0090508405,0.09126984,0.13308664,0.14816071,0.19176205,0.24645841,0.24381119,0.4681367,0.5209262,0.52342767,0.61050767,0.61301106,0.5662562,0.68125886,0.8860409,0.91599804,1.1508608,1.18984,1.3103056,1.3720717,1.4342533,1.2727839,0.9471418,0.6509785,0.73158115,0.90219444,0.7110977,0.48028684,0.005765591,0.001833984,258.39844,1449.9023,1751.3672,3229.9805,0.124120556,1451.775,4.335087,3.5085968e+06,5.6992874,74.501,-0.0039827735,1.0291564,0.008581581,11.973148,10.883344,12.880048,-4.5245304,1.2648748,-4.573071,0.36348066,6.6362553,-9.919145,-3.4770887,-5.4304295,-0.024729809,5.325939,-13.998918,0 days 00:01:57.119582916,0 days 00:01:57.159582916
0 days 00:00:00.880000,0 days 00:00:00.920000,answer8 ,201.94803,0.68899816,0.0,0.0,0.0,-31.590113,0.5381205,0.83155733,0.012178843,0.08314437,0.119558536,0.12361306,0.17323719,0.24087965,0.24782413,0.43138018,0.46889803,0.46049634,0.6395344,0.60171676,0.5583358,0.62951034,0.793619,0.89267594,1.1033682,1.3099265,1.4906869,1.7104133,1.6169658,1.7276376,1.4941467,1.0237337,0.9768761,1.2143606,0.9395563,0.63153875,0.008550097,0.002125113,258.39844,1478.6133,1808.7891,3789.8438,0.13802016,1608.7583,5.007162,4.1103202e+06,2.615862,12.522357,-0.0029754825,1.1381798,0.00505512,8.186058,12.606292,14.210831,-9.414433,0.6356543,-13.007617,-0.5598509,5.339077,-13.989942,-0.9459169,-5.2280736,3.14542,8.126513,-10.295701,0 days 00:01:57.129582916,0 days 00:01:57.169582916
0 days 00:00:00.890000,0 days 00:00:00.930000,answer8 ,199.52284,0.7426265,0.0,0.0,0.0,1.5502747,0.71472114,0.9831328,0.02406306,0.06462585,0.10621362,0.10763335,0.17612325,0.28863907,0.31332406,0.43828896,0.4860827,0.4785534,0.651855,0.6146693,0.59877855,0.63790894,0.7792842,1.0065669,1.2222857,1.4627515,1.6741385,2.0281608,1.8335038,2.2762916,2.2317054,1.5189594,1.2330732,1.5074924,1.1433493,0.7458172,0.1730568,0.0061706384,287.10938,1536.0352,1780.0781,2985.9375,0.32405868,1452.0254,4.4691834,3.2178542e+06,4.2195544,38.86627,-0.03484561,1.0485553,0.09098496,12.15475,11.885486,16.547365,-12.133405,-3.215401,-26.212015,-2.707984,3.4519145,-24.148157,-2.3705359,-6.0977864,-2.273032,6.0344677,-9.898101,0 days 00:01:57.139582916,0 days 00:01:57.179582916
0 days 00:00:00.900000,0 days 00:00:00.940000,answer8 ,195.98824,0.7685129,0.0,0.0,0.0,1.9609543,0.9487901,1.1551433,0.039016996,0.045351475,0.100345545,0.12824006,0.2304105,0.4219943,0.49096784,0.51171905,0.5799175,0.60041374,0.6743262,0.66644293,0.6980863,0.7143807,0.8902755,1.3047229,1.554953,1.6908879,1.8347186,2.1919796,2.0420485,2.7900076,2.9168708,1.997563,1.3908052,1.6123365,1.2315456,0.7677663,0.35749182,0.015848331,200.97656,344.53125,401.95312,933.10547,0.38656533,531.789,3.355583,937172.7,5.866221,52.157513,-0.07372906,0.47649768,0.22652368,19.408827,10.131458,22.3431,-10.604802,-6.037964,-39.930744,-5.5142307,5.9946313,-32.916363,-4.9117603,-9.575665,-4.9132857,5.0654225,-10.404855,0 days 00:01:57.149582916,0 days 00:01:57.189582916
0 days 00:00:00.910000,0 days 00:00:00.950000,answer8 ,192.34119,0.7878341,0.039541624,0.0,0.33260506,5.1946263,1.1609584,1.347241,0.046593964,0.035714284,0.10952982,0.2067222,0.35067725,0.6549538,0.8144724,0.68533856,0.7619538,0.83714795,0.74424285,0.7764484,0.8509987,0.8629363,1.189961,1.8309895,2.125343,2.0407197,1.9859368,2.2147586,2.2798455,3.221959,3.3680592,2.3582058,1.3979326,1.4811808,1.1754485,0.70250756,0.4633076,0.022639392,200.97656,330.17578,401.95312,430.66406,0.43230805,415.18396,2.9785674,326885.16,6.923056,70.290695,-0.10633411,0.40502462,0.32671717,24.385645,6.522284,25.177172,-13.905144,-6.378708,-45.40735,-3.8199453,11.808678,-38.424667,-5.6895833,-9.802875,-4.1308737,2.3651216,-11.407016,0 days 00:01:57.159582916,0 days 00:01:57.199582916
0 days 00:00:00.920000,0 days 00:00:00.960000,answer8 ,190.6848,0.7920339,0.02828718,0.037330538,0.23015676,12.11645,1.2551144,1.5572205,0.04589356,0.03325775,0.12762834,0.30654058,0.48736978,0.8947155,1.1412905,0.9334654,1.0209743,1.1584173,0.87777215,0.9297984,1.0233699,1.0358342,1.6407915,2.5235674,2.763581,2.5030057,2.189971,2.230898,2.6042206,3.5511944,3.612425,2.6403692,1.3428979,1.2508405,1.0818748,0.614919,0.3947405,0.036753416,186.6211,287.10938,401.95312,545.5078,0.2730285,451.50577,3.1758318,424538.28,5.6829467,50.289745,-0.10428551,0.42285275,0.3296661,24.793753,3.1106584,26.49572,-15.380553,-5.971117,-42.540863,2.4613187,17.265203,-36.72119,-6.726967,-13.761749,-2.0713446,0.86797905,-12.001087,0 days 00:01:57.169582916,0 days 00:01:57.209582916
0 days 00:00:00.930000,0 days 00:00:00.970000,answer8 ,189.7516,0.7939381,0.015302505,0.025482967,0.057081565,15.495046,1.2287585,1.7056608,0.042023346,0.029289493,0.146441,0.3791674,0.5648425,1.0327473,1.2932616,1.1619109,1.2590728,1.4080467,1.0320202,1.0668055,1.1308969,1.1890316,2.0807061,3.083517,3.1460564,2.9249506,2.3567975,2.3196456,2.8577964,3.5364692,3.6554594,2.8078916,1.3187433,1.029047,1.0094649,0.55639267,0.3150907,0.036404703,186.6211,287.10938,416.3086,602.9297,0.2529013,464.7993,3.2912228,435209.47,5.6059475,51.356,-0.08837879,0.43334344,0.27640593,25.449282,1.2201107,25.18751,-13.853539,-7.5521526,-42.52594,4.93822,17.604956,-32.507847,-4.571588,-17.283298,3.1115978,-1.9045993,-13.416893,0 days 00:01:57.179582916,0 days 00:01:57.219582916
0 days 00:00:00.940000,0 days 00:00:00.980000,answer8 ,189.07884,0.79160905,0.004334497,0.01662098,0.047819328,17.122988,1.2063133,1.750604,0.038450673,0.025510205,0.15365319,0.3902317,0.5597545,1.0240895,1.2304707,1.327123,1.4018751,1.491419,1.1381987,1.1711341,1.1711951,1.3584112,2.4078069,3.3164194,3.1476915,3.1560714,2.4315548,2.4131277,3.0086358,3.2052279,3.5072286,2.79877,1.3419275,0.88023955,0.9595494,0.5239013,0.263624,0.040409148,200.97656,330.17578,430.66406,904.39453,0.2245975,510.2775,3.4764202,487817.0,4.9619484,41.716766,-0.070140414,0.46888652,0.2286462,25.110857,-2.2405689,23.466782,-13.243526,-6.1616435,-44.707764,-0.049188297,17.065416,-24.06806,-4.310685,-20.068468,3.7860622,-3.3194597,-12.577119,0 days 00:01:57.189582916,0 days 00:01:57.229582916
0 days 00:00:00.950000,0 days 00:00:00.990000,answer8 ,188.42482,0.7910195,0.0036125996,0.0017878296,0.059098914,15.591159,1.1083921,1.6770439,0.03466171,0.023620559,0.1492584,0.36372125,0.50659925,0.9256596,1.0594453,1.373952,1.397482,1.4051865,1.1584542,1.2200676,1.1765214,1.6205915,2.6153135,3.15087,2.7823746,3.0103514,2.3181891,2.4289248,2.9918432,2.6338756,3.1422436,2.5915654,1.4053411,0.77419084,0.898751,0.50236744,0.20089006,0.034411706,200.97656,315.8203,416.3086,1162.793,0.20021994,504.23154,3.444191,464202.38,4.967282,42.874645,-0.054589394,0.4645129,0.18200827,25.799715,-2.6402535,19.837908,-11.233514,1.6873735,-44.243847,-5.7712555,16.404825,-14.4875345,-7.613753,-23.420462,6.9239707,-6.150903,-9.235258,0 days 00:01:57.199582916,0 days 00:01:57.239582916
0 days 00:00:00.960000,0 days 00:00:01,answer8 ,188.00574,0.7892368,0.0022674778,0.0022229438,0.09755004,13.693522,1.0265205,1.5457458,0.030720199,0.023998486,0.14344838,0.3346869,0.45910656,0.8166795,0.9091091,1.3346459,1.3177861,1.292397,1.1165276,1.2535968,1.2258655,1.9908718,2.6952145,2.7627885,2.2774765,2.536865,2.0561607,2.3004506,2.8818858,2.1371415,2.619881,2.287385,1.4680103,0.69909924,0.80529135,0.46701923,0.12705219,0.032202337,186.6211,258.39844,416.3086,1220.2148,0.16288237,488.50797,3.5121384,419896.4,5.0376954,46.15678,-0.04333083,0.4516829,0.13316663,27.761345,-3.1073513,16.345919,-10.334655,10.889019,-41.6969,-7.6666217,17.192595,-3.9297807,-11.994766,-25.235182,4.4022818,-7.9297123,-3.8658428,0 days 00:01:57.209582916,0 days 00:01:57.249582916
0 days 00:00:00.960000,0 days 00:00:01.000997732,answer8 ,187.74126,0.7883489,0.0020360919,0.001709516,0.103313446,13.813605,0.92890435,1.3969427,0.02756375,0.024376417,0.14139473,0.31172267,0.42379177,0.7113616,0.7782893,1.2212701,1.2294163,1.2461175,1.0562549,1.2732195,1.34163,2.3502038,2.571557,2.3102624,1.7843686,1.9407692,1.7237655,2.054152,2.681515,1.7951437,2.0732691,1.9982206,1.5012813,0.65707105,0.71040934,0.43405318,0.08947613,0.024978124,172.26562,258.39844,445.01953,1033.5938,0.14429906,465.81943,3.5320656,358728.88,5.399819,54.925648,-0.0349642,0.4381822,0.1024526,29.056046,-1.4635597,10.259278,-8.647479,14.752414,-38.1225,-8.083388,15.681792,-0.6192012,-11.514176,-25.645004,1.9917806,-11.357028,1.7975699,0 days 00:01:57.209582916,0 days 00:01:57.250580648
0 days 00:00:00,0 days 00:00:00.040000,answer9 ,0.0,0.64453095,0.0,0.0,0.0,-100.0,0.36478925,0.98834115,0.0045741186,0.051587302,0.12921618,0.27204838,0.41952792,0.5544473,0.66972893,0.76589614,0.84702843,0.9178292,0.9822495,1.0430994,1.1020993,1.1600702,1.2171308,1.2728368,1.3262117,1.3755809,1.4180565,1.4484811,1.4578775,1.432704,1.3587462,1.2323397,1.069155,0.8959276,0.7342484,0.5943311,0.0026175557,0.0012624043,229.6875,502.4414,890.03906,1636.5234,0.02104058,787.7767,4.781772,953452.25,3.9497259,30.614439,-0.0008794567,0.6693055,0.0022483605,18.566278,-2.8884523,-0.08142153,-0.6334502,9.710105,-17.47492,11.042885,10.50787,-8.518237,-12.032794,-11.697177,-7.1047955,8.694078,-3.4192932,0 days 00:02:12.565899233,0 days 00:02:12.605899233
0 days 00:00:00.010000,0 days 00:00:00.050000,answer9 ,0.0,0.65549076,0.0,0.0,0.0,-100.0,0.3369845,0.98834115,0.0043096077,0.047052156,0.12921618,0.27204838,0.41952792,0.5544473,0.66972893,0.76589614,0.84702843,0.9178292,0.9822495,1.0430994,1.1020993,1.1600702,1.2171308,1.2728368,1.3262117,1.3755809,1.4180565,1.4484811,1.4578775,1.432704,1.3587462,1.2323397,1.069155,0.8959276,0.7342484,0.5943311,0.0023621924,0.0010649567,200.97656,387.59766,818.2617,1550.3906,0.039743263,680.0949,4.688006,796531.25,4.6266384,42.854187,-0.0008149215,0.5887777,0.0017868498,20.823866,-3.2364123,0.45136473,2.2639182,9.380417,-12.75914,10.040905,7.6836953,-8.643707,-5.3465996,-12.641422,-6.2771683,9.67652,-3.2330322,0 days 00:02:12.575899233,0 days 00:02:12.615899233
0 days 00:00:00.020000,0 days 00:00:00.060000,answer9 ,0.0,0.66317195,0.0,0.0,0.0,-100.0,0.302205,0.98834115,0.0039986293,0.040816326,0.12921618,0.27204838,0.41952792,0.5544473,0.66972893,0.76589614,0.84702843,0.9178292,0.9822495,1.0430994,1.1020993,1.1600702,1.2171308,1.2728368,1.3262117,1.3755809,1.4180565,1.4484811,1.4578775,1.432704,1.3587462,1.2323397,1.069155,0.8959276,0.7342484,0.5943311,0.002356362,0.0007571055,186.6211,287.10938,674.70703,1291.9922,0.049574375,548.07294,4.5028024,583787.8,6.00984,66.70118,-0.0007608263,0.49744758,0.0014158083,23.463104,-0.97672033,-0.022608072,3.6252382,6.593656,-9.650054,8.264141,3.19513,-10.317054,-2.737643,-8.834127,-5.0397897,7.3682976,-3.2783191,0 days 00:02:12.585899233,0 days 00:02:12.625899233
0 days 00:00:00.030000,0 days 00:00:00.070000,answer9 ,0.0,0.66142744,0.0,0.0,0.0,-100.0,0.27217904,0.98834115,0.0037607215,0.037414968,0.12921618,0.27204838,0.41952792,0.5544473,0.66972893,0.76589614,0.84702843,0.9178292,0.9822495,1.0430994,1.1020993,1.1600702,1.2171308,1.2728368,1.3262117,1.3755809,1.4180565,1.4484811,1.4578775,1.432704,1.3587462,1.2323397,1.069155,0.8959276,0.7342484,0.5943311,0.0013315253,0.00044581154,143.55469,244.04297,531.15234,1105.3711,0.041307464,472.37857,4.3305054,545235.94,7.0574074,85.464355,-0.00063980103,0.43272415,0.00093648024,24.242151,1.7458299,2.4855208,3.7398674,4.802502,-6.248987,6.8248563,6.6374626,-3.6798496,-1.6273084,-1.0759853,-2.712496,2.7676446,-3.4243708,0 days 00:02:12.595899233,0 days 00:02:12.635899233
0 days 00:00:00.040000,0 days 00:00:00.080000,answer9 ,0.0,0.6576403,0.0,0.0,0.0,-100.0,0.26690635,0.97001904,0.0037625853,0.036092218,0.12786482,0.27728608,0.41140977,0.5564588,0.69543314,0.7870452,0.82427317,0.8715113,0.96342987,1.0077997,1.0771977,1.1141759,1.1505022,1.2540951,1.3174762,1.3118821,1.362357,1.4579557,1.4587069,1.4078989,1.3138076,1.1697427,1.089393,0.8909817,0.72543305,0.5963743,0.0020444102,0.00037497294,186.6211,272.7539,430.66406,947.46094,0.037844595,452.92224,4.141182,489126.25,7.78017,96.74331,-0.00066255726,0.42756784,0.0011550643,24.371096,4.1499753,1.649662,3.6142693,2.814819,-11.1322365,2.8843944,1.7465335,-5.742,-5.787727,5.0632205,-2.292434,-1.1957923,-1.0627855,0 days 00:02:12.605899233,0 days 00:02:12.645899233
0 days 00:00:00.050000,0 days 00:00:00.090000,answer9 ,0.0,0.6574485,0.0,0.0,0.0,-100.0,0.26979557,0.9526122,0.0036508476,0.037792895,0.12029481,0.2778112,0.40406165,0.589282,0.7073912,0.81872535,0.78270763,0.80973166,0.92849445,0.96925503,1.050282,1.0727636,1.0804148,1.2358588,1.3496851,1.2282714,1.3105179,1.4555451,1.4728705,1.3967663,1.2690493,1.1008679,1.1274246,0.884882,0.72084695,0.60411793,0.0020057047,0.0004389997,215.33203,287.10938,459.375,1177.1484,0.03918259,515.6158,4.155411,611917.56,7.0373006,81.3995,-0.0005987987,0.47270775,0.0011239293,23.056498,1.6069788,2.5614078,4.4166956,2.0427065,-13.300977,-0.97450966,1.0023884,-8.47612,-4.239933,1.2219299,-4.71927,-0.60343957,-0.23759373,0 days 00:02:12.615899233,0 days 00:02:12.655899233
0 days 00:00:00.060000,0 days 00:00:00.100000,answer9 ,0.0,0.6588002,0.0,0.0,0.0,-100.0,0.2707787,0.94148207,0.0033693493,0.041005295,0.10843631,0.27271137,0.4000834,0.61984515,0.6949372,0.85395485,0.72551185,0.75663495,0.8766863,0.9415943,1.0174255,1.0514456,1.0399243,1.2055166,1.3944806,1.1578592,1.3211514,1.4605722,1.5076979,1.3903118,1.2375578,1.0357984,1.1678826,0.8764755,0.7350416,0.6289961,0.0020827644,0.00043845552,244.04297,315.8203,531.15234,1234.5703,0.036669802,581.10004,4.3176656,763805.44,6.347296,63.83145,-0.0005058482,0.5271432,0.0010320322,21.51962,1.4602618,0.7913675,3.5963814,-2.4494543,-11.910962,-3.0108166,-0.9621937,-10.39615,-5.648918,-3.4876652,-5.326627,-0.531637,-4.147389,0 days 00:02:12.625899233,0 days 00:02:12.665899233
0 days 00:00:00.070000,0 days 00:00:00.110000,answer9 ,0.0,0.6558984,0.0,0.0,0.0,-100.0,0.26044938,0.94723135,0.0031616138,0.04289494,0.09519208,0.25911316,0.40771118,0.63181645,0.64873546,0.87440926,0.6872368,0.7742529,0.82326955,0.96218675,0.9760599,1.0667943,1.0333809,1.1669847,1.4016285,1.1747903,1.4238793,1.441671,1.5495726,1.412856,1.2653352,1.0298716,1.1945887,0.87699276,0.77875066,0.6709361,0.0014212271,0.00036488348,215.33203,272.7539,559.8633,1177.1484,0.028627044,584.4817,4.3398423,891596.5,6.0891013,54.332794,-0.00043500727,0.52430886,0.000834845,20.70552,3.1447499,1.3106974,1.857933,-2.464996,-6.6154304,-1.1857567,0.4950012,-8.542188,-4.2985854,-6.6474977,-8.861651,0.5531402,-4.8548207,0 days 00:02:12.635899233,0 days 00:02:12.675899233
0 days 00:00:00.080000,0 days 00:00:00.120000,answer9 ,0.0,0.64550155,0.0,0.0,0.0,-100.0,0.2618959,0.9520429,0.0031615247,0.042139072,0.08935148,0.2517948,0.41546854,0.5944264,0.62495863,0.88541085,0.67749834,0.8483637,0.78915685,0.9744334,0.93260163,1.0791019,0.99247485,1.0945878,1.3151046,1.2339388,1.5168023,1.4498905,1.5831251,1.4297823,1.3090124,1.0338613,1.2082872,0.8794047,0.8297978,0.7144775,0.0016635568,0.0002973895,215.33203,301.46484,559.8633,933.10547,0.029208371,554.7405,4.3467345,836343.2,6.776676,65.21699,-0.00048566633,0.5092781,0.00091845886,21.294317,5.8956437,-0.37883767,-1.3704425,-2.4616878,-3.9401462,-0.19720638,-0.59082663,-5.78943,-3.5469007,-6.5042458,-8.709996,1.9304994,-1.8153304,0 days 00:02:12.645899233,0 days 00:02:12.685899233
0 days 00:00:00.090000,0 days 00:00:00.130000,answer9 ,0.0,0.64245206,0.0,0.0,0.0,-100.0,0.26532015,0.9542217,0.0033486225,0.039682537,0.088692814,0.24651553,0.41420794,0.54656523,0.65757513,0.8931659,0.71372205,0.92962337,0.7845846,0.9674993,0.9053381,1.073548,0.9006646,1.0100498,1.1720182,1.2629157,1.519915,1.4967183,1.6153675,1.4394727,1.3681034,1.049323,1.2326188,0.90583396,0.8716893,0.744037,0.0016789292,0.00028147834,244.04297,373.2422,617.28516,1033.5938,0.029726977,622.0026,4.529505,989045.25,6.6369224,62.3849,-0.0004609561,0.5676426,0.0009578423,20.474413,5.923836,-1.9071436,-6.6196404,-2.636864,-5.19508,-2.3890467,1.0527956,-2.6326377,-0.54360795,-5.8501663,-8.39457,2.7533023,-0.74319714,0 days 00:02:12.655899233,0 days 00:02:12.695899233
0 days 00:00:00.100000,0 days 00:00:00.140000,answer9 ,0.0,0.0,0.0,0.0,0.0,-100.0,0.28654686,0.9704433,0.004483014,0.034958426,0.09346673,0.24448383,0.4065406,0.5488152,0.7471408,0.89910537,0.7853639,0.989453,0.8057588,0.9160323,0.9176857,1.0795387,0.85661453,0.9428528,1.078853,1.2682682,1.4709388,1.6280524,1.6454097,1.47399,1.4678997,1.0985512,1.2532622,0.9476476,0.8995401,0.7662609,0.0039051387,0.0002904383,272.7539,416.3086,574.21875,961.8164,0.048734654,600.0472,4.3183503,902426.0,7.4094124,76.19488,-0.00080500747,0.5571675,0.0019150708,20.691093,7.829771,-0.4442002,-6.9844246,-5.733212,-8.683917,-6.171051,2.553366,-1.2947947,-2.1146505,-8.336123,-3.1559718,7.5131493,1.6268001,0 days 00:02:12.665899233,0 days 00:02:12.705899233
0 days 00:00:00.110000,0 days 00:00:00.150000,answer9 ,0.0,0.6824517,0.0,0.0,0.0,-100.0,0.30158716,1.0078934,0.0062148124,0.028911566,0.10780439,0.25861356,0.41079724,0.6140422,0.82698584,0.90258723,0.8550043,0.9787132,0.83605427,0.87262416,0.9177783,1.0994314,0.92957014,0.95607185,1.0578958,1.2564899,1.4635285,1.830945,1.6963348,1.5147142,1.5726231,1.1765529,1.286842,1.0292538,0.9435647,0.81040865,0.004671313,0.0003984427,229.6875,315.8203,445.01953,775.1953,0.0727507,490.60977,3.8071308,792313.56,8.6451845,103.348274,-0.0017204896,0.45563194,0.0039563286,20.582308,10.854138,4.563881,1.7366041,-2.8595276,-7.0284142,-4.9451,5.8487487,2.0097172,-7.841375,-7.274285,2.09923,6.9530215,-3.4094322,0 days 00:02:12.675899233,0 days 00:02:12.715899233
0 days 00:00:00.120000,0 days 00:00:00.160000,answer9 ,0.0,0.6810208,0.0,0.0,0.0,-100.0,0.3129318,1.0529914,0.00794829,0.021352986,0.14493422,0.3173184,0.4395639,0.7115293,0.83568674,0.88379234,0.86515886,0.9248201,0.8444163,0.8487789,0.89487594,1.0901238,1.0550599,1.0516437,1.126827,1.2869471,1.5333894,2.018112,1.7539085,1.5740384,1.6411775,1.2392845,1.3156562,1.1258692,0.993004,0.86186105,0.0049295058,0.00042556017,172.26562,200.97656,258.39844,387.59766,0.08551022,294.66223,2.9696195,394696.84,11.963445,197.13739,-0.0031725643,0.28772518,0.006410051,22.230042,14.022522,12.327854,10.3758135,0.4998951,-1.0199236,2.1311762,5.9630227,-2.4179533,-8.051203,-2.6100168,0.8943022,6.426733,-2.6779091,0 days 00:02:12.685899233,0 days 00:02:12.725899233
0 days 00:00:00.130000,0 days 00:00:00.170000,answer9 ,0.0,0.6892522,0.0,0.0,0.0,-62.089275,0.3171252,1.0914577,0.009230477,0.014550264,0.21131845,0.43315712,0.49382707,0.7823398,0.7774779,0.84732985,0.83675164,0.8594048,0.85455984,0.88639116,0.87428945,1.0401059,1.1458317,1.1817365,1.2568773,1.3612089,1.6534253,2.0978546,1.8070499,1.6135808,1.6235142,1.2689048,1.3219442,1.2039962,1.0439559,0.9010704,0.0031169557,0.00047602353,129.19922,129.19922,186.6211,258.39844,0.07920464,213.95305,2.4918177,245896.7,14.401448,282.19022,-0.0043877554,0.21002288,0.008506637,23.298004,14.597028,14.507512,14.260373,3.943958,7.6420007,8.15609,6.8234253,-3.5977783,-4.5877748,1.9471174,-2.1392543,0.9649461,-7.5251904,0 days 00:02:12.695899233,0 days 00:02:12.735899233
0 days 00:00:00.140000,0 days 00:00:00.180000,answer9 ,170.79538,0.71030575,0.0,0.0,0.1870392,-25.717566,0.32897997,1.1150641,0.011639401,0.011715797,0.27997085,0.5833368,0.5513458,0.77940434,0.71261805,0.8155167,0.80847675,0.8259244,0.8719247,0.9802297,0.89455265,0.96465856,1.1727902,1.2679366,1.3963208,1.4401765,1.774045,2.0762396,1.8574338,1.6225634,1.5565449,1.2652267,1.3031001,1.2212864,1.0661703,0.9038775,0.0030438453,0.00045702924,129.19922,143.55469,172.26562,215.33203,0.079672016,195.46315,2.1169126,162571.81,17.40704,411.70163,-0.0065184017,0.19691922,0.013012295,24.763079,15.05042,14.954258,13.30695,4.095179,10.237241,8.19196,5.498672,-3.315339,-3.5956726,0.5510397,-2.8544483,-1.6923661,-8.092812,0 days 00:02:12.705899233,0 days 00:02:12.745899233
0 days 00:00:00.150000,0 days 00:00:00.190000,answer9 ,172.72731,0.74507993,0.08011403,0.0,0.24308395,11.816924,0.4177259,1.1612659,0.016906431,0.012849584,0.3241267,0.73202485,0.62613326,0.7812159,0.7492885,0.8838753,0.87663823,0.891722,0.9681945,1.1408063,1.0025502,0.94305533,1.1838537,1.2809192,1.5139905,1.4707028,1.9070072,2.0665476,1.9555556,1.6347733,1.532754,1.295597,1.2967429,1.1722909,1.0654243,0.89712566,0.011737513,0.0011963536,143.55469,157.91016,186.6211,301.46484,0.12035354,213.30469,2.160045,128737.57,17.4831,449.54147,-0.013643879,0.21901052,0.030570505,28.09896,15.425972,11.025426,6.1838055,4.379417,9.173217,3.313301,4.6948957,-1.7970396,-3.6029088,-3.2201831,0.3386,-6.5929685,-10.152209,0 days 00:02:12.715899233,0 days 00:02:12.755899233
0 days 00:00:00.160000,0 days 00:00:00.200000,answer9 ,176.29248,0.77799827,0.055140123,0.1043834,0.33723462,11.713703,0.6217974,1.3050987,0.023730608,0.018896447,0.33250996,0.8610094,0.7392805,0.8661626,0.9196146,1.1554182,1.1324803,1.1578187,1.2608174,1.4774742,1.2717668,1.076816,1.2907536,1.2893133,1.5445242,1.457975,2.107521,2.258152,2.221359,1.7770739,1.6355549,1.445232,1.458342,1.1894008,1.0839044,0.92229074,0.03556967,0.0060505816,157.91016,186.6211,358.88672,516.7969,0.18947704,294.36118,2.6721592,138794.7,14.396561,367.17346,-0.02678346,0.2992603,0.06998195,29.805082,14.66325,3.6618154,-5.129578,9.100043,9.709756,-0.15676557,-0.78299856,3.2725658,-9.427206,-5.8915596,-0.5616495,-7.9049644,-8.844665,0 days 00:02:12.725899233,0 days 00:02:12.765899233
0 days 00:00:00.170000,0 days 00:00:00.210000,answer9 ,178.19716,0.8012597,0.055780884,0.0855914,0.36208686,11.89975,0.8543853,1.6149737,0.028775414,0.027399847,0.31806332,0.9512472,0.8968463,1.0610112,1.2013922,1.6624676,1.6746188,1.8240618,1.9498087,2.1147006,1.828392,1.378407,1.4521956,1.3525265,1.5751615,1.4828787,2.477271,2.7592964,2.7110946,2.1755378,1.9345694,1.8140742,1.8932943,1.3750534,1.1434945,0.9818506,0.0497618,0.014355381,186.6211,373.2422,588.5742,746.4844,0.23404188,442.01404,3.31932,175652.64,9.556722,208.33199,-0.04053813,0.4391971,0.12262527,30.002932,11.903752,-5.17713,-20.125954,12.072929,14.038657,4.194956,-7.7365117,4.0764723,-11.463513,-7.1786995,-3.8742898,-10.937229,-8.393535,0 days 00:02:12.735899233,0 days 00:02:12.775899233
0 days 00:00:00.180000,0 days 00:00:00.220000,answer9 ,179.18225,0.8052775,0.018745987,0.058988675,0.26435173,11.8940325,1.0214043,2.0824375,0.030762771,0.035336357,0.2829775,0.96618825,1.0216159,1.2624246,1.4876213,2.239374,2.543007,2.945893,3.0998776,3.2036247,2.7340574,1.7970152,1.5932621,1.460352,1.6453247,1.6010599,2.9465408,3.5767634,3.402385,2.8691585,2.4267118,2.4222083,2.521746,1.7456449,1.2925465,1.0559996,0.05206794,0.035156503,315.8203,559.8633,818.2617,947.46094,0.23256254,615.44867,3.8248985,232983.08,6.1130805,84.41675,-0.045448933,0.5970078,0.15278421,27.17949,8.142092,-12.8194685,-29.918213,15.080813,17.74124,4.0690002,-13.978208,2.8287468,-15.103295,-7.8625207,-9.125184,-11.737725,-7.9845543,0 days 00:02:12.745899233,0 days 00:02:12.785899233
0 days 00:00:00.190000,0 days 00:00:00.230000,answer9 ,179.69759,0.7998295,0.018192168,0.019924976,0.123116516,11.198506,1.0841526,2.5501404,0.030964762,0.043083902,0.2405407,0.8979163,1.0404477,1.352744,1.6292094,2.560054,3.3969853,4.105379,4.359125,4.471273,3.6342075,2.1364672,1.6753674,1.5660267,1.8184962,1.7784697,3.3724499,4.538291,4.032044,3.7111378,3.0136702,3.105468,3.140118,2.1296854,1.4884785,1.1096045,0.040184956,0.054030042,387.59766,732.1289,890.03906,1019.2383,0.19552241,712.904,3.945864,272299.38,5.422053,65.94575,-0.046201687,0.6808451,0.16718028,25.211699,5.419,-12.841167,-32.710285,16.86853,20.702599,7.6454887,-12.664562,-3.1875622,-13.572732,-6.038196,-6.2588406,-13.290326,-9.4657755,0 days 00:02:12.755899233,0 days 00:02:12.795899233
0 days 00:00:00.200000,0 days 00:00:00.240000,answer9 ,180.7274,0.7819989,0.006984509,0.00490176,0.040027697,12.232468,1.0816444,2.8280122,0.030334888,0.0462963,0.20382339,0.7835699,0.96093386,1.2977418,1.5861439,2.5109203,3.866668,4.7289853,5.0878844,5.49584,4.097908,2.274208,1.7074746,1.6316867,2.022747,1.9454683,3.570362,5.2949634,4.3388085,4.3604903,3.569906,3.607621,3.431639,2.3225906,1.6924132,1.1375202,0.031350408,0.063529834,401.95312,732.1289,904.39453,1076.6602,0.15787922,745.0538,3.9997184,326331.1,5.3396344,59.438595,-0.04162282,0.7036345,0.15372051,23.345053,5.0108266,-12.935674,-31.780579,18.846922,22.635048,7.0684886,-10.314285,-4.9613185,-11.565491,-5.173676,-7.5351067,-11.56464,-12.464793,0 days 00:02:12.765899233,0 days 00:02:12.805899233
0 days 00:00:00.210000,0 days 00:00:00.250000,answer9 ,183.60286,0.7637877,0.0021363057,0.0030863115,0.031020777,13.747006,1.0380505,2.8461773,0.027938878,0.045729402,0.18788023,0.6806095,0.85312194,1.1545581,1.4096974,2.168186,3.762765,4.583592,4.977631,5.9058557,3.9938145,2.2398205,1.754733,1.644528,2.0569632,2.037075,3.541343,5.6819243,4.2609735,4.670703,3.9256802,3.7786312,3.373537,2.3736846,1.8427668,1.1405464,0.023530474,0.059474457,330.17578,732.1289,961.8164,1091.0156,0.15439548,764.0632,4.045071,418067.6,5.0944,50.610886,-0.03583016,0.7101553,0.12906872,21.799295,6.0963044,-11.793446,-29.491425,22.342916,25.775785,7.9052434,-10.503176,-0.5354907,-13.24025,-7.8289924,-6.345501,-7.3440614,-17.072153,0 days 00:02:12.775899233,0 days 00:02:12.815899233
0 days 00:00:00.220000,0 days 00:00:00.260000,answer9 ,186.57532,0.7468435,0.0039629578,0.0038446786,0.063996375,13.997437,0.94789654,2.666187,0.023755213,0.04006047,0.17963801,0.60660356,0.7824564,0.9969043,1.21845,1.7867656,3.2640731,3.9633617,4.233815,5.5490985,3.6158714,2.1515262,1.7464195,1.6250826,1.9427212,2.0972326,3.4400806,5.655597,3.9037113,4.4670625,3.9325905,3.604079,3.0966823,2.448516,1.9035705,1.1089584,0.017591717,0.042373896,272.7539,645.9961,961.8164,1119.7266,0.16518728,754.096,4.1235123,575164.2,4.8933234,42.043854,-0.025219535,0.68896055,0.08522865,20.23352,5.852613,-11.316497,-24.516245,18.837242,24.125938,4.83785,-19.331827,4.3147225,-16.265837,-9.646206,-14.215886,-5.9718094,-17.438658,0 days 00:02:12.785899233,0 days 00:02:12.825899233
0 days 00:00:00.230000,0 days 00:00:00.270000,answer9 ,191.03697,0.74415034,0.0057982267,0.0047007785,0.11322955,11.075848,0.85530716,2.4047148,0.020510599,0.03155707,0.1666369,0.55604863,0.7599872,0.8763469,1.0729347,1.4538721,2.6114235,3.1993923,3.269169,4.7023697,3.3152125,2.1894166,1.6614637,1.57822,1.72188,2.0811312,3.2576492,5.3311887,3.5198238,4.0256677,3.5962248,3.2837744,2.7550843,2.6142433,1.8807391,1.0426892,0.017660074,0.030298298,244.04297,473.73047,775.1953,1148.4375,0.17582192,665.3808,3.8636475,640092.3,4.861805,38.396706,-0.01889761,0.599426,0.052376628,19.577116,6.563082,-7.6705475,-18.898275,21.57355,18.848255,-4.121768,-22.539133,7.217064,-17.278294,-9.238748,-18.827517,-7.68179,-15.066887,0 days 00:02:12.795899233,0 days 00:02:12.835899233
0 days 00:00:00.240000,0 days 00:00:00.280000,answer9 ,194.41241,0.74402905,0.009443159,0.007991622,0.12571128,7.611799,0.78424,2.127526,0.020319004,0.024376417,0.14852463,0.53227067,0.78151536,0.81644934,1.008923,1.2225713,1.9592043,2.4388103,2.3563497,3.6335995,3.050027,2.3071687,1.5722414,1.595771,1.6241432,1.9827741,3.0427217,4.757423,3.1853275,3.4514484,3.0888264,2.9258769,2.4601483,2.6774948,1.7417206,0.9543453,0.025681257,0.015890967,186.6211,301.46484,488.08594,976.1719,0.15780273,511.69125,3.373563,580823.7,5.9544463,58.21382,-0.018250806,0.46490407,0.042368095,20.066105,6.9561105,-2.3671298,-10.910347,18.19055,5.033235,-10.410153,-22.949196,6.7680435,-17.920454,-8.451467,-18.914185,-11.85656,-14.188008,0 days 00:02:12.805899233,0 days 00:02:12.845899233
0 days 00:00:00.250000,0 days 00:00:00.290000,answer9 ,197.91643,0.7494113,0.012054011,0.009261104,0.12660332,6.8404164,0.7366049,1.8774562,0.022603149,0.018329555,0.13399835,0.54201716,0.8461993,0.813355,1.0318394,1.0742997,1.4586035,1.799685,1.6275986,2.690891,2.717055,2.4233344,1.5650233,1.6625437,1.6302458,1.7964262,2.7129996,3.989197,2.8970263,2.930196,2.6805477,2.6644638,2.1870215,2.5073688,1.5576717,0.87424964,0.039342646,0.010484806,172.26562,215.33203,258.39844,717.77344,0.1449298,369.86227,2.7544096,372891.28,8.333426,112.82267,-0.025205264,0.34976718,0.053631615,21.680845,10.501752,1.0415014,-6.1628075,19.421824,-4.6193256,-12.620438,-16.64691,4.6871133,-18.864372,-15.06593,-15.364652,-10.946858,-15.386561,0 days 00:02:12.815899233,0 days 00:02:12.855899233
0 days 00:00:00.260000,0 days 00:00:00.300000,answer9 ,200.21094,0.7526186,0.017623618,0.008828405,0.13049166,9.177014,0.7003553,1.6720372,0.025152415,0.015495087,0.1312222,0.57695407,0.9323349,0.8409222,1.1148806,0.97950673,1.1796018,1.3766651,1.1688986,1.9842969,2.2800741,2.3985322,1.6921911,1.6945001,1.6320292,1.594217,2.413191,3.247866,2.6023204,2.4614036,2.4528348,2.4570894,1.9405521,2.1637135,1.3567826,0.8003858,0.049249902,0.0061115245,172.26562,215.33203,215.33203,430.66406,0.11542758,299.6713,2.4087284,221773.02,11.1279,199.60542,-0.030983135,0.29739776,0.0641472,23.746134,11.817611,4.0080104,-4.262937,15.35754,-8.334624,-12.186749,-16.766167,6.12157,-20.439531,-20.914185,-14.327769,-6.410892,-17.400553,0 days 00:02:12.825899233,0 days 00:02:12.865899233
0 days 00:00:00.270000,0 days 00:00:00.310000,answer9 ,201.68,0.7550735,0.014086426,0.008920698,0.113156594,11.275173,0.6814309,1.5120107,0.027764061,0.013227514,0.13333285,0.6135128,1.0154591,0.874374,1.2104206,0.9093144,1.0762299,1.1717877,0.94528747,1.4989601,1.8711954,2.2479136,1.8296894,1.6481801,1.5873402,1.4720627,2.1817906,2.680671,2.2528296,2.0094562,2.2972791,2.265279,1.7332963,1.8265276,1.2074177,0.7526677,0.060571194,0.004556469,172.26562,215.33203,215.33203,344.53125,0.10364806,269.24216,2.2222226,145943.86,13.308972,276.77158,-0.03698049,0.27516332,0.077036165,24.99325,13.725731,3.5547245,-2.0647767,13.214031,-7.9774184,-11.716281,-18.250772,5.1713696,-20.006426,-26.871538,-13.369044,-6.208711,-14.997542,0 days 00:02:12.835899233,0 days 00:02:12.875899233
0 days 00:00:00.280000,0 days 00:00:00.320000,answer9 ,203.11378,0.75803167,0.015227965,0.0104990555,0.101330064,13.102547,0.6726392,1.3937416,0.030076483,0.011337869,0.13784094,0.6372343,1.074235,0.8770077,1.244123,0.8641824,1.040281,1.0945406,0.8605912,1.2173573,1.5893346,2.0289624,1.8710952,1.5534176,1.5038567,1.4240927,2.0454695,2.3489063,1.9533855,1.6634678,2.0968325,2.0985146,1.5791597,1.5810064,1.1112846,0.74110013,0.069316514,0.0040333676,172.26562,215.33203,215.33203,301.46484,0.1013094,256.00476,2.063314,125197.75,15.284767,354.08383,-0.044001114,0.26375335,0.090178885,25.079462,14.638856,4.2369294,1.1070367,8.979442,-6.9929543,-8.497176,-18.278387,4.661883,-20.836958,-26.987612,-11.448856,-11.324043,-15.205377,0 days 00:02:12.845899233,0 days 00:02:12.885899233
0 days 00:00:00.290000,0 days 00:00:00.330000,answer9 ,203.54852,0.76108307,0.015844367,0.0135451555,0.0966045,14.50993,0.6640865,1.3100576,0.0321094,0.0098261535,0.1379215,0.6389356,1.0985516,0.85848284,1.2276522,0.87918764,1.0136013,1.0580329,0.8450497,1.0478841,1.4081812,1.7949985,1.8127209,1.5641187,1.517415,1.4205283,1.9211229,2.1516397,1.7368852,1.4162289,1.840622,1.9198068,1.5186545,1.4231838,1.0355401,0.7745502,0.08047264,0.0032506175,172.26562,215.33203,215.33203,287.10938,0.12304839,250.93182,1.9871451,104378.31,17.124945,456.25204,-0.047262788,0.26109084,0.13420118,25.79804,15.356239,3.5413227,3.3833525,3.606231,-11.478717,-5.491834,-12.743804,-0.50558114,-23.78572,-23.793787,-8.249583,-18.700308,-14.349397,0 days 00:02:12.855899233,0 days 00:02:12.895899233
0 days 00:00:00.300000,0 days 00:00:00.340000,answer9 ,204.15417,0.7704163,0.023525989,0.01696063,0.12723121,15.803619,0.6676111,1.2524977,0.03361526,0.009070295,0.14020786,0.6333247,1.1036054,0.83311516,1.182035,0.9587218,1.0002235,1.0352746,0.85279274,0.94650596,1.2782161,1.5935682,1.718021,1.686961,1.6222585,1.3972241,1.7209116,1.9571657,1.5803143,1.272885,1.6275764,1.762066,1.520905,1.3399893,0.9758298,0.82524055,0.09268036,0.002743014,172.26562,215.33203,215.33203,258.39844,0.14207923,243.42854,1.9531513,82578.305,18.208548,506.371,-0.054951895,0.2555872,0.15170206,27.541506,16.92673,2.3978899,5.2631097,2.326116,-15.512675,-0.962465,-8.747524,-0.3793087,-24.009172,-18.690697,-11.359237,-19.641998,-14.54696,0 days 00:02:12.865899233,0 days 00:02:12.905899233
0 days 00:00:00.310000,0 days 00:00:00.350000,answer9 ,204.4705,0.77209264,0.02307336,0.016772125,0.11749437,17.156736,0.64412004,1.1971457,0.0345743,0.009070295,0.13843147,0.6164766,1.0858828,0.82009965,1.1633905,1.0684556,1.0106306,0.9772549,0.837409,0.87695646,1.1815146,1.4701476,1.6360053,1.8153342,1.768484,1.369772,1.4688193,1.7387122,1.4405695,1.1463386,1.4969839,1.560359,1.4833897,1.2582396,0.8883434,0.8077876,0.10010261,0.0026622864,186.6211,215.33203,215.33203,301.46484,0.13455619,244.26729,1.9473542,58914.38,19.436815,660.4514,-0.053513978,0.25855654,0.1568768,30.01706,15.050915,2.6029656,5.7442017,0.5445692,-23.806479,-3.6689765,-10.969734,-0.34263873,-19.92444,-17.83246,-16.650383,-21.521437,-14.102646,0 days 00:02:12.875899233,0 days 00:02:12.915899233
0 days 00:00:00.320000,0 days 00:00:00.360000,answer9 ,204.82928,0.77615863,0.021077186,0.019694688,0.08900621,18.292643,0.6461802,1.1381992,0.03557016,0.009259259,0.13653396,0.5989344,1.0585297,0.83159214,1.185712,1.1491137,1.0458452,0.9175272,0.8206586,0.8635704,1.160049,1.4183527,1.5211983,1.7986823,1.8309344,1.377304,1.2332029,1.4899645,1.2604135,1.0145389,1.412747,1.3582071,1.4143564,1.1793555,0.78914785,0.72670776,0.11540482,0.0031136123,186.6211,215.33203,215.33203,301.46484,0.13966286,240.09471,1.9687634,45177.89,19.851488,712.94464,-0.06226783,0.2555058,0.13976087,32.66373,15.84904,0.2473902,5.7577114,1.9846021,-22.157854,0.38453516,-20.879389,-0.10113462,-13.743093,-16.387955,-20.245945,-19.786964,-13.623815,0 days 00:02:12.885899233,0 days 00:02:12.925899233
0 days 00:00:00.330000,0 days 00:00:00.370000,answer9 ,204.71346,0.7745793,0.01774496,0.017297974,0.079192065,18.391394,0.6241866,1.0771275,0.03612904,0.009448224,0.1296303,0.5798549,1.0220865,0.84409696,1.2187992,1.1767446,1.0659369,0.846006,0.8000557,0.8919733,1.1907616,1.3438779,1.3707277,1.6564015,1.8199396,1.4833704,1.1228267,1.2821249,1.0819095,0.90304357,1.3280259,1.199125,1.290434,1.0718145,0.6825354,0.60321385,0.117328435,0.0027261844,186.6211,215.33203,215.33203,301.46484,0.13047445,239.04097,1.9372154,34457.496,20.184908,787.69403,-0.06081134,0.25545833,0.13917817,33.710926,13.504706,3.5437462,3.317976,-2.9102056,-23.464727,2.518039,-27.201624,-6.7056746,-8.504287,-16.289238,-22.171179,-21.603758,-17.38547,0 days 00:02:12.895899233,0 days 00:02:12.935899233
0 days 00:00:00.340000,0 days 00:00:00.380000,answer9 ,204.96074,0.7738132,0.0126471855,0.013492336,0.07793218,18.048033,0.6088346,1.0193928,0.03694347,0.009637188,0.12169232,0.5619068,0.9857668,0.85441303,1.2383742,1.1330985,1.0335464,0.78665954,0.7938721,0.9550845,1.2147495,1.1918392,1.2215122,1.4911617,1.764719,1.6251608,1.105239,1.1235434,0.94720936,0.8377456,1.2354282,1.1111044,1.154675,0.935445,0.57744944,0.5028155,0.12734945,0.0025414694,172.26562,215.33203,215.33203,258.39844,0.12532222,233.17961,1.9010819,26877.076,21.309507,933.0424,-0.067378454,0.25003788,0.15098225,35.26924,13.777275,5.874393,2.5217528,-0.2568226,-21.692766,4.452045,-29.655085,-14.725511,-6.685406,-13.521646,-18.617048,-21.84482,-17.36715,0 days 00:02:12.905899233,0 days 00:02:12.945899233
0 days 00:00:00.350000,0 days 00:00:00.390000,answer9 ,206.02388,0.7680233,0.008710003,0.007247777,0.07567682,18.158274,0.5686047,0.9640167,0.037742212,0.009448224,0.1174508,0.5466009,0.95295316,0.8620965,1.2369877,1.020165,0.9342045,0.74230057,0.78338045,0.9984639,1.1986823,0.9903745,1.1040674,1.3842221,1.7067369,1.6774603,1.122168,1.0112106,0.87502,0.82462436,1.1549838,1.0943666,1.013186,0.7758963,0.49772358,0.4391078,0.13396226,0.0017999467,172.26562,215.33203,215.33203,258.39844,0.095668815,230.94897,1.8548498,20471.479,24.755264,1417.7104,-0.06709878,0.24862494,0.15464269,36.07356,13.54481,10.201413,3.7392514,1.7212526,-24.015678,-1.0589051,-28.62639,-23.128601,-5.4223723,-15.590762,-12.428551,-22.965836,-14.657374,0 days 00:02:12.915899233,0 days 00:02:12.955899233
0 days 00:00:00.360000,0 days 00:00:00.400000,answer9 ,207.49892,0.7702115,0.006952625,0.002451849,0.07031907,19.737494,0.55150515,0.9070503,0.038930085,0.00925926,0.11897001,0.53151983,0.9258583,0.86578184,1.2236726,0.86588717,0.7971942,0.7093792,0.7530554,0.99337,1.1507224,0.8361204,1.0343646,1.2948611,1.6100163,1.586133,1.1131363,0.935157,0.85512257,0.8396799,1.1096369,1.1172234,0.8794226,0.6028457,0.4350097,0.39916804,0.15347089,0.0016243831,172.26562,215.33203,215.33203,258.39844,0.09115097,225.76826,1.8180934,14942.0,28.498636,1849.4105,-0.0767917,0.24386193,0.17275089,37.564278,15.482411,11.7849045,3.246434,9.06728,-20.636286,-3.6637871,-28.462584,-25.115267,-2.8870265,-19.782984,-6.8131213,-20.220314,-10.895663,0 days 00:02:12.925899233,0 days 00:02:12.965899233
0 days 00:00:00.370000,0 days 00:00:00.410000,answer9 ,207.84111,0.7719283,0.017081367,0.0070901797,0.08905295,19.710585,0.556372,0.8629088,0.040203627,0.009070295,0.12573527,0.51951903,0.9072482,0.8651661,1.2098645,0.73095965,0.67257637,0.7185474,0.742604,0.97657984,1.1418409,0.7675459,0.9773229,1.1771649,1.4538392,1.3855863,1.0826044,0.88772243,0.85320514,0.86453027,1.111121,1.1800693,0.80892783,0.4838538,0.4055427,0.38594928,0.16512588,0.0016740216,186.6211,215.33203,215.33203,258.39844,0.08465081,227.65205,1.8156351,16705.322,30.177948,2034.7386,-0.07950118,0.24582238,0.1811751,37.176666,17.054451,9.67898,0.03970003,12.00742,-19.274727,-4.829879,-31.912596,-26.881416,-1.5965005,-22.538095,-5.7507386,-19.384308,-10.736455,0 days 00:02:12.935899233,0 days 00:02:12.975899233
0 days 00:00:00.380000,0 days 00:00:00.420000,answer9 ,207.2725,0.7790329,0.017096965,0.010243536,0.07985786,19.577116,0.58223826,0.8479533,0.041189946,0.009070295,0.13158828,0.50720817,0.88917583,0.85477734,1.1992155,0.6683304,0.60140485,0.77963924,0.77057123,0.94901735,1.1576096,0.762669,0.9427693,1.0579891,1.311757,1.233607,1.0900208,0.87499785,0.86137074,0.8961986,1.185065,1.3023702,0.8003833,0.43302473,0.401637,0.3843862,0.17553575,0.0016588764,186.6211,215.33203,215.33203,258.39844,0.092381954,229.0356,1.8448957,19915.373,29.247858,1853.6473,-0.084949225,0.24695188,0.19242501,37.01912,17.65674,9.126613,-3.3921592,14.201454,-20.630339,0.31904474,-32.321404,-26.411383,-1.1443434,-26.596022,-4.497973,-14.946099,-11.023632,0 days 00:02:12.945899233,0 days 00:02:12.985899233
0 days 00:00:00.390000,0 days 00:00:00.430000,answer9 ,205.92467,0.78104544,0.017330645,0.013727963,0.10321186,19.025946,0.6057022,0.8672638,0.04185753,0.009070295,0.13410543,0.4945364,0.8642616,0.8452943,1.2008978,0.6803866,0.5784899,0.9047849,0.85062724,0.94357926,1.1810449,0.81789637,0.93481153,0.968615,1.228321,1.1952944,1.1153941,0.87356186,0.8896766,0.934196,1.3083094,1.4742041,0.86405665,0.45631626,0.41795006,0.39224562,0.17510824,0.0017149014,186.6211,215.33203,215.33203,301.46484,0.09186826,235.67891,1.911686,25523.979,27.418869,1619.5414,-0.08230239,0.25367945,0.19240968,36.439022,17.482996,6.572201,-4.3481374,14.071537,-24.731497,1.8807745,-34.008022,-26.321455,-2.689669,-27.210234,-5.316896,-11.633656,-6.3549933,0 days 00:02:12.955899233,0 days 00:02:12.995899233
0 days 00:00:00.400000,0 days 00:00:00.440000,answer9 ,203.8579,0.78493166,0.00823602,0.012275201,0.07305625,20.333574,0.6262004,0.9062462,0.042487424,0.009448224,0.13295113,0.479762,0.82939386,0.8431931,1.2190391,0.7177225,0.5846297,1.0477127,0.9370763,0.9300707,1.1866192,0.95168704,0.9856412,0.96045303,1.2008466,1.2518743,1.1573256,0.88445467,0.9311225,0.96780735,1.4193082,1.6288896,0.9519251,0.51662487,0.44755888,0.398712,0.18159874,0.0019097934,172.26562,215.33203,215.33203,330.17578,0.093381844,236.86055,1.9447082,26378.75,26.529419,1558.8248,-0.086232044,0.2548329,0.20126832,36.84494,16.315199,6.2292504,-2.200781,15.389276,-26.372335,1.3386313,-32.70869,-20.352926,-5.4977136,-31.300283,-4.805318,-4.837006,-5.4555755,0 days 00:02:12.965899233,0 days 00:02:13.005899233
0 days 00:00:00.410000,0 days 00:00:00.450000,answer9 ,200.8441,0.7876136,0.00781447,0.011723845,0.07343469,21.774117,0.65312654,0.9495327,0.04309606,0.010959939,0.13419054,0.46700096,0.79059297,0.84704906,1.238568,0.76090455,0.6154956,1.1690992,0.9903202,0.9242175,1.2011901,1.2087277,1.1082362,1.02002,1.206467,1.3432738,1.2021915,0.91669923,0.970455,0.99591285,1.447472,1.6532769,1.0141062,0.5790604,0.48054036,0.40278044,0.17691414,0.0031512708,172.26562,215.33203,215.33203,373.2422,0.099196546,239.16101,1.9778837,27331.268,23.166397,1345.8126,-0.08715734,0.25680336,0.20105316,37.78285,13.4578085,4.34679,1.4215797,13.329581,-26.789438,-3.5073335,-30.111712,-13.188184,-6.6080813,-31.148474,-9.060002,-3.741195,-5.2269664,0 days 00:02:12.975899233,0 days 00:02:13.015899233
0 days 00:00:00.420000,0 days 00:00:00.460000,answer9 ,197.00739,0.7892263,0.007492531,0.008672158,0.036606718,21.833023,0.7080712,0.9963073,0.042646717,0.013227512,0.13581365,0.45432067,0.7509799,0.84722525,1.2267033,0.8120532,0.6890774,1.2733846,1.0408064,0.9526262,1.2927094,1.6119703,1.3083407,1.1518797,1.1951672,1.3837854,1.2448194,0.95916146,0.9946253,1.0238494,1.4136368,1.5431467,1.0187135,0.646592,0.52508074,0.40752128,0.16628899,0.007404568,172.26562,215.33203,215.33203,387.59766,0.11475036,252.2556,2.0963266,39078.266,17.883142,993.1184,-0.086140506,0.26763535,0.19867532,39.03568,10.4538,-1.2346907,2.9072669,16.156265,-26.669481,-5.6271,-23.877718,-7.515654,-11.025445,-33.392365,-12.28548,0.3685306,-10.301537,0 days 00:02:12.985899233,0 days 00:02:13.025899233
0 days 00:00:00.430000,0 days 00:00:00.470000,answer9 ,193.26375,0.79392594,0.007619916,0.0054994975,0.034088034,20.770521,0.7943365,1.0695561,0.04085934,0.017006801,0.14372475,0.44214073,0.707879,0.83591956,1.1562619,0.91087836,0.8452243,1.4064198,1.1361438,1.0272728,1.472281,2.0939567,1.6143055,1.3609047,1.222344,1.3916508,1.3274204,1.0104454,1.0122057,1.0823064,1.4520011,1.4266413,0.9949341,0.7310956,0.58743536,0.41666552,0.13903965,0.0115836365,172.26562,215.33203,215.33203,473.73047,0.14248054,273.166,2.3136227,67266.87,11.547418,470.7958,-0.08018921,0.28466916,0.18014322,38.648266,7.7562294,-4.965256,2.4306371,18.152964,-27.790495,0.49178156,-15.2736435,-4.5075984,-8.774372,-34.319756,-15.436592,2.2804515,-13.354752,0 days 00:02:12.995899233,0 days 00:02:13.035899233
0 days 00:00:00.440000,0 days 00:00:00.480000,answer9 ,189.65643,0.7962439,0.011978246,0.005726253,0.026246212,19.773392,0.87940425,1.1823157,0.03837559,0.021919878,0.15309449,0.4233428,0.6517677,0.81656677,1.0456313,1.0926764,1.0960655,1.6198002,1.3196906,1.1545315,1.7133595,2.492484,2.0094187,1.6270299,1.3263488,1.4401556,1.410656,1.0440791,1.0427461,1.2005326,1.6471161,1.4283146,1.0108854,0.857903,0.6791668,0.43684235,0.117603324,0.014793594,172.26562,215.33203,330.17578,602.9297,0.16981405,317.66824,2.6748037,102325.35,7.650116,159.37463,-0.07005884,0.32521796,0.16745658,37.25606,6.0687203,-9.772026,-0.6513193,19.567106,-29.89115,9.362581,-9.259917,-4.7025237,-7.398239,-32.65962,-18.636503,4.8908086,-17.590073,0 days 00:02:13.005899233,0 days 00:02:13.045899233
0 days 00:00:00.450000,0 days 00:00:00.490000,answer9 ,186.64789,0.7969363,0.012234843,0.0070912186,0.036466412,18.310934,0.97225064,1.3390712,0.03573387,0.028155707,0.16706859,0.3979111,0.58456707,0.792085,0.927095,1.3293291,1.4053787,1.8686231,1.5484096,1.3240308,1.9064947,2.71794,2.5145407,1.9391332,1.5492541,1.6106373,1.5773522,1.0907719,1.0871682,1.3923911,2.0276248,1.6098567,1.1245171,1.0461746,0.81430954,0.46318388,0.10348294,0.021559775,172.26562,215.33203,488.08594,775.1953,0.17043345,385.44516,3.115554,174665.81,6.317486,94.517525,-0.0618652,0.38232294,0.1568812,34.600754,3.6779797,-9.347404,-0.33665618,17.359322,-32.158123,19.485828,-7.185921,-1.427804,-3.6389751,-30.138288,-18.241117,7.434906,-21.667427,0 days 00:02:13.015899233,0 days 00:02:13.055899233
0 days 00:00:00.460000,0 days 00:00:00.500000,answer9 ,184.36339,0.7935076,0.012791631,0.008499464,0.044290584,17.23655,1.0031686,1.4994936,0.0329558,0.034202572,0.1775076,0.36458,0.5098892,0.75449395,0.8209984,1.5021839,1.6891726,2.0572836,1.6923681,1.5124642,1.9574395,2.8005807,3.1026986,2.2719803,1.8854395,1.8432852,1.7824106,1.1737849,1.1698934,1.6290833,2.3933039,1.8653746,1.3246813,1.2559355,0.95943683,0.4905602,0.076332785,0.031643033,172.26562,258.39844,660.35156,1119.7266,0.18380964,490.1342,3.4685142,267262.16,4.74808,59.912918,-0.0492024,0.46747947,0.1419953,32.33967,0.38853344,-10.746494,0.63425994,18.75958,-33.561543,21.836716,-2.3506827,1.7283678,-10.941704,-28.422722,-17.380983,6.9721456,-21.282387,0 days 00:02:13.025899233,0 days 00:02:13.065899233
0 days 00:00:00.470000,0 days 00:00:00.510000,answer9 ,182.58473,0.7924857,0.008375979,0.007156095,0.06257432,14.289828,1.0229105,1.6172556,0.029766725,0.039493576,0.17749982,0.3244798,0.43534204,0.6925373,0.7308137,1.5416431,1.9027014,2.1584923,1.6928455,1.6949167,1.8795408,2.8850543,3.7522595,2.6038692,2.080298,1.9995203,1.9743036,1.2499161,1.2825168,1.8361778,2.5403728,2.0538182,1.5289062,1.4507712,1.0675055,0.51254106,0.054907918,0.04241928,287.10938,430.66406,732.1289,1406.8359,0.18879819,613.17816,3.684908,316664.78,3.9784343,41.18607,-0.041778255,0.5734537,0.13546997,30.511518,-2.2742412,-13.844157,1.1221238,20.153204,-34.466858,21.949305,3.2895687,10.6627655,-14.720883,-30.485962,-15.952802,8.255748,-22.141638,0 days 00:02:13.035899233,0 days 00:02:13.075899233
0 days 00:00:00.480000,0 days 00:00:00.520000,answer9 ,181.33186,0.7938437,0.006559929,0.005680568,0.090973794,12.875714,0.96953326,1.662726,0.026076369,0.04346183,0.16730732,0.27782527,0.35721108,0.62051463,0.65226173,1.4538012,2.0099432,2.14126,1.5622088,1.7610689,1.6913446,2.957465,4.2284293,2.8397682,2.0648968,2.0499547,2.162792,1.3316243,1.4401134,1.9776477,2.4874105,2.1121647,1.6587209,1.5775166,1.1095092,0.5381184,0.036564164,0.038124625,401.95312,588.5742,746.4844,1622.168,0.21426801,714.5933,3.7750657,394657.9,4.2432384,44.63265,-0.030927533,0.66041857,0.11102953,27.721537,-3.5973995,-13.525742,-2.7436993,15.791183,-32.41292,20.11135,8.108963,15.225368,-15.150954,-31.12401,-12.258712,12.079305,-20.153969,0 days 00:02:13.045899233,0 days 00:02:13.085899233
0 days 00:00:00.490000,0 days 00:00:00.530000,answer9 ,180.4504,0.7943054,0.0058469684,0.0038176004,0.13787676,10.955185,0.9500448,1.6376123,0.024054736,0.04554044,0.14889516,0.23340495,0.2896203,0.56217104,0.6028756,1.3391395,2.0412195,2.0719852,1.4183744,1.7117977,1.4945334,2.8808305,4.300555,2.8858013,1.8382496,2.030988,2.307165,1.380901,1.610932,2.0237892,2.3557875,2.0596035,1.6718262,1.6275924,1.1195458,0.57033664,0.036392357,0.029693663,416.3086,703.41797,746.4844,1507.3242,0.19159971,742.62225,3.822127,424759.16,4.9863853,53.694218,-0.026679894,0.6905637,0.101819,26.371054,-2.9519424,-13.986632,-5.824079,10.205052,-30.527025,20.029917,6.3981147,15.335685,-12.556478,-31.265787,-11.113838,15.053277,-22.46022,0 days 00:02:13.055899233,0 days 00:02:13.095899233
0 days 00:00:00.500000,0 days 00:00:00.540000,answer9 ,180.01097,0.7958689,0.0038772577,0.0032332127,0.12407813,11.883342,0.98382837,1.5974675,0.02531872,0.0462963,0.13533308,0.20407178,0.24814397,0.52816933,0.58985734,1.2847692,2.016992,1.9529132,1.3396987,1.60068,1.3456831,2.6739979,4.00746,2.8272343,1.6996651,1.9922112,2.4587066,1.454771,1.719223,1.9850146,2.3622446,2.0173614,1.659164,1.6584467,1.1692528,0.6030894,0.041149825,0.030526722,315.8203,689.0625,732.1289,1492.9688,0.1917394,729.2238,3.8729982,461181.84,5.1046233,50.635166,-0.028540256,0.6760802,0.102826685,25.476328,-2.3279583,-14.050374,-4.701244,10.642287,-32.074234,23.419119,5.682804,14.552612,-13.544083,-28.266058,-9.746911,11.472492,-25.8216,0 days 00:02:13.065899233,0 days 00:02:13.105899233
0 days 00:00:00.510000,0 days 00:00:00.550000,answer9 ,179.73718,0.80469483,0.0034814943,0.002750922,0.13923423,11.311034,1.0732608,1.5779729,0.028984852,0.045540437,0.13103653,0.19884573,0.24598105,0.5158079,0.60892123,1.2902073,1.989028,1.860137,1.3675346,1.5651107,1.3183206,2.424867,3.6050746,2.7702484,1.7622906,1.9193963,2.5335836,1.5821196,1.7618803,1.8577247,2.4523294,2.0105445,1.6747274,1.686201,1.2732536,0.6221244,0.056952864,0.03896836,315.8203,689.0625,732.1289,1378.125,0.16436331,699.2203,3.8692322,395073.25,5.0520067,51.353916,-0.03905918,0.656174,0.13883473,27.152014,-2.255777,-16.702303,-2.7252624,12.633881,-30.918509,26.00844,2.4420378,15.534778,-15.355117,-26.358515,-9.624434,4.823644,-29.052767,0 days 00:02:13.075899233,0 days 00:02:13.115899233
0 days 00:00:00.520000,0 days 00:00:00.560000,answer9 ,179.58313,0.81517583,0.0024415704,0.0027607996,0.087257594,12.994079,1.125299,1.5913528,0.030594014,0.045351475,0.13739815,0.21150328,0.26750758,0.50308233,0.64182895,1.3640327,1.9909229,1.8260835,1.4843479,1.6491575,1.4604269,2.3108127,3.3369534,2.7952588,1.9376379,1.79317,2.4859524,1.7598343,1.7194482,1.6861235,2.5243146,2.033275,1.7483091,1.7261835,1.3624676,0.6191394,0.064163126,0.045334663,416.3086,689.0625,732.1289,1363.7695,0.16082884,712.9831,3.8906324,347949.7,4.9639373,51.263447,-0.043521356,0.6721371,0.15858476,27.992575,-3.740059,-18.893652,-3.2189267,15.317589,-29.619844,27.790388,1.7656603,21.694677,-13.248364,-23.527365,-6.977054,0.4876069,-29.4366,0 days 00:02:13.085899233,0 days 00:02:13.125899233
0 days 00:00:00.530000,0 days 00:00:00.570000,answer9 ,179.52412,0.81752926,0.0027576871,0.0011618513,0.10666949,13.269746,1.1192884,1.6048422,0.030014561,0.04497355,0.14600395,0.22558065,0.28595734,0.49266994,0.66426414,1.4390723,1.9941987,1.8230745,1.6393981,1.7623459,1.681862,2.2587004,3.1055,2.7486694,2.0218413,1.7133732,2.4176533,2.0313685,1.6796818,1.5427586,2.5333402,2.0639951,1.8127661,1.7005965,1.3427081,0.5985151,0.061853375,0.03963381,516.7969,689.0625,732.1289,1191.5039,0.1276058,717.105,3.8481343,323883.28,5.396995,57.860363,-0.04233585,0.68201727,0.16026998,28.021986,-5.1178923,-16.93846,-9.368352,15.46373,-23.954287,26.907288,-4.337129,23.47169,-9.362857,-28.114624,-3.643626,0.82978934,-28.053087,0 days 00:02:13.095899233,0 days 00:02:13.135899233
0 days 00:00:00.540000,0 days 00:00:00.580000,answer9 ,179.34906,0.8141045,0.0019582438,0.0008313423,0.056238323,15.230255,1.1385022,1.6076918,0.029347146,0.04554044,0.14861412,0.23255317,0.29361597,0.47812387,0.662201,1.4564337,1.9679836,1.8179511,1.7770315,1.8415321,1.8960476,2.218643,2.8089333,2.5493853,1.9443098,1.7444491,2.4251432,2.3462737,1.6733589,1.5194544,2.5301883,2.1381419,1.8586321,1.6419048,1.2492281,0.57984847,0.04686253,0.041006196,516.7969,703.41797,746.4844,1248.9258,0.116257906,755.54425,3.9027317,439232.62,5.0084476,47.294353,-0.04002273,0.7053819,0.15276456,25.74787,-5.119,-16.265404,-12.393195,19.930204,-21.539835,27.91491,-7.626423,22.758814,-7.423439,-31.048872,-7.478952,0.4344999,-27.851881,0 days 00:02:13.105899233,0 days 00:02:13.145899233
0 days 00:00:00.550000,0 days 00:00:00.590000,answer9 ,178.83575,0.80762553,0.0008283695,0.0005948097,0.05314152,16.678438,1.1302818,1.5907482,0.029442245,0.04554044,0.14445134,0.2324677,0.29620087,0.46899953,0.645966,1.3919306,1.881485,1.7615772,1.8494778,1.8390616,2.0187292,2.1514132,2.431722,2.2667925,1.7784945,1.8308268,2.5141819,2.6060355,1.6729974,1.6059078,2.5570538,2.2083101,1.8941008,1.580293,1.159428,0.5715502,0.044650774,0.03956898,459.375,703.41797,746.4844,1248.9258,0.119616054,741.6246,3.9498303,448765.72,5.010895,45.55049,-0.03916939,0.6928148,0.14629972,25.597313,-3.8852806,-16.122395,-12.928092,19.35002,-19.401947,26.393845,-12.5711355,21.125414,-7.113479,-31.871096,-9.423091,1.7275883,-28.663832,0 days 00:02:13.115899233,0 days 00:02:13.155899233
0 days 00:00:00.560000,0 days 00:00:00.600000,answer9 ,177.78502,0.8053668,0.00047197225,0.000353716,0.04809748,16.394331,1.1129481,1.5557667,0.028957,0.042517006,0.13959832,0.23408546,0.30721483,0.48306307,0.6360126,1.2816492,1.755819,1.6672859,1.8574648,1.8062032,2.054155,2.0711725,2.040871,2.0009692,1.6445222,1.8807716,2.567742,2.68738,1.6331509,1.6835265,2.565486,2.263328,1.9362836,1.5411025,1.1341475,0.5769325,0.049016003,0.039206624,358.88672,703.41797,746.4844,1291.9922,0.12100494,725.89386,4.0762,475654.0,4.878619,41.446033,-0.037465155,0.676222,0.13629106,26.120955,-1.4477819,-17.49121,-11.494142,20.009298,-20.78037,26.593033,-17.183554,19.770613,-3.8925724,-29.867712,-8.38708,1.3133131,-25.78553,0 days 00:02:13.125899233,0 days 00:02:13.165899233
0 days 00:00:00.570000,0 days 00:00:00.610000,answer9 ,176.46277,0.8013978,0.001109159,0.0014169137,0.06813578,15.8791275,1.0119604,1.4787679,0.026308207,0.03665911,0.13945659,0.23707442,0.31655407,0.51673645,0.6417503,1.1870227,1.59736,1.5295053,1.799223,1.7070347,2.0232222,2.0167742,1.7300658,1.8096031,1.5303555,1.7887195,2.4467583,2.572243,1.5227355,1.6436495,2.4154217,2.1759863,1.9174124,1.4881006,1.1210078,0.57419443,0.047279965,0.03190477,258.39844,674.70703,775.1953,1291.9922,0.13528459,682.32043,4.0954003,388987.53,4.952874,46.20815,-0.030724188,0.64275473,0.11064681,28.26444,-0.6068856,-17.16456,-9.906313,19.262379,-21.145132,22.205444,-18.182404,24.148386,-5.0498543,-29.379982,-4.643202,3.6781423,-22.944754,0 days 00:02:13.135899233,0 days 00:02:13.175899233
0 days 00:00:00.580000,0 days 00:00:00.620000,answer9 ,175.07904,0.7956524,0.002883415,0.0048504006,0.09266135,13.80609,0.95607895,1.365475,0.02358976,0.030423282,0.14415927,0.23900889,0.31698993,0.5674898,0.6617808,1.1294719,1.4167985,1.3586016,1.7039341,1.5367774,1.9074283,1.9769964,1.5227479,1.5959753,1.4128304,1.666697,2.2676938,2.3614302,1.3935839,1.4563789,2.1251602,1.983819,1.7878518,1.364494,1.0536246,0.5506277,0.049056638,0.028196903,200.97656,617.28516,775.1953,1335.0586,0.120609224,651.04645,4.1566315,381293.16,4.631452,43.298553,-0.0267805,0.61182624,0.09532502,29.452682,-0.50163364,-14.569154,-8.135925,17.937439,-21.483465,21.367579,-21.2744,28.160398,-1.0297006,-32.315742,-2.7041047,7.4830804,-19.830719,0 days 00:02:13.145899233,0 days 00:02:13.185899233
0 days 00:00:00.590000,0 days 00:00:00.630000,answer9 ,173.56374,0.78647494,0.004747569,0.00678472,0.06796087,14.003555,0.8673261,1.2382712,0.021747531,0.024754345,0.14906912,0.23997848,0.31197956,0.6001082,0.67188764,1.0760111,1.2244657,1.1675495,1.5491987,1.3267707,1.7278823,1.8909937,1.4231685,1.3449631,1.3078092,1.6076959,2.1316733,2.1356103,1.305542,1.246622,1.7750459,1.7512913,1.577671,1.1994104,0.9397731,0.51288503,0.041842658,0.02135846,186.6211,459.375,746.4844,1220.2148,0.13191701,581.91156,3.9948494,335625.78,4.7459702,48.130127,-0.021704895,0.5502077,0.07723052,30.185257,-0.42027247,-10.061582,-6.397873,13.669145,-18.532003,19.178795,-24.316053,28.97058,1.5583463,-33.505108,-4.217764,8.918815,-19.42285,0 days 00:02:13.155899233,0 days 00:02:13.195899233
0 days 00:00:00.600000,0 days 00:00:00.640000,answer9 ,171.51756,0.7767129,0.0054178336,0.006343795,0.106273055,12.8536825,0.7815228,1.1106215,0.020513488,0.020975059,0.1521905,0.24220209,0.3128005,0.6118739,0.6833796,1.0224488,1.034103,0.9765086,1.3316056,1.1380424,1.5236573,1.7192278,1.3652853,1.0882533,1.2177486,1.606585,2.0776098,1.9093014,1.2355978,1.0631317,1.4404887,1.5216513,1.3510677,0.99319524,0.7881775,0.47002545,0.045712337,0.014648569,172.26562,315.8203,631.6406,990.52734,0.11577568,489.6632,3.7832534,268030.34,5.171789,55.97865,-0.019770486,0.47272658,0.06580787,32.362377,1.0068166,-5.9312425,-4.58694,12.145417,-20.767288,16.505747,-28.887201,28.402445,8.864425,-33.900784,-0.67291325,5.36998,-16.858986,0 days 00:02:13.165899233,0 days 00:02:13.205899233
0 days 00:00:00.610000,0 days 00:00:00.650000,answer9 ,169.13716,0.76451796,0.005939122,0.0044448716,0.08470451,11.400601,0.6719892,0.9897054,0.020226112,0.016817838,0.15443228,0.24713917,0.32248756,0.6237747,0.7014857,0.971934,0.8490162,0.794348,1.0671357,0.98934954,1.3149179,1.4373144,1.2457767,0.8885319,1.1450039,1.5845634,2.008602,1.6673107,1.1735039,0.967972,1.1885556,1.3394604,1.1758556,0.7949992,0.6430128,0.43585727,0.05177926,0.0074359234,172.26562,244.04297,531.15234,703.41797,0.11931953,397.80478,3.4531803,184376.08,7.0552635,105.80841,-0.018384472,0.398006,0.05772339,33.735447,4.8696656,0.7287321,-5.353811,10.810028,-24.140396,11.419639,-28.428476,23.743784,12.388291,-28.458605,1.2734464,1.4673977,-14.631293,0 days 00:02:13.175899233,0 days 00:02:13.215899233
0 days 00:00:00.620000,0 days 00:00:00.660000,answer9 ,166.90056,0.75872016,0.008434518,0.008202509,0.08825057,10.645368,0.5942684,0.8676989,0.02101738,0.012849584,0.15854907,0.2555643,0.33959666,0.6559358,0.71530485,0.89373827,0.6778243,0.64024895,0.8245139,0.8448474,1.0947924,1.1448658,1.0790793,0.76988554,1.0441328,1.4445561,1.8060007,1.4281992,1.1015363,0.9337628,0.99637455,1.1431757,1.0224675,0.62402624,0.5152709,0.40592298,0.057651937,0.004330076,172.26562,229.6875,416.3086,531.15234,0.12845057,326.7152,3.0995426,113832.54,9.796082,221.85162,-0.020597313,0.3361338,0.06068352,35.485294,8.419788,5.310018,-2.9070518,12.10286,-25.0586,7.3205695,-24.219408,18.135576,6.936506,-26.93566,3.2776716,4.975244,-11.626315,0 days 00:02:13.185899233,0 days 00:02:13.225899233
0 days 00:00:00.630000,0 days 00:00:00.670000,answer9 ,165.03389,0.75826067,0.0152075505,0.0079385415,0.0378657,10.614245,0.54054874,0.7617561,0.022470674,0.009637188,0.16820711,0.26862213,0.36295995,0.7191896,0.71500605,0.8020397,0.536318,0.5280147,0.65315145,0.7084921,0.88326925,0.8934829,0.889894,0.7191875,0.96136045,1.2488824,1.501701,1.2005647,1.0514272,0.9452049,0.8755229,0.96415037,0.8965147,0.50702333,0.41723344,0.38823792,0.06680557,0.0016551637,172.26562,215.33203,344.53125,401.95312,0.11771498,272.60007,2.8179696,59480.16,13.159974,377.77332,-0.024482084,0.28945234,0.06923015,36.44164,12.010798,9.986199,-0.17589967,11.055051,-24.809723,5.886474,-21.256693,7.927685,4.128636,-19.348175,1.9724278,3.5690696,-7.160134,0 days 00:02:13.195899233,0 days 00:02:13.235899233
0 days 00:00:00.640000,0 days 00:00:00.680000,answer9 ,163.50038,0.76158637,0.020808876,0.009664689,0.055342954,12.612542,0.5181148,0.68729615,0.023772925,0.00718065,0.18227631,0.28577438,0.39004275,0.7867622,0.6881196,0.70150214,0.43982172,0.46034804,0.5582567,0.6016008,0.71694726,0.73152846,0.7726497,0.71256137,0.9331736,1.1024936,1.2079669,1.0372627,1.0289016,0.960687,0.78849727,0.8018877,0.7778128,0.45073032,0.3627355,0.38935995,0.06775146,0.0014450789,172.26562,172.26562,301.46484,344.53125,0.10472385,245.09319,2.6497476,41459.45,14.416303,487.47415,-0.027447628,0.26220465,0.07384503,37.864243,12.74801,11.572501,6.678083,9.259324,-24.03303,4.888785,-18.986353,5.235315,2.5597756,-17.330053,2.4517066,2.684204,-4.930959,0 days 00:02:13.205899233,0 days 00:02:13.245899233
0 days 00:00:00.650000,0 days 00:00:00.690000,answer9 ,162.11374,0.7606686,0.017804626,0.007608676,0.05072449,15.529275,0.4934335,0.64293,0.024333423,0.007369615,0.19739373,0.30255297,0.41535154,0.8381836,0.6576113,0.63966376,0.38077167,0.41421175,0.49843216,0.5265505,0.62666893,0.65671986,0.7037092,0.72731376,0.96887016,1.0317658,0.9844041,0.9244523,1.0206686,0.942528,0.713037,0.6824803,0.6881625,0.4254066,0.3399892,0.40927982,0.07459161,0.0011889944,172.26562,172.26562,301.46484,344.53125,0.06929529,240.14726,2.6254113,33922.812,17.429678,840.87823,-0.028815081,0.25838783,0.07449431,38.43543,14.876792,13.7255125,10.234886,6.272398,-26.707594,0.6094749,-16.274294,5.6136017,6.5718303,-13.111438,-0.7276165,-1.9395934,0.13709307,0 days 00:02:13.215899233,0 days 00:02:13.255899233
0 days 00:00:00.660000,0 days 00:00:00.700000,answer9 ,161.89484,0.7546957,0.012724642,0.008448994,0.051641736,17.54941,0.46101236,0.6149754,0.024068475,0.0077475435,0.20807497,0.31188086,0.4278481,0.85478026,0.6279226,0.6153211,0.3506792,0.3757712,0.44102833,0.4742588,0.5831097,0.62808305,0.6550023,0.7514898,1.0328904,0.99338055,0.8245907,0.8609655,1.0150805,0.9161294,0.62984115,0.5966208,0.62304544,0.41301242,0.33822703,0.44032565,0.06849298,0.00092252577,157.91016,172.26562,301.46484,344.53125,0.065494925,232.06403,2.546034,29546.33,19.829767,1120.0729,-0.02742211,0.2502359,0.068977654,38.685608,16.300308,14.535035,14.209674,3.8771763,-25.607712,-2.7832015,-10.756978,7.0240326,3.21179,-9.644942,-3.3903313,-3.7916214,2.892028,0 days 00:02:13.225899233,0 days 00:02:13.265899233
0 days 00:00:00.670000,0 days 00:00:00.710000,answer9 ,163.33073,0.75698304,0.0077969134,0.0074884333,0.039075095,18.120138,0.4369278,0.5951505,0.023668088,0.008692366,0.21242125,0.31294298,0.430303,0.8434448,0.5967226,0.5930428,0.33429727,0.34879994,0.39352307,0.43461838,0.55754405,0.6239562,0.61193854,0.7656172,1.0621082,0.94366527,0.71036834,0.8411884,1.0138935,0.92301315,0.56840175,0.54017377,0.57845825,0.40971902,0.35420597,0.46954477,0.06812566,0.00065168476,157.91016,172.26562,301.46484,344.53125,0.057829335,226.27434,2.499521,26822.219,24.7602,1569.4805,-0.027091807,0.24474783,0.06543694,37.790543,18.656767,16.102335,13.820969,5.605801,-22.992996,-5.4543247,-9.10118,2.1765897,0.27697924,-6.494806,-5.3475113,-2.7143934,3.6732218,0 days 00:02:13.235899233,0 days 00:02:13.275899233
0 days 00:00:00.680000,0 days 00:00:00.720000,answer9 ,165.50404,0.7589353,0.008823886,0.0056439266,0.052433375,16.351667,0.4582583,0.5930925,0.02321539,0.010204081,0.20848429,0.30646637,0.4260508,0.8257983,0.577506,0.5786006,0.32584018,0.34496856,0.37280235,0.42511258,0.5435978,0.61549306,0.58871835,0.793492,1.083079,0.90775824,0.65582496,0.8561759,1.0552944,0.9962489,0.5562852,0.5245243,0.5562342,0.4229764,0.38330558,0.48976755,0.07170967,0.0008301527,157.91016,186.6211,315.8203,358.88672,0.067956515,239.05835,2.5807512,34628.8,23.898537,1402.8068,-0.0255265,0.25792253,0.0654822,37.04456,16.568384,15.819675,12.124099,5.2998123,-23.965836,-4.711363,-9.107236,-0.4622723,-0.8957875,-3.921466,-2.5203154,-1.0813301,0.3060665,0 days 00:02:13.245899233,0 days 00:02:13.285899233
0 days 00:00:00.690000,0 days 00:00:00.730000,answer9 ,166.61897,0.7631681,0.009314719,0.006128796,0.049321566,15.987338,0.507052,0.622029,0.023295669,0.011337869,0.20001476,0.29896116,0.42367253,0.80974007,0.5808281,0.58723813,0.34435046,0.3727175,0.39923587,0.4563705,0.54659665,0.6177471,0.63163275,0.82867557,1.1061939,0.9548138,0.7000815,0.9399546,1.1340294,1.1103433,0.61730677,0.5756696,0.5618239,0.45710173,0.41961968,0.4980328,0.07941945,0.0011196934,172.26562,186.6211,330.17578,401.95312,0.07360603,254.53601,2.7346382,46181.8,21.086046,1090.9506,-0.026555618,0.27320287,0.071803324,36.162697,14.781299,16.778692,6.0029483,3.9947436,-24.91336,-1.4516112,-11.321181,3.2530441,3.0803068,-11.138751,-0.9244059,2.016352,-4.2121882,0 days 00:02:13.255899233,0 days 00:02:13.295899233
0 days 00:00:00.700000,0 days 00:00:00.740000,answer9 ,165.65327,0.75991946,0.013783029,0.005955525,0.068107486,15.418841,0.6033921,0.70382935,0.023745395,0.012471656,0.18903291,0.29202917,0.42107734,0.8008725,0.62555736,0.65698594,0.41757455,0.43325892,0.47736838,0.52476525,0.5782173,0.6725449,0.7610822,0.89653754,1.1772631,1.1352333,0.887868,1.1542082,1.2738096,1.293861,0.7795787,0.7266035,0.6194287,0.52720946,0.47335243,0.5042434,0.08593636,0.0024203036,172.26562,200.97656,344.53125,459.375,0.08455238,287.2642,2.9680555,88896.19,14.705627,522.1783,-0.027089482,0.30189076,0.08006676,33.877956,11.198575,16.261446,0.058057148,1.5682505,-26.2665,2.5138686,-9.879652,10.312424,2.5825548,-15.835922,0.21429336,5.636041,-9.126683,0 days 00:02:13.265899233,0 days 00:02:13.305899233
0 days 00:00:00.710000,0 days 00:00:00.750000,answer9 ,163.69629,0.7572451,0.015865501,0.0059986277,0.06207491,16.79525,0.69135076,0.84040475,0.024682248,0.0134164775,0.1805795,0.2882004,0.41785386,0.7895542,0.69848394,0.769044,0.5692331,0.52387327,0.6064842,0.6318073,0.6344444,0.7894538,0.9828909,1.020188,1.2778796,1.406746,1.2162055,1.5351845,1.457558,1.5404806,1.0439719,0.9782655,0.74645036,0.6647263,0.5626481,0.51831764,0.090498574,0.003937862,172.26562,200.97656,344.53125,502.4414,0.09155943,311.08163,3.1450298,147343.83,11.287982,252.27187,-0.029560545,0.31989568,0.08594478,31.312532,10.499288,14.501073,-3.9499385,3.1955159,-25.815443,6.6621413,-11.196793,15.675037,-0.9039316,-17.684546,1.6827756,8.3647995,-15.925438,0 days 00:02:13.275899233,0 days 00:02:13.315899233
0 days 00:00:00.720000,0 days 00:00:00.760000,answer9 ,161.86134,0.75567406,0.018663272,0.005869279,0.07737266,15.914859,0.79298234,1.0193944,0.026149796,0.017384732,0.17607169,0.28877845,0.41796818,0.7752412,0.7675825,0.8658375,0.77468324,0.6456961,0.7999637,0.7719433,0.7020945,0.95983267,1.2642734,1.1967359,1.3571024,1.6906017,1.6431866,2.0387182,1.7099952,1.862401,1.4092528,1.309804,0.9529476,0.8856643,0.6979119,0.5399664,0.09372736,0.006904704,172.26562,215.33203,344.53125,574.21875,0.09986376,349.20456,3.3419912,234019.89,9.185439,143.64833,-0.031951737,0.34896144,0.08868894,29.071068,8.422711,11.926823,-7.3598847,7.4797196,-25.245375,10.276217,-11.745602,17.6466,-8.548485,-18.692892,4.3464494,13.764327,-19.809141,0 days 00:02:13.285899233,0 days 00:02:13.325899233
0 days 00:00:00.730000,0 days 00:00:00.770000,answer9 ,160.52362,0.7595003,0.021252217,0.005609788,0.046305124,16.610643,0.85600096,1.2083392,0.02807167,0.024754345,0.17589045,0.29406318,0.42303774,0.75978106,0.80388147,0.89847684,0.95754623,0.7958684,1.0657562,0.96510655,0.78680986,1.146082,1.5694237,1.4298544,1.3940263,1.9458102,2.0731146,2.4725132,1.983386,2.1837902,1.8065457,1.6759562,1.2176174,1.163942,0.8644764,0.564064,0.09227258,0.009906723,172.26562,200.97656,344.53125,617.28516,0.1142976,360.45987,3.3440106,305844.38,8.668267,121.66428,-0.03614296,0.35241356,0.0960105,28.187988,7.524977,9.602234,-7.0948544,13.231507,-22.675127,15.081708,-16.439116,16.033047,-11.421807,-21.12262,5.9019847,16.595207,-21.293478,0 days 00:02:13.295899233,0 days 00:02:13.335899233
0 days 00:00:00.740000,0 days 00:00:00.780000,answer9 ,159.66704,0.7678947,0.029148022,0.012624659,0.07103077,14.027551,0.9098659,1.3632816,0.029527405,0.03306878,0.18036343,0.30390847,0.43666062,0.7526066,0.79328775,0.85837746,1.0399446,0.94999456,1.3763666,1.2014604,0.87619466,1.3049389,1.8180233,1.6304445,1.3752049,2.2075777,2.4743438,2.7172935,2.220092,2.4180198,2.1253073,1.9869388,1.4595886,1.3783714,0.98223734,0.5777719,0.09868181,0.014282529,172.26562,186.6211,344.53125,703.41797,0.12061053,369.19693,3.3262002,342475.6,7.9838014,103.46824,-0.040926006,0.3548846,0.107545555,27.962122,4.756413,11.649615,-6.9696536,16.842539,-16.980024,16.738264,-21.417488,12.06416,-12.260459,-23.678932,8.693913,21.040594,-20.64004,0 days 00:02:13.305899233,0 days 00:02:13.345899233
0 days 00:00:00.750000,0 days 00:00:00.790000,answer9 ,158.85478,0.7750542,0.0247558,0.014102146,0.065444864,14.401042,0.93896365,1.4663864,0.03052708,0.039115645,0.18649568,0.3132505,0.4539,0.7621358,0.7591489,0.7883995,1.0189732,1.0876483,1.6903635,1.474707,0.9740722,1.4383544,1.9673649,1.7109083,1.3683542,2.4342482,2.7984812,2.7540197,2.372289,2.5815394,2.3162928,2.1475363,1.6240035,1.478865,1.0322033,0.59249187,0.11625463,0.017645052,172.26562,215.33203,344.53125,789.5508,0.118807144,373.49402,3.328172,337385.75,7.9975905,105.21746,-0.04487637,0.359525,0.12274649,28.040186,4.7019157,9.664739,-6.3372746,20.440577,-12.640315,14.726719,-26.371462,6.830683,-10.435148,-21.412933,8.048869,23.477552,-19.593477,0 days 00:02:13.315899233,0 days 00:02:13.355899233
0 days 00:00:00.760000,0 days 00:00:00.800000,answer9 ,157.74211,0.7748355,0.015738642,0.012541588,0.078055926,14.79127,0.95615834,1.5084862,0.03137121,0.03892668,0.19167857,0.3194313,0.4738083,0.7799809,0.72237986,0.7304476,0.95644695,1.1757365,1.9535784,1.7520367,1.0716312,1.5123512,1.9418904,1.6317197,1.3372127,2.5548916,3.0104587,2.7033567,2.435272,2.611077,2.3833408,2.1221902,1.7026033,1.5015855,1.0314121,0.6141171,0.12726049,0.01943593,172.26562,229.6875,344.53125,875.6836,0.1102348,384.19202,3.389658,335306.6,7.991793,105.47898,-0.047106963,0.37085795,0.13010585,28.293533,5.8118596,7.7219872,-9.056252,21.454803,-6.445376,12.64389,-31.768976,8.585198,-11.191133,-21.587296,7.3553605,23.961954,-19.809517,0 days 00:02:13.325899233,0 days 00:02:13.365899233
0 days 00:00:00.770000,0 days 00:00:00.810000,answer9 ,156.16899,0.76949245,0.005046411,0.006391462,0.08631837,15.73059,0.9494533,1.505144,0.03196844,0.034769464,0.19390655,0.32221097,0.48738298,0.7856279,0.69422275,0.70643425,0.9270325,1.2459698,2.1097062,1.9242724,1.1623659,1.5608468,1.7893564,1.4173208,1.2568675,2.4908445,3.1439636,2.7058928,2.4510734,2.549495,2.3480783,1.978448,1.7090944,1.5082792,1.026071,0.6389787,0.114537574,0.01861777,157.91016,229.6875,330.17578,875.6836,0.121540286,376.4247,3.3248084,325867.84,7.7780538,100.42405,-0.04901192,0.3624042,0.13173114,28.59727,7.870809,5.9739366,-11.829204,21.921661,0.6871993,10.990506,-33.657383,17.034752,-10.652282,-27.644297,3.9823005,24.767454,-18.754438,0 days 00:02:13.335899233,0 days 00:02:13.375899233
0 days 00:00:00.780000,0 days 00:00:00.820000,answer9 ,154.86317,0.7648282,0.0035765294,0.0033780632,0.081897765,15.572534,0.9315439,1.4662323,0.032844733,0.029478459,0.19607054,0.32712165,0.48838317,0.74883914,0.66510653,0.70533746,0.9688437,1.3296459,2.0625792,1.909112,1.2598535,1.5749935,1.5509826,1.1889888,1.1306194,2.2836072,3.2237167,2.8159254,2.4207885,2.3731093,2.2482374,1.8265029,1.6598816,1.4850464,1.0053517,0.6733951,0.08032248,0.016677467,143.55469,186.6211,287.10938,818.2617,0.14353488,355.60196,3.1164868,311994.56,7.432394,94.76041,-0.051282555,0.33960652,0.125721,28.809845,7.949721,8.38511,-13.524045,20.520943,7.3402467,11.665421,-29.109179,24.205406,-6.2506804,-36.50201,3.0878513,18.892256,-15.725207,0 days 00:02:13.345899233,0 days 00:02:13.385899233
0 days 00:00:00.790000,0 days 00:00:00.830000,answer9 ,153.8515,0.7647497,0.0062216297,0.009485255,0.10411777,13.913579,0.93991596,1.4210256,0.03347878,0.025132274,0.200858,0.33622,0.47116783,0.6538256,0.63597256,0.7165306,1.0642613,1.4707855,1.8564786,1.7399133,1.3796412,1.5939951,1.2923882,1.015663,1.0378698,2.0528958,3.33743,3.0721943,2.3864205,2.1759212,2.128416,1.7145406,1.5724462,1.4028311,0.9275718,0.7104292,0.049493898,0.017961668,129.19922,172.26562,387.59766,775.1953,0.15957075,360.77014,2.993539,299526.47,6.7026367,82.87093,-0.053469945,0.3417195,0.12810075,28.925964,6.7003746,8.500972,-16.283815,21.306456,13.275287,14.836349,-24.533789,29.843246,0.9423218,-39.40074,-0.43298355,11.523845,-10.34006,0 days 00:02:13.355899233,0 days 00:02:13.395899233
0 days 00:00:00.800000,0 days 00:00:00.840000,answer9 ,153.20412,0.7645882,0.0047022756,0.006637426,0.08521321,15.176091,0.97227937,1.3947054,0.033597764,0.021919878,0.20606764,0.3443432,0.44175506,0.5401148,0.6170637,0.7306008,1.1795167,1.6544747,1.5885677,1.5636168,1.5589442,1.6350213,1.0773332,0.96093434,1.0547435,1.8535665,3.3715494,3.359806,2.4052575,2.0636218,2.058528,1.630983,1.4772905,1.2944274,0.81812257,0.7760882,0.035956338,0.021802155,129.19922,172.26562,531.15234,789.5508,0.14640957,392.08838,3.0709794,330309.94,6.369496,77.66573,-0.05287862,0.36886525,0.12602238,28.379211,4.9320207,7.472918,-16.952345,21.088043,15.827103,13.108338,-17.99584,29.64801,3.0780354,-36.647495,-2.461294,3.5867488,-5.9560285,0 days 00:02:13.365899233,0 days 00:02:13.405899233
0 days 00:00:00.810000,0 days 00:00:00.850000,answer9 ,153.01787,0.765539,0.0047956323,0.0072233453,0.08359262,14.92903,0.95175713,1.3836498,0.032248452,0.01814059,0.20680504,0.3448634,0.4127361,0.44798145,0.6052248,0.7317017,1.2559696,1.7767643,1.3876108,1.4518023,1.7412267,1.6790085,0.9215197,1.0102001,1.1494509,1.7305335,3.2197735,3.5762951,2.4768417,2.0228775,2.0513256,1.5626235,1.4114789,1.2299224,0.73420113,0.8361573,0.030784622,0.021589361,129.19922,172.26562,531.15234,789.5508,0.141281,395.2172,3.057597,362308.12,6.4973016,77.63053,-0.04816029,0.36945784,0.11379394,27.211336,5.050054,7.46484,-15.591733,22.429697,15.31681,13.445579,-18.037413,30.121866,0.63221425,-33.184673,-5.7405605,3.167815,-5.442232,0 days 00:02:13.375899233,0 days 00:02:13.415899233
0 days 00:00:00.820000,0 days 00:00:00.860000,answer9 ,153.7948,0.76533026,0.0034399678,0.0022513834,0.08436341,14.671405,0.89221007,1.360422,0.029812776,0.013983372,0.20036139,0.33493114,0.3928925,0.41328922,0.5970363,0.7160786,1.2451984,1.7304143,1.2452818,1.3728694,1.8518419,1.6945847,0.85407346,1.104014,1.2479724,1.6439742,2.8924694,3.6211221,2.5564167,2.0088663,1.9991225,1.4828296,1.343607,1.2266655,0.73247725,0.8625813,0.033827752,0.018343583,129.19922,172.26562,401.95312,775.1953,0.13526638,372.99683,3.0120332,377899.25,7.1648006,89.202354,-0.040640652,0.3473606,0.09196135,26.742943,5.5879874,9.212407,-10.855976,19.38113,12.490627,6.659609,-17.633139,29.707357,-2.9472897,-28.427536,-5.94294,3.6751106,-6.1422424,0 days 00:02:13.385899233,0 days 00:02:13.425899233
0 days 00:00:00.830000,0 days 00:00:00.870000,answer9 ,155.23285,0.7646241,0.0033442702,0.0038896848,0.08320287,13.847801,0.8099263,1.2984414,0.027712472,0.010770976,0.18950216,0.32050714,0.38446286,0.41565564,0.57705045,0.69320107,1.1545538,1.5082287,1.1223544,1.2456979,1.8176633,1.635365,0.84654117,1.177215,1.3031312,1.5484635,2.4838564,3.4249008,2.5414734,1.9297619,1.9008814,1.4220896,1.26783,1.2171406,0.7915117,0.8404377,0.030270427,0.01192069,129.19922,172.26562,229.6875,717.77344,0.12886325,329.19107,2.817457,339878.47,7.9247193,101.702484,-0.035079014,0.30994287,0.07498337,26.578186,7.6846848,9.620162,-8.948677,20.023855,7.418413,7.5371094,-16.138927,29.699501,-1.6187826,-28.467049,-6.3667426,2.1157804,-7.849238,0 days 00:02:13.395899233,0 days 00:02:13.435899233
0 days 00:00:00.840000,0 days 00:00:00.880000,answer9 ,156.86305,0.7605712,0.0055977893,0.0050627305,0.09060327,14.058117,0.78154343,1.2059835,0.027523564,0.008692366,0.17889835,0.3082381,0.38299403,0.42945263,0.54825187,0.68000156,1.0299977,1.2567725,1.0583897,1.0993327,1.6512817,1.4916248,0.86783403,1.1922216,1.328194,1.4406778,2.137459,3.0292523,2.3681858,1.780042,1.7613417,1.37638,1.19568,1.1664559,0.8226929,0.7739207,0.031157142,0.008844546,129.19922,172.26562,229.6875,717.77344,0.1166726,314.8662,2.7967842,286685.53,8.198508,110.05601,-0.034380767,0.3016616,0.0737387,27.895193,7.504123,9.409996,-9.39907,19.945518,5.491714,13.6628065,-15.769455,23.762667,-4.3284574,-27.858383,-2.0115125,1.9516989,-8.903738,0 days 00:02:13.405899233,0 days 00:02:13.445899233
0 days 00:00:00.850000,0 days 00:00:00.890000,answer9 ,158.43335,0.75217515,0.0052658096,0.0057251304,0.10050392,14.7871065,0.77086717,1.1110052,0.027656911,0.008125473,0.17098118,0.3022683,0.38760722,0.437536,0.5212081,0.68576217,0.95340353,1.1246821,1.0950317,0.9866418,1.4521695,1.3226334,0.9077012,1.1843228,1.3654757,1.3429962,1.8485116,2.4753132,2.060023,1.6043574,1.6521349,1.3448206,1.1393598,1.0495515,0.77163076,0.70000905,0.02805201,0.006984249,129.19922,172.26562,229.6875,732.1289,0.10627445,307.2894,2.806678,212616.06,8.14824,120.893005,-0.037195776,0.3019617,0.077957965,30.557404,6.337272,6.9801354,-9.850753,22.36218,1.809163,24.403048,-13.701062,15.350673,-3.3291233,-31.927826,-1.2126253,3.6333725,-8.465571,0 days 00:02:13.415899233,0 days 00:02:13.455899233
0 days 00:00:00.860000,0 days 00:00:00.900000,answer9 ,159.31068,0.74117166,0.0104220435,0.009624201,0.13813204,14.0887785,0.7117837,1.022007,0.02648609,0.008503402,0.16522403,0.30074665,0.3933132,0.43066916,0.5072508,0.69458985,0.9181501,1.0768113,1.2010555,0.942512,1.2377857,1.1336752,0.9084745,1.1464525,1.4190903,1.3053049,1.595513,1.9472793,1.682676,1.4140686,1.555522,1.2893901,1.1152211,0.9177192,0.659362,0.61432457,0.025833482,0.004969127,129.19922,172.26562,215.33203,674.70703,0.13067625,284.25198,2.6893883,154562.81,10.153653,203.58214,-0.035362016,0.28498307,0.07379463,32.40714,7.2804904,7.8585167,-9.596407,18.742537,0.82873154,30.595848,-18.505777,10.335994,-1.4665117,-25.542871,0.31870225,1.9328057,-9.546395,0 days 00:02:13.425899233,0 days 00:02:13.465899233
0 days 00:00:00.870000,0 days 00:00:00.910000,answer9 ,159.12593,0.73306674,0.014388838,0.01153824,0.14268076,13.535888,0.60905427,0.92776936,0.024396658,0.010015118,0.15961517,0.2983791,0.3944054,0.41303548,0.51009583,0.68022984,0.8585884,1.0148395,1.2285471,0.9364514,1.031921,0.9630515,0.8617175,1.0914086,1.4737877,1.322536,1.3578924,1.5073112,1.3535057,1.2070972,1.3778116,1.140677,1.0520381,0.7826183,0.5560469,0.5483952,0.019201474,0.0037744471,129.19922,172.26562,200.97656,488.08594,0.12728177,248.43282,2.3894231,107978.086,14.727887,424.32565,-0.030483015,0.25350744,0.064226426,33.516415,8.798314,8.853393,-2.375557,12.959203,1.9960399,29.053238,-18.575321,7.2308574,2.8147514,-19.629093,-1.2781914,-0.23518093,-8.140587,0 days 00:02:13.435899233,0 days 00:02:13.475899233
0 days 00:00:00.880000,0 days 00:00:00.920000,answer9 ,158.52095,0.73417044,0.015014563,0.011992597,0.13675061,13.225511,0.49144873,0.8161547,0.020980975,0.012849584,0.1517409,0.28748927,0.3825744,0.3896794,0.49431422,0.63145643,0.7555302,0.88760614,1.0877239,0.8813681,0.82670635,0.7944829,0.7557041,0.9943103,1.4631361,1.2836939,1.1297908,1.1835084,1.1161088,1.0163654,1.1420823,0.9344353,0.9527034,0.65671164,0.4992238,0.52157617,0.0148007,0.0015339163,129.19922,172.26562,172.26562,344.53125,0.14808865,220.21423,2.2564201,95795.06,18.467276,569.9404,-0.021400148,0.22801018,0.044306338,32.71423,12.520688,10.476185,1.2391701,8.23157,5.1594462,25.090185,-13.711848,3.887457,0.25582138,-18.810308,-2.808733,-2.8152344,-4.15513,0 days 00:02:13.445899233,0 days 00:02:13.485899233
0 days 00:00:00.890000,0 days 00:00:00.930000,answer9 ,157.39455,0.7282861,0.015616988,0.00965942,0.084951185,12.936455,0.4160142,0.70126635,0.016713016,0.015117158,0.13684565,0.26061186,0.35871485,0.3802798,0.44681224,0.5423196,0.62459,0.75386,0.8494423,0.7684292,0.65887237,0.66032535,0.6394593,0.90717477,1.383216,1.1729802,0.93575484,0.9418337,0.9725621,0.8818968,0.8735625,0.7070926,0.81812376,0.55259925,0.46804655,0.5375223,0.013722557,0.0007971444,143.55469,215.33203,229.6875,315.8203,0.13796946,243.83867,2.4874408,94263.555,18.562681,587.01483,-0.013738646,0.25436643,0.028936813,32.791016,11.559338,9.024501,5.257191,4.74076,4.5624194,19.143402,-9.192437,-3.8399477,-7.5787163,-22.32363,-6.9712234,-0.48599827,5.3332257,0 days 00:02:13.455899233,0 days 00:02:13.495899233
0 days 00:00:00.900000,0 days 00:00:00.940000,answer9 ,156.77576,0.71865344,0.017800441,0.008267141,0.14510304,11.5438385,0.36876178,0.60674185,0.01210998,0.015306123,0.11666282,0.22029012,0.32756448,0.38860357,0.37565288,0.4492127,0.53111947,0.65921885,0.6599405,0.6311566,0.56575894,0.58045703,0.5540434,0.84271604,1.2346387,1.0042559,0.7842844,0.74836224,0.8790884,0.82104164,0.67272973,0.55073893,0.69481355,0.47192922,0.44610682,0.5649019,0.013642578,0.00053847046,143.55469,215.33203,272.7539,387.59766,0.12997484,275.46622,2.9476032,122190.53,15.976688,449.77908,-0.0069626085,0.28589424,0.015208495,32.40638,11.437619,5.432162,3.7578323,5.4411187,2.2949555,14.944466,-10.0749,-6.163898,-8.590589,-22.257963,-8.231956,0.50966316,7.779884,0 days 00:02:13.465899233,0 days 00:02:13.505899233
0 days 00:00:00.910000,0 days 00:00:00.950000,answer9 ,155.99593,0.7014764,0.022750353,0.008479946,0.15329297,-26.301308,0.3311419,0.54206586,0.008973637,0.013794407,0.094217144,0.17803086,0.29647055,0.40791428,0.32610992,0.373289,0.45994425,0.57809937,0.58064306,0.52804834,0.5330238,0.5526605,0.5150888,0.7962604,1.0812436,0.8578569,0.6724146,0.6264948,0.81768274,0.8129445,0.5492697,0.4586744,0.5999004,0.4162198,0.42475846,0.5564518,0.0117266,0.0004967115,157.91016,215.33203,330.17578,401.95312,0.093662895,293.47778,3.1065605,122565.94,14.1082735,370.90927,-0.003774466,0.30436638,0.009263436,32.40456,9.013252,5.4343762,5.2062697,6.216179,-0.91694397,4.6120067,-14.724711,-7.4783397,-8.76002,-15.803101,-6.292666,5.9092937,6.5461965,0 days 00:02:13.475899233,0 days 00:02:13.515899233
0 days 00:00:00.920000,0 days 00:00:00.960000,answer9 ,0.0,0.68864465,0.0,0.0,0.0,-64.01916,0.300832,0.50268036,0.007952356,0.012282691,0.079238914,0.1496091,0.2687012,0.3940394,0.31306928,0.33816683,0.40611663,0.48557386,0.56947255,0.4758252,0.53813595,0.56742954,0.5184493,0.74569535,0.9604946,0.7689522,0.59119236,0.56487155,0.78370476,0.8172745,0.49092925,0.4107729,0.5266716,0.38387918,0.4097638,0.511659,0.0059145656,0.0004242457,143.55469,172.26562,272.7539,344.53125,0.07007212,260.1332,2.8416405,113984.664,15.058037,413.2728,-0.0031615344,0.2685003,0.0064953715,32.086014,9.290578,7.0559974,6.459848,9.560625,0.9528918,2.7089071,-9.04263,-0.012628238,-3.9317853,-10.9497795,-6.9807916,4.5870404,0.86286473,0 days 00:02:13.485899233,0 days 00:02:13.525899233
0 days 00:00:00.930000,0 days 00:00:00.970000,answer9 ,0.0,0.67130214,0.0,0.0,0.0,-100.0,0.2870285,0.4836825,0.007306993,0.012282691,0.07249482,0.13803686,0.24141246,0.34229612,0.32508746,0.33460417,0.36747798,0.39988697,0.55911666,0.46186534,0.5584771,0.58523077,0.54276365,0.70890135,0.9002974,0.71463424,0.54039204,0.5602655,0.8051035,0.8399148,0.4734268,0.38672128,0.4766214,0.37029412,0.40638092,0.4640423,0.003589196,0.00040867375,143.55469,172.26562,244.04297,430.66406,0.06792129,262.6298,2.6802082,131728.3,13.521766,350.13943,-0.0026633777,0.266637,0.0052084816,31.090157,6.9562125,7.24403,7.120011,9.365965,2.3343432,1.2566963,-0.822594,2.294252,-3.3606331,-4.650748,-9.145896,-0.53675526,1.2591208,0 days 00:02:13.495899233,0 days 00:02:13.535899233
0 days 00:00:00.940000,0 days 00:00:00.980000,answer9 ,0.0,0.6618555,0.0,0.0,0.0,-100.0,0.28056687,0.48256636,0.006691138,0.014928193,0.071992345,0.138839,0.22174437,0.27098453,0.33987328,0.3356092,0.3546311,0.35453233,0.5188078,0.46819344,0.5795376,0.6030478,0.5878272,0.72663826,0.9394245,0.7077818,0.5138025,0.57986444,0.86342114,0.8709979,0.46892133,0.3798461,0.4421389,0.36917272,0.40344635,0.43564984,0.0017223572,0.0004439611,129.19922,172.26562,200.97656,430.66406,0.065330885,252.51186,2.5923164,142688.23,12.697812,313.61734,-0.0024383024,0.2525996,0.0045145736,30.519678,4.764949,8.587306,10.415415,9.206992,1.1582884,7.170531,3.6276834,2.8307972,-2.3030252,-4.088621,-13.070671,-6.1250157,1.8672079,0 days 00:02:13.505899233,0 days 00:02:13.545899233
0 days 00:00:00.950000,0 days 00:00:00.990000,answer9 ,0.0,0.6611924,0.0,0.0,0.0,-100.0,0.2734777,0.49378943,0.0060205557,0.01814059,0.07123854,0.13788642,0.20846246,0.22303991,0.35197398,0.33410588,0.36035168,0.35460496,0.4782826,0.49287513,0.598326,0.60201144,0.6321057,0.7980638,1.0195702,0.7293975,0.5075677,0.59563893,0.9153223,0.8975691,0.4822098,0.39229226,0.4367226,0.3806312,0.40559995,0.4326758,0.0020700926,0.00043602768,143.55469,200.97656,258.39844,574.21875,0.06270582,304.8277,3.1092236,197958.61,10.329231,198.43837,-0.0015189243,0.30259308,0.0028611775,29.42476,3.6114333,5.938989,9.623451,6.9953218,-2.8254776,5.1355667,-1.46057,-4.5992393,-4.294625,-1.1467088,-8.097373,-1.9874815,1.8997265,0 days 00:02:13.515899233,0 days 00:02:13.555899233
0 days 00:00:00.960000,0 days 00:00:01,answer9 ,0.0,0.6677885,0.0,0.0,0.0,-100.0,0.2717937,0.51114386,0.005468682,0.020786092,0.06815042,0.13296363,0.20992191,0.21843986,0.37019956,0.3277893,0.35631773,0.37137154,0.46418586,0.5147368,0.6150003,0.6005943,0.69969726,0.88722306,1.0709325,0.7659251,0.5213228,0.6062061,0.9320857,0.9232683,0.5090743,0.41973293,0.4543996,0.40043792,0.412784,0.43697968,0.0026960943,0.00041084233,157.91016,200.97656,272.7539,488.08594,0.05271424,301.35947,3.3141282,188873.05,10.596946,205.45335,-0.0015461143,0.30064777,0.002501021,29.431128,5.025243,7.084373,10.65759,8.583808,-7.461038,1.0542737,-4.091477,-4.5902104,-7.594196,-5.5735817,-4.6083713,3.5787547,-0.40561175,0 days 00:02:13.525899233,0 days 00:02:13.565899233
0 days 00:00:00.960000,0 days 00:00:01.000997732,answer9 ,0.0,0.67018104,0.0,0.0,0.0,-100.0,0.26572415,0.52523965,0.005114829,0.021541947,0.064492665,0.12392107,0.21625744,0.24973707,0.39241168,0.34001946,0.34949484,0.3949702,0.48882738,0.5190546,0.61262417,0.57403153,0.77439266,0.92360497,1.0426477,0.78587455,0.54558176,0.6163544,0.9122448,0.9377528,0.54736024,0.45229864,0.4840761,0.429437,0.42877483,0.4499897,0.0032977394,0.0002898858,172.26562,258.39844,330.17578,631.6406,0.057610553,348.0842,3.6425095,211187.58,10.482657,197.01819,-0.001162824,0.3496238,0.0019464266,29.241377,7.103212,3.6443021,5.142646,2.7107213,-7.4151096,0.61853075,-2.8861,-5.878483,-9.70835,-4.254724,0.18825662,6.473095,-0.10542861,0 days 00:02:13.525899233,0 days 00:02:13.566896965
0 days 00:00:00,0 days 00:00:00.040000,answer10 ,0.0,0.6517752,0.0,0.0,0.0,-100.0,0.32807574,0.98834115,0.004657853,0.033635676,0.12921618,0.27204838,0.41952792,0.5544473,0.66972893,0.76589614,0.84702843,0.9178292,0.9822495,1.0430994,1.1020993,1.1600702,1.2171308,1.2728368,1.3262117,1.3755809,1.4180565,1.4484811,1.4578775,1.432704,1.3587462,1.2323397,1.069155,0.8959276,0.7342484,0.5943311,0.0031939636,0.00066695985,229.6875,330.17578,674.70703,1191.5039,0.016406791,589.44586,4.387113,755538.3,5.922441,54.814457,-0.00086224574,0.5351892,0.0015243515,20.43761,2.995126,0.6130248,0.44791785,-1.4479514,-11.194758,-2.5245245,-1.4359711,0.9127784,-7.884346,-17.027708,2.41701,-5.2356844,-0.6302186,0 days 00:02:41.494828161,0 days 00:02:41.534828161
0 days 00:00:00.010000,0 days 00:00:00.050000,answer10 ,0.0,0.65400743,0.0,0.0,0.0,-100.0,0.31938764,0.98834115,0.0048550405,0.033446714,0.12921618,0.27204838,0.41952792,0.5544473,0.66972893,0.76589614,0.84702843,0.9178292,0.9822495,1.0430994,1.1020993,1.1600702,1.2171308,1.2728368,1.3262117,1.3755809,1.4180565,1.4484811,1.4578775,1.432704,1.3587462,1.2323397,1.069155,0.8959276,0.7342484,0.5943311,0.0033650186,0.0005975617,200.97656,315.8203,588.5742,1076.6602,0.032656442,544.8523,4.2635565,734968.3,6.3578286,62.243908,-0.000891733,0.49601778,0.0018580602,20.74243,4.5913215,3.7528753,1.1588582,-1.0532743,-9.73124,-1.4355353,-3.5234253,2.1770632,-4.8578067,-12.083535,1.7564627,-3.0754502,-2.6005743,0 days 00:02:41.504828161,0 days 00:02:41.544828161
0 days 00:00:00.020000,0 days 00:00:00.060000,answer10 ,0.0,0.6564128,0.0,0.0,0.0,-100.0,0.32739815,0.98834115,0.0050520017,0.034013607,0.12921618,0.27204838,0.41952792,0.5544473,0.66972893,0.76589614,0.84702843,0.9178292,0.9822495,1.0430994,1.1020993,1.1600702,1.2171308,1.2728368,1.3262117,1.3755809,1.4180565,1.4484811,1.4578775,1.432704,1.3587462,1.2323397,1.069155,0.8959276,0.7342484,0.5943311,0.0049891076,0.00053950766,186.6211,315.8203,502.4414,961.8164,0.059687447,510.40555,4.070019,681139.06,7.2959657,79.07847,-0.0012031904,0.47345152,0.0029156485,21.41279,6.243177,5.3112926,-0.68889934,-4.9684567,-9.623534,0.32809713,-5.223889,1.3543898,-4.7973676,-7.923809,3.9046943,0.06915895,-2.647236,0 days 00:02:41.514828161,0 days 00:02:41.554828161
0 days 00:00:00.030000,0 days 00:00:00.070000,answer10 ,0.0,0.6528793,0.0,0.0,0.0,-100.0,0.3346685,0.98834115,0.0052455957,0.03287982,0.12921618,0.27204838,0.41952792,0.5544473,0.66972893,0.76589614,0.84702843,0.9178292,0.9822495,1.0430994,1.1020993,1.1600702,1.2171308,1.2728368,1.3262117,1.3755809,1.4180565,1.4484811,1.4578775,1.432704,1.3587462,1.2323397,1.069155,0.8959276,0.7342484,0.5943311,0.0056918636,0.00047922102,200.97656,344.53125,473.73047,760.83984,0.06503138,491.3837,3.9676754,597203.0,7.8719583,88.34591,-0.0013268426,0.46784782,0.00361446,22.050177,7.838635,5.116019,-6.284078,-7.3178096,-6.167851,0.84254026,-7.633449,-4.5057454,-4.328094,-5.3248124,1.0792428,0.91123086,1.1698681,0 days 00:02:41.524828161,0 days 00:02:41.564828161
0 days 00:00:00.040000,0 days 00:00:00.080000,answer10 ,0.0,0.65070313,0.0,0.0,0.0,-100.0,0.33236086,0.9899574,0.0047720876,0.034013607,0.12786265,0.2677574,0.4125934,0.5543921,0.6927069,0.77893287,0.8605199,0.9453301,1.0027784,1.0266505,1.1122419,1.1488625,1.1834909,1.2329607,1.3316455,1.3616244,1.403484,1.4434462,1.4905891,1.4733157,1.367575,1.2436414,1.0750189,0.879399,0.73121184,0.59085786,0.005133481,0.00045666864,215.33203,387.59766,531.15234,818.2617,0.0650198,543.9746,4.1145806,700699.5,7.5176635,80.50278,-0.0012143793,0.5131174,0.0032942053,21.59701,6.8512893,3.0157235,-9.855868,-6.708016,-8.001491,-0.09153032,-3.137413,-1.4122124,-2.6874237,-5.155089,2.9110577,1.7184076,5.062303,0 days 00:02:41.534828161,0 days 00:02:41.574828161
0 days 00:00:00.050000,0 days 00:00:00.090000,answer10 ,0.0,0.64818054,0.0,0.0,0.0,-100.0,0.31809446,0.9896758,0.0043369937,0.035147395,0.12481115,0.25169754,0.39517355,0.551146,0.7139422,0.7683074,0.8695536,0.9628194,1.0538553,0.98866993,1.1529111,1.1562121,1.1569692,1.2051958,1.329917,1.3221877,1.3708338,1.4261051,1.5430707,1.5185694,1.3958741,1.2397579,1.0844525,0.8460479,0.7243149,0.5791766,0.0039142887,0.00047398265,244.04297,387.59766,516.7969,890.03906,0.06004374,561.8996,4.1641164,743055.06,6.851546,68.50287,-0.0008933001,0.5227363,0.0024655457,20.88791,4.7975726,3.0572803,-8.456563,-1.7468095,-7.947082,-2.8801372,-3.567218,-2.7296064,-3.0342495,-3.1892521,2.9325793,4.291495,6.713829,0 days 00:02:41.544828161,0 days 00:02:41.584828161
0 days 00:00:00.060000,0 days 00:00:00.100000,answer10 ,0.0,0.6437598,0.0,0.0,0.0,-100.0,0.3100058,0.9792345,0.0042800624,0.03911564,0.124154605,0.22692136,0.38078704,0.5387356,0.7201081,0.74107105,0.83007526,0.93002886,1.0834723,0.93453956,1.20812,1.207857,1.1499791,1.1918389,1.3065108,1.2561928,1.3114605,1.4016527,1.5870167,1.529298,1.4389777,1.212988,1.0831083,0.8043113,0.70492846,0.55596465,0.0041701444,0.00049347884,258.39844,358.88672,473.73047,846.97266,0.051834736,539.00165,4.1328983,712631.06,7.009912,72.386055,-0.0008728733,0.5018372,0.0019551935,20.926544,4.1400404,5.0054197,-3.589714,0.81169695,-13.533051,-7.405626,-3.6691055,1.502226,-3.0565455,-3.391979,7.7820244,5.392269,5.334781,0 days 00:02:41.554828161,0 days 00:02:41.594828161
0 days 00:00:00.070000,0 days 00:00:00.110000,answer10 ,0.0,0.64363116,0.0,0.0,0.0,-100.0,0.30391735,0.962116,0.0041636745,0.04232804,0.12397602,0.2068417,0.3656391,0.51148874,0.6880846,0.7017686,0.7476652,0.8430748,1.1026183,0.9021837,1.2271835,1.3134136,1.2298409,1.258926,1.291285,1.2145048,1.253467,1.356665,1.5520597,1.4513925,1.4607617,1.16214,1.0627772,0.76803523,0.683625,0.5355987,0.0036728333,0.00054612925,244.04297,387.59766,574.21875,1091.0156,0.053746115,585.02,4.2821064,765234.75,6.7573037,69.346565,-0.00077700923,0.53528976,0.0017434558,20.928709,1.989574,3.0155442,0.78099155,-0.22345066,-11.876687,-3.691882,-3.5098035,-4.238138,-3.0472844,-2.66403,9.277074,6.4027042,2.0463045,0 days 00:02:41.564828161,0 days 00:02:41.604828161
0 days 00:00:00.080000,0 days 00:00:00.120000,answer10 ,0.0,0.6440606,0.0,0.0,0.0,-100.0,0.29180202,0.93617374,0.0038527846,0.043839756,0.12435093,0.20214069,0.3557333,0.47084165,0.63212806,0.7094345,0.67045635,0.78480726,1.1278644,0.9171448,1.1731907,1.3604884,1.3053933,1.3193549,1.3034172,1.2150952,1.1826133,1.2742893,1.4299232,1.3300362,1.4106151,1.0912951,1.0180708,0.7365201,0.6627491,0.53256536,0.0026095298,0.00047180013,215.33203,459.375,703.41797,1076.6602,0.04349007,613.44025,4.49451,752325.56,7.014463,74.73502,-0.0006757804,0.5650933,0.0014107772,22.257154,2.3804667,-0.8237734,0.72220236,-2.9107263,-8.870816,4.008183,3.271284,-3.7586486,-0.14549796,-2.2772038,8.214897,2.2153723,-0.8007698,0 days 00:02:41.574828161,0 days 00:02:41.614828161
0 days 00:00:00.090000,0 days 00:00:00.130000,answer10 ,0.0,0.65509367,0.0,0.0,0.0,-100.0,0.28012493,0.9056313,0.003626866,0.04554044,0.12081889,0.21383822,0.33748472,0.4197311,0.5724687,0.7568142,0.64842135,0.7722543,1.1587824,0.98154587,1.0973454,1.3376192,1.3152913,1.326965,1.3283528,1.2266867,1.0994773,1.1690279,1.2754989,1.2168549,1.3026204,1.0244833,0.96262425,0.6958268,0.64667207,0.5389105,0.0017070094,0.00049917307,200.97656,459.375,746.4844,1220.2148,0.044774916,622.2958,4.5415783,765431.0,6.9617887,75.05009,-0.0005531739,0.57053185,0.0010887167,22.885675,1.4993415,-2.6998885,0.4965799,-0.5247512,-4.8861976,5.382921,2.3014526,-6.191751,2.6713715,-0.54818505,3.35629,-3.555279,-3.596878,0 days 00:02:41.584828161,0 days 00:02:41.624828161
0 days 00:00:00.100000,0 days 00:00:00.140000,answer10 ,0.0,0.6520551,0.0,0.0,0.0,-100.0,0.27887812,0.8755097,0.0038681559,0.04799698,0.11666576,0.23071446,0.33541068,0.38515988,0.51714665,0.8281927,0.68509036,0.76787066,1.1503539,1.0681576,1.0565588,1.2587465,1.2083025,1.276211,1.3263421,1.2400407,1.0192449,1.0805537,1.157283,1.1535188,1.1979593,0.96106035,0.917234,0.661503,0.62978065,0.53415114,0.0025668552,0.0004246741,215.33203,401.95312,631.6406,875.6836,0.040491864,532.07654,4.231951,552147.9,8.001302,96.6359,-0.0006997872,0.5062946,0.0014693983,24.201256,4.137277,0.03598054,-1.5029618,-1.4290406,-7.44169,2.172564,-2.219719,-3.1597016,4.521572,-0.46326098,-3.9647648,-9.20927,-4.6370864,0 days 00:02:41.594828161,0 days 00:02:41.634828161
0 days 00:00:00.110000,0 days 00:00:00.150000,answer10 ,0.0,0.64074343,0.0,0.0,0.0,-100.0,0.28968477,0.86558694,0.0042002345,0.05536659,0.116486095,0.24989545,0.3611081,0.38266948,0.49327716,0.8595331,0.7118869,0.73067194,1.0835265,1.1580315,1.0956881,1.2279536,1.0464821,1.2174875,1.3102459,1.2272124,0.9885923,1.0653896,1.1424392,1.1648105,1.1783795,0.9514342,0.9269722,0.66754293,0.6251245,0.5224211,0.002491543,0.0005695612,200.97656,301.46484,645.9961,961.8164,0.044095982,535.26984,4.2378993,756331.25,7.202605,79.95086,-0.00073903473,0.4929858,0.0014303162,22.286692,5.2602887,2.2795498,0.3972799,4.6743035,-6.252638,-1.834054,-10.331815,-6.3380494,4.992496,3.0761154,-5.2912292,-9.803456,-2.7712815,0 days 00:02:41.604828161,0 days 00:02:41.644828161
0 days 00:00:00.120000,0 days 00:00:00.160000,answer10 ,0.0,0.6029878,0.0,0.0,0.0,-100.0,0.33534312,0.90720195,0.0044921935,0.0665155,0.11614359,0.2637334,0.40140882,0.4162058,0.50129414,0.83000785,0.7146437,0.7064807,1.0798532,1.20447,1.1611217,1.2847303,0.958283,1.2509803,1.3915695,1.3086225,1.0613683,1.1607426,1.2421141,1.284042,1.2884351,1.0126938,0.9972434,0.7293668,0.6783226,0.5433721,0.0026948901,0.00086883997,229.6875,330.17578,775.1953,1320.7031,0.04419298,694.35645,4.4925723,1.1351011e+06,5.94178,58.114346,-0.00085467036,0.6041181,0.0019220673,19.180365,3.1657422,2.5701234,0.839747,-1.1961426,-5.9160438,0.5708828,-6.8943553,-13.6835985,-0.57725936,-0.661362,-2.8226993,-1.8500363,-0.43120274,0 days 00:02:41.614828161,0 days 00:02:41.654828161
0 days 00:00:00.130000,0 days 00:00:00.170000,answer10 ,0.0,0.58333474,0.0,0.0,0.0,-100.0,0.44733676,1.0428843,0.0053562433,0.080687836,0.111290604,0.25973034,0.43510318,0.46092853,0.5374002,0.7504942,0.6938668,0.7712597,1.2650114,1.2797291,1.2598631,1.4412575,1.0418396,1.4772593,1.6870886,1.5830817,1.3398839,1.438056,1.4567313,1.5551552,1.5977144,1.1763517,1.1514106,0.8656046,0.82343966,0.6554404,0.002687959,0.0040129833,430.66406,574.21875,1291.9922,2067.1875,0.061964184,1043.5944,5.0693817,1.5329064e+06,3.801057,24.577547,-0.0012684558,0.8298604,0.002579236,13.243403,-4.1393,0.2361298,1.24763,-2.4869773,-1.6707455,-0.5818979,-12.37066,-26.15093,-5.32904,-3.587653,4.9630027,4.9366035,-1.3611279,0 days 00:02:41.624828161,0 days 00:02:41.664828161
0 days 00:00:00.140000,0 days 00:00:00.180000,answer10 ,0.0,0.5626886,0.0,0.0,0.0,-100.0,0.59709865,1.3133368,0.0070007793,0.09278155,0.1046429,0.24481978,0.44923005,0.51525044,0.5879806,0.68159336,0.69595605,0.9108587,1.6270195,1.5010704,1.4409293,1.7310013,1.3696693,1.9782767,2.23336,2.1630514,1.9174021,2.02889,1.8553692,2.010339,2.2188728,1.458995,1.3958632,1.0867177,1.0641134,0.8754849,0.005017403,0.009459617,488.08594,861.3281,1679.5898,2741.8945,0.085547864,1313.8129,5.439396,1.779194e+06,2.674819,14.54552,-0.0023603132,1.0002886,0.0057301447,9.760181,-8.879115,3.1000023,1.0866398,-4.7743783,-2.6147354,-4.0328956,-13.000984,-24.264465,-2.939408,-4.7040243,8.1807785,6.463064,-4.6386685,0 days 00:02:41.634828161,0 days 00:02:41.674828161
0 days 00:00:00.150000,0 days 00:00:00.190000,answer10 ,0.0,0.555102,0.0,0.0,0.0,-100.0,0.7311342,1.706781,0.008590085,0.09920635,0.10194837,0.21836394,0.46561757,0.58339334,0.64670444,0.6849467,0.78952867,1.0925165,2.0012875,1.9100584,1.7083727,2.0743084,1.8544865,2.7010844,2.8505213,3.0948951,2.8484786,2.9880753,2.4991398,2.6062977,3.1386893,1.8719031,1.7422185,1.4110001,1.3420835,1.1503876,0.006583529,0.01409192,588.5742,1105.3711,2210.7422,3172.5586,0.104273826,1564.4481,5.8066993,1.9361516e+06,1.908254,9.224479,-0.0033101058,1.1412252,0.0082688965,6.4732003,-11.2745285,3.1888397,-4.1980653,-4.391783,-0.69023436,-2.586348,-17.729498,-20.427595,-1.0032707,-3.0320122,9.0730095,4.2076397,-5.379154,0 days 00:02:41.644828161,0 days 00:02:41.684828161
0 days 00:00:00.160000,0 days 00:00:00.200000,answer10 ,0.0,0.5676896,0.0,0.0,0.0,-100.0,0.7820919,2.1154945,0.009584445,0.09674981,0.112032495,0.20348543,0.47938046,0.6431461,0.6988227,0.7341791,0.9062961,1.196899,2.1641214,2.4382274,2.054078,2.354453,2.3095443,3.3315783,3.3037422,3.9576957,4.0380077,4.0983977,3.2946837,3.222929,4.115521,2.4170792,2.165162,1.7927591,1.6021453,1.3684912,0.006409894,0.017804006,703.41797,1579.1016,2454.7852,3631.9336,0.11523932,1808.6149,5.8401265,2.1234682e+06,1.5791335,7.833594,-0.003694798,1.2587274,0.010451711,4.7600284,-9.620818,7.4065185,-3.3901484,-0.9401228,0.37499043,-2.547027,-17.300001,-10.985806,3.1581151,-0.56747895,11.2103195,3.7984695,-7.1637077,0 days 00:02:41.654828161,0 days 00:02:41.694828161
0 days 00:00:00.170000,0 days 00:00:00.210000,answer10 ,0.0,0.6033155,0.0,0.0,0.0,-100.0,0.82411796,2.395663,0.010686506,0.086167805,0.13124202,0.20996661,0.4878228,0.68613243,0.73258686,0.8032141,1.0550326,1.2584137,2.1162143,2.7598183,2.3630545,2.5688365,2.6262102,3.5516064,3.4166477,4.4073186,4.9947166,4.8433037,3.9989178,3.734462,4.6518836,2.9281323,2.5370045,2.1252747,1.8309275,1.4684986,0.0065008923,0.020880228,703.41797,1593.457,2339.9414,3603.2227,0.12603925,1807.416,5.8892446,2.124643e+06,1.6522737,8.010608,-0.004416536,1.266161,0.012013905,4.61641,-9.061898,4.678637,-3.6573353,1.2397475,2.7544785,-2.995427,-16.579653,-6.4759564,0.23255305,-6.2826114,5.216195,6.3997993,-4.766687,0 days 00:02:41.664828161,0 days 00:02:41.704828161
0 days 00:00:00.180000,0 days 00:00:00.220000,answer10 ,0.0,0.66352063,0.0,0.0,0.0,-65.38253,0.88362783,2.5098155,0.013486904,0.0723734,0.15614921,0.25919843,0.49968275,0.68458194,0.75081414,0.83905417,1.1543225,1.2688781,1.98353,2.8850565,2.6766613,2.8169963,2.858054,3.4723034,3.283231,4.2347264,5.478269,5.0535784,4.333196,4.112633,4.6185975,3.2518308,2.7880707,2.3190966,2.0122433,1.4644518,0.006360488,0.02956386,559.8633,1291.9922,1966.6992,3258.6914,0.15993783,1551.8813,5.364365,1.8567091e+06,1.957908,10.038033,-0.007713227,1.1044515,0.02030318,6.59475,-7.5868716,7.141705,4.7745523,11.331828,3.043607,-7.377027,-13.128213,1.7534118,1.0548421,-5.292227,2.4653375,1.7593712,-10.676236,0 days 00:02:41.674828161,0 days 00:02:41.714828161
0 days 00:00:00.190000,0 days 00:00:00.230000,answer10 ,187.68285,0.70831084,0.0,0.0,0.19214018,-30.644281,0.9513998,2.5143738,0.017813299,0.05971277,0.19341429,0.3965917,0.5555751,0.691819,0.76788235,0.85914606,1.2374262,1.2686986,1.8428311,2.8716862,3.0243843,3.214987,3.1272583,3.370834,3.1131613,3.6910255,5.317602,4.838301,4.3771577,4.315689,4.160122,3.3118525,2.8850257,2.4026396,2.1279187,1.41069,0.010888316,0.03390674,229.6875,516.7969,1134.082,2440.4297,0.18046887,1003.1541,4.5923815,1.4720114e+06,2.7972088,15.584491,-0.0144525245,0.7708971,0.036603063,10.221596,-4.3221173,8.07119,10.45145,17.177942,3.211174,-8.18499,-9.713172,4.6130633,-7.47682,-5.8415694,-5.389235,-5.5667624,-9.602467,0 days 00:02:41.684828161,0 days 00:02:41.724828161
0 days 00:00:00.200000,0 days 00:00:00.240000,answer10 ,189.45789,0.74563557,0.06577711,0.0,0.16709697,5.619642,1.0534768,2.5240347,0.021985233,0.051965233,0.23373194,0.6132747,0.69687915,0.7202647,0.81334305,0.89868087,1.3617195,1.3096682,1.7843218,2.972126,3.412257,3.6512184,3.445403,3.522485,3.0341492,3.1165497,4.8203444,4.5930705,4.353909,4.4176517,3.737796,3.2695692,2.906172,2.465929,2.1282864,1.3461028,0.018097194,0.048373718,172.26562,200.97656,976.1719,1981.0547,0.20570539,790.486,4.0550017,1.182875e+06,3.1285408,18.673592,-0.02235658,0.626635,0.05868116,12.222206,-3.6898072,9.308897,10.897523,21.218935,-0.15264685,-9.728742,-8.626182,2.888696,-12.962265,-5.688681,-4.498377,-12.618497,-15.104369,0 days 00:02:41.694828161,0 days 00:02:41.734828161
0 days 00:00:00.210000,0 days 00:00:00.250000,answer10 ,192.08374,0.77172786,0.0571371,0.030205261,0.18515623,6.5578575,1.144019,2.5472891,0.025861949,0.045351475,0.2642081,0.8474029,0.9028435,0.8004821,0.9257197,0.9832409,1.4976386,1.4168333,1.8210474,3.1550646,3.6939476,3.8348138,3.7416306,3.7552497,3.0512218,2.6213357,4.2659082,4.417829,4.3667393,4.4242787,3.4643118,3.2740147,2.8588877,2.5004451,2.061341,1.2830796,0.04212023,0.05665541,186.6211,200.97656,775.1953,1665.2344,0.20909195,685.12476,3.9056275,960424.75,3.5823767,22.837564,-0.03153934,0.56660247,0.08494842,14.590144,-2.2167516,5.968975,6.207697,18.59666,-2.288662,-12.054496,-10.662801,-3.303334,-18.881098,-7.12781,-3.2327077,-12.07129,-14.452554,0 days 00:02:41.704828161,0 days 00:02:41.744828161
0 days 00:00:00.220000,0 days 00:00:00.260000,answer10 ,193.50691,0.78720886,0.037078034,0.030231083,0.11020435,7.8473153,1.2201152,2.5505033,0.029921785,0.037037037,0.2591426,0.9943359,1.1215954,0.929749,1.1192597,1.1342434,1.6990992,1.724404,2.0620902,3.2780333,3.8869846,3.884498,3.8301604,3.7591038,2.919816,2.2788332,3.7299583,4.128048,4.281941,4.4234967,3.2706645,3.2989328,2.7268486,2.4401968,1.9291015,1.2025505,0.06702039,0.0739876,200.97656,215.33203,918.75,1536.0352,0.22925167,673.5481,3.9684498,751352.94,3.5233748,24.01531,-0.04223155,0.57726,0.119333126,18.438002,-2.7327182,-0.78092366,-2.7437713,19.96093,-6.0530224,-16.852615,-11.203076,-4.2807665,-20.16971,-11.999367,-6.7691884,-7.975618,-13.139324,0 days 00:02:41.714828161,0 days 00:02:41.754828161
0 days 00:00:00.230000,0 days 00:00:00.270000,answer10 ,193.9207,0.7957848,0.019220587,0.026855253,0.10278819,8.701422,1.1906289,2.4721143,0.034204632,0.028155707,0.23305738,1.0384339,1.2776057,1.0487398,1.3614349,1.3489414,1.9299465,2.2021372,2.435084,3.268965,3.9994428,3.8669264,3.5652993,3.3734105,2.539383,2.0012019,3.218084,3.6366737,3.8975027,4.313084,3.017233,3.1922417,2.4956484,2.2072875,1.7227722,1.0844363,0.08343484,0.069105886,200.97656,215.33203,789.5508,1291.9922,0.22009797,566.8238,3.6800125,467384.5,3.9018466,32.89002,-0.05455901,0.515158,0.1531802,23.463095,0.11836656,-5.679662,-9.254331,21.207518,-3.5091362,-15.945068,-12.205872,-2.935593,-18.245718,-16.447615,-11.691956,-5.9445577,-8.644784,0 days 00:02:41.724828161,0 days 00:02:41.764828161
0 days 00:00:00.240000,0 days 00:00:00.280000,answer10 ,194.37852,0.79892904,0.00744482,0.011594717,0.10018856,11.087745,1.0904206,2.27013,0.037703045,0.019085411,0.20851393,1.0349864,1.3647391,1.1281016,1.5352287,1.5535842,2.189311,2.7680712,2.782944,3.0177667,3.8808174,3.810292,3.0152795,2.7119992,1.9664211,1.745853,2.580494,2.8839805,3.211567,3.8549757,2.602721,2.8271482,2.1651464,1.8473849,1.423406,0.912648,0.08935279,0.053068127,186.6211,215.33203,645.9961,1047.9492,0.20840456,470.8036,3.2664745,247443.12,4.3834615,56.046154,-0.065314166,0.45106116,0.17785974,29.411188,1.9498888,-9.172619,-11.789865,22.883669,-4.721888,-10.024882,-9.58202,-2.4402337,-20.497856,-24.530684,-14.361478,-3.4962873,-7.7613196,0 days 00:02:41.734828161,0 days 00:02:41.774828161
0 days 00:00:00.250000,0 days 00:00:00.290000,answer10 ,195.3418,0.7981498,0.004908727,0.0018890506,0.08079493,13.773152,0.9912846,1.9873503,0.039838467,0.0143613,0.20292687,1.0319433,1.3992304,1.1283313,1.5868832,1.6812745,2.4064786,3.2278664,2.9134395,2.594689,3.4286664,3.5004985,2.4122381,2.0924313,1.4512614,1.5103959,1.9709033,2.1533678,2.4038546,3.0562375,2.1292017,2.299392,1.8062767,1.450251,1.1032113,0.72985965,0.10252741,0.02782919,172.26562,215.33203,502.4414,846.97266,0.1640002,389.0875,2.9610357,139687.77,5.0970836,85.239845,-0.0749032,0.38967338,0.19305344,33.892616,5.1771874,-9.540982,-9.722686,17.105642,-4.4331245,-0.34160104,-8.050359,-3.0873766,-21.3221,-28.294472,-11.683621,-2.550381,-7.881335,0 days 00:02:41.744828161,0 days 00:02:41.784828161
0 days 00:00:00.260000,0 days 00:00:00.300000,answer10 ,196.07202,0.797041,0.0045350124,0.004848696,0.068157084,16.823938,0.9205796,1.691236,0.041989088,0.0111489035,0.21014728,1.0297855,1.4090261,1.0963266,1.5462589,1.692629,2.4766207,3.433074,2.747339,2.0592816,2.7020247,2.9096272,2.021496,1.7023743,1.163694,1.3205329,1.5057985,1.5713438,1.6793151,2.141731,1.6971594,1.8237425,1.4920698,1.1147376,0.85360795,0.57239324,0.11865249,0.012576915,172.26562,215.33203,330.17578,775.1953,0.131872,337.00977,2.7061443,92464.98,5.9220543,119.158806,-0.08250717,0.34618068,0.20453107,36.735332,6.4320054,-8.265014,-5.932544,13.581141,-14.2920685,7.372093,-5.5757236,-4.6662884,-23.683645,-33.150223,-8.470937,-0.83107686,-8.683259,0 days 00:02:41.754828161,0 days 00:02:41.794828161
0 days 00:00:00.270000,0 days 00:00:00.310000,answer10 ,196.19434,0.79302055,0.0042758626,0.004041726,0.05000995,18.276396,0.8767417,1.4601936,0.043982875,0.009448224,0.21598522,1.0140845,1.4050488,1.0593516,1.4967235,1.6507515,2.397539,3.3626072,2.3774204,1.5920912,2.0305278,2.2896588,1.811256,1.5085758,1.0660678,1.2014575,1.2415487,1.2110126,1.2035369,1.4906946,1.4259547,1.5603386,1.3077999,0.8928171,0.6910593,0.46112737,0.13890076,0.007886694,172.26562,215.33203,272.7539,674.70703,0.12180125,306.72632,2.513252,72926.375,7.6454444,179.72484,-0.09180815,0.31884637,0.21994144,37.447628,9.206318,-4.6081133,-8.09534,11.597393,-19.115484,13.1069765,-7.850409,-4.9614806,-21.596987,-34.73271,-8.068879,-4.3715377,-7.8373146,0 days 00:02:41.764828161,0 days 00:02:41.804828161
0 days 00:00:00.280000,0 days 00:00:00.320000,answer10 ,195.99458,0.7890675,0.0059119947,0.004139324,0.05367795,20.005165,0.81271553,1.2918615,0.0451801,0.009070295,0.2201513,0.9851837,1.3840504,1.0254247,1.4585495,1.5977778,2.1880891,3.0522785,1.97758,1.275942,1.5193304,1.759946,1.6192814,1.3736954,1.052692,1.114074,1.1035212,1.0260228,0.9567423,1.1481518,1.3168797,1.4925963,1.2044021,0.75569254,0.5852421,0.3951079,0.13995714,0.00560957,172.26562,215.33203,229.6875,545.5078,0.124250256,277.09097,2.30283,56445.25,10.513767,361.0616,-0.09638063,0.29070577,0.21814565,38.58228,12.361354,-1.1656122,-11.411265,13.26949,-19.082178,15.263497,-7.588836,-9.868625,-17.832157,-35.07594,-3.5402448,-7.0731583,-10.398392,0 days 00:02:41.774828161,0 days 00:02:41.814828161
0 days 00:00:00.290000,0 days 00:00:00.330000,answer10 ,195.88062,0.7845156,0.0055650733,0.0034441103,0.048370022,20.140635,0.7270121,1.1540693,0.044852864,0.009070295,0.21843033,0.9456324,1.3469023,0.9837834,1.4000797,1.530516,1.9014693,2.5602071,1.6403369,1.0825096,1.1626699,1.3672061,1.3707486,1.2137557,1.025806,1.0346533,1.021273,0.95160073,0.85947305,0.9849817,1.2870215,1.4934692,1.1111306,0.6583311,0.5000023,0.35381207,0.14177026,0.0029802008,172.26562,215.33203,215.33203,373.2422,0.1253156,245.56976,2.0856555,35752.63,15.8526125,758.18524,-0.09580932,0.26120028,0.20763679,39.15045,15.45091,3.6946266,-12.763553,10.458699,-15.731507,13.530538,-10.889534,-11.53345,-15.051602,-33.597057,-0.46385738,-10.750252,-11.81997,0 days 00:02:41.784828161,0 days 00:02:41.824828161
0 days 00:00:00.300000,0 days 00:00:00.340000,answer10 ,195.64702,0.78158903,0.006038775,0.0051308163,0.048588987,20.654951,0.65292805,1.0265894,0.043449197,0.009070295,0.2175966,0.89544886,1.2844602,0.9337023,1.3156695,1.4278382,1.5988412,2.0274918,1.3948976,0.97079533,0.9368758,1.0707132,1.0654439,1.0183325,0.9724042,0.9655774,0.9569764,0.93993497,0.83154887,0.88488704,1.2326558,1.4183937,0.97919196,0.5756677,0.43706837,0.33891153,0.12781274,0.0020237872,172.26562,215.33203,215.33203,301.46484,0.09778267,229.62444,1.9642836,23998.709,21.702477,1431.813,-0.08902675,0.24605481,0.18453713,40.195293,17.051607,6.146347,-10.203627,7.6285024,-10.376178,9.137198,-12.759229,-14.026493,-11.050611,-29.779654,-1.0845504,-12.56281,-9.493719,0 days 00:02:41.794828161,0 days 00:02:41.834828161
0 days 00:00:00.310000,0 days 00:00:00.350000,answer10 ,194.88312,0.7781723,0.008944991,0.0073694997,0.04007554,20.962759,0.62793195,0.9204924,0.041841254,0.009070295,0.21461813,0.83593345,1.2037464,0.8893121,1.2279261,1.2804317,1.3388561,1.5926591,1.2234639,0.8830876,0.795587,0.84687585,0.8453622,0.8621959,0.91278726,0.92204404,0.88930845,0.9498022,0.8576999,0.8374787,1.1374996,1.2731541,0.85063297,0.5215895,0.3989656,0.34178218,0.12454178,0.0014261751,172.26562,215.33203,215.33203,287.10938,0.08504785,227.52596,1.9497851,22811.14,23.63669,1596.805,-0.0848637,0.24414706,0.17493416,39.165676,19.186918,8.519998,-12.850818,6.3734818,-7.523337,8.05779,-11.879781,-16.469267,-16.382315,-24.389288,-2.72935,-13.494801,-5.957193,0 days 00:02:41.804828161,0 days 00:02:41.844828161
0 days 00:00:00.320000,0 days 00:00:00.360000,answer10 ,193.50179,0.7720754,0.00882705,0.006801971,0.049681768,20.715773,0.60592407,0.8476193,0.039131537,0.010015118,0.20741604,0.7683194,1.1068767,0.8517954,1.1450995,1.1195701,1.1812719,1.367076,1.0894328,0.8043542,0.705657,0.6903451,0.7122688,0.7624602,0.87389463,0.9178548,0.85618305,0.9609304,0.9425946,0.8326812,1.0071906,1.1162539,0.7715354,0.50462407,0.38674092,0.3556745,0.10342601,0.0010995776,172.26562,215.33203,215.33203,330.17578,0.108716406,234.1817,1.9987817,27243.615,21.08751,1405.7046,-0.07428203,0.25045273,0.15159088,38.76447,20.02875,9.419395,-14.5696945,2.3189526,-3.5615222,10.7268,-9.523991,-16.074492,-21.59271,-25.658537,-3.0876162,-12.275386,-2.5288107,0 days 00:02:41.814828161,0 days 00:02:41.854828161
0 days 00:00:00.330000,0 days 00:00:00.370000,answer10 ,191.79692,0.7579077,0.009778391,0.0073907133,0.0851526,19.757507,0.59556276,0.81153774,0.034517024,0.011526833,0.20067066,0.6962073,0.99479777,0.80957055,1.0510287,0.9422013,1.1327225,1.3403741,1.0148727,0.7534421,0.65832067,0.61292356,0.6590579,0.7137306,0.86899906,0.9347299,0.8775179,0.96407765,1.048686,0.8519023,0.9239206,1.0279928,0.74880356,0.5164664,0.3876677,0.36929712,0.07892502,0.0011664571,172.26562,200.97656,215.33203,373.2422,0.13240434,241.82692,2.09711,35698.227,16.043161,827.9739,-0.061391506,0.2569957,0.12667486,37.94082,18.072733,9.322946,-13.817437,4.839243,0.49058405,15.286086,-11.293243,-14.930448,-22.830488,-30.241547,-4.024817,-8.853528,2.104895,0 days 00:02:41.824828161,0 days 00:02:41.864828161
0 days 00:00:00.340000,0 days 00:00:00.380000,answer10 ,189.54747,0.7375031,0.006309502,0.00791081,0.10019827,18.821661,0.5270325,0.78725904,0.02737656,0.0134164775,0.18883051,0.609557,0.8581438,0.7437294,0.92549926,0.76387715,1.1067463,1.3472522,0.96218586,0.7259119,0.6478233,0.6190848,0.66619915,0.6850386,0.8858625,0.9542493,0.9618427,0.9604959,1.1014305,0.8497031,0.86924297,0.9952509,0.7540651,0.5277861,0.38924837,0.36967692,0.04278083,0.00097297673,172.26562,200.97656,215.33203,387.59766,0.19034879,248.4469,2.1773067,48385.53,13.796718,577.28766,-0.037115414,0.2620394,0.077379145,36.74908,13.3312645,7.982775,-8.328496,8.108211,0.80990726,14.030515,-15.945235,-10.789058,-19.002043,-35.767105,-4.0790067,-5.5862827,3.897414,0 days 00:02:41.834828161,0 days 00:02:41.874828161
0 days 00:00:00.350000,0 days 00:00:00.390000,answer10 ,185.87996,0.7206662,0.0064461045,0.007726206,0.18255143,15.217322,0.45781183,0.7531138,0.01929642,0.01473923,0.17437913,0.50674593,0.69500446,0.64003605,0.77330023,0.59466094,1.0444404,1.2897784,0.9095697,0.7188994,0.6841259,0.6682661,0.6892865,0.6711957,0.9071434,0.9674708,1.0628109,0.94235396,1.048899,0.81198615,0.8340034,0.9475694,0.7380951,0.5168131,0.38719144,0.3569325,0.020871334,0.0009369711,172.26562,186.6211,272.7539,516.7969,0.1799606,277.1159,2.4279444,77553.62,11.646104,383.92844,-0.020081544,0.2877202,0.042960916,34.669453,9.802235,6.7816887,-6.656404,10.4279,4.426428,16.277365,-14.291518,-10.360533,-14.84446,-32.44692,-5.1175466,-3.7651532,1.8369474,0 days 00:02:41.844828161,0 days 00:02:41.884828161
0 days 00:00:00.360000,0 days 00:00:00.400000,answer10 ,182.5237,0.71561575,0.025642099,0.016539598,0.22697227,12.260638,0.39622274,0.7097599,0.013178054,0.017573697,0.15573896,0.3989463,0.5282373,0.5254261,0.6282723,0.4925022,0.9333534,1.1260328,0.84033036,0.7187874,0.7269879,0.7117999,0.70208627,0.66365695,0.90674704,0.973361,1.1323586,0.9254153,0.9470503,0.77744824,0.82365865,0.8855898,0.7107424,0.49276516,0.3848184,0.34164324,0.008863748,0.00070865307,172.26562,186.6211,315.8203,631.6406,0.15564534,296.12503,2.7298925,107293.06,10.529683,258.7699,-0.007468739,0.3039852,0.016341316,32.71168,8.819729,6.360642,-8.217895,7.412372,4.0288324,15.298879,-11.622142,-6.0411987,-7.209549,-29.087639,-2.629618,-3.997451,-2.3800948,0 days 00:02:41.854828161,0 days 00:02:41.894828161
0 days 00:00:00.370000,0 days 00:00:00.410000,answer10 ,180.45041,0.706259,0.036063552,0.019941965,0.3022418,-27.55321,0.36496294,0.6630959,0.010389456,0.020597128,0.13721822,0.31003156,0.39366093,0.4304534,0.5159871,0.48564053,0.8159922,0.928616,0.7422804,0.7110999,0.73350805,0.70377016,0.69878125,0.6745346,0.87916595,0.96756166,1.1179436,0.8996151,0.86024994,0.7636773,0.8196166,0.80001163,0.6734713,0.46649432,0.38075438,0.33035648,0.0059701004,0.00056971965,172.26562,172.26562,315.8203,674.70703,0.08886989,301.31442,2.839922,115373.52,10.55691,247.57918,-0.0046965564,0.30885926,0.011198354,32.496494,8.455804,6.6476817,-8.365407,5.57386,0.029830614,14.149611,-6.7529473,-4.3583565,-4.2082415,-22.237734,-4.3735175,-8.12745,-5.803415,0 days 00:02:41.864828161,0 days 00:02:41.904828161
0 days 00:00:00.380000,0 days 00:00:00.420000,answer10 ,0.0,0.69478387,0.0,0.0,0.0,-64.00617,0.35059914,0.6318388,0.01020003,0.022864701,0.12869857,0.26023343,0.31909904,0.37602577,0.4467336,0.5383507,0.69821256,0.7461526,0.67336196,0.7060744,0.71928006,0.69505006,0.69431335,0.70829487,0.84847045,0.95397955,1.0435628,0.8735835,0.81891847,0.7863266,0.8348505,0.7366832,0.646898,0.4580567,0.38325348,0.33334538,0.0060430267,0.00063447724,172.26562,172.26562,258.39844,488.08594,0.07349881,259.90015,2.6080065,94089.71,13.926093,394.60034,-0.0054008462,0.26828775,0.011298768,32.172344,8.917339,7.3323236,-1.0001472,11.833602,-1.4146357,8.178764,-6.765217,-4.928276,-0.83614874,-18.613644,-2.749491,-6.8035645,-8.62264,0 days 00:02:41.874828161,0 days 00:02:41.914828161
0 days 00:00:00.390000,0 days 00:00:00.430000,answer10 ,0.0,0.67272824,0.0,0.0,0.0,-100.0,0.33853593,0.6185317,0.009579668,0.024187453,0.12318476,0.23284662,0.28414723,0.35238537,0.40669814,0.603425,0.5903507,0.6095716,0.66403395,0.70366025,0.7022717,0.71690565,0.71956307,0.75538373,0.83836716,0.9262975,0.9257448,0.83307606,0.81187874,0.840028,0.8471289,0.71856374,0.6508742,0.48057076,0.39511517,0.34975168,0.0051549827,0.00056980224,172.26562,229.6875,430.66406,559.8633,0.110649265,342.22656,3.002704,189746.08,13.061802,359.9425,-0.0043728803,0.34131145,0.009102344,29.867197,8.68037,2.8634548,-1.592782,14.10585,-4.5488315,9.513706,-4.3633785,-8.972867,-5.8951592,-10.867074,-0.7059892,-4.955845,-7.021961,0 days 00:02:41.884828161,0 days 00:02:41.924828161
0 days 00:00:00.400000,0 days 00:00:00.440000,answer10 ,0.0,0.6666133,0.0,0.0,0.0,-100.0,0.32923537,0.622606,0.008528454,0.022864701,0.12202374,0.21829103,0.27008018,0.33830443,0.3828591,0.60140735,0.48844847,0.5291606,0.71735936,0.70212364,0.70456237,0.76428336,0.76829785,0.83119804,0.8643654,0.91659373,0.8314795,0.7923859,0.8131116,0.90132594,0.8602984,0.7284445,0.6911719,0.547571,0.4256383,0.37697077,0.0038264103,0.00055680395,172.26562,229.6875,430.66406,502.4414,0.12203687,340.83313,2.9932194,216529.0,12.439777,310.10196,-0.0039027662,0.33653152,0.007353764,27.594553,8.755988,2.8406708,5.3659134,15.6074095,-3.1491938,12.587365,-8.7722845,-11.091614,-9.146038,-8.813705,1.9823023,1.2381927,-5.5192313,0 days 00:02:41.894828161,0 days 00:02:41.934828161
0 days 00:00:00.410000,0 days 00:00:00.450000,answer10 ,0.0,0.6572296,0.0,0.0,0.0,-100.0,0.3306525,0.641561,0.007367132,0.02362056,0.115374945,0.20111741,0.25590572,0.329828,0.37132847,0.55169815,0.42657757,0.505893,0.8009047,0.7121613,0.714164,0.81141394,0.8164527,0.91955525,0.92281556,0.9531229,0.76852006,0.760768,0.80703145,0.9647153,0.89273787,0.7758312,0.77258724,0.6417623,0.4751664,0.41315305,0.0030684406,0.0006290889,172.26562,244.04297,445.01953,703.41797,0.10830542,390.72025,3.3161552,297527.2,8.8912325,137.80853,-0.0021394,0.37916493,0.0041527054,25.7968,7.3185563,-1.507217,3.0829456,14.152181,-8.299452,16.924286,-9.562827,-16.913752,-9.664378,-8.03217,-1.2410935,0.32505068,-3.1969948,0 days 00:02:41.904828161,0 days 00:02:41.944828161
0 days 00:00:00.420000,0 days 00:00:00.460000,answer10 ,0.0,0.6522651,0.0,0.0,0.0,-100.0,0.30948794,0.6601338,0.0063680657,0.026832959,0.1055513,0.185704,0.24369562,0.32206473,0.35629097,0.479324,0.4080211,0.5132302,0.80196947,0.7093198,0.7319801,0.8317835,0.84771436,1.0101198,1.0001341,1.0492507,0.7291856,0.7361893,0.78685874,0.9986276,0.93458414,0.8182791,0.86362,0.7378296,0.5185278,0.44362223,0.002369892,0.0006112265,172.26562,186.6211,258.39844,660.35156,0.06848585,345.19516,3.1091347,353003.84,8.960351,135.19432,-0.0019732362,0.32975328,0.003544649,24.695177,7.090489,0.8655489,9.963304,15.089129,-10.948837,17.30845,-9.469676,-15.291473,-7.489509,-11.982055,-9.656224,-1.4996535,-1.212471,0 days 00:02:41.914828161,0 days 00:02:41.954828161
0 days 00:00:00.430000,0 days 00:00:00.470000,answer10 ,0.0,0.6545189,0.0,0.0,0.0,-100.0,0.32453158,0.68282145,0.005293906,0.03287982,0.09389258,0.17018317,0.23551755,0.31344268,0.35534683,0.4481686,0.44033957,0.5364973,0.7389032,0.70605016,0.76746446,0.8638956,0.85694665,1.065348,1.0760074,1.1644459,0.73115057,0.780231,0.782381,1.0007509,0.98266286,0.8601598,0.93719524,0.8113472,0.55504745,0.47998273,0.0025428538,0.0006454983,200.97656,287.10938,430.66406,861.3281,0.058807015,482.6692,3.7848976,584704.56,7.2191696,81.753174,-0.0013309863,0.44913915,0.002540375,22.831398,5.637465,-3.1719878,0.8619502,6.1429114,-10.536395,14.79739,-8.109582,-7.4001555,-5.2529483,-14.318156,-8.358056,-7.045496,0.47566387,0 days 00:02:41.924828161,0 days 00:02:41.964828161
0 days 00:00:00.440000,0 days 00:00:00.480000,answer10 ,0.0,0.6548584,0.0,0.0,0.0,-100.0,0.34767166,0.71718603,0.0047039813,0.039304614,0.0822872,0.14721164,0.21993963,0.31198552,0.36851835,0.4782785,0.539957,0.5950921,0.67135334,0.70623785,0.8119009,0.88057035,0.8570642,1.0662137,1.1409109,1.2683605,0.78014165,0.95512635,0.8743024,0.9841035,0.9937916,0.89805335,1.0147082,0.8884327,0.5858398,0.5264558,0.0024876127,0.0006698544,315.8203,459.375,617.28516,904.39453,0.05949973,635.2815,4.238698,702562.3,6.5550714,64.872444,-0.0011530509,0.5847183,0.0022967523,20.950462,3.6562824,-4.7565436,-5.570801,-3.443247,-3.5157063,14.868008,-10.644341,5.4503403,-10.730957,-11.332661,-2.9881737,-8.574549,7.927625,0 days 00:02:41.934828161,0 days 00:02:41.974828161
0 days 00:00:00.450000,0 days 00:00:00.490000,answer10 ,0.0,0.6514416,0.0,0.0,0.0,-100.0,0.37003168,0.76637834,0.0048833042,0.041005287,0.075219266,0.12464907,0.20428021,0.32042587,0.41135314,0.55608267,0.66278416,0.6854565,0.6874954,0.71423453,0.8356418,0.87676746,0.8626911,1.0348803,1.1856453,1.3320233,0.90990144,1.3148836,1.0862147,0.94631606,0.9503498,0.9194301,1.0800366,0.95723486,0.6167405,0.5750981,0.003166483,0.00069533335,358.88672,574.21875,789.5508,933.10547,0.056659397,719.2133,4.598631,732014.0,6.604315,65.76705,-0.0012106523,0.66570145,0.002505155,21.527018,2.0377986,-5.463921,-13.256969,-11.094846,1.9194012,12.791669,-12.4566765,9.112032,-16.374937,-8.577034,8.111295,-9.552819,8.114989,0 days 00:02:41.944828161,0 days 00:02:41.984828161
0 days 00:00:00.460000,0 days 00:00:00.500000,answer10 ,0.0,0.6392727,0.0,0.0,0.0,-100.0,0.35087696,0.81358767,0.004851591,0.0404384,0.07105463,0.10580754,0.18764645,0.33488345,0.46161124,0.64483505,0.78047204,0.78227663,0.79753923,0.75577897,0.82113415,0.83716625,0.8797612,1.0066576,1.223349,1.3585967,1.048771,1.6879439,1.3190157,0.9257476,0.8696309,0.9069784,1.1163577,0.98720473,0.6415512,0.6015096,0.0024058179,0.00065796793,344.53125,617.28516,832.6172,990.52734,0.050811917,724.1136,4.6399727,710880.2,6.7971764,70.07412,-0.0010545688,0.67073673,0.0021153528,22.356155,0.6864436,-5.661402,-10.948452,-10.796306,4.7475457,15.528091,-10.207036,5.4290276,-18.896929,-3.7621584,6.523152,-8.076196,6.6059165,0 days 00:02:41.954828161,0 days 00:02:41.994828161
0 days 00:00:00.470000,0 days 00:00:00.510000,answer10 ,0.0,0.6414284,0.0,0.0,0.0,-100.0,0.3134683,0.8196223,0.004456755,0.037037037,0.07184542,0.09984156,0.1809933,0.34286556,0.4757165,0.6615893,0.8038905,0.805351,0.88548964,0.790927,0.80069464,0.8131334,0.9207618,1.0041173,1.2403398,1.3162428,1.1165171,1.7880658,1.449645,0.90817195,0.78128815,0.82943505,1.0603362,0.9389663,0.6325776,0.5913797,0.0019388045,0.00061958487,258.39844,602.9297,875.6836,1134.082,0.044886876,714.8237,4.8459835,883059.5,6.835228,68.935776,-0.0007275685,0.6530066,0.0014582084,23.460043,-0.8736178,-5.3961673,-4.3068953,-5.6025944,3.6142466,8.832673,-6.2147126,2.1003525,-16.54751,-3.9052632,4.569125,-6.5361953,6.418148,0 days 00:02:41.964828161,0 days 00:02:42.004828161
0 days 00:00:00.480000,0 days 00:00:00.520000,answer10 ,0.0,0.65087456,0.0,0.0,0.0,-100.0,0.30179802,0.7890932,0.004472763,0.03325775,0.07588856,0.10606408,0.1863432,0.33934155,0.4636551,0.6188542,0.7666243,0.7574518,0.88092965,0.83091706,0.8029837,0.8528385,0.9911577,1.0315441,1.2297887,1.2043366,1.0904738,1.6011878,1.4084009,0.90440863,0.72526926,0.71959144,0.93461937,0.83133537,0.6029757,0.55944324,0.0016485164,0.0007127284,215.33203,488.08594,760.83984,1091.0156,0.05026871,631.14044,4.556749,781202.5,7.357431,86.99909,-0.00081276783,0.5781599,0.0017208355,25.366968,-1.4443201,-5.194596,3.1760013,-0.446983,1.8527861,4.548621,-1.9424828,3.433861,-15.578025,-5.0449605,-0.89290947,-6.2018075,4.604922,0 days 00:02:41.974828161,0 days 00:02:42.014828161
0 days 00:00:00.490000,0 days 00:00:00.530000,answer10 ,0.0,0.6607813,0.0,0.0,0.0,-100.0,0.30484393,0.7511286,0.0049988814,0.030801212,0.088366576,0.122175194,0.19831543,0.34018424,0.4424881,0.55005574,0.6961558,0.6603392,0.787369,0.87469673,0.87246007,0.9655445,1.0596157,1.0551935,1.2007589,1.0882899,1.0098429,1.284926,1.3162048,0.92534685,0.707248,0.6316374,0.8091151,0.7385312,0.5687208,0.53576237,0.0021131788,0.00087439764,186.6211,344.53125,602.9297,1019.2383,0.054222196,518.9825,4.2228794,659382.25,8.212865,107.78027,-0.0011490125,0.4783206,0.0022420085,26.638342,0.7768316,-2.4025974,7.3015866,6.9213805,1.6106739,-2.1982896,-1.5474116,4.5535355,-6.381079,0.24217987,-1.891147,-5.935198,7.5219007,0 days 00:02:41.984828161,0 days 00:02:42.024828161
0 days 00:00:00.500000,0 days 00:00:00.540000,answer10 ,0.0,0.7019437,0.0,0.0,0.0,-100.0,0.32679927,0.74760514,0.006755404,0.028911563,0.10464182,0.14695995,0.22733511,0.35868242,0.4682115,0.5317319,0.64626247,0.5827341,0.69668037,0.93503857,0.9687929,1.0899638,1.1088232,1.076042,1.1775526,1.0159792,0.9733363,1.1312538,1.2704927,1.0119187,0.7521143,0.6185257,0.73707074,0.6994242,0.5694309,0.5387357,0.003427304,0.0009108516,172.26562,200.97656,430.66406,875.6836,0.06754211,428.77774,3.8114607,550460.94,8.625658,113.92429,-0.0014576064,0.40533248,0.0030132849,26.415762,3.612627,-0.03596179,4.9900985,5.692898,0.03775112,-4.9930263,-3.158784,0.293835,-4.9669967,0.82555646,-3.1897762,-6.498626,-0.40981293,0 days 00:02:41.994828161,0 days 00:02:42.034828161
0 days 00:00:00.510000,0 days 00:00:00.550000,answer10 ,251.12363,0.7577098,0.0,0.0,0.0,0.0,0.5086643,0.81439465,0.019931993,0.027966743,0.12078932,0.18692827,0.30167243,0.42606267,0.6019801,0.6552267,0.68058807,0.59354407,0.73712254,1.0754356,1.0843642,1.1782594,1.1309962,1.1075321,1.2120553,1.0549469,1.0375142,1.1625203,1.3735613,1.1920476,0.87996006,0.69360477,0.7446139,0.73437124,0.62857014,0.57999355,0.11144746,0.0033484518,200.97656,287.10938,445.01953,861.3281,0.24555326,431.8918,3.642089,452885.1,11.007052,281.71866,-0.021310644,0.42204872,0.05024157,29.434053,6.1181035,-2.3913,-5.566679,-1.0520382,0.06377826,-9.276936,-8.144797,-5.712378,-4.5737123,2.2286584,-2.9402297,-8.7233305,-4.055974,0 days 00:02:42.004828161,0 days 00:02:42.044828161
0 days 00:00:00.520000,0 days 00:00:00.560000,answer10 ,250.77368,0.81514984,0.22140579,0.0,0.5481013,2.8847036,0.93523484,1.0115744,0.047454357,0.02702192,0.13026325,0.24694835,0.47612977,0.5823993,0.95798016,1.0967364,0.9165051,0.84228104,1.0297868,1.3688363,1.2974039,1.2471521,1.1910611,1.212913,1.330916,1.2076491,1.3342047,1.4207588,1.785751,1.5353066,1.1869725,0.8765914,0.80791664,0.81571466,0.74308676,0.6596703,0.74001384,0.025000455,258.39844,401.95312,502.4414,818.2617,0.5808442,482.7952,3.4323575,327231.16,10.119401,302.11035,-0.14289407,0.48613623,0.471002,33.81999,4.836215,-4.5405555,-24.357702,-9.209343,0.99257016,-12.494975,-7.035687,-11.236496,-10.5582695,-7.152765,-4.556272,-11.730449,-12.203438,0 days 00:02:42.014828161,0 days 00:02:42.054828161
0 days 00:00:00.530000,0 days 00:00:00.570000,answer10 ,250.71245,0.83691716,0.15465488,0.087047026,0.45627466,4.987249,1.4607162,1.4284645,0.08098631,0.025888136,0.13402404,0.34387442,0.826206,0.8822859,1.7064186,2.1559212,1.634108,1.6466227,1.6919527,1.9356998,1.7151136,1.3646568,1.3529633,1.4213916,1.5423073,1.4856437,2.02928,1.9472972,2.7582254,2.1313884,1.7565037,1.1762396,0.9247179,0.9197728,0.89422894,0.7632375,1.6527191,0.059205215,344.53125,488.08594,602.9297,760.83984,0.73929673,491.60342,3.1871831,69364.09,10.116008,347.3981,-0.34247234,0.51377195,1.1825825,38.960083,4.2479744,-6.006567,-43.26732,-14.119644,3.5767844,-16.712841,-7.2515163,-13.028098,-10.349897,-11.1061125,-8.255554,-15.839223,-13.881673,0 days 00:02:42.024828161,0 days 00:02:42.064828161
0 days 00:00:00.540000,0 days 00:00:00.580000,answer10 ,252.25795,0.84494144,0.04771098,0.060629513,0.41801223,10.968026,1.8232774,2.0618014,0.10521344,0.025132274,0.13362837,0.46962842,1.2970856,1.3077308,2.8263705,3.898743,2.978985,3.1260264,2.68212,2.7943068,2.4162138,1.5837666,1.5895945,1.6525527,1.7381023,1.8502455,3.1936877,2.6770658,4.2808414,3.0059636,2.5667129,1.5542847,1.0634263,1.0291348,1.0200692,0.8705494,2.4002752,0.09801563,416.3086,516.7969,674.70703,775.1953,0.6194549,540.1182,3.0949128,64899.61,6.7829785,192.63385,-0.534251,0.5603108,1.9139004,38.966743,1.4525636,-7.5588417,-55.17748,-14.783071,6.437986,-21.973883,-9.118409,-12.927341,-10.37073,-19.983328,-13.188385,-14.887029,-19.155012,0 days 00:02:42.034828161,0 days 00:02:42.074828161
0 days 00:00:00.550000,0 days 00:00:00.590000,answer10 ,256.01126,0.8479097,0.010602822,0.020598458,0.122427136,18.565165,1.9849335,2.6993885,0.116880454,0.024943313,0.124078095,0.5611976,1.6635009,1.6545013,3.758145,5.446476,4.468942,4.7745366,3.5622013,3.6365566,3.1667235,1.8487152,1.8301538,1.8704897,1.9155039,2.2007844,4.648169,3.4898117,5.7168355,4.0291424,3.4507377,1.9310741,1.2083429,1.1428456,1.1134465,0.9711922,2.6376352,0.12594213,488.08594,531.15234,746.4844,775.1953,0.440003,574.78265,3.062746,68146.38,7.7858014,253.28593,-0.6362031,0.5921793,2.4333773,36.875576,-1.0730182,-10.130966,-57.52325,-18.540697,5.2358365,-22.729538,-11.8235235,-13.801272,-11.383086,-24.236794,-15.525533,-16.273674,-19.25405,0 days 00:02:42.044828161,0 days 00:02:42.084828161
0 days 00:00:00.560000,0 days 00:00:00.600000,answer10 ,261.5811,0.84366506,0.0070497966,0.0054661552,0.043814044,22.26645,2.0380604,3.088581,0.12003624,0.026455028,0.11041566,0.57879657,1.7670928,1.8038616,4.129394,6.206135,5.3366375,5.8477254,4.060491,4.2735887,3.6155665,2.0913413,1.974595,2.0518007,2.1144893,2.422804,5.5639687,4.087303,6.4075465,4.7999153,4.029865,2.180685,1.3718563,1.2707886,1.156891,1.0495561,2.724886,0.19146182,502.4414,545.5078,760.83984,789.5508,0.48860443,599.4971,3.040356,66434.586,7.730228,248.4674,-0.65878195,0.6152003,2.690174,35.8094,-3.1963456,-12.634477,-57.124317,-17.910929,1.9686598,-19.501244,-12.006955,-16.165817,-14.094195,-17.854239,-13.007136,-18.331018,-18.994247,0 days 00:02:42.054828161,0 days 00:02:42.094828161
0 days 00:00:00.570000,0 days 00:00:00.610000,answer10 ,270.45352,0.8303334,0.0072981813,0.0037196893,0.0371526,22.592974,2.151559,3.186184,0.11965036,0.0287226,0.09463637,0.5215172,1.6356378,1.7485188,3.8434353,6.0225234,5.201655,6.0527987,4.1729665,4.6897655,3.6482248,2.2365236,2.0281131,2.3027048,2.4385319,2.4581478,5.672075,4.4761257,6.48821,5.2193475,4.2796016,2.3464181,1.6057898,1.3932694,1.1815718,1.0826741,2.9229867,0.2988895,516.7969,559.8633,789.5508,818.2617,0.6700848,626.0229,3.1195686,82266.305,7.9949875,239.15074,-0.69104624,0.6364607,2.803152,33.361935,-5.2387466,-12.818929,-59.636658,-15.186454,-1.7311686,-17.374678,-13.679669,-21.250536,-20.272,-8.011209,-9.211985,-26.03031,-15.506824,0 days 00:02:42.064828161,0 days 00:02:42.104828161
0 days 00:00:00.580000,0 days 00:00:00.620000,answer10 ,283.0731,0.789167,0.010244794,0.0044894484,0.057549793,20.127285,2.1593754,3.1211865,0.11792491,0.03117914,0.086220406,0.44981828,1.4443531,1.6467863,3.2089298,5.5076447,4.459915,5.7171693,4.319881,5.106893,3.4978874,2.2177658,1.9772177,2.4933376,2.7870083,2.3615654,4.958474,4.6008835,6.5128427,5.326986,4.2326603,2.5140886,1.9751749,1.4803196,1.1985193,1.0685147,2.5392656,0.40497646,531.15234,645.9961,818.2617,918.75,0.97755,673.99506,3.24813,90498.586,6.75091,163.84859,-0.6515028,0.67487854,2.5962305,31.850182,-4.6650224,-16.235298,-62.617535,-6.3848796,2.6891022,-14.220029,-19.528473,-24.938776,-24.41542,-3.5685167,-8.435552,-31.512838,-12.33163,0 days 00:02:42.074828161,0 days 00:02:42.114828161
0 days 00:00:00.590000,0 days 00:00:00.630000,answer10 ,299.47244,0.75881404,0.014831913,0.006859626,0.12035368,16.075392,2.1574883,3.0146072,0.116447024,0.033446714,0.08433509,0.398064,1.2738577,1.5581914,2.441063,4.8339663,3.740181,5.2095065,4.6931653,5.4060655,3.4481332,2.087126,1.8584653,2.5013666,2.8944862,2.192224,4.1812873,4.5997066,6.7842064,5.206515,4.132695,2.722934,2.3864827,1.4934391,1.2268214,1.0254971,1.8554102,0.37947258,559.8633,746.4844,861.3281,961.8164,1.1198796,726.8105,3.4194314,102508.6,6.422163,137.91243,-0.5995524,0.7168866,2.1542702,30.305185,-4.406172,-17.504877,-63.534794,-0.36403546,10.912814,-12.136112,-21.940231,-24.481565,-26.86881,-10.242629,-7.638138,-34.621784,-10.480034,0 days 00:02:42.084828161,0 days 00:02:42.124828161
0 days 00:00:00.600000,0 days 00:00:00.640000,answer10 ,308.13016,0.71855575,0.018202627,0.009011896,0.15729256,-24.877321,2.099755,2.8705597,0.11432166,0.034769464,0.08857747,0.36298022,1.1447634,1.5265173,1.6941894,3.9999,3.3250494,4.6461635,5.126745,5.2978196,3.5234585,1.9100138,1.738894,2.3027813,2.738498,2.0505304,3.619321,4.454586,6.9178443,4.7927337,3.9987202,2.9226215,2.7105796,1.4567999,1.2733593,1.0111008,1.399579,0.34083393,488.08594,775.1953,861.3281,990.52734,1.3021265,726.8047,3.5768042,104740.25,5.7325444,117.46435,-0.5482199,0.7152255,1.8262407,30.160913,-2.9844134,-18.818193,-60.052616,2.374883,14.626202,-8.657222,-22.280294,-25.40925,-27.883179,-16.225012,-7.005447,-32.621357,-6.098724,0 days 00:02:42.094828161,0 days 00:02:42.134828161
0 days 00:00:00.610000,0 days 00:00:00.650000,answer10 ,0.0,0.72106,0.0,0.0,0.0,-63.95316,2.0716026,2.6859658,0.11255261,0.035336357,0.10544169,0.32981673,1.005828,1.5489994,1.2027628,3.1443627,3.2266357,4.025726,5.377335,4.7400303,3.4407198,1.8429037,1.7162137,2.0382445,2.4129465,1.9462606,3.3676484,4.2759547,6.4857254,4.0923514,3.939256,3.0474002,2.809481,1.4179338,1.2638162,1.0313216,1.1657203,0.2763167,516.7969,732.1289,875.6836,947.46094,1.2590773,724.82306,3.6808586,112966.54,6.067282,107.29868,-0.50839764,0.71354014,1.6111337,29.824638,-3.1342046,-16.883795,-58.275097,3.035527,12.233312,-6.0410104,-17.973677,-17.439438,-23.197683,-20.963074,6.0870724,-22.169,-1.6125387,0 days 00:02:42.104828161,0 days 00:02:42.144828161
0 days 00:00:00.620000,0 days 00:00:00.660000,answer10 ,0.0,0.716743,0.0,0.0,0.0,-100.0,1.9967874,2.4715855,0.10904545,0.03382464,0.12781645,0.28471565,0.8672344,1.6230923,1.0248084,2.4921453,3.3283908,3.5028467,5.0503745,3.984069,3.0784814,1.8348035,1.7611414,1.8865113,2.1821868,1.8723999,3.2317505,3.9810371,5.5269,3.3316011,3.8554146,3.0698497,2.7230759,1.417231,1.1630118,1.0603372,1.1619357,0.25092587,545.5078,689.0625,832.6172,890.03906,1.3816866,697.876,3.4725685,90173.03,7.221798,187.19301,-0.5551276,0.69620705,1.7937206,30.90306,-2.0266669,-19.686272,-58.733246,-3.134403,2.874854,-1.1657187,-18.22571,-16.031717,-20.065878,-20.449076,10.35772,-18.713408,3.5941525,0 days 00:02:42.114828161,0 days 00:02:42.154828161
0 days 00:00:00.630000,0 days 00:00:00.670000,answer10 ,0.0,0.72555643,0.0,0.0,0.0,-100.0,1.7771006,2.1999142,0.09737816,0.03212396,0.14226024,0.23194928,0.69699997,1.6681051,1.0895926,2.0363448,3.3310394,3.0963943,4.228468,3.278176,2.5458918,1.7597433,1.7437688,1.7506496,1.9447705,1.7606888,2.9664319,3.4939253,4.180785,2.67751,3.6538954,2.966129,2.5218234,1.4254684,0.9716112,1.0353507,0.8611555,0.15429401,574.21875,717.77344,818.2617,846.97266,1.3856019,691.70306,3.2984,72385.79,7.812328,215.05872,-0.4551153,0.6952421,1.5155889,31.6589,-0.38441554,-22.071642,-61.79782,-5.011517,-3.7546074,0.8880337,-20.57963,-12.562724,-11.782327,-20.11905,16.062742,-11.468312,5.7724442,0 days 00:02:42.124828161,0 days 00:02:42.164828161
0 days 00:00:00.640000,0 days 00:00:00.680000,answer10 ,0.0,0.7036373,0.0,0.0,0.0,-100.0,1.4475603,1.8669515,0.076076694,0.030612245,0.13899824,0.19082844,0.5540783,1.5951791,1.2743483,1.6849647,2.9465907,2.7347145,3.1741655,2.6400485,2.0551608,1.5424972,1.5848004,1.597149,1.696508,1.5886103,2.532837,2.8264236,2.9152763,2.1568735,3.1539574,2.6610067,2.197361,1.3665296,0.78662163,0.9452107,0.7537034,0.07066218,488.08594,631.6406,789.5508,832.6172,1.2853383,627.2615,3.1160314,61033.02,7.7617497,228.35896,-0.337806,0.64048976,1.0843434,32.83894,1.7707838,-22.244987,-55.80951,-9.350587,-7.200584,-2.6734574,-25.258406,-20.187775,-11.558122,-13.551227,14.681342,-9.078246,5.5262427,0 days 00:02:42.134828161,0 days 00:02:42.174828161
0 days 00:00:00.650000,0 days 00:00:00.690000,answer10 ,0.0,0.6839649,0.0,0.0,0.0,-100.0,1.1667199,1.5192947,0.05406631,0.030801209,0.11900413,0.17135274,0.4639411,1.4200488,1.396391,1.3412918,2.2400646,2.3098743,2.3287137,2.081064,1.7152249,1.2426926,1.3331306,1.3928055,1.4213217,1.3890247,2.0222862,2.1612496,1.9466473,1.7441887,2.5005987,2.1962597,1.8073736,1.2489214,0.6753354,0.8328573,0.5306398,0.028853267,358.88672,574.21875,803.90625,875.6836,0.97247654,592.63434,3.4483216,85611.34,6.708097,163.72414,-0.14438987,0.6044701,0.43723682,32.529644,3.57038,-21.27222,-49.620594,-9.4294615,-4.41126,-8.500594,-30.069427,-24.159966,-15.990983,-13.863582,14.906062,-6.399128,1.5632248,0 days 00:02:42.144828161,0 days 00:02:42.184828161
0 days 00:00:00.660000,0 days 00:00:00.700000,answer10 ,0.0,0.674881,0.0,0.0,0.0,-100.0,0.99081755,1.2261996,0.04074387,0.03212396,0.104568325,0.1712354,0.42281,1.1790903,1.3383487,1.0309428,1.5287937,1.8354925,1.8318291,1.6054136,1.4202646,1.0148573,1.130435,1.2186852,1.2029098,1.2058889,1.638174,1.6985234,1.3951792,1.4275719,1.8754531,1.6977892,1.4049082,1.1023959,0.6501247,0.7495065,0.27760264,0.018314755,416.3086,588.5742,803.90625,875.6836,0.651715,607.1896,3.5234604,84667.414,7.139706,201.51445,-0.07453532,0.61705965,0.20545433,33.156815,5.126741,-20.040653,-41.28187,-11.812592,2.615019,-5.368201,-23.538649,-22.83667,-21.202183,-15.627843,14.105933,-4.542866,-1.1185398,0 days 00:02:42.154828161,0 days 00:02:42.194828161
0 days 00:00:00.670000,0 days 00:00:00.710000,answer10 ,0.0,0.67419386,0.0,0.0,0.0,-100.0,0.8933608,1.022864,0.033857927,0.0345805,0.09962515,0.17475295,0.4232682,0.963684,1.0994543,0.8255787,1.1346147,1.4670709,1.5494229,1.262184,1.1532313,0.8684005,0.9972852,1.1162602,1.0639898,1.0702991,1.3951391,1.4217423,1.1459016,1.187833,1.4114451,1.292985,1.1113272,0.9923413,0.67427444,0.6923557,0.16060413,0.012100884,401.95312,660.35156,803.90625,875.6836,0.44835567,633.3366,3.7755368,91095.71,7.6816063,232.21904,-0.05534589,0.63942474,0.13547927,33.10262,6.072165,-19.508772,-41.235546,-13.447959,6.244147,0.2521173,-18.789362,-19.060581,-26.72727,-17.3182,8.288732,-7.363729,-3.0171022,0 days 00:02:42.164828161,0 days 00:02:42.204828161
0 days 00:00:00.680000,0 days 00:00:00.720000,answer10 ,0.0,0.68099433,0.0,0.0,0.0,-100.0,0.76875925,0.8899371,0.026773194,0.03552532,0.10867536,0.16752581,0.38967064,0.7695239,0.8223565,0.7060028,1.0042635,1.237935,1.3436441,1.0239623,0.91443586,0.78835565,0.928251,1.0329518,0.9510529,0.9890463,1.2486547,1.2691647,1.0349562,1.0416497,1.1468025,1.0439075,0.9255101,0.91753435,0.7020295,0.63050056,0.07815776,0.0068155653,531.15234,732.1289,789.5508,846.97266,0.3554196,676.84705,3.6164255,84207.09,9.827346,301.62268,-0.036989003,0.6808171,0.08685643,31.956259,5.5740643,-18.683462,-40.506687,-11.855362,8.983961,6.6506257,-7.745611,-10.343982,-21.544516,-10.567824,9.017972,1.7352042,0.20078485,0 days 00:02:42.174828161,0 days 00:02:42.214828161
0 days 00:00:00.690000,0 days 00:00:00.730000,answer10 ,0.0,0.66664463,0.0,0.0,0.0,-100.0,0.6359771,0.79151136,0.019458583,0.03628118,0.11903614,0.14652108,0.32254943,0.5708154,0.59205157,0.63727576,0.95529413,1.0701061,1.1420175,0.8640774,0.7485223,0.73305804,0.87540466,0.96456766,0.87264556,0.9548499,1.1083122,1.1401826,0.9887417,0.9582381,0.98512936,0.8926135,0.8126869,0.8568578,0.7108403,0.5569008,0.036217727,0.0049688,559.8633,717.77344,803.90625,890.03906,0.29975405,706.4117,3.6576588,108059.69,12.237656,325.91428,-0.016390594,0.70569354,0.039149012,28.424639,1.970096,-20.147348,-38.619274,-8.163265,12.191162,10.348199,-2.5003288,-3.5716484,-16.81309,-6.3784866,5.7788773,-1.532105,-1.6359631,0 days 00:02:42.184828161,0 days 00:02:42.224828161
0 days 00:00:00.700000,0 days 00:00:00.740000,answer10 ,0.0,0.66674924,0.0,0.0,0.0,-100.0,0.5479476,0.7148223,0.013825669,0.03514739,0.12139249,0.12022268,0.24225779,0.41077945,0.45093703,0.5829306,0.8775697,0.8869807,0.94243425,0.75874424,0.65424246,0.7140202,0.81976825,0.884041,0.81363964,0.9441643,0.9581006,1.0295619,0.98349315,0.9195359,0.9176848,0.8024443,0.7486575,0.8025102,0.69837993,0.50088745,0.019874863,0.003776069,545.5078,674.70703,746.4844,890.03906,0.22826737,679.0721,3.68056,153285.02,12.928955,302.528,-0.009773305,0.6788499,0.025016954,26.443138,2.3632028,-19.442915,-35.915318,-7.897943,10.109205,4.446656,0.28616175,-3.0769875,-10.072228,-2.3106124,4.2545505,-2.771837,1.1878734,0 days 00:02:42.194828161,0 days 00:02:42.234828161
0 days 00:00:00.710000,0 days 00:00:00.750000,answer10 ,0.0,0.65410995,0.0,0.0,0.0,-100.0,0.51092553,0.6591616,0.012365162,0.03306878,0.11757136,0.10373039,0.19615209,0.30815658,0.36520743,0.54956156,0.7609311,0.68377686,0.7836477,0.68959737,0.6261123,0.7260775,0.7778359,0.8229232,0.7883989,0.954107,0.8465027,0.94315463,0.97279257,0.889529,0.8711781,0.745162,0.7094063,0.7452114,0.67648774,0.48499283,0.024951942,0.0028471563,416.3086,602.9297,703.41797,890.03906,0.17503357,617.5739,3.7991993,175498.67,12.56704,267.2164,-0.0069172434,0.6217533,0.019529624,27.28521,3.3362846,-17.365326,-31.083021,-9.043981,8.117566,0.13331454,-5.403177,-4.6605897,-8.018426,-6.194439,-0.78775007,-10.664234,-1.655224,0 days 00:02:42.204828161,0 days 00:02:42.244828161
0 days 00:00:00.720000,0 days 00:00:00.760000,answer10 ,0.0,0.666194,0.0,0.0,0.0,-100.0,0.49960366,0.6347813,0.011868127,0.029289493,0.1119819,0.103251226,0.19953819,0.299936,0.33687744,0.5364041,0.6396238,0.51532274,0.6591341,0.64416,0.6598008,0.7565129,0.75568205,0.8012406,0.8269353,0.98006505,0.81055784,0.9092199,0.97199273,0.8762283,0.8484997,0.7143181,0.68445724,0.70830065,0.65640235,0.49787045,0.028350884,0.00246933,315.8203,488.08594,660.35156,904.39453,0.16262873,553.4597,3.9536278,236469.17,10.540593,199.39607,-0.0056530847,0.5567177,0.017093949,27.992096,4.384848,-10.787658,-25.498474,-10.413877,2.905487,-9.307724,-11.3307905,-7.951599,-4.9697266,-2.323186,-0.1311961,-6.08843,2.0793421,0 days 00:02:42.214828161,0 days 00:02:42.254828161
0 days 00:00:00.730000,0 days 00:00:00.770000,answer10 ,0.0,0.6673482,0.0,0.0,0.0,-100.0,0.57480764,0.65622085,0.016756454,0.025699168,0.116389655,0.12713432,0.2399149,0.36602664,0.36511382,0.54013056,0.5606983,0.43664488,0.5688013,0.6260542,0.7651455,0.84543467,0.81769925,0.8216436,0.9263727,1.0738184,0.8896795,0.93884104,0.98036283,0.91926765,0.8866263,0.74154943,0.6711853,0.6883273,0.6427684,0.50611156,0.049399495,0.004356611,301.46484,416.3086,602.9297,861.3281,0.1800924,513.2131,3.8324392,218539.05,9.502912,179.63306,-0.009593922,0.515422,0.022701109,29.445297,2.2473106,-5.090632,-22.141287,-4.5290895,-0.8615656,-11.061462,-14.4737425,-5.8211555,-0.5715702,-12.751973,-4.98452,-4.0556884,-0.88618994,0 days 00:02:42.224828161,0 days 00:02:42.264828161
0 days 00:00:00.740000,0 days 00:00:00.780000,answer10 ,0.0,0.6763466,0.0,0.0,0.0,-100.0,0.7324858,0.74041206,0.030018268,0.02248677,0.13140395,0.18307848,0.3186923,0.47486925,0.4522775,0.56381273,0.50820816,0.42043185,0.50497895,0.6530169,1.0000237,1.0870595,0.9803675,0.90814257,1.094452,1.2815456,1.1285126,1.1124521,1.0412871,1.0423117,1.0383824,0.8549413,0.6616537,0.6839636,0.634925,0.48992506,0.25872862,0.013441856,287.10938,330.17578,502.4414,746.4844,0.3349223,455.17307,3.4979382,195822.81,7.995794,130.21432,-0.04042276,0.45854595,0.07816855,30.936037,-0.44257867,4.438022,-19.974709,-0.009169023,-6.2101536,-23.216309,-20.867178,-3.1146762,7.502781,-18.135237,-7.436667,-3.2336662,-2.829951,0 days 00:02:42.234828161,0 days 00:02:42.274828161
0 days 00:00:00.750000,0 days 00:00:00.790000,answer10 ,0.0,0.68677884,0.0,0.0,0.0,-64.55343,0.9984117,0.9136324,0.046163842,0.019274376,0.15502617,0.28820136,0.4655306,0.64087313,0.62222934,0.6188818,0.49913302,0.4412392,0.46766296,0.7592764,1.3989433,1.5792986,1.2283541,1.070083,1.3326744,1.6827888,1.5558809,1.5217234,1.196042,1.2991328,1.3735536,1.0880156,0.674903,0.6912804,0.63651806,0.46719602,0.6404831,0.034691997,244.04297,287.10938,387.59766,545.5078,0.51725924,377.72696,3.1679375,122899.6,7.7626157,132.29245,-0.11466092,0.3884867,0.15080313,33.366383,-1.4832478,13.137614,-19.630068,4.0445786,-10.676987,-32.389206,-31.30752,-5.37139,12.646149,-27.650246,-13.084973,-8.075138,-8.05013,0 days 00:02:42.244828161,0 days 00:02:42.284828161
0 days 00:00:00.760000,0 days 00:00:00.800000,answer10 ,196.60643,0.715296,0.0,0.0,0.0,-28.856033,1.1293465,1.1421711,0.057925265,0.016250944,0.18606393,0.47358826,0.7126284,0.84149694,0.8350683,0.71055454,0.5441044,0.48510766,0.4611626,0.9246457,1.844714,2.220583,1.5016173,1.3129072,1.6018609,2.1683376,2.1017535,2.054403,1.3886935,1.6144156,1.805103,1.3860894,0.7099132,0.71229345,0.64480394,0.45453677,0.83936375,0.037964523,229.6875,258.39844,315.8203,401.95312,0.6055934,320.94797,2.8157492,75754.75,9.7558775,235.32727,-0.18190843,0.336216,0.25441727,35.597206,-0.31897464,17.591995,-16.07473,4.7297072,-11.257545,-31.90922,-30.607704,-6.0019975,10.429839,-29.720446,-14.553849,-9.819687,-11.046024,0 days 00:02:42.254828161,0 days 00:02:42.294828161
0 days 00:00:00.770000,0 days 00:00:00.810000,answer10 ,199.27708,0.73973656,0.0,0.0,0.57990754,5.679102,1.1314851,1.3385032,0.06504357,0.013038549,0.21915716,0.72406673,0.9621646,0.99028033,0.9886425,0.79516727,0.61702865,0.5315183,0.46779326,1.0694451,2.1541302,2.7951496,1.7433796,1.5578365,1.8373619,2.5167098,2.542198,2.4791925,1.5543066,1.8692595,2.1119175,1.6200075,0.7604012,0.7549434,0.66224927,0.47677585,0.705327,0.037274804,200.97656,229.6875,272.7539,330.17578,0.58839566,280.8727,2.5138724,64720.67,12.20374,406.0044,-0.21708935,0.29435122,0.32653645,35.58118,1.2622329,16.795458,-10.833684,7.642737,-8.855946,-27.14959,-23.043554,-2.872257,7.2451844,-36.57319,-19.410074,-14.697492,-12.673408,0 days 00:02:42.264828161,0 days 00:02:42.304828161
0 days 00:00:00.780000,0 days 00:00:00.820000,answer10 ,204.59767,0.76296926,0.10305573,0.11719,0.42324162,8.082234,1.0573593,1.4216286,0.074115954,0.0111489035,0.247226,0.9956234,1.1301545,0.98426074,0.99869394,0.84576505,0.7101736,0.5773385,0.48019877,1.1350824,2.2140853,3.0576303,1.9215876,1.7210771,1.9213825,2.5761292,2.6368291,2.558174,1.6240225,1.9402207,2.190011,1.6886048,0.8158879,0.7937038,0.6811299,0.51735216,0.49054885,0.027135825,186.6211,215.33203,229.6875,287.10938,0.5075087,246.28001,2.066789,43792.89,13.980359,515.24805,-0.25433922,0.26009256,0.4963746,36.717228,3.1184034,15.306294,-7.148104,10.521343,-5.9596996,-23.805986,-14.233418,1.4537662,4.688713,-37.43547,-23.088587,-20.601028,-15.937207,0 days 00:02:42.274828161,0 days 00:02:42.314828161
0 days 00:00:00.790000,0 days 00:00:00.830000,answer10 ,210.26335,0.77362394,0.08048772,0.08874009,0.2939371,10.383584,1.1027778,1.3986706,0.0887777,0.009637188,0.25967845,1.1921645,1.1785558,0.8561198,0.92127466,0.84297115,0.76796675,0.60595846,0.48914298,1.1323087,2.1850474,3.009304,2.010267,1.7580343,1.8414632,2.3943202,2.4098186,2.4145439,1.6392264,1.8400501,2.0724158,1.599356,0.85770565,0.8218405,0.69749755,0.568403,0.66749305,0.042370576,186.6211,215.33203,215.33203,258.39844,0.528223,239.64769,1.832688,39520.996,14.461024,602.32495,-0.36535826,0.25308132,0.80748767,36.521824,3.4601479,14.140084,-5.8752236,12.843556,-3.3862362,-30.789118,-19.689363,0.91018486,4.194815,-36.924427,-23.648817,-25.256966,-15.8708105,0 days 00:02:42.284828161,0 days 00:02:42.324828161
0 days 00:00:00.800000,0 days 00:00:00.840000,answer10 ,215.01219,0.78486186,0.034324367,0.02537436,0.14329933,13.946509,1.2064424,1.3605016,0.105787285,0.009826153,0.24861182,1.2955691,1.2102612,0.74001235,0.897878,0.8163937,0.77911884,0.6200144,0.52730507,1.1318527,2.2889836,2.841879,2.0024416,1.7181026,1.6821262,2.19085,2.0804706,2.2835162,1.689751,1.7299919,1.9995648,1.5261711,0.9073065,0.832356,0.7220335,0.61047864,1.1622919,0.061460305,200.97656,215.33203,215.33203,258.39844,0.48573622,240.6283,1.8014215,32702.463,14.367326,609.7204,-0.54342216,0.25550985,1.2749785,36.957172,4.6227493,13.193715,-9.36049,15.781249,-6.045601,-35.68005,-25.78221,-6.2186627,1.6755499,-35.09529,-21.41729,-25.454435,-15.687717,0 days 00:02:42.294828161,0 days 00:02:42.334828161
0 days 00:00:00.810000,0 days 00:00:00.850000,answer10 ,217.97197,0.7879384,0.019670624,0.017715635,0.124627106,17.492956,1.2820951,1.3545746,0.12376243,0.009826153,0.22358836,1.3186547,1.2873338,0.7373411,0.9801056,0.77931386,0.751471,0.64269376,0.62318623,1.1151587,2.5284934,2.7028854,1.9451704,1.6539594,1.5551566,2.0349154,1.8465284,2.2348483,1.7696894,1.6578792,2.0424395,1.5537454,0.9737751,0.86756516,0.7564299,0.63660556,1.8398775,0.07594801,215.33203,215.33203,229.6875,258.39844,0.5069658,242.42384,1.7509698,29127.37,15.657661,747.97,-0.75079805,0.2583923,1.7689928,36.724136,6.4873657,10.855517,-9.649785,17.446115,-10.018128,-37.22111,-31.99322,-9.589552,-3.986763,-41.061474,-21.426575,-21.275322,-12.00188,0 days 00:02:42.304828161,0 days 00:02:42.344828161
0 days 00:00:00.820000,0 days 00:00:00.860000,answer10 ,219.66292,0.78729105,0.011346011,0.010948627,0.078015804,20.609087,1.30066,1.374272,0.13999863,0.010015116,0.19460356,1.309456,1.3835329,0.8122813,1.0866014,0.7498353,0.70602673,0.66853493,0.7633764,1.028598,2.7457097,2.6804094,1.8676014,1.5926518,1.4986467,1.9475094,1.7618918,2.1995637,1.8478314,1.6501966,2.1184351,1.6560875,1.0556682,0.93248636,0.811173,0.662366,2.4717493,0.07263035,215.33203,215.33203,229.6875,258.39844,0.43219885,238.5349,1.6503477,23653.053,20.897333,1414.9323,-0.96218556,0.25539336,2.2542648,36.483723,8.199474,11.93805,-7.8733163,15.260261,-11.2629385,-38.99796,-32.42902,-9.518325,-6.8943763,-43.69576,-24.423332,-18.388868,-10.700088,0 days 00:02:42.314828161,0 days 00:02:42.354828161
0 days 00:00:00.830000,0 days 00:00:00.870000,answer10 ,219.86134,0.78656316,0.007219609,0.0062985946,0.05044061,23.645325,1.2978187,1.3787336,0.15417354,0.010015116,0.17224427,1.2789441,1.4570185,0.8953197,1.1314312,0.74173075,0.6461291,0.6884057,0.9061387,0.85739684,2.7094796,2.6588173,1.8075418,1.5419307,1.4917616,1.9238707,1.7432982,2.1189544,1.893335,1.6540457,2.1281023,1.711166,1.121133,1.0073037,0.8714981,0.69007796,3.0641496,0.053965222,215.33203,215.33203,244.04297,258.39844,0.3722576,233.09192,1.5601231,17178.123,28.800398,2435.6897,-1.1486944,0.25098673,3.6403096,35.35426,9.163539,14.674464,-5.298964,10.172973,-11.594457,-40.69572,-33.899174,-12.66539,-12.506142,-44.9658,-24.494745,-14.267769,-9.043519,0 days 00:02:42.324828161,0 days 00:02:42.364828161
0 days 00:00:00.840000,0 days 00:00:00.880000,answer10 ,219.2596,0.786123,0.006700227,0.0062080906,0.03655734,24.550016,1.2911361,1.359322,0.16244389,0.010015117,0.15779877,1.2302471,1.4746941,0.95088094,1.1309344,0.7533164,0.5722832,0.68322724,0.9903794,0.6716655,2.4083624,2.5468204,1.7760721,1.4882469,1.5134531,1.9598767,1.7441835,2.0720074,1.9409589,1.6860514,2.0502243,1.6766421,1.1467471,1.0565232,0.9141639,0.74661016,3.4289067,0.032558452,215.33203,215.33203,244.04297,258.39844,0.25971812,230.6034,1.5596899,13402.595,35.123425,3136.216,-1.2648209,0.24932985,3.9313507,34.63289,11.4716425,18.71861,-5.824974,5.291923,-13.114972,-44.287968,-29.040339,-16.86909,-13.496223,-43.614594,-19.657463,-12.57496,-7.8567734,0 days 00:02:42.334828161,0 days 00:02:42.374828161
0 days 00:00:00.850000,0 days 00:00:00.890000,answer10 ,218.04024,0.7849714,0.0045920233,0.0042666285,0.027938036,25.834814,1.2733314,1.3274232,0.1638099,0.010015116,0.1494382,1.16468,1.4390659,0.96577406,1.1383098,0.77705663,0.4959149,0.67488784,1.0201491,0.54830277,1.9468985,2.2641928,1.7489109,1.4474438,1.5544931,1.9936594,1.7076417,2.1087112,2.0388298,1.7441727,2.0017297,1.6322807,1.1414824,1.0651412,0.93451947,0.8093175,3.4526978,0.018129703,215.33203,215.33203,244.04297,258.39844,0.21266042,229.46355,1.553051,13039.082,41.524414,3877.3818,-1.2717308,0.24844116,3.9610221,33.621914,13.637555,20.630905,-8.586743,4.054812,-13.944682,-41.491173,-27.047335,-21.449701,-17.672653,-42.172024,-12.738538,-12.451789,-8.704021,0 days 00:02:42.344828161,0 days 00:02:42.384828161
0 days 00:00:00.860000,0 days 00:00:00.900000,answer10 ,216.68068,0.7856879,0.0062593394,0.005727532,0.013454285,27.327543,1.2373618,1.2877191,0.16108246,0.009826153,0.14932312,1.0864145,1.3656889,0.95852727,1.1541508,0.7830867,0.45145425,0.69016844,1.025196,0.50106925,1.4913235,1.891261,1.7115402,1.4021538,1.5825505,1.9528217,1.6297385,2.1466904,2.09154,1.7681576,2.058073,1.6240674,1.1318365,1.0511547,0.9253461,0.85736305,3.3330736,0.010486188,215.33203,215.33203,229.6875,258.39844,0.18402018,227.8526,1.5573801,12055.778,43.392757,3995.6719,-1.2535329,0.24689047,2.9348972,34.203106,15.946439,21.132257,-9.849153,4.4788146,-12.424783,-35.568264,-23.647867,-24.7706,-17.47135,-41.767376,-8.944644,-10.978101,-10.8215475,0 days 00:02:42.354828161,0 days 00:02:42.394828161
0 days 00:00:00.870000,0 days 00:00:00.910000,answer10 ,215.29228,0.7838432,0.003985781,0.0047412273,0.021435628,28.152208,1.2082444,1.2417275,0.1560734,0.009826153,0.15709092,1.0030752,1.2686328,0.92264366,1.1230917,0.7609978,0.45915785,0.730403,1.0319828,0.51777625,1.1795818,1.5841928,1.6141907,1.3926841,1.580666,1.8459238,1.5770818,2.1228528,2.054513,1.7315254,2.1149023,1.5987793,1.115081,1.023664,0.91354704,0.86087614,2.9534156,0.010424112,215.33203,215.33203,215.33203,258.39844,0.20928001,225.1195,1.5203619,11881.054,46.605457,4611.379,-1.18095,0.24377196,2.7532685,34.79781,14.481982,19.854147,-8.338353,4.360809,-6.6578946,-30.477514,-24.307632,-24.864218,-19.869917,-41.587765,-11.710228,-10.880017,-12.220344,0 days 00:02:42.364828161,0 days 00:02:42.404828161
0 days 00:00:00.880000,0 days 00:00:00.920000,answer10 ,213.8022,0.7842088,0.0050106086,0.006169668,0.027780073,28.231674,1.1696246,1.1923047,0.1489678,0.009637188,0.16768014,0.92090136,1.164908,0.86683995,1.0080982,0.7013593,0.50807804,0.77150846,1.0289204,0.57958156,1.036883,1.4441291,1.510882,1.412398,1.5441833,1.756115,1.589312,2.0494564,1.9468192,1.6199356,2.0491447,1.518644,1.0920537,0.9932167,0.89664006,0.8222382,2.586167,0.01253657,215.33203,215.33203,215.33203,258.39844,0.22264326,222.99292,1.4933678,11597.116,44.38741,4277.568,-1.0882639,0.24124809,2.5245323,35.224598,12.348582,19.886356,-4.951306,6.2313423,-2.3968112,-30.516497,-24.744713,-19.945694,-20.402967,-45.045765,-14.177452,-13.490499,-10.6362295,0 days 00:02:42.374828161,0 days 00:02:42.414828161
0 days 00:00:00.890000,0 days 00:00:00.930000,answer10 ,212.0711,0.7821477,0.0033480537,0.004354909,0.0353363,28.231934,1.1013693,1.1420741,0.13713074,0.009448224,0.17829742,0.84094024,1.0581206,0.7953163,0.8265193,0.6181099,0.5833599,0.78152514,0.99060756,0.65248066,1.0211049,1.4401728,1.45073,1.4466916,1.4931651,1.6905375,1.6477957,1.9623209,1.8223859,1.4936733,1.8377024,1.4105257,1.0553957,0.96119994,0.8668949,0.7683565,2.0170972,0.013175647,215.33203,215.33203,215.33203,258.39844,0.29380152,220.37154,1.4541143,12124.723,45.025345,4264.867,-0.9147315,0.23814504,2.1155071,34.492416,10.504979,19.805267,-1.2550877,10.289092,0.6854973,-26.903715,-23.869059,-15.211301,-23.451057,-49.28824,-17.120752,-17.738192,-10.088041,0 days 00:02:42.384828161,0 days 00:02:42.424828161
0 days 00:00:00.900000,0 days 00:00:00.940000,answer10 ,210.13286,0.7797256,0.0051688384,0.0057854448,0.042938393,26.16262,1.0323583,1.0949067,0.121522896,0.009637188,0.18427633,0.75833464,0.94730526,0.7152417,0.6478238,0.553521,0.6671465,0.7639347,0.9163062,0.7202042,1.0329287,1.4327801,1.4412327,1.4490619,1.4492048,1.6352435,1.681461,1.8639406,1.7102786,1.3869877,1.6049571,1.360967,1.0312814,0.94711715,0.8402353,0.7258032,1.5104814,0.010026154,215.33203,215.33203,215.33203,258.39844,0.34055653,219.6515,1.4698005,13661.644,44.030136,3857.5352,-0.71932083,0.23716593,1.6511062,33.76325,12.353114,18.252174,-1.6111301,9.832377,-0.01584355,-20.707327,-20.575476,-14.695556,-19.660767,-48.48816,-17.999441,-20.08554,-13.136948,0 days 00:02:42.394828161,0 days 00:02:42.434828161
0 days 00:00:00.910000,0 days 00:00:00.950000,answer10 ,206.4972,0.7675533,0.008350507,0.0052354387,0.07006615,24.031372,0.9663169,1.0446516,0.101730414,0.011715797,0.18824774,0.6696175,0.8287723,0.6353352,0.5340213,0.53577214,0.7560553,0.72586614,0.81829745,0.7689705,0.99947125,1.3384503,1.4580847,1.3769507,1.3948288,1.5747532,1.6447939,1.6912351,1.5360861,1.3221563,1.5006895,1.3680153,1.012493,0.9499323,0.82699513,0.70505136,0.9954558,0.0066737905,200.97656,215.33203,215.33203,258.39844,0.43841013,221.89012,1.5688895,18629.752,39.981014,3154.4446,-0.5026811,0.23909442,1.1519728,33.556164,14.320674,15.678772,-3.3095284,7.0546327,-3.4898777,-16.21731,-15.95517,-14.103652,-10.06635,-46.63405,-19.77482,-15.35477,-19.095984,0 days 00:02:42.404828161,0 days 00:02:42.444828161
0 days 00:00:00.920000,0 days 00:00:00.960000,answer10 ,200.84932,0.7564848,0.010582429,0.0071361703,0.097599514,20.31281,0.8966141,0.99607754,0.07655225,0.013983372,0.18842588,0.5702112,0.69525844,0.5615277,0.52431756,0.5625884,0.81423277,0.702532,0.73777217,0.7886502,0.9129019,1.1586258,1.4517584,1.2814325,1.3397264,1.5445777,1.5833629,1.4579378,1.3226074,1.3043014,1.4633096,1.3771538,1.0089055,0.97440857,0.86571807,0.7057702,0.57787335,0.004930552,186.6211,215.33203,215.33203,301.46484,0.5343266,232.7768,1.8494581,35143.2,31.91452,2078.706,-0.2934522,0.24931012,0.66397625,32.56288,15.656021,12.77496,-3.5083234,-0.08831564,-6.0788407,-13.660861,-14.971759,-12.202872,-4.64185,-38.720924,-14.626498,-7.0077796,-18.789797,0 days 00:02:42.414828161,0 days 00:02:42.454828161
0 days 00:00:00.930000,0 days 00:00:00.970000,answer10 ,195.06616,0.7477803,0.012927097,0.007950501,0.15750733,16.421225,0.79954106,0.9503651,0.051763,0.016628874,0.18536818,0.46244875,0.5437222,0.49610487,0.5732258,0.6031872,0.81940395,0.6985027,0.6820262,0.79361886,0.7969311,1.0013338,1.4130955,1.1845868,1.2581869,1.5403503,1.5520076,1.2488627,1.1274016,1.3166676,1.4171592,1.3383571,1.0134324,1.0004462,0.9322999,0.71076506,0.2619739,0.0044290754,172.26562,200.97656,215.33203,401.95312,0.5581207,256.90894,2.1969974,86311.4,21.327639,940.83636,-0.13445704,0.26859024,0.3034267,30.52587,14.001132,10.752326,-4.4742246,-1.4358002,-2.9493816,-10.921571,-13.255806,-5.3368497,-2.991758,-33.984726,-9.235122,0.76001185,-17.355736,0 days 00:02:42.424828161,0 days 00:02:42.464828161
0 days 00:00:00.940000,0 days 00:00:00.980000,answer10 ,189.23717,0.74273014,0.011836941,0.007877503,0.19874412,13.237943,0.7621452,0.91516894,0.039392058,0.017573697,0.1819006,0.36687866,0.40775576,0.44468573,0.6076471,0.6257748,0.77583647,0.73428303,0.67139643,0.77537274,0.68924373,0.9169867,1.3616925,1.1335473,1.198782,1.5540103,1.5610498,1.141948,1.0119625,1.3097316,1.3123664,1.2799511,1.0282129,1.014499,0.98897237,0.6999056,0.13140225,0.0036838446,172.26562,200.97656,215.33203,430.66406,0.5172515,263.70645,2.3517675,99093.81,16.371008,493.4635,-0.07117637,0.2740086,0.1510045,29.914919,13.119609,10.456836,-5.1850295,-3.7931309,-0.20109563,-3.1024349,-11.525643,-4.558635,-7.142784,-33.641113,-4.500011,3.0643055,-13.508765,0 days 00:02:42.434828161,0 days 00:02:42.474828161
0 days 00:00:00.950000,0 days 00:00:00.990000,answer10 ,182.97656,0.7274001,0.013402256,0.008131168,0.23871712,11.493825,0.76173663,0.8876324,0.03686246,0.017384732,0.1816141,0.30055213,0.31388387,0.421819,0.59530824,0.641535,0.74512315,0.8044114,0.6869204,0.768109,0.62387496,0.8884246,1.2802262,1.1123286,1.1891009,1.5246826,1.5301718,1.1370867,0.9818428,1.2691561,1.1991504,1.2206243,1.0414714,0.9790308,0.9798692,0.66212624,0.124010704,0.0038020748,172.26562,200.97656,229.6875,430.66406,0.37541088,269.11038,2.4858627,94636.28,14.06709,388.4915,-0.06563272,0.27994308,0.14088018,32.1919,12.008751,10.090248,-8.822865,-1.6228522,-0.077828564,-2.282049,-8.661712,-4.384809,-4.8429146,-32.777996,-6.275129,-2.7906952,-9.719198,0 days 00:02:42.444828161,0 days 00:02:42.484828161
0 days 00:00:00.960000,0 days 00:00:01,answer10 ,177.55968,0.71168303,0.036056098,0.021404838,0.26944935,8.714085,0.759185,0.861873,0.03654917,0.01643991,0.1799661,0.25681245,0.27306435,0.44200146,0.56269145,0.6790221,0.7539203,0.8491493,0.702115,0.7817812,0.62902415,0.8703558,1.2048653,1.10858,1.1975904,1.4557247,1.4284916,1.1642011,0.9721462,1.1773589,1.1504822,1.1794147,1.0186392,0.8908214,0.8822415,0.59823745,0.169245,0.00388244,215.33203,258.39844,287.10938,416.3086,0.3882003,301.6538,2.688144,66132.52,14.638791,429.45456,-0.06565885,0.3195394,0.1343066,34.15128,10.447587,9.142959,-11.301536,-2.740307,-7.9185824,-7.178995,-13.370687,-5.948869,0.68659467,-30.437262,-1.5538362,-5.9677234,-8.601171,0 days 00:02:42.454828161,0 days 00:02:42.494828161
0 days 00:00:00.960000,0 days 00:00:01.001020408,answer10 ,174.46295,0.7023394,0.026512804,0.014912337,0.28908336,9.584245,0.7176142,0.8325079,0.031280268,0.015306123,0.17203297,0.22266553,0.26054832,0.5025428,0.5638074,0.753258,0.7696905,0.8239949,0.6908684,0.81598663,0.69679064,0.8156009,1.1217532,1.1537957,1.2178441,1.349403,1.2868792,1.166664,0.94026923,1.0614425,1.1248225,1.1211098,0.9680179,0.77547526,0.74252766,0.5274159,0.1804655,0.0037623418,229.6875,287.10938,344.53125,473.73047,0.31384492,333.81522,3.0285676,66951.16,13.816449,421.74185,-0.047682013,0.35497704,0.104928605,35.230335,8.68788,9.161588,-11.860288,-5.7556977,-13.57828,-11.050431,-17.681108,-6.4609933,5.3354526,-21.192629,2.4954996,-11.862766,-11.380519,0 days 00:02:42.454828161,0 days 00:02:42.495848569
