start,end,label,Loudness_sma3,alphaRatio_sma3,hammarbergIndex_sma3,slope0-500_sma3,slope500-1500_sma3,spectralFlux_sma3,mfcc1_sma3,mfcc2_sma3,mfcc3_sma3,mfcc4_sma3,F0semitoneFrom27.5Hz_sma3nz,jitterLocal_sma3nz,shimmerLocaldB_sma3nz,HNRdBACF_sma3nz,logRelF0-H1-H2_sma3nz,logRelF0-H1-A3_sma3nz,F1frequency_sma3nz,F1bandwidth_sma3nz,F1amplitudeLogRelF0_sma3nz,F2frequency_sma3nz,F2bandwidth_sma3nz,F2amplitudeLogRelF0_sma3nz,F3frequency_sma3nz,F3bandwidth_sma3nz,F3amplitudeLogRelF0_sma3nz,original_start,original_end
0 days 00:00:00,0 days 00:00:00.020000,answer1,0.4544176,-24.753351,36.03645,0.047615647,-0.02950818,0.17506033,35.046112,21.332901,5.9954505,3.1246986,0.0,0.0,0.0,0.0,0.0,0.0,384.79846,1811.4717,-201.0,1072.7119,1613.2789,-201.0,2105.5022,1059.9786,-201.0,0 days 00:00:07,0 days 00:00:07.020000
0 days 00:00:00.010000,0 days 00:00:00.030000,answer1,0.4894205,-21.013945,33.21431,0.080039345,-0.027097434,0.29316732,27.839628,22.816278,-4.6744323,7.0167966,0.0,0.0,0.0,0.0,0.0,0.0,386.01382,1549.4838,-128.47952,1194.0804,1366.0433,-134.65845,2185.05,1009.91895,-135.29146,0 days 00:00:07.010000,0 days 00:00:07.030000
0 days 00:00:00.020000,0 days 00:00:00.040000,answer1,0.5608743,-17.479166,26.826904,0.10901635,-0.023944357,0.38520336,17.90595,28.397753,-10.750546,12.255658,21.142061,0.0,0.0,-4.053117,6.9181204,31.201763,389.3549,1245.2274,-53.486828,1363.9675,1078.3448,-67.63317,2280.6443,1039.2543,-68.3666,0 days 00:00:07.020000,0 days 00:00:07.040000
0 days 00:00:00.030000,0 days 00:00:00.050000,answer1,0.6239641,-15.034734,21.38154,0.096582435,-0.021729553,0.3319349,8.816119,37.32892,-13.017464,14.824509,25.135408,0.0,0.0,-2.6556146,9.044671,30.034103,370.29712,1129.9313,10.831481,1451.8788,807.4196,-13.013429,2476.9734,1069.6271,-13.281223,0 days 00:00:07.030000,0 days 00:00:07.050000
0 days 00:00:00.040000,0 days 00:00:00.060000,answer1,0.63720125,-14.915909,17.27077,0.096482076,-0.022409031,0.27285317,4.3955207,44.282364,-5.6951175,14.374016,29.183233,0.0,0.0,-0.41798267,10.106467,28.692581,365.9553,1123.727,3.228944,1541.8539,839.7347,-25.140106,2532.8313,1027.3837,-22.762651,0 days 00:00:07.040000,0 days 00:00:07.060000
0 days 00:00:00.050000,0 days 00:00:00.070000,answer1,0.59351635,-16.314226,19.773302,0.09142852,-0.024871314,0.26890177,3.191742,48.640087,-1.3177195,14.454556,33.276066,0.0,1.8828194,2.0564017,9.541047,26.46762,381.1128,1204.2592,-6.130131,1566.3793,2097.919,-37.842033,2417.7463,783.8132,-32.59775,0 days 00:00:07.050000,0 days 00:00:07.070000
0 days 00:00:00.060000,0 days 00:00:00.080000,answer1,0.57624644,-16.80158,22.392218,0.094500095,-0.027280213,0.20630376,3.9092228,47.40793,3.4269123,11.112277,33.35627,0.0,1.3983196,4.3901386,7.102391,28.1521,394.75854,1253.2446,-4.0799437,1724.8385,1954.1117,-37.010693,2202.2527,1953.4336,-32.232044,0 days 00:00:07.060000,0 days 00:00:07.080000
0 days 00:00:00.070000,0 days 00:00:00.090000,answer1,0.57248974,-16.857294,22.97878,0.06934252,-0.030466503,0.21221103,4.785664,45.77945,4.919228,5.7275615,33.29262,0.04329654,0.86857814,6.3842125,6.0154634,31.261736,422.24683,1279.127,-2.5001628,1723.629,3189.0452,-37.34021,2062.7107,1803.714,-33.7619,0 days 00:00:07.070000,0 days 00:00:07.090000
0 days 00:00:00.080000,0 days 00:00:00.100000,answer1,0.58250755,-16.798288,21.352951,0.067890644,-0.037875343,0.21907993,7.4644914,42.14323,8.563729,-1.8536944,33.054287,0.048778053,0.66506785,7.781036,5.3378177,30.232916,475.58676,1264.1644,-2.84309,1893.1377,1772.4105,-33.715347,2381.6064,1851.3344,-31.618088,0 days 00:00:07.080000,0 days 00:00:07.100000
0 days 00:00:00.090000,0 days 00:00:00.110000,answer1,0.59157544,-18.234941,21.177122,0.06721106,-0.041336354,0.2504766,12.203968,38.81451,15.073685,-6.8308454,32.682888,0.038009703,0.80352473,8.327699,3.8765519,25.573267,566.6313,1181.2816,-8.628852,1902.2142,1697.0483,-30.249468,2695.3516,440.10995,-26.387983,0 days 00:00:07.090000,0 days 00:00:07.110000
0 days 00:00:00.100000,0 days 00:00:00.120000,answer1,0.64338017,-19.417757,21.969065,0.0891681,-0.045993317,0.30609354,17.479246,32.91815,24.929192,-10.725224,32.322308,0.032608837,1.098869,8.66188,1.8451381,19.689201,602.02295,1186.7628,-8.486577,2033.0895,222.44148,-25.136711,3000.796,514.53204,-20.50709,0 days 00:00:07.100000,0 days 00:00:07.120000
0 days 00:00:00.110000,0 days 00:00:00.130000,answer1,0.75441027,-17.590145,19.800177,0.08738732,-0.04655848,0.3419564,20.64048,24.602415,33.76689,-15.699585,32.04169,0.020282531,1.0313921,9.133564,-0.04299323,18.1386,575.73676,1162.6202,-7.4741554,1992.2936,177.26024,-24.169174,2986.5117,512.261,-19.8322,0 days 00:00:07.110000,0 days 00:00:07.130000
0 days 00:00:00.120000,0 days 00:00:00.140000,answer1,0.843407,-15.625595,17.56607,0.097491086,-0.047114406,0.35424742,23.681686,16.375471,39.433346,-16.934343,31.83819,0.018473813,0.82204574,9.496128,-0.8165582,18.580055,522.7116,1182.3094,-2.3263407,1952.0781,189.77489,-25.002851,2953.556,625.69147,-21.722952,0 days 00:00:07.120000,0 days 00:00:07.140000
0 days 00:00:00.130000,0 days 00:00:00.150000,answer1,0.85939974,-15.0208845,16.7938,0.08942192,-0.048072528,0.33276996,26.597046,12.101273,40.398983,-16.685219,31.686152,0.018346786,0.53808224,9.821279,-0.313619,19.544874,499.83334,1163.2661,-3.8681896,1916.653,303.4066,-27.327215,2882.2175,781.15936,-23.726685,0 days 00:00:07.130000,0 days 00:00:07.150000
0 days 00:00:00.140000,0 days 00:00:00.160000,answer1,0.78254724,-16.249794,18.715525,0.07929417,-0.046966467,0.3297778,30.196121,10.451837,36.57885,-10.885449,31.633078,0.012818326,0.569328,10.206474,0.866576,22.3091,546.437,1180.0153,-9.168591,1892.5443,456.25644,-32.154385,2785.0437,848.6414,-27.00853,0 days 00:00:07.140000,0 days 00:00:07.160000
0 days 00:00:00.150000,0 days 00:00:00.170000,answer1,0.6827161,-18.971443,22.856424,0.072218664,-0.045470554,0.34600195,33.34267,12.35299,30.58853,-6.9321995,31.704035,0.006912871,0.5832085,10.582028,1.7425116,24.24356,587.0134,1313.1401,-10.657221,1997.3385,633.17535,-33.99439,2665.092,1461.5562,-29.555685,0 days 00:00:07.150000,0 days 00:00:07.170000
0 days 00:00:00.160000,0 days 00:00:00.180000,answer1,0.6141278,-20.960262,24.316336,0.07410344,-0.043288987,0.2922829,35.16217,14.440221,27.76332,-2.6083562,31.876673,0.0047334223,0.49542865,10.81916,1.7255459,25.67244,663.7028,1315.9144,-14.986096,2046.1908,661.5068,-35.817833,2644.7402,1440.5355,-31.88687,0 days 00:00:07.160000,0 days 00:00:07.180000
0 days 00:00:00.170000,0 days 00:00:00.190000,answer1,0.57723624,-22.992956,27.250986,0.07435455,-0.042780012,0.24647546,36.80694,16.408394,25.15124,-1.725597,32.12085,0.005126355,0.3061093,10.937963,0.95518875,23.82492,692.1624,1308.2592,-15.598756,2114.4065,714.37134,-34.40892,2638.3928,1586.0775,-30.641182,0 days 00:00:07.170000,0 days 00:00:07.190000
0 days 00:00:00.180000,0 days 00:00:00.200000,answer1,0.564249,-23.657206,27.372765,0.072972775,-0.04124027,0.17531107,37.360264,17.701561,25.12938,-1.8534607,32.369995,0.005848434,0.3222499,11.0891075,-0.28788996,21.042463,745.3851,1207.9513,-19.692307,2107.7422,663.9466,-32.58031,2822.555,1166.9667,-27.690184,0 days 00:00:07.180000,0 days 00:00:07.200000
0 days 00:00:00.190000,0 days 00:00:00.210000,answer1,0.57287985,-23.860815,27.569489,0.06556738,-0.038898196,0.17960028,37.34706,17.863207,23.897417,-2.8841636,32.54406,0.00857799,0.3279562,11.295543,-1.8430834,18.105476,640.06616,1571.432,-15.061451,1703.3657,1011.9449,-26.895517,2678.084,991.0252,-23.9064,0 days 00:00:07.190000,0 days 00:00:07.210000
0 days 00:00:00.200000,0 days 00:00:00.220000,answer1,0.6068389,-22.30735,24.415537,0.07122331,-0.03388168,0.16376907,36.7431,16.22296,25.586615,-3.4959514,32.594147,0.007971582,0.24623048,11.375275,-3.5388136,16.798706,628.5463,1591.0573,-14.315589,1659.434,1035.8988,-22.205328,2677.0134,874.6286,-21.511139,0 days 00:00:07.200000,0 days 00:00:07.220000
0 days 00:00:00.210000,0 days 00:00:00.230000,answer1,0.6688662,-20.056025,22.067541,0.06481508,-0.033164594,0.1918428,35.19692,12.092476,27.330118,-6.010363,32.555614,0.008400445,0.2699977,11.321162,-5.049311,16.186714,550.2651,1623.0659,-6.115244,1596.2699,1103.2692,-19.991302,2563.6982,854.3299,-19.714472,0 days 00:00:07.210000,0 days 00:00:07.230000
0 days 00:00:00.220000,0 days 00:00:00.240000,answer1,0.7594578,-17.98424,20.343878,0.077682726,-0.03433783,0.2717702,34.21706,7.2180896,31.646011,-9.255069,32.478043,0.006218528,0.55897075,11.267379,-6.4080467,15.169247,607.5552,1264.1824,-2.5634096,1960.5895,701.6211,-21.77417,2706.5442,1012.533,-17.718575,0 days 00:00:07.220000,0 days 00:00:07.240000
0 days 00:00:00.230000,0 days 00:00:00.250000,answer1,0.8644042,-17.142912,20.329172,0.076908045,-0.04126217,0.28639373,32.59337,4.4201784,34.058952,-15.179324,32.394024,0.005970378,0.66634226,11.429801,-7.8934617,13.054093,532.3196,1228.5626,5.5601497,1960.2875,651.96454,-23.155455,2755.3596,1124.2587,-15.387405,0 days 00:00:07.230000,0 days 00:00:07.250000
0 days 00:00:00.240000,0 days 00:00:00.260000,answer1,0.9666756,-16.56953,19.466093,0.09185461,-0.04806484,0.31767464,31.784357,2.5035863,37.26872,-20.549002,32.311848,0.004375119,0.5646894,11.52858,-9.781125,11.002812,512.2872,1160.1187,6.640806,1935.4093,503.24878,-23.525818,2824.3782,971.1385,-14.143132,0 days 00:00:07.240000,0 days 00:00:07.260000
0 days 00:00:00.250000,0 days 00:00:00.270000,answer1,1.0215319,-16.285486,19.021883,0.07997801,-0.052071482,0.2520015,31.202993,1.444602,36.655437,-23.86489,32.2296,0.004629159,0.33350506,11.477006,-11.906615,11.290708,479.00693,1130.5762,7.1598296,1757.0631,2542.554,-22.896002,2565.6636,798.7944,-16.037493,0 days 00:00:07.250000,0 days 00:00:07.270000
0 days 00:00:00.260000,0 days 00:00:00.280000,answer1,1.0535269,-16.172613,18.586279,0.081947185,-0.053736746,0.24827017,31.058249,-0.41552046,36.970036,-24.670448,32.13611,0.0037293688,0.13949424,11.172519,-13.456566,11.407573,461.10342,1071.8209,2.4839823,1678.4844,2635.3694,-21.624922,2349.0872,753.17487,-17.628685,0 days 00:00:07.260000,0 days 00:00:07.280000
0 days 00:00:00.270000,0 days 00:00:00.290000,answer1,1.0608958,-16.5935,20.035444,0.0679617,-0.052601177,0.21879488,31.293375,-1.5166732,35.222874,-23.637808,32.01904,0.0028252099,0.2086724,10.661548,-13.678832,12.509837,439.28104,1025.8331,0.081926584,1618.539,2782.4675,-21.715897,2199.9006,1012.3942,-19.40553,0 days 00:00:07.270000,0 days 00:00:07.290000
0 days 00:00:00.280000,0 days 00:00:00.300000,answer1,1.0564289,-17.204447,21.152674,0.061787914,-0.052850675,0.21336615,32.32611,-2.6587846,33.190533,-21.221064,31.862814,0.0024578238,0.15077272,10.233438,-12.385887,14.736142,424.03967,1002.16766,0.0,1681.0029,920.5433,-20.877663,2318.377,1291.9788,-21.523355,0 days 00:00:07.280000,0 days 00:00:07.300000
0 days 00:00:00.290000,0 days 00:00:00.310000,answer1,1.0125842,-18.070152,23.148245,0.056021754,-0.05228731,0.24146841,33.772186,-2.0561342,29.20967,-16.9489,31.698893,0.00246025,0.13128845,10.127433,-9.826419,19.553095,429.16577,1039.5398,0.0,1657.0492,886.85645,-21.034525,2466.0737,1192.9249,-25.84852,0 days 00:00:07.290000,0 days 00:00:07.310000
0 days 00:00:00.300000,0 days 00:00:00.320000,answer1,0.91988516,-18.44239,24.556715,0.0646506,-0.051309694,0.32107225,35.416367,-1.0420133,25.16274,-9.55774,31.553171,0.0038266834,0.2242167,10.350265,-6.209844,23.058023,426.56912,1058.3593,0.80227375,1571.27,879.4243,-22.246704,2503.3086,877.33417,-28.741348,0 days 00:00:07.300000,0 days 00:00:07.320000
0 days 00:00:00.310000,0 days 00:00:00.330000,answer1,0.7979824,-18.78311,26.485998,0.071167864,-0.04111929,0.40136173,36.68312,1.4696306,20.919203,0.6852096,31.452753,0.005882263,0.5369095,10.730199,-2.1724303,23.212234,424.2172,1097.3295,0.0,1521.6097,878.2339,-22.739883,2517.37,970.97015,-28.234316,0 days 00:00:07.310000,0 days 00:00:07.330000
0 days 00:00:00.320000,0 days 00:00:00.340000,answer1,0.68769187,-19.001822,27.808344,0.07101607,-0.031419102,0.4251118,37.73142,4.2747188,17.5717,7.324476,31.390574,0.0064997845,0.6352931,10.913915,1.1743828,21.487185,412.65964,1154.9015,-4.300276,1426.9982,958.0799,-22.1037,2469.7761,1073.7876,-25.99335,0 days 00:00:07.320000,0 days 00:00:07.340000
0 days 00:00:00.330000,0 days 00:00:00.350000,answer1,0.6073677,-19.146013,27.291147,0.069841504,-0.019818613,0.3282675,38.509495,7.2602696,15.306718,9.115675,31.337816,0.004955453,0.7447729,11.020383,3.1004894,20.340368,397.89136,1205.7081,-4.160646,1360.2097,984.63275,-19.244299,2438.623,1010.76117,-24.501015,0 days 00:00:07.330000,0 days 00:00:07.350000
0 days 00:00:00.340000,0 days 00:00:00.360000,answer1,0.5772435,-18.894354,25.511177,0.06935362,-0.016110085,0.23467688,38.764114,8.565717,16.241962,9.337495,31.289942,0.0032470357,0.53419656,10.873927,3.9504144,19.86737,384.64188,1209.7203,-3.726874,1311.4315,931.9991,-16.67837,2476.2776,690.3564,-23.594246,0 days 00:00:07.340000,0 days 00:00:07.360000
0 days 00:00:00.350000,0 days 00:00:00.370000,answer1,0.56985664,-17.619417,22.830276,0.06490523,-0.009473706,0.13827917,38.70014,8.985465,17.774683,10.479934,31.264908,0.004793875,0.58812755,10.585746,4.027998,19.33395,376.44138,1185.1522,-3.302884,1285.3441,847.73126,-14.4293375,2494.502,493.0222,-22.636833,0 days 00:00:07.350000,0 days 00:00:07.370000
0 days 00:00:00.360000,0 days 00:00:00.380000,answer1,0.58771384,-16.197655,22.341913,0.061941326,-0.0067108,0.12565988,38.48897,8.103725,18.250257,12.43288,31.300264,0.0049609835,0.38881436,10.010442,2.8134212,20.690416,373.4238,1165.9937,-3.5642853,1275.0308,818.39105,-13.146949,2489.569,509.4021,-24.254702,0 days 00:00:07.360000,0 days 00:00:07.380000
0 days 00:00:00.370000,0 days 00:00:00.390000,answer1,0.60530335,-14.509403,23.033295,0.061441947,-0.0050055212,0.12756027,38.80132,6.7647204,15.73476,12.741387,31.425003,0.0072190375,0.3281597,8.875008,-0.058658917,22.159655,370.32034,1173.7202,-4.9618983,1269.0204,811.9196,-12.306999,2491.051,576.1733,-27.121553,0 days 00:00:07.370000,0 days 00:00:07.390000
0 days 00:00:00.380000,0 days 00:00:00.400000,answer1,0.6326272,-12.793597,22.04396,0.070737064,-0.0048927185,0.18768072,39.212605,2.9851725,12.428409,12.677716,31.537537,0.007852216,0.19116016,7.8658614,-3.3737175,20.97931,366.01492,1242.7065,-7.0006714,1266.0631,845.4663,-11.091411,2500.207,575.3169,-27.97998,0 days 00:00:07.380000,0 days 00:00:07.400000
0 days 00:00:00.390000,0 days 00:00:00.410000,answer1,0.68640083,-11.499021,20.476637,0.07434034,-0.007819508,0.23099558,39.751923,-0.17947729,9.033382,9.900757,31.57506,0.0102941245,0.3641341,7.6743913,-5.046814,18.19717,378.14462,1279.6528,-8.323528,1282.1273,885.6556,-9.293376,2522.8298,564.03766,-26.520699,0 days 00:00:07.390000,0 days 00:00:07.410000
0 days 00:00:00.400000,0 days 00:00:00.420000,answer1,0.78101414,-10.178199,20.221537,0.0628443,-0.013322033,0.32493508,40.28776,-3.9811022,3.6158564,2.1607037,31.51258,0.009462886,0.5368848,8.6842165,-4.3021746,16.15621,398.54367,1348.8159,-7.486567,1310.3651,943.259,-7.6154876,2563.0388,492.33902,-24.288828,0 days 00:00:07.400000,0 days 00:00:07.420000
0 days 00:00:00.410000,0 days 00:00:00.430000,answer1,0.884145,-8.77786,22.286871,0.05095941,-0.013117972,0.384643,40.237396,-6.1518874,-0.45361963,-5.4268937,31.431175,0.015863722,0.8612738,9.773848,-2.1405747,17.25928,429.0303,1408.7406,-6.2946744,1341.2922,995.009,-6.7847037,2598.2031,527.8611,-24.121073,0 days 00:00:07.410000,0 days 00:00:07.430000
0 days 00:00:00.420000,0 days 00:00:00.440000,answer1,0.9782061,-6.9022775,23.627876,0.038836207,-0.010558943,0.37077704,39.696182,-9.375434,-2.5566773,-10.259931,31.365814,0.016756596,0.74048275,10.038675,-0.08464543,18.168524,435.9319,1460.2848,-5.4331627,1337.5477,1059.164,-6.7723923,2622.62,624.23804,-23.686333,0 days 00:00:07.420000,0 days 00:00:07.440000
0 days 00:00:00.430000,0 days 00:00:00.450000,answer1,1.0336064,-5.7382245,23.469202,0.05249104,-0.004994712,0.30566868,38.406933,-11.410216,-1.7319182,-9.721192,31.29365,0.014591659,0.66820306,9.058748,1.215138,18.525343,543.23456,1609.0146,-5.5858865,1391.0985,1159.8741,-7.340222,2685.5913,658.4526,-23.331924,0 days 00:00:07.430000,0 days 00:00:07.450000
0 days 00:00:00.440000,0 days 00:00:00.460000,answer1,1.0724869,-5.7774143,22.649794,0.065187395,-0.00662856,0.22727859,37.771553,-13.291564,0.11023259,-9.831294,31.206635,0.006304228,0.40176502,7.5518355,1.9428205,19.436176,615.2801,1682.4803,-6.176104,1452.1134,1234.0781,-8.550598,2745.0305,677.8292,-24.138807,0 days 00:00:07.440000,0 days 00:00:07.460000
0 days 00:00:00.450000,0 days 00:00:00.470000,answer1,1.1105117,-5.912604,22.446642,0.07299477,-0.009203854,0.24365777,36.944263,-13.867229,0.039568584,-7.246954,31.140955,0.003731909,0.42465162,5.515247,2.768947,21.414154,648.8294,1695.466,-7.344749,1518.4991,1239.769,-10.749898,2790.6858,657.3691,-26.459303,0 days 00:00:07.450000,0 days 00:00:07.470000
0 days 00:00:00.460000,0 days 00:00:00.480000,answer1,1.0673858,-6.4017377,23.804037,0.06855833,-0.010232281,0.3243532,36.756367,-12.23362,-2.0381477,-5.730081,31.132769,0.004708175,0.30592784,2.5585964,4.073528,23.4628,610.47437,1618.6406,-9.3702965,1537.3636,1153.2072,-13.265903,2802.589,710.6123,-29.368795,0 days 00:00:07.460000,0 days 00:00:07.480000
0 days 00:00:00.470000,0 days 00:00:00.490000,answer1,0.97609323,-7.1696105,26.65886,0.069373555,-0.010640268,0.35094965,36.879517,-9.109102,-4.4338994,-3.1948411,27.174505,0.17147647,0.89611197,0.84858465,5.95088,26.55185,629.8579,1592.9286,-2.2275846,1566.7904,1080.2919,-8.792078,2864.8484,780.17584,-23.554031,0 days 00:00:07.470000,0 days 00:00:07.490000
0 days 00:00:00.480000,0 days 00:00:00.500000,answer1,0.8573124,-8.413696,28.723166,0.07363791,-0.012269732,0.37048563,37.97902,-5.939634,-5.90688,-4.7133026,23.184448,0.17030494,0.9522788,0.15420513,7.8141856,28.081533,734.3355,1598.9913,5.5859814,1642.3076,1056.0127,-2.908188,2983.5857,811.5825,-16.118473,0 days 00:00:07.480000,0 days 00:00:07.500000
0 days 00:00:00.490000,0 days 00:00:00.510000,answer1,0.83907014,-9.62563,28.31066,0.07079006,-0.019837352,0.34880927,37.613354,-5.8583856,-2.3976076,-7.4651623,19.18542,0.17698182,1.0216347,0.7105208,11.147265,30.115107,685.0994,1517.5868,12.945437,1634.1484,1056.0214,3.7378228,2984.4675,764.7277,-8.733987,0 days 00:00:07.490000,0 days 00:00:07.510000
0 days 00:00:00.500000,0 days 00:00:00.520000,answer1,0.8426414,-10.367427,26.608152,0.06940553,-0.024969019,0.3693324,36.95617,-5.71571,-0.38853684,-4.838147,19.1937,0.016545119,0.820998,-0.28202045,15.264905,29.054527,634.2766,1450.6167,11.419665,1622.4443,999.28125,4.2183766,2908.1223,674.6091,-7.5166135,0 days 00:00:07.500000,0 days 00:00:07.520000
0 days 00:00:00.510000,0 days 00:00:00.530000,answer1,0.814024,-11.702741,27.100908,0.0679012,-0.030073488,0.37052265,35.6797,-3.3991222,1.9467106,0.21742041,19.242586,0.018917782,1.0982634,-2.3210897,18.20262,24.275682,578.218,1434.3296,11.287437,1601.8511,930.42645,4.6975126,2827.0828,598.5315,-1.9260015,0 days 00:00:07.510000,0 days 00:00:07.530000
0 days 00:00:00.520000,0 days 00:00:00.540000,answer1,0.7811478,-11.878755,26.116117,0.072052516,-0.023522565,0.38505635,25.185873,7.0015254,1.1080347,10.720916,19.272697,0.015538941,1.4679554,-3.52181,19.36684,20.785967,498.24802,1531.8691,-59.308674,1562.5693,966.12616,-63.675526,2589.215,763.82587,-65.54495,0 days 00:00:07.520000,0 days 00:00:07.540000
0 days 00:00:00.530000,0 days 00:00:00.550000,answer1,0.8382144,-9.373721,21.167063,0.050682668,-0.020594316,0.36411238,12.363484,14.975221,-0.073055424,11.622714,0.0,0.0,0.0,0.0,0.0,0.0,434.49173,1449.7042,-129.50385,1489.0869,909.8012,-132.27173,2515.4324,814.36115,-130.96028,0 days 00:00:07.530000,0 days 00:00:07.550000
0 days 00:00:00.540000,0 days 00:00:00.560000,answer1,0.84068805,-5.7691846,13.815248,0.023346508,-0.014900882,0.33594325,-0.5171372,18.949486,-1.4048811,10.448474,0.0,0.0,0.0,0.0,0.0,0.0,347.1359,1330.1571,-201.0,1416.4639,846.05194,-201.0,2398.3298,849.9155,-201.0,0 days 00:00:07.540000,0 days 00:00:07.560000
0 days 00:00:00.550000,0 days 00:00:00.570000,answer1,0.8048621,-2.795127,9.408563,-0.012205143,-0.016239624,0.23634563,-3.1190176,13.996277,-2.1438446,5.8013706,0.0,0.0,0.0,0.0,0.0,0.0,405.19656,1107.7557,-201.0,1425.3027,672.9101,-201.0,2510.8381,653.32355,-201.0,0 days 00:00:07.550000,0 days 00:00:07.570000
0 days 00:00:00.560000,0 days 00:00:00.580000,answer1,0.67119974,-2.585059,8.440529,-0.02040313,-0.017395131,0.17846054,-2.76307,10.4892435,-3.8171177,3.5142243,0.0,0.0,0.0,0.0,0.0,0.0,420.795,1020.49316,-201.0,1451.9121,700.41644,-201.0,2492.4802,656.5117,-201.0,0 days 00:00:07.560000,0 days 00:00:07.580000
0 days 00:00:00.570000,0 days 00:00:00.590000,answer1,0.6059844,-3.0844707,9.536584,-0.010451153,-0.017565481,0.12908714,-0.95719403,8.46037,-5.7467437,4.4214187,0.0,0.0,0.0,0.0,0.0,0.0,438.72827,934.4441,-201.0,1467.2987,709.62524,-201.0,2450.6814,729.5097,-201.0,0 days 00:00:07.570000,0 days 00:00:07.590000
0 days 00:00:00.580000,0 days 00:00:00.600000,answer1,0.5699813,-3.649781,9.018044,0.021204919,-0.02390409,0.11508819,1.4422784,8.101182,-7.721742,1.8430008,0.0,0.0,0.0,0.0,0.0,0.0,441.5446,915.5765,-201.0,1503.0023,732.67474,-201.0,2453.4038,919.23016,-201.0,0 days 00:00:07.580000,0 days 00:00:07.600000
0 days 00:00:00.590000,0 days 00:00:00.610000,answer1,0.54842806,-3.152667,8.321351,0.037823558,-0.023267185,0.11701169,2.4347465,6.1588326,-6.9302564,2.7947686,0.0,0.0,0.0,0.0,0.0,0.0,374.86295,1043.9248,-201.0,1469.7822,736.21967,-201.0,2386.6938,986.5076,-201.0,0 days 00:00:07.590000,0 days 00:00:07.610000
0 days 00:00:00.600000,0 days 00:00:00.620000,answer1,0.5259259,-3.5107377,7.363363,0.029861279,-0.022546092,0.11508623,2.6831925,7.852426,-5.380114,1.5227903,0.0,0.0,0.0,0.0,0.0,0.0,354.86203,1183.7667,-201.0,1474.0068,865.4173,-201.0,2330.7427,1019.95917,-201.0,0 days 00:00:07.600000,0 days 00:00:07.620000
0 days 00:00:00.610000,0 days 00:00:00.630000,answer1,0.4799712,-3.0961494,7.4991975,0.021625558,-0.018116584,0.1074265,2.1672382,7.513695,-3.478624,2.2319403,0.0,0.0,0.0,0.0,0.0,0.0,331.77267,1272.2579,-201.0,1435.8912,907.6545,-201.0,2293.8987,921.43506,-201.0,0 days 00:00:07.610000,0 days 00:00:07.630000
0 days 00:00:00.620000,0 days 00:00:00.640000,answer1,0.43276468,-3.5163229,8.28855,0.011924033,-0.016668716,0.09156158,2.361581,9.36274,-1.1831639,3.2576816,0.0,0.0,0.0,0.0,0.0,0.0,395.8721,1152.7246,-201.0,1482.89,827.3413,-201.0,2373.782,897.3648,-201.0,0 days 00:00:07.620000,0 days 00:00:07.640000
0 days 00:00:00.630000,0 days 00:00:00.650000,answer1,0.40960053,-3.3396606,8.619964,0.032914136,-0.015975045,0.08385595,4.577568,6.760872,0.94603735,6.0091248,0.0,0.0,0.0,0.0,0.0,0.0,389.22998,1146.4943,-133.40614,1457.9598,744.11646,-139.18524,2403.435,938.71246,-142.91762,0 days 00:00:07.630000,0 days 00:00:07.650000
0 days 00:00:00.640000,0 days 00:00:00.660000,answer1,0.37618566,-5.345102,10.866745,0.036874596,-0.014738035,0.09628722,7.1321893,7.664646,4.0507007,10.327734,31.113342,0.0,0.0,4.060293,2.613585,29.646221,363.47263,1195.7479,-65.4048,1448.2633,682.21515,-78.09322,2404.1492,987.66473,-85.168945,0 days 00:00:07.640000,0 days 00:00:07.660000
0 days 00:00:00.650000,0 days 00:00:00.670000,answer1,0.42217198,-10.08686,17.436153,0.07265506,-0.020150118,0.24564952,16.090584,9.262959,5.9222836,11.034938,31.113062,0.0,0.0,4.2568574,3.1498652,29.528795,348.3353,1198.8647,2.4553864,1413.3099,719.8047,-18.556936,2355.122,967.2222,-27.07341,0 days 00:00:07.650000,0 days 00:00:07.670000
0 days 00:00:00.660000,0 days 00:00:00.680000,answer1,0.5114362,-13.963773,24.043398,0.08036268,-0.028088009,0.3297601,23.090517,9.691098,8.210491,7.4426327,31.133041,0.0,0.0,3.0575676,4.219805,29.65256,349.3973,1186.1805,2.0725434,1428.1245,712.6779,-22.047073,2488.439,885.80084,-27.580017,0 days 00:00:07.660000,0 days 00:00:07.680000
0 days 00:00:00.670000,0 days 00:00:00.690000,answer1,0.6262319,-16.690226,27.659143,0.0837636,-0.032887116,0.38109866,30.092674,9.543045,11.257485,4.5977373,27.320196,0.0,0.0,1.0187835,3.44959,28.941538,387.43887,1114.3019,7.37388,1467.2369,756.89166,-19.364506,2582.9998,868.6052,-21.404478,0 days 00:00:07.670000,0 days 00:00:07.690000
0 days 00:00:00.680000,0 days 00:00:00.700000,answer1,0.66436243,-18.27839,28.131525,0.073385656,-0.03786722,0.2822895,31.416933,10.543609,13.314292,1.8303007,23.465155,0.0,0.8316897,-0.12143338,2.4684596,29.69369,417.60718,1236.622,12.056611,1554.8724,840.0474,-15.289249,2698.5752,813.5341,-17.386438,0 days 00:00:07.680000,0 days 00:00:07.700000
0 days 00:00:00.690000,0 days 00:00:00.710000,answer1,0.66535205,-20.256535,28.321457,0.088228226,-0.034987018,0.40250257,32.33627,12.126737,16.049902,3.08111,19.478022,0.0038573137,0.66600007,0.2777699,0.9983969,30.087671,427.6952,1259.0612,-55.154404,1619.2194,896.7098,-73.61387,2687.8313,900.5861,-74.96221,0 days 00:00:07.690000,0 days 00:00:07.710000
0 days 00:00:00.700000,0 days 00:00:00.720000,answer1,0.62398684,-21.631454,29.11571,0.09520326,-0.03367651,0.47780433,32.5491,14.123057,16.609457,3.1616638,19.254965,0.012811263,1.1617765,0.6546745,0.0,0.0,430.34644,1262.5399,-54.221546,1633.1084,948.2181,-72.971275,2615.6296,1188.5043,-73.44884,0 days 00:00:07.700000,0 days 00:00:07.720000
0 days 00:00:00.710000,0 days 00:00:00.730000,answer1,0.59928143,-22.927881,29.826736,0.10057076,-0.032999072,0.56319875,33.739147,15.181592,20.506914,3.176801,19.022352,0.0150612295,1.6465248,0.48587918,6.029024,31.489557,456.89542,1282.4537,-52.890987,1704.6552,895.5805,-70.24473,2739.9167,1212.8505,-67.55892,0 days 00:00:07.710000,0 days 00:00:07.730000
0 days 00:00:00.720000,0 days 00:00:00.740000,answer1,0.58010143,-20.92331,27.056189,0.08287119,-0.035905216,0.46816126,30.935104,17.307648,27.34397,-0.65373135,22.882235,0.3471088,1.9914204,1.54771,6.781508,31.322914,440.62515,1190.695,13.00719,1654.3182,791.51294,-16.936586,2656.04,967.625,-11.990623,0 days 00:00:07.720000,0 days 00:00:07.740000
0 days 00:00:00.730000,0 days 00:00:00.750000,answer1,0.5470399,-21.859274,27.426744,0.087767236,-0.03589617,0.3890524,31.454458,18.979136,27.806833,-1.1218947,26.898748,0.37912658,1.1902207,3.2787035,7.1270866,32.2475,431.134,1224.1298,4.5932775,1563.3779,859.7585,-27.188604,2639.4968,576.14594,-23.15033,0 days 00:00:07.730000,0 days 00:00:07.750000
0 days 00:00:00.740000,0 days 00:00:00.760000,answer1,0.5132997,-21.997948,26.959366,0.07219467,-0.035643797,0.3867322,31.638931,19.627705,26.448189,-2.7507718,31.061012,0.41784835,0.7314284,5.4781,6.3202305,33.350037,382.8187,1327.4747,-3.6375349,1298.4686,1177.0519,-39.476883,2408.3523,552.6585,-36.987568,0 days 00:00:07.740000,0 days 00:00:07.760000
0 days 00:00:00.750000,0 days 00:00:00.770000,answer1,0.45642924,-25.871132,32.684433,0.065490134,-0.038597878,0.37668347,35.98093,21.130928,21.051165,-0.0046623745,31.327093,0.10022699,0.64736104,7.3780313,4.9404073,33.93625,487.9152,1426.2115,-10.588907,1414.8633,1214.3707,-38.32329,2586.7344,634.2188,-38.286915,0 days 00:00:07.750000,0 days 00:00:07.770000
0 days 00:00:00.760000,0 days 00:00:00.780000,answer1,0.46282706,-27.235514,34.215557,0.06495619,-0.041970387,0.37471852,36.834103,23.21963,21.814352,-1.2698495,31.58715,0.07793974,0.92058295,8.590337,3.8481038,34.814537,593.9639,1489.2749,-17.7273,1674.236,1192.8351,-38.12163,2733.446,718.3628,-40.26137,0 days 00:00:07.760000,0 days 00:00:07.780000
0 days 00:00:00.770000,0 days 00:00:00.790000,answer1,0.46900988,-27.035955,34.90484,0.06829926,-0.038194682,0.31380656,34.093716,25.494942,20.889084,1.3783102,31.83388,0.053864133,1.4157276,9.409051,2.717838,33.06326,629.6668,1380.2091,-19.4345,1584.1713,1937.8184,-33.206913,2597.6633,785.43994,-39.808426,0 days 00:00:07.770000,0 days 00:00:07.790000
0 days 00:00:00.780000,0 days 00:00:00.800000,answer1,0.4841013,-26.632696,33.83369,0.06606186,-0.031481903,0.23968178,31.32683,27.86078,19.337011,1.3959435,32.117374,0.039048254,1.1249222,9.452872,1.4951712,30.844244,539.21625,1472.7472,-14.118716,1345.5835,2259.135,-32.998493,2371.653,813.8171,-38.51187,0 days 00:00:07.780000,0 days 00:00:07.800000
0 days 00:00:00.790000,0 days 00:00:00.810000,answer1,0.4713839,-26.530619,34.817913,0.051680785,-0.03111521,0.22066392,30.400736,28.792887,17.54466,2.15595,32.536602,0.02370136,0.9855508,8.514695,1.0811936,26.931131,562.5266,1403.5892,-13.692693,1360.9652,2140.203,-31.165846,2476.598,841.3267,-34.85815,0 days 00:00:07.790000,0 days 00:00:07.810000
0 days 00:00:00.800000,0 days 00:00:00.820000,answer1,0.4522593,-26.783806,35.38155,0.042201508,-0.034392685,0.17755233,31.949692,27.138924,15.653735,0.8186248,33.15702,0.010142823,0.6242566,7.7158813,0.95320606,23.728643,640.31793,1314.2941,-18.932844,1758.6484,1038.732,-28.330046,2828.4934,870.33246,-30.550325,0 days 00:00:07.800000,0 days 00:00:07.820000
0 days 00:00:00.810000,0 days 00:00:00.830000,answer1,0.45248476,-26.144785,34.18944,0.04265638,-0.040604156,0.18003877,33.62233,24.001068,13.71905,-0.9109969,33.741608,0.013870069,0.81404036,7.3983226,1.2020608,21.413506,761.79926,1185.6539,-25.779196,2066.5164,674.27814,-20.322237,3090.7307,955.4069,-26.420343,0 days 00:00:07.810000,0 days 00:00:07.830000
0 days 00:00:00.820000,0 days 00:00:00.840000,answer1,0.5408804,-21.66742,26.723198,0.050408006,-0.040928647,0.2374788,31.5059,17.733332,15.959184,-3.9774845,34.217236,0.10654271,1.2928667,7.832342,1.0586647,16.594175,721.23096,1187.3804,-18.817219,2007.2472,557.2537,-16.790966,3039.425,882.0354,-19.626589,0 days 00:00:07.820000,0 days 00:00:07.840000
0 days 00:00:00.830000,0 days 00:00:00.850000,answer1,0.71297866,-16.408533,18.521246,0.06038617,-0.04184681,0.29395947,28.2721,11.534889,22.2361,-7.9675865,34.495796,0.1494155,1.9249634,8.3152895,1.2718765,13.418216,641.92456,1215.7579,-10.740051,1981.1652,454.3536,-18.484438,3017.299,784.4858,-15.127811,0 days 00:00:07.830000,0 days 00:00:07.850000
0 days 00:00:00.840000,0 days 00:00:00.860000,answer1,0.90681714,-11.256016,10.533389,0.06514939,-0.04342431,0.35943413,24.051321,5.871517,30.674326,-12.608333,34.76668,0.14956465,2.0089014,8.381182,1.7200311,13.764268,539.96027,1214.5961,-0.8918198,1710.1752,1599.6195,-22.067007,2626.1465,559.41425,-14.286827,0 days 00:00:07.840000,0 days 00:00:07.860000
0 days 00:00:00.850000,0 days 00:00:00.870000,answer1,1.0710589,-9.470455,7.8226037,0.092910945,-0.04767473,0.41169333,21.798233,4.404802,32.477562,-18.751637,35.028397,0.05584054,1.3588533,8.338908,2.5989811,14.069104,495.838,1207.2888,0.73916197,1706.6254,1535.1815,-23.826883,2651.4001,505.1759,-13.329942,0 days 00:00:07.850000,0 days 00:00:07.870000
0 days 00:00:00.860000,0 days 00:00:00.880000,answer1,1.2122264,-8.753654,6.709002,0.12235113,-0.04937491,0.46598825,20.667412,4.8535023,31.761732,-24.30474,35.29417,0.012030176,0.77643555,7.8059793,3.505418,14.995671,513.5437,1194.5524,0.16559203,1723.0189,1463.857,-26.594086,2672.4763,498.44397,-13.42955,0 days 00:00:07.860000,0 days 00:00:07.880000
0 days 00:00:00.870000,0 days 00:00:00.890000,answer1,1.3606029,-8.727637,6.8140373,0.13175099,-0.04369868,0.6002535,20.003836,4.929832,28.613607,-26.9868,35.667206,0.009337342,0.60242254,7.6264014,3.8170624,15.817296,505.82993,1230.6633,0.56773025,1722.0531,1290.0336,-25.968124,2688.3862,484.5023,-13.849037,0 days 00:00:07.870000,0 days 00:00:07.890000
0 days 00:00:00.880000,0 days 00:00:00.900000,answer1,1.4814254,-8.811253,8.373051,0.12242684,-0.03666875,0.6072869,19.656097,3.5798066,27.696182,-26.88368,36.005054,0.00888004,0.79857904,8.124055,3.7251003,18.187338,475.32358,1277.9038,0.28816143,1509.9955,2133.8818,-24.571983,2340.386,408.1499,-16.498648,0 days 00:00:07.880000,0 days 00:00:07.900000
0 days 00:00:00.890000,0 days 00:00:00.910000,answer1,1.503718,-9.186719,9.729121,0.11914307,-0.032641865,0.7215116,18.55453,2.099048,24.792107,-27.773706,36.331978,0.009037519,0.7130167,8.872952,3.958233,17.512606,475.2081,1348.4899,1.6043106,1508.2018,2169.1775,-20.1883,2345.5745,372.6765,-15.908295,0 days 00:00:07.890000,0 days 00:00:07.910000
0 days 00:00:00.900000,0 days 00:00:00.920000,answer1,1.4821862,-8.792079,8.602,0.11815765,-0.035569794,0.62145865,18.201078,1.2481074,22.813293,-28.584219,36.542572,0.010932895,0.64927703,9.511392,4.555587,15.477052,477.53625,1314.3383,1.5135264,1586.5172,1990.0547,-21.068802,2344.2244,392.05405,-13.963527,0 days 00:00:07.900000,0 days 00:00:07.920000
0 days 00:00:00.910000,0 days 00:00:00.930000,answer1,1.4244475,-7.8514366,6.5615535,0.11573536,-0.03826827,0.61463666,16.90993,1.8352746,22.154444,-29.246527,36.7413,0.00919334,0.46588695,9.499615,5.1932797,12.646526,486.69156,1264.0894,1.3513335,1786.5309,1146.5038,-21.60264,2707.6536,501.52832,-11.295194,0 days 00:00:07.910000,0 days 00:00:07.930000
0 days 00:00:00.920000,0 days 00:00:00.940000,answer1,1.3893296,-6.996462,5.5574245,0.10641671,-0.038807925,0.47705427,16.718706,0.50430036,21.994928,-28.338,36.863087,0.0067250933,0.34331548,9.457,5.35356,12.581936,449.2765,1189.5844,1.0967127,1763.6388,1119.7167,-24.492823,2710.9119,559.6754,-11.485223,0 days 00:00:07.920000,0 days 00:00:07.940000
0 days 00:00:00.930000,0 days 00:00:00.950000,answer1,1.3571898,-7.0391974,6.061398,0.11828462,-0.03822638,0.45584205,17.913496,-1.7330027,24.147257,-28.995958,36.91692,0.004125053,0.33867517,9.349736,5.381827,10.601818,447.412,1203.071,0.78133345,1897.4877,175.78339,-24.50051,3086.5088,676.68567,-9.820484,0 days 00:00:07.930000,0 days 00:00:07.950000
0 days 00:00:00.940000,0 days 00:00:00.960000,answer1,1.3229656,-8.025794,7.4238915,0.09805586,-0.04220782,0.4197739,20.756765,-2.6288393,25.950788,-29.728785,37.163803,0.0046099056,0.34612176,7.439878,7.475778,12.925063,484.64322,1395.7656,-2.1802242,1623.8662,1478.1338,-24.778929,2361.6743,499.92297,-12.898147,0 days 00:00:07.940000,0 days 00:00:07.960000
0 days 00:00:00.950000,0 days 00:00:01,answer1,1.3424592,-8.362699,8.0989485,0.08954474,-0.042412043,0.4845307,22.884054,-1.668086,30.285086,-26.706413,37.20638,0.0039901095,0.20247947,7.0401425,7.9029555,13.840446,414.6627,1237.4725,-0.013642311,1460.6002,2086.1506,-25.258812,2008.6693,419.87097,-13.854089,0 days 00:00:07.950000,0 days 00:00:08
0 days 00:00:00,0 days 00:00:00.020000,answer2,0.6247003,-14.247458,28.325663,0.059515167,-0.020041006,0.041377336,30.158752,1.8626949,-9.5907755,-15.378751,37.287155,0.0,0.5465049,11.194142,0.71502465,17.34594,792.70953,1283.9723,-9.85521,1677.5795,852.9058,-16.281311,2990.6028,381.47803,-26.486124,0 days 00:00:17.400400400,0 days 00:00:17.420400400
0 days 00:00:00.010000,0 days 00:00:00.030000,answer2,0.62710744,-14.384251,26.771517,0.059597343,-0.022117408,0.07337678,27.211195,3.181753,-5.3353944,-18.796135,37.258392,0.0070225233,0.7101686,11.011239,1.9517317,14.245696,672.9529,1464.0737,-9.73943,1473.6351,2906.0042,-15.960158,2506.372,701.74927,-23.319223,0 days 00:00:17.410400400,0 days 00:00:17.430400400
0 days 00:00:00.020000,0 days 00:00:00.040000,answer2,0.59800667,-14.007735,25.52449,0.06469032,-0.01961285,0.123910606,24.900614,4.1129713,-1.9023013,-19.644972,37.21747,0.0071517224,0.706024,10.8632,3.4217358,14.889645,554.81305,1595.1221,-9.438545,1415.2388,2939.6846,-16.599215,2505.4443,715.3296,-23.711416,0 days 00:00:17.420400400,0 days 00:00:17.440400400
0 days 00:00:00.030000,0 days 00:00:00.050000,answer2,0.5574439,-13.773364,25.111414,0.07530508,-0.019801643,0.11475313,24.296928,2.8934612,1.255008,-18.35724,37.187912,0.011011277,0.87805533,10.957679,4.078828,16.373362,405.55453,1613.2958,-8.566687,1317.6595,2919.993,-17.669836,2465.657,919.7524,-24.710184,0 days 00:00:17.430400400,0 days 00:00:17.450400400
0 days 00:00:00.040000,0 days 00:00:00.060000,answer2,0.5161767,-13.938436,25.874344,0.08652558,-0.013806842,0.11425886,26.341654,3.102523,1.2620074,-16.393373,37.18866,0.00995605,0.9515915,10.957012,3.6575844,21.19618,547.8096,1783.31,0.0,1465.1613,1007.5957,-19.498682,2952.8088,595.9322,-29.221176,0 days 00:00:17.440400400,0 days 00:00:17.460400400
0 days 00:00:00.050000,0 days 00:00:00.070000,answer2,0.49445286,-14.800671,26.250189,0.07563735,-0.014394365,0.099258386,26.797968,5.0537357,1.4990335,-16.81273,37.220974,0.012157734,1.1352946,10.61538,2.5066395,22.481186,609.3633,1854.497,-10.049984,1478.9585,1033.2299,-20.571562,2940.8496,536.6083,-30.574102,0 days 00:00:17.450400400,0 days 00:00:17.470400400
0 days 00:00:00.060000,0 days 00:00:00.080000,answer2,0.49013987,-15.69189,27.457987,0.060657322,-0.01645157,0.098688364,28.424257,6.672531,-1.1730139,-16.356506,37.27377,0.014262442,0.91970664,9.919466,1.1090813,23.237915,757.6434,2113.0247,-9.605758,1554.4824,1191.7765,-21.093805,2970.2207,363.0432,-31.73459,0 days 00:00:17.460400400,0 days 00:00:17.480400400
0 days 00:00:00.070000,0 days 00:00:00.090000,answer2,0.48074675,-16.277815,28.855589,0.038327664,-0.017485334,0.093355395,28.955872,7.764563,-1.6908579,-13.8304825,37.3345,0.016819054,0.8107788,9.68202,-0.28981718,23.192993,730.77686,1929.0192,-8.79247,1588.8319,1172.898,-21.47535,2948.6582,433.7736,-32.275284,0 days 00:00:17.470400400,0 days 00:00:17.490400400
0 days 00:00:00.080000,0 days 00:00:00.100000,answer2,0.49079064,-16.412722,30.310377,0.038492545,-0.017967274,0.09211784,30.926859,6.5205226,-1.1085097,-12.221259,37.39333,0.021575714,0.5796738,10.155524,-1.7339283,25.435816,822.0113,1807.9468,-8.14745,1661.8809,1275.7532,-21.962103,2969.135,534.138,-35.317196,0 days 00:00:17.480400400,0 days 00:00:17.500400400
0 days 00:00:00.090000,0 days 00:00:00.110000,answer2,0.4973131,-15.883514,29.651365,0.039680943,-0.01683701,0.092837624,31.776634,5.213226,-1.099545,-11.84042,37.449196,0.017812746,0.7452054,10.990696,-3.3467586,26.387663,821.6524,1523.0492,-7.7318025,1680.9688,1133.4962,-22.918976,2952.283,513.557,-37.46622,0 days 00:00:17.490400400,0 days 00:00:17.510400400
0 days 00:00:00.100000,0 days 00:00:00.120000,answer2,0.5082831,-15.466809,30.968668,0.053338256,-0.016662672,0.108822346,33.24239,3.634346,-5.3954005,-13.256547,37.521603,0.019810615,0.8462253,11.337929,-5.292267,25.855574,841.72296,1313.2843,-7.693706,1694.1967,1032.1777,-24.43918,2975.6338,429.959,-38.84155,0 days 00:00:17.500400400,0 days 00:00:17.520400400
0 days 00:00:00.110000,0 days 00:00:00.130000,answer2,0.51096606,-14.892368,31.553858,0.060714602,-0.015484263,0.10331764,33.90488,1.9655794,-10.249203,-14.698859,37.628056,0.0154989315,0.94752026,10.914254,-7.1012864,21.984991,829.97296,1202.5868,-8.083459,1675.8545,906.81177,-25.035742,2994.8867,376.3281,-37.169735,0 days 00:00:17.510400400,0 days 00:00:17.530400400
0 days 00:00:00.120000,0 days 00:00:00.140000,answer2,0.5072666,-15.09586,34.283348,0.06858775,-0.014504594,0.103905775,35.159836,2.1275263,-13.760221,-14.89434,37.750156,0.013717075,0.6402977,9.792249,-7.7313685,19.66633,846.9995,1207.1609,-8.896449,1679.7814,941.3195,-25.278372,3017.5332,424.88284,-36.294147,0 days 00:00:17.520400400,0 days 00:00:17.540400400
0 days 00:00:00.130000,0 days 00:00:00.150000,answer2,0.5098017,-14.78473,33.09112,0.062137034,-0.010337987,0.11559924,35.377407,1.5111221,-12.992417,-11.937512,37.851696,0.010310046,0.50090575,8.134241,-7.147124,19.993216,848.31915,1225.003,-10.119204,1678.3237,927.2004,-25.575903,3021.489,410.71353,-37.25954,0 days 00:00:17.530400400,0 days 00:00:17.550400400
0 days 00:00:00.140000,0 days 00:00:00.160000,answer2,0.48883638,-16.539751,33.381344,0.049659804,-0.0116291335,0.15085977,35.707645,4.317728,-9.4081135,-6.8857484,37.937607,0.008304609,0.41091624,5.3484497,-2.454162,23.061562,864.47974,1255.0725,-11.662408,1750.0033,946.8113,-27.872604,3028.3215,453.47623,-37.17813,0 days 00:00:17.540400400,0 days 00:00:17.560400400
0 days 00:00:00.150000,0 days 00:00:00.170000,answer2,0.4441925,-17.128866,31.916765,0.048091877,-0.011927935,0.18414761,34.468845,4.6404953,-3.475481,-2.2671804,37.415005,0.007435465,0.69232845,1.9014231,-1.4388361,25.061228,636.33136,1467.147,-12.538948,1595.4883,1044.9961,-29.042582,2782.4941,691.3862,-35.179672,0 days 00:00:17.550400400,0 days 00:00:17.570400400
0 days 00:00:00.160000,0 days 00:00:00.180000,answer2,0.41108236,-19.101921,32.134426,0.05913349,-0.021231381,0.19974522,33.580833,6.910254,-0.6510858,-3.2757752,39.134495,0.007353675,0.8154208,1.5088402,8.473382,31.695501,652.76166,1419.3623,0.0,1699.1094,1034.002,-29.586433,2840.7566,780.7395,-35.481915,0 days 00:00:17.560400400,0 days 00:00:17.580400400
0 days 00:00:00.170000,0 days 00:00:00.190000,answer2,0.4329706,-18.914839,31.322828,0.07646465,-0.030632377,0.22942834,33.44958,5.691562,-1.8234264,-8.2444105,40.86597,0.0063636224,1.0686541,3.7886124,15.651799,28.532862,431.9703,1711.7115,-22.3573,1388.1144,1263.0372,-27.964773,2467.7927,966.11115,-29.53621,0 days 00:00:17.570400400,0 days 00:00:17.590400400
0 days 00:00:00.180000,0 days 00:00:00.200000,answer2,0.53605825,-19.505804,30.6901,0.08646977,-0.038660552,0.35580865,34.516033,3.2249825,-3.6503935,-14.997566,43.118652,0.092225455,1.176163,7.825006,26.60451,31.164923,526.54755,1513.186,0.0,1477.584,1327.1825,-25.75469,2416.4001,1005.33124,-31.466522,0 days 00:00:17.580400400,0 days 00:00:17.600400400
0 days 00:00:00.190000,0 days 00:00:00.210000,answer2,0.6163542,-17.857498,28.361013,0.08167655,-0.035991527,0.401934,34.660583,-1.6445723,-4.694603,-16.3926,42.919327,0.10375226,1.507749,9.669225,27.240198,24.303541,383.8809,1590.3926,0.0,1353.9169,1462.3984,-25.602049,2152.254,1425.4161,-27.837412,0 days 00:00:17.590400400,0 days 00:00:17.610400400
0 days 00:00:00.200000,0 days 00:00:00.220000,answer2,0.6873649,-16.30612,24.9161,0.07753975,-0.026922822,0.37766027,33.252373,-7.8263583,-0.83847886,-16.204704,42.447098,0.10645154,1.3623677,10.803365,24.500801,26.398705,443.59402,1236.1898,0.0,1506.5493,1219.6803,-27.376242,2290.8071,1337.809,-34.12352,0 days 00:00:17.600400400,0 days 00:00:17.620400400
0 days 00:00:00.210000,0 days 00:00:00.230000,answer2,0.681307,-16.424002,23.694777,0.07228032,-0.022460243,0.34107807,32.0824,-9.497367,2.2013645,-15.257686,41.91335,0.020372655,1.2401214,11.971958,20.820734,21.663336,427.86807,1336.5416,0.0,1503.6787,1215.9172,-32.552677,2412.668,1231.608,-33.798786,0 days 00:00:17.610400400,0 days 00:00:17.630400400
0 days 00:00:00.220000,0 days 00:00:00.240000,answer2,0.65635914,-17.994608,25.473001,0.065946385,-0.023789903,0.35654894,30.894775,-7.347073,10.266731,-13.272597,41.522526,0.014527805,0.8240094,13.172505,17.193243,16.10677,394.56567,1309.8154,0.0,1462.9606,1110.6267,-35.934208,2400.9617,978.675,-32.502827,0 days 00:00:17.620400400,0 days 00:00:17.640400400
0 days 00:00:00.230000,0 days 00:00:00.250000,answer2,0.60668594,-20.26637,28.18661,0.058225483,-0.02485018,0.34593806,29.033724,-1.5370994,14.249766,-15.631719,41.348217,0.016966278,0.751884,13.755458,14.3557005,6.901283,347.93472,1376.9287,0.0,1417.5308,1106.7,-37.538387,2389.7236,838.1917,-28.588789,0 days 00:00:17.630400400,0 days 00:00:17.650400400
0 days 00:00:00.240000,0 days 00:00:00.260000,answer2,0.57795304,-21.461319,29.32868,0.050603356,-0.024736574,0.26675615,26.629118,3.124297,19.495895,-15.304652,41.296894,0.018458428,0.71517676,13.859364,10.911046,-2.0696259,300.85675,1342.4305,0.0,1397.6061,1009.9007,-37.978554,2338.6433,688.3493,-25.982504,0 days 00:00:17.640400400,0 days 00:00:17.660400400
0 days 00:00:00.250000,0 days 00:00:00.270000,answer2,0.6441198,-19.712202,26.082888,0.059097152,-0.020711975,0.27516574,23.929382,0.079117455,22.03698,-15.563054,41.294235,0.01199131,0.6674371,13.956029,8.053786,-5.1875663,603.27014,1311.983,0.0,1611.1061,1047.1246,-36.248096,2529.5962,848.19336,-29.071135,0 days 00:00:17.650400400,0 days 00:00:17.670400400
0 days 00:00:00.260000,0 days 00:00:00.280000,answer2,0.66894513,-20.295221,25.715416,0.06305622,-0.015349668,0.34712854,23.897879,-1.5746914,24.719795,-9.5881195,41.25752,0.008588548,0.8648049,14.35171,5.011738,-6.6622186,563.14014,1378.2646,-44.20319,1660.208,1023.8108,-39.475643,2538.8254,934.97363,-31.694738,0 days 00:00:17.660400400,0 days 00:00:17.680400400
0 days 00:00:00.270000,0 days 00:00:00.290000,answer2,0.7821164,-18.007584,24.527365,0.06039633,-0.010474547,0.36275578,19.74128,-3.6668317,33.37213,-8.076573,41.101833,0.0063565546,0.719765,14.369092,6.279199,-1.1231753,979.566,951.24536,0.0,2005.6805,1030.6011,-38.326508,2845.9785,1166.5972,-35.61052,0 days 00:00:17.670400400,0 days 00:00:17.690400400
0 days 00:00:00.280000,0 days 00:00:00.300000,answer2,0.75822043,-21.146355,28.131943,0.06025678,-0.01089335,0.36012197,19.922485,0.29057848,37.035885,-7.9059978,40.884052,0.010350332,0.6277378,13.659814,6.3067207,4.5473785,655.1526,962.3785,-50.225193,1833.0239,822.852,-42.627674,2716.0183,915.7316,-38.15907,0 days 00:00:17.680400400,0 days 00:00:17.700400400
0 days 00:00:00.290000,0 days 00:00:00.310000,answer2,0.7725994,-22.391863,29.109207,0.06281822,-0.016337408,0.31527984,20.658216,3.2096958,39.226223,-7.301893,40.73865,0.008167497,0.34402934,11.699517,9.276027,9.79537,712.9558,842.55695,0.0,1883.1608,690.49927,-40.323555,2827.8057,981.06323,-39.11734,0 days 00:00:17.690400400,0 days 00:00:17.710400400
0 days 00:00:00.300000,0 days 00:00:00.320000,answer2,0.7015272,-26.176134,32.347332,0.0704731,-0.021106234,0.37710848,25.737059,5.139501,32.907387,-7.499416,39.66205,0.008676539,0.23666655,8.580178,9.414913,10.060002,317.51645,1227.701,0.0,1599.2954,613.7652,-42.122086,2554.613,1013.8973,-34.58939,0 days 00:00:17.700400400,0 days 00:00:17.720400400
0 days 00:00:00.310000,0 days 00:00:00.330000,answer2,0.66249555,-24.476236,30.088997,0.06727281,-0.02419939,0.66394496,27.051382,4.5440254,31.700745,-8.352141,38.447613,0.005020082,0.15711224,6.5988793,11.67366,9.2522745,318.77182,1268.1329,0.0,1591.2067,684.21124,-39.23016,2577.7698,1055.2762,-29.727701,0 days 00:00:17.710400400,0 days 00:00:17.730400400
0 days 00:00:00.320000,0 days 00:00:00.340000,answer2,0.6487611,-19.750366,25.725775,0.07448178,-0.023926362,0.72877187,25.155014,1.0852197,34.587032,-11.67274,37.026836,0.005020082,0.15711224,5.623299,11.895287,8.524951,315.00833,1216.4888,0.0,1554.143,603.82916,-40.920177,2494.7363,980.1651,-25.718115,0 days 00:00:17.720400400,0 days 00:00:17.740400400
0 days 00:00:00.330000,0 days 00:00:00.350000,answer2,0.6605677,-15.228574,21.229486,0.07318578,-0.02364107,0.71277636,23.126175,0.10529208,40.666424,-9.879281,36.169724,0.005020082,0.15711224,5.493155,10.502786,8.68682,316.77945,1114.1931,0.0,1534.0771,380.67566,-37.48023,2504.3772,774.57227,-26.165863,0 days 00:00:17.730400400,0 days 00:00:17.750400400
0 days 00:00:00.340000,0 days 00:00:00.360000,answer2,0.7633243,-15.275693,21.151016,0.08290264,-0.02469174,0.826361,22.921835,2.0777454,46.831573,-5.963054,35.165127,0.005020082,0.15711224,4.2349305,8.762764,8.611839,323.80734,1006.0093,0.0,1513.5128,243.65752,-36.095837,2452.4978,676.2006,-25.445517,0 days 00:00:17.740400400,0 days 00:00:17.760400400
0 days 00:00:00.350000,0 days 00:00:00.370000,answer2,0.80498224,-17.083181,23.371042,0.07303744,-0.030209472,1.124421,24.208063,5.1862125,47.61832,-2.1124282,29.743904,0.005020082,0.15711224,1.3576604,7.902105,15.865682,326.4614,1005.2026,2.7581859,1508.4912,285.6168,-21.365591,2424.596,700.8366,-16.944313,0 days 00:00:17.750400400,0 days 00:00:17.770400400
0 days 00:00:00.360000,0 days 00:00:00.380000,answer2,0.7763273,-19.241932,24.694899,0.06160831,-0.030807627,1.1901942,26.22718,7.350376,46.05002,2.4262657,24.204361,0.005020082,0.15711224,-1.281962,8.358717,20.777948,326.31778,1014.6938,9.6107025,1482.9419,356.3359,-12.439292,2389.2275,693.6442,-7.4911175,0 days 00:00:17.760400400,0 days 00:00:17.780400400
0 days 00:00:00.370000,0 days 00:00:00.390000,answer2,0.6428055,-19.40656,25.794909,0.043391556,-0.028257502,0.8699886,27.248678,8.782741,43.07533,5.5201797,22.621107,0.005020082,0.15711224,-1.6606951,8.783263,25.757784,330.93295,1050.1122,14.350361,1474.1156,468.74887,-12.587787,2358.8318,733.208,-7.731296,0 days 00:00:17.770400400,0 days 00:00:17.790400400
0 days 00:00:00.380000,0 days 00:00:00.400000,answer2,0.5462718,-19.569529,27.022821,0.040352676,-0.0232661,0.56999797,29.20115,9.832047,38.961185,9.4432535,25.393433,0.005020082,0.15711224,-0.03660965,9.725999,26.062378,342.5387,1049.5201,10.796488,1463.9218,542.7275,-21.98217,2349.8845,765.27124,-18.890676,0 days 00:00:17.780400400,0 days 00:00:17.800400400
0 days 00:00:00.390000,0 days 00:00:00.410000,answer2,0.4766002,-19.771791,27.440643,0.04929645,-0.02142367,0.5182956,29.238152,11.658505,35.60525,11.512734,28.515642,0.005020082,0.15711224,1.8070073,13.762833,26.165855,348.24,1043.0189,0.0,1459.206,572.2324,-30.454287,2356.6123,740.1387,-29.617327,0 days 00:00:17.790400400,0 days 00:00:17.810400400
0 days 00:00:00.400000,0 days 00:00:00.420000,answer2,0.41879627,-20.981222,28.370672,0.037905872,-0.021561263,0.45509577,28.04767,16.146303,30.412119,11.875367,27.820139,0.005020082,0.15711224,2.0793273,16.257357,26.813179,353.15112,1035.1097,-26.570572,1436.2467,643.8339,-30.510004,2335.128,652.0948,-32.48077,0 days 00:00:17.800400400,0 days 00:00:17.820400400
0 days 00:00:00.410000,0 days 00:00:00.430000,answer2,0.3542033,-19.923574,28.005722,0.028701967,-0.019382313,0.4264116,22.52217,19.724417,26.363775,13.615837,27.166422,0.18026072,0.6284993,2.576351,18.47481,24.857035,302.9651,1218.2627,0.0,1425.2719,758.18964,-30.598602,2302.7317,692.0952,-32.806595,0 days 00:00:17.810400400,0 days 00:00:17.830400400
0 days 00:00:00.420000,0 days 00:00:00.440000,answer2,0.32301047,-19.672014,28.463575,0.017101446,-0.015535105,0.37160113,18.72738,23.319914,23.261366,17.70487,26.618353,0.35550132,1.0998864,3.6867936,14.975682,24.09926,281.9638,1292.4994,-10.539067,1408.2734,777.5263,-30.201042,2294.8135,716.1523,-33.91568,0 days 00:00:17.820400400,0 days 00:00:17.840400400
0 days 00:00:00.430000,0 days 00:00:00.450000,answer2,0.32461986,-18.844612,28.56173,0.015680427,-0.012600456,0.2737991,15.556582,25.642096,20.322596,21.765984,26.261427,0.35768953,2.303065,4.389988,13.423023,22.79229,273.90976,1316.2726,-15.31591,1413.7802,732.0039,-27.942759,2331.5977,792.6652,-34.027958,0 days 00:00:17.830400400,0 days 00:00:17.850400400
0 days 00:00:00.440000,0 days 00:00:00.460000,answer2,0.3399494,-19.99573,29.665344,-0.0012226762,-0.011960522,0.20668395,15.670119,27.229578,18.354136,23.502716,25.312391,0.18463713,3.0348568,4.0203047,8.151944,22.368792,297.5439,1214.3676,-15.818667,1386.974,626.8569,-26.347437,2356.3108,658.6607,-34.10722,0 days 00:00:17.840400400,0 days 00:00:17.860400400
0 days 00:00:00.450000,0 days 00:00:00.470000,answer2,0.34052193,-19.786018,30.776749,-0.010364831,-0.013029222,0.14170238,16.72676,26.412016,16.242695,20.94634,21.130663,0.18973637,2.8638723,1.3582155,8.108916,24.994722,296.3337,1245.7994,-6.340551,1359.7319,664.4999,-15.543641,2365.592,665.935,-24.362206,0 days 00:00:17.850400400,0 days 00:00:17.870400400
0 days 00:00:00.460000,0 days 00:00:00.480000,answer2,0.34056905,-19.188585,29.819937,-0.02844879,-0.012345512,0.15212364,17.199759,22.651314,18.285765,18.689135,16.997011,0.2008121,1.6436318,-1.169219,6.72901,27.297691,279.46353,1298.4271,7.8557477,1326.2877,675.28534,-4.3061886,2350.4026,592.66376,-14.610999,0 days 00:00:17.860400400,0 days 00:00:17.880400400
0 days 00:00:00.470000,0 days 00:00:00.490000,answer2,0.3576503,-18.373262,28.17367,-0.034973904,-0.007165397,0.14924654,17.790854,21.54074,20.759283,18.148592,13.732277,0.20383282,1.2588036,-3.4652958,8.0866995,25.05308,596.28485,1087.1088,11.939349,1678.8717,627.6519,1.9771338,2719.472,457.1605,-2.1576302,0 days 00:00:17.870400400,0 days 00:00:17.890400400
0 days 00:00:00.480000,0 days 00:00:00.500000,answer2,0.39070082,-14.817924,23.254074,-0.04232162,-0.0033748245,0.20058149,13.810098,20.246027,19.614113,16.386606,13.801323,0.03272936,1.3590453,-3.8073342,6.9672737,22.182259,883.9798,830.3824,-60.79906,2066.929,579.4553,-66.64301,3013.6619,324.27713,-67.52396,0 days 00:00:17.880400400,0 days 00:00:17.900400400
0 days 00:00:00.490000,0 days 00:00:00.510000,answer2,0.42845932,-9.253873,16.470934,-0.022061678,-0.005893945,0.194022,8.882018,19.002337,13.421727,11.691171,0.0,0.0,0.0,0.0,0.0,0.0,1220.7339,622.0469,-133.70549,2574.535,421.59592,-135.7483,3212.041,727.9209,-132.5219,0 days 00:00:17.890400400,0 days 00:00:17.910400400
0 days 00:00:00.500000,0 days 00:00:00.520000,answer2,0.44073895,-4.4195166,10.287379,-0.0071061277,-0.008024943,0.17125939,3.826905,16.144728,8.805249,7.155318,0.0,0.0,0.0,0.0,0.0,0.0,942.8752,854.56616,-201.0,2223.0894,467.17685,-201.0,2976.4011,894.8469,-201.0,0 days 00:00:17.900400400,0 days 00:00:17.920400400
0 days 00:00:00.510000,0 days 00:00:00.530000,answer2,0.458896,-0.33068147,5.9969087,0.009000399,-0.0047831717,0.12028096,-0.39423165,11.791209,7.160768,4.7170963,0.0,0.0,0.0,0.0,0.0,0.0,931.22076,823.6403,-201.0,2214.8772,445.135,-201.0,2943.0325,1160.1097,-201.0,0 days 00:00:17.910400400,0 days 00:00:17.930400400
0 days 00:00:00.520000,0 days 00:00:00.540000,answer2,0.45654535,0.15023375,5.457628,0.015797736,-0.00040781716,0.08978629,-1.8014692,12.767955,7.8836155,4.422725,0.0,0.0,0.0,0.0,0.0,0.0,573.4521,1066.2365,-201.0,1722.8177,494.879,-201.0,2813.9387,593.18427,-201.0,0 days 00:00:17.920400400,0 days 00:00:17.940400400
0 days 00:00:00.530000,0 days 00:00:00.550000,answer2,0.44107425,-0.5240473,5.9202256,0.021075292,0.00010548051,0.08869827,-1.9358788,14.673411,8.54412,2.7785044,0.0,0.0,0.0,0.0,0.0,0.0,846.9934,827.5781,-201.0,2115.1719,354.82376,-201.0,2995.3352,767.86255,-201.0,0 days 00:00:17.930400400,0 days 00:00:17.950400400
0 days 00:00:00.540000,0 days 00:00:00.560000,answer2,0.38331965,-2.8938458,7.1308217,0.008157735,-0.0041366187,0.08269654,0.37142444,17.524683,8.817711,0.7839229,0.0,0.0,0.0,0.0,0.0,0.0,832.03143,1015.3255,-201.0,2006.6632,383.6686,-201.0,2972.9539,573.2289,-201.0,0 days 00:00:17.940400400,0 days 00:00:17.960400400
0 days 00:00:00.550000,0 days 00:00:00.570000,answer2,0.3217347,-4.631266,9.738608,-0.010903775,-0.007100222,0.07251466,3.9338582,14.36158,6.7460694,-0.29288623,0.0,0.0,0.0,0.0,0.0,0.0,894.979,1009.2217,-201.0,2016.6097,645.4208,-144.72836,2859.4036,871.403,-145.94421,0 days 00:00:17.950400400,0 days 00:00:17.970400400
0 days 00:00:00.560000,0 days 00:00:00.580000,answer2,0.28050375,-8.309264,15.37321,-0.021852752,-0.008449757,0.0890367,8.973972,13.102398,9.014252,1.6097704,30.407898,0.0,0.0,4.4240084,10.935032,30.16732,875.15985,1161.2522,0.0,1901.101,870.9026,-89.98133,2853.7666,667.20874,-91.659386,0 days 00:00:17.960400400,0 days 00:00:17.980400400
0 days 00:00:00.570000,0 days 00:00:00.590000,answer2,0.26665735,-14.509694,24.553339,-0.014047247,-0.013272003,0.1477989,17.138987,14.885579,12.263722,4.5243626,30.143751,0.0,0.0,4.9150524,11.818156,30.79347,638.0649,1207.1993,-18.679424,1640.8418,953.8782,-33.80941,2615.9788,735.3851,-36.328472,0 days 00:00:17.970400400,0 days 00:00:17.990400400
0 days 00:00:00.580000,0 days 00:00:00.600000,answer2,0.28097975,-20.982878,32.23867,0.009747712,-0.012197805,0.21801382,23.664652,19.755285,19.162813,11.177052,29.719635,0.0,0.0,6.1843567,13.388806,30.905771,624.45447,1103.5272,-12.792211,1644.3271,829.3112,-32.388245,2658.9448,691.3171,-34.063477,0 days 00:00:17.980400400,0 days 00:00:18.000400400
0 days 00:00:00.590000,0 days 00:00:00.610000,answer2,0.31700766,-24.31298,34.206444,0.03913613,-0.01631753,0.2404642,28.923845,21.735748,23.292465,12.146324,29.392517,0.0,0.0,6.962935,13.957065,29.675436,360.3256,1141.8739,-5.930926,1376.7661,901.74445,-28.58046,2337.9688,681.5183,-30.856506,0 days 00:00:17.990400400,0 days 00:00:18.010400400
0 days 00:00:00.600000,0 days 00:00:00.620000,answer2,0.36279795,-24.6197,31.727043,0.061103385,-0.0161604,0.22731768,31.30262,20.31313,25.910894,9.96763,29.107397,0.0,3.652366,7.6368012,14.383021,30.037985,358.94223,1149.4171,-4.424481,1348.6338,928.6464,-27.373377,2320.925,562.8719,-29.712606,0 days 00:00:18.000400400,0 days 00:00:18.020400400
0 days 00:00:00.610000,0 days 00:00:00.630000,answer2,0.4067205,-23.432678,28.232437,0.096651934,-0.018678209,0.17690384,33.3622,17.309423,26.76917,7.1066327,28.8067,0.0,2.9669888,7.3444953,14.700363,31.74977,355.2313,1188.4955,-3.6826394,1308.0331,962.0625,-27.954191,2316.2761,447.3613,-30.68255,0 days 00:00:18.010400400,0 days 00:00:18.030400400
0 days 00:00:00.620000,0 days 00:00:00.640000,answer2,0.4169424,-22.885506,28.72347,0.0929249,-0.01159455,0.19062681,32.913975,16.68046,26.644884,9.132339,28.53747,0.024238037,1.8543571,5.9330773,15.054208,31.565872,346.85303,1152.8391,1.0495774,1293.1075,838.0954,-30.453669,2332.881,420.2228,-30.51629,0 days 00:00:18.020400400,0 days 00:00:18.040400400
0 days 00:00:00.630000,0 days 00:00:00.650000,answer2,0.41597605,-22.64187,29.129366,0.091999345,-0.0072988323,0.16057795,31.918402,16.799011,25.844826,13.796799,28.24212,0.02807568,0.84521914,3.2990634,19.817495,29.983175,346.25034,1142.2587,0.056566793,1313.9596,809.5589,-27.720083,2332.9219,455.38425,-29.926605,0 days 00:00:18.030400400,0 days 00:00:18.050400400
0 days 00:00:00.640000,0 days 00:00:00.660000,answer2,0.40455142,-21.921478,29.226822,0.059696686,-0.005909637,0.20487179,29.949152,17.305443,22.767677,13.163201,28.031944,0.02924475,0.5214581,1.147407,24.53846,28.393204,346.10764,1129.0553,-0.8197411,1325.0542,800.16376,-24.71948,2324.1084,472.56485,-29.212944,0 days 00:00:18.040400400,0 days 00:00:18.060400400
0 days 00:00:00.650000,0 days 00:00:00.670000,answer2,0.43859562,-20.357424,27.64406,0.057910025,-0.01217093,0.21839885,31.037079,15.416318,16.840334,9.020197,27.874056,0.035750967,0.6249519,0.016697546,29.152136,28.385317,345.8004,1155.4186,-1.4211832,1323.2354,831.00714,-20.662214,2316.1106,492.02686,-29.806498,0 days 00:00:18.050400400,0 days 00:00:18.070400400
0 days 00:00:00.660000,0 days 00:00:00.680000,answer2,0.46423593,-17.8591,25.247025,0.04626244,-0.016301187,0.2664274,31.260534,11.975638,11.857095,5.7843413,14.726612,0.19553566,0.7211887,-1.7046919,12.172661,27.399866,345.44803,1221.7701,21.981405,1284.1093,888.6442,9.507123,2344.8772,536.80347,-0.056298375,0 days 00:00:18.060400400,0 days 00:00:18.080400400
0 days 00:00:00.670000,0 days 00:00:00.690000,answer2,0.49439454,-15.145065,24.572031,0.03609013,-0.018521274,0.24576001,32.148643,8.190856,7.540664,5.748052,14.59256,0.04921314,1.0278398,-1.4276472,12.587819,28.685217,382.39487,1074.8074,20.828691,1321.276,810.5906,11.388095,2323.8682,561.6978,-0.82126206,0 days 00:00:18.070400400,0 days 00:00:18.090400400
0 days 00:00:00.680000,0 days 00:00:00.733061224,answer2,0.49070087,-13.826165,24.826956,0.04343444,-0.021747569,0.21089947,31.608175,6.1965766,4.7068048,5.6346908,14.558698,0.05984367,1.3724083,-1.4511789,12.6686325,29.62829,385.5566,1046.5759,20.159662,1326.2754,799.5784,11.331356,2269.2776,569.87933,-1.1811495,0 days 00:00:18.080400400,0 days 00:00:18.133461624
0 days 00:00:00,0 days 00:00:00.020000,answer3,1.0170988,-7.347279,16.506073,0.041810144,-0.008775922,0.14509714,37.589878,-12.642627,-0.25368637,-15.099434,26.510096,0.0,0.77401656,-2.9998236,9.92926,22.591446,457.08597,1358.0004,-8.500731,1348.4445,1117.9257,-7.890703,2445.507,1134.7681,-19.522602,0 days 00:00:19.734067401,0 days 00:00:19.754067401
0 days 00:00:00.010000,0 days 00:00:00.030000,answer3,0.96277857,-7.771834,18.069849,0.058858734,-0.008986499,0.28944734,36.26211,-10.211727,-2.4193509,-12.126094,22.818863,0.26927978,0.9715254,-2.0825865,6.741672,22.24352,536.9178,1404.315,-0.25013542,1446.789,1047.8993,-1.7453618,2653.8828,756.698,-13.63622,0 days 00:00:19.744067401,0 days 00:00:19.764067401
0 days 00:00:00.020000,0 days 00:00:00.040000,answer3,0.837683,-8.164082,18.752037,0.05525415,-0.010126752,0.44225284,34.516373,-7.127102,-5.060833,-8.913914,19.139294,0.26927978,1.169034,-2.2081518,4.06258,20.893454,682.9764,1458.6538,9.545798,1591.2705,1057.2053,5.4211617,2877.2332,385.29492,-5.904604,0 days 00:00:19.754067401,0 days 00:00:19.774067401
0 days 00:00:00.030000,0 days 00:00:00.050000,answer3,0.7206549,-8.07225,20.489334,0.05853081,-0.010144346,0.39463344,33.12105,-7.1043053,-5.888855,-2.8105667,19.157867,0.0,1.2684149,-2.9428203,3.7985969,21.51952,739.20337,1581.376,-59.16922,1652.8876,1153.1202,-63.63103,2897.157,509.62195,-71.24301,0 days 00:00:19.764067401,0 days 00:00:19.784067401
0 days 00:00:00.040000,0 days 00:00:00.060000,answer3,0.61152935,-7.487955,19.434282,0.046320777,-0.009956974,0.34951797,30.594225,-7.0752845,-6.2948337,-4.628818,0.0,0.0,0.0,0.0,0.0,0.0,681.17255,1501.4313,-129.31194,1602.6367,1211.7194,-131.80493,2838.5706,1584.8583,-135.1989,0 days 00:00:19.774067401,0 days 00:00:19.794067401
0 days 00:00:00.050000,0 days 00:00:00.070000,answer3,0.5106166,-7.6952415,19.190084,0.043848246,-0.011176687,0.27843273,28.251572,-6.501898,-6.4928093,-6.502726,0.0,0.0,0.0,0.0,0.0,0.0,555.9498,1385.127,-201.0,1518.8209,1181.9955,-201.0,2768.1406,2542.9143,-201.0,0 days 00:00:19.784067401,0 days 00:00:19.804067401
0 days 00:00:00.060000,0 days 00:00:00.080000,answer3,0.43861055,-8.106846,17.178268,0.045202047,-0.017108483,0.2304812,27.2623,-4.2446856,-4.591211,-4.893909,0.0,0.0,0.0,0.0,0.0,0.0,490.01035,1249.7603,-201.0,1500.0162,1081.0392,-201.0,2394.0808,3690.2786,-201.0,0 days 00:00:19.794067401,0 days 00:00:19.814067401
0 days 00:00:00.070000,0 days 00:00:00.090000,answer3,0.37557474,-8.807756,16.451616,0.045110237,-0.021518134,0.17506705,26.430466,-3.3581913,-3.7545025,-3.842656,0.0,0.0,0.0,0.0,0.0,0.0,548.6152,1348.538,-201.0,1580.0791,1028.3105,-201.0,2450.305,2620.137,-201.0,0 days 00:00:19.804067401,0 days 00:00:19.824067401
0 days 00:00:00.080000,0 days 00:00:00.100000,answer3,0.4004198,-7.3092594,14.370654,0.059713185,-0.020806111,0.132891,23.654886,-4.817011,0.3180914,-0.65967077,0.0,0.0,0.0,0.0,0.0,0.0,536.63007,1302.649,-201.0,1580.245,944.93115,-201.0,2353.251,2043.4027,-201.0,0 days 00:00:19.814067401,0 days 00:00:19.834067401
0 days 00:00:00.090000,0 days 00:00:00.110000,answer3,0.4097983,-6.8064237,15.304927,0.051195174,-0.025705954,0.13861014,23.277435,-7.856837,-1.4618115,-4.6248965,0.0,0.0,0.0,0.0,0.0,0.0,517.88135,1191.5237,-201.0,1560.1182,893.98334,-201.0,2525.1829,1309.1812,-201.0,0 days 00:00:19.824067401,0 days 00:00:19.844067401
0 days 00:00:00.100000,0 days 00:00:00.120000,answer3,0.3774587,-6.9228196,16.223598,0.028052928,-0.024372213,0.15694739,22.540451,-6.8203983,2.43448,0.10179011,0.0,0.0,0.0,0.0,0.0,0.0,451.43286,1042.7163,-201.0,1518.1953,865.9221,-201.0,2453.569,1907.7789,-201.0,0 days 00:00:19.834067401,0 days 00:00:19.854067401
0 days 00:00:00.110000,0 days 00:00:00.130000,answer3,0.30851877,-9.611964,19.991455,0.0077050324,-0.024555182,0.14041863,24.86895,-2.0052993,1.4936615,1.8421693,0.0,0.0,0.0,0.0,0.0,0.0,457.07803,1150.7076,-201.0,1536.6198,977.25433,-201.0,2498.9922,2430.882,-201.0,0 days 00:00:19.844067401,0 days 00:00:19.864067401
0 days 00:00:00.120000,0 days 00:00:00.140000,answer3,0.23212592,-10.23862,19.478018,0.009115233,-0.0116643,0.10839769,22.995825,2.4279401,2.511615,7.8413663,0.0,0.0,0.0,0.0,0.0,0.0,461.21042,1191.0298,-201.0,1475.3824,1037.4894,-201.0,2525.3691,2076.2021,-201.0,0 days 00:00:19.854067401,0 days 00:00:19.874067401
0 days 00:00:00.130000,0 days 00:00:00.150000,answer3,0.20695104,-10.191897,19.520876,0.042280078,-0.010917011,0.06276812,21.214312,3.768193,-2.2655346,2.3185847,0.0,0.0,0.0,0.0,0.0,0.0,447.6709,1253.7494,-132.94917,1407.3844,1137.1239,-136.28265,2456.1318,1654.4033,-139.45235,0 days 00:00:19.864067401,0 days 00:00:19.884067401
0 days 00:00:00.140000,0 days 00:00:00.160000,answer3,0.19279402,-9.733533,18.40222,0.043400858,-0.013164401,0.058722932,19.871296,4.669201,-2.0751565,-0.29414627,13.004881,0.0,0.0,-9.997461,7.5578823,25.290363,426.5651,1401.2617,-63.309067,1310.8309,1277.2162,-71.57244,2383.9739,1092.4225,-77.623,0 days 00:00:19.874067401,0 days 00:00:19.894067401
0 days 00:00:00.150000,0 days 00:00:00.170000,answer3,0.19291562,-10.923066,21.121752,0.028658846,-0.015271668,0.05494389,20.811556,6.4162,-0.00032663345,-1.450942,13.115342,0.0,0.0,-10.301839,3.739708,23.6076,404.33694,1590.4503,9.882845,1250.6217,1390.4486,-6.096232,2332.6963,1104.8302,-14.879851,0 days 00:00:19.884067401,0 days 00:00:19.904067401
0 days 00:00:00.160000,0 days 00:00:00.180000,answer3,0.19855237,-12.245823,22.845266,-0.00038604796,-0.015094981,0.055048864,23.529846,8.387916,3.7133837,1.785518,16.4849,0.0,0.0,-7.707209,1.1199964,27.478388,395.27148,1568.796,12.763835,1214.0204,1320.4987,-5.8374076,2283.328,988.1301,-14.427226,0 days 00:00:19.894067401,0 days 00:00:19.914067401
0 days 00:00:00.170000,0 days 00:00:00.190000,answer3,0.21553063,-14.205856,24.46134,0.013515517,-0.014557603,0.082223155,25.852858,9.956066,4.351341,1.9400743,19.980833,0.0,1.092743,-3.806523,-0.02390655,32.075603,616.41986,1499.3065,10.036876,1529.1011,1145.7993,-8.742886,2707.298,854.28973,-13.40015,0 days 00:00:19.904067401,0 days 00:00:19.924067401
0 days 00:00:00.180000,0 days 00:00:00.200000,answer3,0.25979117,-18.860008,26.461077,0.04797091,-0.019874834,0.2142467,29.227911,13.427213,10.006887,-0.23830366,23.265839,0.0,0.83122176,-0.067112185,3.6608334,38.5799,612.3749,1423.7213,8.783391,1598.2382,1207.1053,-10.952176,2782.292,946.66504,-15.070663,0 days 00:00:19.914067401,0 days 00:00:19.934067401
0 days 00:00:00.190000,0 days 00:00:00.210000,answer3,0.31188163,-23.958628,30.523531,0.06627215,-0.026480922,0.27318087,33.406315,17.93143,12.235612,-3.2937272,26.969862,0.3922274,2.4738407,1.7622303,4.8027935,33.80987,743.0415,1454.8052,-1.5324869,1797.3075,1283.0471,-23.732645,2970.5403,930.5446,-20.210907,0 days 00:00:19.924067401,0 days 00:00:19.944067401
0 days 00:00:00.200000,0 days 00:00:00.220000,answer3,0.39696494,-25.891459,34.03255,0.08067875,-0.027873322,0.36554417,36.69316,19.014322,14.4253235,-5.9615474,30.556646,0.2707241,2.6494133,3.5741851,3.8978999,28.675802,553.64996,1589.6641,-4.621185,1531.923,1325.6305,-27.701002,2704.1248,694.1714,-26.832544,0 days 00:00:19.934067401,0 days 00:00:19.954067401
0 days 00:00:00.210000,0 days 00:00:00.230000,answer3,0.5001464,-24.725416,33.453854,0.08808991,-0.029487142,0.33808768,39.254204,16.863289,12.821828,-9.435249,34.084064,0.23468922,3.086507,6.2685547,1.8558089,21.492777,700.8776,1561.1447,-14.983948,1719.0609,1307.5018,-33.9353,2797.7832,511.9767,-30.430166,0 days 00:00:19.944067401,0 days 00:00:19.964067401
0 days 00:00:00.220000,0 days 00:00:00.240000,answer3,0.6674412,-22.358126,31.051039,0.08704146,-0.027043082,0.5471929,40.69957,11.977038,12.526039,-12.011864,33.80097,0.06331548,1.96564,7.7194314,1.0065842,19.088781,505.26144,1838.519,-12.89982,1442.2334,1386.8842,-28.848608,2607.3167,815.8737,-29.120676,0 days 00:00:19.954067401,0 days 00:00:19.974067401
0 days 00:00:00.230000,0 days 00:00:00.250000,answer3,0.83203316,-20.886856,27.92321,0.08101922,-0.024793992,0.5921874,42.62229,4.517677,13.761159,-9.115956,33.526543,0.07840308,1.9603461,7.2891197,0.5099249,17.355482,458.05783,1749.5089,0.0,1363.2329,1472.3099,-27.154785,2371.8206,1081.4735,-28.078741,0 days 00:00:19.964067401,0 days 00:00:19.984067401
0 days 00:00:00.240000,0 days 00:00:00.260000,answer3,1.0052375,-18.258757,26.258062,0.06767899,-0.021426568,0.67410487,43.93335,-3.617246,12.679599,-3.2841337,33.55185,0.07518691,1.5546542,5.163064,0.6578223,15.198636,310.33975,1802.5404,-10.358312,1136.6989,1410.016,-25.148249,2184.7043,1262.7083,-25.681755,0 days 00:00:19.974067401,0 days 00:00:19.994067401
0 days 00:00:00.250000,0 days 00:00:00.270000,answer3,1.1610857,-16.11095,24.301651,0.07555527,-0.018252509,0.6229892,44.147396,-9.368487,14.723632,1.7519444,33.726353,0.035025697,0.8761761,3.0705538,-1.4125504,11.337383,371.81088,1491.5133,-9.117351,1223.5337,1266.335,-20.599304,2136.6672,1049.4453,-20.454735,0 days 00:00:19.984067401,0 days 00:00:20.004067401
0 days 00:00:00.260000,0 days 00:00:00.280000,answer3,1.2027498,-14.586914,22.426664,0.077380516,-0.013785346,0.7805438,42.562775,-10.788594,16.306091,5.1972966,33.97098,0.018017212,0.63077766,3.0151958,-3.800661,5.595841,374.59445,1331.918,-7.9230194,1259.1658,1107.3651,-17.298777,2134.745,920.6797,-13.51886,0 days 00:00:19.994067401,0 days 00:00:20.014067401
0 days 00:00:00.270000,0 days 00:00:00.290000,answer3,1.218495,-12.346683,21.18422,0.08085296,-0.019128973,1.0946048,39.471165,-11.837321,13.127994,2.7695036,33.987705,0.04603094,1.1817664,5.0781684,-5.930519,2.7286575,393.27148,1177.0227,-7.9563584,1328.9717,996.3687,-14.705715,2140.128,988.3132,-10.685016,0 days 00:00:20.004067401,0 days 00:00:20.024067401
0 days 00:00:00.280000,0 days 00:00:00.300000,answer3,1.2806536,-10.380383,20.43074,0.07941031,-0.018646704,1.1825922,38.32133,-15.162206,9.930592,2.5161955,33.89421,0.079173625,1.4488554,7.6785355,-4.8981695,3.1878688,401.9861,1171.0012,-9.351592,1373.6445,1029.6351,-15.84198,2121.3586,1109.3903,-12.539462,0 days 00:00:20.014067401,0 days 00:00:20.034067401
0 days 00:00:00.290000,0 days 00:00:00.310000,answer3,1.4471015,-9.200999,20.464445,0.066254415,-0.02670038,1.2218632,38.29224,-18.966486,6.820141,0.08904306,33.79661,0.07968629,1.7006208,9.342556,-2.1884863,5.496208,428.95688,1213.5948,-10.484086,1434.0352,1230.9078,-17.900942,2059.9072,1307.5151,-15.980296,0 days 00:00:20.024067401,0 days 00:00:20.044067401
0 days 00:00:00.300000,0 days 00:00:00.320000,answer3,1.5946747,-10.470088,20.564743,0.07992041,-0.02353125,1.0303932,38.93958,-18.023483,7.975737,2.318783,33.692482,0.046703827,1.1202258,10.358696,-0.7222163,9.244237,578.7226,1271.4291,-10.988347,1563.1422,1211.8788,-18.624685,2279.6028,1083.1473,-20.002604,0 days 00:00:20.034067401,0 days 00:00:20.054067401
0 days 00:00:00.310000,0 days 00:00:00.330000,answer3,1.6679745,-11.134555,20.242678,0.07263442,-0.02491053,0.9057195,37.318996,-16.377111,10.222554,4.321467,33.593487,0.010961737,0.698435,11.000389,-0.8695593,13.6339445,740.8213,1416.2582,-11.298477,1712.7301,1195.7384,-18.504498,2542.596,927.8071,-24.270376,0 days 00:00:20.044067401,0 days 00:00:20.064067401
0 days 00:00:00.320000,0 days 00:00:00.340000,answer3,1.6982422,-11.740546,20.278091,0.09838327,-0.023754753,0.67247015,36.560196,-14.216779,11.002862,4.0592666,33.52676,0.0037118702,0.3625073,10.898175,-2.0838702,17.639128,883.9621,1398.7831,-11.982494,1848.4874,972.5433,-19.331083,2876.9658,723.45135,-28.362974,0 days 00:00:20.054067401,0 days 00:00:20.074067401
0 days 00:00:00.330000,0 days 00:00:00.350000,answer3,1.7031647,-12.147191,20.690218,0.07758013,-0.026891902,0.52246016,36.329132,-14.326785,13.288418,0.48495278,33.570908,0.0038809034,0.3590155,9.760034,-4.2125926,16.3109,732.10455,1484.2911,-12.716605,1646.2095,1190.4799,-19.74025,2596.3442,843.97125,-27.998835,0 days 00:00:20.064067401,0 days 00:00:20.084067401
0 days 00:00:00.340000,0 days 00:00:00.360000,answer3,1.640488,-13.222775,21.304575,0.08282181,-0.029280147,0.46366397,37.032154,-12.879548,13.339511,-1.3452638,33.682175,0.0019892487,0.3939989,7.471588,-7.0103555,12.056943,552.2019,1540.3905,-13.318021,1387.1315,1366.0214,-20.898748,2292.407,897.4897,-24.77836,0 days 00:00:20.074067401,0 days 00:00:20.094067401
0 days 00:00:00.350000,0 days 00:00:00.370000,answer3,1.5613676,-13.050519,20.597574,0.058206603,-0.028045082,0.561368,36.202892,-12.736416,13.836463,-1.3888844,33.773743,0.002947053,0.20299877,5.0503764,-8.475265,8.002412,399.84973,1631.2648,-11.054569,1185.8732,1628.2299,-17.15225,1975.3164,997.2474,-19.056982,0 days 00:00:20.084067401,0 days 00:00:20.104067401
0 days 00:00:00.360000,0 days 00:00:00.380000,answer3,1.4864802,-11.872462,17.57181,0.055239577,-0.023638086,0.639158,35.150043,-15.215808,13.172444,-0.63832206,33.737705,0.004087811,0.47175074,3.6446192,-9.056578,6.9516625,411.56357,1568.7865,-8.623324,1212.8824,1614.2406,-13.755859,1991.6754,996.1872,-15.574986,0 days 00:00:20.094067401,0 days 00:00:20.114067401
0 days 00:00:00.370000,0 days 00:00:00.390000,answer3,1.4681174,-10.231473,14.492772,0.06731022,-0.022784794,0.8872252,33.357582,-18.81354,11.622607,-6.7046947,33.592754,0.010967907,0.8482205,3.5509672,-8.815301,8.453267,632.01544,1522.5355,-10.377622,1511.3158,1386.4531,-12.387444,2310.0564,925.4478,-16.443064,0 days 00:00:20.104067401,0 days 00:00:20.124067401
0 days 00:00:00.380000,0 days 00:00:00.400000,answer3,1.4837651,-9.1173525,12.41539,0.07477852,-0.023029046,0.8489558,33.128803,-20.52868,11.882469,-12.875903,33.212246,0.025429443,0.8901887,3.8433526,-9.367094,8.04483,571.3553,1526.3472,-12.494352,1492.8208,1203.8832,-16.677694,2380.0374,838.3296,-19.644007,0 days 00:00:20.114067401,0 days 00:00:20.134067401
0 days 00:00:00.390000,0 days 00:00:00.410000,answer3,1.4994321,-9.912305,13.3535185,0.07400324,-0.025979796,0.9801345,34.03,-18.289724,13.462783,-16.608755,32.40643,0.039065823,0.5761402,4.5418763,-7.7202783,10.941953,553.8736,1553.0952,0.0,1482.5765,1164.7936,-20.63099,2432.7576,784.7845,-23.491037,0 days 00:00:20.124067401,0 days 00:00:20.144067401
0 days 00:00:00.400000,0 days 00:00:00.420000,answer3,1.4226936,-10.908288,15.752313,0.06042981,-0.023779377,1.0687512,34.723312,-13.696956,19.675013,-13.136174,31.628365,0.04800124,0.1678015,5.480917,-5.776594,13.168793,529.0361,1406.1595,-17.021664,1516.8973,1088.2377,-23.156847,2457.1687,819.14404,-24.05097,0 days 00:00:20.134067401,0 days 00:00:20.154067401
0 days 00:00:00.410000,0 days 00:00:00.430000,answer3,1.3165967,-13.828504,20.493896,0.06041954,-0.026320627,1.2022653,36.124405,-6.3975253,21.794882,-11.27814,31.068117,0.0531756,0.40682077,6.9309564,-3.6779633,17.631172,580.62286,1288.8447,-13.127954,1547.7748,1055.1761,-25.805635,2523.2634,744.512,-24.636093,0 days 00:00:20.144067401,0 days 00:00:20.164067401
0 days 00:00:00.420000,0 days 00:00:00.440000,answer3,1.183684,-15.889178,21.87485,0.07073126,-0.026889034,1.0706562,35.606632,1.1299595,23.986084,-10.634793,30.948755,0.054942835,0.5673296,7.8338737,-3.3127816,19.304445,586.28253,1242.3193,-10.400521,1535.4727,1056.184,-28.884455,2542.2385,611.6298,-24.451899,0 days 00:00:20.154067401,0 days 00:00:20.174067401
0 days 00:00:00.430000,0 days 00:00:00.450000,answer3,1.0752738,-18.436539,22.801497,0.078732096,-0.030921297,0.7922144,35.68339,7.810423,23.41226,-11.400723,30.871538,0.049141396,0.6624527,8.060641,-2.4650176,20.711845,411.077,1254.5679,-2.3829906,1255.3479,1321.0072,-30.661425,2274.7395,507.69516,-24.429968,0 days 00:00:20.164067401,0 days 00:00:20.184067401
0 days 00:00:00.440000,0 days 00:00:00.460000,answer3,0.95998573,-19.009699,21.652864,0.076108746,-0.031696405,0.63412607,31.245232,14.751289,21.91329,-12.878001,30.850637,0.03507389,0.986553,7.8621287,-1.3199154,22.027184,414.27335,1255.2086,-1.3840079,1231.7942,1409.5309,-30.440516,2237.5654,433.59366,-24.746325,0 days 00:00:20.174067401,0 days 00:00:20.194067401
0 days 00:00:00.450000,0 days 00:00:00.470000,answer3,0.8927234,-18.807356,21.789602,0.07975483,-0.033582672,0.5104601,25.249651,22.896378,16.772364,-13.055461,30.861742,0.018023996,1.1089664,7.6955757,-0.03513336,23.728518,432.45273,1292.566,-2.0662355,1165.8644,1653.2614,-32.725285,2226.424,358.21158,-25.845102,0 days 00:00:20.184067401,0 days 00:00:20.204067401
0 days 00:00:00.460000,0 days 00:00:00.480000,answer3,0.84312075,-19.192774,22.833199,0.07008725,-0.034265522,0.4738303,18.802694,34.164852,10.564956,-9.362118,30.863455,0.010721442,1.116275,7.7247663,1.0376263,25.483881,435.81885,1290.1147,-2.299564,1180.9746,1745.6334,-33.353725,2286.196,360.26822,-26.761034,0 days 00:00:20.194067401,0 days 00:00:20.214067401
0 days 00:00:00.470000,0 days 00:00:00.490000,answer3,0.8253436,-19.056074,23.311895,0.06830854,-0.035328444,0.38246346,14.612996,41.135937,6.9967422,-4.585195,30.822927,0.0075726784,0.63077754,6.5381293,1.6598845,26.400421,450.02615,1357.7155,-1.7981228,1107.879,1919.234,-32.5358,2282.9895,295.28622,-26.53866,0 days 00:00:20.204067401,0 days 00:00:20.224067401
0 days 00:00:00.480000,0 days 00:00:00.500000,answer3,0.7881189,-20.405027,25.868368,0.061871406,-0.037520207,0.32611987,13.748172,45.448086,7.8909874,-2.4524863,30.78556,0.009482426,0.30978486,3.5708523,1.6708986,27.713396,521.7015,1284.0687,-5.2587543,1496.2887,1249.2554,-28.653658,2631.0752,312.13034,-28.045115,0 days 00:00:20.214067401,0 days 00:00:20.234067401
0 days 00:00:00.490000,0 days 00:00:00.510000,answer3,0.7758138,-20.151178,25.384394,0.07492027,-0.033679496,0.28200307,14.752968,41.212704,8.111695,-3.6630106,31.353903,0.012270756,0.343455,2.0082858,-2.7327797,22.757544,502.61948,1253.8375,-9.023151,1506.764,1028.3796,-24.808334,2616.4941,277.69666,-27.46125,0 days 00:00:20.224067401,0 days 00:00:20.244067401
0 days 00:00:00.500000,0 days 00:00:00.520000,answer3,0.7813397,-20.175589,24.20603,0.083810695,-0.03243644,0.33454266,17.543112,35.979305,7.0474925,-3.9552171,31.901545,0.013997008,0.4019347,2.0468142,-7.8966484,16.983301,481.67224,1173.9429,-13.5132475,1615.0602,775.2586,-19.983442,2660.2546,399.20346,-26.814577,0 days 00:00:20.234067401,0 days 00:00:20.254067401
0 days 00:00:00.510000,0 days 00:00:00.530000,answer3,0.9433362,-18.214987,23.614275,0.08764847,-0.025848998,0.7550538,22.87475,23.849274,3.160723,-2.2982838,32.377674,0.019435607,0.41632915,3.7181447,-13.422872,8.73975,386.6821,1115.4742,-14.294139,1304.8081,996.0368,-15.185918,2340.7744,468.69492,-23.033888,0 days 00:00:20.244067401,0 days 00:00:20.264067401
0 days 00:00:00.520000,0 days 00:00:00.540000,answer3,1.1390557,-15.762374,22.700949,0.085659124,-0.023716548,0.9037562,27.505112,13.611927,0.3359284,-0.9560606,32.179726,0.06780749,1.2982165,4.095366,-12.401639,7.7499256,392.17017,1074.6566,-12.971439,1298.3939,894.4086,-11.230023,2311.078,530.47296,-20.721365,0 days 00:00:20.254067401,0 days 00:00:20.274067401
0 days 00:00:00.530000,0 days 00:00:00.550000,answer3,1.32179,-13.185573,21.928396,0.08395788,-0.020469574,1.0596819,30.714651,3.0587423,-0.5117952,-2.7654612,31.964739,0.06900909,1.336023,4.0264416,-10.095841,9.251099,396.97537,1007.40106,-10.186444,1289.6173,795.01294,-10.157333,2260.5295,544.47314,-19.437544,0 days 00:00:20.264067401,0 days 00:00:20.284067401
0 days 00:00:00.540000,0 days 00:00:00.560000,answer3,1.3008,-10.771244,18.921122,0.07885211,-0.019293988,0.75308865,31.47561,-1.916314,-1.6537079,-0.8147442,31.711296,0.06632517,1.7684895,4.2556844,-6.2604613,12.141742,397.54968,1038.1766,-5.205284,1297.5664,812.8659,-8.741133,2255.4531,588.21844,-17.347025,0 days 00:00:20.274067401,0 days 00:00:20.294067401
0 days 00:00:00.550000,0 days 00:00:00.570000,answer3,1.2148544,-8.180559,17.172316,0.063575305,-0.020476602,0.70303744,30.97259,-8.135287,-2.1692457,-0.8112933,31.44368,0.016791997,1.1879975,4.92711,-3.576133,12.773795,402.2125,1029.5475,-0.9612176,1314.493,807.4118,-7.8233123,2268.5369,610.4556,-13.735012,0 days 00:00:20.284067401,0 days 00:00:20.304067401
0 days 00:00:00.560000,0 days 00:00:00.580000,answer3,1.1528671,-7.5845513,16.954218,0.06818719,-0.022411393,0.6208411,32.710114,-12.058375,-1.8450092,0.82406205,31.204233,0.013017487,1.3182753,5.753836,-0.9319806,12.232043,407.1211,1026.8949,2.9256175,1337.4554,812.9939,-7.232577,2270.3604,654.5222,-8.88287,0 days 00:00:20.294067401,0 days 00:00:20.314067401
0 days 00:00:00.570000,0 days 00:00:00.590000,answer3,1.1230036,-8.250217,16.139894,0.072965555,-0.027969206,0.5620327,33.1611,-15.44044,-1.7381325,-2.6294901,31.049536,0.013167851,0.9533474,5.602827,0.7986705,11.707103,410.58945,1033.1906,5.492327,1363.9554,851.201,-3.9837253,2254.5183,707.50946,-5.3255763,0 days 00:00:20.304067401,0 days 00:00:20.324067401
0 days 00:00:00.580000,0 days 00:00:00.600000,answer3,1.0963553,-10.057621,16.264421,0.08581536,-0.03216185,0.5232089,34.007935,-14.725545,-0.55082506,-4.2577786,30.966082,0.011183969,0.6157357,3.5135705,0.86644316,12.017909,411.88602,1041.2565,6.3704147,1373.0796,880.51074,-1.4208494,2239.2334,731.28094,-5.2971997,0 days 00:00:20.314067401,0 days 00:00:20.334067401
0 days 00:00:00.590000,0 days 00:00:00.610000,answer3,0.9947273,-10.302279,18.248194,0.077311575,-0.032923657,0.44026852,32.431168,-14.062108,-2.638094,-6.061233,30.884733,0.008757029,0.4446473,-0.4127593,0.9009104,11.44041,411.3112,1026.683,0.0,1375.5465,860.69556,-0.4714922,2255.4202,752.5942,-8.53599,0 days 00:00:20.324067401,0 days 00:00:20.344067401
0 days 00:00:00.600000,0 days 00:00:00.620000,answer3,0.8379016,-9.643168,18.212893,0.0655627,-0.03137361,0.5211404,30.128942,-12.149098,-1.6805094,-4.667105,30.981993,0.00908351,0.68767506,-3.2846012,-0.41387272,10.801063,406.95728,975.04956,-5.574108,1371.6396,779.9798,-4.620915,2260.0667,714.0135,-12.4745455,0 days 00:00:20.334067401,0 days 00:00:20.354067401
0 days 00:00:00.610000,0 days 00:00:00.630000,answer3,0.6923494,-10.666237,19.507467,0.06613802,-0.032101233,0.44173372,29.1728,-7.4055285,-2.7468016,-4.8353195,31.055216,0.01701593,1.883056,-4.0723276,-2.4587383,7.7959027,409.86813,968.9781,-5.8489437,1366.171,789.4095,-8.526729,2257.8347,728.6857,-15.254445,0 days 00:00:20.344067401,0 days 00:00:20.364067401
0 days 00:00:00.620000,0 days 00:00:00.640000,answer3,0.5702034,-9.738182,16.345764,0.053346142,-0.029528385,0.4055914,27.90937,-4.9556727,-2.842069,-0.9075689,31.13392,0.026803017,3.0452244,-3.166439,-0.88715905,9.296048,411.82437,989.12225,-5.046171,1355.9902,816.4733,-10.689708,2239.534,714.38153,-14.380239,0 days 00:00:20.354067401,0 days 00:00:20.374067401
0 days 00:00:00.630000,0 days 00:00:00.650000,answer3,0.51654035,-9.541488,17.106712,0.061404567,-0.023932604,0.25349692,26.524134,-2.305108,-2.5654814,-0.18043335,31.074368,0.03141596,4.053601,-2.576768,-0.057028294,8.722342,403.55823,1111.3511,-70.27888,1355.7743,908.33374,-74.46382,2256.9604,873.1177,-76.13179,0 days 00:00:20.364067401,0 days 00:00:20.384067401
0 days 00:00:00.640000,0 days 00:00:00.660000,answer3,0.50546485,-9.357388,18.653898,0.058349404,-0.021838931,0.25551584,26.08975,-2.0951147,-2.2657664,-0.49803337,0.0,0.0,0.0,0.0,0.0,0.0,405.56433,1108.319,-135.146,1367.5884,893.3845,-137.93384,2305.2402,934.92236,-138.06146,0 days 00:00:20.374067401,0 days 00:00:20.394067401
0 days 00:00:00.650000,0 days 00:00:00.670000,answer3,0.4816854,-9.623264,18.455217,0.073444985,-0.02311089,0.29109892,23.528236,-1.5752411,-1.1917638,-3.5790462,0.0,0.0,0.0,0.0,0.0,0.0,396.65308,1112.1057,-137.00517,1377.9932,888.9953,-141.3889,2314.3418,932.951,-139.35313,0 days 00:00:20.384067401,0 days 00:00:20.404067401
0 days 00:00:00.660000,0 days 00:00:00.680000,answer3,0.47101155,-7.94589,17.14631,0.07053038,-0.026617343,0.27408078,21.303717,-5.5138474,-5.5808845,-5.751471,37.63379,0.0,2.4623814,3.011241,2.526094,8.269625,381.42505,1073.836,-105.00776,1362.3951,856.78906,-83.135345,2320.281,842.947,-78.59302,0 days 00:00:20.394067401,0 days 00:00:20.414067401
0 days 00:00:00.670000,0 days 00:00:00.690000,answer3,0.55494493,-6.9614196,14.976497,0.0681629,-0.02893042,0.38979158,20.66536,-8.1854515,-3.8051102,-3.1706545,37.841736,0.06525567,1.9946795,4.8415627,3.5453017,14.375514,368.37354,1151.4933,0.0,1372.8466,891.95953,-25.837599,2313.4875,898.0879,-24.051842,0 days 00:00:20.404067401,0 days 00:00:20.424067401
0 days 00:00:00.680000,0 days 00:00:00.700000,answer3,0.7571679,-8.725156,19.114702,0.07077149,-0.033747014,0.5665,24.154266,-7.6136603,-1.6368318,-1.7556354,38.408936,0.052422356,0.9305663,8.365378,6.4576564,18.185991,390.6771,1303.7855,0.0,1167.6095,2697.8914,-25.491285,2123.623,959.5594,-28.686193,0 days 00:00:20.414067401,0 days 00:00:20.434067401
0 days 00:00:00.690000,0 days 00:00:00.710000,answer3,1.0074834,-13.097501,24.886719,0.077899896,-0.03771417,0.9409482,30.7008,-2.9898612,1.9794989,3.716574,39.039642,0.02675572,1.0592755,10.995361,11.329894,24.654924,549.9219,1381.0682,-21.614355,1315.4032,2706.5647,-27.376915,2246.198,984.7045,-36.405766,0 days 00:00:20.424067401,0 days 00:00:20.444067401
0 days 00:00:00.700000,0 days 00:00:00.720000,answer3,1.1743656,-17.00327,31.747564,0.08233469,-0.039735813,1.3285307,33.770035,1.2779866,-0.4086043,1.6825533,39.59004,0.02675572,1.0592755,12.924542,15.362839,25.176222,683.2829,1370.9222,-25.552582,1432.5565,2635.2717,-28.717972,2427.3281,860.06537,-38.5795,0 days 00:00:20.434067401,0 days 00:00:20.454067401
0 days 00:00:00.710000,0 days 00:00:00.730000,answer3,1.352239,-19.88534,33.995014,0.067988746,-0.040592726,1.4831811,32.553253,4.093208,5.774982,-2.0650008,39.96086,0.025305254,0.9467049,14.044522,16.920555,28.014853,651.61346,1270.3163,-32.585304,1653.4349,874.0612,-33.589565,2632.6157,882.35724,-44.318066,0 days 00:00:20.444067401,0 days 00:00:20.464067401
0 days 00:00:00.720000,0 days 00:00:00.740000,answer3,1.3906857,-24.174383,37.85167,0.06088675,-0.04179403,1.4986142,32.74664,8.029265,8.688116,-6.474745,40.258423,0.020433286,0.847408,14.712041,15.349551,27.137354,630.7176,1238.2905,0.0,1648.8872,846.5615,-37.995792,2715.837,785.1379,-46.34422,0 days 00:00:20.454067401,0 days 00:00:20.474067401
0 days 00:00:00.730000,0 days 00:00:00.750000,answer3,1.3820726,-26.751188,40.300076,0.04878962,-0.040236562,1.2716109,33.86679,9.20468,9.363415,-6.3954434,40.51382,0.013625824,0.6365538,15.090808,13.5128355,25.691223,626.922,1307.7576,-35.923927,1618.1754,905.1734,-41.661465,2700.4211,794.03937,-47.627903,0 days 00:00:20.464067401,0 days 00:00:20.484067401
0 days 00:00:00.740000,0 days 00:00:00.760000,answer3,1.2210064,-30.807022,43.974197,0.055587202,-0.038021874,1.091123,36.40188,12.349843,4.6956654,-2.6139061,40.62396,0.00829338,0.44405255,15.216079,13.087108,21.488317,644.96173,1523.3864,-35.923927,1640.4918,2204.5754,-43.231335,2527.8171,1003.67755,-45.385883,0 days 00:00:20.474067401,0 days 00:00:20.494067401
0 days 00:00:00.750000,0 days 00:00:00.770000,answer3,1.1302353,-31.51322,45.89993,0.05394764,-0.032015916,0.94486755,36.837982,11.530876,3.52038,-2.0251436,40.59827,0.00643578,0.3676417,14.835659,9.950479,20.910208,647.47516,1617.8319,0.0,1621.5629,2245.2644,-40.332226,2531.0544,1013.72235,-47.775085,0 days 00:00:20.484067401,0 days 00:00:20.504067401
0 days 00:00:00.760000,0 days 00:00:00.780000,answer3,0.9828684,-32.150272,45.602585,0.058300983,-0.027204761,1.0570567,35.923946,11.99405,7.0014253,-0.10074743,40.442963,0.006461743,0.42499256,13.401471,6.639866,17.280966,496.34958,1679.3842,-35.23155,1539.3973,2373.7314,-36.33373,2420.672,1197.2496,-45.496735,0 days 00:00:20.494067401,0 days 00:00:20.514067401
0 days 00:00:00.770000,0 days 00:00:00.790000,answer3,0.8245277,-30.132673,45.95319,0.056313917,-0.017959528,1.3283134,35.16961,10.669988,7.425308,3.4741495,40.305145,0.005950631,0.7596059,10.760367,3.4063091,16.02911,469.10776,1490.4526,0.0,1494.5087,1053.7529,-30.827223,2559.9697,1000.90607,-42.667374,0 days 00:00:20.504067401,0 days 00:00:20.524067401
0 days 00:00:00.780000,0 days 00:00:00.800000,answer3,0.6744611,-26.7462,41.837803,0.042367384,-0.015174185,1.4312311,31.353613,8.17925,10.71672,3.1643925,40.279118,0.009082513,1.2561501,7.47324,3.4546032,11.725657,664.3853,1265.0929,0.0,1752.8795,1202.675,-27.859444,2666.4539,1021.7823,-33.073368,0 days 00:00:20.514067401,0 days 00:00:20.534067401
0 days 00:00:00.790000,0 days 00:00:00.810000,answer3,0.6841574,-20.637556,34.732433,0.056434363,-0.0133732585,1.0982349,26.406662,2.1677935,12.194012,-4.76203,40.397415,0.011606436,1.3656446,3.9355822,3.7012653,12.379608,667.0546,1122.897,-16.791344,1712.9921,1004.36566,-21.12623,2641.449,749.37054,-27.990679,0 days 00:00:20.524067401,0 days 00:00:20.544067401
0 days 00:00:00.800000,0 days 00:00:00.820000,answer3,0.7002907,-14.270359,27.529055,0.058060843,-0.011189605,0.74490184,23.353449,-3.539135,10.166705,-10.407476,40.49073,0.025699249,1.6649694,1.2951308,4.2018337,12.697109,652.679,1146.9948,0.0,1684.0988,962.1711,-14.241661,2724.2383,619.144,-23.948538,0 days 00:00:20.534067401,0 days 00:00:20.554067401
0 days 00:00:00.810000,0 days 00:00:00.830000,answer3,0.74726135,-8.324954,21.481712,0.07130371,-0.0051815826,0.46653044,21.396948,-7.7101994,5.60125,-9.095544,40.384476,0.042013872,1.5295047,-0.17510284,1.6124414,14.522403,344.00333,1222.8092,0.0,1294.5907,779.8352,-3.669014,2466.6855,600.08563,-22.181267,0 days 00:00:20.544067401,0 days 00:00:20.564067401
0 days 00:00:00.820000,0 days 00:00:00.840000,answer3,0.7207789,-4.516298,19.120207,0.05303004,0.0009779755,0.40647265,20.963022,-9.226323,-1.1267945,-4.809892,40.25632,0.051399678,1.8034993,-0.80788565,-0.8298333,15.315888,346.19653,1260.341,0.0,1268.6595,836.7451,3.3842442,2446.8005,654.4818,-19.672338,0 days 00:00:20.554067401,0 days 00:00:20.574067401
0 days 00:00:00.830000,0 days 00:00:00.850000,answer3,0.752614,-0.082675934,17.795355,0.033154473,0.00910951,0.31319,19.476713,-13.073647,-2.0479884,0.043107986,40.129547,0.053523473,1.682312,-0.80260855,-3.6635523,17.184109,405.49683,1204.3109,0.0,1256.1665,904.4786,-62.5228,2434.7422,668.05963,-80.05981,0 days 00:00:20.564067401,0 days 00:00:20.584067401
0 days 00:00:00.840000,0 days 00:00:00.860000,answer3,0.8557244,1.5406371,20.672014,0.021084122,0.0070776064,0.46597695,20.466724,-16.150259,-6.4973807,-6.506513,0.0,0.0,0.0,0.0,0.0,0.0,365.3104,1210.212,-201.0,1244.1647,885.5677,-130.92401,2426.2341,693.28485,-140.04628,0 days 00:00:20.574067401,0 days 00:00:20.594067401
0 days 00:00:00.850000,0 days 00:00:00.870000,answer3,0.88915735,2.3497272,20.510284,0.013294325,0.010506389,0.5936648,20.662863,-17.862291,-6.835624,-8.78465,0.0,0.0,0.0,0.0,0.0,0.0,375.28772,1147.5779,-139.24654,1257.0259,868.01154,-135.56416,2461.5156,681.21844,-139.85245,0 days 00:00:20.584067401,0 days 00:00:20.604067401
0 days 00:00:00.860000,0 days 00:00:00.880000,answer3,0.9012634,1.236817,21.406448,0.019956397,0.0050116065,0.6078647,21.78106,-16.028864,-10.158265,-14.868092,33.040634,0.0,0.0,-2.1534467,-5.508598,4.766117,342.073,1124.0287,-77.192375,1260.0483,807.9428,-70.41638,2455.988,638.7405,-80.3698,0 days 00:00:20.594067401,0 days 00:00:20.614067401
0 days 00:00:00.870000,0 days 00:00:00.890000,answer3,0.79711294,1.3369678,17.449585,0.01714684,0.0092268335,0.45404652,20.754656,-14.5572,-6.9701314,-8.482199,33.217308,0.0,0.0,0.18463834,-7.4915605,5.8769836,382.34253,1153.3567,-14.65979,1240.2446,872.2634,-6.1794167,2401.507,603.9663,-20.536774,0 days 00:00:20.604067401,0 days 00:00:20.624067401
0 days 00:00:00.880000,0 days 00:00:00.900000,answer3,0.7483864,-0.7859585,18.774954,0.010615009,0.007293101,0.35031882,21.741095,-11.440983,-2.360585,-1.3831807,33.556095,0.0,2.2572854,4.2486024,-10.345633,7.106009,397.85727,1229.8914,-13.404088,1226.6906,930.8344,-7.139057,2348.723,640.9636,-20.510098,0 days 00:00:20.614067401,0 days 00:00:20.634067401
0 days 00:00:00.890000,0 days 00:00:00.910000,answer3,0.8370654,-3.800938,19.054346,0.017272718,0.0004187521,0.50196016,26.22677,-13.314162,2.4382122,-1.9553753,33.63832,0.04230327,2.006487,6.8512244,-12.346118,5.4578147,414.38907,1221.8422,-12.071274,1252.9604,955.9804,-6.5511155,2344.629,746.5806,-17.529089,0 days 00:00:20.624067401,0 days 00:00:20.644067401
0 days 00:00:00.900000,0 days 00:00:00.920000,answer3,1.0433186,-5.577602,20.521961,0.03798223,-0.007010343,0.6216895,30.89314,-17.275152,6.214998,-4.874189,33.673573,0.04187798,3.053776,8.250939,-12.861771,3.2165468,413.64246,1141.6581,-10.970905,1292.9304,892.9861,-6.299582,2354.8284,780.757,-14.187451,0 days 00:00:20.634067401,0 days 00:00:20.654067401
0 days 00:00:00.910000,0 days 00:00:00.930000,answer3,1.246466,-4.799116,18.095488,0.05361238,-0.01382655,0.65851396,33.96117,-25.143442,8.5255165,-8.77121,33.64655,0.021902988,1.8333325,8.634429,-12.83616,1.6813635,403.76358,1077.6388,-10.119666,1320.1532,837.82544,-7.2942886,2342.3264,787.0376,-11.801029,0 days 00:00:20.644067401,0 days 00:00:20.664067401
0 days 00:00:00.920000,0 days 00:00:00.940000,answer3,1.2808738,-4.7066727,15.832072,0.051371668,-0.014602326,0.57180125,32.95137,-28.208206,12.253423,-8.379989,33.569958,0.019511359,1.4540297,8.046197,-12.673469,1.4329132,393.0476,1121.3893,-9.274178,1346.6483,862.06744,-9.955295,2326.282,807.5524,-10.707089,0 days 00:00:20.654067401,0 days 00:00:20.674067401
0 days 00:00:00.930000,0 days 00:00:00.950000,answer3,1.2060194,-5.3950043,13.8648615,0.043852497,-0.018925026,0.4670304,31.449026,-27.951767,15.487106,-10.146039,33.497868,0.0065586767,0.49021304,7.3298397,-12.507245,1.649469,386.27075,1178.3861,-8.674679,1368.0889,911.768,-11.369082,2328.0469,855.6503,-10.324147,0 days 00:00:20.664067401,0 days 00:00:20.684067401
0 days 00:00:00.940000,0 days 00:00:00.960000,answer3,1.1085914,-5.5542817,12.892795,0.025864504,-0.022476135,0.42895412,29.344069,-25.65965,16.652786,-11.639313,33.46012,0.0021693504,0.3669816,6.9108815,-12.505776,2.024579,387.57626,1202.3025,-8.302623,1394.856,949.5678,-11.775864,2343.9392,906.08765,-10.327202,0 days 00:00:20.674067401,0 days 00:00:20.694067401
0 days 00:00:00.950000,0 days 00:00:01,answer3,1.0386927,-5.52689,13.448054,0.026666587,-0.029017448,0.3398136,28.023712,-23.205246,16.769072,-13.34789,33.403843,0.0014395891,1.010873,3.7685273,-12.984795,2.2637548,396.62167,968.36694,-6.8650002,1394.3408,679.1592,-9.431494,2325.0845,723.73804,-9.128756,0 days 00:00:20.684067401,0 days 00:00:20.734067401
0 days 00:00:00,0 days 00:00:00.020000,answer4,0.29640996,-6.6398773,15.7014265,0.07741207,-0.012978717,0.03413782,13.500798,3.1243408,-2.7056782,-3.032053,0.0,0.0,0.0,0.0,0.0,0.0,638.3541,1269.8236,-201.0,1699.9658,1087.3856,-201.0,2678.84,1068.7139,-201.0,0 days 00:00:24.633967301,0 days 00:00:24.653967301
0 days 00:00:00.010000,0 days 00:00:00.030000,answer4,0.30180374,-7.256592,16.193953,0.069624394,-0.014759682,0.06545928,14.165584,3.5165348,-2.5480263,-3.7652054,0.0,0.0,0.0,0.0,0.0,0.0,652.1291,1175.2828,-201.0,1712.7069,1035.501,-201.0,2675.7126,994.13043,-201.0,0 days 00:00:24.643967301,0 days 00:00:24.663967301
0 days 00:00:00.020000,0 days 00:00:00.040000,answer4,0.300537,-7.845613,17.489403,0.052007407,-0.013199833,0.091375776,14.679498,4.429052,-2.5028913,-3.390454,0.0,0.0,0.0,0.0,0.0,0.0,915.5703,1183.403,-201.0,1976.9027,990.6782,-201.0,2929.5403,881.2026,-201.0,0 days 00:00:24.653967301,0 days 00:00:24.673967301
0 days 00:00:00.030000,0 days 00:00:00.050000,answer4,0.27332056,-9.333117,17.447472,0.0588794,-0.0186138,0.07505096,13.823833,8.350114,0.52831715,-6.7615695,0.0,0.0,0.0,0.0,0.0,0.0,627.836,1310.7899,-201.0,1682.6215,999.65405,-201.0,2637.8137,898.4761,-201.0,0 days 00:00:24.663967301,0 days 00:00:24.683967301
0 days 00:00:00.040000,0 days 00:00:00.060000,answer4,0.26639283,-8.083045,15.952428,0.07188321,-0.016362203,0.060766537,12.672374,6.7821712,-0.5364618,-9.091468,0.0,0.0,0.0,0.0,0.0,0.0,617.5948,1314.2567,-201.0,1667.305,971.5373,-201.0,2656.6797,789.07715,-201.0,0 days 00:00:24.673967301,0 days 00:00:24.693967301
0 days 00:00:00.050000,0 days 00:00:00.070000,answer4,0.2640473,-8.02512,14.277683,0.08461788,-0.015373346,0.056724787,11.915955,7.761377,2.510313,-10.087329,0.0,0.0,0.0,0.0,0.0,0.0,306.73624,1357.8363,-201.0,1350.4991,980.4673,-201.0,2390.061,641.4007,-201.0,0 days 00:00:24.683967301,0 days 00:00:24.703967301
0 days 00:00:00.060000,0 days 00:00:00.080000,answer4,0.26008347,-6.810388,12.119109,0.07015173,-0.01887355,0.06038351,10.487861,7.851221,4.777277,-10.507647,0.0,0.0,0.0,0.0,0.0,0.0,356.74527,1246.1304,-201.0,1429.0372,970.6949,-201.0,2411.9048,655.7767,-201.0,0 days 00:00:24.693967301,0 days 00:00:24.713967301
0 days 00:00:00.070000,0 days 00:00:00.090000,answer4,0.26274082,-7.3863106,13.513921,0.052792907,-0.016530514,0.06026852,10.8272505,8.82906,7.730288,-7.3394322,0.0,0.0,0.0,0.0,0.0,0.0,350.07944,1266.3285,-201.0,1410.6475,941.51337,-201.0,2394.8728,612.1166,-201.0,0 days 00:00:24.703967301,0 days 00:00:24.723967301
0 days 00:00:00.080000,0 days 00:00:00.100000,answer4,0.2613881,-8.532477,15.452565,0.036724657,-0.017393433,0.06496121,12.304959,9.8517,7.1442018,-5.715735,0.0,0.0,0.0,0.0,0.0,0.0,592.0751,1278.9038,-201.0,1656.5463,972.33887,-201.0,2617.6829,666.8466,-201.0,0 days 00:00:24.713967301,0 days 00:00:24.733967301
0 days 00:00:00.090000,0 days 00:00:00.110000,answer4,0.26465106,-8.851125,16.57654,0.019871337,-0.009903112,0.06642524,12.83207,9.6841955,6.497679,0.55173254,0.0,0.0,0.0,0.0,0.0,0.0,572.7256,1382.1622,-201.0,1573.6212,941.0047,-201.0,2609.2217,670.4873,-201.0,0 days 00:00:24.723967301,0 days 00:00:24.743967301
0 days 00:00:00.100000,0 days 00:00:00.120000,answer4,0.26756534,-8.030511,15.716954,0.028437326,-0.0035091192,0.07213605,11.923237,9.026613,6.535473,4.4800563,0.0,0.0,0.0,0.0,0.0,0.0,820.1475,1243.3075,-201.0,1840.6996,887.5517,-201.0,2902.0908,664.11597,-201.0,0 days 00:00:24.733967301,0 days 00:00:24.753967301
0 days 00:00:00.110000,0 days 00:00:00.130000,answer4,0.2813531,-5.5299754,12.463627,0.04143317,-0.0020194377,0.07060612,10.785739,4.858872,3.4555128,4.8917303,0.0,0.0,0.0,0.0,0.0,0.0,634.3659,1105.4686,-201.0,1600.6782,818.3056,-201.0,2667.0403,657.627,-201.0,0 days 00:00:24.743967301,0 days 00:00:24.763967301
0 days 00:00:00.120000,0 days 00:00:00.140000,answer4,0.29736874,-5.0799336,12.741486,0.056590497,-0.00030320766,0.07456195,10.625457,3.3877087,3.3440847,3.1920118,0.0,0.0,0.0,0.0,0.0,0.0,872.88055,930.1604,-201.0,1898.695,759.5381,-201.0,2944.886,545.5141,-201.0,0 days 00:00:24.753967301,0 days 00:00:24.773967301
0 days 00:00:00.130000,0 days 00:00:00.150000,answer4,0.3121257,-4.559879,11.662979,0.042558257,-0.0038135294,0.07213438,10.100035,3.5535152,2.1456265,0.06429005,0.0,0.0,0.0,0.0,0.0,0.0,597.48413,1199.6617,-201.0,1583.5953,876.79816,-201.0,2611.0676,579.25336,-201.0,0 days 00:00:24.763967301,0 days 00:00:24.783967301
0 days 00:00:00.140000,0 days 00:00:00.160000,answer4,0.31779432,-4.4832892,12.545667,0.034530643,0.00090580183,0.064676166,9.002769,4.4400015,3.5753326,-1.0514228,0.0,0.0,0.0,0.0,0.0,0.0,844.9829,1138.5463,-201.0,1921.0455,764.5642,-201.0,2945.927,562.72406,-201.0,0 days 00:00:24.773967301,0 days 00:00:24.793967301
0 days 00:00:00.150000,0 days 00:00:00.170000,answer4,0.31969392,-4.574477,11.63947,0.03004167,-0.00068227545,0.05829187,8.967099,5.4019966,3.614487,-4.046899,0.0,0.0,0.0,0.0,0.0,0.0,546.0674,1376.542,-201.0,1591.236,836.8986,-201.0,2638.7693,570.9908,-201.0,0 days 00:00:24.783967301,0 days 00:00:24.803967301
0 days 00:00:00.160000,0 days 00:00:00.180000,answer4,0.31145453,-4.0872517,9.91606,0.046012092,0.0006126989,0.06294497,9.153409,4.6552796,3.3859198,-3.1779528,0.0,0.0,0.0,0.0,0.0,0.0,785.7849,1144.4823,-201.0,1863.7338,726.68024,-201.0,2941.7595,510.6166,-201.0,0 days 00:00:24.793967301,0 days 00:00:24.813967301
0 days 00:00:00.170000,0 days 00:00:00.190000,answer4,0.32521018,-3.3354304,8.865294,0.054864813,-0.0023403966,0.06704956,8.532344,3.0179374,1.3017988,-5.982343,0.0,0.0,0.0,0.0,0.0,0.0,773.93085,1127.5414,-201.0,1847.5952,737.18164,-201.0,2918.9246,508.37613,-201.0,0 days 00:00:24.803967301,0 days 00:00:24.823967301
0 days 00:00:00.180000,0 days 00:00:00.200000,answer4,0.3742601,-2.008298,7.464449,0.053946752,-0.0009103701,0.085645355,8.835721,-1.6270834,-2.5559673,-9.113977,0.0,0.0,0.0,0.0,0.0,0.0,1088.9651,935.16016,-138.95706,2227.115,695.2601,-139.69505,3245.6057,529.2518,-141.97017,0 days 00:00:24.813967301,0 days 00:00:24.833967301
0 days 00:00:00.190000,0 days 00:00:00.210000,answer4,0.4545822,-3.1180947,10.401534,0.047534343,-0.0057262373,0.11983349,10.093109,-5.4950147,-5.427797,-16.434023,29.457052,0.0,0.0,-3.2181525,4.664758,16.336603,1170.8677,975.0612,-77.29842,2311.7917,690.80743,-80.214066,3291.5752,549.9006,-82.4347,0 days 00:00:24.823967301,0 days 00:00:24.843967301
0 days 00:00:00.200000,0 days 00:00:00.220000,answer4,0.57724744,-5.113337,13.812694,0.031997476,-0.0057900674,0.29808882,16.080595,-6.4403825,-1.3605283,-12.3245,29.475769,0.0,0.0,-4.8656507,4.0488977,15.230618,913.67365,1142.4332,-11.824937,1943.918,801.4605,-17.620916,2984.0745,528.6971,-21.300764,0 days 00:00:24.833967301,0 days 00:00:24.853967301
0 days 00:00:00.210000,0 days 00:00:00.230000,answer4,0.71071196,-8.458501,17.304457,0.027087629,-0.014226969,0.41893348,21.667833,-3.5526142,3.4037256,-11.024158,29.5507,0.0,0.0,-4.4861836,3.4873893,14.262029,667.40436,1201.7671,-9.528522,1588.8984,871.09015,-15.434468,2697.343,589.7288,-19.223917,0 days 00:00:24.843967301,0 days 00:00:24.863967301
0 days 00:00:00.220000,0 days 00:00:00.240000,answer4,0.83743006,-8.703236,16.683826,0.03265192,-0.013544799,0.51677734,25.667524,-2.1392179,7.381949,-9.673636,29.634289,0.0,0.0,-5.251236,3.2557812,13.205523,352.32535,1321.3019,-71.187164,1214.5155,960.84,-74.91545,2365.739,564.0413,-78.759384,0 days 00:00:24.853967301,0 days 00:00:24.873967301
0 days 00:00:00.230000,0 days 00:00:00.250000,answer4,0.93912554,-9.097903,15.331624,0.0438472,-0.018036291,0.49638996,26.250814,-3.1854503,9.736726,-14.59935,0.0,0.0,0.0,0.0,0.0,0.0,378.61023,1235.2616,-136.66064,1247.3025,1007.2347,-137.5086,2346.726,597.06396,-139.89333,0 days 00:00:24.863967301,0 days 00:00:24.883967301
0 days 00:00:00.240000,0 days 00:00:00.260000,answer4,1.0203813,-7.467998,14.203523,0.04896626,-0.015606741,0.47655916,25.700546,-6.0667458,12.683795,-15.418087,0.0,0.0,0.0,0.0,0.0,0.0,341.01334,1359.5177,-201.0,1196.3099,984.7253,-201.0,2303.989,529.4023,-201.0,0 days 00:00:24.873967301,0 days 00:00:24.893967301
0 days 00:00:00.250000,0 days 00:00:00.270000,answer4,1.0149235,-6.615326,12.360774,0.036905546,-0.013986476,0.5561512,24.429184,-8.110644,14.374539,-13.007377,0.0,0.0,0.0,0.0,0.0,0.0,379.58304,1352.0212,-201.0,1201.007,1034.1588,-201.0,2289.7373,573.4038,-201.0,0 days 00:00:24.883967301,0 days 00:00:24.903967301
0 days 00:00:00.260000,0 days 00:00:00.280000,answer4,1.0191377,-5.033002,10.430575,0.023880998,-0.010620984,0.5266666,23.072502,-9.860363,15.123401,-11.125987,0.0,0.0,0.0,0.0,0.0,0.0,552.58057,1273.7296,-201.0,1485.2256,856.59015,-201.0,2609.6785,580.77466,-201.0,0 days 00:00:24.893967301,0 days 00:00:24.913967301
0 days 00:00:00.270000,0 days 00:00:00.290000,answer4,1.0004007,-6.279261,10.832225,0.0068175034,-0.012239303,0.5962499,22.152197,-8.8560915,17.862547,-11.493899,0.0,0.0,0.0,0.0,0.0,0.0,741.9924,1106.287,-201.0,1802.9396,676.35034,-201.0,2915.2014,642.4404,-201.0,0 days 00:00:24.903967301,0 days 00:00:24.923967301
0 days 00:00:00.280000,0 days 00:00:00.300000,answer4,0.9944299,-7.778385,13.712556,-0.005870287,-0.014663637,0.5712877,22.522303,-6.874126,19.474047,-9.966649,0.0,0.0,0.0,0.0,0.0,0.0,696.95435,1371.7587,-127.258934,1722.9839,744.5891,-125.24757,2878.6638,630.38983,-128.23596,0 days 00:00:24.913967301,0 days 00:00:24.933967301
0 days 00:00:00.290000,0 days 00:00:00.310000,answer4,0.9401922,-8.112964,14.880727,-0.007254103,-0.011725775,0.5723314,21.576937,-6.511223,15.587924,-10.7125635,12.6569,0.0,0.0,-5.6964946,-0.23686218,21.838022,550.85846,1383.5717,-51.22916,1458.4849,965.4665,-49.98882,2563.076,597.30176,-55.463,0 days 00:00:24.923967301,0 days 00:00:24.943967301
0 days 00:00:00.300000,0 days 00:00:00.320000,answer4,0.96542007,-8.366296,16.692694,-0.010294326,-0.008897136,0.76563233,22.934435,-6.808025,11.7809515,-7.205607,12.4920225,0.0,0.0,-5.0101256,-0.23686218,21.838022,395.13098,1440.2374,-51.229168,1178.2347,1156.8397,-49.98882,2252.7107,571.2531,-55.463,0 days 00:00:24.933967301,0 days 00:00:24.953967301
0 days 00:00:00.310000,0 days 00:00:00.330000,answer4,0.97227716,-8.583634,17.312464,-0.0035281722,-0.009755086,0.8791337,23.57791,-6.1440835,11.7673025,-10.293572,12.248306,0.0,2.2071826,-3.3417447,0.0,0.0,460.084,1144.5919,-49.83695,1284.2142,1217.9554,-52.997265,2286.7395,568.60284,-59.155746,0 days 00:00:24.943967301,0 days 00:00:24.963967301
0 days 00:00:00.320000,0 days 00:00:00.340000,answer4,0.99092704,-11.33212,20.370104,-0.002583895,-0.015792886,1.0143719,26.242338,-1.9464854,16.182165,-11.2744055,12.154798,0.0,1.5386496,-3.1655006,-0.5724468,26.902893,427.7787,1242.8303,-50.356136,1247.3579,1172.0785,-55.363194,2338.1985,530.5176,-62.430363,0 days 00:00:24.953967301,0 days 00:00:24.973967301
0 days 00:00:00.330000,0 days 00:00:00.350000,answer4,0.93230397,-11.848865,18.660135,0.0037593413,-0.020612488,0.80250025,26.569641,0.87478644,18.640886,-15.053554,12.230916,0.04345664,0.8701165,-2.621796,-0.73160046,26.860723,433.86093,1305.5647,23.527956,1237.9081,1296.4498,18.736212,2349.0852,557.5973,7.253332,0 days 00:00:24.963967301,0 days 00:00:24.983967301
0 days 00:00:00.340000,0 days 00:00:00.360000,answer4,0.9552138,-13.189509,20.153448,-0.0022820898,-0.019498287,0.64270365,28.338799,3.2111118,20.521389,-12.070385,12.711535,0.0,0.2876797,-2.7538183,-0.91849643,27.23599,344.20627,1443.5651,27.76918,1189.5469,1139.7052,20.333658,2367.8025,581.4128,7.762056,0 days 00:00:24.973967301,0 days 00:00:24.993967301
0 days 00:00:00.350000,0 days 00:00:00.370000,answer4,0.93359727,-12.651624,22.444525,-0.009072255,-0.022296384,0.5463874,29.551552,2.930438,18.017855,-10.247302,13.240598,0.010175712,0.3737761,-2.038016,-1.0117098,27.651793,272.16306,1630.5077,31.085585,1143.7977,1141.4955,19.569782,2362.302,667.12726,7.497118,0 days 00:00:24.983967301,0 days 00:00:25.003967301
0 days 00:00:00.360000,0 days 00:00:00.380000,answer4,0.9414949,-12.277912,24.197622,-0.0032239363,-0.020675104,0.5641692,31.430365,1.6276693,17.076899,-7.7924995,13.691207,0.021928122,0.6070896,-3.353212,-0.72391766,28.667084,440.38916,1470.6957,31.308243,1431.88,941.98444,16.397781,2621.587,619.81036,8.255153,0 days 00:00:24.993967301,0 days 00:00:25.013967301
0 days 00:00:00.370000,0 days 00:00:00.390000,answer4,0.8759828,-14.285596,25.25238,0.00092665263,-0.024010519,0.5550171,33.099205,2.7318785,17.861639,-6.3300548,19.123425,0.35198417,0.7915829,-0.30503955,5.2563615,28.6881,671.6623,1290.1274,12.62099,1733.4034,875.8718,-1.3741283,2868.9187,583.57007,-4.2249465,0 days 00:00:25.003967301,0 days 00:00:25.023967301
0 days 00:00:00.380000,0 days 00:00:00.400000,answer4,0.8395457,-16.81931,25.475136,0.008767983,-0.013002325,0.54940003,33.36847,4.8756456,21.120394,-0.8610608,24.457207,0.68181103,0.9760763,2.7371864,10.789182,26.849167,931.8776,1007.0979,-4.366598,2077.8203,911.02313,-14.078293,3055.6357,605.4265,-13.944476,0 days 00:00:25.013967301,0 days 00:00:25.033967301
0 days 00:00:00.390000,0 days 00:00:00.410000,answer4,0.81796217,-20.593077,27.070755,0.0153447995,-0.011418435,0.6748372,34.172512,7.855934,26.54336,3.0492156,29.764145,1.0,1.0133525,7.7713723,15.713536,23.480627,915.69946,1071.2744,-15.339395,2100.8313,868.26044,-24.419912,3035.9004,970.7996,-23.80042,0 days 00:00:25.023967301,0 days 00:00:25.043967301
0 days 00:00:00.400000,0 days 00:00:00.420000,answer4,0.9979501,-19.941763,25.679916,0.029734334,-0.009915161,0.819138,35.509556,5.1599803,29.859156,4.497416,29.684816,0.675605,0.94129115,9.061336,14.802826,20.023008,923.95306,1115.025,-12.176186,2112.8716,870.51154,-19.742418,2980.168,1128.8077,-19.65331,0 days 00:00:25.033967301,0 days 00:00:25.053967301
0 days 00:00:00.410000,0 days 00:00:00.430000,answer4,1.2417312,-18.498144,22.375372,0.045861214,-0.01777215,0.88963366,36.50605,1.8638358,34.73582,3.380542,29.640594,0.35541698,1.2560254,9.776866,14.2459955,18.31578,888.7211,1139.567,-9.80045,2070.3977,716.28436,-17.622648,2901.1453,1183.9791,-17.49803,0 days 00:00:25.043967301,0 days 00:00:25.063967301
0 days 00:00:00.420000,0 days 00:00:00.440000,answer4,1.4677643,-16.226316,19.73525,0.051850364,-0.019250996,0.77219224,36.736378,-2.3768573,35.295933,2.1634157,29.624537,0.028473353,1.2172517,10.252162,13.85847,17.32406,876.60126,1065.6075,-8.518298,2017.0917,682.6119,-16.406965,2826.5596,946.3672,-16.235174,0 days 00:00:25.053967301,0 days 00:00:25.073967301
0 days 00:00:00.430000,0 days 00:00:00.450000,answer4,1.606647,-14.918675,18.611717,0.055225458,-0.019812861,0.6535378,36.288536,-4.46386,36.347626,2.5778348,29.611921,0.02098169,1.1687212,10.543041,13.5106325,17.030355,853.26385,999.01483,-7.859282,1972.3253,655.4687,-16.042675,2781.721,895.7175,-15.785072,0 days 00:00:25.063967301,0 days 00:00:25.083967301
0 days 00:00:00.440000,0 days 00:00:00.460000,answer4,1.6845325,-14.394834,17.788643,0.063482694,-0.021364762,0.5041442,36.785686,-6.4169936,35.866566,0.9202334,29.58786,0.008395148,0.5611544,10.509065,13.408737,17.748566,849.30206,965.0754,-7.5994554,1960.4883,627.42694,-16.500532,2790.33,889.9741,-16.434141,0 days 00:00:25.073967301,0 days 00:00:25.093967301
0 days 00:00:00.450000,0 days 00:00:00.470000,answer4,1.7576386,-13.265754,17.041285,0.07286131,-0.025066232,0.39341357,36.600067,-8.19468,36.927288,-1.5366958,29.536596,0.0022832213,0.41399696,10.165984,13.970841,18.669748,855.9725,1016.2785,-7.8798347,1966.8053,667.7991,-18.119015,2813.2605,904.6775,-17.243544,0 days 00:00:25.083967301,0 days 00:00:25.103967301
0 days 00:00:00.460000,0 days 00:00:00.480000,answer4,1.766746,-13.569637,17.307999,0.07471994,-0.027953014,0.3193229,36.829277,-8.398988,37.47877,-5.451613,29.424444,0.0017661555,0.25598657,9.589912,15.258591,19.099026,849.4194,979.2609,-8.981109,1972.6664,618.23145,-20.406431,2823.861,910.77924,-17.351618,0 days 00:00:25.093967301,0 days 00:00:25.113967301
0 days 00:00:00.470000,0 days 00:00:00.490000,answer4,1.7301124,-14.014595,17.923079,0.064313926,-0.031224819,0.37734222,36.73515,-6.873293,37.437347,-6.3090253,29.236284,0.0016274656,0.29866785,9.032387,16.657328,19.546598,847.72943,977.1523,-10.750619,1979.8834,621.12164,-22.196146,2816.8933,902.6657,-17.145357,0 days 00:00:25.103967301,0 days 00:00:25.123967301
0 days 00:00:00.480000,0 days 00:00:00.500000,answer4,1.649911,-14.554078,17.261692,0.059863757,-0.02874353,0.44946715,36.579967,-4.723739,37.784634,-7.022171,29.008001,0.002754487,0.19794613,8.717906,17.263704,19.969036,840.32404,916.1302,-12.8343115,2007.8033,525.71857,-21.650833,2801.5017,970.2292,-17.060669,0 days 00:00:25.113967301,0 days 00:00:25.133967301
0 days 00:00:00.490000,0 days 00:00:00.510000,answer4,1.5694976,-14.377173,16.533875,0.051955324,-0.025350787,0.60159034,35.085724,-2.343601,39.083687,-4.5477147,28.786493,0.0038507895,0.29184112,8.543679,16.865662,21.46839,837.44525,974.33765,-14.874705,1991.9696,541.8287,-22.602346,2758.042,964.28143,-18.570442,0 days 00:00:25.123967301,0 days 00:00:25.143967301
0 days 00:00:00.500000,0 days 00:00:00.520000,answer4,1.5149473,-13.676075,15.978772,0.059381116,-0.024511883,0.6289017,35.059162,-0.85151005,41.244587,-4.410265,28.56645,0.0074719335,0.39110264,8.067328,15.319505,21.83396,832.4869,1010.2658,-18.093573,1978.9398,544.8183,-24.014185,2743.5608,929.2344,-19.805185,0 days 00:00:25.133967301,0 days 00:00:25.153967301
0 days 00:00:00.510000,0 days 00:00:00.530000,answer4,1.3871713,-15.928322,20.19606,0.06649465,-0.024381338,0.6720694,33.45917,4.878952,40.232986,-1.2286772,28.1551,0.008240585,0.7971878,6.9520507,12.385686,20.143461,824.46295,1136.6079,-17.155241,1969.2025,601.1097,-24.515297,2818.1484,1055.3551,-19.775328,0 days 00:00:25.143967301,0 days 00:00:25.163967301
0 days 00:00:00.520000,0 days 00:00:00.540000,answer4,1.2388717,-18.654175,23.159561,0.06648071,-0.025882162,0.6426505,33.41393,9.9421625,37.57739,-0.7528672,27.747038,0.009975917,1.0566311,6.2883415,8.507916,19.773432,835.5546,1113.107,-13.854961,2042.3605,535.7034,-20.57457,3081.3547,979.61005,-20.853325,0 days 00:00:25.153967301,0 days 00:00:25.173967301
0 days 00:00:00.530000,0 days 00:00:00.550000,answer4,1.2017064,-18.79408,22.66627,0.060446028,-0.024473222,0.76269966,32.32501,10.719674,32.55896,-2.3991861,27.448898,0.0076981676,1.266579,5.830933,5.267864,19.292452,849.3757,1123.5756,-7.734951,2097.9875,491.35538,-19.117064,3233.8723,980.8322,-21.205574,0 days 00:00:25.163967301,0 days 00:00:25.183967301
0 days 00:00:00.540000,0 days 00:00:00.560000,answer4,1.293128,-15.708102,17.59636,0.04636698,-0.032042872,0.8938594,33.165653,6.057945,27.118063,-7.4812527,27.415987,0.0063492004,0.9241249,5.900538,3.8290222,20.434694,855.4843,1047.7588,-4.6856837,2119.479,466.75952,-16.788553,3295.1848,776.253,-22.29641,0 days 00:00:25.173967301,0 days 00:00:25.193967301
0 days 00:00:00.550000,0 days 00:00:00.570000,answer4,1.4773344,-13.538016,14.134028,0.05342272,-0.04025496,1.0008441,35.335766,2.0726922,20.57239,-13.862811,27.408272,0.014303904,0.7713051,5.833862,3.5589838,18.899244,860.07623,1052.3004,-3.3963177,2135.1794,486.66922,-17.018517,3203.5127,780.7806,-21.184637,0 days 00:00:25.183967301,0 days 00:00:25.203967301
0 days 00:00:00.560000,0 days 00:00:00.580000,answer4,1.6839552,-13.473694,12.9381895,0.05633569,-0.048735593,1.0178204,37.31905,-0.13317545,17.7853,-18.858137,27.345734,0.01521344,0.70331144,6.0690494,3.2400036,17.938974,853.19604,1025.8884,-3.517749,2149.5364,493.8868,-15.345416,3229.9255,763.85614,-21.477465,0 days 00:00:25.193967301,0 days 00:00:25.213967301
0 days 00:00:00.570000,0 days 00:00:00.590000,answer4,1.7895255,-13.451787,13.366513,0.06262367,-0.049784247,1.018221,37.810265,0.08177594,16.558058,-20.277071,27.260046,0.019084813,1.1147423,6.525181,2.6299493,14.776807,852.5162,1050.7699,-4.7960944,2154.1858,515.11194,-16.429865,3210.238,751.645,-20.034834,0 days 00:00:25.203967301,0 days 00:00:25.223967301
0 days 00:00:00.580000,0 days 00:00:00.600000,answer4,1.8320099,-12.690164,13.297265,0.060570896,-0.052066114,0.9463536,36.545475,0.13910384,17.647863,-21.943624,27.218338,0.0124281645,1.2563261,6.466642,2.418089,12.531098,844.78375,1096.2411,-6.7563386,2148.723,535.8885,-17.977924,3186.4065,789.54596,-18.802378,0 days 00:00:25.213967301,0 days 00:00:25.233967301
0 days 00:00:00.590000,0 days 00:00:00.610000,answer4,1.7944645,-11.406365,13.221779,0.0575896,-0.048010677,0.9255807,35.479618,-1.3432704,16.688383,-18.276653,27.223223,0.014940609,1.156041,5.507574,2.8324049,10.521939,829.9843,1158.839,-5.486076,2138.074,582.23553,-17.381708,3154.3008,1290.398,-16.819155,0 days 00:00:25.223967301,0 days 00:00:25.243967301
0 days 00:00:00.600000,0 days 00:00:00.620000,answer4,1.7826189,-11.30957,14.37362,0.05047251,-0.04567239,0.8368116,36.6776,-3.7263882,16.150421,-16.797922,27.228281,0.013251856,0.984164,3.8145514,2.834563,10.55476,636.5595,1612.9813,-5.30176,1719.2832,916.2161,-16.002035,2841.2502,1235.8815,-16.625645,0 days 00:00:25.233967301,0 days 00:00:25.253967301
0 days 00:00:00.610000,0 days 00:00:00.630000,answer4,1.8419614,-10.48494,13.894531,0.04999028,-0.03774758,0.8760319,38.033382,-7.597897,13.752926,-11.877852,27.168573,0.010314784,0.7987383,2.3414724,1.4137435,11.2048025,483.80298,1687.6436,-4.3992333,1393.4637,1139.438,-14.783637,2563.594,1191.3643,-17.732138,0 days 00:00:25.243967301,0 days 00:00:25.263967301
0 days 00:00:00.620000,0 days 00:00:00.640000,answer4,1.7757592,-10.174042,14.632033,0.048394214,-0.033277214,1.0341064,36.966183,-7.573996,14.074063,-10.709172,26.94683,0.005553029,1.1703235,1.923324,-0.47102007,11.693161,352.22217,1679.0521,-6.2390823,1096.2777,1253.519,-16.285902,2269.3015,644.1275,-19.06584,0 days 00:00:25.253967301,0 days 00:00:25.273967301
0 days 00:00:00.630000,0 days 00:00:00.650000,answer4,1.6922802,-9.776017,13.913308,0.06063218,-0.027601013,1.1188222,35.28519,-8.17447,13.145789,-9.656104,26.595732,0.00441185,1.7518164,2.2600634,0.38182846,12.633202,404.08752,1315.1327,-7.4645634,1205.269,1164.1769,-21.575552,2275.356,602.41583,-19.715937,0 days 00:00:25.263967301,0 days 00:00:25.283967301
0 days 00:00:00.640000,0 days 00:00:00.660000,answer4,1.4895922,-10.860669,14.725357,0.05358773,-0.027390594,1.0316038,33.095898,-4.6112943,14.12867,-12.192257,26.123335,0.0032865629,1.6549553,2.7850895,6.286257,16.31066,406.8248,1211.9648,-9.746783,1219.9607,1083.2355,-22.517036,2271.8757,553.93494,-22.287155,0 days 00:00:25.273967301,0 days 00:00:25.293967301
0 days 00:00:00.650000,0 days 00:00:00.670000,answer4,1.3214804,-12.306149,15.99332,0.047742095,-0.027444048,0.93499154,32.536407,-0.8329447,15.621918,-11.353257,25.46576,0.0038596864,1.1738037,2.5838006,9.359265,16.948973,396.88638,1257.1141,-12.168668,1209.8058,1113.3884,-22.568151,2258.3533,543.82947,-22.274343,0 days 00:00:25.283967301,0 days 00:00:25.303967301
0 days 00:00:00.660000,0 days 00:00:00.680000,answer4,1.1939197,-13.330756,18.020102,0.027931375,-0.023667537,0.78045195,30.0728,6.373245,16.352465,-7.2037673,24.878778,0.0029906759,0.35699186,2.039807,9.798121,20.674086,616.581,1130.8298,-16.296385,1555.7125,839.4697,-24.433222,2567.1455,492.82693,-26.624681,0 days 00:00:25.293967301,0 days 00:00:25.313967301
0 days 00:00:00.670000,0 days 00:00:00.690000,answer4,1.0844728,-14.297849,19.927843,0.01872466,-0.020277081,0.7590057,26.374453,13.602051,14.246747,-2.3748996,24.511362,0.019039223,0.75372905,1.6479826,6.332601,18.89562,554.3502,1362.118,-14.548652,1493.9996,919.95184,-26.762321,2552.888,479.0414,-25.997908,0 days 00:00:25.303967301,0 days 00:00:25.323967301
0 days 00:00:00.680000,0 days 00:00:00.700000,answer4,1.0104289,-15.60085,21.666662,0.020763017,-0.023434648,0.5660207,21.24212,22.903055,8.847438,-2.8230867,24.58327,0.019548243,0.83044726,1.5375601,6.594707,21.197664,549.2517,1662.7201,-15.687648,1368.1395,1072.2052,-25.164915,2540.7256,422.13647,-29.176844,0 days 00:00:25.313967301,0 days 00:00:25.333967301
0 days 00:00:00.690000,0 days 00:00:00.710000,answer4,0.9289829,-16.156588,21.658188,0.015934031,-0.029027605,0.46902046,16.9702,28.844526,7.7828565,-4.738285,25.180372,0.04248886,1.1829304,2.6150177,5.391871,19.437277,390.31467,1819.7926,-12.32523,1336.8169,1080.0902,-23.549604,2515.1538,472.0363,-28.05544,0 days 00:00:25.323967301,0 days 00:00:25.343967301
0 days 00:00:00.700000,0 days 00:00:00.720000,answer4,0.8682968,-16.15191,23.219475,0.011936486,-0.030793997,0.37635836,14.4363365,30.39554,7.6373353,-3.721195,25.828936,0.032774433,0.9724293,3.7403424,3.0449028,18.292107,456.6255,1570.1078,-12.376674,1476.5469,1019.7681,-22.018927,2575.7532,518.47266,-27.358816,0 days 00:00:25.333967301,0 days 00:00:25.353967301
0 days 00:00:00.710000,0 days 00:00:00.730000,answer4,0.84511447,-15.85131,23.528519,0.009592045,-0.025565272,0.34755912,15.712216,26.266825,10.475396,0.80553323,26.450281,0.04544131,1.6648226,5.3973727,-1.3819476,13.723465,464.9869,1215.0146,-8.650943,1655.419,816.958,-22.692856,2627.7249,632.711,-23.491293,0 days 00:00:25.343967301,0 days 00:00:25.363967301
0 days 00:00:00.720000,0 days 00:00:00.740000,answer4,0.903765,-15.821696,23.846174,0.017882057,-0.019909674,0.45064616,19.77094,18.923105,12.515053,5.6673145,26.635796,0.04142805,2.1212823,6.3634515,-5.4409957,8.209122,391.1592,1121.722,-6.237709,1371.7827,944.0357,-19.02971,2353.172,642.2909,-19.887825,0 days 00:00:25.353967301,0 days 00:00:25.373967301
0 days 00:00:00.730000,0 days 00:00:00.750000,answer4,1.09128,-14.637481,21.799805,0.0343096,-0.017756997,0.6215055,25.987642,8.99445,17.032509,8.032165,26.702524,0.036250766,2.4681592,6.8812804,-9.945043,2.4461758,382.92398,1182.8727,-5.1189137,1320.673,945.9992,-18.182604,2276.0876,716.77484,-17.510132,0 days 00:00:25.363967301,0 days 00:00:25.383967301
0 days 00:00:00.740000,0 days 00:00:00.760000,answer4,1.3225708,-13.008568,19.054773,0.036499962,-0.02041244,0.6294338,30.067457,0.071746506,20.557413,7.679577,26.6299,0.030161165,2.0972016,6.6791954,-11.21618,1.800808,386.77304,1149.8186,-4.981978,1317.8057,912.175,-18.413504,2224.594,715.1916,-17.998966,0 days 00:00:25.373967301,0 days 00:00:25.393967301
0 days 00:00:00.750000,0 days 00:00:00.770000,answer4,1.4926338,-11.319655,16.43828,0.04557587,-0.027834715,0.5739108,32.230602,-6.376967,25.088495,5.2898707,26.45973,0.010702086,1.3451566,6.3038445,-8.467935,5.3799033,394.50278,1135.4645,-5.6436577,1346.4691,920.65405,-16.915548,2208.686,790.63763,-19.491495,0 days 00:00:25.383967301,0 days 00:00:25.403967301
0 days 00:00:00.760000,0 days 00:00:00.780000,answer4,1.5676371,-9.954808,15.019771,0.046173427,-0.031130755,0.466431,31.945383,-10.212405,28.491615,3.1491108,26.252718,0.009332602,0.7500775,6.2034564,-2.8428688,10.128966,394.61783,1088.6344,-6.5446887,1356.7719,856.4576,-18.602318,2218.6472,784.6113,-19.516523,0 days 00:00:25.393967301,0 days 00:00:25.413967301
0 days 00:00:00.770000,0 days 00:00:00.790000,answer4,1.5438722,-9.258153,15.941287,0.04829955,-0.031139262,0.5458643,32.59189,-12.313545,31.782385,2.601728,26.093828,0.0050787847,0.31069094,6.4453545,1.3947916,12.066429,394.72327,1106.9536,-7.3637633,1372.2606,848.1411,-18.984612,2256.4172,844.46405,-18.0354,0 days 00:00:25.403967301,0 days 00:00:25.423967301
0 days 00:00:00.780000,0 days 00:00:00.800000,answer4,1.5128828,-9.021358,16.291605,0.042642374,-0.03146473,0.5990751,33.19956,-13.46944,35.028275,2.9282372,25.9991,0.008312433,0.30160198,6.2463093,3.3829162,12.727272,392.4382,1078.559,-8.00121,1371.0194,791.9717,-23.547705,2275.2996,808.8431,-17.345564,0 days 00:00:25.413967301,0 days 00:00:25.433967301
0 days 00:00:00.790000,0 days 00:00:00.810000,answer4,1.432876,-10.41037,15.955956,0.040811684,-0.03196159,0.598151,34.29993,-11.080826,38.292553,1.169218,25.909548,0.011168879,0.3108859,5.4148498,4.339913,14.020167,392.1726,1055.7296,-9.0352955,1384.086,777.8164,-24.729431,2289.8835,769.4362,-18.71555,0 days 00:00:25.423967301,0 days 00:00:25.443967301
0 days 00:00:00.800000,0 days 00:00:00.820000,answer4,1.3363849,-12.044304,15.739777,0.0461624,-0.036397297,0.52922577,34.19269,-6.438688,38.810013,0.61155933,25.46284,0.007931212,0.43043423,4.571215,4.6165957,16.079832,386.9591,1017.2031,-10.066508,1381.8853,735.4765,-28.92833,2274.0789,692.8145,-21.529745,0 days 00:00:25.433967301,0 days 00:00:25.453967301
0 days 00:00:00.810000,0 days 00:00:00.830000,answer4,1.1638055,-13.750125,17.936584,0.041706163,-0.035152514,0.5862801,32.025913,-0.4636353,37.26856,3.5751333,24.933683,0.0061518233,0.6576216,4.3462243,4.6325016,17.754343,375.48868,1082.1759,-10.93175,1386.1476,757.646,-30.06868,2281.07,707.6059,-24.05359,0 days 00:00:25.443967301,0 days 00:00:25.463967301
0 days 00:00:00.820000,0 days 00:00:00.840000,answer4,0.9349356,-16.196268,20.908676,0.034722056,-0.03405423,0.57582635,30.480818,5.644469,36.453785,9.0261755,24.280664,0.00443056,0.98530006,4.656622,4.9594464,19.68544,363.5825,1139.063,-11.634884,1406.6881,796.0632,-28.891962,2275.585,751.0786,-26.360876,0 days 00:00:25.453967301,0 days 00:00:25.473967301
0 days 00:00:00.830000,0 days 00:00:00.850000,answer4,0.723172,-17.350748,23.863655,0.011768478,-0.03055125,0.61482203,28.975584,7.717302,36.53705,13.037643,24.013483,0.021684794,1.4223701,4.5462074,6.9919877,21.642776,351.81638,1204.1682,-13.373485,1414.7217,803.48047,-25.293467,2301.243,846.4693,-28.024271,0 days 00:00:25.463967301,0 days 00:00:25.483967301
0 days 00:00:00.840000,0 days 00:00:00.860000,answer4,0.5631122,-17.879622,24.48281,-0.0048158425,-0.024707222,0.45948017,28.510202,7.759869,37.147957,15.788364,23.86971,0.02694691,1.8856062,3.541068,11.101268,23.476171,326.96503,1229.9403,-11.164154,1388.1495,765.7889,-25.86244,2283.987,815.5806,-29.093008,0 days 00:00:25.473967301,0 days 00:00:25.493967301
0 days 00:00:00.850000,0 days 00:00:00.870000,answer4,0.49020228,-16.526846,26.301031,-0.011170597,-0.023198538,0.37731537,26.786562,8.222684,30.568968,13.537143,24.16327,0.03203513,2.0084996,2.6596184,13.2293625,23.790964,336.36588,1216.658,-13.154182,1381.3942,704.42114,-25.791643,2442.9402,959.58276,-29.269737,0 days 00:00:25.483967301,0 days 00:00:25.503967301
0 days 00:00:00.860000,0 days 00:00:00.880000,answer4,0.470625,-15.473338,23.058151,-0.0014605308,-0.019480148,0.25898102,20.763416,16.014677,23.12512,10.034318,24.923782,0.033224408,1.7187495,2.7791214,9.761753,22.616003,330.3671,1239.4941,-11.050069,1381.1979,762.2114,-26.540586,2441.4714,848.61896,-29.458275,0 days 00:00:25.493967301,0 days 00:00:25.513967301
0 days 00:00:00.870000,0 days 00:00:00.890000,answer4,0.49242243,-14.142323,20.472492,0.018814439,-0.022638662,0.21537155,13.8902235,25.78005,14.029225,5.6909237,25.69021,0.04507808,1.2061528,3.9979784,3.7011814,19.419971,360.8108,1209.134,-12.451168,1507.3939,785.793,-22.507135,2534.3174,1054.9883,-28.169958,0 days 00:00:25.503967301,0 days 00:00:25.523967301
0 days 00:00:00.880000,0 days 00:00:00.900000,answer4,0.5180452,-13.170662,17.21694,0.02112406,-0.020844469,0.23086412,8.255965,29.73287,11.624452,10.700549,26.176256,0.038186975,1.1400886,5.1999426,-1.3158665,16.955097,323.94702,1275.1118,-9.974446,1469.9224,761.9494,-21.075993,2390.3923,833.2578,-27.364319,0 days 00:00:25.513967301,0 days 00:00:25.533967301
0 days 00:00:00.890000,0 days 00:00:00.910000,answer4,0.5913894,-13.695235,20.086985,0.022080233,-0.017636402,0.30571464,11.333198,25.364136,11.621581,15.255261,26.11476,0.023427784,1.263039,6.064959,-1.7575258,14.375577,330.56747,1255.3259,-9.791771,1442.8466,723.92065,-19.311636,2383.4363,841.87256,-25.043783,0 days 00:00:25.523967301,0 days 00:00:25.543967301
0 days 00:00:00.900000,0 days 00:00:00.920000,answer4,0.7298961,-13.945994,22.364435,0.029072875,-0.013274956,0.40748844,17.936546,16.157814,14.589436,17.44238,25.980658,0.022161504,1.9093643,6.5447307,-0.5813157,13.483747,330.39883,1229.8666,-10.354135,1313.2181,735.2827,-18.394415,2311.0007,613.89386,-23.538103,0 days 00:00:25.533967301,0 days 00:00:25.553967301
0 days 00:00:00.910000,0 days 00:00:00.930000,answer4,0.9021966,-13.857566,23.055887,0.039669838,-0.012232666,0.46325374,25.305647,7.961806,17.953392,11.481155,25.804743,0.024440775,1.9724678,6.7638874,2.1683438,13.155438,368.69095,1142.3939,-10.938058,1305.7223,790.4502,-17.907278,2317.7517,609.9017,-21.925154,0 days 00:00:25.543967301,0 days 00:00:25.563967301
0 days 00:00:00.920000,0 days 00:00:00.940000,answer4,1.060051,-12.289674,20.678484,0.0502127,-0.012890211,0.45924512,29.665823,1.2927125,21.3343,7.202022,25.696589,0.02256058,2.0188105,6.781847,4.4067264,13.611377,380.32187,1107.4396,-12.156207,1294.9855,802.86163,-17.533167,2313.2148,575.18964,-21.360855,0 days 00:00:25.553967301,0 days 00:00:25.573967301
0 days 00:00:00.930000,0 days 00:00:00.950000,answer4,1.139544,-12.722351,19.578503,0.04705882,-0.015960583,0.43164566,32.86668,-1.7429066,23.807953,0.5941871,25.635452,0.007187476,1.5417787,6.699091,5.6057,13.971698,386.34067,1085.719,-12.9086485,1291.2273,813.903,-17.526047,2311.8906,548.07874,-21.274645,0 days 00:00:25.563967301,0 days 00:00:25.583967301
0 days 00:00:00.940000,0 days 00:00:00.960000,answer4,1.1647269,-13.294139,19.712702,0.045424823,-0.01725618,0.39857244,34.943127,-3.0597732,25.088266,-2.7666662,25.256699,0.012356346,1.168476,6.7513714,12.117233,14.865176,394.59146,1109.0729,-6.7077656,1305.9938,917.14325,-16.32852,2286.9558,628.25806,-21.683044,0 days 00:00:25.573967301,0 days 00:00:25.593967301
0 days 00:00:00.950000,0 days 00:00:01,answer4,1.12909,-13.519025,19.337635,0.035232753,-0.015199951,0.3916616,35.74168,-3.7871792,25.746054,-4.744537,25.178762,0.013213799,1.0988882,7.0084534,12.896435,13.913563,398.59482,1118.6414,-1.398704,1314.6049,971.17334,-15.265736,2271.8545,652.36597,-20.756836,0 days 00:00:25.583967301,0 days 00:00:25.633967301
0 days 00:00:00,0 days 00:00:00.020000,answer5,0.26598385,-7.6452107,10.139846,0.02979336,-0.0122411875,0.03372163,15.453036,4.204469,5.74012,-1.105451,0.0,0.0,0.0,0.0,0.0,0.0,374.24316,1148.7557,-201.0,1332.8551,820.97723,-142.7698,2306.8987,571.961,-144.11855,0 days 00:00:44,0 days 00:00:44.020000
0 days 00:00:00.010000,0 days 00:00:00.030000,answer5,0.2987504,-10.4522,13.835948,0.07049528,-0.017221646,0.09270636,17.226492,6.4498887,8.918246,-2.232953,37.99287,0.0,0.0,5.238285,22.306293,33.478245,367.45093,1094.6339,0.0,1368.9955,754.0503,-85.98557,2337.2944,542.395,-87.81064,0 days 00:00:44.010000,0 days 00:00:44.030000
0 days 00:00:00.020000,0 days 00:00:00.040000,answer5,0.36189723,-14.919774,20.151371,0.099353515,-0.025725791,0.22424765,21.08444,8.772693,11.053089,-4.971571,37.970547,0.0528815,3.14338,7.03965,22.309221,34.460938,357.86258,1060.6743,0.0,1388.5582,710.2344,-29.992882,2365.8608,518.618,-31.95768,0 days 00:00:44.020000,0 days 00:00:44.040000
0 days 00:00:00.030000,0 days 00:00:00.050000,answer5,0.4345281,-17.059786,21.835516,0.099074356,-0.028435936,0.33505252,24.304605,8.170969,11.353881,-5.1454334,37.91238,0.054512743,3.2988799,9.800566,22.823442,36.30112,369.7592,1000.1353,0.0,1391.7186,686.6511,-33.077335,2356.0017,499.55453,-34.696083,0 days 00:00:44.030000,0 days 00:00:44.050000
0 days 00:00:00.040000,0 days 00:00:00.060000,answer5,0.51251584,-19.740425,25.48734,0.08866363,-0.037461873,0.42315277,26.67837,8.924001,8.239886,-9.142782,37.81937,0.051137637,2.782896,11.030513,23.187723,36.297085,378.69394,987.81104,0.0,1377.2877,726.80786,-36.470657,2337.589,525.2078,-38.857647,0 days 00:00:44.040000,0 days 00:00:44.060000
0 days 00:00:00.050000,0 days 00:00:00.070000,answer5,0.5673217,-20.70365,28.131472,0.08811635,-0.03759764,0.42858115,27.545044,10.757755,7.273107,-6.881821,37.418087,0.034043644,1.9710656,11.1474495,21.895445,33.95036,392.71094,968.07806,0.0,1395.5905,745.07153,-43.627335,2336.483,648.18304,-44.74721,0 days 00:00:44.050000,0 days 00:00:44.070000
0 days 00:00:00.060000,0 days 00:00:00.080000,answer5,0.5655579,-24.813375,34.04119,0.08619704,-0.036293346,0.5190258,29.077019,16.171402,9.557972,-4.956216,36.867508,0.016426282,0.9543831,11.180962,22.279617,29.364054,501.76013,1128.7147,-35.7426,1581.609,898.6013,-49.269943,2546.2021,767.6213,-48.00969,0 days 00:00:44.060000,0 days 00:00:44.080000
0 days 00:00:00.070000,0 days 00:00:00.090000,answer5,0.5328114,-29.000505,38.45573,0.06252518,-0.029033052,0.62453556,31.140127,21.623428,15.205963,1.4831411,36.18204,0.0054465146,0.7646839,11.283465,20.82403,24.06162,488.33777,1305.9186,-35.7426,1545.4896,1143.9865,-51.2193,2545.6887,788.0251,-49.17745,0 days 00:00:44.070000,0 days 00:00:44.090000
0 days 00:00:00.080000,0 days 00:00:00.100000,answer5,0.4960113,-32.91424,40.934708,0.0432301,-0.028177915,0.6437792,32.371716,25.035452,20.644312,4.9598126,35.581814,0.004923153,0.55983156,11.151448,20.458437,21.020277,438.81323,1543.0991,0.0,1530.8477,1418.895,-49.196903,2536.5725,758.7016,-49.126434,0 days 00:00:44.080000,0 days 00:00:44.100000
0 days 00:00:00.090000,0 days 00:00:00.110000,answer5,0.49383155,-34.643555,41.642056,0.033281405,-0.025657006,0.5040416,33.577785,25.20041,23.967085,6.7517624,34.870483,0.004923153,0.55983156,10.486144,19.655905,19.457283,299.91812,1667.6298,0.0,1282.2764,1599.3429,-46.089355,2338.2786,715.3242,-47.791,0 days 00:00:44.090000,0 days 00:00:44.110000
0 days 00:00:00.100000,0 days 00:00:00.120000,answer5,0.4999908,-34.474598,42.88333,0.03994337,-0.023454169,0.42980793,33.762314,24.950912,22.99491,8.753517,34.01147,0.004923153,0.55983156,9.543923,15.823067,19.722643,293.84473,1759.9775,0.0,1302.9009,1674.1913,-47.312183,2393.7512,822.41486,-45.994812,0 days 00:00:44.100000,0 days 00:00:44.120000
0 days 00:00:00.110000,0 days 00:00:00.130000,answer5,0.50027454,-34.99941,44.321507,0.032027442,-0.018636802,0.40510634,33.84992,25.84391,23.321869,11.211547,33.11668,0.004923153,0.55983156,9.094241,12.196747,18.31317,317.7015,1647.6792,-22.249565,1288.5137,1528.6958,-45.907635,2402.503,765.7558,-41.75415,0 days 00:00:44.110000,0 days 00:00:44.130000
0 days 00:00:00.120000,0 days 00:00:00.140000,answer5,0.497949,-33.70869,42.341953,0.04898409,-0.02015081,0.61174184,33.249973,26.193617,25.408762,12.592256,32.315678,0.004923153,0.55983156,8.86637,7.0708523,19.539999,311.9117,1590.6686,-21.190725,1288.6368,1447.3844,-46.219574,2378.1006,666.8681,-40.730724,0 days 00:00:44.120000,0 days 00:00:44.140000
0 days 00:00:00.130000,0 days 00:00:00.150000,answer5,0.46816874,-32.50048,40.064056,0.035098653,-0.01823766,0.6400642,32.53152,25.467493,28.12794,14.699084,31.696678,0.08866295,0.9940944,8.407815,6.7855163,20.949785,294.86484,1506.3623,-18.837637,1276.9298,1284.0145,-43.38159,2319.221,557.34235,-39.787422,0 days 00:00:44.130000,0 days 00:00:44.150000
0 days 00:00:00.140000,0 days 00:00:00.160000,answer5,0.43241063,-31.353388,38.488766,0.029942902,-0.017975993,0.57730883,32.220726,25.311653,28.436876,16.202393,31.201956,0.10040742,1.0375024,7.555367,7.3539157,23.220507,300.37228,1457.8129,-15.363767,1277.578,1202.9832,-39.181255,2325.7893,527.8716,-38.58428,0 days 00:00:44.140000,0 days 00:00:44.160000
0 days 00:00:00.150000,0 days 00:00:00.170000,answer5,0.38527545,-30.41963,38.642334,0.0007728678,-0.019584112,0.47652388,31.365608,25.328156,26.309227,19.566088,31.279528,0.10730153,1.0604066,5.9998717,8.169583,20.287245,332.21506,1446.3959,-13.268828,1427.6207,1431.8263,-32.995235,2238.4512,823.5809,-33.556072,0 days 00:00:44.150000,0 days 00:00:44.170000
0 days 00:00:00.160000,0 days 00:00:00.180000,answer5,0.3554056,-27.213114,34.964127,0.015389971,-0.017100409,0.43421438,28.72528,23.799719,24.766685,22.17393,32.181286,0.030455837,0.64904773,6.0226398,12.222873,19.176353,350.87302,1346.686,-11.724277,1486.8447,1292.2505,-27.822763,2233.8997,930.75604,-30.900627,0 days 00:00:44.160000,0 days 00:00:44.180000
0 days 00:00:00.170000,0 days 00:00:00.190000,answer5,0.3679197,-21.72985,30.62705,0.0148431,-0.013159461,0.4276267,24.085274,19.469835,18.83011,22.162811,33.288307,0.02560549,0.62854373,6.8115387,17.41186,19.083963,301.7763,1436.9108,-11.696642,1458.3082,1238.309,-25.93779,2207.5955,965.3855,-29.605692,0 days 00:00:44.170000,0 days 00:00:44.190000
0 days 00:00:00.180000,0 days 00:00:00.200000,answer5,0.41767064,-17.87632,28.35054,0.027413985,-0.006692067,0.33660638,19.472548,18.151777,12.803729,22.34611,33.991554,0.02560549,0.62854373,8.841179,22.975668,22.126877,281.9286,1304.9794,0.0,1346.6788,751.76874,-25.45209,2325.0889,692.76416,-30.333727,0 days 00:00:44.180000,0 days 00:00:44.200000
0 days 00:00:00.190000,0 days 00:00:00.210000,answer5,0.49698296,-18.899471,30.37205,0.031978935,-0.005731774,0.4173964,19.868504,19.719803,11.090584,18.294394,34.003994,0.030892553,1.1259106,10.325538,26.22258,22.533484,285.04346,1273.4725,0.0,1282.1865,740.9742,-24.033112,2338.862,536.7427,-28.3262,0 days 00:00:44.190000,0 days 00:00:44.210000
0 days 00:00:00.200000,0 days 00:00:00.220000,answer5,0.60424346,-21.134935,30.467453,0.06257683,-0.005742867,0.57259685,23.523428,21.735085,14.260712,16.422407,33.925358,0.03372057,1.7410287,11.358708,28.954247,22.755365,338.49057,1131.3973,-2.1662962,1288.8021,729.34393,-22.035202,2357.8157,458.50085,-26.147425,0 days 00:00:44.200000,0 days 00:00:44.220000
0 days 00:00:00.210000,0 days 00:00:00.230000,answer5,0.7028697,-22.011538,28.000746,0.08437642,-0.000606033,0.56536716,27.7959,19.278103,19.50815,16.96435,33.825863,0.027146831,1.541193,12.057952,30.235657,23.585823,352.28043,1079.8126,-1.2748957,1282.2275,732.1074,-20.4368,2352.4382,418.17038,-24.860718,0 days 00:00:44.210000,0 days 00:00:44.230000
0 days 00:00:00.220000,0 days 00:00:00.240000,answer5,0.7906642,-20.247107,24.339972,0.110883154,0.0027867062,0.46849254,29.27474,14.9706,19.624771,18.873037,33.7068,0.016578184,0.936806,12.294469,29.132036,24.088013,354.64914,1060.8699,0.19131581,1283.2396,707.41046,-20.136414,2358.18,395.97495,-23.896698,0 days 00:00:44.220000,0 days 00:00:44.240000
0 days 00:00:00.230000,0 days 00:00:00.250000,answer5,0.8217766,-18.865252,22.435339,0.11651864,0.0073618838,0.33523214,29.707369,11.97569,18.813986,18.148397,33.57759,0.008672291,0.14755644,12.240468,25.876688,24.566305,354.02393,1065.6166,0.97742397,1277.7665,707.7461,-22.22278,2349.4998,393.61072,-23.588882,0 days 00:00:44.230000,0 days 00:00:44.250000
0 days 00:00:00.240000,0 days 00:00:00.260000,answer5,0.8300116,-19.16068,22.715368,0.1072425,0.0061350265,0.29233536,29.814178,11.319405,20.242537,13.93831,33.402386,0.009099747,0.19974063,11.879543,22.167772,29.455774,355.28967,1081.7783,1.0831777,1270.2335,748.6257,-26.342657,2334.8086,399.14316,-28.372597,0 days 00:00:44.240000,0 days 00:00:44.260000
0 days 00:00:00.250000,0 days 00:00:00.270000,answer5,0.83393025,-20.055407,23.096521,0.093593985,0.0022808274,0.19323261,29.879326,12.20451,23.623238,8.157029,33.18272,0.0071929,0.13331534,11.334587,19.055635,31.79259,361.01807,1103.6112,0.715607,1293.8154,857.4152,-29.36911,2301.7578,435.22446,-31.076982,0 days 00:00:44.250000,0 days 00:00:44.270000
0 days 00:00:00.260000,0 days 00:00:00.280000,answer5,0.812629,-22.351713,25.929117,0.082547665,-0.006246323,0.19507615,30.18587,15.135253,26.513636,5.927775,32.901875,0.0047166417,0.24298698,10.480874,16.306694,32.7616,373.05957,1111.6014,-0.47955117,1344.0289,964.84454,-32.46735,2287.9026,530.8947,-33.241154,0 days 00:00:44.260000,0 days 00:00:44.280000
0 days 00:00:00.270000,0 days 00:00:00.290000,answer5,0.80307245,-22.910883,27.05628,0.08300665,-0.009191305,0.23386133,29.710611,17.01068,27.916086,5.9872055,32.477306,0.0050181164,0.31419447,9.475914,14.299962,29.340189,375.40686,1091.5493,-1.6869918,1367.814,963.7175,-33.28792,2274.749,559.5828,-31.027182,0 days 00:00:44.270000,0 days 00:00:44.290000
0 days 00:00:00.280000,0 days 00:00:00.300000,answer5,0.7888426,-23.045723,28.308718,0.092194416,-0.012042786,0.28268418,29.52979,17.67041,27.516619,8.235452,31.990776,0.007915667,0.3792856,8.682242,13.327582,27.919348,375.0591,1074.2288,-1.8953785,1385.8394,922.93945,-34.430935,2258.973,627.4287,-29.814728,0 days 00:00:44.280000,0 days 00:00:44.300000
0 days 00:00:00.290000,0 days 00:00:00.310000,answer5,0.76497775,-21.065332,28.089113,0.08697849,-0.009552664,0.43872032,28.026573,14.808587,30.148954,11.462115,31.50426,0.009176298,0.4083623,8.4015465,14.050687,28.805847,360.07767,1067.3698,-0.0034530957,1389.8525,786.01294,-32.83034,2270.588,655.72003,-28.809301,0 days 00:00:44.290000,0 days 00:00:44.310000
0 days 00:00:00.300000,0 days 00:00:00.320000,answer5,0.7521116,-18.868822,27.205261,0.09442902,-0.011865433,0.45784032,27.516272,11.752355,32.135483,14.143022,31.139048,0.015678639,0.6813801,8.606915,16.619318,30.083822,353.53067,1064.9283,2.734712,1410.7241,701.77313,-31.846197,2283.763,728.1426,-27.349108,0 days 00:00:44.300000,0 days 00:00:44.320000
0 days 00:00:00.310000,0 days 00:00:00.330000,answer5,0.7328089,-17.885788,26.471756,0.0746402,-0.016335323,0.5265195,27.600565,9.325407,32.672504,13.227813,30.839808,0.014473885,0.8612338,8.994636,19.89736,32.949883,339.8942,1189.973,4.8201537,1491.9005,761.6047,-31.744951,2258.875,1087.1011,-28.129728,0 days 00:00:44.310000,0 days 00:00:44.330000
0 days 00:00:00.320000,0 days 00:00:00.340000,answer5,0.73014146,-19.433823,26.273306,0.082416825,-0.025945613,0.45950434,29.631683,10.372292,31.147253,7.8126473,30.560022,0.02281224,0.99820304,9.338554,22.62001,34.96136,326.08224,1414.9039,5.1116433,1417.7377,1199.5941,-34.584194,2169.8313,1088.874,-29.849716,0 days 00:00:44.320000,0 days 00:00:44.340000
0 days 00:00:00.330000,0 days 00:00:00.350000,answer5,0.701313,-22.548615,27.932177,0.067053914,-0.031723563,0.42432722,31.66298,12.844666,27.57367,3.689124,30.308695,0.0153118335,0.785414,9.397685,23.423355,38.09399,463.22305,1661.4023,-3.1947155,1582.6256,1281.8214,-34.872395,2459.51,1013.79224,-33.53778,0 days 00:00:44.330000,0 days 00:00:44.350000
0 days 00:00:00.340000,0 days 00:00:00.360000,answer5,0.66958994,-24.694803,30.355421,0.06161675,-0.035031304,0.40704337,33.04242,15.6840105,26.785301,5.4355664,30.034925,0.0168989,0.57243854,9.257821,22.61553,37.065125,485.412,1706.5851,-11.08141,1671.6754,1297.2902,-33.602757,2439.2185,1463.225,-33.460346,0 days 00:00:44.340000,0 days 00:00:44.360000
0 days 00:00:00.350000,0 days 00:00:00.370000,answer5,0.6540517,-25.896933,32.03714,0.05812234,-0.031094799,0.32075334,32.346165,19.086637,26.234467,6.7570267,29.7042,0.013035059,0.47491598,8.937904,21.566145,35.288258,514.3641,1544.975,-18.565605,1763.7885,1104.0593,-34.07394,2483.5767,1561.3754,-32.132374,0 days 00:00:44.350000,0 days 00:00:44.370000
0 days 00:00:00.360000,0 days 00:00:00.380000,answer5,0.61669797,-26.183167,32.308414,0.052727252,-0.031065779,0.3935578,31.032034,21.775904,27.42187,8.762914,29.305567,0.012466303,0.70892984,8.90256,21.099466,34.395332,403.875,1415.2023,-17.449526,1746.273,1066.2051,-32.093395,2472.0095,1811.4335,-30.745398,0 days 00:00:44.360000,0 days 00:00:44.380000
0 days 00:00:00.370000,0 days 00:00:00.390000,answer5,0.5958361,-25.79611,31.054949,0.053264692,-0.03232849,0.31842175,29.3771,23.60131,31.366165,7.6447062,28.972626,0.013286654,1.1596037,8.805419,21.219545,33.877483,400.12778,1256.4082,-16.376764,1684.2848,897.9078,-30.382706,2568.51,1505.3265,-29.034708,0 days 00:00:44.370000,0 days 00:00:44.390000
0 days 00:00:00.380000,0 days 00:00:00.400000,answer5,0.5684621,-23.910736,28.940577,0.048199847,-0.03192367,0.36604846,28.688889,20.263582,34.339825,9.201419,28.75486,0.011253725,1.0553548,8.506181,21.151854,33.76598,386.03333,1265.4308,-8.273225,1761.8529,675.91766,-24.965723,2648.9138,1853.3447,-27.854963,0 days 00:00:44.380000,0 days 00:00:44.400000
0 days 00:00:00.390000,0 days 00:00:00.410000,answer5,0.5847945,-23.088736,28.840776,0.07633696,-0.031586993,0.31640828,28.592468,17.69055,38.750656,8.112115,28.639887,0.019352732,1.2189826,7.902065,20.734573,30.257553,363.06693,1145.0033,-1.4412087,1665.2721,637.5268,-28.002975,2403.3284,1763.0337,-24.643415,0 days 00:00:44.390000,0 days 00:00:44.410000
0 days 00:00:00.400000,0 days 00:00:00.420000,answer5,0.59680444,-23.554306,30.123331,0.080702126,-0.02579044,0.3237351,29.892462,15.361863,37.291843,7.0332413,28.53447,0.017870495,1.1909558,7.102572,20.018385,28.824242,355.47128,1175.8693,3.6716049,1569.9586,805.5451,-32.34817,2356.6106,1272.1605,-25.15264,0 days 00:00:44.400000,0 days 00:00:44.420000
0 days 00:00:00.410000,0 days 00:00:00.430000,answer5,0.5768804,-24.722578,30.998499,0.0786325,-0.027420422,0.36835054,30.257483,17.611254,37.2171,7.7384267,28.344427,0.014346634,1.3088729,6.3244023,18.387907,25.912985,362.45358,1091.5958,-6.1355996,1521.0531,812.4274,-36.228745,2308.1846,910.93164,-26.71145,0 days 00:00:44.410000,0 days 00:00:44.430000
0 days 00:00:00.420000,0 days 00:00:00.440000,answer5,0.5054569,-24.615486,30.163733,0.044216517,-0.02400525,0.46292892,30.070389,18.745512,32.896427,11.161973,28.10964,0.009961755,1.3576576,5.437837,16.919394,24.740662,362.7815,1108.4757,-11.374672,1497.936,878.2049,-36.327587,2267.4385,827.2749,-29.769455,0 days 00:00:44.420000,0 days 00:00:44.440000
0 days 00:00:00.430000,0 days 00:00:00.450000,answer5,0.40759525,-23.013113,28.792154,0.024605818,-0.016395995,0.49186286,26.226187,19.38738,31.408957,15.168179,28.020773,0.012470242,1.754806,4.7215834,17.979095,24.812729,331.54385,1180.2421,0.0,1513.8258,783.09503,-32.50118,2294.741,926.8237,-30.214972,0 days 00:00:44.430000,0 days 00:00:44.450000
0 days 00:00:00.440000,0 days 00:00:00.460000,answer5,0.34596455,-21.453934,27.630287,0.02855084,-0.013001471,0.38653257,22.65548,20.128145,29.590185,16.213848,28.255507,0.021214658,1.5392109,4.1471806,19.629189,26.979212,325.40247,1170.8887,0.973925,1498.1569,736.88086,-29.398142,2313.7297,811.0725,-29.112738,0 days 00:00:44.440000,0 days 00:00:44.460000
0 days 00:00:00.450000,0 days 00:00:00.470000,answer5,0.32594678,-19.821232,26.34385,0.023771288,-0.011273312,0.22547758,20.08404,19.43714,27.047712,14.327647,28.645721,0.020068271,1.1437373,3.9870903,21.005943,26.368048,315.27628,1214.0597,1.7342294,1482.4108,748.24493,-26.08284,2317.9153,794.1751,-24.63382,0 days 00:00:44.450000,0 days 00:00:44.470000
0 days 00:00:00.460000,0 days 00:00:00.480000,answer5,0.32700875,-17.492155,24.373718,0.034595016,-0.019786032,0.1713016,18.5113,19.445953,20.828547,12.548503,29.003195,0.016777163,0.29255283,4.055183,20.082232,26.547403,344.06796,1104.69,2.5652356,1463.0311,675.0248,-26.249731,2338.6423,700.04865,-23.982168,0 days 00:00:44.460000,0 days 00:00:44.480000
0 days 00:00:00.470000,0 days 00:00:00.490000,answer5,0.33946964,-15.251592,22.54083,0.027091315,-0.028349139,0.13217254,16.770807,18.07411,14.278949,7.855086,29.032858,0.01629804,0.93651026,4.391545,17.718706,27.607956,345.96313,1162.2756,1.4737968,1439.6025,785.5498,-26.875092,2318.621,702.20807,-26.134157,0 days 00:00:44.470000,0 days 00:00:44.490000
0 days 00:00:00.480000,0 days 00:00:00.500000,answer5,0.33949795,-14.510315,23.347137,0.037646145,-0.03085489,0.12061089,14.334118,19.43242,11.524812,8.380448,28.847305,0.018245129,1.2021638,5.0545783,14.448784,30.7017,319.1993,1195.4224,-0.4057189,1426.202,721.04425,-25.98168,2373.7302,703.2399,-31.107422,0 days 00:00:44.480000,0 days 00:00:44.500000
0 days 00:00:00.490000,0 days 00:00:00.510000,answer5,0.34176326,-17.056717,25.86486,0.026465887,-0.029361976,0.14614265,15.456261,23.002434,15.369975,8.365428,28.527237,0.02067549,1.9938666,5.955071,10.7120285,33.193226,318.99448,1194.5114,-4.647752,1439.4623,779.4213,-23.874132,2379.2244,651.50726,-35.102585,0 days 00:00:44.490000,0 days 00:00:44.510000
0 days 00:00:00.500000,0 days 00:00:00.520000,answer5,0.34655473,-19.784842,29.889212,0.031334978,-0.017908007,0.18284386,19.080702,25.392752,19.208883,13.254551,28.245636,0.016863262,2.166611,6.5707664,8.274152,33.13468,317.38086,1136.1691,-5.586477,1420.4796,674.2741,-24.438494,2443.4326,597.5793,-35.98276,0 days 00:00:44.500000,0 days 00:00:44.520000
0 days 00:00:00.510000,0 days 00:00:00.530000,answer5,0.3722241,-20.69242,32.346878,0.0387655,-0.016654663,0.22063754,23.614069,24.912958,19.468765,13.7078085,28.046976,0.013266024,2.1520712,6.882299,6.4217186,32.326817,350.67432,1087.5698,-6.51042,1411.7701,705.5158,-26.07625,2439.7844,704.39923,-36.098843,0 days 00:00:44.510000,0 days 00:00:44.530000
0 days 00:00:00.520000,0 days 00:00:00.540000,answer5,0.4127464,-19.394705,33.3687,0.06349198,-0.015834033,0.20354737,26.258757,22.792627,18.691202,15.252052,27.854134,0.0142573,1.4783783,6.6153426,4.5243583,29.940893,352.25064,1042.1359,-6.133035,1371.5438,613.9739,-27.511047,2476.1228,678.7237,-35.232895,0 days 00:00:44.520000,0 days 00:00:44.540000
0 days 00:00:00.530000,0 days 00:00:00.550000,answer5,0.4303528,-18.673834,32.236797,0.07395318,-0.019168667,0.18625021,26.888372,20.709307,17.829615,13.22438,27.70591,0.010693249,1.3043078,5.5999985,3.0583198,27.85583,358.1205,1041.8453,-8.758065,1355.5936,644.1072,-25.314764,2449.3223,673.2417,-35.05308,0 days 00:00:44.530000,0 days 00:00:44.550000
0 days 00:00:00.540000,0 days 00:00:00.560000,answer5,0.4307684,-18.71049,31.064669,0.076076984,-0.016468108,0.17033951,25.776682,21.604345,17.093124,11.875407,27.30078,0.011390492,1.1237748,3.3669221,-1.2342858,21.043898,365.4816,1012.503,-11.542122,1336.9723,656.6613,-22.592558,2440.911,502.28525,-33.82031,0 days 00:00:44.540000,0 days 00:00:44.560000
0 days 00:00:00.550000,0 days 00:00:00.570000,answer5,0.42148635,-18.124163,29.514853,0.061776027,-0.01292126,0.14283496,22.859308,23.27086,11.824428,12.4574995,26.789658,0.010690473,1.2627407,-0.112822056,-2.5753262,17.619133,360.70792,1094.1178,-12.874536,1319.9957,722.12726,-20.973427,2440.7327,602.1408,-33.068996,0 days 00:00:44.550000,0 days 00:00:44.570000
0 days 00:00:00.560000,0 days 00:00:00.580000,answer5,0.43111634,-15.815753,27.197199,0.03684157,-0.009477292,0.1428876,17.149073,25.011942,3.8091862,15.649072,26.385971,0.012963103,0.9126881,-1.9284632,-4.94266,13.867918,358.83633,1157.8993,-76.08839,1307.4481,728.2129,-80.07117,2479.9338,656.372,-88.62878,0 days 00:00:44.560000,0 days 00:00:44.580000
0 days 00:00:00.570000,0 days 00:00:00.590000,answer5,0.46671763,-12.286307,22.813639,0.020395463,-0.007711437,0.13759945,9.522681,27.854258,-3.0075715,17.057695,0.0,0.0,0.0,0.0,0.0,0.0,362.34714,1172.2401,-138.58582,1296.3672,691.46063,-140.53314,2532.6106,577.4063,-144.82033,0 days 00:00:44.570000,0 days 00:00:44.590000
0 days 00:00:00.580000,0 days 00:00:00.600000,answer5,0.61171436,-7.606954,15.806351,0.018788,-0.00697537,0.20874286,4.5708013,23.683662,-14.230779,11.906486,0.0,0.0,0.0,0.0,0.0,0.0,397.02554,1034.1581,-136.01419,1319.5499,661.7802,-135.04851,2662.3218,467.30917,-143.2972,0 days 00:00:44.580000,0 days 00:00:44.600000
0 days 00:00:00.590000,0 days 00:00:00.610000,answer5,0.6975682,-3.8659756,10.641685,0.014108001,-0.0063719093,0.23230433,1.1374596,21.319405,-19.117195,9.591416,35.26233,0.0,0.0,-1.1467617,-2.6081276,20.907562,432.47543,872.7783,-71.2776,1342.7538,619.6756,-70.402985,2712.917,335.25064,-85.21598,0 days 00:00:44.590000,0 days 00:00:44.610000
0 days 00:00:00.600000,0 days 00:00:00.620000,answer5,1.1126803,-1.036741,9.407239,0.030709371,-0.006171396,0.619947,3.749611,10.414359,-25.745634,4.013797,35.26891,0.0,0.0,-0.33170643,-1.9138607,21.075891,451.90158,799.9687,-7.008991,1374.2252,676.8853,-9.396133,2698.0723,571.85565,-28.084883,0 days 00:00:44.600000,0 days 00:00:44.620000
0 days 00:00:00.610000,0 days 00:00:00.630000,answer5,1.4046788,-0.3542117,11.984833,0.052312415,-0.0029335618,0.7623973,5.323934,5.6363654,-25.5132,-0.024374008,35.572098,0.0,0.0,1.77807,-1.8365654,20.076096,463.2933,841.6785,-7.5618877,1369.9225,770.92804,-9.514895,2654.0964,631.0146,-27.637983,0 days 00:00:44.610000,0 days 00:00:44.630000
0 days 00:00:00.620000,0 days 00:00:00.640000,answer5,1.737638,-1.3341328,16.077768,0.07825162,-0.0046849437,0.96117896,11.3885145,1.1942245,-26.949175,-6.2056155,35.923035,0.0,1.5310186,4.299134,-2.3527176,17.69217,474.91943,1048.5763,-7.21143,1417.3506,963.5913,-9.673545,2487.3953,1777.3275,-24.9036,0 days 00:00:44.620000,0 days 00:00:44.640000
0 days 00:00:00.630000,0 days 00:00:00.650000,answer5,1.7216849,-2.6765633,18.292072,0.09331944,-0.00565326,0.86295944,14.700957,1.1144794,-24.806152,-11.311295,36.227646,0.031174025,1.2521642,6.630995,-3.311282,16.553736,470.8041,1269.8575,-5.8688354,1366.5605,1129.2733,-3.7849197,2406.5916,1950.1704,-22.422571,0 days 00:00:44.630000,0 days 00:00:44.650000
0 days 00:00:00.640000,0 days 00:00:00.660000,answer5,1.7265211,-3.46116,19.019312,0.093024194,-0.0065719537,0.8633893,17.639912,-1.3203207,-22.0389,-13.237541,36.159176,0.025112286,1.088416,7.837822,-3.2224236,16.616343,576.9664,1436.0,-3.3114502,1457.68,1178.0753,-5.465482,2491.291,1866.0035,-20.855387,0 days 00:00:44.640000,0 days 00:00:44.660000
0 days 00:00:00.650000,0 days 00:00:00.670000,answer5,1.7520285,-2.315658,17.717392,0.08953638,-0.002734513,0.78089577,18.426683,-6.080899,-19.789953,-15.842384,35.993095,0.023383556,0.68376404,7.9201064,-2.710541,18.318895,567.8528,1428.9121,-2.0556076,1432.5001,1190.5382,-5.9680943,2562.9546,1467.585,-21.302095,0 days 00:00:44.650000,0 days 00:00:44.670000
0 days 00:00:00.660000,0 days 00:00:00.680000,answer5,1.8065945,-1.7408525,17.323233,0.08353243,-0.001390664,0.61396456,19.217825,-9.909678,-16.668314,-15.848897,35.715164,0.009609879,0.5916392,7.0937915,-1.6427732,19.400824,593.59644,1575.1449,-0.97613096,1526.5367,1223.34,-8.402501,2733.1638,1246.2074,-21.304544,0 days 00:00:44.660000,0 days 00:00:44.680000
0 days 00:00:00.670000,0 days 00:00:00.690000,answer5,1.8952264,-1.4535007,17.55834,0.092784844,-0.004477682,0.6293838,21.35353,-13.328205,-16.485464,-17.02606,35.413063,0.0074515254,0.507609,6.001268,-0.3067986,20.446318,614.42706,1547.8252,-0.88125545,1564.2504,1201.0159,-8.247149,2734.5618,1345.3961,-21.614847,0 days 00:00:44.670000,0 days 00:00:44.690000
0 days 00:00:00.680000,0 days 00:00:00.700000,answer5,1.9445872,-2.545128,18.298525,0.103230156,-0.005889442,0.80591935,24.325186,-17.517538,-16.128426,-18.11004,35.066998,0.0047273417,0.5703675,4.4329176,0.5030799,22.965338,718.064,1705.3378,-1.1038009,1642.9186,1165.5381,-8.8608465,2914.1953,723.3011,-24.095001,0 days 00:00:44.680000,0 days 00:00:44.700000
0 days 00:00:00.690000,0 days 00:00:00.710000,answer5,1.975288,-3.2712233,18.624638,0.1022439,-0.0077060037,0.9482374,26.114777,-19.069605,-15.697578,-16.521303,34.50245,0.0136284,0.838949,1.9321333,-0.18443744,20.654867,705.6818,1540.4911,-2.4889104,1669.46,1098.2559,-12.786877,2524.6873,1569.7943,-23.16964,0 days 00:00:44.690000,0 days 00:00:44.710000
0 days 00:00:00.700000,0 days 00:00:00.720000,answer5,1.8817981,-4.8777924,20.61676,0.08510014,-0.009609803,1.0553821,27.917059,-17.025972,-14.314965,-11.651019,33.269497,0.021137891,1.1667598,0.09498731,-3.2983742,19.085182,562.14374,1518.5951,1.3508831,1563.8004,1149.3579,-13.78085,2233.1106,1878.5316,-20.17844,0 days 00:00:44.700000,0 days 00:00:44.720000
0 days 00:00:00.710000,0 days 00:00:00.730000,answer5,1.6674532,-5.882067,23.12338,0.071801744,-0.014412054,0.9566896,29.546461,-12.635539,-12.5425005,-7.2509856,31.982819,0.029042223,1.2238253,-1.0151391,-5.555403,18.596535,453.43845,1323.701,6.2889466,1505.2655,1136.13,-13.142751,1994.555,2409.5667,-17.109568,0 days 00:00:44.710000,0 days 00:00:44.730000
0 days 00:00:00.720000,0 days 00:00:00.740000,answer5,1.4231029,-8.932453,26.88991,0.07105165,-0.01843557,1.2464556,33.483948,-9.693664,-9.53099,-6.0713944,30.9569,0.029042223,1.2238253,-1.4294268,-4.9722896,24.422134,426.70703,1217.4073,9.596572,1416.7738,1051.0048,-10.561641,2210.499,1608.2427,-19.627542,0 days 00:00:44.720000,0 days 00:00:44.740000
0 days 00:00:00.730000,0 days 00:00:00.750000,answer5,1.2153726,-12.795163,29.426003,0.081115186,-0.022378176,1.2830628,36.32693,-6.700474,-4.7248025,-10.530398,32.12402,0.029042223,1.2238253,-3.1896274,-1.9875641,28.843744,410.06226,1179.378,3.6256998,1372.623,962.38965,-16.276268,2294.6213,1322.5945,-27.31447,0 days 00:00:44.730000,0 days 00:00:44.750000
0 days 00:00:00.740000,0 days 00:00:00.760000,answer5,1.1103526,-15.85555,30.869951,0.0868561,-0.025781067,1.509943,38.330837,-2.3213303,-2.422769,-11.788082,33.552334,0.029042223,1.2238253,-3.4883811,2.3978136,31.093603,408.1942,1200.872,-2.2980022,1375.0675,965.7823,-22.68805,2308.1072,1610.958,-33.3916,0 days 00:00:44.740000,0 days 00:00:44.760000
0 days 00:00:00.750000,0 days 00:00:00.770000,answer5,0.99357396,-16.955378,29.57075,0.092608094,-0.028544897,1.2707719,38.035114,2.6864688,-2.2104185,-11.558765,35.27932,0.027888527,0.8296029,-1.373147,3.2729511,28.173899,407.03882,1236.9298,-5.9074283,1350.5703,1002.86847,-27.911673,2317.1174,1566.2607,-34.081326,0 days 00:00:44.750000,0 days 00:00:44.770000
0 days 00:00:00.760000,0 days 00:00:00.780000,answer5,0.90666246,-16.872223,30.638506,0.10128111,-0.028674176,1.1070949,38.99011,5.7539177,-2.956885,-7.9786754,35.660824,0.026734829,0.43538043,2.58718,4.279303,24.10615,492.1202,1829.4152,-7.2035766,1375.4209,1269.4596,-27.196428,2432.0188,1668.5098,-30.024206,0 days 00:00:44.760000,0 days 00:00:44.780000
0 days 00:00:00.770000,0 days 00:00:00.790000,answer5,0.8941014,-17.450157,30.852594,0.10923356,-0.031069562,0.8164673,37.76939,6.871323,-2.1280754,-9.834878,35.99982,0.04014882,1.2231778,5.2250133,3.7750454,18.820429,480.18448,1859.3068,-7.2976933,1307.3011,1327.1265,-24.577524,2526.1726,955.26855,-24.832598,0 days 00:00:44.770000,0 days 00:00:44.790000
0 days 00:00:00.780000,0 days 00:00:00.800000,answer5,0.90674067,-17.77791,30.316515,0.10736435,-0.031814814,0.64556783,37.710342,6.728328,-2.075756,-12.666295,36.139236,0.04088537,1.9603602,6.3681417,4.649442,15.5658865,485.12173,1877.8226,-7.176534,1315.0266,1344.6234,-24.250753,2590.0972,905.6038,-21.456896,0 days 00:00:44.780000,0 days 00:00:44.800000
0 days 00:00:00.790000,0 days 00:00:00.810000,answer5,0.96139884,-17.549892,25.817545,0.09390235,-0.037301477,0.65715265,36.731083,5.8996754,-0.5038936,-14.2983885,36.216667,0.042116314,2.5219996,6.94605,5.145525,15.631076,604.6547,1357.924,-13.697787,1504.7109,1781.0365,-24.40267,2526.8418,738.9388,-20.622307,0 days 00:00:44.790000,0 days 00:00:44.810000
0 days 00:00:00.800000,0 days 00:00:00.820000,answer5,1.0296886,-17.16672,21.516855,0.09630417,-0.039093424,0.63505715,36.808502,3.713565,1.9717318,-16.352324,36.266094,0.021685487,1.8539004,6.836582,6.0255914,16.076136,755.2429,1308.7317,-22.78106,1880.2775,1601.2197,-22.782198,2495.0845,1077.8104,-18.858135,0 days 00:00:44.800000,0 days 00:00:44.820000
0 days 00:00:00.810000,0 days 00:00:00.830000,answer5,1.1079307,-17.227148,19.255386,0.095303215,-0.044115856,0.65122837,35.814358,1.9419566,6.038685,-19.142675,36.2842,0.020706927,1.4440584,6.540598,7.3763256,16.550283,892.89825,1304.0426,-22.483894,2238.369,2048.9683,-17.545473,2443.1677,1039.9718,-16.105158,0 days 00:00:44.810000,0 days 00:00:44.830000
0 days 00:00:00.820000,0 days 00:00:00.840000,answer5,1.2350736,-16.579546,17.482752,0.09778458,-0.04249221,0.66028935,33.002037,-0.4883026,13.101555,-22.003336,36.28465,0.012578386,1.1227515,6.770228,8.366326,14.87791,695.3877,1237.0089,-10.951217,2117.3472,1443.9135,-15.644226,2358.708,1096.003,-11.60666,0 days 00:00:44.820000,0 days 00:00:44.840000
0 days 00:00:00.830000,0 days 00:00:00.850000,answer5,1.5680858,-14.160949,15.993403,0.102762915,-0.044543948,1.2026215,28.333769,-4.991913,21.817373,-29.943863,36.298424,0.013734993,0.97245485,8.266515,8.298375,13.555526,514.88306,1184.9175,0.13720274,1862.6302,1304.8417,-18.222147,2374.779,919.96466,-9.152891,0 days 00:00:44.830000,0 days 00:00:44.850000
0 days 00:00:00.840000,0 days 00:00:00.860000,answer5,1.9190712,-10.667157,13.164867,0.11054981,-0.04244688,1.4594752,22.976242,-7.393328,30.782656,-36.672867,36.38006,0.028251564,1.2798969,9.749026,8.210437,12.786682,364.82996,1060.0184,0.0,1650.4242,487.94788,-21.43638,2548.0427,1047.945,-8.625943,0 days 00:00:44.840000,0 days 00:00:44.860000
0 days 00:00:00.850000,0 days 00:00:00.870000,answer5,2.2014709,-7.7743206,10.771004,0.11423405,-0.04818974,1.4429504,18.407824,-9.196746,34.45208,-45.771957,36.501575,0.028925551,1.3028395,10.406279,8.888591,11.401882,354.37192,1007.66016,0.0,1706.7992,98.8714,-21.515558,2756.9407,1046.2452,-7.940426,0 days 00:00:44.850000,0 days 00:00:44.870000
0 days 00:00:00.860000,0 days 00:00:00.880000,answer5,2.230371,-6.4993668,9.00906,0.11414913,-0.044869974,0.943933,16.343912,-7.8698897,35.06442,-46.92732,36.63477,0.025801271,1.201151,10.617398,9.907277,10.262579,367.25354,997.53345,0.0,1730.7067,25.07122,-21.230898,2868.6438,1524.1432,-7.435838,0 days 00:00:44.860000,0 days 00:00:44.880000
0 days 00:00:00.870000,0 days 00:00:00.890000,answer5,2.2036326,-5.896851,7.703296,0.1263694,-0.0451747,0.7408183,15.635573,-8.403609,34.871536,-45.744083,36.751957,0.0046358923,0.7091859,11.000024,10.323888,9.902349,368.41736,1003.9482,0.0,1725.8785,69.06355,-24.073675,2721.754,1741.0133,-7.812386,0 days 00:00:44.870000,0 days 00:00:44.890000
0 days 00:00:00.880000,0 days 00:00:00.900000,answer5,2.1261494,-6.082318,7.0728106,0.12678944,-0.03752181,0.71702033,16.34456,-8.023736,35.320232,-42.446796,36.83756,0.0034588727,0.48189363,11.586606,9.4324465,11.272929,366.38818,979.3345,0.0,1707.9122,107.517265,-27.387766,2548.8003,1924.0414,-10.257586,0 days 00:00:44.880000,0 days 00:00:44.900000
0 days 00:00:00.890000,0 days 00:00:00.910000,answer5,1.9918839,-6.881733,7.7650833,0.12652682,-0.0314639,0.7678388,17.43186,-7.390801,33.806828,-39.217243,36.878735,0.0041720374,0.44311306,12.013644,8.033734,15.160739,364.4492,1095.4591,0.0,1702.5194,935.9358,-30.58233,2263.9685,1100.704,-15.371124,0 days 00:00:44.890000,0 days 00:00:44.910000
0 days 00:00:00.900000,0 days 00:00:00.920000,answer5,1.8053998,-8.472487,8.870261,0.10358337,-0.030907795,0.7346329,19.295694,-4.593407,32.2014,-39.620464,36.885983,0.0038637489,0.4212176,12.258576,7.396483,19.545504,381.21304,1131.5479,0.0,1752.8966,1517.5854,-31.433676,2150.256,656.03326,-20.828382,0 days 00:00:44.900000,0 days 00:00:44.920000
0 days 00:00:00.910000,0 days 00:00:00.930000,answer5,1.6180521,-10.778966,11.895668,0.10342058,-0.029317966,0.6555112,21.252998,-1.3205253,28.419542,-38.145805,36.864063,0.0032451607,0.6118539,12.174351,8.350475,20.664127,501.83325,1231.4752,-7.394759,1881.1348,1541.0524,-31.269106,2381.4792,521.8247,-22.560892,0 days 00:00:44.910000,0 days 00:00:44.930000
0 days 00:00:00.920000,0 days 00:00:00.940000,answer5,1.4646983,-12.933322,14.079307,0.0910863,-0.03074871,0.4838408,23.055923,2.355346,25.637665,-33.37322,36.84297,0.0023435827,0.61531764,11.999645,9.646005,19.497168,625.0971,1180.3594,-9.160571,2000.9199,762.96893,-30.78276,2754.9753,686.9903,-21.633116,0 days 00:00:44.920000,0 days 00:00:44.940000
0 days 00:00:00.930000,0 days 00:00:00.950000,answer5,1.3425431,-15.315768,17.319641,0.09370312,-0.02808612,0.3870912,24.401617,4.571034,22.037321,-28.091845,36.833237,0.0015234648,0.7210148,11.85588,10.536935,17.01815,730.1003,1228.4185,-12.692196,2078.6301,205.6734,-30.495636,3086.5457,893.91034,-19.173412,0 days 00:00:44.930000,0 days 00:00:44.950000
0 days 00:00:00.940000,0 days 00:00:00.960000,answer5,1.2103595,-16.91803,19.347403,0.098903775,-0.026311532,0.38727072,24.2733,6.1873384,19.784174,-24.350525,36.42278,0.0027426702,0.47477448,6.131065,5.0503726,23.459368,414.87415,1361.5927,-5.565287,1290.8009,1894.3971,-28.518465,2209.0852,409.3602,-29.024656,0 days 00:00:44.940000,0 days 00:00:44.960000
0 days 00:00:00.950000,0 days 00:00:01,answer5,1.0341246,-17.364618,20.284615,0.10678355,-0.034686532,0.7436414,23.531067,7.8990173,16.614653,-25.340675,36.265427,0.002998852,0.32432005,4.635186,2.6449647,26.361109,402.96094,1231.2314,-7.201216,1380.4056,1585.4076,-29.700935,2231.6982,388.81442,-33.562325,0 days 00:00:44.950000,0 days 00:00:45
0 days 00:00:00,0 days 00:00:00.020000,answer6,0.26303074,-6.1746616,15.0005865,0.06855554,-0.004101893,0.019335374,12.634842,4.9132595,6.3123307,-3.6390457,0.0,0.0,0.0,0.0,0.0,0.0,817.138,1235.1119,-201.0,1773.546,960.0793,-201.0,2826.8594,713.7407,-201.0,0 days 00:00:52.433767100,0 days 00:00:52.453767100
0 days 00:00:00.010000,0 days 00:00:00.030000,answer6,0.25996515,-6.241449,14.51076,0.049480855,-0.010604541,0.03767154,13.736842,4.7843337,6.07027,-6.016397,0.0,0.0,0.0,0.0,0.0,0.0,832.1762,1357.1194,-201.0,1822.0762,982.3973,-201.0,2852.804,699.46875,-201.0,0 days 00:00:52.443767100,0 days 00:00:52.463767100
0 days 00:00:00.020000,0 days 00:00:00.040000,answer6,0.24945724,-5.4305825,12.314946,0.025335439,-0.01414509,0.05714916,12.731391,4.410239,5.3627243,-7.5107536,0.0,0.0,0.0,0.0,0.0,0.0,665.34564,1399.6136,-133.1908,1712.8588,1301.1854,-135.91525,2500.4417,804.17773,-135.91525,0 days 00:00:52.453767100,0 days 00:00:52.473767100
0 days 00:00:00.030000,0 days 00:00:00.050000,answer6,0.24085058,-6.148317,11.883893,0.0077205,-0.0147524625,0.049021408,12.850881,4.8583694,6.9623923,-5.62677,13.091461,0.0,0.0,-6.236307,4.5110455,18.363907,668.6375,1172.957,-62.378326,1819.3861,1071.9215,-71.15122,2560.0183,832.5114,-71.54132,0 days 00:00:52.463767100,0 days 00:00:52.483767100
0 days 00:00:00.040000,0 days 00:00:00.060000,answer6,0.23126197,-7.172054,13.658395,0.0036592286,-0.0053226906,0.05194828,13.309384,5.2282505,8.664397,0.5638431,14.176334,0.0,0.0,-6.072769,4.5520873,17.706705,436.26523,1217.776,7.419931,1500.7767,1175.6709,-9.995866,2266.654,894.00885,-10.079594,0 days 00:00:52.473767100,0 days 00:00:52.493767100
0 days 00:00:00.050000,0 days 00:00:00.070000,answer6,0.22160749,-9.882844,17.318884,0.006761894,-0.008814689,0.05362874,16.024323,7.5570073,8.105668,2.049,15.326714,0.0,0.0,-5.9972053,4.8175626,18.57879,406.3912,1200.8849,11.836701,1392.5414,918.44366,-12.306912,2405.223,851.5307,-13.566329,0 days 00:00:52.483767100,0 days 00:00:52.503767100
0 days 00:00:00.060000,0 days 00:00:00.080000,answer6,0.21448953,-10.149012,18.687656,0.013632371,-0.010107123,0.06328381,16.383898,7.432985,5.7869325,1.3749018,17.89959,0.0,0.0,-5.063705,1.0368048,16.27215,386.41528,1307.3434,14.247972,1389.652,1019.89496,-14.160411,2362.011,1046.84,-16.347445,0 days 00:00:52.493767100,0 days 00:00:52.513767100
0 days 00:00:00.070000,0 days 00:00:00.090000,answer6,0.22242801,-13.355916,21.872,0.032863308,-0.019392183,0.10352691,18.272934,11.831393,4.331384,-2.6755712,17.17454,0.0,0.0,-4.3374305,-0.096162796,17.856447,367.7599,1294.4838,16.251219,1427.9122,1036.1901,-10.133663,2451.419,1030.9484,-15.892899,0 days 00:00:52.503767100,0 days 00:00:52.523767100
0 days 00:00:00.080000,0 days 00:00:00.100000,answer6,0.24511199,-15.8934965,26.81753,0.055827305,-0.015506224,0.118686415,20.243284,12.585121,1.6263138,-5.844197,16.34529,0.0,0.0,-4.010246,-0.1141483,19.996738,564.40857,1320.5875,9.001995,1667.1304,1014.71466,-9.416317,2709.0828,865.4177,-15.698971,0 days 00:00:52.513767100,0 days 00:00:52.533767100
0 days 00:00:00.090000,0 days 00:00:00.110000,answer6,0.2566611,-19.310694,31.659407,0.06933498,-0.020074353,0.1616784,23.495682,16.153822,-1.5830208,-9.150161,14.01201,0.0,0.0,-5.600022,4.072289,24.44661,738.19775,1230.3794,3.6996815,1884.2587,960.2197,-9.547687,2984.3057,697.5832,-15.499123,0 days 00:00:52.523767100,0 days 00:00:52.543767100
0 days 00:00:00.100000,0 days 00:00:00.120000,answer6,0.25849274,-19.548689,32.952244,0.06867883,-0.024707878,0.132796,25.090643,15.266742,-6.230554,-10.161739,13.850123,0.0,1.3412037,-6.532121,4.674923,24.905508,922.3503,1141.5562,-2.5765498,2057.0173,895.2177,-11.486255,3163.1094,671.2908,-15.795695,0 days 00:00:52.533767100,0 days 00:00:52.553767100
0 days 00:00:00.110000,0 days 00:00:00.130000,answer6,0.24054246,-19.058931,29.431623,0.05642492,-0.0317843,0.1330272,25.363714,17.278692,-4.055346,-8.0559225,13.704869,0.0,1.3412037,-6.369716,3.4990246,21.184912,735.48114,1261.7394,2.1891694,1930.1383,1695.1278,-10.31145,2694.78,1007.0097,-12.9217825,0 days 00:00:52.543767100,0 days 00:00:52.563767100
0 days 00:00:00.120000,0 days 00:00:00.140000,answer6,0.22834969,-17.625544,27.225698,0.040412027,-0.02953505,0.09687767,25.022858,15.785649,-1.1477473,-4.0620823,13.840922,0.0,1.3412037,-5.3316207,2.2353408,18.713345,529.2713,1453.809,4.313627,1645.7814,1815.9625,-8.361831,2406.2488,1044.6608,-10.400899,0 days 00:00:52.553767100,0 days 00:00:52.573767100
0 days 00:00:00.130000,0 days 00:00:00.150000,answer6,0.20620543,-14.981584,22.262053,0.03324653,-0.02489298,0.08575579,22.082682,13.599754,3.290334,-1.7828275,13.904587,0.0,1.3412037,-6.47036,0.968787,18.084488,365.0774,1457.8389,6.3396745,1474.9108,1802.8267,-9.396209,2138.0505,1071.5099,-9.845632,0 days 00:00:52.563767100,0 days 00:00:52.583767100
0 days 00:00:00.140000,0 days 00:00:00.160000,answer6,0.19900721,-13.080096,20.038244,0.025835263,-0.022234766,0.06312014,21.169062,10.465294,3.4479053,-0.54496694,13.486713,0.0,1.3412037,-7.6292667,-0.7170598,19.306686,357.48105,1399.0494,4.689524,1445.3724,1091.2626,-11.186897,2226.5098,1376.4014,-12.0397835,0 days 00:00:52.573767100,0 days 00:00:52.593767100
0 days 00:00:00.150000,0 days 00:00:00.170000,answer6,0.19254248,-14.443848,19.626892,0.022806609,-0.023112595,0.05600825,21.606512,12.523879,7.4751678,0.16760504,13.21253,0.0,1.3412037,-8.897755,-1.9022284,19.845303,402.1967,1211.7142,-65.35636,1545.0635,987.97296,-75.91568,2296.2869,1466.7168,-76.35333,0 days 00:00:52.583767100,0 days 00:00:52.603767100
0 days 00:00:00.160000,0 days 00:00:00.180000,answer6,0.1966867,-15.559283,21.849836,0.015462269,-0.022592487,0.060721252,23.000895,13.539243,6.3033185,0.6948144,0.0,0.0,0.0,0.0,0.0,0.0,596.2993,1249.808,-132.90768,1765.4379,1009.0737,-138.12483,2605.0083,1505.1982,-138.5283,0 days 00:00:52.593767100,0 days 00:00:52.613767100
0 days 00:00:00.170000,0 days 00:00:00.190000,answer6,0.19935377,-14.327945,22.637924,0.021862661,-0.019206675,0.07404337,22.557695,12.265274,3.600034,0.8057005,0.0,0.0,0.0,0.0,0.0,0.0,587.78467,1224.5424,-201.0,1635.2003,989.66473,-201.0,2717.1848,992.47656,-201.0,0 days 00:00:52.603767100,0 days 00:00:52.623767100
0 days 00:00:00.180000,0 days 00:00:00.200000,answer6,0.20498341,-12.82874,22.114187,0.039750945,-0.016209984,0.07380042,21.311676,9.385699,1.435361,0.5611082,0.0,0.0,0.0,0.0,0.0,0.0,564.69965,1285.1066,-201.0,1596.1088,982.13885,-201.0,2666.0469,956.4448,-201.0,0 days 00:00:52.613767100,0 days 00:00:52.633767100
0 days 00:00:00.190000,0 days 00:00:00.210000,answer6,0.2050838,-11.715023,21.366934,0.03805587,-0.015639743,0.069133095,20.566288,9.254943,-1.6261679,-0.49164677,0.0,0.0,0.0,0.0,0.0,0.0,384.34497,1261.9645,-201.0,1330.0892,1023.5258,-201.0,2354.1375,887.08734,-201.0,0 days 00:00:52.623767100,0 days 00:00:52.643767100
0 days 00:00:00.200000,0 days 00:00:00.220000,answer6,0.23560739,-14.88253,21.909943,0.034707855,-0.025565857,0.09516016,22.48323,12.136533,-2.080863,-7.9409766,0.0,0.0,0.0,0.0,0.0,0.0,497.8391,1257.4669,-201.0,1524.777,1002.5537,-201.0,2564.3523,775.3366,-201.0,0 days 00:00:52.633767100,0 days 00:00:52.653767100
0 days 00:00:00.210000,0 days 00:00:00.230000,answer6,0.30706033,-15.123113,22.46992,0.03583591,-0.032814413,0.13405527,24.18077,11.803612,-8.972384,-17.014187,0.0,0.0,0.0,0.0,0.0,0.0,476.93668,1352.6622,-201.0,1432.9813,1084.9175,-201.0,2542.0928,669.3711,-201.0,0 days 00:00:52.643767100,0 days 00:00:52.663767100
0 days 00:00:00.220000,0 days 00:00:00.240000,answer6,0.40172434,-16.003794,21.830307,0.077470675,-0.04161543,0.1938984,24.798574,10.611131,-15.720899,-30.93336,0.0,0.0,0.0,0.0,0.0,0.0,415.6119,1461.4229,-201.0,1353.7479,1055.364,-201.0,2551.7078,554.5906,-201.0,0 days 00:00:52.653767100,0 days 00:00:52.673767100
0 days 00:00:00.230000,0 days 00:00:00.250000,answer6,0.42457512,-12.743507,20.749,0.08448613,-0.038792174,0.24449842,21.664331,10.336662,-15.508145,-33.109703,0.0,0.0,0.0,0.0,0.0,0.0,478.03214,1465.4125,-141.21268,1519.7506,915.2041,-144.45784,2620.555,512.32227,-144.88228,0 days 00:00:52.663767100,0 days 00:00:52.683767100
0 days 00:00:00.240000,0 days 00:00:00.260000,answer6,0.40990663,-10.648036,16.416117,0.068275854,-0.039868068,0.23409672,17.807837,14.237834,-5.755609,-33.826267,31.47528,0.0,0.0,2.903017,9.195082,31.019386,522.811,1374.566,-76.048096,1578.2826,977.0618,-88.464745,2694.3071,337.71793,-91.32859,0 days 00:00:52.673767100,0 days 00:00:52.693767100
0 days 00:00:00.250000,0 days 00:00:00.270000,answer6,0.36775255,-10.188037,15.238335,0.057244938,-0.037268084,0.19704156,16.33294,18.667032,3.00163,-25.303217,31.241158,0.0,0.0,4.1341534,9.179536,33.28601,590.10345,1220.9811,-12.65018,1665.7235,1040.7013,-35.811275,2703.158,386.7948,-37.487606,0 days 00:00:52.683767100,0 days 00:00:52.703767100
0 days 00:00:00.260000,0 days 00:00:00.280000,answer6,0.35424623,-13.038014,18.518112,0.05811215,-0.033429664,0.13860662,17.460434,22.555586,5.9417987,-16.080385,30.83728,0.0,0.0,6.40554,8.882766,38.3356,607.1939,1234.0538,-13.991086,1580.6572,1132.7845,-37.61105,2784.8762,255.95528,-40.52991,0 days 00:00:52.693767100,0 days 00:00:52.713767100
0 days 00:00:00.270000,0 days 00:00:00.290000,answer6,0.34334102,-18.830067,27.097778,0.07445688,-0.03222182,0.16872974,21.956827,26.534006,5.0506725,-6.13048,30.594582,0.0,0.86160356,7.523834,9.341927,39.231213,602.07715,1406.4049,-11.341351,1514.8356,1330.6166,-36.630543,2672.1677,559.78503,-38.775784,0 days 00:00:52.703767100,0 days 00:00:52.723767100
0 days 00:00:00.280000,0 days 00:00:00.300000,answer6,0.37783793,-23.451538,33.6902,0.064545,-0.036348972,0.2682761,26.18534,30.708054,9.508072,-3.4520404,30.444052,0.052776963,1.082246,8.376262,10.485545,39.47143,599.5378,1511.3324,-10.887123,1472.7238,1462.9088,-32.00502,2677.9744,594.89276,-37.418156,0 days 00:00:52.713767100,0 days 00:00:52.733767100
0 days 00:00:00.290000,0 days 00:00:00.310000,answer6,0.42157364,-26.193377,36.373028,0.073793694,-0.04071811,0.2981939,29.734304,31.526695,10.446247,-4.331835,30.329626,0.040116694,1.5287752,8.417371,11.962636,37.396988,397.36667,1543.523,-1.5430812,1178.6029,1614.4,-29.578995,2308.5867,895.0893,-34.74697,0 days 00:00:52.723767100,0 days 00:00:52.743767100
0 days 00:00:00.300000,0 days 00:00:00.320000,answer6,0.43508753,-26.24471,35.691006,0.07335191,-0.03739265,0.27856117,29.763865,30.692154,12.278492,-5.390827,30.323782,0.01771521,1.5646347,7.1052914,12.292134,35.518333,390.7556,1316.6016,-1.594792,1267.0165,1290.2379,-28.428564,2414.2903,712.8757,-32.920025,0 days 00:00:52.733767100,0 days 00:00:52.753767100
0 days 00:00:00.310000,0 days 00:00:00.330000,answer6,0.39444396,-24.266497,33.42645,0.06540832,-0.030179955,0.20212664,27.425232,27.338226,12.458411,-1.5672401,30.353148,0.008279924,1.6065073,4.4436884,10.386825,32.71501,368.5018,1289.5405,2.9585922,1312.874,1185.1772,-25.46638,2380.5237,697.56573,-29.756418,0 days 00:00:52.743767100,0 days 00:00:52.763767100
0 days 00:00:00.320000,0 days 00:00:00.340000,answer6,0.34960422,-21.815508,30.135841,0.055436134,-0.027033543,0.1986988,25.478216,24.652681,13.854194,-0.82433647,30.411789,0.0050218073,1.3923458,2.926654,8.828979,31.006742,373.5925,1292.1998,-64.83186,1309.1115,1247.9789,-82.63479,2321.878,622.10016,-85.50302,0 days 00:00:52.753767100,0 days 00:00:52.773767100
0 days 00:00:00.330000,0 days 00:00:00.350000,answer6,0.30074373,-18.720762,27.241282,0.049162164,-0.027360132,0.20364852,23.648682,18.58127,9.657258,-2.8123977,0.0,0.0,0.0,0.0,0.0,0.0,353.90738,1388.916,-132.59447,1284.8192,1293.7113,-140.75883,2278.901,678.93585,-142.63779,0 days 00:00:52.763767100,0 days 00:00:52.783767100
0 days 00:00:00.340000,0 days 00:00:00.360000,answer6,0.26540813,-16.452858,25.729805,0.048798736,-0.02693794,0.16476506,22.228432,14.366711,4.815911,-9.26036,0.0,0.0,0.0,0.0,0.0,0.0,351.12082,1408.6759,-134.06612,1286.07,1289.2876,-140.97035,2316.084,737.08765,-142.90309,0 days 00:00:52.773767100,0 days 00:00:52.793767100
0 days 00:00:00.350000,0 days 00:00:00.370000,answer6,0.23028827,-14.333522,24.022314,0.042443234,-0.025183795,0.11994085,21.06945,10.673374,1.9064016,-10.615708,22.83955,0.0,0.0,-3.6461296,-3.1128316,22.471394,356.2533,1462.5065,-66.76508,1323.6669,1364.4049,-80.88696,2302.8088,895.53394,-84.25231,0 days 00:00:52.783767100,0 days 00:00:52.803767100
0 days 00:00:00.360000,0 days 00:00:00.380000,answer6,0.2557566,-17.259468,25.974886,0.04791218,-0.035086032,0.14259492,23.990423,14.91555,3.8211772,-12.884742,21.779404,0.0,0.0,-4.2325397,-0.7969516,22.725607,411.5873,1479.768,3.2025661,1254.5176,1642.4946,-18.39334,2258.3901,905.8703,-24.202408,0 days 00:00:52.793767100,0 days 00:00:52.813767100
0 days 00:00:00.370000,0 days 00:00:00.390000,answer6,0.2823385,-19.362986,27.89102,0.06050101,-0.043127965,0.16663778,26.24986,18.026634,2.8055494,-13.599929,20.746002,0.0,0.0,-4.710509,1.076749,22.367819,436.50626,1451.0651,4.419307,1223.1821,1676.144,-15.278195,2270.9941,861.93085,-21.503265,0 days 00:00:52.803767100,0 days 00:00:52.823767100
0 days 00:00:00.380000,0 days 00:00:00.400000,answer6,0.31238648,-21.40267,30.57028,0.064620644,-0.050062705,0.17432435,28.04274,19.900642,0.90298337,-16.586594,19.703602,0.0,0.0,-5.5550585,2.8566732,22.464535,443.2347,1458.1973,-62.881725,1167.203,1742.4971,-75.361595,2245.3914,814.5071,-80.15405,0 days 00:00:52.813767100,0 days 00:00:52.833767100
0 days 00:00:00.390000,0 days 00:00:00.410000,answer6,0.28662392,-18.19313,27.484095,0.06590071,-0.037237044,0.14640775,24.93165,16.643661,-0.40708303,-13.816792,0.0,0.0,0.0,0.0,0.0,0.0,407.29715,1364.5713,-132.84937,1254.4622,1414.5739,-137.85522,2301.8552,790.3283,-140.20396,0 days 00:00:52.823767100,0 days 00:00:52.843767100
0 days 00:00:00.400000,0 days 00:00:00.420000,answer6,0.2650714,-15.69035,23.367266,0.056844622,-0.031875655,0.12151701,22.460459,14.088328,0.3215647,-9.934445,0.0,0.0,0.0,0.0,0.0,0.0,398.1907,1308.5504,-201.0,1310.9795,1316.2977,-201.0,2255.487,806.77686,-201.0,0 days 00:00:52.833767100,0 days 00:00:52.853767100
0 days 00:00:00.410000,0 days 00:00:00.430000,answer6,0.23750551,-14.177947,20.57173,0.04573299,-0.025547957,0.1066306,19.37767,14.981491,2.093816,-5.104196,0.0,0.0,0.0,0.0,0.0,0.0,396.25903,1165.3219,-201.0,1401.6484,1023.10675,-201.0,2423.0283,804.95966,-201.0,0 days 00:00:52.843767100,0 days 00:00:52.863767100
0 days 00:00:00.420000,0 days 00:00:00.440000,answer6,0.23547173,-13.241059,18.28334,0.036365904,-0.028587842,0.064731605,18.215067,14.220376,0.59975845,-4.8547935,0.0,0.0,0.0,0.0,0.0,0.0,403.44492,1203.2998,-201.0,1440.8535,1131.7029,-147.34146,2365.8381,944.5586,-145.97757,0 days 00:00:52.853767100,0 days 00:00:52.873767100
0 days 00:00:00.430000,0 days 00:00:00.450000,answer6,0.22543164,-13.448018,19.54872,0.020398585,-0.022978326,0.057660967,18.756905,13.925733,2.035514,-1.0653905,41.492813,0.0,0.0,8.891727,19.193598,29.33433,405.99655,1220.5566,0.0,1424.941,1125.716,-94.95826,2372.7913,954.8593,-94.45114,0 days 00:00:52.863767100,0 days 00:00:52.883767100
0 days 00:00:00.440000,0 days 00:00:00.460000,answer6,0.22299294,-13.628659,21.51468,0.018045831,-0.021228136,0.06392226,19.429398,12.173081,4.9247894,1.7844113,41.455887,0.0,0.0,10.177066,22.250864,32.390408,357.05197,1329.4454,0.0,1388.6426,1124.5187,-42.275776,2252.3967,944.49774,-44.25594,0 days 00:00:52.873767100,0 days 00:00:52.893767100
0 days 00:00:00.450000,0 days 00:00:00.470000,answer6,0.27693376,-18.756308,29.4245,0.018191243,-0.022962674,0.23370431,24.181725,15.804058,6.4702096,-0.065071106,41.400265,0.0,0.0,12.508988,25.791237,36.179043,505.27872,1283.4945,0.0,1577.944,962.5051,-45.287918,2562.6804,748.14886,-48.38655,0 days 00:00:52.883767100,0 days 00:00:52.903767100
0 days 00:00:00.460000,0 days 00:00:00.480000,answer6,0.39823696,-24.295227,36.994396,0.040280443,-0.030621937,0.51877475,27.894941,18.720444,4.3923316,-8.779487,41.39136,0.032280702,3.3448641,13.717734,28.320122,35.957184,644.76105,1216.2593,-42.235138,1820.9225,892.52545,-48.072376,2849.2444,750.6956,-49.219574,0 days 00:00:52.893767100,0 days 00:00:52.913767100
0 days 00:00:00.470000,0 days 00:00:00.490000,answer6,0.53923494,-30.222021,43.366955,0.06404243,-0.039617673,0.6317808,30.997742,22.833746,1.2682987,-19.315125,41.497555,0.026280263,2.6265602,13.710377,27.48263,36.365826,814.6082,1035.3939,-41.39793,2036.6185,760.5613,-48.914783,3155.6125,505.05954,-50.281128,0 days 00:00:52.903767100,0 days 00:00:52.923767100
0 days 00:00:00.480000,0 days 00:00:00.500000,answer6,0.61252946,-31.91582,45.17876,0.07669676,-0.04114579,0.49485803,30.732735,22.36734,-1.3341966,-21.390436,41.96082,0.025799597,1.7809772,12.640984,28.965483,35.70635,797.19073,980.75226,-33.800835,1994.1051,712.53156,-47.261383,3153.882,467.73315,-50.39766,0 days 00:00:52.913767100,0 days 00:00:52.933767100
0 days 00:00:00.490000,0 days 00:00:00.510000,answer6,0.6187629,-32.17217,45.06602,0.09070235,-0.040818766,0.29844192,30.541784,21.260504,-1.1061491,-20.232386,42.470375,0.017306896,0.6564372,11.684212,23.569998,34.93369,802.0159,1000.8206,-28.738749,1984.4191,683.0983,-45.517895,3173.1602,434.0289,-49.9584,0 days 00:00:52.923767100,0 days 00:00:52.943767100
0 days 00:00:00.500000,0 days 00:00:00.520000,answer6,0.575718,-30.739859,42.68797,0.08837282,-0.039173998,0.4415239,31.137537,18.352264,-0.8896281,-19.403849,42.843876,0.015450788,0.4883155,11.837113,19.547918,33.38087,821.3929,1044.4818,-25.991585,2011.1733,692.0583,-47.134914,3198.3457,503.1262,-49.680492,0 days 00:00:52.933767100,0 days 00:00:52.953767100
0 days 00:00:00.510000,0 days 00:00:00.530000,answer6,0.52906555,-29.294867,41.194813,0.10115275,-0.040256545,0.4733224,31.674318,17.133585,-1.1712209,-21.427414,42.8159,0.017770665,1.2973341,12.897026,13.695709,33.392326,831.18384,1060.8092,-27.023401,2049.1648,746.1704,-49.935074,3206.6992,632.8554,-50.723766,0 days 00:00:52.943767100,0 days 00:00:52.963767100
0 days 00:00:00.520000,0 days 00:00:00.540000,answer6,0.49303886,-29.424723,41.42883,0.09461989,-0.041496996,0.5845304,32.28113,18.58151,-2.023074,-20.960354,42.60771,0.022568947,1.862647,13.241252,12.06161,34.37047,834.21313,1076.563,-26.381891,2020.0327,757.2785,-50.232243,3265.7883,625.236,-52.6945,0 days 00:00:52.953767100,0 days 00:00:52.973767100
0 days 00:00:00.530000,0 days 00:00:00.550000,answer6,0.4876249,-30.726812,42.862488,0.10211625,-0.041304916,0.37910417,32.68996,19.393206,-2.1677175,-20.525396,42.168457,0.023877865,1.8398589,13.093602,9.705741,34.20047,841.8752,1097.6648,-26.311256,2049.737,811.3176,-50.862072,3324.2021,796.9089,-54.809734,0 days 00:00:52.963767100,0 days 00:00:52.983767100
0 days 00:00:00.540000,0 days 00:00:00.560000,answer6,0.49716422,-31.715172,44.70458,0.098994575,-0.039966505,0.3592485,34.290516,19.672361,-1.7208921,-17.84162,41.66557,0.017919762,1.1305588,13.259786,6.959924,31.484377,845.2889,1088.9946,-30.511713,2031.9974,822.3696,-51.854553,3299.917,769.73804,-55.036167,0 days 00:00:52.973767100,0 days 00:00:52.993767100
0 days 00:00:00.550000,0 days 00:00:00.570000,answer6,0.49579906,-33.113483,45.806305,0.09662505,-0.037868675,0.34119177,34.93507,19.080154,-0.32543907,-17.288568,41.201168,0.018804189,0.689467,14.472886,3.4391582,26.54535,854.9788,1077.4681,-32.157906,2072.5261,917.85425,-53.20883,3178.125,832.0743,-55.2641,0 days 00:00:52.983767100,0 days 00:00:53.003767100
0 days 00:00:00.560000,0 days 00:00:00.580000,answer6,0.48912334,-33.795322,47.460648,0.08275369,-0.03540885,0.37552342,35.621082,19.008717,0.16548343,-15.6609955,40.994373,0.017466914,0.61191773,15.243481,3.349734,23.136023,863.13745,1040.7826,-34.645107,2084.7449,944.72516,-54.229397,3146.4045,932.3597,-54.431396,0 days 00:00:52.993767100,0 days 00:00:53.013767100
0 days 00:00:00.570000,0 days 00:00:00.590000,answer6,0.46638885,-34.961575,47.747135,0.06698996,-0.033007804,0.34660745,34.704704,19.09371,3.2921817,-14.0757265,40.833527,0.019734628,0.5193176,14.787041,6.571119,23.425966,870.75714,1104.5587,-38.504894,2141.0713,960.6131,-54.36012,3200.507,1048.1035,-55.35974,0 days 00:00:53.003767100,0 days 00:00:53.023767100
0 days 00:00:00.580000,0 days 00:00:00.600000,answer6,0.4474788,-34.902157,49.03462,0.06671829,-0.027921999,0.23783076,34.963596,19.103003,5.677916,-9.217879,40.514378,0.012123668,0.40853024,13.265575,10.310876,28.136251,706.8973,1204.5477,-40.79467,1894.2881,1007.94525,-49.49938,2987.76,1201.086,-55.97208,0 days 00:00:53.013767100,0 days 00:00:53.033767100
0 days 00:00:00.590000,0 days 00:00:00.610000,answer6,0.4404393,-36.18572,49.717793,0.083444245,-0.02580139,0.18930547,35.742615,21.486498,8.663102,-5.162049,40.03297,0.01061098,0.4363682,12.187163,8.496358,32.479366,535.76227,1500.0587,0.0,1586.6832,1430.6758,-40.60833,2698.908,1169.6323,-54.764294,0 days 00:00:53.023767100,0 days 00:00:53.043767100
0 days 00:00:00.600000,0 days 00:00:00.620000,answer6,0.43112674,-34.911495,49.870117,0.08108019,-0.024373526,0.38922462,37.195568,21.252554,8.164437,-3.236901,39.623745,0.009609725,0.5758094,12.165553,3.9827259,37.734745,614.5279,1540.5978,0.0,1636.5841,1486.6401,-38.968132,2695.5198,1154.4825,-54.67264,0 days 00:00:53.033767100,0 days 00:00:53.053767100
0 days 00:00:00.610000,0 days 00:00:00.630000,answer6,0.435917,-29.474342,46.45795,0.08692337,-0.026684927,0.48930788,38.32249,18.695562,1.8812784,-9.665119,39.46355,0.012788723,0.9826064,12.628766,0.28463396,41.00911,826.9775,1491.647,-28.27964,1962.0853,1705.7128,-43.874348,2935.3223,1085.0026,-54.987514,0 days 00:00:53.043767100,0 days 00:00:53.063767100
0 days 00:00:00.620000,0 days 00:00:00.640000,answer6,0.43897843,-24.929361,45.577717,0.07654675,-0.031219715,0.48963916,39.85284,16.134087,-5.8902526,-16.96866,39.492893,0.01267344,1.0497161,13.192449,0.6934888,42.546253,999.0246,1195.2146,-23.627335,2276.1365,1419.6676,-52.063965,3115.6365,1304.976,-55.34489,0 days 00:00:53.053767100,0 days 00:00:53.073767100
0 days 00:00:00.630000,0 days 00:00:00.650000,answer6,0.47092128,-24.461199,45.052197,0.07735385,-0.038863216,0.3977445,41.663914,17.250875,-11.174975,-22.447859,39.534115,0.011748001,1.0641352,13.525243,2.7917254,42.58968,931.16187,1086.1139,-20.45688,2220.4177,1464.2344,-52.486694,3103.0896,1450.2045,-54.739807,0 days 00:00:53.063767100,0 days 00:00:53.083767100
0 days 00:00:00.640000,0 days 00:00:00.660000,answer6,0.48364386,-28.58998,46.452755,0.06859543,-0.04709996,0.26528895,42.26218,18.949799,-9.407538,-25.268927,39.631886,0.0063460846,0.7764644,13.679268,9.469897,42.753757,885.91583,1024.8662,-21.227236,2117.6218,1211.3403,-51.94621,3152.6677,1323.5463,-54.511097,0 days 00:00:53.073767100,0 days 00:00:53.093767100
0 days 00:00:00.650000,0 days 00:00:00.670000,answer6,0.47606134,-31.339777,46.840282,0.06461451,-0.05153376,0.26918626,42.063313,20.838923,-6.933361,-22.871859,39.905544,0.008974151,0.84134203,13.409103,13.550347,40.013134,867.7671,1043.1693,-27.976236,2020.378,1144.8944,-50.50001,3145.0137,991.26276,-54.439026,0 days 00:00:53.083767100,0 days 00:00:53.103767100
0 days 00:00:00.660000,0 days 00:00:00.680000,answer6,0.46102253,-32.612705,47.350727,0.070185095,-0.052018445,0.22581358,39.080627,21.610373,-1.3927089,-20.91078,40.430542,0.015634332,0.58411306,12.8174925,18.032143,38.816658,828.40497,1051.2109,-34.985558,1965.0659,981.5005,-51.98863,3112.175,705.46436,-55.770077,0 days 00:00:53.093767100,0 days 00:00:53.113767100
0 days 00:00:00.670000,0 days 00:00:00.690000,answer6,0.43882224,-33.87321,48.259018,0.061613202,-0.048746694,0.25514087,37.98679,23.95202,2.1750042,-16.139736,40.976788,0.021784095,0.50626534,12.17538,18.938581,36.885937,798.71075,1044.5789,-37.289307,1958.6595,885.25604,-53.14682,3061.2102,708.92303,-55.236664,0 days 00:00:53.103767100,0 days 00:00:53.123767100
0 days 00:00:00.680000,0 days 00:00:00.700000,answer6,0.43015918,-35.321186,48.32535,0.07286694,-0.046687547,0.29793462,35.741825,23.20965,4.1752763,-18.629614,41.412785,0.0218027,0.36799493,11.020051,22.262115,38.82791,783.55316,1029.8274,-38.570103,1977.919,784.8598,-51.966644,3096.963,643.0057,-55.1359,0 days 00:00:53.113767100,0 days 00:00:53.133767100
0 days 00:00:00.690000,0 days 00:00:00.710000,answer6,0.42883804,-36.73152,49.060024,0.0816946,-0.04716164,0.29864657,37.029156,23.926474,3.491244,-20.508688,41.464825,0.016495384,0.59263414,8.478446,22.921576,37.38689,790.8459,998.91876,-36.652798,1988.2118,782.69507,-47.14005,3124.2107,679.6527,-51.118114,0 days 00:00:53.123767100,0 days 00:00:53.143767100
0 days 00:00:00.700000,0 days 00:00:00.720000,answer6,0.400926,-34.655376,46.737072,0.09316582,-0.04511607,0.49038675,36.232136,22.371984,2.6438053,-20.82569,37.415825,0.1693946,0.77303857,4.881514,21.81796,37.743767,809.2088,1023.5988,-28.311224,2017.6514,786.4033,-36.917187,3172.0461,694.03986,-41.238556,0 days 00:00:53.133767100,0 days 00:00:53.153767100
0 days 00:00:00.710000,0 days 00:00:00.730000,answer6,0.35502756,-29.141174,41.693317,0.09540265,-0.0397267,0.50986904,35.24204,20.085299,2.0751286,-15.537732,33.244247,0.18421914,2.4024518,2.9964125,17.387592,37.778904,673.0578,1115.8835,-12.119926,1786.4484,909.11523,-27.341286,2914.081,826.91113,-29.512766,0 days 00:00:53.143767100,0 days 00:00:53.163767100
0 days 00:00:00.720000,0 days 00:00:00.740000,answer6,0.29626584,-23.890884,36.72687,0.100795,-0.030365983,0.4529837,32.782192,17.294106,0.49583206,-12.40421,29.164053,0.18891035,3.302933,2.0925815,14.454621,37.683964,525.0523,1317.5615,4.03803,1507.5687,1097.6901,-17.799162,2576.1184,908.0769,-20.465044,0 days 00:00:53.153767100,0 days 00:00:53.173767100
0 days 00:00:00.730000,0 days 00:00:00.750000,answer6,0.26253012,-21.807692,35.939793,0.09921501,-0.025371827,0.20511752,30.7452,16.83197,-1.068287,-10.732373,28.842955,0.058668062,3.0625737,1.9458936,13.640065,34.9574,302.41385,1581.9562,12.867388,1214.3336,1277.9971,-17.016962,2277.229,1174.6879,-20.757906,0 days 00:00:53.163767100,0 days 00:00:53.183767100
0 days 00:00:00.740000,0 days 00:00:00.760000,answer6,0.24668145,-22.064577,35.87842,0.08766824,-0.02174004,0.109926194,29.475702,17.724442,0.25868043,-9.267995,28.439806,0.05379295,1.4589409,1.6601022,14.112058,32.985897,490.80542,1592.254,0.0,1420.7926,1302.6849,-19.609602,2502.1375,990.6391,-24.31719,0 days 00:00:53.173767100,0 days 00:00:53.193767100
0 days 00:00:00.750000,0 days 00:00:00.770000,answer6,0.22324963,-20.733862,33.593754,0.059379715,-0.020059308,0.11615628,27.982008,18.167929,0.28410026,-5.807144,28.063726,0.045751024,0.93503594,1.7705463,14.570171,31.47209,506.2892,1519.0873,-12.016243,1441.0328,1262.4803,-21.973549,2525.551,933.1367,-25.874916,0 days 00:00:53.183767100,0 days 00:00:53.203767100
0 days 00:00:00.760000,0 days 00:00:00.780000,answer6,0.21449672,-18.87985,29.38046,0.044436365,-0.020503819,0.104531705,26.372175,17.212011,4.8129277,-0.8585269,27.956154,0.01580046,1.4452432,1.7944983,14.071387,29.897552,576.77313,1285.6906,-10.942592,1508.9479,1176.8173,-20.00583,2482.6448,713.25946,-23.984304,0 days 00:00:53.193767100,0 days 00:00:53.213767100
0 days 00:00:00.770000,0 days 00:00:00.790000,answer6,0.2077449,-18.075262,28.604134,0.046800684,-0.019468382,0.09143939,25.693575,16.334608,5.279449,0.48337135,27.968441,0.002935494,1.9045752,1.3318146,14.821756,27.962444,371.95718,1296.1885,-72.54262,1316.3514,1113.6871,-78.889565,2256.51,900.7497,-81.30308,0 days 00:00:53.203767100,0 days 00:00:53.223767100
0 days 00:00:00.780000,0 days 00:00:00.800000,answer6,0.19911493,-16.63997,26.4552,0.05101779,-0.017844098,0.07446729,24.554375,13.135262,6.379292,0.9730649,0.0,0.0,0.0,0.0,0.0,0.0,364.60757,1309.0433,-136.93176,1344.3892,1112.2863,-138.99962,2256.1135,917.97723,-140.75377,0 days 00:00:53.213767100,0 days 00:00:53.233767100
0 days 00:00:00.790000,0 days 00:00:00.810000,answer6,0.18616454,-13.950653,22.566587,0.056016278,-0.018051075,0.06866048,22.45637,8.887696,2.40644,-2.052111,0.0,0.0,0.0,0.0,0.0,0.0,376.38858,1223.8534,-201.0,1344.5236,1004.63965,-201.0,2312.804,836.7487,-201.0,0 days 00:00:53.223767100,0 days 00:00:53.243767100
0 days 00:00:00.800000,0 days 00:00:00.820000,answer6,0.17305988,-12.207169,19.794083,0.04011055,-0.021537775,0.06294788,21.23026,7.9448237,1.8901974,-0.7111185,0.0,0.0,0.0,0.0,0.0,0.0,405.83154,1108.8989,-131.6576,1374.018,935.4395,-138.78632,2337.113,796.12305,-140.30638,0 days 00:00:53.233767100,0 days 00:00:53.253767100
0 days 00:00:00.810000,0 days 00:00:00.830000,answer6,0.17438155,-11.667973,19.107767,0.035865765,-0.027681252,0.047325034,20.800226,7.0241675,-0.56840175,-1.7795433,15.536106,0.0,0.0,-5.771491,-6.321264,23.15662,406.1349,1117.9305,-58.77736,1428.6246,907.5403,-72.58344,2412.918,889.30096,-75.80427,0 days 00:00:53.243767100,0 days 00:00:53.263767100
0 days 00:00:00.820000,0 days 00:00:00.840000,answer6,0.25255126,-14.371533,22.820213,0.033911496,-0.03483181,0.13356476,26.111227,8.821927,-6.8684254,-8.450297,15.544624,0.0,0.0,-6.868309,-0.12833214,26.293447,352.3822,1400.0406,13.22866,1318.7792,1032.7272,-1.1283976,2405.027,932.9539,-11.869362,0 days 00:00:53.253767100,0 days 00:00:53.273767100
0 days 00:00:00.830000,0 days 00:00:00.850000,answer6,0.32488367,-14.787094,24.550209,0.038468223,-0.03845765,0.20035319,29.361322,8.599608,-9.629155,-15.7312,14.889979,0.0,0.3696678,-6.8168564,4.721454,31.456985,332.59094,1536.912,17.317678,1209.7617,1112.6205,8.121799,2372.7615,843.14764,-8.88305,0 days 00:00:53.263767100,0 days 00:00:53.283767100
0 days 00:00:00.840000,0 days 00:00:00.860000,answer6,0.39878133,-15.891475,28.918533,0.040374137,-0.040283643,0.25304252,33.275845,12.862735,-8.666017,-20.881178,14.226555,0.0,0.3696678,-5.4879136,10.381581,34.594093,329.16333,1579.8882,17.740335,1103.9862,1120.6187,13.841283,2411.3562,686.49884,-8.147983,0 days 00:00:53.273767100,0 days 00:00:53.293767100
0 days 00:00:00.850000,0 days 00:00:00.870000,answer6,0.4120361,-14.542488,30.576721,0.027616547,-0.03648885,0.24518226,33.476772,14.628543,-2.0280726,-16.121965,13.531863,0.0,0.3696678,-2.8064356,10.330689,36.93256,316.0748,1577.0815,19.350767,1099.7646,1091.4025,15.0404825,2379.0957,727.34357,-7.6256576,0 days 00:00:53.283767100,0 days 00:00:53.303767100
0 days 00:00:00.860000,0 days 00:00:00.880000,answer6,0.45173147,-14.912467,31.28477,0.017556095,-0.03659269,0.25268933,33.71572,15.39755,0.78241605,-16.27022,13.563821,0.0,0.67782396,-1.4605795,12.651776,37.514954,320.39185,1638.8403,14.955433,1083.391,1121.1144,16.609108,2449.003,667.1237,-5.8595486,0 days 00:00:53.293767100,0 days 00:00:53.313767100
0 days 00:00:00.870000,0 days 00:00:00.890000,answer6,0.48531756,-15.334366,31.022436,0.010634866,-0.035989475,0.271678,32.36047,14.620263,1.6620669,-14.576579,13.969373,0.056592744,0.9274499,-1.8105742,14.332886,38.6378,280.40192,1801.7865,15.181369,1058.332,1172.8197,16.741426,2463.2917,712.3924,-5.808161,0 days 00:00:53.303767100,0 days 00:00:53.323767100
0 days 00:00:00.880000,0 days 00:00:00.900000,answer6,0.4996555,-14.934108,31.38967,0.005345573,-0.035137128,0.25248793,30.5861,16.08213,2.790345,-15.5284,14.023435,0.056592744,1.1770757,-6.0676155,77.297935,37.652287,274.3002,1792.8541,12.381597,1058.9838,1137.4537,14.508382,2553.022,634.35223,-5.9519353,0 days 00:00:53.313767100,0 days 00:00:53.333767100
0 days 00:00:00.890000,0 days 00:00:00.910000,answer6,0.48012742,-16.08335,32.73505,-0.0012850022,-0.030389661,0.22266166,29.953852,17.27279,5.556873,-13.950081,13.891533,0.0,1.0665588,-8.575147,70.42565,34.314823,446.53543,1573.4906,13.175072,1476.2445,1044.0609,4.782052,2777.1292,644.50616,-6.8994403,0 days 00:00:53.323767100,0 days 00:00:53.343767100
0 days 00:00:00.900000,0 days 00:00:00.920000,answer6,0.4654421,-18.330423,33.336407,-0.0070334785,-0.026946692,0.21611612,30.947248,18.012201,8.077531,-14.244082,13.428439,0.06866488,1.0145723,-10.208164,62.90859,31.110022,666.7039,1230.264,9.475812,1894.0093,939.32544,-3.966452,2953.116,585.97845,-7.689488,0 days 00:00:53.333767100,0 days 00:00:53.353767100
0 days 00:00:00.910000,0 days 00:00:00.930000,answer6,0.46483168,-22.009802,34.161804,0.014392537,-0.03266098,0.34626946,33.32956,19.231047,10.947865,-16.754921,13.322772,0.06866488,0.96258575,-8.41793,-6.137108,28.352043,896.66376,968.8325,8.488699,2307.768,910.95685,-11.081477,3163.5813,524.5537,-7.504421,0 days 00:00:53.343767100,0 days 00:00:53.363767100
0 days 00:00:00.920000,0 days 00:00:00.940000,answer6,0.47875667,-25.00472,35.117783,0.039428536,-0.042457525,0.42311692,35.714565,21.887037,10.756912,-17.801298,22.9747,0.06866488,0.96258575,-0.87195945,10.151881,41.79109,890.257,1137.6711,-0.8394521,2336.6587,958.7349,-28.014486,3341.795,487.55203,-26.942953,0 days 00:00:53.353767100,0 days 00:00:53.373767100
0 days 00:00:00.930000,0 days 00:00:00.950000,answer6,0.49851203,-27.391441,39.022106,0.04072112,-0.050013285,0.5101481,38.220406,23.335932,5.66472,-19.401134,21.39805,0.08256329,1.464037,-1.1573691,2.4897869,36.025043,885.2017,1143.5509,6.0330606,2311.7617,1141.3558,-20.690428,3311.2737,713.3381,-20.520731,0 days 00:00:53.363767100,0 days 00:00:53.383767100
0 days 00:00:00.940000,0 days 00:00:00.960000,answer6,0.4767828,-27.827194,41.094288,0.027561143,-0.04608209,0.457979,38.296494,22.605402,-0.81228685,-17.982773,19.738153,0.09646169,1.9654881,-1.8270559,-6.3892303,29.817764,905.23395,1086.5582,11.63699,2338.721,1334.6957,-14.149872,3258.5896,972.4819,-14.48914,0 days 00:00:53.373767100,0 days 00:00:53.393767100
0 days 00:00:00.950000,0 days 00:00:01,answer6,0.4355122,-25.55023,39.87138,0.024006696,-0.04503986,0.45190188,36.448936,19.640984,-5.9076734,-15.743187,17.800241,0.11036011,2.4669392,-2.6510122,-14.801816,22.929796,928.6226,1081.7983,15.380019,2362.5852,1621.0421,-8.042114,3200.658,1253.9617,-8.044689,0 days 00:00:53.383767100,0 days 00:00:53.433767100
0 days 00:00:00,0 days 00:00:00.020000,answer7,0.28174412,-5.8387485,11.582336,0.024142927,-0.008916833,0.017460229,7.4819856,9.651519,-0.538479,-4.151775,0.0,0.0,0.0,0.0,0.0,0.0,352.94653,1334.127,-201.0,1320.3724,977.1069,-201.0,2323.2537,622.9469,-201.0,0 days 00:01:07.667334001,0 days 00:01:07.687334001
0 days 00:00:00.010000,0 days 00:00:00.030000,answer7,0.28134573,-5.3671756,10.531662,0.04066345,-0.014476324,0.036947917,6.1856885,10.544631,0.4365561,-2.7605965,0.0,0.0,0.0,0.0,0.0,0.0,364.9956,1187.1437,-201.0,1382.0223,781.1855,-201.0,2415.763,611.44806,-201.0,0 days 00:01:07.677334001,0 days 00:01:07.697334001
0 days 00:00:00.020000,0 days 00:00:00.040000,answer7,0.27733755,-5.9661846,10.96737,0.039828774,-0.016218709,0.05485685,6.2715797,11.8208685,2.4276447,1.6170444,0.0,0.0,0.0,0.0,0.0,0.0,382.76624,1104.498,-201.0,1446.0101,672.04315,-201.0,2471.961,704.9527,-201.0,0 days 00:01:07.687334001,0 days 00:01:07.707334001
0 days 00:00:00.030000,0 days 00:00:00.050000,answer7,0.2547679,-6.4756584,11.926739,0.032595977,-0.015101336,0.052280422,8.153217,11.688863,5.948726,4.4264603,0.0,0.0,0.0,0.0,0.0,0.0,424.85385,1050.8849,-201.0,1498.7653,750.4922,-201.0,2433.2966,762.7334,-201.0,0 days 00:01:07.697334001,0 days 00:01:07.717334001
0 days 00:00:00.040000,0 days 00:00:00.060000,answer7,0.24355078,-8.206576,14.002609,0.01409826,-0.014062856,0.04838426,10.377186,12.485042,8.489102,6.333649,0.0,0.0,0.0,0.0,0.0,0.0,430.86832,1081.7614,-201.0,1499.4132,872.7756,-201.0,2326.6218,815.8154,-201.0,0 days 00:01:07.707334001,0 days 00:01:07.727334001
0 days 00:00:00.050000,0 days 00:00:00.070000,answer7,0.23392154,-9.472238,15.857403,0.0074180444,-0.015727056,0.04978155,12.383209,13.002065,10.842227,6.851614,0.0,0.0,0.0,0.0,0.0,0.0,659.0952,1167.0101,-201.0,1710.0599,916.2696,-201.0,2559.2039,865.27466,-201.0,0 days 00:01:07.717334001,0 days 00:01:07.737334001
0 days 00:00:00.060000,0 days 00:00:00.080000,answer7,0.22896238,-9.974842,15.7423315,0.019179516,-0.0155434795,0.053274423,13.745793,11.53463,10.906796,9.241133,0.0,0.0,0.0,0.0,0.0,0.0,633.6528,1165.5918,-136.90828,1661.787,783.91766,-140.6139,2591.2673,830.5236,-140.15375,0 days 00:01:07.727334001,0 days 00:01:07.747334001
0 days 00:00:00.070000,0 days 00:00:00.090000,answer7,0.22157145,-9.6686945,14.520562,0.027266392,-0.016252609,0.0560001,14.703823,9.418817,9.422334,7.8828983,22.429813,0.0,0.0,-4.178873,-12.101787,4.6812196,616.06903,1189.6968,-70.803825,1646.7676,768.0109,-80.69428,2582.6416,822.8195,-79.77332,0 days 00:01:07.737334001,0 days 00:01:07.757334001
0 days 00:00:00.080000,0 days 00:00:00.100000,answer7,0.22888815,-9.693172,13.315913,0.027355567,-0.013424129,0.06794929,15.772681,7.927134,8.852376,8.41841,22.36928,0.0,0.0,-4.967797,-8.949103,9.176873,671.38617,1159.8304,-11.030271,1655.4974,816.12744,-19.88191,2652.1272,789.5944,-20.41938,0 days 00:01:07.747334001,0 days 00:01:07.767334001
0 days 00:00:00.090000,0 days 00:00:00.110000,answer7,0.2482358,-10.376213,14.455731,0.013635437,-0.012657751,0.07298371,15.34383,9.971692,10.883695,9.06133,22.306934,0.0,0.0,-4.8971043,-7.6049585,11.3870735,659.9129,1204.5442,-75.12199,1669.1498,818.46515,-80.268,2652.4707,791.3388,-81.26563,0 days 00:01:07.757334001,0 days 00:01:07.777334001
0 days 00:00:00.100000,0 days 00:00:00.120000,answer7,0.25713536,-11.013476,16.96504,0.0023385445,-0.016020127,0.082986124,14.932598,12.170596,11.447185,8.084357,0.0,0.0,0.0,0.0,0.0,0.0,684.5378,1188.6517,-141.22644,1707.2681,917.50195,-140.18764,2653.145,817.9616,-141.64606,0 days 00:01:07.767334001,0 days 00:01:07.787334001
0 days 00:00:00.110000,0 days 00:00:00.130000,answer7,0.24936223,-11.617722,18.187426,0.005536894,-0.017576298,0.08039102,13.326617,14.419075,11.6143675,8.318405,0.0,0.0,0.0,0.0,0.0,0.0,690.65045,1057.7802,-201.0,1739.578,813.3233,-201.0,2642.241,676.73584,-201.0,0 days 00:01:07.777334001,0 days 00:01:07.797334001
0 days 00:00:00.120000,0 days 00:00:00.140000,answer7,0.2361563,-11.792396,18.496256,0.0123040145,-0.020957971,0.07853046,13.658185,14.688995,8.374515,4.6756964,0.0,0.0,0.0,0.0,0.0,0.0,709.10614,1013.466,-201.0,1749.1742,867.417,-201.0,2646.7854,721.91705,-201.0,0 days 00:01:07.787334001,0 days 00:01:07.807334001
0 days 00:00:00.130000,0 days 00:00:00.150000,answer7,0.23636633,-11.648925,19.370989,0.027277445,-0.014829126,0.06869655,14.932983,13.074596,5.030895,3.3605633,0.0,0.0,0.0,0.0,0.0,0.0,689.132,1125.4012,-201.0,1649.8932,879.30524,-201.0,2691.8506,688.40967,-201.0,0 days 00:01:07.797334001,0 days 00:01:07.817334001
0 days 00:00:00.140000,0 days 00:00:00.160000,answer7,0.2478487,-9.248506,17.441748,0.032401953,-0.010692112,0.065294996,12.994237,10.693221,0.79780126,-1.7124276,0.0,0.0,0.0,0.0,0.0,0.0,438.8464,1258.6046,-201.0,1349.9558,1240.0048,-201.0,2290.0217,806.09076,-201.0,0 days 00:01:07.807334001,0 days 00:01:07.827334001
0 days 00:00:00.150000,0 days 00:00:00.170000,answer7,0.2670314,-7.567547,14.962501,0.041265056,-0.007473195,0.06831362,11.512723,8.718934,2.0510314,-1.4312782,0.0,0.0,0.0,0.0,0.0,0.0,422.04053,1324.8677,-201.0,1328.0135,1243.7994,-201.0,2245.7163,776.0346,-201.0,0 days 00:01:07.817334001,0 days 00:01:07.837334001
0 days 00:00:00.160000,0 days 00:00:00.180000,answer7,0.271004,-6.989594,12.0961485,0.03537799,-0.005957211,0.07055987,9.695484,9.557997,4.933574,0.74766415,0.0,0.0,0.0,0.0,0.0,0.0,644.41516,1317.67,-201.0,1583.7198,1121.2388,-201.0,2532.9932,723.1023,-201.0,0 days 00:01:07.827334001,0 days 00:01:07.847334001
0 days 00:00:00.170000,0 days 00:00:00.190000,answer7,0.28622746,-7.0735054,11.4685545,0.03978118,-0.009653311,0.07145298,11.489925,7.984236,8.970176,2.6713784,0.0,0.0,0.0,0.0,0.0,0.0,887.15436,1182.6381,-201.0,1897.099,821.6077,-201.0,2931.8633,649.8503,-201.0,0 days 00:01:07.837334001,0 days 00:01:07.857334001
0 days 00:00:00.180000,0 days 00:00:00.200000,answer7,0.3928504,-3.2448368,9.024968,0.051439296,-0.0023321188,0.10920998,8.937808,0.69994,7.817127,-0.54569215,0.0,0.0,0.0,0.0,0.0,0.0,1130.1609,1041.5967,-141.26775,2191.87,829.9443,-140.78748,3264.4988,603.5074,-142.7721,0 days 00:01:07.847334001,0 days 00:01:07.867334001
0 days 00:00:00.190000,0 days 00:00:00.210000,answer7,0.4880722,1.2968712,6.4508,0.08153065,0.006890451,0.13692175,5.0420346,-5.50664,7.6113257,1.4441849,34.27655,0.0,0.0,3.4989653,16.238663,22.35208,1121.2028,828.467,-82.407684,2226.7258,836.7136,-83.56281,3296.1033,456.4493,-87.46378,0 days 00:01:07.857334001,0 days 00:01:07.877334001
0 days 00:00:00.200000,0 days 00:00:00.220000,answer7,0.51846504,3.8778398,7.5205417,0.09089231,0.015385172,0.15238024,4.6804504,-8.293486,5.066565,2.3842022,34.2139,0.0,0.0,4.7533493,16.200119,24.321098,1045.2109,779.4045,-24.222921,2214.7922,751.5183,-28.049978,3323.4114,368.91342,-32.897602,0 days 00:01:07.867334001,0 days 00:01:07.887334001
0 days 00:00:00.210000,0 days 00:00:00.230000,answer7,0.448011,-2.0780404,15.733096,0.07963041,0.0149222715,0.19904847,10.960792,-0.5140521,5.8891416,8.068204,34.06958,0.0,0.0,6.808184,15.893768,28.873909,1056.4047,811.4492,-26.42012,2213.3574,715.4173,-33.659634,3377.3096,365.43735,-38.431362,0 days 00:01:07.877334001,0 days 00:01:07.897334001
0 days 00:00:00.220000,0 days 00:00:00.240000,answer7,0.43599376,-11.09637,25.261705,0.0705593,0.005513445,0.31537014,19.209486,8.699498,8.757735,5.6253943,33.761127,0.0,0.0,7.083814,13.998364,29.806486,1088.546,1090.818,-28.576227,2241.678,805.6309,-36.48677,3335.375,555.6624,-40.738987,0 days 00:01:07.887334001,0 days 00:01:07.907334001
0 days 00:00:00.230000,0 days 00:00:00.250000,answer7,0.4488717,-19.533056,32.99664,0.07812644,-0.004062209,0.35374126,25.485498,17.226372,11.5913515,3.6381426,33.29286,0.0,2.5993009,6.7455316,12.262021,28.463865,1047.6586,1212.2964,-29.339973,2186.188,894.84344,-37.297894,3253.7654,639.51636,-40.567795,0 days 00:01:07.897334001,0 days 00:01:07.917334001
0 days 00:00:00.240000,0 days 00:00:00.260000,answer7,0.41190663,-22.539957,35.39401,0.06477884,-0.011118767,0.39719176,26.195913,20.22801,13.061641,2.5171945,32.853783,0.032936044,2.2095556,5.4736004,10.336186,25.720274,1014.18066,1271.879,-27.237473,2164.0676,915.36035,-35.27061,3246.8918,683.7747,-38.12997,0 days 00:01:07.907334001,0 days 00:01:07.927334001
0 days 00:00:00.250000,0 days 00:00:00.270000,answer7,0.34391013,-21.597265,34.876915,0.047018837,-0.010742185,0.2839359,25.71977,19.943909,13.292672,5.7326484,32.63275,0.032936044,1.5159371,4.685386,9.605089,24.025723,685.33856,1300.2135,-83.94142,1833.1509,909.6604,-89.668144,2953.098,657.3713,-91.13065,0 days 00:01:07.917334001,0 days 00:01:07.937334001
0 days 00:00:00.260000,0 days 00:00:00.280000,answer7,0.28473604,-18.498922,31.558823,0.04245476,-0.008371669,0.27658406,22.008179,17.388964,8.900197,7.1000686,0.0,0.0,0.0,0.0,0.0,0.0,445.21335,1485.8989,-141.36244,1543.8032,984.16644,-144.36986,2659.4192,733.9069,-145.86803,0 days 00:01:07.927334001,0 days 00:01:07.947334001
0 days 00:00:00.270000,0 days 00:00:00.290000,answer7,0.26881838,-14.828064,26.348627,0.054570362,-0.009553307,0.15762779,19.915457,14.145593,7.441698,7.5577736,0.0,0.0,0.0,0.0,0.0,0.0,227.37593,1579.557,-201.0,1262.6815,1048.9965,-201.0,2274.4775,833.1223,-201.0,0 days 00:01:07.937334001,0 days 00:01:07.957334001
0 days 00:00:00.280000,0 days 00:00:00.300000,answer7,0.24673538,-12.813271,22.64894,0.051610827,-0.012135193,0.12078896,18.249123,12.41111,4.6224475,6.0406365,0.0,0.0,0.0,0.0,0.0,0.0,297.96548,1504.464,-201.0,1326.8627,1058.5546,-201.0,2292.4026,1053.169,-201.0,0 days 00:01:07.947334001,0 days 00:01:07.967334001
0 days 00:00:00.290000,0 days 00:00:00.310000,answer7,0.24928312,-11.374805,20.870514,0.03492494,-0.012061405,0.071719974,18.074991,11.560245,3.5337765,4.872981,0.0,0.0,0.0,0.0,0.0,0.0,324.36862,1479.5753,-201.0,1303.3676,1045.711,-201.0,2285.5312,957.01996,-201.0,0 days 00:01:07.957334001,0 days 00:01:07.977334001
0 days 00:00:00.300000,0 days 00:00:00.320000,answer7,0.2930285,-7.790051,21.57239,0.018787725,-0.0047594123,0.088617034,19.997572,8.661464,-5.2590947,1.2348806,0.0,0.0,0.0,0.0,0.0,0.0,353.20023,1461.8716,-130.58208,1244.1974,1083.8018,-134.89041,2297.243,973.8654,-138.00665,0 days 00:01:07.967334001,0 days 00:01:07.987334001
0 days 00:00:00.310000,0 days 00:00:00.330000,answer7,0.30874646,-7.3110867,22.311956,0.022131912,-0.005043689,0.13354813,20.272163,8.134118,-6.6973686,-3.1420994,16.802914,0.0,0.0,-4.322721,-19.103056,14.605429,608.784,1339.5438,-63.104572,1547.3622,1013.1175,-68.886955,2598.6943,731.769,-72.76788,0 days 00:01:07.977334001,0 days 00:01:07.997334001
0 days 00:00:00.320000,0 days 00:00:00.340000,answer7,0.33087406,-9.121097,24.073532,0.027951328,-0.0071591767,0.1738919,22.726145,9.156709,-6.247385,-3.1306183,16.7271,0.0,0.0,-4.4004464,-20.345469,13.657931,847.6193,1120.6874,5.7731385,1880.4926,896.20294,-1.6363281,2996.5898,692.43475,-6.989283,0 days 00:01:07.987334001,0 days 00:01:08.007334001
0 days 00:00:00.330000,0 days 00:00:00.350000,answer7,0.37315786,-16.389793,28.221369,0.06403094,-0.017606834,0.3297385,25.92362,12.880527,1.5756525,-4.712052,15.903815,0.0,6.0206,-4.6501303,-22.034674,9.357863,818.5556,1092.1506,8.515782,1900.7264,845.0734,0.23213442,2983.3105,590.88776,-0.9611352,0 days 00:01:07.997334001,0 days 00:01:08.017334001
0 days 00:00:00.340000,0 days 00:00:00.360000,answer7,0.4805796,-20.240702,31.509827,0.074686624,-0.021684289,0.4232963,31.013266,13.707385,4.310049,-3.4320447,14.641319,0.0,6.0206,-6.1447463,-22.072548,4.346538,573.5949,1172.2388,14.140916,1560.625,964.1447,3.9548168,2597.4534,706.639,3.288277,0 days 00:01:08.007334001,0 days 00:01:08.027334001
0 days 00:00:00.350000,0 days 00:00:00.370000,answer7,0.5388889,-20.872427,31.224073,0.083078675,-0.023125455,0.56702524,31.827642,12.432152,8.804733,-2.7237093,13.425728,0.0,4.2935915,-5.8827686,-22.937538,-0.5013881,366.1372,1235.3872,18.838957,1291.287,1014.07355,6.374041,2187.3699,786.97925,6.5093904,0 days 00:01:08.017334001,0 days 00:01:08.037334001
0 days 00:00:00.360000,0 days 00:00:00.380000,answer7,0.5696282,-19.442375,29.289742,0.07367887,-0.024433121,0.49042836,30.791122,11.277298,9.922753,-1.0259838,13.958066,0.091930114,2.5665834,-5.931539,-25.160097,-1.7878743,381.6315,1187.7695,21.285406,1364.7604,1007.334,7.564592,2181.702,915.91895,5.7852187,0 days 00:01:08.027334001,0 days 00:01:08.047334001
0 days 00:00:00.370000,0 days 00:00:00.390000,answer7,0.542244,-17.8101,25.882393,0.08736748,-0.02522857,0.46322218,28.54304,10.192509,8.487452,0.22583802,14.904847,0.0,0.8395751,-3.7115204,-26.735458,-0.72037077,387.50693,1118.3671,19.383257,1406.9023,935.5229,7.07886,2206.1604,893.43024,4.3776913,0 days 00:01:08.037334001,0 days 00:01:08.057334001
0 days 00:00:00.380000,0 days 00:00:00.400000,answer7,0.5807858,-18.793022,26.146475,0.09411953,-0.03222762,0.40788865,28.664793,11.69848,7.2258606,-0.81723326,22.148972,0.0,0.8395751,-0.50123817,-26.960638,0.037922543,396.46252,1127.2605,4.015861,1416.5068,1011.34424,-4.181113,2193.7087,897.3535,-6.2450137,0 days 00:01:08.047334001,0 days 00:01:08.067334001
0 days 00:00:00.390000,0 days 00:00:00.410000,answer7,0.58416057,-19.217825,25.146454,0.09266043,-0.033067003,0.41099152,28.018675,13.091396,4.5634665,0.48282123,28.368341,0.0,0.8395751,4.0924053,-26.91804,-0.4541947,396.7015,1156.7028,-13.555603,1350.375,1068.2646,-14.424542,2185.0657,755.0954,-15.399564,0 days 00:01:08.057334001,0 days 00:01:08.077334001
0 days 00:00:00.400000,0 days 00:00:00.420000,answer7,0.63544065,-19.555458,25.91656,0.061680704,-0.029707601,0.44695985,28.12263,12.07796,2.421363,1.9966115,34.588043,0.0,0.7846809,6.458196,-29.637766,-4.4804378,411.44473,1196.6051,-28.694712,1304.6542,1201.553,-24.735924,2142.4421,746.6149,-24.214273,0 days 00:01:08.067334001,0 days 00:01:08.087334001
0 days 00:00:00.410000,0 days 00:00:00.430000,answer7,0.65881485,-18.853674,24.278822,0.039755706,-0.025106424,0.3939511,26.968828,8.9545965,-0.57003605,1.4307545,34.081676,0.5250357,0.9899278,5.1671286,-28.594254,-6.497439,424.13535,1168.5779,-29.881819,1296.0322,1226.1942,-22.17958,2131.4102,724.34863,-23.384378,0 days 00:01:08.077334001,0 days 00:01:08.097334001
0 days 00:00:00.420000,0 days 00:00:00.440000,answer7,0.6670301,-18.671827,24.470133,0.028678393,-0.02381289,0.36470762,26.336496,7.4699006,-2.1862946,-1.7173772,33.329884,0.36671424,1.1951748,2.6045372,-26.866135,-7.6972446,435.8033,1166.1725,-30.959234,1319.2867,1296.765,-19.761263,2132.9658,799.1707,-23.261992,0 days 00:01:08.087334001,0 days 00:01:08.107334001
0 days 00:00:00.430000,0 days 00:00:00.450000,answer7,0.6264107,-15.654361,22.665354,0.0271135,-0.020281509,0.3912202,24.882866,5.6661096,-3.2058394,0.072197914,31.811129,0.11608719,1.4335142,0.5147236,-15.991576,-0.09477743,407.81534,1196.9774,-23.396484,1293.0082,1150.7113,-16.657663,2168.555,732.2817,-23.301706,0 days 00:01:08.097334001,0 days 00:01:08.117334001
0 days 00:00:00.440000,0 days 00:00:00.460000,answer7,0.59117705,-13.648631,21.777712,0.037807,-0.021962946,0.36706185,25.316591,4.830163,-4.791628,1.9768544,30.729124,0.18210308,1.4117125,0.1084731,-8.706908,8.012858,403.42276,1212.974,-15.377655,1277.277,1114.1324,-14.978837,2170.8484,745.2491,-23.762598,0 days 00:01:08.107334001,0 days 00:01:08.127334001
0 days 00:00:00.450000,0 days 00:00:00.470000,answer7,0.55778533,-11.669753,20.551218,0.034635432,-0.019249732,0.3378168,26.014153,4.2876325,-6.288755,4.290727,29.695602,0.24811895,1.3899106,0.79424435,-0.5078791,15.807378,395.245,1183.9832,-8.135705,1263.7275,980.0378,-11.5821085,2206.248,714.79486,-23.958527,0 days 00:01:08.117334001,0 days 00:01:08.137334001
0 days 00:00:00.460000,0 days 00:00:00.480000,answer7,0.557282,-11.289796,20.623331,0.039563876,-0.021651099,0.21769392,26.480865,4.917301,-8.953696,0.983609,29.371008,0.17445813,1.2728896,2.128281,0.9443005,16.656538,410.69247,1135.1124,-8.148281,1284.4272,990.1976,-9.948178,2246.622,762.16504,-23.860518,0 days 00:01:08.127334001,0 days 00:01:08.147334001
0 days 00:00:00.470000,0 days 00:00:00.490000,answer7,0.550778,-7.555568,20.588491,0.038202655,-0.008711833,0.2229865,25.486702,3.8216183,-10.098469,2.0907514,29.055067,0.09186471,1.0194048,3.346899,2.8119621,16.113798,394.75565,1187.202,-10.268787,1258.6866,938.41534,-11.164027,2281.4482,745.9309,-23.570623,0 days 00:01:08.137334001,0 days 00:01:08.157334001
0 days 00:00:00.480000,0 days 00:00:00.500000,answer7,0.53578526,-5.9547143,18.927252,0.034581337,0.00087097194,0.22644015,23.866373,2.7787743,-6.7804146,9.588085,28.896948,0.01960097,0.83765465,4.1538086,3.9974988,16.847952,365.4974,1276.0502,-10.478135,1223.7084,903.8115,-16.1076,2258.392,677.73883,-24.870768,0 days 00:01:08.147334001,0 days 00:01:08.167334001
0 days 00:00:00.490000,0 days 00:00:00.510000,answer7,0.51171184,-6.614817,19.77881,0.04064397,0.0037106893,0.20650922,22.96005,3.6970923,-1.5919896,16.593893,28.645094,0.013654762,0.5375746,4.5427213,4.6643653,16.133364,353.33798,1289.9528,-10.634523,1225.4175,850.2617,-19.966444,2243.428,644.6368,-25.336586,0 days 00:01:08.157334001,0 days 00:01:08.177334001
0 days 00:00:00.500000,0 days 00:00:00.520000,answer7,0.48269954,-10.039081,19.708921,0.04409644,-0.003021757,0.17230058,23.27555,6.4175305,3.7711875,20.303106,27.935537,0.043317396,0.75607914,4.614838,7.621905,14.99681,342.9723,1318.6809,0.0,1251.4696,859.1999,-21.98107,2235.2344,671.6209,-25.835457,0 days 00:01:08.167334001,0 days 00:01:08.187334001
0 days 00:00:00.510000,0 days 00:00:00.530000,answer7,0.45240948,-11.140294,20.332361,0.042325314,-0.005184732,0.15451704,22.381845,7.2048335,8.581586,25.279129,27.200296,0.06265036,0.9028489,4.7851205,9.654044,16.116308,609.3017,1138.9703,-28.209326,1550.9935,859.7754,-22.790915,2605.9893,737.23895,-28.87446,0 days 00:01:08.177334001,0 days 00:01:08.197334001
0 days 00:00:00.520000,0 days 00:00:00.540000,answer7,0.41721454,-11.23793,20.14233,0.03246929,-0.005077083,0.15623458,21.987852,5.9019184,11.475385,27.906233,26.34194,0.06987487,1.6356579,4.8547196,11.283666,17.17806,526.28864,1291.39,-28.209326,1537.569,861.90186,-23.605354,2596.1003,784.9431,-30.417109,0 days 00:01:08.187334001,0 days 00:01:08.207334001
0 days 00:00:00.530000,0 days 00:00:00.550000,answer7,0.37339535,-12.307309,22.132803,0.011520478,-0.0027044055,0.14119639,20.340933,6.2828255,13.286781,28.935534,25.819258,0.043644827,1.3311062,5.27439,10.405947,19.0241,477.28577,1360.9896,0.0,1517.3793,831.3133,-25.443262,2590.5867,760.2656,-31.850183,0 days 00:01:08.197334001,0 days 00:01:08.217334001
0 days 00:00:00.540000,0 days 00:00:00.560000,answer7,0.36271346,-13.198142,24.292894,0.0014184242,-0.0025074955,0.12823819,21.4095,5.7698483,11.735913,27.207115,25.54006,0.016149672,0.9135561,5.644853,10.516034,19.028921,135.8369,1637.0609,0.0,1224.0679,815.7971,-28.0392,2222.8118,728.7806,-31.2332,0 days 00:01:08.207334001,0 days 00:01:08.227334001
0 days 00:00:00.550000,0 days 00:00:00.570000,answer7,0.3538452,-15.519218,25.478851,-0.0039411606,-0.004625842,0.12545632,22.009804,9.854854,12.041641,25.665842,25.840254,0.017279986,0.33903185,5.6652336,12.850375,19.312479,193.80049,1554.934,0.0,1244.043,840.8384,-30.33364,2228.729,707.9742,-33.05628,0 days 00:01:08.217334001,0 days 00:01:08.237334001
0 days 00:00:00.560000,0 days 00:00:00.580000,answer7,0.3445089,-18.115738,27.933538,-0.019359719,-0.004379562,0.16007525,22.673147,14.290339,12.715981,26.188799,27.18102,0.025188575,0.4197475,4.977181,10.121982,21.838745,503.13513,1357.8947,-25.595787,1582.9171,874.79926,-31.872278,2678.1619,724.72095,-35.63431,0 days 00:01:08.227334001,0 days 00:01:08.247334001
0 days 00:00:00.570000,0 days 00:00:00.590000,answer7,0.3271063,-21.422258,31.403244,-0.030538231,-0.0033675684,0.15836658,21.858587,20.393572,15.837471,24.835608,28.570696,0.034362275,0.6134615,4.963769,6.9354286,23.751312,869.72687,1086.2174,-26.85597,1947.8322,785.8188,-30.847109,3078.5137,642.9468,-36.089787,0 days 00:01:08.237334001,0 days 00:01:08.257334001
0 days 00:00:00.580000,0 days 00:00:00.600000,answer7,0.3278326,-22.564384,34.170296,-0.03716381,-0.0011194041,0.16386443,21.304329,22.265558,17.334246,22.893103,29.683634,0.034362275,0.6134615,5.719111,1.7201768,27.763964,1207.0378,965.2054,-30.083902,2271.5105,809.6844,-31.223837,3430.049,568.373,-36.75275,0 days 00:01:08.247334001,0 days 00:01:08.267334001
0 days 00:00:00.590000,0 days 00:00:00.610000,answer7,0.3688046,-20.681349,31.659462,0.002453111,-0.0055185254,0.20381586,21.034164,20.787056,17.029608,17.793528,29.841127,0.034362275,0.6134615,6.818585,1.2041255,25.371582,914.0042,1219.8285,-27.974365,1945.5778,1024.9878,-28.948683,2936.7454,581.9391,-32.939625,0 days 00:01:08.257334001,0 days 00:01:08.277334001
0 days 00:00:00.600000,0 days 00:00:00.620000,answer7,0.4341325,-18.932184,28.207071,0.030620182,-0.01424675,0.23802452,22.30749,20.47085,12.100045,11.532643,29.660141,0.11308821,0.433459,6.482782,1.003112,23.423698,626.374,1483.6649,0.0,1559.9277,1315.4669,-26.78859,2539.1536,646.56366,-31.0594,0 days 00:01:08.267334001,0 days 00:01:08.287334001
0 days 00:00:00.610000,0 days 00:00:00.630000,answer7,0.50194347,-17.731413,25.722708,0.050168216,-0.021953346,0.22039545,23.233942,20.588633,8.679724,2.4301283,29.331408,0.10736888,0.9057676,4.730729,1.8303156,19.925451,319.39243,1679.5787,-11.038797,1163.4628,1503.4907,-23.218933,2190.2039,637.3537,-28.520456,0 days 00:01:08.277334001,0 days 00:01:08.297334001
0 days 00:00:00.620000,0 days 00:00:00.640000,answer7,0.5392984,-16.734041,24.650232,0.042434648,-0.02387105,0.1631208,22.732843,20.84804,8.696007,-0.8319804,28.422714,0.10164953,1.3780762,3.0267513,9.008924,20.046324,593.4226,1458.9419,-15.598454,1499.1593,1135.4779,-25.550627,2615.1575,578.6856,-30.150835,0 days 00:01:08.287334001,0 days 00:01:08.307334001
0 days 00:00:00.630000,0 days 00:00:00.650000,answer7,0.54132825,-15.743871,25.81153,0.032642163,-0.027117463,0.16946743,22.284273,18.159742,7.8635573,-5.2512956,26.771566,0.017204253,2.0303874,2.0600836,8.85332,18.865196,620.5285,1336.0869,-18.112198,1516.2484,1045.6119,-25.96733,2665.4036,538.9998,-31.21734,0 days 00:01:08.297334001,0 days 00:01:08.317334001
0 days 00:00:00.640000,0 days 00:00:00.660000,answer7,0.52771354,-14.517383,26.443253,0.013002028,-0.021682546,0.19285654,21.677757,16.171284,6.2062297,-2.0162697,25.23879,0.017204253,2.0303874,1.9116335,3.2157886,13.664257,614.21155,1230.4352,-19.158928,1550.8312,850.4331,-26.898056,2705.6428,531.85034,-32.700665,0 days 00:01:08.307334001,0 days 00:01:08.327334001
0 days 00:00:00.650000,0 days 00:00:00.670000,answer7,0.5149969,-15.483266,27.889883,-0.009170243,-0.02098043,0.19729759,22.362335,15.427209,3.5686085,0.4503611,24.492136,0.017204253,2.0303874,1.5683823,1.6799685,12.992821,397.66626,1293.0316,-15.335658,1216.7208,1069.8662,-24.137306,2356.1873,542.3781,-31.941912,0 days 00:01:08.317334001,0 days 00:01:08.337334001
0 days 00:00:00.660000,0 days 00:00:00.680000,answer7,0.5277863,-15.37748,27.174128,-0.018000433,-0.016125998,0.1822343,20.973362,16.31938,3.6986167,1.5793065,24.516968,0.061139,1.7427887,0.513166,3.322938,12.3463545,398.5609,1233.0869,-15.125122,1257.5873,1012.247,-21.908485,2388.238,561.22125,-30.079086,0 days 00:01:08.327334001,0 days 00:01:08.347334001
0 days 00:00:00.670000,0 days 00:00:00.690000,answer7,0.5436118,-14.472401,25.245413,-0.021160303,-0.014931151,0.18983285,18.10351,17.31272,1.8890666,2.397936,24.559717,0.058963094,1.2251564,-1.2804494,9.561955,14.633231,412.50684,1236.181,-15.575969,1264.8447,1052.5009,-19.720844,2367.245,571.7429,-26.844772,0 days 00:01:08.337334001,0 days 00:01:08.357334001
0 days 00:00:00.680000,0 days 00:00:00.700000,answer7,0.5771921,-11.287948,21.591217,-0.017293325,-0.010843334,0.19998483,12.52283,19.589355,-2.9415638,2.6286638,24.449497,0.079842515,0.8225408,-2.4170341,5.382329,13.441774,418.15735,1165.5482,-78.15998,1262.9866,952.0342,-78.46308,2416.955,491.2295,-84.3122,0 days 00:01:08.347334001,0 days 00:01:08.367334001
0 days 00:00:00.690000,0 days 00:00:00.710000,answer7,0.58974963,-8.271298,16.303087,-0.021239648,-0.0065954146,0.17822732,5.199435,22.548195,-5.418349,6.951533,0.0,0.0,0.0,0.0,0.0,0.0,437.53345,1141.9191,-139.93925,1304.1683,936.4754,-139.85133,2421.0032,402.5017,-141.88034,0 days 00:01:08.357334001,0 days 00:01:08.377334001
0 days 00:00:00.700000,0 days 00:00:00.720000,answer7,0.5833383,-6.6293435,13.813434,-0.01820335,-0.002798222,0.15544699,-0.45599446,25.489632,-5.8832803,11.587509,0.0,0.0,0.0,0.0,0.0,0.0,438.4934,1177.3076,-201.0,1344.3473,892.0052,-201.0,2444.327,390.18295,-201.0,0 days 00:01:08.367334001,0 days 00:01:08.387334001
0 days 00:00:00.710000,0 days 00:00:00.730000,answer7,0.5592318,-3.3892453,9.523541,-0.012671079,-0.0016349623,0.14674352,-5.601337,23.456102,-5.4888396,12.401244,0.0,0.0,0.0,0.0,0.0,0.0,483.40616,1145.8962,-201.0,1380.8878,942.81366,-201.0,2400.6702,436.43832,-201.0,0 days 00:01:08.377334001,0 days 00:01:08.397334001
0 days 00:00:00.720000,0 days 00:00:00.740000,answer7,0.54585284,-0.28943643,5.4733624,0.013483979,-0.0020619382,0.12776363,-7.9763737,20.424913,-6.5769773,10.602152,0.0,0.0,0.0,0.0,0.0,0.0,358.74094,1304.0905,-201.0,1315.7897,819.907,-201.0,2372.966,400.64694,-201.0,0 days 00:01:08.387334001,0 days 00:01:08.407334001
0 days 00:00:00.730000,0 days 00:00:00.750000,answer7,0.53757906,2.170996,1.543079,0.029616663,-0.007149569,0.116491176,-9.543685,18.19579,-3.109907,7.109362,0.0,0.0,0.0,0.0,0.0,0.0,647.9323,939.5771,-142.10188,1648.4867,657.9041,-144.47357,2685.7222,421.4606,-144.14925,0 days 00:01:08.397334001,0 days 00:01:08.417334001
0 days 00:00:00.740000,0 days 00:00:00.760000,answer7,0.53631204,0.42779407,3.7570124,0.041546952,-0.006462933,0.10231793,-6.450376,17.599794,-0.102102615,6.928245,32.27397,0.0,0.0,0.4057313,-13.952118,16.82589,853.60724,875.49335,-81.83627,1968.599,485.0391,-87.59265,3017.661,382.8999,-86.72046,0 days 00:01:08.407334001,0 days 00:01:08.427334001
0 days 00:00:00.750000,0 days 00:00:00.770000,answer7,0.6087571,-5.6761994,13.046557,0.05227783,-0.009809745,0.33511397,2.0201347,20.341238,3.453992,5.3509736,31.953125,0.0,0.0,1.1133379,-14.949692,15.798085,933.65826,790.998,-19.204794,1993.8263,574.9714,-24.74147,3098.545,513.58704,-28.669806,0 days 00:01:08.417334001,0 days 00:01:08.437334001
0 days 00:00:00.760000,0 days 00:00:00.780000,answer7,0.8677135,-11.9042015,21.969582,0.070057034,-0.019182129,0.91670847,12.94325,18.638212,-0.0327483,-0.2868843,31.376516,0.0,0.0,1.7616457,-16.936441,12.608525,644.67596,980.457,-14.934982,1678.0326,666.04376,-19.424715,2805.5862,591.1838,-25.482111,0 days 00:01:08.427334001,0 days 00:01:08.447334001
0 days 00:00:00.770000,0 days 00:00:00.790000,answer7,1.0957236,-17.025377,29.142168,0.085071325,-0.033037376,1.1327688,21.167658,17.739403,-2.6324346,-8.076528,31.040491,0.0,4.466413,1.0296113,-18.053228,7.7301154,381.9482,1053.0481,-12.374332,1342.4073,787.13574,-14.828392,2465.9563,665.89014,-20.104448,0 days 00:01:08.437334001,0 days 00:01:08.457334001
0 days 00:00:00.780000,0 days 00:00:00.800000,answer7,1.2006294,-14.979421,27.193558,0.08534002,-0.040909003,1.3144177,22.376602,11.054547,-4.1565995,-9.316236,30.533936,0.02082336,3.9483507,-0.23854297,-16.692736,4.050277,393.63477,966.368,-12.00872,1351.2709,730.1401,-14.043338,2386.706,676.52484,-15.045312,0 days 00:01:08.447334001,0 days 00:01:08.467334001
0 days 00:00:00.790000,0 days 00:00:00.810000,answer7,1.137885,-13.290237,23.649643,0.08176289,-0.039816815,0.86574554,20.570915,6.4058375,-4.8305764,-10.053796,30.13909,0.032428272,2.6485748,-1.7364918,-12.972324,2.692339,379.83505,1002.5983,0.0,1352.2097,743.48315,-11.877361,2333.9456,648.67773,-12.359887,0 days 00:01:08.457334001,0 days 00:01:08.477334001
0 days 00:00:00.800000,0 days 00:00:00.820000,answer7,1.0278953,-9.802579,18.958693,0.07927883,-0.037652362,0.86689657,18.581501,1.1013843,-4.5351915,-7.1947217,30.042841,0.052142244,2.028742,-2.9122303,-10.405369,2.0716813,365.62134,1013.78595,-9.179843,1362.5597,702.4816,-7.148419,2327.9065,669.9218,-11.180798,0 days 00:01:08.467334001,0 days 00:01:08.487334001
0 days 00:00:00.810000,0 days 00:00:00.830000,answer7,0.9983732,-8.139412,16.511944,0.06833869,-0.0315201,0.5689477,19.183159,-2.8497903,-4.934483,-2.9447794,30.325098,0.048906147,2.5322435,-3.9104738,-8.658433,2.9737241,376.7592,994.4119,-4.359487,1365.767,715.4136,-7.0080695,2286.3525,675.1138,-9.8740635,0 days 00:01:08.477334001,0 days 00:01:08.497334001
0 days 00:00:00.820000,0 days 00:00:00.840000,answer7,0.98356,-5.3160224,13.901767,0.060421348,-0.026046842,0.5447044,19.827389,-7.1709957,-7.3301635,3.907176,30.575592,0.044021416,3.2228444,-4.018272,-8.937896,4.165008,386.92032,973.5547,-1.7856346,1353.4885,718.0953,-4.664193,2266.5125,663.7756,-8.491495,0 days 00:01:08.487334001,0 days 00:01:08.507334001
0 days 00:00:00.830000,0 days 00:00:00.850000,answer7,0.95281166,-4.9159236,12.316762,0.055654723,-0.023476273,0.43552542,20.850441,-7.3419824,-8.6357155,8.084057,30.586784,0.026049495,4.307903,-3.8510375,-7.315931,7.1487837,392.42712,989.63934,-65.17033,1345.8472,749.2209,-70.87037,2239.638,661.55524,-72.47703,0 days 00:01:08.497334001,0 days 00:01:08.517334001
0 days 00:00:00.840000,0 days 00:00:00.860000,answer7,0.85944873,-6.6828537,12.850547,0.05324912,-0.023867292,0.37032294,20.883354,-4.1726513,-11.642108,5.6603794,0.0,0.0,0.0,0.0,0.0,0.0,383.90646,1022.99976,-133.93074,1338.4036,784.3846,-134.64696,2219.3643,664.1817,-136.89355,0 days 00:01:08.507334001,0 days 00:01:08.527334001
0 days 00:00:00.850000,0 days 00:00:00.870000,answer7,0.723607,-6.61562,12.63049,0.049312294,-0.022515735,0.34628466,19.368187,-1.8736773,-11.760657,4.953369,0.0,0.0,0.0,0.0,0.0,0.0,376.79904,1065.7069,-201.0,1333.256,791.6855,-201.0,2225.9124,685.4949,-201.0,0 days 00:01:08.517334001,0 days 00:01:08.537334001
0 days 00:00:00.860000,0 days 00:00:00.880000,answer7,0.6280849,-7.005102,13.932637,0.039562117,-0.02156973,0.26984048,17.617,0.16039331,-11.503571,3.782457,0.0,0.0,0.0,0.0,0.0,0.0,369.07593,1088.8905,-201.0,1341.7795,780.02246,-201.0,2259.8337,708.3735,-201.0,0 days 00:01:08.527334001,0 days 00:01:08.547334001
0 days 00:00:00.870000,0 days 00:00:00.890000,answer7,0.5743395,-8.475054,17.14108,0.04290056,-0.02162441,0.3015189,16.907984,1.8608308,-11.159881,-0.17759483,0.0,0.0,0.0,0.0,0.0,0.0,351.8893,1136.2911,-201.0,1346.6373,759.0954,-201.0,2299.2473,741.314,-201.0,0 days 00:01:08.537334001,0 days 00:01:08.557334001
0 days 00:00:00.880000,0 days 00:00:00.900000,answer7,0.50378585,-10.313565,19.678324,0.03552595,-0.025157934,0.27258807,17.42022,5.423855,-8.0274105,-1.8940974,0.0,0.0,0.0,0.0,0.0,0.0,343.05176,1156.1027,-201.0,1359.5051,753.17426,-201.0,2330.1514,762.98334,-201.0,0 days 00:01:08.547334001,0 days 00:01:08.567334001
0 days 00:00:00.890000,0 days 00:00:00.910000,answer7,0.46599615,-12.645682,23.24199,0.048122022,-0.023071727,0.2861836,17.960926,8.812958,-6.085833,-4.549875,22.703293,0.0,0.0,0.48880586,-6.1096954,20.574196,654.0244,1054.3268,-0.44831467,1649.9366,919.9988,-9.152085,2625.2727,685.01825,-11.94767,0 days 00:01:08.557334001,0 days 00:01:08.577334001
0 days 00:00:00.900000,0 days 00:00:00.920000,answer7,0.4081299,-14.857875,25.614883,0.040842548,-0.023258254,0.23061894,18.205786,13.110299,-0.4118948,-0.9028329,20.415552,0.0,1.8355595,-0.7527776,-13.272937,19.370962,558.0167,1274.3937,-0.95452833,1605.1676,1009.9084,-11.560491,2610.4146,662.4211,-12.537845,0 days 00:01:08.567334001,0 days 00:01:08.587334001
0 days 00:00:00.910000,0 days 00:00:00.930000,answer7,0.38918772,-18.304174,29.86216,0.057399094,-0.021201381,0.18656117,19.305237,17.539454,4.360361,0.2881999,19.522272,0.02072861,1.3668343,-2.5568566,-16.129633,14.750526,522.94104,1405.457,0.0,1593.3824,1078.8927,-8.505044,2611.236,713.6684,-9.759091,0 days 00:01:08.577334001,0 days 00:01:08.597334001
0 days 00:00:00.920000,0 days 00:00:00.940000,answer7,0.36944258,-19.46092,30.211142,0.05853915,-0.022461912,0.20394225,20.771315,20.813662,6.4990773,2.4401462,17.058756,0.13948472,0.9419942,-4.2676826,56.813923,11.503586,265.4536,1436.4779,25.285912,1313.7345,1079.2782,1.9780722,2316.5374,848.8929,-2.4699714,0 days 00:01:08.587334001,0 days 00:01:08.607334001
0 days 00:00:00.930000,0 days 00:00:00.950000,answer7,0.37218964,-18.881727,28.779016,0.08119791,-0.025347091,0.22668672,21.746666,19.319376,5.1786313,-1.0042548,15.234811,0.25824085,1.4546046,-4.9606757,58.261353,4.013433,480.04056,1399.3833,23.423956,1529.4799,959.2232,7.9574256,2619.5486,765.9157,3.2746594,0 days 00:01:08.597334001,0 days 00:01:08.617334001
0 days 00:00:00.940000,0 days 00:00:00.960000,answer7,0.48657146,-19.119421,26.579056,0.091969706,-0.031132804,0.45850873,24.164574,17.3528,4.8014264,-6.3978896,14.447543,0.37699696,1.9672151,-4.710173,65.68679,3.9757817,638.36237,1500.6869,20.90841,1704.2982,973.3846,9.126006,2876.1797,686.64355,4.161809,0 days 00:01:08.607334001,0 days 00:01:08.627334001
0 days 00:00:00.950000,0 days 00:00:01,answer7,0.7380376,-20.239594,28.155884,0.09823704,-0.036304012,0.8241579,28.158295,11.7609625,4.5339646,-12.339393,15.186134,0.37699696,1.9672151,-3.969428,-1.9698129,2.8890088,776.16766,1637.2637,19.70004,1866.8121,968.3911,6.0131135,3103.0928,570.5867,2.2359276,0 days 00:01:08.617334001,0 days 00:01:08.667334001
0 days 00:00:00,0 days 00:00:00.020000,answer8,0.82899433,0.711628,2.8874094,0.049695875,-0.013176688,0.08774251,-4.0444016,11.753972,-2.000786,-10.000221,0.0,0.0,0.0,0.0,0.0,0.0,477.03403,1124.6073,-201.0,1633.3656,1266.9135,-201.0,2388.7646,1364.3398,-201.0,0 days 00:01:10.533867200,0 days 00:01:10.553867200
0 days 00:00:00.010000,0 days 00:00:00.030000,answer8,0.90513307,2.3397934,1.1516298,0.046174753,-0.012790727,0.1708315,-7.308108,16.329674,-1.55348,-6.6349835,0.0,0.0,0.0,0.0,0.0,0.0,422.31784,1257.253,-201.0,1580.0629,1179.1198,-201.0,2343.9192,1043.3893,-201.0,0 days 00:01:10.543867200,0 days 00:01:10.563867200
0 days 00:00:00.020000,0 days 00:00:00.040000,answer8,1.0532416,6.155173,-4.0616746,0.042946428,-0.014153375,0.2969565,-12.742859,22.373667,-1.9195532,-3.9279706,0.0,0.0,0.0,0.0,0.0,0.0,744.2902,1012.09125,-201.0,1870.5796,1448.3168,-201.0,2536.1184,651.7607,-201.0,0 days 00:01:10.553867200,0 days 00:01:10.573867200
0 days 00:00:00.030000,0 days 00:00:00.050000,answer8,1.1697388,7.9736023,-5.6478677,0.03057895,-0.0118483305,0.3384973,-17.6756,25.709696,-0.815921,-1.964528,0.0,0.0,0.0,0.0,0.0,0.0,738.3677,735.1819,-201.0,1868.4238,556.9658,-201.0,2776.1484,734.5823,-201.0,0 days 00:01:10.563867200,0 days 00:01:10.583867200
0 days 00:00:00.040000,0 days 00:00:00.060000,answer8,1.209816,10.265993,-8.57473,0.038708616,-0.0049277083,0.36972335,-20.705137,26.386755,-3.7167923,-3.0926597,0.0,0.0,0.0,0.0,0.0,0.0,788.97217,633.8498,-201.0,1880.4459,540.9704,-201.0,2730.4404,642.80133,-201.0,0 days 00:01:10.573867200,0 days 00:01:10.593867200
0 days 00:00:00.050000,0 days 00:00:00.070000,answer8,1.0766649,9.721687,-7.9210734,0.03696856,-0.0009963784,0.40336147,-20.830145,25.719208,-6.5509715,-3.4980736,0.0,0.0,0.0,0.0,0.0,0.0,467.31702,882.07104,-201.0,1585.5006,183.6981,-201.0,2486.197,834.6506,-201.0,0 days 00:01:10.583867200,0 days 00:01:10.603867200
0 days 00:00:00.060000,0 days 00:00:00.080000,answer8,0.83991027,5.84149,-4.083451,0.05462296,-0.0022659237,0.34587458,-16.413733,24.819933,-8.525174,-3.5344784,0.0,0.0,0.0,0.0,0.0,0.0,442.0979,1097.4196,-201.0,1614.9633,496.1138,-201.0,2358.5256,792.72705,-201.0,0 days 00:01:10.593867200,0 days 00:01:10.613867200
0 days 00:00:00.070000,0 days 00:00:00.090000,answer8,0.5910533,0.7640031,0.814239,0.036647182,-0.009163753,0.26751897,-9.745524,24.85792,-7.727547,-0.22601573,0.0,0.0,0.0,0.0,0.0,0.0,431.22818,1186.006,-201.0,1570.2692,840.51337,-201.0,2343.4854,782.26385,-201.0,0 days 00:01:10.603867200,0 days 00:01:10.623867200
0 days 00:00:00.080000,0 days 00:00:00.100000,answer8,0.43924996,-5.7214837,8.566943,0.030850375,-0.010438356,0.14595015,-2.112385,25.650663,-5.8499627,2.1683366,0.0,0.0,0.0,0.0,0.0,0.0,719.55206,1266.9238,-201.0,1806.4066,1055.2192,-201.0,2621.1726,638.969,-201.0,0 days 00:01:10.613867200,0 days 00:01:10.633867200
0 days 00:00:00.090000,0 days 00:00:00.110000,answer8,0.3625058,-7.095629,9.872947,0.02350968,-0.012288682,0.11345717,2.2065814,24.177317,-7.1470203,1.4655052,0.0,0.0,0.0,0.0,0.0,0.0,689.4082,1263.6307,-201.0,1704.1456,926.08136,-138.29951,2672.6284,615.6829,-135.27519,0 days 00:01:10.623867200,0 days 00:01:10.643867200
0 days 00:00:00.100000,0 days 00:00:00.120000,answer8,0.3308082,-7.9389815,12.479215,0.026982682,-0.00884549,0.09562866,4.2958364,22.161125,-7.1925693,2.2606757,37.524178,0.0,0.0,-0.935784,-1.665381,2.8902955,654.7151,1308.285,0.0,1661.7438,866.7724,-75.804535,2692.99,655.2617,-69.81849,0 days 00:01:10.633867200,0 days 00:01:10.653867200
0 days 00:00:00.110000,0 days 00:00:00.130000,answer8,0.4110078,-3.5125244,7.699037,0.037181303,-0.009803557,0.12886849,4.6580787,9.945436,-7.0468574,3.1698742,37.42062,0.0,0.0,-0.5950703,-2.8328457,6.242331,316.9181,1299.058,0.0,1332.4385,833.6054,-12.850965,2374.5657,695.65674,-7.234163,0 days 00:01:10.643867200,0 days 00:01:10.663867200
0 days 00:00:00.120000,0 days 00:00:00.140000,answer8,0.57109815,-3.4750738,6.8936214,0.059800286,-0.014957788,0.24304283,8.553234,2.0730345,-3.018244,2.7492971,36.937283,0.0,3.3671591,0.49636316,-4.6908174,6.724428,341.2061,1248.1884,0.0,1424.3383,812.07245,-9.691047,2291.8445,1022.15674,-7.098578,0 days 00:01:10.653867200,0 days 00:01:10.673867200
0 days 00:00:00.130000,0 days 00:00:00.150000,answer8,1.0438552,-3.7840579,6.8576508,0.08419045,-0.025731234,0.80701584,15.11546,-9.497628,-2.0535104,-4.400806,36.416584,0.0,3.3671591,1.9459327,-6.041949,6.320254,378.7974,1142.2152,0.49533606,1495.7106,880.1971,-5.824615,2175.2317,1226.0546,-6.0902343,0 days 00:01:10.663867200,0 days 00:01:10.683867200
0 days 00:00:00.140000,0 days 00:00:00.160000,answer8,1.5358258,-6.2175803,10.241189,0.10359945,-0.031260356,1.2400045,18.425692,-14.319644,-3.3708432,-11.888836,35.982895,0.0,3.1853263,4.421394,-7.0539384,3.6023529,350.12656,1217.6792,0.49533606,1516.4794,985.71686,-3.0487452,2158.5342,1446.7838,-3.2456253,0 days 00:01:10.673867200,0 days 00:01:10.693867200
0 days 00:00:00.150000,0 days 00:00:00.170000,answer8,1.9117832,-5.6212687,12.925602,0.09886096,-0.029989908,1.4178219,18.46728,-19.35846,-9.113833,-13.550336,35.924297,0.062038817,2.7214859,6.391588,-8.218082,4.309362,319.12048,1322.4047,0.0,1522.2845,1138.7223,-4.351011,2068.3977,1569.9393,-4.547891,0 days 00:01:10.683867200,0 days 00:01:10.703867200
0 days 00:00:00.160000,0 days 00:00:00.180000,answer8,1.8399438,-5.7126985,16.242815,0.09720069,-0.026344424,1.0910777,17.501143,-17.306543,-12.7533865,-11.652059,35.918514,0.04243107,2.1023107,6.2204347,-9.214292,6.674825,303.01572,1376.8424,0.0,1503.0415,1108.4681,-6.339901,2172.95,1751.2484,-8.325664,0 days 00:01:10.693867200,0 days 00:01:10.713867200
0 days 00:00:00.170000,0 days 00:00:00.190000,answer8,1.5561517,-6.8702188,18.416494,0.08719662,-0.020769248,0.82964224,17.364582,-10.293255,-13.431046,-10.542269,35.928005,0.016491508,1.6865693,4.4522176,-9.8865,8.738395,346.51904,1345.451,-3.5267663,1483.9043,1136.1027,-7.1812916,2260.6199,1537.666,-10.95016,0 days 00:01:10.703867200,0 days 00:01:10.723867200
0 days 00:00:00.180000,0 days 00:00:00.200000,answer8,1.1778992,-8.759011,20.333008,0.09186896,-0.021618532,0.7290785,16.47637,-3.9774811,-12.411176,-12.520377,35.93907,0.0128690945,1.5022172,3.1136618,-10.196273,10.313569,388.42822,1168.4601,0.0,1427.7622,992.7248,-6.4468913,2436.548,1174.5114,-10.971147,0 days 00:01:10.713867200,0 days 00:01:10.733867200
0 days 00:00:00.190000,0 days 00:00:00.210000,answer8,0.8804297,-8.385176,18.096136,0.10663932,-0.01843216,0.63596904,12.649239,-2.5505836,-15.276493,-13.504598,35.947704,0.025662586,1.940159,2.4979408,-9.917222,11.946269,383.41626,1137.4822,5.60291,1407.123,993.77637,-5.391691,2467.0283,900.3813,-8.745418,0 days 00:01:10.723867200,0 days 00:01:10.743867200
0 days 00:00:00.200000,0 days 00:00:00.220000,answer8,0.6566194,-8.4438925,18.689936,0.10760051,-0.022143664,0.44434574,12.765521,-2.6258457,-16.825314,-13.102555,32.9901,0.03595563,2.3565,0.7391781,-1.9515038,16.315508,398.40433,1069.4863,2.1809773,1410.0103,988.0984,-6.4273896,2427.0813,857.27954,-9.5756035,0 days 00:01:10.733867200,0 days 00:01:10.753867200
0 days 00:00:00.210000,0 days 00:00:00.230000,answer8,0.5359166,-8.257577,18.15203,0.077892266,-0.019849345,0.26210013,12.7687,-2.25628,-16.598854,-10.728513,29.6932,0.041596048,2.8234596,-1.735714,8.038773,21.163446,405.15274,1100.4209,3.1868422,1439.463,1081.4508,-6.015981,2377.8137,950.5044,-10.667382,0 days 00:01:10.743867200,0 days 00:01:10.763867200
0 days 00:00:00.220000,0 days 00:00:00.240000,answer8,0.4695439,-9.890916,19.284689,0.06285319,-0.021297088,0.12807496,15.454521,1.4712839,-13.342773,-10.635726,26.381714,0.17434084,2.2589872,-4.524554,18.883684,24.89712,428.01303,1132.4907,4.5102024,1414.5513,1223.8436,-5.4041543,2297.3767,945.3166,-9.691913,0 days 00:01:10.753867200,0 days 00:01:10.773867200
0 days 00:00:00.230000,0 days 00:00:00.250000,answer8,0.40377477,-10.989835,19.95706,0.046451777,-0.020192737,0.11558178,17.515497,3.7873995,-10.671359,-7.2454743,29.186918,0.22628255,1.7047716,-3.3970654,10.948471,21.224876,443.61954,1180.5598,2.077418,1451.3624,1286.8302,-10.275329,2308.47,1186.2098,-13.011383,0 days 00:01:10.763867200,0 days 00:01:10.783867200
0 days 00:00:00.240000,0 days 00:00:00.260000,answer8,0.46913573,-14.235492,23.346169,0.07531857,-0.027502662,0.27994072,22.188515,6.4234314,-10.221581,-9.977988,32.701283,0.23150067,1.4865103,-6.1876254,4.219874,21.347061,589.14966,1175.4857,-4.3027363,1656.1217,1124.438,-18.189825,2670.021,1180.9218,-22.292158,0 days 00:01:10.773867200,0 days 00:01:10.793867200
0 days 00:00:00.250000,0 days 00:00:00.270000,answer8,0.7003539,-14.197625,23.823122,0.0700059,-0.037156384,0.5823764,25.815577,3.3903682,-10.600799,-10.391731,35.960236,0.103973955,1.8327216,-4.5513268,-5.1369557,15.788989,593.2769,1248.7936,-13.082494,1673.8353,1169.6561,-24.053574,2710.2363,1238.1184,-28.899626,0 days 00:01:10.783867200,0 days 00:01:10.803867200
0 days 00:00:00.260000,0 days 00:00:00.280000,answer8,0.9060788,-14.304478,26.524687,0.07613828,-0.045799106,0.75427413,29.000113,3.6092236,-12.690534,-18.08955,36.439323,0.054915834,1.6026045,-5.615825,-4.9055185,11.211371,572.2475,1258.8107,-14.6879835,1554.7506,1097.7874,-19.023752,2665.2598,916.68243,-25.927496,0 days 00:01:10.793867200,0 days 00:01:10.813867200
0 days 00:00:00.270000,0 days 00:00:00.290000,answer8,0.98039097,-10.783913,25.932478,0.062028203,-0.042710815,0.8770898,26.503296,1.4701943,-13.064194,-13.774505,35.484615,0.052581314,1.0365335,-1.8278208,-5.6718316,8.210957,588.2182,1378.15,-9.60769,1484.5287,1207.0721,-10.7023,2666.8738,911.3599,-19.536592,0 days 00:01:10.803867200,0 days 00:01:10.823867200
0 days 00:00:00.280000,0 days 00:00:00.300000,answer8,1.1301874,-9.573491,24.526703,0.070002824,-0.033080712,0.96198255,24.80314,-0.7820441,-10.147778,-11.35909,34.799194,0.050246794,0.47046223,-1.2674044,-4.8083787,6.336798,575.51733,1309.3771,-5.622029,1472.0122,1024.035,-4.099279,2657.0986,777.8345,-13.676774,0 days 00:01:10.813867200,0 days 00:01:10.833867200
0 days 00:00:00.290000,0 days 00:00:00.310000,answer8,1.4161965,-6.8718457,18.417044,0.07034915,-0.021505207,1.1209043,22.051315,-7.405098,-7.4366956,-4.8226457,33.777737,0.050246794,0.47046223,0.00036269426,-2.7998192,7.54462,594.7272,1188.8253,-1.348472,1547.2642,956.9251,-1.5326408,2643.823,805.9082,-10.611039,0 days 00:01:10.823867200,0 days 00:01:10.843867200
0 days 00:00:00.300000,0 days 00:00:00.320000,answer8,1.7498455,-5.122191,12.826688,0.08360387,-0.012812627,1.0618893,22.15148,-14.524034,-5.392261,-6.2908835,33.8765,0.09229001,0.67056966,-0.002631108,-3.8395462,4.132442,439.9767,1000.63104,-3.6255589,1372.6029,876.1975,-2.9180253,2298.3496,664.8427,-7.758001,0 days 00:01:10.833867200,0 days 00:01:10.853867200
0 days 00:00:00.310000,0 days 00:00:00.330000,answer8,1.8138123,-4.1820216,12.036515,0.08985061,-0.008681708,0.8907574,22.281296,-17.875002,-8.675987,-7.8750534,34.24287,0.07855111,1.2199117,-2.3116486,-5.011006,6.694287,460.75485,929.89307,-4.4483485,1394.2709,875.20917,-5.087995,2330.374,684.1926,-11.142635,0 days 00:01:10.843867200,0 days 00:01:10.863867200
0 days 00:00:00.320000,0 days 00:00:00.340000,answer8,1.6705533,-4.2590513,12.504195,0.09229825,-0.009176805,0.8131172,22.585138,-18.199354,-11.670526,-7.450783,34.60767,0.065781094,1.2938634,-9.393941,-5.796617,9.8724785,467.85434,1017.617,-4.9786024,1414.769,953.14355,-7.868055,2387.3054,706.55664,-14.851082,0 days 00:01:10.853867200,0 days 00:01:10.873867200
0 days 00:00:00.330000,0 days 00:00:00.350000,answer8,1.4791765,-4.7414107,14.380051,0.10393981,-0.010588411,0.7927688,23.706375,-15.345214,-14.840407,-5.024871,36.248142,0.01096788,1.1677076,-7.6061573,-0.55520564,12.637978,621.35077,1245.3937,-6.915239,1590.4037,1182.7412,-11.870189,2503.5042,946.00323,-21.955421,0 days 00:01:10.863867200,0 days 00:01:10.883867200
0 days 00:00:00.340000,0 days 00:00:00.360000,answer8,1.2709557,-5.9933662,19.43467,0.08929381,-0.010171409,0.82658273,24.879362,-8.98352,-17.851282,-0.6323777,37.56576,0.11420215,0.9603316,-4.4549775,4.8987775,15.871341,765.1036,1261.1831,-8.931725,1731.0225,1162.7444,-14.528909,2641.4219,1017.0093,-27.19071,0 days 00:01:10.873867200,0 days 00:01:10.893867200
0 days 00:00:00.350000,0 days 00:00:00.370000,answer8,1.0934172,-8.923003,25.296232,0.09451292,-0.014375518,0.7194186,25.42421,-2.58516,-15.248359,2.2118475,38.066925,0.21646754,1.228346,2.7060888,9.9496565,19.460629,975.57697,1270.7501,-11.999252,1942.817,1208.6641,-17.252241,2856.1653,1104.6686,-30.75492,0 days 00:01:10.883867200,0 days 00:01:10.903867200
0 days 00:00:00.360000,0 days 00:00:00.380000,answer8,0.8778326,-10.391145,25.678114,0.079400025,-0.018110236,0.75057584,23.7712,-0.2513418,-11.174462,3.0014315,36.92941,0.31873295,1.4963603,2.3617487,7.5211787,20.252062,791.48505,1167.9912,-11.207943,1758.0449,1001.7225,-18.80319,2748.429,935.2304,-28.352835,0 days 00:01:10.893867200,0 days 00:01:10.913867200
0 days 00:00:00.370000,0 days 00:00:00.390000,answer8,0.74799585,-9.824595,22.095041,0.09208441,-0.022566808,0.5819104,22.857765,-1.3368721,-5.515471,4.653914,35.625645,0.31873295,1.4963603,2.9912212,4.125708,16.984732,611.45337,1236.9542,-10.229468,1577.7999,1009.9671,-20.710993,2538.7175,892.6639,-24.121595,0 days 00:01:10.903867200,0 days 00:01:10.923867200
0 days 00:00:00.380000,0 days 00:00:00.400000,answer8,0.71591574,-9.195008,19.745623,0.08893928,-0.01934133,0.52575165,22.791525,-2.6087258,-2.0975654,5.5167947,35.04158,0.31873295,1.4963603,4.963484,0.5010004,12.418336,366.73645,1252.2904,-8.078881,1334.0986,901.00433,-18.60916,2258.9763,862.23804,-20.497217,0 days 00:01:10.913867200,0 days 00:01:10.933867200
0 days 00:00:00.390000,0 days 00:00:00.410000,answer8,0.7987148,-9.09132,20.428055,0.07397142,-0.018754626,0.37234607,24.149216,-2.1949675,-0.27751765,7.2586784,34.687458,0.2642742,1.7657522,6.824047,-1.5012406,9.700995,374.88904,1177.1991,-8.156756,1340.3744,849.14215,-14.449994,2236.5398,830.62695,-17.857752,0 days 00:01:10.923867200,0 days 00:01:10.943867200
0 days 00:00:00.400000,0 days 00:00:00.420000,answer8,0.88581616,-8.94376,19.115892,0.061384458,-0.019161271,0.36301622,23.841085,-2.2426178,3.4800167,8.69553,34.493984,0.1678909,1.4926592,7.986769,-2.8135068,8.390489,381.85428,1091.5758,-7.7551937,1355.2655,748.53827,-11.159102,2272.7593,751.4476,-16.145683,0 days 00:01:10.933867200,0 days 00:01:10.953867200
0 days 00:00:00.410000,0 days 00:00:00.430000,answer8,0.9833562,-7.4603953,16.87573,0.060009282,-0.020032248,0.35778776,23.549402,-4.732989,3.466384,11.4853945,34.32255,0.06322398,1.3088387,8.277707,-3.6434157,7.641566,386.1462,1058.7379,-7.04669,1341.3031,719.51117,-10.19597,2265.3176,693.5193,-14.688255,0 days 00:01:10.943867200,0 days 00:01:10.963867200
0 days 00:00:00.420000,0 days 00:00:00.440000,answer8,1.0611954,-6.942327,13.8885,0.06697254,-0.016709367,0.36361435,25.31751,-8.320176,3.6447098,11.351794,34.152313,0.014124803,0.7680261,8.0793915,-4.1493144,9.506881,390.071,1079.2666,-6.561395,1332.2438,764.7032,-9.067115,2266.5518,678.1679,-16.068275,0 days 00:01:10.953867200,0 days 00:01:10.973867200
0 days 00:00:00.430000,0 days 00:00:00.450000,answer8,1.142061,-6.332395,12.284919,0.06778904,-0.009790816,0.387324,26.911562,-12.099651,2.465611,7.315227,33.914753,0.005570259,0.6883838,7.699028,-4.573177,12.34201,389.4713,1111.5951,-6.461363,1306.1156,819.4826,-8.759327,2262.989,661.22736,-18.803371,0 days 00:01:10.963867200,0 days 00:01:10.983867200
0 days 00:00:00.440000,0 days 00:00:00.460000,answer8,1.1422879,-6.00787,13.108493,0.07207952,-0.0044875857,0.3883578,30.295576,-13.5599165,0.91190434,2.4971383,33.59238,0.0048133247,0.5023017,7.26466,-4.3267426,16.29064,388.87048,1143.5934,-6.099273,1276.1713,871.6128,-9.051412,2264.736,655.1152,-22.389914,0 days 00:01:10.973867200,0 days 00:01:10.993867200
0 days 00:00:00.450000,0 days 00:00:00.470000,answer8,1.1028309,-5.6642756,14.991567,0.07711234,-0.004188374,0.37379983,31.234716,-12.356002,-0.31508812,-2.4970403,33.18787,0.0058500622,0.52863306,6.8643723,-3.700289,20.163437,379.68893,1191.2539,-5.7037735,1232.9663,897.73334,-9.552804,2266.096,623.5813,-25.867208,0 days 00:01:10.983867200,0 days 00:01:11.003867200
0 days 00:00:00.460000,0 days 00:00:00.480000,answer8,0.9854274,-7.3818,19.02382,0.07828596,-0.012625347,0.38552728,33.362034,-7.3695774,-1.9469119,-5.3812633,32.81974,0.007498676,0.789643,6.639505,-3.2796953,23.568193,378.51736,1227.2822,-6.030073,1213.8507,937.1989,-9.285756,2274.9453,607.93665,-29.598267,0 days 00:01:10.993867200,0 days 00:01:11.013867200
0 days 00:00:00.470000,0 days 00:00:00.490000,answer8,0.90804887,-8.377197,20.2035,0.080443054,-0.019784113,0.42891392,33.093853,-1.071218,-4.7023683,-6.6063666,32.45004,0.011111532,1.5228289,6.326506,-4.259046,23.109987,369.72055,1265.2798,-8.484645,1188.0216,950.02313,-10.656171,2276.462,565.7331,-31.59463,0 days 00:01:11.003867200,0 days 00:01:11.023867200
0 days 00:00:00.480000,0 days 00:00:00.500000,answer8,0.832474,-9.291091,24.137022,0.07934876,-0.027335944,0.39564714,32.836926,6.3226776,-8.078151,-7.387218,32.116913,0.008488101,1.7025906,5.8071017,-0.12930584,24.998817,367.92993,1256.423,-7.3942986,1174.0386,932.7988,-12.917202,2277.6333,549.6166,-32.393116,0 days 00:01:11.013867200,0 days 00:01:11.033867200
0 days 00:00:00.490000,0 days 00:00:00.510000,answer8,0.75877887,-9.922329,26.219961,0.06662943,-0.026653253,0.3830059,30.570688,12.302749,-9.70884,-6.1237583,31.80767,0.011086228,1.3482112,4.9683304,5.445541,28.017807,358.84946,1293.9927,-5.7407126,1161.4293,936.1524,-15.019633,2295.8206,584.6806,-33.75852,0 days 00:01:11.023867200,0 days 00:01:11.043867200
0 days 00:00:00.500000,0 days 00:00:00.520000,answer8,0.6826942,-10.942665,29.430807,0.06060422,-0.023231216,0.3414199,29.180466,15.8098955,-6.825784,-6.10792,31.695923,0.010966636,1.1577134,4.322696,11.737895,31.28238,579.4137,1167.693,-9.126545,1566.7207,872.43774,-23.576965,2657.2043,619.93304,-35.135105,0 days 00:01:11.033867200,0 days 00:01:11.053867200
0 days 00:00:00.510000,0 days 00:00:00.530000,answer8,0.6112013,-13.388295,30.358599,0.058510322,-0.016535027,0.3291846,26.45237,18.14441,-3.269604,-0.91409063,32.254574,0.014180648,1.3958269,4.587289,9.138116,27.754343,843.112,1142.0599,-17.333086,1965.7152,886.6131,-30.36441,3032.1619,637.5896,-35.961864,0 days 00:01:11.043867200,0 days 00:01:11.063867200
0 days 00:00:00.520000,0 days 00:00:00.540000,answer8,0.56092596,-14.877772,30.989454,0.057409033,-0.019489791,0.35871518,25.500135,16.99584,0.04878809,-1.8762187,33.302723,0.012941144,2.014717,5.293527,7.660994,26.029867,855.97144,1169.9438,-19.258535,1984.6045,996.44025,-35.640156,3001.946,716.7339,-36.162838,0 days 00:01:11.053867200,0 days 00:01:11.073867200
0 days 00:00:00.530000,0 days 00:00:00.550000,answer8,0.5064683,-17.397217,31.835978,0.0583646,-0.018965809,0.31572086,25.210869,16.28515,2.0673227,2.5883892,34.130238,0.03307138,2.2167838,5.9069114,5.8241754,27.484533,913.2194,1270.4952,-20.68348,1927.4779,1117.0269,-35.646687,2975.8633,743.88794,-37.66248,0 days 00:01:11.063867200,0 days 00:01:11.083867200
0 days 00:00:00.540000,0 days 00:00:00.560000,answer8,0.48079816,-19.735498,33.06297,0.06591533,-0.022063738,0.34307763,25.421625,18.717657,4.545729,-1.1592655,34.174564,0.038352735,1.7569867,5.9823527,7.9036736,32.639072,639.3557,1394.7968,-12.797673,1541.2281,1258.7698,-29.002405,2622.1702,797.9646,-38.782963,0 days 00:01:11.073867200,0 days 00:01:11.093867200
0 days 00:00:00.550000,0 days 00:00:00.570000,answer8,0.52090377,-21.268206,34.46896,0.07961883,-0.023780042,0.33333263,27.672434,20.956133,2.1488204,-4.400838,33.66599,0.05116394,1.1391858,5.6309752,7.406757,32.35177,624.79156,1496.7427,-11.540454,1505.3971,1303.4546,-24.315636,2619.7869,917.99854,-37.238438,0 days 00:01:11.083867200,0 days 00:01:11.103867200
0 days 00:00:00.560000,0 days 00:00:00.580000,answer8,0.5867124,-19.245478,33.599323,0.07513225,-0.02538033,0.40923253,30.064575,20.777292,-1.1688242,-12.22887,33.093403,0.04384491,0.31931826,5.1887307,7.752373,31.130259,341.04678,1510.1649,-5.638489,1157.1368,1218.1632,-17.942566,2295.9863,861.5839,-36.768745,0 days 00:01:11.093867200,0 days 00:01:11.113867200
0 days 00:00:00.570000,0 days 00:00:00.590000,answer8,0.63489974,-16.318075,33.577053,0.07964494,-0.023788026,0.38918304,33.03762,16.724604,-4.280417,-14.424351,32.704037,0.044937745,0.43329397,5.3535843,8.21468,26.943258,346.2152,1429.8175,-8.79671,1157.9491,1065.8707,-19.878752,2318.5188,842.8628,-35.73997,0 days 00:01:11.103867200,0 days 00:01:11.123867200
0 days 00:00:00.580000,0 days 00:00:00.600000,answer8,0.5905269,-14.85558,32.251312,0.06382535,-0.01727649,0.40181223,32.31671,15.20748,-0.67470646,-8.932304,32.346973,0.03614526,0.53395563,6.3424377,8.497165,26.291147,337.45755,1306.0322,-11.946126,1178.0984,901.8394,-21.350672,2336.5125,618.7393,-38.23727,0 days 00:01:11.113867200,0 days 00:01:11.133867200
0 days 00:00:00.590000,0 days 00:00:00.610000,answer8,0.52974963,-16.278526,33.454628,0.06540286,-0.018399177,0.34933758,31.339094,16.361465,1.5590013,-2.9129326,32.154785,0.045362335,1.0271338,7.8996353,6.1398263,27.684633,573.2553,1225.5552,-14.861458,1587.2845,912.5654,-25.03316,2801.7617,701.08514,-41.34364,0 days 00:01:11.123867200,0 days 00:01:11.143867200
0 days 00:00:00.600000,0 days 00:00:00.620000,answer8,0.47301772,-18.121792,32.741196,0.04792918,-0.020246103,0.3218523,30.737562,16.327133,4.5618134,5.5669684,32.011627,0.057534773,1.2991203,8.707747,0.292497,22.54603,545.1149,1303.9347,-15.917688,1576.816,939.8193,-23.247702,2752.367,671.34357,-37.45692,0 days 00:01:11.133867200,0 days 00:01:11.153867200
0 days 00:00:00.610000,0 days 00:00:00.630000,answer8,0.46742892,-17.436266,33.257565,0.05646986,-0.018716576,0.21005823,32.078312,14.584104,3.984432,11.041798,31.969282,0.06093766,1.1616187,8.893613,-7.613865,21.22447,808.57086,1162.5323,0.0,1955.0963,834.91626,-23.229822,3196.8035,844.5725,-37.89952,0 days 00:01:11.143867200,0 days 00:01:11.163867200
0 days 00:00:00.620000,0 days 00:00:00.640000,answer8,0.47505644,-16.290916,29.837397,0.04489967,-0.015981318,0.15316944,32.396027,12.125191,4.481235,12.472106,31.982126,0.03522345,0.65516347,9.137029,-13.991543,11.266994,573.0931,1227.8862,-18.094849,1553.3867,806.4339,-17.148306,2727.0544,713.19385,-29.307669,0 days 00:01:11.153867200,0 days 00:01:11.173867200
0 days 00:00:00.630000,0 days 00:00:00.650000,answer8,0.5197726,-14.045245,25.765066,0.039509993,-0.012254591,0.22144091,33.53658,8.513852,1.5871543,8.633924,32.00555,0.015433504,0.39014745,9.521671,-16.910238,10.524821,614.1854,1065.0084,-17.577185,1590.5615,730.7036,-15.846596,2747.1309,660.3899,-28.57789,0 days 00:01:11.163867200,0 days 00:01:11.183867200
0 days 00:00:00.640000,0 days 00:00:00.660000,answer8,0.5783044,-13.496915,21.983812,0.03903519,-0.014230612,0.23286402,34.692287,5.1898026,0.029284954,6.007871,32.009785,0.0073161796,0.7600767,9.899647,-16.611586,6.945722,377.38992,1097.0889,-16.840906,1257.8456,779.291,-13.876595,2318.9775,462.5957,-23.786629,0 days 00:01:11.173867200,0 days 00:01:11.193867200
0 days 00:00:00.650000,0 days 00:00:00.670000,answer8,0.6314785,-13.086475,21.30343,0.040808473,-0.014419123,0.22570206,36.192196,2.4323447,-3.2470276,3.0753508,32.00407,0.007962123,1.0097128,10.018855,-14.904633,10.961858,396.3546,1035.3309,-15.751834,1291.303,770.4734,-14.919192,2333.8975,481.74536,-26.713692,0 days 00:01:11.183867200,0 days 00:01:11.203867200
0 days 00:00:00.660000,0 days 00:00:00.680000,answer8,0.6307457,-13.26989,25.05391,0.055124477,-0.015998838,0.16202639,36.488556,3.8360863,-5.322672,0.82163477,31.993082,0.0076360875,1.1279856,10.133316,-12.556656,13.977307,398.15625,1064.9819,-15.1938505,1287.3257,804.1893,-15.723577,2347.2644,545.395,-29.171158,0 days 00:01:11.193867200,0 days 00:01:11.213867200
0 days 00:00:00.670000,0 days 00:00:00.690000,answer8,0.5891618,-13.483974,27.602255,0.048788697,-0.015910262,0.16577537,36.037117,7.1755395,-6.72611,-2.9023867,32.004696,0.005141643,1.0832032,10.247739,-9.839385,15.690304,391.91983,1127.0673,-15.298076,1255.7528,853.1543,-15.859497,2348.39,594.8947,-30.988379,0 days 00:01:11.203867200,0 days 00:01:11.223867200
0 days 00:00:00.680000,0 days 00:00:00.700000,answer8,0.53930587,-13.483982,29.429312,0.05468375,-0.015389909,0.1861565,35.63934,9.140018,-5.657688,-5.207545,32.073353,0.006508148,0.9515062,10.430999,-7.51894,15.937556,386.16086,1176.3024,-16.770706,1228.733,889.57764,-16.809628,2330.68,616.649,-32.708263,0 days 00:01:11.213867200,0 days 00:01:11.233867200
0 days 00:00:00.690000,0 days 00:00:00.710000,answer8,0.50951076,-13.718484,29.749817,0.044377703,-0.015137233,0.17850775,36.046513,9.586076,-3.2565005,-4.739103,32.18427,0.0075724535,0.7720527,10.555824,-5.5760345,16.183119,353.1141,1345.8724,-17.72211,1184.8649,965.32623,-18.892141,2321.1177,641.1657,-34.580097,0 days 00:01:11.223867200,0 days 00:01:11.243867200
0 days 00:00:00.700000,0 days 00:00:00.720000,answer8,0.48077512,-14.935195,31.913918,0.04160523,-0.013271128,0.16526484,35.951992,9.721272,0.18741529,-4.9821944,32.268295,0.0068618474,0.6764814,10.744285,-4.932652,16.806143,315.59882,1454.5039,0.0,1149.8586,983.9424,-20.387688,2298.5896,634.9534,-36.231113,0 days 00:01:11.233867200,0 days 00:01:11.253867200
0 days 00:00:00.710000,0 days 00:00:00.730000,answer8,0.44314024,-17.586128,34.36227,0.028263487,-0.011707428,0.14484723,35.15543,11.12576,3.1112092,-2.2749686,32.296818,0.006689443,0.62348485,10.802173,-5.244436,20.880278,522.0832,1394.0277,0.0,1527.1661,905.6687,-27.283781,2726.3591,897.8474,-39.37428,0 days 00:01:11.243867200,0 days 00:01:11.263867200
0 days 00:00:00.720000,0 days 00:00:00.740000,answer8,0.41372833,-19.96739,33.962288,0.018273553,-0.01676868,0.1293522,34.530792,13.301591,5.422604,-3.4775095,32.32084,0.0056854472,0.5852053,10.50048,-6.641871,23.473982,480.5507,1431.1761,-18.481016,1485.4481,885.0097,-25.952147,2692.033,807.7076,-40.387928,0 days 00:01:11.253867200,0 days 00:01:11.273867200
0 days 00:00:00.730000,0 days 00:00:00.750000,answer8,0.4050034,-19.90145,33.292423,0.010036345,-0.02356982,0.123731904,34.021645,14.930836,4.6025453,-3.4826498,32.40519,0.0102472,0.45304704,9.719769,-7.8609385,27.88912,711.7757,1293.3478,0.0,1868.708,843.3391,-32.420948,3110.6863,817.081,-43.01952,0 days 00:01:11.263867200,0 days 00:01:11.283867200
0 days 00:00:00.740000,0 days 00:00:00.760000,answer8,0.43769714,-18.395508,32.595657,0.015945556,-0.034966804,0.14762263,34.816326,16.411959,3.677659,-6.066829,32.511784,0.011277377,0.47138253,7.1925282,-8.346768,27.565763,493.52695,1423.6752,-15.275932,1467.1398,951.31647,-25.889183,2701.961,533.8685,-41.150616,0 days 00:01:11.273867200,0 days 00:01:11.293867200
0 days 00:00:00.750000,0 days 00:00:00.770000,answer8,0.47378954,-16.907316,34.335842,0.0213728,-0.035297707,0.16490091,36.35193,16.297483,1.3832922,-4.6416354,32.559925,0.012399587,0.63825876,1.9133476,-8.304612,26.738974,564.1189,1303.0553,-14.217239,1527.6254,965.68964,-27.156977,2748.552,639.7978,-39.35492,0 days 00:01:11.283867200,0 days 00:01:11.303867200
0 days 00:00:00.760000,0 days 00:00:00.780000,answer8,0.5148294,-18.296404,33.684998,0.055414546,-0.035545707,0.20294018,38.65603,16.20733,2.3757484,-5.0757136,32.465652,0.0107268095,0.74199414,-1.2552551,-6.9261303,22.965668,375.33658,1345.1322,-11.912003,1167.4437,1036.9406,-21.358229,2346.7588,586.9709,-34.87767,0 days 00:01:11.293867200,0 days 00:01:11.313867200
0 days 00:00:00.770000,0 days 00:00:00.790000,answer8,0.5693085,-19.925081,32.570633,0.0698519,-0.028911686,0.34715405,39.305836,16.237211,2.6668665,-3.9812171,34.90414,0.010530728,0.8363058,-0.66837627,-0.26775837,20.978617,388.23206,1285.8815,-11.801207,1191.0775,1044.6332,-25.732918,2322.049,593.4724,-34.760498,0 days 00:01:11.303867200,0 days 00:01:11.323867200
0 days 00:00:00.780000,0 days 00:00:00.800000,answer8,0.62993544,-21.409044,30.160189,0.08950513,-0.02532765,0.49235854,38.338287,15.68517,7.083202,-2.6455216,37.23146,0.19054806,1.8493675,3.6728127,6.713783,23.04957,312.17984,1490.5342,0.0,1133.7323,1160.403,-30.902313,2255.8335,535.6823,-37.605976,0 days 00:01:11.313867200,0 days 00:01:11.333867200
0 days 00:00:00.790000,0 days 00:00:00.810000,answer8,0.6556034,-23.472237,30.02608,0.07128298,-0.016641187,0.6536141,36.83958,16.154287,12.232808,4.339934,39.68901,0.2021029,2.6244764,6.5541472,12.100928,22.534521,292.5823,1493.5117,0.0,1175.5767,1151.4381,-36.017685,2203.7195,584.37256,-38.99967,0 days 00:01:11.323867200,0 days 00:01:11.343867200
0 days 00:00:00.800000,0 days 00:00:00.820000,answer8,0.6908805,-25.517159,31.924438,0.0698258,-0.01899076,0.61381304,37.813217,15.258831,13.603451,7.8852515,39.745693,0.2245499,3.4168365,7.6292415,15.178917,25.597664,483.3397,1715.2328,0.0,1474.8473,1217.5426,-37.107635,2789.3418,791.15936,-42.891796,0 days 00:01:11.333867200,0 days 00:01:11.353867200
0 days 00:00:00.810000,0 days 00:00:00.830000,answer8,0.7258596,-26.632673,33.772106,0.055224266,-0.024591336,0.5181946,37.831863,14.233747,16.519136,7.3787675,40.069515,0.056861635,2.640865,7.9515214,15.745954,21.944008,544.96924,1631.7357,-38.63481,1511.7689,1334.9393,-38.43953,2755.2947,877.3003,-42.142796,0 days 00:01:11.343867200,0 days 00:01:11.363867200
0 days 00:00:00.820000,0 days 00:00:00.840000,answer8,0.80568576,-26.379843,33.750538,0.059031274,-0.031806495,0.6254291,37.367687,12.957581,17.247225,3.4679413,40.450573,0.056072373,1.9359404,7.276169,13.45689,21.915854,538.24664,1685.795,0.0,1518.778,1407.5746,-40.70647,2783.9216,891.14844,-46.732113,0 days 00:01:11.353867200,0 days 00:01:11.373867200
0 days 00:00:00.830000,0 days 00:00:00.850000,answer8,0.8108661,-27.653463,35.532776,0.058127802,-0.030604327,0.61065096,36.783573,14.2111025,20.472382,3.9262912,37.0753,0.19219269,1.0925442,5.4913654,9.711787,25.491415,341.7113,1519.724,0.0,1310.9591,1431.7697,-38.872242,2199.3303,949.95966,-41.80546,0 days 00:01:11.363867200,0 days 00:01:11.383867200
0 days 00:00:00.840000,0 days 00:00:00.860000,answer8,0.7781449,-29.619377,37.74324,0.07363681,-0.027625708,0.784149,37.57986,17.833258,18.130823,4.692014,33.955288,0.33780602,0.6223641,3.2059605,4.925198,31.481672,352.30704,1473.769,0.0,1324.9994,1373.9567,-36.495846,2226.745,974.2083,-40.948498,0 days 00:01:11.373867200,0 days 00:01:11.393867200
0 days 00:00:00.850000,0 days 00:00:00.870000,answer8,0.68226665,-28.352432,37.63148,0.08160984,-0.027682526,0.9889508,38.120277,19.062614,13.916107,4.268809,30.859215,0.48560777,0.5011434,2.1444552,3.4222558,36.134323,370.76648,1434.2838,-2.1017003,1286.5122,1332.394,-32.266888,2225.1213,949.04144,-35.776638,0 days 00:01:11.383867200,0 days 00:01:11.403867200
0 days 00:00:00.860000,0 days 00:00:00.880000,answer8,0.61335933,-27.731394,35.806004,0.084324144,-0.034498464,0.9804578,37.88043,21.455984,11.000813,-0.8534444,31.428083,0.48560777,0.5011434,2.769418,0.82156974,37.276024,543.8493,1430.3965,-6.7371864,1527.5146,1166.8809,-33.008816,2594.4456,819.2237,-38.6964,0 days 00:01:11.393867200,0 days 00:01:11.413867200
0 days 00:00:00.870000,0 days 00:00:00.890000,answer8,0.5748758,-25.415483,32.127487,0.07896017,-0.039395124,0.83105177,37.130886,19.961813,8.9243,-3.2200327,31.65272,0.37144879,0.58199877,4.1235075,1.6507348,37.426693,551.7282,1488.1821,-5.463728,1473.9186,1166.3838,-26.82627,2594.6023,773.5635,-37.57361,0 days 00:01:11.403867200,0 days 00:01:11.423867200
0 days 00:00:00.880000,0 days 00:00:00.900000,answer8,0.5936337,-26.015284,32.231182,0.072841264,-0.04161016,0.41969308,38.544323,19.684914,8.474544,-5.433098,31.768053,0.21227469,0.65715986,4.3948126,2.9095411,37.208263,568.8198,1624.4113,-4.1515903,1425.5522,1388.3877,-21.32018,2575.834,824.79315,-36.04305,0 days 00:01:11.413867200,0 days 00:01:11.433867200
0 days 00:00:00.890000,0 days 00:00:00.910000,answer8,0.6344121,-24.106733,32.101337,0.07592819,-0.04284747,0.3818185,39.375507,17.330755,6.6567016,-8.262437,31.791832,0.059958354,0.8494484,3.4921339,4.5835843,33.169773,389.19022,1661.7135,2.8403957,1066.7886,1507.3447,-16.806877,2221.9912,768.7312,-30.329378,0 days 00:01:11.423867200,0 days 00:01:11.443867200
0 days 00:00:00.900000,0 days 00:00:00.920000,answer8,0.65486294,-22.77059,30.79848,0.08710352,-0.040951088,0.4446272,39.783245,14.60739,4.250751,-8.749339,31.704332,0.018104648,1.099675,2.028773,7.0430293,31.904776,387.2996,1506.181,5.0750065,1133.9064,1355.6796,-18.337511,2260.083,748.18994,-26.829767,0 days 00:01:11.433867200,0 days 00:01:11.453867200
0 days 00:00:00.910000,0 days 00:00:00.930000,answer8,0.6845779,-22.193848,31.766235,0.09419305,-0.035124507,0.6101256,39.354664,13.762115,3.7106845,-8.337487,31.53689,0.024916723,1.4071035,1.2403089,12.226062,31.717081,362.9917,1473.0924,10.590226,1234.6483,1179.9379,-15.337578,2404.1077,837.7487,-21.126856,0 days 00:01:11.443867200,0 days 00:01:11.463867200
0 days 00:00:00.920000,0 days 00:00:00.940000,answer8,0.67731243,-20.9228,29.540018,0.089135975,-0.027710253,0.71327204,37.36997,10.6123,6.6738954,-3.7279046,31.4042,0.024871057,1.597405,0.9166743,16.459152,31.74756,365.9022,1520.5961,15.225764,1319.5028,1230.3484,-11.022685,2510.6038,937.2507,-16.521797,0 days 00:01:11.453867200,0 days 00:01:11.473867200
0 days 00:00:00.930000,0 days 00:00:00.950000,answer8,0.7059632,-20.38222,31.400171,0.06992447,-0.022851756,0.69168377,36.078896,9.672112,10.691834,0.5585553,31.33703,0.02852174,1.6489125,1.0130649,19.605219,31.992516,353.17545,1638.2037,18.874409,1373.0192,1285.6189,-6.6487336,2634.323,1054.5883,-13.118107,0 days 00:01:11.463867200,0 days 00:01:11.483867200
0 days 00:00:00.940000,0 days 00:00:00.960000,answer8,0.6870129,-19.222906,29.226868,0.05499542,-0.02802741,0.5160437,33.3911,7.564512,13.502528,1.5932885,31.16504,0.04968217,2.562426,2.0572429,16.679497,32.78342,344.1398,1433.5576,22.287956,1349.6425,1101.5768,-4.7575126,2361.3196,915.429,-10.495461,0 days 00:01:11.473867200,0 days 00:01:11.493867200
0 days 00:00:00.950000,0 days 00:00:01,answer8,0.67426556,-19.081018,30.536736,0.057928417,-0.02418744,0.39985886,29.916777,9.078537,13.401375,1.9711822,31.123835,0.04968217,2.562426,1.9946679,16.103949,33.34214,330.47446,1474.91,21.033546,1360.0018,1063.0868,-6.297938,2413.0938,887.80005,-12.308594,0 days 00:01:11.483867200,0 days 00:01:11.533867200
0 days 00:00:00,0 days 00:00:00.020000,answer9,0.43034872,-1.1778324,6.1112823,0.042716984,-0.012922154,0.027456606,-2.1794896,13.184841,6.0814357,6.0773168,0.0,0.0,0.0,0.0,0.0,0.0,427.4514,1020.9199,-201.0,1426.6558,478.52515,-201.0,2440.1653,562.4036,-201.0,0 days 00:01:19.667334001,0 days 00:01:19.687334001
0 days 00:00:00.010000,0 days 00:00:00.030000,answer9,0.43386665,-0.64505506,6.053349,0.049866363,-0.013297978,0.06202172,-3.0448883,12.677335,3.9177227,4.7120066,0.0,0.0,0.0,0.0,0.0,0.0,706.1468,897.242,-201.0,1757.8578,541.74884,-201.0,2722.7708,538.3603,-201.0,0 days 00:01:19.677334001,0 days 00:01:19.697334001
0 days 00:00:00.020000,0 days 00:00:00.040000,answer9,0.4402593,0.040094454,5.07876,0.037407845,-0.01473482,0.08777967,-4.569958,12.7207,3.9844806,5.4297943,0.0,0.0,0.0,0.0,0.0,0.0,694.7746,935.3703,-201.0,1748.1395,514.4393,-201.0,2705.0784,548.9533,-201.0,0 days 00:01:19.687334001,0 days 00:01:19.707334001
0 days 00:00:00.030000,0 days 00:00:00.050000,answer9,0.4589169,2.2105587,2.9601204,0.032508165,-0.016651915,0.089638196,-7.0168247,9.805367,1.5083747,1.9642982,0.0,0.0,0.0,0.0,0.0,0.0,667.09546,921.09467,-201.0,1735.7814,495.96268,-201.0,2694.8066,559.4167,-201.0,0 days 00:01:19.697334001,0 days 00:01:19.717334001
0 days 00:00:00.040000,0 days 00:00:00.060000,answer9,0.47057256,-0.36900964,4.9568133,0.0361163,-0.021380784,0.09521991,-4.488181,11.063947,-1.7783546,-3.6558082,0.0,0.0,0.0,0.0,0.0,0.0,343.0066,1138.0779,-201.0,1401.6777,577.7065,-201.0,2398.2068,585.96735,-201.0,0 days 00:01:19.707334001,0 days 00:01:19.727334001
0 days 00:00:00.050000,0 days 00:00:00.070000,answer9,0.4565339,-1.9596115,7.2711105,0.05978335,-0.013729367,0.10618352,-1.5455977,10.678139,-3.489282,-3.5684836,0.0,0.0,0.0,0.0,0.0,0.0,561.3339,1046.7126,-201.0,1636.1924,686.72003,-201.0,2679.959,548.1096,-201.0,0 days 00:01:19.717334001,0 days 00:01:19.737334001
0 days 00:00:00.060000,0 days 00:00:00.080000,answer9,0.43784904,-3.5870035,9.045683,0.06923867,-0.013535395,0.10452058,-0.119663395,12.944449,-0.8553713,-2.7180269,0.0,0.0,0.0,0.0,0.0,0.0,535.3271,1116.9515,-201.0,1656.3441,692.51544,-201.0,2637.576,579.8405,-201.0,0 days 00:01:19.727334001,0 days 00:01:19.747334001
0 days 00:00:00.070000,0 days 00:00:00.090000,answer9,0.45475492,-1.8433285,7.376928,0.062403023,-0.0047233547,0.10030005,-0.8696721,12.360999,2.176869,5.978091,0.0,0.0,0.0,0.0,0.0,0.0,581.61456,1054.8519,-201.0,1632.5314,648.29974,-201.0,2651.1528,561.0241,-201.0,0 days 00:01:19.737334001,0 days 00:01:19.757334001
0 days 00:00:00.080000,0 days 00:00:00.100000,answer9,0.4933366,-1.1593255,8.517177,0.04763901,-0.0021920968,0.09966589,-1.0354253,10.538551,0.45524558,8.393576,0.0,0.0,0.0,0.0,0.0,0.0,401.53195,1102.9094,-201.0,1389.627,730.19995,-201.0,2384.829,642.7635,-201.0,0 days 00:01:19.747334001,0 days 00:01:19.767334001
0 days 00:00:00.090000,0 days 00:00:00.110000,answer9,0.5181328,-0.13643879,8.4838705,0.02109298,0.0069666174,0.11832762,-0.9696476,8.530602,-2.316376,13.71447,0.0,0.0,0.0,0.0,0.0,0.0,642.8152,931.44147,-140.51622,1616.1273,805.2647,-140.18874,2706.1433,545.1142,-139.39749,0 days 00:01:19.757334001,0 days 00:01:19.777334001
0 days 00:00:00.100000,0 days 00:00:00.120000,answer9,0.5209926,0.18532999,9.770001,0.0023068672,0.009045196,0.11410254,-1.5981859,6.4024105,-1.2258934,14.316284,30.467003,0.0,0.0,-2.4146616,13.911381,10.466017,701.54364,1016.1055,-81.38893,1595.3892,961.5152,-80.32605,2674.155,731.89703,-79.60624,0 days 00:01:19.767334001,0 days 00:01:19.787334001
0 days 00:00:00.110000,0 days 00:00:00.130000,answer9,0.5030481,-0.9730301,10.580215,-0.00721425,0.006818423,0.10998414,-1.6115994,9.058478,2.4290216,13.746448,30.679937,0.0,0.0,-1.8288764,15.121147,11.14063,887.8721,936.7166,-23.763832,1900.8739,812.46313,-19.671833,2960.4656,748.37213,-18.790176,0 days 00:01:19.777334001,0 days 00:01:19.797334001
0 days 00:00:00.120000,0 days 00:00:00.140000,answer9,0.48480535,-4.017143,14.061683,0.0011318531,0.0013007281,0.106122404,-0.021487078,12.998412,6.9814,12.461801,31.042671,0.0,0.0,-0.7543873,16.99063,13.131221,989.5838,985.87524,-24.638071,1894.9521,878.41455,-20.122492,2919.4316,770.8139,-19.85148,0 days 00:01:19.787334001,0 days 00:01:19.807334001
0 days 00:00:00.130000,0 days 00:00:00.150000,answer9,0.47908983,-5.979084,15.061603,0.025638198,-0.0010340704,0.10418871,0.094859995,18.953045,11.080869,12.675697,31.621132,0.0,0.0,-0.020074764,14.811896,13.218188,1212.3495,714.07666,-25.551245,2216.9194,712.5749,-20.713017,3229.1677,587.0739,-20.793104,0 days 00:01:19.797334001,0 days 00:01:19.817334001
0 days 00:00:00.140000,0 days 00:00:00.160000,answer9,0.4995966,-6.785522,14.969775,0.034847856,-0.0038455038,0.10276166,0.7180829,20.811935,11.135163,10.891423,32.37665,0.011236147,0.28725326,1.4106755,9.527616,12.140884,1233.8608,754.106,-26.812592,2197.6853,773.2824,-24.044662,3193.1543,536.32086,-23.76916,0 days 00:01:19.807334001,0 days 00:01:19.827334001
0 days 00:00:00.150000,0 days 00:00:00.170000,answer9,0.5492919,-6.943498,14.946384,0.04342951,-0.0017674863,0.13244851,-0.27620396,23.007902,13.468261,13.613983,33.378006,0.011236147,0.28725326,3.3114188,5.31859,12.722112,1248.94,580.48645,-29.743914,2304.7605,633.7917,-28.23072,3212.5261,607.7962,-28.082514,0 days 00:01:19.817334001,0 days 00:01:19.837334001
0 days 00:00:00.160000,0 days 00:00:00.180000,answer9,0.6018061,-8.230105,16.90977,0.034164812,-0.004115256,0.17534484,0.26797107,23.027863,13.721845,13.1129,34.157696,0.032410573,0.47047734,3.465309,1.4555925,14.606441,1261.7201,624.9008,-30.379553,2295.497,654.8764,-32.231842,3186.8674,652.8761,-31.994522,0 days 00:01:19.827334001,0 days 00:01:19.847334001
0 days 00:00:00.170000,0 days 00:00:00.190000,answer9,0.67423743,-10.858955,20.5431,0.028245268,-0.004556473,0.2960759,0.9603696,24.052618,15.379296,16.80316,33.313217,0.0388007,0.5305646,1.1452397,-0.78558224,18.612255,1280.4326,572.2212,-25.37426,2290.8037,630.56323,-32.238213,3238.5518,538.6678,-32.545933,0 days 00:01:19.837334001,0 days 00:01:19.857334001
0 days 00:00:00.180000,0 days 00:00:00.200000,answer9,0.81065375,-14.486648,24.054247,0.04427577,-0.01108219,0.63237923,6.4001384,25.115057,10.616836,10.895981,32.086567,0.040428355,0.9978265,-1.0414335,-3.3137863,20.409864,961.42505,863.3055,-14.995838,1911.1278,827.56525,-24.251425,2973.757,512.2511,-28.390839,0 days 00:01:19.847334001,0 days 00:01:19.867334001
0 days 00:00:00.190000,0 days 00:00:00.210000,answer9,1.0365503,-17.742447,28.186563,0.06063898,-0.019158706,0.99707943,15.298158,24.487045,3.1755917,3.5035982,30.79838,0.023700006,1.9766423,-3.24189,-3.6929724,21.534973,646.8149,1079.6351,-4.9363074,1576.5651,930.0527,-17.680515,2703.5012,512.99854,-23.459938,0 days 00:01:19.857334001,0 days 00:01:19.877334001
0 days 00:00:00.200000,0 days 00:00:00.220000,answer9,1.2393988,-18.27168,29.070724,0.092403375,-0.03337884,1.3987786,23.221046,22.488237,-4.998102,-8.599457,28.802979,0.021755962,3.078595,-2.9261398,-0.86043596,22.53373,358.97415,1276.4547,2.4168808,1227.6385,1033.8088,-9.291015,2384.6694,558.91705,-18.962873,0 days 00:01:19.867334001,0 days 00:01:19.887334001
0 days 00:00:00.210000,0 days 00:00:00.230000,answer9,1.3826746,-16.237001,25.507559,0.10084971,-0.037124924,1.321643,26.250635,16.872202,-8.6887665,-11.867066,26.892405,0.024574386,3.7733727,-3.302315,1.4429337,25.90007,593.19507,1246.4766,4.269252,1588.7653,874.31757,-8.597486,2762.9104,902.5101,-16.072721,0 days 00:01:19.877334001,0 days 00:01:19.897334001
0 days 00:00:00.220000,0 days 00:00:00.240000,answer9,1.4725498,-13.851344,23.060661,0.09821558,-0.032788455,1.3514878,26.454828,12.427089,-6.527492,-8.157748,24.729553,0.13790865,2.926777,-2.6843433,3.3436337,26.798983,812.13446,1313.0835,6.2508163,1842.5607,1200.5093,-3.9155493,2875.3674,950.0818,-10.688985,0 days 00:01:19.887334001,0 days 00:01:19.907334001
0 days 00:00:00.230000,0 days 00:00:00.250000,answer9,1.6141491,-13.005532,21.802942,0.10296825,-0.026047701,1.2497125,26.78324,9.626027,-6.3014584,-5.557367,23.41958,0.2512429,2.080181,-2.7455409,5.693826,26.074877,801.92316,1402.4567,11.538623,1846.9237,1258.4579,0.05414486,2882.4746,1101.7317,-3.7476518,0 days 00:01:19.897334001,0 days 00:01:19.917334001
0 days 00:00:00.240000,0 days 00:00:00.260000,answer9,1.8041793,-13.270134,24.38447,0.09559894,-0.02254107,1.5645108,28.081564,7.9384346,-6.6627693,-3.6228943,22.085754,0.36457717,1.2335849,-2.245125,10.202716,23.945656,776.08624,1392.5197,15.588513,1713.1254,1430.4316,7.4364033,2689.9463,738.69727,5.116674,0 days 00:01:19.907334001,0 days 00:01:19.927334001
0 days 00:00:00.250000,0 days 00:00:00.270000,answer9,2.0304844,-13.852881,23.038145,0.11136121,-0.021759547,2.0109055,28.178553,6.0396557,-7.552126,-3.5354633,20.918612,0.36457717,1.2335849,-1.455904,15.53458,22.51619,711.3,1414.5426,19.277563,1651.9987,1105.2855,13.426555,2711.082,723.4705,13.493634,0 days 00:01:19.917334001,0 days 00:01:19.937334001
0 days 00:00:00.260000,0 days 00:00:00.280000,answer9,2.2881086,-14.392877,22.237875,0.109880485,-0.016847687,2.6862524,26.849588,7.090496,-2.4963715,3.1340234,21.287971,0.3027055,0.9153058,-1.2039685,17.760546,23.521002,720.57806,1354.8651,20.556303,1687.8312,1076.2811,13.560421,2688.6243,750.7288,13.012817,0 days 00:01:19.927334001,0 days 00:01:19.947334001
0 days 00:00:00.270000,0 days 00:00:00.290000,answer9,2.5224135,-14.121495,20.846777,0.111538194,-0.016235357,2.6812184,24.47622,7.8227463,3.1211138,7.958679,25.767014,0.3787191,0.8680876,-0.015424172,18.47822,22.728521,523.0801,1361.6774,14.387012,1477.706,1014.4795,2.2321026,2487.277,835.52594,0.54667157,0 days 00:01:19.937334001,0 days 00:01:19.957334001
0 days 00:00:00.280000,0 days 00:00:00.300000,answer9,2.7087677,-13.682297,20.371538,0.0934135,-0.0150388675,2.653369,22.825762,9.335914,8.199129,8.3181,30.277077,0.2822074,1.2986039,0.6884944,16.588072,23.102081,627.013,1335.0391,2.8310559,1594.028,1015.7884,-9.69468,2549.7922,820.5485,-13.185509,0 days 00:01:19.947334001,0 days 00:01:19.967334001
0 days 00:00:00.290000,0 days 00:00:00.310000,answer9,2.7930024,-12.191106,18.26433,0.09431677,-0.0154203465,2.3377383,21.850815,6.744415,9.039558,3.9190233,34.391895,0.24906512,1.7067825,1.3370124,18.498346,21.19769,577.31836,1413.2997,-8.186583,1565.6056,1001.6626,-16.396446,2546.677,761.7468,-19.865993,0 days 00:01:19.957334001,0 days 00:01:19.977334001
0 days 00:00:00.300000,0 days 00:00:00.320000,answer9,2.6766205,-11.148322,17.066572,0.105233945,-0.008801124,2.5451834,21.117096,3.0387459,7.1609216,0.78886217,34.387405,0.052664503,1.8732437,-0.47414485,17.934809,17.941105,800.65924,1354.6387,0.0,1785.1587,996.727,-15.537433,2755.1472,643.0456,-15.772166,0 days 00:01:19.967334001,0 days 00:01:19.987334001
0 days 00:00:00.310000,0 days 00:00:00.330000,answer9,2.404722,-10.520089,16.59716,0.11310185,-0.0036019974,2.2977052,20.573435,1.2820619,5.776259,1.6466945,33.251312,0.028789097,1.5619704,-1.4193158,13.725471,14.9526825,742.3842,1215.1005,-4.3973207,1747.791,919.9306,-16.891077,2744.2786,606.9482,-13.06675,0 days 00:01:19.977334001,0 days 00:01:19.997334001
0 days 00:00:00.320000,0 days 00:00:00.340000,answer9,2.1276605,-9.095004,14.427979,0.097643554,-0.0019154289,2.1856778,19.953886,0.9278925,6.383034,0.6782603,32.067886,0.0034160714,1.5913138,-2.3221037,6.05855,12.390813,1009.33936,1026.1029,-4.3350444,2123.497,939.21783,-17.998732,2915.3193,657.3438,-11.927674,0 days 00:01:19.987334001,0 days 00:01:20.007334001
0 days 00:00:00.330000,0 days 00:00:00.350000,answer9,2.0251453,-7.045049,11.635048,0.09338427,-0.0025553477,1.8420539,19.772936,-0.7718973,4.1429214,-3.7799237,30.813004,0.037942212,1.3625196,-1.6486434,0.75814486,12.826987,1031.3116,1003.7471,-4.072352,2200.943,944.76483,-17.944374,2928.7976,710.19604,-12.962528,0 days 00:01:19.997334001,0 days 00:01:20.017334001
0 days 00:00:00.340000,0 days 00:00:00.360000,answer9,2.066143,-4.838253,9.074993,0.095416546,-0.0027350595,1.5660695,20.149408,-3.5010586,1.7103761,-6.554449,30.641508,0.07246835,1.1337253,-0.8430917,0.8064437,14.493701,796.9485,1161.0084,-2.3641052,1925.6715,974.13776,-11.132184,2753.6897,787.8826,-14.19914,0 days 00:01:20.007334001,0 days 00:01:20.027334001
0 days 00:00:00.350000,0 days 00:00:00.370000,answer9,2.1353688,-4.4732614,9.297109,0.1104557,-0.0006890204,1.245472,21.092278,-5.2496657,-1.055387,-6.558149,30.642168,0.07157966,1.111072,0.7087353,1.1529413,17.557653,578.4588,1271.2363,-0.30560732,1567.0913,942.45135,-8.404219,2607.894,779.4832,-16.217855,0 days 00:01:20.017334001,0 days 00:01:20.037334001
0 days 00:00:00.360000,0 days 00:00:00.380000,answer9,2.078837,-4.5601554,11.252042,0.10621383,-0.0019908154,1.1458584,21.71361,-4.0194526,-3.024309,-2.580516,30.77503,0.050384264,1.462944,1.5901722,0.5242729,18.320686,318.6945,1377.1849,1.4727505,1228.1953,924.512,-6.576032,2371.6565,817.4343,-16.847935,0 days 00:01:20.027334001,0 days 00:01:20.047334001
0 days 00:00:00.370000,0 days 00:00:00.390000,answer9,1.9680433,-5.260868,12.341926,0.09892971,-0.0044239187,1.1129225,22.110357,-2.4976323,-2.5767078,-4.018683,31.263605,0.0184827,1.74588,0.7558543,-2.2650476,13.515488,322.5653,1344.8965,-0.91999644,1235.9243,907.36786,-11.479991,2365.972,796.174,-14.435483,0 days 00:01:20.037334001,0 days 00:01:20.057334001
0 days 00:00:00.380000,0 days 00:00:00.400000,answer9,1.8623013,-6.2825217,11.873493,0.09261539,-0.011512533,1.0476402,20.486656,-0.27304038,0.29909834,-6.1305866,31.870066,0.021995967,1.8226749,-1.3931564,-6.328642,7.692955,321.19217,1321.7386,-3.4081008,1265.3088,906.61523,-11.938419,2386.2317,739.7277,-11.101056,0 days 00:01:20.047334001,0 days 00:01:20.067334001
0 days 00:00:00.390000,0 days 00:00:00.410000,answer9,1.8393849,-6.34404,10.005689,0.09460055,-0.017785223,1.1127394,19.645195,-2.2917714,5.432184,-7.958984,32.941273,0.011289794,1.7537388,-2.5126545,-8.166366,3.4727595,316.6942,1292.8701,-5.3538394,1274.8585,870.75616,-11.733238,2372.8713,665.39496,-8.340596,0 days 00:01:20.057334001,0 days 00:01:20.077334001
0 days 00:00:00.400000,0 days 00:00:00.420000,answer9,1.9076313,-6.324755,10.643677,0.10266396,-0.024577724,1.2409343,19.107979,-5.342133,6.0905075,-9.851267,33.41851,0.011289794,1.7537388,-2.9907885,-8.825121,2.9807773,325.238,1212.951,0.0,1301.6385,828.1096,-72.87507,2355.1519,638.28516,-72.1189,0 days 00:01:20.067334001,0 days 00:01:20.087334001
0 days 00:00:00.410000,0 days 00:00:00.430000,answer9,1.9876477,-3.8829205,8.890513,0.10784509,-0.025448814,1.4680676,18.89092,-12.897847,4.3468275,-10.852742,0.0,0.0,0.0,0.0,0.0,0.0,325.72464,1155.8589,-201.0,1288.7233,768.92206,-137.14445,2298.4053,620.1156,-136.13937,0 days 00:01:20.077334001,0 days 00:01:20.097334001
0 days 00:00:00.420000,0 days 00:00:00.440000,answer9,1.9747919,-3.121617,7.938912,0.10152025,-0.025898075,1.3903202,18.357796,-15.306802,-0.17291848,-14.399509,0.0,0.0,0.0,0.0,0.0,0.0,322.41614,1146.7189,-201.0,1303.2211,762.56976,-201.0,2342.7048,693.1521,-201.0,0 days 00:01:20.087334001,0 days 00:01:20.107334001
0 days 00:00:00.430000,0 days 00:00:00.450000,answer9,1.8199428,-1.5425,4.975819,0.100832514,-0.022467026,1.2018603,16.356606,-15.592064,-2.7244618,-11.527204,0.0,0.0,0.0,0.0,0.0,0.0,629.78125,1059.2828,-133.72394,1694.7389,969.45184,-136.1804,2532.4153,733.83563,-134.13289,0 days 00:01:20.097334001,0 days 00:01:20.117334001
0 days 00:00:00.440000,0 days 00:00:00.460000,answer9,1.7265668,1.4868021,5.066071,0.08720687,-0.015514218,1.0652915,13.903649,-16.411757,-3.0350056,-8.0368595,51.78109,0.0,1.2393626,-0.32114324,-11.154026,2.2182946,905.9997,943.82294,-67.159775,2037.0332,1022.10547,-70.8829,2777.1873,744.65186,-68.63863,0 days 00:01:20.107334001,0 days 00:01:20.127334001
0 days 00:00:00.450000,0 days 00:00:00.470000,answer9,1.687796,4.9183,3.9923716,0.071965635,-0.007288687,0.965806,10.795696,-20.084702,-2.7984114,-5.1789823,51.76476,0.022533538,1.1102312,-0.4271326,-11.905061,2.8872473,1203.7308,829.4616,-0.075897776,2384.6829,1060.7622,-3.206782,2992.3672,708.8887,-2.9631453,0 days 00:01:20.117334001,0 days 00:01:20.137334001
0 days 00:00:00.460000,0 days 00:00:00.480000,answer9,1.6395184,7.95412,2.572651,0.060475543,0.0038708716,0.95742583,7.0773225,-23.437729,-1.8307619,-3.6483374,51.758324,0.022533538,1.6360126,-0.8669336,-12.349007,3.7174392,1164.6714,890.8859,-67.35196,2332.1987,881.58887,-68.02638,3043.9734,711.872,-69.83025,0 days 00:01:20.127334001,0 days 00:01:20.147334001
0 days 00:00:00.470000,0 days 00:00:00.490000,answer9,1.5824007,8.151767,3.494835,0.061938893,0.009552138,0.8817191,6.18148,-24.514994,-3.0163338,-2.776981,0.0,0.0,0.0,0.0,0.0,0.0,841.3697,1133.0355,-133.91612,1962.208,881.414,-133.32387,2828.2861,798.8348,-135.32451,0 days 00:01:20.137334001,0 days 00:01:20.157334001
0 days 00:00:00.480000,0 days 00:00:00.500000,answer9,1.5208721,8.833356,4.8651214,0.07065552,0.01286268,0.81493455,5.4571176,-23.973806,-2.0987158,1.5642749,0.0,0.0,0.0,0.0,0.0,0.0,783.2343,1158.8485,-201.0,1868.8319,932.1501,-201.0,2809.4348,781.49725,-201.0,0 days 00:01:20.147334001,0 days 00:01:20.167334001
0 days 00:00:00.490000,0 days 00:00:00.510000,answer9,1.5974674,10.311795,5.5544925,0.07017387,0.012704107,0.809151,6.1477933,-27.13146,-2.093106,3.1110718,0.0,0.0,0.0,0.0,0.0,0.0,802.87695,1294.4359,-201.0,1806.605,1066.9852,-201.0,2784.2422,737.9346,-201.0,0 days 00:01:20.157334001,0 days 00:01:20.177334001
0 days 00:00:00.500000,0 days 00:00:00.520000,answer9,1.5448159,10.593112,5.4110966,0.061238915,0.010735399,0.7292872,6.3085046,-27.08387,-0.3465549,6.087321,0.0,0.0,0.0,0.0,0.0,0.0,884.1232,1167.8354,-139.89592,1824.1029,1130.139,-136.68459,2764.7986,723.5671,-139.3831,0 days 00:01:20.167334001,0 days 00:01:20.187334001
0 days 00:00:00.510000,0 days 00:00:00.530000,answer9,1.5463237,11.003087,4.4923277,0.05508709,0.012412821,0.77040726,6.589805,-28.842478,0.76374763,4.504972,35.816925,0.0,2.3173206,-2.1215613,-5.005623,-0.28576803,643.1432,1245.0704,-109.34389,1543.8346,1116.0255,-76.69173,2553.1494,729.948,-75.868225,0 days 00:01:20.177334001,0 days 00:01:20.197334001
0 days 00:00:00.520000,0 days 00:00:00.540000,answer9,1.4766202,7.1407127,4.2745566,0.06517816,0.0038173022,0.81178087,9.385882,-24.084848,4.270684,0.74305075,36.075214,0.0022339365,1.9738199,-2.1917398,-2.8972387,0.8081748,633.00494,1052.8223,0.0,1611.318,954.6569,-13.495281,2594.9495,835.73517,-12.671783,0 days 00:01:20.187334001,0 days 00:01:20.207334001
0 days 00:00:00.530000,0 days 00:00:00.550000,answer9,1.6383837,2.6711159,5.917951,0.08542804,-0.0010566242,1.0285996,13.437606,-20.79576,8.53782,-4.4625316,37.190975,0.0022339365,1.2868184,-2.6267278,0.58645743,2.5293272,855.0682,1026.6846,-16.915998,1957.4252,850.59247,-13.107783,2895.1963,874.02,-11.184039,0 days 00:01:20.197334001,0 days 00:01:20.217334001
0 days 00:00:00.540000,0 days 00:00:00.560000,answer9,1.9262882,-1.5777766,6.4565616,0.09878349,-0.0046043596,1.2459512,17.695196,-18.225563,13.027486,-6.6897664,38.028934,0.029769123,1.2633755,-2.362992,0.537652,2.7611477,869.5493,1111.4338,-16.915998,1968.6742,811.7259,-7.764075,2917.4026,886.20404,-9.386829,0 days 00:01:20.207334001,0 days 00:01:20.227334001
0 days 00:00:00.550000,0 days 00:00:00.570000,answer9,2.3351126,-2.4426165,7.7536674,0.10806552,-0.004657132,1.5129266,19.046305,-19.461359,14.441182,-8.583568,38.869587,0.048403393,1.5509113,-1.1853684,2.0661895,3.0516818,824.74554,1157.8116,0.0,1823.816,903.60626,-3.1030262,2807.8926,856.83575,-6.7436566,0 days 00:01:20.217334001,0 days 00:01:20.237334001
0 days 00:00:00.560000,0 days 00:00:00.580000,answer9,2.782718,-1.0027725,4.97819,0.11423854,-0.008342541,1.8100854,18.965261,-23.791376,12.500496,-7.4353447,39.104446,0.06703767,1.8384467,0.58561045,5.5010896,7.721014,873.2159,1141.8951,-8.486548,1848.1517,935.0127,-1.8988204,2863.794,950.0882,-7.673491,0 days 00:01:20.227334001,0 days 00:01:20.247334001
0 days 00:00:00.570000,0 days 00:00:00.590000,answer9,3.3123515,0.12830031,4.0342164,0.116276704,-0.012542554,2.325514,19.839558,-26.137262,12.702512,-3.5863457,39.07379,0.042956486,1.8349327,0.9685648,7.058647,8.396127,1143.5088,958.13446,-4.914373,2175.761,930.52856,0.81491154,3092.502,1060.774,-5.0593605,0 days 00:01:20.237334001,0 days 00:01:20.257334001
0 days 00:00:00.580000,0 days 00:00:00.600000,answer9,3.6711426,1.3934764,4.6050477,0.11331934,-0.015806628,2.695594,19.957853,-30.17304,8.370806,0.20218027,39.05381,0.03536635,1.6776862,0.85246015,7.6354003,10.66036,1178.2412,927.0671,-66.240654,2295.013,979.51855,-67.04258,3141.864,1270.0653,-70.89898,0 days 00:01:20.247334001,0 days 00:01:20.267334001
0 days 00:00:00.590000,0 days 00:00:00.610000,answer9,3.8606694,2.4673412,4.212784,0.11029077,-0.015572779,2.9401386,18.785147,-32.480953,6.627271,1.833746,0.0,0.0,0.0,0.0,0.0,0.0,1152.4462,932.5026,-133.25667,2253.7854,1084.2721,-132.94969,3057.4707,1335.8297,-133.07379,0 days 00:01:20.257334001,0 days 00:01:20.277334001
0 days 00:00:00.600000,0 days 00:00:00.620000,answer9,3.6997163,2.366817,4.5054603,0.11621774,-0.018537885,2.7048829,17.645508,-32.791355,3.7389781,0.48604116,0.0,0.0,0.0,0.0,0.0,0.0,1178.9043,964.41425,-201.0,2267.2058,1226.0175,-201.0,2991.7957,1463.4225,-201.0,0 days 00:01:20.267334001,0 days 00:01:20.287334001
0 days 00:00:00.610000,0 days 00:00:00.630000,answer9,3.557378,2.9667518,2.0716586,0.12330738,-0.014977037,2.5408475,16.943,-31.6726,4.704443,3.8467562,0.0,0.0,0.0,0.0,0.0,0.0,1187.8033,991.4253,-137.30159,2250.5437,1213.0658,-135.17986,3011.925,1463.3727,-140.21089,0 days 00:01:20.277334001,0 days 00:01:20.297334001
0 days 00:00:00.620000,0 days 00:00:00.640000,answer9,3.3251836,2.4373271,3.010601,0.12722369,-0.008861876,2.2959864,17.403376,-29.82514,2.4828205,7.447613,36.85013,0.0,0.0,-1.767161,10.471187,13.822021,1165.9669,994.7124,-73.965866,2196.6243,1274.8461,-69.022545,2917.884,1386.4225,-76.62413,0 days 00:01:20.287334001,0 days 00:01:20.307334001
0 days 00:00:00.630000,0 days 00:00:00.650000,answer9,3.281482,2.9981968,5.2081256,0.12665032,-0.005231513,2.6271503,18.323189,-29.570328,1.7256666,10.62605,36.586483,0.0,0.0,-5.4454017,11.8476515,13.197904,1155.3485,981.8201,-10.727073,2203.906,1191.5518,-4.826803,3000.5352,1378.932,-13.792015,0 days 00:01:20.297334001,0 days 00:01:20.317334001
0 days 00:00:00.640000,0 days 00:00:00.660000,answer9,3.260747,1.9368473,7.05804,0.13428946,-0.006846616,2.6927207,20.178045,-28.680449,-0.91338044,13.203841,35.76828,0.0,0.6083934,-5.5770926,11.138154,11.61102,1152.9338,964.283,-11.765419,2167.0247,1182.6359,-9.241727,2995.5686,1174.9811,-12.906489,0 days 00:01:20.307334001,0 days 00:01:20.327334001
0 days 00:00:00.650000,0 days 00:00:00.670000,answer9,3.1039279,0.4170989,9.055451,0.13724416,-0.012736477,2.7048304,22.376654,-25.279715,-0.79868907,12.910732,34.960968,0.0,0.6083934,-5.8570943,8.276952,11.970218,872.5344,1157.4587,-12.151701,1908.7592,1050.9802,-15.163261,2837.8718,1088.5135,-15.673917,0 days 00:01:20.317334001,0 days 00:01:20.337334001
0 days 00:00:00.660000,0 days 00:00:00.680000,answer9,2.8621054,0.3447739,8.4209,0.13218777,-0.011771583,2.3329926,23.60954,-23.285913,-1.9106513,17.084736,34.44197,0.0,0.6083934,-2.937764,4.956928,12.451879,860.06134,1227.0371,0.0,1889.1,1196.4137,-16.131317,2772.7805,1074.2167,-18.278143,0 days 00:01:20.327334001,0 days 00:01:20.347334001
0 days 00:00:00.670000,0 days 00:00:00.690000,answer9,2.5459952,-0.19327874,9.571589,0.12141629,-0.009677955,2.036228,25.477442,-20.658087,0.68087846,19.349531,34.485798,0.0,1.0639338,-6.0157433,5.4850793,11.143355,576.8059,1415.8716,-19.629555,1617.8422,1141.1046,-13.425883,2544.0098,1110.7411,-16.616243,0 days 00:01:20.337334001,0 days 00:01:20.357334001
0 days 00:00:00.680000,0 days 00:00:00.700000,answer9,2.318961,0.1565783,9.42072,0.09453648,-0.0049340404,1.7299194,25.595709,-19.52572,3.8553874,24.571936,33.29912,0.088597216,1.5194744,-6.1999683,1.9899546,11.162869,597.2874,1365.8939,0.0,1605.1715,1118.5582,-6.5095277,2520.2034,1078.7461,-10.248282,0 days 00:01:20.347334001,0 days 00:01:20.367334001
0 days 00:00:00.690000,0 days 00:00:00.710000,answer9,2.1120694,-1.7718072,10.284728,0.095239975,-0.0065288055,1.4701284,26.628843,-17.99698,4.938848,20.232908,32.391827,0.12714928,1.4557213,-5.2021637,-1.2006178,11.451392,287.6997,1483.8379,12.768902,1281.4236,921.23846,-4.821607,2289.5486,964.6067,-6.6090775,0 days 00:01:20.357334001,0 days 00:01:20.377334001
0 days 00:00:00.700000,0 days 00:00:00.720000,answer9,1.995886,-4.504434,12.482104,0.10760718,-0.009725318,1.4767036,26.959244,-15.16478,5.287924,15.580081,31.482473,0.16570134,0.9364278,-2.3606224,-5.2097054,13.7222395,298.6964,1382.6406,0.0,1293.5773,877.34863,-2.3476431,2276.2373,907.26166,-6.3399396,0 days 00:01:20.367334001,0 days 00:01:20.387334001
0 days 00:00:00.710000,0 days 00:00:00.730000,answer9,1.9692768,-6.705028,16.360197,0.12932333,-0.013387024,1.5616717,27.581343,-13.987586,-0.24565315,7.3906255,30.130533,0.20425339,0.41713426,-3.153801,-1.5709324,17.067263,275.1929,1390.7208,19.823498,1287.4341,893.7891,7.094506,2264.6921,913.2153,-2.2310944,0 days 00:01:20.377334001,0 days 00:01:20.397334001
0 days 00:00:00.720000,0 days 00:00:00.740000,answer9,1.9936053,-8.105422,17.817774,0.14229971,-0.016267179,1.4508835,27.368872,-12.796559,-3.192086,5.227167,28.44989,0.20425339,0.41713426,-3.945462,2.4388454,19.510014,276.87033,1413.1758,20.049013,1279.6339,953.00616,13.576652,2250.0518,906.4497,0.5390013,0 days 00:01:20.387334001,0 days 00:01:20.407334001
0 days 00:00:00.730000,0 days 00:00:00.750000,answer9,1.9377714,-6.1040797,18.4629,0.12406021,-0.0150208,1.6066202,26.55723,-13.132518,-7.9792504,2.752795,30.922892,0.22262053,0.8141415,-3.1418397,6.32304,17.743458,487.9287,1406.376,14.154244,1469.2308,1059.6893,8.707333,2446.8894,868.7312,-1.6350485,0 days 00:01:20.397334001,0 days 00:01:20.417334001
0 days 00:00:00.740000,0 days 00:00:00.760000,answer9,1.7771854,-5.922005,18.5195,0.13111798,-0.018154154,1.4439669,26.391962,-11.39545,-9.197057,1.9743501,35.039318,0.16782176,0.9076848,-1.0961685,7.0197616,13.908242,731.22705,1285.9564,-3.5967875,1735.1743,1112.6204,-6.531161,2651.8687,901.42456,-11.575409,0 days 00:01:20.407334001,0 days 00:01:20.427334001
0 days 00:00:00.750000,0 days 00:00:00.770000,answer9,1.532287,-5.8954577,17.78118,0.11664227,-0.017852262,1.4111322,26.40628,-10.622574,-7.011612,2.7519207,39.068325,0.11033574,1.7252935,1.1721349,8.198804,15.563365,1018.0137,1126.28,-16.802202,2036.3793,1050.749,-19.450674,2922.332,861.5052,-21.540628,0 days 00:01:20.417334001,0 days 00:01:20.437334001
0 days 00:00:00.760000,0 days 00:00:00.780000,answer9,1.3563466,-8.1882105,16.756462,0.111276805,-0.02093103,0.9963266,27.423761,-9.015321,-2.8838017,3.565183,38.89632,0.071414925,1.534537,3.4433641,9.158674,19.452364,815.36566,1137.4349,-18.619392,1839.5555,985.6208,-21.416483,2723.6514,884.25714,-25.1613,0 days 00:01:20.427334001,0 days 00:01:20.447334001
0 days 00:00:00.770000,0 days 00:00:00.790000,answer9,1.26509,-9.852263,16.60452,0.1138559,-0.022367455,0.770804,27.732132,-7.54901,0.6790262,3.468675,38.669254,0.07996503,2.2175388,5.264485,8.520954,21.459585,603.0232,1205.4716,0.0,1585.066,949.73724,-24.718538,2501.8535,826.56793,-28.699614,0 days 00:01:20.437334001,0 days 00:01:20.457334001
0 days 00:00:00.780000,0 days 00:00:00.800000,answer9,1.1715555,-12.135547,19.667387,0.113430776,-0.02300329,0.66587573,28.476889,-4.4656253,0.6020252,3.1566112,38.114773,0.09728411,1.4604646,6.449335,4.8952575,15.7411,344.23013,1370.2865,0.0,1308.6556,1056.9587,-25.352915,2237.1506,919.2165,-27.934855,0 days 00:01:20.447334001,0 days 00:01:20.467334001
0 days 00:00:00.790000,0 days 00:00:00.810000,answer9,1.0521885,-14.074558,24.346117,0.111388065,-0.024097806,0.53144807,28.579702,-1.9959968,2.0042489,3.1525393,33.513657,0.077670835,1.314748,6.099028,7.2858033,19.106373,323.97726,1486.1226,0.0,1317.2161,1161.2325,-22.069761,2215.029,1056.7838,-23.015173,0 days 00:01:20.457334001,0 days 00:01:20.477334001
0 days 00:00:00.800000,0 days 00:00:00.820000,answer9,0.8900883,-16.136545,27.041702,0.07713372,-0.018249312,0.53252333,28.58137,1.2550572,5.9384522,8.23666,28.888475,0.21539845,0.80970174,4.886936,10.044453,24.649302,289.10663,1577.2152,8.897122,1320.2189,1170.6171,-17.772024,2245.9553,1077.8257,-19.843782,0 days 00:01:20.467334001,0 days 00:01:20.487334001
0 days 00:00:00.810000,0 days 00:00:00.830000,answer9,0.76973563,-18.03337,29.88774,0.06188791,-0.0162143,0.4101571,27.65,5.1233406,10.235836,9.726069,24.743582,0.2062921,1.3354717,2.538139,13.307129,30.084265,631.9185,1430.6786,2.1766627,1721.2516,1296.6783,-13.98239,2461.5286,1137.5848,-15.928054,0 days 00:01:20.477334001,0 days 00:01:20.497334001
0 days 00:00:00.820000,0 days 00:00:00.840000,answer9,0.66304845,-19.20761,29.3556,0.051745523,-0.016115235,0.36825204,25.774256,9.436372,13.975001,14.285146,21.148008,0.19718571,1.8612419,-0.91072226,5.2756863,22.185944,640.6279,1297.2904,5.373219,1730.9619,1125.1624,-9.52089,2510.795,971.81226,-10.340026,0 days 00:01:20.487334001,0 days 00:01:20.507334001
0 days 00:00:00.830000,0 days 00:00:00.850000,answer9,0.6080277,-15.897514,26.005102,0.072020836,-0.02044042,0.44606146,24.506683,7.153772,13.016099,14.159255,18.134378,0.056433424,2.1760478,-4.7984986,0.68279934,16.585463,683.24243,1161.4977,-66.744606,1738.2906,1040.7377,-71.87235,2517.3938,926.11597,-71.32888,0 days 00:01:20.497334001,0 days 00:01:20.517334001
0 days 00:00:00.840000,0 days 00:00:00.860000,answer9,0.5798914,-12.367104,19.98163,0.09557239,-0.024951562,0.42142424,22.148582,5.6999416,12.3776245,13.690876,16.765646,0.056433424,2.1760478,-6.274629,0.0,0.0,355.0963,1157.306,-60.509506,1343.8951,751.1004,-68.36564,2327.4265,718.74835,-66.12943,0 days 00:01:20.507334001,0 days 00:01:20.527334001
0 days 00:00:00.850000,0 days 00:00:00.870000,answer9,0.59289914,-8.477811,15.233487,0.10513991,-0.021350732,0.38386455,21.214298,0.7191492,10.601758,12.323735,17.483362,0.056433424,2.1760478,-5.932388,-1.7048383,8.998535,358.5327,1184.1798,-54.618835,1331.7322,774.78467,-66.48166,2307.6643,737.5817,-62.18691,0 days 00:01:20.517334001,0 days 00:01:20.537334001
0 days 00:00:00.860000,0 days 00:00:00.880000,answer9,0.6677081,-8.186851,12.4998045,0.09623268,-0.018161329,0.2533485,20.516157,-0.3608439,9.862015,12.336708,17.728949,0.056433424,2.1760478,-5.3630166,-0.7305479,10.501365,346.17587,1183.3428,23.474945,1330.6392,753.68085,5.083442,2295.4502,705.501,10.930386,0 days 00:01:20.527334001,0 days 00:01:20.547334001
0 days 00:00:00.870000,0 days 00:00:00.890000,answer9,0.7347841,-8.159953,11.699928,0.08369299,-0.017394142,0.30425063,20.194263,-0.8714161,10.971093,13.461945,16.345093,0.17105532,1.8144094,-6.5804944,1.3511423,12.757111,321.12686,1239.7474,31.740252,1320.5923,763.47015,12.863766,2278.367,712.2243,17.711063,0 days 00:01:20.537334001,0 days 00:01:20.557334001
0 days 00:00:00.880000,0 days 00:00:00.900000,answer9,0.8074958,-8.940486,12.050599,0.07553667,-0.017970799,0.38262025,20.052889,0.8666745,15.239349,15.606922,17.114992,0.2856772,1.4527711,-6.115584,6.2233014,15.824391,254.55719,1327.0198,26.845968,1325.7192,763.659,8.850298,2263.9424,736.4565,11.9448,0 days 00:01:20.547334001,0 days 00:01:20.567334001
0 days 00:00:00.890000,0 days 00:00:00.910000,answer9,0.9009251,-10.612849,14.790642,0.07842884,-0.019728655,0.63580245,21.506218,3.0578053,21.164637,18.236761,17.864042,0.40029907,1.0911325,-4.3684816,7.950435,16.9914,263.8809,1286.6378,20.405348,1339.7721,749.01685,2.9608142,2258.6316,749.5928,5.2243047,0 days 00:01:20.557334001,0 days 00:01:20.577334001
0 days 00:00:00.900000,0 days 00:00:00.920000,answer9,1.007452,-10.757428,15.615826,0.07800706,-0.012662119,0.7314591,22.794634,1.894817,23.69364,20.64398,18.548986,0.40029907,1.0911325,-2.180953,8.845376,16.850313,290.42273,1200.9749,14.31286,1355.3175,726.8909,-4.284101,2259.3743,748.69464,-1.7114816,0 days 00:01:20.567334001,0 days 00:01:20.587334001
0 days 00:00:00.910000,0 days 00:00:00.930000,answer9,1.073894,-11.827544,17.369059,0.077823214,-0.013037781,0.84392434,24.799627,1.8649956,20.46846,19.681206,18.52434,0.40029907,1.0911325,-1.6306261,6.399433,17.00804,368.15,1026.2253,13.959483,1366.3779,673.04095,-3.9731529,2277.924,706.7137,-1.8095988,0 days 00:01:20.577334001,0 days 00:01:20.597334001
0 days 00:00:00.920000,0 days 00:00:00.940000,answer9,1.0782545,-12.249246,17.285395,0.07694155,-0.012731818,0.816672,24.414835,2.44314,20.295822,16.51812,27.651133,0.8000997,1.5644332,0.39196166,3.857188,20.984152,315.85043,1306.5049,6.996365,1357.6517,856.41437,-20.388212,2272.9954,893.6228,-16.710264,0 days 00:01:20.587334001,0 days 00:01:20.607334001
0 days 00:00:00.930000,0 days 00:00:00.950000,answer9,1.0644473,-12.902927,19.35071,0.100138485,-0.011141975,0.7377519,24.762133,3.8939602,20.390856,17.022734,29.782755,0.67623645,1.6016992,3.5454035,7.717581,23.573174,253.90303,1434.4474,1.4542925,1379.9777,880.718,-23.996859,2408.0264,896.92645,-22.551529,0 days 00:01:20.597334001,0 days 00:01:20.617334001
0 days 00:00:00.940000,0 days 00:00:00.960000,answer9,1.099101,-13.517179,19.415451,0.09935728,-0.009208709,0.8215645,24.903046,4.7888284,23.661634,17.31264,29.641495,0.35247287,1.4023148,4.4719143,4.566721,21.904404,171.2487,1578.8446,0.0,1391.0538,871.396,-22.407286,2533.013,852.06903,-21.436346,0 days 00:01:20.607334001,0 days 00:01:20.627334001
0 days 00:00:00.950000,0 days 00:00:01,answer9,1.1594511,-14.201375,19.832397,0.101965636,-0.01166891,0.7210153,26.597115,5.971014,23.109245,14.450607,29.587664,0.028709292,1.2029302,4.767319,3.4137466,20.03245,99.51145,1723.2421,0.0,1382.1808,883.50946,-21.601778,2667.2532,773.1442,-19.876102,0 days 00:01:20.617334001,0 days 00:01:20.667334001
0 days 00:00:00,0 days 00:00:00.020000,answer10,0.6747484,-1.5763453,9.692626,0.02768918,-0.010475215,0.06892984,0.73942924,7.4900527,-1.6087419,1.1026407,0.0,0.0,0.0,0.0,0.0,0.0,433.94864,1151.0692,-201.0,1553.6774,1281.4287,-201.0,2258.1582,1009.7553,-201.0,0 days 00:01:31.133466800,0 days 00:01:31.153466800
0 days 00:00:00.010000,0 days 00:00:00.030000,answer10,0.65766984,-1.3008765,8.359721,0.04255257,-0.011472866,0.11382384,-0.77704746,9.678571,1.2481657,-0.1433206,0.0,0.0,0.0,0.0,0.0,0.0,363.78195,1226.3412,-201.0,1497.4452,972.4211,-201.0,2295.451,852.10724,-201.0,0 days 00:01:31.143466800,0 days 00:01:31.163466800
0 days 00:00:00.020000,0 days 00:00:00.040000,answer10,0.6423788,0.47844705,4.8919444,0.057560895,-0.010307254,0.16598749,-3.1766798,9.404836,0.9454383,0.77222043,0.0,0.0,0.0,0.0,0.0,0.0,319.08582,1284.901,-201.0,1395.6738,702.7994,-201.0,2361.8154,722.8432,-201.0,0 days 00:01:31.153466800,0 days 00:01:31.173466800
0 days 00:00:00.030000,0 days 00:00:00.050000,answer10,0.6337204,1.3772737,3.5540473,0.044342984,-0.004550462,0.14029412,-4.7850533,9.917667,0.42285767,4.0945773,0.0,0.0,0.0,0.0,0.0,0.0,504.25076,1583.5768,-201.0,1231.6915,949.6108,-201.0,2244.4128,793.4952,-201.0,0 days 00:01:31.163466800,0 days 00:01:31.183466800
0 days 00:00:00.040000,0 days 00:00:00.060000,answer10,0.6347651,2.8578541,1.5685383,0.027635626,0.000110190886,0.13716692,-5.612596,6.154348,-1.2361711,3.9020424,0.0,0.0,0.0,0.0,0.0,0.0,556.82837,1525.1158,-201.0,1234.4889,1069.1599,-201.0,2277.876,864.5153,-201.0,0 days 00:01:31.173466800,0 days 00:01:31.193466800
0 days 00:00:00.050000,0 days 00:00:00.070000,answer10,0.65572405,4.469336,0.25925884,0.02582483,0.0043585845,0.13680953,-8.477994,5.582054,1.2025399,4.0546875,0.0,0.0,0.0,0.0,0.0,0.0,623.06006,1377.2466,-201.0,1269.725,1156.9708,-201.0,2232.964,901.5396,-201.0,0 days 00:01:31.183466800,0 days 00:01:31.203466800
0 days 00:00:00.060000,0 days 00:00:00.080000,answer10,0.64473337,3.6299894,0.43819714,0.041175384,0.0025666822,0.14415081,-7.3759704,6.1619353,2.0917447,1.1800525,0.0,0.0,0.0,0.0,0.0,0.0,754.35156,858.7194,-201.0,1689.2064,784.73126,-201.0,2694.0042,777.49805,-201.0,0 days 00:01:31.193466800,0 days 00:01:31.213466800
0 days 00:00:00.070000,0 days 00:00:00.090000,answer10,0.6293471,4.384234,-1.0544122,0.058389083,0.0062256493,0.14620733,-9.029417,6.0155067,-1.5680317,1.306337,0.0,0.0,0.0,0.0,0.0,0.0,918.9688,911.33856,-201.0,1931.3109,804.46515,-201.0,2937.502,722.9537,-201.0,0 days 00:01:31.203466800,0 days 00:01:31.223466800
0 days 00:00:00.080000,0 days 00:00:00.100000,answer10,0.5762478,2.3995552,0.6779296,0.062359888,-0.0009617216,0.12630811,-6.9232593,7.453037,-3.3918793,-0.76812285,0.0,0.0,0.0,0.0,0.0,0.0,1162.276,892.30634,-201.0,2226.9497,859.0506,-201.0,3255.6199,634.1523,-201.0,0 days 00:01:31.213466800,0 days 00:01:31.233466800
0 days 00:00:00.090000,0 days 00:00:00.110000,answer10,0.546861,2.3200653,2.206858,0.05020443,-0.0038666946,0.11459119,-7.003136,7.1550536,-5.488543,-1.8187609,0.0,0.0,0.0,0.0,0.0,0.0,918.6645,996.2708,-201.0,2008.7787,934.84186,-201.0,3000.9075,672.0424,-201.0,0 days 00:01:31.223466800,0 days 00:01:31.243466800
0 days 00:00:00.100000,0 days 00:00:00.120000,answer10,0.51046276,0.21690285,5.1736526,0.048501913,-0.012486023,0.10856161,-4.106398,10.159953,-0.97391826,0.88609695,0.0,0.0,0.0,0.0,0.0,0.0,707.7448,1013.4072,-201.0,1752.994,804.73627,-201.0,2759.6755,776.6402,-201.0,0 days 00:01:31.233466800,0 days 00:01:31.253466800
0 days 00:00:00.110000,0 days 00:00:00.130000,answer10,0.47501048,-1.1282026,6.4168224,0.03893367,-0.012005719,0.10120821,-1.5449277,11.011959,-0.7018562,0.7462639,0.0,0.0,0.0,0.0,0.0,0.0,393.77707,1155.4728,-201.0,1466.0712,662.17596,-201.0,2488.0881,842.3121,-201.0,0 days 00:01:31.243466800,0 days 00:01:31.263466800
0 days 00:00:00.120000,0 days 00:00:00.140000,answer10,0.4408222,-0.9532266,6.257809,0.03798396,-0.0077789216,0.09187609,-0.4143014,9.946648,0.50404936,3.5179834,0.0,0.0,0.0,0.0,0.0,0.0,403.95264,1133.4136,-201.0,1419.7047,645.45,-201.0,2487.0261,718.48,-201.0,0 days 00:01:31.253466800,0 days 00:01:31.273466800
0 days 00:00:00.130000,0 days 00:00:00.150000,answer10,0.5972559,-0.08289746,9.846723,0.047943503,-0.0030377961,0.27037394,3.5022242,4.9112797,-10.084294,-4.654772,0.0,0.0,0.0,0.0,0.0,0.0,627.78937,1018.16144,-201.0,1697.7086,695.3068,-201.0,2774.4417,513.85785,-201.0,0 days 00:01:31.263466800,0 days 00:01:31.283466800
0 days 00:00:00.140000,0 days 00:00:00.160000,answer10,0.84614205,1.7349445,12.542046,0.053765807,0.005204827,0.3802217,5.7504387,2.6562822,-17.443993,-7.293695,0.0,0.0,0.0,0.0,0.0,0.0,841.4681,1009.4289,-201.0,2015.0826,906.02765,-201.0,2999.9912,391.08658,-201.0,0 days 00:01:31.273466800,0 days 00:01:31.293466800
0 days 00:00:00.150000,0 days 00:00:00.170000,answer10,1.0149738,1.7876817,13.11066,0.059313998,0.005155829,0.56086904,5.768221,2.080074,-21.117392,-13.529564,0.0,0.0,0.0,0.0,0.0,0.0,851.6901,1028.0718,-201.0,1969.9868,1222.4702,-201.0,2932.3027,335.81125,-201.0,0 days 00:01:31.283466800,0 days 00:01:31.303466800
0 days 00:00:00.160000,0 days 00:00:00.180000,answer10,1.0548208,3.703785,12.387875,0.03792762,0.009275425,0.5358055,0.47354016,2.9137404,-20.773943,-12.545994,0.0,0.0,0.0,0.0,0.0,0.0,644.95135,1021.5337,-201.0,1631.5479,1318.285,-201.0,2686.5574,262.03552,-201.0,0 days 00:01:31.293466800,0 days 00:01:31.313466800
0 days 00:00:00.170000,0 days 00:00:00.190000,answer10,0.97482735,4.674031,11.652415,0.039802484,0.008327057,0.54878455,-2.2098749,2.025376,-20.269026,-14.30441,0.0,0.0,0.0,0.0,0.0,0.0,644.46844,1006.3453,-201.0,1650.8246,916.659,-201.0,2781.205,426.24747,-201.0,0 days 00:01:31.303466800,0 days 00:01:31.323466800
0 days 00:00:00.180000,0 days 00:00:00.200000,answer10,0.96912855,5.4936147,10.103926,0.039080303,0.004436169,0.43366173,-2.3976786,1.8383182,-21.548418,-16.12826,0.0,0.0,0.0,0.0,0.0,0.0,819.95435,936.0257,-135.51833,2034.8638,397.5992,-140.43314,3135.1301,611.5362,-139.02135,0 days 00:01:31.313466800,0 days 00:01:31.333466800
0 days 00:00:00.190000,0 days 00:00:00.210000,answer10,0.90136504,4.4970126,7.515096,0.042487606,0.0003116304,0.3301264,-0.44128224,2.0513716,-19.44565,-20.927137,35.35123,0.0,0.0,-3.142443,-0.5325843,13.444267,746.81415,1077.6224,-102.77747,1990.9042,385.8912,-77.98837,3105.4915,638.86536,-78.62835,0 days 00:01:31.323466800,0 days 00:01:31.343466800
0 days 00:00:00.200000,0 days 00:00:00.220000,answer10,0.7986047,1.7295194,6.306097,0.047515284,-0.0041146684,0.31409124,2.12454,1.7404714,-17.02877,-22.922613,34.839733,0.0,0.0,-2.182528,-4.281013,10.935418,750.81854,1122.1786,0.0,2014.7977,550.0066,-17.29239,3006.674,745.1662,-17.932365,0 days 00:01:31.333466800,0 days 00:01:31.353466800
0 days 00:00:00.210000,0 days 00:00:00.230000,answer10,0.82394296,-0.827995,9.803253,0.05680872,-0.00448537,0.399297,7.004338,-1.5487156,-16.288713,-14.9830675,34.022697,0.0,0.0,-0.7791464,-8.190635,10.398959,446.56027,1661.3458,-6.189846,1610.6582,1429.6305,-11.535732,2379.652,920.74634,-19.255768,0 days 00:01:31.343466800,0 days 00:01:31.363466800
0 days 00:00:00.220000,0 days 00:00:00.240000,answer10,1.1585257,-6.2762475,14.99224,0.0833635,-0.018268926,1.0876032,14.788394,-1.6608003,-16.877794,-12.29588,33.39817,0.0,0.0,-0.043531757,-10.3285265,9.111395,527.7124,1706.8033,0.0,1653.0582,1589.5238,-8.650083,2275.3245,1321.3813,-18.606066,0 days 00:01:31.353466800,0 days 00:01:31.373466800
0 days 00:00:00.230000,0 days 00:00:00.250000,answer10,1.712612,-11.222019,20.997793,0.07881179,-0.034673646,2.1028259,20.793451,-4.3323407,-17.530329,-19.620445,32.7984,0.0,0.0,-1.1194524,-8.880408,12.544182,283.78314,1847.0675,-5.0290265,1165.752,1810.7378,-2.098306,2042.9559,1084.2854,-18.929352,0 days 00:01:31.363466800,0 days 00:01:31.383466800
0 days 00:00:00.240000,0 days 00:00:00.260000,answer10,2.1399577,-14.344879,25.23995,0.07021121,-0.04371293,2.8910143,25.300924,-3.8607922,-18.326311,-31.767479,31.941767,0.0,0.0,-1.7497159,-8.188612,12.260098,375.70947,1450.4774,-3.6257722,1186.5388,1287.2301,-2.4372966,2396.7266,875.27637,-15.885869,0 days 00:01:31.373466800,0 days 00:01:31.393466800
0 days 00:00:00.250000,0 days 00:00:00.270000,answer10,2.248208,-14.6768675,25.662376,0.063672386,-0.0465814,3.1817605,25.35013,-7.553858,-15.457084,-35.8699,34.0928,0.0,1.4189407,-1.9665184,-7.4776998,13.240878,329.60596,1496.328,-2.2425456,1173.9757,1259.9294,-3.0132446,2449.0999,777.7492,-15.86065,0 days 00:01:31.383466800,0 days 00:01:31.403466800
0 days 00:00:00.260000,0 days 00:00:00.280000,answer10,2.1925724,-12.708533,25.5729,0.07343013,-0.040805858,2.7748287,23.818521,-9.874129,-15.414452,-29.484,36.53139,0.30458927,1.2917119,-0.7059274,-7.2571864,12.49091,368.63065,1336.2484,0.0,1327.8829,1175.2622,-7.97724,2472.3,1531.4712,-16.70913,0 days 00:01:31.393466800,0 days 00:01:31.413466800
0 days 00:00:00.270000,0 days 00:00:00.290000,answer10,2.144862,-11.915429,24.377373,0.09116092,-0.040539213,2.4599397,22.864798,-12.67138,-15.823438,-25.900034,39.679585,0.21672668,1.2929639,0.47141102,-5.1731668,12.8411255,408.59595,1367.3805,0.0,1440.1884,2000.2455,-13.673955,2172.8848,1710.0869,-20.120037,0 days 00:01:31.403466800,0 days 00:01:31.423466800
0 days 00:00:00.280000,0 days 00:00:00.300000,answer10,2.145956,-9.066612,23.018412,0.08840701,-0.030189222,2.0107262,21.189478,-13.687012,-14.918471,-22.646751,40.163315,0.1288641,1.5486733,2.813692,-3.690852,10.9853945,460.00632,1229.7736,-10.001333,1493.9174,1901.5444,-13.392693,2238.709,1623.6664,-20.021318,0 days 00:01:31.413466800,0 days 00:01:31.433466800
0 days 00:00:00.290000,0 days 00:00:00.310000,answer10,2.2011545,-5.839514,19.952799,0.073816895,-0.024808908,1.9387335,21.439692,-14.82602,-12.497682,-23.359308,40.706455,0.04100151,1.8043828,5.4183593,-2.567777,9.501157,618.905,1191.148,0.0,1660.0951,1873.0189,-13.858895,2392.3347,1021.10675,-18.47429,0 days 00:01:31.423466800,0 days 00:01:31.443466800
0 days 00:00:00.300000,0 days 00:00:00.320000,answer10,2.341791,-3.463843,17.197718,0.06163798,-0.018142855,1.8899294,21.010391,-17.507978,-9.834571,-22.830564,40.93848,0.040710714,1.7020974,7.949383,-3.0168438,9.074758,764.0781,1065.5587,-4.969418,1799.2125,969.854,-12.038139,2801.1064,876.1938,-17.308453,0 days 00:01:31.433466800,0 days 00:01:31.453466800
0 days 00:00:00.310000,0 days 00:00:00.330000,answer10,2.4842207,-3.6177833,15.039918,0.07460606,-0.019203417,1.720771,21.529501,-21.363054,-10.716892,-22.236168,41.020084,0.031988207,1.5983528,9.996991,-2.2589223,12.407123,936.9902,1087.8162,-5.5207353,2013.8304,907.1342,-15.248368,2971.0303,819.3006,-20.18678,0 days 00:01:31.443466800,0 days 00:01:31.463466800
0 days 00:00:00.320000,0 days 00:00:00.340000,answer10,2.5531743,-5.0825377,13.705544,0.092206724,-0.014891037,1.3470434,21.147066,-24.321692,-11.473035,-21.003876,41.050686,0.022131411,1.2239844,10.854947,-0.6562455,15.923152,976.76855,1165.4413,-6.7896285,2024.6104,855.36395,-15.782865,3019.3884,712.7749,-23.369026,0 days 00:01:31.453466800,0 days 00:01:31.473466800
0 days 00:00:00.330000,0 days 00:00:00.350000,answer10,2.3924112,-7.9283047,13.909266,0.10036103,-0.019940736,1.1163002,21.20668,-21.938845,-10.193427,-19.888105,41.0333,0.010161436,1.1294736,10.057598,0.42351595,17.606781,965.5451,1210.8706,-8.234658,2019.0189,797.43335,-17.341583,3017.6272,662.0156,-25.417923,0 days 00:01:31.463466800,0 days 00:01:31.483466800
0 days 00:00:00.340000,0 days 00:00:00.360000,answer10,2.167265,-9.624123,15.492969,0.091913365,-0.019726735,1.0073318,22.552454,-18.338385,-10.083687,-17.889849,40.881256,0.0074322745,0.79643613,8.237641,-0.9908593,19.472551,974.28516,1194.2638,-8.591342,2021.1649,792.11035,-22.8598,2990.826,657.9179,-29.054754,0 days 00:01:31.473466800,0 days 00:01:31.493466800
0 days 00:00:00.350000,0 days 00:00:00.370000,answer10,1.7911838,-11.741183,18.439098,0.09667326,-0.02551862,1.2790809,25.078455,-11.543835,-9.41322,-12.079598,40.842583,0.0049899085,0.9046137,6.9852195,-5.42782,19.783768,957.3408,1175.4972,-6.8203254,2001.3203,867.3798,-24.838516,2950.4875,756.64923,-32.03191,0 days 00:01:31.483466800,0 days 00:01:31.503466800
0 days 00:00:00.360000,0 days 00:00:00.380000,answer10,1.4352232,-12.870006,22.094656,0.09797599,-0.027072102,1.196072,26.548258,-7.6144047,-11.212704,-9.14209,40.837215,0.0113984635,1.0496954,6.408358,-9.461054,19.52104,948.3116,1124.4766,-3.8598015,1967.7314,895.99316,-24.75348,2931.3855,738.97144,-32.841892,0 days 00:01:31.493466800,0 days 00:01:31.513466800
0 days 00:00:00.370000,0 days 00:00:00.390000,answer10,1.0558578,-13.270946,23.64086,0.08824298,-0.027510919,1.1499168,25.487051,-3.6444683,-13.95139,-7.35524,40.604824,0.017412454,1.5363522,4.920756,-1.6579844,17.24373,938.04395,1152.0245,-6.204408,2008.1959,891.43304,-19.99597,3048.652,769.481,-28.504662,0 days 00:01:31.503466800,0 days 00:01:31.523466800
0 days 00:00:00.380000,0 days 00:00:00.400000,answer10,0.821976,-13.542285,24.338882,0.058805864,-0.026155913,0.65756005,22.941057,-0.7022125,-17.43408,-8.246051,40.251484,0.021586796,1.7819414,3.8073342,6.8631454,17.398897,909.4941,1136.0767,-10.628822,2043.1263,835.1045,-17.206926,3157.8796,716.56085,-24.563112,0 days 00:01:31.513466800,0 days 00:01:31.533466800
0 days 00:00:00.390000,0 days 00:00:00.410000,answer10,0.7760765,-10.555527,20.323755,0.048281867,-0.020072514,0.48068473,19.858934,-2.0285463,-17.162569,-8.619411,39.840702,0.018764706,1.4196256,4.039026,17.727629,17.76821,692.74805,1456.2261,-15.682081,1764.9945,1053.5566,-17.535168,2895.032,792.7015,-20.993164,0 days 00:01:31.523466800,0 days 00:01:31.543466800
0 days 00:00:00.400000,0 days 00:00:00.420000,answer10,0.87566286,-8.944036,14.682671,0.055385154,-0.017620767,0.43141374,19.643667,-1.91826,-9.361296,-7.361445,39.623657,0.012861922,1.0263075,6.375319,19.73237,21.80522,670.7658,1375.8458,0.0,1671.744,968.0324,-18.083555,2810.953,712.39044,-21.969452,0 days 00:01:31.533466800,0 days 00:01:31.553466800
0 days 00:00:00.410000,0 days 00:00:00.430000,answer10,1.2892418,-7.5850244,10.621793,0.084350556,-0.023326064,1.1975018,19.899862,-6.609738,2.888895,-10.840732,39.317295,0.04468717,2.1075854,8.526928,22.337503,23.622818,500.20142,1413.6029,-21.754915,1525.1796,1149.5146,-21.504732,2340.6006,814.33026,-20.497236,0 days 00:01:31.543466800,0 days 00:01:31.563466800
0 days 00:00:00.420000,0 days 00:00:00.440000,answer10,1.7246599,-9.352308,10.636025,0.09239694,-0.030453319,1.7150391,21.36084,-7.861571,12.988998,-17.218645,38.950474,0.04971226,2.630736,9.656632,20.958826,24.78604,561.6543,1097.6685,0.0,1741.3302,921.26373,-22.806025,2340.6052,999.4287,-18.350729,0 days 00:01:31.553466800,0 days 00:01:31.573466800
0 days 00:00:00.430000,0 days 00:00:00.450000,answer10,2.2218883,-10.13997,12.420785,0.10010729,-0.039030194,2.2043102,21.195452,-11.031102,18.83309,-24.295616,38.641296,0.053065907,2.672105,10.019561,17.13392,22.644651,394.02872,1114.4951,0.0,1721.7233,979.7507,-23.824158,1953.607,1319.3949,-13.956389,0 days 00:01:31.563466800,0 days 00:01:31.583466800
0 days 00:00:00.440000,0 days 00:00:00.460000,answer10,2.4325788,-11.531268,13.788089,0.11445862,-0.04281148,2.1170065,21.630945,-11.948728,17.428455,-31.583511,38.348152,0.018626275,1.426989,9.595473,13.249844,24.314528,389.9491,1145.7097,0.0,1730.3387,1382.1768,-23.638351,1945.443,1188.3483,-15.423976,0 days 00:01:31.573466800,0 days 00:01:31.593466800
0 days 00:00:00.450000,0 days 00:00:00.470000,answer10,2.465872,-13.06018,15.962012,0.12279334,-0.047922354,2.1980116,21.512777,-9.881986,15.257131,-38.23268,38.02361,0.01127907,0.8689115,8.084009,9.418784,26.249054,537.53,1264.9064,0.0,1850.0553,1253.054,-21.913338,2296.126,928.10187,-19.839142,0 days 00:01:31.583466800,0 days 00:01:31.603466800
0 days 00:00:00.460000,0 days 00:00:00.480000,answer10,2.2652075,-14.46564,17.613295,0.12095364,-0.05225828,2.1261375,21.114296,-6.1832147,14.544461,-42.53968,37.641693,0.009327276,1.0079346,5.6586685,5.6573033,23.989252,599.29834,1453.7059,-3.058834,1902.6866,1173.7689,-19.526632,2678.577,656.41095,-21.732885,0 days 00:01:31.593466800,0 days 00:01:31.613466800
0 days 00:00:00.470000,0 days 00:00:00.490000,answer10,1.9209322,-13.456529,16.938768,0.099310406,-0.05169335,2.2331383,19.500494,-3.1529052,15.240265,-42.06451,36.76721,0.010127873,1.029323,2.0122592,3.6606197,14.624901,642.7363,1409.3278,-4.8880954,1742.3417,1387.8701,-17.192842,2709.611,596.6741,-17.716467,0 days 00:01:31.603466800,0 days 00:01:31.623466800
0 days 00:00:00.480000,0 days 00:00:00.500000,answer10,1.6007701,-10.17503,13.268167,0.09526694,-0.04669101,1.8173126,17.553446,-3.4483242,16.796944,-31.917694,36.32665,0.011185693,1.3152285,0.21004438,2.7961366,10.177401,515.35284,1331.8091,-70.8276,1666.6748,1483.5145,-77.92321,2282.2356,1212.3068,-77.61253,0 days 00:01:31.613466800,0 days 00:01:31.633466800
0 days 00:00:00.490000,0 days 00:00:00.510000,answer10,1.4156914,-7.249237,9.907973,0.09182263,-0.040178757,1.4455894,16.314466,-7.24766,13.857193,-23.630255,0.0,0.0,0.0,0.0,0.0,0.0,461.8087,1149.5629,-136.84888,1494.0167,1627.9437,-139.80818,2012.3184,1289.0455,-138.12556,0 days 00:01:31.623466800,0 days 00:01:31.643466800
0 days 00:00:00.500000,0 days 00:00:00.520000,answer10,1.4263221,-4.9385896,6.957667,0.09213837,-0.035637844,0.80624145,14.788005,-9.933544,11.220931,-16.965038,0.0,0.0,0.0,0.0,0.0,0.0,426.66455,1146.7277,-201.0,1575.5865,882.82404,-201.0,2110.8455,1498.829,-201.0,0 days 00:01:31.633466800,0 days 00:01:31.653466800
0 days 00:00:00.510000,0 days 00:00:00.530000,answer10,1.5323343,-1.2546958,4.2865443,0.08255349,-0.025284903,0.7949648,11.411136,-14.642395,7.83514,-15.406436,0.0,0.0,0.0,0.0,0.0,0.0,428.55386,1054.8263,-201.0,1497.5273,932.4106,-201.0,2281.0898,1206.9668,-201.0,0 days 00:01:31.643466800,0 days 00:01:31.663466800
0 days 00:00:00.520000,0 days 00:00:00.540000,answer10,1.616815,2.192516,5.0895104,0.080627404,-0.012493453,0.77037287,9.195274,-17.341326,5.4993834,-12.080508,0.0,0.0,0.0,0.0,0.0,0.0,445.1399,979.928,-135.44955,1487.9521,910.7132,-132.36302,2336.452,1223.4575,-134.34071,0 days 00:01:31.653466800,0 days 00:01:31.673466800
0 days 00:00:00.530000,0 days 00:00:00.550000,answer10,1.6054411,5.6562557,4.847183,0.076180674,0.0023094139,0.78284854,6.6751213,-21.989923,3.733533,-9.538932,32.354507,0.0,0.0,-6.8872547,-0.03490758,-4.0716834,457.8888,786.278,-71.4562,1482.1476,840.17773,-65.68347,2404.1594,1044.0337,-69.34367,0 days 00:01:31.663466800,0 days 00:01:31.683466800
0 days 00:00:00.540000,0 days 00:00:00.560000,answer10,1.5833349,8.20258,5.185434,0.07855343,0.011313152,0.70461386,5.125601,-26.935232,2.7922986,-8.102878,32.53645,0.0,0.0,-6.151339,1.0415292,-3.672805,356.4424,717.39056,-6.684292,1435.9608,847.69745,-2.4330256,2424.0632,747.523,-5.291562,0 days 00:01:31.673466800,0 days 00:01:31.693466800
0 days 00:00:00.550000,0 days 00:00:00.570000,answer10,1.4892507,9.42196,5.0728087,0.07597757,0.014306091,0.6437308,3.404565,-28.723814,7.171203,-5.038824,32.847946,0.0,0.0,-3.9107296,3.3086357,-0.28847694,393.04858,626.12787,0.0,1444.4703,918.55975,-6.936905,2459.3838,702.73706,-10.721232,0 days 00:01:31.683466800,0 days 00:01:31.703466800
0 days 00:00:00.560000,0 days 00:00:00.580000,answer10,1.4727215,8.284332,5.4739547,0.06221618,0.013720959,0.61726594,3.8700974,-25.796135,12.228709,0.22857411,33.601185,0.0,0.0,-1.7326275,1.5614738,2.2359478,427.58994,654.9926,-12.030886,1429.147,877.46893,-12.052208,2460.3108,695.49097,-13.666104,0 days 00:01:31.693466800,0 days 00:01:31.713466800
0 days 00:00:00.570000,0 days 00:00:00.590000,answer10,1.4216533,4.6158147,8.526878,0.052864905,0.007778203,0.62333083,8.56369,-20.410355,14.101712,4.036717,34.170834,0.0,1.1134932,0.97533894,-0.69990426,6.001831,555.2424,694.84796,-9.380158,1448.1927,933.26483,-13.39772,2463.4949,790.91376,-16.081894,0 days 00:01:31.703466800,0 days 00:01:31.723466800
0 days 00:00:00.580000,0 days 00:00:00.600000,answer10,1.441131,0.6972747,10.995258,0.046533555,-0.003139506,0.7133276,12.623142,-16.17691,14.227038,-0.99322957,34.398045,0.0,0.9187848,2.5500543,-2.8981388,9.193062,508.67758,789.23285,-5.6888027,1451.018,718.5034,-17.068075,2466.992,718.3449,-17.246943,0 days 00:01:31.713466800,0 days 00:01:31.733466800
0 days 00:00:00.590000,0 days 00:00:00.610000,answer10,1.4438609,-2.5623317,14.788974,0.054060966,-0.011984524,0.73569185,17.879526,-15.246079,9.884644,-9.023694,33.968906,0.045682006,0.99031526,3.5670197,-1.1635085,13.507427,488.04922,945.8145,-5.0310516,1502.9032,823.9808,-20.119825,2532.1396,796.17096,-19.168924,0 days 00:01:31.723466800,0 days 00:01:31.743466800
0 days 00:00:00.600000,0 days 00:00:00.620000,answer10,1.5110979,-6.1390038,14.960285,0.060176563,-0.026971042,0.8015321,22.050407,-12.546546,8.479407,-14.940106,33.3213,0.04524359,1.0618459,3.9404943,0.40542206,19.66303,491.91153,1149.2726,-4.5600753,1591.5497,758.5842,-22.985443,2644.4788,729.7686,-23.284622,0 days 00:01:31.733466800,0 days 00:01:31.753466800
0 days 00:00:00.610000,0 days 00:00:00.630000,answer10,1.5401235,-8.772259,13.893844,0.073584355,-0.03221001,0.8751456,26.099989,-11.083623,8.286447,-18.324488,32.79289,0.04436676,1.3280848,4.27631,0.97880286,23.288622,510.1827,1287.7804,-2.7844677,1514.5367,2288.252,-25.81304,2397.541,791.83374,-25.09429,0 days 00:01:31.743466800,0 days 00:01:31.763466800
0 days 00:00:00.620000,0 days 00:00:00.640000,answer10,1.5127236,-10.722618,12.386688,0.09285805,-0.042853847,0.8588617,28.078773,-7.2590065,13.549674,-19.258873,32.212395,0.04436676,1.3280848,4.3270035,0.296034,22.797743,500.42502,1294.4706,-2.053423,1581.0312,2203.6138,-25.889135,2238.7854,1992.0665,-24.55513,0 days 00:01:31.753466800,0 days 00:01:31.773466800
0 days 00:00:00.630000,0 days 00:00:00.650000,answer10,1.3275409,-12.837657,13.67101,0.1112942,-0.04252757,0.8566193,29.130302,-1.5844837,19.735762,-16.062044,31.679556,0.04436676,1.3280848,3.758067,0.64703435,20.87544,460.56198,1240.6956,-3.3658257,1534.2296,2959.5137,-28.916883,1933.4867,1956.0267,-23.59423,0 days 00:01:31.763466800,0 days 00:01:31.783466800
0 days 00:00:00.640000,0 days 00:00:00.660000,answer10,1.0804133,-14.9971895,16.072893,0.10881632,-0.04396129,0.77051896,28.072031,6.9311924,15.208954,-7.5134587,31.333673,0.059730023,1.2266856,2.2416964,3.0853722,20.52606,473.83655,1321.0864,-7.3091636,1750.4492,1593.6241,-28.525713,2263.0867,2071.426,-24.749853,0 days 00:01:31.773466800,0 days 00:01:31.793466800
0 days 00:00:00.650000,0 days 00:00:00.670000,answer10,0.8326141,-16.66448,19.281462,0.09479711,-0.03556271,0.7245241,24.532251,16.15252,10.374037,4.7457137,31.202831,0.06741165,1.175986,1.3647397,4.803017,22.772745,460.28687,1407.3568,-73.43938,1768.5304,2289.8992,-86.96212,2159.8054,907.0654,-85.41919,0 days 00:01:31.783466800,0 days 00:01:31.803466800
0 days 00:00:00.660000,0 days 00:00:00.680000,answer10,0.6997774,-16.573687,20.237925,0.06423458,-0.03035275,0.5459485,18.145708,24.941298,0.564168,12.383235,0.0,0.0,0.0,0.0,0.0,0.0,437.75308,1586.9878,-138.23839,1603.5961,2114.473,-142.9737,2195.61,923.50146,-143.90071,0 days 00:01:31.793466800,0 days 00:01:31.813466800
0 days 00:00:00.670000,0 days 00:00:00.690000,answer10,0.6845518,-13.256939,17.999928,0.06720385,-0.025057564,0.3904681,8.279782,30.45785,-3.4735792,11.228877,0.0,0.0,0.0,0.0,0.0,0.0,346.7445,1504.078,-201.0,1515.334,2032.7012,-201.0,2023.1134,867.74066,-201.0,0 days 00:01:31.803466800,0 days 00:01:31.823466800
0 days 00:00:00.680000,0 days 00:00:00.700000,answer10,0.812953,-7.0138226,10.010655,0.058969524,-0.024810433,0.3265594,-0.39499474,30.721466,-8.867942,3.6968749,0.0,0.0,0.0,0.0,0.0,0.0,355.28854,1342.431,-201.0,1497.3721,1287.4354,-201.0,2149.3855,981.3527,-201.0,0 days 00:01:31.813466800,0 days 00:01:31.833466800
0 days 00:00:00.690000,0 days 00:00:00.710000,answer10,0.9907803,-0.8584928,3.307935,0.059957996,-0.020066293,0.3569354,-8.195672,28.795095,-4.367598,0.90023726,0.0,0.0,0.0,0.0,0.0,0.0,373.64578,1122.6478,-134.0699,1635.1787,454.92825,-144.42183,2285.9912,1131.4825,-139.4789,0 days 00:01:31.823466800,0 days 00:01:31.843466800
0 days 00:00:00.700000,0 days 00:00:00.720000,answer10,1.1301112,3.5763605,-2.1766546,0.036886822,-0.019549886,0.36192298,-12.133244,27.687506,5.510689,-2.9903991,32.594364,0.0,0.0,2.1269631,16.867144,18.86119,417.0747,974.7712,-66.58224,1584.3351,436.79117,-88.87545,2406.6687,991.14935,-79.156364,0 days 00:01:31.833466800,0 days 00:01:31.853466800
0 days 00:00:00.710000,0 days 00:00:00.730000,answer10,1.1005303,0.7188921,1.178667,0.05817026,-0.019767342,0.45060968,-9.595439,30.194275,16.385084,-3.772275,32.576427,0.0,0.0,3.721028,16.353779,19.827503,387.24707,979.1489,1.3205572,1565.5498,293.96115,-33.891567,2528.579,801.3474,-18.506947,0 days 00:01:31.843466800,0 days 00:01:31.863466800
0 days 00:00:00.720000,0 days 00:00:00.740000,answer10,0.99508476,-4.666735,7.5676284,0.07072809,-0.027147526,0.51844615,-2.725682,31.402063,23.474829,-9.874786,32.528034,0.0,0.0,5.980995,15.278897,21.13687,365.99268,898.2161,2.46365,1627.9825,293.793,-36.115337,2638.7595,632.85394,-18.67322,0 days 00:01:31.853466800,0 days 00:01:31.873466800
0 days 00:00:00.730000,0 days 00:00:00.750000,answer10,0.8878107,-12.846021,15.635597,0.0914684,-0.02902103,0.55905956,7.6885886,30.470251,28.184801,-8.380828,32.51113,0.0,1.1577398,5.2592063,14.390053,20.5744,362.84106,936.9995,2.5391452,1738.4897,99.58407,-35.51871,2722.114,664.7624,-18.035254,0 days 00:01:31.863466800,0 days 00:01:31.883466800
0 days 00:00:00.740000,0 days 00:00:00.760000,answer10,0.87276226,-16.479538,19.089193,0.0803383,-0.029534271,0.43541777,14.301417,27.244621,30.584679,-7.413782,32.469776,0.03122744,1.4343003,2.1563187,13.871402,23.207083,396.32748,1033.2589,1.4806024,1795.7736,153.92247,-35.88213,2828.49,687.75275,-21.72648,0 days 00:01:31.873466800,0 days 00:01:31.893466800
0 days 00:00:00.750000,0 days 00:00:00.770000,answer10,0.86914235,-18.128098,19.137678,0.08592098,-0.030816441,0.3339229,19.296791,23.668884,31.442133,-4.091545,31.850624,0.021383896,1.5292354,-1.2651452,12.084882,26.096046,414.5023,1125.5635,-4.937586,1832.5186,241.06627,-36.468204,2929.4004,741.21533,-28.083414,0 days 00:01:31.883466800,0 days 00:01:31.903466800
0 days 00:00:00.760000,0 days 00:00:00.780000,answer10,0.7915395,-19.009068,20.946772,0.08337143,-0.02714287,0.45795068,22.061003,21.771002,28.302544,-0.7148137,31.357086,0.013032861,1.7608398,-3.7553031,9.213809,27.360611,403.389,1273.7106,-9.04808,1789.047,752.5241,-37.77702,2655.7979,870.67206,-33.458477,0 days 00:01:31.893466800,0 days 00:01:31.913466800
0 days 00:00:00.770000,0 days 00:00:00.790000,answer10,0.68502575,-20.62859,25.554543,0.09038991,-0.023216644,0.4671397,25.266678,21.966349,24.043554,-0.007133166,30.995962,0.04869904,1.2439066,-3.871705,5.221106,25.686872,370.1597,1281.7041,-11.794857,1577.3483,990.87384,-35.019726,2476.7986,799.39264,-34.53151,0 days 00:01:31.903466800,0 days 00:01:31.923466800
0 days 00:00:00.780000,0 days 00:00:00.800000,answer10,0.5636704,-20.860392,27.93281,0.09888513,-0.014173006,0.51612973,25.568848,21.225779,18.055002,4.433993,31.231651,0.087722145,0.73574567,-2.034415,3.4838383,24.904417,346.7561,1304.8639,-8.281508,1419.101,1187.5723,-31.326307,2246.5945,756.65704,-33.185925,0 days 00:01:31.913466800,0 days 00:01:31.933466800
0 days 00:00:00.790000,0 days 00:00:00.810000,answer10,0.52624285,-21.454018,28.671747,0.11002973,-0.017652536,0.3506415,27.864367,21.060247,16.463154,4.2222705,31.398645,0.14709148,1.079765,0.9536187,3.5618613,25.420845,357.23276,1260.4884,-6.283386,1305.1688,1050.8402,-27.581245,2346.9932,586.7242,-31.704231,0 days 00:01:31.923466800,0 days 00:01:31.943466800
0 days 00:00:00.800000,0 days 00:00:00.820000,answer10,0.50891423,-22.442314,29.160559,0.10033226,-0.020324651,0.43398306,29.669876,20.575996,16.785471,6.796704,31.549719,0.17541684,1.722908,3.3437145,3.5906117,27.074717,376.5881,1268.3132,-5.2681127,1334.9967,1169.3082,-25.428442,2319.0261,658.4141,-32.34283,0 days 00:01:31.933466800,0 days 00:01:31.953466800
0 days 00:00:00.810000,0 days 00:00:00.830000,answer10,0.555628,-23.162262,29.901136,0.07956603,-0.02345332,0.48227763,34.444687,19.353584,17.329138,4.28824,31.671082,0.16566168,2.2797587,4.0200715,2.032897,28.199173,383.51685,1277.3627,-5.746773,1304.5544,1177.5465,-22.73678,2359.743,561.90656,-33.94595,0 days 00:01:31.943466800,0 days 00:01:31.963466800
0 days 00:00:00.820000,0 days 00:00:00.840000,answer10,0.6148576,-22.564505,29.710672,0.063929476,-0.020684198,0.4887887,38.325104,15.683442,16.146637,3.228739,31.61554,0.104700126,2.021854,3.9941928,-0.40940523,27.071054,384.3834,1277.9667,-6.7680435,1301.9349,1085.7826,-19.924002,2419.3118,518.4635,-33.8391,0 days 00:01:31.953466800,0 days 00:01:31.973466800
0 days 00:00:00.830000,0 days 00:00:00.850000,answer10,0.77965665,-18.777573,27.89892,0.05487376,-0.021604398,0.63567334,41.53143,7.685594,8.994798,-1.5433998,31.422302,0.04000465,1.5311135,5.021091,-1.5250818,23.54294,395.02524,1272.3804,-6.5320954,1315.7804,965.77435,-17.13146,2513.9355,478.2246,-30.5643,0 days 00:01:31.963466800,0 days 00:01:31.983466800
0 days 00:00:00.840000,0 days 00:00:00.860000,answer10,0.94792986,-15.556701,28.685186,0.055979807,-0.024272082,0.72648555,41.513897,1.2507168,3.2373226,-9.860056,31.241081,0.0251743,1.0589052,6.9183674,-1.1703888,19.815268,427.11255,1314.4169,-6.010479,1368.5153,1054.6207,-14.766208,2520.2515,1144.0487,-26.305082,0 days 00:01:31.973466800,0 days 00:01:31.993466800
0 days 00:00:00.850000,0 days 00:00:00.870000,answer10,1.1228296,-12.852192,27.877792,0.05893306,-0.023745209,0.770719,39.577396,-3.9355462,0.73680097,-16.463728,31.229605,0.028845564,0.95300794,8.49256,0.017364025,19.393663,469.3103,1555.0396,-5.486534,1409.6812,1292.9901,-14.12073,2609.1453,1303.6362,-24.862833,0 days 00:01:31.983466800,0 days 00:01:32.003466800
0 days 00:00:00.860000,0 days 00:00:00.880000,answer10,1.2275196,-11.426835,26.225538,0.073291376,-0.0200575,0.6036291,36.793926,-7.0265374,4.9265513,-16.005793,31.286386,0.026903793,0.90020466,9.190089,1.2437105,20.28998,623.0813,1635.0039,-6.5279975,1553.8252,1394.8246,-15.765906,2684.3323,1385.2308,-24.971205,0 days 00:01:31.993466800,0 days 00:01:32.013466800
0 days 00:00:00.870000,0 days 00:00:00.890000,answer10,1.2627641,-10.867785,24.07799,0.07611673,-0.015704257,0.42932546,35.778976,-8.524957,8.98385,-11.521751,31.345533,0.015045215,0.866255,9.529091,2.1021826,20.483698,615.23596,1694.8096,-6.689914,1560.8019,1424.3112,-17.222244,2600.2266,1512.0718,-24.468369,0 days 00:01:32.003466800,0 days 00:01:32.023466800
0 days 00:00:00.880000,0 days 00:00:00.900000,answer10,1.2632533,-10.638672,23.36965,0.07527752,-0.018775463,0.3827097,35.312664,-8.5649,9.086132,-7.741673,31.348852,0.0061295405,0.62192994,9.672875,2.4583745,21.811777,589.0881,1477.6401,-6.316651,1540.8458,1274.0244,-19.944191,2463.215,1562.6747,-25.066994,0 days 00:01:32.013466800,0 days 00:01:32.033466800
0 days 00:00:00.890000,0 days 00:00:00.910000,answer10,1.2098547,-11.516613,24.33584,0.06779649,-0.025878197,0.34988913,35.05148,-5.09051,7.3320427,-7.8628335,31.282808,0.007399323,0.4082173,8.836099,2.3467414,19.713308,442.2035,1456.9941,-5.1379585,1447.9113,1376.774,-22.683004,2163.2556,1830.1666,-22.504526,0 days 00:01:32.023466800,0 days 00:01:32.043466800
0 days 00:00:00.900000,0 days 00:00:00.920000,answer10,1.1843945,-12.772496,24.819143,0.07316963,-0.03445588,0.32324287,34.543755,-2.6067266,7.55615,-10.190279,31.159243,0.0055975188,0.21379794,6.6107235,1.6271988,17.878166,443.71426,1403.2202,-4.841169,1485.2578,1397.942,-22.830523,2103.8186,1613.9205,-21.092138,0 days 00:01:32.033466800,0 days 00:01:32.053466800
0 days 00:00:00.910000,0 days 00:00:00.930000,answer10,1.1443068,-13.9374695,25.2958,0.076734595,-0.03625236,0.30114812,33.83984,0.18890405,8.737266,-12.394302,31.040985,0.0045447764,0.22908665,4.160298,1.1842767,15.131408,442.7523,1399.1544,-5.3762703,1527.4723,1481.7223,-24.172974,2020.2848,1738.8636,-19.323402,0 days 00:01:32.043466800,0 days 00:01:32.063466800
0 days 00:00:00.920000,0 days 00:00:00.940000,answer10,1.0968078,-14.55981,24.817347,0.085496984,-0.035151318,0.38294935,33.16907,1.446426,12.14745,-8.829202,30.959023,0.0026535334,0.39350486,2.5097835,0.9687948,15.410726,432.82333,1360.4242,-6.0705695,1515.9434,1429.5096,-24.138962,2092.8418,1656.0078,-20.512499,0 days 00:01:32.053466800,0 days 00:01:32.073466800
0 days 00:00:00.930000,0 days 00:00:00.950000,answer10,0.9363654,-16.605042,25.956573,0.07836427,-0.030638084,0.5622268,31.200342,8.45564,9.435959,-2.6778972,30.93297,0.0019660888,0.58753633,2.1329827,1.2299061,16.245728,426.35098,1337.8756,-6.6251283,1488.5807,1450.8827,-27.080643,2122.091,1415.6631,-21.640951,0 days 00:01:32.063466800,0 days 00:01:32.083466800
0 days 00:00:00.940000,0 days 00:00:00.960000,answer10,0.78951055,-18.498335,28.115814,0.06676196,-0.023227016,0.631841,28.09379,14.490321,8.773312,5.532598,30.414785,0.012429244,0.6363148,2.9517014,8.065079,31.843542,908.4893,1520.4613,-18.098806,2010.3275,1236.003,-22.339872,2902.4543,1224.0463,-29.239029,0 days 00:01:32.073466800,0 days 00:01:32.093466800
0 days 00:00:00.950000,0 days 00:00:01,answer10,0.7307425,-17.09946,26.96406,0.060095947,-0.019486459,0.6296887,23.51333,16.223322,7.1538424,7.4301147,30.964745,0.01766082,0.660704,2.868234,3.0352619,32.071793,1153.8556,1726.815,-18.985756,2252.6257,1453.1788,-23.426428,3027.6106,1337.7015,-29.064926,0 days 00:01:32.083466800,0 days 00:01:32.133466800
